{"type":"FeatureCollection","features":[
{"type":"Feature","properties":{"entityId":"anglo-saxon-kingdoms","from":476,"to":493,"certainty":"estimated","source":"유럽 쪽은 Natural Earth 1:10m admin-1(v5.1.2) 현대 행정구역 조각을 그 시기 국경에 맞춰 묶고, 조각이 역사 경계와 다른 곳은 선을 그어 나눈 근사. 유럽 밖(시베리아·중앙아시아·극동)은 대략적인 추정. 운영자 검수 필요"},"geometry":{"type":"Polygon","coordinates":[[[-0.0231,51.4887],[-0.0236,51.4959],[-0.0376,51.4975],[-0.0488,51.5009],[-0.0669,51.5079],[-0.0672,51.508],[-0.0848,51.5116],[-0.0973,51.5097],[-0.1022,51.509],[-0.1079,51.5053],[-0.1122,51.5024],[-0.1277,51.4922],[-0.1279,51.4921],[-0.1355,51.4871],[-0.1429,51.4837],[-0.1567,51.4773],[-0.1712,51.4726],[-0.1793,51.47],[-0.1983,51.4674],[-0.21,51.4706],[-0.2127,51.4729],[-0.2261,51.4841],[-0.2365,51.4872],[-0.2367,51.4872],[-0.2471,51.4851],[-0.2597,51.4757],[-0.271,51.4736],[-0.3102,51.4726],[-0.3232,51.4647],[-0.316,51.4556],[-0.364,51.4507],[-0.375,51.444],[-0.3767,51.4403],[-0.3706,51.4369],[-0.3568,51.4367],[-0.3569,51.4342],[-0.3674,51.4299],[-0.3844,51.4137],[-0.4003,51.4249],[-0.4317,51.4302],[-0.4403,51.438],[-0.4414,51.4539],[-0.4737,51.4588],[-0.4972,51.4778],[-0.4845,51.4944],[-0.4714,51.55],[-0.4935,51.5909],[-0.4861,51.5977],[-0.4814,51.616],[-0.47,51.6174],[-0.4589,51.6108],[-0.432,51.6152],[-0.3998,51.6148],[-0.3739,51.6144],[-0.3209,51.6344],[-0.2936,51.6383],[-0.2542,51.6441],[-0.2453,51.6674],[-0.2384,51.6722],[-0.2289,51.6686],[-0.2175,51.6541],[-0.2006,51.6622],[-0.1734,51.6663],[-0.1654,51.6713],[-0.1584,51.6758],[-0.1481,51.6891],[-0.0113,51.6772],[0,51.7331],[0.0356,51.7683],[0.1083,51.7775],[0.158,51.7905],[0.1903,51.8166],[0.173,51.8252],[0.1736,51.8483],[0.1992,51.8658],[0.1899,51.8902],[0.1417,51.8839],[0.1108,51.9736],[0.0825,51.9833],[0.0805,52.0024],[0.0514,52.0433],[-0.0114,52.0516],[-0.0295,52.0399],[-0.1092,52.0194],[-0.1356,52.0435],[-0.1461,52.0697],[-0.132,52.1336],[-0.17,52.1297],[-0.2167,52.1327],[-0.207,52.1505],[-0.247,52.1605],[-0.2339,52.1727],[-0.2531,52.1919],[-0.292,52.2027],[-0.2934,52.2241],[-0.3317,52.2291],[-0.3553,52.2271],[-0.3684,52.2419],[-0.3711,52.2677],[-0.4189,52.278],[-0.4295,52.2974],[-0.4588,52.3088],[-0.5031,52.303],[-0.5253,52.2833],[-0.5253,52.2605],[-0.5412,52.2458],[-0.5586,52.248],[-0.5906,52.2661],[-0.6414,52.2591],[-0.6345,52.216],[-0.6545,52.1925],[-0.7289,52.1616],[-0.762,52.1624],[-0.7761,52.1469],[-0.8067,52.1522],[-0.8259,52.1274],[-0.8784,52.116],[-0.8517,52.0858],[-0.8278,52.0722],[-0.8275,52.0644],[-0.8559,52.0585],[-0.8565,52.0405],[-0.8674,52.0338],[-0.9014,52.0186],[-0.9406,52.0719],[-1.0233,52.0647],[-1.0367,52.0536],[-1.0967,52.0438],[-1.1418,52.0177],[-1.1082,52.0092],[-1.1384,51.9897],[-1.1837,51.9783],[-1.265,51.9797],[-1.2967,52.0388],[-1.2939,52.0713],[-1.3067,52.0774],[-1.2372,52.096],[-1.3212,52.1615],[-1.3031,52.1811],[-1.2487,52.1952],[-1.2659,52.2277],[-1.2081,52.2499],[-1.2242,52.2824],[-1.2026,52.3013],[-1.2417,52.311],[-1.2334,52.3275],[-1.1653,52.348],[-1.1866,52.3813],[-1.2117,52.4158],[-1.2411,52.4261],[-1.2934,52.4794],[-1.3959,52.5125],[-1.4172,52.5352],[-1.495,52.5563],[-1.5458,52.5808],[-1.5423,52.6008],[-1.5589,52.6216],[-1.5339,52.6416],[-1.58,52.6769],[-1.5831,52.685],[-1.535,52.7061],[-1.5434,52.7336],[-1.5328,52.7497],[-1.4747,52.7486],[-1.4272,52.7838],[-1.3953,52.79],[-1.3706,52.8313],[-1.3014,52.8625],[-1.2628,52.8616],[-1.2326,52.8807],[-1.2711,52.8988],[-1.2839,52.9858],[-1.3214,53.013],[-1.3297,53.0502],[-1.292,53.0838],[-1.3128,53.131],[-1.2764,53.1541],[-1.2439,53.1516],[-1.1909,53.1677],[-1.1959,53.2325],[-1.1603,53.2622],[-1.176,53.2929],[-1.1661,53.3063],[-1.135,53.3258],[-1.1447,53.3377],[-1.1211,53.3455],[-1.1139,53.3561],[-1.1181,53.3786],[-1.0664,53.413],[-1.0131,53.4083],[-0.9775,53.4344],[-0.9698,53.463],[-0.9194,53.4874],[-0.9433,53.518],[-0.9148,53.533],[-0.872,53.5308],[-0.8728,53.5458],[-0.9045,53.5716],[-0.8609,53.5816],[-0.8607,53.6124],[-0.8441,53.6138],[-0.767,53.6581],[-0.6993,53.6913],[-0.7002,53.6916],[-0.7002,53.7098],[-0.6738,53.7191],[-0.6474,53.7284],[-0.637,53.732],[-0.621,53.7309],[-0.5946,53.7291],[-0.5792,53.728],[-0.5683,53.7222],[-0.5683,53.6953],[-0.5419,53.6832],[-0.5419,53.7096],[-0.5156,53.711],[-0.4892,53.7123],[-0.4628,53.7136],[-0.4497,53.7143],[-0.4364,53.7143],[-0.4364,53.7],[-0.4101,53.7029],[-0.3838,53.7058],[-0.3574,53.7088],[-0.331,53.7117],[-0.3072,53.7143],[-0.3047,53.7137],[-0.2995,53.7123],[-0.2783,53.7123],[-0.2519,53.7123],[-0.2519,53.685],[-0.2278,53.685],[-0.2255,53.685],[-0.1992,53.685],[-0.1992,53.669],[-0.1992,53.6576],[-0.1992,53.6383],[-0.1728,53.6383],[-0.1549,53.6383],[-0.1465,53.6383],[-0.1201,53.6383],[-0.1201,53.6076],[-0.0938,53.6076],[-0.0938,53.586],[-0.0674,53.586],[-0.041,53.586],[-0.0146,53.586],[0.0117,53.586],[0.0117,53.6045],[0.0345,53.6045],[0.0555,53.5656],[0.0765,53.5268],[0.0974,53.488],[0.1519,53.4758],[0.1758,53.4377],[0.2195,53.4195],[0.2449,53.3909],[0.3421,53.2263],[0.3562,53.1885],[0.3566,53.1457],[0.3405,53.1101],[0.355,53.09],[0.4093,53.0146],[0.4094,53.0146],[0.4365,52.977],[0.4637,52.9393],[0.47,52.9305],[0.4822,52.9285],[0.4857,52.9335],[0.5203,52.9553],[0.5696,52.9693],[0.6714,52.9744],[0.6719,52.9744],[0.6847,52.9864],[0.7482,52.9748],[0.7581,52.9744],[0.8357,52.9744],[0.9054,52.9603],[0.9487,52.9541],[1.0011,52.9566],[1.0139,52.9602],[0.9661,52.9744],[1.2747,52.9292],[1.396,52.8914],[1.6442,52.7758],[1.697,52.731],[1.7472,52.6252],[1.7476,52.5328],[1.7712,52.4859],[1.7544,52.4674],[1.7293,52.4156],[1.7279,52.3963],[1.6836,52.3245],[1.6611,52.3016],[1.6472,52.2784],[1.6308,52.2195],[1.6309,52.1998],[1.5823,52.0815],[1.5339,52.0704],[1.4132,51.9937],[1.4117,51.9931],[1.3323,51.9401],[1.3119,51.9564],[1.271,51.9331],[1.2785,51.9279],[1.2599,51.9161],[1.2728,51.9021],[1.2747,51.8722],[1.2866,51.8817],[1.2764,51.8448],[1.2764,51.8444],[1.2722,51.8424],[1.2192,51.8118],[1.1354,51.7817],[1.0733,51.776],[1.2123,51.5964],[1.2184,51.5885],[1.2492,51.5487],[1.3727,51.3891],[1.4238,51.3921],[1.4483,51.3829],[1.4391,51.3501],[1.4187,51.3298],[1.4492,51.2904],[1.449,51.2903],[1.4492,51.29],[1.4107,51.2676],[1.4077,51.246],[1.4131,51.2217],[1.4048,51.1835],[1.3845,51.1517],[1.3572,51.131],[1.2904,51.1165],[1.263,51.1033],[1.2181,51.101],[1.1722,51.0774],[1.133,51.0768],[1.046,51.0476],[0.9776,50.9712],[0.9718,50.9568],[0.9798,50.9182],[0.9452,50.9094],[0.8698,50.9251],[0.8666,50.9438],[0.8211,50.9441],[0.7867,50.9883],[0.7633,50.9971],[0.6958,50.9955],[0.6581,51.0138],[0.5697,50.9999],[0.5369,51.0183],[0.4797,51.0302],[0.4747,51.0477],[0.4166,51.0652],[0.3314,51.1199],[0.2669,51.1102],[0.2214,51.1219],[0.1405,51.1116],[0.1543,51.1393],[0.1325,51.1441],[0.0627,51.1358],[0.0603,51.1816],[0.0444,51.2099],[0.0639,51.2422],[0.0544,51.2899],[0.0483,51.295],[0.0225,51.2897],[0.0163,51.3185],[0.0131,51.3207],[-0.0188,51.3698],[-0.0358,51.3836],[-0.057,51.393],[-0.0764,51.4143],[-0.0763,51.4155],[-0.0763,51.4159],[-0.0762,51.416],[-0.0761,51.4162],[-0.0756,51.4168],[-0.0755,51.417],[-0.0755,51.4173],[-0.0754,51.4181],[-0.0753,51.4186],[-0.0752,51.4187],[-0.075,51.4189],[-0.0746,51.4192],[-0.0738,51.4194],[-0.0731,51.4197],[-0.0719,51.4203],[-0.0716,51.4204],[-0.0713,51.4205],[-0.071,51.4205],[-0.0699,51.4206],[-0.0695,51.4207],[-0.0685,51.4209],[-0.0681,51.421],[-0.0674,51.421],[-0.0667,51.421],[-0.0666,51.4227],[-0.0661,51.4239],[-0.0657,51.4246],[-0.0577,51.4312],[-0.0554,51.4374],[-0.0537,51.4402],[-0.0519,51.4415],[-0.0414,51.4432],[-0.0393,51.4442],[-0.0377,51.4455],[-0.0344,51.4513],[-0.0344,51.4522],[-0.0346,51.4528],[-0.0351,51.4536],[-0.0411,51.4583],[-0.0428,51.4608],[-0.0441,51.4649],[-0.0443,51.4708],[-0.0482,51.4787],[-0.0481,51.4803],[-0.0478,51.481],[-0.0474,51.4817],[-0.0468,51.4822],[-0.0388,51.4859],[-0.0326,51.4867],[-0.0317,51.487],[-0.0292,51.4892],[-0.0283,51.4896],[-0.0272,51.4896],[-0.0231,51.4887]]]}},
{"type":"Feature","properties":{"entityId":"anglo-saxon-kingdoms","from":493,"to":547,"certainty":"estimated","source":"유럽 쪽은 Natural Earth 1:10m admin-1(v5.1.2) 현대 행정구역 조각을 그 시기 국경에 맞춰 묶고, 조각이 역사 경계와 다른 곳은 선을 그어 나눈 근사. 유럽 밖(시베리아·중앙아시아·극동)은 대략적인 추정. 운영자 검수 필요"},"geometry":{"type":"Polygon","coordinates":[[[0.8698,50.9251],[0.8446,50.9304],[0.8331,50.9308],[0.5492,50.7653],[0.5488,50.7653],[0.2929,50.7672],[0.271,50.7474],[0.2141,50.7489],[0.1683,50.7598],[0.1221,50.7608],[0.1076,50.7686],[0.0573,50.769],[0.0322,50.7692],[0.007,50.7694],[-0.0181,50.7696],[-0.0433,50.7698],[-0.0936,50.7702],[-0.1439,50.7705],[-0.169,50.7707],[-0.1942,50.7709],[-0.2193,50.7711],[-0.2445,50.7713],[-0.2949,50.7717],[-0.6974,50.7748],[-0.7327,50.7673],[-0.7415,50.7707],[-0.7724,50.7665],[-0.7731,50.766],[-0.771,50.7369],[-0.8128,50.7348],[-0.8768,50.7608],[-0.9138,50.7548],[-0.9138,50.7956],[-0.9505,50.7956],[-0.9507,50.7958],[-0.9507,50.8135],[-0.9478,50.8178],[-0.9503,50.8238],[-0.9507,50.824],[-0.9507,50.8423],[-0.9298,50.84],[-0.9233,50.8652],[-0.9525,50.8919],[-0.9217,50.9205],[-0.9308,50.9438],[-0.8626,51.0436],[-0.8286,51.0636],[-0.7881,51.0605],[-0.7537,51.0887],[-0.747,51.1113],[-0.78,51.1235],[-0.7909,51.1469],[-0.8236,51.1516],[-0.8245,51.1827],[-0.84,51.2039],[-0.8292,51.226],[-0.7995,51.2391],[-0.7484,51.2316],[-0.7311,51.2438],[-0.7297,51.2916],[-0.7653,51.3313],[-0.7209,51.3638],[-0.6987,51.3669],[-0.6581,51.3822],[-0.6197,51.3877],[-0.5989,51.4036],[-0.5903,51.4263],[-0.5757,51.4456],[-0.5316,51.4337],[-0.5184,51.4394],[-0.5212,51.4502],[-0.5128,51.4758],[-0.4972,51.4778],[-0.4845,51.4944],[-0.4714,51.55],[-0.4935,51.5909],[-0.4861,51.5977],[-0.4814,51.616],[-0.47,51.6174],[-0.4589,51.6108],[-0.432,51.6152],[-0.3998,51.6148],[-0.3739,51.6144],[-0.3209,51.6344],[-0.2936,51.6383],[-0.2542,51.6441],[-0.2453,51.6674],[-0.2384,51.6722],[-0.2289,51.6686],[-0.2175,51.6541],[-0.2006,51.6622],[-0.1734,51.6663],[-0.1654,51.6713],[-0.1584,51.6758],[-0.1481,51.6891],[-0.0113,51.6772],[0,51.7331],[0.0356,51.7683],[0.1083,51.7775],[0.158,51.7905],[0.1903,51.8166],[0.173,51.8252],[0.1736,51.8483],[0.1992,51.8658],[0.1899,51.8902],[0.1417,51.8839],[0.1108,51.9736],[0.0825,51.9833],[0.0805,52.0024],[0.0514,52.0433],[-0.0114,52.0516],[-0.0295,52.0399],[-0.1092,52.0194],[-0.1356,52.0435],[-0.1461,52.0697],[-0.132,52.1336],[-0.17,52.1297],[-0.2167,52.1327],[-0.207,52.1505],[-0.247,52.1605],[-0.2339,52.1727],[-0.2531,52.1919],[-0.292,52.2027],[-0.2934,52.2241],[-0.3317,52.2291],[-0.3553,52.2271],[-0.3684,52.2419],[-0.3711,52.2677],[-0.4189,52.278],[-0.4295,52.2974],[-0.4588,52.3088],[-0.5031,52.303],[-0.5253,52.2833],[-0.5253,52.2605],[-0.5412,52.2458],[-0.5586,52.248],[-0.5906,52.2661],[-0.6414,52.2591],[-0.6345,52.216],[-0.6545,52.1925],[-0.7289,52.1616],[-0.762,52.1624],[-0.7761,52.1469],[-0.8067,52.1522],[-0.8259,52.1274],[-0.8784,52.116],[-0.8517,52.0858],[-0.8278,52.0722],[-0.8275,52.0644],[-0.8559,52.0585],[-0.8565,52.0405],[-0.8674,52.0338],[-0.9014,52.0186],[-0.9406,52.0719],[-1.0233,52.0647],[-1.0367,52.0536],[-1.0967,52.0438],[-1.1418,52.0177],[-1.1082,52.0092],[-1.1384,51.9897],[-1.1837,51.9783],[-1.265,51.9797],[-1.2967,52.0388],[-1.2939,52.0713],[-1.3067,52.0774],[-1.2372,52.096],[-1.3212,52.1615],[-1.3031,52.1811],[-1.2487,52.1952],[-1.2659,52.2277],[-1.2081,52.2499],[-1.2242,52.2824],[-1.2026,52.3013],[-1.2417,52.311],[-1.2334,52.3275],[-1.1653,52.348],[-1.1866,52.3813],[-1.2117,52.4158],[-1.2411,52.4261],[-1.2934,52.4794],[-1.3959,52.5125],[-1.4172,52.5352],[-1.495,52.5563],[-1.5458,52.5808],[-1.5423,52.6008],[-1.5589,52.6216],[-1.5339,52.6416],[-1.58,52.6769],[-1.5831,52.685],[-1.535,52.7061],[-1.5434,52.7336],[-1.5328,52.7497],[-1.4747,52.7486],[-1.4272,52.7838],[-1.3953,52.79],[-1.3706,52.8313],[-1.3014,52.8625],[-1.2628,52.8616],[-1.2326,52.8807],[-1.2711,52.8988],[-1.2839,52.9858],[-1.3214,53.013],[-1.3297,53.0502],[-1.292,53.0838],[-1.3128,53.131],[-1.2764,53.1541],[-1.2439,53.1516],[-1.1909,53.1677],[-1.1959,53.2325],[-1.1603,53.2622],[-1.176,53.2929],[-1.1661,53.3063],[-1.135,53.3258],[-1.1447,53.3377],[-1.1211,53.3455],[-1.1139,53.3561],[-1.1181,53.3786],[-1.0664,53.413],[-1.0131,53.4083],[-0.9775,53.4344],[-0.9698,53.463],[-0.9194,53.4874],[-0.9433,53.518],[-0.9148,53.533],[-0.872,53.5308],[-0.8728,53.5458],[-0.9045,53.5716],[-0.8609,53.5816],[-0.8607,53.6124],[-0.8441,53.6138],[-0.767,53.6581],[-0.6993,53.6913],[-0.7002,53.6916],[-0.7002,53.7098],[-0.6738,53.7191],[-0.6474,53.7284],[-0.637,53.732],[-0.621,53.7309],[-0.5946,53.7291],[-0.5792,53.728],[-0.5683,53.7222],[-0.5683,53.6953],[-0.5419,53.6832],[-0.5419,53.7096],[-0.5156,53.711],[-0.4892,53.7123],[-0.4628,53.7136],[-0.4497,53.7143],[-0.4364,53.7143],[-0.4364,53.7],[-0.4101,53.7029],[-0.3838,53.7058],[-0.3574,53.7088],[-0.331,53.7117],[-0.3072,53.7143],[-0.3047,53.7137],[-0.2995,53.7123],[-0.2783,53.7123],[-0.2519,53.7123],[-0.2519,53.685],[-0.2278,53.685],[-0.2255,53.685],[-0.1992,53.685],[-0.1992,53.669],[-0.1992,53.6576],[-0.1992,53.6383],[-0.1728,53.6383],[-0.1549,53.6383],[-0.1465,53.6383],[-0.1201,53.6383],[-0.1201,53.6076],[-0.0938,53.6076],[-0.0938,53.586],[-0.0674,53.586],[-0.041,53.586],[-0.0146,53.586],[0.0117,53.586],[0.0117,53.6045],[0.0345,53.6045],[0.0555,53.5656],[0.0765,53.5268],[0.0974,53.488],[0.1519,53.4758],[0.1758,53.4377],[0.2195,53.4195],[0.2449,53.3909],[0.3421,53.2263],[0.3562,53.1885],[0.3566,53.1457],[0.3405,53.1101],[0.355,53.09],[0.4093,53.0146],[0.4094,53.0146],[0.4365,52.977],[0.4637,52.9393],[0.47,52.9305],[0.4822,52.9285],[0.4857,52.9335],[0.5203,52.9553],[0.5696,52.9693],[0.6714,52.9744],[0.6719,52.9744],[0.6847,52.9864],[0.7482,52.9748],[0.7581,52.9744],[0.8357,52.9744],[0.9054,52.9603],[0.9487,52.9541],[1.0011,52.9566],[1.0139,52.9602],[0.9661,52.9744],[1.2747,52.9292],[1.396,52.8914],[1.6442,52.7758],[1.697,52.731],[1.7472,52.6252],[1.7476,52.5328],[1.7712,52.4859],[1.7544,52.4674],[1.7293,52.4156],[1.7279,52.3963],[1.6836,52.3245],[1.6611,52.3016],[1.6472,52.2784],[1.6308,52.2195],[1.6309,52.1998],[1.5823,52.0815],[1.5339,52.0704],[1.4132,51.9937],[1.4117,51.9931],[1.3323,51.9401],[1.3119,51.9564],[1.271,51.9331],[1.2785,51.9279],[1.2599,51.9161],[1.2728,51.9021],[1.2747,51.8722],[1.2866,51.8817],[1.2764,51.8448],[1.2764,51.8444],[1.2722,51.8424],[1.2192,51.8118],[1.1354,51.7817],[1.0733,51.776],[1.2123,51.5964],[1.2184,51.5885],[1.2492,51.5487],[1.3727,51.3891],[1.4238,51.3921],[1.4483,51.3829],[1.4391,51.3501],[1.4187,51.3298],[1.4492,51.2904],[1.449,51.2903],[1.4492,51.29],[1.4107,51.2676],[1.4077,51.246],[1.4131,51.2217],[1.4048,51.1835],[1.3845,51.1517],[1.3572,51.131],[1.2904,51.1165],[1.263,51.1033],[1.2181,51.101],[1.1722,51.0774],[1.133,51.0768],[1.046,51.0476],[0.9776,50.9712],[0.9718,50.9568],[0.9798,50.9182],[0.9452,50.9094],[0.8698,50.9251]]]}},
{"type":"Feature","properties":{"entityId":"anglo-saxon-kingdoms","from":547,"to":560,"certainty":"estimated","source":"유럽 쪽은 Natural Earth 1:10m admin-1(v5.1.2) 현대 행정구역 조각을 그 시기 국경에 맞춰 묶고, 조각이 역사 경계와 다른 곳은 선을 그어 나눈 근사. 유럽 밖(시베리아·중앙아시아·극동)은 대략적인 추정. 운영자 검수 필요"},"geometry":{"type":"MultiPolygon","coordinates":[[[[0.8698,50.9251],[0.8446,50.9304],[0.8331,50.9308],[0.5492,50.7653],[0.5488,50.7653],[0.2929,50.7672],[0.271,50.7474],[0.2141,50.7489],[0.1683,50.7598],[0.1221,50.7608],[0.1076,50.7686],[0.0573,50.769],[0.0322,50.7692],[0.007,50.7694],[-0.0181,50.7696],[-0.0433,50.7698],[-0.0936,50.7702],[-0.1439,50.7705],[-0.169,50.7707],[-0.1942,50.7709],[-0.2193,50.7711],[-0.2445,50.7713],[-0.2949,50.7717],[-0.6974,50.7748],[-0.7327,50.7673],[-0.7415,50.7707],[-0.7724,50.7665],[-0.7731,50.766],[-0.771,50.7369],[-0.8128,50.7348],[-0.8768,50.7608],[-0.9138,50.7548],[-0.9138,50.7956],[-0.9505,50.7956],[-0.9507,50.7958],[-0.9507,50.8135],[-0.9478,50.8178],[-0.9503,50.8238],[-0.9507,50.824],[-0.9507,50.8423],[-0.9298,50.84],[-0.9233,50.8652],[-0.9525,50.8919],[-0.9217,50.9205],[-0.9308,50.9438],[-0.8626,51.0436],[-0.8286,51.0636],[-0.7881,51.0605],[-0.7537,51.0887],[-0.747,51.1113],[-0.78,51.1235],[-0.7909,51.1469],[-0.8236,51.1516],[-0.8245,51.1827],[-0.84,51.2039],[-0.8292,51.226],[-0.7995,51.2391],[-0.7484,51.2316],[-0.7311,51.2438],[-0.7297,51.2916],[-0.7653,51.3313],[-0.7209,51.3638],[-0.6987,51.3669],[-0.6581,51.3822],[-0.6197,51.3877],[-0.5989,51.4036],[-0.5903,51.4263],[-0.5757,51.4456],[-0.5316,51.4337],[-0.5184,51.4394],[-0.5212,51.4502],[-0.5128,51.4758],[-0.4972,51.4778],[-0.4845,51.4944],[-0.4714,51.55],[-0.4935,51.5909],[-0.4861,51.5977],[-0.4814,51.616],[-0.47,51.6174],[-0.4589,51.6108],[-0.432,51.6152],[-0.3998,51.6148],[-0.3739,51.6144],[-0.3209,51.6344],[-0.2936,51.6383],[-0.2542,51.6441],[-0.2453,51.6674],[-0.2384,51.6722],[-0.2289,51.6686],[-0.2175,51.6541],[-0.2006,51.6622],[-0.1734,51.6663],[-0.1654,51.6713],[-0.1584,51.6758],[-0.1481,51.6891],[-0.0113,51.6772],[0,51.7331],[0.0356,51.7683],[0.1083,51.7775],[0.158,51.7905],[0.1903,51.8166],[0.173,51.8252],[0.1736,51.8483],[0.1992,51.8658],[0.1899,51.8902],[0.1417,51.8839],[0.1108,51.9736],[0.0825,51.9833],[0.0805,52.0024],[0.0514,52.0433],[-0.0114,52.0516],[-0.0295,52.0399],[-0.1092,52.0194],[-0.1356,52.0435],[-0.1461,52.0697],[-0.132,52.1336],[-0.17,52.1297],[-0.2167,52.1327],[-0.207,52.1505],[-0.247,52.1605],[-0.2339,52.1727],[-0.2531,52.1919],[-0.292,52.2027],[-0.2934,52.2241],[-0.3317,52.2291],[-0.3553,52.2271],[-0.3684,52.2419],[-0.3711,52.2677],[-0.4189,52.278],[-0.4295,52.2974],[-0.4588,52.3088],[-0.5031,52.303],[-0.5253,52.2833],[-0.5253,52.2605],[-0.5412,52.2458],[-0.5586,52.248],[-0.5906,52.2661],[-0.6414,52.2591],[-0.6345,52.216],[-0.6545,52.1925],[-0.7289,52.1616],[-0.762,52.1624],[-0.7761,52.1469],[-0.8067,52.1522],[-0.8259,52.1274],[-0.8784,52.116],[-0.8517,52.0858],[-0.8278,52.0722],[-0.8275,52.0644],[-0.8559,52.0585],[-0.8565,52.0405],[-0.8674,52.0338],[-0.9014,52.0186],[-0.9406,52.0719],[-1.0233,52.0647],[-1.0367,52.0536],[-1.0967,52.0438],[-1.1418,52.0177],[-1.1082,52.0092],[-1.1384,51.9897],[-1.1837,51.9783],[-1.265,51.9797],[-1.2967,52.0388],[-1.2939,52.0713],[-1.3067,52.0774],[-1.2372,52.096],[-1.3212,52.1615],[-1.3031,52.1811],[-1.2487,52.1952],[-1.2659,52.2277],[-1.2081,52.2499],[-1.2242,52.2824],[-1.2026,52.3013],[-1.2417,52.311],[-1.2334,52.3275],[-1.1653,52.348],[-1.1866,52.3813],[-1.2117,52.4158],[-1.2411,52.4261],[-1.2934,52.4794],[-1.3959,52.5125],[-1.4172,52.5352],[-1.495,52.5563],[-1.5458,52.5808],[-1.5423,52.6008],[-1.5589,52.6216],[-1.5339,52.6416],[-1.58,52.6769],[-1.5831,52.685],[-1.535,52.7061],[-1.5434,52.7336],[-1.5328,52.7497],[-1.4747,52.7486],[-1.4272,52.7838],[-1.3953,52.79],[-1.3706,52.8313],[-1.3014,52.8625],[-1.2628,52.8616],[-1.2326,52.8807],[-1.2711,52.8988],[-1.2839,52.9858],[-1.3214,53.013],[-1.3297,53.0502],[-1.292,53.0838],[-1.3128,53.131],[-1.2764,53.1541],[-1.2439,53.1516],[-1.1909,53.1677],[-1.1959,53.2325],[-1.1603,53.2622],[-1.176,53.2929],[-1.1661,53.3063],[-1.135,53.3258],[-1.1447,53.3377],[-1.1211,53.3455],[-1.1139,53.3561],[-1.1181,53.3786],[-1.0664,53.413],[-1.0131,53.4083],[-0.9775,53.4344],[-0.9698,53.463],[-0.9194,53.4874],[-0.9433,53.518],[-0.9148,53.533],[-0.872,53.5308],[-0.8728,53.5458],[-0.9045,53.5716],[-0.8609,53.5816],[-0.8607,53.6124],[-0.8441,53.6138],[-0.767,53.6581],[-0.6993,53.6913],[-0.7002,53.6916],[-0.7002,53.7098],[-0.6738,53.7191],[-0.6474,53.7284],[-0.637,53.732],[-0.621,53.7309],[-0.5946,53.7291],[-0.5792,53.728],[-0.5683,53.7222],[-0.5683,53.6953],[-0.5419,53.6832],[-0.5419,53.7096],[-0.5156,53.711],[-0.4892,53.7123],[-0.4628,53.7136],[-0.4497,53.7143],[-0.4364,53.7143],[-0.4364,53.7],[-0.4101,53.7029],[-0.3838,53.7058],[-0.3574,53.7088],[-0.331,53.7117],[-0.3072,53.7143],[-0.3047,53.7137],[-0.2995,53.7123],[-0.2783,53.7123],[-0.2519,53.7123],[-0.2519,53.685],[-0.2278,53.685],[-0.2255,53.685],[-0.1992,53.685],[-0.1992,53.669],[-0.1992,53.6576],[-0.1992,53.6383],[-0.1728,53.6383],[-0.1549,53.6383],[-0.1465,53.6383],[-0.1201,53.6383],[-0.1201,53.6076],[-0.0938,53.6076],[-0.0938,53.586],[-0.0674,53.586],[-0.041,53.586],[-0.0146,53.586],[0.0117,53.586],[0.0117,53.6045],[0.0345,53.6045],[0.0555,53.5656],[0.0765,53.5268],[0.0974,53.488],[0.1519,53.4758],[0.1758,53.4377],[0.2195,53.4195],[0.2449,53.3909],[0.3421,53.2263],[0.3562,53.1885],[0.3566,53.1457],[0.3405,53.1101],[0.355,53.09],[0.4093,53.0146],[0.4094,53.0146],[0.4365,52.977],[0.4637,52.9393],[0.47,52.9305],[0.4822,52.9285],[0.4857,52.9335],[0.5203,52.9553],[0.5696,52.9693],[0.6714,52.9744],[0.6719,52.9744],[0.6847,52.9864],[0.7482,52.9748],[0.7581,52.9744],[0.8357,52.9744],[0.9054,52.9603],[0.9487,52.9541],[1.0011,52.9566],[1.0139,52.9602],[0.9661,52.9744],[1.2747,52.9292],[1.396,52.8914],[1.6442,52.7758],[1.697,52.731],[1.7472,52.6252],[1.7476,52.5328],[1.7712,52.4859],[1.7544,52.4674],[1.7293,52.4156],[1.7279,52.3963],[1.6836,52.3245],[1.6611,52.3016],[1.6472,52.2784],[1.6308,52.2195],[1.6309,52.1998],[1.5823,52.0815],[1.5339,52.0704],[1.4132,51.9937],[1.4117,51.9931],[1.3323,51.9401],[1.3119,51.9564],[1.271,51.9331],[1.2785,51.9279],[1.2599,51.9161],[1.2728,51.9021],[1.2747,51.8722],[1.2866,51.8817],[1.2764,51.8448],[1.2764,51.8444],[1.2722,51.8424],[1.2192,51.8118],[1.1354,51.7817],[1.0733,51.776],[1.2123,51.5964],[1.2184,51.5885],[1.2492,51.5487],[1.3727,51.3891],[1.4238,51.3921],[1.4483,51.3829],[1.4391,51.3501],[1.4187,51.3298],[1.4492,51.2904],[1.449,51.2903],[1.4492,51.29],[1.4107,51.2676],[1.4077,51.246],[1.4131,51.2217],[1.4048,51.1835],[1.3845,51.1517],[1.3572,51.131],[1.2904,51.1165],[1.263,51.1033],[1.2181,51.101],[1.1722,51.0774],[1.133,51.0768],[1.046,51.0476],[0.9776,50.9712],[0.9718,50.9568],[0.9798,50.9182],[0.9452,50.9094],[0.8698,50.9251]]],[[[-1.432,54.4811],[-1.4361,54.4905],[-1.447,54.4977],[-1.467,54.4941],[-1.4667,54.4827],[-1.4461,54.451],[-1.4603,54.4416],[-1.4723,54.448],[-1.4845,54.471],[-1.495,54.4788],[-1.5256,54.4808],[-1.5203,54.4666],[-1.5325,54.4652],[-1.5778,54.4896],[-1.5909,54.5086],[-1.6003,54.5124],[-1.63,54.5083],[-1.6423,54.5233],[-1.6622,54.5308],[-1.6818,54.5311],[-1.7248,54.5249],[-1.767,54.5286],[-1.7872,54.4816],[-1.8245,54.5027],[-1.8509,54.4805],[-1.9306,54.4547],[-1.9562,54.4544],[-2.0456,54.4797],[-2.0998,54.468],[-2.1389,54.4496],[-2.1552,54.4556],[-2.1631,54.528],[-2.1917,54.5313],[-2.2095,54.5522],[-2.2853,54.588],[-2.3056,54.6277],[-2.2792,54.6502],[-2.2909,54.6658],[-2.3539,54.6908],[-2.3272,54.7274],[-2.305,54.7832],[-2.362,54.8108],[-2.4,54.8472],[-2.5,54.8052],[-2.5336,54.808],[-2.5636,54.8236],[-2.5664,54.8583],[-2.5936,54.8827],[-2.5703,54.893],[-2.5417,54.923],[-2.565,54.9577],[-2.592,54.9666],[-2.5678,54.9861],[-2.56,55.0119],[-2.482,55.0391],[-2.4948,55.058],[-2.4853,55.0794],[-2.5053,55.0869],[-2.5473,55.0799],[-2.5875,55.103],[-2.5978,55.1236],[-2.6409,55.1321],[-2.685,55.1908],[-2.6313,55.2234],[-2.6258,55.2625],[-2.5515,55.3144],[-2.4628,55.3604],[-2.4267,55.366],[-2.3793,55.3555],[-2.3595,55.3625],[-2.3252,55.3981],[-2.2722,55.4189],[-2.2114,55.4333],[-2.1829,55.4624],[-2.2127,55.4903],[-2.217,55.5089],[-2.2567,55.5495],[-2.2787,55.5891],[-2.3273,55.6251],[-2.3066,55.6451],[-2.2428,55.6499],[-2.1629,55.7228],[-2.092,55.7572],[-2.0785,55.7904],[-2.0229,55.8055],[-2.0262,55.8092],[-2.0102,55.8092],[-1.9995,55.795],[-1.9929,55.7902],[-1.9595,55.7661],[-1.8304,55.6727],[-1.7751,55.6432],[-1.7686,55.6419],[-1.7646,55.6376],[-1.7296,55.6189],[-1.7183,55.6116],[-1.6991,55.613],[-1.6308,55.5851],[-1.6347,55.5644],[-1.6172,55.5503],[-1.6308,55.5373],[-1.6029,55.5236],[-1.6113,55.508],[-1.5849,55.4837],[-1.5817,55.4215],[-1.5208,55.2596],[-1.4974,55.2037],[-1.4519,55.0948],[-1.4406,55.0676],[-1.4301,55.0425],[-1.4285,55.0404],[-1.4079,55.0132],[-1.3873,54.986],[-1.3702,54.9755],[-1.3627,54.9648],[-1.3635,54.9545],[-1.3311,54.9116],[-1.3272,54.9065],[-1.2987,54.8688],[-1.2339,54.7831],[-1.2337,54.7829],[-1.2014,54.7402],[-1.1691,54.6975],[-1.1647,54.6917],[-1.1367,54.6547],[-1.1327,54.6494],[-1.1279,54.648],[-0.8917,54.5796],[-0.7879,54.5608],[-0.7788,54.5574],[-0.7884,54.5472],[-0.8147,54.5405],[-0.8295,54.53],[-0.8378,54.5158],[-0.8383,54.4872],[-0.8808,54.4958],[-0.9325,54.4866],[-0.9553,54.4974],[-0.9761,54.4999],[-1.0292,54.4924],[-1.0745,54.5049],[-1.1142,54.498],[-1.1795,54.5038],[-1.2017,54.5058],[-1.235,54.4997],[-1.2483,54.4874],[-1.2508,54.4866],[-1.3267,54.4622],[-1.3333,54.4675],[-1.362,54.4675],[-1.3697,54.4888],[-1.3821,54.4935],[-1.3881,54.4888],[-1.4084,54.4924],[-1.4167,54.4777],[-1.432,54.4811]]]]}},
{"type":"Feature","properties":{"entityId":"anglo-saxon-kingdoms","from":560,"to":585,"certainty":"estimated","source":"유럽 쪽은 Natural Earth 1:10m admin-1(v5.1.2) 현대 행정구역 조각을 그 시기 국경에 맞춰 묶고, 조각이 역사 경계와 다른 곳은 선을 그어 나눈 근사. 유럽 밖(시베리아·중앙아시아·극동)은 대략적인 추정. 운영자 검수 필요"},"geometry":{"type":"Polygon","coordinates":[[[0.8698,50.9251],[0.8446,50.9304],[0.8331,50.9308],[0.5492,50.7653],[0.5488,50.7653],[0.2929,50.7672],[0.271,50.7474],[0.2141,50.7489],[0.1683,50.7598],[0.1221,50.7608],[0.1076,50.7686],[0.0573,50.769],[0.0322,50.7692],[0.007,50.7694],[-0.0181,50.7696],[-0.0433,50.7698],[-0.0936,50.7702],[-0.1439,50.7705],[-0.169,50.7707],[-0.1942,50.7709],[-0.2193,50.7711],[-0.2445,50.7713],[-0.2949,50.7717],[-0.6974,50.7748],[-0.7327,50.7673],[-0.7415,50.7707],[-0.7724,50.7665],[-0.7731,50.766],[-0.771,50.7369],[-0.8128,50.7348],[-0.8768,50.7608],[-0.9138,50.7548],[-0.9138,50.7956],[-0.9505,50.7956],[-0.9507,50.7958],[-0.9507,50.8135],[-0.9478,50.8178],[-0.9503,50.8238],[-0.9507,50.824],[-0.9507,50.8423],[-0.9298,50.84],[-0.9233,50.8652],[-0.9525,50.8919],[-0.9217,50.9205],[-0.9308,50.9438],[-0.8626,51.0436],[-0.8286,51.0636],[-0.7881,51.0605],[-0.7537,51.0887],[-0.747,51.1113],[-0.78,51.1235],[-0.7909,51.1469],[-0.8236,51.1516],[-0.8245,51.1827],[-0.84,51.2039],[-0.8292,51.226],[-0.7995,51.2391],[-0.7484,51.2316],[-0.7311,51.2438],[-0.7297,51.2916],[-0.7653,51.3313],[-0.7209,51.3638],[-0.6987,51.3669],[-0.6581,51.3822],[-0.6197,51.3877],[-0.5989,51.4036],[-0.5903,51.4263],[-0.5757,51.4456],[-0.5316,51.4337],[-0.5184,51.4394],[-0.5212,51.4502],[-0.5128,51.4758],[-0.4972,51.4778],[-0.4845,51.4944],[-0.4714,51.55],[-0.4935,51.5909],[-0.4861,51.5977],[-0.4814,51.616],[-0.47,51.6174],[-0.4589,51.6108],[-0.432,51.6152],[-0.3998,51.6148],[-0.3739,51.6144],[-0.3209,51.6344],[-0.2936,51.6383],[-0.2542,51.6441],[-0.2453,51.6674],[-0.2384,51.6722],[-0.2289,51.6686],[-0.2175,51.6541],[-0.2006,51.6622],[-0.1734,51.6663],[-0.1654,51.6713],[-0.1584,51.6758],[-0.1481,51.6891],[-0.0113,51.6772],[0,51.7331],[0.0356,51.7683],[0.1083,51.7775],[0.158,51.7905],[0.1903,51.8166],[0.173,51.8252],[0.1736,51.8483],[0.1992,51.8658],[0.1899,51.8902],[0.1417,51.8839],[0.1108,51.9736],[0.0825,51.9833],[0.0805,52.0024],[0.0514,52.0433],[-0.0114,52.0516],[-0.0295,52.0399],[-0.1092,52.0194],[-0.1356,52.0435],[-0.1461,52.0697],[-0.132,52.1336],[-0.17,52.1297],[-0.2167,52.1327],[-0.207,52.1505],[-0.247,52.1605],[-0.2339,52.1727],[-0.2531,52.1919],[-0.292,52.2027],[-0.2934,52.2241],[-0.3317,52.2291],[-0.3553,52.2271],[-0.3684,52.2419],[-0.3711,52.2677],[-0.4189,52.278],[-0.4295,52.2974],[-0.4588,52.3088],[-0.5031,52.303],[-0.5253,52.2833],[-0.5253,52.2605],[-0.5412,52.2458],[-0.5586,52.248],[-0.5906,52.2661],[-0.6414,52.2591],[-0.6345,52.216],[-0.6545,52.1925],[-0.7289,52.1616],[-0.762,52.1624],[-0.7761,52.1469],[-0.8067,52.1522],[-0.8259,52.1274],[-0.8784,52.116],[-0.8517,52.0858],[-0.8278,52.0722],[-0.8275,52.0644],[-0.8559,52.0585],[-0.8565,52.0405],[-0.8674,52.0338],[-0.9014,52.0186],[-0.9406,52.0719],[-1.0233,52.0647],[-1.0367,52.0536],[-1.0967,52.0438],[-1.1418,52.0177],[-1.1082,52.0092],[-1.1384,51.9897],[-1.1837,51.9783],[-1.265,51.9797],[-1.2967,52.0388],[-1.2939,52.0713],[-1.3067,52.0774],[-1.2372,52.096],[-1.3212,52.1615],[-1.3031,52.1811],[-1.2487,52.1952],[-1.2659,52.2277],[-1.2081,52.2499],[-1.2242,52.2824],[-1.2026,52.3013],[-1.2417,52.311],[-1.2334,52.3275],[-1.1653,52.348],[-1.1866,52.3813],[-1.2117,52.4158],[-1.2411,52.4261],[-1.2934,52.4794],[-1.3959,52.5125],[-1.4172,52.5352],[-1.495,52.5563],[-1.5458,52.5808],[-1.5423,52.6008],[-1.5589,52.6216],[-1.5339,52.6416],[-1.58,52.6769],[-1.5831,52.685],[-1.535,52.7061],[-1.5434,52.7336],[-1.5328,52.7497],[-1.4747,52.7486],[-1.4272,52.7838],[-1.3953,52.79],[-1.3706,52.8313],[-1.3014,52.8625],[-1.2628,52.8616],[-1.2326,52.8807],[-1.2711,52.8988],[-1.2839,52.9858],[-1.3214,53.013],[-1.3297,53.0502],[-1.292,53.0838],[-1.3128,53.131],[-1.2764,53.1541],[-1.2439,53.1516],[-1.1909,53.1677],[-1.1959,53.2325],[-1.1603,53.2622],[-1.176,53.2929],[-1.1661,53.3063],[-1.135,53.3258],[-1.1447,53.3377],[-1.1211,53.3455],[-1.1139,53.3561],[-1.1181,53.3786],[-1.0664,53.413],[-1.0131,53.4083],[-0.9775,53.4344],[-0.9698,53.463],[-0.9194,53.4874],[-0.9433,53.518],[-0.9148,53.533],[-0.872,53.5308],[-0.8728,53.5458],[-0.9045,53.5716],[-0.8609,53.5816],[-0.8607,53.6124],[-0.86,53.6324],[-0.9414,53.6569],[-0.9964,53.66],[-1.0739,53.6477],[-1.1117,53.6435],[-1.1264,53.6338],[-1.1522,53.6411],[-1.1995,53.6385],[-1.2148,53.6199],[-1.23,53.6207],[-1.247,53.6355],[-1.2453,53.6719],[-1.2269,53.6944],[-1.2117,53.6991],[-1.22,53.7147],[-1.2595,53.7177],[-1.2884,53.7374],[-1.3069,53.738],[-1.2873,53.7585],[-1.3075,53.7902],[-1.3053,53.8197],[-1.3261,53.8463],[-1.3445,53.8588],[-1.3056,53.8608],[-1.3078,53.8947],[-1.2914,53.915],[-1.2942,53.9255],[-1.3337,53.9449],[-1.3867,53.9394],[-1.4234,53.9244],[-1.433,53.9107],[-1.4547,53.9061],[-1.5072,53.9107],[-1.5345,53.9352],[-1.5486,53.9247],[-1.5492,53.9085],[-1.5834,53.9008],[-1.6414,53.9071],[-1.6959,53.9013],[-1.7286,53.9027],[-1.7434,53.9166],[-1.7637,53.9192],[-1.7786,53.935],[-1.7978,53.943],[-1.8356,53.9399],[-1.8461,53.9314],[-1.8718,53.9404],[-1.8771,53.9627],[-1.902,53.955],[-1.9436,53.9577],[-1.9553,53.9505],[-1.9509,53.9319],[-1.9736,53.9172],[-1.9639,53.8972],[-1.9661,53.8764],[-1.9778,53.8694],[-2.0028,53.8699],[-2.0326,53.8476],[-2.0975,53.8885],[-2.105,53.9146],[-2.1742,53.936],[-2.1906,53.9658],[-2.2222,53.968],[-2.2275,53.9827],[-2.2742,53.9699],[-2.3,53.9891],[-2.3351,53.991],[-2.337,54.018],[-2.3547,54.0424],[-2.427,54.038],[-2.4583,54.0472],[-2.4678,54.0797],[-2.545,54.1135],[-2.5476,54.1511],[-2.5117,54.1716],[-2.4534,54.2172],[-2.4475,54.2302],[-2.4006,54.2283],[-2.3525,54.2505],[-2.3098,54.2433],[-2.3061,54.3205],[-2.3472,54.3502],[-2.2834,54.3827],[-2.2956,54.4177],[-2.2447,54.448],[-2.1942,54.4466],[-2.1552,54.4556],[-2.1631,54.528],[-2.1917,54.5313],[-2.2095,54.5522],[-2.2853,54.588],[-2.3056,54.6277],[-2.2792,54.6502],[-2.2909,54.6658],[-2.3539,54.6908],[-2.3272,54.7274],[-2.305,54.7832],[-2.362,54.8108],[-2.4,54.8472],[-2.5,54.8052],[-2.5336,54.808],[-2.5636,54.8236],[-2.5664,54.8583],[-2.5936,54.8827],[-2.5703,54.893],[-2.5417,54.923],[-2.565,54.9577],[-2.592,54.9666],[-2.5678,54.9861],[-2.56,55.0119],[-2.482,55.0391],[-2.4948,55.058],[-2.4853,55.0794],[-2.5053,55.0869],[-2.5473,55.0799],[-2.5875,55.103],[-2.5978,55.1236],[-2.6409,55.1321],[-2.685,55.1908],[-2.6313,55.2234],[-2.6258,55.2625],[-2.5515,55.3144],[-2.4628,55.3604],[-2.4267,55.366],[-2.3793,55.3555],[-2.3595,55.3625],[-2.3252,55.3981],[-2.2722,55.4189],[-2.2114,55.4333],[-2.1829,55.4624],[-2.2127,55.4903],[-2.217,55.5089],[-2.2567,55.5495],[-2.2787,55.5891],[-2.3273,55.6251],[-2.3066,55.6451],[-2.2428,55.6499],[-2.1629,55.7228],[-2.092,55.7572],[-2.0785,55.7904],[-2.0229,55.8055],[-2.0262,55.8092],[-2.0102,55.8092],[-1.9995,55.795],[-1.9929,55.7902],[-1.9595,55.7661],[-1.8304,55.6727],[-1.7751,55.6432],[-1.7686,55.6419],[-1.7646,55.6376],[-1.7296,55.6189],[-1.7183,55.6116],[-1.6991,55.613],[-1.6308,55.5851],[-1.6347,55.5644],[-1.6172,55.5503],[-1.6308,55.5373],[-1.6029,55.5236],[-1.6113,55.508],[-1.5849,55.4837],[-1.5817,55.4215],[-1.5208,55.2596],[-1.4974,55.2037],[-1.4519,55.0948],[-1.4406,55.0676],[-1.4301,55.0425],[-1.4285,55.0404],[-1.4079,55.0132],[-1.3873,54.986],[-1.3702,54.9755],[-1.3627,54.9648],[-1.3635,54.9545],[-1.3311,54.9116],[-1.3272,54.9065],[-1.2987,54.8688],[-1.2339,54.7831],[-1.2337,54.7829],[-1.2014,54.7402],[-1.1691,54.6975],[-1.1647,54.6917],[-1.1367,54.6547],[-1.1327,54.6494],[-1.1279,54.648],[-0.8917,54.5796],[-0.7879,54.5608],[-0.7788,54.5574],[-0.6939,54.5259],[-0.43,54.4639],[-0.3892,54.3884],[-0.309,54.24],[-0.2368,54.1933],[-0.232,54.1902],[-0.1987,54.1741],[-0.1606,54.1558],[-0.0844,54.119],[-0.0847,54.1188],[-0.0846,54.1188],[-0.0847,54.1187],[-0.0844,54.1186],[-0.086,54.1178],[-0.0755,54.1121],[-0.13,54.0944],[-0.1564,54.0804],[-0.1971,54.0329],[-0.1028,53.8585],[-0.0673,53.8217],[-0.0452,53.8012],[0.1335,53.6426],[0.1493,53.6096],[0.1369,53.5771],[0.1096,53.5629],[0.136,53.6107],[0.1063,53.6221],[0.1172,53.6086],[0.1166,53.6089],[0.1172,53.6082],[0.1165,53.6086],[0.1168,53.6082],[0.0772,53.629],[0.0644,53.6324],[0.0376,53.6395],[0.0159,53.6388],[0.0345,53.6045],[0.0555,53.5656],[0.0765,53.5268],[0.0974,53.488],[0.1519,53.4758],[0.1758,53.4377],[0.2195,53.4195],[0.2449,53.3909],[0.3421,53.2263],[0.3562,53.1885],[0.3566,53.1457],[0.3405,53.1101],[0.355,53.09],[0.4093,53.0146],[0.4094,53.0146],[0.4365,52.977],[0.4637,52.9393],[0.47,52.9305],[0.4822,52.9285],[0.4857,52.9335],[0.5203,52.9553],[0.5696,52.9693],[0.6714,52.9744],[0.6719,52.9744],[0.6847,52.9864],[0.7482,52.9748],[0.7581,52.9744],[0.8357,52.9744],[0.9054,52.9603],[0.9487,52.9541],[1.0011,52.9566],[1.0139,52.9602],[0.9661,52.9744],[1.2747,52.9292],[1.396,52.8914],[1.6442,52.7758],[1.697,52.731],[1.7472,52.6252],[1.7476,52.5328],[1.7712,52.4859],[1.7544,52.4674],[1.7293,52.4156],[1.7279,52.3963],[1.6836,52.3245],[1.6611,52.3016],[1.6472,52.2784],[1.6308,52.2195],[1.6309,52.1998],[1.5823,52.0815],[1.5339,52.0704],[1.4132,51.9937],[1.4117,51.9931],[1.3323,51.9401],[1.3119,51.9564],[1.271,51.9331],[1.2785,51.9279],[1.2599,51.9161],[1.2728,51.9021],[1.2747,51.8722],[1.2866,51.8817],[1.2764,51.8448],[1.2764,51.8444],[1.2722,51.8424],[1.2192,51.8118],[1.1354,51.7817],[1.0733,51.776],[1.2123,51.5964],[1.2184,51.5885],[1.2492,51.5487],[1.3727,51.3891],[1.4238,51.3921],[1.4483,51.3829],[1.4391,51.3501],[1.4187,51.3298],[1.4492,51.2904],[1.449,51.2903],[1.4492,51.29],[1.4107,51.2676],[1.4077,51.246],[1.4131,51.2217],[1.4048,51.1835],[1.3845,51.1517],[1.3572,51.131],[1.2904,51.1165],[1.263,51.1033],[1.2181,51.101],[1.1722,51.0774],[1.133,51.0768],[1.046,51.0476],[0.9776,50.9712],[0.9718,50.9568],[0.9798,50.9182],[0.9452,50.9094],[0.8698,50.9251]]]}},
{"type":"Feature","properties":{"entityId":"anglo-saxon-kingdoms","from":585,"to":623,"certainty":"estimated","source":"유럽 쪽은 Natural Earth 1:10m admin-1(v5.1.2) 현대 행정구역 조각을 그 시기 국경에 맞춰 묶고, 조각이 역사 경계와 다른 곳은 선을 그어 나눈 근사. 유럽 밖(시베리아·중앙아시아·극동)은 대략적인 추정. 운영자 검수 필요"},"geometry":{"type":"Polygon","coordinates":[[[0.8698,50.9251],[0.8446,50.9304],[0.8331,50.9308],[0.5492,50.7653],[0.5488,50.7653],[0.2929,50.7672],[0.271,50.7474],[0.2141,50.7489],[0.1683,50.7598],[0.1221,50.7608],[0.1076,50.7686],[0.0573,50.769],[0.0322,50.7692],[0.007,50.7694],[-0.0181,50.7696],[-0.0433,50.7698],[-0.0936,50.7702],[-0.1439,50.7705],[-0.169,50.7707],[-0.1942,50.7709],[-0.2193,50.7711],[-0.2445,50.7713],[-0.2949,50.7717],[-0.6974,50.7748],[-0.7327,50.7673],[-0.7415,50.7707],[-0.7724,50.7665],[-0.7731,50.766],[-0.771,50.7369],[-0.8128,50.7348],[-0.8768,50.7608],[-0.9138,50.7548],[-0.9138,50.7956],[-0.9505,50.7956],[-0.9507,50.7958],[-0.9507,50.8135],[-0.9478,50.8178],[-0.9503,50.8238],[-0.9507,50.824],[-0.9507,50.8423],[-0.9298,50.84],[-0.9233,50.8652],[-0.9525,50.8919],[-0.9217,50.9205],[-0.9308,50.9438],[-0.8626,51.0436],[-0.8286,51.0636],[-0.7881,51.0605],[-0.7537,51.0887],[-0.747,51.1113],[-0.78,51.1235],[-0.7909,51.1469],[-0.8236,51.1516],[-0.8245,51.1827],[-0.84,51.2039],[-0.8292,51.226],[-0.7995,51.2391],[-0.7484,51.2316],[-0.7311,51.2438],[-0.7297,51.2916],[-0.7653,51.3313],[-0.7209,51.3638],[-0.6987,51.3669],[-0.6581,51.3822],[-0.6197,51.3877],[-0.5989,51.4036],[-0.5903,51.4263],[-0.5757,51.4456],[-0.5316,51.4337],[-0.5184,51.4394],[-0.5212,51.4502],[-0.5128,51.4758],[-0.4972,51.4778],[-0.4845,51.4944],[-0.4714,51.55],[-0.4935,51.5909],[-0.4861,51.5977],[-0.4814,51.616],[-0.47,51.6174],[-0.4589,51.6108],[-0.432,51.6152],[-0.3998,51.6148],[-0.3739,51.6144],[-0.3209,51.6344],[-0.2936,51.6383],[-0.2542,51.6441],[-0.2453,51.6674],[-0.2384,51.6722],[-0.2289,51.6686],[-0.2175,51.6541],[-0.2006,51.6622],[-0.1734,51.6663],[-0.1654,51.6713],[-0.1584,51.6758],[-0.1481,51.6891],[-0.0113,51.6772],[0,51.7331],[0.0356,51.7683],[0.1083,51.7775],[0.158,51.7905],[0.1903,51.8166],[0.173,51.8252],[0.1736,51.8483],[0.1992,51.8658],[0.1899,51.8902],[0.1417,51.8839],[0.1108,51.9736],[0.0825,51.9833],[0.0805,52.0024],[0.0514,52.0433],[-0.0114,52.0516],[-0.0295,52.0399],[-0.1092,52.0194],[-0.1356,52.0435],[-0.1461,52.0697],[-0.132,52.1336],[-0.17,52.1297],[-0.2167,52.1327],[-0.207,52.1505],[-0.247,52.1605],[-0.2339,52.1727],[-0.2531,52.1919],[-0.292,52.2027],[-0.2934,52.2241],[-0.3317,52.2291],[-0.3553,52.2271],[-0.3684,52.2419],[-0.3711,52.2677],[-0.4189,52.278],[-0.4295,52.2974],[-0.4588,52.3088],[-0.5031,52.303],[-0.5253,52.2833],[-0.5253,52.2605],[-0.5412,52.2458],[-0.5586,52.248],[-0.5906,52.2661],[-0.6414,52.2591],[-0.6345,52.216],[-0.6545,52.1925],[-0.7289,52.1616],[-0.762,52.1624],[-0.7761,52.1469],[-0.8067,52.1522],[-0.8259,52.1274],[-0.8784,52.116],[-0.8517,52.0858],[-0.8278,52.0722],[-0.8275,52.0644],[-0.8559,52.0585],[-0.8565,52.0405],[-0.8674,52.0338],[-0.9014,52.0186],[-0.9406,52.0719],[-1.0233,52.0647],[-1.0367,52.0536],[-1.0967,52.0438],[-1.1418,52.0177],[-1.1082,52.0092],[-1.1384,51.9897],[-1.1837,51.9783],[-1.265,51.9797],[-1.2967,52.0388],[-1.2939,52.0713],[-1.3067,52.0774],[-1.2372,52.096],[-1.3212,52.1615],[-1.3414,52.1344],[-1.3736,52.1183],[-1.3511,52.1044],[-1.3795,52.0919],[-1.4075,52.1077],[-1.4375,52.1075],[-1.4364,52.093],[-1.4703,52.0886],[-1.4953,52.0608],[-1.4959,52.0405],[-1.5181,51.9883],[-1.5456,51.9847],[-1.5498,51.9691],[-1.5862,51.9672],[-1.604,51.9549],[-1.6525,51.9839],[-1.6123,52.0266],[-1.6745,52.0311],[-1.7159,52.0849],[-1.7578,52.1058],[-1.7872,52.1294],[-1.8753,52.1494],[-1.8909,52.1336],[-1.9445,52.1647],[-1.9023,52.2105],[-1.9201,52.2661],[-1.8828,52.2741],[-1.8475,52.3099],[-1.877,52.3447],[-1.8445,52.3836],[-1.9006,52.3927],[-1.9245,52.3849],[-1.9548,52.3869],[-1.9831,52.3774],[-1.9958,52.3788],[-2.002,52.3927],[-1.9839,52.4102],[-1.9831,52.4177],[-2.0067,52.4274],[-2.0217,52.4244],[-2.0306,52.4369],[-2.0475,52.4341],[-2.0584,52.4224],[-2.0828,52.436],[-2.1189,52.4222],[-2.1539,52.423],[-2.2862,52.4446],[-2.2986,52.4755],[-2.2842,52.505],[-2.255,52.5183],[-2.2672,52.5483],[-2.2511,52.5624],[-2.3106,52.5913],[-2.3034,52.6088],[-2.2664,52.6036],[-2.237,52.6124],[-2.227,52.6366],[-2.2315,52.6691],[-2.2931,52.6802],[-2.3103,52.7005],[-2.3056,52.7338],[-2.324,52.7477],[-2.3689,52.7819],[-2.3603,52.7938],[-2.3684,52.8069],[-2.3966,52.8216],[-2.3781,52.838],[-2.3659,52.8841],[-2.4345,52.868],[-2.4495,52.8855],[-2.4426,52.9127],[-2.4192,52.9364],[-2.3753,52.9497],[-2.3642,52.9802],[-2.3788,52.9896],[-2.3664,53.0002],[-2.3739,53.0372],[-2.3659,53.0522],[-2.3356,53.056],[-2.3056,53.0791],[-2.2437,53.0859],[-2.2049,53.1136],[-2.1578,53.1475],[-2.1348,53.1502],[-2.14,53.1699],[-2.0683,53.1657],[-2.0306,53.1847],[-2.0056,53.1861],[-1.9769,53.2073],[-1.9525,53.2138],[-1.9323,53.1949],[-1.8567,53.1763],[-1.7989,53.1416],[-1.7995,53.1186],[-1.7717,53.0902],[-1.7761,53.0708],[-1.7639,53.0319],[-1.7475,53.0222],[-1.7578,52.9825],[-1.8122,52.9613],[-1.817,52.9299],[-1.8403,52.9244],[-1.8239,52.8755],[-1.755,52.866],[-1.7208,52.8452],[-1.6306,52.8411],[-1.5909,52.8108],[-1.615,52.798],[-1.6292,52.7722],[-1.6725,52.7583],[-1.7004,52.7261],[-1.6459,52.7066],[-1.64,52.685],[-1.6078,52.6938],[-1.5831,52.685],[-1.535,52.7061],[-1.5434,52.7336],[-1.5328,52.7497],[-1.4747,52.7486],[-1.4272,52.7838],[-1.3953,52.79],[-1.3706,52.8313],[-1.3014,52.8625],[-1.2628,52.8616],[-1.2326,52.8807],[-1.2711,52.8988],[-1.2839,52.9858],[-1.3214,53.013],[-1.3297,53.0502],[-1.292,53.0838],[-1.3128,53.131],[-1.2764,53.1541],[-1.2439,53.1516],[-1.1909,53.1677],[-1.1959,53.2325],[-1.1603,53.2622],[-1.176,53.2929],[-1.1661,53.3063],[-1.135,53.3258],[-1.1447,53.3377],[-1.1211,53.3455],[-1.1139,53.3561],[-1.1181,53.3786],[-1.0664,53.413],[-1.0131,53.4083],[-0.9775,53.4344],[-0.9698,53.463],[-0.9194,53.4874],[-0.9433,53.518],[-0.9148,53.533],[-0.872,53.5308],[-0.8728,53.5458],[-0.9045,53.5716],[-0.8609,53.5816],[-0.8607,53.6124],[-0.86,53.6324],[-0.9414,53.6569],[-0.9964,53.66],[-1.0739,53.6477],[-1.1117,53.6435],[-1.1264,53.6338],[-1.1522,53.6411],[-1.1995,53.6385],[-1.2148,53.6199],[-1.23,53.6207],[-1.247,53.6355],[-1.2453,53.6719],[-1.2269,53.6944],[-1.2117,53.6991],[-1.22,53.7147],[-1.2595,53.7177],[-1.2884,53.7374],[-1.3069,53.738],[-1.2873,53.7585],[-1.3075,53.7902],[-1.3053,53.8197],[-1.3261,53.8463],[-1.3445,53.8588],[-1.3056,53.8608],[-1.3078,53.8947],[-1.2914,53.915],[-1.2942,53.9255],[-1.3337,53.9449],[-1.3867,53.9394],[-1.4234,53.9244],[-1.433,53.9107],[-1.4547,53.9061],[-1.5072,53.9107],[-1.5345,53.9352],[-1.5486,53.9247],[-1.5492,53.9085],[-1.5834,53.9008],[-1.6414,53.9071],[-1.6959,53.9013],[-1.7286,53.9027],[-1.7434,53.9166],[-1.7637,53.9192],[-1.7786,53.935],[-1.7978,53.943],[-1.8356,53.9399],[-1.8461,53.9314],[-1.8718,53.9404],[-1.8771,53.9627],[-1.902,53.955],[-1.9436,53.9577],[-1.9553,53.9505],[-1.9509,53.9319],[-1.9736,53.9172],[-1.9639,53.8972],[-1.9661,53.8764],[-1.9778,53.8694],[-2.0028,53.8699],[-2.0326,53.8476],[-2.0975,53.8885],[-2.105,53.9146],[-2.1742,53.936],[-2.1906,53.9658],[-2.2222,53.968],[-2.2275,53.9827],[-2.2742,53.9699],[-2.3,53.9891],[-2.3351,53.991],[-2.337,54.018],[-2.3547,54.0424],[-2.427,54.038],[-2.4583,54.0472],[-2.4678,54.0797],[-2.545,54.1135],[-2.5476,54.1511],[-2.5117,54.1716],[-2.4534,54.2172],[-2.4475,54.2302],[-2.4006,54.2283],[-2.3525,54.2505],[-2.3098,54.2433],[-2.3061,54.3205],[-2.3472,54.3502],[-2.2834,54.3827],[-2.2956,54.4177],[-2.2447,54.448],[-2.1942,54.4466],[-2.1552,54.4556],[-2.1631,54.528],[-2.1917,54.5313],[-2.2095,54.5522],[-2.2853,54.588],[-2.3056,54.6277],[-2.2792,54.6502],[-2.2909,54.6658],[-2.3539,54.6908],[-2.3272,54.7274],[-2.305,54.7832],[-2.362,54.8108],[-2.4,54.8472],[-2.5,54.8052],[-2.5336,54.808],[-2.5636,54.8236],[-2.5664,54.8583],[-2.5936,54.8827],[-2.5703,54.893],[-2.5417,54.923],[-2.565,54.9577],[-2.592,54.9666],[-2.5678,54.9861],[-2.56,55.0119],[-2.482,55.0391],[-2.4948,55.058],[-2.4853,55.0794],[-2.5053,55.0869],[-2.5473,55.0799],[-2.5875,55.103],[-2.5978,55.1236],[-2.6409,55.1321],[-2.685,55.1908],[-2.6313,55.2234],[-2.6258,55.2625],[-2.5515,55.3144],[-2.4628,55.3604],[-2.4267,55.366],[-2.3793,55.3555],[-2.3595,55.3625],[-2.3252,55.3981],[-2.2722,55.4189],[-2.2114,55.4333],[-2.1829,55.4624],[-2.2127,55.4903],[-2.217,55.5089],[-2.2567,55.5495],[-2.2787,55.5891],[-2.3273,55.6251],[-2.3066,55.6451],[-2.2428,55.6499],[-2.1629,55.7228],[-2.092,55.7572],[-2.0785,55.7904],[-2.0229,55.8055],[-2.0262,55.8092],[-2.0102,55.8092],[-1.9995,55.795],[-1.9929,55.7902],[-1.9595,55.7661],[-1.8304,55.6727],[-1.7751,55.6432],[-1.7686,55.6419],[-1.7646,55.6376],[-1.7296,55.6189],[-1.7183,55.6116],[-1.6991,55.613],[-1.6308,55.5851],[-1.6347,55.5644],[-1.6172,55.5503],[-1.6308,55.5373],[-1.6029,55.5236],[-1.6113,55.508],[-1.5849,55.4837],[-1.5817,55.4215],[-1.5208,55.2596],[-1.4974,55.2037],[-1.4519,55.0948],[-1.4406,55.0676],[-1.4301,55.0425],[-1.4285,55.0404],[-1.4079,55.0132],[-1.3873,54.986],[-1.3702,54.9755],[-1.3627,54.9648],[-1.3635,54.9545],[-1.3311,54.9116],[-1.3272,54.9065],[-1.2987,54.8688],[-1.2339,54.7831],[-1.2337,54.7829],[-1.2014,54.7402],[-1.1691,54.6975],[-1.1647,54.6917],[-1.1367,54.6547],[-1.1327,54.6494],[-1.1279,54.648],[-0.8917,54.5796],[-0.7879,54.5608],[-0.7788,54.5574],[-0.6939,54.5259],[-0.43,54.4639],[-0.3892,54.3884],[-0.309,54.24],[-0.2368,54.1933],[-0.232,54.1902],[-0.1987,54.1741],[-0.1606,54.1558],[-0.0844,54.119],[-0.0847,54.1188],[-0.0846,54.1188],[-0.0847,54.1187],[-0.0844,54.1186],[-0.086,54.1178],[-0.0755,54.1121],[-0.13,54.0944],[-0.1564,54.0804],[-0.1971,54.0329],[-0.1028,53.8585],[-0.0673,53.8217],[-0.0452,53.8012],[0.1335,53.6426],[0.1493,53.6096],[0.1369,53.5771],[0.1096,53.5629],[0.136,53.6107],[0.1063,53.6221],[0.1172,53.6086],[0.1166,53.6089],[0.1172,53.6082],[0.1165,53.6086],[0.1168,53.6082],[0.0772,53.629],[0.0644,53.6324],[0.0376,53.6395],[0.0159,53.6388],[0.0345,53.6045],[0.0555,53.5656],[0.0765,53.5268],[0.0974,53.488],[0.1519,53.4758],[0.1758,53.4377],[0.2195,53.4195],[0.2449,53.3909],[0.3421,53.2263],[0.3562,53.1885],[0.3566,53.1457],[0.3405,53.1101],[0.355,53.09],[0.4093,53.0146],[0.4094,53.0146],[0.4365,52.977],[0.4637,52.9393],[0.47,52.9305],[0.4822,52.9285],[0.4857,52.9335],[0.5203,52.9553],[0.5696,52.9693],[0.6714,52.9744],[0.6719,52.9744],[0.6847,52.9864],[0.7482,52.9748],[0.7581,52.9744],[0.8357,52.9744],[0.9054,52.9603],[0.9487,52.9541],[1.0011,52.9566],[1.0139,52.9602],[0.9661,52.9744],[1.2747,52.9292],[1.396,52.8914],[1.6442,52.7758],[1.697,52.731],[1.7472,52.6252],[1.7476,52.5328],[1.7712,52.4859],[1.7544,52.4674],[1.7293,52.4156],[1.7279,52.3963],[1.6836,52.3245],[1.6611,52.3016],[1.6472,52.2784],[1.6308,52.2195],[1.6309,52.1998],[1.5823,52.0815],[1.5339,52.0704],[1.4132,51.9937],[1.4117,51.9931],[1.3323,51.9401],[1.3119,51.9564],[1.271,51.9331],[1.2785,51.9279],[1.2599,51.9161],[1.2728,51.9021],[1.2747,51.8722],[1.2866,51.8817],[1.2764,51.8448],[1.2764,51.8444],[1.2722,51.8424],[1.2192,51.8118],[1.1354,51.7817],[1.0733,51.776],[1.2123,51.5964],[1.2184,51.5885],[1.2492,51.5487],[1.3727,51.3891],[1.4238,51.3921],[1.4483,51.3829],[1.4391,51.3501],[1.4187,51.3298],[1.4492,51.2904],[1.449,51.2903],[1.4492,51.29],[1.4107,51.2676],[1.4077,51.246],[1.4131,51.2217],[1.4048,51.1835],[1.3845,51.1517],[1.3572,51.131],[1.2904,51.1165],[1.263,51.1033],[1.2181,51.101],[1.1722,51.0774],[1.133,51.0768],[1.046,51.0476],[0.9776,50.9712],[0.9718,50.9568],[0.9798,50.9182],[0.9452,50.9094],[0.8698,50.9251]]]}},
{"type":"Feature","properties":{"entityId":"anglo-saxon-kingdoms","from":623,"to":632,"certainty":"estimated","source":"유럽 쪽은 Natural Earth 1:10m admin-1(v5.1.2) 현대 행정구역 조각을 그 시기 국경에 맞춰 묶고, 조각이 역사 경계와 다른 곳은 선을 그어 나눈 근사. 유럽 밖(시베리아·중앙아시아·극동)은 대략적인 추정. 운영자 검수 필요"},"geometry":{"type":"Polygon","coordinates":[[[0.8698,50.9251],[0.8446,50.9304],[0.8331,50.9308],[0.5492,50.7653],[0.5488,50.7653],[0.2929,50.7672],[0.271,50.7474],[0.2141,50.7489],[0.1683,50.7598],[0.1221,50.7608],[0.1076,50.7686],[0.0573,50.769],[0.0322,50.7692],[0.007,50.7694],[-0.0181,50.7696],[-0.0433,50.7698],[-0.0936,50.7702],[-0.1439,50.7705],[-0.169,50.7707],[-0.1942,50.7709],[-0.2193,50.7711],[-0.2445,50.7713],[-0.2949,50.7717],[-0.6974,50.7748],[-0.7327,50.7673],[-0.7415,50.7707],[-0.7724,50.7665],[-0.7731,50.766],[-0.771,50.7369],[-0.8128,50.7348],[-0.8768,50.7608],[-0.9138,50.7548],[-0.9138,50.7956],[-0.9505,50.7956],[-0.9507,50.7958],[-0.9507,50.8135],[-0.9478,50.8178],[-0.9503,50.8238],[-0.9507,50.824],[-0.9507,50.8423],[-0.9298,50.84],[-0.9233,50.8652],[-0.9525,50.8919],[-0.9217,50.9205],[-0.9308,50.9438],[-0.8626,51.0436],[-0.8286,51.0636],[-0.7881,51.0605],[-0.7537,51.0887],[-0.747,51.1113],[-0.78,51.1235],[-0.7909,51.1469],[-0.8236,51.1516],[-0.8245,51.1827],[-0.84,51.2039],[-0.8292,51.226],[-0.7995,51.2391],[-0.7484,51.2316],[-0.7311,51.2438],[-0.7297,51.2916],[-0.7653,51.3313],[-0.7209,51.3638],[-0.6987,51.3669],[-0.6581,51.3822],[-0.6197,51.3877],[-0.5989,51.4036],[-0.5903,51.4263],[-0.5757,51.4456],[-0.5316,51.4337],[-0.5184,51.4394],[-0.5212,51.4502],[-0.5128,51.4758],[-0.4972,51.4778],[-0.4845,51.4944],[-0.4714,51.55],[-0.4935,51.5909],[-0.4861,51.5977],[-0.4814,51.616],[-0.47,51.6174],[-0.4589,51.6108],[-0.432,51.6152],[-0.3998,51.6148],[-0.3739,51.6144],[-0.3209,51.6344],[-0.2936,51.6383],[-0.2542,51.6441],[-0.2453,51.6674],[-0.2384,51.6722],[-0.2289,51.6686],[-0.2175,51.6541],[-0.2006,51.6622],[-0.1734,51.6663],[-0.1654,51.6713],[-0.1584,51.6758],[-0.1481,51.6891],[-0.0113,51.6772],[0,51.7331],[0.0356,51.7683],[0.1083,51.7775],[0.158,51.7905],[0.1903,51.8166],[0.173,51.8252],[0.1736,51.8483],[0.1992,51.8658],[0.1899,51.8902],[0.1417,51.8839],[0.1108,51.9736],[0.0825,51.9833],[0.0805,52.0024],[0.0514,52.0433],[-0.0114,52.0516],[-0.0295,52.0399],[-0.1092,52.0194],[-0.1356,52.0435],[-0.1461,52.0697],[-0.132,52.1336],[-0.17,52.1297],[-0.2167,52.1327],[-0.207,52.1505],[-0.247,52.1605],[-0.2339,52.1727],[-0.2531,52.1919],[-0.292,52.2027],[-0.2934,52.2241],[-0.3317,52.2291],[-0.3553,52.2271],[-0.3684,52.2419],[-0.3711,52.2677],[-0.4189,52.278],[-0.4295,52.2974],[-0.4588,52.3088],[-0.5031,52.303],[-0.5253,52.2833],[-0.5253,52.2605],[-0.5412,52.2458],[-0.5586,52.248],[-0.5906,52.2661],[-0.6414,52.2591],[-0.6345,52.216],[-0.6545,52.1925],[-0.7289,52.1616],[-0.762,52.1624],[-0.7761,52.1469],[-0.8067,52.1522],[-0.8259,52.1274],[-0.8784,52.116],[-0.8517,52.0858],[-0.8278,52.0722],[-0.8275,52.0644],[-0.8559,52.0585],[-0.8565,52.0405],[-0.8674,52.0338],[-0.9014,52.0186],[-0.9406,52.0719],[-1.0233,52.0647],[-1.0367,52.0536],[-1.0967,52.0438],[-1.1418,52.0177],[-1.1082,52.0092],[-1.1384,51.9897],[-1.1837,51.9783],[-1.265,51.9797],[-1.2967,52.0388],[-1.2939,52.0713],[-1.3067,52.0774],[-1.2372,52.096],[-1.3212,52.1615],[-1.3414,52.1344],[-1.3736,52.1183],[-1.3511,52.1044],[-1.3795,52.0919],[-1.4075,52.1077],[-1.4375,52.1075],[-1.4364,52.093],[-1.4703,52.0886],[-1.4953,52.0608],[-1.4959,52.0405],[-1.5181,51.9883],[-1.5456,51.9847],[-1.5498,51.9691],[-1.5862,51.9672],[-1.604,51.9549],[-1.6525,51.9839],[-1.6123,52.0266],[-1.6745,52.0311],[-1.7159,52.0849],[-1.7578,52.1058],[-1.7872,52.1294],[-1.8753,52.1494],[-1.8909,52.1336],[-1.9445,52.1647],[-1.9023,52.2105],[-1.9201,52.2661],[-1.8828,52.2741],[-1.8475,52.3099],[-1.877,52.3447],[-1.8445,52.3836],[-1.9006,52.3927],[-1.9245,52.3849],[-1.9548,52.3869],[-1.9831,52.3774],[-1.9958,52.3788],[-2.002,52.3927],[-1.9839,52.4102],[-1.9831,52.4177],[-2.0067,52.4274],[-2.0217,52.4244],[-2.0306,52.4369],[-2.0475,52.4341],[-2.0584,52.4224],[-2.0828,52.436],[-2.1189,52.4222],[-2.1539,52.423],[-2.2862,52.4446],[-2.2986,52.4755],[-2.2842,52.505],[-2.255,52.5183],[-2.2672,52.5483],[-2.2511,52.5624],[-2.3106,52.5913],[-2.3034,52.6088],[-2.2664,52.6036],[-2.237,52.6124],[-2.227,52.6366],[-2.2315,52.6691],[-2.2931,52.6802],[-2.3103,52.7005],[-2.3056,52.7338],[-2.324,52.7477],[-2.3689,52.7819],[-2.3603,52.7938],[-2.3684,52.8069],[-2.3966,52.8216],[-2.3781,52.838],[-2.3659,52.8841],[-2.4345,52.868],[-2.4495,52.8855],[-2.4426,52.9127],[-2.4192,52.9364],[-2.3753,52.9497],[-2.3642,52.9802],[-2.3788,52.9896],[-2.4236,52.9786],[-2.4309,52.9649],[-2.4789,52.9541],[-2.5128,52.9616],[-2.5272,52.9472],[-2.5778,52.9536],[-2.5895,52.9769],[-2.6228,52.9858],[-2.7277,52.9665],[-2.7686,52.9815],[-2.8062,52.985],[-2.8505,53.0172],[-2.871,53.0663],[-2.8974,53.1022],[-2.9568,53.1446],[-2.9524,53.1529],[-2.9153,53.1671],[-2.9136,53.1834],[-2.9556,53.2155],[-3.0198,53.2467],[-3.0845,53.2586],[-3.0925,53.2787],[-3.1108,53.2787],[-3.1371,53.2787],[-3.1371,53.2954],[-3.1634,53.2954],[-3.1634,53.3226],[-3.1897,53.3226],[-3.1897,53.3208],[-3.216,53.3208],[-3.216,53.3528],[-3.2423,53.3528],[-3.2423,53.3832],[-3.2423,53.3849],[-3.2686,53.3849],[-3.2686,53.4153],[-3.2423,53.4137],[-3.1897,53.4105],[-3.1581,53.4085],[-3.1573,53.4088],[-3.1147,53.4127],[-3.095,53.4172],[-3.0938,53.4176],[-3.0867,53.4211],[-3.0792,53.4514],[-3.0613,53.4514],[-3.0524,53.4514],[-3.0359,53.4514],[-3.0359,53.4337],[-3.0356,53.4337],[-3.0236,53.425],[-3.0122,53.4167],[-3.0006,53.3985],[-2.9852,53.3985],[-2.9808,53.3928],[-2.9737,53.3862],[-2.9737,53.359],[-2.9469,53.359],[-2.9469,53.3284],[-2.92,53.3284],[-2.8932,53.3284],[-2.8932,53.2927],[-2.8815,53.2884],[-2.845,53.3001],[-2.8448,53.3001],[-2.7965,53.3],[-2.7965,53.322],[-2.7998,53.321],[-2.8103,53.3217],[-2.8034,53.3438],[-2.787,53.3366],[-2.7719,53.3489],[-2.7747,53.3605],[-2.7722,53.365],[-2.7547,53.3781],[-2.7411,53.3883],[-2.6806,53.3788],[-2.6629,53.3574],[-2.6291,53.3421],[-2.6057,53.3381],[-2.5807,53.3155],[-2.5694,53.3123],[-2.555,53.3123],[-2.5316,53.3196],[-2.509,53.3309],[-2.4471,53.355],[-2.4288,53.3803],[-2.395,53.3735],[-2.3648,53.3624],[-2.3167,53.3599],[-2.2834,53.3422],[-2.2603,53.3449],[-2.2384,53.3549],[-2.2036,53.3538],[-2.1761,53.3455],[-2.1745,53.3308],[-2.1595,53.3213],[-2.1403,53.3277],[-2.1306,53.3525],[-2.12,53.3594],[-2.0808,53.3611],[-2.0495,53.3522],[-2.0353,53.3677],[-2.0168,53.3704],[-2.0045,53.3741],[-1.9814,53.3983],[-1.9906,53.4064],[-2.0117,53.4125],[-2.0092,53.4274],[-1.9825,53.4438],[-1.9778,53.4688],[-1.9636,53.4947],[-1.9325,53.4958],[-1.9189,53.5008],[-1.91,53.5205],[-1.8972,53.533],[-1.9378,53.568],[-1.977,53.5938],[-1.9881,53.6147],[-2.017,53.6186],[-2.0239,53.6394],[-2.035,53.6469],[-2.0314,53.6633],[-2.0436,53.6738],[-2.0464,53.6841],[-2.065,53.6835],[-2.0811,53.6747],[-2.0986,53.6719],[-2.1181,53.683],[-2.1317,53.6822],[-2.1423,53.6941],[-2.1514,53.6965],[-2.1598,53.7255],[-2.1214,53.7552],[-2.1206,53.7913],[-2.0956,53.8105],[-2.0473,53.8244],[-2.0326,53.8476],[-2.0975,53.8885],[-2.105,53.9146],[-2.1742,53.936],[-2.1906,53.9658],[-2.2222,53.968],[-2.2275,53.9827],[-2.2742,53.9699],[-2.3,53.9891],[-2.3351,53.991],[-2.337,54.018],[-2.3547,54.0424],[-2.427,54.038],[-2.4583,54.0472],[-2.4678,54.0797],[-2.545,54.1135],[-2.5476,54.1511],[-2.5117,54.1716],[-2.4534,54.2172],[-2.4475,54.2302],[-2.4006,54.2283],[-2.3525,54.2505],[-2.3098,54.2433],[-2.3061,54.3205],[-2.3472,54.3502],[-2.2834,54.3827],[-2.2956,54.4177],[-2.2447,54.448],[-2.1942,54.4466],[-2.1552,54.4556],[-2.1631,54.528],[-2.1917,54.5313],[-2.2095,54.5522],[-2.2853,54.588],[-2.3056,54.6277],[-2.2792,54.6502],[-2.2909,54.6658],[-2.3539,54.6908],[-2.3272,54.7274],[-2.305,54.7832],[-2.362,54.8108],[-2.4,54.8472],[-2.5,54.8052],[-2.5336,54.808],[-2.5636,54.8236],[-2.5664,54.8583],[-2.5936,54.8827],[-2.5703,54.893],[-2.5417,54.923],[-2.565,54.9577],[-2.592,54.9666],[-2.5678,54.9861],[-2.56,55.0119],[-2.482,55.0391],[-2.4948,55.058],[-2.4853,55.0794],[-2.5053,55.0869],[-2.5473,55.0799],[-2.5875,55.103],[-2.5978,55.1236],[-2.6409,55.1321],[-2.685,55.1908],[-2.6313,55.2234],[-2.6258,55.2625],[-2.5515,55.3144],[-2.4628,55.3604],[-2.4267,55.366],[-2.3793,55.3555],[-2.3595,55.3625],[-2.3252,55.3981],[-2.2722,55.4189],[-2.2114,55.4333],[-2.1829,55.4624],[-2.2127,55.4903],[-2.217,55.5089],[-2.2567,55.5495],[-2.2787,55.5891],[-2.3273,55.6251],[-2.3066,55.6451],[-2.2428,55.6499],[-2.1629,55.7228],[-2.092,55.7572],[-2.0785,55.7904],[-2.0229,55.8055],[-2.0262,55.8092],[-2.0102,55.8092],[-1.9995,55.795],[-1.9929,55.7902],[-1.9595,55.7661],[-1.8304,55.6727],[-1.7751,55.6432],[-1.7686,55.6419],[-1.7646,55.6376],[-1.7296,55.6189],[-1.7183,55.6116],[-1.6991,55.613],[-1.6308,55.5851],[-1.6347,55.5644],[-1.6172,55.5503],[-1.6308,55.5373],[-1.6029,55.5236],[-1.6113,55.508],[-1.5849,55.4837],[-1.5817,55.4215],[-1.5208,55.2596],[-1.4974,55.2037],[-1.4519,55.0948],[-1.4406,55.0676],[-1.4301,55.0425],[-1.4285,55.0404],[-1.4079,55.0132],[-1.3873,54.986],[-1.3702,54.9755],[-1.3627,54.9648],[-1.3635,54.9545],[-1.3311,54.9116],[-1.3272,54.9065],[-1.2987,54.8688],[-1.2339,54.7831],[-1.2337,54.7829],[-1.2014,54.7402],[-1.1691,54.6975],[-1.1647,54.6917],[-1.1367,54.6547],[-1.1327,54.6494],[-1.1279,54.648],[-0.8917,54.5796],[-0.7879,54.5608],[-0.7788,54.5574],[-0.6939,54.5259],[-0.43,54.4639],[-0.3892,54.3884],[-0.309,54.24],[-0.2368,54.1933],[-0.232,54.1902],[-0.1987,54.1741],[-0.1606,54.1558],[-0.0844,54.119],[-0.0847,54.1188],[-0.0846,54.1188],[-0.0847,54.1187],[-0.0844,54.1186],[-0.086,54.1178],[-0.0755,54.1121],[-0.13,54.0944],[-0.1564,54.0804],[-0.1971,54.0329],[-0.1028,53.8585],[-0.0673,53.8217],[-0.0452,53.8012],[0.1335,53.6426],[0.1493,53.6096],[0.1369,53.5771],[0.1096,53.5629],[0.136,53.6107],[0.1063,53.6221],[0.1172,53.6086],[0.1166,53.6089],[0.1172,53.6082],[0.1165,53.6086],[0.1168,53.6082],[0.0772,53.629],[0.0644,53.6324],[0.0376,53.6395],[0.0159,53.6388],[0.0345,53.6045],[0.0555,53.5656],[0.0765,53.5268],[0.0974,53.488],[0.1519,53.4758],[0.1758,53.4377],[0.2195,53.4195],[0.2449,53.3909],[0.3421,53.2263],[0.3562,53.1885],[0.3566,53.1457],[0.3405,53.1101],[0.355,53.09],[0.4093,53.0146],[0.4094,53.0146],[0.4365,52.977],[0.4637,52.9393],[0.47,52.9305],[0.4822,52.9285],[0.4857,52.9335],[0.5203,52.9553],[0.5696,52.9693],[0.6714,52.9744],[0.6719,52.9744],[0.6847,52.9864],[0.7482,52.9748],[0.7581,52.9744],[0.8357,52.9744],[0.9054,52.9603],[0.9487,52.9541],[1.0011,52.9566],[1.0139,52.9602],[0.9661,52.9744],[1.2747,52.9292],[1.396,52.8914],[1.6442,52.7758],[1.697,52.731],[1.7472,52.6252],[1.7476,52.5328],[1.7712,52.4859],[1.7544,52.4674],[1.7293,52.4156],[1.7279,52.3963],[1.6836,52.3245],[1.6611,52.3016],[1.6472,52.2784],[1.6308,52.2195],[1.6309,52.1998],[1.5823,52.0815],[1.5339,52.0704],[1.4132,51.9937],[1.4117,51.9931],[1.3323,51.9401],[1.3119,51.9564],[1.271,51.9331],[1.2785,51.9279],[1.2599,51.9161],[1.2728,51.9021],[1.2747,51.8722],[1.2866,51.8817],[1.2764,51.8448],[1.2764,51.8444],[1.2722,51.8424],[1.2192,51.8118],[1.1354,51.7817],[1.0733,51.776],[1.2123,51.5964],[1.2184,51.5885],[1.2492,51.5487],[1.3727,51.3891],[1.4238,51.3921],[1.4483,51.3829],[1.4391,51.3501],[1.4187,51.3298],[1.4492,51.2904],[1.449,51.2903],[1.4492,51.29],[1.4107,51.2676],[1.4077,51.246],[1.4131,51.2217],[1.4048,51.1835],[1.3845,51.1517],[1.3572,51.131],[1.2904,51.1165],[1.263,51.1033],[1.2181,51.101],[1.1722,51.0774],[1.133,51.0768],[1.046,51.0476],[0.9776,50.9712],[0.9718,50.9568],[0.9798,50.9182],[0.9452,50.9094],[0.8698,50.9251]]]}},
{"type":"Feature","properties":{"entityId":"anglo-saxon-kingdoms","from":632,"to":638,"certainty":"estimated","source":"유럽 쪽은 Natural Earth 1:10m admin-1(v5.1.2) 현대 행정구역 조각을 그 시기 국경에 맞춰 묶고, 조각이 역사 경계와 다른 곳은 선을 그어 나눈 근사. 유럽 밖(시베리아·중앙아시아·극동)은 대략적인 추정. 운영자 검수 필요"},"geometry":{"type":"Polygon","coordinates":[[[0.8698,50.9251],[0.8446,50.9304],[0.8331,50.9308],[0.5492,50.7653],[0.5488,50.7653],[0.2929,50.7672],[0.271,50.7474],[0.2141,50.7489],[0.1683,50.7598],[0.1221,50.7608],[0.1076,50.7686],[0.0573,50.769],[0.0322,50.7692],[0.007,50.7694],[-0.0181,50.7696],[-0.0433,50.7698],[-0.0936,50.7702],[-0.1439,50.7705],[-0.169,50.7707],[-0.1942,50.7709],[-0.2193,50.7711],[-0.2445,50.7713],[-0.2949,50.7717],[-0.6974,50.7748],[-0.7327,50.7673],[-0.7415,50.7707],[-0.7724,50.7665],[-0.7731,50.766],[-0.771,50.7369],[-0.8128,50.7348],[-0.8768,50.7608],[-0.9138,50.7548],[-0.9138,50.7956],[-0.9505,50.7956],[-0.9507,50.7958],[-0.9507,50.8135],[-0.9478,50.8178],[-0.9503,50.8238],[-0.9507,50.824],[-0.9507,50.8423],[-0.9298,50.84],[-0.9233,50.8652],[-0.9525,50.8919],[-0.9217,50.9205],[-0.9308,50.9438],[-0.8626,51.0436],[-0.8286,51.0636],[-0.7881,51.0605],[-0.7537,51.0887],[-0.747,51.1113],[-0.78,51.1235],[-0.7909,51.1469],[-0.8236,51.1516],[-0.8245,51.1827],[-0.84,51.2039],[-0.8292,51.226],[-0.7995,51.2391],[-0.7484,51.2316],[-0.7311,51.2438],[-0.7297,51.2916],[-0.7653,51.3313],[-0.7209,51.3638],[-0.6987,51.3669],[-0.6581,51.3822],[-0.6197,51.3877],[-0.5989,51.4036],[-0.5903,51.4263],[-0.5757,51.4456],[-0.5316,51.4337],[-0.5184,51.4394],[-0.5212,51.4502],[-0.5128,51.4758],[-0.4972,51.4778],[-0.4845,51.4944],[-0.4714,51.55],[-0.4935,51.5909],[-0.4861,51.5977],[-0.4814,51.616],[-0.47,51.6174],[-0.4589,51.6108],[-0.432,51.6152],[-0.3998,51.6148],[-0.3739,51.6144],[-0.3209,51.6344],[-0.2936,51.6383],[-0.2542,51.6441],[-0.2453,51.6674],[-0.2384,51.6722],[-0.2289,51.6686],[-0.2175,51.6541],[-0.2006,51.6622],[-0.1734,51.6663],[-0.1654,51.6713],[-0.1584,51.6758],[-0.1481,51.6891],[-0.0113,51.6772],[0,51.7331],[0.0356,51.7683],[0.1083,51.7775],[0.158,51.7905],[0.1903,51.8166],[0.173,51.8252],[0.1736,51.8483],[0.1992,51.8658],[0.1899,51.8902],[0.1417,51.8839],[0.1108,51.9736],[0.0825,51.9833],[0.0805,52.0024],[0.0514,52.0433],[-0.0114,52.0516],[-0.0295,52.0399],[-0.1092,52.0194],[-0.1356,52.0435],[-0.1461,52.0697],[-0.132,52.1336],[-0.17,52.1297],[-0.2167,52.1327],[-0.207,52.1505],[-0.247,52.1605],[-0.2339,52.1727],[-0.2531,52.1919],[-0.292,52.2027],[-0.2934,52.2241],[-0.3317,52.2291],[-0.3553,52.2271],[-0.3684,52.2419],[-0.3711,52.2677],[-0.4189,52.278],[-0.4295,52.2974],[-0.4588,52.3088],[-0.5031,52.303],[-0.5253,52.2833],[-0.5253,52.2605],[-0.5412,52.2458],[-0.5586,52.248],[-0.5906,52.2661],[-0.6414,52.2591],[-0.6345,52.216],[-0.6545,52.1925],[-0.7289,52.1616],[-0.762,52.1624],[-0.7761,52.1469],[-0.8067,52.1522],[-0.8259,52.1274],[-0.8784,52.116],[-0.8517,52.0858],[-0.8278,52.0722],[-0.8275,52.0644],[-0.8559,52.0585],[-0.8565,52.0405],[-0.8674,52.0338],[-0.9014,52.0186],[-0.9406,52.0719],[-1.0233,52.0647],[-1.0367,52.0536],[-1.0967,52.0438],[-1.1418,52.0177],[-1.1082,52.0092],[-1.1384,51.9897],[-1.1837,51.9783],[-1.265,51.9797],[-1.2967,52.0388],[-1.2939,52.0713],[-1.3067,52.0774],[-1.2372,52.096],[-1.3212,52.1615],[-1.3414,52.1344],[-1.3736,52.1183],[-1.3511,52.1044],[-1.3795,52.0919],[-1.4075,52.1077],[-1.4375,52.1075],[-1.4364,52.093],[-1.4703,52.0886],[-1.4953,52.0608],[-1.4959,52.0405],[-1.5181,51.9883],[-1.5456,51.9847],[-1.5498,51.9691],[-1.5862,51.9672],[-1.604,51.9549],[-1.6525,51.9839],[-1.6569,51.9591],[-1.6189,51.9449],[-1.6128,51.9316],[-1.6461,51.91],[-1.6375,51.8938],[-1.6759,51.8552],[-1.6792,51.7971],[-1.7092,51.7749],[-1.6925,51.7624],[-1.6761,51.7047],[-1.6472,51.6864],[-1.6493,51.6737],[-1.6833,51.6786],[-1.7011,51.681],[-1.7245,51.6627],[-1.7497,51.6588],[-1.7774,51.6604],[-1.7959,51.6944],[-1.8117,51.6925],[-1.8328,51.6566],[-1.8881,51.6725],[-1.8692,51.6463],[-1.94,51.663],[-1.9487,51.6399],[-2.0573,51.6641],[-2.1011,51.6202],[-2.1489,51.5894],[-2.1917,51.5983],[-2.24,51.5791],[-2.2716,51.5772],[-2.262,51.5472],[-2.2453,51.5186],[-2.2806,51.5099],[-2.3206,51.4838],[-2.287,51.4813],[-2.2807,51.4203],[-2.3254,51.4149],[-2.3977,51.4029],[-2.5034,51.4055],[-2.5227,51.4188],[-2.5275,51.4082],[-2.5395,51.3935],[-2.5623,51.3801],[-2.6064,51.3801],[-2.6335,51.3821],[-2.6306,51.4002],[-2.6306,51.443],[-2.6439,51.4551],[-2.668,51.4671],[-2.7055,51.4805],[-2.7294,51.4962],[-2.7326,51.4958],[-2.7326,51.5333],[-2.7326,51.5622],[-2.7061,51.5622],[-2.7061,51.5868],[-2.6796,51.5868],[-2.6666,51.5868],[-2.6531,51.5868],[-2.627,51.5868],[-2.6266,51.5872],[-2.6266,51.6271],[-2.6527,51.6271],[-2.6531,51.6268],[-2.6654,51.6173],[-2.6835,51.659],[-2.6617,51.6755],[-2.6837,51.7261],[-2.6702,51.7495],[-2.6758,51.7867],[-2.6485,51.8214],[-2.642,51.8472],[-2.62,51.8377],[-2.5506,51.8616],[-2.5197,51.8588],[-2.5058,51.8799],[-2.4345,51.8966],[-2.4339,51.9155],[-2.4603,51.9477],[-2.4814,51.958],[-2.4609,52.0197],[-2.4295,51.9944],[-2.3933,51.9947],[-2.3516,52.0139],[-2.3498,52.1067],[-2.3601,52.1221],[-2.3922,52.1312],[-2.4102,52.1569],[-2.4064,52.2058],[-2.4154,52.2199],[-2.4578,52.2302],[-2.4475,52.2585],[-2.4887,52.2649],[-2.5273,52.243],[-2.607,52.2417],[-2.616,52.2777],[-2.6314,52.2919],[-2.6409,52.3322],[-2.5978,52.3052],[-2.5556,52.3085],[-2.5253,52.3397],[-2.4745,52.3271],[-2.4698,52.3572],[-2.4103,52.3633],[-2.3906,52.3836],[-2.3195,52.3846],[-2.3505,52.4237],[-2.3395,52.4344],[-2.3048,52.4308],[-2.2862,52.4446],[-2.2986,52.4755],[-2.2842,52.505],[-2.255,52.5183],[-2.2672,52.5483],[-2.2511,52.5624],[-2.3106,52.5913],[-2.3034,52.6088],[-2.2664,52.6036],[-2.237,52.6124],[-2.227,52.6366],[-2.2315,52.6691],[-2.2931,52.6802],[-2.3103,52.7005],[-2.3056,52.7338],[-2.324,52.7477],[-2.3689,52.7819],[-2.3603,52.7938],[-2.3684,52.8069],[-2.3966,52.8216],[-2.3781,52.838],[-2.3659,52.8841],[-2.4345,52.868],[-2.4495,52.8855],[-2.4426,52.9127],[-2.4192,52.9364],[-2.3753,52.9497],[-2.3642,52.9802],[-2.3788,52.9896],[-2.4236,52.9786],[-2.4309,52.9649],[-2.4789,52.9541],[-2.5128,52.9616],[-2.5272,52.9472],[-2.5778,52.9536],[-2.5895,52.9769],[-2.6228,52.9858],[-2.7277,52.9665],[-2.7686,52.9815],[-2.8062,52.985],[-2.8505,53.0172],[-2.871,53.0663],[-2.8974,53.1022],[-2.9568,53.1446],[-2.9524,53.1529],[-2.9153,53.1671],[-2.9136,53.1834],[-2.9556,53.2155],[-3.0198,53.2467],[-3.0845,53.2586],[-3.0925,53.2787],[-3.1108,53.2787],[-3.1371,53.2787],[-3.1371,53.2954],[-3.1634,53.2954],[-3.1634,53.3226],[-3.1897,53.3226],[-3.1897,53.3208],[-3.216,53.3208],[-3.216,53.3528],[-3.2423,53.3528],[-3.2423,53.3832],[-3.2423,53.3849],[-3.2686,53.3849],[-3.2686,53.4153],[-3.2423,53.4137],[-3.1897,53.4105],[-3.1581,53.4085],[-3.1573,53.4088],[-3.1147,53.4127],[-3.095,53.4172],[-3.0938,53.4176],[-3.0867,53.4211],[-3.0792,53.4514],[-3.0613,53.4514],[-3.0524,53.4514],[-3.0359,53.4514],[-3.0359,53.4337],[-3.0356,53.4337],[-3.0236,53.425],[-3.0122,53.4167],[-3.0006,53.3985],[-2.9852,53.3985],[-2.9808,53.3928],[-2.9737,53.3862],[-2.9737,53.359],[-2.9469,53.359],[-2.9469,53.3284],[-2.92,53.3284],[-2.8932,53.3284],[-2.8932,53.2927],[-2.8815,53.2884],[-2.845,53.3001],[-2.8448,53.3001],[-2.7965,53.3],[-2.7965,53.322],[-2.7998,53.321],[-2.8103,53.3217],[-2.8034,53.3438],[-2.787,53.3366],[-2.7719,53.3489],[-2.7747,53.3605],[-2.7722,53.365],[-2.7547,53.3781],[-2.7411,53.3883],[-2.6806,53.3788],[-2.6629,53.3574],[-2.6291,53.3421],[-2.6057,53.3381],[-2.5807,53.3155],[-2.5694,53.3123],[-2.555,53.3123],[-2.5316,53.3196],[-2.509,53.3309],[-2.4471,53.355],[-2.4288,53.3803],[-2.395,53.3735],[-2.3648,53.3624],[-2.3167,53.3599],[-2.2834,53.3422],[-2.2603,53.3449],[-2.2384,53.3549],[-2.2036,53.3538],[-2.1761,53.3455],[-2.1745,53.3308],[-2.1595,53.3213],[-2.1403,53.3277],[-2.1306,53.3525],[-2.12,53.3594],[-2.0808,53.3611],[-2.0495,53.3522],[-2.0353,53.3677],[-2.0168,53.3704],[-2.0045,53.3741],[-1.9814,53.3983],[-1.9906,53.4064],[-2.0117,53.4125],[-2.0092,53.4274],[-1.9825,53.4438],[-1.9778,53.4688],[-1.9636,53.4947],[-1.9325,53.4958],[-1.9189,53.5008],[-1.91,53.5205],[-1.8972,53.533],[-1.9378,53.568],[-1.977,53.5938],[-1.9881,53.6147],[-2.017,53.6186],[-2.0239,53.6394],[-2.035,53.6469],[-2.0314,53.6633],[-2.0436,53.6738],[-2.0464,53.6841],[-2.065,53.6835],[-2.0811,53.6747],[-2.0986,53.6719],[-2.1181,53.683],[-2.1317,53.6822],[-2.1423,53.6941],[-2.1514,53.6965],[-2.1598,53.7255],[-2.1214,53.7552],[-2.1206,53.7913],[-2.0956,53.8105],[-2.0473,53.8244],[-2.0326,53.8476],[-2.0975,53.8885],[-2.105,53.9146],[-2.1742,53.936],[-2.1906,53.9658],[-2.2222,53.968],[-2.2275,53.9827],[-2.2742,53.9699],[-2.3,53.9891],[-2.3351,53.991],[-2.337,54.018],[-2.3547,54.0424],[-2.427,54.038],[-2.4583,54.0472],[-2.4678,54.0797],[-2.545,54.1135],[-2.5476,54.1511],[-2.5117,54.1716],[-2.4534,54.2172],[-2.4475,54.2302],[-2.4006,54.2283],[-2.3525,54.2505],[-2.3098,54.2433],[-2.3061,54.3205],[-2.3472,54.3502],[-2.2834,54.3827],[-2.2956,54.4177],[-2.2447,54.448],[-2.1942,54.4466],[-2.1552,54.4556],[-2.1631,54.528],[-2.1917,54.5313],[-2.2095,54.5522],[-2.2853,54.588],[-2.3056,54.6277],[-2.2792,54.6502],[-2.2909,54.6658],[-2.3539,54.6908],[-2.3272,54.7274],[-2.305,54.7832],[-2.362,54.8108],[-2.4,54.8472],[-2.5,54.8052],[-2.5336,54.808],[-2.5636,54.8236],[-2.5664,54.8583],[-2.5936,54.8827],[-2.5703,54.893],[-2.5417,54.923],[-2.565,54.9577],[-2.592,54.9666],[-2.5678,54.9861],[-2.56,55.0119],[-2.482,55.0391],[-2.4948,55.058],[-2.4853,55.0794],[-2.5053,55.0869],[-2.5473,55.0799],[-2.5875,55.103],[-2.5978,55.1236],[-2.6409,55.1321],[-2.685,55.1908],[-2.6313,55.2234],[-2.6258,55.2625],[-2.5515,55.3144],[-2.4628,55.3604],[-2.4267,55.366],[-2.3793,55.3555],[-2.3595,55.3625],[-2.3252,55.3981],[-2.2722,55.4189],[-2.2114,55.4333],[-2.1829,55.4624],[-2.2127,55.4903],[-2.217,55.5089],[-2.2567,55.5495],[-2.2787,55.5891],[-2.3273,55.6251],[-2.3066,55.6451],[-2.2428,55.6499],[-2.1629,55.7228],[-2.092,55.7572],[-2.0785,55.7904],[-2.0229,55.8055],[-2.0262,55.8092],[-2.0102,55.8092],[-1.9995,55.795],[-1.9929,55.7902],[-1.9595,55.7661],[-1.8304,55.6727],[-1.7751,55.6432],[-1.7686,55.6419],[-1.7646,55.6376],[-1.7296,55.6189],[-1.7183,55.6116],[-1.6991,55.613],[-1.6308,55.5851],[-1.6347,55.5644],[-1.6172,55.5503],[-1.6308,55.5373],[-1.6029,55.5236],[-1.6113,55.508],[-1.5849,55.4837],[-1.5817,55.4215],[-1.5208,55.2596],[-1.4974,55.2037],[-1.4519,55.0948],[-1.4406,55.0676],[-1.4301,55.0425],[-1.4285,55.0404],[-1.4079,55.0132],[-1.3873,54.986],[-1.3702,54.9755],[-1.3627,54.9648],[-1.3635,54.9545],[-1.3311,54.9116],[-1.3272,54.9065],[-1.2987,54.8688],[-1.2339,54.7831],[-1.2337,54.7829],[-1.2014,54.7402],[-1.1691,54.6975],[-1.1647,54.6917],[-1.1367,54.6547],[-1.1327,54.6494],[-1.1279,54.648],[-0.8917,54.5796],[-0.7879,54.5608],[-0.7788,54.5574],[-0.6939,54.5259],[-0.43,54.4639],[-0.3892,54.3884],[-0.309,54.24],[-0.2368,54.1933],[-0.232,54.1902],[-0.1987,54.1741],[-0.1606,54.1558],[-0.0844,54.119],[-0.0847,54.1188],[-0.0846,54.1188],[-0.0847,54.1187],[-0.0844,54.1186],[-0.086,54.1178],[-0.0755,54.1121],[-0.13,54.0944],[-0.1564,54.0804],[-0.1971,54.0329],[-0.1028,53.8585],[-0.0673,53.8217],[-0.0452,53.8012],[0.1335,53.6426],[0.1493,53.6096],[0.1369,53.5771],[0.1096,53.5629],[0.136,53.6107],[0.1063,53.6221],[0.1172,53.6086],[0.1166,53.6089],[0.1172,53.6082],[0.1165,53.6086],[0.1168,53.6082],[0.0772,53.629],[0.0644,53.6324],[0.0376,53.6395],[0.0159,53.6388],[0.0345,53.6045],[0.0555,53.5656],[0.0765,53.5268],[0.0974,53.488],[0.1519,53.4758],[0.1758,53.4377],[0.2195,53.4195],[0.2449,53.3909],[0.3421,53.2263],[0.3562,53.1885],[0.3566,53.1457],[0.3405,53.1101],[0.355,53.09],[0.4093,53.0146],[0.4094,53.0146],[0.4365,52.977],[0.4637,52.9393],[0.47,52.9305],[0.4822,52.9285],[0.4857,52.9335],[0.5203,52.9553],[0.5696,52.9693],[0.6714,52.9744],[0.6719,52.9744],[0.6847,52.9864],[0.7482,52.9748],[0.7581,52.9744],[0.8357,52.9744],[0.9054,52.9603],[0.9487,52.9541],[1.0011,52.9566],[1.0139,52.9602],[0.9661,52.9744],[1.2747,52.9292],[1.396,52.8914],[1.6442,52.7758],[1.697,52.731],[1.7472,52.6252],[1.7476,52.5328],[1.7712,52.4859],[1.7544,52.4674],[1.7293,52.4156],[1.7279,52.3963],[1.6836,52.3245],[1.6611,52.3016],[1.6472,52.2784],[1.6308,52.2195],[1.6309,52.1998],[1.5823,52.0815],[1.5339,52.0704],[1.4132,51.9937],[1.4117,51.9931],[1.3323,51.9401],[1.3119,51.9564],[1.271,51.9331],[1.2785,51.9279],[1.2599,51.9161],[1.2728,51.9021],[1.2747,51.8722],[1.2866,51.8817],[1.2764,51.8448],[1.2764,51.8444],[1.2722,51.8424],[1.2192,51.8118],[1.1354,51.7817],[1.0733,51.776],[1.2123,51.5964],[1.2184,51.5885],[1.2492,51.5487],[1.3727,51.3891],[1.4238,51.3921],[1.4483,51.3829],[1.4391,51.3501],[1.4187,51.3298],[1.4492,51.2904],[1.449,51.2903],[1.4492,51.29],[1.4107,51.2676],[1.4077,51.246],[1.4131,51.2217],[1.4048,51.1835],[1.3845,51.1517],[1.3572,51.131],[1.2904,51.1165],[1.263,51.1033],[1.2181,51.101],[1.1722,51.0774],[1.133,51.0768],[1.046,51.0476],[0.9776,50.9712],[0.9718,50.9568],[0.9798,50.9182],[0.9452,50.9094],[0.8698,50.9251]]]}},
{"type":"Feature","properties":{"entityId":"anglo-saxon-kingdoms","from":638,"to":659,"certainty":"estimated","source":"유럽 쪽은 Natural Earth 1:10m admin-1(v5.1.2) 현대 행정구역 조각을 그 시기 국경에 맞춰 묶고, 조각이 역사 경계와 다른 곳은 선을 그어 나눈 근사. 유럽 밖(시베리아·중앙아시아·극동)은 대략적인 추정. 운영자 검수 필요"},"geometry":{"type":"MultiPolygon","coordinates":[[[[-3.0176,53.932],[-2.9565,53.9458],[-2.948,53.9801],[-2.9469,53.9846],[-2.948,53.9856],[-3.0121,54.0446],[-3.0441,54.0741],[-3.0762,54.1036],[-3.1,54.1255],[-3.1179,54.1088],[-3.1453,54.1],[-3.1454,54.0638],[-3.1898,54.0979],[-3.241,54.1121],[-3.2331,54.1592],[-3.2484,54.1737],[-3.2391,54.1754],[-3.2716,54.1969],[-3.3068,54.1919],[-3.3285,54.2047],[-3.4074,54.2777],[-3.4055,54.3013],[-3.4112,54.3061],[-3.556,54.4536],[-3.5919,54.4831],[-3.6342,54.5129],[-3.6116,54.5299],[-3.5909,54.5636],[-3.5912,54.5648],[-3.5911,54.5649],[-3.5912,54.5652],[-3.5887,54.5694],[-3.5871,54.574],[-3.6308,54.6142],[-3.7241,54.6277],[-3.768,54.6341],[-3.8119,54.6405],[-3.8119,54.6618],[-3.8119,54.6681],[-3.8119,54.6894],[-3.768,54.6894],[-3.768,54.7203],[-3.7241,54.7203],[-3.7241,54.732],[-3.6874,54.732],[-3.6874,54.7584],[-3.6508,54.7584],[-3.6508,54.7847],[-3.6363,54.7847],[-3.6141,54.7847],[-3.5924,54.7847],[-3.5924,54.8111],[-3.5485,54.8111],[-3.5485,54.8367],[-3.5054,54.8367],[-3.5054,54.8627],[-3.4624,54.8627],[-3.4624,54.8886],[-3.4607,54.8886],[-3.4607,54.9146],[-3.4607,54.936],[-3.4168,54.936],[-3.3729,54.936],[-3.3729,54.9326],[-3.329,54.9326],[-3.329,54.9764],[-3.2851,54.9745],[-3.2412,54.9727],[-3.1973,54.9708],[-3.1534,54.9689],[-3.1534,54.937],[-3.1228,54.9327],[-3.1095,54.9356],[-3.1095,54.9722],[-3.0656,54.9791],[-3.0503,54.9815],[-3.033,55.0152],[-3.0303,55.0459],[-3.015,55.0515],[-2.9538,55.041],[-2.9223,55.0717],[-2.8831,55.0836],[-2.8503,55.1113],[-2.8595,55.1363],[-2.8895,55.1552],[-2.8842,55.2019],[-2.8639,55.2185],[-2.8689,55.2369],[-2.8984,55.238],[-2.8726,55.2619],[-2.8912,55.278],[-2.945,55.288],[-2.9975,55.2683],[-3.0345,55.273],[-3.057,55.3072],[-3.0984,55.3296],[-3.1045,55.3522],[-3.1642,55.3497],[-3.2075,55.3722],[-3.285,55.3411],[-3.3039,55.3427],[-3.3034,55.3849],[-3.2414,55.4188],[-3.2525,55.4288],[-3.3164,55.4383],[-3.345,55.4119],[-3.4106,55.4119],[-3.4437,55.4044],[-3.5003,55.4097],[-3.5348,55.438],[-3.5122,55.4922],[-3.485,55.515],[-3.4872,55.5602],[-3.527,55.6002],[-3.4781,55.6122],[-3.4795,55.6485],[-3.3945,55.7077],[-3.4359,55.7183],[-3.4579,55.7696],[-3.5228,55.7855],[-3.565,55.7877],[-3.59,55.8016],[-3.6112,55.8038],[-3.6881,55.7952],[-3.7239,55.778],[-3.7334,55.7835],[-3.7184,55.8124],[-3.745,55.858],[-3.7103,55.8702],[-3.7064,55.8769],[-3.7283,55.8833],[-3.7934,55.8719],[-3.8206,55.8891],[-3.8089,55.8952],[-3.7739,55.9024],[-3.7192,55.9319],[-3.6673,55.9422],[-3.6642,55.9544],[-3.635,55.9652],[-3.5986,55.9911],[-3.5795,55.9936],[-3.5667,55.9866],[-3.5395,55.9866],[-3.5053,56.0056],[-3.4999,56.0047],[-3.4693,55.9999],[-3.4498,55.9968],[-3.4386,55.995],[-3.4079,55.9901],[-3.4054,55.9897],[-3.3772,55.9897],[-3.3583,55.9897],[-3.3466,55.9916],[-3.3466,56.0108],[-3.3159,56.0108],[-3.2852,56.0108],[-3.2852,56.0153],[-3.2545,56.0153],[-3.2239,56.0153],[-3.2239,56.0068],[-3.1932,56.0068],[-3.1625,56.0068],[-3.1625,55.9989],[-3.1318,55.9989],[-3.1012,55.9989],[-3.1012,56.0164],[-3.0759,56.0164],[-3.1012,55.9912],[-3.1188,55.9737],[-3.1012,55.9726],[-3.0708,55.9707],[-3.0404,55.9688],[-2.9971,55.9661],[-2.9796,55.9729],[-2.8628,56.0177],[-2.871,56.0307],[-2.8231,56.0598],[-2.8028,56.0648],[-2.6351,56.0581],[-2.616,56.0532],[-2.5694,56.0245],[-2.5728,56.0193],[-2.5172,56.0042],[-2.5079,56.0102],[-2.4597,55.9885],[-2.438,55.9826],[-2.4144,55.9783],[-2.4041,55.9734],[-2.2322,55.9267],[-2.1468,55.9173],[-2.144,55.913],[-2.086,55.9094],[-2.0517,55.864],[-2.0102,55.8092],[-1.9995,55.795],[-1.9929,55.7902],[-1.9595,55.7661],[-1.8304,55.6727],[-1.7751,55.6432],[-1.7686,55.6419],[-1.7646,55.6376],[-1.7296,55.6189],[-1.7183,55.6116],[-1.6991,55.613],[-1.6308,55.5851],[-1.6347,55.5644],[-1.6172,55.5503],[-1.6308,55.5373],[-1.6029,55.5236],[-1.6113,55.508],[-1.5849,55.4837],[-1.5817,55.4215],[-1.5208,55.2596],[-1.4974,55.2037],[-1.4519,55.0948],[-1.4406,55.0676],[-1.4301,55.0425],[-1.4285,55.0404],[-1.4079,55.0132],[-1.3873,54.986],[-1.3702,54.9755],[-1.3627,54.9648],[-1.3635,54.9545],[-1.3311,54.9116],[-1.3272,54.9065],[-1.2987,54.8688],[-1.2339,54.7831],[-1.2337,54.7829],[-1.2014,54.7402],[-1.1691,54.6975],[-1.1647,54.6917],[-1.1367,54.6547],[-1.1327,54.6494],[-1.1279,54.648],[-0.8917,54.5796],[-0.7879,54.5608],[-0.7788,54.5574],[-0.6939,54.5259],[-0.43,54.4639],[-0.3892,54.3884],[-0.309,54.24],[-0.2368,54.1933],[-0.232,54.1902],[-0.1987,54.1741],[-0.1606,54.1558],[-0.0844,54.119],[-0.0847,54.1188],[-0.0846,54.1188],[-0.0847,54.1187],[-0.0844,54.1186],[-0.086,54.1178],[-0.0755,54.1121],[-0.13,54.0944],[-0.1564,54.0804],[-0.1971,54.0329],[-0.1028,53.8585],[-0.0673,53.8217],[-0.0452,53.8012],[0.1335,53.6426],[0.1493,53.6096],[0.1369,53.5771],[0.1096,53.5629],[0.136,53.6107],[0.1063,53.6221],[0.1172,53.6086],[0.1166,53.6089],[0.1172,53.6082],[0.1165,53.6086],[0.1168,53.6082],[0.0772,53.629],[0.0644,53.6324],[0.0376,53.6395],[0.0159,53.6388],[0.0345,53.6045],[0.0555,53.5656],[0.0765,53.5268],[0.0974,53.488],[0.1519,53.4758],[0.1758,53.4377],[0.2195,53.4195],[0.2449,53.3909],[0.3421,53.2263],[0.3562,53.1885],[0.3566,53.1457],[0.3405,53.1101],[0.355,53.09],[0.4093,53.0146],[0.4094,53.0146],[0.4365,52.977],[0.4637,52.9393],[0.47,52.9305],[0.4822,52.9285],[0.4857,52.9335],[0.5203,52.9553],[0.5696,52.9693],[0.6714,52.9744],[0.6719,52.9744],[0.6847,52.9864],[0.7482,52.9748],[0.7581,52.9744],[0.8357,52.9744],[0.9054,52.9603],[0.9487,52.9541],[1.0011,52.9566],[1.0139,52.9602],[0.9661,52.9744],[1.2747,52.9292],[1.396,52.8914],[1.6442,52.7758],[1.697,52.731],[1.7472,52.6252],[1.7476,52.5328],[1.7712,52.4859],[1.7544,52.4674],[1.7293,52.4156],[1.7279,52.3963],[1.6836,52.3245],[1.6611,52.3016],[1.6472,52.2784],[1.6308,52.2195],[1.6309,52.1998],[1.5823,52.0815],[1.5339,52.0704],[1.4132,51.9937],[1.4117,51.9931],[1.3323,51.9401],[1.3119,51.9564],[1.271,51.9331],[1.2785,51.9279],[1.2599,51.9161],[1.2728,51.9021],[1.2747,51.8722],[1.2866,51.8817],[1.2764,51.8448],[1.2764,51.8444],[1.2722,51.8424],[1.2192,51.8118],[1.1354,51.7817],[1.0733,51.776],[1.2123,51.5964],[1.2184,51.5885],[1.2492,51.5487],[1.3727,51.3891],[1.4238,51.3921],[1.4483,51.3829],[1.4391,51.3501],[1.4187,51.3298],[1.4492,51.2904],[1.449,51.2903],[1.4492,51.29],[1.4107,51.2676],[1.4077,51.246],[1.4131,51.2217],[1.4048,51.1835],[1.3845,51.1517],[1.3572,51.131],[1.2904,51.1165],[1.263,51.1033],[1.2181,51.101],[1.1722,51.0774],[1.133,51.0768],[1.046,51.0476],[0.9776,50.9712],[0.9718,50.9568],[0.9798,50.9182],[0.9452,50.9094],[0.8698,50.9251],[0.8446,50.9304],[0.8331,50.9308],[0.5492,50.7653],[0.5488,50.7653],[0.2929,50.7672],[0.271,50.7474],[0.2141,50.7489],[0.1683,50.7598],[0.1221,50.7608],[0.1076,50.7686],[0.0573,50.769],[0.0322,50.7692],[0.007,50.7694],[-0.0181,50.7696],[-0.0433,50.7698],[-0.0936,50.7702],[-0.1439,50.7705],[-0.169,50.7707],[-0.1942,50.7709],[-0.2193,50.7711],[-0.2445,50.7713],[-0.2949,50.7717],[-0.6974,50.7748],[-0.7327,50.7673],[-0.7415,50.7707],[-0.7724,50.7665],[-0.7731,50.766],[-0.771,50.7369],[-0.8128,50.7348],[-0.8768,50.7608],[-0.9138,50.7548],[-0.9138,50.7956],[-0.9505,50.7956],[-0.9507,50.7958],[-0.9507,50.8135],[-0.9478,50.8178],[-0.9503,50.8238],[-0.9507,50.824],[-0.9507,50.8423],[-0.9298,50.84],[-0.9233,50.8652],[-0.9525,50.8919],[-0.9217,50.9205],[-0.9308,50.9438],[-0.8626,51.0436],[-0.8286,51.0636],[-0.7881,51.0605],[-0.7537,51.0887],[-0.747,51.1113],[-0.78,51.1235],[-0.7909,51.1469],[-0.8236,51.1516],[-0.8245,51.1827],[-0.84,51.2039],[-0.8292,51.226],[-0.7995,51.2391],[-0.7484,51.2316],[-0.7311,51.2438],[-0.7297,51.2916],[-0.7653,51.3313],[-0.7209,51.3638],[-0.6987,51.3669],[-0.6581,51.3822],[-0.6197,51.3877],[-0.5989,51.4036],[-0.5903,51.4263],[-0.5757,51.4456],[-0.5316,51.4337],[-0.5184,51.4394],[-0.5212,51.4502],[-0.5128,51.4758],[-0.4972,51.4778],[-0.4845,51.4944],[-0.4714,51.55],[-0.4935,51.5909],[-0.4861,51.5977],[-0.4814,51.616],[-0.47,51.6174],[-0.4589,51.6108],[-0.432,51.6152],[-0.3998,51.6148],[-0.3739,51.6144],[-0.3209,51.6344],[-0.2936,51.6383],[-0.2542,51.6441],[-0.2453,51.6674],[-0.2384,51.6722],[-0.2289,51.6686],[-0.2175,51.6541],[-0.2006,51.6622],[-0.1734,51.6663],[-0.1654,51.6713],[-0.1584,51.6758],[-0.1481,51.6891],[-0.0113,51.6772],[0,51.7331],[0.0356,51.7683],[0.1083,51.7775],[0.158,51.7905],[0.1903,51.8166],[0.173,51.8252],[0.1736,51.8483],[0.1992,51.8658],[0.1899,51.8902],[0.1417,51.8839],[0.1108,51.9736],[0.0825,51.9833],[0.0805,52.0024],[0.0514,52.0433],[-0.0114,52.0516],[-0.0295,52.0399],[-0.1092,52.0194],[-0.1356,52.0435],[-0.1461,52.0697],[-0.132,52.1336],[-0.17,52.1297],[-0.2167,52.1327],[-0.207,52.1505],[-0.247,52.1605],[-0.2339,52.1727],[-0.2531,52.1919],[-0.292,52.2027],[-0.2934,52.2241],[-0.3317,52.2291],[-0.3553,52.2271],[-0.3684,52.2419],[-0.3711,52.2677],[-0.4189,52.278],[-0.4295,52.2974],[-0.4588,52.3088],[-0.5031,52.303],[-0.5253,52.2833],[-0.5253,52.2605],[-0.5412,52.2458],[-0.5586,52.248],[-0.5906,52.2661],[-0.6414,52.2591],[-0.6345,52.216],[-0.6545,52.1925],[-0.7289,52.1616],[-0.762,52.1624],[-0.7761,52.1469],[-0.8067,52.1522],[-0.8259,52.1274],[-0.8784,52.116],[-0.8517,52.0858],[-0.8278,52.0722],[-0.8275,52.0644],[-0.8559,52.0585],[-0.8565,52.0405],[-0.8674,52.0338],[-0.9014,52.0186],[-0.9406,52.0719],[-1.0233,52.0647],[-1.0367,52.0536],[-1.0967,52.0438],[-1.1418,52.0177],[-1.1082,52.0092],[-1.1384,51.9897],[-1.1837,51.9783],[-1.265,51.9797],[-1.2967,52.0388],[-1.2939,52.0713],[-1.3067,52.0774],[-1.2372,52.096],[-1.3212,52.1615],[-1.3414,52.1344],[-1.3736,52.1183],[-1.3511,52.1044],[-1.3795,52.0919],[-1.4075,52.1077],[-1.4375,52.1075],[-1.4364,52.093],[-1.4703,52.0886],[-1.4953,52.0608],[-1.4959,52.0405],[-1.5181,51.9883],[-1.5456,51.9847],[-1.5498,51.9691],[-1.5862,51.9672],[-1.604,51.9549],[-1.6525,51.9839],[-1.6569,51.9591],[-1.6189,51.9449],[-1.6128,51.9316],[-1.6461,51.91],[-1.6375,51.8938],[-1.6759,51.8552],[-1.6792,51.7971],[-1.7092,51.7749],[-1.6925,51.7624],[-1.6761,51.7047],[-1.6472,51.6864],[-1.6493,51.6737],[-1.6833,51.6786],[-1.7011,51.681],[-1.7245,51.6627],[-1.7497,51.6588],[-1.7774,51.6604],[-1.7959,51.6944],[-1.8117,51.6925],[-1.8328,51.6566],[-1.8881,51.6725],[-1.8692,51.6463],[-1.94,51.663],[-1.9487,51.6399],[-2.0573,51.6641],[-2.1011,51.6202],[-2.1489,51.5894],[-2.1917,51.5983],[-2.24,51.5791],[-2.2716,51.5772],[-2.262,51.5472],[-2.2453,51.5186],[-2.2806,51.5099],[-2.3206,51.4838],[-2.287,51.4813],[-2.2807,51.4203],[-2.3254,51.4149],[-2.3977,51.4029],[-2.5034,51.4055],[-2.5227,51.4188],[-2.5275,51.4082],[-2.5395,51.3935],[-2.5623,51.3801],[-2.6064,51.3801],[-2.6335,51.3821],[-2.6306,51.4002],[-2.6306,51.443],[-2.6439,51.4551],[-2.668,51.4671],[-2.7055,51.4805],[-2.7294,51.4962],[-2.7326,51.4958],[-2.7326,51.5333],[-2.7326,51.5622],[-2.7061,51.5622],[-2.7061,51.5868],[-2.6796,51.5868],[-2.6666,51.5868],[-2.6531,51.5868],[-2.627,51.5868],[-2.6266,51.5872],[-2.6266,51.6271],[-2.6527,51.6271],[-2.6531,51.6268],[-2.6654,51.6173],[-2.6835,51.659],[-2.6617,51.6755],[-2.6837,51.7261],[-2.6702,51.7495],[-2.6758,51.7867],[-2.6485,51.8214],[-2.642,51.8472],[-2.62,51.8377],[-2.5506,51.8616],[-2.5197,51.8588],[-2.5058,51.8799],[-2.4345,51.8966],[-2.4339,51.9155],[-2.4603,51.9477],[-2.4814,51.958],[-2.4609,52.0197],[-2.4295,51.9944],[-2.3933,51.9947],[-2.3516,52.0139],[-2.3498,52.1067],[-2.3601,52.1221],[-2.3922,52.1312],[-2.4102,52.1569],[-2.4064,52.2058],[-2.4154,52.2199],[-2.4578,52.2302],[-2.4475,52.2585],[-2.4887,52.2649],[-2.5273,52.243],[-2.607,52.2417],[-2.616,52.2777],[-2.6314,52.2919],[-2.6409,52.3322],[-2.5978,52.3052],[-2.5556,52.3085],[-2.5253,52.3397],[-2.4745,52.3271],[-2.4698,52.3572],[-2.4103,52.3633],[-2.3906,52.3836],[-2.3195,52.3846],[-2.3505,52.4237],[-2.3395,52.4344],[-2.3048,52.4308],[-2.2862,52.4446],[-2.2986,52.4755],[-2.2842,52.505],[-2.255,52.5183],[-2.2672,52.5483],[-2.2511,52.5624],[-2.3106,52.5913],[-2.3034,52.6088],[-2.2664,52.6036],[-2.237,52.6124],[-2.227,52.6366],[-2.2315,52.6691],[-2.2931,52.6802],[-2.3103,52.7005],[-2.3056,52.7338],[-2.324,52.7477],[-2.3689,52.7819],[-2.3603,52.7938],[-2.3684,52.8069],[-2.3966,52.8216],[-2.3781,52.838],[-2.3659,52.8841],[-2.4345,52.868],[-2.4495,52.8855],[-2.4426,52.9127],[-2.4192,52.9364],[-2.3753,52.9497],[-2.3642,52.9802],[-2.3788,52.9896],[-2.4236,52.9786],[-2.4309,52.9649],[-2.4789,52.9541],[-2.5128,52.9616],[-2.5272,52.9472],[-2.5778,52.9536],[-2.5895,52.9769],[-2.6228,52.9858],[-2.7277,52.9665],[-2.7686,52.9815],[-2.8062,52.985],[-2.8505,53.0172],[-2.871,53.0663],[-2.8974,53.1022],[-2.9568,53.1446],[-2.9524,53.1529],[-2.9153,53.1671],[-2.9136,53.1834],[-2.9556,53.2155],[-3.0198,53.2467],[-3.0845,53.2586],[-3.0925,53.2787],[-3.1108,53.2787],[-3.1371,53.2787],[-3.1371,53.2954],[-3.1634,53.2954],[-3.1634,53.3226],[-3.1897,53.3226],[-3.1897,53.3208],[-3.216,53.3208],[-3.216,53.3528],[-3.2423,53.3528],[-3.2423,53.3832],[-3.2423,53.3849],[-3.2686,53.3849],[-3.2686,53.4153],[-3.2423,53.4137],[-3.1897,53.4105],[-3.1581,53.4085],[-3.1573,53.4088],[-3.1147,53.4127],[-3.095,53.4172],[-3.0938,53.4176],[-3.0867,53.4211],[-3.0792,53.4514],[-3.0726,53.4779],[-3.066,53.5043],[-3.0966,53.5443],[-3.1019,53.5581],[-3.0995,53.572],[-3.0876,53.5877],[-3.0316,53.6431],[-3.0194,53.6925],[-3.0071,53.742],[-3.0215,53.7458],[-3.0492,53.7695],[-3.0564,53.803],[-3.0449,53.8785],[-3.0566,53.9062],[-3.0407,53.9235],[-3.0176,53.932]]],[[[-3.0759,56.0164],[-3.0759,56.0416],[-3.0507,56.0416],[-3.0759,56.0164]]]]}},
{"type":"Feature","properties":{"entityId":"anglo-saxon-kingdoms","from":659,"to":668,"certainty":"estimated","source":"유럽 쪽은 Natural Earth 1:10m admin-1(v5.1.2) 현대 행정구역 조각을 그 시기 국경에 맞춰 묶고, 조각이 역사 경계와 다른 곳은 선을 그어 나눈 근사. 유럽 밖(시베리아·중앙아시아·극동)은 대략적인 추정. 운영자 검수 필요"},"geometry":{"type":"MultiPolygon","coordinates":[[[[-3.0176,53.932],[-2.9565,53.9458],[-2.948,53.9801],[-2.9469,53.9846],[-2.948,53.9856],[-3.0121,54.0446],[-3.0441,54.0741],[-3.0762,54.1036],[-3.1,54.1255],[-3.1179,54.1088],[-3.1453,54.1],[-3.1454,54.0638],[-3.1898,54.0979],[-3.241,54.1121],[-3.2331,54.1592],[-3.2484,54.1737],[-3.2391,54.1754],[-3.2716,54.1969],[-3.3068,54.1919],[-3.3285,54.2047],[-3.4074,54.2777],[-3.4055,54.3013],[-3.4112,54.3061],[-3.556,54.4536],[-3.5919,54.4831],[-3.6342,54.5129],[-3.6116,54.5299],[-3.5909,54.5636],[-3.5912,54.5648],[-3.5911,54.5649],[-3.5912,54.5652],[-3.5887,54.5694],[-3.5871,54.574],[-3.6308,54.6142],[-3.7241,54.6277],[-3.768,54.6341],[-3.8119,54.6405],[-3.8119,54.6618],[-3.8119,54.6681],[-3.8119,54.6894],[-3.768,54.6894],[-3.768,54.7203],[-3.7241,54.7203],[-3.7241,54.732],[-3.6874,54.732],[-3.6874,54.7584],[-3.6508,54.7584],[-3.6508,54.7847],[-3.6363,54.7847],[-3.6141,54.7847],[-3.5924,54.7847],[-3.5924,54.8111],[-3.5485,54.8111],[-3.5485,54.8367],[-3.5054,54.8367],[-3.5054,54.8627],[-3.4624,54.8627],[-3.4624,54.8886],[-3.4607,54.8886],[-3.4607,54.9146],[-3.4607,54.936],[-3.4168,54.936],[-3.3729,54.936],[-3.3729,54.9326],[-3.329,54.9326],[-3.329,54.9764],[-3.2851,54.9745],[-3.2412,54.9727],[-3.1973,54.9708],[-3.1534,54.9689],[-3.1534,54.937],[-3.1228,54.9327],[-3.1095,54.9356],[-3.1095,54.9722],[-3.0656,54.9791],[-3.0503,54.9815],[-3.033,55.0152],[-3.0303,55.0459],[-3.015,55.0515],[-2.9538,55.041],[-2.9223,55.0717],[-2.8831,55.0836],[-2.8503,55.1113],[-2.8595,55.1363],[-2.8895,55.1552],[-2.8842,55.2019],[-2.8639,55.2185],[-2.8689,55.2369],[-2.8984,55.238],[-2.8726,55.2619],[-2.8912,55.278],[-2.945,55.288],[-2.9975,55.2683],[-3.0345,55.273],[-3.057,55.3072],[-3.0984,55.3296],[-3.1045,55.3522],[-3.1642,55.3497],[-3.2075,55.3722],[-3.285,55.3411],[-3.3039,55.3427],[-3.3034,55.3849],[-3.2414,55.4188],[-3.2525,55.4288],[-3.3164,55.4383],[-3.345,55.4119],[-3.4106,55.4119],[-3.4437,55.4044],[-3.5003,55.4097],[-3.5348,55.438],[-3.5122,55.4922],[-3.485,55.515],[-3.4872,55.5602],[-3.527,55.6002],[-3.4781,55.6122],[-3.4795,55.6485],[-3.3945,55.7077],[-3.4359,55.7183],[-3.4579,55.7696],[-3.5228,55.7855],[-3.565,55.7877],[-3.59,55.8016],[-3.6112,55.8038],[-3.6881,55.7952],[-3.7239,55.778],[-3.7334,55.7835],[-3.7184,55.8124],[-3.745,55.858],[-3.7103,55.8702],[-3.7064,55.8769],[-3.7283,55.8833],[-3.7934,55.8719],[-3.8206,55.8891],[-3.8089,55.8952],[-3.7739,55.9024],[-3.7192,55.9319],[-3.6673,55.9422],[-3.6642,55.9544],[-3.635,55.9652],[-3.5986,55.9911],[-3.5795,55.9936],[-3.5667,55.9866],[-3.5395,55.9866],[-3.5053,56.0056],[-3.4999,56.0047],[-3.4693,55.9999],[-3.4498,55.9968],[-3.4386,55.995],[-3.4079,55.9901],[-3.4054,55.9897],[-3.3772,55.9897],[-3.3583,55.9897],[-3.3466,55.9916],[-3.3466,56.0108],[-3.3159,56.0108],[-3.2852,56.0108],[-3.2852,56.0153],[-3.2545,56.0153],[-3.2239,56.0153],[-3.2239,56.0068],[-3.1932,56.0068],[-3.1625,56.0068],[-3.1625,55.9989],[-3.1318,55.9989],[-3.1012,55.9989],[-3.1012,56.0164],[-3.0759,56.0164],[-3.1012,55.9912],[-3.1188,55.9737],[-3.1012,55.9726],[-3.0708,55.9707],[-3.0404,55.9688],[-2.9971,55.9661],[-2.9796,55.9729],[-2.8628,56.0177],[-2.871,56.0307],[-2.8231,56.0598],[-2.8028,56.0648],[-2.6351,56.0581],[-2.616,56.0532],[-2.5694,56.0245],[-2.5728,56.0193],[-2.5172,56.0042],[-2.5079,56.0102],[-2.4597,55.9885],[-2.438,55.9826],[-2.4144,55.9783],[-2.4041,55.9734],[-2.2322,55.9267],[-2.1468,55.9173],[-2.144,55.913],[-2.086,55.9094],[-2.0517,55.864],[-2.0102,55.8092],[-1.9995,55.795],[-1.9929,55.7902],[-1.9595,55.7661],[-1.8304,55.6727],[-1.7751,55.6432],[-1.7686,55.6419],[-1.7646,55.6376],[-1.7296,55.6189],[-1.7183,55.6116],[-1.6991,55.613],[-1.6308,55.5851],[-1.6347,55.5644],[-1.6172,55.5503],[-1.6308,55.5373],[-1.6029,55.5236],[-1.6113,55.508],[-1.5849,55.4837],[-1.5817,55.4215],[-1.5208,55.2596],[-1.4974,55.2037],[-1.4519,55.0948],[-1.4406,55.0676],[-1.4301,55.0425],[-1.4285,55.0404],[-1.4079,55.0132],[-1.3873,54.986],[-1.3702,54.9755],[-1.3627,54.9648],[-1.3635,54.9545],[-1.3311,54.9116],[-1.3272,54.9065],[-1.2987,54.8688],[-1.2339,54.7831],[-1.2337,54.7829],[-1.2014,54.7402],[-1.1691,54.6975],[-1.1647,54.6917],[-1.1367,54.6547],[-1.1327,54.6494],[-1.1279,54.648],[-0.8917,54.5796],[-0.7879,54.5608],[-0.7788,54.5574],[-0.6939,54.5259],[-0.43,54.4639],[-0.3892,54.3884],[-0.309,54.24],[-0.2368,54.1933],[-0.232,54.1902],[-0.1987,54.1741],[-0.1606,54.1558],[-0.0844,54.119],[-0.0847,54.1188],[-0.0846,54.1188],[-0.0847,54.1187],[-0.0844,54.1186],[-0.086,54.1178],[-0.0755,54.1121],[-0.13,54.0944],[-0.1564,54.0804],[-0.1971,54.0329],[-0.1028,53.8585],[-0.0673,53.8217],[-0.0452,53.8012],[0.1335,53.6426],[0.1493,53.6096],[0.1369,53.5771],[0.1096,53.5629],[0.136,53.6107],[0.1063,53.6221],[0.1172,53.6086],[0.1166,53.6089],[0.1172,53.6082],[0.1165,53.6086],[0.1168,53.6082],[0.0772,53.629],[0.0644,53.6324],[0.0376,53.6395],[0.0159,53.6388],[0.0345,53.6045],[0.0555,53.5656],[0.0765,53.5268],[0.0974,53.488],[0.1519,53.4758],[0.1758,53.4377],[0.2195,53.4195],[0.2449,53.3909],[0.3421,53.2263],[0.3562,53.1885],[0.3566,53.1457],[0.3405,53.1101],[0.355,53.09],[0.4093,53.0146],[0.4094,53.0146],[0.4365,52.977],[0.4637,52.9393],[0.47,52.9305],[0.4822,52.9285],[0.4857,52.9335],[0.5203,52.9553],[0.5696,52.9693],[0.6714,52.9744],[0.6719,52.9744],[0.6847,52.9864],[0.7482,52.9748],[0.7581,52.9744],[0.8357,52.9744],[0.9054,52.9603],[0.9487,52.9541],[1.0011,52.9566],[1.0139,52.9602],[0.9661,52.9744],[1.2747,52.9292],[1.396,52.8914],[1.6442,52.7758],[1.697,52.731],[1.7472,52.6252],[1.7476,52.5328],[1.7712,52.4859],[1.7544,52.4674],[1.7293,52.4156],[1.7279,52.3963],[1.6836,52.3245],[1.6611,52.3016],[1.6472,52.2784],[1.6308,52.2195],[1.6309,52.1998],[1.5823,52.0815],[1.5339,52.0704],[1.4132,51.9937],[1.4117,51.9931],[1.3323,51.9401],[1.3119,51.9564],[1.271,51.9331],[1.2785,51.9279],[1.2599,51.9161],[1.2728,51.9021],[1.2747,51.8722],[1.2866,51.8817],[1.2764,51.8448],[1.2764,51.8444],[1.2722,51.8424],[1.2192,51.8118],[1.1354,51.7817],[1.0733,51.776],[1.2123,51.5964],[1.2184,51.5885],[1.2492,51.5487],[1.3727,51.3891],[1.4238,51.3921],[1.4483,51.3829],[1.4391,51.3501],[1.4187,51.3298],[1.4492,51.2904],[1.449,51.2903],[1.4492,51.29],[1.4107,51.2676],[1.4077,51.246],[1.4131,51.2217],[1.4048,51.1835],[1.3845,51.1517],[1.3572,51.131],[1.2904,51.1165],[1.263,51.1033],[1.2181,51.101],[1.1722,51.0774],[1.133,51.0768],[1.046,51.0476],[0.9776,50.9712],[0.9718,50.9568],[0.9798,50.9182],[0.9452,50.9094],[0.8698,50.9251],[0.8446,50.9304],[0.8331,50.9308],[0.5492,50.7653],[0.5488,50.7653],[0.2929,50.7672],[0.271,50.7474],[0.2141,50.7489],[0.1683,50.7598],[0.1221,50.7608],[0.1076,50.7686],[0.0573,50.769],[0.0322,50.7692],[0.007,50.7694],[-0.0181,50.7696],[-0.0433,50.7698],[-0.0936,50.7702],[-0.1439,50.7705],[-0.169,50.7707],[-0.1942,50.7709],[-0.2193,50.7711],[-0.2445,50.7713],[-0.2949,50.7717],[-0.6974,50.7748],[-0.7327,50.7673],[-0.7415,50.7707],[-0.7724,50.7665],[-0.7731,50.766],[-0.771,50.7369],[-0.8128,50.7348],[-0.8768,50.7608],[-0.9138,50.7548],[-0.9138,50.7956],[-0.9505,50.7956],[-0.9507,50.7958],[-0.9507,50.8135],[-0.9478,50.8178],[-0.9503,50.8238],[-0.9507,50.824],[-0.9507,50.8423],[-0.9298,50.84],[-0.9233,50.8652],[-0.9525,50.8919],[-0.9217,50.9205],[-0.9308,50.9438],[-0.8626,51.0436],[-0.8286,51.0636],[-0.7881,51.0605],[-0.7537,51.0887],[-0.747,51.1113],[-0.78,51.1235],[-0.7909,51.1469],[-0.8236,51.1516],[-0.8245,51.1827],[-0.84,51.2039],[-0.8292,51.226],[-0.7995,51.2391],[-0.7484,51.2316],[-0.7311,51.2438],[-0.7297,51.2916],[-0.7653,51.3313],[-0.7209,51.3638],[-0.6987,51.3669],[-0.6581,51.3822],[-0.6197,51.3877],[-0.5989,51.4036],[-0.5903,51.4263],[-0.5757,51.4456],[-0.5316,51.4337],[-0.5184,51.4394],[-0.5212,51.4502],[-0.5128,51.4758],[-0.4972,51.4778],[-0.4845,51.4944],[-0.4714,51.55],[-0.4935,51.5909],[-0.4861,51.5977],[-0.4814,51.616],[-0.47,51.6174],[-0.4589,51.6108],[-0.432,51.6152],[-0.3998,51.6148],[-0.3739,51.6144],[-0.3209,51.6344],[-0.2936,51.6383],[-0.2542,51.6441],[-0.2453,51.6674],[-0.2384,51.6722],[-0.2289,51.6686],[-0.2175,51.6541],[-0.2006,51.6622],[-0.1734,51.6663],[-0.1654,51.6713],[-0.1584,51.6758],[-0.1481,51.6891],[-0.0113,51.6772],[0,51.7331],[0.0356,51.7683],[0.1083,51.7775],[0.158,51.7905],[0.1903,51.8166],[0.173,51.8252],[0.1736,51.8483],[0.1992,51.8658],[0.1899,51.8902],[0.1417,51.8839],[0.1108,51.9736],[0.0825,51.9833],[0.0805,52.0024],[0.0514,52.0433],[-0.0114,52.0516],[-0.0295,52.0399],[-0.1092,52.0194],[-0.1356,52.0435],[-0.1461,52.0697],[-0.132,52.1336],[-0.17,52.1297],[-0.2167,52.1327],[-0.207,52.1505],[-0.247,52.1605],[-0.2339,52.1727],[-0.2531,52.1919],[-0.292,52.2027],[-0.2934,52.2241],[-0.3317,52.2291],[-0.3553,52.2271],[-0.3684,52.2419],[-0.3711,52.2677],[-0.4189,52.278],[-0.4295,52.2974],[-0.4588,52.3088],[-0.5031,52.303],[-0.5253,52.2833],[-0.5253,52.2605],[-0.5412,52.2458],[-0.5586,52.248],[-0.5906,52.2661],[-0.6414,52.2591],[-0.6345,52.216],[-0.6545,52.1925],[-0.7289,52.1616],[-0.762,52.1624],[-0.7761,52.1469],[-0.8067,52.1522],[-0.8259,52.1274],[-0.8784,52.116],[-0.8517,52.0858],[-0.8278,52.0722],[-0.8275,52.0644],[-0.8559,52.0585],[-0.8565,52.0405],[-0.8674,52.0338],[-0.9014,52.0186],[-0.9406,52.0719],[-1.0233,52.0647],[-1.0367,52.0536],[-1.0967,52.0438],[-1.1418,52.0177],[-1.1082,52.0092],[-1.1384,51.9897],[-1.1837,51.9783],[-1.265,51.9797],[-1.2967,52.0388],[-1.2939,52.0713],[-1.3067,52.0774],[-1.2372,52.096],[-1.3212,52.1615],[-1.3414,52.1344],[-1.3736,52.1183],[-1.3511,52.1044],[-1.3795,52.0919],[-1.4075,52.1077],[-1.4375,52.1075],[-1.4364,52.093],[-1.4703,52.0886],[-1.4953,52.0608],[-1.4959,52.0405],[-1.5181,51.9883],[-1.5456,51.9847],[-1.5498,51.9691],[-1.5862,51.9672],[-1.604,51.9549],[-1.6525,51.9839],[-1.6569,51.9591],[-1.6189,51.9449],[-1.6128,51.9316],[-1.6461,51.91],[-1.6375,51.8938],[-1.6759,51.8552],[-1.6792,51.7971],[-1.7092,51.7749],[-1.6925,51.7624],[-1.6761,51.7047],[-1.6472,51.6864],[-1.6493,51.6737],[-1.6833,51.6786],[-1.7011,51.681],[-1.7245,51.6627],[-1.7497,51.6588],[-1.7774,51.6604],[-1.7959,51.6944],[-1.8117,51.6925],[-1.8328,51.6566],[-1.8881,51.6725],[-1.8692,51.6463],[-1.94,51.663],[-1.9487,51.6399],[-2.0573,51.6641],[-2.1011,51.6202],[-2.1489,51.5894],[-2.1917,51.5983],[-2.24,51.5791],[-2.2716,51.5772],[-2.262,51.5472],[-2.2453,51.5186],[-2.2806,51.5099],[-2.3206,51.4838],[-2.287,51.4813],[-2.2807,51.4203],[-2.3254,51.4149],[-2.3977,51.4029],[-2.5034,51.4055],[-2.5227,51.4188],[-2.5275,51.4082],[-2.5395,51.3935],[-2.5623,51.3801],[-2.6064,51.3801],[-2.6335,51.3821],[-2.6306,51.4002],[-2.6306,51.443],[-2.6439,51.4551],[-2.668,51.4671],[-2.7055,51.4805],[-2.7294,51.4962],[-2.7326,51.4958],[-2.7326,51.5333],[-2.7326,51.5622],[-2.7061,51.5622],[-2.7061,51.5868],[-2.6796,51.5868],[-2.6666,51.5868],[-2.6531,51.5868],[-2.627,51.5868],[-2.6266,51.5872],[-2.6266,51.6271],[-2.6527,51.6271],[-2.6531,51.6268],[-2.6654,51.6173],[-2.6835,51.659],[-2.6617,51.6755],[-2.6837,51.7261],[-2.6702,51.7495],[-2.6758,51.7867],[-2.6485,51.8214],[-2.6589,51.8177],[-2.6958,51.8363],[-2.7287,51.8384],[-2.7757,51.875],[-2.8736,51.9292],[-2.9525,51.9087],[-2.9823,51.9228],[-2.9988,51.9467],[-3.0512,51.9835],[-3.0799,52.0168],[-3.0876,52.0517],[-3.1238,52.0757],[-3.1014,52.1132],[-3.1222,52.132],[-3.0757,52.1528],[-3.1077,52.1727],[-3.0541,52.2302],[-3.0025,52.257],[-2.9684,52.2578],[-2.9995,52.2962],[-2.9637,52.3226],[-2.9574,52.3412],[-3.0706,52.3466],[-3.1037,52.3681],[-3.1993,52.4125],[-3.2151,52.4384],[-3.1903,52.4688],[-3.1077,52.4939],[-3.0308,52.4969],[-2.9764,52.5381],[-3.0053,52.5673],[-3.1107,52.527],[-3.124,52.5665],[-3.1163,52.5863],[-3.0742,52.6067],[-3.0657,52.6336],[-3.0402,52.6467],[-3.0133,52.7084],[-2.9674,52.7199],[-2.9615,52.7337],[-2.9985,52.7561],[-3.0575,52.7662],[-3.0822,52.783],[-3.1404,52.7963],[-3.1522,52.8298],[-3.1219,52.8549],[-3.1284,52.88],[-3.0862,52.9136],[-3.0039,52.9498],[-2.9584,52.9505],[-2.933,52.9343],[-2.878,52.9414],[-2.848,52.9373],[-2.795,52.9039],[-2.7795,52.9006],[-2.7215,52.9182],[-2.7162,52.9418],[-2.7277,52.9665],[-2.7686,52.9815],[-2.8062,52.985],[-2.8505,53.0172],[-2.871,53.0663],[-2.8974,53.1022],[-2.9568,53.1446],[-2.9524,53.1529],[-2.9153,53.1671],[-2.9136,53.1834],[-2.9556,53.2155],[-3.0198,53.2467],[-3.0845,53.2586],[-3.0925,53.2787],[-3.1108,53.2787],[-3.1371,53.2787],[-3.1371,53.2954],[-3.1634,53.2954],[-3.1634,53.3226],[-3.1897,53.3226],[-3.1897,53.3208],[-3.216,53.3208],[-3.216,53.3528],[-3.2423,53.3528],[-3.2423,53.3832],[-3.2423,53.3849],[-3.2686,53.3849],[-3.2686,53.4153],[-3.2423,53.4137],[-3.1897,53.4105],[-3.1581,53.4085],[-3.1573,53.4088],[-3.1147,53.4127],[-3.095,53.4172],[-3.0938,53.4176],[-3.0867,53.4211],[-3.0792,53.4514],[-3.0726,53.4779],[-3.066,53.5043],[-3.0966,53.5443],[-3.1019,53.5581],[-3.0995,53.572],[-3.0876,53.5877],[-3.0316,53.6431],[-3.0194,53.6925],[-3.0071,53.742],[-3.0215,53.7458],[-3.0492,53.7695],[-3.0564,53.803],[-3.0449,53.8785],[-3.0566,53.9062],[-3.0407,53.9235],[-3.0176,53.932]]],[[[-3.0759,56.0164],[-3.0759,56.0416],[-3.0507,56.0416],[-3.0759,56.0164]]]]}},
{"type":"Feature","properties":{"entityId":"anglo-saxon-kingdoms","from":668,"to":825,"certainty":"estimated","source":"유럽 쪽은 Natural Earth 1:10m admin-1(v5.1.2) 현대 행정구역 조각을 그 시기 국경에 맞춰 묶고, 조각이 역사 경계와 다른 곳은 선을 그어 나눈 근사. 유럽 밖(시베리아·중앙아시아·극동)은 대략적인 추정. 운영자 검수 필요"},"geometry":{"type":"MultiPolygon","coordinates":[[[[-3.0176,53.932],[-2.9565,53.9458],[-2.948,53.9801],[-2.9469,53.9846],[-2.948,53.9856],[-3.0121,54.0446],[-3.0441,54.0741],[-3.0762,54.1036],[-3.1,54.1255],[-3.1179,54.1088],[-3.1453,54.1],[-3.1454,54.0638],[-3.1898,54.0979],[-3.241,54.1121],[-3.2331,54.1592],[-3.2484,54.1737],[-3.2391,54.1754],[-3.2716,54.1969],[-3.3068,54.1919],[-3.3285,54.2047],[-3.4074,54.2777],[-3.4055,54.3013],[-3.4112,54.3061],[-3.556,54.4536],[-3.5919,54.4831],[-3.6342,54.5129],[-3.6116,54.5299],[-3.5909,54.5636],[-3.5912,54.5648],[-3.5911,54.5649],[-3.5912,54.5652],[-3.5887,54.5694],[-3.5871,54.574],[-3.6308,54.6142],[-3.7241,54.6277],[-3.768,54.6341],[-3.8119,54.6405],[-3.8119,54.6618],[-3.8119,54.6681],[-3.8119,54.6894],[-3.768,54.6894],[-3.768,54.7203],[-3.7241,54.7203],[-3.7241,54.732],[-3.6874,54.732],[-3.6874,54.7584],[-3.6508,54.7584],[-3.6508,54.7847],[-3.6363,54.7847],[-3.6141,54.7847],[-3.5924,54.7847],[-3.5924,54.8111],[-3.5485,54.8111],[-3.5485,54.8367],[-3.5054,54.8367],[-3.5054,54.8627],[-3.4624,54.8627],[-3.4624,54.8886],[-3.4607,54.8886],[-3.4607,54.9146],[-3.4607,54.936],[-3.4168,54.936],[-3.3729,54.936],[-3.3729,54.9326],[-3.329,54.9326],[-3.329,54.9764],[-3.2851,54.9745],[-3.2412,54.9727],[-3.1973,54.9708],[-3.1534,54.9689],[-3.1534,54.937],[-3.1228,54.9327],[-3.1095,54.9356],[-3.1095,54.9722],[-3.0656,54.9791],[-3.0503,54.9815],[-3.033,55.0152],[-3.0303,55.0459],[-3.015,55.0515],[-2.9538,55.041],[-2.9223,55.0717],[-2.8831,55.0836],[-2.8503,55.1113],[-2.8595,55.1363],[-2.8895,55.1552],[-2.8842,55.2019],[-2.8639,55.2185],[-2.8689,55.2369],[-2.8984,55.238],[-2.8726,55.2619],[-2.8912,55.278],[-2.945,55.288],[-2.9975,55.2683],[-3.0345,55.273],[-3.057,55.3072],[-3.0984,55.3296],[-3.1045,55.3522],[-3.1642,55.3497],[-3.2075,55.3722],[-3.285,55.3411],[-3.3039,55.3427],[-3.3034,55.3849],[-3.2414,55.4188],[-3.2525,55.4288],[-3.3164,55.4383],[-3.345,55.4119],[-3.4106,55.4119],[-3.4437,55.4044],[-3.5003,55.4097],[-3.5348,55.438],[-3.5122,55.4922],[-3.485,55.515],[-3.4872,55.5602],[-3.527,55.6002],[-3.4781,55.6122],[-3.4795,55.6485],[-3.3945,55.7077],[-3.4359,55.7183],[-3.4579,55.7696],[-3.5228,55.7855],[-3.565,55.7877],[-3.59,55.8016],[-3.6112,55.8038],[-3.6881,55.7952],[-3.7239,55.778],[-3.7334,55.7835],[-3.7184,55.8124],[-3.745,55.858],[-3.7103,55.8702],[-3.7064,55.8769],[-3.7283,55.8833],[-3.7934,55.8719],[-3.8206,55.8891],[-3.8089,55.8952],[-3.7739,55.9024],[-3.7192,55.9319],[-3.6673,55.9422],[-3.6642,55.9544],[-3.635,55.9652],[-3.5986,55.9911],[-3.5795,55.9936],[-3.5667,55.9866],[-3.5395,55.9866],[-3.5053,56.0056],[-3.4999,56.0047],[-3.4693,55.9999],[-3.4498,55.9968],[-3.4386,55.995],[-3.4079,55.9901],[-3.4054,55.9897],[-3.3772,55.9897],[-3.3583,55.9897],[-3.3466,55.9916],[-3.3466,56.0108],[-3.3159,56.0108],[-3.2852,56.0108],[-3.2852,56.0153],[-3.2545,56.0153],[-3.2239,56.0153],[-3.2239,56.0068],[-3.1932,56.0068],[-3.1625,56.0068],[-3.1625,55.9989],[-3.1318,55.9989],[-3.1012,55.9989],[-3.1012,56.0164],[-3.0759,56.0164],[-3.1012,55.9912],[-3.1188,55.9737],[-3.1012,55.9726],[-3.0708,55.9707],[-3.0404,55.9688],[-2.9971,55.9661],[-2.9796,55.9729],[-2.8628,56.0177],[-2.871,56.0307],[-2.8231,56.0598],[-2.8028,56.0648],[-2.6351,56.0581],[-2.616,56.0532],[-2.5694,56.0245],[-2.5728,56.0193],[-2.5172,56.0042],[-2.5079,56.0102],[-2.4597,55.9885],[-2.438,55.9826],[-2.4144,55.9783],[-2.4041,55.9734],[-2.2322,55.9267],[-2.1468,55.9173],[-2.144,55.913],[-2.086,55.9094],[-2.0517,55.864],[-2.0102,55.8092],[-1.9995,55.795],[-1.9929,55.7902],[-1.9595,55.7661],[-1.8304,55.6727],[-1.7751,55.6432],[-1.7686,55.6419],[-1.7646,55.6376],[-1.7296,55.6189],[-1.7183,55.6116],[-1.6991,55.613],[-1.6308,55.5851],[-1.6347,55.5644],[-1.6172,55.5503],[-1.6308,55.5373],[-1.6029,55.5236],[-1.6113,55.508],[-1.5849,55.4837],[-1.5817,55.4215],[-1.5208,55.2596],[-1.4974,55.2037],[-1.4519,55.0948],[-1.4406,55.0676],[-1.4301,55.0425],[-1.4285,55.0404],[-1.4079,55.0132],[-1.3873,54.986],[-1.3702,54.9755],[-1.3627,54.9648],[-1.3635,54.9545],[-1.3311,54.9116],[-1.3272,54.9065],[-1.2987,54.8688],[-1.2339,54.7831],[-1.2337,54.7829],[-1.2014,54.7402],[-1.1691,54.6975],[-1.1647,54.6917],[-1.1367,54.6547],[-1.1327,54.6494],[-1.1279,54.648],[-0.8917,54.5796],[-0.7879,54.5608],[-0.7788,54.5574],[-0.6939,54.5259],[-0.43,54.4639],[-0.3892,54.3884],[-0.309,54.24],[-0.2368,54.1933],[-0.232,54.1902],[-0.1987,54.1741],[-0.1606,54.1558],[-0.0844,54.119],[-0.0847,54.1188],[-0.0846,54.1188],[-0.0847,54.1187],[-0.0844,54.1186],[-0.086,54.1178],[-0.0755,54.1121],[-0.13,54.0944],[-0.1564,54.0804],[-0.1971,54.0329],[-0.1028,53.8585],[-0.0673,53.8217],[-0.0452,53.8012],[0.1335,53.6426],[0.1493,53.6096],[0.1369,53.5771],[0.1096,53.5629],[0.136,53.6107],[0.1063,53.6221],[0.1172,53.6086],[0.1166,53.6089],[0.1172,53.6082],[0.1165,53.6086],[0.1168,53.6082],[0.0772,53.629],[0.0644,53.6324],[0.0376,53.6395],[0.0159,53.6388],[0.0345,53.6045],[0.0555,53.5656],[0.0765,53.5268],[0.0974,53.488],[0.1519,53.4758],[0.1758,53.4377],[0.2195,53.4195],[0.2449,53.3909],[0.3421,53.2263],[0.3562,53.1885],[0.3566,53.1457],[0.3405,53.1101],[0.355,53.09],[0.4093,53.0146],[0.4094,53.0146],[0.4365,52.977],[0.4637,52.9393],[0.47,52.9305],[0.4822,52.9285],[0.4857,52.9335],[0.5203,52.9553],[0.5696,52.9693],[0.6714,52.9744],[0.6719,52.9744],[0.6847,52.9864],[0.7482,52.9748],[0.7581,52.9744],[0.8357,52.9744],[0.9054,52.9603],[0.9487,52.9541],[1.0011,52.9566],[1.0139,52.9602],[0.9661,52.9744],[1.2747,52.9292],[1.396,52.8914],[1.6442,52.7758],[1.697,52.731],[1.7472,52.6252],[1.7476,52.5328],[1.7712,52.4859],[1.7544,52.4674],[1.7293,52.4156],[1.7279,52.3963],[1.6836,52.3245],[1.6611,52.3016],[1.6472,52.2784],[1.6308,52.2195],[1.6309,52.1998],[1.5823,52.0815],[1.5339,52.0704],[1.4132,51.9937],[1.4117,51.9931],[1.3323,51.9401],[1.3119,51.9564],[1.271,51.9331],[1.2785,51.9279],[1.2599,51.9161],[1.2728,51.9021],[1.2747,51.8722],[1.2866,51.8817],[1.2764,51.8448],[1.2764,51.8444],[1.2722,51.8424],[1.2192,51.8118],[1.1354,51.7817],[1.0733,51.776],[1.2123,51.5964],[1.2184,51.5885],[1.2492,51.5487],[1.3727,51.3891],[1.4238,51.3921],[1.4483,51.3829],[1.4391,51.3501],[1.4187,51.3298],[1.4492,51.2904],[1.449,51.2903],[1.4492,51.29],[1.4107,51.2676],[1.4077,51.246],[1.4131,51.2217],[1.4048,51.1835],[1.3845,51.1517],[1.3572,51.131],[1.2904,51.1165],[1.263,51.1033],[1.2181,51.101],[1.1722,51.0774],[1.133,51.0768],[1.046,51.0476],[0.9776,50.9712],[0.9718,50.9568],[0.9798,50.9182],[0.9452,50.9094],[0.8698,50.9251],[0.8446,50.9304],[0.8331,50.9308],[0.5492,50.7653],[0.5488,50.7653],[0.2929,50.7672],[0.271,50.7474],[0.2141,50.7489],[0.1683,50.7598],[0.1221,50.7608],[0.1076,50.7686],[0.0573,50.769],[0.0322,50.7692],[0.007,50.7694],[-0.0181,50.7696],[-0.0433,50.7698],[-0.0936,50.7702],[-0.1439,50.7705],[-0.169,50.7707],[-0.1942,50.7709],[-0.2193,50.7711],[-0.2445,50.7713],[-0.2949,50.7717],[-0.6974,50.7748],[-0.7327,50.7673],[-0.7415,50.7707],[-0.7724,50.7665],[-0.7731,50.766],[-0.771,50.7369],[-0.8128,50.7348],[-0.8768,50.7608],[-0.9138,50.7548],[-0.9138,50.7956],[-0.9505,50.7956],[-0.9507,50.7958],[-0.9507,50.8135],[-0.9478,50.8178],[-0.9503,50.8238],[-0.9507,50.824],[-0.9507,50.8423],[-0.9298,50.84],[-0.9233,50.8652],[-0.9525,50.8919],[-0.9217,50.9205],[-0.9308,50.9438],[-0.8626,51.0436],[-0.8286,51.0636],[-0.7881,51.0605],[-0.7537,51.0887],[-0.747,51.1113],[-0.78,51.1235],[-0.7909,51.1469],[-0.8236,51.1516],[-0.8245,51.1827],[-0.84,51.2039],[-0.8292,51.226],[-0.7995,51.2391],[-0.7484,51.2316],[-0.7311,51.2438],[-0.7297,51.2916],[-0.7653,51.3313],[-0.7209,51.3638],[-0.6987,51.3669],[-0.6581,51.3822],[-0.6197,51.3877],[-0.5989,51.4036],[-0.5903,51.4263],[-0.5757,51.4456],[-0.5316,51.4337],[-0.5184,51.4394],[-0.5212,51.4502],[-0.5128,51.4758],[-0.5208,51.488],[-0.5192,51.5],[-0.5236,51.5063],[-0.5576,51.5041],[-0.5614,51.5219],[-0.5686,51.5271],[-0.5798,51.5263],[-0.5856,51.5205],[-0.6167,51.5302],[-0.6445,51.5263],[-0.6497,51.52],[-0.6434,51.5033],[-0.6362,51.4937],[-0.6617,51.4916],[-0.6787,51.4941],[-0.7013,51.5071],[-0.6995,51.5173],[-0.6889,51.5297],[-0.6856,51.5493],[-0.6968,51.5592],[-0.719,51.5633],[-0.7432,51.562],[-0.7607,51.5555],[-0.7743,51.5568],[-0.8463,51.5425],[-0.8822,51.551],[-0.8871,51.5481],[-0.8836,51.5282],[-0.8732,51.5075],[-0.887,51.4912],[-0.9069,51.4764],[-0.9312,51.4698],[-0.9645,51.4547],[-0.9872,51.4531],[-1.0036,51.4593],[-1.0416,51.4822],[-1.0589,51.4872],[-1.0811,51.4891],[-1.1232,51.5031],[-1.1466,51.5305],[-1.1842,51.523],[-1.2269,51.5333],[-1.2644,51.5324],[-1.2897,51.5486],[-1.322,51.55],[-1.3389,51.5372],[-1.3656,51.5449],[-1.3881,51.536],[-1.4184,51.5402],[-1.4489,51.5327],[-1.4867,51.5469],[-1.5342,51.5505],[-1.5675,51.5458],[-1.5845,51.5174],[-1.6028,51.5202],[-1.6467,51.5685],[-1.6684,51.568],[-1.6753,51.5727],[-1.6778,51.5997],[-1.6597,51.6111],[-1.6545,51.6319],[-1.6839,51.6505],[-1.6833,51.6786],[-1.7011,51.681],[-1.7245,51.6627],[-1.7497,51.6588],[-1.7774,51.6604],[-1.7959,51.6944],[-1.8117,51.6925],[-1.8328,51.6566],[-1.8881,51.6725],[-1.8692,51.6463],[-1.94,51.663],[-1.9487,51.6399],[-2.0573,51.6641],[-2.1011,51.6202],[-2.1489,51.5894],[-2.1917,51.5983],[-2.24,51.5791],[-2.2716,51.5772],[-2.262,51.5472],[-2.2453,51.5186],[-2.2806,51.5099],[-2.3206,51.4838],[-2.287,51.4813],[-2.2807,51.4203],[-2.3254,51.4149],[-2.3977,51.4029],[-2.5034,51.4055],[-2.5227,51.4188],[-2.5275,51.4082],[-2.5395,51.3935],[-2.5623,51.3801],[-2.6064,51.3801],[-2.6335,51.3821],[-2.6306,51.4002],[-2.6306,51.443],[-2.6439,51.4551],[-2.668,51.4671],[-2.7055,51.4805],[-2.7294,51.4962],[-2.7326,51.4958],[-2.7326,51.5333],[-2.7326,51.5622],[-2.7061,51.5622],[-2.7061,51.5868],[-2.6796,51.5868],[-2.6666,51.5868],[-2.6531,51.5868],[-2.627,51.5868],[-2.6266,51.5872],[-2.6266,51.6271],[-2.6527,51.6271],[-2.6531,51.6268],[-2.6654,51.6173],[-2.6835,51.659],[-2.6617,51.6755],[-2.6837,51.7261],[-2.6702,51.7495],[-2.6758,51.7867],[-2.6485,51.8214],[-2.6589,51.8177],[-2.6958,51.8363],[-2.7287,51.8384],[-2.7757,51.875],[-2.8736,51.9292],[-2.9525,51.9087],[-2.9823,51.9228],[-2.9988,51.9467],[-3.0512,51.9835],[-3.0799,52.0168],[-3.0876,52.0517],[-3.1238,52.0757],[-3.1014,52.1132],[-3.1222,52.132],[-3.0757,52.1528],[-3.1077,52.1727],[-3.0541,52.2302],[-3.0025,52.257],[-2.9684,52.2578],[-2.9995,52.2962],[-2.9637,52.3226],[-2.9574,52.3412],[-3.0706,52.3466],[-3.1037,52.3681],[-3.1993,52.4125],[-3.2151,52.4384],[-3.1903,52.4688],[-3.1077,52.4939],[-3.0308,52.4969],[-2.9764,52.5381],[-3.0053,52.5673],[-3.1107,52.527],[-3.124,52.5665],[-3.1163,52.5863],[-3.0742,52.6067],[-3.0657,52.6336],[-3.0402,52.6467],[-3.0133,52.7084],[-2.9674,52.7199],[-2.9615,52.7337],[-2.9985,52.7561],[-3.0575,52.7662],[-3.0822,52.783],[-3.1404,52.7963],[-3.1522,52.8298],[-3.1219,52.8549],[-3.1284,52.88],[-3.0862,52.9136],[-3.0039,52.9498],[-2.9584,52.9505],[-2.933,52.9343],[-2.878,52.9414],[-2.848,52.9373],[-2.795,52.9039],[-2.7795,52.9006],[-2.7215,52.9182],[-2.7162,52.9418],[-2.7277,52.9665],[-2.7686,52.9815],[-2.8062,52.985],[-2.8505,53.0172],[-2.871,53.0663],[-2.8974,53.1022],[-2.9568,53.1446],[-2.9524,53.1529],[-2.9153,53.1671],[-2.9136,53.1834],[-2.9556,53.2155],[-3.0198,53.2467],[-3.0845,53.2586],[-3.0925,53.2787],[-3.1108,53.2787],[-3.1371,53.2787],[-3.1371,53.2954],[-3.1634,53.2954],[-3.1634,53.3226],[-3.1897,53.3226],[-3.1897,53.3208],[-3.216,53.3208],[-3.216,53.3528],[-3.2423,53.3528],[-3.2423,53.3832],[-3.2423,53.3849],[-3.2686,53.3849],[-3.2686,53.4153],[-3.2423,53.4137],[-3.1897,53.4105],[-3.1581,53.4085],[-3.1573,53.4088],[-3.1147,53.4127],[-3.095,53.4172],[-3.0938,53.4176],[-3.0867,53.4211],[-3.0792,53.4514],[-3.0726,53.4779],[-3.066,53.5043],[-3.0966,53.5443],[-3.1019,53.5581],[-3.0995,53.572],[-3.0876,53.5877],[-3.0316,53.6431],[-3.0194,53.6925],[-3.0071,53.742],[-3.0215,53.7458],[-3.0492,53.7695],[-3.0564,53.803],[-3.0449,53.8785],[-3.0566,53.9062],[-3.0407,53.9235],[-3.0176,53.932]]],[[[-3.0759,56.0164],[-3.0759,56.0416],[-3.0507,56.0416],[-3.0759,56.0164]]]]}},
{"type":"Feature","properties":{"entityId":"anglo-saxon-kingdoms","from":825,"to":829,"certainty":"estimated","source":"유럽 쪽은 Natural Earth 1:10m admin-1(v5.1.2) 현대 행정구역 조각을 그 시기 국경에 맞춰 묶고, 조각이 역사 경계와 다른 곳은 선을 그어 나눈 근사. 유럽 밖(시베리아·중앙아시아·극동)은 대략적인 추정. 운영자 검수 필요"},"geometry":{"type":"MultiPolygon","coordinates":[[[[-3.0176,53.932],[-2.9565,53.9458],[-2.948,53.9801],[-2.9469,53.9846],[-2.948,53.9856],[-3.0121,54.0446],[-3.0441,54.0741],[-3.0762,54.1036],[-3.1,54.1255],[-3.1179,54.1088],[-3.1453,54.1],[-3.1454,54.0638],[-3.1898,54.0979],[-3.241,54.1121],[-3.2331,54.1592],[-3.2484,54.1737],[-3.2391,54.1754],[-3.2716,54.1969],[-3.3068,54.1919],[-3.3285,54.2047],[-3.4074,54.2777],[-3.4055,54.3013],[-3.4112,54.3061],[-3.556,54.4536],[-3.5919,54.4831],[-3.6342,54.5129],[-3.6116,54.5299],[-3.5909,54.5636],[-3.5912,54.5648],[-3.5911,54.5649],[-3.5912,54.5652],[-3.5887,54.5694],[-3.5871,54.574],[-3.6308,54.6142],[-3.7241,54.6277],[-3.768,54.6341],[-3.8119,54.6405],[-3.8119,54.6618],[-3.8119,54.6681],[-3.8119,54.6894],[-3.768,54.6894],[-3.768,54.7203],[-3.7241,54.7203],[-3.7241,54.732],[-3.6874,54.732],[-3.6874,54.7584],[-3.6508,54.7584],[-3.6508,54.7847],[-3.6363,54.7847],[-3.6141,54.7847],[-3.5924,54.7847],[-3.5924,54.8111],[-3.5485,54.8111],[-3.5485,54.8367],[-3.5054,54.8367],[-3.5054,54.8627],[-3.4624,54.8627],[-3.4624,54.8886],[-3.4607,54.8886],[-3.4607,54.9146],[-3.4607,54.936],[-3.4168,54.936],[-3.3729,54.936],[-3.3729,54.9326],[-3.329,54.9326],[-3.329,54.9764],[-3.2851,54.9745],[-3.2412,54.9727],[-3.1973,54.9708],[-3.1534,54.9689],[-3.1534,54.937],[-3.1228,54.9327],[-3.1095,54.9356],[-3.1095,54.9722],[-3.0656,54.9791],[-3.0503,54.9815],[-3.033,55.0152],[-3.0303,55.0459],[-3.015,55.0515],[-2.9538,55.041],[-2.9223,55.0717],[-2.8831,55.0836],[-2.8503,55.1113],[-2.8595,55.1363],[-2.8895,55.1552],[-2.8842,55.2019],[-2.8639,55.2185],[-2.8689,55.2369],[-2.8984,55.238],[-2.8726,55.2619],[-2.8912,55.278],[-2.945,55.288],[-2.9975,55.2683],[-3.0345,55.273],[-3.057,55.3072],[-3.0984,55.3296],[-3.1045,55.3522],[-3.1642,55.3497],[-3.2075,55.3722],[-3.285,55.3411],[-3.3039,55.3427],[-3.3034,55.3849],[-3.2414,55.4188],[-3.2525,55.4288],[-3.3164,55.4383],[-3.345,55.4119],[-3.4106,55.4119],[-3.4437,55.4044],[-3.5003,55.4097],[-3.5348,55.438],[-3.5122,55.4922],[-3.485,55.515],[-3.4872,55.5602],[-3.527,55.6002],[-3.4781,55.6122],[-3.4795,55.6485],[-3.3945,55.7077],[-3.4359,55.7183],[-3.4579,55.7696],[-3.5228,55.7855],[-3.565,55.7877],[-3.59,55.8016],[-3.6112,55.8038],[-3.6881,55.7952],[-3.7239,55.778],[-3.7334,55.7835],[-3.7184,55.8124],[-3.745,55.858],[-3.7103,55.8702],[-3.7064,55.8769],[-3.7283,55.8833],[-3.7934,55.8719],[-3.8206,55.8891],[-3.8089,55.8952],[-3.7739,55.9024],[-3.7192,55.9319],[-3.6673,55.9422],[-3.6642,55.9544],[-3.635,55.9652],[-3.5986,55.9911],[-3.5795,55.9936],[-3.5667,55.9866],[-3.5395,55.9866],[-3.5053,56.0056],[-3.4999,56.0047],[-3.4693,55.9999],[-3.4498,55.9968],[-3.4386,55.995],[-3.4079,55.9901],[-3.4054,55.9897],[-3.3772,55.9897],[-3.3583,55.9897],[-3.3466,55.9916],[-3.3466,56.0108],[-3.3159,56.0108],[-3.2852,56.0108],[-3.2852,56.0153],[-3.2545,56.0153],[-3.2239,56.0153],[-3.2239,56.0068],[-3.1932,56.0068],[-3.1625,56.0068],[-3.1625,55.9989],[-3.1318,55.9989],[-3.1012,55.9989],[-3.1012,56.0164],[-3.0759,56.0164],[-3.1012,55.9912],[-3.1188,55.9737],[-3.1012,55.9726],[-3.0708,55.9707],[-3.0404,55.9688],[-2.9971,55.9661],[-2.9796,55.9729],[-2.8628,56.0177],[-2.871,56.0307],[-2.8231,56.0598],[-2.8028,56.0648],[-2.6351,56.0581],[-2.616,56.0532],[-2.5694,56.0245],[-2.5728,56.0193],[-2.5172,56.0042],[-2.5079,56.0102],[-2.4597,55.9885],[-2.438,55.9826],[-2.4144,55.9783],[-2.4041,55.9734],[-2.2322,55.9267],[-2.1468,55.9173],[-2.144,55.913],[-2.086,55.9094],[-2.0517,55.864],[-2.0102,55.8092],[-1.9995,55.795],[-1.9929,55.7902],[-1.9595,55.7661],[-1.8304,55.6727],[-1.7751,55.6432],[-1.7686,55.6419],[-1.7646,55.6376],[-1.7296,55.6189],[-1.7183,55.6116],[-1.6991,55.613],[-1.6308,55.5851],[-1.6347,55.5644],[-1.6172,55.5503],[-1.6308,55.5373],[-1.6029,55.5236],[-1.6113,55.508],[-1.5849,55.4837],[-1.5817,55.4215],[-1.5208,55.2596],[-1.4974,55.2037],[-1.4519,55.0948],[-1.4406,55.0676],[-1.4301,55.0425],[-1.4285,55.0404],[-1.4079,55.0132],[-1.3873,54.986],[-1.3702,54.9755],[-1.3627,54.9648],[-1.3635,54.9545],[-1.3311,54.9116],[-1.3272,54.9065],[-1.2987,54.8688],[-1.2339,54.7831],[-1.2337,54.7829],[-1.2014,54.7402],[-1.1691,54.6975],[-1.1647,54.6917],[-1.1367,54.6547],[-1.1327,54.6494],[-1.1279,54.648],[-0.8917,54.5796],[-0.7879,54.5608],[-0.7788,54.5574],[-0.6939,54.5259],[-0.43,54.4639],[-0.3892,54.3884],[-0.309,54.24],[-0.2368,54.1933],[-0.232,54.1902],[-0.1987,54.1741],[-0.1606,54.1558],[-0.0844,54.119],[-0.0847,54.1188],[-0.0846,54.1188],[-0.0847,54.1187],[-0.0844,54.1186],[-0.086,54.1178],[-0.0755,54.1121],[-0.13,54.0944],[-0.1564,54.0804],[-0.1971,54.0329],[-0.1028,53.8585],[-0.0673,53.8217],[-0.0452,53.8012],[0.1335,53.6426],[0.1493,53.6096],[0.1369,53.5771],[0.1096,53.5629],[0.136,53.6107],[0.1063,53.6221],[0.1172,53.6086],[0.1166,53.6089],[0.1172,53.6082],[0.1165,53.6086],[0.1168,53.6082],[0.0772,53.629],[0.0644,53.6324],[0.0376,53.6395],[0.0159,53.6388],[0.0345,53.6045],[0.0555,53.5656],[0.0765,53.5268],[0.0974,53.488],[0.1519,53.4758],[0.1758,53.4377],[0.2195,53.4195],[0.2449,53.3909],[0.3421,53.2263],[0.3562,53.1885],[0.3566,53.1457],[0.3405,53.1101],[0.355,53.09],[0.4093,53.0146],[0.4094,53.0146],[0.4365,52.977],[0.4637,52.9393],[0.47,52.9305],[0.4822,52.9285],[0.4857,52.9335],[0.5203,52.9553],[0.5696,52.9693],[0.6714,52.9744],[0.6719,52.9744],[0.6847,52.9864],[0.7482,52.9748],[0.7581,52.9744],[0.8357,52.9744],[0.9054,52.9603],[0.9487,52.9541],[1.0011,52.9566],[1.0139,52.9602],[0.9661,52.9744],[1.2747,52.9292],[1.396,52.8914],[1.6442,52.7758],[1.697,52.731],[1.7472,52.6252],[1.7476,52.5328],[1.7712,52.4859],[1.7544,52.4674],[1.7293,52.4156],[1.7279,52.3963],[1.6836,52.3245],[1.6611,52.3016],[1.6472,52.2784],[1.6308,52.2195],[1.6309,52.1998],[1.5823,52.0815],[1.5339,52.0704],[1.4132,51.9937],[1.4117,51.9931],[1.3323,51.9401],[1.3119,51.9564],[1.271,51.9331],[1.2621,51.9392],[1.0955,51.9457],[1.0785,51.9507],[1.0194,51.9505],[0.968,51.9638],[0.9144,51.9683],[0.8658,51.9594],[0.7878,51.9547],[0.748,51.993],[0.7378,52.0163],[0.7216,52.0119],[0.7011,52.0674],[0.6783,52.0772],[0.6361,52.075],[0.525,52.0483],[0.4891,52.0691],[0.4089,52.0593],[0.3911,52.0355],[0.3655,52.0441],[0.3253,52.0741],[0.2866,52.0849],[0.2558,52.0769],[0.2067,52.0816],[0.1936,52.0569],[0.1391,52.0419],[0.1064,52.0549],[0.1083,52.0274],[0.0805,52.0024],[0.0825,51.9833],[0.1108,51.9736],[0.1417,51.8839],[0.1899,51.8902],[0.1992,51.8658],[0.1736,51.8483],[0.173,51.8252],[0.1903,51.8166],[0.158,51.7905],[0.1083,51.7775],[0.0356,51.7683],[0,51.7331],[-0.0113,51.6772],[-0.007,51.666],[-0.0128,51.6499],[-0.0026,51.6466],[-0.0124,51.6363],[-0.0134,51.6352],[-0.0138,51.6348],[-0.0145,51.6336],[-0.0147,51.6329],[-0.0149,51.6316],[-0.0151,51.6296],[-0.0152,51.6284],[-0.0165,51.6247],[-0.0167,51.6241],[-0.017,51.6222],[-0.0172,51.6216],[-0.0174,51.621],[-0.019,51.619],[-0.0196,51.6185],[-0.0211,51.6175],[-0.0248,51.6155],[-0.0256,51.6149],[-0.0275,51.6141],[-0.0283,51.6137],[-0.029,51.6132],[-0.0296,51.6127],[-0.0298,51.6123],[-0.0302,51.6114],[-0.0303,51.6108],[-0.0301,51.6086],[-0.0298,51.6075],[-0.0291,51.6063],[-0.029,51.6057],[-0.029,51.605],[-0.0291,51.6044],[-0.0296,51.6034],[-0.0298,51.6027],[-0.0299,51.602],[-0.03,51.6011],[-0.0331,51.5981],[-0.0341,51.5969],[-0.0367,51.5947],[-0.0385,51.5928],[-0.0391,51.592],[-0.0417,51.589],[-0.0424,51.5882],[-0.0434,51.5871],[-0.044,51.5863],[-0.0451,51.5851],[-0.0466,51.5832],[-0.0474,51.5815],[-0.0483,51.5803],[-0.0492,51.5785],[-0.0502,51.5773],[-0.0527,51.5736],[-0.0483,51.5654],[-0.0403,51.5599],[-0.0372,51.559],[-0.024,51.56],[-0.0208,51.5592],[-0.0106,51.5524],[-0.0105,51.5472],[-0.0107,51.5446],[-0.011,51.5435],[-0.0093,51.5338],[0.0039,51.5137],[0.0051,51.5127],[0.0082,51.511],[0.0132,51.5094],[0.0146,51.5085],[0.0194,51.5026],[0.008,51.5005],[0.0062,51.4998],[0.0054,51.4989],[0.0051,51.4981],[0.0047,51.492],[0.0052,51.4889],[0.0051,51.4866],[0.0031,51.4825],[0.0025,51.482],[0.0002,51.4806],[-0.0023,51.4799],[-0.0047,51.4796],[-0.0115,51.4802],[-0.018,51.4831],[-0.0231,51.4887],[-0.0236,51.4959],[-0.0376,51.4975],[-0.0488,51.5009],[-0.0669,51.5079],[-0.0672,51.508],[-0.0848,51.5116],[-0.0973,51.5097],[-0.1022,51.509],[-0.1079,51.5053],[-0.1122,51.5024],[-0.1277,51.4922],[-0.1279,51.4921],[-0.1355,51.4871],[-0.1429,51.4837],[-0.1567,51.4773],[-0.1712,51.4726],[-0.1793,51.47],[-0.1983,51.4674],[-0.21,51.4706],[-0.2127,51.4729],[-0.2261,51.4841],[-0.2365,51.4872],[-0.2367,51.4872],[-0.2471,51.4851],[-0.2597,51.4757],[-0.271,51.4736],[-0.3102,51.4726],[-0.3232,51.4647],[-0.316,51.4556],[-0.364,51.4507],[-0.375,51.444],[-0.3767,51.4403],[-0.3706,51.4369],[-0.3568,51.4367],[-0.3569,51.4342],[-0.3674,51.4299],[-0.3844,51.4137],[-0.4003,51.4249],[-0.4317,51.4302],[-0.4403,51.438],[-0.4414,51.4539],[-0.4737,51.4588],[-0.4972,51.4778],[-0.5128,51.4758],[-0.5208,51.488],[-0.5192,51.5],[-0.5236,51.5063],[-0.5576,51.5041],[-0.5614,51.5219],[-0.5686,51.5271],[-0.5798,51.5263],[-0.5856,51.5205],[-0.6167,51.5302],[-0.6445,51.5263],[-0.6497,51.52],[-0.6434,51.5033],[-0.6362,51.4937],[-0.6617,51.4916],[-0.6787,51.4941],[-0.7013,51.5071],[-0.6995,51.5173],[-0.6889,51.5297],[-0.6856,51.5493],[-0.6968,51.5592],[-0.719,51.5633],[-0.7432,51.562],[-0.7607,51.5555],[-0.7743,51.5568],[-0.8463,51.5425],[-0.8822,51.551],[-0.8871,51.5481],[-0.8836,51.5282],[-0.8732,51.5075],[-0.887,51.4912],[-0.9069,51.4764],[-0.9312,51.4698],[-0.9645,51.4547],[-0.9872,51.4531],[-1.0036,51.4593],[-1.0416,51.4822],[-1.0589,51.4872],[-1.0811,51.4891],[-1.1232,51.5031],[-1.1466,51.5305],[-1.1842,51.523],[-1.2269,51.5333],[-1.2644,51.5324],[-1.2897,51.5486],[-1.322,51.55],[-1.3389,51.5372],[-1.3656,51.5449],[-1.3881,51.536],[-1.4184,51.5402],[-1.4489,51.5327],[-1.4867,51.5469],[-1.5342,51.5505],[-1.5675,51.5458],[-1.5845,51.5174],[-1.6028,51.5202],[-1.6467,51.5685],[-1.6684,51.568],[-1.6753,51.5727],[-1.6778,51.5997],[-1.6597,51.6111],[-1.6545,51.6319],[-1.6839,51.6505],[-1.6833,51.6786],[-1.7011,51.681],[-1.7245,51.6627],[-1.7497,51.6588],[-1.7774,51.6604],[-1.7959,51.6944],[-1.8117,51.6925],[-1.8328,51.6566],[-1.8881,51.6725],[-1.8692,51.6463],[-1.94,51.663],[-1.9487,51.6399],[-2.0573,51.6641],[-2.1011,51.6202],[-2.1489,51.5894],[-2.1917,51.5983],[-2.24,51.5791],[-2.2716,51.5772],[-2.262,51.5472],[-2.2453,51.5186],[-2.2806,51.5099],[-2.3206,51.4838],[-2.287,51.4813],[-2.2807,51.4203],[-2.3254,51.4149],[-2.3977,51.4029],[-2.5034,51.4055],[-2.5227,51.4188],[-2.5275,51.4082],[-2.5395,51.3935],[-2.5623,51.3801],[-2.6064,51.3801],[-2.6335,51.3821],[-2.6306,51.4002],[-2.6306,51.443],[-2.6439,51.4551],[-2.668,51.4671],[-2.7055,51.4805],[-2.7294,51.4962],[-2.7326,51.4958],[-2.7326,51.5333],[-2.7326,51.5622],[-2.7061,51.5622],[-2.7061,51.5868],[-2.6796,51.5868],[-2.6666,51.5868],[-2.6531,51.5868],[-2.627,51.5868],[-2.6266,51.5872],[-2.6266,51.6271],[-2.6527,51.6271],[-2.6531,51.6268],[-2.6654,51.6173],[-2.6835,51.659],[-2.6617,51.6755],[-2.6837,51.7261],[-2.6702,51.7495],[-2.6758,51.7867],[-2.6485,51.8214],[-2.6589,51.8177],[-2.6958,51.8363],[-2.7287,51.8384],[-2.7757,51.875],[-2.8736,51.9292],[-2.9525,51.9087],[-2.9823,51.9228],[-2.9988,51.9467],[-3.0512,51.9835],[-3.0799,52.0168],[-3.0876,52.0517],[-3.1238,52.0757],[-3.1014,52.1132],[-3.1222,52.132],[-3.0757,52.1528],[-3.1077,52.1727],[-3.0541,52.2302],[-3.0025,52.257],[-2.9684,52.2578],[-2.9995,52.2962],[-2.9637,52.3226],[-2.9574,52.3412],[-3.0706,52.3466],[-3.1037,52.3681],[-3.1993,52.4125],[-3.2151,52.4384],[-3.1903,52.4688],[-3.1077,52.4939],[-3.0308,52.4969],[-2.9764,52.5381],[-3.0053,52.5673],[-3.1107,52.527],[-3.124,52.5665],[-3.1163,52.5863],[-3.0742,52.6067],[-3.0657,52.6336],[-3.0402,52.6467],[-3.0133,52.7084],[-2.9674,52.7199],[-2.9615,52.7337],[-2.9985,52.7561],[-3.0575,52.7662],[-3.0822,52.783],[-3.1404,52.7963],[-3.1522,52.8298],[-3.1219,52.8549],[-3.1284,52.88],[-3.0862,52.9136],[-3.0039,52.9498],[-2.9584,52.9505],[-2.933,52.9343],[-2.878,52.9414],[-2.848,52.9373],[-2.795,52.9039],[-2.7795,52.9006],[-2.7215,52.9182],[-2.7162,52.9418],[-2.7277,52.9665],[-2.7686,52.9815],[-2.8062,52.985],[-2.8505,53.0172],[-2.871,53.0663],[-2.8974,53.1022],[-2.9568,53.1446],[-2.9524,53.1529],[-2.9153,53.1671],[-2.9136,53.1834],[-2.9556,53.2155],[-3.0198,53.2467],[-3.0845,53.2586],[-3.0925,53.2787],[-3.1108,53.2787],[-3.1371,53.2787],[-3.1371,53.2954],[-3.1634,53.2954],[-3.1634,53.3226],[-3.1897,53.3226],[-3.1897,53.3208],[-3.216,53.3208],[-3.216,53.3528],[-3.2423,53.3528],[-3.2423,53.3832],[-3.2423,53.3849],[-3.2686,53.3849],[-3.2686,53.4153],[-3.2423,53.4137],[-3.1897,53.4105],[-3.1581,53.4085],[-3.1573,53.4088],[-3.1147,53.4127],[-3.095,53.4172],[-3.0938,53.4176],[-3.0867,53.4211],[-3.0792,53.4514],[-3.0726,53.4779],[-3.066,53.5043],[-3.0966,53.5443],[-3.1019,53.5581],[-3.0995,53.572],[-3.0876,53.5877],[-3.0316,53.6431],[-3.0194,53.6925],[-3.0071,53.742],[-3.0215,53.7458],[-3.0492,53.7695],[-3.0564,53.803],[-3.0449,53.8785],[-3.0566,53.9062],[-3.0407,53.9235],[-3.0176,53.932]]],[[[-3.0759,56.0164],[-3.0759,56.0416],[-3.0507,56.0416],[-3.0759,56.0164]]]]}},
{"type":"Feature","properties":{"entityId":"anglo-saxon-kingdoms","from":829,"to":830,"certainty":"estimated","source":"유럽 쪽은 Natural Earth 1:10m admin-1(v5.1.2) 현대 행정구역 조각을 그 시기 국경에 맞춰 묶고, 조각이 역사 경계와 다른 곳은 선을 그어 나눈 근사. 유럽 밖(시베리아·중앙아시아·극동)은 대략적인 추정. 운영자 검수 필요"},"geometry":{"type":"MultiPolygon","coordinates":[[[[-3.0176,53.932],[-2.9565,53.9458],[-2.948,53.9801],[-2.9469,53.9846],[-2.948,53.9856],[-3.0121,54.0446],[-3.0441,54.0741],[-3.0762,54.1036],[-3.1,54.1255],[-3.1179,54.1088],[-3.1453,54.1],[-3.1454,54.0638],[-3.1898,54.0979],[-3.241,54.1121],[-3.2331,54.1592],[-3.2484,54.1737],[-3.2391,54.1754],[-3.2716,54.1969],[-3.3068,54.1919],[-3.3285,54.2047],[-3.4074,54.2777],[-3.4055,54.3013],[-3.4112,54.3061],[-3.556,54.4536],[-3.5919,54.4831],[-3.6342,54.5129],[-3.6116,54.5299],[-3.5909,54.5636],[-3.5912,54.5648],[-3.5911,54.5649],[-3.5912,54.5652],[-3.5887,54.5694],[-3.5871,54.574],[-3.6308,54.6142],[-3.7241,54.6277],[-3.768,54.6341],[-3.8119,54.6405],[-3.8119,54.6618],[-3.8119,54.6681],[-3.8119,54.6894],[-3.768,54.6894],[-3.768,54.7203],[-3.7241,54.7203],[-3.7241,54.732],[-3.6874,54.732],[-3.6874,54.7584],[-3.6508,54.7584],[-3.6508,54.7847],[-3.6363,54.7847],[-3.6141,54.7847],[-3.5924,54.7847],[-3.5924,54.8111],[-3.5485,54.8111],[-3.5485,54.8367],[-3.5054,54.8367],[-3.5054,54.8627],[-3.4624,54.8627],[-3.4624,54.8886],[-3.4607,54.8886],[-3.4607,54.9146],[-3.4607,54.936],[-3.4168,54.936],[-3.3729,54.936],[-3.3729,54.9326],[-3.329,54.9326],[-3.329,54.9764],[-3.2851,54.9745],[-3.2412,54.9727],[-3.1973,54.9708],[-3.1534,54.9689],[-3.1534,54.937],[-3.1228,54.9327],[-3.1095,54.9356],[-3.1095,54.9722],[-3.0656,54.9791],[-3.0503,54.9815],[-3.033,55.0152],[-3.0303,55.0459],[-3.015,55.0515],[-2.9538,55.041],[-2.9223,55.0717],[-2.8831,55.0836],[-2.8503,55.1113],[-2.8595,55.1363],[-2.8895,55.1552],[-2.8842,55.2019],[-2.8639,55.2185],[-2.8689,55.2369],[-2.8984,55.238],[-2.8726,55.2619],[-2.8912,55.278],[-2.945,55.288],[-2.9975,55.2683],[-3.0345,55.273],[-3.057,55.3072],[-3.0984,55.3296],[-3.1045,55.3522],[-3.1642,55.3497],[-3.2075,55.3722],[-3.285,55.3411],[-3.3039,55.3427],[-3.3034,55.3849],[-3.2414,55.4188],[-3.2525,55.4288],[-3.3164,55.4383],[-3.345,55.4119],[-3.4106,55.4119],[-3.4437,55.4044],[-3.5003,55.4097],[-3.5348,55.438],[-3.5122,55.4922],[-3.485,55.515],[-3.4872,55.5602],[-3.527,55.6002],[-3.4781,55.6122],[-3.4795,55.6485],[-3.3945,55.7077],[-3.4359,55.7183],[-3.4579,55.7696],[-3.5228,55.7855],[-3.565,55.7877],[-3.59,55.8016],[-3.6112,55.8038],[-3.6881,55.7952],[-3.7239,55.778],[-3.7334,55.7835],[-3.7184,55.8124],[-3.745,55.858],[-3.7103,55.8702],[-3.7064,55.8769],[-3.7283,55.8833],[-3.7934,55.8719],[-3.8206,55.8891],[-3.8089,55.8952],[-3.7739,55.9024],[-3.7192,55.9319],[-3.6673,55.9422],[-3.6642,55.9544],[-3.635,55.9652],[-3.5986,55.9911],[-3.5795,55.9936],[-3.5667,55.9866],[-3.5395,55.9866],[-3.5053,56.0056],[-3.4999,56.0047],[-3.4693,55.9999],[-3.4498,55.9968],[-3.4386,55.995],[-3.4079,55.9901],[-3.4054,55.9897],[-3.3772,55.9897],[-3.3583,55.9897],[-3.3466,55.9916],[-3.3466,56.0108],[-3.3159,56.0108],[-3.2852,56.0108],[-3.2852,56.0153],[-3.2545,56.0153],[-3.2239,56.0153],[-3.2239,56.0068],[-3.1932,56.0068],[-3.1625,56.0068],[-3.1625,55.9989],[-3.1318,55.9989],[-3.1012,55.9989],[-3.1012,56.0164],[-3.0759,56.0164],[-3.1012,55.9912],[-3.1188,55.9737],[-3.1012,55.9726],[-3.0708,55.9707],[-3.0404,55.9688],[-2.9971,55.9661],[-2.9796,55.9729],[-2.8628,56.0177],[-2.871,56.0307],[-2.8231,56.0598],[-2.8028,56.0648],[-2.6351,56.0581],[-2.616,56.0532],[-2.5694,56.0245],[-2.5728,56.0193],[-2.5172,56.0042],[-2.5079,56.0102],[-2.4597,55.9885],[-2.438,55.9826],[-2.4144,55.9783],[-2.4041,55.9734],[-2.2322,55.9267],[-2.1468,55.9173],[-2.144,55.913],[-2.086,55.9094],[-2.0517,55.864],[-2.0102,55.8092],[-1.9995,55.795],[-1.9929,55.7902],[-1.9595,55.7661],[-1.8304,55.6727],[-1.7751,55.6432],[-1.7686,55.6419],[-1.7646,55.6376],[-1.7296,55.6189],[-1.7183,55.6116],[-1.6991,55.613],[-1.6308,55.5851],[-1.6347,55.5644],[-1.6172,55.5503],[-1.6308,55.5373],[-1.6029,55.5236],[-1.6113,55.508],[-1.5849,55.4837],[-1.5817,55.4215],[-1.5208,55.2596],[-1.4974,55.2037],[-1.4519,55.0948],[-1.4406,55.0676],[-1.4301,55.0425],[-1.4285,55.0404],[-1.4079,55.0132],[-1.3873,54.986],[-1.3702,54.9755],[-1.3627,54.9648],[-1.3635,54.9545],[-1.3311,54.9116],[-1.3272,54.9065],[-1.2987,54.8688],[-1.2339,54.7831],[-1.2337,54.7829],[-1.2014,54.7402],[-1.1691,54.6975],[-1.1647,54.6917],[-1.1367,54.6547],[-1.1327,54.6494],[-1.1279,54.648],[-0.8917,54.5796],[-0.7879,54.5608],[-0.7788,54.5574],[-0.6939,54.5259],[-0.43,54.4639],[-0.3892,54.3884],[-0.309,54.24],[-0.2368,54.1933],[-0.232,54.1902],[-0.1987,54.1741],[-0.1606,54.1558],[-0.0844,54.119],[-0.0847,54.1188],[-0.0846,54.1188],[-0.0847,54.1187],[-0.0844,54.1186],[-0.086,54.1178],[-0.0755,54.1121],[-0.13,54.0944],[-0.1564,54.0804],[-0.1971,54.0329],[-0.1028,53.8585],[-0.0673,53.8217],[-0.0452,53.8012],[0.1335,53.6426],[0.1493,53.6096],[0.1369,53.5771],[0.1096,53.5629],[0.136,53.6107],[0.1063,53.6221],[0.1172,53.6086],[0.1166,53.6089],[0.1172,53.6082],[0.1165,53.6086],[0.1168,53.6082],[0.0772,53.629],[0.0644,53.6324],[0.0376,53.6395],[0.0159,53.6388],[0.0345,53.6045],[0.0117,53.6045],[0.0117,53.586],[-0.0146,53.586],[-0.041,53.586],[-0.0674,53.586],[-0.0938,53.586],[-0.0938,53.6076],[-0.1201,53.6076],[-0.1201,53.6383],[-0.1465,53.6383],[-0.1549,53.6383],[-0.1728,53.6383],[-0.1992,53.6383],[-0.1992,53.6576],[-0.1992,53.669],[-0.1992,53.685],[-0.2255,53.685],[-0.2278,53.685],[-0.2519,53.685],[-0.2519,53.7123],[-0.2783,53.7123],[-0.2995,53.7123],[-0.3047,53.7137],[-0.3072,53.7143],[-0.331,53.7117],[-0.3574,53.7088],[-0.3838,53.7058],[-0.4101,53.7029],[-0.4364,53.7],[-0.4364,53.7143],[-0.4497,53.7143],[-0.4628,53.7136],[-0.4892,53.7123],[-0.5156,53.711],[-0.5419,53.7096],[-0.5419,53.6832],[-0.5683,53.6953],[-0.5683,53.7222],[-0.5792,53.728],[-0.5946,53.7291],[-0.621,53.7309],[-0.637,53.732],[-0.6474,53.7284],[-0.6738,53.7191],[-0.7002,53.7098],[-0.7002,53.6916],[-0.6993,53.6913],[-0.767,53.6581],[-0.8441,53.6138],[-0.8607,53.6124],[-0.8609,53.5816],[-0.9045,53.5716],[-0.8728,53.5458],[-0.872,53.5308],[-0.9148,53.533],[-0.9433,53.518],[-0.9194,53.4874],[-0.9698,53.463],[-0.9775,53.4344],[-1.0131,53.4083],[-1.0664,53.413],[-1.1181,53.3786],[-1.1139,53.3561],[-1.1211,53.3455],[-1.1447,53.3377],[-1.135,53.3258],[-1.1661,53.3063],[-1.176,53.2929],[-1.2425,53.2908],[-1.2614,53.2986],[-1.282,53.2994],[-1.2773,53.3133],[-1.2867,53.3169],[-1.3114,53.3139],[-1.3325,53.2988],[-1.3592,53.3002],[-1.3809,53.3069],[-1.3828,53.3216],[-1.3937,53.3252],[-1.432,53.3236],[-1.4589,53.3069],[-1.5314,53.2897],[-1.5706,53.3049],[-1.5875,53.3022],[-1.6148,53.308],[-1.5828,53.3264],[-1.5925,53.3377],[-1.6503,53.3519],[-1.6464,53.3766],[-1.6906,53.3874],[-1.7017,53.4036],[-1.7342,53.4108],[-1.7312,53.441],[-1.7872,53.4686],[-1.7956,53.4969],[-1.8161,53.5161],[-1.8708,53.5322],[-1.8972,53.533],[-1.91,53.5205],[-1.9189,53.5008],[-1.9325,53.4958],[-1.9636,53.4947],[-1.9778,53.4688],[-1.9825,53.4438],[-2.0092,53.4274],[-2.0117,53.4125],[-1.9906,53.4064],[-1.9814,53.3983],[-2.0045,53.3741],[-2.0168,53.3704],[-2.0353,53.3677],[-2.0495,53.3522],[-2.0808,53.3611],[-2.12,53.3594],[-2.1306,53.3525],[-2.1403,53.3277],[-2.1595,53.3213],[-2.1745,53.3308],[-2.1761,53.3455],[-2.2036,53.3538],[-2.2384,53.3549],[-2.2603,53.3449],[-2.2834,53.3422],[-2.3167,53.3599],[-2.3648,53.3624],[-2.395,53.3735],[-2.4288,53.3803],[-2.4471,53.355],[-2.509,53.3309],[-2.5316,53.3196],[-2.555,53.3123],[-2.5694,53.3123],[-2.5807,53.3155],[-2.6057,53.3381],[-2.6291,53.3421],[-2.6629,53.3574],[-2.6806,53.3788],[-2.7411,53.3883],[-2.7547,53.3781],[-2.7722,53.365],[-2.7747,53.3605],[-2.7719,53.3489],[-2.787,53.3366],[-2.8034,53.3438],[-2.8103,53.3217],[-2.7998,53.321],[-2.7965,53.322],[-2.7965,53.3],[-2.8448,53.3001],[-2.845,53.3001],[-2.8815,53.2884],[-2.8932,53.2927],[-2.8932,53.3284],[-2.92,53.3284],[-2.9469,53.3284],[-2.9469,53.359],[-2.9737,53.359],[-2.9737,53.3862],[-2.9808,53.3928],[-2.9852,53.3985],[-3.0006,53.3985],[-3.0122,53.4167],[-3.0236,53.425],[-3.0356,53.4337],[-3.0359,53.4337],[-3.0359,53.4514],[-3.0524,53.4514],[-3.0613,53.4514],[-3.0792,53.4514],[-3.0726,53.4779],[-3.066,53.5043],[-3.0966,53.5443],[-3.1019,53.5581],[-3.0995,53.572],[-3.0876,53.5877],[-3.0316,53.6431],[-3.0194,53.6925],[-3.0071,53.742],[-3.0215,53.7458],[-3.0492,53.7695],[-3.0564,53.803],[-3.0449,53.8785],[-3.0566,53.9062],[-3.0407,53.9235],[-3.0176,53.932]]],[[[-0.0495,52.6579],[0.0322,52.648],[0.0572,52.6705],[0.0528,52.7005],[0.1494,52.7252],[0.1724,52.7243],[0.1997,52.7216],[0.2763,52.7563],[0.2625,52.7758],[0.2788,52.805],[0.2758,52.8041],[0.2758,52.8278],[0.2758,52.8598],[0.3053,52.8598],[0.3053,52.8996],[0.3053,52.9393],[0.3278,52.9393],[0.3278,52.982],[0.355,52.982],[0.355,52.977],[0.3822,52.977],[0.3822,53.0146],[0.4093,53.0146],[0.4094,53.0146],[0.4365,52.977],[0.4637,52.9393],[0.47,52.9305],[0.4822,52.9285],[0.4857,52.9335],[0.5203,52.9553],[0.5696,52.9693],[0.6714,52.9744],[0.6719,52.9744],[0.6847,52.9864],[0.7482,52.9748],[0.7581,52.9744],[0.8357,52.9744],[0.9054,52.9603],[0.9487,52.9541],[1.0011,52.9566],[1.0139,52.9602],[0.9661,52.9744],[1.2747,52.9292],[1.396,52.8914],[1.6442,52.7758],[1.697,52.731],[1.7472,52.6252],[1.7476,52.5328],[1.7712,52.4859],[1.7544,52.4674],[1.7293,52.4156],[1.7279,52.3963],[1.6836,52.3245],[1.6611,52.3016],[1.6472,52.2784],[1.6308,52.2195],[1.6309,52.1998],[1.5823,52.0815],[1.5339,52.0704],[1.4132,51.9937],[1.4117,51.9931],[1.3323,51.9401],[1.3119,51.9564],[1.271,51.9331],[1.2621,51.9392],[1.0955,51.9457],[1.0785,51.9507],[1.0194,51.9505],[0.968,51.9638],[0.9144,51.9683],[0.8658,51.9594],[0.7878,51.9547],[0.748,51.993],[0.7378,52.0163],[0.7216,52.0119],[0.7011,52.0674],[0.6783,52.0772],[0.6361,52.075],[0.525,52.0483],[0.4891,52.0691],[0.4089,52.0593],[0.3911,52.0355],[0.3655,52.0441],[0.3253,52.0741],[0.2866,52.0849],[0.2558,52.0769],[0.2067,52.0816],[0.1936,52.0569],[0.1391,52.0419],[0.1064,52.0549],[0.1083,52.0274],[0.0805,52.0024],[0.0514,52.0433],[-0.0114,52.0516],[-0.0295,52.0399],[-0.1092,52.0194],[-0.1356,52.0435],[-0.1461,52.0697],[-0.132,52.1336],[-0.17,52.1297],[-0.2167,52.1327],[-0.207,52.1505],[-0.247,52.1605],[-0.2339,52.1727],[-0.2531,52.1919],[-0.292,52.2027],[-0.2934,52.2241],[-0.3317,52.2291],[-0.3553,52.2271],[-0.3684,52.2419],[-0.3711,52.2677],[-0.4189,52.278],[-0.4295,52.2974],[-0.4588,52.3088],[-0.4856,52.3486],[-0.4845,52.3655],[-0.4259,52.3824],[-0.3828,52.4121],[-0.3356,52.4555],[-0.3481,52.4899],[-0.4072,52.5118],[-0.3984,52.5374],[-0.4144,52.5596],[-0.4138,52.566],[-0.4609,52.5619],[-0.4739,52.568],[-0.4662,52.6091],[-0.4747,52.625],[-0.4907,52.6365],[-0.4667,52.6432],[-0.4356,52.6366],[-0.402,52.6369],[-0.315,52.6636],[-0.262,52.6474],[-0.1995,52.6562],[-0.1831,52.6419],[-0.1603,52.6444],[-0.1375,52.6385],[-0.1014,52.6519],[-0.0828,52.6499],[-0.0495,52.6579]]],[[[-3.0759,56.0164],[-3.0759,56.0416],[-3.0507,56.0416],[-3.0759,56.0164]]]]}},
{"type":"Feature","properties":{"entityId":"anglo-saxon-kingdoms","from":830,"to":867,"certainty":"estimated","source":"유럽 쪽은 Natural Earth 1:10m admin-1(v5.1.2) 현대 행정구역 조각을 그 시기 국경에 맞춰 묶고, 조각이 역사 경계와 다른 곳은 선을 그어 나눈 근사. 유럽 밖(시베리아·중앙아시아·극동)은 대략적인 추정. 운영자 검수 필요"},"geometry":{"type":"MultiPolygon","coordinates":[[[[-3.0176,53.932],[-2.9565,53.9458],[-2.948,53.9801],[-2.9469,53.9846],[-2.948,53.9856],[-3.0121,54.0446],[-3.0441,54.0741],[-3.0762,54.1036],[-3.1,54.1255],[-3.1179,54.1088],[-3.1453,54.1],[-3.1454,54.0638],[-3.1898,54.0979],[-3.241,54.1121],[-3.2331,54.1592],[-3.2484,54.1737],[-3.2391,54.1754],[-3.2716,54.1969],[-3.3068,54.1919],[-3.3285,54.2047],[-3.4074,54.2777],[-3.4055,54.3013],[-3.4112,54.3061],[-3.556,54.4536],[-3.5919,54.4831],[-3.6342,54.5129],[-3.6116,54.5299],[-3.5909,54.5636],[-3.5912,54.5648],[-3.5911,54.5649],[-3.5912,54.5652],[-3.5887,54.5694],[-3.5871,54.574],[-3.6308,54.6142],[-3.7241,54.6277],[-3.768,54.6341],[-3.8119,54.6405],[-3.8119,54.6618],[-3.8119,54.6681],[-3.8119,54.6894],[-3.768,54.6894],[-3.768,54.7203],[-3.7241,54.7203],[-3.7241,54.732],[-3.6874,54.732],[-3.6874,54.7584],[-3.6508,54.7584],[-3.6508,54.7847],[-3.6363,54.7847],[-3.6141,54.7847],[-3.5924,54.7847],[-3.5924,54.8111],[-3.5485,54.8111],[-3.5485,54.8367],[-3.5054,54.8367],[-3.5054,54.8627],[-3.4624,54.8627],[-3.4624,54.8886],[-3.4607,54.8886],[-3.4607,54.9146],[-3.4607,54.936],[-3.4168,54.936],[-3.3729,54.936],[-3.3729,54.9326],[-3.329,54.9326],[-3.329,54.9764],[-3.2851,54.9745],[-3.2412,54.9727],[-3.1973,54.9708],[-3.1534,54.9689],[-3.1534,54.937],[-3.1228,54.9327],[-3.1095,54.9356],[-3.1095,54.9722],[-3.0656,54.9791],[-3.0503,54.9815],[-3.033,55.0152],[-3.0303,55.0459],[-3.015,55.0515],[-2.9538,55.041],[-2.9223,55.0717],[-2.8831,55.0836],[-2.8503,55.1113],[-2.8595,55.1363],[-2.8895,55.1552],[-2.8842,55.2019],[-2.8639,55.2185],[-2.8689,55.2369],[-2.8984,55.238],[-2.8726,55.2619],[-2.8912,55.278],[-2.945,55.288],[-2.9975,55.2683],[-3.0345,55.273],[-3.057,55.3072],[-3.0984,55.3296],[-3.1045,55.3522],[-3.1642,55.3497],[-3.2075,55.3722],[-3.285,55.3411],[-3.3039,55.3427],[-3.3034,55.3849],[-3.2414,55.4188],[-3.2525,55.4288],[-3.3164,55.4383],[-3.345,55.4119],[-3.4106,55.4119],[-3.4437,55.4044],[-3.5003,55.4097],[-3.5348,55.438],[-3.5122,55.4922],[-3.485,55.515],[-3.4872,55.5602],[-3.527,55.6002],[-3.4781,55.6122],[-3.4795,55.6485],[-3.3945,55.7077],[-3.4359,55.7183],[-3.4579,55.7696],[-3.5228,55.7855],[-3.565,55.7877],[-3.59,55.8016],[-3.6112,55.8038],[-3.6881,55.7952],[-3.7239,55.778],[-3.7334,55.7835],[-3.7184,55.8124],[-3.745,55.858],[-3.7103,55.8702],[-3.7064,55.8769],[-3.7283,55.8833],[-3.7934,55.8719],[-3.8206,55.8891],[-3.8089,55.8952],[-3.7739,55.9024],[-3.7192,55.9319],[-3.6673,55.9422],[-3.6642,55.9544],[-3.635,55.9652],[-3.5986,55.9911],[-3.5795,55.9936],[-3.5667,55.9866],[-3.5395,55.9866],[-3.5053,56.0056],[-3.4999,56.0047],[-3.4693,55.9999],[-3.4498,55.9968],[-3.4386,55.995],[-3.4079,55.9901],[-3.4054,55.9897],[-3.3772,55.9897],[-3.3583,55.9897],[-3.3466,55.9916],[-3.3466,56.0108],[-3.3159,56.0108],[-3.2852,56.0108],[-3.2852,56.0153],[-3.2545,56.0153],[-3.2239,56.0153],[-3.2239,56.0068],[-3.1932,56.0068],[-3.1625,56.0068],[-3.1625,55.9989],[-3.1318,55.9989],[-3.1012,55.9989],[-3.1012,56.0164],[-3.0759,56.0164],[-3.1012,55.9912],[-3.1188,55.9737],[-3.1012,55.9726],[-3.0708,55.9707],[-3.0404,55.9688],[-2.9971,55.9661],[-2.9796,55.9729],[-2.8628,56.0177],[-2.871,56.0307],[-2.8231,56.0598],[-2.8028,56.0648],[-2.6351,56.0581],[-2.616,56.0532],[-2.5694,56.0245],[-2.5728,56.0193],[-2.5172,56.0042],[-2.5079,56.0102],[-2.4597,55.9885],[-2.438,55.9826],[-2.4144,55.9783],[-2.4041,55.9734],[-2.2322,55.9267],[-2.1468,55.9173],[-2.144,55.913],[-2.086,55.9094],[-2.0517,55.864],[-2.0102,55.8092],[-1.9995,55.795],[-1.9929,55.7902],[-1.9595,55.7661],[-1.8304,55.6727],[-1.7751,55.6432],[-1.7686,55.6419],[-1.7646,55.6376],[-1.7296,55.6189],[-1.7183,55.6116],[-1.6991,55.613],[-1.6308,55.5851],[-1.6347,55.5644],[-1.6172,55.5503],[-1.6308,55.5373],[-1.6029,55.5236],[-1.6113,55.508],[-1.5849,55.4837],[-1.5817,55.4215],[-1.5208,55.2596],[-1.4974,55.2037],[-1.4519,55.0948],[-1.4406,55.0676],[-1.4301,55.0425],[-1.4285,55.0404],[-1.4079,55.0132],[-1.3873,54.986],[-1.3702,54.9755],[-1.3627,54.9648],[-1.3635,54.9545],[-1.3311,54.9116],[-1.3272,54.9065],[-1.2987,54.8688],[-1.2339,54.7831],[-1.2337,54.7829],[-1.2014,54.7402],[-1.1691,54.6975],[-1.1647,54.6917],[-1.1367,54.6547],[-1.1327,54.6494],[-1.1279,54.648],[-0.8917,54.5796],[-0.7879,54.5608],[-0.7788,54.5574],[-0.6939,54.5259],[-0.43,54.4639],[-0.3892,54.3884],[-0.309,54.24],[-0.2368,54.1933],[-0.232,54.1902],[-0.1987,54.1741],[-0.1606,54.1558],[-0.0844,54.119],[-0.0847,54.1188],[-0.0846,54.1188],[-0.0847,54.1187],[-0.0844,54.1186],[-0.086,54.1178],[-0.0755,54.1121],[-0.13,54.0944],[-0.1564,54.0804],[-0.1971,54.0329],[-0.1028,53.8585],[-0.0673,53.8217],[-0.0452,53.8012],[0.1335,53.6426],[0.1493,53.6096],[0.1369,53.5771],[0.1096,53.5629],[0.136,53.6107],[0.1063,53.6221],[0.1172,53.6086],[0.1166,53.6089],[0.1172,53.6082],[0.1165,53.6086],[0.1168,53.6082],[0.0772,53.629],[0.0644,53.6324],[0.0376,53.6395],[0.0159,53.6388],[0.0345,53.6045],[0.0555,53.5656],[0.0765,53.5268],[0.0974,53.488],[0.1519,53.4758],[0.1758,53.4377],[0.2195,53.4195],[0.2449,53.3909],[0.3421,53.2263],[0.3562,53.1885],[0.3566,53.1457],[0.3405,53.1101],[0.355,53.09],[0.4093,53.0146],[0.4094,53.0146],[0.4365,52.977],[0.4637,52.9393],[0.47,52.9305],[0.4822,52.9285],[0.4857,52.9335],[0.5203,52.9553],[0.5696,52.9693],[0.6714,52.9744],[0.6719,52.9744],[0.6847,52.9864],[0.7482,52.9748],[0.7581,52.9744],[0.8357,52.9744],[0.9054,52.9603],[0.9487,52.9541],[1.0011,52.9566],[1.0139,52.9602],[0.9661,52.9744],[1.2747,52.9292],[1.396,52.8914],[1.6442,52.7758],[1.697,52.731],[1.7472,52.6252],[1.7476,52.5328],[1.7712,52.4859],[1.7544,52.4674],[1.7293,52.4156],[1.7279,52.3963],[1.6836,52.3245],[1.6611,52.3016],[1.6472,52.2784],[1.6308,52.2195],[1.6309,52.1998],[1.5823,52.0815],[1.5339,52.0704],[1.4132,51.9937],[1.4117,51.9931],[1.3323,51.9401],[1.3119,51.9564],[1.271,51.9331],[1.2621,51.9392],[1.0955,51.9457],[1.0785,51.9507],[1.0194,51.9505],[0.968,51.9638],[0.9144,51.9683],[0.8658,51.9594],[0.7878,51.9547],[0.748,51.993],[0.7378,52.0163],[0.7216,52.0119],[0.7011,52.0674],[0.6783,52.0772],[0.6361,52.075],[0.525,52.0483],[0.4891,52.0691],[0.4089,52.0593],[0.3911,52.0355],[0.3655,52.0441],[0.3253,52.0741],[0.2866,52.0849],[0.2558,52.0769],[0.2067,52.0816],[0.1936,52.0569],[0.1391,52.0419],[0.1064,52.0549],[0.1083,52.0274],[0.0805,52.0024],[0.0825,51.9833],[0.1108,51.9736],[0.1417,51.8839],[0.1899,51.8902],[0.1992,51.8658],[0.1736,51.8483],[0.173,51.8252],[0.1903,51.8166],[0.158,51.7905],[0.1083,51.7775],[0.0356,51.7683],[0,51.7331],[-0.0113,51.6772],[-0.007,51.666],[-0.0128,51.6499],[-0.0026,51.6466],[-0.0124,51.6363],[-0.0134,51.6352],[-0.0138,51.6348],[-0.0145,51.6336],[-0.0147,51.6329],[-0.0149,51.6316],[-0.0151,51.6296],[-0.0152,51.6284],[-0.0165,51.6247],[-0.0167,51.6241],[-0.017,51.6222],[-0.0172,51.6216],[-0.0174,51.621],[-0.019,51.619],[-0.0196,51.6185],[-0.0211,51.6175],[-0.0248,51.6155],[-0.0256,51.6149],[-0.0275,51.6141],[-0.0283,51.6137],[-0.029,51.6132],[-0.0296,51.6127],[-0.0298,51.6123],[-0.0302,51.6114],[-0.0303,51.6108],[-0.0301,51.6086],[-0.0298,51.6075],[-0.0291,51.6063],[-0.029,51.6057],[-0.029,51.605],[-0.0291,51.6044],[-0.0296,51.6034],[-0.0298,51.6027],[-0.0299,51.602],[-0.03,51.6011],[-0.0331,51.5981],[-0.0341,51.5969],[-0.0367,51.5947],[-0.0385,51.5928],[-0.0391,51.592],[-0.0417,51.589],[-0.0424,51.5882],[-0.0434,51.5871],[-0.044,51.5863],[-0.0451,51.5851],[-0.0466,51.5832],[-0.0474,51.5815],[-0.0483,51.5803],[-0.0492,51.5785],[-0.0502,51.5773],[-0.0527,51.5736],[-0.0483,51.5654],[-0.0403,51.5599],[-0.0372,51.559],[-0.024,51.56],[-0.0208,51.5592],[-0.0106,51.5524],[-0.0105,51.5472],[-0.0107,51.5446],[-0.011,51.5435],[-0.0093,51.5338],[0.0039,51.5137],[0.0051,51.5127],[0.0082,51.511],[0.0132,51.5094],[0.0146,51.5085],[0.0194,51.5026],[0.008,51.5005],[0.0062,51.4998],[0.0054,51.4989],[0.0051,51.4981],[0.0047,51.492],[0.0052,51.4889],[0.0051,51.4866],[0.0031,51.4825],[0.0025,51.482],[0.0002,51.4806],[-0.0023,51.4799],[-0.0047,51.4796],[-0.0115,51.4802],[-0.018,51.4831],[-0.0231,51.4887],[-0.0236,51.4959],[-0.0376,51.4975],[-0.0488,51.5009],[-0.0669,51.5079],[-0.0672,51.508],[-0.0848,51.5116],[-0.0973,51.5097],[-0.1022,51.509],[-0.1079,51.5053],[-0.1122,51.5024],[-0.1277,51.4922],[-0.1279,51.4921],[-0.1355,51.4871],[-0.1429,51.4837],[-0.1567,51.4773],[-0.1712,51.4726],[-0.1793,51.47],[-0.1983,51.4674],[-0.21,51.4706],[-0.2127,51.4729],[-0.2261,51.4841],[-0.2365,51.4872],[-0.2367,51.4872],[-0.2471,51.4851],[-0.2597,51.4757],[-0.271,51.4736],[-0.3102,51.4726],[-0.3232,51.4647],[-0.316,51.4556],[-0.364,51.4507],[-0.375,51.444],[-0.3767,51.4403],[-0.3706,51.4369],[-0.3568,51.4367],[-0.3569,51.4342],[-0.3674,51.4299],[-0.3844,51.4137],[-0.4003,51.4249],[-0.4317,51.4302],[-0.4403,51.438],[-0.4414,51.4539],[-0.4737,51.4588],[-0.4972,51.4778],[-0.5128,51.4758],[-0.5208,51.488],[-0.5192,51.5],[-0.5236,51.5063],[-0.5576,51.5041],[-0.5614,51.5219],[-0.5686,51.5271],[-0.5798,51.5263],[-0.5856,51.5205],[-0.6167,51.5302],[-0.6445,51.5263],[-0.6497,51.52],[-0.6434,51.5033],[-0.6362,51.4937],[-0.6617,51.4916],[-0.6787,51.4941],[-0.7013,51.5071],[-0.6995,51.5173],[-0.6889,51.5297],[-0.6856,51.5493],[-0.6968,51.5592],[-0.719,51.5633],[-0.7432,51.562],[-0.7607,51.5555],[-0.7743,51.5568],[-0.8463,51.5425],[-0.8822,51.551],[-0.8871,51.5481],[-0.8836,51.5282],[-0.8732,51.5075],[-0.887,51.4912],[-0.9069,51.4764],[-0.9312,51.4698],[-0.9645,51.4547],[-0.9872,51.4531],[-1.0036,51.4593],[-1.0416,51.4822],[-1.0589,51.4872],[-1.0811,51.4891],[-1.1232,51.5031],[-1.1466,51.5305],[-1.1842,51.523],[-1.2269,51.5333],[-1.2644,51.5324],[-1.2897,51.5486],[-1.322,51.55],[-1.3389,51.5372],[-1.3656,51.5449],[-1.3881,51.536],[-1.4184,51.5402],[-1.4489,51.5327],[-1.4867,51.5469],[-1.5342,51.5505],[-1.5675,51.5458],[-1.5845,51.5174],[-1.6028,51.5202],[-1.6467,51.5685],[-1.6684,51.568],[-1.6753,51.5727],[-1.6778,51.5997],[-1.6597,51.6111],[-1.6545,51.6319],[-1.6839,51.6505],[-1.6833,51.6786],[-1.7011,51.681],[-1.7245,51.6627],[-1.7497,51.6588],[-1.7774,51.6604],[-1.7959,51.6944],[-1.8117,51.6925],[-1.8328,51.6566],[-1.8881,51.6725],[-1.8692,51.6463],[-1.94,51.663],[-1.9487,51.6399],[-2.0573,51.6641],[-2.1011,51.6202],[-2.1489,51.5894],[-2.1917,51.5983],[-2.24,51.5791],[-2.2716,51.5772],[-2.262,51.5472],[-2.2453,51.5186],[-2.2806,51.5099],[-2.3206,51.4838],[-2.287,51.4813],[-2.2807,51.4203],[-2.3254,51.4149],[-2.3977,51.4029],[-2.5034,51.4055],[-2.5227,51.4188],[-2.5275,51.4082],[-2.5395,51.3935],[-2.5623,51.3801],[-2.6064,51.3801],[-2.6335,51.3821],[-2.6306,51.4002],[-2.6306,51.443],[-2.6439,51.4551],[-2.668,51.4671],[-2.7055,51.4805],[-2.7294,51.4962],[-2.7326,51.4958],[-2.7326,51.5333],[-2.7326,51.5622],[-2.7061,51.5622],[-2.7061,51.5868],[-2.6796,51.5868],[-2.6666,51.5868],[-2.6531,51.5868],[-2.627,51.5868],[-2.6266,51.5872],[-2.6266,51.6271],[-2.6527,51.6271],[-2.6531,51.6268],[-2.6654,51.6173],[-2.6835,51.659],[-2.6617,51.6755],[-2.6837,51.7261],[-2.6702,51.7495],[-2.6758,51.7867],[-2.6485,51.8214],[-2.6589,51.8177],[-2.6958,51.8363],[-2.7287,51.8384],[-2.7757,51.875],[-2.8736,51.9292],[-2.9525,51.9087],[-2.9823,51.9228],[-2.9988,51.9467],[-3.0512,51.9835],[-3.0799,52.0168],[-3.0876,52.0517],[-3.1238,52.0757],[-3.1014,52.1132],[-3.1222,52.132],[-3.0757,52.1528],[-3.1077,52.1727],[-3.0541,52.2302],[-3.0025,52.257],[-2.9684,52.2578],[-2.9995,52.2962],[-2.9637,52.3226],[-2.9574,52.3412],[-3.0706,52.3466],[-3.1037,52.3681],[-3.1993,52.4125],[-3.2151,52.4384],[-3.1903,52.4688],[-3.1077,52.4939],[-3.0308,52.4969],[-2.9764,52.5381],[-3.0053,52.5673],[-3.1107,52.527],[-3.124,52.5665],[-3.1163,52.5863],[-3.0742,52.6067],[-3.0657,52.6336],[-3.0402,52.6467],[-3.0133,52.7084],[-2.9674,52.7199],[-2.9615,52.7337],[-2.9985,52.7561],[-3.0575,52.7662],[-3.0822,52.783],[-3.1404,52.7963],[-3.1522,52.8298],[-3.1219,52.8549],[-3.1284,52.88],[-3.0862,52.9136],[-3.0039,52.9498],[-2.9584,52.9505],[-2.933,52.9343],[-2.878,52.9414],[-2.848,52.9373],[-2.795,52.9039],[-2.7795,52.9006],[-2.7215,52.9182],[-2.7162,52.9418],[-2.7277,52.9665],[-2.7686,52.9815],[-2.8062,52.985],[-2.8505,53.0172],[-2.871,53.0663],[-2.8974,53.1022],[-2.9568,53.1446],[-2.9524,53.1529],[-2.9153,53.1671],[-2.9136,53.1834],[-2.9556,53.2155],[-3.0198,53.2467],[-3.0845,53.2586],[-3.0925,53.2787],[-3.1108,53.2787],[-3.1371,53.2787],[-3.1371,53.2954],[-3.1634,53.2954],[-3.1634,53.3226],[-3.1897,53.3226],[-3.1897,53.3208],[-3.216,53.3208],[-3.216,53.3528],[-3.2423,53.3528],[-3.2423,53.3832],[-3.2423,53.3849],[-3.2686,53.3849],[-3.2686,53.4153],[-3.2423,53.4137],[-3.1897,53.4105],[-3.1581,53.4085],[-3.1573,53.4088],[-3.1147,53.4127],[-3.095,53.4172],[-3.0938,53.4176],[-3.0867,53.4211],[-3.0792,53.4514],[-3.0726,53.4779],[-3.066,53.5043],[-3.0966,53.5443],[-3.1019,53.5581],[-3.0995,53.572],[-3.0876,53.5877],[-3.0316,53.6431],[-3.0194,53.6925],[-3.0071,53.742],[-3.0215,53.7458],[-3.0492,53.7695],[-3.0564,53.803],[-3.0449,53.8785],[-3.0566,53.9062],[-3.0407,53.9235],[-3.0176,53.932]]],[[[-3.0759,56.0164],[-3.0759,56.0416],[-3.0507,56.0416],[-3.0759,56.0164]]]]}},
{"type":"Feature","properties":{"entityId":"anglo-saxon-kingdoms","from":867,"to":869,"certainty":"estimated","source":"유럽 쪽은 Natural Earth 1:10m admin-1(v5.1.2) 현대 행정구역 조각을 그 시기 국경에 맞춰 묶고, 조각이 역사 경계와 다른 곳은 선을 그어 나눈 근사. 유럽 밖(시베리아·중앙아시아·극동)은 대략적인 추정. 운영자 검수 필요"},"geometry":{"type":"MultiPolygon","coordinates":[[[[0.0805,52.0024],[0.0825,51.9833],[0.1108,51.9736],[0.1417,51.8839],[0.1899,51.8902],[0.1992,51.8658],[0.1736,51.8483],[0.173,51.8252],[0.1903,51.8166],[0.158,51.7905],[0.1083,51.7775],[0.0356,51.7683],[0,51.7331],[-0.0113,51.6772],[-0.007,51.666],[-0.0128,51.6499],[-0.0026,51.6466],[-0.0124,51.6363],[-0.0134,51.6352],[-0.0138,51.6348],[-0.0145,51.6336],[-0.0147,51.6329],[-0.0149,51.6316],[-0.0151,51.6296],[-0.0152,51.6284],[-0.0165,51.6247],[-0.0167,51.6241],[-0.017,51.6222],[-0.0172,51.6216],[-0.0174,51.621],[-0.019,51.619],[-0.0196,51.6185],[-0.0211,51.6175],[-0.0248,51.6155],[-0.0256,51.6149],[-0.0275,51.6141],[-0.0283,51.6137],[-0.029,51.6132],[-0.0296,51.6127],[-0.0298,51.6123],[-0.0302,51.6114],[-0.0303,51.6108],[-0.0301,51.6086],[-0.0298,51.6075],[-0.0291,51.6063],[-0.029,51.6057],[-0.029,51.605],[-0.0291,51.6044],[-0.0296,51.6034],[-0.0298,51.6027],[-0.0299,51.602],[-0.03,51.6011],[-0.0331,51.5981],[-0.0341,51.5969],[-0.0367,51.5947],[-0.0385,51.5928],[-0.0391,51.592],[-0.0417,51.589],[-0.0424,51.5882],[-0.0434,51.5871],[-0.044,51.5863],[-0.0451,51.5851],[-0.0466,51.5832],[-0.0474,51.5815],[-0.0483,51.5803],[-0.0492,51.5785],[-0.0502,51.5773],[-0.0527,51.5736],[-0.0483,51.5654],[-0.0403,51.5599],[-0.0372,51.559],[-0.024,51.56],[-0.0208,51.5592],[-0.0106,51.5524],[-0.0105,51.5472],[-0.0107,51.5446],[-0.011,51.5435],[-0.0093,51.5338],[0.0039,51.5137],[0.0051,51.5127],[0.0082,51.511],[0.0132,51.5094],[0.0146,51.5085],[0.0194,51.5026],[0.008,51.5005],[0.0062,51.4998],[0.0054,51.4989],[0.0051,51.4981],[0.0047,51.492],[0.0052,51.4889],[0.0051,51.4866],[0.0031,51.4825],[0.0025,51.482],[0.0002,51.4806],[-0.0023,51.4799],[-0.0047,51.4796],[-0.0115,51.4802],[-0.018,51.4831],[-0.0231,51.4887],[-0.0236,51.4959],[-0.0376,51.4975],[-0.0488,51.5009],[-0.0669,51.5079],[-0.0672,51.508],[-0.0848,51.5116],[-0.0973,51.5097],[-0.1022,51.509],[-0.1079,51.5053],[-0.1122,51.5024],[-0.1277,51.4922],[-0.1279,51.4921],[-0.1355,51.4871],[-0.1429,51.4837],[-0.1567,51.4773],[-0.1712,51.4726],[-0.1793,51.47],[-0.1983,51.4674],[-0.21,51.4706],[-0.2127,51.4729],[-0.2261,51.4841],[-0.2365,51.4872],[-0.2367,51.4872],[-0.2471,51.4851],[-0.2597,51.4757],[-0.271,51.4736],[-0.3102,51.4726],[-0.3232,51.4647],[-0.316,51.4556],[-0.364,51.4507],[-0.375,51.444],[-0.3767,51.4403],[-0.3706,51.4369],[-0.3568,51.4367],[-0.3569,51.4342],[-0.3674,51.4299],[-0.3844,51.4137],[-0.4003,51.4249],[-0.4317,51.4302],[-0.4403,51.438],[-0.4414,51.4539],[-0.4737,51.4588],[-0.4972,51.4778],[-0.5128,51.4758],[-0.5208,51.488],[-0.5192,51.5],[-0.5236,51.5063],[-0.5576,51.5041],[-0.5614,51.5219],[-0.5686,51.5271],[-0.5798,51.5263],[-0.5856,51.5205],[-0.6167,51.5302],[-0.6445,51.5263],[-0.6497,51.52],[-0.6434,51.5033],[-0.6362,51.4937],[-0.6617,51.4916],[-0.6787,51.4941],[-0.7013,51.5071],[-0.6995,51.5173],[-0.6889,51.5297],[-0.6856,51.5493],[-0.6968,51.5592],[-0.719,51.5633],[-0.7432,51.562],[-0.7607,51.5555],[-0.7743,51.5568],[-0.8463,51.5425],[-0.8822,51.551],[-0.8871,51.5481],[-0.8836,51.5282],[-0.8732,51.5075],[-0.887,51.4912],[-0.9069,51.4764],[-0.9312,51.4698],[-0.9645,51.4547],[-0.9872,51.4531],[-1.0036,51.4593],[-1.0416,51.4822],[-1.0589,51.4872],[-1.0811,51.4891],[-1.1232,51.5031],[-1.1466,51.5305],[-1.1842,51.523],[-1.2269,51.5333],[-1.2644,51.5324],[-1.2897,51.5486],[-1.322,51.55],[-1.3389,51.5372],[-1.3656,51.5449],[-1.3881,51.536],[-1.4184,51.5402],[-1.4489,51.5327],[-1.4867,51.5469],[-1.5342,51.5505],[-1.5675,51.5458],[-1.5845,51.5174],[-1.6028,51.5202],[-1.6467,51.5685],[-1.6684,51.568],[-1.6753,51.5727],[-1.6778,51.5997],[-1.6597,51.6111],[-1.6545,51.6319],[-1.6839,51.6505],[-1.6833,51.6786],[-1.7011,51.681],[-1.7245,51.6627],[-1.7497,51.6588],[-1.7774,51.6604],[-1.7959,51.6944],[-1.8117,51.6925],[-1.8328,51.6566],[-1.8881,51.6725],[-1.8692,51.6463],[-1.94,51.663],[-1.9487,51.6399],[-2.0573,51.6641],[-2.1011,51.6202],[-2.1489,51.5894],[-2.1917,51.5983],[-2.24,51.5791],[-2.2716,51.5772],[-2.262,51.5472],[-2.2453,51.5186],[-2.2806,51.5099],[-2.3206,51.4838],[-2.287,51.4813],[-2.2807,51.4203],[-2.3254,51.4149],[-2.3977,51.4029],[-2.5034,51.4055],[-2.5227,51.4188],[-2.5275,51.4082],[-2.5395,51.3935],[-2.5623,51.3801],[-2.6064,51.3801],[-2.6335,51.3821],[-2.6306,51.4002],[-2.6306,51.443],[-2.6439,51.4551],[-2.668,51.4671],[-2.7055,51.4805],[-2.7294,51.4962],[-2.7326,51.4958],[-2.7326,51.5333],[-2.7326,51.5622],[-2.7061,51.5622],[-2.7061,51.5868],[-2.6796,51.5868],[-2.6666,51.5868],[-2.6531,51.5868],[-2.627,51.5868],[-2.6266,51.5872],[-2.6266,51.6271],[-2.6527,51.6271],[-2.6531,51.6268],[-2.6654,51.6173],[-2.6835,51.659],[-2.6617,51.6755],[-2.6837,51.7261],[-2.6702,51.7495],[-2.6758,51.7867],[-2.6485,51.8214],[-2.6589,51.8177],[-2.6958,51.8363],[-2.7287,51.8384],[-2.7757,51.875],[-2.8736,51.9292],[-2.9525,51.9087],[-2.9823,51.9228],[-2.9988,51.9467],[-3.0512,51.9835],[-3.0799,52.0168],[-3.0876,52.0517],[-3.1238,52.0757],[-3.1014,52.1132],[-3.1222,52.132],[-3.0757,52.1528],[-3.1077,52.1727],[-3.0541,52.2302],[-3.0025,52.257],[-2.9684,52.2578],[-2.9995,52.2962],[-2.9637,52.3226],[-2.9574,52.3412],[-3.0706,52.3466],[-3.1037,52.3681],[-3.1993,52.4125],[-3.2151,52.4384],[-3.1903,52.4688],[-3.1077,52.4939],[-3.0308,52.4969],[-2.9764,52.5381],[-3.0053,52.5673],[-3.1107,52.527],[-3.124,52.5665],[-3.1163,52.5863],[-3.0742,52.6067],[-3.0657,52.6336],[-3.0402,52.6467],[-3.0133,52.7084],[-2.9674,52.7199],[-2.9615,52.7337],[-2.9985,52.7561],[-3.0575,52.7662],[-3.0822,52.783],[-3.1404,52.7963],[-3.1522,52.8298],[-3.1219,52.8549],[-3.1284,52.88],[-3.0862,52.9136],[-3.0039,52.9498],[-2.9584,52.9505],[-2.933,52.9343],[-2.878,52.9414],[-2.848,52.9373],[-2.795,52.9039],[-2.7795,52.9006],[-2.7215,52.9182],[-2.7162,52.9418],[-2.7277,52.9665],[-2.7686,52.9815],[-2.8062,52.985],[-2.8505,53.0172],[-2.871,53.0663],[-2.8974,53.1022],[-2.9568,53.1446],[-2.9524,53.1529],[-2.9153,53.1671],[-2.9136,53.1834],[-2.9556,53.2155],[-3.0198,53.2467],[-3.0845,53.2586],[-3.0925,53.2787],[-3.1108,53.2787],[-3.1371,53.2787],[-3.1371,53.2954],[-3.1634,53.2954],[-3.1634,53.3226],[-3.1897,53.3226],[-3.1897,53.3208],[-3.216,53.3208],[-3.216,53.3528],[-3.2423,53.3528],[-3.2423,53.3832],[-3.2423,53.3849],[-3.2686,53.3849],[-3.2686,53.4153],[-3.2423,53.4137],[-3.1897,53.4105],[-3.1581,53.4085],[-3.1573,53.4088],[-3.1147,53.4127],[-3.095,53.4172],[-3.0938,53.4176],[-3.0867,53.4211],[-3.0792,53.4514],[-3.0613,53.4514],[-3.0524,53.4514],[-3.0359,53.4514],[-3.0359,53.4337],[-3.0356,53.4337],[-3.0236,53.425],[-3.0122,53.4167],[-3.0006,53.3985],[-2.9852,53.3985],[-2.9808,53.3928],[-2.9737,53.3862],[-2.9737,53.359],[-2.9469,53.359],[-2.9469,53.3284],[-2.92,53.3284],[-2.8932,53.3284],[-2.8932,53.2927],[-2.8815,53.2884],[-2.845,53.3001],[-2.8448,53.3001],[-2.7965,53.3],[-2.7965,53.322],[-2.7998,53.321],[-2.8103,53.3217],[-2.8034,53.3438],[-2.787,53.3366],[-2.7719,53.3489],[-2.7747,53.3605],[-2.7722,53.365],[-2.7547,53.3781],[-2.7411,53.3883],[-2.6806,53.3788],[-2.6629,53.3574],[-2.6291,53.3421],[-2.6057,53.3381],[-2.5807,53.3155],[-2.5694,53.3123],[-2.555,53.3123],[-2.5316,53.3196],[-2.509,53.3309],[-2.4471,53.355],[-2.4288,53.3803],[-2.395,53.3735],[-2.3648,53.3624],[-2.3167,53.3599],[-2.2834,53.3422],[-2.2603,53.3449],[-2.2384,53.3549],[-2.2036,53.3538],[-2.1761,53.3455],[-2.1745,53.3308],[-2.1595,53.3213],[-2.1403,53.3277],[-2.1306,53.3525],[-2.12,53.3594],[-2.0808,53.3611],[-2.0495,53.3522],[-2.0353,53.3677],[-2.0168,53.3704],[-2.0045,53.3741],[-1.9814,53.3983],[-1.9906,53.4064],[-2.0117,53.4125],[-2.0092,53.4274],[-1.9825,53.4438],[-1.9778,53.4688],[-1.9636,53.4947],[-1.9325,53.4958],[-1.9189,53.5008],[-1.91,53.5205],[-1.8972,53.533],[-1.8708,53.5322],[-1.8161,53.5161],[-1.7956,53.4969],[-1.7872,53.4686],[-1.7312,53.441],[-1.7342,53.4108],[-1.7017,53.4036],[-1.6906,53.3874],[-1.6464,53.3766],[-1.6503,53.3519],[-1.5925,53.3377],[-1.5828,53.3264],[-1.6148,53.308],[-1.5875,53.3022],[-1.5706,53.3049],[-1.5314,53.2897],[-1.4589,53.3069],[-1.432,53.3236],[-1.3937,53.3252],[-1.3828,53.3216],[-1.3809,53.3069],[-1.3592,53.3002],[-1.3325,53.2988],[-1.3114,53.3139],[-1.2867,53.3169],[-1.2773,53.3133],[-1.282,53.2994],[-1.2614,53.2986],[-1.2425,53.2908],[-1.176,53.2929],[-1.1661,53.3063],[-1.135,53.3258],[-1.1447,53.3377],[-1.1211,53.3455],[-1.1139,53.3561],[-1.1181,53.3786],[-1.0664,53.413],[-1.0131,53.4083],[-0.9775,53.4344],[-0.9698,53.463],[-0.9194,53.4874],[-0.9433,53.518],[-0.9148,53.533],[-0.872,53.5308],[-0.8728,53.5458],[-0.9045,53.5716],[-0.8609,53.5816],[-0.8607,53.6124],[-0.8441,53.6138],[-0.767,53.6581],[-0.6993,53.6913],[-0.7002,53.6916],[-0.7002,53.7098],[-0.6738,53.7191],[-0.6474,53.7284],[-0.637,53.732],[-0.621,53.7309],[-0.5946,53.7291],[-0.5792,53.728],[-0.5683,53.7222],[-0.5683,53.6953],[-0.5419,53.6832],[-0.5419,53.7096],[-0.5156,53.711],[-0.4892,53.7123],[-0.4628,53.7136],[-0.4497,53.7143],[-0.4364,53.7143],[-0.4364,53.7],[-0.4101,53.7029],[-0.3838,53.7058],[-0.3574,53.7088],[-0.331,53.7117],[-0.3072,53.7143],[-0.3047,53.7137],[-0.2995,53.7123],[-0.2783,53.7123],[-0.2519,53.7123],[-0.2519,53.685],[-0.2278,53.685],[-0.2255,53.685],[-0.1992,53.685],[-0.1992,53.669],[-0.1992,53.6576],[-0.1992,53.6383],[-0.1728,53.6383],[-0.1549,53.6383],[-0.1465,53.6383],[-0.1201,53.6383],[-0.1201,53.6076],[-0.0938,53.6076],[-0.0938,53.586],[-0.0674,53.586],[-0.041,53.586],[-0.0146,53.586],[0.0117,53.586],[0.0117,53.6045],[0.0345,53.6045],[0.0555,53.5656],[0.0765,53.5268],[0.0974,53.488],[0.1519,53.4758],[0.1758,53.4377],[0.2195,53.4195],[0.2449,53.3909],[0.3421,53.2263],[0.3562,53.1885],[0.3566,53.1457],[0.3405,53.1101],[0.355,53.09],[0.4093,53.0146],[0.4094,53.0146],[0.4365,52.977],[0.4637,52.9393],[0.47,52.9305],[0.4822,52.9285],[0.4857,52.9335],[0.5203,52.9553],[0.5696,52.9693],[0.6714,52.9744],[0.6719,52.9744],[0.6847,52.9864],[0.7482,52.9748],[0.7581,52.9744],[0.8357,52.9744],[0.9054,52.9603],[0.9487,52.9541],[1.0011,52.9566],[1.0139,52.9602],[0.9661,52.9744],[1.2747,52.9292],[1.396,52.8914],[1.6442,52.7758],[1.697,52.731],[1.7472,52.6252],[1.7476,52.5328],[1.7712,52.4859],[1.7544,52.4674],[1.7293,52.4156],[1.7279,52.3963],[1.6836,52.3245],[1.6611,52.3016],[1.6472,52.2784],[1.6308,52.2195],[1.6309,52.1998],[1.5823,52.0815],[1.5339,52.0704],[1.4132,51.9937],[1.4117,51.9931],[1.3323,51.9401],[1.3119,51.9564],[1.271,51.9331],[1.2621,51.9392],[1.0955,51.9457],[1.0785,51.9507],[1.0194,51.9505],[0.968,51.9638],[0.9144,51.9683],[0.8658,51.9594],[0.7878,51.9547],[0.748,51.993],[0.7378,52.0163],[0.7216,52.0119],[0.7011,52.0674],[0.6783,52.0772],[0.6361,52.075],[0.525,52.0483],[0.4891,52.0691],[0.4089,52.0593],[0.3911,52.0355],[0.3655,52.0441],[0.3253,52.0741],[0.2866,52.0849],[0.2558,52.0769],[0.2067,52.0816],[0.1936,52.0569],[0.1391,52.0419],[0.1064,52.0549],[0.1083,52.0274],[0.0805,52.0024]]],[[[-3.5053,56.0056],[-3.4999,56.0047],[-3.4693,55.9999],[-3.4498,55.9968],[-3.4386,55.995],[-3.4079,55.9901],[-3.4054,55.9897],[-3.3772,55.9897],[-3.3583,55.9897],[-3.3466,55.9916],[-3.3466,56.0108],[-3.3159,56.0108],[-3.2852,56.0108],[-3.2852,56.0153],[-3.2545,56.0153],[-3.2239,56.0153],[-3.2239,56.0068],[-3.1932,56.0068],[-3.1625,56.0068],[-3.1625,55.9989],[-3.1318,55.9989],[-3.1012,55.9989],[-3.1012,56.0164],[-3.0759,56.0164],[-3.1012,55.9912],[-3.1188,55.9737],[-3.1012,55.9726],[-3.0708,55.9707],[-3.0404,55.9688],[-2.9971,55.9661],[-2.9796,55.9729],[-2.8628,56.0177],[-2.871,56.0307],[-2.8231,56.0598],[-2.8028,56.0648],[-2.6351,56.0581],[-2.616,56.0532],[-2.5694,56.0245],[-2.5728,56.0193],[-2.5172,56.0042],[-2.5079,56.0102],[-2.4597,55.9885],[-2.438,55.9826],[-2.4144,55.9783],[-2.4041,55.9734],[-2.2322,55.9267],[-2.1468,55.9173],[-2.144,55.913],[-2.086,55.9094],[-2.0517,55.864],[-2.0102,55.8092],[-1.9995,55.795],[-1.9929,55.7902],[-1.9595,55.7661],[-1.8304,55.6727],[-1.7751,55.6432],[-1.7686,55.6419],[-1.7646,55.6376],[-1.7296,55.6189],[-1.7183,55.6116],[-1.6991,55.613],[-1.6308,55.5851],[-1.6347,55.5644],[-1.6172,55.5503],[-1.6308,55.5373],[-1.6029,55.5236],[-1.6113,55.508],[-1.5849,55.4837],[-1.5817,55.4215],[-1.5208,55.2596],[-1.4974,55.2037],[-1.4519,55.0948],[-1.4406,55.0676],[-1.4301,55.0425],[-1.4285,55.0404],[-1.4079,55.0132],[-1.3873,54.986],[-1.3702,54.9755],[-1.3627,54.9648],[-1.3635,54.9545],[-1.3311,54.9116],[-1.3272,54.9065],[-1.2987,54.8688],[-1.2339,54.7831],[-1.2337,54.7829],[-1.2014,54.7402],[-1.1691,54.6975],[-1.1647,54.6917],[-1.1367,54.6547],[-1.1327,54.6494],[-1.1279,54.648],[-0.8917,54.5796],[-0.7879,54.5608],[-0.7788,54.5574],[-0.7884,54.5472],[-0.8147,54.5405],[-0.8295,54.53],[-0.8378,54.5158],[-0.8383,54.4872],[-0.8808,54.4958],[-0.9325,54.4866],[-0.9553,54.4974],[-0.9761,54.4999],[-1.0292,54.4924],[-1.0745,54.5049],[-1.1142,54.498],[-1.1795,54.5038],[-1.2017,54.5058],[-1.235,54.4997],[-1.2483,54.4874],[-1.2508,54.4866],[-1.3267,54.4622],[-1.3333,54.4675],[-1.362,54.4675],[-1.3697,54.4888],[-1.3821,54.4935],[-1.3881,54.4888],[-1.4084,54.4924],[-1.4167,54.4777],[-1.432,54.4811],[-1.4361,54.4905],[-1.447,54.4977],[-1.467,54.4941],[-1.4667,54.4827],[-1.4461,54.451],[-1.4603,54.4416],[-1.4723,54.448],[-1.4845,54.471],[-1.495,54.4788],[-1.5256,54.4808],[-1.5203,54.4666],[-1.5325,54.4652],[-1.5778,54.4896],[-1.5909,54.5086],[-1.6003,54.5124],[-1.63,54.5083],[-1.6423,54.5233],[-1.6622,54.5308],[-1.6818,54.5311],[-1.7248,54.5249],[-1.767,54.5286],[-1.7872,54.4816],[-1.8245,54.5027],[-1.8509,54.4805],[-1.9306,54.4547],[-1.9562,54.4544],[-2.0456,54.4797],[-2.0998,54.468],[-2.1389,54.4496],[-2.1552,54.4556],[-2.1942,54.4466],[-2.2447,54.448],[-2.2956,54.4177],[-2.2834,54.3827],[-2.3472,54.3502],[-2.3061,54.3205],[-2.3098,54.2433],[-2.3525,54.2505],[-2.4006,54.2283],[-2.4475,54.2302],[-2.4578,54.2383],[-2.5317,54.2086],[-2.5767,54.1961],[-2.6281,54.1991],[-2.6711,54.1586],[-2.7092,54.1644],[-2.7331,54.183],[-2.7923,54.1908],[-2.8364,54.1676],[-2.8401,54.1731],[-2.872,54.1731],[-2.872,54.1492],[-2.872,54.1353],[-2.872,54.1233],[-2.91,54.1233],[-2.91,54.0974],[-2.948,54.0974],[-2.948,54.1036],[-2.9801,54.1036],[-2.9801,54.0741],[-3.0121,54.0741],[-3.0441,54.0741],[-3.0762,54.1036],[-3.1,54.1255],[-3.1179,54.1088],[-3.1453,54.1],[-3.1454,54.0638],[-3.1898,54.0979],[-3.241,54.1121],[-3.2331,54.1592],[-3.2484,54.1737],[-3.2391,54.1754],[-3.2716,54.1969],[-3.3068,54.1919],[-3.3285,54.2047],[-3.4074,54.2777],[-3.4055,54.3013],[-3.4112,54.3061],[-3.556,54.4536],[-3.5919,54.4831],[-3.6342,54.5129],[-3.6116,54.5299],[-3.5909,54.5636],[-3.5912,54.5648],[-3.5911,54.5649],[-3.5912,54.5652],[-3.5887,54.5694],[-3.5871,54.574],[-3.6308,54.6142],[-3.7241,54.6277],[-3.768,54.6341],[-3.8119,54.6405],[-3.8119,54.6618],[-3.8119,54.6681],[-3.8119,54.6894],[-3.768,54.6894],[-3.768,54.7203],[-3.7241,54.7203],[-3.7241,54.732],[-3.6874,54.732],[-3.6874,54.7584],[-3.6508,54.7584],[-3.6508,54.7847],[-3.6363,54.7847],[-3.6141,54.7847],[-3.5924,54.7847],[-3.5924,54.8111],[-3.5485,54.8111],[-3.5485,54.8367],[-3.5054,54.8367],[-3.5054,54.8627],[-3.4624,54.8627],[-3.4624,54.8886],[-3.4607,54.8886],[-3.4607,54.9146],[-3.4607,54.936],[-3.4168,54.936],[-3.3729,54.936],[-3.3729,54.9326],[-3.329,54.9326],[-3.329,54.9764],[-3.2851,54.9745],[-3.2412,54.9727],[-3.1973,54.9708],[-3.1534,54.9689],[-3.1534,54.937],[-3.1228,54.9327],[-3.1095,54.9356],[-3.1095,54.9722],[-3.0656,54.9791],[-3.0503,54.9815],[-3.033,55.0152],[-3.0303,55.0459],[-3.015,55.0515],[-2.9538,55.041],[-2.9223,55.0717],[-2.8831,55.0836],[-2.8503,55.1113],[-2.8595,55.1363],[-2.8895,55.1552],[-2.8842,55.2019],[-2.8639,55.2185],[-2.8689,55.2369],[-2.8984,55.238],[-2.8726,55.2619],[-2.8912,55.278],[-2.945,55.288],[-2.9975,55.2683],[-3.0345,55.273],[-3.057,55.3072],[-3.0984,55.3296],[-3.1045,55.3522],[-3.1642,55.3497],[-3.2075,55.3722],[-3.285,55.3411],[-3.3039,55.3427],[-3.3034,55.3849],[-3.2414,55.4188],[-3.2525,55.4288],[-3.3164,55.4383],[-3.345,55.4119],[-3.4106,55.4119],[-3.4437,55.4044],[-3.5003,55.4097],[-3.5348,55.438],[-3.5122,55.4922],[-3.485,55.515],[-3.4872,55.5602],[-3.527,55.6002],[-3.4781,55.6122],[-3.4795,55.6485],[-3.3945,55.7077],[-3.4359,55.7183],[-3.4579,55.7696],[-3.5228,55.7855],[-3.565,55.7877],[-3.59,55.8016],[-3.6112,55.8038],[-3.6881,55.7952],[-3.7239,55.778],[-3.7334,55.7835],[-3.7184,55.8124],[-3.745,55.858],[-3.7103,55.8702],[-3.7064,55.8769],[-3.7283,55.8833],[-3.7934,55.8719],[-3.8206,55.8891],[-3.8089,55.8952],[-3.7739,55.9024],[-3.7192,55.9319],[-3.6673,55.9422],[-3.6642,55.9544],[-3.635,55.9652],[-3.5986,55.9911],[-3.5795,55.9936],[-3.5667,55.9866],[-3.5395,55.9866],[-3.5053,56.0056]]],[[[-3.0759,56.0164],[-3.0759,56.0416],[-3.0507,56.0416],[-3.0759,56.0164]]]]}},
{"type":"Feature","properties":{"entityId":"anglo-saxon-kingdoms","from":869,"to":877,"certainty":"estimated","source":"유럽 쪽은 Natural Earth 1:10m admin-1(v5.1.2) 현대 행정구역 조각을 그 시기 국경에 맞춰 묶고, 조각이 역사 경계와 다른 곳은 선을 그어 나눈 근사. 유럽 밖(시베리아·중앙아시아·극동)은 대략적인 추정. 운영자 검수 필요"},"geometry":{"type":"MultiPolygon","coordinates":[[[[-0.4588,52.3088],[-0.4295,52.2974],[-0.4189,52.278],[-0.3711,52.2677],[-0.3684,52.2419],[-0.3553,52.2271],[-0.3317,52.2291],[-0.2934,52.2241],[-0.292,52.2027],[-0.2531,52.1919],[-0.2339,52.1727],[-0.247,52.1605],[-0.207,52.1505],[-0.2167,52.1327],[-0.17,52.1297],[-0.132,52.1336],[-0.1461,52.0697],[-0.1356,52.0435],[-0.1092,52.0194],[-0.0295,52.0399],[-0.0114,52.0516],[0.0514,52.0433],[0.0805,52.0024],[0.0825,51.9833],[0.1108,51.9736],[0.1417,51.8839],[0.1899,51.8902],[0.1992,51.8658],[0.1736,51.8483],[0.173,51.8252],[0.1903,51.8166],[0.158,51.7905],[0.1083,51.7775],[0.0356,51.7683],[0,51.7331],[-0.0113,51.6772],[-0.007,51.666],[-0.0128,51.6499],[-0.0026,51.6466],[-0.0124,51.6363],[-0.0134,51.6352],[-0.0138,51.6348],[-0.0145,51.6336],[-0.0147,51.6329],[-0.0149,51.6316],[-0.0151,51.6296],[-0.0152,51.6284],[-0.0165,51.6247],[-0.0167,51.6241],[-0.017,51.6222],[-0.0172,51.6216],[-0.0174,51.621],[-0.019,51.619],[-0.0196,51.6185],[-0.0211,51.6175],[-0.0248,51.6155],[-0.0256,51.6149],[-0.0275,51.6141],[-0.0283,51.6137],[-0.029,51.6132],[-0.0296,51.6127],[-0.0298,51.6123],[-0.0302,51.6114],[-0.0303,51.6108],[-0.0301,51.6086],[-0.0298,51.6075],[-0.0291,51.6063],[-0.029,51.6057],[-0.029,51.605],[-0.0291,51.6044],[-0.0296,51.6034],[-0.0298,51.6027],[-0.0299,51.602],[-0.03,51.6011],[-0.0331,51.5981],[-0.0341,51.5969],[-0.0367,51.5947],[-0.0385,51.5928],[-0.0391,51.592],[-0.0417,51.589],[-0.0424,51.5882],[-0.0434,51.5871],[-0.044,51.5863],[-0.0451,51.5851],[-0.0466,51.5832],[-0.0474,51.5815],[-0.0483,51.5803],[-0.0492,51.5785],[-0.0502,51.5773],[-0.0527,51.5736],[-0.0483,51.5654],[-0.0403,51.5599],[-0.0372,51.559],[-0.024,51.56],[-0.0208,51.5592],[-0.0106,51.5524],[-0.0105,51.5472],[-0.0107,51.5446],[-0.011,51.5435],[-0.0093,51.5338],[0.0039,51.5137],[0.0051,51.5127],[0.0082,51.511],[0.0132,51.5094],[0.0146,51.5085],[0.0194,51.5026],[0.008,51.5005],[0.0062,51.4998],[0.0054,51.4989],[0.0051,51.4981],[0.0047,51.492],[0.0052,51.4889],[0.0051,51.4866],[0.0031,51.4825],[0.0025,51.482],[0.0002,51.4806],[-0.0023,51.4799],[-0.0047,51.4796],[-0.0115,51.4802],[-0.018,51.4831],[-0.0231,51.4887],[-0.0236,51.4959],[-0.0376,51.4975],[-0.0488,51.5009],[-0.0669,51.5079],[-0.0672,51.508],[-0.0848,51.5116],[-0.0973,51.5097],[-0.1022,51.509],[-0.1079,51.5053],[-0.1122,51.5024],[-0.1277,51.4922],[-0.1279,51.4921],[-0.1355,51.4871],[-0.1429,51.4837],[-0.1567,51.4773],[-0.1712,51.4726],[-0.1793,51.47],[-0.1983,51.4674],[-0.21,51.4706],[-0.2127,51.4729],[-0.2261,51.4841],[-0.2365,51.4872],[-0.2367,51.4872],[-0.2471,51.4851],[-0.2597,51.4757],[-0.271,51.4736],[-0.3102,51.4726],[-0.3232,51.4647],[-0.316,51.4556],[-0.364,51.4507],[-0.375,51.444],[-0.3767,51.4403],[-0.3706,51.4369],[-0.3568,51.4367],[-0.3569,51.4342],[-0.3674,51.4299],[-0.3844,51.4137],[-0.4003,51.4249],[-0.4317,51.4302],[-0.4403,51.438],[-0.4414,51.4539],[-0.4737,51.4588],[-0.4972,51.4778],[-0.5128,51.4758],[-0.5208,51.488],[-0.5192,51.5],[-0.5236,51.5063],[-0.5576,51.5041],[-0.5614,51.5219],[-0.5686,51.5271],[-0.5798,51.5263],[-0.5856,51.5205],[-0.6167,51.5302],[-0.6445,51.5263],[-0.6497,51.52],[-0.6434,51.5033],[-0.6362,51.4937],[-0.6617,51.4916],[-0.6787,51.4941],[-0.7013,51.5071],[-0.6995,51.5173],[-0.6889,51.5297],[-0.6856,51.5493],[-0.6968,51.5592],[-0.719,51.5633],[-0.7432,51.562],[-0.7607,51.5555],[-0.7743,51.5568],[-0.8463,51.5425],[-0.8822,51.551],[-0.8871,51.5481],[-0.8836,51.5282],[-0.8732,51.5075],[-0.887,51.4912],[-0.9069,51.4764],[-0.9312,51.4698],[-0.9645,51.4547],[-0.9872,51.4531],[-1.0036,51.4593],[-1.0416,51.4822],[-1.0589,51.4872],[-1.0811,51.4891],[-1.1232,51.5031],[-1.1466,51.5305],[-1.1842,51.523],[-1.2269,51.5333],[-1.2644,51.5324],[-1.2897,51.5486],[-1.322,51.55],[-1.3389,51.5372],[-1.3656,51.5449],[-1.3881,51.536],[-1.4184,51.5402],[-1.4489,51.5327],[-1.4867,51.5469],[-1.5342,51.5505],[-1.5675,51.5458],[-1.5845,51.5174],[-1.6028,51.5202],[-1.6467,51.5685],[-1.6684,51.568],[-1.6753,51.5727],[-1.6778,51.5997],[-1.6597,51.6111],[-1.6545,51.6319],[-1.6839,51.6505],[-1.6833,51.6786],[-1.7011,51.681],[-1.7245,51.6627],[-1.7497,51.6588],[-1.7774,51.6604],[-1.7959,51.6944],[-1.8117,51.6925],[-1.8328,51.6566],[-1.8881,51.6725],[-1.8692,51.6463],[-1.94,51.663],[-1.9487,51.6399],[-2.0573,51.6641],[-2.1011,51.6202],[-2.1489,51.5894],[-2.1917,51.5983],[-2.24,51.5791],[-2.2716,51.5772],[-2.262,51.5472],[-2.2453,51.5186],[-2.2806,51.5099],[-2.3206,51.4838],[-2.287,51.4813],[-2.2807,51.4203],[-2.3254,51.4149],[-2.3977,51.4029],[-2.5034,51.4055],[-2.5227,51.4188],[-2.5275,51.4082],[-2.5395,51.3935],[-2.5623,51.3801],[-2.6064,51.3801],[-2.6335,51.3821],[-2.6306,51.4002],[-2.6306,51.443],[-2.6439,51.4551],[-2.668,51.4671],[-2.7055,51.4805],[-2.7294,51.4962],[-2.7326,51.4958],[-2.7326,51.5333],[-2.7326,51.5622],[-2.7061,51.5622],[-2.7061,51.5868],[-2.6796,51.5868],[-2.6666,51.5868],[-2.6531,51.5868],[-2.627,51.5868],[-2.6266,51.5872],[-2.6266,51.6271],[-2.6527,51.6271],[-2.6531,51.6268],[-2.6654,51.6173],[-2.6835,51.659],[-2.6617,51.6755],[-2.6837,51.7261],[-2.6702,51.7495],[-2.6758,51.7867],[-2.6485,51.8214],[-2.6589,51.8177],[-2.6958,51.8363],[-2.7287,51.8384],[-2.7757,51.875],[-2.8736,51.9292],[-2.9525,51.9087],[-2.9823,51.9228],[-2.9988,51.9467],[-3.0512,51.9835],[-3.0799,52.0168],[-3.0876,52.0517],[-3.1238,52.0757],[-3.1014,52.1132],[-3.1222,52.132],[-3.0757,52.1528],[-3.1077,52.1727],[-3.0541,52.2302],[-3.0025,52.257],[-2.9684,52.2578],[-2.9995,52.2962],[-2.9637,52.3226],[-2.9574,52.3412],[-3.0706,52.3466],[-3.1037,52.3681],[-3.1993,52.4125],[-3.2151,52.4384],[-3.1903,52.4688],[-3.1077,52.4939],[-3.0308,52.4969],[-2.9764,52.5381],[-3.0053,52.5673],[-3.1107,52.527],[-3.124,52.5665],[-3.1163,52.5863],[-3.0742,52.6067],[-3.0657,52.6336],[-3.0402,52.6467],[-3.0133,52.7084],[-2.9674,52.7199],[-2.9615,52.7337],[-2.9985,52.7561],[-3.0575,52.7662],[-3.0822,52.783],[-3.1404,52.7963],[-3.1522,52.8298],[-3.1219,52.8549],[-3.1284,52.88],[-3.0862,52.9136],[-3.0039,52.9498],[-2.9584,52.9505],[-2.933,52.9343],[-2.878,52.9414],[-2.848,52.9373],[-2.795,52.9039],[-2.7795,52.9006],[-2.7215,52.9182],[-2.7162,52.9418],[-2.7277,52.9665],[-2.7686,52.9815],[-2.8062,52.985],[-2.8505,53.0172],[-2.871,53.0663],[-2.8974,53.1022],[-2.9568,53.1446],[-2.9524,53.1529],[-2.9153,53.1671],[-2.9136,53.1834],[-2.9556,53.2155],[-3.0198,53.2467],[-3.0845,53.2586],[-3.0925,53.2787],[-3.1108,53.2787],[-3.1371,53.2787],[-3.1371,53.2954],[-3.1634,53.2954],[-3.1634,53.3226],[-3.1897,53.3226],[-3.1897,53.3208],[-3.216,53.3208],[-3.216,53.3528],[-3.2423,53.3528],[-3.2423,53.3832],[-3.2423,53.3849],[-3.2686,53.3849],[-3.2686,53.4153],[-3.2423,53.4137],[-3.1897,53.4105],[-3.1581,53.4085],[-3.1573,53.4088],[-3.1147,53.4127],[-3.095,53.4172],[-3.0938,53.4176],[-3.0867,53.4211],[-3.0792,53.4514],[-3.0613,53.4514],[-3.0524,53.4514],[-3.0359,53.4514],[-3.0359,53.4337],[-3.0356,53.4337],[-3.0236,53.425],[-3.0122,53.4167],[-3.0006,53.3985],[-2.9852,53.3985],[-2.9808,53.3928],[-2.9737,53.3862],[-2.9737,53.359],[-2.9469,53.359],[-2.9469,53.3284],[-2.92,53.3284],[-2.8932,53.3284],[-2.8932,53.2927],[-2.8815,53.2884],[-2.845,53.3001],[-2.8448,53.3001],[-2.7965,53.3],[-2.7965,53.322],[-2.7998,53.321],[-2.8103,53.3217],[-2.8034,53.3438],[-2.787,53.3366],[-2.7719,53.3489],[-2.7747,53.3605],[-2.7722,53.365],[-2.7547,53.3781],[-2.7411,53.3883],[-2.6806,53.3788],[-2.6629,53.3574],[-2.6291,53.3421],[-2.6057,53.3381],[-2.5807,53.3155],[-2.5694,53.3123],[-2.555,53.3123],[-2.5316,53.3196],[-2.509,53.3309],[-2.4471,53.355],[-2.4288,53.3803],[-2.395,53.3735],[-2.3648,53.3624],[-2.3167,53.3599],[-2.2834,53.3422],[-2.2603,53.3449],[-2.2384,53.3549],[-2.2036,53.3538],[-2.1761,53.3455],[-2.1745,53.3308],[-2.1595,53.3213],[-2.1403,53.3277],[-2.1306,53.3525],[-2.12,53.3594],[-2.0808,53.3611],[-2.0495,53.3522],[-2.0353,53.3677],[-2.0168,53.3704],[-2.0045,53.3741],[-1.9814,53.3983],[-1.9906,53.4064],[-2.0117,53.4125],[-2.0092,53.4274],[-1.9825,53.4438],[-1.9778,53.4688],[-1.9636,53.4947],[-1.9325,53.4958],[-1.9189,53.5008],[-1.91,53.5205],[-1.8972,53.533],[-1.8708,53.5322],[-1.8161,53.5161],[-1.7956,53.4969],[-1.7872,53.4686],[-1.7312,53.441],[-1.7342,53.4108],[-1.7017,53.4036],[-1.6906,53.3874],[-1.6464,53.3766],[-1.6503,53.3519],[-1.5925,53.3377],[-1.5828,53.3264],[-1.6148,53.308],[-1.5875,53.3022],[-1.5706,53.3049],[-1.5314,53.2897],[-1.4589,53.3069],[-1.432,53.3236],[-1.3937,53.3252],[-1.3828,53.3216],[-1.3809,53.3069],[-1.3592,53.3002],[-1.3325,53.2988],[-1.3114,53.3139],[-1.2867,53.3169],[-1.2773,53.3133],[-1.282,53.2994],[-1.2614,53.2986],[-1.2425,53.2908],[-1.176,53.2929],[-1.1661,53.3063],[-1.135,53.3258],[-1.1447,53.3377],[-1.1211,53.3455],[-1.1139,53.3561],[-1.1181,53.3786],[-1.0664,53.413],[-1.0131,53.4083],[-0.9775,53.4344],[-0.9698,53.463],[-0.9194,53.4874],[-0.9433,53.518],[-0.9148,53.533],[-0.872,53.5308],[-0.8728,53.5458],[-0.9045,53.5716],[-0.8609,53.5816],[-0.8607,53.6124],[-0.8441,53.6138],[-0.767,53.6581],[-0.6993,53.6913],[-0.7002,53.6916],[-0.7002,53.7098],[-0.6738,53.7191],[-0.6474,53.7284],[-0.637,53.732],[-0.621,53.7309],[-0.5946,53.7291],[-0.5792,53.728],[-0.5683,53.7222],[-0.5683,53.6953],[-0.5419,53.6832],[-0.5419,53.7096],[-0.5156,53.711],[-0.4892,53.7123],[-0.4628,53.7136],[-0.4497,53.7143],[-0.4364,53.7143],[-0.4364,53.7],[-0.4101,53.7029],[-0.3838,53.7058],[-0.3574,53.7088],[-0.331,53.7117],[-0.3072,53.7143],[-0.3047,53.7137],[-0.2995,53.7123],[-0.2783,53.7123],[-0.2519,53.7123],[-0.2519,53.685],[-0.2278,53.685],[-0.2255,53.685],[-0.1992,53.685],[-0.1992,53.669],[-0.1992,53.6576],[-0.1992,53.6383],[-0.1728,53.6383],[-0.1549,53.6383],[-0.1465,53.6383],[-0.1201,53.6383],[-0.1201,53.6076],[-0.0938,53.6076],[-0.0938,53.586],[-0.0674,53.586],[-0.041,53.586],[-0.0146,53.586],[0.0117,53.586],[0.0117,53.6045],[0.0345,53.6045],[0.0555,53.5656],[0.0765,53.5268],[0.0974,53.488],[0.1519,53.4758],[0.1758,53.4377],[0.2195,53.4195],[0.2449,53.3909],[0.3421,53.2263],[0.3562,53.1885],[0.3566,53.1457],[0.3405,53.1101],[0.355,53.09],[0.4093,53.0146],[0.3822,53.0146],[0.3822,52.977],[0.355,52.977],[0.355,52.982],[0.3278,52.982],[0.3278,52.9393],[0.3053,52.9393],[0.3053,52.8996],[0.3053,52.8598],[0.2758,52.8598],[0.2758,52.8278],[0.2758,52.8041],[0.2788,52.805],[0.2625,52.7758],[0.2763,52.7563],[0.1997,52.7216],[0.1724,52.7243],[0.1494,52.7252],[0.0528,52.7005],[0.0572,52.6705],[0.0322,52.648],[-0.0495,52.6579],[-0.0828,52.6499],[-0.1014,52.6519],[-0.1375,52.6385],[-0.1603,52.6444],[-0.1831,52.6419],[-0.1995,52.6562],[-0.262,52.6474],[-0.315,52.6636],[-0.402,52.6369],[-0.4356,52.6366],[-0.4667,52.6432],[-0.4907,52.6365],[-0.4747,52.625],[-0.4662,52.6091],[-0.4739,52.568],[-0.4609,52.5619],[-0.4138,52.566],[-0.4144,52.5596],[-0.3984,52.5374],[-0.4072,52.5118],[-0.3481,52.4899],[-0.3356,52.4555],[-0.3828,52.4121],[-0.4259,52.3824],[-0.4845,52.3655],[-0.4856,52.3486],[-0.4588,52.3088]]],[[[-3.5053,56.0056],[-3.4999,56.0047],[-3.4693,55.9999],[-3.4498,55.9968],[-3.4386,55.995],[-3.4079,55.9901],[-3.4054,55.9897],[-3.3772,55.9897],[-3.3583,55.9897],[-3.3466,55.9916],[-3.3466,56.0108],[-3.3159,56.0108],[-3.2852,56.0108],[-3.2852,56.0153],[-3.2545,56.0153],[-3.2239,56.0153],[-3.2239,56.0068],[-3.1932,56.0068],[-3.1625,56.0068],[-3.1625,55.9989],[-3.1318,55.9989],[-3.1012,55.9989],[-3.1012,56.0164],[-3.0759,56.0164],[-3.1012,55.9912],[-3.1188,55.9737],[-3.1012,55.9726],[-3.0708,55.9707],[-3.0404,55.9688],[-2.9971,55.9661],[-2.9796,55.9729],[-2.8628,56.0177],[-2.871,56.0307],[-2.8231,56.0598],[-2.8028,56.0648],[-2.6351,56.0581],[-2.616,56.0532],[-2.5694,56.0245],[-2.5728,56.0193],[-2.5172,56.0042],[-2.5079,56.0102],[-2.4597,55.9885],[-2.438,55.9826],[-2.4144,55.9783],[-2.4041,55.9734],[-2.2322,55.9267],[-2.1468,55.9173],[-2.144,55.913],[-2.086,55.9094],[-2.0517,55.864],[-2.0102,55.8092],[-1.9995,55.795],[-1.9929,55.7902],[-1.9595,55.7661],[-1.8304,55.6727],[-1.7751,55.6432],[-1.7686,55.6419],[-1.7646,55.6376],[-1.7296,55.6189],[-1.7183,55.6116],[-1.6991,55.613],[-1.6308,55.5851],[-1.6347,55.5644],[-1.6172,55.5503],[-1.6308,55.5373],[-1.6029,55.5236],[-1.6113,55.508],[-1.5849,55.4837],[-1.5817,55.4215],[-1.5208,55.2596],[-1.4974,55.2037],[-1.4519,55.0948],[-1.4406,55.0676],[-1.4301,55.0425],[-1.4285,55.0404],[-1.4079,55.0132],[-1.3873,54.986],[-1.3702,54.9755],[-1.3627,54.9648],[-1.3635,54.9545],[-1.3311,54.9116],[-1.3272,54.9065],[-1.2987,54.8688],[-1.2339,54.7831],[-1.2337,54.7829],[-1.2014,54.7402],[-1.1691,54.6975],[-1.1647,54.6917],[-1.1367,54.6547],[-1.1327,54.6494],[-1.1279,54.648],[-0.8917,54.5796],[-0.7879,54.5608],[-0.7788,54.5574],[-0.7884,54.5472],[-0.8147,54.5405],[-0.8295,54.53],[-0.8378,54.5158],[-0.8383,54.4872],[-0.8808,54.4958],[-0.9325,54.4866],[-0.9553,54.4974],[-0.9761,54.4999],[-1.0292,54.4924],[-1.0745,54.5049],[-1.1142,54.498],[-1.1795,54.5038],[-1.2017,54.5058],[-1.235,54.4997],[-1.2483,54.4874],[-1.2508,54.4866],[-1.3267,54.4622],[-1.3333,54.4675],[-1.362,54.4675],[-1.3697,54.4888],[-1.3821,54.4935],[-1.3881,54.4888],[-1.4084,54.4924],[-1.4167,54.4777],[-1.432,54.4811],[-1.4361,54.4905],[-1.447,54.4977],[-1.467,54.4941],[-1.4667,54.4827],[-1.4461,54.451],[-1.4603,54.4416],[-1.4723,54.448],[-1.4845,54.471],[-1.495,54.4788],[-1.5256,54.4808],[-1.5203,54.4666],[-1.5325,54.4652],[-1.5778,54.4896],[-1.5909,54.5086],[-1.6003,54.5124],[-1.63,54.5083],[-1.6423,54.5233],[-1.6622,54.5308],[-1.6818,54.5311],[-1.7248,54.5249],[-1.767,54.5286],[-1.7872,54.4816],[-1.8245,54.5027],[-1.8509,54.4805],[-1.9306,54.4547],[-1.9562,54.4544],[-2.0456,54.4797],[-2.0998,54.468],[-2.1389,54.4496],[-2.1552,54.4556],[-2.1942,54.4466],[-2.2447,54.448],[-2.2956,54.4177],[-2.2834,54.3827],[-2.3472,54.3502],[-2.3061,54.3205],[-2.3098,54.2433],[-2.3525,54.2505],[-2.4006,54.2283],[-2.4475,54.2302],[-2.4578,54.2383],[-2.5317,54.2086],[-2.5767,54.1961],[-2.6281,54.1991],[-2.6711,54.1586],[-2.7092,54.1644],[-2.7331,54.183],[-2.7923,54.1908],[-2.8364,54.1676],[-2.8401,54.1731],[-2.872,54.1731],[-2.872,54.1492],[-2.872,54.1353],[-2.872,54.1233],[-2.91,54.1233],[-2.91,54.0974],[-2.948,54.0974],[-2.948,54.1036],[-2.9801,54.1036],[-2.9801,54.0741],[-3.0121,54.0741],[-3.0441,54.0741],[-3.0762,54.1036],[-3.1,54.1255],[-3.1179,54.1088],[-3.1453,54.1],[-3.1454,54.0638],[-3.1898,54.0979],[-3.241,54.1121],[-3.2331,54.1592],[-3.2484,54.1737],[-3.2391,54.1754],[-3.2716,54.1969],[-3.3068,54.1919],[-3.3285,54.2047],[-3.4074,54.2777],[-3.4055,54.3013],[-3.4112,54.3061],[-3.556,54.4536],[-3.5919,54.4831],[-3.6342,54.5129],[-3.6116,54.5299],[-3.5909,54.5636],[-3.5912,54.5648],[-3.5911,54.5649],[-3.5912,54.5652],[-3.5887,54.5694],[-3.5871,54.574],[-3.6308,54.6142],[-3.7241,54.6277],[-3.768,54.6341],[-3.8119,54.6405],[-3.8119,54.6618],[-3.8119,54.6681],[-3.8119,54.6894],[-3.768,54.6894],[-3.768,54.7203],[-3.7241,54.7203],[-3.7241,54.732],[-3.6874,54.732],[-3.6874,54.7584],[-3.6508,54.7584],[-3.6508,54.7847],[-3.6363,54.7847],[-3.6141,54.7847],[-3.5924,54.7847],[-3.5924,54.8111],[-3.5485,54.8111],[-3.5485,54.8367],[-3.5054,54.8367],[-3.5054,54.8627],[-3.4624,54.8627],[-3.4624,54.8886],[-3.4607,54.8886],[-3.4607,54.9146],[-3.4607,54.936],[-3.4168,54.936],[-3.3729,54.936],[-3.3729,54.9326],[-3.329,54.9326],[-3.329,54.9764],[-3.2851,54.9745],[-3.2412,54.9727],[-3.1973,54.9708],[-3.1534,54.9689],[-3.1534,54.937],[-3.1228,54.9327],[-3.1095,54.9356],[-3.1095,54.9722],[-3.0656,54.9791],[-3.0503,54.9815],[-3.033,55.0152],[-3.0303,55.0459],[-3.015,55.0515],[-2.9538,55.041],[-2.9223,55.0717],[-2.8831,55.0836],[-2.8503,55.1113],[-2.8595,55.1363],[-2.8895,55.1552],[-2.8842,55.2019],[-2.8639,55.2185],[-2.8689,55.2369],[-2.8984,55.238],[-2.8726,55.2619],[-2.8912,55.278],[-2.945,55.288],[-2.9975,55.2683],[-3.0345,55.273],[-3.057,55.3072],[-3.0984,55.3296],[-3.1045,55.3522],[-3.1642,55.3497],[-3.2075,55.3722],[-3.285,55.3411],[-3.3039,55.3427],[-3.3034,55.3849],[-3.2414,55.4188],[-3.2525,55.4288],[-3.3164,55.4383],[-3.345,55.4119],[-3.4106,55.4119],[-3.4437,55.4044],[-3.5003,55.4097],[-3.5348,55.438],[-3.5122,55.4922],[-3.485,55.515],[-3.4872,55.5602],[-3.527,55.6002],[-3.4781,55.6122],[-3.4795,55.6485],[-3.3945,55.7077],[-3.4359,55.7183],[-3.4579,55.7696],[-3.5228,55.7855],[-3.565,55.7877],[-3.59,55.8016],[-3.6112,55.8038],[-3.6881,55.7952],[-3.7239,55.778],[-3.7334,55.7835],[-3.7184,55.8124],[-3.745,55.858],[-3.7103,55.8702],[-3.7064,55.8769],[-3.7283,55.8833],[-3.7934,55.8719],[-3.8206,55.8891],[-3.8089,55.8952],[-3.7739,55.9024],[-3.7192,55.9319],[-3.6673,55.9422],[-3.6642,55.9544],[-3.635,55.9652],[-3.5986,55.9911],[-3.5795,55.9936],[-3.5667,55.9866],[-3.5395,55.9866],[-3.5053,56.0056]]],[[[-3.0759,56.0164],[-3.0759,56.0416],[-3.0507,56.0416],[-3.0759,56.0164]]]]}},
{"type":"Feature","properties":{"entityId":"anglo-saxon-kingdoms","from":877,"to":886,"certainty":"estimated","source":"유럽 쪽은 Natural Earth 1:10m admin-1(v5.1.2) 현대 행정구역 조각을 그 시기 국경에 맞춰 묶고, 조각이 역사 경계와 다른 곳은 선을 그어 나눈 근사. 유럽 밖(시베리아·중앙아시아·극동)은 대략적인 추정. 운영자 검수 필요"},"geometry":{"type":"MultiPolygon","coordinates":[[[[-0.1279,51.4921],[-0.1355,51.4871],[-0.1429,51.4837],[-0.1567,51.4773],[-0.1712,51.4726],[-0.1793,51.47],[-0.1983,51.4674],[-0.21,51.4706],[-0.2127,51.4729],[-0.2261,51.4841],[-0.2365,51.4872],[-0.2367,51.4872],[-0.2471,51.4851],[-0.2597,51.4757],[-0.271,51.4736],[-0.3102,51.4726],[-0.3232,51.4647],[-0.316,51.4556],[-0.364,51.4507],[-0.375,51.444],[-0.3767,51.4403],[-0.3706,51.4369],[-0.3568,51.4367],[-0.3569,51.4342],[-0.3674,51.4299],[-0.3844,51.4137],[-0.4003,51.4249],[-0.4317,51.4302],[-0.4403,51.438],[-0.4414,51.4539],[-0.4737,51.4588],[-0.4972,51.4778],[-0.5128,51.4758],[-0.5208,51.488],[-0.5192,51.5],[-0.5236,51.5063],[-0.5576,51.5041],[-0.5614,51.5219],[-0.5686,51.5271],[-0.5798,51.5263],[-0.5856,51.5205],[-0.6167,51.5302],[-0.6445,51.5263],[-0.6497,51.52],[-0.6434,51.5033],[-0.6362,51.4937],[-0.6617,51.4916],[-0.6787,51.4941],[-0.7013,51.5071],[-0.6995,51.5173],[-0.6889,51.5297],[-0.6856,51.5493],[-0.6968,51.5592],[-0.719,51.5633],[-0.7432,51.562],[-0.7607,51.5555],[-0.7743,51.5568],[-0.8463,51.5425],[-0.8822,51.551],[-0.8871,51.5481],[-0.8836,51.5282],[-0.8732,51.5075],[-0.887,51.4912],[-0.9069,51.4764],[-0.9312,51.4698],[-0.9645,51.4547],[-0.9872,51.4531],[-1.0036,51.4593],[-1.0416,51.4822],[-1.0589,51.4872],[-1.0811,51.4891],[-1.1232,51.5031],[-1.1466,51.5305],[-1.1842,51.523],[-1.2269,51.5333],[-1.2644,51.5324],[-1.2897,51.5486],[-1.322,51.55],[-1.3389,51.5372],[-1.3656,51.5449],[-1.3881,51.536],[-1.4184,51.5402],[-1.4489,51.5327],[-1.4867,51.5469],[-1.5342,51.5505],[-1.5675,51.5458],[-1.5845,51.5174],[-1.6028,51.5202],[-1.6467,51.5685],[-1.6684,51.568],[-1.6753,51.5727],[-1.6778,51.5997],[-1.6597,51.6111],[-1.6545,51.6319],[-1.6839,51.6505],[-1.6833,51.6786],[-1.7011,51.681],[-1.7245,51.6627],[-1.7497,51.6588],[-1.7774,51.6604],[-1.7959,51.6944],[-1.8117,51.6925],[-1.8328,51.6566],[-1.8881,51.6725],[-1.8692,51.6463],[-1.94,51.663],[-1.9487,51.6399],[-2.0573,51.6641],[-2.1011,51.6202],[-2.1489,51.5894],[-2.1917,51.5983],[-2.24,51.5791],[-2.2716,51.5772],[-2.262,51.5472],[-2.2453,51.5186],[-2.2806,51.5099],[-2.3206,51.4838],[-2.287,51.4813],[-2.2807,51.4203],[-2.3254,51.4149],[-2.3977,51.4029],[-2.5034,51.4055],[-2.5227,51.4188],[-2.5275,51.4082],[-2.5395,51.3935],[-2.5623,51.3801],[-2.6064,51.3801],[-2.6335,51.3821],[-2.6306,51.4002],[-2.6306,51.443],[-2.6439,51.4551],[-2.668,51.4671],[-2.7055,51.4805],[-2.7294,51.4962],[-2.7326,51.4958],[-2.7326,51.5333],[-2.7326,51.5622],[-2.7061,51.5622],[-2.7061,51.5868],[-2.6796,51.5868],[-2.6666,51.5868],[-2.6531,51.5868],[-2.627,51.5868],[-2.6266,51.5872],[-2.6266,51.6271],[-2.6527,51.6271],[-2.6531,51.6268],[-2.6654,51.6173],[-2.6835,51.659],[-2.6617,51.6755],[-2.6837,51.7261],[-2.6702,51.7495],[-2.6758,51.7867],[-2.6485,51.8214],[-2.6589,51.8177],[-2.6958,51.8363],[-2.7287,51.8384],[-2.7757,51.875],[-2.8736,51.9292],[-2.9525,51.9087],[-2.9823,51.9228],[-2.9988,51.9467],[-3.0512,51.9835],[-3.0799,52.0168],[-3.0876,52.0517],[-3.1238,52.0757],[-3.1014,52.1132],[-3.1222,52.132],[-3.0757,52.1528],[-3.1077,52.1727],[-3.0541,52.2302],[-3.0025,52.257],[-2.9684,52.2578],[-2.9995,52.2962],[-2.9637,52.3226],[-2.9574,52.3412],[-3.0706,52.3466],[-3.1037,52.3681],[-3.1993,52.4125],[-3.2151,52.4384],[-3.1903,52.4688],[-3.1077,52.4939],[-3.0308,52.4969],[-2.9764,52.5381],[-3.0053,52.5673],[-3.1107,52.527],[-3.124,52.5665],[-3.1163,52.5863],[-3.0742,52.6067],[-3.0657,52.6336],[-3.0402,52.6467],[-3.0133,52.7084],[-2.9674,52.7199],[-2.9615,52.7337],[-2.9985,52.7561],[-3.0575,52.7662],[-3.0822,52.783],[-3.1404,52.7963],[-3.1522,52.8298],[-3.1219,52.8549],[-3.1284,52.88],[-3.0862,52.9136],[-3.0039,52.9498],[-2.9584,52.9505],[-2.933,52.9343],[-2.878,52.9414],[-2.848,52.9373],[-2.795,52.9039],[-2.7795,52.9006],[-2.7215,52.9182],[-2.7162,52.9418],[-2.7277,52.9665],[-2.7686,52.9815],[-2.8062,52.985],[-2.8505,53.0172],[-2.871,53.0663],[-2.8974,53.1022],[-2.9568,53.1446],[-2.9524,53.1529],[-2.9153,53.1671],[-2.9136,53.1834],[-2.9556,53.2155],[-3.0198,53.2467],[-3.0845,53.2586],[-3.0925,53.2787],[-3.1108,53.2787],[-3.1371,53.2787],[-3.1371,53.2954],[-3.1634,53.2954],[-3.1634,53.3226],[-3.1897,53.3226],[-3.1897,53.3208],[-3.216,53.3208],[-3.216,53.3528],[-3.2423,53.3528],[-3.2423,53.3832],[-3.2423,53.3849],[-3.2686,53.3849],[-3.2686,53.4153],[-3.2423,53.4137],[-3.1897,53.4105],[-3.1581,53.4085],[-3.1573,53.4088],[-3.1147,53.4127],[-3.095,53.4172],[-3.0938,53.4176],[-3.0867,53.4211],[-3.0792,53.4514],[-3.0613,53.4514],[-3.0524,53.4514],[-3.0359,53.4514],[-3.0359,53.4337],[-3.0356,53.4337],[-3.0236,53.425],[-3.0122,53.4167],[-3.0006,53.3985],[-2.9852,53.3985],[-2.9808,53.3928],[-2.9737,53.3862],[-2.9737,53.359],[-2.9469,53.359],[-2.9469,53.3284],[-2.92,53.3284],[-2.8932,53.3284],[-2.8932,53.2927],[-2.8815,53.2884],[-2.845,53.3001],[-2.8448,53.3001],[-2.7965,53.3],[-2.7965,53.322],[-2.7998,53.321],[-2.8103,53.3217],[-2.8034,53.3438],[-2.787,53.3366],[-2.7719,53.3489],[-2.7747,53.3605],[-2.7722,53.365],[-2.7547,53.3781],[-2.7411,53.3883],[-2.6806,53.3788],[-2.6629,53.3574],[-2.6291,53.3421],[-2.6057,53.3381],[-2.5807,53.3155],[-2.5694,53.3123],[-2.555,53.3123],[-2.5316,53.3196],[-2.509,53.3309],[-2.4471,53.355],[-2.4288,53.3803],[-2.395,53.3735],[-2.3648,53.3624],[-2.3167,53.3599],[-2.2834,53.3422],[-2.2603,53.3449],[-2.2384,53.3549],[-2.2036,53.3538],[-2.1761,53.3455],[-2.1745,53.3308],[-2.1595,53.3213],[-2.1403,53.3277],[-2.1306,53.3525],[-2.12,53.3594],[-2.0808,53.3611],[-2.0495,53.3522],[-2.0353,53.3677],[-2.0168,53.3704],[-1.9981,53.3358],[-1.9906,53.2416],[-1.9709,53.2302],[-1.9769,53.2073],[-1.9525,53.2138],[-1.9323,53.1949],[-1.8567,53.1763],[-1.7989,53.1416],[-1.7995,53.1186],[-1.7717,53.0902],[-1.7761,53.0708],[-1.7639,53.0319],[-1.7475,53.0222],[-1.7578,52.9825],[-1.8122,52.9613],[-1.817,52.9299],[-1.8403,52.9244],[-1.8239,52.8755],[-1.755,52.866],[-1.7208,52.8452],[-1.6306,52.8411],[-1.5909,52.8108],[-1.615,52.798],[-1.6292,52.7722],[-1.6725,52.7583],[-1.7004,52.7261],[-1.6459,52.7066],[-1.64,52.685],[-1.6078,52.6938],[-1.5831,52.685],[-1.58,52.6769],[-1.5339,52.6416],[-1.5589,52.6216],[-1.5423,52.6008],[-1.5458,52.5808],[-1.495,52.5563],[-1.4172,52.5352],[-1.3959,52.5125],[-1.2934,52.4794],[-1.2411,52.4261],[-1.2117,52.4158],[-1.1866,52.3813],[-1.1653,52.348],[-1.2334,52.3275],[-1.2417,52.311],[-1.2026,52.3013],[-1.2242,52.2824],[-1.2081,52.2499],[-1.2659,52.2277],[-1.2487,52.1952],[-1.3031,52.1811],[-1.3212,52.1615],[-1.2372,52.096],[-1.3067,52.0774],[-1.2939,52.0713],[-1.2967,52.0388],[-1.265,51.9797],[-1.1837,51.9783],[-1.1384,51.9897],[-1.1082,52.0092],[-1.1418,52.0177],[-1.0967,52.0438],[-1.0367,52.0536],[-1.0233,52.0647],[-0.9406,52.0719],[-0.9014,52.0186],[-0.8674,52.0338],[-0.838,52.011],[-0.7784,51.9768],[-0.7225,51.9497],[-0.6572,51.9479],[-0.6881,51.9027],[-0.6612,51.8963],[-0.6256,51.8763],[-0.603,51.8799],[-0.5611,51.8547],[-0.5336,51.8194],[-0.515,51.8019],[-0.4914,51.8149],[-0.4822,51.8344],[-0.4527,51.8474],[-0.4186,51.8433],[-0.38,51.8244],[-0.3645,51.826],[-0.3575,51.8366],[-0.3401,51.8438],[-0.3353,51.851],[-0.3475,51.8658],[-0.3487,51.881],[-0.3678,51.8922],[-0.3714,51.9074],[-0.3852,51.9211],[-0.3992,51.9349],[-0.3986,51.9547],[-0.375,51.978],[-0.3612,51.9494],[-0.3442,51.963],[-0.3478,51.9813],[-0.3114,51.9839],[-0.29,51.9936],[-0.2548,51.9786],[-0.237,51.9963],[-0.2009,52.01],[-0.2047,52.0302],[-0.1461,52.0697],[-0.1356,52.0435],[-0.1092,52.0194],[-0.0295,52.0399],[-0.0114,52.0516],[0.0514,52.0433],[0.0805,52.0024],[0.0825,51.9833],[0.1108,51.9736],[0.1417,51.8839],[0.1899,51.8902],[0.1992,51.8658],[0.1736,51.8483],[0.173,51.8252],[0.1903,51.8166],[0.158,51.7905],[0.1083,51.7775],[0.0356,51.7683],[0,51.7331],[-0.0113,51.6772],[-0.007,51.666],[-0.0128,51.6499],[-0.0026,51.6466],[-0.0124,51.6363],[-0.0134,51.6352],[-0.0138,51.6348],[-0.0145,51.6336],[-0.0147,51.6329],[-0.0149,51.6316],[-0.0151,51.6296],[-0.0152,51.6284],[-0.0165,51.6247],[-0.0167,51.6241],[-0.017,51.6222],[-0.0172,51.6216],[-0.0174,51.621],[-0.019,51.619],[-0.0196,51.6185],[-0.0211,51.6175],[-0.0248,51.6155],[-0.0256,51.6149],[-0.0275,51.6141],[-0.0283,51.6137],[-0.029,51.6132],[-0.0296,51.6127],[-0.0298,51.6123],[-0.0302,51.6114],[-0.0303,51.6108],[-0.0301,51.6086],[-0.0298,51.6075],[-0.0291,51.6063],[-0.029,51.6057],[-0.029,51.605],[-0.0291,51.6044],[-0.0296,51.6034],[-0.0298,51.6027],[-0.0299,51.602],[-0.03,51.6011],[-0.0331,51.5981],[-0.0341,51.5969],[-0.0367,51.5947],[-0.0385,51.5928],[-0.0391,51.592],[-0.0417,51.589],[-0.0424,51.5882],[-0.0434,51.5871],[-0.044,51.5863],[-0.0451,51.5851],[-0.0466,51.5832],[-0.0474,51.5815],[-0.0483,51.5803],[-0.0492,51.5785],[-0.0502,51.5773],[-0.0527,51.5736],[-0.0483,51.5654],[-0.0403,51.5599],[-0.0372,51.559],[-0.024,51.56],[-0.0208,51.5592],[-0.0106,51.5524],[-0.0105,51.5472],[-0.0107,51.5446],[-0.011,51.5435],[-0.0093,51.5338],[0.0039,51.5137],[0.0051,51.5127],[0.0082,51.511],[0.0132,51.5094],[0.0146,51.5085],[0.0194,51.5026],[0.008,51.5005],[0.0062,51.4998],[0.0054,51.4989],[0.0051,51.4981],[0.0047,51.492],[0.0052,51.4889],[0.0051,51.4866],[0.0031,51.4825],[0.0025,51.482],[0.0002,51.4806],[-0.0023,51.4799],[-0.0047,51.4796],[-0.0115,51.4802],[-0.018,51.4831],[-0.0231,51.4887],[-0.0236,51.4959],[-0.0376,51.4975],[-0.0488,51.5009],[-0.0669,51.5079],[-0.0672,51.508],[-0.0848,51.5116],[-0.0973,51.5097],[-0.1022,51.509],[-0.1079,51.5053],[-0.1122,51.5024],[-0.1277,51.4922],[-0.1279,51.4921]]],[[[-3.5053,56.0056],[-3.4999,56.0047],[-3.4693,55.9999],[-3.4498,55.9968],[-3.4386,55.995],[-3.4079,55.9901],[-3.4054,55.9897],[-3.3772,55.9897],[-3.3583,55.9897],[-3.3466,55.9916],[-3.3466,56.0108],[-3.3159,56.0108],[-3.2852,56.0108],[-3.2852,56.0153],[-3.2545,56.0153],[-3.2239,56.0153],[-3.2239,56.0068],[-3.1932,56.0068],[-3.1625,56.0068],[-3.1625,55.9989],[-3.1318,55.9989],[-3.1012,55.9989],[-3.1012,56.0164],[-3.0759,56.0164],[-3.1012,55.9912],[-3.1188,55.9737],[-3.1012,55.9726],[-3.0708,55.9707],[-3.0404,55.9688],[-2.9971,55.9661],[-2.9796,55.9729],[-2.8628,56.0177],[-2.871,56.0307],[-2.8231,56.0598],[-2.8028,56.0648],[-2.6351,56.0581],[-2.616,56.0532],[-2.5694,56.0245],[-2.5728,56.0193],[-2.5172,56.0042],[-2.5079,56.0102],[-2.4597,55.9885],[-2.438,55.9826],[-2.4144,55.9783],[-2.4041,55.9734],[-2.2322,55.9267],[-2.1468,55.9173],[-2.144,55.913],[-2.086,55.9094],[-2.0517,55.864],[-2.0102,55.8092],[-1.9995,55.795],[-1.9929,55.7902],[-1.9595,55.7661],[-1.8304,55.6727],[-1.7751,55.6432],[-1.7686,55.6419],[-1.7646,55.6376],[-1.7296,55.6189],[-1.7183,55.6116],[-1.6991,55.613],[-1.6308,55.5851],[-1.6347,55.5644],[-1.6172,55.5503],[-1.6308,55.5373],[-1.6029,55.5236],[-1.6113,55.508],[-1.5849,55.4837],[-1.5817,55.4215],[-1.5208,55.2596],[-1.4974,55.2037],[-1.4519,55.0948],[-1.4406,55.0676],[-1.4301,55.0425],[-1.4285,55.0404],[-1.4079,55.0132],[-1.3873,54.986],[-1.3702,54.9755],[-1.3627,54.9648],[-1.3635,54.9545],[-1.3311,54.9116],[-1.3272,54.9065],[-1.2987,54.8688],[-1.2339,54.7831],[-1.2337,54.7829],[-1.2014,54.7402],[-1.1691,54.6975],[-1.1647,54.6917],[-1.1367,54.6547],[-1.1327,54.6494],[-1.1279,54.648],[-0.8917,54.5796],[-0.7879,54.5608],[-0.7788,54.5574],[-0.7884,54.5472],[-0.8147,54.5405],[-0.8295,54.53],[-0.8378,54.5158],[-0.8383,54.4872],[-0.8808,54.4958],[-0.9325,54.4866],[-0.9553,54.4974],[-0.9761,54.4999],[-1.0292,54.4924],[-1.0745,54.5049],[-1.1142,54.498],[-1.1795,54.5038],[-1.2017,54.5058],[-1.235,54.4997],[-1.2483,54.4874],[-1.2508,54.4866],[-1.3267,54.4622],[-1.3333,54.4675],[-1.362,54.4675],[-1.3697,54.4888],[-1.3821,54.4935],[-1.3881,54.4888],[-1.4084,54.4924],[-1.4167,54.4777],[-1.432,54.4811],[-1.4361,54.4905],[-1.447,54.4977],[-1.467,54.4941],[-1.4667,54.4827],[-1.4461,54.451],[-1.4603,54.4416],[-1.4723,54.448],[-1.4845,54.471],[-1.495,54.4788],[-1.5256,54.4808],[-1.5203,54.4666],[-1.5325,54.4652],[-1.5778,54.4896],[-1.5909,54.5086],[-1.6003,54.5124],[-1.63,54.5083],[-1.6423,54.5233],[-1.6622,54.5308],[-1.6818,54.5311],[-1.7248,54.5249],[-1.767,54.5286],[-1.7872,54.4816],[-1.8245,54.5027],[-1.8509,54.4805],[-1.9306,54.4547],[-1.9562,54.4544],[-2.0456,54.4797],[-2.0998,54.468],[-2.1389,54.4496],[-2.1552,54.4556],[-2.1942,54.4466],[-2.2447,54.448],[-2.2956,54.4177],[-2.2834,54.3827],[-2.3472,54.3502],[-2.3061,54.3205],[-2.3098,54.2433],[-2.3525,54.2505],[-2.4006,54.2283],[-2.4475,54.2302],[-2.4578,54.2383],[-2.5317,54.2086],[-2.5767,54.1961],[-2.6281,54.1991],[-2.6711,54.1586],[-2.7092,54.1644],[-2.7331,54.183],[-2.7923,54.1908],[-2.8364,54.1676],[-2.8401,54.1731],[-2.872,54.1731],[-2.872,54.1492],[-2.872,54.1353],[-2.872,54.1233],[-2.91,54.1233],[-2.91,54.0974],[-2.948,54.0974],[-2.948,54.1036],[-2.9801,54.1036],[-2.9801,54.0741],[-3.0121,54.0741],[-3.0441,54.0741],[-3.0762,54.1036],[-3.1,54.1255],[-3.1179,54.1088],[-3.1453,54.1],[-3.1454,54.0638],[-3.1898,54.0979],[-3.241,54.1121],[-3.2331,54.1592],[-3.2484,54.1737],[-3.2391,54.1754],[-3.2716,54.1969],[-3.3068,54.1919],[-3.3285,54.2047],[-3.4074,54.2777],[-3.4055,54.3013],[-3.4112,54.3061],[-3.556,54.4536],[-3.5919,54.4831],[-3.6342,54.5129],[-3.6116,54.5299],[-3.5909,54.5636],[-3.5912,54.5648],[-3.5911,54.5649],[-3.5912,54.5652],[-3.5887,54.5694],[-3.5871,54.574],[-3.6308,54.6142],[-3.7241,54.6277],[-3.768,54.6341],[-3.8119,54.6405],[-3.8119,54.6618],[-3.8119,54.6681],[-3.8119,54.6894],[-3.768,54.6894],[-3.768,54.7203],[-3.7241,54.7203],[-3.7241,54.732],[-3.6874,54.732],[-3.6874,54.7584],[-3.6508,54.7584],[-3.6508,54.7847],[-3.6363,54.7847],[-3.6141,54.7847],[-3.5924,54.7847],[-3.5924,54.8111],[-3.5485,54.8111],[-3.5485,54.8367],[-3.5054,54.8367],[-3.5054,54.8627],[-3.4624,54.8627],[-3.4624,54.8886],[-3.4607,54.8886],[-3.4607,54.9146],[-3.4607,54.936],[-3.4168,54.936],[-3.3729,54.936],[-3.3729,54.9326],[-3.329,54.9326],[-3.329,54.9764],[-3.2851,54.9745],[-3.2412,54.9727],[-3.1973,54.9708],[-3.1534,54.9689],[-3.1534,54.937],[-3.1228,54.9327],[-3.1095,54.9356],[-3.1095,54.9722],[-3.0656,54.9791],[-3.0503,54.9815],[-3.033,55.0152],[-3.0303,55.0459],[-3.015,55.0515],[-2.9538,55.041],[-2.9223,55.0717],[-2.8831,55.0836],[-2.8503,55.1113],[-2.8595,55.1363],[-2.8895,55.1552],[-2.8842,55.2019],[-2.8639,55.2185],[-2.8689,55.2369],[-2.8984,55.238],[-2.8726,55.2619],[-2.8912,55.278],[-2.945,55.288],[-2.9975,55.2683],[-3.0345,55.273],[-3.057,55.3072],[-3.0984,55.3296],[-3.1045,55.3522],[-3.1642,55.3497],[-3.2075,55.3722],[-3.285,55.3411],[-3.3039,55.3427],[-3.3034,55.3849],[-3.2414,55.4188],[-3.2525,55.4288],[-3.3164,55.4383],[-3.345,55.4119],[-3.4106,55.4119],[-3.4437,55.4044],[-3.5003,55.4097],[-3.5348,55.438],[-3.5122,55.4922],[-3.485,55.515],[-3.4872,55.5602],[-3.527,55.6002],[-3.4781,55.6122],[-3.4795,55.6485],[-3.3945,55.7077],[-3.4359,55.7183],[-3.4579,55.7696],[-3.5228,55.7855],[-3.565,55.7877],[-3.59,55.8016],[-3.6112,55.8038],[-3.6881,55.7952],[-3.7239,55.778],[-3.7334,55.7835],[-3.7184,55.8124],[-3.745,55.858],[-3.7103,55.8702],[-3.7064,55.8769],[-3.7283,55.8833],[-3.7934,55.8719],[-3.8206,55.8891],[-3.8089,55.8952],[-3.7739,55.9024],[-3.7192,55.9319],[-3.6673,55.9422],[-3.6642,55.9544],[-3.635,55.9652],[-3.5986,55.9911],[-3.5795,55.9936],[-3.5667,55.9866],[-3.5395,55.9866],[-3.5053,56.0056]]],[[[-3.0759,56.0164],[-3.0759,56.0416],[-3.0507,56.0416],[-3.0759,56.0164]]]]}},
{"type":"Feature","properties":{"entityId":"anglo-saxon-kingdoms","from":886,"to":927,"certainty":"estimated","source":"유럽 쪽은 Natural Earth 1:10m admin-1(v5.1.2) 현대 행정구역 조각을 그 시기 국경에 맞춰 묶고, 조각이 역사 경계와 다른 곳은 선을 그어 나눈 근사. 유럽 밖(시베리아·중앙아시아·극동)은 대략적인 추정. 운영자 검수 필요"},"geometry":{"type":"MultiPolygon","coordinates":[[[[-3.5053,56.0056],[-3.4999,56.0047],[-3.4693,55.9999],[-3.4498,55.9968],[-3.4386,55.995],[-3.4079,55.9901],[-3.4054,55.9897],[-3.3772,55.9897],[-3.3583,55.9897],[-3.3466,55.9916],[-3.3466,56.0108],[-3.3159,56.0108],[-3.2852,56.0108],[-3.2852,56.0153],[-3.2545,56.0153],[-3.2239,56.0153],[-3.2239,56.0068],[-3.1932,56.0068],[-3.1625,56.0068],[-3.1625,55.9989],[-3.1318,55.9989],[-3.1012,55.9989],[-3.1012,56.0164],[-3.0759,56.0164],[-3.1012,55.9912],[-3.1188,55.9737],[-3.1012,55.9726],[-3.0708,55.9707],[-3.0404,55.9688],[-2.9971,55.9661],[-2.9796,55.9729],[-2.8628,56.0177],[-2.871,56.0307],[-2.8231,56.0598],[-2.8028,56.0648],[-2.6351,56.0581],[-2.616,56.0532],[-2.5694,56.0245],[-2.5728,56.0193],[-2.5172,56.0042],[-2.5079,56.0102],[-2.4597,55.9885],[-2.438,55.9826],[-2.4144,55.9783],[-2.4041,55.9734],[-2.2322,55.9267],[-2.1468,55.9173],[-2.144,55.913],[-2.086,55.9094],[-2.0517,55.864],[-2.0102,55.8092],[-1.9995,55.795],[-1.9929,55.7902],[-1.9595,55.7661],[-1.8304,55.6727],[-1.7751,55.6432],[-1.7686,55.6419],[-1.7646,55.6376],[-1.7296,55.6189],[-1.7183,55.6116],[-1.6991,55.613],[-1.6308,55.5851],[-1.6347,55.5644],[-1.6172,55.5503],[-1.6308,55.5373],[-1.6029,55.5236],[-1.6113,55.508],[-1.5849,55.4837],[-1.5817,55.4215],[-1.5208,55.2596],[-1.4974,55.2037],[-1.4519,55.0948],[-1.4406,55.0676],[-1.4301,55.0425],[-1.4285,55.0404],[-1.4079,55.0132],[-1.3873,54.986],[-1.3702,54.9755],[-1.3627,54.9648],[-1.3635,54.9545],[-1.3311,54.9116],[-1.3272,54.9065],[-1.2987,54.8688],[-1.2339,54.7831],[-1.2337,54.7829],[-1.2014,54.7402],[-1.1691,54.6975],[-1.1647,54.6917],[-1.1367,54.6547],[-1.1327,54.6494],[-1.1279,54.648],[-0.8917,54.5796],[-0.7879,54.5608],[-0.7788,54.5574],[-0.7884,54.5472],[-0.8147,54.5405],[-0.8295,54.53],[-0.8378,54.5158],[-0.8383,54.4872],[-0.8808,54.4958],[-0.9325,54.4866],[-0.9553,54.4974],[-0.9761,54.4999],[-1.0292,54.4924],[-1.0745,54.5049],[-1.1142,54.498],[-1.1795,54.5038],[-1.2017,54.5058],[-1.235,54.4997],[-1.2483,54.4874],[-1.2508,54.4866],[-1.3267,54.4622],[-1.3333,54.4675],[-1.362,54.4675],[-1.3697,54.4888],[-1.3821,54.4935],[-1.3881,54.4888],[-1.4084,54.4924],[-1.4167,54.4777],[-1.432,54.4811],[-1.4361,54.4905],[-1.447,54.4977],[-1.467,54.4941],[-1.4667,54.4827],[-1.4461,54.451],[-1.4603,54.4416],[-1.4723,54.448],[-1.4845,54.471],[-1.495,54.4788],[-1.5256,54.4808],[-1.5203,54.4666],[-1.5325,54.4652],[-1.5778,54.4896],[-1.5909,54.5086],[-1.6003,54.5124],[-1.63,54.5083],[-1.6423,54.5233],[-1.6622,54.5308],[-1.6818,54.5311],[-1.7248,54.5249],[-1.767,54.5286],[-1.7872,54.4816],[-1.8245,54.5027],[-1.8509,54.4805],[-1.9306,54.4547],[-1.9562,54.4544],[-2.0456,54.4797],[-2.0998,54.468],[-2.1389,54.4496],[-2.1552,54.4556],[-2.1942,54.4466],[-2.2447,54.448],[-2.2956,54.4177],[-2.2834,54.3827],[-2.3472,54.3502],[-2.3061,54.3205],[-2.3098,54.2433],[-2.3525,54.2505],[-2.4006,54.2283],[-2.4475,54.2302],[-2.4578,54.2383],[-2.5317,54.2086],[-2.5767,54.1961],[-2.6281,54.1991],[-2.6711,54.1586],[-2.7092,54.1644],[-2.7331,54.183],[-2.7923,54.1908],[-2.8364,54.1676],[-2.8401,54.1731],[-2.872,54.1731],[-2.872,54.1492],[-2.872,54.1353],[-2.872,54.1233],[-2.91,54.1233],[-2.91,54.0974],[-2.948,54.0974],[-2.948,54.1036],[-2.9801,54.1036],[-2.9801,54.0741],[-3.0121,54.0741],[-3.0441,54.0741],[-3.0762,54.1036],[-3.1,54.1255],[-3.1179,54.1088],[-3.1453,54.1],[-3.1454,54.0638],[-3.1898,54.0979],[-3.241,54.1121],[-3.2331,54.1592],[-3.2484,54.1737],[-3.2391,54.1754],[-3.2716,54.1969],[-3.3068,54.1919],[-3.3285,54.2047],[-3.4074,54.2777],[-3.4055,54.3013],[-3.4112,54.3061],[-3.556,54.4536],[-3.5919,54.4831],[-3.6342,54.5129],[-3.6116,54.5299],[-3.5909,54.5636],[-3.5912,54.5648],[-3.5911,54.5649],[-3.5912,54.5652],[-3.5887,54.5694],[-3.5871,54.574],[-3.6308,54.6142],[-3.7241,54.6277],[-3.768,54.6341],[-3.8119,54.6405],[-3.8119,54.6618],[-3.8119,54.6681],[-3.8119,54.6894],[-3.768,54.6894],[-3.768,54.7203],[-3.7241,54.7203],[-3.7241,54.732],[-3.6874,54.732],[-3.6874,54.7584],[-3.6508,54.7584],[-3.6508,54.7847],[-3.6363,54.7847],[-3.6141,54.7847],[-3.5924,54.7847],[-3.5924,54.8111],[-3.5485,54.8111],[-3.5485,54.8367],[-3.5054,54.8367],[-3.5054,54.8627],[-3.4624,54.8627],[-3.4624,54.8886],[-3.4607,54.8886],[-3.4607,54.9146],[-3.4607,54.936],[-3.4168,54.936],[-3.3729,54.936],[-3.3729,54.9326],[-3.329,54.9326],[-3.329,54.9764],[-3.2851,54.9745],[-3.2412,54.9727],[-3.1973,54.9708],[-3.1534,54.9689],[-3.1534,54.937],[-3.1228,54.9327],[-3.1095,54.9356],[-3.1095,54.9722],[-3.0656,54.9791],[-3.0503,54.9815],[-3.033,55.0152],[-3.0303,55.0459],[-3.015,55.0515],[-2.9538,55.041],[-2.9223,55.0717],[-2.8831,55.0836],[-2.8503,55.1113],[-2.8595,55.1363],[-2.8895,55.1552],[-2.8842,55.2019],[-2.8639,55.2185],[-2.8689,55.2369],[-2.8984,55.238],[-2.8726,55.2619],[-2.8912,55.278],[-2.945,55.288],[-2.9975,55.2683],[-3.0345,55.273],[-3.057,55.3072],[-3.0984,55.3296],[-3.1045,55.3522],[-3.1642,55.3497],[-3.2075,55.3722],[-3.285,55.3411],[-3.3039,55.3427],[-3.3034,55.3849],[-3.2414,55.4188],[-3.2525,55.4288],[-3.3164,55.4383],[-3.345,55.4119],[-3.4106,55.4119],[-3.4437,55.4044],[-3.5003,55.4097],[-3.5348,55.438],[-3.5122,55.4922],[-3.485,55.515],[-3.4872,55.5602],[-3.527,55.6002],[-3.4781,55.6122],[-3.4795,55.6485],[-3.3945,55.7077],[-3.4359,55.7183],[-3.4579,55.7696],[-3.5228,55.7855],[-3.565,55.7877],[-3.59,55.8016],[-3.6112,55.8038],[-3.6881,55.7952],[-3.7239,55.778],[-3.7334,55.7835],[-3.7184,55.8124],[-3.745,55.858],[-3.7103,55.8702],[-3.7064,55.8769],[-3.7283,55.8833],[-3.7934,55.8719],[-3.8206,55.8891],[-3.8089,55.8952],[-3.7739,55.9024],[-3.7192,55.9319],[-3.6673,55.9422],[-3.6642,55.9544],[-3.635,55.9652],[-3.5986,55.9911],[-3.5795,55.9936],[-3.5667,55.9866],[-3.5395,55.9866],[-3.5053,56.0056]]],[[[-3.0759,56.0164],[-3.0759,56.0416],[-3.0507,56.0416],[-3.0759,56.0164]]]]}}
]}
