{"type":"FeatureCollection","features":[
{"type":"Feature","properties":{"entityId":"baltic-tribes","from":476,"to":700,"certainty":"estimated","source":"유럽 쪽은 Natural Earth 1:10m admin-1(v5.1.2) 현대 행정구역 조각을 그 시기 국경에 맞춰 묶고, 조각이 역사 경계와 다른 곳은 선을 그어 나눈 근사. 유럽 밖(시베리아·중앙아시아·극동)은 대략적인 추정. 운영자 검수 필요"},"geometry":{"type":"Polygon","coordinates":[[[18.86,53.6],[19.1681,53.6],[19.2759,53.7193],[19.1283,53.5559],[19.2148,53.4552],[19.2396,53.4122],[19.2855,53.3645],[19.4045,53.3429],[19.5115,53.3043],[19.6256,53.2864],[19.6813,53.263],[19.7329,53.1846],[19.7479,53.0931],[19.8112,53.1129],[19.8371,53.1437],[19.8768,53.1511],[19.9248,53.1273],[20.2406,53.098],[20.3158,53.1063],[20.3719,53.1337],[20.3889,53.1675],[20.4198,53.182],[20.4948,53.1861],[20.6346,53.2346],[20.704,53.2759],[20.7756,53.2754],[20.8391,53.2834],[20.9123,53.3086],[21.0079,53.3084],[21.0979,53.3256],[21.1737,53.3796],[21.2626,53.3746],[21.308,53.3788],[21.3488,53.3961],[21.3774,53.4299],[21.402,53.4379],[21.523,53.4435],[21.5957,53.4626],[21.7388,53.4576],[21.8016,53.4708],[21.8626,53.4927],[21.9373,53.4993],[22.1099,53.5699],[22.207,53.6352],[22.4856,53.7379],[22.543,53.7739],[22.5779,53.8322],[22.6185,53.8782],[22.6221,53.9248],[22.516,54.0124],[22.4652,54.0417],[22.4491,54.0992],[22.3481,54.1786],[22.4422,54.257],[22.6653,54.2753],[22.7317,54.3017],[22.7887,54.3366],[22.8113,54.3926],[22.8589,54.3992],[22.9188,54.3811],[22.9733,54.3754],[22.9897,54.3534],[23.0416,54.341],[23.0321,54.3096],[23.0501,54.2948],[23.1171,54.3035],[23.2354,54.2542],[23.316,54.2363],[23.336,54.2263],[23.3823,54.1879],[23.4325,54.1693],[23.4739,54.1126],[23.4962,54.0446],[23.4965,54.022],[23.4593,53.9923],[23.4629,53.9725],[23.4904,53.9506],[23.4856,53.9393],[23.4863,53.9227],[23.4,53.75],[23.1,53.68],[22.74,53.49],[22.42,53.19],[22.5,53.05],[22.4,52.75],[22.3942,52.7413],[22.3997,52.695],[22.4118,52.6597],[22.4119,52.6006],[22.5176,52.5294],[22.5114,52.4946],[22.5198,52.4733],[22.5448,52.4625],[22.5388,52.4294],[22.5627,52.4041],[22.6119,52.3873],[22.689,52.3854],[22.8446,52.3656],[22.9228,52.3723],[22.9751,52.3528],[22.9845,52.3301],[23.0058,52.337],[23.0521,52.3096],[23.039,52.2892],[23.087,52.2923],[23.1502,52.2816],[23.1761,52.2851],[23.1656,52.2894],[23.2121,52.3475],[23.2705,52.3951],[23.3923,52.5096],[23.4805,52.5544],[23.569,52.5859],[23.7362,52.6149],[23.869,52.67],[23.9088,52.6999],[23.9225,52.7426],[23.9204,52.7726],[23.9386,52.7749],[24.0714,52.7682],[24.1444,52.7982],[24.1771,52.7817],[24.2505,52.7716],[24.3054,52.7807],[24.316,52.7656],[24.3882,52.7749],[24.4685,52.7411],[24.5186,52.7393],[24.5526,52.7478],[24.5548,52.7746],[24.541,52.7953],[24.5871,52.8441],[24.5709,52.8654],[24.6015,52.887],[24.6517,52.9077],[24.6526,52.9188],[24.607,52.9283],[24.6138,52.9394],[24.6859,52.9598],[24.7478,52.9406],[24.8014,52.9327],[24.8515,52.9369],[24.8771,52.9646],[24.9289,52.9605],[24.9609,52.9258],[24.9564,52.9043],[25.004,52.8896],[25.0271,52.8921],[25.0483,52.9129],[25.0661,52.9087],[25.0511,52.8759],[25.0528,52.8411],[25.0832,52.8334],[25.1381,52.8496],[25.1919,52.8476],[25.259,52.8651],[25.2688,52.849],[25.3232,52.8408],[25.3311,52.8612],[25.3078,52.884],[25.3223,52.8927],[25.297,52.9207],[25.3268,52.9373],[25.364,52.9328],[25.4051,52.942],[25.4627,52.9997],[25.5248,53.0245],[25.5993,53.1272],[25.5974,53.1461],[25.5499,53.1841],[25.601,53.2116],[25.5689,53.2442],[25.5837,53.271],[25.6356,53.2866],[25.6479,53.3318],[25.6927,53.3813],[25.7202,53.3947],[25.7884,53.3959],[25.8221,53.3874],[25.8729,53.3888],[25.8981,53.3763],[26.0392,53.3693],[26.0825,53.3736],[26.1357,53.3659],[26.2212,53.3629],[26.2731,53.3506],[26.3765,53.3645],[26.3723,53.3193],[26.3911,53.3],[25.75,53.3],[25.75,51.9263],[25.7679,51.9285],[25.9811,51.9035],[26.0808,51.9007],[26.1454,51.8648],[26.1753,51.8567],[26.4078,51.8506],[26.4192,51.8209],[26.4456,51.8056],[26.6657,51.8014],[26.8548,51.7493],[26.9208,51.7425],[27.0216,51.7645],[27.11,51.7624],[27.1779,51.7471],[27.1811,51.6834],[27.2036,51.6551],[27.2775,51.6511],[27.254,51.5954],[27.2675,51.5875],[27.3291,51.597],[27.3884,51.5907],[27.431,51.5984],[27.4773,51.6237],[27.5,51.6233],[27.5,52.245],[27.5231,52.2368],[27.5406,52.2214],[27.5208,52.1835],[27.5267,52.0727],[27.533,52.0603],[27.5991,52.0185],[27.585,51.9902],[27.5256,51.9426],[27.5319,51.9006],[27.5031,51.8445],[27.5563,51.8059],[27.555,51.7503],[27.5095,51.7056],[27.5124,51.6231],[27.6206,51.5959],[27.6768,51.5948],[27.7052,51.5684],[27.6661,51.4902],[27.7143,51.4637],[27.7406,51.4714],[27.7873,51.5109],[27.7971,51.5306],[27.7932,51.565],[27.8125,51.602],[27.8542,51.6153],[27.8756,51.608],[27.9361,51.567],[27.9732,51.5578],[28.0708,51.5576],[28.1142,51.5756],[28.1662,51.6331],[28.21,51.652],[28.2451,51.6406],[28.2494,51.6131],[28.3109,51.5745],[28.3339,51.5284],[28.3469,51.5252],[28.4353,51.5661],[28.4884,51.572],[28.6039,51.5535],[28.6309,51.4636],[28.6636,51.434],[28.704,51.4426],[28.7288,51.4013],[28.7516,51.4287],[28.7522,51.4837],[28.7999,51.5326],[28.8636,51.5589],[28.9546,51.5633],[29,51.5824],[29.0436,51.6262],[29.0837,51.6312],[29.1239,51.625],[29.1604,51.6033],[29.1815,51.567],[29.2265,51.5191],[29.221,51.467],[29.2649,51.4329],[29.297,51.3737],[29.3199,51.3656],[29.3533,51.3771],[29.4027,51.3961],[29.4663,51.3851],[29.5055,51.4375],[29.5682,51.4496],[29.618,51.4856],[29.6608,51.4931],[29.7,51.4837],[29.7379,51.4395],[29.8286,51.43],[29.8466,51.4329],[29.8863,51.4648],[29.9251,51.4579],[30.0087,51.4821],[30.1486,51.4844],[30.2054,51.4665],[30.2569,51.4251],[30.3074,51.4096],[30.329,51.3886],[30.3199,51.3416],[30.3551,51.3053],[30.3838,51.2939],[30.4281,51.2918],[30.465,51.2619],[30.5081,51.2577],[30.5392,51.2355],[30.5396,51.2352],[30.5547,51.2425],[30.5566,51.2673],[30.5799,51.3037],[30.6383,51.3359],[30.6456,51.3675],[30.6226,51.4121],[30.5879,51.4274],[30.586,51.4518],[30.6182,51.4597],[30.5937,51.4872],[30.5629,51.5218],[30.584,51.5423],[30.5341,51.5533],[30.5226,51.5689],[30.5431,51.5826],[30.5151,51.6037],[30.5566,51.6236],[30.5703,51.6515],[30.5703,51.6999],[30.6138,51.7029],[30.6306,51.7156],[30.6462,51.7545],[30.6182,51.7613],[30.6706,51.7905],[30.662,51.8194],[30.714,51.867],[30.7345,51.8737],[30.7497,51.8996],[30.7734,51.8982],[30.7795,51.8979],[30.8106,51.9184],[30.8031,51.9391],[30.858,51.9576],[30.9028,52],[30.9412,51.9938],[30.9405,52.0201],[30.9113,52.0226],[30.9188,52.0592],[30.9593,52.0747],[31.0963,52.0796],[31.1348,52.0767],[31.2049,52.0439],[31.2524,52.0445],[31.3044,52.0975],[31.3831,52.1175],[31.4749,52.1178],[31.6499,52.0968],[31.7643,52.1006],[31.8258,52.1041],[31.8821,52.0864],[31.892,52.0362],[31.9272,52.0311],[31.9806,52.0476],[32.0169,52.0498],[32.0956,52.0407],[32.2333,52.0809],[32.2777,52.1027],[32.3067,52.1412],[32.3282,52.2192],[32.367,52.2472],[32.3395,52.2872],[32.3536,52.3216],[32.3943,52.3268],[32.4806,52.3071],[32.5284,52.3162],[32.7254,52.2521],[32.8442,52.2623],[32.8908,52.2423],[32.9269,52.2469],[33.0301,52.3036],[33.0704,52.3042],[33.128,52.3327],[33.1666,52.3601],[33.1965,52.3689],[33.2943,52.3573],[33.359,52.3576],[33.4006,52.3443],[33.4373,52.3392],[33.4805,52.3578],[33.4994,52.341],[33.493,52.3031],[33.5317,52.2888],[33.6002,52.3308],[33.6879,52.3558],[33.7336,52.361],[33.8041,52.3546],[33.8391,52.3139],[33.9007,52.2859],[33.9578,52.2247],[34.0219,52.1979],[34.0557,52.1703],[34.0739,52.1283],[34.0567,52.1058],[34.0682,52.031],[34.1011,51.9925],[34.0962,51.9518],[34.1185,51.9517],[34.1462,51.9516],[34.231,51.8945],[34.2342,51.8783],[34.2767,51.8812],[34.3711,51.8268],[34.3882,51.8561],[34.382,51.8753],[34.4343,51.8966],[34.3692,51.9264],[34.3356,51.9347],[34.3849,51.9964],[34.4065,52.0127],[34.4843,52.0384],[34.521,52.0695],[34.5373,52.0664],[34.5677,52.0343],[34.6033,52.0369],[34.6359,52.0627],[34.6723,52.0655],[34.7089,52.1022],[34.7101,52.1339],[34.661,52.1648],[34.6754,52.1999],[34.7151,52.2163],[34.768,52.2168],[34.7638,52.1959],[34.8046,52.1851],[34.8423,52.2002],[34.8822,52.231],[34.8557,52.2553],[34.9172,52.3218],[34.8968,52.3532],[35.0151,52.3254],[35.1237,52.3346],[35.1799,52.3565],[35.2413,52.3896],[35.3015,52.369],[35.3641,52.3626],[35.3793,52.3709],[35.3963,52.414],[35.4332,52.4161],[35.452,52.4045],[35.493,52.4047],[35.5133,52.4282],[35.5739,52.4256],[35.5717,52.3874],[35.5906,52.3622],[35.637,52.3323],[35.6364,52.2988],[35.6159,52.2701],[35.6187,52.2529],[35.6529,52.2483],[35.7659,52.2871],[35.8354,52.2865],[35.8926,52.2745],[35.9352,52.283],[36.0009,52.3134],[36.1022,52.3102],[36.1458,52.3187],[36.3049,52.3722],[36.357,52.3658],[36.4244,52.3233],[36.4827,52.2711],[36.4841,52.2472],[36.5523,52.2153],[36.6155,52.2064],[36.6686,52.1738],[36.7294,52.1762],[36.7766,52.157],[36.8202,52.1203],[36.9558,52.0922],[36.9898,52.1027],[37.0514,52.0874],[37.1583,52.072],[37.1866,52.0791],[37.1901,52.0414],[37.2734,51.9979],[37.3535,51.9362],[37.4043,51.9285],[37.451,51.9569],[37.4588,51.9875],[37.4807,52.0095],[37.5821,52.0044],[37.6156,51.979],[37.6518,51.9711],[37.7112,51.9842],[37.7471,52.0169],[37.7776,52.1615],[37.8322,52.2024],[37.948,52.2456],[38.017,52.2517],[37.9948,52.271],[37.9998,52.2954],[38.0384,52.3445],[37.9907,52.3801],[37.9614,52.4144],[37.909,52.4148],[37.8769,52.4345],[37.88,52.4512],[37.9108,52.4729],[37.8375,52.501],[37.7828,52.5084],[37.7886,52.5417],[37.8122,52.5477],[37.7866,52.5803],[37.7641,52.5746],[37.7118,52.613],[37.7295,52.6136],[37.7509,52.6381],[37.7884,52.6363],[37.8127,52.6484],[37.7766,52.7185],[37.7937,52.7359],[37.8348,52.7462],[37.8707,52.7718],[37.8737,52.7953],[37.8112,52.829],[37.7927,52.8539],[37.8388,52.8905],[37.7949,52.9121],[37.8165,52.9349],[37.8217,52.9678],[37.841,53.0085],[37.8633,53.018],[37.9124,53.0726],[38.0226,53.0542],[38.1077,53.059],[38.1809,53.0204],[38.2253,53.0121],[38.2659,53.0226],[38.3066,52.9741],[38.3337,52.9617],[38.3612,52.9717],[38.3708,52.9958],[38.4329,53.0151],[38.4729,53.0412],[38.5307,53.0341],[38.5946,53.0485],[38.5936,53.0718],[38.627,53.1013],[38.6327,53.1232],[38.5769,53.1676],[38.5952,53.211],[38.5954,53.2403],[38.4773,53.31],[38.6247,53.3425],[38.6831,53.3464],[38.7617,53.382],[38.7564,53.399],[38.7141,53.4441],[38.7285,53.4787],[38.6972,53.5001],[38.7332,53.5371],[38.8252,53.5455],[38.8954,53.5652],[38.9121,53.6129],[38.8727,53.6227],[38.9001,53.6549],[38.9214,53.7198],[38.9093,53.7534],[38.8368,53.76],[38.807,53.7724],[38.8143,53.792],[38.801,53.8295],[38.8223,53.8489],[38.7946,53.8721],[38.8057,53.8941],[38.8407,53.9189],[38.8443,53.9363],[38.802,53.9415],[38.7667,53.9593],[38.7564,54.0098],[38.7137,54.0013],[38.7118,54.0324],[38.6943,54.0749],[38.7164,54.1124],[38.7639,54.1348],[38.7457,54.1833],[38.718,54.1867],[38.6812,54.167],[38.6719,54.1774],[38.6751,54.2447],[38.7121,54.2717],[38.7245,54.33],[38.7369,54.3451],[38.8257,54.3805],[38.8555,54.3733],[38.9088,54.3977],[38.919,54.4121],[38.8874,54.4266],[38.7977,54.4512],[38.7876,54.4777],[38.7943,54.5001],[38.7814,54.5538],[38.8204,54.6019],[38.9091,54.618],[38.9325,54.616],[38.9567,54.5934],[39.0401,54.6246],[39.14,54.6281],[39.1765,54.6355],[39.2321,54.6353],[39.2445,54.6564],[39.2379,54.711],[39.2649,54.7197],[39.3287,54.7175],[39.3559,54.7396],[39.3284,54.7484],[39.3714,54.8028],[39.3742,54.8406],[39.3977,54.8761],[39.449,54.8978],[39.4884,54.9408],[39.5444,54.9695],[39.5914,54.9822],[39.6026,55.0059],[39.6845,55.0207],[39.7558,55.0165],[39.8128,54.9975],[39.8882,55.0813],[39.8858,55.1015],[39.8446,55.1219],[39.8097,55.1183],[39.7749,55.1012],[39.7419,55.1078],[39.7202,55.126],[39.7565,55.1394],[39.827,55.1826],[39.9198,55.1868],[40.0014,55.2004],[40.1311,55.2544],[40.2065,55.3093],[40.1856,55.3263],[40.1427,55.4061],[40.1373,55.4342],[40.1807,55.4423],[40.1804,55.4597],[40.1405,55.5172],[40.1176,55.5264],[40.0448,55.5092],[40.0369,55.5457],[40.085,55.6126],[40.0622,55.6317],[39.9002,55.7345],[39.8889,55.7472],[39.8953,55.8007],[39.8789,55.8159],[39.8231,55.8328],[39.7985,55.83],[39.697,55.8005],[39.6656,55.7825],[39.618,55.7917],[39.5552,55.7761],[39.4608,55.7725],[39.4286,55.7636],[39.3581,55.761],[39.3165,55.7786],[39.3363,55.8164],[39.3098,55.8306],[39.1923,55.8396],[39.1231,55.8298],[39.0544,55.8525],[39.0307,55.8824],[39.0158,55.9252],[38.9471,55.9125],[38.8953,55.9242],[38.8394,55.9009],[38.8207,55.9219],[38.7783,55.9196],[38.7291,55.9535],[38.6437,55.9674],[38.6056,55.9589],[38.567,56.0001],[38.5831,56.0218],[38.5623,56.0832],[38.5246,56.1178],[38.492,56.1892],[38.506,56.2199],[38.4565,56.218],[38.4028,56.2642],[38.4171,56.2859],[38.4092,56.3346],[38.4124,56.369],[38.38,56.4111],[38.3944,56.4405],[38.38,56.4684],[38.3226,56.4945],[38.2954,56.5289],[38.2965,56.5468],[38.3296,56.5623],[38.3178,56.5995],[38.3443,56.6339],[38.3274,56.6755],[38.3741,56.6966],[38.3181,56.7151],[38.306,56.7443],[38.2565,56.7702],[38.2608,56.7822],[38.2226,56.819],[38.1542,56.8319],[38.1285,56.8837],[38.1993,56.8942],[38.2117,56.9582],[38.1545,56.9789],[38.1646,56.9954],[38.2071,57.0002],[38.2513,57.0528],[38.2597,57.0955],[38.2498,57.1288],[38.1514,57.1859],[38.1429,57.197],[38.16,57.2336],[38.2262,57.2359],[38.2579,57.2722],[38.3064,57.2763],[38.2999,57.3372],[38.2705,57.3711],[38.1595,57.3562],[38.1566,57.3383],[38.0863,57.3418],[38.0383,57.3563],[37.9842,57.3592],[37.8619,57.4176],[37.7948,57.4335],[37.7943,57.4426],[37.8384,57.4597],[37.8354,57.4842],[37.7984,57.5037],[37.8159,57.55],[37.8161,57.5506],[37.81,57.608],[37.8276,57.6307],[37.7641,57.6311],[37.7146,57.6587],[37.6682,57.67],[37.6468,57.686],[37.6507,57.7029],[37.6123,57.7227],[37.5398,57.7383],[37.5234,57.7713],[37.4573,57.828],[37.3909,57.828],[37.3774,57.8437],[37.4167,57.8614],[37.4027,57.8735],[37.3569,57.8774],[37.3509,57.8966],[37.3941,57.9036],[37.4541,57.8924],[37.4955,57.8936],[37.4949,57.9174],[37.4532,57.9229],[37.3709,57.9494],[37.3665,57.9771],[37.428,57.9833],[37.4844,57.9808],[37.5152,57.9871],[37.5425,58.0069],[37.525,58.0296],[37.5487,58.0528],[37.6235,58.0697],[37.6617,58.068],[37.6735,58.083],[37.6344,58.1166],[37.5896,58.1351],[37.5621,58.1653],[37.4968,58.1853],[37.4435,58.1828],[37.3751,58.2008],[37.3497,58.239],[37.3907,58.2877],[37.42,58.3083],[37.4172,58.3269],[37.3698,58.3494],[37.4491,58.4075],[37.4775,58.4151],[37.4962,58.3992],[37.5345,58.3968],[37.5881,58.417],[37.644,58.4294],[37.6543,58.4497],[37.6263,58.4902],[37.5927,58.5146],[37.5398,58.5397],[37.4986,58.5798],[37.4454,58.5947],[37.3696,58.6444],[37.1804,58.7786],[37.1752,58.8263],[37.1222,58.866],[37.063,58.8642],[37.0115,58.839],[36.9434,58.8344],[36.8642,58.8428],[36.8324,58.8365],[36.7838,58.8065],[36.8156,58.7582],[36.8129,58.7438],[36.7724,58.7207],[36.7049,58.734],[36.7141,58.696],[36.6804,58.6944],[36.6453,58.6448],[36.5882,58.6038],[36.5182,58.5899],[36.5206,58.5585],[36.4892,58.5309],[36.4465,58.529],[36.3236,58.4998],[36.3148,58.5187],[36.2749,58.5355],[36.24,58.5338],[36.23,58.5138],[36.1733,58.525],[36.1341,58.5037],[36.0926,58.5082],[35.9414,58.4553],[35.9514,58.4262],[35.8465,58.4198],[35.78,58.4341],[35.6,58.4471],[35.6,57.7],[35.4,57.5],[34.8,57.35],[34.2,57.25],[33.3,56.95],[31.5585,56.95],[31.5456,56.9398],[31.4733,56.9422],[31.4444,56.9353],[31.3726,56.9452],[31.3593,56.95],[31.2001,56.95],[31.1175,56.931],[31.0804,56.95],[31,56.95],[31,56.965],[30.9932,56.95],[30.9781,56.9169],[30.9449,56.9013],[30.8963,56.8967],[30.9043,56.849],[30.8828,56.8028],[30.8372,56.8085],[30.7976,56.8002],[30.7834,56.7656],[30.8217,56.7578],[30.8168,56.7203],[30.8617,56.6666],[30.8794,56.6553],[30.9131,56.6564],[30.935,56.6836],[30.9756,56.6701],[31.0412,56.6844],[31.0637,56.6738],[31.0793,56.6344],[31.0693,56.6002],[31.0166,56.5191],[31.0126,56.4939],[31.0266,56.4747],[31.0622,56.4731],[31.1442,56.4514],[31.187,56.4512],[31.2154,56.4354],[31.2311,56.3462],[31.2978,56.3475],[31.3414,56.3094],[31.4915,56.3013],[31.38,56.3073],[31.38,55.9761],[31.4196,55.9897],[31.3447,55.964],[31.3786,55.9345],[31.3844,55.9269],[31.38,55.9327],[31.38,55.92],[31.24,55.92],[31.2,56],[30.6,56.1],[29.6,56.4],[29,56.55],[28.4,56.65],[27.9923,56.6245],[27.9974,56.6038],[27.9922,56.625],[27.9913,56.67],[27.981,56.687],[27.8826,56.7255],[27.8655,56.7427],[27.8761,56.7594],[27.9189,56.8059],[27.9135,56.8202],[27.8308,56.8643],[27.7864,56.8713],[27.7441,56.8648],[27.6612,56.8393],[27.6444,56.8418],[27.6284,56.8442],[27.6487,56.8793],[27.7151,56.9574],[27.7234,56.9988],[27.7458,57.0315],[27.7455,57.068],[27.6961,57.0855],[27.6822,57.1037],[27.701,57.1188],[27.794,57.1434],[27.8243,57.1591],[27.8412,57.2112],[27.8461,57.2673],[27.8403,57.2906],[27.8091,57.3139],[27.708,57.3481],[27.6944,57.3564],[27.6408,57.389],[27.5363,57.4157],[27.5113,57.4304],[27.5256,57.4684],[27.5282,57.5285],[27.3529,57.5276],[27.32,57.5161],[27.1657,57.5467],[27.0854,57.5494],[27.0615,57.5557],[27.0046,57.5989],[26.9466,57.6153],[26.8961,57.615],[26.8727,57.6272],[26.8385,57.6099],[26.7958,57.5713],[26.7781,57.5685],[26.7005,57.5708],[26.667,57.5649],[26.6048,57.5403],[26.5799,57.5178],[26.5422,57.5282],[26.4996,57.5158],[26.4307,57.5618],[26.3513,57.5802],[26.2972,57.5991],[26.2632,57.6208],[26.1685,57.7041],[26.1352,57.7248],[26.0247,57.7744],[26.0131,57.8073],[26.0253,57.8284],[26.0027,57.846],[25.7926,57.856],[25.7675,57.8689],[25.7303,57.9231],[25.7038,57.9213],[25.6661,57.9144],[25.6501,57.9114],[25.6015,57.9122],[25.5794,57.9195],[25.5583,57.9342],[25.5518,57.9499],[25.5417,57.9628],[25.4966,57.9706],[25.4572,57.9841],[25.4197,58.0083],[25.3966,58.0232],[25.3565,58.0348],[25.3337,58.0318],[25.3183,58.0406],[25.2996,58.0656],[25.2635,58.0751],[25.2507,58.0685],[25.2495,58.0512],[25.2776,58.0241],[25.2844,58.0081],[25.2645,57.9942],[25.2325,57.9854],[25.2021,57.992],[25.1807,58.0382],[25.167,58.0587],[25.141,58.068],[25.0942,58.0673],[25.0706,58.0636],[25.0349,58.0486],[24.9748,58.0158],[24.9493,58.0064],[24.8725,58.0004],[24.8274,57.9819],[24.7908,57.979],[24.7335,57.9922],[24.7004,57.9542],[24.6848,57.9476],[24.6241,57.944],[24.5824,57.946],[24.5338,57.9451],[24.4813,57.9193],[24.4291,57.9003],[24.4015,57.8665],[24.3497,57.8586],[24.3062,57.8682],[24.2888,57.8453],[24.2888,57.8089],[24.2996,57.7438],[24.3001,57.7431],[24.2169,57.4086],[24.1857,57.2832],[24.1753,57.2413],[24.1582,57.1724],[24.1541,57.156],[24.1457,57.1221],[24.1422,57.1082],[24.1116,57.0939],[24.0692,57.0741],[24.0357,57.069],[24.0079,57.0454],[23.9586,57.0223],[23.9494,57.0221],[23.9201,57.0213],[23.8908,57.0206],[23.6564,57.0146],[23.5978,57.0132],[23.5685,57.0124],[23.5393,57.0117],[23.5208,57.0256],[23.5086,57.0312],[23.4432,57.0381],[23.2974,57.0859],[23.2927,57.0889],[23.2859,57.091],[23.2325,57.1739],[23.2224,57.207],[23.2011,57.2224],[23.1976,57.228],[23.1824,57.2777],[23.1602,57.3186],[23.138,57.3432],[23.1302,57.3708],[23.1175,57.3739],[23.0833,57.3782],[23.0408,57.3916],[23.0386,57.3931],[22.9093,57.4607],[22.8789,57.4813],[22.7905,57.5228],[22.7445,57.5468],[22.6888,57.5992],[22.6553,57.6306],[22.6213,57.6626],[22.5915,57.6906],[22.6003,57.7438],[22.6104,57.7546],[22.5858,57.7597],[22.5491,57.7506],[22.5302,57.7483],[22.5238,57.7543],[22.5235,57.7542],[22.5234,57.7543],[22.4946,57.7438],[22.4837,57.7425],[22.2098,57.6621],[21.9438,57.5979],[21.8792,57.5901],[21.7717,57.5861],[21.7297,57.5738],[21.6992,57.5553],[21.6251,57.4768],[21.5666,57.4227],[21.5178,57.3876],[21.5115,57.3787],[21.4978,57.3589],[21.4615,57.3253],[21.4495,57.32],[21.4214,57.2887],[21.4126,57.2501],[21.4143,57.1996],[21.2942,57.0455],[21.2871,57.0364],[21.2588,57.0002],[21.2588,57.0001],[21.2305,56.9639],[21.174,56.8914],[21.1567,56.8856],[21.1472,56.8764],[21.0652,56.8463],[21.0527,56.8289],[21.0636,56.7812],[21.033,56.6362],[21.0329,56.6349],[21.0206,56.615],[21.0105,56.5987],[21.0003,56.5577],[20.9922,56.5489],[20.9963,56.5378],[21.0031,56.53],[21.0277,56.5248],[21.0268,56.5063],[21.0243,56.5105],[21.0064,56.52],[21.0005,56.5106],[21.0033,56.4926],[21.0106,56.4757],[21.0055,56.4655],[21.0054,56.4459],[20.9925,56.4179],[20.9706,56.389],[20.971,56.3498],[20.9815,56.3105],[20.9827,56.2908],[20.971,56.2597],[20.9734,56.232],[20.9841,56.2104],[21.0288,56.1474],[21.0377,56.1263],[21.0474,56.0699],[21.0546,56.023],[21.0571,55.9488],[21.0447,55.9177],[21.0447,55.8737],[21.0606,55.7893],[21.0744,55.7449],[21.1213,55.7047],[21.1501,55.6525],[21.2166,55.3893],[21.1834,55.3462],[21.1888,55.3386],[21.2027,55.3462],[21.2022,55.3446],[21.2023,55.3444],[21.2022,55.3442],[21.2278,55.2867],[21.2346,55.2714],[21.2328,55.2449],[21.2301,55.2031],[21.2229,55.2015],[21.2017,55.2144],[21.1813,55.1933],[21.186,55.171],[20.6948,55.0559],[20.7736,55.1145],[20.8237,55.1431],[20.884,55.1981],[20.9131,55.2332],[20.9894,55.2731],[20.9889,55.2913],[21.0379,55.3286],[21.0735,55.3918],[21.1062,55.4212],[21.0872,55.4411],[21.1199,55.4894],[21.1199,55.527],[21.1336,55.5683],[21.1315,55.6556],[21.1174,55.6998],[21.0852,55.7228],[21.0935,55.6955],[21.0907,55.6331],[21.0994,55.613],[21.0966,55.594],[21.087,55.5824],[21.0582,55.4766],[21.015,55.4019],[20.9488,55.336],[20.9403,55.3276],[20.9066,55.2941],[20.8998,55.2873],[20.8458,55.2318],[20.8262,55.2166],[20.6802,55.1033],[20.674,55.0991],[20.5659,55.0257],[20.2632,54.9547],[20.2514,54.9549],[20.2058,54.9584],[20.1844,54.9561],[20.1082,54.9575],[20.1078,54.9575],[20.0939,54.9537],[20.075,54.9544],[20.0337,54.9482],[19.9959,54.9681],[19.9767,54.9646],[19.9408,54.9344],[19.9207,54.8896],[19.9267,54.8758],[19.8882,54.8668],[19.7801,54.657],[19.7291,54.558],[19.7076,54.5163],[19.6519,54.4857],[19.6133,54.4645],[19.6133,54.4588],[19.6095,54.4567],[19.6803,54.4367],[19.7583,54.4343],[19.7205,54.391],[19.6839,54.3814],[19.6192,54.3535],[19.5634,54.3463],[19.4347,54.2971],[19.3652,54.2282],[19.3863,54.2766],[19.2739,54.2816],[19.2497,54.2654],[19.2428,54.2313],[19.2958,54.1465],[19.2688,54.112],[19.2093,54.0721],[19.2301,54.0095],[19.2636,53.9769],[19.3118,53.9601],[19.3632,53.9561],[19.3708,53.95],[19.3892,53.9352],[19.3698,53.8958],[19.4054,53.8855],[19.5044,53.8903],[19.5544,53.8822],[19.5504,53.8493],[19.5201,53.8251],[19.5,53.7873],[19.5,53.88],[18.86,53.88],[18.86,53.6]]]}},
{"type":"Feature","properties":{"entityId":"baltic-tribes","from":700,"to":983,"certainty":"estimated","source":"유럽 쪽은 Natural Earth 1:10m admin-1(v5.1.2) 현대 행정구역 조각을 그 시기 국경에 맞춰 묶고, 조각이 역사 경계와 다른 곳은 선을 그어 나눈 근사. 유럽 밖(시베리아·중앙아시아·극동)은 대략적인 추정. 운영자 검수 필요"},"geometry":{"type":"Polygon","coordinates":[[[18.86,53.6],[19.1681,53.6],[19.2759,53.7193],[19.1283,53.5559],[19.2148,53.4552],[19.2396,53.4122],[19.2855,53.3645],[19.4045,53.3429],[19.5115,53.3043],[19.6256,53.2864],[19.6813,53.263],[19.7329,53.1846],[19.7479,53.0931],[19.8112,53.1129],[19.8371,53.1437],[19.8768,53.1511],[19.9248,53.1273],[20.2406,53.098],[20.3158,53.1063],[20.3719,53.1337],[20.3889,53.1675],[20.4198,53.182],[20.4948,53.1861],[20.6346,53.2346],[20.704,53.2759],[20.7756,53.2754],[20.8391,53.2834],[20.9123,53.3086],[21.0079,53.3084],[21.0979,53.3256],[21.1737,53.3796],[21.2626,53.3746],[21.308,53.3788],[21.3488,53.3961],[21.3774,53.4299],[21.402,53.4379],[21.523,53.4435],[21.5957,53.4626],[21.7388,53.4576],[21.8016,53.4708],[21.8626,53.4927],[21.9373,53.4993],[22.1099,53.5699],[22.207,53.6352],[22.4856,53.7379],[22.543,53.7739],[22.5779,53.8322],[22.6185,53.8782],[22.6221,53.9248],[22.516,54.0124],[22.4652,54.0417],[22.4491,54.0992],[22.3481,54.1786],[22.4422,54.257],[22.6653,54.2753],[22.7317,54.3017],[22.7887,54.3366],[22.8113,54.3926],[22.8589,54.3992],[22.9188,54.3811],[22.9733,54.3754],[22.9897,54.3534],[23.0416,54.341],[23.0321,54.3096],[23.0501,54.2948],[23.1171,54.3035],[23.2354,54.2542],[23.316,54.2363],[23.336,54.2263],[23.3823,54.1879],[23.4325,54.1693],[23.4739,54.1126],[23.4962,54.0446],[23.4965,54.022],[23.4593,53.9923],[23.4629,53.9725],[23.4904,53.9506],[23.4856,53.9393],[23.4863,53.9227],[23.4,53.75],[23.1,53.68],[22.74,53.49],[22.42,53.19],[22.5,53.05],[22.4,52.75],[22.3942,52.7413],[22.3997,52.695],[22.4118,52.6597],[22.4119,52.6006],[22.5176,52.5294],[22.5114,52.4946],[22.5198,52.4733],[22.5448,52.4625],[22.5388,52.4294],[22.5627,52.4041],[22.6119,52.3873],[22.689,52.3854],[22.8446,52.3656],[22.9228,52.3723],[22.9751,52.3528],[22.9845,52.3301],[23.0058,52.337],[23.0521,52.3096],[23.039,52.2892],[23.087,52.2923],[23.1502,52.2816],[23.1761,52.2851],[23.1656,52.2894],[23.2121,52.3475],[23.2705,52.3951],[23.3923,52.5096],[23.4805,52.5544],[23.569,52.5859],[23.7362,52.6149],[23.869,52.67],[23.9088,52.6999],[23.9225,52.7426],[23.9204,52.7726],[23.9386,52.7749],[24.0714,52.7682],[24.1444,52.7982],[24.1771,52.7817],[24.2505,52.7716],[24.3054,52.7807],[24.316,52.7656],[24.3882,52.7749],[24.4685,52.7411],[24.5186,52.7393],[24.5526,52.7478],[24.5548,52.7746],[24.541,52.7953],[24.5871,52.8441],[24.5709,52.8654],[24.6015,52.887],[24.6517,52.9077],[24.6526,52.9188],[24.607,52.9283],[24.6138,52.9394],[24.6859,52.9598],[24.7478,52.9406],[24.8014,52.9327],[24.8515,52.9369],[24.8771,52.9646],[24.9289,52.9605],[24.9609,52.9258],[24.9564,52.9043],[25.004,52.8896],[25.0271,52.8921],[25.0483,52.9129],[25.0661,52.9087],[25.0511,52.8759],[25.0528,52.8411],[25.0832,52.8334],[25.1381,52.8496],[25.1919,52.8476],[25.259,52.8651],[25.2688,52.849],[25.3232,52.8408],[25.3311,52.8612],[25.3078,52.884],[25.3223,52.8927],[25.297,52.9207],[25.3268,52.9373],[25.364,52.9328],[25.4051,52.942],[25.4627,52.9997],[25.5248,53.0245],[25.5993,53.1272],[25.5974,53.1461],[25.5499,53.1841],[25.601,53.2116],[25.5689,53.2442],[25.5837,53.271],[25.6356,53.2866],[25.6479,53.3318],[25.6927,53.3813],[25.7202,53.3947],[25.7884,53.3959],[25.8221,53.3874],[25.8729,53.3888],[25.8981,53.3763],[26.0392,53.3693],[26.0825,53.3736],[26.1357,53.3659],[26.2212,53.3629],[26.2731,53.3506],[26.3765,53.3645],[26.5595,53.4012],[26.5439,53.4347],[26.548,53.482],[26.5351,53.504],[26.4932,53.5036],[26.5142,53.5531],[26.4811,53.5944],[26.462,53.6311],[26.4204,53.6447],[26.357,53.6558],[26.3396,53.6765],[26.3379,53.7041],[26.294,53.7104],[26.2533,53.7341],[26.2617,53.7787],[26.2988,53.7826],[26.3027,53.8031],[26.2158,53.8295],[26.2184,53.866],[26.2446,53.8778],[26.3409,53.9009],[26.3712,53.9404],[26.4192,53.9518],[26.4343,53.9894],[26.4277,54.0036],[26.3683,54.0048],[26.3336,54.0572],[26.2889,54.0606],[26.2666,54.0401],[26.2033,54.0345],[26.1697,54.0667],[26.1785,54.1294],[26.1434,54.1414],[26.1259,54.1205],[26.0769,54.1327],[26.0851,54.1646],[26.1132,54.1993],[26.1586,54.2006],[26.2167,54.2307],[26.2954,54.2287],[26.4063,54.2411],[26.4689,54.2788],[26.5004,54.3144],[26.5739,54.4342],[26.6098,54.458],[26.6138,54.4837],[26.5938,54.5148],[26.5931,54.5455],[26.6383,54.5308],[26.6527,54.5736],[26.6824,54.5795],[26.6753,54.6339],[26.6315,54.6259],[26.5948,54.6362],[26.5448,54.7006],[26.5418,54.7475],[26.501,54.7623],[26.4251,54.8256],[26.3829,54.8331],[26.3376,54.8635],[26.339,54.8908],[26.3171,54.9238],[26.3481,54.9433],[26.3131,54.9457],[26.2777,54.929],[26.2536,54.9461],[26.2479,54.9698],[26.1703,54.9933],[26.2246,55.0549],[26.233,55.1116],[26.2644,55.1401],[26.3095,55.1446],[26.4203,55.1281],[26.4734,55.1457],[26.5789,55.1185],[26.6163,55.1354],[26.6339,55.1922],[26.657,55.2153],[26.7011,55.2368],[26.7399,55.2428],[26.7897,55.2572],[26.8007,55.2733],[26.7686,55.3002],[26.6027,55.3169],[26.5423,55.3076],[26.4658,55.3209],[26.4455,55.3375],[26.486,55.3908],[26.5078,55.4391],[26.5433,55.4596],[26.5277,55.4922],[26.5321,55.5163],[26.5956,55.568],[26.6077,55.6165],[26.5945,55.667],[26.6401,55.6956],[26.743,55.6829],[26.8228,55.7061],[26.8428,55.7193],[26.9001,55.7787],[26.9578,55.8186],[26.9794,55.8263],[27.1108,55.8363],[27.1732,55.8257],[27.263,55.7872],[27.2824,55.7919],[27.3496,55.8312],[27.3746,55.8148],[27.4388,55.7987],[27.5646,55.7922],[27.5927,55.7942],[27.6101,55.831],[27.6172,55.8786],[27.645,55.9228],[27.7444,55.9597],[27.7601,55.9754],[27.7812,56.0164],[27.8807,56.0639],[27.9115,56.1002],[27.9397,56.1131],[27.981,56.118],[28.0511,56.1407],[28.0682,56.1476],[28.111,56.1568],[28.1489,56.1424],[28.1691,56.1617],[28.1931,56.231],[28.2153,56.256],[28.2148,56.2814],[28.1744,56.3496],[28.1643,56.3928],[28.1679,56.4271],[28.1565,56.4462],[28.1045,56.4831],[28.0933,56.5016],[28.0992,56.5134],[28.1322,56.536],[28.1087,56.5552],[28.0287,56.5768],[27.9974,56.6038],[27.9922,56.625],[27.9913,56.67],[27.981,56.687],[27.8826,56.7255],[27.8655,56.7427],[27.8761,56.7594],[27.9189,56.8059],[27.9135,56.8202],[27.8308,56.8643],[27.7864,56.8713],[27.7441,56.8648],[27.6612,56.8393],[27.6444,56.8418],[27.6284,56.8442],[27.6487,56.8793],[27.7151,56.9574],[27.7234,56.9988],[27.7458,57.0315],[27.7455,57.068],[27.6961,57.0855],[27.6822,57.1037],[27.701,57.1188],[27.794,57.1434],[27.8243,57.1591],[27.8412,57.2112],[27.8461,57.2673],[27.8403,57.2906],[27.8091,57.3139],[27.708,57.3481],[27.6944,57.3564],[27.6408,57.389],[27.5363,57.4157],[27.5113,57.4304],[27.5256,57.4684],[27.5282,57.5285],[27.3529,57.5276],[27.32,57.5161],[27.1657,57.5467],[27.0854,57.5494],[27.0615,57.5557],[27.0046,57.5989],[26.9466,57.6153],[26.8961,57.615],[26.8727,57.6272],[26.8385,57.6099],[26.7958,57.5713],[26.7781,57.5685],[26.7005,57.5708],[26.667,57.5649],[26.6048,57.5403],[26.5799,57.5178],[26.5422,57.5282],[26.4996,57.5158],[26.4307,57.5618],[26.3513,57.5802],[26.2972,57.5991],[26.2632,57.6208],[26.1685,57.7041],[26.1352,57.7248],[26.0247,57.7744],[26.0131,57.8073],[26.0253,57.8284],[26.0027,57.846],[25.7926,57.856],[25.7675,57.8689],[25.7303,57.9231],[25.7038,57.9213],[25.6661,57.9144],[25.6501,57.9114],[25.6015,57.9122],[25.5794,57.9195],[25.5583,57.9342],[25.5518,57.9499],[25.5417,57.9628],[25.4966,57.9706],[25.4572,57.9841],[25.4197,58.0083],[25.3966,58.0232],[25.3565,58.0348],[25.3337,58.0318],[25.3183,58.0406],[25.2996,58.0656],[25.2635,58.0751],[25.2507,58.0685],[25.2495,58.0512],[25.2776,58.0241],[25.2844,58.0081],[25.2645,57.9942],[25.2325,57.9854],[25.2021,57.992],[25.1807,58.0382],[25.167,58.0587],[25.141,58.068],[25.0942,58.0673],[25.0706,58.0636],[25.0349,58.0486],[24.9748,58.0158],[24.9493,58.0064],[24.8725,58.0004],[24.8274,57.9819],[24.7908,57.979],[24.7335,57.9922],[24.7004,57.9542],[24.6848,57.9476],[24.6241,57.944],[24.5824,57.946],[24.5338,57.9451],[24.4813,57.9193],[24.4291,57.9003],[24.4015,57.8665],[24.3497,57.8586],[24.3062,57.8682],[24.2888,57.8453],[24.2888,57.8089],[24.2996,57.7438],[24.3001,57.7431],[24.2169,57.4086],[24.1857,57.2832],[24.1753,57.2413],[24.1582,57.1724],[24.1541,57.156],[24.1457,57.1221],[24.1422,57.1082],[24.1116,57.0939],[24.0692,57.0741],[24.0357,57.069],[24.0079,57.0454],[23.9586,57.0223],[23.9494,57.0221],[23.9201,57.0213],[23.8908,57.0206],[23.6564,57.0146],[23.5978,57.0132],[23.5685,57.0124],[23.5393,57.0117],[23.5208,57.0256],[23.5086,57.0312],[23.4432,57.0381],[23.2974,57.0859],[23.2927,57.0889],[23.2859,57.091],[23.2325,57.1739],[23.2224,57.207],[23.2011,57.2224],[23.1976,57.228],[23.1824,57.2777],[23.1602,57.3186],[23.138,57.3432],[23.1302,57.3708],[23.1175,57.3739],[23.0833,57.3782],[23.0408,57.3916],[23.0386,57.3931],[22.9093,57.4607],[22.8789,57.4813],[22.7905,57.5228],[22.7445,57.5468],[22.6888,57.5992],[22.6553,57.6306],[22.6213,57.6626],[22.5915,57.6906],[22.6003,57.7438],[22.6104,57.7546],[22.5858,57.7597],[22.5491,57.7506],[22.5302,57.7483],[22.5238,57.7543],[22.5235,57.7542],[22.5234,57.7543],[22.4946,57.7438],[22.4837,57.7425],[22.2098,57.6621],[21.9438,57.5979],[21.8792,57.5901],[21.7717,57.5861],[21.7297,57.5738],[21.6992,57.5553],[21.6251,57.4768],[21.5666,57.4227],[21.5178,57.3876],[21.5115,57.3787],[21.4978,57.3589],[21.4615,57.3253],[21.4495,57.32],[21.4214,57.2887],[21.4126,57.2501],[21.4143,57.1996],[21.2942,57.0455],[21.2871,57.0364],[21.2588,57.0002],[21.2588,57.0001],[21.2305,56.9639],[21.174,56.8914],[21.1567,56.8856],[21.1472,56.8764],[21.0652,56.8463],[21.0527,56.8289],[21.0636,56.7812],[21.033,56.6362],[21.0329,56.6349],[21.0206,56.615],[21.0105,56.5987],[21.0003,56.5577],[20.9922,56.5489],[20.9963,56.5378],[21.0031,56.53],[21.0277,56.5248],[21.0268,56.5063],[21.0243,56.5105],[21.0064,56.52],[21.0005,56.5106],[21.0033,56.4926],[21.0106,56.4757],[21.0055,56.4655],[21.0054,56.4459],[20.9925,56.4179],[20.9706,56.389],[20.971,56.3498],[20.9815,56.3105],[20.9827,56.2908],[20.971,56.2597],[20.9734,56.232],[20.9841,56.2104],[21.0288,56.1474],[21.0377,56.1263],[21.0474,56.0699],[21.0546,56.023],[21.0571,55.9488],[21.0447,55.9177],[21.0447,55.8737],[21.0606,55.7893],[21.0744,55.7449],[21.1213,55.7047],[21.1501,55.6525],[21.2166,55.3893],[21.1834,55.3462],[21.1888,55.3386],[21.2027,55.3462],[21.2022,55.3446],[21.2023,55.3444],[21.2022,55.3442],[21.2278,55.2867],[21.2346,55.2714],[21.2328,55.2449],[21.2301,55.2031],[21.2229,55.2015],[21.2017,55.2144],[21.1813,55.1933],[21.186,55.171],[20.6948,55.0559],[20.7736,55.1145],[20.8237,55.1431],[20.884,55.1981],[20.9131,55.2332],[20.9894,55.2731],[20.9889,55.2913],[21.0379,55.3286],[21.0735,55.3918],[21.1062,55.4212],[21.0872,55.4411],[21.1199,55.4894],[21.1199,55.527],[21.1336,55.5683],[21.1315,55.6556],[21.1174,55.6998],[21.0852,55.7228],[21.0935,55.6955],[21.0907,55.6331],[21.0994,55.613],[21.0966,55.594],[21.087,55.5824],[21.0582,55.4766],[21.015,55.4019],[20.9488,55.336],[20.9403,55.3276],[20.9066,55.2941],[20.8998,55.2873],[20.8458,55.2318],[20.8262,55.2166],[20.6802,55.1033],[20.674,55.0991],[20.5659,55.0257],[20.2632,54.9547],[20.2514,54.9549],[20.2058,54.9584],[20.1844,54.9561],[20.1082,54.9575],[20.1078,54.9575],[20.0939,54.9537],[20.075,54.9544],[20.0337,54.9482],[19.9959,54.9681],[19.9767,54.9646],[19.9408,54.9344],[19.9207,54.8896],[19.9267,54.8758],[19.8882,54.8668],[19.7801,54.657],[19.7291,54.558],[19.7076,54.5163],[19.6519,54.4857],[19.6133,54.4645],[19.6133,54.4588],[19.6095,54.4567],[19.6803,54.4367],[19.7583,54.4343],[19.7205,54.391],[19.6839,54.3814],[19.6192,54.3535],[19.5634,54.3463],[19.4347,54.2971],[19.3652,54.2282],[19.3863,54.2766],[19.2739,54.2816],[19.2497,54.2654],[19.2428,54.2313],[19.2958,54.1465],[19.2688,54.112],[19.2093,54.0721],[19.2301,54.0095],[19.2636,53.9769],[19.3118,53.9601],[19.3632,53.9561],[19.3708,53.95],[19.3892,53.9352],[19.3698,53.8958],[19.4054,53.8855],[19.5044,53.8903],[19.5544,53.8822],[19.5504,53.8493],[19.5201,53.8251],[19.5,53.7873],[19.5,53.88],[18.86,53.88],[18.86,53.6]]]}},
{"type":"Feature","properties":{"entityId":"baltic-tribes","from":983,"to":1207,"certainty":"estimated","source":"유럽 쪽은 Natural Earth 1:10m admin-1(v5.1.2) 현대 행정구역 조각을 그 시기 국경에 맞춰 묶고, 조각이 역사 경계와 다른 곳은 선을 그어 나눈 근사. 유럽 밖(시베리아·중앙아시아·극동)은 대략적인 추정. 운영자 검수 필요"},"geometry":{"type":"Polygon","coordinates":[[[18.86,53.6],[19.1681,53.6],[19.2759,53.7193],[19.1283,53.5559],[19.2148,53.4552],[19.2396,53.4122],[19.2855,53.3645],[19.4045,53.3429],[19.5115,53.3043],[19.6256,53.2864],[19.6813,53.263],[19.7329,53.1846],[19.7479,53.0931],[19.8112,53.1129],[19.8371,53.1437],[19.8768,53.1511],[19.9248,53.1273],[20.2406,53.098],[20.3158,53.1063],[20.3719,53.1337],[20.3889,53.1675],[20.4198,53.182],[20.4948,53.1861],[20.6346,53.2346],[20.704,53.2759],[20.7756,53.2754],[20.8391,53.2834],[20.9123,53.3086],[21.0079,53.3084],[21.0979,53.3256],[21.1737,53.3796],[21.2626,53.3746],[21.308,53.3788],[21.3488,53.3961],[21.3774,53.4299],[21.402,53.4379],[21.523,53.4435],[21.5957,53.4626],[21.7388,53.4576],[21.8016,53.4708],[21.8626,53.4927],[21.9373,53.4993],[22.1099,53.5699],[22.207,53.6352],[22.4856,53.7379],[22.543,53.7739],[22.5779,53.8322],[22.6185,53.8782],[22.6221,53.9248],[22.516,54.0124],[22.4652,54.0417],[22.4491,54.0992],[22.3481,54.1786],[22.4422,54.257],[22.6653,54.2753],[22.7317,54.3017],[22.7887,54.3366],[22.8113,54.3926],[22.8589,54.3992],[22.9188,54.3811],[22.9733,54.3754],[22.9897,54.3534],[23.0416,54.341],[23.0321,54.3096],[23.0501,54.2948],[23.1171,54.3035],[23.2354,54.2542],[23.316,54.2363],[23.336,54.2263],[23.3823,54.1879],[23.4325,54.1693],[23.4739,54.1126],[23.4962,54.0446],[23.4965,54.022],[23.4593,53.9923],[23.4629,53.9725],[23.4904,53.9506],[23.4856,53.9393],[23.5201,53.934],[23.61,53.9018],[23.6426,53.899],[23.6919,53.9115],[23.7544,53.9168],[23.7872,53.9279],[23.8283,53.9201],[23.9198,53.9478],[23.9813,53.9304],[24.0454,53.9309],[24.1367,53.9554],[24.2011,53.9525],[24.2291,53.9324],[24.2571,53.894],[24.3779,53.8868],[24.414,53.8977],[24.5287,53.9584],[24.5791,53.9756],[24.6779,53.9923],[24.6908,53.9728],[24.7239,53.9634],[24.7887,53.9697],[24.8194,53.9926],[24.8214,54.0199],[24.7825,54.0929],[24.8182,54.1101],[24.8216,54.1345],[24.851,54.145],[24.9023,54.1498],[24.9483,54.1459],[25.0271,54.1279],[25.072,54.1322],[25.1156,54.1488],[25.1565,54.1757],[25.1935,54.2437],[25.2241,54.2586],[25.2876,54.2452],[25.3697,54.2479],[25.394,54.2572],[25.4341,54.2918],[25.4721,54.2972],[25.554,54.2313],[25.5017,54.2218],[25.5217,54.1882],[25.4858,54.1754],[25.4933,54.1575],[25.543,54.137],[25.6535,54.1287],[25.6906,54.1482],[25.74,54.1463],[25.771,54.1721],[25.7719,54.2179],[25.7868,54.2318],[25.7578,54.269],[25.7154,54.2852],[25.696,54.321],[25.6674,54.3233],[25.6074,54.3049],[25.564,54.3031],[25.5287,54.321],[25.53,54.3461],[25.5947,54.4001],[25.6126,54.4218],[25.6199,54.4881],[25.6462,54.5204],[25.7074,54.5415],[25.7404,54.5685],[25.7399,54.6077],[25.7151,54.6432],[25.7095,54.6756],[25.7246,54.7157],[25.7243,54.7801],[25.7785,54.8053],[25.7723,54.8509],[25.7827,54.8697],[25.8467,54.9062],[25.8585,54.933],[25.9079,54.9481],[25.9811,54.9427],[26.1026,54.957],[26.1386,54.9689],[26.1703,54.9933],[26.2246,55.0549],[26.233,55.1116],[26.2644,55.1401],[26.3095,55.1446],[26.4203,55.1281],[26.4734,55.1457],[26.5789,55.1185],[26.6163,55.1354],[26.6339,55.1922],[26.657,55.2153],[26.7011,55.2368],[26.7399,55.2428],[26.7897,55.2572],[26.8007,55.2733],[26.7686,55.3002],[26.6027,55.3169],[26.5423,55.3076],[26.4658,55.3209],[26.4455,55.3375],[26.486,55.3908],[26.5078,55.4391],[26.5433,55.4596],[26.5277,55.4922],[26.5321,55.5163],[26.5956,55.568],[26.6077,55.6165],[26.5945,55.667],[26.6401,55.6956],[26.743,55.6829],[26.8228,55.7061],[26.8428,55.7193],[26.9001,55.7787],[26.9578,55.8186],[26.9794,55.8263],[27.1108,55.8363],[27.1732,55.8257],[27.263,55.7872],[27.2824,55.7919],[27.3496,55.8312],[27.3746,55.8148],[27.4388,55.7987],[27.5646,55.7922],[27.5927,55.7942],[27.6101,55.831],[27.6172,55.8786],[27.645,55.9228],[27.7444,55.9597],[27.7601,55.9754],[27.7812,56.0164],[27.8807,56.0639],[27.9115,56.1002],[27.9397,56.1131],[27.981,56.118],[28.0511,56.1407],[28.0682,56.1476],[28.111,56.1568],[28.1489,56.1424],[28.1691,56.1617],[28.1931,56.231],[28.2153,56.256],[28.2148,56.2814],[28.1744,56.3496],[28.1643,56.3928],[28.1679,56.4271],[28.1565,56.4462],[28.1045,56.4831],[28.0933,56.5016],[28.0992,56.5134],[28.1322,56.536],[28.1087,56.5552],[28.0287,56.5768],[27.9974,56.6038],[27.9922,56.625],[27.9913,56.67],[27.981,56.687],[27.8826,56.7255],[27.8655,56.7427],[27.8761,56.7594],[27.9189,56.8059],[27.9135,56.8202],[27.8308,56.8643],[27.7864,56.8713],[27.7441,56.8648],[27.6612,56.8393],[27.6444,56.8418],[27.6284,56.8442],[27.6487,56.8793],[27.7151,56.9574],[27.7234,56.9988],[27.7458,57.0315],[27.7455,57.068],[27.6961,57.0855],[27.6822,57.1037],[27.701,57.1188],[27.794,57.1434],[27.8243,57.1591],[27.8412,57.2112],[27.8461,57.2673],[27.8403,57.2906],[27.8091,57.3139],[27.708,57.3481],[27.6944,57.3564],[27.6408,57.389],[27.5363,57.4157],[27.5113,57.4304],[27.5256,57.4684],[27.5282,57.5285],[27.3529,57.5276],[27.32,57.5161],[27.1657,57.5467],[27.0854,57.5494],[27.0615,57.5557],[27.0046,57.5989],[26.9466,57.6153],[26.8961,57.615],[26.8727,57.6272],[26.8385,57.6099],[26.7958,57.5713],[26.7781,57.5685],[26.7005,57.5708],[26.667,57.5649],[26.6048,57.5403],[26.5799,57.5178],[26.5422,57.5282],[26.4996,57.5158],[26.4307,57.5618],[26.3513,57.5802],[26.2972,57.5991],[26.2632,57.6208],[26.1685,57.7041],[26.1352,57.7248],[26.0247,57.7744],[26.0131,57.8073],[26.0253,57.8284],[26.0027,57.846],[25.7926,57.856],[25.7675,57.8689],[25.7303,57.9231],[25.7038,57.9213],[25.6661,57.9144],[25.6501,57.9114],[25.6015,57.9122],[25.5794,57.9195],[25.5583,57.9342],[25.5518,57.9499],[25.5417,57.9628],[25.4966,57.9706],[25.4572,57.9841],[25.4197,58.0083],[25.3966,58.0232],[25.3565,58.0348],[25.3337,58.0318],[25.3183,58.0406],[25.2996,58.0656],[25.2635,58.0751],[25.2507,58.0685],[25.2495,58.0512],[25.2776,58.0241],[25.2844,58.0081],[25.2645,57.9942],[25.2325,57.9854],[25.2021,57.992],[25.1807,58.0382],[25.167,58.0587],[25.141,58.068],[25.0942,58.0673],[25.0706,58.0636],[25.0349,58.0486],[24.9748,58.0158],[24.9493,58.0064],[24.8725,58.0004],[24.8274,57.9819],[24.7908,57.979],[24.7335,57.9922],[24.7004,57.9542],[24.6848,57.9476],[24.6241,57.944],[24.5824,57.946],[24.5338,57.9451],[24.4813,57.9193],[24.4291,57.9003],[24.4015,57.8665],[24.3497,57.8586],[24.3062,57.8682],[24.2888,57.8453],[24.2888,57.8089],[24.2996,57.7438],[24.3001,57.7431],[24.2169,57.4086],[24.1857,57.2832],[24.1753,57.2413],[24.1582,57.1724],[24.1541,57.156],[24.1457,57.1221],[24.1422,57.1082],[24.1116,57.0939],[24.0692,57.0741],[24.0357,57.069],[24.0079,57.0454],[23.9586,57.0223],[23.9494,57.0221],[23.9201,57.0213],[23.8908,57.0206],[23.6564,57.0146],[23.5978,57.0132],[23.5685,57.0124],[23.5393,57.0117],[23.5208,57.0256],[23.5086,57.0312],[23.4432,57.0381],[23.2974,57.0859],[23.2927,57.0889],[23.2859,57.091],[23.2325,57.1739],[23.2224,57.207],[23.2011,57.2224],[23.1976,57.228],[23.1824,57.2777],[23.1602,57.3186],[23.138,57.3432],[23.1302,57.3708],[23.1175,57.3739],[23.0833,57.3782],[23.0408,57.3916],[23.0386,57.3931],[22.9093,57.4607],[22.8789,57.4813],[22.7905,57.5228],[22.7445,57.5468],[22.6888,57.5992],[22.6553,57.6306],[22.6213,57.6626],[22.5915,57.6906],[22.6003,57.7438],[22.6104,57.7546],[22.5858,57.7597],[22.5491,57.7506],[22.5302,57.7483],[22.5238,57.7543],[22.5235,57.7542],[22.5234,57.7543],[22.4946,57.7438],[22.4837,57.7425],[22.2098,57.6621],[21.9438,57.5979],[21.8792,57.5901],[21.7717,57.5861],[21.7297,57.5738],[21.6992,57.5553],[21.6251,57.4768],[21.5666,57.4227],[21.5178,57.3876],[21.5115,57.3787],[21.4978,57.3589],[21.4615,57.3253],[21.4495,57.32],[21.4214,57.2887],[21.4126,57.2501],[21.4143,57.1996],[21.2942,57.0455],[21.2871,57.0364],[21.2588,57.0002],[21.2588,57.0001],[21.2305,56.9639],[21.174,56.8914],[21.1567,56.8856],[21.1472,56.8764],[21.0652,56.8463],[21.0527,56.8289],[21.0636,56.7812],[21.033,56.6362],[21.0329,56.6349],[21.0206,56.615],[21.0105,56.5987],[21.0003,56.5577],[20.9922,56.5489],[20.9963,56.5378],[21.0031,56.53],[21.0277,56.5248],[21.0268,56.5063],[21.0243,56.5105],[21.0064,56.52],[21.0005,56.5106],[21.0033,56.4926],[21.0106,56.4757],[21.0055,56.4655],[21.0054,56.4459],[20.9925,56.4179],[20.9706,56.389],[20.971,56.3498],[20.9815,56.3105],[20.9827,56.2908],[20.971,56.2597],[20.9734,56.232],[20.9841,56.2104],[21.0288,56.1474],[21.0377,56.1263],[21.0474,56.0699],[21.0546,56.023],[21.0571,55.9488],[21.0447,55.9177],[21.0447,55.8737],[21.0606,55.7893],[21.0744,55.7449],[21.1213,55.7047],[21.1501,55.6525],[21.2166,55.3893],[21.1834,55.3462],[21.1888,55.3386],[21.2027,55.3462],[21.2022,55.3446],[21.2023,55.3444],[21.2022,55.3442],[21.2278,55.2867],[21.2346,55.2714],[21.2328,55.2449],[21.2301,55.2031],[21.2229,55.2015],[21.2017,55.2144],[21.1813,55.1933],[21.186,55.171],[20.6948,55.0559],[20.7736,55.1145],[20.8237,55.1431],[20.884,55.1981],[20.9131,55.2332],[20.9894,55.2731],[20.9889,55.2913],[21.0379,55.3286],[21.0735,55.3918],[21.1062,55.4212],[21.0872,55.4411],[21.1199,55.4894],[21.1199,55.527],[21.1336,55.5683],[21.1315,55.6556],[21.1174,55.6998],[21.0852,55.7228],[21.0935,55.6955],[21.0907,55.6331],[21.0994,55.613],[21.0966,55.594],[21.087,55.5824],[21.0582,55.4766],[21.015,55.4019],[20.9488,55.336],[20.9403,55.3276],[20.9066,55.2941],[20.8998,55.2873],[20.8458,55.2318],[20.8262,55.2166],[20.6802,55.1033],[20.674,55.0991],[20.5659,55.0257],[20.2632,54.9547],[20.2514,54.9549],[20.2058,54.9584],[20.1844,54.9561],[20.1082,54.9575],[20.1078,54.9575],[20.0939,54.9537],[20.075,54.9544],[20.0337,54.9482],[19.9959,54.9681],[19.9767,54.9646],[19.9408,54.9344],[19.9207,54.8896],[19.9267,54.8758],[19.8882,54.8668],[19.7801,54.657],[19.7291,54.558],[19.7076,54.5163],[19.6519,54.4857],[19.6133,54.4645],[19.6133,54.4588],[19.6095,54.4567],[19.6803,54.4367],[19.7583,54.4343],[19.7205,54.391],[19.6839,54.3814],[19.6192,54.3535],[19.5634,54.3463],[19.4347,54.2971],[19.3652,54.2282],[19.3863,54.2766],[19.2739,54.2816],[19.2497,54.2654],[19.2428,54.2313],[19.2958,54.1465],[19.2688,54.112],[19.2093,54.0721],[19.2301,54.0095],[19.2636,53.9769],[19.3118,53.9601],[19.3632,53.9561],[19.3708,53.95],[19.3892,53.9352],[19.3698,53.8958],[19.4054,53.8855],[19.5044,53.8903],[19.5544,53.8822],[19.5504,53.8493],[19.5201,53.8251],[19.5,53.7873],[19.5,53.88],[18.86,53.88],[18.86,53.6]]]}},
{"type":"Feature","properties":{"entityId":"baltic-tribes","from":1207,"to":1214,"certainty":"estimated","source":"유럽 쪽은 Natural Earth 1:10m admin-1(v5.1.2) 현대 행정구역 조각을 그 시기 국경에 맞춰 묶고, 조각이 역사 경계와 다른 곳은 선을 그어 나눈 근사. 유럽 밖(시베리아·중앙아시아·극동)은 대략적인 추정. 운영자 검수 필요"},"geometry":{"type":"Polygon","coordinates":[[[18.86,53.6],[19.1681,53.6],[19.2759,53.7193],[19.1283,53.5559],[19.2148,53.4552],[19.2396,53.4122],[19.2855,53.3645],[19.4045,53.3429],[19.5115,53.3043],[19.6256,53.2864],[19.6813,53.263],[19.7329,53.1846],[19.7479,53.0931],[19.8112,53.1129],[19.8371,53.1437],[19.8768,53.1511],[19.9248,53.1273],[20.2406,53.098],[20.3158,53.1063],[20.3719,53.1337],[20.3889,53.1675],[20.4198,53.182],[20.4948,53.1861],[20.6346,53.2346],[20.704,53.2759],[20.7756,53.2754],[20.8391,53.2834],[20.9123,53.3086],[21.0079,53.3084],[21.0979,53.3256],[21.1737,53.3796],[21.2626,53.3746],[21.308,53.3788],[21.3488,53.3961],[21.3774,53.4299],[21.402,53.4379],[21.523,53.4435],[21.5957,53.4626],[21.7388,53.4576],[21.8016,53.4708],[21.8626,53.4927],[21.9373,53.4993],[22.1099,53.5699],[22.207,53.6352],[22.4856,53.7379],[22.543,53.7739],[22.5779,53.8322],[22.6185,53.8782],[22.6221,53.9248],[22.516,54.0124],[22.4652,54.0417],[22.4491,54.0992],[22.3481,54.1786],[22.4422,54.257],[22.6653,54.2753],[22.7317,54.3017],[22.7887,54.3366],[22.8113,54.3926],[22.8589,54.3992],[22.9188,54.3811],[22.9733,54.3754],[22.9897,54.3534],[23.0416,54.341],[23.0321,54.3096],[23.0501,54.2948],[23.1171,54.3035],[23.2354,54.2542],[23.316,54.2363],[23.336,54.2263],[23.3823,54.1879],[23.4325,54.1693],[23.4739,54.1126],[23.4962,54.0446],[23.4965,54.022],[23.4593,53.9923],[23.4629,53.9725],[23.4904,53.9506],[23.4856,53.9393],[23.5201,53.934],[23.61,53.9018],[23.6426,53.899],[23.6919,53.9115],[23.7544,53.9168],[23.7872,53.9279],[23.8283,53.9201],[23.9198,53.9478],[23.9813,53.9304],[24.0454,53.9309],[24.1367,53.9554],[24.2011,53.9525],[24.2291,53.9324],[24.2571,53.894],[24.3779,53.8868],[24.414,53.8977],[24.5287,53.9584],[24.5791,53.9756],[24.6779,53.9923],[24.6908,53.9728],[24.7239,53.9634],[24.7887,53.9697],[24.8194,53.9926],[24.8214,54.0199],[24.7825,54.0929],[24.8182,54.1101],[24.8216,54.1345],[24.851,54.145],[24.9023,54.1498],[24.9483,54.1459],[25.0271,54.1279],[25.072,54.1322],[25.1156,54.1488],[25.1565,54.1757],[25.1935,54.2437],[25.2241,54.2586],[25.2876,54.2452],[25.3697,54.2479],[25.394,54.2572],[25.4341,54.2918],[25.4721,54.2972],[25.554,54.2313],[25.5017,54.2218],[25.5217,54.1882],[25.4858,54.1754],[25.4933,54.1575],[25.543,54.137],[25.6535,54.1287],[25.6906,54.1482],[25.74,54.1463],[25.771,54.1721],[25.7719,54.2179],[25.7868,54.2318],[25.7578,54.269],[25.7154,54.2852],[25.696,54.321],[25.6674,54.3233],[25.6074,54.3049],[25.564,54.3031],[25.5287,54.321],[25.53,54.3461],[25.5947,54.4001],[25.6126,54.4218],[25.6199,54.4881],[25.6462,54.5204],[25.7074,54.5415],[25.7404,54.5685],[25.7399,54.6077],[25.7151,54.6432],[25.7095,54.6756],[25.7246,54.7157],[25.7243,54.7801],[25.7785,54.8053],[25.7723,54.8509],[25.7827,54.8697],[25.8467,54.9062],[25.8585,54.933],[25.9079,54.9481],[25.9811,54.9427],[26.1026,54.957],[26.1386,54.9689],[26.1703,54.9933],[26.2246,55.0549],[26.233,55.1116],[26.2644,55.1401],[26.3095,55.1446],[26.4203,55.1281],[26.4734,55.1457],[26.5789,55.1185],[26.6163,55.1354],[26.6339,55.1922],[26.657,55.2153],[26.7011,55.2368],[26.7399,55.2428],[26.7897,55.2572],[26.8007,55.2733],[26.7686,55.3002],[26.6027,55.3169],[26.5423,55.3076],[26.4658,55.3209],[26.4455,55.3375],[26.486,55.3908],[26.5078,55.4391],[26.5433,55.4596],[26.5277,55.4922],[26.5321,55.5163],[26.5956,55.568],[26.6077,55.6165],[26.5945,55.667],[26.6401,55.6956],[26.743,55.6829],[26.8228,55.7061],[26.8428,55.7193],[26.9001,55.7787],[26.9578,55.8186],[26.9794,55.8263],[27.1108,55.8363],[27.1732,55.8257],[27.263,55.7872],[27.2824,55.7919],[27.3496,55.8312],[27.3746,55.8148],[27.4388,55.7987],[27.5646,55.7922],[27.5927,55.7942],[27.6101,55.831],[27.6172,55.8786],[27.645,55.9228],[27.7444,55.9597],[27.7601,55.9754],[27.7812,56.0164],[27.8807,56.0639],[27.9115,56.1002],[27.9397,56.1131],[27.981,56.118],[28.0511,56.1407],[28.0682,56.1476],[28.111,56.1568],[28.1489,56.1424],[28.1691,56.1617],[28.1931,56.231],[28.2153,56.256],[28.2148,56.2814],[28.1744,56.3496],[28.1643,56.3928],[28.1679,56.4271],[28.1565,56.4462],[28.1045,56.4831],[28.0933,56.5016],[28.0992,56.5134],[28.1322,56.536],[28.1087,56.5552],[28.0287,56.5768],[27.9974,56.6038],[27.9922,56.625],[27.9913,56.67],[27.981,56.687],[27.8826,56.7255],[27.8655,56.7427],[27.8761,56.7594],[27.9189,56.8059],[27.9135,56.8202],[27.8308,56.8643],[27.7864,56.8713],[27.7441,56.8648],[27.6612,56.8393],[27.6444,56.8418],[27.6284,56.8442],[27.6487,56.8793],[27.7151,56.9574],[27.7234,56.9988],[27.7458,57.0315],[27.7455,57.068],[27.6961,57.0855],[27.6822,57.1037],[27.701,57.1188],[27.794,57.1434],[27.8243,57.1591],[27.8412,57.2112],[27.8461,57.2673],[27.8403,57.2906],[27.8091,57.3139],[27.708,57.3481],[27.6944,57.3564],[27.6408,57.389],[27.5363,57.4157],[27.5113,57.4304],[27.5256,57.4684],[27.5282,57.5285],[27.3529,57.5276],[27.32,57.5161],[27.1657,57.5467],[27.0854,57.5494],[27.0615,57.5557],[27.0046,57.5989],[26.9466,57.6153],[26.8961,57.615],[26.8727,57.6272],[26.8385,57.6099],[26.7958,57.5713],[26.7781,57.5685],[26.7005,57.5708],[26.667,57.5649],[26.6048,57.5403],[26.5799,57.5178],[26.5422,57.5282],[26.4996,57.5158],[26.4307,57.5618],[26.3513,57.5802],[26.357,57.5707],[26.3412,57.5378],[26.3618,57.5128],[26.3115,57.4993],[26.311,57.4698],[26.326,57.4676],[26.2935,57.4427],[26.3205,57.4238],[26.2991,57.3895],[26.302,57.3748],[26.2775,57.3647],[26.2762,57.331],[26.2803,57.3179],[26.262,57.2819],[26.1303,57.2765],[26.1013,57.2782],[26.0586,57.2653],[26.0586,57.2513],[26.0144,57.2499],[26.0041,57.2438],[26.0134,57.2211],[26.0622,57.2172],[26.0893,57.2099],[26.1025,57.2013],[26.1317,57.172],[26.1682,57.1434],[26.1658,57.1342],[26.1399,57.1085],[26.1168,57.0781],[26.1832,57.0826],[26.2152,57.0891],[26.2717,57.0871],[26.3213,57.0979],[26.3289,57.0719],[26.3694,57.0446],[26.462,57.0613],[26.4973,57.0558],[26.5329,57.0253],[26.5597,56.9789],[26.5682,56.9484],[26.4731,56.8546],[26.5169,56.8249],[26.5122,56.8124],[26.5357,56.8014],[26.5607,56.8092],[26.578,56.8045],[26.6093,56.8186],[26.6202,56.8327],[26.6735,56.8672],[26.6797,56.8844],[26.7126,56.9032],[26.7267,56.8906],[26.8613,56.9],[26.8833,56.8859],[26.8848,56.8734],[26.9099,56.8734],[26.9334,56.8656],[26.9533,56.8467],[26.9285,56.8311],[26.9075,56.818],[26.7829,56.7074],[26.7726,56.681],[26.7439,56.6965],[26.711,56.7075],[26.7079,56.7231],[26.6484,56.7168],[26.6077,56.6902],[26.5764,56.6918],[26.5357,56.6777],[26.3885,56.6777],[26.3756,56.6359],[26.4014,56.6339],[26.4845,56.6061],[26.5225,56.5999],[26.5938,56.5952],[26.5834,56.5635],[26.5959,56.547],[26.6278,56.5437],[26.5952,56.5066],[26.5964,56.4888],[26.5405,56.4897],[26.499,56.4959],[26.458,56.4889],[26.4124,56.4653],[26.3626,56.4508],[26.3531,56.4745],[26.3092,56.5156],[26.2572,56.512],[26.1995,56.473],[26.1912,56.4579],[26.1534,56.4293],[26.0885,56.4064],[26.0553,56.4514],[25.8766,56.4953],[25.8831,56.4757],[25.8452,56.4779],[25.8207,56.4868],[25.8264,56.5272],[25.7869,56.5303],[25.7692,56.5541],[25.7481,56.5664],[25.7561,56.592],[25.7569,56.6123],[25.744,56.6173],[25.6883,56.6008],[25.6467,56.5964],[25.6015,56.5789],[25.5698,56.5767],[25.509,56.5788],[25.4936,56.5891],[25.4955,56.6118],[25.4648,56.6129],[25.4231,56.6273],[25.3984,56.6307],[25.3302,56.5976],[25.2934,56.5911],[25.2354,56.5856],[25.2153,56.5889],[25.1631,56.6129],[25.1386,56.6191],[25.1181,56.6244],[25.0802,56.6215],[25.0495,56.612],[25.0568,56.6013],[25.0422,56.59],[24.95,56.5786],[24.7325,56.5442],[24.6571,56.5436],[24.6713,56.5668],[24.6972,56.5762],[24.6614,56.5883],[24.6568,56.5998],[24.6299,56.6015],[24.5997,56.6207],[24.5897,56.661],[24.6341,56.6769],[24.6009,56.707],[24.5561,56.707],[24.5219,56.7136],[24.4824,56.7047],[24.4434,56.6842],[24.415,56.6743],[24.3837,56.6709],[24.373,56.6663],[24.374,56.6596],[24.3554,56.6616],[24.3359,56.6636],[24.2946,56.6755],[24.2634,56.6904],[24.2578,56.7012],[24.2457,56.7037],[24.2305,56.6994],[24.1959,56.6915],[24.1847,56.6926],[24.1602,56.6701],[24.131,56.6683],[24.0871,56.6821],[24.0339,56.6882],[24.0007,56.6956],[24.0081,56.71],[23.9963,56.7305],[23.9414,56.7286],[23.925,56.7341],[23.9129,56.7454],[23.9009,56.7458],[23.8283,56.7381],[23.8013,56.7295],[23.7839,56.7321],[23.7563,56.7441],[23.7642,56.7683],[23.7597,56.7719],[23.7696,56.8],[23.7341,56.822],[23.7184,56.836],[23.7073,56.8521],[23.6695,56.8749],[23.6262,56.8892],[23.5068,56.8946],[23.492,56.9346],[23.4772,56.9365],[23.4734,56.9435],[23.4998,56.9614],[23.5759,56.9805],[23.5786,56.9821],[23.5851,56.9791],[23.5978,56.9769],[23.5978,57.0132],[23.5685,57.0124],[23.5393,57.0117],[23.5208,57.0256],[23.5086,57.0312],[23.4432,57.0381],[23.2974,57.0859],[23.2927,57.0889],[23.2859,57.091],[23.2325,57.1739],[23.2224,57.207],[23.2011,57.2224],[23.1976,57.228],[23.1824,57.2777],[23.1602,57.3186],[23.138,57.3432],[23.1302,57.3708],[23.1175,57.3739],[23.0833,57.3782],[23.0408,57.3916],[23.0386,57.3931],[22.9093,57.4607],[22.8789,57.4813],[22.7905,57.5228],[22.7445,57.5468],[22.6888,57.5992],[22.6553,57.6306],[22.6213,57.6626],[22.5915,57.6906],[22.6003,57.7438],[22.6104,57.7546],[22.5858,57.7597],[22.5491,57.7506],[22.5302,57.7483],[22.5238,57.7543],[22.5235,57.7542],[22.5234,57.7543],[22.4946,57.7438],[22.4837,57.7425],[22.2098,57.6621],[21.9438,57.5979],[21.8792,57.5901],[21.7717,57.5861],[21.7297,57.5738],[21.6992,57.5553],[21.6251,57.4768],[21.5666,57.4227],[21.5178,57.3876],[21.5115,57.3787],[21.4978,57.3589],[21.4615,57.3253],[21.4495,57.32],[21.4214,57.2887],[21.4126,57.2501],[21.4143,57.1996],[21.2942,57.0455],[21.2871,57.0364],[21.2588,57.0002],[21.2588,57.0001],[21.2305,56.9639],[21.174,56.8914],[21.1567,56.8856],[21.1472,56.8764],[21.0652,56.8463],[21.0527,56.8289],[21.0636,56.7812],[21.033,56.6362],[21.0329,56.6349],[21.0206,56.615],[21.0105,56.5987],[21.0003,56.5577],[20.9922,56.5489],[20.9963,56.5378],[21.0031,56.53],[21.0277,56.5248],[21.0268,56.5063],[21.0243,56.5105],[21.0064,56.52],[21.0005,56.5106],[21.0033,56.4926],[21.0106,56.4757],[21.0055,56.4655],[21.0054,56.4459],[20.9925,56.4179],[20.9706,56.389],[20.971,56.3498],[20.9815,56.3105],[20.9827,56.2908],[20.971,56.2597],[20.9734,56.232],[20.9841,56.2104],[21.0288,56.1474],[21.0377,56.1263],[21.0474,56.0699],[21.0546,56.023],[21.0571,55.9488],[21.0447,55.9177],[21.0447,55.8737],[21.0606,55.7893],[21.0744,55.7449],[21.1213,55.7047],[21.1501,55.6525],[21.2166,55.3893],[21.1834,55.3462],[21.1888,55.3386],[21.2027,55.3462],[21.2022,55.3446],[21.2023,55.3444],[21.2022,55.3442],[21.2278,55.2867],[21.2346,55.2714],[21.2328,55.2449],[21.2301,55.2031],[21.2229,55.2015],[21.2017,55.2144],[21.1813,55.1933],[21.186,55.171],[20.6948,55.0559],[20.7736,55.1145],[20.8237,55.1431],[20.884,55.1981],[20.9131,55.2332],[20.9894,55.2731],[20.9889,55.2913],[21.0379,55.3286],[21.0735,55.3918],[21.1062,55.4212],[21.0872,55.4411],[21.1199,55.4894],[21.1199,55.527],[21.1336,55.5683],[21.1315,55.6556],[21.1174,55.6998],[21.0852,55.7228],[21.0935,55.6955],[21.0907,55.6331],[21.0994,55.613],[21.0966,55.594],[21.087,55.5824],[21.0582,55.4766],[21.015,55.4019],[20.9488,55.336],[20.9403,55.3276],[20.9066,55.2941],[20.8998,55.2873],[20.8458,55.2318],[20.8262,55.2166],[20.6802,55.1033],[20.674,55.0991],[20.5659,55.0257],[20.2632,54.9547],[20.2514,54.9549],[20.2058,54.9584],[20.1844,54.9561],[20.1082,54.9575],[20.1078,54.9575],[20.0939,54.9537],[20.075,54.9544],[20.0337,54.9482],[19.9959,54.9681],[19.9767,54.9646],[19.9408,54.9344],[19.9207,54.8896],[19.9267,54.8758],[19.8882,54.8668],[19.7801,54.657],[19.7291,54.558],[19.7076,54.5163],[19.6519,54.4857],[19.6133,54.4645],[19.6133,54.4588],[19.6095,54.4567],[19.6803,54.4367],[19.7583,54.4343],[19.7205,54.391],[19.6839,54.3814],[19.6192,54.3535],[19.5634,54.3463],[19.4347,54.2971],[19.3652,54.2282],[19.3863,54.2766],[19.2739,54.2816],[19.2497,54.2654],[19.2428,54.2313],[19.2958,54.1465],[19.2688,54.112],[19.2093,54.0721],[19.2301,54.0095],[19.2636,53.9769],[19.3118,53.9601],[19.3632,53.9561],[19.3708,53.95],[19.3892,53.9352],[19.3698,53.8958],[19.4054,53.8855],[19.5044,53.8903],[19.5544,53.8822],[19.5504,53.8493],[19.5201,53.8251],[19.5,53.7873],[19.5,53.88],[18.86,53.88],[18.86,53.6]]]}},
{"type":"Feature","properties":{"entityId":"baltic-tribes","from":1214,"to":1224,"certainty":"estimated","source":"유럽 쪽은 Natural Earth 1:10m admin-1(v5.1.2) 현대 행정구역 조각을 그 시기 국경에 맞춰 묶고, 조각이 역사 경계와 다른 곳은 선을 그어 나눈 근사. 유럽 밖(시베리아·중앙아시아·극동)은 대략적인 추정. 운영자 검수 필요"},"geometry":{"type":"Polygon","coordinates":[[[18.86,53.6],[19.1681,53.6],[19.2759,53.7193],[19.1283,53.5559],[19.2148,53.4552],[19.2396,53.4122],[19.2855,53.3645],[19.4045,53.3429],[19.5115,53.3043],[19.6256,53.2864],[19.6813,53.263],[19.7329,53.1846],[19.7479,53.0931],[19.8112,53.1129],[19.8371,53.1437],[19.8768,53.1511],[19.9248,53.1273],[20.2406,53.098],[20.3158,53.1063],[20.3719,53.1337],[20.3889,53.1675],[20.4198,53.182],[20.4948,53.1861],[20.6346,53.2346],[20.704,53.2759],[20.7756,53.2754],[20.8391,53.2834],[20.9123,53.3086],[21.0079,53.3084],[21.0979,53.3256],[21.1737,53.3796],[21.2626,53.3746],[21.308,53.3788],[21.3488,53.3961],[21.3774,53.4299],[21.402,53.4379],[21.523,53.4435],[21.5957,53.4626],[21.7388,53.4576],[21.8016,53.4708],[21.8626,53.4927],[21.9373,53.4993],[22.1099,53.5699],[22.207,53.6352],[22.4856,53.7379],[22.543,53.7739],[22.5779,53.8322],[22.6185,53.8782],[22.6221,53.9248],[22.516,54.0124],[22.4652,54.0417],[22.4491,54.0992],[22.3481,54.1786],[22.4422,54.257],[22.6653,54.2753],[22.7317,54.3017],[22.7887,54.3366],[22.8113,54.3926],[22.8589,54.3992],[22.9188,54.3811],[22.9733,54.3754],[22.9897,54.3534],[23.0416,54.341],[23.0321,54.3096],[23.0501,54.2948],[23.1171,54.3035],[23.2354,54.2542],[23.316,54.2363],[23.336,54.2263],[23.3823,54.1879],[23.4325,54.1693],[23.4739,54.1126],[23.4962,54.0446],[23.4965,54.022],[23.4593,53.9923],[23.4629,53.9725],[23.4904,53.9506],[23.4856,53.9393],[23.5201,53.934],[23.61,53.9018],[23.6426,53.899],[23.6919,53.9115],[23.7544,53.9168],[23.7872,53.9279],[23.8283,53.9201],[23.9198,53.9478],[23.9813,53.9304],[24.0454,53.9309],[24.1367,53.9554],[24.2011,53.9525],[24.2291,53.9324],[24.2571,53.894],[24.3779,53.8868],[24.414,53.8977],[24.5287,53.9584],[24.5791,53.9756],[24.6779,53.9923],[24.6908,53.9728],[24.7239,53.9634],[24.7887,53.9697],[24.8194,53.9926],[24.8214,54.0199],[24.7825,54.0929],[24.8182,54.1101],[24.8216,54.1345],[24.851,54.145],[24.9023,54.1498],[24.9483,54.1459],[25.0271,54.1279],[25.072,54.1322],[25.1156,54.1488],[25.1565,54.1757],[25.1935,54.2437],[25.2241,54.2586],[25.2876,54.2452],[25.3697,54.2479],[25.394,54.2572],[25.4341,54.2918],[25.4721,54.2972],[25.554,54.2313],[25.5017,54.2218],[25.5217,54.1882],[25.4858,54.1754],[25.4933,54.1575],[25.543,54.137],[25.6535,54.1287],[25.6906,54.1482],[25.74,54.1463],[25.771,54.1721],[25.7719,54.2179],[25.7868,54.2318],[25.7578,54.269],[25.7154,54.2852],[25.696,54.321],[25.6674,54.3233],[25.6074,54.3049],[25.564,54.3031],[25.5287,54.321],[25.53,54.3461],[25.5947,54.4001],[25.6126,54.4218],[25.6199,54.4881],[25.6462,54.5204],[25.7074,54.5415],[25.7404,54.5685],[25.7399,54.6077],[25.7151,54.6432],[25.7095,54.6756],[25.7246,54.7157],[25.7243,54.7801],[25.7785,54.8053],[25.7723,54.8509],[25.7827,54.8697],[25.8467,54.9062],[25.8585,54.933],[25.9079,54.9481],[25.9811,54.9427],[26.1026,54.957],[26.1386,54.9689],[26.1703,54.9933],[26.2246,55.0549],[26.233,55.1116],[26.2644,55.1401],[26.3095,55.1446],[26.4203,55.1281],[26.4734,55.1457],[26.5789,55.1185],[26.6163,55.1354],[26.6339,55.1922],[26.657,55.2153],[26.7011,55.2368],[26.7399,55.2428],[26.7897,55.2572],[26.8007,55.2733],[26.7686,55.3002],[26.6027,55.3169],[26.5423,55.3076],[26.4658,55.3209],[26.4455,55.3375],[26.486,55.3908],[26.5078,55.4391],[26.5433,55.4596],[26.5277,55.4922],[26.5321,55.5163],[26.5956,55.568],[26.6077,55.6165],[26.5945,55.667],[26.6401,55.6956],[26.743,55.6829],[26.8228,55.7061],[26.8428,55.7193],[26.9001,55.7787],[26.9578,55.8186],[26.9794,55.8263],[27.1108,55.8363],[27.1732,55.8257],[27.263,55.7872],[27.2824,55.7919],[27.3496,55.8312],[27.3746,55.8148],[27.4388,55.7987],[27.5646,55.7922],[27.5927,55.7942],[27.6101,55.831],[27.6172,55.8786],[27.645,55.9228],[27.7444,55.9597],[27.7601,55.9754],[27.7812,56.0164],[27.8807,56.0639],[27.9115,56.1002],[27.9397,56.1131],[27.981,56.118],[28.0511,56.1407],[28.0682,56.1476],[28.111,56.1568],[28.1489,56.1424],[28.1691,56.1617],[28.1931,56.231],[28.2153,56.256],[28.2148,56.2814],[28.1744,56.3496],[28.1643,56.3928],[28.1679,56.4271],[28.1565,56.4462],[28.1045,56.4831],[28.0933,56.5016],[28.0992,56.5134],[28.1322,56.536],[28.1087,56.5552],[28.0287,56.5768],[27.9974,56.6038],[27.9922,56.625],[27.9913,56.67],[27.981,56.687],[27.8826,56.7255],[27.8655,56.7427],[27.8761,56.7594],[27.9189,56.8059],[27.9135,56.8202],[27.8308,56.8643],[27.7864,56.8713],[27.7441,56.8648],[27.6612,56.8393],[27.6444,56.8418],[27.6284,56.8442],[27.6487,56.8793],[27.7151,56.9574],[27.7234,56.9988],[27.7458,57.0315],[27.7455,57.068],[27.6961,57.0855],[27.6822,57.1037],[27.701,57.1188],[27.794,57.1434],[27.8243,57.1591],[27.8412,57.2112],[27.8461,57.2673],[27.8403,57.2906],[27.8091,57.3139],[27.708,57.3481],[27.6944,57.3564],[27.6408,57.389],[27.5363,57.4157],[27.5113,57.4304],[27.5256,57.4684],[27.5282,57.5285],[27.3529,57.5276],[27.32,57.5161],[27.1657,57.5467],[27.0854,57.5494],[27.0615,57.5557],[27.0046,57.5989],[26.9466,57.6153],[26.8961,57.615],[26.8727,57.6272],[26.8385,57.6099],[26.7958,57.5713],[26.7781,57.5685],[26.7005,57.5708],[26.667,57.5649],[26.6048,57.5403],[26.5799,57.5178],[26.5422,57.5282],[26.4996,57.5158],[26.4307,57.5618],[26.3513,57.5802],[26.357,57.5707],[26.3412,57.5378],[26.3618,57.5128],[26.3115,57.4993],[26.311,57.4698],[26.326,57.4676],[26.2935,57.4427],[26.3205,57.4238],[26.2991,57.3895],[26.302,57.3748],[26.2775,57.3647],[26.2762,57.331],[26.2803,57.3179],[26.262,57.2819],[26.1303,57.2765],[26.1013,57.2782],[26.0586,57.2653],[26.0586,57.2513],[26.0144,57.2499],[26.0041,57.2438],[26.0134,57.2211],[26.0622,57.2172],[26.0893,57.2099],[26.1025,57.2013],[26.1317,57.172],[26.1682,57.1434],[26.1658,57.1342],[26.1399,57.1085],[26.1168,57.0781],[26.1832,57.0826],[26.2152,57.0891],[26.2717,57.0871],[26.3213,57.0979],[26.3289,57.0719],[26.3694,57.0446],[26.462,57.0613],[26.4973,57.0558],[26.5329,57.0253],[26.5597,56.9789],[26.5682,56.9484],[26.4731,56.8546],[26.5169,56.8249],[26.5122,56.8124],[26.5357,56.8014],[26.5607,56.8092],[26.578,56.8045],[26.6093,56.8186],[26.6202,56.8327],[26.6735,56.8672],[26.6797,56.8844],[26.7126,56.9032],[26.7267,56.8906],[26.8613,56.9],[26.8833,56.8859],[26.8848,56.8734],[26.9099,56.8734],[26.9334,56.8656],[26.9533,56.8467],[26.9285,56.8311],[26.9075,56.818],[26.7829,56.7074],[26.7726,56.681],[26.7439,56.6965],[26.711,56.7075],[26.7079,56.7231],[26.6484,56.7168],[26.6077,56.6902],[26.5764,56.6918],[26.5357,56.6777],[26.3885,56.6777],[26.3756,56.6359],[26.4014,56.6339],[26.4845,56.6061],[26.5225,56.5999],[26.5938,56.5952],[26.5834,56.5635],[26.5959,56.547],[26.6278,56.5437],[26.7064,56.5461],[26.7223,56.5431],[26.7437,56.5588],[26.7711,56.5561],[26.8157,56.54],[26.8261,56.5242],[26.7755,56.512],[26.8009,56.5072],[26.8076,56.4985],[26.8473,56.4955],[26.8659,56.4858],[26.9023,56.4792],[26.9527,56.4769],[26.9584,56.4611],[26.9331,56.4549],[26.9254,56.4476],[26.8976,56.4113],[26.9518,56.3726],[26.9911,56.3315],[26.9443,56.3129],[26.9598,56.284],[26.9862,56.2632],[27.0016,56.2306],[27.0289,56.2154],[27.038,56.1801],[26.9996,56.1706],[26.9682,56.1689],[26.9318,56.1573],[26.9202,56.1457],[26.9368,56.1358],[26.9285,56.1242],[26.8885,56.1289],[26.8476,56.124],[26.8368,56.1294],[26.8073,56.1273],[26.7747,56.1151],[26.7185,56.1113],[26.6873,56.1255],[26.6479,56.1353],[26.6248,56.1211],[26.6096,56.1322],[26.5566,56.1566],[26.5408,56.1339],[26.5075,56.1323],[26.4845,56.1678],[26.4554,56.1804],[26.4166,56.1835],[26.3809,56.1969],[26.3354,56.1897],[26.3008,56.1833],[26.3283,56.1627],[26.3407,56.1342],[26.3453,56.0935],[26.357,56.0554],[26.3696,56.0438],[26.3655,56.0217],[26.393,55.9777],[26.3726,55.9538],[26.3378,55.9654],[26.2915,55.9406],[26.2865,55.924],[26.3196,55.9075],[26.2766,55.881],[26.3362,55.8397],[26.3494,55.8099],[26.2584,55.8049],[26.2269,55.7969],[26.1786,55.8496],[26.0794,55.8981],[26.0176,55.9374],[25.9613,55.9585],[25.8713,55.9921],[25.7955,56.0401],[25.7663,56.0586],[25.7088,56.081],[25.6878,56.0983],[25.6619,56.1408],[25.6497,56.1438],[25.59,56.1411],[25.5228,56.1566],[25.4548,56.1496],[25.3491,56.1599],[25.1092,56.1831],[25.0731,56.1978],[25.044,56.228],[25.0262,56.2602],[24.9832,56.2905],[24.9621,56.3193],[24.9363,56.3799],[24.9101,56.422],[24.8923,56.4387],[24.871,56.4426],[24.9009,56.4599],[24.9205,56.4867],[25.0135,56.4957],[24.9956,56.5511],[24.9563,56.5511],[24.95,56.5786],[24.7325,56.5442],[24.6571,56.5436],[24.6713,56.5668],[24.6972,56.5762],[24.6614,56.5883],[24.6568,56.5998],[24.6299,56.6015],[24.5997,56.6207],[24.5897,56.661],[24.6341,56.6769],[24.6009,56.707],[24.5561,56.707],[24.5219,56.7136],[24.4824,56.7047],[24.4434,56.6842],[24.415,56.6743],[24.3837,56.6709],[24.373,56.6663],[24.374,56.6596],[24.3554,56.6616],[24.3359,56.6636],[24.2946,56.6755],[24.2634,56.6904],[24.2578,56.7012],[24.2457,56.7037],[24.2305,56.6994],[24.1959,56.6915],[24.1847,56.6926],[24.1602,56.6701],[24.131,56.6683],[24.0871,56.6821],[24.0339,56.6882],[24.0007,56.6956],[24.0081,56.71],[23.9963,56.7305],[23.9414,56.7286],[23.925,56.7341],[23.9129,56.7454],[23.9009,56.7458],[23.8283,56.7381],[23.8013,56.7295],[23.7839,56.7321],[23.7563,56.7441],[23.7642,56.7683],[23.7597,56.7719],[23.7696,56.8],[23.7341,56.822],[23.7184,56.836],[23.7073,56.8521],[23.6695,56.8749],[23.6262,56.8892],[23.5068,56.8946],[23.492,56.9346],[23.4772,56.9365],[23.4734,56.9435],[23.4998,56.9614],[23.5759,56.9805],[23.5786,56.9821],[23.5851,56.9791],[23.5978,56.9769],[23.5978,57.0132],[23.5685,57.0124],[23.5393,57.0117],[23.5208,57.0256],[23.5086,57.0312],[23.4432,57.0381],[23.2974,57.0859],[23.2927,57.0889],[23.2859,57.091],[23.2325,57.1739],[23.2224,57.207],[23.2011,57.2224],[23.1976,57.228],[23.1824,57.2777],[23.1602,57.3186],[23.138,57.3432],[23.1302,57.3708],[23.1175,57.3739],[23.0833,57.3782],[23.0408,57.3916],[23.0386,57.3931],[22.9093,57.4607],[22.8789,57.4813],[22.7905,57.5228],[22.7445,57.5468],[22.6888,57.5992],[22.6553,57.6306],[22.6213,57.6626],[22.5915,57.6906],[22.6003,57.7438],[22.6104,57.7546],[22.5858,57.7597],[22.5491,57.7506],[22.5302,57.7483],[22.5238,57.7543],[22.5235,57.7542],[22.5234,57.7543],[22.4946,57.7438],[22.4837,57.7425],[22.2098,57.6621],[21.9438,57.5979],[21.8792,57.5901],[21.7717,57.5861],[21.7297,57.5738],[21.6992,57.5553],[21.6251,57.4768],[21.5666,57.4227],[21.5178,57.3876],[21.5115,57.3787],[21.4978,57.3589],[21.4615,57.3253],[21.4495,57.32],[21.4214,57.2887],[21.4126,57.2501],[21.4143,57.1996],[21.2942,57.0455],[21.2871,57.0364],[21.2588,57.0002],[21.2588,57.0001],[21.2305,56.9639],[21.174,56.8914],[21.1567,56.8856],[21.1472,56.8764],[21.0652,56.8463],[21.0527,56.8289],[21.0636,56.7812],[21.033,56.6362],[21.0329,56.6349],[21.0206,56.615],[21.0105,56.5987],[21.0003,56.5577],[20.9922,56.5489],[20.9963,56.5378],[21.0031,56.53],[21.0277,56.5248],[21.0268,56.5063],[21.0243,56.5105],[21.0064,56.52],[21.0005,56.5106],[21.0033,56.4926],[21.0106,56.4757],[21.0055,56.4655],[21.0054,56.4459],[20.9925,56.4179],[20.9706,56.389],[20.971,56.3498],[20.9815,56.3105],[20.9827,56.2908],[20.971,56.2597],[20.9734,56.232],[20.9841,56.2104],[21.0288,56.1474],[21.0377,56.1263],[21.0474,56.0699],[21.0546,56.023],[21.0571,55.9488],[21.0447,55.9177],[21.0447,55.8737],[21.0606,55.7893],[21.0744,55.7449],[21.1213,55.7047],[21.1501,55.6525],[21.2166,55.3893],[21.1834,55.3462],[21.1888,55.3386],[21.2027,55.3462],[21.2022,55.3446],[21.2023,55.3444],[21.2022,55.3442],[21.2278,55.2867],[21.2346,55.2714],[21.2328,55.2449],[21.2301,55.2031],[21.2229,55.2015],[21.2017,55.2144],[21.1813,55.1933],[21.186,55.171],[20.6948,55.0559],[20.7736,55.1145],[20.8237,55.1431],[20.884,55.1981],[20.9131,55.2332],[20.9894,55.2731],[20.9889,55.2913],[21.0379,55.3286],[21.0735,55.3918],[21.1062,55.4212],[21.0872,55.4411],[21.1199,55.4894],[21.1199,55.527],[21.1336,55.5683],[21.1315,55.6556],[21.1174,55.6998],[21.0852,55.7228],[21.0935,55.6955],[21.0907,55.6331],[21.0994,55.613],[21.0966,55.594],[21.087,55.5824],[21.0582,55.4766],[21.015,55.4019],[20.9488,55.336],[20.9403,55.3276],[20.9066,55.2941],[20.8998,55.2873],[20.8458,55.2318],[20.8262,55.2166],[20.6802,55.1033],[20.674,55.0991],[20.5659,55.0257],[20.2632,54.9547],[20.2514,54.9549],[20.2058,54.9584],[20.1844,54.9561],[20.1082,54.9575],[20.1078,54.9575],[20.0939,54.9537],[20.075,54.9544],[20.0337,54.9482],[19.9959,54.9681],[19.9767,54.9646],[19.9408,54.9344],[19.9207,54.8896],[19.9267,54.8758],[19.8882,54.8668],[19.7801,54.657],[19.7291,54.558],[19.7076,54.5163],[19.6519,54.4857],[19.6133,54.4645],[19.6133,54.4588],[19.6095,54.4567],[19.6803,54.4367],[19.7583,54.4343],[19.7205,54.391],[19.6839,54.3814],[19.6192,54.3535],[19.5634,54.3463],[19.4347,54.2971],[19.3652,54.2282],[19.3863,54.2766],[19.2739,54.2816],[19.2497,54.2654],[19.2428,54.2313],[19.2958,54.1465],[19.2688,54.112],[19.2093,54.0721],[19.2301,54.0095],[19.2636,53.9769],[19.3118,53.9601],[19.3632,53.9561],[19.3708,53.95],[19.3892,53.9352],[19.3698,53.8958],[19.4054,53.8855],[19.5044,53.8903],[19.5544,53.8822],[19.5504,53.8493],[19.5201,53.8251],[19.5,53.7873],[19.5,53.88],[18.86,53.88],[18.86,53.6]]]}},
{"type":"Feature","properties":{"entityId":"baltic-tribes","from":1224,"to":1236,"certainty":"estimated","source":"유럽 쪽은 Natural Earth 1:10m admin-1(v5.1.2) 현대 행정구역 조각을 그 시기 국경에 맞춰 묶고, 조각이 역사 경계와 다른 곳은 선을 그어 나눈 근사. 유럽 밖(시베리아·중앙아시아·극동)은 대략적인 추정. 운영자 검수 필요"},"geometry":{"type":"Polygon","coordinates":[[[18.86,53.6],[19.1681,53.6],[19.2759,53.7193],[19.1283,53.5559],[19.2148,53.4552],[19.2396,53.4122],[19.2855,53.3645],[19.4045,53.3429],[19.5115,53.3043],[19.6256,53.2864],[19.6813,53.263],[19.7329,53.1846],[19.7479,53.0931],[19.8112,53.1129],[19.8371,53.1437],[19.8768,53.1511],[19.9248,53.1273],[20.2406,53.098],[20.3158,53.1063],[20.3719,53.1337],[20.3889,53.1675],[20.4198,53.182],[20.4948,53.1861],[20.6346,53.2346],[20.704,53.2759],[20.7756,53.2754],[20.8391,53.2834],[20.9123,53.3086],[21.0079,53.3084],[21.0979,53.3256],[21.1737,53.3796],[21.2626,53.3746],[21.308,53.3788],[21.3488,53.3961],[21.3774,53.4299],[21.402,53.4379],[21.523,53.4435],[21.5957,53.4626],[21.7388,53.4576],[21.8016,53.4708],[21.8626,53.4927],[21.9373,53.4993],[22.1099,53.5699],[22.207,53.6352],[22.4856,53.7379],[22.543,53.7739],[22.5779,53.8322],[22.6185,53.8782],[22.6221,53.9248],[22.516,54.0124],[22.4652,54.0417],[22.4491,54.0992],[22.3481,54.1786],[22.4422,54.257],[22.6653,54.2753],[22.7317,54.3017],[22.7887,54.3366],[22.8113,54.3926],[22.8589,54.3992],[22.9188,54.3811],[22.9733,54.3754],[22.9897,54.3534],[23.0416,54.341],[23.0321,54.3096],[23.0501,54.2948],[23.1171,54.3035],[23.2354,54.2542],[23.316,54.2363],[23.336,54.2263],[23.3823,54.1879],[23.4325,54.1693],[23.4739,54.1126],[23.4962,54.0446],[23.4965,54.022],[23.4593,53.9923],[23.4629,53.9725],[23.4904,53.9506],[23.4856,53.9393],[23.5201,53.934],[23.61,53.9018],[23.6426,53.899],[23.6919,53.9115],[23.7544,53.9168],[23.7872,53.9279],[23.8283,53.9201],[23.9198,53.9478],[23.9813,53.9304],[24.0454,53.9309],[24.1367,53.9554],[24.2011,53.9525],[24.2291,53.9324],[24.2571,53.894],[24.3779,53.8868],[24.414,53.8977],[24.5287,53.9584],[24.5791,53.9756],[24.6779,53.9923],[24.6908,53.9728],[24.7239,53.9634],[24.7887,53.9697],[24.8194,53.9926],[24.8214,54.0199],[24.7825,54.0929],[24.8182,54.1101],[24.8216,54.1345],[24.851,54.145],[24.9023,54.1498],[24.9483,54.1459],[25.0271,54.1279],[25.072,54.1322],[25.1156,54.1488],[25.1565,54.1757],[25.1935,54.2437],[25.2241,54.2586],[25.2876,54.2452],[25.3697,54.2479],[25.394,54.2572],[25.4341,54.2918],[25.4721,54.2972],[25.554,54.2313],[25.5017,54.2218],[25.5217,54.1882],[25.4858,54.1754],[25.4933,54.1575],[25.543,54.137],[25.6535,54.1287],[25.6906,54.1482],[25.74,54.1463],[25.771,54.1721],[25.7719,54.2179],[25.7868,54.2318],[25.7578,54.269],[25.7154,54.2852],[25.696,54.321],[25.6674,54.3233],[25.6074,54.3049],[25.564,54.3031],[25.5287,54.321],[25.53,54.3461],[25.5947,54.4001],[25.6126,54.4218],[25.6199,54.4881],[25.6462,54.5204],[25.7074,54.5415],[25.7404,54.5685],[25.7399,54.6077],[25.7151,54.6432],[25.7095,54.6756],[25.7246,54.7157],[25.7243,54.7801],[25.7785,54.8053],[25.7723,54.8509],[25.7827,54.8697],[25.8467,54.9062],[25.8585,54.933],[25.9079,54.9481],[25.9811,54.9427],[26.1026,54.957],[26.1386,54.9689],[26.1703,54.9933],[26.2246,55.0549],[26.233,55.1116],[26.2644,55.1401],[26.3095,55.1446],[26.4203,55.1281],[26.4734,55.1457],[26.5789,55.1185],[26.6163,55.1354],[26.6339,55.1922],[26.657,55.2153],[26.7011,55.2368],[26.7399,55.2428],[26.7897,55.2572],[26.8007,55.2733],[26.7686,55.3002],[26.6027,55.3169],[26.5423,55.3076],[26.4658,55.3209],[26.4455,55.3375],[26.486,55.3908],[26.5078,55.4391],[26.5433,55.4596],[26.5277,55.4922],[26.5321,55.5163],[26.5956,55.568],[26.6077,55.6165],[26.5945,55.667],[26.6401,55.6956],[26.743,55.6829],[26.8228,55.7061],[26.8428,55.7193],[26.9001,55.7787],[26.9578,55.8186],[26.9794,55.8263],[27.1108,55.8363],[27.1732,55.8257],[27.263,55.7872],[27.2824,55.7919],[27.3496,55.8312],[27.3746,55.8148],[27.4388,55.7987],[27.5646,55.7922],[27.5927,55.7942],[27.6101,55.831],[27.6172,55.8786],[27.645,55.9228],[27.7444,55.9597],[27.7601,55.9754],[27.7812,56.0164],[27.8807,56.0639],[27.9115,56.1002],[27.9397,56.1131],[27.981,56.118],[28.0511,56.1407],[28.0682,56.1476],[28.111,56.1568],[28.1489,56.1424],[28.1691,56.1617],[28.1931,56.231],[28.2153,56.256],[28.2148,56.2814],[28.1744,56.3496],[28.1643,56.3928],[28.1679,56.4271],[28.1565,56.4462],[28.1045,56.4831],[28.0933,56.5016],[28.0992,56.5134],[28.1322,56.536],[28.1087,56.5552],[28.0287,56.5768],[27.9974,56.6038],[27.9922,56.625],[27.9913,56.67],[27.981,56.687],[27.8826,56.7255],[27.8655,56.7427],[27.8761,56.7594],[27.9189,56.8059],[27.9135,56.8202],[27.8308,56.8643],[27.7864,56.8713],[27.7441,56.8648],[27.6612,56.8393],[27.6444,56.8418],[27.6284,56.8442],[27.6487,56.8793],[27.7151,56.9574],[27.7234,56.9988],[27.7458,57.0315],[27.7455,57.068],[27.6961,57.0855],[27.6822,57.1037],[27.701,57.1188],[27.794,57.1434],[27.8243,57.1591],[27.8412,57.2112],[27.8461,57.2673],[27.8403,57.2906],[27.8091,57.3139],[27.708,57.3481],[27.6944,57.3564],[27.6885,57.3326],[27.6723,57.3202],[27.6002,57.2978],[27.5556,57.2589],[27.5189,57.2593],[27.4871,57.2739],[27.4063,57.2631],[27.3549,57.2848],[27.326,57.2774],[27.2759,57.2467],[27.2481,57.249],[27.2205,57.2344],[27.1566,57.2264],[27.1302,57.1996],[27.0081,57.1145],[26.9791,57.0956],[26.9532,57.0648],[26.9296,57.0498],[26.8605,57.018],[26.8712,57.0026],[26.86,56.983],[26.8698,56.9763],[26.9026,56.978],[26.9171,56.9693],[26.9114,56.9393],[26.9539,56.9207],[26.9625,56.9133],[26.9712,56.8909],[26.9851,56.8782],[26.9808,56.8656],[26.9533,56.8467],[26.9285,56.8311],[26.9075,56.818],[26.7829,56.7074],[26.7726,56.681],[26.7439,56.6965],[26.711,56.7075],[26.7079,56.7231],[26.6484,56.7168],[26.6077,56.6902],[26.5764,56.6918],[26.5357,56.6777],[26.3885,56.6777],[26.3756,56.6359],[26.4014,56.6339],[26.4845,56.6061],[26.5225,56.5999],[26.5938,56.5952],[26.5834,56.5635],[26.5959,56.547],[26.6278,56.5437],[26.7064,56.5461],[26.7223,56.5431],[26.7437,56.5588],[26.7711,56.5561],[26.8157,56.54],[26.8261,56.5242],[26.7755,56.512],[26.8009,56.5072],[26.8076,56.4985],[26.8473,56.4955],[26.8659,56.4858],[26.9023,56.4792],[26.9527,56.4769],[26.9584,56.4611],[26.9331,56.4549],[26.9254,56.4476],[26.8976,56.4113],[26.9518,56.3726],[26.9911,56.3315],[26.9443,56.3129],[26.9598,56.284],[26.9862,56.2632],[27.0016,56.2306],[27.0289,56.2154],[27.038,56.1801],[26.9996,56.1706],[26.9682,56.1689],[26.9318,56.1573],[26.9202,56.1457],[26.9368,56.1358],[26.9285,56.1242],[26.8885,56.1289],[26.8476,56.124],[26.8368,56.1294],[26.8073,56.1273],[26.7747,56.1151],[26.7185,56.1113],[26.6873,56.1255],[26.6479,56.1353],[26.6248,56.1211],[26.6096,56.1322],[26.5566,56.1566],[26.5408,56.1339],[26.5075,56.1323],[26.4845,56.1678],[26.4554,56.1804],[26.4166,56.1835],[26.3809,56.1969],[26.3354,56.1897],[26.3008,56.1833],[26.3283,56.1627],[26.3407,56.1342],[26.3453,56.0935],[26.357,56.0554],[26.3696,56.0438],[26.3655,56.0217],[26.393,55.9777],[26.3726,55.9538],[26.3378,55.9654],[26.2915,55.9406],[26.2865,55.924],[26.3196,55.9075],[26.2766,55.881],[26.3362,55.8397],[26.3494,55.8099],[26.2584,55.8049],[26.2269,55.7969],[26.1786,55.8496],[26.0794,55.8981],[26.0176,55.9374],[25.9613,55.9585],[25.8713,55.9921],[25.7955,56.0401],[25.7663,56.0586],[25.7088,56.081],[25.6878,56.0983],[25.6619,56.1408],[25.6497,56.1438],[25.59,56.1411],[25.5228,56.1566],[25.4548,56.1496],[25.3491,56.1599],[25.1092,56.1831],[25.0731,56.1978],[25.044,56.228],[25.0262,56.2602],[24.9832,56.2905],[24.9621,56.3193],[24.9363,56.3799],[24.9101,56.422],[24.8923,56.4387],[24.871,56.4426],[24.9009,56.4599],[24.9205,56.4867],[25.0135,56.4957],[24.9956,56.5511],[24.9563,56.5511],[24.95,56.5786],[24.7325,56.5442],[24.6571,56.5436],[24.6713,56.5668],[24.6972,56.5762],[24.6614,56.5883],[24.6568,56.5998],[24.6299,56.6015],[24.5997,56.6207],[24.5897,56.661],[24.6341,56.6769],[24.6009,56.707],[24.5561,56.707],[24.5219,56.7136],[24.4824,56.7047],[24.4434,56.6842],[24.415,56.6743],[24.3837,56.6709],[24.373,56.6663],[24.374,56.6596],[24.3554,56.6616],[24.3359,56.6636],[24.2946,56.6755],[24.2634,56.6904],[24.2578,56.7012],[24.2457,56.7037],[24.2305,56.6994],[24.1959,56.6915],[24.1847,56.6926],[24.1602,56.6701],[24.131,56.6683],[24.0871,56.6821],[24.0339,56.6882],[24.0007,56.6956],[24.0081,56.71],[23.9963,56.7305],[23.9414,56.7286],[23.925,56.7341],[23.9129,56.7454],[23.9009,56.7458],[23.8283,56.7381],[23.8013,56.7295],[23.7839,56.7321],[23.7563,56.7441],[23.7642,56.7683],[23.7597,56.7719],[23.7696,56.8],[23.7341,56.822],[23.7184,56.836],[23.7073,56.8521],[23.6695,56.8749],[23.6262,56.8892],[23.5068,56.8946],[23.492,56.9346],[23.4772,56.9365],[23.4734,56.9435],[23.4998,56.9614],[23.5759,56.9805],[23.5786,56.9821],[23.5851,56.9791],[23.5978,56.9769],[23.5978,57.0132],[23.5685,57.0124],[23.5393,57.0117],[23.5208,57.0256],[23.5086,57.0312],[23.4432,57.0381],[23.2974,57.0859],[23.2927,57.0889],[23.2859,57.091],[23.2325,57.1739],[23.2224,57.207],[23.2011,57.2224],[23.1976,57.228],[23.1824,57.2777],[23.1602,57.3186],[23.138,57.3432],[23.1302,57.3708],[23.1175,57.3739],[23.0833,57.3782],[23.0408,57.3916],[23.0386,57.3931],[22.9093,57.4607],[22.8789,57.4813],[22.7905,57.5228],[22.7445,57.5468],[22.6888,57.5992],[22.6553,57.6306],[22.6213,57.6626],[22.5915,57.6906],[22.6003,57.7438],[22.6104,57.7546],[22.5858,57.7597],[22.5491,57.7506],[22.5302,57.7483],[22.5238,57.7543],[22.5235,57.7542],[22.5234,57.7543],[22.4946,57.7438],[22.4837,57.7425],[22.2098,57.6621],[21.9438,57.5979],[21.8792,57.5901],[21.7717,57.5861],[21.7297,57.5738],[21.6992,57.5553],[21.6251,57.4768],[21.5666,57.4227],[21.5178,57.3876],[21.5115,57.3787],[21.4978,57.3589],[21.4615,57.3253],[21.4495,57.32],[21.4214,57.2887],[21.4126,57.2501],[21.4143,57.1996],[21.2942,57.0455],[21.2871,57.0364],[21.2588,57.0002],[21.2588,57.0001],[21.2305,56.9639],[21.174,56.8914],[21.1567,56.8856],[21.1472,56.8764],[21.0652,56.8463],[21.0527,56.8289],[21.0636,56.7812],[21.033,56.6362],[21.0329,56.6349],[21.0206,56.615],[21.0105,56.5987],[21.0003,56.5577],[20.9922,56.5489],[20.9963,56.5378],[21.0031,56.53],[21.0277,56.5248],[21.0268,56.5063],[21.0243,56.5105],[21.0064,56.52],[21.0005,56.5106],[21.0033,56.4926],[21.0106,56.4757],[21.0055,56.4655],[21.0054,56.4459],[20.9925,56.4179],[20.9706,56.389],[20.971,56.3498],[20.9815,56.3105],[20.9827,56.2908],[20.971,56.2597],[20.9734,56.232],[20.9841,56.2104],[21.0288,56.1474],[21.0377,56.1263],[21.0474,56.0699],[21.0546,56.023],[21.0571,55.9488],[21.0447,55.9177],[21.0447,55.8737],[21.0606,55.7893],[21.0744,55.7449],[21.1213,55.7047],[21.1501,55.6525],[21.2166,55.3893],[21.1834,55.3462],[21.1888,55.3386],[21.2027,55.3462],[21.2022,55.3446],[21.2023,55.3444],[21.2022,55.3442],[21.2278,55.2867],[21.2346,55.2714],[21.2328,55.2449],[21.2301,55.2031],[21.2229,55.2015],[21.2017,55.2144],[21.1813,55.1933],[21.186,55.171],[20.6948,55.0559],[20.7736,55.1145],[20.8237,55.1431],[20.884,55.1981],[20.9131,55.2332],[20.9894,55.2731],[20.9889,55.2913],[21.0379,55.3286],[21.0735,55.3918],[21.1062,55.4212],[21.0872,55.4411],[21.1199,55.4894],[21.1199,55.527],[21.1336,55.5683],[21.1315,55.6556],[21.1174,55.6998],[21.0852,55.7228],[21.0935,55.6955],[21.0907,55.6331],[21.0994,55.613],[21.0966,55.594],[21.087,55.5824],[21.0582,55.4766],[21.015,55.4019],[20.9488,55.336],[20.9403,55.3276],[20.9066,55.2941],[20.8998,55.2873],[20.8458,55.2318],[20.8262,55.2166],[20.6802,55.1033],[20.674,55.0991],[20.5659,55.0257],[20.2632,54.9547],[20.2514,54.9549],[20.2058,54.9584],[20.1844,54.9561],[20.1082,54.9575],[20.1078,54.9575],[20.0939,54.9537],[20.075,54.9544],[20.0337,54.9482],[19.9959,54.9681],[19.9767,54.9646],[19.9408,54.9344],[19.9207,54.8896],[19.9267,54.8758],[19.8882,54.8668],[19.7801,54.657],[19.7291,54.558],[19.7076,54.5163],[19.6519,54.4857],[19.6133,54.4645],[19.6133,54.4588],[19.6095,54.4567],[19.6803,54.4367],[19.7583,54.4343],[19.7205,54.391],[19.6839,54.3814],[19.6192,54.3535],[19.5634,54.3463],[19.4347,54.2971],[19.3652,54.2282],[19.3863,54.2766],[19.2739,54.2816],[19.2497,54.2654],[19.2428,54.2313],[19.2958,54.1465],[19.2688,54.112],[19.2093,54.0721],[19.2301,54.0095],[19.2636,53.9769],[19.3118,53.9601],[19.3632,53.9561],[19.3708,53.95],[19.3892,53.9352],[19.3698,53.8958],[19.4054,53.8855],[19.5044,53.8903],[19.5544,53.8822],[19.5504,53.8493],[19.5201,53.8251],[19.5,53.7873],[19.5,53.88],[18.86,53.88],[18.86,53.6]]]}},
{"type":"Feature","properties":{"entityId":"baltic-tribes","from":1236,"to":1240,"certainty":"estimated","source":"유럽 쪽은 Natural Earth 1:10m admin-1(v5.1.2) 현대 행정구역 조각을 그 시기 국경에 맞춰 묶고, 조각이 역사 경계와 다른 곳은 선을 그어 나눈 근사. 유럽 밖(시베리아·중앙아시아·극동)은 대략적인 추정. 운영자 검수 필요"},"geometry":{"type":"MultiPolygon","coordinates":[[[[19.1283,53.5559],[19.2148,53.4552],[19.2396,53.4122],[19.2855,53.3645],[19.4045,53.3429],[19.5115,53.3043],[19.6256,53.2864],[19.6813,53.263],[19.7329,53.1846],[19.7479,53.0931],[19.8112,53.1129],[19.8371,53.1437],[19.8768,53.1511],[19.9248,53.1273],[20.2406,53.098],[20.3158,53.1063],[20.3719,53.1337],[20.3889,53.1675],[20.4198,53.182],[20.4948,53.1861],[20.6346,53.2346],[20.704,53.2759],[20.7756,53.2754],[20.8391,53.2834],[20.9123,53.3086],[21.0079,53.3084],[21.0979,53.3256],[21.1737,53.3796],[21.2626,53.3746],[21.308,53.3788],[21.3488,53.3961],[21.3774,53.4299],[21.402,53.4379],[21.523,53.4435],[21.5957,53.4626],[21.7388,53.4576],[21.8016,53.4708],[21.8626,53.4927],[21.9373,53.4993],[22.1099,53.5699],[22.207,53.6352],[22.4856,53.7379],[22.543,53.7739],[22.5779,53.8322],[22.6185,53.8782],[22.6221,53.9248],[22.516,54.0124],[22.4652,54.0417],[22.4491,54.0992],[22.3481,54.1786],[22.4422,54.257],[22.6653,54.2753],[22.7317,54.3017],[22.7887,54.3366],[22.8113,54.3926],[22.7672,54.3563],[22.707,54.4187],[22.6804,54.4532],[22.6746,54.4923],[22.6817,54.5699],[22.7081,54.6356],[22.7051,54.6865],[22.727,54.7053],[22.7248,54.7234],[22.7648,54.7371],[22.8328,54.7787],[22.8484,54.8138],[22.8293,54.8727],[22.8089,54.8938],[22.7492,54.9099],[22.7521,54.9311],[22.7155,54.9514],[22.6335,54.9579],[22.6084,54.9924],[22.5916,55.0376],[22.5712,55.064],[22.5411,55.0758],[22.4363,55.0578],[22.5303,55.0739],[22.3,55.12],[22.05,55.25],[21.85,55.35],[21.6,55.46],[21.45,55.6],[21.33,55.72],[21.17,55.85],[21.05,55.88],[21.0447,55.88],[21.0447,55.8737],[21.0606,55.7893],[21.0744,55.7449],[21.1213,55.7047],[21.1501,55.6525],[21.2166,55.3893],[21.1834,55.3462],[21.1888,55.3386],[21.2027,55.3462],[21.2022,55.3446],[21.2023,55.3444],[21.2022,55.3442],[21.2278,55.2867],[21.2346,55.2714],[21.2328,55.2449],[21.2301,55.2031],[21.2229,55.2015],[21.2017,55.2144],[21.1813,55.1933],[21.186,55.171],[20.6948,55.0559],[20.7736,55.1145],[20.8237,55.1431],[20.884,55.1981],[20.9131,55.2332],[20.9894,55.2731],[20.9889,55.2913],[21.0379,55.3286],[21.0735,55.3918],[21.1062,55.4212],[21.0872,55.4411],[21.1199,55.4894],[21.1199,55.527],[21.1336,55.5683],[21.1315,55.6556],[21.1174,55.6998],[21.0852,55.7228],[21.0935,55.6955],[21.0907,55.6331],[21.0994,55.613],[21.0966,55.594],[21.087,55.5824],[21.0582,55.4766],[21.015,55.4019],[20.9488,55.336],[20.9403,55.3276],[20.9066,55.2941],[20.8998,55.2873],[20.8458,55.2318],[20.8262,55.2166],[20.6802,55.1033],[20.674,55.0991],[20.5659,55.0257],[20.2632,54.9547],[20.2514,54.9549],[20.2058,54.9584],[20.1844,54.9561],[20.1082,54.9575],[20.1078,54.9575],[20.0939,54.9537],[20.075,54.9544],[20.0337,54.9482],[19.9959,54.9681],[19.9767,54.9646],[19.9408,54.9344],[19.9207,54.8896],[19.9267,54.8758],[19.8882,54.8668],[19.7801,54.657],[19.7291,54.558],[19.7076,54.5163],[19.6519,54.4857],[19.6133,54.4645],[19.6133,54.4588],[19.6095,54.4567],[19.6803,54.4367],[19.7583,54.4343],[19.7205,54.391],[19.6839,54.3814],[19.6192,54.3535],[19.5634,54.3463],[19.4347,54.2971],[19.3652,54.2282],[19.3863,54.2766],[19.2739,54.2816],[19.2497,54.2654],[19.2428,54.2313],[19.2958,54.1465],[19.2688,54.112],[19.2093,54.0721],[19.2301,54.0095],[19.2636,53.9769],[19.3118,53.9601],[19.3632,53.9561],[19.3708,53.95],[19.3892,53.9352],[19.3698,53.8958],[19.4054,53.8855],[19.5044,53.8903],[19.5544,53.8822],[19.5504,53.8493],[19.5201,53.8251],[19.4904,53.7693],[19.4339,53.7546],[19.3532,53.7578],[19.2759,53.7193],[19.1283,53.5559]]],[[[20.9706,56.389],[20.971,56.3498],[20.9815,56.3105],[20.9827,56.2908],[20.971,56.2597],[20.9734,56.232],[20.9841,56.2104],[21.0288,56.1474],[21.0377,56.1263],[21.0427,56.1146],[21.0534,56.0726],[21.0914,56.0779],[21.1502,56.0782],[21.1904,56.0845],[21.2054,56.1034],[21.2126,56.131],[21.2296,56.1632],[21.2549,56.1852],[21.2904,56.2069],[21.3276,56.2244],[21.3583,56.2332],[21.4193,56.2374],[21.4855,56.2658],[21.5589,56.2973],[21.596,56.3079],[21.6845,56.3101],[21.7365,56.3237],[21.9653,56.3837],[21.9832,56.3884],[22.0941,56.4174],[22.1391,56.4157],[22.2149,56.3904],[22.5117,56.396],[22.5782,56.387],[22.6491,56.3531],[22.6814,56.3503],[22.8229,56.3829],[22.8596,56.3971],[22.889,56.4084],[22.9245,56.4121],[22.957,56.402],[23.0167,56.3239],[23.0623,56.3042],[23.1127,56.3109],[23.1629,56.341],[23.1542,56.3514],[23.1726,56.358],[23.2884,56.373],[23.3106,56.3706],[23.378,56.3546],[23.4816,56.3301],[23.5176,56.3287],[23.6099,56.3538],[23.7067,56.3544],[23.725,56.3288],[23.7561,56.326],[23.825,56.3349],[23.8711,56.3321],[23.9813,56.3124],[24.0752,56.2712],[24.1404,56.2576],[24.1668,56.2603],[24.2876,56.2955],[24.3185,56.2986],[24.3508,56.2916],[24.4144,56.2655],[24.4472,56.2605],[24.539,56.2876],[24.5728,56.3098],[24.6391,56.36],[24.6786,56.3773],[24.8055,56.4085],[24.8377,56.4039],[24.871,56.4426],[24.9009,56.4599],[24.9205,56.4867],[25.0135,56.4957],[24.9956,56.5511],[24.9563,56.5511],[24.95,56.5786],[24.7325,56.5442],[24.6571,56.5436],[24.6713,56.5668],[24.6972,56.5762],[24.6614,56.5883],[24.6568,56.5998],[24.6299,56.6015],[24.5997,56.6207],[24.5897,56.661],[24.6341,56.6769],[24.6009,56.707],[24.5561,56.707],[24.5219,56.7136],[24.4824,56.7047],[24.4434,56.6842],[24.415,56.6743],[24.3837,56.6709],[24.373,56.6663],[24.374,56.6596],[24.3554,56.6616],[24.3359,56.6636],[24.2946,56.6755],[24.2634,56.6904],[24.2578,56.7012],[24.2457,56.7037],[24.2305,56.6994],[24.1959,56.6915],[24.1847,56.6926],[24.1602,56.6701],[24.131,56.6683],[24.0871,56.6821],[24.0339,56.6882],[24.0007,56.6956],[24.0081,56.71],[23.9963,56.7305],[23.9414,56.7286],[23.925,56.7341],[23.9129,56.7454],[23.9009,56.7458],[23.8283,56.7381],[23.8013,56.7295],[23.7839,56.7321],[23.7563,56.7441],[23.7642,56.7683],[23.7597,56.7719],[23.7696,56.8],[23.7341,56.822],[23.7184,56.836],[23.7073,56.8521],[23.6695,56.8749],[23.6262,56.8892],[23.5068,56.8946],[23.492,56.9346],[23.4772,56.9365],[23.4734,56.9435],[23.4998,56.9614],[23.5759,56.9805],[23.5786,56.9821],[23.5851,56.9791],[23.5978,56.9769],[23.5978,57.0132],[23.5685,57.0124],[23.5393,57.0117],[23.5208,57.0256],[23.5086,57.0312],[23.4432,57.0381],[23.2974,57.0859],[23.2927,57.0889],[23.2859,57.091],[23.2325,57.1739],[23.2224,57.207],[23.2011,57.2224],[23.1976,57.228],[23.1824,57.2777],[23.1602,57.3186],[23.138,57.3432],[23.1302,57.3708],[23.1175,57.3739],[23.0833,57.3782],[23.0408,57.3916],[23.0386,57.3931],[22.9093,57.4607],[22.8789,57.4813],[22.7905,57.5228],[22.7445,57.5468],[22.6888,57.5992],[22.6553,57.6306],[22.6213,57.6626],[22.5915,57.6906],[22.6003,57.7438],[22.6104,57.7546],[22.5858,57.7597],[22.5491,57.7506],[22.5302,57.7483],[22.5238,57.7543],[22.5235,57.7542],[22.5234,57.7543],[22.4946,57.7438],[22.4837,57.7425],[22.2098,57.6621],[21.9438,57.5979],[21.8792,57.5901],[21.7717,57.5861],[21.7297,57.5738],[21.6992,57.5553],[21.6251,57.4768],[21.5666,57.4227],[21.5178,57.3876],[21.5115,57.3787],[21.4978,57.3589],[21.4615,57.3253],[21.4495,57.32],[21.4214,57.2887],[21.4126,57.2501],[21.4143,57.1996],[21.2942,57.0455],[21.2871,57.0364],[21.2588,57.0002],[21.2588,57.0001],[21.2305,56.9639],[21.174,56.8914],[21.1567,56.8856],[21.1472,56.8764],[21.0652,56.8463],[21.0527,56.8289],[21.0636,56.7812],[21.033,56.6362],[21.0329,56.6349],[21.0206,56.615],[21.0105,56.5987],[21.0003,56.5577],[20.9922,56.5489],[20.9963,56.5378],[21.0031,56.53],[21.0277,56.5248],[21.0268,56.5063],[21.0243,56.5105],[21.0064,56.52],[21.0005,56.5106],[21.0033,56.4926],[21.0106,56.4757],[21.0055,56.4655],[21.0054,56.4459],[20.9925,56.4179],[20.9706,56.389]]],[[[22.562,55.0676],[22.5712,55.064],[22.575,55.065],[22.562,55.0676]]],[[[26.2269,55.7969],[26.2797,55.7432],[26.3424,55.7163],[26.4811,55.6783],[26.5945,55.667],[26.6401,55.6956],[26.743,55.6829],[26.8228,55.7061],[26.8428,55.7193],[26.9001,55.7787],[26.9578,55.8186],[26.9794,55.8263],[27.1108,55.8363],[27.1732,55.8257],[27.263,55.7872],[27.2824,55.7919],[27.3496,55.8312],[27.3746,55.8148],[27.4388,55.7987],[27.5646,55.7922],[27.5927,55.7942],[27.6101,55.831],[27.6172,55.8786],[27.645,55.9228],[27.7444,55.9597],[27.7601,55.9754],[27.7812,56.0164],[27.8807,56.0639],[27.9115,56.1002],[27.9397,56.1131],[27.981,56.118],[28.0511,56.1407],[28.0682,56.1476],[28.111,56.1568],[28.1489,56.1424],[28.1691,56.1617],[28.1931,56.231],[28.2153,56.256],[28.2148,56.2814],[28.1744,56.3496],[28.1643,56.3928],[28.1679,56.4271],[28.1565,56.4462],[28.1045,56.4831],[28.0933,56.5016],[28.0992,56.5134],[28.1322,56.536],[28.1087,56.5552],[28.0287,56.5768],[27.9974,56.6038],[27.9922,56.625],[27.9913,56.67],[27.981,56.687],[27.8826,56.7255],[27.8655,56.7427],[27.8761,56.7594],[27.9189,56.8059],[27.9135,56.8202],[27.8308,56.8643],[27.7864,56.8713],[27.7441,56.8648],[27.6612,56.8393],[27.6444,56.8418],[27.6284,56.8442],[27.6487,56.8793],[27.7151,56.9574],[27.7234,56.9988],[27.7458,57.0315],[27.7455,57.068],[27.6961,57.0855],[27.6822,57.1037],[27.701,57.1188],[27.794,57.1434],[27.8243,57.1591],[27.8412,57.2112],[27.8461,57.2673],[27.8403,57.2906],[27.8091,57.3139],[27.708,57.3481],[27.6944,57.3564],[27.6885,57.3326],[27.6723,57.3202],[27.6002,57.2978],[27.5556,57.2589],[27.5189,57.2593],[27.4871,57.2739],[27.4063,57.2631],[27.3549,57.2848],[27.326,57.2774],[27.2759,57.2467],[27.2481,57.249],[27.2205,57.2344],[27.1566,57.2264],[27.1302,57.1996],[27.0081,57.1145],[26.9791,57.0956],[26.9532,57.0648],[26.9296,57.0498],[26.8605,57.018],[26.8712,57.0026],[26.86,56.983],[26.8698,56.9763],[26.9026,56.978],[26.9171,56.9693],[26.9114,56.9393],[26.9539,56.9207],[26.9625,56.9133],[26.9712,56.8909],[26.9851,56.8782],[26.9808,56.8656],[26.9533,56.8467],[26.9285,56.8311],[26.9075,56.818],[26.7829,56.7074],[26.7726,56.681],[26.7439,56.6965],[26.711,56.7075],[26.7079,56.7231],[26.6484,56.7168],[26.6077,56.6902],[26.5764,56.6918],[26.5357,56.6777],[26.3885,56.6777],[26.3756,56.6359],[26.4014,56.6339],[26.4845,56.6061],[26.5225,56.5999],[26.5938,56.5952],[26.5834,56.5635],[26.5959,56.547],[26.6278,56.5437],[26.7064,56.5461],[26.7223,56.5431],[26.7437,56.5588],[26.7711,56.5561],[26.8157,56.54],[26.8261,56.5242],[26.7755,56.512],[26.8009,56.5072],[26.8076,56.4985],[26.8473,56.4955],[26.8659,56.4858],[26.9023,56.4792],[26.9527,56.4769],[26.9584,56.4611],[26.9331,56.4549],[26.9254,56.4476],[26.8976,56.4113],[26.9518,56.3726],[26.9911,56.3315],[26.9443,56.3129],[26.9598,56.284],[26.9862,56.2632],[27.0016,56.2306],[27.0289,56.2154],[27.038,56.1801],[26.9996,56.1706],[26.9682,56.1689],[26.9318,56.1573],[26.9202,56.1457],[26.9368,56.1358],[26.9285,56.1242],[26.8885,56.1289],[26.8476,56.124],[26.8368,56.1294],[26.8073,56.1273],[26.7747,56.1151],[26.7185,56.1113],[26.6873,56.1255],[26.6479,56.1353],[26.6248,56.1211],[26.6096,56.1322],[26.5566,56.1566],[26.5408,56.1339],[26.5075,56.1323],[26.4845,56.1678],[26.4554,56.1804],[26.4166,56.1835],[26.3809,56.1969],[26.3354,56.1897],[26.3008,56.1833],[26.3283,56.1627],[26.3407,56.1342],[26.3453,56.0935],[26.357,56.0554],[26.3696,56.0438],[26.3655,56.0217],[26.393,55.9777],[26.3726,55.9538],[26.3378,55.9654],[26.2915,55.9406],[26.2865,55.924],[26.3196,55.9075],[26.2766,55.881],[26.3362,55.8397],[26.3494,55.8099],[26.2584,55.8049],[26.2269,55.7969]]]]}},
{"type":"Feature","properties":{"entityId":"baltic-tribes","from":1240,"to":1254,"certainty":"estimated","source":"유럽 쪽은 Natural Earth 1:10m admin-1(v5.1.2) 현대 행정구역 조각을 그 시기 국경에 맞춰 묶고, 조각이 역사 경계와 다른 곳은 선을 그어 나눈 근사. 유럽 밖(시베리아·중앙아시아·극동)은 대략적인 추정. 운영자 검수 필요"},"geometry":{"type":"MultiPolygon","coordinates":[[[[19.6095,54.4567],[19.6803,54.4367],[19.7583,54.4343],[20.3521,54.4157],[22.6984,54.3429],[22.7672,54.3563],[22.707,54.4187],[22.6804,54.4532],[22.6746,54.4923],[22.6817,54.5699],[22.7081,54.6356],[22.7051,54.6865],[22.727,54.7053],[22.7248,54.7234],[22.7648,54.7371],[22.8328,54.7787],[22.8484,54.8138],[22.8293,54.8727],[22.8089,54.8938],[22.7492,54.9099],[22.7521,54.9311],[22.7155,54.9514],[22.6335,54.9579],[22.6084,54.9924],[22.5916,55.0376],[22.5712,55.064],[22.5411,55.0758],[22.4363,55.0578],[22.5303,55.0739],[22.3,55.12],[22.05,55.25],[21.85,55.35],[21.6,55.46],[21.45,55.6],[21.33,55.72],[21.17,55.85],[21.05,55.88],[21.0447,55.88],[21.0447,55.8737],[21.0606,55.7893],[21.0744,55.7449],[21.1213,55.7047],[21.1501,55.6525],[21.2166,55.3893],[21.1834,55.3462],[21.1888,55.3386],[21.2027,55.3462],[21.2022,55.3446],[21.2023,55.3444],[21.2022,55.3442],[21.2278,55.2867],[21.2346,55.2714],[21.2328,55.2449],[21.2301,55.2031],[21.2229,55.2015],[21.2017,55.2144],[21.1813,55.1933],[21.186,55.171],[20.6948,55.0559],[20.7736,55.1145],[20.8237,55.1431],[20.884,55.1981],[20.9131,55.2332],[20.9894,55.2731],[20.9889,55.2913],[21.0379,55.3286],[21.0735,55.3918],[21.1062,55.4212],[21.0872,55.4411],[21.1199,55.4894],[21.1199,55.527],[21.1336,55.5683],[21.1315,55.6556],[21.1174,55.6998],[21.0852,55.7228],[21.0935,55.6955],[21.0907,55.6331],[21.0994,55.613],[21.0966,55.594],[21.087,55.5824],[21.0582,55.4766],[21.015,55.4019],[20.9488,55.336],[20.9403,55.3276],[20.9066,55.2941],[20.8998,55.2873],[20.8458,55.2318],[20.8262,55.2166],[20.6802,55.1033],[20.674,55.0991],[20.5659,55.0257],[20.2632,54.9547],[20.2514,54.9549],[20.2058,54.9584],[20.1844,54.9561],[20.1082,54.9575],[20.1078,54.9575],[20.0939,54.9537],[20.075,54.9544],[20.0337,54.9482],[19.9959,54.9681],[19.9767,54.9646],[19.9408,54.9344],[19.9207,54.8896],[19.9267,54.8758],[19.8882,54.8668],[19.7801,54.657],[19.7291,54.558],[19.7076,54.5163],[19.6519,54.4857],[19.6133,54.4645],[19.6133,54.4588],[19.6095,54.4567]]],[[[20.9706,56.389],[20.971,56.3498],[20.9815,56.3105],[20.9827,56.2908],[20.971,56.2597],[20.9734,56.232],[20.9841,56.2104],[21.0288,56.1474],[21.0377,56.1263],[21.0427,56.1146],[21.0534,56.0726],[21.0914,56.0779],[21.1502,56.0782],[21.1904,56.0845],[21.2054,56.1034],[21.2126,56.131],[21.2296,56.1632],[21.2549,56.1852],[21.2904,56.2069],[21.3276,56.2244],[21.3583,56.2332],[21.4193,56.2374],[21.4855,56.2658],[21.5589,56.2973],[21.596,56.3079],[21.6845,56.3101],[21.7365,56.3237],[21.9653,56.3837],[21.9832,56.3884],[22.0941,56.4174],[22.1391,56.4157],[22.2149,56.3904],[22.5117,56.396],[22.5782,56.387],[22.6491,56.3531],[22.6814,56.3503],[22.8229,56.3829],[22.8596,56.3971],[22.889,56.4084],[22.9245,56.4121],[22.957,56.402],[23.0167,56.3239],[23.0623,56.3042],[23.1127,56.3109],[23.1629,56.341],[23.1542,56.3514],[23.1726,56.358],[23.2884,56.373],[23.3106,56.3706],[23.378,56.3546],[23.4816,56.3301],[23.5176,56.3287],[23.6099,56.3538],[23.7067,56.3544],[23.725,56.3288],[23.7561,56.326],[23.825,56.3349],[23.8711,56.3321],[23.9813,56.3124],[24.0752,56.2712],[24.1404,56.2576],[24.1668,56.2603],[24.2876,56.2955],[24.3185,56.2986],[24.3508,56.2916],[24.4144,56.2655],[24.4472,56.2605],[24.539,56.2876],[24.5728,56.3098],[24.6391,56.36],[24.6786,56.3773],[24.8055,56.4085],[24.8377,56.4039],[24.871,56.4426],[24.9009,56.4599],[24.9205,56.4867],[25.0135,56.4957],[24.9956,56.5511],[24.9563,56.5511],[24.95,56.5786],[24.7325,56.5442],[24.6571,56.5436],[24.6713,56.5668],[24.6972,56.5762],[24.6614,56.5883],[24.6568,56.5998],[24.6299,56.6015],[24.5997,56.6207],[24.5897,56.661],[24.6341,56.6769],[24.6009,56.707],[24.5561,56.707],[24.5219,56.7136],[24.4824,56.7047],[24.4434,56.6842],[24.415,56.6743],[24.3837,56.6709],[24.373,56.6663],[24.374,56.6596],[24.3554,56.6616],[24.3359,56.6636],[24.2946,56.6755],[24.2634,56.6904],[24.2578,56.7012],[24.2457,56.7037],[24.2305,56.6994],[24.1959,56.6915],[24.1847,56.6926],[24.1602,56.6701],[24.131,56.6683],[24.0871,56.6821],[24.0339,56.6882],[24.0007,56.6956],[24.0081,56.71],[23.9963,56.7305],[23.9414,56.7286],[23.925,56.7341],[23.9129,56.7454],[23.9009,56.7458],[23.8283,56.7381],[23.8013,56.7295],[23.7839,56.7321],[23.7563,56.7441],[23.7642,56.7683],[23.7597,56.7719],[23.7696,56.8],[23.7341,56.822],[23.7184,56.836],[23.7073,56.8521],[23.6695,56.8749],[23.6262,56.8892],[23.5068,56.8946],[23.492,56.9346],[23.4772,56.9365],[23.4734,56.9435],[23.4998,56.9614],[23.5759,56.9805],[23.5786,56.9821],[23.5851,56.9791],[23.5978,56.9769],[23.5978,57.0132],[23.5685,57.0124],[23.5393,57.0117],[23.5208,57.0256],[23.5086,57.0312],[23.4432,57.0381],[23.2974,57.0859],[23.2927,57.0889],[23.2859,57.091],[23.2325,57.1739],[23.2224,57.207],[23.2011,57.2224],[23.1976,57.228],[23.1824,57.2777],[23.1602,57.3186],[23.138,57.3432],[23.1302,57.3708],[23.1175,57.3739],[23.0833,57.3782],[23.0408,57.3916],[23.0386,57.3931],[22.9093,57.4607],[22.8789,57.4813],[22.7905,57.5228],[22.7445,57.5468],[22.6888,57.5992],[22.6553,57.6306],[22.6213,57.6626],[22.5915,57.6906],[22.6003,57.7438],[22.6104,57.7546],[22.5858,57.7597],[22.5491,57.7506],[22.5302,57.7483],[22.5238,57.7543],[22.5235,57.7542],[22.5234,57.7543],[22.4946,57.7438],[22.4837,57.7425],[22.2098,57.6621],[21.9438,57.5979],[21.8792,57.5901],[21.7717,57.5861],[21.7297,57.5738],[21.6992,57.5553],[21.6251,57.4768],[21.5666,57.4227],[21.5178,57.3876],[21.5115,57.3787],[21.4978,57.3589],[21.4615,57.3253],[21.4495,57.32],[21.4214,57.2887],[21.4126,57.2501],[21.4143,57.1996],[21.2942,57.0455],[21.2871,57.0364],[21.2588,57.0002],[21.2588,57.0001],[21.2305,56.9639],[21.174,56.8914],[21.1567,56.8856],[21.1472,56.8764],[21.0652,56.8463],[21.0527,56.8289],[21.0636,56.7812],[21.033,56.6362],[21.0329,56.6349],[21.0206,56.615],[21.0105,56.5987],[21.0003,56.5577],[20.9922,56.5489],[20.9963,56.5378],[21.0031,56.53],[21.0277,56.5248],[21.0268,56.5063],[21.0243,56.5105],[21.0064,56.52],[21.0005,56.5106],[21.0033,56.4926],[21.0106,56.4757],[21.0055,56.4655],[21.0054,56.4459],[20.9925,56.4179],[20.9706,56.389]]],[[[22.562,55.0676],[22.5712,55.064],[22.575,55.065],[22.562,55.0676]]],[[[26.2269,55.7969],[26.2797,55.7432],[26.3424,55.7163],[26.4811,55.6783],[26.5945,55.667],[26.6401,55.6956],[26.743,55.6829],[26.8228,55.7061],[26.8428,55.7193],[26.9001,55.7787],[26.9578,55.8186],[26.9794,55.8263],[27.1108,55.8363],[27.1732,55.8257],[27.263,55.7872],[27.2824,55.7919],[27.3496,55.8312],[27.3746,55.8148],[27.4388,55.7987],[27.5646,55.7922],[27.5927,55.7942],[27.6101,55.831],[27.6172,55.8786],[27.645,55.9228],[27.7444,55.9597],[27.7601,55.9754],[27.7812,56.0164],[27.8807,56.0639],[27.9115,56.1002],[27.9397,56.1131],[27.981,56.118],[28.0511,56.1407],[28.0682,56.1476],[28.111,56.1568],[28.1489,56.1424],[28.1691,56.1617],[28.1931,56.231],[28.2153,56.256],[28.2148,56.2814],[28.1744,56.3496],[28.1643,56.3928],[28.1679,56.4271],[28.1565,56.4462],[28.1045,56.4831],[28.0933,56.5016],[28.0992,56.5134],[28.1322,56.536],[28.1087,56.5552],[28.0287,56.5768],[27.9974,56.6038],[27.9922,56.625],[27.9913,56.67],[27.981,56.687],[27.8826,56.7255],[27.8655,56.7427],[27.8761,56.7594],[27.9189,56.8059],[27.9135,56.8202],[27.8308,56.8643],[27.7864,56.8713],[27.7441,56.8648],[27.6612,56.8393],[27.6444,56.8418],[27.6284,56.8442],[27.6487,56.8793],[27.7151,56.9574],[27.7234,56.9988],[27.7458,57.0315],[27.7455,57.068],[27.6961,57.0855],[27.6822,57.1037],[27.701,57.1188],[27.794,57.1434],[27.8243,57.1591],[27.8412,57.2112],[27.8461,57.2673],[27.8403,57.2906],[27.8091,57.3139],[27.708,57.3481],[27.6944,57.3564],[27.6885,57.3326],[27.6723,57.3202],[27.6002,57.2978],[27.5556,57.2589],[27.5189,57.2593],[27.4871,57.2739],[27.4063,57.2631],[27.3549,57.2848],[27.326,57.2774],[27.2759,57.2467],[27.2481,57.249],[27.2205,57.2344],[27.1566,57.2264],[27.1302,57.1996],[27.0081,57.1145],[26.9791,57.0956],[26.9532,57.0648],[26.9296,57.0498],[26.8605,57.018],[26.8712,57.0026],[26.86,56.983],[26.8698,56.9763],[26.9026,56.978],[26.9171,56.9693],[26.9114,56.9393],[26.9539,56.9207],[26.9625,56.9133],[26.9712,56.8909],[26.9851,56.8782],[26.9808,56.8656],[26.9533,56.8467],[26.9285,56.8311],[26.9075,56.818],[26.7829,56.7074],[26.7726,56.681],[26.7439,56.6965],[26.711,56.7075],[26.7079,56.7231],[26.6484,56.7168],[26.6077,56.6902],[26.5764,56.6918],[26.5357,56.6777],[26.3885,56.6777],[26.3756,56.6359],[26.4014,56.6339],[26.4845,56.6061],[26.5225,56.5999],[26.5938,56.5952],[26.5834,56.5635],[26.5959,56.547],[26.6278,56.5437],[26.7064,56.5461],[26.7223,56.5431],[26.7437,56.5588],[26.7711,56.5561],[26.8157,56.54],[26.8261,56.5242],[26.7755,56.512],[26.8009,56.5072],[26.8076,56.4985],[26.8473,56.4955],[26.8659,56.4858],[26.9023,56.4792],[26.9527,56.4769],[26.9584,56.4611],[26.9331,56.4549],[26.9254,56.4476],[26.8976,56.4113],[26.9518,56.3726],[26.9911,56.3315],[26.9443,56.3129],[26.9598,56.284],[26.9862,56.2632],[27.0016,56.2306],[27.0289,56.2154],[27.038,56.1801],[26.9996,56.1706],[26.9682,56.1689],[26.9318,56.1573],[26.9202,56.1457],[26.9368,56.1358],[26.9285,56.1242],[26.8885,56.1289],[26.8476,56.124],[26.8368,56.1294],[26.8073,56.1273],[26.7747,56.1151],[26.7185,56.1113],[26.6873,56.1255],[26.6479,56.1353],[26.6248,56.1211],[26.6096,56.1322],[26.5566,56.1566],[26.5408,56.1339],[26.5075,56.1323],[26.4845,56.1678],[26.4554,56.1804],[26.4166,56.1835],[26.3809,56.1969],[26.3354,56.1897],[26.3008,56.1833],[26.3283,56.1627],[26.3407,56.1342],[26.3453,56.0935],[26.357,56.0554],[26.3696,56.0438],[26.3655,56.0217],[26.393,55.9777],[26.3726,55.9538],[26.3378,55.9654],[26.2915,55.9406],[26.2865,55.924],[26.3196,55.9075],[26.2766,55.881],[26.3362,55.8397],[26.3494,55.8099],[26.2584,55.8049],[26.2269,55.7969]]]]}},
{"type":"Feature","properties":{"entityId":"baltic-tribes","from":1254,"to":1255,"certainty":"estimated","source":"유럽 쪽은 Natural Earth 1:10m admin-1(v5.1.2) 현대 행정구역 조각을 그 시기 국경에 맞춰 묶고, 조각이 역사 경계와 다른 곳은 선을 그어 나눈 근사. 유럽 밖(시베리아·중앙아시아·극동)은 대략적인 추정. 운영자 검수 필요"},"geometry":{"type":"MultiPolygon","coordinates":[[[[26.7726,56.681],[26.7829,56.7074],[26.9075,56.818],[26.9285,56.8311],[26.9533,56.8467],[26.9808,56.8656],[26.9851,56.8782],[26.9712,56.8909],[26.9625,56.9133],[26.9539,56.9207],[26.9114,56.9393],[26.9171,56.9693],[26.9026,56.978],[26.8698,56.9763],[26.86,56.983],[26.8712,57.0026],[26.8605,57.018],[26.9296,57.0498],[26.9532,57.0648],[26.9791,57.0956],[27.0081,57.1145],[27.1302,57.1996],[27.1566,57.2264],[27.2205,57.2344],[27.2481,57.249],[27.2759,57.2467],[27.326,57.2774],[27.3549,57.2848],[27.4063,57.2631],[27.4871,57.2739],[27.5189,57.2593],[27.5556,57.2589],[27.6002,57.2978],[27.6723,57.3202],[27.6885,57.3326],[27.6944,57.3564],[27.708,57.3481],[27.8091,57.3139],[27.8403,57.2906],[27.8461,57.2673],[27.8412,57.2112],[27.8243,57.1591],[27.794,57.1434],[27.701,57.1188],[27.6822,57.1037],[27.6961,57.0855],[27.7455,57.068],[27.7458,57.0315],[27.7234,56.9988],[27.7151,56.9574],[27.6487,56.8793],[27.6284,56.8442],[27.6444,56.8418],[27.6612,56.8393],[27.7441,56.8648],[27.7864,56.8713],[27.8308,56.8643],[27.9135,56.8202],[27.9189,56.8059],[27.8761,56.7594],[27.8655,56.7427],[27.8826,56.7255],[27.981,56.687],[27.9913,56.67],[27.9922,56.625],[27.9974,56.6038],[28.0287,56.5768],[28.1087,56.5552],[28.1322,56.536],[28.0992,56.5134],[28.0933,56.5016],[28.1045,56.4831],[28.1565,56.4462],[28.1679,56.4271],[28.1643,56.3928],[28.1744,56.3496],[28.2148,56.2814],[28.2153,56.256],[28.1931,56.231],[28.1691,56.1617],[28.1489,56.1424],[28.111,56.1568],[28.0682,56.1476],[28.0511,56.1407],[27.981,56.118],[27.9397,56.1131],[27.9115,56.1002],[27.8807,56.0639],[27.7812,56.0164],[27.7601,55.9754],[27.7444,55.9597],[27.645,55.9228],[27.6172,55.8786],[27.6101,55.831],[27.5927,55.7942],[27.5646,55.7922],[27.4388,55.7987],[27.3746,55.8148],[27.3496,55.8312],[27.2824,55.7919],[27.263,55.7872],[27.1732,55.8257],[27.1108,55.8363],[26.9794,55.8263],[26.9578,55.8186],[26.9001,55.7787],[26.8428,55.7193],[26.8228,55.7061],[26.743,55.6829],[26.6401,55.6956],[26.5945,55.667],[26.4811,55.6783],[26.3424,55.7163],[26.2797,55.7432],[26.2269,55.7969],[26.2584,55.8049],[26.3494,55.8099],[26.3362,55.8397],[26.2766,55.881],[26.3196,55.9075],[26.2865,55.924],[26.2915,55.9406],[26.3378,55.9654],[26.3726,55.9538],[26.393,55.9777],[26.3655,56.0217],[26.3696,56.0438],[26.357,56.0554],[26.3453,56.0935],[26.3407,56.1342],[26.3283,56.1627],[26.3008,56.1833],[26.3354,56.1897],[26.3809,56.1969],[26.4166,56.1835],[26.4554,56.1804],[26.4845,56.1678],[26.5075,56.1323],[26.5408,56.1339],[26.5566,56.1566],[26.6096,56.1322],[26.6248,56.1211],[26.6479,56.1353],[26.6873,56.1255],[26.7185,56.1113],[26.7747,56.1151],[26.8073,56.1273],[26.8368,56.1294],[26.8476,56.124],[26.8885,56.1289],[26.9285,56.1242],[26.9368,56.1358],[26.9202,56.1457],[26.9318,56.1573],[26.9682,56.1689],[26.9996,56.1706],[27.038,56.1801],[27.0289,56.2154],[27.0016,56.2306],[26.9862,56.2632],[26.9598,56.284],[26.9443,56.3129],[26.9911,56.3315],[26.9518,56.3726],[26.8976,56.4113],[26.9254,56.4476],[26.9331,56.4549],[26.9584,56.4611],[26.9527,56.4769],[26.9023,56.4792],[26.8659,56.4858],[26.8473,56.4955],[26.8076,56.4985],[26.8009,56.5072],[26.7755,56.512],[26.8261,56.5242],[26.8157,56.54],[26.7711,56.5561],[26.7437,56.5588],[26.7223,56.5431],[26.7064,56.5461],[26.6278,56.5437],[26.5959,56.547],[26.5834,56.5635],[26.5938,56.5952],[26.5225,56.5999],[26.4845,56.6061],[26.4014,56.6339],[26.3756,56.6359],[26.3885,56.6777],[26.5357,56.6777],[26.5764,56.6918],[26.6077,56.6902],[26.6484,56.7168],[26.7079,56.7231],[26.711,56.7075],[26.7439,56.6965],[26.7726,56.681]]],[[[21.9653,56.3837],[21.7365,56.3237],[21.6845,56.3101],[21.596,56.3079],[21.5589,56.2973],[21.4855,56.2658],[21.4193,56.2374],[21.3583,56.2332],[21.3276,56.2244],[21.2904,56.2069],[21.2549,56.1852],[21.2296,56.1632],[21.2126,56.131],[21.2054,56.1034],[21.1904,56.0845],[21.1502,56.0782],[21.0914,56.0779],[21.0534,56.0726],[21.0427,56.1146],[21.0377,56.1263],[21.0288,56.1474],[20.9841,56.2104],[20.9734,56.232],[20.971,56.2597],[20.9827,56.2908],[20.9815,56.3105],[20.971,56.3498],[20.9706,56.389],[20.9925,56.4179],[21.0054,56.4459],[21.0055,56.4655],[21.0106,56.4757],[21.0033,56.4926],[21.0005,56.5106],[21.0064,56.52],[21.0243,56.5105],[21.0268,56.5063],[21.0277,56.5248],[21.0031,56.53],[20.9963,56.5378],[20.9922,56.5489],[21.0003,56.5577],[21.0105,56.5987],[21.0206,56.615],[21.0329,56.6349],[21.033,56.6362],[21.0636,56.7812],[21.0527,56.8289],[21.0652,56.8463],[21.1472,56.8764],[21.1567,56.8856],[21.174,56.8914],[21.2305,56.9639],[21.2588,57.0001],[21.2588,57.0002],[21.2871,57.0364],[21.2942,57.0455],[21.4143,57.1996],[21.4126,57.2501],[21.4214,57.2887],[21.4495,57.32],[21.4615,57.3253],[21.4978,57.3589],[21.5115,57.3787],[21.5178,57.3876],[21.5666,57.4227],[21.6251,57.4768],[21.6992,57.5553],[21.7297,57.5738],[21.7717,57.5861],[21.8792,57.5901],[21.9438,57.5979],[22.2098,57.6621],[22.4837,57.7425],[22.4946,57.7438],[22.5234,57.7543],[22.5235,57.7542],[22.5238,57.7543],[22.5302,57.7483],[22.5491,57.7506],[22.5858,57.7597],[22.6104,57.7546],[22.6003,57.7438],[22.5915,57.6906],[22.6213,57.6626],[22.6553,57.6306],[22.6888,57.5992],[22.7445,57.5468],[22.7905,57.5228],[22.8789,57.4813],[22.9093,57.4607],[23.0386,57.3931],[23.0408,57.3916],[23.0833,57.3782],[23.1175,57.3739],[23.1302,57.3708],[23.138,57.3432],[23.1602,57.3186],[23.1824,57.2777],[23.1976,57.228],[23.2011,57.2224],[23.2224,57.207],[23.2325,57.1739],[23.2859,57.091],[23.2927,57.0889],[23.2974,57.0859],[23.4432,57.0381],[23.5086,57.0312],[23.5208,57.0256],[23.5393,57.0117],[23.5685,57.0124],[23.5978,57.0132],[23.5978,56.9769],[23.5851,56.9791],[23.5786,56.9821],[23.5759,56.9805],[23.4998,56.9614],[23.4734,56.9435],[23.4772,56.9365],[23.492,56.9346],[23.5068,56.8946],[23.6262,56.8892],[23.6695,56.8749],[23.7073,56.8521],[23.7184,56.836],[23.7341,56.822],[23.7696,56.8],[23.7597,56.7719],[23.7642,56.7683],[23.7563,56.7441],[23.7839,56.7321],[23.8013,56.7295],[23.8283,56.7381],[23.9009,56.7458],[23.9129,56.7454],[23.925,56.7341],[23.9414,56.7286],[23.9963,56.7305],[24.0081,56.71],[24.0007,56.6956],[24.0339,56.6882],[24.0871,56.6821],[24.131,56.6683],[24.1602,56.6701],[24.1847,56.6926],[24.1959,56.6915],[24.2305,56.6994],[24.2457,56.7037],[24.2578,56.7012],[24.2634,56.6904],[24.2946,56.6755],[24.3359,56.6636],[24.3554,56.6616],[24.374,56.6596],[24.373,56.6663],[24.3837,56.6709],[24.415,56.6743],[24.4434,56.6842],[24.4824,56.7047],[24.5219,56.7136],[24.5561,56.707],[24.6009,56.707],[24.6341,56.6769],[24.5897,56.661],[24.5997,56.6207],[24.6299,56.6015],[24.6568,56.5998],[24.6614,56.5883],[24.6972,56.5762],[24.6713,56.5668],[24.6571,56.5436],[24.7325,56.5442],[24.95,56.5786],[24.9563,56.5511],[24.9956,56.5511],[25.0135,56.4957],[24.9205,56.4867],[24.9009,56.4599],[24.871,56.4426],[24.8377,56.4039],[24.8055,56.4085],[24.6786,56.3773],[24.6391,56.36],[24.5728,56.3098],[24.539,56.2876],[24.4472,56.2605],[24.4144,56.2655],[24.3508,56.2916],[24.3185,56.2986],[24.2876,56.2955],[24.1668,56.2603],[24.1404,56.2576],[24.0752,56.2712],[23.9813,56.3124],[23.8711,56.3321],[23.825,56.3349],[23.7561,56.326],[23.725,56.3288],[23.7067,56.3544],[23.6099,56.3538],[23.5176,56.3287],[23.4816,56.3301],[23.378,56.3546],[23.3106,56.3706],[23.2884,56.373],[23.1726,56.358],[23.1542,56.3514],[23.1629,56.341],[23.1127,56.3109],[23.0623,56.3042],[23.0167,56.3239],[22.957,56.402],[22.9245,56.4121],[22.889,56.4084],[22.8596,56.3971],[22.8229,56.3829],[22.6814,56.3503],[22.6491,56.3531],[22.5782,56.387],[22.5117,56.396],[22.2149,56.3904],[22.1391,56.4157],[22.0941,56.4174],[21.9832,56.3884],[21.9653,56.3837]]],[[[20.9066,55.2941],[20.9361,55.2941],[20.9246,55.2827],[20.9894,55.2731],[20.9131,55.2332],[20.884,55.1981],[20.8237,55.1431],[20.7736,55.1145],[20.6948,55.0559],[21.186,55.171],[21.1813,55.1933],[21.2017,55.2144],[21.2229,55.2015],[21.2301,55.2031],[21.2328,55.2449],[21.2676,55.2449],[21.2676,55.2487],[21.3498,55.2878],[21.3749,55.29],[21.4055,55.2724],[21.4677,55.2112],[21.5039,55.1944],[21.6051,55.1925],[21.6458,55.181],[21.7162,55.1495],[21.7506,55.128],[21.8199,55.1193],[21.8732,55.0949],[21.9428,55.0783],[21.9775,55.092],[22.0154,55.0884],[22.0277,55.0444],[22.05,55.0335],[22.0999,55.0299],[22.1427,55.0546],[22.2513,55.0709],[22.2699,55.0695],[22.4363,55.0578],[22.5411,55.0758],[22.5712,55.064],[22.5916,55.0376],[22.6084,54.9924],[22.6335,54.9579],[22.7155,54.9514],[22.7521,54.9311],[22.7492,54.9099],[22.8089,54.8938],[22.8293,54.8727],[22.8484,54.8138],[22.8328,54.7787],[22.7648,54.7371],[22.7248,54.7234],[22.727,54.7053],[22.7051,54.6865],[22.7081,54.6356],[22.6817,54.5699],[22.6746,54.4923],[22.6804,54.4532],[22.707,54.4187],[22.7672,54.3563],[22.6984,54.3429],[20.3521,54.4157],[19.7583,54.4343],[19.6803,54.4367],[19.6095,54.4567],[19.6133,54.4588],[19.6133,54.4645],[19.6519,54.4857],[19.7076,54.5163],[19.7291,54.558],[19.7801,54.657],[19.8882,54.8668],[19.9267,54.8758],[19.9207,54.8896],[19.9408,54.9344],[19.9767,54.9646],[19.9959,54.9681],[20.0337,54.9482],[20.075,54.9544],[20.0939,54.9537],[20.1078,54.9575],[20.1082,54.9575],[20.1844,54.9561],[20.2058,54.9584],[20.2514,54.9549],[20.2632,54.9547],[20.5659,55.0257],[20.674,55.0991],[20.6802,55.1033],[20.8262,55.2166],[20.8458,55.2318],[20.8998,55.2873],[20.9023,55.2898],[20.9066,55.2941]]]]}},
{"type":"Feature","properties":{"entityId":"baltic-tribes","from":1255,"to":1267,"certainty":"estimated","source":"유럽 쪽은 Natural Earth 1:10m admin-1(v5.1.2) 현대 행정구역 조각을 그 시기 국경에 맞춰 묶고, 조각이 역사 경계와 다른 곳은 선을 그어 나눈 근사. 유럽 밖(시베리아·중앙아시아·극동)은 대략적인 추정. 운영자 검수 필요"},"geometry":{"type":"MultiPolygon","coordinates":[[[[26.7726,56.681],[26.7829,56.7074],[26.9075,56.818],[26.9285,56.8311],[26.9533,56.8467],[26.9808,56.8656],[26.9851,56.8782],[26.9712,56.8909],[26.9625,56.9133],[26.9539,56.9207],[26.9114,56.9393],[26.9171,56.9693],[26.9026,56.978],[26.8698,56.9763],[26.86,56.983],[26.8712,57.0026],[26.8605,57.018],[26.9296,57.0498],[26.9532,57.0648],[26.9791,57.0956],[27.0081,57.1145],[27.1302,57.1996],[27.1566,57.2264],[27.2205,57.2344],[27.2481,57.249],[27.2759,57.2467],[27.326,57.2774],[27.3549,57.2848],[27.4063,57.2631],[27.4871,57.2739],[27.5189,57.2593],[27.5556,57.2589],[27.6002,57.2978],[27.6723,57.3202],[27.6885,57.3326],[27.6944,57.3564],[27.708,57.3481],[27.8091,57.3139],[27.8403,57.2906],[27.8461,57.2673],[27.8412,57.2112],[27.8243,57.1591],[27.794,57.1434],[27.701,57.1188],[27.6822,57.1037],[27.6961,57.0855],[27.7455,57.068],[27.7458,57.0315],[27.7234,56.9988],[27.7151,56.9574],[27.6487,56.8793],[27.6284,56.8442],[27.6444,56.8418],[27.6612,56.8393],[27.7441,56.8648],[27.7864,56.8713],[27.8308,56.8643],[27.9135,56.8202],[27.9189,56.8059],[27.8761,56.7594],[27.8655,56.7427],[27.8826,56.7255],[27.981,56.687],[27.9913,56.67],[27.9922,56.625],[27.9974,56.6038],[28.0287,56.5768],[28.1087,56.5552],[28.1322,56.536],[28.0992,56.5134],[28.0933,56.5016],[28.1045,56.4831],[28.1565,56.4462],[28.1679,56.4271],[28.1643,56.3928],[28.1744,56.3496],[28.2148,56.2814],[28.2153,56.256],[28.1931,56.231],[28.1691,56.1617],[28.1489,56.1424],[28.111,56.1568],[28.0682,56.1476],[28.0511,56.1407],[27.981,56.118],[27.9397,56.1131],[27.9115,56.1002],[27.8807,56.0639],[27.7812,56.0164],[27.7601,55.9754],[27.7444,55.9597],[27.645,55.9228],[27.6172,55.8786],[27.6101,55.831],[27.5927,55.7942],[27.5646,55.7922],[27.4388,55.7987],[27.3746,55.8148],[27.3496,55.8312],[27.2824,55.7919],[27.263,55.7872],[27.1732,55.8257],[27.1108,55.8363],[26.9794,55.8263],[26.9578,55.8186],[26.9001,55.7787],[26.8428,55.7193],[26.8228,55.7061],[26.743,55.6829],[26.6401,55.6956],[26.5945,55.667],[26.4811,55.6783],[26.3424,55.7163],[26.2797,55.7432],[26.2269,55.7969],[26.2584,55.8049],[26.3494,55.8099],[26.3362,55.8397],[26.2766,55.881],[26.3196,55.9075],[26.2865,55.924],[26.2915,55.9406],[26.3378,55.9654],[26.3726,55.9538],[26.393,55.9777],[26.3655,56.0217],[26.3696,56.0438],[26.357,56.0554],[26.3453,56.0935],[26.3407,56.1342],[26.3283,56.1627],[26.3008,56.1833],[26.3354,56.1897],[26.3809,56.1969],[26.4166,56.1835],[26.4554,56.1804],[26.4845,56.1678],[26.5075,56.1323],[26.5408,56.1339],[26.5566,56.1566],[26.6096,56.1322],[26.6248,56.1211],[26.6479,56.1353],[26.6873,56.1255],[26.7185,56.1113],[26.7747,56.1151],[26.8073,56.1273],[26.8368,56.1294],[26.8476,56.124],[26.8885,56.1289],[26.9285,56.1242],[26.9368,56.1358],[26.9202,56.1457],[26.9318,56.1573],[26.9682,56.1689],[26.9996,56.1706],[27.038,56.1801],[27.0289,56.2154],[27.0016,56.2306],[26.9862,56.2632],[26.9598,56.284],[26.9443,56.3129],[26.9911,56.3315],[26.9518,56.3726],[26.8976,56.4113],[26.9254,56.4476],[26.9331,56.4549],[26.9584,56.4611],[26.9527,56.4769],[26.9023,56.4792],[26.8659,56.4858],[26.8473,56.4955],[26.8076,56.4985],[26.8009,56.5072],[26.7755,56.512],[26.8261,56.5242],[26.8157,56.54],[26.7711,56.5561],[26.7437,56.5588],[26.7223,56.5431],[26.7064,56.5461],[26.6278,56.5437],[26.5959,56.547],[26.5834,56.5635],[26.5938,56.5952],[26.5225,56.5999],[26.4845,56.6061],[26.4014,56.6339],[26.3756,56.6359],[26.3885,56.6777],[26.5357,56.6777],[26.5764,56.6918],[26.6077,56.6902],[26.6484,56.7168],[26.7079,56.7231],[26.711,56.7075],[26.7439,56.6965],[26.7726,56.681]]],[[[21.9653,56.3837],[21.7365,56.3237],[21.6845,56.3101],[21.596,56.3079],[21.5589,56.2973],[21.4855,56.2658],[21.4193,56.2374],[21.3583,56.2332],[21.3276,56.2244],[21.2904,56.2069],[21.2549,56.1852],[21.2296,56.1632],[21.2126,56.131],[21.2054,56.1034],[21.1904,56.0845],[21.1502,56.0782],[21.0914,56.0779],[21.0534,56.0726],[21.0427,56.1146],[21.0377,56.1263],[21.0288,56.1474],[20.9841,56.2104],[20.9734,56.232],[20.971,56.2597],[20.9827,56.2908],[20.9815,56.3105],[20.971,56.3498],[20.9706,56.389],[20.9925,56.4179],[21.0054,56.4459],[21.0055,56.4655],[21.0106,56.4757],[21.0033,56.4926],[21.0005,56.5106],[21.0064,56.52],[21.0243,56.5105],[21.0268,56.5063],[21.0277,56.5248],[21.0031,56.53],[20.9963,56.5378],[20.9922,56.5489],[21.0003,56.5577],[21.0105,56.5987],[21.0206,56.615],[21.0329,56.6349],[21.033,56.6362],[21.0636,56.7812],[21.0527,56.8289],[21.0652,56.8463],[21.1472,56.8764],[21.1567,56.8856],[21.174,56.8914],[21.2305,56.9639],[21.2588,57.0001],[21.2588,57.0002],[21.2871,57.0364],[21.2942,57.0455],[21.4143,57.1996],[21.4126,57.2501],[21.4214,57.2887],[21.4495,57.32],[21.4615,57.3253],[21.4978,57.3589],[21.5115,57.3787],[21.5178,57.3876],[21.5666,57.4227],[21.6251,57.4768],[21.6992,57.5553],[21.7297,57.5738],[21.7717,57.5861],[21.8792,57.5901],[21.9438,57.5979],[22.2098,57.6621],[22.4837,57.7425],[22.4946,57.7438],[22.5234,57.7543],[22.5235,57.7542],[22.5238,57.7543],[22.5302,57.7483],[22.5491,57.7506],[22.5858,57.7597],[22.6104,57.7546],[22.6003,57.7438],[22.5915,57.6906],[22.6213,57.6626],[22.6553,57.6306],[22.6888,57.5992],[22.7445,57.5468],[22.7905,57.5228],[22.8789,57.4813],[22.9093,57.4607],[23.0386,57.3931],[23.0408,57.3916],[23.0833,57.3782],[23.1175,57.3739],[23.1302,57.3708],[23.138,57.3432],[23.1602,57.3186],[23.1824,57.2777],[23.1976,57.228],[23.2011,57.2224],[23.2224,57.207],[23.2325,57.1739],[23.2859,57.091],[23.2927,57.0889],[23.2974,57.0859],[23.4432,57.0381],[23.5086,57.0312],[23.5208,57.0256],[23.5393,57.0117],[23.5685,57.0124],[23.5978,57.0132],[23.5978,56.9769],[23.5851,56.9791],[23.5786,56.9821],[23.5759,56.9805],[23.4998,56.9614],[23.4734,56.9435],[23.4772,56.9365],[23.492,56.9346],[23.5068,56.8946],[23.6262,56.8892],[23.6695,56.8749],[23.7073,56.8521],[23.7184,56.836],[23.7341,56.822],[23.7696,56.8],[23.7597,56.7719],[23.7642,56.7683],[23.7563,56.7441],[23.7839,56.7321],[23.8013,56.7295],[23.8283,56.7381],[23.9009,56.7458],[23.9129,56.7454],[23.925,56.7341],[23.9414,56.7286],[23.9963,56.7305],[24.0081,56.71],[24.0007,56.6956],[24.0339,56.6882],[24.0871,56.6821],[24.131,56.6683],[24.1602,56.6701],[24.1847,56.6926],[24.1959,56.6915],[24.2305,56.6994],[24.2457,56.7037],[24.2578,56.7012],[24.2634,56.6904],[24.2946,56.6755],[24.3359,56.6636],[24.3554,56.6616],[24.374,56.6596],[24.373,56.6663],[24.3837,56.6709],[24.415,56.6743],[24.4434,56.6842],[24.4824,56.7047],[24.5219,56.7136],[24.5561,56.707],[24.6009,56.707],[24.6341,56.6769],[24.5897,56.661],[24.5997,56.6207],[24.6299,56.6015],[24.6568,56.5998],[24.6614,56.5883],[24.6972,56.5762],[24.6713,56.5668],[24.6571,56.5436],[24.7325,56.5442],[24.95,56.5786],[24.9563,56.5511],[24.9956,56.5511],[25.0135,56.4957],[24.9205,56.4867],[24.9009,56.4599],[24.871,56.4426],[24.8377,56.4039],[24.8055,56.4085],[24.6786,56.3773],[24.6391,56.36],[24.5728,56.3098],[24.539,56.2876],[24.4472,56.2605],[24.4144,56.2655],[24.3508,56.2916],[24.3185,56.2986],[24.2876,56.2955],[24.1668,56.2603],[24.1404,56.2576],[24.0752,56.2712],[23.9813,56.3124],[23.8711,56.3321],[23.825,56.3349],[23.7561,56.326],[23.725,56.3288],[23.7067,56.3544],[23.6099,56.3538],[23.5176,56.3287],[23.4816,56.3301],[23.378,56.3546],[23.3106,56.3706],[23.2884,56.373],[23.1726,56.358],[23.1542,56.3514],[23.1629,56.341],[23.1127,56.3109],[23.0623,56.3042],[23.0167,56.3239],[22.957,56.402],[22.9245,56.4121],[22.889,56.4084],[22.8596,56.3971],[22.8229,56.3829],[22.6814,56.3503],[22.6491,56.3531],[22.5782,56.387],[22.5117,56.396],[22.2149,56.3904],[22.1391,56.4157],[22.0941,56.4174],[21.9832,56.3884],[21.9653,56.3837]]]]}},
{"type":"Feature","properties":{"entityId":"baltic-tribes","from":1267,"to":1276,"certainty":"estimated","source":"유럽 쪽은 Natural Earth 1:10m admin-1(v5.1.2) 현대 행정구역 조각을 그 시기 국경에 맞춰 묶고, 조각이 역사 경계와 다른 곳은 선을 그어 나눈 근사. 유럽 밖(시베리아·중앙아시아·극동)은 대략적인 추정. 운영자 검수 필요"},"geometry":{"type":"MultiPolygon","coordinates":[[[[26.7726,56.681],[26.7829,56.7074],[26.9075,56.818],[26.9285,56.8311],[26.9533,56.8467],[26.9808,56.8656],[26.9851,56.8782],[26.9712,56.8909],[26.9625,56.9133],[26.9539,56.9207],[26.9114,56.9393],[26.9171,56.9693],[26.9026,56.978],[26.8698,56.9763],[26.86,56.983],[26.8712,57.0026],[26.8605,57.018],[26.9296,57.0498],[26.9532,57.0648],[26.9791,57.0956],[27.0081,57.1145],[27.1302,57.1996],[27.1566,57.2264],[27.2205,57.2344],[27.2481,57.249],[27.2759,57.2467],[27.326,57.2774],[27.3549,57.2848],[27.4063,57.2631],[27.4871,57.2739],[27.5189,57.2593],[27.5556,57.2589],[27.6002,57.2978],[27.6723,57.3202],[27.6885,57.3326],[27.6944,57.3564],[27.708,57.3481],[27.8091,57.3139],[27.8403,57.2906],[27.8461,57.2673],[27.8412,57.2112],[27.8243,57.1591],[27.794,57.1434],[27.701,57.1188],[27.6822,57.1037],[27.6961,57.0855],[27.7455,57.068],[27.7458,57.0315],[27.7234,56.9988],[27.7151,56.9574],[27.6487,56.8793],[27.6284,56.8442],[27.6444,56.8418],[27.6612,56.8393],[27.7441,56.8648],[27.7864,56.8713],[27.8308,56.8643],[27.9135,56.8202],[27.9189,56.8059],[27.8761,56.7594],[27.8655,56.7427],[27.8826,56.7255],[27.981,56.687],[27.9913,56.67],[27.9922,56.625],[27.9974,56.6038],[28.0287,56.5768],[28.1087,56.5552],[28.1322,56.536],[28.0992,56.5134],[28.0933,56.5016],[28.1045,56.4831],[28.1565,56.4462],[28.1679,56.4271],[28.1643,56.3928],[28.1744,56.3496],[28.2148,56.2814],[28.2153,56.256],[28.1931,56.231],[28.1691,56.1617],[28.1489,56.1424],[28.111,56.1568],[28.0682,56.1476],[28.0511,56.1407],[27.981,56.118],[27.9397,56.1131],[27.9115,56.1002],[27.8807,56.0639],[27.7812,56.0164],[27.7601,55.9754],[27.7444,55.9597],[27.645,55.9228],[27.6172,55.8786],[27.6101,55.831],[27.5927,55.7942],[27.5646,55.7922],[27.4388,55.7987],[27.3746,55.8148],[27.3496,55.8312],[27.2824,55.7919],[27.263,55.7872],[27.1732,55.8257],[27.1108,55.8363],[26.9794,55.8263],[26.9578,55.8186],[26.9001,55.7787],[26.8428,55.7193],[26.8228,55.7061],[26.743,55.6829],[26.6401,55.6956],[26.5945,55.667],[26.4811,55.6783],[26.3424,55.7163],[26.2797,55.7432],[26.2269,55.7969],[26.2584,55.8049],[26.3494,55.8099],[26.3362,55.8397],[26.2766,55.881],[26.3196,55.9075],[26.2865,55.924],[26.2915,55.9406],[26.3378,55.9654],[26.3726,55.9538],[26.393,55.9777],[26.3655,56.0217],[26.3696,56.0438],[26.357,56.0554],[26.3453,56.0935],[26.3407,56.1342],[26.3283,56.1627],[26.3008,56.1833],[26.3354,56.1897],[26.3809,56.1969],[26.4166,56.1835],[26.4554,56.1804],[26.4845,56.1678],[26.5075,56.1323],[26.5408,56.1339],[26.5566,56.1566],[26.6096,56.1322],[26.6248,56.1211],[26.6479,56.1353],[26.6873,56.1255],[26.7185,56.1113],[26.7747,56.1151],[26.8073,56.1273],[26.8368,56.1294],[26.8476,56.124],[26.8885,56.1289],[26.9285,56.1242],[26.9368,56.1358],[26.9202,56.1457],[26.9318,56.1573],[26.9682,56.1689],[26.9996,56.1706],[27.038,56.1801],[27.0289,56.2154],[27.0016,56.2306],[26.9862,56.2632],[26.9598,56.284],[26.9443,56.3129],[26.9911,56.3315],[26.9518,56.3726],[26.8976,56.4113],[26.9254,56.4476],[26.9331,56.4549],[26.9584,56.4611],[26.9527,56.4769],[26.9023,56.4792],[26.8659,56.4858],[26.8473,56.4955],[26.8076,56.4985],[26.8009,56.5072],[26.7755,56.512],[26.8261,56.5242],[26.8157,56.54],[26.7711,56.5561],[26.7437,56.5588],[26.7223,56.5431],[26.7064,56.5461],[26.6278,56.5437],[26.5959,56.547],[26.5834,56.5635],[26.5938,56.5952],[26.5225,56.5999],[26.4845,56.6061],[26.4014,56.6339],[26.3756,56.6359],[26.3885,56.6777],[26.5357,56.6777],[26.5764,56.6918],[26.6077,56.6902],[26.6484,56.7168],[26.7079,56.7231],[26.711,56.7075],[26.7439,56.6965],[26.7726,56.681]]],[[[23.1233,56.6988],[23.1717,56.6924],[23.2158,56.7111],[23.2996,56.7154],[23.3252,56.7495],[23.322,56.7821],[23.375,56.8008],[23.4088,56.7924],[23.4517,56.7994],[23.4866,56.8159],[23.462,56.8842],[23.5068,56.8946],[23.6262,56.8892],[23.6695,56.8749],[23.7073,56.8521],[23.7184,56.836],[23.7341,56.822],[23.7696,56.8],[23.7597,56.7719],[23.7642,56.7683],[23.7563,56.7441],[23.7839,56.7321],[23.8013,56.7295],[23.8283,56.7381],[23.9009,56.7458],[23.9129,56.7454],[23.925,56.7341],[23.9414,56.7286],[23.9963,56.7305],[24.0081,56.71],[24.0007,56.6956],[24.0339,56.6882],[24.0871,56.6821],[24.131,56.6683],[24.1602,56.6701],[24.1847,56.6926],[24.1959,56.6915],[24.2305,56.6994],[24.2457,56.7037],[24.2578,56.7012],[24.2634,56.6904],[24.2946,56.6755],[24.3359,56.6636],[24.3554,56.6616],[24.374,56.6596],[24.373,56.6663],[24.3837,56.6709],[24.415,56.6743],[24.4434,56.6842],[24.4824,56.7047],[24.5219,56.7136],[24.5561,56.707],[24.6009,56.707],[24.6341,56.6769],[24.5897,56.661],[24.5997,56.6207],[24.6299,56.6015],[24.6568,56.5998],[24.6614,56.5883],[24.6972,56.5762],[24.6713,56.5668],[24.6571,56.5436],[24.7325,56.5442],[24.95,56.5786],[24.9563,56.5511],[24.9956,56.5511],[25.0135,56.4957],[24.9205,56.4867],[24.9009,56.4599],[24.871,56.4426],[24.8377,56.4039],[24.8055,56.4085],[24.6786,56.3773],[24.6391,56.36],[24.5728,56.3098],[24.539,56.2876],[24.4472,56.2605],[24.4144,56.2655],[24.3508,56.2916],[24.3185,56.2986],[24.2876,56.2955],[24.1668,56.2603],[24.1404,56.2576],[24.0752,56.2712],[23.9813,56.3124],[23.8711,56.3321],[23.825,56.3349],[23.7561,56.326],[23.725,56.3288],[23.7067,56.3544],[23.6099,56.3538],[23.5176,56.3287],[23.4816,56.3301],[23.378,56.3546],[23.3106,56.3706],[23.2884,56.373],[23.1726,56.358],[23.1542,56.3514],[23.1629,56.341],[23.1127,56.3109],[23.0623,56.3042],[23.0167,56.3239],[22.957,56.402],[22.9245,56.4121],[22.889,56.4084],[22.8596,56.3971],[22.8218,56.4027],[22.786,56.4184],[22.7266,56.4245],[22.7482,56.4557],[22.7413,56.4754],[22.7014,56.4933],[22.7121,56.5654],[22.7551,56.562],[22.7981,56.5683],[22.7787,56.5878],[22.7809,56.6061],[22.8172,56.6073],[22.8408,56.6172],[22.8593,56.6442],[22.8287,56.6716],[22.8053,56.6784],[22.8001,56.696],[22.826,56.6981],[22.8144,56.7152],[22.8287,56.726],[22.8206,56.7715],[22.7877,56.7968],[22.7889,56.8039],[22.8163,56.8139],[22.8467,56.8282],[22.8359,56.8497],[22.8753,56.8586],[22.9074,56.8532],[22.9432,56.855],[22.9235,56.8336],[22.9325,56.8103],[22.9754,56.8014],[23.0362,56.8068],[23.0558,56.7942],[23.0701,56.7603],[23.0934,56.7209],[23.1233,56.6988]]]]}},
{"type":"Feature","properties":{"entityId":"baltic-tribes","from":1276,"to":1290,"certainty":"estimated","source":"유럽 쪽은 Natural Earth 1:10m admin-1(v5.1.2) 현대 행정구역 조각을 그 시기 국경에 맞춰 묶고, 조각이 역사 경계와 다른 곳은 선을 그어 나눈 근사. 유럽 밖(시베리아·중앙아시아·극동)은 대략적인 추정. 운영자 검수 필요"},"geometry":{"type":"Polygon","coordinates":[[[23.1233,56.6988],[23.1717,56.6924],[23.2158,56.7111],[23.2996,56.7154],[23.3252,56.7495],[23.322,56.7821],[23.375,56.8008],[23.4088,56.7924],[23.4517,56.7994],[23.4866,56.8159],[23.462,56.8842],[23.5068,56.8946],[23.6262,56.8892],[23.6695,56.8749],[23.7073,56.8521],[23.7184,56.836],[23.7341,56.822],[23.7696,56.8],[23.7597,56.7719],[23.7642,56.7683],[23.7563,56.7441],[23.7839,56.7321],[23.8013,56.7295],[23.8283,56.7381],[23.9009,56.7458],[23.9129,56.7454],[23.925,56.7341],[23.9414,56.7286],[23.9963,56.7305],[24.0081,56.71],[24.0007,56.6956],[24.0339,56.6882],[24.0871,56.6821],[24.131,56.6683],[24.1602,56.6701],[24.1847,56.6926],[24.1959,56.6915],[24.2305,56.6994],[24.2457,56.7037],[24.2578,56.7012],[24.2634,56.6904],[24.2946,56.6755],[24.3359,56.6636],[24.3554,56.6616],[24.374,56.6596],[24.373,56.6663],[24.3837,56.6709],[24.415,56.6743],[24.4434,56.6842],[24.4824,56.7047],[24.5219,56.7136],[24.5561,56.707],[24.6009,56.707],[24.6341,56.6769],[24.5897,56.661],[24.5997,56.6207],[24.6299,56.6015],[24.6568,56.5998],[24.6614,56.5883],[24.6972,56.5762],[24.6713,56.5668],[24.6571,56.5436],[24.7325,56.5442],[24.95,56.5786],[24.9563,56.5511],[24.9956,56.5511],[25.0135,56.4957],[24.9205,56.4867],[24.9009,56.4599],[24.871,56.4426],[24.8377,56.4039],[24.8055,56.4085],[24.6786,56.3773],[24.6391,56.36],[24.5728,56.3098],[24.539,56.2876],[24.4472,56.2605],[24.4144,56.2655],[24.3508,56.2916],[24.3185,56.2986],[24.2876,56.2955],[24.1668,56.2603],[24.1404,56.2576],[24.0752,56.2712],[23.9813,56.3124],[23.8711,56.3321],[23.825,56.3349],[23.7561,56.326],[23.725,56.3288],[23.7067,56.3544],[23.6099,56.3538],[23.5176,56.3287],[23.4816,56.3301],[23.378,56.3546],[23.3106,56.3706],[23.2884,56.373],[23.1726,56.358],[23.1542,56.3514],[23.1629,56.341],[23.1127,56.3109],[23.0623,56.3042],[23.0167,56.3239],[22.957,56.402],[22.9245,56.4121],[22.889,56.4084],[22.8596,56.3971],[22.8218,56.4027],[22.786,56.4184],[22.7266,56.4245],[22.7482,56.4557],[22.7413,56.4754],[22.7014,56.4933],[22.7121,56.5654],[22.7551,56.562],[22.7981,56.5683],[22.7787,56.5878],[22.7809,56.6061],[22.8172,56.6073],[22.8408,56.6172],[22.8593,56.6442],[22.8287,56.6716],[22.8053,56.6784],[22.8001,56.696],[22.826,56.6981],[22.8144,56.7152],[22.8287,56.726],[22.8206,56.7715],[22.7877,56.7968],[22.7889,56.8039],[22.8163,56.8139],[22.8467,56.8282],[22.8359,56.8497],[22.8753,56.8586],[22.9074,56.8532],[22.9432,56.855],[22.9235,56.8336],[22.9325,56.8103],[22.9754,56.8014],[23.0362,56.8068],[23.0558,56.7942],[23.0701,56.7603],[23.0934,56.7209],[23.1233,56.6988]]]}}
]}
