{"type":"FeatureCollection","features":[
{"type":"Feature","properties":{"entityId":"brittonic-kingdoms","from":410,"to":450,"certainty":"estimated","source":"유럽 쪽은 Natural Earth 1:10m admin-1(v5.1.2) 현대 행정구역 조각을 그 시기 국경에 맞춰 묶고, 조각이 역사 경계와 다른 곳은 선을 그어 나눈 근사. 유럽 밖(시베리아·중앙아시아·극동)은 대략적인 추정. 운영자 검수 필요"},"geometry":{"type":"MultiPolygon","coordinates":[[[[-3.0766,51.3624],[-3.0766,51.4039],[-3.0501,51.4039],[-3.0501,51.4454],[-3.0237,51.4454],[-3.0237,51.4704],[-2.9972,51.4704],[-2.9707,51.4704],[-2.9443,51.4704],[-2.9178,51.4704],[-2.9178,51.4769],[-2.8913,51.4769],[-2.8913,51.5114],[-2.8649,51.5114],[-2.8649,51.5172],[-2.8384,51.5172],[-2.812,51.5172],[-2.812,51.5333],[-2.7855,51.5333],[-2.7591,51.5333],[-2.7326,51.5333],[-2.7326,51.5622],[-2.7061,51.5622],[-2.7061,51.5868],[-2.6796,51.5868],[-2.6666,51.5868],[-2.6531,51.5868],[-2.627,51.5868],[-2.6266,51.5872],[-2.6266,51.6271],[-2.6527,51.6271],[-2.6531,51.6268],[-2.6654,51.6173],[-2.6835,51.659],[-2.6617,51.6755],[-2.6837,51.7261],[-2.6702,51.7495],[-2.6758,51.7867],[-2.6485,51.8214],[-2.6589,51.8177],[-2.6958,51.8363],[-2.7287,51.8384],[-2.7757,51.875],[-2.8736,51.9292],[-2.9525,51.9087],[-2.9823,51.9228],[-2.9988,51.9467],[-3.0512,51.9835],[-3.0799,52.0168],[-3.0876,52.0517],[-3.1238,52.0757],[-3.1014,52.1132],[-3.1222,52.132],[-3.0757,52.1528],[-3.1077,52.1727],[-3.0541,52.2302],[-3.0025,52.257],[-2.9684,52.2578],[-2.9995,52.2962],[-2.9637,52.3226],[-2.9574,52.3412],[-3.0706,52.3466],[-3.1037,52.3681],[-3.1993,52.4125],[-3.2151,52.4384],[-3.1903,52.4688],[-3.1077,52.4939],[-3.0308,52.4969],[-2.9764,52.5381],[-3.0053,52.5673],[-3.1107,52.527],[-3.124,52.5665],[-3.1163,52.5863],[-3.0742,52.6067],[-3.0657,52.6336],[-3.0402,52.6467],[-3.0133,52.7084],[-2.9674,52.7199],[-2.9615,52.7337],[-2.9985,52.7561],[-3.0575,52.7662],[-3.0822,52.783],[-3.1404,52.7963],[-3.1522,52.8298],[-3.1219,52.8549],[-3.1284,52.88],[-3.0862,52.9136],[-3.0039,52.9498],[-2.9584,52.9505],[-2.933,52.9343],[-2.878,52.9414],[-2.848,52.9373],[-2.795,52.9039],[-2.7795,52.9006],[-2.7215,52.9182],[-2.7162,52.9418],[-2.7277,52.9665],[-2.7686,52.9815],[-2.8062,52.985],[-2.8505,53.0172],[-2.871,53.0663],[-2.8974,53.1022],[-2.9568,53.1446],[-2.9524,53.1529],[-2.9153,53.1671],[-2.9136,53.1834],[-2.9556,53.2155],[-3.0198,53.2467],[-3.0845,53.2586],[-3.0925,53.2787],[-3.1108,53.2787],[-3.1371,53.2787],[-3.1371,53.2954],[-3.1634,53.2954],[-3.1634,53.3226],[-3.1897,53.3226],[-3.1897,53.3208],[-3.216,53.3208],[-3.216,53.3528],[-3.2423,53.3528],[-3.2423,53.3832],[-3.2423,53.3849],[-3.2686,53.3849],[-3.2686,53.4153],[-3.2423,53.4137],[-3.1897,53.4105],[-3.1581,53.4085],[-3.1573,53.4088],[-3.1147,53.4127],[-3.095,53.4172],[-3.0938,53.4176],[-3.0867,53.4211],[-3.0792,53.4514],[-3.0726,53.4779],[-3.066,53.5043],[-3.0966,53.5443],[-3.1019,53.5581],[-3.0995,53.572],[-3.0876,53.5877],[-3.0316,53.6431],[-3.0194,53.6925],[-3.0071,53.742],[-3.0215,53.7458],[-3.0492,53.7695],[-3.0564,53.803],[-3.0449,53.8785],[-3.0566,53.9062],[-3.0407,53.9235],[-3.0176,53.932],[-2.9565,53.9458],[-2.948,53.9801],[-2.9469,53.9846],[-2.948,53.9856],[-3.0121,54.0446],[-3.0441,54.0741],[-3.0762,54.1036],[-3.1,54.1255],[-3.1179,54.1088],[-3.1453,54.1],[-3.1454,54.0638],[-3.1898,54.0979],[-3.241,54.1121],[-3.2331,54.1592],[-3.2484,54.1737],[-3.2391,54.1754],[-3.2716,54.1969],[-3.3068,54.1919],[-3.3285,54.2047],[-3.4074,54.2777],[-3.4055,54.3013],[-3.4112,54.3061],[-3.556,54.4536],[-3.5919,54.4831],[-3.6342,54.5129],[-3.6116,54.5299],[-3.5909,54.5636],[-3.5912,54.5648],[-3.5911,54.5649],[-3.5912,54.5652],[-3.5887,54.5694],[-3.5871,54.574],[-3.6308,54.6142],[-3.7241,54.6277],[-3.768,54.6341],[-3.8119,54.6405],[-3.8558,54.6468],[-3.8997,54.6532],[-4.0753,54.6787],[-4.3505,54.7186],[-4.3481,54.702],[-4.3719,54.6823],[-4.4053,54.6821],[-4.4612,54.7012],[-4.5056,54.7047],[-4.5544,54.7482],[-4.844,54.7902],[-4.8618,54.8104],[-4.8904,54.7713],[-4.9043,54.7187],[-4.896,54.7045],[-4.8673,54.6901],[-4.8721,54.6492],[-4.8591,54.633],[-4.9441,54.6528],[-4.9599,54.6755],[-4.9473,54.7012],[-4.9503,54.7124],[-5.0313,54.7609],[-5.1186,54.8422],[-5.1282,54.8489],[-5.1571,54.8791],[-5.1755,54.9146],[-5.1807,54.9544],[-5.1708,55.0087],[-5.1246,55.0168],[-5.1151,55.0316],[-5.0878,55.0013],[-5.0564,54.9888],[-5.0476,55.0047],[-5.0441,55.0109],[-5.047,55.0151],[-5.0476,55.0221],[-5.0817,55.061],[-5.0815,55.0612],[-5.0817,55.0614],[-4.8581,55.3361],[-4.7303,55.4931],[-4.7182,55.508],[-4.7533,55.5372],[-4.7872,55.5654],[-4.821,55.5936],[-4.8888,55.65],[-4.8951,55.6553],[-4.9353,55.6888],[-4.9755,55.7222],[-4.9374,55.7222],[-4.9374,55.7557],[-4.9374,55.7892],[-4.9511,55.7892],[-4.9511,55.824],[-4.9511,55.8588],[-4.9296,55.8588],[-4.9296,55.8936],[-4.9296,55.9283],[-4.9045,55.9283],[-4.8955,55.9283],[-4.8955,55.9631],[-4.8659,55.9631],[-4.8364,55.9631],[-4.8364,55.9513],[-4.8181,55.9556],[-4.8069,55.9561],[-4.7858,55.957],[-4.7773,55.9547],[-4.7773,55.972],[-4.7477,55.972],[-4.7182,55.972],[-4.7182,55.9633],[-4.6886,55.9633],[-4.6755,55.9633],[-4.6735,55.9619],[-4.6591,55.9567],[-4.6591,55.9326],[-4.6295,55.93],[-4.6268,55.9298],[-4.6099,55.9283],[-4.5999,55.9283],[-4.5999,55.9426],[-4.5906,55.9415],[-4.5978,55.9603],[-4.601,56.0003],[-4.599,56.0119],[-4.5981,56.0778],[-4.5758,56.0778],[-4.549,56.0732],[-4.5214,56.0724],[-4.5003,56.0627],[-4.4467,56.0538],[-4.4284,56.0455],[-4.4297,56.0411],[-4.4706,56.0286],[-4.4731,56.0172],[-4.4584,56.003],[-4.432,55.9985],[-4.4086,55.9758],[-4.3903,55.9716],[-4.3648,55.9756],[-4.3601,55.9763],[-4.3017,55.9572],[-4.2745,55.9588],[-4.2653,55.968],[-4.2678,55.988],[-4.2875,56.0166],[-4.2773,56.0252],[-4.2476,56.0194],[-4.1983,56.0197],[-4.1745,56.0105],[-4.1584,56.0258],[-4.1422,56.0286],[-4.1409,56.0086],[-4.1257,56.0055],[-4.082,56.0258],[-4.0178,56.0258],[-4.0113,56.0122],[-4.0075,56.0044],[-3.9728,56.0063],[-3.9681,55.9999],[-3.9747,55.9852],[-3.9372,55.9844],[-3.935,55.9688],[-3.9225,55.9575],[-3.865,55.9561],[-3.8661,55.9497],[-3.8939,55.9333],[-3.8564,55.9169],[-3.815,55.9064],[-3.8089,55.8952],[-3.7739,55.9024],[-3.7192,55.9319],[-3.6673,55.9422],[-3.6642,55.9544],[-3.635,55.9652],[-3.5986,55.9911],[-3.5795,55.9936],[-3.5667,55.9866],[-3.5395,55.9866],[-3.5053,56.0056],[-3.4999,56.0047],[-3.4693,55.9999],[-3.4498,55.9968],[-3.4386,55.995],[-3.4079,55.9901],[-3.4054,55.9897],[-3.3772,55.9897],[-3.3583,55.9897],[-3.3466,55.9916],[-3.3466,56.0108],[-3.3159,56.0108],[-3.2852,56.0108],[-3.2852,56.0153],[-3.2545,56.0153],[-3.2239,56.0153],[-3.2239,56.0068],[-3.1932,56.0068],[-3.1625,56.0068],[-3.1625,55.9989],[-3.1318,55.9989],[-3.1012,55.9989],[-3.1012,56.0164],[-3.0759,56.0164],[-3.1012,55.9912],[-3.1188,55.9737],[-3.1012,55.9726],[-3.0708,55.9707],[-3.0404,55.9688],[-2.9971,55.9661],[-2.9796,55.9729],[-2.8628,56.0177],[-2.871,56.0307],[-2.8231,56.0598],[-2.8028,56.0648],[-2.6351,56.0581],[-2.616,56.0532],[-2.5694,56.0245],[-2.5728,56.0193],[-2.5172,56.0042],[-2.5079,56.0102],[-2.4597,55.9885],[-2.438,55.9826],[-2.4144,55.9783],[-2.4041,55.9734],[-2.2322,55.9267],[-2.1468,55.9173],[-2.144,55.913],[-2.086,55.9094],[-2.0517,55.864],[-2.0102,55.8092],[-1.9995,55.795],[-1.9929,55.7902],[-1.9595,55.7661],[-1.8304,55.6727],[-1.7751,55.6432],[-1.7686,55.6419],[-1.7646,55.6376],[-1.7296,55.6189],[-1.7183,55.6116],[-1.6991,55.613],[-1.6308,55.5851],[-1.6347,55.5644],[-1.6172,55.5503],[-1.6308,55.5373],[-1.6029,55.5236],[-1.6113,55.508],[-1.5849,55.4837],[-1.5817,55.4215],[-1.5208,55.2596],[-1.4974,55.2037],[-1.4519,55.0948],[-1.4406,55.0676],[-1.4301,55.0425],[-1.4285,55.0404],[-1.4079,55.0132],[-1.3873,54.986],[-1.3702,54.9755],[-1.3627,54.9648],[-1.3635,54.9545],[-1.3311,54.9116],[-1.3272,54.9065],[-1.2987,54.8688],[-1.2339,54.7831],[-1.2337,54.7829],[-1.2014,54.7402],[-1.1691,54.6975],[-1.1647,54.6917],[-1.1367,54.6547],[-1.1327,54.6494],[-1.1279,54.648],[-0.8917,54.5796],[-0.7879,54.5608],[-0.7788,54.5574],[-0.6939,54.5259],[-0.43,54.4639],[-0.3892,54.3884],[-0.309,54.24],[-0.2368,54.1933],[-0.232,54.1902],[-0.1987,54.1741],[-0.1606,54.1558],[-0.0844,54.119],[-0.0847,54.1188],[-0.0846,54.1188],[-0.0847,54.1187],[-0.0844,54.1186],[-0.086,54.1178],[-0.0755,54.1121],[-0.13,54.0944],[-0.1564,54.0804],[-0.1971,54.0329],[-0.1028,53.8585],[-0.0673,53.8217],[-0.0452,53.8012],[0.1335,53.6426],[0.1493,53.6096],[0.1369,53.5771],[0.1096,53.5629],[0.136,53.6107],[0.1063,53.6221],[0.1172,53.6086],[0.1166,53.6089],[0.1172,53.6082],[0.1165,53.6086],[0.1168,53.6082],[0.0772,53.629],[0.0644,53.6324],[0.0376,53.6395],[0.0159,53.6388],[0.0345,53.6045],[0.0555,53.5656],[0.0765,53.5268],[0.0974,53.488],[0.1519,53.4758],[0.1758,53.4377],[0.2195,53.4195],[0.2449,53.3909],[0.3421,53.2263],[0.3562,53.1885],[0.3566,53.1457],[0.3405,53.1101],[0.355,53.09],[0.4093,53.0146],[0.4094,53.0146],[0.4365,52.977],[0.4637,52.9393],[0.47,52.9305],[0.4822,52.9285],[0.4857,52.9335],[0.5203,52.9553],[0.5696,52.9693],[0.6714,52.9744],[0.6719,52.9744],[0.6847,52.9864],[0.7482,52.9748],[0.7581,52.9744],[0.8357,52.9744],[0.9054,52.9603],[0.9487,52.9541],[1.0011,52.9566],[1.0139,52.9602],[0.9661,52.9744],[1.2747,52.9292],[1.396,52.8914],[1.6442,52.7758],[1.697,52.731],[1.7472,52.6252],[1.7476,52.5328],[1.7712,52.4859],[1.7544,52.4674],[1.7293,52.4156],[1.7279,52.3963],[1.6836,52.3245],[1.6611,52.3016],[1.6472,52.2784],[1.6308,52.2195],[1.6309,52.1998],[1.5823,52.0815],[1.5339,52.0704],[1.4132,51.9937],[1.4117,51.9931],[1.3323,51.9401],[1.3119,51.9564],[1.271,51.9331],[1.2785,51.9279],[1.2599,51.9161],[1.2728,51.9021],[1.2747,51.8722],[1.2866,51.8817],[1.2764,51.8448],[1.2764,51.8444],[1.2722,51.8424],[1.2192,51.8118],[1.1354,51.7817],[1.0733,51.776],[1.2123,51.5964],[1.2184,51.5885],[1.2492,51.5487],[1.3727,51.3891],[1.4238,51.3921],[1.4483,51.3829],[1.4391,51.3501],[1.4187,51.3298],[1.4492,51.2904],[1.449,51.2903],[1.4492,51.29],[1.4107,51.2676],[1.4077,51.246],[1.4131,51.2217],[1.4048,51.1835],[1.3845,51.1517],[1.3572,51.131],[1.2904,51.1165],[1.263,51.1033],[1.2181,51.101],[1.1722,51.0774],[1.133,51.0768],[1.046,51.0476],[0.9776,50.9712],[0.9718,50.9568],[0.9798,50.9182],[0.9452,50.9094],[0.8698,50.9251],[0.8446,50.9304],[0.8331,50.9308],[0.5492,50.7653],[0.5488,50.7653],[0.2929,50.7672],[0.271,50.7474],[0.2141,50.7489],[0.1683,50.7598],[0.1221,50.7608],[0.1076,50.7686],[0.0573,50.769],[0.0322,50.7692],[0.007,50.7694],[-0.0181,50.7696],[-0.0433,50.7698],[-0.0936,50.7702],[-0.1439,50.7705],[-0.169,50.7707],[-0.1942,50.7709],[-0.2193,50.7711],[-0.2445,50.7713],[-0.2949,50.7717],[-0.6974,50.7748],[-0.7327,50.7673],[-0.7415,50.7707],[-0.7724,50.7665],[-0.7731,50.766],[-0.771,50.7369],[-0.8128,50.7348],[-0.8768,50.7608],[-0.9138,50.7548],[-0.9507,50.7489],[-0.9943,50.7418],[-1.0379,50.7347],[-1.0815,50.7277],[-1.1027,50.7242],[-1.0942,50.7126],[-1.0828,50.7133],[-1.0623,50.6928],[-1.0642,50.6907],[-1.0636,50.6904],[-1.0639,50.6903],[-1.0638,50.6902],[-1.0639,50.6902],[-1.0636,50.69],[-1.0656,50.6892],[-1.0753,50.6785],[-1.1142,50.6697],[-1.137,50.6605],[-1.1545,50.6481],[-1.1657,50.6303],[-1.1684,50.6035],[-1.2792,50.5825],[-1.3155,50.5892],[-1.3521,50.6059],[-1.493,50.661],[-1.561,50.6499],[-1.6045,50.6429],[-1.6481,50.6358],[-1.6917,50.6288],[-1.7353,50.6217],[-1.8225,50.6076],[-1.9097,50.5935],[-2.0841,50.5652],[-2.2585,50.537],[-2.4892,50.4996],[-2.4893,50.4996],[-2.4896,50.4996],[-2.6072,50.5489],[-2.7816,50.6221],[-2.8688,50.6587],[-2.9123,50.6769],[-2.9559,50.6952],[-2.9573,50.6958],[-3.1303,50.5731],[-3.133,50.5712],[-3.2188,50.5104],[-3.2617,50.48],[-3.3046,50.4495],[-3.3061,50.4485],[-3.3929,50.3869],[-3.4363,50.3561],[-3.4364,50.3561],[-3.4797,50.3254],[-3.616,50.2287],[-3.6163,50.2287],[-3.6164,50.2287],[-3.6476,50.2325],[-3.6456,50.226],[-3.718,50.2124],[-3.7742,50.223],[-3.789,50.2124],[-3.8263,50.2342],[-3.8562,50.2581],[-4.0106,50.277],[-4.0878,50.2865],[-4.1264,50.2912],[-4.165,50.296],[-4.2422,50.3054],[-4.3194,50.3149],[-4.4737,50.3338],[-4.4954,50.3284],[-4.5716,50.3256],[-5.0568,50.0612],[-5.0565,50.0606],[-5.0981,50.0144],[-5.1465,50.0106],[-5.1761,49.9879],[-5.1912,49.9591],[-5.2143,49.9754],[-5.2433,49.9596],[-5.2435,49.9597],[-5.2437,49.9596],[-5.5482,50.0738],[-5.5784,50.0548],[-5.6674,50.0429],[-5.7051,50.0523],[-5.7156,50.0827],[-5.6988,50.0854],[-5.7092,50.1326],[-5.7082,50.1338],[-5.7765,50.1594],[-5.7762,50.1596],[-5.7763,50.1596],[-5.7762,50.1597],[-5.7765,50.1598],[-4.9295,50.7673],[-4.8908,50.7951],[-4.7946,50.8641],[-4.7465,50.8986],[-4.6984,50.9331],[-4.506,51.0711],[-4.3112,51.2108],[-4.0825,51.2657],[-3.8707,51.3165],[-3.7648,51.3419],[-3.7383,51.3482],[-3.7119,51.3546],[-3.7119,51.3328],[-3.6854,51.3328],[-3.659,51.3328],[-3.659,51.3095],[-3.6325,51.3095],[-3.606,51.3095],[-3.5795,51.3095],[-3.5531,51.3095],[-3.5531,51.3049],[-3.5266,51.3049],[-3.5001,51.3049],[-3.4736,51.3049],[-3.4472,51.3049],[-3.4472,51.2923],[-3.4207,51.2923],[-3.3942,51.2923],[-3.3677,51.2923],[-3.3413,51.2923],[-3.2884,51.2923],[-3.2619,51.2923],[-3.2355,51.2923],[-3.2355,51.2794],[-3.209,51.2794],[-3.209,51.3209],[-3.1825,51.3209],[-3.156,51.3209],[-3.1296,51.3209],[-3.1296,51.3217],[-3.1031,51.3217],[-3.1031,51.3624],[-3.0766,51.3624]]],[[[-3.0759,56.0164],[-3.0759,56.0416],[-3.0507,56.0416],[-3.0759,56.0164]]]]}},
{"type":"Feature","properties":{"entityId":"brittonic-kingdoms","from":450,"to":461,"certainty":"estimated","source":"유럽 쪽은 Natural Earth 1:10m admin-1(v5.1.2) 현대 행정구역 조각을 그 시기 국경에 맞춰 묶고, 조각이 역사 경계와 다른 곳은 선을 그어 나눈 근사. 유럽 밖(시베리아·중앙아시아·극동)은 대략적인 추정. 운영자 검수 필요"},"geometry":{"type":"MultiPolygon","coordinates":[[[[-3.0766,51.3624],[-3.0766,51.4039],[-3.0501,51.4039],[-3.0501,51.4454],[-3.0237,51.4454],[-3.0237,51.4704],[-2.9972,51.4704],[-2.9707,51.4704],[-2.9443,51.4704],[-2.9178,51.4704],[-2.9178,51.4769],[-2.8913,51.4769],[-2.8913,51.5114],[-2.8649,51.5114],[-2.8649,51.5172],[-2.8384,51.5172],[-2.812,51.5172],[-2.812,51.5333],[-2.7855,51.5333],[-2.7591,51.5333],[-2.7326,51.5333],[-2.7326,51.5622],[-2.7061,51.5622],[-2.7061,51.5868],[-2.6796,51.5868],[-2.6666,51.5868],[-2.6531,51.5868],[-2.627,51.5868],[-2.6266,51.5872],[-2.6266,51.6271],[-2.6527,51.6271],[-2.6531,51.6268],[-2.6654,51.6173],[-2.6835,51.659],[-2.6617,51.6755],[-2.6837,51.7261],[-2.6702,51.7495],[-2.6758,51.7867],[-2.6485,51.8214],[-2.6589,51.8177],[-2.6958,51.8363],[-2.7287,51.8384],[-2.7757,51.875],[-2.8736,51.9292],[-2.9525,51.9087],[-2.9823,51.9228],[-2.9988,51.9467],[-3.0512,51.9835],[-3.0799,52.0168],[-3.0876,52.0517],[-3.1238,52.0757],[-3.1014,52.1132],[-3.1222,52.132],[-3.0757,52.1528],[-3.1077,52.1727],[-3.0541,52.2302],[-3.0025,52.257],[-2.9684,52.2578],[-2.9995,52.2962],[-2.9637,52.3226],[-2.9574,52.3412],[-3.0706,52.3466],[-3.1037,52.3681],[-3.1993,52.4125],[-3.2151,52.4384],[-3.1903,52.4688],[-3.1077,52.4939],[-3.0308,52.4969],[-2.9764,52.5381],[-3.0053,52.5673],[-3.1107,52.527],[-3.124,52.5665],[-3.1163,52.5863],[-3.0742,52.6067],[-3.0657,52.6336],[-3.0402,52.6467],[-3.0133,52.7084],[-2.9674,52.7199],[-2.9615,52.7337],[-2.9985,52.7561],[-3.0575,52.7662],[-3.0822,52.783],[-3.1404,52.7963],[-3.1522,52.8298],[-3.1219,52.8549],[-3.1284,52.88],[-3.0862,52.9136],[-3.0039,52.9498],[-2.9584,52.9505],[-2.933,52.9343],[-2.878,52.9414],[-2.848,52.9373],[-2.795,52.9039],[-2.7795,52.9006],[-2.7215,52.9182],[-2.7162,52.9418],[-2.7277,52.9665],[-2.7686,52.9815],[-2.8062,52.985],[-2.8505,53.0172],[-2.871,53.0663],[-2.8974,53.1022],[-2.9568,53.1446],[-2.9524,53.1529],[-2.9153,53.1671],[-2.9136,53.1834],[-2.9556,53.2155],[-3.0198,53.2467],[-3.0845,53.2586],[-3.0925,53.2787],[-3.1108,53.2787],[-3.1371,53.2787],[-3.1371,53.2954],[-3.1634,53.2954],[-3.1634,53.3226],[-3.1897,53.3226],[-3.1897,53.3208],[-3.216,53.3208],[-3.216,53.3528],[-3.2423,53.3528],[-3.2423,53.3832],[-3.2423,53.3849],[-3.2686,53.3849],[-3.2686,53.4153],[-3.2423,53.4137],[-3.1897,53.4105],[-3.1581,53.4085],[-3.1573,53.4088],[-3.1147,53.4127],[-3.095,53.4172],[-3.0938,53.4176],[-3.0867,53.4211],[-3.0792,53.4514],[-3.0726,53.4779],[-3.066,53.5043],[-3.0966,53.5443],[-3.1019,53.5581],[-3.0995,53.572],[-3.0876,53.5877],[-3.0316,53.6431],[-3.0194,53.6925],[-3.0071,53.742],[-3.0215,53.7458],[-3.0492,53.7695],[-3.0564,53.803],[-3.0449,53.8785],[-3.0566,53.9062],[-3.0407,53.9235],[-3.0176,53.932],[-2.9565,53.9458],[-2.948,53.9801],[-2.9469,53.9846],[-2.948,53.9856],[-3.0121,54.0446],[-3.0441,54.0741],[-3.0762,54.1036],[-3.1,54.1255],[-3.1179,54.1088],[-3.1453,54.1],[-3.1454,54.0638],[-3.1898,54.0979],[-3.241,54.1121],[-3.2331,54.1592],[-3.2484,54.1737],[-3.2391,54.1754],[-3.2716,54.1969],[-3.3068,54.1919],[-3.3285,54.2047],[-3.4074,54.2777],[-3.4055,54.3013],[-3.4112,54.3061],[-3.556,54.4536],[-3.5919,54.4831],[-3.6342,54.5129],[-3.6116,54.5299],[-3.5909,54.5636],[-3.5912,54.5648],[-3.5911,54.5649],[-3.5912,54.5652],[-3.5887,54.5694],[-3.5871,54.574],[-3.6308,54.6142],[-3.7241,54.6277],[-3.768,54.6341],[-3.8119,54.6405],[-3.8119,54.6618],[-3.8119,54.6681],[-3.8119,54.6894],[-3.768,54.6894],[-3.768,54.7203],[-3.7241,54.7203],[-3.7241,54.732],[-3.6874,54.732],[-3.6874,54.7584],[-3.6508,54.7584],[-3.6508,54.7847],[-3.6363,54.7847],[-3.6141,54.7847],[-3.5924,54.7847],[-3.5924,54.8111],[-3.5485,54.8111],[-3.5485,54.8367],[-3.5054,54.8367],[-3.5054,54.8627],[-3.4624,54.8627],[-3.4624,54.8886],[-3.4607,54.8886],[-3.4607,54.9146],[-3.4607,54.936],[-3.4168,54.936],[-3.3729,54.936],[-3.3729,54.9326],[-3.329,54.9326],[-3.329,54.9764],[-3.2851,54.9745],[-3.2412,54.9727],[-3.1973,54.9708],[-3.1534,54.9689],[-3.1534,54.937],[-3.1228,54.9327],[-3.1095,54.9356],[-3.1095,54.9722],[-3.0656,54.9791],[-3.0503,54.9815],[-3.033,55.0152],[-3.0303,55.0459],[-3.015,55.0515],[-2.9538,55.041],[-2.9223,55.0717],[-2.8831,55.0836],[-2.8503,55.1113],[-2.8595,55.1363],[-2.8895,55.1552],[-2.8842,55.2019],[-2.8639,55.2185],[-2.8689,55.2369],[-2.8984,55.238],[-2.8726,55.2619],[-2.8912,55.278],[-2.945,55.288],[-2.9975,55.2683],[-3.0345,55.273],[-3.057,55.3072],[-3.0984,55.3296],[-3.1045,55.3522],[-3.1642,55.3497],[-3.2075,55.3722],[-3.285,55.3411],[-3.3039,55.3427],[-3.3034,55.3849],[-3.2414,55.4188],[-3.2525,55.4288],[-3.3164,55.4383],[-3.345,55.4119],[-3.4106,55.4119],[-3.4437,55.4044],[-3.5003,55.4097],[-3.5348,55.438],[-3.5122,55.4922],[-3.485,55.515],[-3.4872,55.5602],[-3.527,55.6002],[-3.4781,55.6122],[-3.4795,55.6485],[-3.3945,55.7077],[-3.4359,55.7183],[-3.4579,55.7696],[-3.5228,55.7855],[-3.565,55.7877],[-3.59,55.8016],[-3.6112,55.8038],[-3.6881,55.7952],[-3.7239,55.778],[-3.7334,55.7835],[-3.7184,55.8124],[-3.745,55.858],[-3.7103,55.8702],[-3.7064,55.8769],[-3.7283,55.8833],[-3.7934,55.8719],[-3.8206,55.8891],[-3.8089,55.8952],[-3.7739,55.9024],[-3.7192,55.9319],[-3.6673,55.9422],[-3.6642,55.9544],[-3.635,55.9652],[-3.5986,55.9911],[-3.5795,55.9936],[-3.5667,55.9866],[-3.5395,55.9866],[-3.5053,56.0056],[-3.4999,56.0047],[-3.4693,55.9999],[-3.4498,55.9968],[-3.4386,55.995],[-3.4079,55.9901],[-3.4054,55.9897],[-3.3772,55.9897],[-3.3583,55.9897],[-3.3466,55.9916],[-3.3466,56.0108],[-3.3159,56.0108],[-3.2852,56.0108],[-3.2852,56.0153],[-3.2545,56.0153],[-3.2239,56.0153],[-3.2239,56.0068],[-3.1932,56.0068],[-3.1625,56.0068],[-3.1625,55.9989],[-3.1318,55.9989],[-3.1012,55.9989],[-3.1012,56.0164],[-3.0759,56.0164],[-3.1012,55.9912],[-3.1188,55.9737],[-3.1012,55.9726],[-3.0708,55.9707],[-3.0404,55.9688],[-2.9971,55.9661],[-2.9796,55.9729],[-2.8628,56.0177],[-2.871,56.0307],[-2.8231,56.0598],[-2.8028,56.0648],[-2.6351,56.0581],[-2.616,56.0532],[-2.5694,56.0245],[-2.5728,56.0193],[-2.5172,56.0042],[-2.5079,56.0102],[-2.4597,55.9885],[-2.438,55.9826],[-2.4144,55.9783],[-2.4041,55.9734],[-2.2322,55.9267],[-2.1468,55.9173],[-2.144,55.913],[-2.086,55.9094],[-2.0517,55.864],[-2.0102,55.8092],[-1.9995,55.795],[-1.9929,55.7902],[-1.9595,55.7661],[-1.8304,55.6727],[-1.7751,55.6432],[-1.7686,55.6419],[-1.7646,55.6376],[-1.7296,55.6189],[-1.7183,55.6116],[-1.6991,55.613],[-1.6308,55.5851],[-1.6347,55.5644],[-1.6172,55.5503],[-1.6308,55.5373],[-1.6029,55.5236],[-1.6113,55.508],[-1.5849,55.4837],[-1.5817,55.4215],[-1.5208,55.2596],[-1.4974,55.2037],[-1.4519,55.0948],[-1.4406,55.0676],[-1.4301,55.0425],[-1.4285,55.0404],[-1.4079,55.0132],[-1.3873,54.986],[-1.3702,54.9755],[-1.3627,54.9648],[-1.3635,54.9545],[-1.3311,54.9116],[-1.3272,54.9065],[-1.2987,54.8688],[-1.2339,54.7831],[-1.2337,54.7829],[-1.2014,54.7402],[-1.1691,54.6975],[-1.1647,54.6917],[-1.1367,54.6547],[-1.1327,54.6494],[-1.1279,54.648],[-0.8917,54.5796],[-0.7879,54.5608],[-0.7788,54.5574],[-0.6939,54.5259],[-0.43,54.4639],[-0.3892,54.3884],[-0.309,54.24],[-0.2368,54.1933],[-0.232,54.1902],[-0.1987,54.1741],[-0.1606,54.1558],[-0.0844,54.119],[-0.0847,54.1188],[-0.0846,54.1188],[-0.0847,54.1187],[-0.0844,54.1186],[-0.086,54.1178],[-0.0755,54.1121],[-0.13,54.0944],[-0.1564,54.0804],[-0.1971,54.0329],[-0.1028,53.8585],[-0.0673,53.8217],[-0.0452,53.8012],[0.1335,53.6426],[0.1493,53.6096],[0.1369,53.5771],[0.1096,53.5629],[0.136,53.6107],[0.1063,53.6221],[0.1172,53.6086],[0.1166,53.6089],[0.1172,53.6082],[0.1165,53.6086],[0.1168,53.6082],[0.0772,53.629],[0.0644,53.6324],[0.0376,53.6395],[0.0159,53.6388],[0.0345,53.6045],[0.0117,53.6045],[0.0117,53.586],[-0.0146,53.586],[-0.041,53.586],[-0.0674,53.586],[-0.0938,53.586],[-0.0938,53.6076],[-0.1201,53.6076],[-0.1201,53.6383],[-0.1465,53.6383],[-0.1549,53.6383],[-0.1728,53.6383],[-0.1992,53.6383],[-0.1992,53.6576],[-0.1992,53.669],[-0.1992,53.685],[-0.2255,53.685],[-0.2278,53.685],[-0.2519,53.685],[-0.2519,53.7123],[-0.2783,53.7123],[-0.2995,53.7123],[-0.3047,53.7137],[-0.3072,53.7143],[-0.331,53.7117],[-0.3574,53.7088],[-0.3838,53.7058],[-0.4101,53.7029],[-0.4364,53.7],[-0.4364,53.7143],[-0.4497,53.7143],[-0.4628,53.7136],[-0.4892,53.7123],[-0.5156,53.711],[-0.5419,53.7096],[-0.5419,53.6832],[-0.5683,53.6953],[-0.5683,53.7222],[-0.5792,53.728],[-0.5946,53.7291],[-0.621,53.7309],[-0.637,53.732],[-0.6474,53.7284],[-0.6738,53.7191],[-0.7002,53.7098],[-0.7002,53.6916],[-0.6993,53.6913],[-0.767,53.6581],[-0.8441,53.6138],[-0.8607,53.6124],[-0.8609,53.5816],[-0.9045,53.5716],[-0.8728,53.5458],[-0.872,53.5308],[-0.9148,53.533],[-0.9433,53.518],[-0.9194,53.4874],[-0.9698,53.463],[-0.9775,53.4344],[-1.0131,53.4083],[-1.0664,53.413],[-1.1181,53.3786],[-1.1139,53.3561],[-1.1211,53.3455],[-1.1447,53.3377],[-1.135,53.3258],[-1.1661,53.3063],[-1.176,53.2929],[-1.1603,53.2622],[-1.1959,53.2325],[-1.1909,53.1677],[-1.2439,53.1516],[-1.2764,53.1541],[-1.3128,53.131],[-1.292,53.0838],[-1.3297,53.0502],[-1.3214,53.013],[-1.2839,52.9858],[-1.2711,52.8988],[-1.2326,52.8807],[-1.2628,52.8616],[-1.3014,52.8625],[-1.3706,52.8313],[-1.3953,52.79],[-1.4272,52.7838],[-1.4747,52.7486],[-1.5328,52.7497],[-1.5434,52.7336],[-1.535,52.7061],[-1.5831,52.685],[-1.58,52.6769],[-1.5339,52.6416],[-1.5589,52.6216],[-1.5423,52.6008],[-1.5458,52.5808],[-1.495,52.5563],[-1.4172,52.5352],[-1.3959,52.5125],[-1.2934,52.4794],[-1.2411,52.4261],[-1.2117,52.4158],[-1.1866,52.3813],[-1.1653,52.348],[-1.2334,52.3275],[-1.2417,52.311],[-1.2026,52.3013],[-1.2242,52.2824],[-1.2081,52.2499],[-1.2659,52.2277],[-1.2487,52.1952],[-1.3031,52.1811],[-1.3212,52.1615],[-1.2372,52.096],[-1.3067,52.0774],[-1.2939,52.0713],[-1.2967,52.0388],[-1.265,51.9797],[-1.1837,51.9783],[-1.1384,51.9897],[-1.1082,52.0092],[-1.1418,52.0177],[-1.0967,52.0438],[-1.0367,52.0536],[-1.0233,52.0647],[-0.9406,52.0719],[-0.9014,52.0186],[-0.8674,52.0338],[-0.8565,52.0405],[-0.8559,52.0585],[-0.8275,52.0644],[-0.8278,52.0722],[-0.8517,52.0858],[-0.8784,52.116],[-0.8259,52.1274],[-0.8067,52.1522],[-0.7761,52.1469],[-0.762,52.1624],[-0.7289,52.1616],[-0.6545,52.1925],[-0.6345,52.216],[-0.6414,52.2591],[-0.5906,52.2661],[-0.5586,52.248],[-0.5412,52.2458],[-0.5253,52.2605],[-0.5253,52.2833],[-0.5031,52.303],[-0.4588,52.3088],[-0.4295,52.2974],[-0.4189,52.278],[-0.3711,52.2677],[-0.3684,52.2419],[-0.3553,52.2271],[-0.3317,52.2291],[-0.2934,52.2241],[-0.292,52.2027],[-0.2531,52.1919],[-0.2339,52.1727],[-0.247,52.1605],[-0.207,52.1505],[-0.2167,52.1327],[-0.17,52.1297],[-0.132,52.1336],[-0.1461,52.0697],[-0.1356,52.0435],[-0.1092,52.0194],[-0.0295,52.0399],[-0.0114,52.0516],[0.0514,52.0433],[0.0805,52.0024],[0.0825,51.9833],[0.1108,51.9736],[0.1417,51.8839],[0.1899,51.8902],[0.1992,51.8658],[0.1736,51.8483],[0.173,51.8252],[0.1903,51.8166],[0.158,51.7905],[0.1083,51.7775],[0.0356,51.7683],[0,51.7331],[-0.0113,51.6772],[-0.1481,51.6891],[-0.1584,51.6758],[-0.1654,51.6713],[-0.1734,51.6663],[-0.2006,51.6622],[-0.2175,51.6541],[-0.2289,51.6686],[-0.2384,51.6722],[-0.2453,51.6674],[-0.2542,51.6441],[-0.2936,51.6383],[-0.3209,51.6344],[-0.3739,51.6144],[-0.3998,51.6148],[-0.432,51.6152],[-0.4589,51.6108],[-0.47,51.6174],[-0.4814,51.616],[-0.4861,51.5977],[-0.4935,51.5909],[-0.4714,51.55],[-0.4845,51.4944],[-0.4972,51.4778],[-0.4737,51.4588],[-0.4414,51.4539],[-0.4403,51.438],[-0.4317,51.4302],[-0.4003,51.4249],[-0.3844,51.4137],[-0.3674,51.4299],[-0.3569,51.4342],[-0.3568,51.4367],[-0.3706,51.4369],[-0.3767,51.4403],[-0.375,51.444],[-0.364,51.4507],[-0.316,51.4556],[-0.3232,51.4647],[-0.3102,51.4726],[-0.271,51.4736],[-0.2597,51.4757],[-0.2471,51.4851],[-0.2367,51.4872],[-0.2365,51.4872],[-0.2261,51.4841],[-0.2127,51.4729],[-0.21,51.4706],[-0.1983,51.4674],[-0.1793,51.47],[-0.1712,51.4726],[-0.1567,51.4773],[-0.1429,51.4837],[-0.1355,51.4871],[-0.1279,51.4921],[-0.1277,51.4922],[-0.1122,51.5024],[-0.1079,51.5053],[-0.1022,51.509],[-0.0973,51.5097],[-0.0848,51.5116],[-0.0672,51.508],[-0.0669,51.5079],[-0.0488,51.5009],[-0.0376,51.4975],[-0.0236,51.4959],[-0.0231,51.4887],[-0.0272,51.4896],[-0.0283,51.4896],[-0.0292,51.4892],[-0.0317,51.487],[-0.0326,51.4867],[-0.0388,51.4859],[-0.0468,51.4822],[-0.0474,51.4817],[-0.0478,51.481],[-0.0481,51.4803],[-0.0482,51.4787],[-0.0443,51.4708],[-0.0441,51.4649],[-0.0428,51.4608],[-0.0411,51.4583],[-0.0351,51.4536],[-0.0346,51.4528],[-0.0344,51.4522],[-0.0344,51.4513],[-0.0377,51.4455],[-0.0393,51.4442],[-0.0414,51.4432],[-0.0519,51.4415],[-0.0537,51.4402],[-0.0554,51.4374],[-0.0577,51.4312],[-0.0657,51.4246],[-0.0661,51.4239],[-0.0666,51.4227],[-0.0667,51.421],[-0.0674,51.421],[-0.0681,51.421],[-0.0685,51.4209],[-0.0695,51.4207],[-0.0699,51.4206],[-0.071,51.4205],[-0.0713,51.4205],[-0.0716,51.4204],[-0.0719,51.4203],[-0.0731,51.4197],[-0.0738,51.4194],[-0.0746,51.4192],[-0.075,51.4189],[-0.0752,51.4187],[-0.0753,51.4186],[-0.0754,51.4181],[-0.0755,51.4173],[-0.0755,51.417],[-0.0756,51.4168],[-0.0761,51.4162],[-0.0762,51.416],[-0.0763,51.4159],[-0.0763,51.4155],[-0.0764,51.4143],[-0.057,51.393],[-0.0358,51.3836],[-0.0188,51.3698],[0.0131,51.3207],[0.0163,51.3185],[0.0225,51.2897],[0.0483,51.295],[0.0544,51.2899],[0.0639,51.2422],[0.0444,51.2099],[0.0603,51.1816],[0.0627,51.1358],[0.1325,51.1441],[0.1543,51.1393],[0.1405,51.1116],[0.2214,51.1219],[0.2669,51.1102],[0.3314,51.1199],[0.4166,51.0652],[0.4747,51.0477],[0.4797,51.0302],[0.5369,51.0183],[0.5697,50.9999],[0.6581,51.0138],[0.6958,50.9955],[0.7633,50.9971],[0.7867,50.9883],[0.8211,50.9441],[0.8666,50.9438],[0.8698,50.9251],[0.8446,50.9304],[0.8331,50.9308],[0.5492,50.7653],[0.5488,50.7653],[0.2929,50.7672],[0.271,50.7474],[0.2141,50.7489],[0.1683,50.7598],[0.1221,50.7608],[0.1076,50.7686],[0.0573,50.769],[0.0322,50.7692],[0.007,50.7694],[-0.0181,50.7696],[-0.0433,50.7698],[-0.0936,50.7702],[-0.1439,50.7705],[-0.169,50.7707],[-0.1942,50.7709],[-0.2193,50.7711],[-0.2445,50.7713],[-0.2949,50.7717],[-0.6974,50.7748],[-0.7327,50.7673],[-0.7415,50.7707],[-0.7724,50.7665],[-0.7731,50.766],[-0.771,50.7369],[-0.8128,50.7348],[-0.8768,50.7608],[-0.9138,50.7548],[-0.9507,50.7489],[-0.9943,50.7418],[-1.0379,50.7347],[-1.0815,50.7277],[-1.1027,50.7242],[-1.0942,50.7126],[-1.0828,50.7133],[-1.0623,50.6928],[-1.0642,50.6907],[-1.0636,50.6904],[-1.0639,50.6903],[-1.0638,50.6902],[-1.0639,50.6902],[-1.0636,50.69],[-1.0656,50.6892],[-1.0753,50.6785],[-1.1142,50.6697],[-1.137,50.6605],[-1.1545,50.6481],[-1.1657,50.6303],[-1.1684,50.6035],[-1.2792,50.5825],[-1.3155,50.5892],[-1.3521,50.6059],[-1.493,50.661],[-1.561,50.6499],[-1.6045,50.6429],[-1.6481,50.6358],[-1.6917,50.6288],[-1.7353,50.6217],[-1.8225,50.6076],[-1.9097,50.5935],[-2.0841,50.5652],[-2.2585,50.537],[-2.4892,50.4996],[-2.4893,50.4996],[-2.4896,50.4996],[-2.6072,50.5489],[-2.7816,50.6221],[-2.8688,50.6587],[-2.9123,50.6769],[-2.9559,50.6952],[-2.9573,50.6958],[-3.1303,50.5731],[-3.133,50.5712],[-3.2188,50.5104],[-3.2617,50.48],[-3.3046,50.4495],[-3.3061,50.4485],[-3.3929,50.3869],[-3.4363,50.3561],[-3.4364,50.3561],[-3.4797,50.3254],[-3.616,50.2287],[-3.6163,50.2287],[-3.6164,50.2287],[-3.6476,50.2325],[-3.6456,50.226],[-3.718,50.2124],[-3.7742,50.223],[-3.789,50.2124],[-3.8263,50.2342],[-3.8562,50.2581],[-4.0106,50.277],[-4.0878,50.2865],[-4.1264,50.2912],[-4.165,50.296],[-4.2422,50.3054],[-4.3194,50.3149],[-4.4737,50.3338],[-4.4954,50.3284],[-4.5716,50.3256],[-5.0568,50.0612],[-5.0565,50.0606],[-5.0981,50.0144],[-5.1465,50.0106],[-5.1761,49.9879],[-5.1912,49.9591],[-5.2143,49.9754],[-5.2433,49.9596],[-5.2435,49.9597],[-5.2437,49.9596],[-5.5482,50.0738],[-5.5784,50.0548],[-5.6674,50.0429],[-5.7051,50.0523],[-5.7156,50.0827],[-5.6988,50.0854],[-5.7092,50.1326],[-5.7082,50.1338],[-5.7765,50.1594],[-5.7762,50.1596],[-5.7763,50.1596],[-5.7762,50.1597],[-5.7765,50.1598],[-4.9295,50.7673],[-4.8908,50.7951],[-4.7946,50.8641],[-4.7465,50.8986],[-4.6984,50.9331],[-4.506,51.0711],[-4.3112,51.2108],[-4.0825,51.2657],[-3.8707,51.3165],[-3.7648,51.3419],[-3.7383,51.3482],[-3.7119,51.3546],[-3.7119,51.3328],[-3.6854,51.3328],[-3.659,51.3328],[-3.659,51.3095],[-3.6325,51.3095],[-3.606,51.3095],[-3.5795,51.3095],[-3.5531,51.3095],[-3.5531,51.3049],[-3.5266,51.3049],[-3.5001,51.3049],[-3.4736,51.3049],[-3.4472,51.3049],[-3.4472,51.2923],[-3.4207,51.2923],[-3.3942,51.2923],[-3.3677,51.2923],[-3.3413,51.2923],[-3.2884,51.2923],[-3.2619,51.2923],[-3.2355,51.2923],[-3.2355,51.2794],[-3.209,51.2794],[-3.209,51.3209],[-3.1825,51.3209],[-3.156,51.3209],[-3.1296,51.3209],[-3.1296,51.3217],[-3.1031,51.3217],[-3.1031,51.3624],[-3.0766,51.3624]]],[[[-3.0759,56.0164],[-3.0759,56.0416],[-3.0507,56.0416],[-3.0759,56.0164]]]]}},
{"type":"Feature","properties":{"entityId":"brittonic-kingdoms","from":461,"to":493,"certainty":"estimated","source":"유럽 쪽은 Natural Earth 1:10m admin-1(v5.1.2) 현대 행정구역 조각을 그 시기 국경에 맞춰 묶고, 조각이 역사 경계와 다른 곳은 선을 그어 나눈 근사. 유럽 밖(시베리아·중앙아시아·극동)은 대략적인 추정. 운영자 검수 필요"},"geometry":{"type":"MultiPolygon","coordinates":[[[[-2.7238,47.4045],[-2.7637,47.4318],[-2.8435,47.4865],[-2.9648,47.5697],[-3.003,47.5794],[-3.0034,47.5787],[-3.0424,47.5881],[-3.0738,47.5765],[-3.112,47.5992],[-3.1289,47.5476],[-3.1233,47.519],[-3.0845,47.4782],[-3.1317,47.4782],[-3.1438,47.507],[-3.1339,47.5439],[-3.1412,47.598],[-3.1642,47.6201],[-3.3805,47.6748],[-3.5151,47.7088],[-3.5487,47.7173],[-3.5824,47.7258],[-3.6498,47.7429],[-4.0648,47.8478],[-4.0697,47.8482],[-4.1696,47.8235],[-4.1852,47.8134],[-4.2252,47.8024],[-4.3718,47.8072],[-4.3734,47.8287],[-4.3476,47.8383],[-4.3474,47.8532],[-4.376,47.8777],[-4.4078,47.9345],[-4.4912,47.9556],[-4.4957,47.9875],[-4.5681,48.008],[-4.572,48.0059],[-4.5804,48.0114],[-4.6321,48.026],[-4.653,48.0263],[-4.7281,48.0406],[-4.6974,48.0749],[-4.6837,48.0673],[-4.6417,48.0736],[-4.628,48.0864],[-4.5128,48.0968],[-4.5109,48.0973],[-4.5241,48.1928],[-4.5316,48.1831],[-4.5575,48.1772],[-4.5438,48.2051],[-4.5612,48.225],[-4.5547,48.2596],[-4.5573,48.263],[-4.6263,48.2665],[-4.6263,48.2871],[-4.5767,48.2899],[-4.575,48.2907],[-4.5595,48.3387],[-4.5445,48.3402],[-4.5476,48.3629],[-4.6189,48.3485],[-4.6876,48.3621],[-4.6908,48.3623],[-4.7045,48.3416],[-4.755,48.342],[-4.7834,48.3764],[-4.7648,48.3776],[-4.7834,48.4174],[-4.7799,48.4549],[-4.7493,48.4788],[-4.7746,48.4913],[-4.7646,48.5202],[-4.722,48.5682],[-4.6425,48.5819],[-4.6277,48.5788],[-4.5976,48.5914],[-4.6077,48.603],[-4.5807,48.6022],[-4.592,48.6834],[-4.5919,48.6834],[-4.592,48.6838],[-3.8424,48.8101],[-3.7487,48.8259],[-3.7018,48.8338],[-3.655,48.8417],[-3.5613,48.8575],[-3.4676,48.8733],[-3.296,48.9022],[-3.2958,48.9022],[-3.2956,48.9022],[-3.0928,48.8711],[-3.0915,48.8713],[-3.0915,48.8709],[-2.537,48.7859],[-2.2427,48.7407],[-2.0956,48.7182],[-2.0588,48.7125],[-2.0588,48.6926],[-2.0588,48.667],[-2.022,48.667],[-2.022,48.6495],[-2.0287,48.6433],[-2.0275,48.6415],[-2.022,48.6333],[-2.022,48.6159],[-2.0323,48.6159],[-2.0175,48.5907],[-1.9988,48.5907],[-1.9988,48.5654],[-1.9982,48.5648],[-1.9652,48.5648],[-1.9491,48.5392],[-1.9485,48.5383],[-1.9251,48.5448],[-1.9102,48.5036],[-1.918,48.473],[-1.944,48.4467],[-1.9517,48.4228],[-1.9327,48.3639],[-1.9615,48.3421],[-1.9615,48.3003],[-1.9824,48.2803],[-2.066,48.2952],[-2.1172,48.2608],[-2.1602,48.2607],[-2.186,48.2226],[-2.2108,48.2096],[-2.2319,48.1641],[-2.2873,48.1337],[-2.2352,48.0786],[-2.1882,48.0797],[-2.1913,48.0525],[-2.2576,48.0389],[-2.2711,48.0054],[-2.2554,47.9974],[-2.1677,47.9847],[-2.1243,47.9636],[-2.106,47.945],[-2.1002,47.9119],[-2.1095,47.8488],[-2.0612,47.8463],[-2.0524,47.8218],[-2.068,47.7962],[-2.1223,47.7743],[-2.1103,47.7588],[-2.0716,47.7572],[-2.0767,47.7333],[-2.1159,47.7317],[-2.1263,47.7142],[-2.1062,47.669],[-2.1028,47.6393],[-2.0885,47.6326],[-2.0858,47.608],[-2.11,47.5423],[-2.1544,47.5131],[-2.1868,47.4814],[-2.2109,47.5076],[-2.2534,47.4953],[-2.3023,47.5016],[-2.3345,47.464],[-2.4041,47.4556],[-2.4331,47.4658],[-2.4611,47.4526],[-2.4649,47.4535],[-2.4649,47.4322],[-2.5014,47.4322],[-2.5014,47.4247],[-2.5379,47.4247],[-2.5379,47.4473],[-2.5744,47.4473],[-2.6109,47.4473],[-2.6474,47.4473],[-2.684,47.4473],[-2.684,47.4448],[-2.684,47.411],[-2.7238,47.411],[-2.7238,47.4045]]],[[[-3.0766,51.3624],[-3.0766,51.4039],[-3.0501,51.4039],[-3.0501,51.4454],[-3.0237,51.4454],[-3.0237,51.4704],[-2.9972,51.4704],[-2.9707,51.4704],[-2.9443,51.4704],[-2.9178,51.4704],[-2.9178,51.4769],[-2.8913,51.4769],[-2.8913,51.5114],[-2.8649,51.5114],[-2.8649,51.5172],[-2.8384,51.5172],[-2.812,51.5172],[-2.812,51.5333],[-2.7855,51.5333],[-2.7591,51.5333],[-2.7326,51.5333],[-2.7326,51.5622],[-2.7061,51.5622],[-2.7061,51.5868],[-2.6796,51.5868],[-2.6666,51.5868],[-2.6531,51.5868],[-2.627,51.5868],[-2.6266,51.5872],[-2.6266,51.6271],[-2.6527,51.6271],[-2.6531,51.6268],[-2.6654,51.6173],[-2.6835,51.659],[-2.6617,51.6755],[-2.6837,51.7261],[-2.6702,51.7495],[-2.6758,51.7867],[-2.6485,51.8214],[-2.6589,51.8177],[-2.6958,51.8363],[-2.7287,51.8384],[-2.7757,51.875],[-2.8736,51.9292],[-2.9525,51.9087],[-2.9823,51.9228],[-2.9988,51.9467],[-3.0512,51.9835],[-3.0799,52.0168],[-3.0876,52.0517],[-3.1238,52.0757],[-3.1014,52.1132],[-3.1222,52.132],[-3.0757,52.1528],[-3.1077,52.1727],[-3.0541,52.2302],[-3.0025,52.257],[-2.9684,52.2578],[-2.9995,52.2962],[-2.9637,52.3226],[-2.9574,52.3412],[-3.0706,52.3466],[-3.1037,52.3681],[-3.1993,52.4125],[-3.2151,52.4384],[-3.1903,52.4688],[-3.1077,52.4939],[-3.0308,52.4969],[-2.9764,52.5381],[-3.0053,52.5673],[-3.1107,52.527],[-3.124,52.5665],[-3.1163,52.5863],[-3.0742,52.6067],[-3.0657,52.6336],[-3.0402,52.6467],[-3.0133,52.7084],[-2.9674,52.7199],[-2.9615,52.7337],[-2.9985,52.7561],[-3.0575,52.7662],[-3.0822,52.783],[-3.1404,52.7963],[-3.1522,52.8298],[-3.1219,52.8549],[-3.1284,52.88],[-3.0862,52.9136],[-3.0039,52.9498],[-2.9584,52.9505],[-2.933,52.9343],[-2.878,52.9414],[-2.848,52.9373],[-2.795,52.9039],[-2.7795,52.9006],[-2.7215,52.9182],[-2.7162,52.9418],[-2.7277,52.9665],[-2.7686,52.9815],[-2.8062,52.985],[-2.8505,53.0172],[-2.871,53.0663],[-2.8974,53.1022],[-2.9568,53.1446],[-2.9524,53.1529],[-2.9153,53.1671],[-2.9136,53.1834],[-2.9556,53.2155],[-3.0198,53.2467],[-3.0845,53.2586],[-3.0925,53.2787],[-3.1108,53.2787],[-3.1371,53.2787],[-3.1371,53.2954],[-3.1634,53.2954],[-3.1634,53.3226],[-3.1897,53.3226],[-3.1897,53.3208],[-3.216,53.3208],[-3.216,53.3528],[-3.2423,53.3528],[-3.2423,53.3832],[-3.2423,53.3849],[-3.2686,53.3849],[-3.2686,53.4153],[-3.2423,53.4137],[-3.1897,53.4105],[-3.1581,53.4085],[-3.1573,53.4088],[-3.1147,53.4127],[-3.095,53.4172],[-3.0938,53.4176],[-3.0867,53.4211],[-3.0792,53.4514],[-3.0726,53.4779],[-3.066,53.5043],[-3.0966,53.5443],[-3.1019,53.5581],[-3.0995,53.572],[-3.0876,53.5877],[-3.0316,53.6431],[-3.0194,53.6925],[-3.0071,53.742],[-3.0215,53.7458],[-3.0492,53.7695],[-3.0564,53.803],[-3.0449,53.8785],[-3.0566,53.9062],[-3.0407,53.9235],[-3.0176,53.932],[-2.9565,53.9458],[-2.948,53.9801],[-2.9469,53.9846],[-2.948,53.9856],[-3.0121,54.0446],[-3.0441,54.0741],[-3.0762,54.1036],[-3.1,54.1255],[-3.1179,54.1088],[-3.1453,54.1],[-3.1454,54.0638],[-3.1898,54.0979],[-3.241,54.1121],[-3.2331,54.1592],[-3.2484,54.1737],[-3.2391,54.1754],[-3.2716,54.1969],[-3.3068,54.1919],[-3.3285,54.2047],[-3.4074,54.2777],[-3.4055,54.3013],[-3.4112,54.3061],[-3.556,54.4536],[-3.5919,54.4831],[-3.6342,54.5129],[-3.6116,54.5299],[-3.5909,54.5636],[-3.5912,54.5648],[-3.5911,54.5649],[-3.5912,54.5652],[-3.5887,54.5694],[-3.5871,54.574],[-3.6308,54.6142],[-3.7241,54.6277],[-3.768,54.6341],[-3.8119,54.6405],[-3.8119,54.6618],[-3.8119,54.6681],[-3.8119,54.6894],[-3.768,54.6894],[-3.768,54.7203],[-3.7241,54.7203],[-3.7241,54.732],[-3.6874,54.732],[-3.6874,54.7584],[-3.6508,54.7584],[-3.6508,54.7847],[-3.6363,54.7847],[-3.6141,54.7847],[-3.5924,54.7847],[-3.5924,54.8111],[-3.5485,54.8111],[-3.5485,54.8367],[-3.5054,54.8367],[-3.5054,54.8627],[-3.4624,54.8627],[-3.4624,54.8886],[-3.4607,54.8886],[-3.4607,54.9146],[-3.4607,54.936],[-3.4168,54.936],[-3.3729,54.936],[-3.3729,54.9326],[-3.329,54.9326],[-3.329,54.9764],[-3.2851,54.9745],[-3.2412,54.9727],[-3.1973,54.9708],[-3.1534,54.9689],[-3.1534,54.937],[-3.1228,54.9327],[-3.1095,54.9356],[-3.1095,54.9722],[-3.0656,54.9791],[-3.0503,54.9815],[-3.033,55.0152],[-3.0303,55.0459],[-3.015,55.0515],[-2.9538,55.041],[-2.9223,55.0717],[-2.8831,55.0836],[-2.8503,55.1113],[-2.8595,55.1363],[-2.8895,55.1552],[-2.8842,55.2019],[-2.8639,55.2185],[-2.8689,55.2369],[-2.8984,55.238],[-2.8726,55.2619],[-2.8912,55.278],[-2.945,55.288],[-2.9975,55.2683],[-3.0345,55.273],[-3.057,55.3072],[-3.0984,55.3296],[-3.1045,55.3522],[-3.1642,55.3497],[-3.2075,55.3722],[-3.285,55.3411],[-3.3039,55.3427],[-3.3034,55.3849],[-3.2414,55.4188],[-3.2525,55.4288],[-3.3164,55.4383],[-3.345,55.4119],[-3.4106,55.4119],[-3.4437,55.4044],[-3.5003,55.4097],[-3.5348,55.438],[-3.5122,55.4922],[-3.485,55.515],[-3.4872,55.5602],[-3.527,55.6002],[-3.4781,55.6122],[-3.4795,55.6485],[-3.3945,55.7077],[-3.4359,55.7183],[-3.4579,55.7696],[-3.5228,55.7855],[-3.565,55.7877],[-3.59,55.8016],[-3.6112,55.8038],[-3.6881,55.7952],[-3.7239,55.778],[-3.7334,55.7835],[-3.7184,55.8124],[-3.745,55.858],[-3.7103,55.8702],[-3.7064,55.8769],[-3.7283,55.8833],[-3.7934,55.8719],[-3.8206,55.8891],[-3.8089,55.8952],[-3.7739,55.9024],[-3.7192,55.9319],[-3.6673,55.9422],[-3.6642,55.9544],[-3.635,55.9652],[-3.5986,55.9911],[-3.5795,55.9936],[-3.5667,55.9866],[-3.5395,55.9866],[-3.5053,56.0056],[-3.4999,56.0047],[-3.4693,55.9999],[-3.4498,55.9968],[-3.4386,55.995],[-3.4079,55.9901],[-3.4054,55.9897],[-3.3772,55.9897],[-3.3583,55.9897],[-3.3466,55.9916],[-3.3466,56.0108],[-3.3159,56.0108],[-3.2852,56.0108],[-3.2852,56.0153],[-3.2545,56.0153],[-3.2239,56.0153],[-3.2239,56.0068],[-3.1932,56.0068],[-3.1625,56.0068],[-3.1625,55.9989],[-3.1318,55.9989],[-3.1012,55.9989],[-3.1012,56.0164],[-3.0759,56.0164],[-3.1012,55.9912],[-3.1188,55.9737],[-3.1012,55.9726],[-3.0708,55.9707],[-3.0404,55.9688],[-2.9971,55.9661],[-2.9796,55.9729],[-2.8628,56.0177],[-2.871,56.0307],[-2.8231,56.0598],[-2.8028,56.0648],[-2.6351,56.0581],[-2.616,56.0532],[-2.5694,56.0245],[-2.5728,56.0193],[-2.5172,56.0042],[-2.5079,56.0102],[-2.4597,55.9885],[-2.438,55.9826],[-2.4144,55.9783],[-2.4041,55.9734],[-2.2322,55.9267],[-2.1468,55.9173],[-2.144,55.913],[-2.086,55.9094],[-2.0517,55.864],[-2.0102,55.8092],[-1.9995,55.795],[-1.9929,55.7902],[-1.9595,55.7661],[-1.8304,55.6727],[-1.7751,55.6432],[-1.7686,55.6419],[-1.7646,55.6376],[-1.7296,55.6189],[-1.7183,55.6116],[-1.6991,55.613],[-1.6308,55.5851],[-1.6347,55.5644],[-1.6172,55.5503],[-1.6308,55.5373],[-1.6029,55.5236],[-1.6113,55.508],[-1.5849,55.4837],[-1.5817,55.4215],[-1.5208,55.2596],[-1.4974,55.2037],[-1.4519,55.0948],[-1.4406,55.0676],[-1.4301,55.0425],[-1.4285,55.0404],[-1.4079,55.0132],[-1.3873,54.986],[-1.3702,54.9755],[-1.3627,54.9648],[-1.3635,54.9545],[-1.3311,54.9116],[-1.3272,54.9065],[-1.2987,54.8688],[-1.2339,54.7831],[-1.2337,54.7829],[-1.2014,54.7402],[-1.1691,54.6975],[-1.1647,54.6917],[-1.1367,54.6547],[-1.1327,54.6494],[-1.1279,54.648],[-0.8917,54.5796],[-0.7879,54.5608],[-0.7788,54.5574],[-0.6939,54.5259],[-0.43,54.4639],[-0.3892,54.3884],[-0.309,54.24],[-0.2368,54.1933],[-0.232,54.1902],[-0.1987,54.1741],[-0.1606,54.1558],[-0.0844,54.119],[-0.0847,54.1188],[-0.0846,54.1188],[-0.0847,54.1187],[-0.0844,54.1186],[-0.086,54.1178],[-0.0755,54.1121],[-0.13,54.0944],[-0.1564,54.0804],[-0.1971,54.0329],[-0.1028,53.8585],[-0.0673,53.8217],[-0.0452,53.8012],[0.1335,53.6426],[0.1493,53.6096],[0.1369,53.5771],[0.1096,53.5629],[0.136,53.6107],[0.1063,53.6221],[0.1172,53.6086],[0.1166,53.6089],[0.1172,53.6082],[0.1165,53.6086],[0.1168,53.6082],[0.0772,53.629],[0.0644,53.6324],[0.0376,53.6395],[0.0159,53.6388],[0.0345,53.6045],[0.0117,53.6045],[0.0117,53.586],[-0.0146,53.586],[-0.041,53.586],[-0.0674,53.586],[-0.0938,53.586],[-0.0938,53.6076],[-0.1201,53.6076],[-0.1201,53.6383],[-0.1465,53.6383],[-0.1549,53.6383],[-0.1728,53.6383],[-0.1992,53.6383],[-0.1992,53.6576],[-0.1992,53.669],[-0.1992,53.685],[-0.2255,53.685],[-0.2278,53.685],[-0.2519,53.685],[-0.2519,53.7123],[-0.2783,53.7123],[-0.2995,53.7123],[-0.3047,53.7137],[-0.3072,53.7143],[-0.331,53.7117],[-0.3574,53.7088],[-0.3838,53.7058],[-0.4101,53.7029],[-0.4364,53.7],[-0.4364,53.7143],[-0.4497,53.7143],[-0.4628,53.7136],[-0.4892,53.7123],[-0.5156,53.711],[-0.5419,53.7096],[-0.5419,53.6832],[-0.5683,53.6953],[-0.5683,53.7222],[-0.5792,53.728],[-0.5946,53.7291],[-0.621,53.7309],[-0.637,53.732],[-0.6474,53.7284],[-0.6738,53.7191],[-0.7002,53.7098],[-0.7002,53.6916],[-0.6993,53.6913],[-0.767,53.6581],[-0.8441,53.6138],[-0.8607,53.6124],[-0.8609,53.5816],[-0.9045,53.5716],[-0.8728,53.5458],[-0.872,53.5308],[-0.9148,53.533],[-0.9433,53.518],[-0.9194,53.4874],[-0.9698,53.463],[-0.9775,53.4344],[-1.0131,53.4083],[-1.0664,53.413],[-1.1181,53.3786],[-1.1139,53.3561],[-1.1211,53.3455],[-1.1447,53.3377],[-1.135,53.3258],[-1.1661,53.3063],[-1.176,53.2929],[-1.1603,53.2622],[-1.1959,53.2325],[-1.1909,53.1677],[-1.2439,53.1516],[-1.2764,53.1541],[-1.3128,53.131],[-1.292,53.0838],[-1.3297,53.0502],[-1.3214,53.013],[-1.2839,52.9858],[-1.2711,52.8988],[-1.2326,52.8807],[-1.2628,52.8616],[-1.3014,52.8625],[-1.3706,52.8313],[-1.3953,52.79],[-1.4272,52.7838],[-1.4747,52.7486],[-1.5328,52.7497],[-1.5434,52.7336],[-1.535,52.7061],[-1.5831,52.685],[-1.58,52.6769],[-1.5339,52.6416],[-1.5589,52.6216],[-1.5423,52.6008],[-1.5458,52.5808],[-1.495,52.5563],[-1.4172,52.5352],[-1.3959,52.5125],[-1.2934,52.4794],[-1.2411,52.4261],[-1.2117,52.4158],[-1.1866,52.3813],[-1.1653,52.348],[-1.2334,52.3275],[-1.2417,52.311],[-1.2026,52.3013],[-1.2242,52.2824],[-1.2081,52.2499],[-1.2659,52.2277],[-1.2487,52.1952],[-1.3031,52.1811],[-1.3212,52.1615],[-1.2372,52.096],[-1.3067,52.0774],[-1.2939,52.0713],[-1.2967,52.0388],[-1.265,51.9797],[-1.1837,51.9783],[-1.1384,51.9897],[-1.1082,52.0092],[-1.1418,52.0177],[-1.0967,52.0438],[-1.0367,52.0536],[-1.0233,52.0647],[-0.9406,52.0719],[-0.9014,52.0186],[-0.8674,52.0338],[-0.8565,52.0405],[-0.8559,52.0585],[-0.8275,52.0644],[-0.8278,52.0722],[-0.8517,52.0858],[-0.8784,52.116],[-0.8259,52.1274],[-0.8067,52.1522],[-0.7761,52.1469],[-0.762,52.1624],[-0.7289,52.1616],[-0.6545,52.1925],[-0.6345,52.216],[-0.6414,52.2591],[-0.5906,52.2661],[-0.5586,52.248],[-0.5412,52.2458],[-0.5253,52.2605],[-0.5253,52.2833],[-0.5031,52.303],[-0.4588,52.3088],[-0.4295,52.2974],[-0.4189,52.278],[-0.3711,52.2677],[-0.3684,52.2419],[-0.3553,52.2271],[-0.3317,52.2291],[-0.2934,52.2241],[-0.292,52.2027],[-0.2531,52.1919],[-0.2339,52.1727],[-0.247,52.1605],[-0.207,52.1505],[-0.2167,52.1327],[-0.17,52.1297],[-0.132,52.1336],[-0.1461,52.0697],[-0.1356,52.0435],[-0.1092,52.0194],[-0.0295,52.0399],[-0.0114,52.0516],[0.0514,52.0433],[0.0805,52.0024],[0.0825,51.9833],[0.1108,51.9736],[0.1417,51.8839],[0.1899,51.8902],[0.1992,51.8658],[0.1736,51.8483],[0.173,51.8252],[0.1903,51.8166],[0.158,51.7905],[0.1083,51.7775],[0.0356,51.7683],[0,51.7331],[-0.0113,51.6772],[-0.1481,51.6891],[-0.1584,51.6758],[-0.1654,51.6713],[-0.1734,51.6663],[-0.2006,51.6622],[-0.2175,51.6541],[-0.2289,51.6686],[-0.2384,51.6722],[-0.2453,51.6674],[-0.2542,51.6441],[-0.2936,51.6383],[-0.3209,51.6344],[-0.3739,51.6144],[-0.3998,51.6148],[-0.432,51.6152],[-0.4589,51.6108],[-0.47,51.6174],[-0.4814,51.616],[-0.4861,51.5977],[-0.4935,51.5909],[-0.4714,51.55],[-0.4845,51.4944],[-0.4972,51.4778],[-0.4737,51.4588],[-0.4414,51.4539],[-0.4403,51.438],[-0.4317,51.4302],[-0.4003,51.4249],[-0.3844,51.4137],[-0.3674,51.4299],[-0.3569,51.4342],[-0.3568,51.4367],[-0.3706,51.4369],[-0.3767,51.4403],[-0.375,51.444],[-0.364,51.4507],[-0.316,51.4556],[-0.3232,51.4647],[-0.3102,51.4726],[-0.271,51.4736],[-0.2597,51.4757],[-0.2471,51.4851],[-0.2367,51.4872],[-0.2365,51.4872],[-0.2261,51.4841],[-0.2127,51.4729],[-0.21,51.4706],[-0.1983,51.4674],[-0.1793,51.47],[-0.1712,51.4726],[-0.1567,51.4773],[-0.1429,51.4837],[-0.1355,51.4871],[-0.1279,51.4921],[-0.1277,51.4922],[-0.1122,51.5024],[-0.1079,51.5053],[-0.1022,51.509],[-0.0973,51.5097],[-0.0848,51.5116],[-0.0672,51.508],[-0.0669,51.5079],[-0.0488,51.5009],[-0.0376,51.4975],[-0.0236,51.4959],[-0.0231,51.4887],[-0.0272,51.4896],[-0.0283,51.4896],[-0.0292,51.4892],[-0.0317,51.487],[-0.0326,51.4867],[-0.0388,51.4859],[-0.0468,51.4822],[-0.0474,51.4817],[-0.0478,51.481],[-0.0481,51.4803],[-0.0482,51.4787],[-0.0443,51.4708],[-0.0441,51.4649],[-0.0428,51.4608],[-0.0411,51.4583],[-0.0351,51.4536],[-0.0346,51.4528],[-0.0344,51.4522],[-0.0344,51.4513],[-0.0377,51.4455],[-0.0393,51.4442],[-0.0414,51.4432],[-0.0519,51.4415],[-0.0537,51.4402],[-0.0554,51.4374],[-0.0577,51.4312],[-0.0657,51.4246],[-0.0661,51.4239],[-0.0666,51.4227],[-0.0667,51.421],[-0.0674,51.421],[-0.0681,51.421],[-0.0685,51.4209],[-0.0695,51.4207],[-0.0699,51.4206],[-0.071,51.4205],[-0.0713,51.4205],[-0.0716,51.4204],[-0.0719,51.4203],[-0.0731,51.4197],[-0.0738,51.4194],[-0.0746,51.4192],[-0.075,51.4189],[-0.0752,51.4187],[-0.0753,51.4186],[-0.0754,51.4181],[-0.0755,51.4173],[-0.0755,51.417],[-0.0756,51.4168],[-0.0761,51.4162],[-0.0762,51.416],[-0.0763,51.4159],[-0.0763,51.4155],[-0.0764,51.4143],[-0.057,51.393],[-0.0358,51.3836],[-0.0188,51.3698],[0.0131,51.3207],[0.0163,51.3185],[0.0225,51.2897],[0.0483,51.295],[0.0544,51.2899],[0.0639,51.2422],[0.0444,51.2099],[0.0603,51.1816],[0.0627,51.1358],[0.1325,51.1441],[0.1543,51.1393],[0.1405,51.1116],[0.2214,51.1219],[0.2669,51.1102],[0.3314,51.1199],[0.4166,51.0652],[0.4747,51.0477],[0.4797,51.0302],[0.5369,51.0183],[0.5697,50.9999],[0.6581,51.0138],[0.6958,50.9955],[0.7633,50.9971],[0.7867,50.9883],[0.8211,50.9441],[0.8666,50.9438],[0.8698,50.9251],[0.8446,50.9304],[0.8331,50.9308],[0.5492,50.7653],[0.5488,50.7653],[0.2929,50.7672],[0.271,50.7474],[0.2141,50.7489],[0.1683,50.7598],[0.1221,50.7608],[0.1076,50.7686],[0.0573,50.769],[0.0322,50.7692],[0.007,50.7694],[-0.0181,50.7696],[-0.0433,50.7698],[-0.0936,50.7702],[-0.1439,50.7705],[-0.169,50.7707],[-0.1942,50.7709],[-0.2193,50.7711],[-0.2445,50.7713],[-0.2949,50.7717],[-0.6974,50.7748],[-0.7327,50.7673],[-0.7415,50.7707],[-0.7724,50.7665],[-0.7731,50.766],[-0.771,50.7369],[-0.8128,50.7348],[-0.8768,50.7608],[-0.9138,50.7548],[-0.9507,50.7489],[-0.9943,50.7418],[-1.0379,50.7347],[-1.0815,50.7277],[-1.1027,50.7242],[-1.0942,50.7126],[-1.0828,50.7133],[-1.0623,50.6928],[-1.0642,50.6907],[-1.0636,50.6904],[-1.0639,50.6903],[-1.0638,50.6902],[-1.0639,50.6902],[-1.0636,50.69],[-1.0656,50.6892],[-1.0753,50.6785],[-1.1142,50.6697],[-1.137,50.6605],[-1.1545,50.6481],[-1.1657,50.6303],[-1.1684,50.6035],[-1.2792,50.5825],[-1.3155,50.5892],[-1.3521,50.6059],[-1.493,50.661],[-1.561,50.6499],[-1.6045,50.6429],[-1.6481,50.6358],[-1.6917,50.6288],[-1.7353,50.6217],[-1.8225,50.6076],[-1.9097,50.5935],[-2.0841,50.5652],[-2.2585,50.537],[-2.4892,50.4996],[-2.4893,50.4996],[-2.4896,50.4996],[-2.6072,50.5489],[-2.7816,50.6221],[-2.8688,50.6587],[-2.9123,50.6769],[-2.9559,50.6952],[-2.9573,50.6958],[-3.1303,50.5731],[-3.133,50.5712],[-3.2188,50.5104],[-3.2617,50.48],[-3.3046,50.4495],[-3.3061,50.4485],[-3.3929,50.3869],[-3.4363,50.3561],[-3.4364,50.3561],[-3.4797,50.3254],[-3.616,50.2287],[-3.6163,50.2287],[-3.6164,50.2287],[-3.6476,50.2325],[-3.6456,50.226],[-3.718,50.2124],[-3.7742,50.223],[-3.789,50.2124],[-3.8263,50.2342],[-3.8562,50.2581],[-4.0106,50.277],[-4.0878,50.2865],[-4.1264,50.2912],[-4.165,50.296],[-4.2422,50.3054],[-4.3194,50.3149],[-4.4737,50.3338],[-4.4954,50.3284],[-4.5716,50.3256],[-5.0568,50.0612],[-5.0565,50.0606],[-5.0981,50.0144],[-5.1465,50.0106],[-5.1761,49.9879],[-5.1912,49.9591],[-5.2143,49.9754],[-5.2433,49.9596],[-5.2435,49.9597],[-5.2437,49.9596],[-5.5482,50.0738],[-5.5784,50.0548],[-5.6674,50.0429],[-5.7051,50.0523],[-5.7156,50.0827],[-5.6988,50.0854],[-5.7092,50.1326],[-5.7082,50.1338],[-5.7765,50.1594],[-5.7762,50.1596],[-5.7763,50.1596],[-5.7762,50.1597],[-5.7765,50.1598],[-4.9295,50.7673],[-4.8908,50.7951],[-4.7946,50.8641],[-4.7465,50.8986],[-4.6984,50.9331],[-4.506,51.0711],[-4.3112,51.2108],[-4.0825,51.2657],[-3.8707,51.3165],[-3.7648,51.3419],[-3.7383,51.3482],[-3.7119,51.3546],[-3.7119,51.3328],[-3.6854,51.3328],[-3.659,51.3328],[-3.659,51.3095],[-3.6325,51.3095],[-3.606,51.3095],[-3.5795,51.3095],[-3.5531,51.3095],[-3.5531,51.3049],[-3.5266,51.3049],[-3.5001,51.3049],[-3.4736,51.3049],[-3.4472,51.3049],[-3.4472,51.2923],[-3.4207,51.2923],[-3.3942,51.2923],[-3.3677,51.2923],[-3.3413,51.2923],[-3.2884,51.2923],[-3.2619,51.2923],[-3.2355,51.2923],[-3.2355,51.2794],[-3.209,51.2794],[-3.209,51.3209],[-3.1825,51.3209],[-3.156,51.3209],[-3.1296,51.3209],[-3.1296,51.3217],[-3.1031,51.3217],[-3.1031,51.3624],[-3.0766,51.3624]]],[[[-3.0759,56.0164],[-3.0759,56.0416],[-3.0507,56.0416],[-3.0759,56.0164]]]]}},
{"type":"Feature","properties":{"entityId":"brittonic-kingdoms","from":493,"to":523,"certainty":"estimated","source":"유럽 쪽은 Natural Earth 1:10m admin-1(v5.1.2) 현대 행정구역 조각을 그 시기 국경에 맞춰 묶고, 조각이 역사 경계와 다른 곳은 선을 그어 나눈 근사. 유럽 밖(시베리아·중앙아시아·극동)은 대략적인 추정. 운영자 검수 필요"},"geometry":{"type":"MultiPolygon","coordinates":[[[[-2.7238,47.4045],[-2.7637,47.4318],[-2.8435,47.4865],[-2.9648,47.5697],[-3.003,47.5794],[-3.0034,47.5787],[-3.0424,47.5881],[-3.0738,47.5765],[-3.112,47.5992],[-3.1289,47.5476],[-3.1233,47.519],[-3.0845,47.4782],[-3.1317,47.4782],[-3.1438,47.507],[-3.1339,47.5439],[-3.1412,47.598],[-3.1642,47.6201],[-3.3805,47.6748],[-3.5151,47.7088],[-3.5487,47.7173],[-3.5824,47.7258],[-3.6498,47.7429],[-4.0648,47.8478],[-4.0697,47.8482],[-4.1696,47.8235],[-4.1852,47.8134],[-4.2252,47.8024],[-4.3718,47.8072],[-4.3734,47.8287],[-4.3476,47.8383],[-4.3474,47.8532],[-4.376,47.8777],[-4.4078,47.9345],[-4.4912,47.9556],[-4.4957,47.9875],[-4.5681,48.008],[-4.572,48.0059],[-4.5804,48.0114],[-4.6321,48.026],[-4.653,48.0263],[-4.7281,48.0406],[-4.6974,48.0749],[-4.6837,48.0673],[-4.6417,48.0736],[-4.628,48.0864],[-4.5128,48.0968],[-4.5109,48.0973],[-4.5241,48.1928],[-4.5316,48.1831],[-4.5575,48.1772],[-4.5438,48.2051],[-4.5612,48.225],[-4.5547,48.2596],[-4.5573,48.263],[-4.6263,48.2665],[-4.6263,48.2871],[-4.5767,48.2899],[-4.575,48.2907],[-4.5595,48.3387],[-4.5445,48.3402],[-4.5476,48.3629],[-4.6189,48.3485],[-4.6876,48.3621],[-4.6908,48.3623],[-4.7045,48.3416],[-4.755,48.342],[-4.7834,48.3764],[-4.7648,48.3776],[-4.7834,48.4174],[-4.7799,48.4549],[-4.7493,48.4788],[-4.7746,48.4913],[-4.7646,48.5202],[-4.722,48.5682],[-4.6425,48.5819],[-4.6277,48.5788],[-4.5976,48.5914],[-4.6077,48.603],[-4.5807,48.6022],[-4.592,48.6834],[-4.5919,48.6834],[-4.592,48.6838],[-3.8424,48.8101],[-3.7487,48.8259],[-3.7018,48.8338],[-3.655,48.8417],[-3.5613,48.8575],[-3.4676,48.8733],[-3.296,48.9022],[-3.2958,48.9022],[-3.2956,48.9022],[-3.0928,48.8711],[-3.0915,48.8713],[-3.0915,48.8709],[-2.537,48.7859],[-2.2427,48.7407],[-2.0956,48.7182],[-2.0588,48.7125],[-2.0588,48.6926],[-2.0588,48.667],[-2.022,48.667],[-2.022,48.6495],[-2.0287,48.6433],[-2.0275,48.6415],[-2.022,48.6333],[-2.022,48.6159],[-2.0323,48.6159],[-2.0175,48.5907],[-1.9988,48.5907],[-1.9988,48.5654],[-1.9982,48.5648],[-1.9652,48.5648],[-1.9491,48.5392],[-1.9485,48.5383],[-1.9251,48.5448],[-1.9102,48.5036],[-1.918,48.473],[-1.944,48.4467],[-1.9517,48.4228],[-1.9327,48.3639],[-1.9615,48.3421],[-1.9615,48.3003],[-1.9824,48.2803],[-2.066,48.2952],[-2.1172,48.2608],[-2.1602,48.2607],[-2.186,48.2226],[-2.2108,48.2096],[-2.2319,48.1641],[-2.2873,48.1337],[-2.2352,48.0786],[-2.1882,48.0797],[-2.1913,48.0525],[-2.2576,48.0389],[-2.2711,48.0054],[-2.2554,47.9974],[-2.1677,47.9847],[-2.1243,47.9636],[-2.106,47.945],[-2.1002,47.9119],[-2.1095,47.8488],[-2.0612,47.8463],[-2.0524,47.8218],[-2.068,47.7962],[-2.1223,47.7743],[-2.1103,47.7588],[-2.0716,47.7572],[-2.0767,47.7333],[-2.1159,47.7317],[-2.1263,47.7142],[-2.1062,47.669],[-2.1028,47.6393],[-2.0885,47.6326],[-2.0858,47.608],[-2.11,47.5423],[-2.1544,47.5131],[-2.1868,47.4814],[-2.2109,47.5076],[-2.2534,47.4953],[-2.3023,47.5016],[-2.3345,47.464],[-2.4041,47.4556],[-2.4331,47.4658],[-2.4611,47.4526],[-2.4649,47.4535],[-2.4649,47.4322],[-2.5014,47.4322],[-2.5014,47.4247],[-2.5379,47.4247],[-2.5379,47.4473],[-2.5744,47.4473],[-2.6109,47.4473],[-2.6474,47.4473],[-2.684,47.4473],[-2.684,47.4448],[-2.684,47.411],[-2.7238,47.411],[-2.7238,47.4045]]],[[[-3.0766,51.3624],[-3.0766,51.4039],[-3.0501,51.4039],[-3.0501,51.4454],[-3.0237,51.4454],[-3.0237,51.4704],[-2.9972,51.4704],[-2.9707,51.4704],[-2.9443,51.4704],[-2.9178,51.4704],[-2.9178,51.4769],[-2.8913,51.4769],[-2.8913,51.5114],[-2.8649,51.5114],[-2.8649,51.5172],[-2.8384,51.5172],[-2.812,51.5172],[-2.812,51.5333],[-2.7855,51.5333],[-2.7591,51.5333],[-2.7326,51.5333],[-2.7326,51.5622],[-2.7061,51.5622],[-2.7061,51.5868],[-2.6796,51.5868],[-2.6666,51.5868],[-2.6531,51.5868],[-2.627,51.5868],[-2.6266,51.5872],[-2.6266,51.6271],[-2.6527,51.6271],[-2.6531,51.6268],[-2.6654,51.6173],[-2.6835,51.659],[-2.6617,51.6755],[-2.6837,51.7261],[-2.6702,51.7495],[-2.6758,51.7867],[-2.6485,51.8214],[-2.6589,51.8177],[-2.6958,51.8363],[-2.7287,51.8384],[-2.7757,51.875],[-2.8736,51.9292],[-2.9525,51.9087],[-2.9823,51.9228],[-2.9988,51.9467],[-3.0512,51.9835],[-3.0799,52.0168],[-3.0876,52.0517],[-3.1238,52.0757],[-3.1014,52.1132],[-3.1222,52.132],[-3.0757,52.1528],[-3.1077,52.1727],[-3.0541,52.2302],[-3.0025,52.257],[-2.9684,52.2578],[-2.9995,52.2962],[-2.9637,52.3226],[-2.9574,52.3412],[-3.0706,52.3466],[-3.1037,52.3681],[-3.1993,52.4125],[-3.2151,52.4384],[-3.1903,52.4688],[-3.1077,52.4939],[-3.0308,52.4969],[-2.9764,52.5381],[-3.0053,52.5673],[-3.1107,52.527],[-3.124,52.5665],[-3.1163,52.5863],[-3.0742,52.6067],[-3.0657,52.6336],[-3.0402,52.6467],[-3.0133,52.7084],[-2.9674,52.7199],[-2.9615,52.7337],[-2.9985,52.7561],[-3.0575,52.7662],[-3.0822,52.783],[-3.1404,52.7963],[-3.1522,52.8298],[-3.1219,52.8549],[-3.1284,52.88],[-3.0862,52.9136],[-3.0039,52.9498],[-2.9584,52.9505],[-2.933,52.9343],[-2.878,52.9414],[-2.848,52.9373],[-2.795,52.9039],[-2.7795,52.9006],[-2.7215,52.9182],[-2.7162,52.9418],[-2.7277,52.9665],[-2.7686,52.9815],[-2.8062,52.985],[-2.8505,53.0172],[-2.871,53.0663],[-2.8974,53.1022],[-2.9568,53.1446],[-2.9524,53.1529],[-2.9153,53.1671],[-2.9136,53.1834],[-2.9556,53.2155],[-3.0198,53.2467],[-3.0845,53.2586],[-3.0925,53.2787],[-3.1108,53.2787],[-3.1371,53.2787],[-3.1371,53.2954],[-3.1634,53.2954],[-3.1634,53.3226],[-3.1897,53.3226],[-3.1897,53.3208],[-3.216,53.3208],[-3.216,53.3528],[-3.2423,53.3528],[-3.2423,53.3832],[-3.2423,53.3849],[-3.2686,53.3849],[-3.2686,53.4153],[-3.2423,53.4137],[-3.1897,53.4105],[-3.1581,53.4085],[-3.1573,53.4088],[-3.1147,53.4127],[-3.095,53.4172],[-3.0938,53.4176],[-3.0867,53.4211],[-3.0792,53.4514],[-3.0726,53.4779],[-3.066,53.5043],[-3.0966,53.5443],[-3.1019,53.5581],[-3.0995,53.572],[-3.0876,53.5877],[-3.0316,53.6431],[-3.0194,53.6925],[-3.0071,53.742],[-3.0215,53.7458],[-3.0492,53.7695],[-3.0564,53.803],[-3.0449,53.8785],[-3.0566,53.9062],[-3.0407,53.9235],[-3.0176,53.932],[-2.9565,53.9458],[-2.948,53.9801],[-2.9469,53.9846],[-2.948,53.9856],[-3.0121,54.0446],[-3.0441,54.0741],[-3.0762,54.1036],[-3.1,54.1255],[-3.1179,54.1088],[-3.1453,54.1],[-3.1454,54.0638],[-3.1898,54.0979],[-3.241,54.1121],[-3.2331,54.1592],[-3.2484,54.1737],[-3.2391,54.1754],[-3.2716,54.1969],[-3.3068,54.1919],[-3.3285,54.2047],[-3.4074,54.2777],[-3.4055,54.3013],[-3.4112,54.3061],[-3.556,54.4536],[-3.5919,54.4831],[-3.6342,54.5129],[-3.6116,54.5299],[-3.5909,54.5636],[-3.5912,54.5648],[-3.5911,54.5649],[-3.5912,54.5652],[-3.5887,54.5694],[-3.5871,54.574],[-3.6308,54.6142],[-3.7241,54.6277],[-3.768,54.6341],[-3.8119,54.6405],[-3.8119,54.6618],[-3.8119,54.6681],[-3.8119,54.6894],[-3.768,54.6894],[-3.768,54.7203],[-3.7241,54.7203],[-3.7241,54.732],[-3.6874,54.732],[-3.6874,54.7584],[-3.6508,54.7584],[-3.6508,54.7847],[-3.6363,54.7847],[-3.6141,54.7847],[-3.5924,54.7847],[-3.5924,54.8111],[-3.5485,54.8111],[-3.5485,54.8367],[-3.5054,54.8367],[-3.5054,54.8627],[-3.4624,54.8627],[-3.4624,54.8886],[-3.4607,54.8886],[-3.4607,54.9146],[-3.4607,54.936],[-3.4168,54.936],[-3.3729,54.936],[-3.3729,54.9326],[-3.329,54.9326],[-3.329,54.9764],[-3.2851,54.9745],[-3.2412,54.9727],[-3.1973,54.9708],[-3.1534,54.9689],[-3.1534,54.937],[-3.1228,54.9327],[-3.1095,54.9356],[-3.1095,54.9722],[-3.0656,54.9791],[-3.0503,54.9815],[-3.033,55.0152],[-3.0303,55.0459],[-3.015,55.0515],[-2.9538,55.041],[-2.9223,55.0717],[-2.8831,55.0836],[-2.8503,55.1113],[-2.8595,55.1363],[-2.8895,55.1552],[-2.8842,55.2019],[-2.8639,55.2185],[-2.8689,55.2369],[-2.8984,55.238],[-2.8726,55.2619],[-2.8912,55.278],[-2.945,55.288],[-2.9975,55.2683],[-3.0345,55.273],[-3.057,55.3072],[-3.0984,55.3296],[-3.1045,55.3522],[-3.1642,55.3497],[-3.2075,55.3722],[-3.285,55.3411],[-3.3039,55.3427],[-3.3034,55.3849],[-3.2414,55.4188],[-3.2525,55.4288],[-3.3164,55.4383],[-3.345,55.4119],[-3.4106,55.4119],[-3.4437,55.4044],[-3.5003,55.4097],[-3.5348,55.438],[-3.5122,55.4922],[-3.485,55.515],[-3.4872,55.5602],[-3.527,55.6002],[-3.4781,55.6122],[-3.4795,55.6485],[-3.3945,55.7077],[-3.4359,55.7183],[-3.4579,55.7696],[-3.5228,55.7855],[-3.565,55.7877],[-3.59,55.8016],[-3.6112,55.8038],[-3.6881,55.7952],[-3.7239,55.778],[-3.7334,55.7835],[-3.7184,55.8124],[-3.745,55.858],[-3.7103,55.8702],[-3.7064,55.8769],[-3.7283,55.8833],[-3.7934,55.8719],[-3.8206,55.8891],[-3.8089,55.8952],[-3.7739,55.9024],[-3.7192,55.9319],[-3.6673,55.9422],[-3.6642,55.9544],[-3.635,55.9652],[-3.5986,55.9911],[-3.5795,55.9936],[-3.5667,55.9866],[-3.5395,55.9866],[-3.5053,56.0056],[-3.4999,56.0047],[-3.4693,55.9999],[-3.4498,55.9968],[-3.4386,55.995],[-3.4079,55.9901],[-3.4054,55.9897],[-3.3772,55.9897],[-3.3583,55.9897],[-3.3466,55.9916],[-3.3466,56.0108],[-3.3159,56.0108],[-3.2852,56.0108],[-3.2852,56.0153],[-3.2545,56.0153],[-3.2239,56.0153],[-3.2239,56.0068],[-3.1932,56.0068],[-3.1625,56.0068],[-3.1625,55.9989],[-3.1318,55.9989],[-3.1012,55.9989],[-3.1012,56.0164],[-3.0759,56.0164],[-3.1012,55.9912],[-3.1188,55.9737],[-3.1012,55.9726],[-3.0708,55.9707],[-3.0404,55.9688],[-2.9971,55.9661],[-2.9796,55.9729],[-2.8628,56.0177],[-2.871,56.0307],[-2.8231,56.0598],[-2.8028,56.0648],[-2.6351,56.0581],[-2.616,56.0532],[-2.5694,56.0245],[-2.5728,56.0193],[-2.5172,56.0042],[-2.5079,56.0102],[-2.4597,55.9885],[-2.438,55.9826],[-2.4144,55.9783],[-2.4041,55.9734],[-2.2322,55.9267],[-2.1468,55.9173],[-2.144,55.913],[-2.086,55.9094],[-2.0517,55.864],[-2.0102,55.8092],[-1.9995,55.795],[-1.9929,55.7902],[-1.9595,55.7661],[-1.8304,55.6727],[-1.7751,55.6432],[-1.7686,55.6419],[-1.7646,55.6376],[-1.7296,55.6189],[-1.7183,55.6116],[-1.6991,55.613],[-1.6308,55.5851],[-1.6347,55.5644],[-1.6172,55.5503],[-1.6308,55.5373],[-1.6029,55.5236],[-1.6113,55.508],[-1.5849,55.4837],[-1.5817,55.4215],[-1.5208,55.2596],[-1.4974,55.2037],[-1.4519,55.0948],[-1.4406,55.0676],[-1.4301,55.0425],[-1.4285,55.0404],[-1.4079,55.0132],[-1.3873,54.986],[-1.3702,54.9755],[-1.3627,54.9648],[-1.3635,54.9545],[-1.3311,54.9116],[-1.3272,54.9065],[-1.2987,54.8688],[-1.2339,54.7831],[-1.2337,54.7829],[-1.2014,54.7402],[-1.1691,54.6975],[-1.1647,54.6917],[-1.1367,54.6547],[-1.1327,54.6494],[-1.1279,54.648],[-0.8917,54.5796],[-0.7879,54.5608],[-0.7788,54.5574],[-0.6939,54.5259],[-0.43,54.4639],[-0.3892,54.3884],[-0.309,54.24],[-0.2368,54.1933],[-0.232,54.1902],[-0.1987,54.1741],[-0.1606,54.1558],[-0.0844,54.119],[-0.0847,54.1188],[-0.0846,54.1188],[-0.0847,54.1187],[-0.0844,54.1186],[-0.086,54.1178],[-0.0755,54.1121],[-0.13,54.0944],[-0.1564,54.0804],[-0.1971,54.0329],[-0.1028,53.8585],[-0.0673,53.8217],[-0.0452,53.8012],[0.1335,53.6426],[0.1493,53.6096],[0.1369,53.5771],[0.1096,53.5629],[0.136,53.6107],[0.1063,53.6221],[0.1172,53.6086],[0.1166,53.6089],[0.1172,53.6082],[0.1165,53.6086],[0.1168,53.6082],[0.0772,53.629],[0.0644,53.6324],[0.0376,53.6395],[0.0159,53.6388],[0.0345,53.6045],[0.0117,53.6045],[0.0117,53.586],[-0.0146,53.586],[-0.041,53.586],[-0.0674,53.586],[-0.0938,53.586],[-0.0938,53.6076],[-0.1201,53.6076],[-0.1201,53.6383],[-0.1465,53.6383],[-0.1549,53.6383],[-0.1728,53.6383],[-0.1992,53.6383],[-0.1992,53.6576],[-0.1992,53.669],[-0.1992,53.685],[-0.2255,53.685],[-0.2278,53.685],[-0.2519,53.685],[-0.2519,53.7123],[-0.2783,53.7123],[-0.2995,53.7123],[-0.3047,53.7137],[-0.3072,53.7143],[-0.331,53.7117],[-0.3574,53.7088],[-0.3838,53.7058],[-0.4101,53.7029],[-0.4364,53.7],[-0.4364,53.7143],[-0.4497,53.7143],[-0.4628,53.7136],[-0.4892,53.7123],[-0.5156,53.711],[-0.5419,53.7096],[-0.5419,53.6832],[-0.5683,53.6953],[-0.5683,53.7222],[-0.5792,53.728],[-0.5946,53.7291],[-0.621,53.7309],[-0.637,53.732],[-0.6474,53.7284],[-0.6738,53.7191],[-0.7002,53.7098],[-0.7002,53.6916],[-0.6993,53.6913],[-0.767,53.6581],[-0.8441,53.6138],[-0.8607,53.6124],[-0.8609,53.5816],[-0.9045,53.5716],[-0.8728,53.5458],[-0.872,53.5308],[-0.9148,53.533],[-0.9433,53.518],[-0.9194,53.4874],[-0.9698,53.463],[-0.9775,53.4344],[-1.0131,53.4083],[-1.0664,53.413],[-1.1181,53.3786],[-1.1139,53.3561],[-1.1211,53.3455],[-1.1447,53.3377],[-1.135,53.3258],[-1.1661,53.3063],[-1.176,53.2929],[-1.1603,53.2622],[-1.1959,53.2325],[-1.1909,53.1677],[-1.2439,53.1516],[-1.2764,53.1541],[-1.3128,53.131],[-1.292,53.0838],[-1.3297,53.0502],[-1.3214,53.013],[-1.2839,52.9858],[-1.2711,52.8988],[-1.2326,52.8807],[-1.2628,52.8616],[-1.3014,52.8625],[-1.3706,52.8313],[-1.3953,52.79],[-1.4272,52.7838],[-1.4747,52.7486],[-1.5328,52.7497],[-1.5434,52.7336],[-1.535,52.7061],[-1.5831,52.685],[-1.58,52.6769],[-1.5339,52.6416],[-1.5589,52.6216],[-1.5423,52.6008],[-1.5458,52.5808],[-1.495,52.5563],[-1.4172,52.5352],[-1.3959,52.5125],[-1.2934,52.4794],[-1.2411,52.4261],[-1.2117,52.4158],[-1.1866,52.3813],[-1.1653,52.348],[-1.2334,52.3275],[-1.2417,52.311],[-1.2026,52.3013],[-1.2242,52.2824],[-1.2081,52.2499],[-1.2659,52.2277],[-1.2487,52.1952],[-1.3031,52.1811],[-1.3212,52.1615],[-1.2372,52.096],[-1.3067,52.0774],[-1.2939,52.0713],[-1.2967,52.0388],[-1.265,51.9797],[-1.1837,51.9783],[-1.1384,51.9897],[-1.1082,52.0092],[-1.1418,52.0177],[-1.0967,52.0438],[-1.0367,52.0536],[-1.0233,52.0647],[-0.9406,52.0719],[-0.9014,52.0186],[-0.8674,52.0338],[-0.8565,52.0405],[-0.8559,52.0585],[-0.8275,52.0644],[-0.8278,52.0722],[-0.8517,52.0858],[-0.8784,52.116],[-0.8259,52.1274],[-0.8067,52.1522],[-0.7761,52.1469],[-0.762,52.1624],[-0.7289,52.1616],[-0.6545,52.1925],[-0.6345,52.216],[-0.6414,52.2591],[-0.5906,52.2661],[-0.5586,52.248],[-0.5412,52.2458],[-0.5253,52.2605],[-0.5253,52.2833],[-0.5031,52.303],[-0.4588,52.3088],[-0.4295,52.2974],[-0.4189,52.278],[-0.3711,52.2677],[-0.3684,52.2419],[-0.3553,52.2271],[-0.3317,52.2291],[-0.2934,52.2241],[-0.292,52.2027],[-0.2531,52.1919],[-0.2339,52.1727],[-0.247,52.1605],[-0.207,52.1505],[-0.2167,52.1327],[-0.17,52.1297],[-0.132,52.1336],[-0.1461,52.0697],[-0.1356,52.0435],[-0.1092,52.0194],[-0.0295,52.0399],[-0.0114,52.0516],[0.0514,52.0433],[0.0805,52.0024],[0.0825,51.9833],[0.1108,51.9736],[0.1417,51.8839],[0.1899,51.8902],[0.1992,51.8658],[0.1736,51.8483],[0.173,51.8252],[0.1903,51.8166],[0.158,51.7905],[0.1083,51.7775],[0.0356,51.7683],[0,51.7331],[-0.0113,51.6772],[-0.1481,51.6891],[-0.1584,51.6758],[-0.1654,51.6713],[-0.1734,51.6663],[-0.2006,51.6622],[-0.2175,51.6541],[-0.2289,51.6686],[-0.2384,51.6722],[-0.2453,51.6674],[-0.2542,51.6441],[-0.2936,51.6383],[-0.3209,51.6344],[-0.3739,51.6144],[-0.3998,51.6148],[-0.432,51.6152],[-0.4589,51.6108],[-0.47,51.6174],[-0.4814,51.616],[-0.4861,51.5977],[-0.4935,51.5909],[-0.4714,51.55],[-0.4845,51.4944],[-0.4972,51.4778],[-0.5128,51.4758],[-0.5212,51.4502],[-0.5184,51.4394],[-0.5316,51.4337],[-0.5757,51.4456],[-0.5903,51.4263],[-0.5989,51.4036],[-0.6197,51.3877],[-0.6581,51.3822],[-0.6987,51.3669],[-0.7209,51.3638],[-0.7653,51.3313],[-0.7297,51.2916],[-0.7311,51.2438],[-0.7484,51.2316],[-0.7995,51.2391],[-0.8292,51.226],[-0.84,51.2039],[-0.8245,51.1827],[-0.8236,51.1516],[-0.7909,51.1469],[-0.78,51.1235],[-0.747,51.1113],[-0.7537,51.0887],[-0.7881,51.0605],[-0.8286,51.0636],[-0.8626,51.0436],[-0.9308,50.9438],[-0.9217,50.9205],[-0.9525,50.8919],[-0.9233,50.8652],[-0.9298,50.84],[-0.9507,50.8423],[-0.9507,50.824],[-0.9503,50.8238],[-0.9478,50.8178],[-0.9507,50.8135],[-0.9507,50.7958],[-0.9505,50.7956],[-0.9138,50.7956],[-0.9138,50.7548],[-0.9507,50.7489],[-0.9943,50.7418],[-1.0379,50.7347],[-1.0815,50.7277],[-1.1027,50.7242],[-1.0942,50.7126],[-1.0828,50.7133],[-1.0623,50.6928],[-1.0642,50.6907],[-1.0636,50.6904],[-1.0639,50.6903],[-1.0638,50.6902],[-1.0639,50.6902],[-1.0636,50.69],[-1.0656,50.6892],[-1.0753,50.6785],[-1.1142,50.6697],[-1.137,50.6605],[-1.1545,50.6481],[-1.1657,50.6303],[-1.1684,50.6035],[-1.2792,50.5825],[-1.3155,50.5892],[-1.3521,50.6059],[-1.493,50.661],[-1.561,50.6499],[-1.6045,50.6429],[-1.6481,50.6358],[-1.6917,50.6288],[-1.7353,50.6217],[-1.8225,50.6076],[-1.9097,50.5935],[-2.0841,50.5652],[-2.2585,50.537],[-2.4892,50.4996],[-2.4893,50.4996],[-2.4896,50.4996],[-2.6072,50.5489],[-2.7816,50.6221],[-2.8688,50.6587],[-2.9123,50.6769],[-2.9559,50.6952],[-2.9573,50.6958],[-3.1303,50.5731],[-3.133,50.5712],[-3.2188,50.5104],[-3.2617,50.48],[-3.3046,50.4495],[-3.3061,50.4485],[-3.3929,50.3869],[-3.4363,50.3561],[-3.4364,50.3561],[-3.4797,50.3254],[-3.616,50.2287],[-3.6163,50.2287],[-3.6164,50.2287],[-3.6476,50.2325],[-3.6456,50.226],[-3.718,50.2124],[-3.7742,50.223],[-3.789,50.2124],[-3.8263,50.2342],[-3.8562,50.2581],[-4.0106,50.277],[-4.0878,50.2865],[-4.1264,50.2912],[-4.165,50.296],[-4.2422,50.3054],[-4.3194,50.3149],[-4.4737,50.3338],[-4.4954,50.3284],[-4.5716,50.3256],[-5.0568,50.0612],[-5.0565,50.0606],[-5.0981,50.0144],[-5.1465,50.0106],[-5.1761,49.9879],[-5.1912,49.9591],[-5.2143,49.9754],[-5.2433,49.9596],[-5.2435,49.9597],[-5.2437,49.9596],[-5.5482,50.0738],[-5.5784,50.0548],[-5.6674,50.0429],[-5.7051,50.0523],[-5.7156,50.0827],[-5.6988,50.0854],[-5.7092,50.1326],[-5.7082,50.1338],[-5.7765,50.1594],[-5.7762,50.1596],[-5.7763,50.1596],[-5.7762,50.1597],[-5.7765,50.1598],[-4.9295,50.7673],[-4.8908,50.7951],[-4.7946,50.8641],[-4.7465,50.8986],[-4.6984,50.9331],[-4.506,51.0711],[-4.3112,51.2108],[-4.0825,51.2657],[-3.8707,51.3165],[-3.7648,51.3419],[-3.7383,51.3482],[-3.7119,51.3546],[-3.7119,51.3328],[-3.6854,51.3328],[-3.659,51.3328],[-3.659,51.3095],[-3.6325,51.3095],[-3.606,51.3095],[-3.5795,51.3095],[-3.5531,51.3095],[-3.5531,51.3049],[-3.5266,51.3049],[-3.5001,51.3049],[-3.4736,51.3049],[-3.4472,51.3049],[-3.4472,51.2923],[-3.4207,51.2923],[-3.3942,51.2923],[-3.3677,51.2923],[-3.3413,51.2923],[-3.2884,51.2923],[-3.2619,51.2923],[-3.2355,51.2923],[-3.2355,51.2794],[-3.209,51.2794],[-3.209,51.3209],[-3.1825,51.3209],[-3.156,51.3209],[-3.1296,51.3209],[-3.1296,51.3217],[-3.1031,51.3217],[-3.1031,51.3624],[-3.0766,51.3624]]],[[[-3.0759,56.0164],[-3.0759,56.0416],[-3.0507,56.0416],[-3.0759,56.0164]]]]}},
{"type":"Feature","properties":{"entityId":"brittonic-kingdoms","from":523,"to":547,"certainty":"estimated","source":"유럽 쪽은 Natural Earth 1:10m admin-1(v5.1.2) 현대 행정구역 조각을 그 시기 국경에 맞춰 묶고, 조각이 역사 경계와 다른 곳은 선을 그어 나눈 근사. 유럽 밖(시베리아·중앙아시아·극동)은 대략적인 추정. 운영자 검수 필요"},"geometry":{"type":"MultiPolygon","coordinates":[[[[-2.7238,47.4045],[-2.7637,47.4318],[-2.8435,47.4865],[-2.9648,47.5697],[-3.003,47.5794],[-3.0034,47.5787],[-3.0424,47.5881],[-3.0738,47.5765],[-3.112,47.5992],[-3.1289,47.5476],[-3.1233,47.519],[-3.0845,47.4782],[-3.1317,47.4782],[-3.1438,47.507],[-3.1339,47.5439],[-3.1412,47.598],[-3.1642,47.6201],[-3.3805,47.6748],[-3.5151,47.7088],[-3.5487,47.7173],[-3.5824,47.7258],[-3.6498,47.7429],[-4.0648,47.8478],[-4.0697,47.8482],[-4.1696,47.8235],[-4.1852,47.8134],[-4.2252,47.8024],[-4.3718,47.8072],[-4.3734,47.8287],[-4.3476,47.8383],[-4.3474,47.8532],[-4.376,47.8777],[-4.4078,47.9345],[-4.4912,47.9556],[-4.4957,47.9875],[-4.5681,48.008],[-4.572,48.0059],[-4.5804,48.0114],[-4.6321,48.026],[-4.653,48.0263],[-4.7281,48.0406],[-4.6974,48.0749],[-4.6837,48.0673],[-4.6417,48.0736],[-4.628,48.0864],[-4.5128,48.0968],[-4.5109,48.0973],[-4.5241,48.1928],[-4.5316,48.1831],[-4.5575,48.1772],[-4.5438,48.2051],[-4.5612,48.225],[-4.5547,48.2596],[-4.5573,48.263],[-4.6263,48.2665],[-4.6263,48.2871],[-4.5767,48.2899],[-4.575,48.2907],[-4.5595,48.3387],[-4.5445,48.3402],[-4.5476,48.3629],[-4.6189,48.3485],[-4.6876,48.3621],[-4.6908,48.3623],[-4.7045,48.3416],[-4.755,48.342],[-4.7834,48.3764],[-4.7648,48.3776],[-4.7834,48.4174],[-4.7799,48.4549],[-4.7493,48.4788],[-4.7746,48.4913],[-4.7646,48.5202],[-4.722,48.5682],[-4.6425,48.5819],[-4.6277,48.5788],[-4.5976,48.5914],[-4.6077,48.603],[-4.5807,48.6022],[-4.592,48.6834],[-4.5919,48.6834],[-4.592,48.6838],[-3.8424,48.8101],[-3.7487,48.8259],[-3.7018,48.8338],[-3.655,48.8417],[-3.5613,48.8575],[-3.4676,48.8733],[-3.296,48.9022],[-3.2958,48.9022],[-3.2956,48.9022],[-3.0928,48.8711],[-3.0915,48.8713],[-3.0915,48.8709],[-2.537,48.7859],[-2.2427,48.7407],[-2.0956,48.7182],[-2.0588,48.7125],[-2.0588,48.6926],[-2.0588,48.667],[-2.022,48.667],[-2.022,48.6495],[-2.0287,48.6433],[-2.0275,48.6415],[-2.022,48.6333],[-2.022,48.6159],[-2.0323,48.6159],[-2.0175,48.5907],[-1.9988,48.5907],[-1.9988,48.5654],[-1.9982,48.5648],[-1.9652,48.5648],[-1.9491,48.5392],[-1.9485,48.5383],[-1.9251,48.5448],[-1.9102,48.5036],[-1.918,48.473],[-1.944,48.4467],[-1.9517,48.4228],[-1.9327,48.3639],[-1.9615,48.3421],[-1.9615,48.3003],[-1.9824,48.2803],[-2.066,48.2952],[-2.1172,48.2608],[-2.1602,48.2607],[-2.186,48.2226],[-2.2108,48.2096],[-2.2319,48.1641],[-2.2873,48.1337],[-2.2352,48.0786],[-2.1882,48.0797],[-2.1913,48.0525],[-2.2576,48.0389],[-2.2711,48.0054],[-2.2554,47.9974],[-2.1677,47.9847],[-2.1243,47.9636],[-2.106,47.945],[-2.1002,47.9119],[-2.1095,47.8488],[-2.0612,47.8463],[-2.0524,47.8218],[-2.068,47.7962],[-2.1223,47.7743],[-2.1103,47.7588],[-2.0716,47.7572],[-2.0767,47.7333],[-2.1159,47.7317],[-2.1263,47.7142],[-2.1062,47.669],[-2.1028,47.6393],[-2.0885,47.6326],[-2.0858,47.608],[-2.11,47.5423],[-2.1544,47.5131],[-2.1868,47.4814],[-2.2109,47.5076],[-2.2534,47.4953],[-2.3023,47.5016],[-2.3345,47.464],[-2.4041,47.4556],[-2.4331,47.4658],[-2.4611,47.4526],[-2.4649,47.4535],[-2.4649,47.4322],[-2.5014,47.4322],[-2.5014,47.4247],[-2.5379,47.4247],[-2.5379,47.4473],[-2.5744,47.4473],[-2.6109,47.4473],[-2.6474,47.4473],[-2.684,47.4473],[-2.684,47.4448],[-2.684,47.411],[-2.7238,47.411],[-2.7238,47.4045]]],[[[-3.0766,51.3624],[-3.0766,51.4039],[-3.0501,51.4039],[-3.0501,51.4454],[-3.0237,51.4454],[-3.0237,51.4704],[-2.9972,51.4704],[-2.9707,51.4704],[-2.9443,51.4704],[-2.9178,51.4704],[-2.9178,51.4769],[-2.8913,51.4769],[-2.8913,51.5114],[-2.8649,51.5114],[-2.8649,51.5172],[-2.8384,51.5172],[-2.812,51.5172],[-2.812,51.5333],[-2.7855,51.5333],[-2.7591,51.5333],[-2.7326,51.5333],[-2.7326,51.5622],[-2.7061,51.5622],[-2.7061,51.5868],[-2.6796,51.5868],[-2.6666,51.5868],[-2.6531,51.5868],[-2.627,51.5868],[-2.6266,51.5872],[-2.6266,51.6271],[-2.6527,51.6271],[-2.6531,51.6268],[-2.6654,51.6173],[-2.6835,51.659],[-2.6617,51.6755],[-2.6837,51.7261],[-2.6702,51.7495],[-2.6758,51.7867],[-2.6485,51.8214],[-2.6589,51.8177],[-2.6958,51.8363],[-2.7287,51.8384],[-2.7757,51.875],[-2.8736,51.9292],[-2.9525,51.9087],[-2.9823,51.9228],[-2.9988,51.9467],[-3.0512,51.9835],[-3.0799,52.0168],[-3.0876,52.0517],[-3.1238,52.0757],[-3.1014,52.1132],[-3.1222,52.132],[-3.0757,52.1528],[-3.1077,52.1727],[-3.0541,52.2302],[-3.0025,52.257],[-2.9684,52.2578],[-2.9995,52.2962],[-2.9637,52.3226],[-2.9574,52.3412],[-3.0706,52.3466],[-3.1037,52.3681],[-3.1993,52.4125],[-3.2151,52.4384],[-3.1903,52.4688],[-3.1077,52.4939],[-3.0308,52.4969],[-2.9764,52.5381],[-3.0053,52.5673],[-3.1107,52.527],[-3.124,52.5665],[-3.1163,52.5863],[-3.0742,52.6067],[-3.0657,52.6336],[-3.0402,52.6467],[-3.0133,52.7084],[-2.9674,52.7199],[-2.9615,52.7337],[-2.9985,52.7561],[-3.0575,52.7662],[-3.0822,52.783],[-3.1404,52.7963],[-3.1522,52.8298],[-3.1219,52.8549],[-3.1284,52.88],[-3.0862,52.9136],[-3.0039,52.9498],[-2.9584,52.9505],[-2.933,52.9343],[-2.878,52.9414],[-2.848,52.9373],[-2.795,52.9039],[-2.7795,52.9006],[-2.7215,52.9182],[-2.7162,52.9418],[-2.7277,52.9665],[-2.7686,52.9815],[-2.8062,52.985],[-2.8505,53.0172],[-2.871,53.0663],[-2.8974,53.1022],[-2.9568,53.1446],[-2.9524,53.1529],[-2.9153,53.1671],[-2.9136,53.1834],[-2.9556,53.2155],[-3.0198,53.2467],[-3.0845,53.2586],[-3.0925,53.2787],[-3.1108,53.2787],[-3.1371,53.2787],[-3.1371,53.2954],[-3.1634,53.2954],[-3.1634,53.3226],[-3.1897,53.3226],[-3.1897,53.3208],[-3.216,53.3208],[-3.216,53.3528],[-3.2423,53.3528],[-3.2423,53.3832],[-3.2423,53.3849],[-3.2686,53.3849],[-3.2686,53.4153],[-3.2423,53.4137],[-3.1897,53.4105],[-3.1581,53.4085],[-3.1573,53.4088],[-3.1147,53.4127],[-3.095,53.4172],[-3.0938,53.4176],[-3.0867,53.4211],[-3.0792,53.4514],[-3.0726,53.4779],[-3.066,53.5043],[-3.0966,53.5443],[-3.1019,53.5581],[-3.0995,53.572],[-3.0876,53.5877],[-3.0316,53.6431],[-3.0194,53.6925],[-3.0071,53.742],[-3.0215,53.7458],[-3.0492,53.7695],[-3.0564,53.803],[-3.0449,53.8785],[-3.0566,53.9062],[-3.0407,53.9235],[-3.0176,53.932],[-2.9565,53.9458],[-2.948,53.9801],[-2.9469,53.9846],[-2.948,53.9856],[-3.0121,54.0446],[-3.0441,54.0741],[-3.0762,54.1036],[-3.1,54.1255],[-3.1179,54.1088],[-3.1453,54.1],[-3.1454,54.0638],[-3.1898,54.0979],[-3.241,54.1121],[-3.2331,54.1592],[-3.2484,54.1737],[-3.2391,54.1754],[-3.2716,54.1969],[-3.3068,54.1919],[-3.3285,54.2047],[-3.4074,54.2777],[-3.4055,54.3013],[-3.4112,54.3061],[-3.556,54.4536],[-3.5919,54.4831],[-3.6342,54.5129],[-3.6116,54.5299],[-3.5909,54.5636],[-3.5912,54.5648],[-3.5911,54.5649],[-3.5912,54.5652],[-3.5887,54.5694],[-3.5871,54.574],[-3.6308,54.6142],[-3.7241,54.6277],[-3.768,54.6341],[-3.8119,54.6405],[-3.8119,54.6618],[-3.8119,54.6681],[-3.8119,54.6894],[-3.768,54.6894],[-3.768,54.7203],[-3.7241,54.7203],[-3.7241,54.732],[-3.6874,54.732],[-3.6874,54.7584],[-3.6508,54.7584],[-3.6508,54.7847],[-3.6363,54.7847],[-3.6141,54.7847],[-3.5924,54.7847],[-3.5924,54.8111],[-3.5485,54.8111],[-3.5485,54.8367],[-3.5054,54.8367],[-3.5054,54.8627],[-3.4624,54.8627],[-3.4624,54.8886],[-3.4607,54.8886],[-3.4607,54.9146],[-3.4607,54.936],[-3.4168,54.936],[-3.3729,54.936],[-3.3729,54.9326],[-3.329,54.9326],[-3.329,54.9764],[-3.2851,54.9745],[-3.2412,54.9727],[-3.1973,54.9708],[-3.1534,54.9689],[-3.1534,54.937],[-3.1228,54.9327],[-3.1095,54.9356],[-3.1095,54.9722],[-3.0656,54.9791],[-3.0503,54.9815],[-3.033,55.0152],[-3.0303,55.0459],[-3.015,55.0515],[-2.9538,55.041],[-2.9223,55.0717],[-2.8831,55.0836],[-2.8503,55.1113],[-2.8595,55.1363],[-2.8895,55.1552],[-2.8842,55.2019],[-2.8639,55.2185],[-2.8689,55.2369],[-2.8984,55.238],[-2.8726,55.2619],[-2.8912,55.278],[-2.945,55.288],[-2.9975,55.2683],[-3.0345,55.273],[-3.057,55.3072],[-3.0984,55.3296],[-3.1045,55.3522],[-3.1642,55.3497],[-3.2075,55.3722],[-3.285,55.3411],[-3.3039,55.3427],[-3.3034,55.3849],[-3.2414,55.4188],[-3.2525,55.4288],[-3.3164,55.4383],[-3.345,55.4119],[-3.4106,55.4119],[-3.4437,55.4044],[-3.5003,55.4097],[-3.5348,55.438],[-3.5122,55.4922],[-3.485,55.515],[-3.4872,55.5602],[-3.527,55.6002],[-3.4781,55.6122],[-3.4795,55.6485],[-3.3945,55.7077],[-3.4359,55.7183],[-3.4579,55.7696],[-3.5228,55.7855],[-3.565,55.7877],[-3.59,55.8016],[-3.6112,55.8038],[-3.6881,55.7952],[-3.7239,55.778],[-3.7334,55.7835],[-3.7184,55.8124],[-3.745,55.858],[-3.7103,55.8702],[-3.7064,55.8769],[-3.7283,55.8833],[-3.7934,55.8719],[-3.8206,55.8891],[-3.8089,55.8952],[-3.7739,55.9024],[-3.7192,55.9319],[-3.6673,55.9422],[-3.6642,55.9544],[-3.635,55.9652],[-3.5986,55.9911],[-3.5795,55.9936],[-3.5667,55.9866],[-3.5395,55.9866],[-3.5053,56.0056],[-3.4999,56.0047],[-3.4693,55.9999],[-3.4498,55.9968],[-3.4386,55.995],[-3.4079,55.9901],[-3.4054,55.9897],[-3.3772,55.9897],[-3.3583,55.9897],[-3.3466,55.9916],[-3.3466,56.0108],[-3.3159,56.0108],[-3.2852,56.0108],[-3.2852,56.0153],[-3.2545,56.0153],[-3.2239,56.0153],[-3.2239,56.0068],[-3.1932,56.0068],[-3.1625,56.0068],[-3.1625,55.9989],[-3.1318,55.9989],[-3.1012,55.9989],[-3.1012,56.0164],[-3.0759,56.0164],[-3.1012,55.9912],[-3.1188,55.9737],[-3.1012,55.9726],[-3.0708,55.9707],[-3.0404,55.9688],[-2.9971,55.9661],[-2.9796,55.9729],[-2.8628,56.0177],[-2.871,56.0307],[-2.8231,56.0598],[-2.8028,56.0648],[-2.6351,56.0581],[-2.616,56.0532],[-2.5694,56.0245],[-2.5728,56.0193],[-2.5172,56.0042],[-2.5079,56.0102],[-2.4597,55.9885],[-2.438,55.9826],[-2.4144,55.9783],[-2.4041,55.9734],[-2.2322,55.9267],[-2.1468,55.9173],[-2.144,55.913],[-2.086,55.9094],[-2.0517,55.864],[-2.0102,55.8092],[-1.9995,55.795],[-1.9929,55.7902],[-1.9595,55.7661],[-1.8304,55.6727],[-1.7751,55.6432],[-1.7686,55.6419],[-1.7646,55.6376],[-1.7296,55.6189],[-1.7183,55.6116],[-1.6991,55.613],[-1.6308,55.5851],[-1.6347,55.5644],[-1.6172,55.5503],[-1.6308,55.5373],[-1.6029,55.5236],[-1.6113,55.508],[-1.5849,55.4837],[-1.5817,55.4215],[-1.5208,55.2596],[-1.4974,55.2037],[-1.4519,55.0948],[-1.4406,55.0676],[-1.4301,55.0425],[-1.4285,55.0404],[-1.4079,55.0132],[-1.3873,54.986],[-1.3702,54.9755],[-1.3627,54.9648],[-1.3635,54.9545],[-1.3311,54.9116],[-1.3272,54.9065],[-1.2987,54.8688],[-1.2339,54.7831],[-1.2337,54.7829],[-1.2014,54.7402],[-1.1691,54.6975],[-1.1647,54.6917],[-1.1367,54.6547],[-1.1327,54.6494],[-1.1279,54.648],[-0.8917,54.5796],[-0.7879,54.5608],[-0.7788,54.5574],[-0.6939,54.5259],[-0.43,54.4639],[-0.3892,54.3884],[-0.309,54.24],[-0.2368,54.1933],[-0.232,54.1902],[-0.1987,54.1741],[-0.1606,54.1558],[-0.0844,54.119],[-0.0847,54.1188],[-0.0846,54.1188],[-0.0847,54.1187],[-0.0844,54.1186],[-0.086,54.1178],[-0.0755,54.1121],[-0.13,54.0944],[-0.1564,54.0804],[-0.1971,54.0329],[-0.1028,53.8585],[-0.0673,53.8217],[-0.0452,53.8012],[0.1335,53.6426],[0.1493,53.6096],[0.1369,53.5771],[0.1096,53.5629],[0.136,53.6107],[0.1063,53.6221],[0.1172,53.6086],[0.1166,53.6089],[0.1172,53.6082],[0.1165,53.6086],[0.1168,53.6082],[0.0772,53.629],[0.0644,53.6324],[0.0376,53.6395],[0.0159,53.6388],[0.0345,53.6045],[0.0117,53.6045],[0.0117,53.586],[-0.0146,53.586],[-0.041,53.586],[-0.0674,53.586],[-0.0938,53.586],[-0.0938,53.6076],[-0.1201,53.6076],[-0.1201,53.6383],[-0.1465,53.6383],[-0.1549,53.6383],[-0.1728,53.6383],[-0.1992,53.6383],[-0.1992,53.6576],[-0.1992,53.669],[-0.1992,53.685],[-0.2255,53.685],[-0.2278,53.685],[-0.2519,53.685],[-0.2519,53.7123],[-0.2783,53.7123],[-0.2995,53.7123],[-0.3047,53.7137],[-0.3072,53.7143],[-0.331,53.7117],[-0.3574,53.7088],[-0.3838,53.7058],[-0.4101,53.7029],[-0.4364,53.7],[-0.4364,53.7143],[-0.4497,53.7143],[-0.4628,53.7136],[-0.4892,53.7123],[-0.5156,53.711],[-0.5419,53.7096],[-0.5419,53.6832],[-0.5683,53.6953],[-0.5683,53.7222],[-0.5792,53.728],[-0.5946,53.7291],[-0.621,53.7309],[-0.637,53.732],[-0.6474,53.7284],[-0.6738,53.7191],[-0.7002,53.7098],[-0.7002,53.6916],[-0.6993,53.6913],[-0.767,53.6581],[-0.8441,53.6138],[-0.8607,53.6124],[-0.8609,53.5816],[-0.9045,53.5716],[-0.8728,53.5458],[-0.872,53.5308],[-0.9148,53.533],[-0.9433,53.518],[-0.9194,53.4874],[-0.9698,53.463],[-0.9775,53.4344],[-1.0131,53.4083],[-1.0664,53.413],[-1.1181,53.3786],[-1.1139,53.3561],[-1.1211,53.3455],[-1.1447,53.3377],[-1.135,53.3258],[-1.1661,53.3063],[-1.176,53.2929],[-1.1603,53.2622],[-1.1959,53.2325],[-1.1909,53.1677],[-1.2439,53.1516],[-1.2764,53.1541],[-1.3128,53.131],[-1.292,53.0838],[-1.3297,53.0502],[-1.3214,53.013],[-1.2839,52.9858],[-1.2711,52.8988],[-1.2326,52.8807],[-1.2628,52.8616],[-1.3014,52.8625],[-1.3706,52.8313],[-1.3953,52.79],[-1.4272,52.7838],[-1.4747,52.7486],[-1.5328,52.7497],[-1.5434,52.7336],[-1.535,52.7061],[-1.5831,52.685],[-1.58,52.6769],[-1.5339,52.6416],[-1.5589,52.6216],[-1.5423,52.6008],[-1.5458,52.5808],[-1.495,52.5563],[-1.4172,52.5352],[-1.3959,52.5125],[-1.2934,52.4794],[-1.2411,52.4261],[-1.2117,52.4158],[-1.1866,52.3813],[-1.1653,52.348],[-1.2334,52.3275],[-1.2417,52.311],[-1.2026,52.3013],[-1.2242,52.2824],[-1.2081,52.2499],[-1.2659,52.2277],[-1.2487,52.1952],[-1.3031,52.1811],[-1.3212,52.1615],[-1.2372,52.096],[-1.3067,52.0774],[-1.2939,52.0713],[-1.2967,52.0388],[-1.265,51.9797],[-1.1837,51.9783],[-1.1384,51.9897],[-1.1082,52.0092],[-1.1418,52.0177],[-1.0967,52.0438],[-1.0367,52.0536],[-1.0233,52.0647],[-0.9406,52.0719],[-0.9014,52.0186],[-0.8674,52.0338],[-0.8565,52.0405],[-0.8559,52.0585],[-0.8275,52.0644],[-0.8278,52.0722],[-0.8517,52.0858],[-0.8784,52.116],[-0.8259,52.1274],[-0.8067,52.1522],[-0.7761,52.1469],[-0.762,52.1624],[-0.7289,52.1616],[-0.6545,52.1925],[-0.6345,52.216],[-0.6414,52.2591],[-0.5906,52.2661],[-0.5586,52.248],[-0.5412,52.2458],[-0.5253,52.2605],[-0.5253,52.2833],[-0.5031,52.303],[-0.4588,52.3088],[-0.4295,52.2974],[-0.4189,52.278],[-0.3711,52.2677],[-0.3684,52.2419],[-0.3553,52.2271],[-0.3317,52.2291],[-0.2934,52.2241],[-0.292,52.2027],[-0.2531,52.1919],[-0.2339,52.1727],[-0.247,52.1605],[-0.207,52.1505],[-0.2167,52.1327],[-0.17,52.1297],[-0.132,52.1336],[-0.1461,52.0697],[-0.1356,52.0435],[-0.1092,52.0194],[-0.0295,52.0399],[-0.0114,52.0516],[0.0514,52.0433],[0.0805,52.0024],[0.0825,51.9833],[0.1108,51.9736],[0.1417,51.8839],[0.1899,51.8902],[0.1992,51.8658],[0.1736,51.8483],[0.173,51.8252],[0.1903,51.8166],[0.158,51.7905],[0.1083,51.7775],[0.0356,51.7683],[0,51.7331],[-0.0113,51.6772],[-0.1481,51.6891],[-0.1584,51.6758],[-0.1654,51.6713],[-0.1734,51.6663],[-0.2006,51.6622],[-0.2175,51.6541],[-0.2289,51.6686],[-0.2384,51.6722],[-0.2453,51.6674],[-0.2542,51.6441],[-0.2936,51.6383],[-0.3209,51.6344],[-0.3739,51.6144],[-0.3998,51.6148],[-0.432,51.6152],[-0.4589,51.6108],[-0.47,51.6174],[-0.4814,51.616],[-0.4861,51.5977],[-0.4935,51.5909],[-0.4714,51.55],[-0.4845,51.4944],[-0.4972,51.4778],[-0.5128,51.4758],[-0.5212,51.4502],[-0.5184,51.4394],[-0.5316,51.4337],[-0.5757,51.4456],[-0.5903,51.4263],[-0.5989,51.4036],[-0.6197,51.3877],[-0.6581,51.3822],[-0.6987,51.3669],[-0.7209,51.3638],[-0.7653,51.3313],[-0.7992,51.3388],[-0.8197,51.3488],[-0.8529,51.3501],[-0.8864,51.3513],[-0.9192,51.3602],[-0.9667,51.3572],[-0.9964,51.3622],[-1.032,51.3547],[-1.0603,51.3732],[-1.1111,51.3713],[-1.12,51.3547],[-1.2453,51.3689],[-1.3995,51.3705],[-1.4367,51.3524],[-1.4331,51.3347],[-1.487,51.3324],[-1.5267,51.3297],[-1.52,51.3025],[-1.5392,51.2755],[-1.5384,51.2449],[-1.5797,51.2577],[-1.6281,51.2341],[-1.6965,51.2366],[-1.6853,51.2052],[-1.655,51.1713],[-1.6528,51.1263],[-1.622,51.1083],[-1.6314,51.0861],[-1.622,51.0341],[-1.5967,51.0175],[-1.6214,50.9947],[-1.5997,50.9769],[-1.6106,50.9597],[-1.655,50.9502],[-1.6981,50.975],[-1.7406,50.978],[-1.8108,50.9927],[-1.8376,51.0091],[-1.9264,50.9995],[-1.9501,50.9883],[-1.8798,50.9247],[-1.837,50.9335],[-1.805,50.9294],[-1.8114,50.9055],[-1.8392,50.8913],[-1.8328,50.8658],[-1.8057,50.8677],[-1.7961,50.8316],[-1.8095,50.8022],[-1.7865,50.7687],[-1.735,50.778],[-1.7342,50.7544],[-1.6767,50.7544],[-1.6729,50.7401],[-1.6917,50.7361],[-1.6917,50.7105],[-1.6481,50.7105],[-1.6481,50.6865],[-1.6481,50.6809],[-1.6917,50.6809],[-1.6917,50.6548],[-1.6917,50.6513],[-1.6917,50.6288],[-1.7353,50.6217],[-1.8225,50.6076],[-1.9097,50.5935],[-2.0841,50.5652],[-2.2585,50.537],[-2.4892,50.4996],[-2.4893,50.4996],[-2.4896,50.4996],[-2.6072,50.5489],[-2.7816,50.6221],[-2.8688,50.6587],[-2.9123,50.6769],[-2.9559,50.6952],[-2.9573,50.6958],[-3.1303,50.5731],[-3.133,50.5712],[-3.2188,50.5104],[-3.2617,50.48],[-3.3046,50.4495],[-3.3061,50.4485],[-3.3929,50.3869],[-3.4363,50.3561],[-3.4364,50.3561],[-3.4797,50.3254],[-3.616,50.2287],[-3.6163,50.2287],[-3.6164,50.2287],[-3.6476,50.2325],[-3.6456,50.226],[-3.718,50.2124],[-3.7742,50.223],[-3.789,50.2124],[-3.8263,50.2342],[-3.8562,50.2581],[-4.0106,50.277],[-4.0878,50.2865],[-4.1264,50.2912],[-4.165,50.296],[-4.2422,50.3054],[-4.3194,50.3149],[-4.4737,50.3338],[-4.4954,50.3284],[-4.5716,50.3256],[-5.0568,50.0612],[-5.0565,50.0606],[-5.0981,50.0144],[-5.1465,50.0106],[-5.1761,49.9879],[-5.1912,49.9591],[-5.2143,49.9754],[-5.2433,49.9596],[-5.2435,49.9597],[-5.2437,49.9596],[-5.5482,50.0738],[-5.5784,50.0548],[-5.6674,50.0429],[-5.7051,50.0523],[-5.7156,50.0827],[-5.6988,50.0854],[-5.7092,50.1326],[-5.7082,50.1338],[-5.7765,50.1594],[-5.7762,50.1596],[-5.7763,50.1596],[-5.7762,50.1597],[-5.7765,50.1598],[-4.9295,50.7673],[-4.8908,50.7951],[-4.7946,50.8641],[-4.7465,50.8986],[-4.6984,50.9331],[-4.506,51.0711],[-4.3112,51.2108],[-4.0825,51.2657],[-3.8707,51.3165],[-3.7648,51.3419],[-3.7383,51.3482],[-3.7119,51.3546],[-3.7119,51.3328],[-3.6854,51.3328],[-3.659,51.3328],[-3.659,51.3095],[-3.6325,51.3095],[-3.606,51.3095],[-3.5795,51.3095],[-3.5531,51.3095],[-3.5531,51.3049],[-3.5266,51.3049],[-3.5001,51.3049],[-3.4736,51.3049],[-3.4472,51.3049],[-3.4472,51.2923],[-3.4207,51.2923],[-3.3942,51.2923],[-3.3677,51.2923],[-3.3413,51.2923],[-3.2884,51.2923],[-3.2619,51.2923],[-3.2355,51.2923],[-3.2355,51.2794],[-3.209,51.2794],[-3.209,51.3209],[-3.1825,51.3209],[-3.156,51.3209],[-3.1296,51.3209],[-3.1296,51.3217],[-3.1031,51.3217],[-3.1031,51.3624],[-3.0766,51.3624]]],[[[-3.0759,56.0164],[-3.0759,56.0416],[-3.0507,56.0416],[-3.0759,56.0164]]]]}},
{"type":"Feature","properties":{"entityId":"brittonic-kingdoms","from":547,"to":552,"certainty":"estimated","source":"유럽 쪽은 Natural Earth 1:10m admin-1(v5.1.2) 현대 행정구역 조각을 그 시기 국경에 맞춰 묶고, 조각이 역사 경계와 다른 곳은 선을 그어 나눈 근사. 유럽 밖(시베리아·중앙아시아·극동)은 대략적인 추정. 운영자 검수 필요"},"geometry":{"type":"MultiPolygon","coordinates":[[[[-2.7238,47.4045],[-2.7637,47.4318],[-2.8435,47.4865],[-2.9648,47.5697],[-3.003,47.5794],[-3.0034,47.5787],[-3.0424,47.5881],[-3.0738,47.5765],[-3.112,47.5992],[-3.1289,47.5476],[-3.1233,47.519],[-3.0845,47.4782],[-3.1317,47.4782],[-3.1438,47.507],[-3.1339,47.5439],[-3.1412,47.598],[-3.1642,47.6201],[-3.3805,47.6748],[-3.5151,47.7088],[-3.5487,47.7173],[-3.5824,47.7258],[-3.6498,47.7429],[-4.0648,47.8478],[-4.0697,47.8482],[-4.1696,47.8235],[-4.1852,47.8134],[-4.2252,47.8024],[-4.3718,47.8072],[-4.3734,47.8287],[-4.3476,47.8383],[-4.3474,47.8532],[-4.376,47.8777],[-4.4078,47.9345],[-4.4912,47.9556],[-4.4957,47.9875],[-4.5681,48.008],[-4.572,48.0059],[-4.5804,48.0114],[-4.6321,48.026],[-4.653,48.0263],[-4.7281,48.0406],[-4.6974,48.0749],[-4.6837,48.0673],[-4.6417,48.0736],[-4.628,48.0864],[-4.5128,48.0968],[-4.5109,48.0973],[-4.5241,48.1928],[-4.5316,48.1831],[-4.5575,48.1772],[-4.5438,48.2051],[-4.5612,48.225],[-4.5547,48.2596],[-4.5573,48.263],[-4.6263,48.2665],[-4.6263,48.2871],[-4.5767,48.2899],[-4.575,48.2907],[-4.5595,48.3387],[-4.5445,48.3402],[-4.5476,48.3629],[-4.6189,48.3485],[-4.6876,48.3621],[-4.6908,48.3623],[-4.7045,48.3416],[-4.755,48.342],[-4.7834,48.3764],[-4.7648,48.3776],[-4.7834,48.4174],[-4.7799,48.4549],[-4.7493,48.4788],[-4.7746,48.4913],[-4.7646,48.5202],[-4.722,48.5682],[-4.6425,48.5819],[-4.6277,48.5788],[-4.5976,48.5914],[-4.6077,48.603],[-4.5807,48.6022],[-4.592,48.6834],[-4.5919,48.6834],[-4.592,48.6838],[-3.8424,48.8101],[-3.7487,48.8259],[-3.7018,48.8338],[-3.655,48.8417],[-3.5613,48.8575],[-3.4676,48.8733],[-3.296,48.9022],[-3.2958,48.9022],[-3.2956,48.9022],[-3.0928,48.8711],[-3.0915,48.8713],[-3.0915,48.8709],[-2.537,48.7859],[-2.2427,48.7407],[-2.0956,48.7182],[-2.0588,48.7125],[-2.0588,48.6926],[-2.0588,48.667],[-2.022,48.667],[-2.022,48.6495],[-2.0287,48.6433],[-2.0275,48.6415],[-2.022,48.6333],[-2.022,48.6159],[-2.0323,48.6159],[-2.0175,48.5907],[-1.9988,48.5907],[-1.9988,48.5654],[-1.9982,48.5648],[-1.9652,48.5648],[-1.9491,48.5392],[-1.9485,48.5383],[-1.9251,48.5448],[-1.9102,48.5036],[-1.918,48.473],[-1.944,48.4467],[-1.9517,48.4228],[-1.9327,48.3639],[-1.9615,48.3421],[-1.9615,48.3003],[-1.9824,48.2803],[-2.066,48.2952],[-2.1172,48.2608],[-2.1602,48.2607],[-2.186,48.2226],[-2.2108,48.2096],[-2.2319,48.1641],[-2.2873,48.1337],[-2.2352,48.0786],[-2.1882,48.0797],[-2.1913,48.0525],[-2.2576,48.0389],[-2.2711,48.0054],[-2.2554,47.9974],[-2.1677,47.9847],[-2.1243,47.9636],[-2.106,47.945],[-2.1002,47.9119],[-2.1095,47.8488],[-2.0612,47.8463],[-2.0524,47.8218],[-2.068,47.7962],[-2.1223,47.7743],[-2.1103,47.7588],[-2.0716,47.7572],[-2.0767,47.7333],[-2.1159,47.7317],[-2.1263,47.7142],[-2.1062,47.669],[-2.1028,47.6393],[-2.0885,47.6326],[-2.0858,47.608],[-2.11,47.5423],[-2.1544,47.5131],[-2.1868,47.4814],[-2.2109,47.5076],[-2.2534,47.4953],[-2.3023,47.5016],[-2.3345,47.464],[-2.4041,47.4556],[-2.4331,47.4658],[-2.4611,47.4526],[-2.4649,47.4535],[-2.4649,47.4322],[-2.5014,47.4322],[-2.5014,47.4247],[-2.5379,47.4247],[-2.5379,47.4473],[-2.5744,47.4473],[-2.6109,47.4473],[-2.6474,47.4473],[-2.684,47.4473],[-2.684,47.4448],[-2.684,47.411],[-2.7238,47.411],[-2.7238,47.4045]]],[[[-3.0766,51.3624],[-3.0766,51.4039],[-3.0501,51.4039],[-3.0501,51.4454],[-3.0237,51.4454],[-3.0237,51.4704],[-2.9972,51.4704],[-2.9707,51.4704],[-2.9443,51.4704],[-2.9178,51.4704],[-2.9178,51.4769],[-2.8913,51.4769],[-2.8913,51.5114],[-2.8649,51.5114],[-2.8649,51.5172],[-2.8384,51.5172],[-2.812,51.5172],[-2.812,51.5333],[-2.7855,51.5333],[-2.7591,51.5333],[-2.7326,51.5333],[-2.7326,51.5622],[-2.7061,51.5622],[-2.7061,51.5868],[-2.6796,51.5868],[-2.6666,51.5868],[-2.6531,51.5868],[-2.627,51.5868],[-2.6266,51.5872],[-2.6266,51.6271],[-2.6527,51.6271],[-2.6531,51.6268],[-2.6654,51.6173],[-2.6835,51.659],[-2.6617,51.6755],[-2.6837,51.7261],[-2.6702,51.7495],[-2.6758,51.7867],[-2.6485,51.8214],[-2.6589,51.8177],[-2.6958,51.8363],[-2.7287,51.8384],[-2.7757,51.875],[-2.8736,51.9292],[-2.9525,51.9087],[-2.9823,51.9228],[-2.9988,51.9467],[-3.0512,51.9835],[-3.0799,52.0168],[-3.0876,52.0517],[-3.1238,52.0757],[-3.1014,52.1132],[-3.1222,52.132],[-3.0757,52.1528],[-3.1077,52.1727],[-3.0541,52.2302],[-3.0025,52.257],[-2.9684,52.2578],[-2.9995,52.2962],[-2.9637,52.3226],[-2.9574,52.3412],[-3.0706,52.3466],[-3.1037,52.3681],[-3.1993,52.4125],[-3.2151,52.4384],[-3.1903,52.4688],[-3.1077,52.4939],[-3.0308,52.4969],[-2.9764,52.5381],[-3.0053,52.5673],[-3.1107,52.527],[-3.124,52.5665],[-3.1163,52.5863],[-3.0742,52.6067],[-3.0657,52.6336],[-3.0402,52.6467],[-3.0133,52.7084],[-2.9674,52.7199],[-2.9615,52.7337],[-2.9985,52.7561],[-3.0575,52.7662],[-3.0822,52.783],[-3.1404,52.7963],[-3.1522,52.8298],[-3.1219,52.8549],[-3.1284,52.88],[-3.0862,52.9136],[-3.0039,52.9498],[-2.9584,52.9505],[-2.933,52.9343],[-2.878,52.9414],[-2.848,52.9373],[-2.795,52.9039],[-2.7795,52.9006],[-2.7215,52.9182],[-2.7162,52.9418],[-2.7277,52.9665],[-2.7686,52.9815],[-2.8062,52.985],[-2.8505,53.0172],[-2.871,53.0663],[-2.8974,53.1022],[-2.9568,53.1446],[-2.9524,53.1529],[-2.9153,53.1671],[-2.9136,53.1834],[-2.9556,53.2155],[-3.0198,53.2467],[-3.0845,53.2586],[-3.0925,53.2787],[-3.1108,53.2787],[-3.1371,53.2787],[-3.1371,53.2954],[-3.1634,53.2954],[-3.1634,53.3226],[-3.1897,53.3226],[-3.1897,53.3208],[-3.216,53.3208],[-3.216,53.3528],[-3.2423,53.3528],[-3.2423,53.3832],[-3.2423,53.3849],[-3.2686,53.3849],[-3.2686,53.4153],[-3.2423,53.4137],[-3.1897,53.4105],[-3.1581,53.4085],[-3.1573,53.4088],[-3.1147,53.4127],[-3.095,53.4172],[-3.0938,53.4176],[-3.0867,53.4211],[-3.0792,53.4514],[-3.0726,53.4779],[-3.066,53.5043],[-3.0966,53.5443],[-3.1019,53.5581],[-3.0995,53.572],[-3.0876,53.5877],[-3.0316,53.6431],[-3.0194,53.6925],[-3.0071,53.742],[-3.0215,53.7458],[-3.0492,53.7695],[-3.0564,53.803],[-3.0449,53.8785],[-3.0566,53.9062],[-3.0407,53.9235],[-3.0176,53.932],[-2.9565,53.9458],[-2.948,53.9801],[-2.9469,53.9846],[-2.948,53.9856],[-3.0121,54.0446],[-3.0441,54.0741],[-3.0762,54.1036],[-3.1,54.1255],[-3.1179,54.1088],[-3.1453,54.1],[-3.1454,54.0638],[-3.1898,54.0979],[-3.241,54.1121],[-3.2331,54.1592],[-3.2484,54.1737],[-3.2391,54.1754],[-3.2716,54.1969],[-3.3068,54.1919],[-3.3285,54.2047],[-3.4074,54.2777],[-3.4055,54.3013],[-3.4112,54.3061],[-3.556,54.4536],[-3.5919,54.4831],[-3.6342,54.5129],[-3.6116,54.5299],[-3.5909,54.5636],[-3.5912,54.5648],[-3.5911,54.5649],[-3.5912,54.5652],[-3.5887,54.5694],[-3.5871,54.574],[-3.6308,54.6142],[-3.7241,54.6277],[-3.768,54.6341],[-3.8119,54.6405],[-3.8119,54.6618],[-3.8119,54.6681],[-3.8119,54.6894],[-3.768,54.6894],[-3.768,54.7203],[-3.7241,54.7203],[-3.7241,54.732],[-3.6874,54.732],[-3.6874,54.7584],[-3.6508,54.7584],[-3.6508,54.7847],[-3.6363,54.7847],[-3.6141,54.7847],[-3.5924,54.7847],[-3.5924,54.8111],[-3.5485,54.8111],[-3.5485,54.8367],[-3.5054,54.8367],[-3.5054,54.8627],[-3.4624,54.8627],[-3.4624,54.8886],[-3.4607,54.8886],[-3.4607,54.9146],[-3.4607,54.936],[-3.4168,54.936],[-3.3729,54.936],[-3.3729,54.9326],[-3.329,54.9326],[-3.329,54.9764],[-3.2851,54.9745],[-3.2412,54.9727],[-3.1973,54.9708],[-3.1534,54.9689],[-3.1534,54.937],[-3.1228,54.9327],[-3.1095,54.9356],[-3.1095,54.9722],[-3.0656,54.9791],[-3.0503,54.9815],[-3.033,55.0152],[-3.0303,55.0459],[-3.015,55.0515],[-2.9538,55.041],[-2.9223,55.0717],[-2.8831,55.0836],[-2.8503,55.1113],[-2.8595,55.1363],[-2.8895,55.1552],[-2.8842,55.2019],[-2.8639,55.2185],[-2.8689,55.2369],[-2.8984,55.238],[-2.8726,55.2619],[-2.8912,55.278],[-2.945,55.288],[-2.9975,55.2683],[-3.0345,55.273],[-3.057,55.3072],[-3.0984,55.3296],[-3.1045,55.3522],[-3.1642,55.3497],[-3.2075,55.3722],[-3.285,55.3411],[-3.3039,55.3427],[-3.3034,55.3849],[-3.2414,55.4188],[-3.2525,55.4288],[-3.3164,55.4383],[-3.345,55.4119],[-3.4106,55.4119],[-3.4437,55.4044],[-3.5003,55.4097],[-3.5348,55.438],[-3.5122,55.4922],[-3.485,55.515],[-3.4872,55.5602],[-3.527,55.6002],[-3.4781,55.6122],[-3.4795,55.6485],[-3.3945,55.7077],[-3.4359,55.7183],[-3.4579,55.7696],[-3.5228,55.7855],[-3.565,55.7877],[-3.59,55.8016],[-3.6112,55.8038],[-3.6881,55.7952],[-3.7239,55.778],[-3.7334,55.7835],[-3.7184,55.8124],[-3.745,55.858],[-3.7103,55.8702],[-3.7064,55.8769],[-3.7283,55.8833],[-3.7934,55.8719],[-3.8206,55.8891],[-3.8089,55.8952],[-3.7739,55.9024],[-3.7192,55.9319],[-3.6673,55.9422],[-3.6642,55.9544],[-3.635,55.9652],[-3.5986,55.9911],[-3.5795,55.9936],[-3.5667,55.9866],[-3.5395,55.9866],[-3.5053,56.0056],[-3.4999,56.0047],[-3.4693,55.9999],[-3.4498,55.9968],[-3.4386,55.995],[-3.4079,55.9901],[-3.4054,55.9897],[-3.3772,55.9897],[-3.3583,55.9897],[-3.3466,55.9916],[-3.3466,56.0108],[-3.3159,56.0108],[-3.2852,56.0108],[-3.2852,56.0153],[-3.2545,56.0153],[-3.2239,56.0153],[-3.2239,56.0068],[-3.1932,56.0068],[-3.1625,56.0068],[-3.1625,55.9989],[-3.1318,55.9989],[-3.1012,55.9989],[-3.1012,56.0164],[-3.0759,56.0164],[-3.1012,55.9912],[-3.1188,55.9737],[-3.1012,55.9726],[-3.0708,55.9707],[-3.0404,55.9688],[-2.9971,55.9661],[-2.9796,55.9729],[-2.8628,56.0177],[-2.871,56.0307],[-2.8231,56.0598],[-2.8028,56.0648],[-2.6351,56.0581],[-2.616,56.0532],[-2.5694,56.0245],[-2.5728,56.0193],[-2.5172,56.0042],[-2.5079,56.0102],[-2.4597,55.9885],[-2.438,55.9826],[-2.4144,55.9783],[-2.4041,55.9734],[-2.2322,55.9267],[-2.1468,55.9173],[-2.144,55.913],[-2.086,55.9094],[-2.0517,55.864],[-2.0102,55.8092],[-2.0262,55.8092],[-2.0229,55.8055],[-2.0785,55.7904],[-2.092,55.7572],[-2.1629,55.7228],[-2.2428,55.6499],[-2.3066,55.6451],[-2.3273,55.6251],[-2.2787,55.5891],[-2.2567,55.5495],[-2.217,55.5089],[-2.2127,55.4903],[-2.1829,55.4624],[-2.2114,55.4333],[-2.2722,55.4189],[-2.3252,55.3981],[-2.3595,55.3625],[-2.3793,55.3555],[-2.4267,55.366],[-2.4628,55.3604],[-2.5515,55.3144],[-2.6258,55.2625],[-2.6313,55.2234],[-2.685,55.1908],[-2.6409,55.1321],[-2.5978,55.1236],[-2.5875,55.103],[-2.5473,55.0799],[-2.5053,55.0869],[-2.4853,55.0794],[-2.4948,55.058],[-2.482,55.0391],[-2.56,55.0119],[-2.5678,54.9861],[-2.592,54.9666],[-2.565,54.9577],[-2.5417,54.923],[-2.5703,54.893],[-2.5936,54.8827],[-2.5664,54.8583],[-2.5636,54.8236],[-2.5336,54.808],[-2.5,54.8052],[-2.4,54.8472],[-2.362,54.8108],[-2.305,54.7832],[-2.3272,54.7274],[-2.3539,54.6908],[-2.2909,54.6658],[-2.2792,54.6502],[-2.3056,54.6277],[-2.2853,54.588],[-2.2095,54.5522],[-2.1917,54.5313],[-2.1631,54.528],[-2.1552,54.4556],[-2.1389,54.4496],[-2.0998,54.468],[-2.0456,54.4797],[-1.9562,54.4544],[-1.9306,54.4547],[-1.8509,54.4805],[-1.8245,54.5027],[-1.7872,54.4816],[-1.767,54.5286],[-1.7248,54.5249],[-1.6818,54.5311],[-1.6622,54.5308],[-1.6423,54.5233],[-1.63,54.5083],[-1.6003,54.5124],[-1.5909,54.5086],[-1.5778,54.4896],[-1.5325,54.4652],[-1.5203,54.4666],[-1.5256,54.4808],[-1.495,54.4788],[-1.4845,54.471],[-1.4723,54.448],[-1.4603,54.4416],[-1.4461,54.451],[-1.4667,54.4827],[-1.467,54.4941],[-1.447,54.4977],[-1.4361,54.4905],[-1.432,54.4811],[-1.4167,54.4777],[-1.4084,54.4924],[-1.3881,54.4888],[-1.3821,54.4935],[-1.3697,54.4888],[-1.362,54.4675],[-1.3333,54.4675],[-1.3267,54.4622],[-1.2508,54.4866],[-1.2483,54.4874],[-1.235,54.4997],[-1.2017,54.5058],[-1.1795,54.5038],[-1.1142,54.498],[-1.0745,54.5049],[-1.0292,54.4924],[-0.9761,54.4999],[-0.9553,54.4974],[-0.9325,54.4866],[-0.8808,54.4958],[-0.8383,54.4872],[-0.8378,54.5158],[-0.8295,54.53],[-0.8147,54.5405],[-0.7884,54.5472],[-0.7788,54.5574],[-0.6939,54.5259],[-0.43,54.4639],[-0.3892,54.3884],[-0.309,54.24],[-0.2368,54.1933],[-0.232,54.1902],[-0.1987,54.1741],[-0.1606,54.1558],[-0.0844,54.119],[-0.0847,54.1188],[-0.0846,54.1188],[-0.0847,54.1187],[-0.0844,54.1186],[-0.086,54.1178],[-0.0755,54.1121],[-0.13,54.0944],[-0.1564,54.0804],[-0.1971,54.0329],[-0.1028,53.8585],[-0.0673,53.8217],[-0.0452,53.8012],[0.1335,53.6426],[0.1493,53.6096],[0.1369,53.5771],[0.1096,53.5629],[0.136,53.6107],[0.1063,53.6221],[0.1172,53.6086],[0.1166,53.6089],[0.1172,53.6082],[0.1165,53.6086],[0.1168,53.6082],[0.0772,53.629],[0.0644,53.6324],[0.0376,53.6395],[0.0159,53.6388],[0.0345,53.6045],[0.0117,53.6045],[0.0117,53.586],[-0.0146,53.586],[-0.041,53.586],[-0.0674,53.586],[-0.0938,53.586],[-0.0938,53.6076],[-0.1201,53.6076],[-0.1201,53.6383],[-0.1465,53.6383],[-0.1549,53.6383],[-0.1728,53.6383],[-0.1992,53.6383],[-0.1992,53.6576],[-0.1992,53.669],[-0.1992,53.685],[-0.2255,53.685],[-0.2278,53.685],[-0.2519,53.685],[-0.2519,53.7123],[-0.2783,53.7123],[-0.2995,53.7123],[-0.3047,53.7137],[-0.3072,53.7143],[-0.331,53.7117],[-0.3574,53.7088],[-0.3838,53.7058],[-0.4101,53.7029],[-0.4364,53.7],[-0.4364,53.7143],[-0.4497,53.7143],[-0.4628,53.7136],[-0.4892,53.7123],[-0.5156,53.711],[-0.5419,53.7096],[-0.5419,53.6832],[-0.5683,53.6953],[-0.5683,53.7222],[-0.5792,53.728],[-0.5946,53.7291],[-0.621,53.7309],[-0.637,53.732],[-0.6474,53.7284],[-0.6738,53.7191],[-0.7002,53.7098],[-0.7002,53.6916],[-0.6993,53.6913],[-0.767,53.6581],[-0.8441,53.6138],[-0.8607,53.6124],[-0.8609,53.5816],[-0.9045,53.5716],[-0.8728,53.5458],[-0.872,53.5308],[-0.9148,53.533],[-0.9433,53.518],[-0.9194,53.4874],[-0.9698,53.463],[-0.9775,53.4344],[-1.0131,53.4083],[-1.0664,53.413],[-1.1181,53.3786],[-1.1139,53.3561],[-1.1211,53.3455],[-1.1447,53.3377],[-1.135,53.3258],[-1.1661,53.3063],[-1.176,53.2929],[-1.1603,53.2622],[-1.1959,53.2325],[-1.1909,53.1677],[-1.2439,53.1516],[-1.2764,53.1541],[-1.3128,53.131],[-1.292,53.0838],[-1.3297,53.0502],[-1.3214,53.013],[-1.2839,52.9858],[-1.2711,52.8988],[-1.2326,52.8807],[-1.2628,52.8616],[-1.3014,52.8625],[-1.3706,52.8313],[-1.3953,52.79],[-1.4272,52.7838],[-1.4747,52.7486],[-1.5328,52.7497],[-1.5434,52.7336],[-1.535,52.7061],[-1.5831,52.685],[-1.58,52.6769],[-1.5339,52.6416],[-1.5589,52.6216],[-1.5423,52.6008],[-1.5458,52.5808],[-1.495,52.5563],[-1.4172,52.5352],[-1.3959,52.5125],[-1.2934,52.4794],[-1.2411,52.4261],[-1.2117,52.4158],[-1.1866,52.3813],[-1.1653,52.348],[-1.2334,52.3275],[-1.2417,52.311],[-1.2026,52.3013],[-1.2242,52.2824],[-1.2081,52.2499],[-1.2659,52.2277],[-1.2487,52.1952],[-1.3031,52.1811],[-1.3212,52.1615],[-1.2372,52.096],[-1.3067,52.0774],[-1.2939,52.0713],[-1.2967,52.0388],[-1.265,51.9797],[-1.1837,51.9783],[-1.1384,51.9897],[-1.1082,52.0092],[-1.1418,52.0177],[-1.0967,52.0438],[-1.0367,52.0536],[-1.0233,52.0647],[-0.9406,52.0719],[-0.9014,52.0186],[-0.8674,52.0338],[-0.8565,52.0405],[-0.8559,52.0585],[-0.8275,52.0644],[-0.8278,52.0722],[-0.8517,52.0858],[-0.8784,52.116],[-0.8259,52.1274],[-0.8067,52.1522],[-0.7761,52.1469],[-0.762,52.1624],[-0.7289,52.1616],[-0.6545,52.1925],[-0.6345,52.216],[-0.6414,52.2591],[-0.5906,52.2661],[-0.5586,52.248],[-0.5412,52.2458],[-0.5253,52.2605],[-0.5253,52.2833],[-0.5031,52.303],[-0.4588,52.3088],[-0.4295,52.2974],[-0.4189,52.278],[-0.3711,52.2677],[-0.3684,52.2419],[-0.3553,52.2271],[-0.3317,52.2291],[-0.2934,52.2241],[-0.292,52.2027],[-0.2531,52.1919],[-0.2339,52.1727],[-0.247,52.1605],[-0.207,52.1505],[-0.2167,52.1327],[-0.17,52.1297],[-0.132,52.1336],[-0.1461,52.0697],[-0.1356,52.0435],[-0.1092,52.0194],[-0.0295,52.0399],[-0.0114,52.0516],[0.0514,52.0433],[0.0805,52.0024],[0.0825,51.9833],[0.1108,51.9736],[0.1417,51.8839],[0.1899,51.8902],[0.1992,51.8658],[0.1736,51.8483],[0.173,51.8252],[0.1903,51.8166],[0.158,51.7905],[0.1083,51.7775],[0.0356,51.7683],[0,51.7331],[-0.0113,51.6772],[-0.1481,51.6891],[-0.1584,51.6758],[-0.1654,51.6713],[-0.1734,51.6663],[-0.2006,51.6622],[-0.2175,51.6541],[-0.2289,51.6686],[-0.2384,51.6722],[-0.2453,51.6674],[-0.2542,51.6441],[-0.2936,51.6383],[-0.3209,51.6344],[-0.3739,51.6144],[-0.3998,51.6148],[-0.432,51.6152],[-0.4589,51.6108],[-0.47,51.6174],[-0.4814,51.616],[-0.4861,51.5977],[-0.4935,51.5909],[-0.4714,51.55],[-0.4845,51.4944],[-0.4972,51.4778],[-0.5128,51.4758],[-0.5212,51.4502],[-0.5184,51.4394],[-0.5316,51.4337],[-0.5757,51.4456],[-0.5903,51.4263],[-0.5989,51.4036],[-0.6197,51.3877],[-0.6581,51.3822],[-0.6987,51.3669],[-0.7209,51.3638],[-0.7653,51.3313],[-0.7992,51.3388],[-0.8197,51.3488],[-0.8529,51.3501],[-0.8864,51.3513],[-0.9192,51.3602],[-0.9667,51.3572],[-0.9964,51.3622],[-1.032,51.3547],[-1.0603,51.3732],[-1.1111,51.3713],[-1.12,51.3547],[-1.2453,51.3689],[-1.3995,51.3705],[-1.4367,51.3524],[-1.4331,51.3347],[-1.487,51.3324],[-1.5267,51.3297],[-1.52,51.3025],[-1.5392,51.2755],[-1.5384,51.2449],[-1.5797,51.2577],[-1.6281,51.2341],[-1.6965,51.2366],[-1.6853,51.2052],[-1.655,51.1713],[-1.6528,51.1263],[-1.622,51.1083],[-1.6314,51.0861],[-1.622,51.0341],[-1.5967,51.0175],[-1.6214,50.9947],[-1.5997,50.9769],[-1.6106,50.9597],[-1.655,50.9502],[-1.6981,50.975],[-1.7406,50.978],[-1.8108,50.9927],[-1.8376,51.0091],[-1.9264,50.9995],[-1.9501,50.9883],[-1.8798,50.9247],[-1.837,50.9335],[-1.805,50.9294],[-1.8114,50.9055],[-1.8392,50.8913],[-1.8328,50.8658],[-1.8057,50.8677],[-1.7961,50.8316],[-1.8095,50.8022],[-1.7865,50.7687],[-1.735,50.778],[-1.7342,50.7544],[-1.6767,50.7544],[-1.6729,50.7401],[-1.6917,50.7361],[-1.6917,50.7105],[-1.6481,50.7105],[-1.6481,50.6865],[-1.6481,50.6809],[-1.6917,50.6809],[-1.6917,50.6548],[-1.6917,50.6513],[-1.6917,50.6288],[-1.7353,50.6217],[-1.8225,50.6076],[-1.9097,50.5935],[-2.0841,50.5652],[-2.2585,50.537],[-2.4892,50.4996],[-2.4893,50.4996],[-2.4896,50.4996],[-2.6072,50.5489],[-2.7816,50.6221],[-2.8688,50.6587],[-2.9123,50.6769],[-2.9559,50.6952],[-2.9573,50.6958],[-3.1303,50.5731],[-3.133,50.5712],[-3.2188,50.5104],[-3.2617,50.48],[-3.3046,50.4495],[-3.3061,50.4485],[-3.3929,50.3869],[-3.4363,50.3561],[-3.4364,50.3561],[-3.4797,50.3254],[-3.616,50.2287],[-3.6163,50.2287],[-3.6164,50.2287],[-3.6476,50.2325],[-3.6456,50.226],[-3.718,50.2124],[-3.7742,50.223],[-3.789,50.2124],[-3.8263,50.2342],[-3.8562,50.2581],[-4.0106,50.277],[-4.0878,50.2865],[-4.1264,50.2912],[-4.165,50.296],[-4.2422,50.3054],[-4.3194,50.3149],[-4.4737,50.3338],[-4.4954,50.3284],[-4.5716,50.3256],[-5.0568,50.0612],[-5.0565,50.0606],[-5.0981,50.0144],[-5.1465,50.0106],[-5.1761,49.9879],[-5.1912,49.9591],[-5.2143,49.9754],[-5.2433,49.9596],[-5.2435,49.9597],[-5.2437,49.9596],[-5.5482,50.0738],[-5.5784,50.0548],[-5.6674,50.0429],[-5.7051,50.0523],[-5.7156,50.0827],[-5.6988,50.0854],[-5.7092,50.1326],[-5.7082,50.1338],[-5.7765,50.1594],[-5.7762,50.1596],[-5.7763,50.1596],[-5.7762,50.1597],[-5.7765,50.1598],[-4.9295,50.7673],[-4.8908,50.7951],[-4.7946,50.8641],[-4.7465,50.8986],[-4.6984,50.9331],[-4.506,51.0711],[-4.3112,51.2108],[-4.0825,51.2657],[-3.8707,51.3165],[-3.7648,51.3419],[-3.7383,51.3482],[-3.7119,51.3546],[-3.7119,51.3328],[-3.6854,51.3328],[-3.659,51.3328],[-3.659,51.3095],[-3.6325,51.3095],[-3.606,51.3095],[-3.5795,51.3095],[-3.5531,51.3095],[-3.5531,51.3049],[-3.5266,51.3049],[-3.5001,51.3049],[-3.4736,51.3049],[-3.4472,51.3049],[-3.4472,51.2923],[-3.4207,51.2923],[-3.3942,51.2923],[-3.3677,51.2923],[-3.3413,51.2923],[-3.2884,51.2923],[-3.2619,51.2923],[-3.2355,51.2923],[-3.2355,51.2794],[-3.209,51.2794],[-3.209,51.3209],[-3.1825,51.3209],[-3.156,51.3209],[-3.1296,51.3209],[-3.1296,51.3217],[-3.1031,51.3217],[-3.1031,51.3624],[-3.0766,51.3624]]],[[[-3.0759,56.0164],[-3.0759,56.0416],[-3.0507,56.0416],[-3.0759,56.0164]]]]}},
{"type":"Feature","properties":{"entityId":"brittonic-kingdoms","from":552,"to":560,"certainty":"estimated","source":"유럽 쪽은 Natural Earth 1:10m admin-1(v5.1.2) 현대 행정구역 조각을 그 시기 국경에 맞춰 묶고, 조각이 역사 경계와 다른 곳은 선을 그어 나눈 근사. 유럽 밖(시베리아·중앙아시아·극동)은 대략적인 추정. 운영자 검수 필요"},"geometry":{"type":"MultiPolygon","coordinates":[[[[-2.7238,47.4045],[-2.7637,47.4318],[-2.8435,47.4865],[-2.9648,47.5697],[-3.003,47.5794],[-3.0034,47.5787],[-3.0424,47.5881],[-3.0738,47.5765],[-3.112,47.5992],[-3.1289,47.5476],[-3.1233,47.519],[-3.0845,47.4782],[-3.1317,47.4782],[-3.1438,47.507],[-3.1339,47.5439],[-3.1412,47.598],[-3.1642,47.6201],[-3.3805,47.6748],[-3.5151,47.7088],[-3.5487,47.7173],[-3.5824,47.7258],[-3.6498,47.7429],[-4.0648,47.8478],[-4.0697,47.8482],[-4.1696,47.8235],[-4.1852,47.8134],[-4.2252,47.8024],[-4.3718,47.8072],[-4.3734,47.8287],[-4.3476,47.8383],[-4.3474,47.8532],[-4.376,47.8777],[-4.4078,47.9345],[-4.4912,47.9556],[-4.4957,47.9875],[-4.5681,48.008],[-4.572,48.0059],[-4.5804,48.0114],[-4.6321,48.026],[-4.653,48.0263],[-4.7281,48.0406],[-4.6974,48.0749],[-4.6837,48.0673],[-4.6417,48.0736],[-4.628,48.0864],[-4.5128,48.0968],[-4.5109,48.0973],[-4.5241,48.1928],[-4.5316,48.1831],[-4.5575,48.1772],[-4.5438,48.2051],[-4.5612,48.225],[-4.5547,48.2596],[-4.5573,48.263],[-4.6263,48.2665],[-4.6263,48.2871],[-4.5767,48.2899],[-4.575,48.2907],[-4.5595,48.3387],[-4.5445,48.3402],[-4.5476,48.3629],[-4.6189,48.3485],[-4.6876,48.3621],[-4.6908,48.3623],[-4.7045,48.3416],[-4.755,48.342],[-4.7834,48.3764],[-4.7648,48.3776],[-4.7834,48.4174],[-4.7799,48.4549],[-4.7493,48.4788],[-4.7746,48.4913],[-4.7646,48.5202],[-4.722,48.5682],[-4.6425,48.5819],[-4.6277,48.5788],[-4.5976,48.5914],[-4.6077,48.603],[-4.5807,48.6022],[-4.592,48.6834],[-4.5919,48.6834],[-4.592,48.6838],[-3.8424,48.8101],[-3.7487,48.8259],[-3.7018,48.8338],[-3.655,48.8417],[-3.5613,48.8575],[-3.4676,48.8733],[-3.296,48.9022],[-3.2958,48.9022],[-3.2956,48.9022],[-3.0928,48.8711],[-3.0915,48.8713],[-3.0915,48.8709],[-2.537,48.7859],[-2.2427,48.7407],[-2.0956,48.7182],[-2.0588,48.7125],[-2.0588,48.6926],[-2.0588,48.667],[-2.022,48.667],[-2.022,48.6495],[-2.0287,48.6433],[-2.0275,48.6415],[-2.022,48.6333],[-2.022,48.6159],[-2.0323,48.6159],[-2.0175,48.5907],[-1.9988,48.5907],[-1.9988,48.5654],[-1.9982,48.5648],[-1.9652,48.5648],[-1.9491,48.5392],[-1.9485,48.5383],[-1.9251,48.5448],[-1.9102,48.5036],[-1.918,48.473],[-1.944,48.4467],[-1.9517,48.4228],[-1.9327,48.3639],[-1.9615,48.3421],[-1.9615,48.3003],[-1.9824,48.2803],[-2.066,48.2952],[-2.1172,48.2608],[-2.1602,48.2607],[-2.186,48.2226],[-2.2108,48.2096],[-2.2319,48.1641],[-2.2873,48.1337],[-2.2352,48.0786],[-2.1882,48.0797],[-2.1913,48.0525],[-2.2576,48.0389],[-2.2711,48.0054],[-2.2554,47.9974],[-2.1677,47.9847],[-2.1243,47.9636],[-2.106,47.945],[-2.1002,47.9119],[-2.1095,47.8488],[-2.0612,47.8463],[-2.0524,47.8218],[-2.068,47.7962],[-2.1223,47.7743],[-2.1103,47.7588],[-2.0716,47.7572],[-2.0767,47.7333],[-2.1159,47.7317],[-2.1263,47.7142],[-2.1062,47.669],[-2.1028,47.6393],[-2.0885,47.6326],[-2.0858,47.608],[-2.11,47.5423],[-2.1544,47.5131],[-2.1868,47.4814],[-2.2109,47.5076],[-2.2534,47.4953],[-2.3023,47.5016],[-2.3345,47.464],[-2.4041,47.4556],[-2.4331,47.4658],[-2.4611,47.4526],[-2.4649,47.4535],[-2.4649,47.4322],[-2.5014,47.4322],[-2.5014,47.4247],[-2.5379,47.4247],[-2.5379,47.4473],[-2.5744,47.4473],[-2.6109,47.4473],[-2.6474,47.4473],[-2.684,47.4473],[-2.684,47.4448],[-2.684,47.411],[-2.7238,47.411],[-2.7238,47.4045]]],[[[-1.6917,50.6288],[-1.7353,50.6217],[-1.8225,50.6076],[-1.9097,50.5935],[-2.0841,50.5652],[-2.2585,50.537],[-2.4892,50.4996],[-2.4893,50.4996],[-2.4896,50.4996],[-2.6072,50.5489],[-2.7816,50.6221],[-2.8688,50.6587],[-2.9123,50.6769],[-2.9559,50.6952],[-2.9573,50.6958],[-3.1303,50.5731],[-3.133,50.5712],[-3.2188,50.5104],[-3.2617,50.48],[-3.3046,50.4495],[-3.3061,50.4485],[-3.3929,50.3869],[-3.4363,50.3561],[-3.4364,50.3561],[-3.4797,50.3254],[-3.616,50.2287],[-3.6163,50.2287],[-3.6164,50.2287],[-3.6476,50.2325],[-3.6456,50.226],[-3.718,50.2124],[-3.7742,50.223],[-3.789,50.2124],[-3.8263,50.2342],[-3.8562,50.2581],[-4.0106,50.277],[-4.0878,50.2865],[-4.1264,50.2912],[-4.165,50.296],[-4.2422,50.3054],[-4.3194,50.3149],[-4.4737,50.3338],[-4.4954,50.3284],[-4.5716,50.3256],[-5.0568,50.0612],[-5.0565,50.0606],[-5.0981,50.0144],[-5.1465,50.0106],[-5.1761,49.9879],[-5.1912,49.9591],[-5.2143,49.9754],[-5.2433,49.9596],[-5.2435,49.9597],[-5.2437,49.9596],[-5.5482,50.0738],[-5.5784,50.0548],[-5.6674,50.0429],[-5.7051,50.0523],[-5.7156,50.0827],[-5.6988,50.0854],[-5.7092,50.1326],[-5.7082,50.1338],[-5.7765,50.1594],[-5.7762,50.1596],[-5.7763,50.1596],[-5.7762,50.1597],[-5.7765,50.1598],[-4.9295,50.7673],[-4.8908,50.7951],[-4.7946,50.8641],[-4.7465,50.8986],[-4.6984,50.9331],[-4.506,51.0711],[-4.3112,51.2108],[-4.0825,51.2657],[-3.8707,51.3165],[-3.7648,51.3419],[-3.7383,51.3482],[-3.7119,51.3546],[-3.7119,51.3328],[-3.6854,51.3328],[-3.659,51.3328],[-3.659,51.3095],[-3.6325,51.3095],[-3.606,51.3095],[-3.5795,51.3095],[-3.5531,51.3095],[-3.5531,51.3049],[-3.5266,51.3049],[-3.5001,51.3049],[-3.4736,51.3049],[-3.4472,51.3049],[-3.4472,51.2923],[-3.4207,51.2923],[-3.3942,51.2923],[-3.3677,51.2923],[-3.3413,51.2923],[-3.2884,51.2923],[-3.2619,51.2923],[-3.2355,51.2923],[-3.2355,51.2794],[-3.209,51.2794],[-3.209,51.3209],[-3.1825,51.3209],[-3.156,51.3209],[-3.1296,51.3209],[-3.1296,51.3217],[-3.1031,51.3217],[-3.1031,51.3624],[-3.0766,51.3624],[-3.0766,51.4039],[-3.0501,51.4039],[-3.0501,51.4454],[-3.0237,51.4454],[-3.0237,51.4704],[-2.9972,51.4704],[-2.9707,51.4704],[-2.9443,51.4704],[-2.9178,51.4704],[-2.9178,51.4769],[-2.8913,51.4769],[-2.8913,51.5114],[-2.8649,51.5114],[-2.8649,51.5172],[-2.8384,51.5172],[-2.812,51.5172],[-2.812,51.5333],[-2.7855,51.5333],[-2.7591,51.5333],[-2.7326,51.5333],[-2.7326,51.5622],[-2.7061,51.5622],[-2.7061,51.5868],[-2.6796,51.5868],[-2.6666,51.5868],[-2.6531,51.5868],[-2.627,51.5868],[-2.6266,51.5872],[-2.6266,51.6271],[-2.6527,51.6271],[-2.6531,51.6268],[-2.6654,51.6173],[-2.6835,51.659],[-2.6617,51.6755],[-2.6837,51.7261],[-2.6702,51.7495],[-2.6758,51.7867],[-2.6485,51.8214],[-2.6589,51.8177],[-2.6958,51.8363],[-2.7287,51.8384],[-2.7757,51.875],[-2.8736,51.9292],[-2.9525,51.9087],[-2.9823,51.9228],[-2.9988,51.9467],[-3.0512,51.9835],[-3.0799,52.0168],[-3.0876,52.0517],[-3.1238,52.0757],[-3.1014,52.1132],[-3.1222,52.132],[-3.0757,52.1528],[-3.1077,52.1727],[-3.0541,52.2302],[-3.0025,52.257],[-2.9684,52.2578],[-2.9995,52.2962],[-2.9637,52.3226],[-2.9574,52.3412],[-3.0706,52.3466],[-3.1037,52.3681],[-3.1993,52.4125],[-3.2151,52.4384],[-3.1903,52.4688],[-3.1077,52.4939],[-3.0308,52.4969],[-2.9764,52.5381],[-3.0053,52.5673],[-3.1107,52.527],[-3.124,52.5665],[-3.1163,52.5863],[-3.0742,52.6067],[-3.0657,52.6336],[-3.0402,52.6467],[-3.0133,52.7084],[-2.9674,52.7199],[-2.9615,52.7337],[-2.9985,52.7561],[-3.0575,52.7662],[-3.0822,52.783],[-3.1404,52.7963],[-3.1522,52.8298],[-3.1219,52.8549],[-3.1284,52.88],[-3.0862,52.9136],[-3.0039,52.9498],[-2.9584,52.9505],[-2.933,52.9343],[-2.878,52.9414],[-2.848,52.9373],[-2.795,52.9039],[-2.7795,52.9006],[-2.7215,52.9182],[-2.7162,52.9418],[-2.7277,52.9665],[-2.7686,52.9815],[-2.8062,52.985],[-2.8505,53.0172],[-2.871,53.0663],[-2.8974,53.1022],[-2.9568,53.1446],[-2.9524,53.1529],[-2.9153,53.1671],[-2.9136,53.1834],[-2.9556,53.2155],[-3.0198,53.2467],[-3.0845,53.2586],[-3.0925,53.2787],[-3.1108,53.2787],[-3.1371,53.2787],[-3.1371,53.2954],[-3.1634,53.2954],[-3.1634,53.3226],[-3.1897,53.3226],[-3.1897,53.3208],[-3.216,53.3208],[-3.216,53.3528],[-3.2423,53.3528],[-3.2423,53.3832],[-3.2423,53.3849],[-3.2686,53.3849],[-3.2686,53.4153],[-3.2423,53.4137],[-3.1897,53.4105],[-3.1581,53.4085],[-3.1573,53.4088],[-3.1147,53.4127],[-3.095,53.4172],[-3.0938,53.4176],[-3.0867,53.4211],[-3.0792,53.4514],[-3.0726,53.4779],[-3.066,53.5043],[-3.0966,53.5443],[-3.1019,53.5581],[-3.0995,53.572],[-3.0876,53.5877],[-3.0316,53.6431],[-3.0194,53.6925],[-3.0071,53.742],[-3.0215,53.7458],[-3.0492,53.7695],[-3.0564,53.803],[-3.0449,53.8785],[-3.0566,53.9062],[-3.0407,53.9235],[-3.0176,53.932],[-2.9565,53.9458],[-2.948,53.9801],[-2.9469,53.9846],[-2.948,53.9856],[-3.0121,54.0446],[-3.0441,54.0741],[-3.0762,54.1036],[-3.1,54.1255],[-3.1179,54.1088],[-3.1453,54.1],[-3.1454,54.0638],[-3.1898,54.0979],[-3.241,54.1121],[-3.2331,54.1592],[-3.2484,54.1737],[-3.2391,54.1754],[-3.2716,54.1969],[-3.3068,54.1919],[-3.3285,54.2047],[-3.4074,54.2777],[-3.4055,54.3013],[-3.4112,54.3061],[-3.556,54.4536],[-3.5919,54.4831],[-3.6342,54.5129],[-3.6116,54.5299],[-3.5909,54.5636],[-3.5912,54.5648],[-3.5911,54.5649],[-3.5912,54.5652],[-3.5887,54.5694],[-3.5871,54.574],[-3.6308,54.6142],[-3.7241,54.6277],[-3.768,54.6341],[-3.8119,54.6405],[-3.8119,54.6618],[-3.8119,54.6681],[-3.8119,54.6894],[-3.768,54.6894],[-3.768,54.7203],[-3.7241,54.7203],[-3.7241,54.732],[-3.6874,54.732],[-3.6874,54.7584],[-3.6508,54.7584],[-3.6508,54.7847],[-3.6363,54.7847],[-3.6141,54.7847],[-3.5924,54.7847],[-3.5924,54.8111],[-3.5485,54.8111],[-3.5485,54.8367],[-3.5054,54.8367],[-3.5054,54.8627],[-3.4624,54.8627],[-3.4624,54.8886],[-3.4607,54.8886],[-3.4607,54.9146],[-3.4607,54.936],[-3.4168,54.936],[-3.3729,54.936],[-3.3729,54.9326],[-3.329,54.9326],[-3.329,54.9764],[-3.2851,54.9745],[-3.2412,54.9727],[-3.1973,54.9708],[-3.1534,54.9689],[-3.1534,54.937],[-3.1228,54.9327],[-3.1095,54.9356],[-3.1095,54.9722],[-3.0656,54.9791],[-3.0503,54.9815],[-3.033,55.0152],[-3.0303,55.0459],[-3.015,55.0515],[-2.9538,55.041],[-2.9223,55.0717],[-2.8831,55.0836],[-2.8503,55.1113],[-2.8595,55.1363],[-2.8895,55.1552],[-2.8842,55.2019],[-2.8639,55.2185],[-2.8689,55.2369],[-2.8984,55.238],[-2.8726,55.2619],[-2.8912,55.278],[-2.945,55.288],[-2.9975,55.2683],[-3.0345,55.273],[-3.057,55.3072],[-3.0984,55.3296],[-3.1045,55.3522],[-3.1642,55.3497],[-3.2075,55.3722],[-3.285,55.3411],[-3.3039,55.3427],[-3.3034,55.3849],[-3.2414,55.4188],[-3.2525,55.4288],[-3.3164,55.4383],[-3.345,55.4119],[-3.4106,55.4119],[-3.4437,55.4044],[-3.5003,55.4097],[-3.5348,55.438],[-3.5122,55.4922],[-3.485,55.515],[-3.4872,55.5602],[-3.527,55.6002],[-3.4781,55.6122],[-3.4795,55.6485],[-3.3945,55.7077],[-3.4359,55.7183],[-3.4579,55.7696],[-3.5228,55.7855],[-3.565,55.7877],[-3.59,55.8016],[-3.6112,55.8038],[-3.6881,55.7952],[-3.7239,55.778],[-3.7334,55.7835],[-3.7184,55.8124],[-3.745,55.858],[-3.7103,55.8702],[-3.7064,55.8769],[-3.7283,55.8833],[-3.7934,55.8719],[-3.8206,55.8891],[-3.8089,55.8952],[-3.7739,55.9024],[-3.7192,55.9319],[-3.6673,55.9422],[-3.6642,55.9544],[-3.635,55.9652],[-3.5986,55.9911],[-3.5795,55.9936],[-3.5667,55.9866],[-3.5395,55.9866],[-3.5053,56.0056],[-3.4999,56.0047],[-3.4693,55.9999],[-3.4498,55.9968],[-3.4386,55.995],[-3.4079,55.9901],[-3.4054,55.9897],[-3.3772,55.9897],[-3.3583,55.9897],[-3.3466,55.9916],[-3.3466,56.0108],[-3.3159,56.0108],[-3.2852,56.0108],[-3.2852,56.0153],[-3.2545,56.0153],[-3.2239,56.0153],[-3.2239,56.0068],[-3.1932,56.0068],[-3.1625,56.0068],[-3.1625,55.9989],[-3.1318,55.9989],[-3.1012,55.9989],[-3.1012,56.0164],[-3.0759,56.0164],[-3.1012,55.9912],[-3.1188,55.9737],[-3.1012,55.9726],[-3.0708,55.9707],[-3.0404,55.9688],[-2.9971,55.9661],[-2.9796,55.9729],[-2.8628,56.0177],[-2.871,56.0307],[-2.8231,56.0598],[-2.8028,56.0648],[-2.6351,56.0581],[-2.616,56.0532],[-2.5694,56.0245],[-2.5728,56.0193],[-2.5172,56.0042],[-2.5079,56.0102],[-2.4597,55.9885],[-2.438,55.9826],[-2.4144,55.9783],[-2.4041,55.9734],[-2.2322,55.9267],[-2.1468,55.9173],[-2.144,55.913],[-2.086,55.9094],[-2.0517,55.864],[-2.0102,55.8092],[-2.0262,55.8092],[-2.0229,55.8055],[-2.0785,55.7904],[-2.092,55.7572],[-2.1629,55.7228],[-2.2428,55.6499],[-2.3066,55.6451],[-2.3273,55.6251],[-2.2787,55.5891],[-2.2567,55.5495],[-2.217,55.5089],[-2.2127,55.4903],[-2.1829,55.4624],[-2.2114,55.4333],[-2.2722,55.4189],[-2.3252,55.3981],[-2.3595,55.3625],[-2.3793,55.3555],[-2.4267,55.366],[-2.4628,55.3604],[-2.5515,55.3144],[-2.6258,55.2625],[-2.6313,55.2234],[-2.685,55.1908],[-2.6409,55.1321],[-2.5978,55.1236],[-2.5875,55.103],[-2.5473,55.0799],[-2.5053,55.0869],[-2.4853,55.0794],[-2.4948,55.058],[-2.482,55.0391],[-2.56,55.0119],[-2.5678,54.9861],[-2.592,54.9666],[-2.565,54.9577],[-2.5417,54.923],[-2.5703,54.893],[-2.5936,54.8827],[-2.5664,54.8583],[-2.5636,54.8236],[-2.5336,54.808],[-2.5,54.8052],[-2.4,54.8472],[-2.362,54.8108],[-2.305,54.7832],[-2.3272,54.7274],[-2.3539,54.6908],[-2.2909,54.6658],[-2.2792,54.6502],[-2.3056,54.6277],[-2.2853,54.588],[-2.2095,54.5522],[-2.1917,54.5313],[-2.1631,54.528],[-2.1552,54.4556],[-2.1389,54.4496],[-2.0998,54.468],[-2.0456,54.4797],[-1.9562,54.4544],[-1.9306,54.4547],[-1.8509,54.4805],[-1.8245,54.5027],[-1.7872,54.4816],[-1.767,54.5286],[-1.7248,54.5249],[-1.6818,54.5311],[-1.6622,54.5308],[-1.6423,54.5233],[-1.63,54.5083],[-1.6003,54.5124],[-1.5909,54.5086],[-1.5778,54.4896],[-1.5325,54.4652],[-1.5203,54.4666],[-1.5256,54.4808],[-1.495,54.4788],[-1.4845,54.471],[-1.4723,54.448],[-1.4603,54.4416],[-1.4461,54.451],[-1.4667,54.4827],[-1.467,54.4941],[-1.447,54.4977],[-1.4361,54.4905],[-1.432,54.4811],[-1.4167,54.4777],[-1.4084,54.4924],[-1.3881,54.4888],[-1.3821,54.4935],[-1.3697,54.4888],[-1.362,54.4675],[-1.3333,54.4675],[-1.3267,54.4622],[-1.2508,54.4866],[-1.2483,54.4874],[-1.235,54.4997],[-1.2017,54.5058],[-1.1795,54.5038],[-1.1142,54.498],[-1.0745,54.5049],[-1.0292,54.4924],[-0.9761,54.4999],[-0.9553,54.4974],[-0.9325,54.4866],[-0.8808,54.4958],[-0.8383,54.4872],[-0.8378,54.5158],[-0.8295,54.53],[-0.8147,54.5405],[-0.7884,54.5472],[-0.7788,54.5574],[-0.6939,54.5259],[-0.43,54.4639],[-0.3892,54.3884],[-0.309,54.24],[-0.2368,54.1933],[-0.232,54.1902],[-0.1987,54.1741],[-0.1606,54.1558],[-0.0844,54.119],[-0.0847,54.1188],[-0.0846,54.1188],[-0.0847,54.1187],[-0.0844,54.1186],[-0.086,54.1178],[-0.0755,54.1121],[-0.13,54.0944],[-0.1564,54.0804],[-0.1971,54.0329],[-0.1028,53.8585],[-0.0673,53.8217],[-0.0452,53.8012],[0.1335,53.6426],[0.1493,53.6096],[0.1369,53.5771],[0.1096,53.5629],[0.136,53.6107],[0.1063,53.6221],[0.1172,53.6086],[0.1166,53.6089],[0.1172,53.6082],[0.1165,53.6086],[0.1168,53.6082],[0.0772,53.629],[0.0644,53.6324],[0.0376,53.6395],[0.0159,53.6388],[0.0345,53.6045],[0.0117,53.6045],[0.0117,53.586],[-0.0146,53.586],[-0.041,53.586],[-0.0674,53.586],[-0.0938,53.586],[-0.0938,53.6076],[-0.1201,53.6076],[-0.1201,53.6383],[-0.1465,53.6383],[-0.1549,53.6383],[-0.1728,53.6383],[-0.1992,53.6383],[-0.1992,53.6576],[-0.1992,53.669],[-0.1992,53.685],[-0.2255,53.685],[-0.2278,53.685],[-0.2519,53.685],[-0.2519,53.7123],[-0.2783,53.7123],[-0.2995,53.7123],[-0.3047,53.7137],[-0.3072,53.7143],[-0.331,53.7117],[-0.3574,53.7088],[-0.3838,53.7058],[-0.4101,53.7029],[-0.4364,53.7],[-0.4364,53.7143],[-0.4497,53.7143],[-0.4628,53.7136],[-0.4892,53.7123],[-0.5156,53.711],[-0.5419,53.7096],[-0.5419,53.6832],[-0.5683,53.6953],[-0.5683,53.7222],[-0.5792,53.728],[-0.5946,53.7291],[-0.621,53.7309],[-0.637,53.732],[-0.6474,53.7284],[-0.6738,53.7191],[-0.7002,53.7098],[-0.7002,53.6916],[-0.6993,53.6913],[-0.767,53.6581],[-0.8441,53.6138],[-0.8607,53.6124],[-0.8609,53.5816],[-0.9045,53.5716],[-0.8728,53.5458],[-0.872,53.5308],[-0.9148,53.533],[-0.9433,53.518],[-0.9194,53.4874],[-0.9698,53.463],[-0.9775,53.4344],[-1.0131,53.4083],[-1.0664,53.413],[-1.1181,53.3786],[-1.1139,53.3561],[-1.1211,53.3455],[-1.1447,53.3377],[-1.135,53.3258],[-1.1661,53.3063],[-1.176,53.2929],[-1.1603,53.2622],[-1.1959,53.2325],[-1.1909,53.1677],[-1.2439,53.1516],[-1.2764,53.1541],[-1.3128,53.131],[-1.292,53.0838],[-1.3297,53.0502],[-1.3214,53.013],[-1.2839,52.9858],[-1.2711,52.8988],[-1.2326,52.8807],[-1.2628,52.8616],[-1.3014,52.8625],[-1.3706,52.8313],[-1.3953,52.79],[-1.4272,52.7838],[-1.4747,52.7486],[-1.5328,52.7497],[-1.5434,52.7336],[-1.535,52.7061],[-1.5831,52.685],[-1.58,52.6769],[-1.5339,52.6416],[-1.5589,52.6216],[-1.5423,52.6008],[-1.5458,52.5808],[-1.495,52.5563],[-1.4172,52.5352],[-1.3959,52.5125],[-1.2934,52.4794],[-1.2411,52.4261],[-1.2117,52.4158],[-1.1866,52.3813],[-1.1653,52.348],[-1.2334,52.3275],[-1.2417,52.311],[-1.2026,52.3013],[-1.2242,52.2824],[-1.2081,52.2499],[-1.2659,52.2277],[-1.2487,52.1952],[-1.3031,52.1811],[-1.3212,52.1615],[-1.2372,52.096],[-1.3067,52.0774],[-1.2939,52.0713],[-1.2967,52.0388],[-1.265,51.9797],[-1.1837,51.9783],[-1.1384,51.9897],[-1.1082,52.0092],[-1.1418,52.0177],[-1.0967,52.0438],[-1.0367,52.0536],[-1.0233,52.0647],[-0.9406,52.0719],[-0.9014,52.0186],[-0.8674,52.0338],[-0.8565,52.0405],[-0.8559,52.0585],[-0.8275,52.0644],[-0.8278,52.0722],[-0.8517,52.0858],[-0.8784,52.116],[-0.8259,52.1274],[-0.8067,52.1522],[-0.7761,52.1469],[-0.762,52.1624],[-0.7289,52.1616],[-0.6545,52.1925],[-0.6345,52.216],[-0.6414,52.2591],[-0.5906,52.2661],[-0.5586,52.248],[-0.5412,52.2458],[-0.5253,52.2605],[-0.5253,52.2833],[-0.5031,52.303],[-0.4588,52.3088],[-0.4295,52.2974],[-0.4189,52.278],[-0.3711,52.2677],[-0.3684,52.2419],[-0.3553,52.2271],[-0.3317,52.2291],[-0.2934,52.2241],[-0.292,52.2027],[-0.2531,52.1919],[-0.2339,52.1727],[-0.247,52.1605],[-0.207,52.1505],[-0.2167,52.1327],[-0.17,52.1297],[-0.132,52.1336],[-0.1461,52.0697],[-0.1356,52.0435],[-0.1092,52.0194],[-0.0295,52.0399],[-0.0114,52.0516],[0.0514,52.0433],[0.0805,52.0024],[0.0825,51.9833],[0.1108,51.9736],[0.1417,51.8839],[0.1899,51.8902],[0.1992,51.8658],[0.1736,51.8483],[0.173,51.8252],[0.1903,51.8166],[0.158,51.7905],[0.1083,51.7775],[0.0356,51.7683],[0,51.7331],[-0.0113,51.6772],[-0.1481,51.6891],[-0.1584,51.6758],[-0.1654,51.6713],[-0.1734,51.6663],[-0.2006,51.6622],[-0.2175,51.6541],[-0.2289,51.6686],[-0.2384,51.6722],[-0.2453,51.6674],[-0.2542,51.6441],[-0.2936,51.6383],[-0.3209,51.6344],[-0.3739,51.6144],[-0.3998,51.6148],[-0.432,51.6152],[-0.4589,51.6108],[-0.47,51.6174],[-0.4814,51.616],[-0.4861,51.5977],[-0.4935,51.5909],[-0.4714,51.55],[-0.4845,51.4944],[-0.4972,51.4778],[-0.5128,51.4758],[-0.5212,51.4502],[-0.5184,51.4394],[-0.5316,51.4337],[-0.5757,51.4456],[-0.5903,51.4263],[-0.5989,51.4036],[-0.6197,51.3877],[-0.6581,51.3822],[-0.6987,51.3669],[-0.7209,51.3638],[-0.7653,51.3313],[-0.7992,51.3388],[-0.8197,51.3488],[-0.8529,51.3501],[-0.8864,51.3513],[-0.9192,51.3602],[-0.9667,51.3572],[-0.9964,51.3622],[-1.032,51.3547],[-1.0603,51.3732],[-1.1111,51.3713],[-1.12,51.3547],[-1.2453,51.3689],[-1.3995,51.3705],[-1.4367,51.3524],[-1.4331,51.3347],[-1.487,51.3324],[-1.4981,51.3661],[-1.5334,51.3774],[-1.5634,51.4122],[-1.522,51.4258],[-1.5284,51.4513],[-1.5506,51.4614],[-1.5764,51.4888],[-1.5804,51.503],[-1.5845,51.5174],[-1.6028,51.5202],[-1.6467,51.5685],[-1.6684,51.568],[-1.6753,51.5727],[-1.6778,51.5997],[-1.6597,51.6111],[-1.6545,51.6319],[-1.6839,51.6505],[-1.6833,51.6786],[-1.7011,51.681],[-1.7245,51.6627],[-1.7497,51.6588],[-1.7774,51.6604],[-1.7959,51.6944],[-1.8117,51.6925],[-1.8328,51.6566],[-1.8881,51.6725],[-1.8692,51.6463],[-1.94,51.663],[-1.9487,51.6399],[-2.0573,51.6641],[-2.1011,51.6202],[-2.1489,51.5894],[-2.1917,51.5983],[-2.24,51.5791],[-2.2716,51.5772],[-2.262,51.5472],[-2.2453,51.5186],[-2.2806,51.5099],[-2.3206,51.4838],[-2.287,51.4813],[-2.2807,51.4203],[-2.277,51.3991],[-2.287,51.3861],[-2.28,51.3724],[-2.3337,51.3469],[-2.2967,51.3402],[-2.2901,51.3249],[-2.267,51.3163],[-2.2711,51.2958],[-2.2428,51.2852],[-2.2362,51.2641],[-2.2662,51.2088],[-2.3489,51.1177],[-2.3475,51.0949],[-2.3217,51.0833],[-2.2386,51.0714],[-2.1942,51.0438],[-2.1442,50.986],[-2.1234,50.9811],[-2.0992,50.9558],[-2.0589,50.9599],[-1.9962,50.9775],[-1.9703,50.9927],[-1.9501,50.9883],[-1.8798,50.9247],[-1.837,50.9335],[-1.805,50.9294],[-1.8114,50.9055],[-1.8392,50.8913],[-1.8328,50.8658],[-1.8057,50.8677],[-1.7961,50.8316],[-1.8095,50.8022],[-1.7865,50.7687],[-1.735,50.778],[-1.7342,50.7544],[-1.6767,50.7544],[-1.6729,50.7401],[-1.6917,50.7361],[-1.6917,50.7105],[-1.6481,50.7105],[-1.6481,50.6865],[-1.6481,50.6809],[-1.6917,50.6809],[-1.6917,50.6548],[-1.6917,50.6513],[-1.6917,50.6288]]],[[[-3.0759,56.0164],[-3.0759,56.0416],[-3.0507,56.0416],[-3.0759,56.0164]]]]}},
{"type":"Feature","properties":{"entityId":"brittonic-kingdoms","from":560,"to":572,"certainty":"estimated","source":"유럽 쪽은 Natural Earth 1:10m admin-1(v5.1.2) 현대 행정구역 조각을 그 시기 국경에 맞춰 묶고, 조각이 역사 경계와 다른 곳은 선을 그어 나눈 근사. 유럽 밖(시베리아·중앙아시아·극동)은 대략적인 추정. 운영자 검수 필요"},"geometry":{"type":"MultiPolygon","coordinates":[[[[-2.7238,47.4045],[-2.7637,47.4318],[-2.8435,47.4865],[-2.9648,47.5697],[-3.003,47.5794],[-3.0034,47.5787],[-3.0424,47.5881],[-3.0738,47.5765],[-3.112,47.5992],[-3.1289,47.5476],[-3.1233,47.519],[-3.0845,47.4782],[-3.1317,47.4782],[-3.1438,47.507],[-3.1339,47.5439],[-3.1412,47.598],[-3.1642,47.6201],[-3.3805,47.6748],[-3.5151,47.7088],[-3.5487,47.7173],[-3.5824,47.7258],[-3.6498,47.7429],[-4.0648,47.8478],[-4.0697,47.8482],[-4.1696,47.8235],[-4.1852,47.8134],[-4.2252,47.8024],[-4.3718,47.8072],[-4.3734,47.8287],[-4.3476,47.8383],[-4.3474,47.8532],[-4.376,47.8777],[-4.4078,47.9345],[-4.4912,47.9556],[-4.4957,47.9875],[-4.5681,48.008],[-4.572,48.0059],[-4.5804,48.0114],[-4.6321,48.026],[-4.653,48.0263],[-4.7281,48.0406],[-4.6974,48.0749],[-4.6837,48.0673],[-4.6417,48.0736],[-4.628,48.0864],[-4.5128,48.0968],[-4.5109,48.0973],[-4.5241,48.1928],[-4.5316,48.1831],[-4.5575,48.1772],[-4.5438,48.2051],[-4.5612,48.225],[-4.5547,48.2596],[-4.5573,48.263],[-4.6263,48.2665],[-4.6263,48.2871],[-4.5767,48.2899],[-4.575,48.2907],[-4.5595,48.3387],[-4.5445,48.3402],[-4.5476,48.3629],[-4.6189,48.3485],[-4.6876,48.3621],[-4.6908,48.3623],[-4.7045,48.3416],[-4.755,48.342],[-4.7834,48.3764],[-4.7648,48.3776],[-4.7834,48.4174],[-4.7799,48.4549],[-4.7493,48.4788],[-4.7746,48.4913],[-4.7646,48.5202],[-4.722,48.5682],[-4.6425,48.5819],[-4.6277,48.5788],[-4.5976,48.5914],[-4.6077,48.603],[-4.5807,48.6022],[-4.592,48.6834],[-4.5919,48.6834],[-4.592,48.6838],[-3.8424,48.8101],[-3.7487,48.8259],[-3.7018,48.8338],[-3.655,48.8417],[-3.5613,48.8575],[-3.4676,48.8733],[-3.296,48.9022],[-3.2958,48.9022],[-3.2956,48.9022],[-3.0928,48.8711],[-3.0915,48.8713],[-3.0915,48.8709],[-2.537,48.7859],[-2.2427,48.7407],[-2.0956,48.7182],[-2.0588,48.7125],[-2.0588,48.6926],[-2.0588,48.667],[-2.022,48.667],[-2.022,48.6495],[-2.0287,48.6433],[-2.0275,48.6415],[-2.022,48.6333],[-2.022,48.6159],[-2.0323,48.6159],[-2.0175,48.5907],[-1.9988,48.5907],[-1.9988,48.5654],[-1.9982,48.5648],[-1.9652,48.5648],[-1.9491,48.5392],[-1.9485,48.5383],[-1.9251,48.5448],[-1.9102,48.5036],[-1.918,48.473],[-1.944,48.4467],[-1.9517,48.4228],[-1.9327,48.3639],[-1.9615,48.3421],[-1.9615,48.3003],[-1.9824,48.2803],[-2.066,48.2952],[-2.1172,48.2608],[-2.1602,48.2607],[-2.186,48.2226],[-2.2108,48.2096],[-2.2319,48.1641],[-2.2873,48.1337],[-2.2352,48.0786],[-2.1882,48.0797],[-2.1913,48.0525],[-2.2576,48.0389],[-2.2711,48.0054],[-2.2554,47.9974],[-2.1677,47.9847],[-2.1243,47.9636],[-2.106,47.945],[-2.1002,47.9119],[-2.1095,47.8488],[-2.0612,47.8463],[-2.0524,47.8218],[-2.068,47.7962],[-2.1223,47.7743],[-2.1103,47.7588],[-2.0716,47.7572],[-2.0767,47.7333],[-2.1159,47.7317],[-2.1263,47.7142],[-2.1062,47.669],[-2.1028,47.6393],[-2.0885,47.6326],[-2.0858,47.608],[-2.11,47.5423],[-2.1544,47.5131],[-2.1868,47.4814],[-2.2109,47.5076],[-2.2534,47.4953],[-2.3023,47.5016],[-2.3345,47.464],[-2.4041,47.4556],[-2.4331,47.4658],[-2.4611,47.4526],[-2.4649,47.4535],[-2.4649,47.4322],[-2.5014,47.4322],[-2.5014,47.4247],[-2.5379,47.4247],[-2.5379,47.4473],[-2.5744,47.4473],[-2.6109,47.4473],[-2.6474,47.4473],[-2.684,47.4473],[-2.684,47.4448],[-2.684,47.411],[-2.7238,47.411],[-2.7238,47.4045]]],[[[-1.6917,50.6288],[-1.7353,50.6217],[-1.8225,50.6076],[-1.9097,50.5935],[-2.0841,50.5652],[-2.2585,50.537],[-2.4892,50.4996],[-2.4893,50.4996],[-2.4896,50.4996],[-2.6072,50.5489],[-2.7816,50.6221],[-2.8688,50.6587],[-2.9123,50.6769],[-2.9559,50.6952],[-2.9573,50.6958],[-3.1303,50.5731],[-3.133,50.5712],[-3.2188,50.5104],[-3.2617,50.48],[-3.3046,50.4495],[-3.3061,50.4485],[-3.3929,50.3869],[-3.4363,50.3561],[-3.4364,50.3561],[-3.4797,50.3254],[-3.616,50.2287],[-3.6163,50.2287],[-3.6164,50.2287],[-3.6476,50.2325],[-3.6456,50.226],[-3.718,50.2124],[-3.7742,50.223],[-3.789,50.2124],[-3.8263,50.2342],[-3.8562,50.2581],[-4.0106,50.277],[-4.0878,50.2865],[-4.1264,50.2912],[-4.165,50.296],[-4.2422,50.3054],[-4.3194,50.3149],[-4.4737,50.3338],[-4.4954,50.3284],[-4.5716,50.3256],[-5.0568,50.0612],[-5.0565,50.0606],[-5.0981,50.0144],[-5.1465,50.0106],[-5.1761,49.9879],[-5.1912,49.9591],[-5.2143,49.9754],[-5.2433,49.9596],[-5.2435,49.9597],[-5.2437,49.9596],[-5.5482,50.0738],[-5.5784,50.0548],[-5.6674,50.0429],[-5.7051,50.0523],[-5.7156,50.0827],[-5.6988,50.0854],[-5.7092,50.1326],[-5.7082,50.1338],[-5.7765,50.1594],[-5.7762,50.1596],[-5.7763,50.1596],[-5.7762,50.1597],[-5.7765,50.1598],[-4.9295,50.7673],[-4.8908,50.7951],[-4.7946,50.8641],[-4.7465,50.8986],[-4.6984,50.9331],[-4.506,51.0711],[-4.3112,51.2108],[-4.0825,51.2657],[-3.8707,51.3165],[-3.7648,51.3419],[-3.7383,51.3482],[-3.7119,51.3546],[-3.7119,51.3328],[-3.6854,51.3328],[-3.659,51.3328],[-3.659,51.3095],[-3.6325,51.3095],[-3.606,51.3095],[-3.5795,51.3095],[-3.5531,51.3095],[-3.5531,51.3049],[-3.5266,51.3049],[-3.5001,51.3049],[-3.4736,51.3049],[-3.4472,51.3049],[-3.4472,51.2923],[-3.4207,51.2923],[-3.3942,51.2923],[-3.3677,51.2923],[-3.3413,51.2923],[-3.2884,51.2923],[-3.2619,51.2923],[-3.2355,51.2923],[-3.2355,51.2794],[-3.209,51.2794],[-3.209,51.3209],[-3.1825,51.3209],[-3.156,51.3209],[-3.1296,51.3209],[-3.1296,51.3217],[-3.1031,51.3217],[-3.1031,51.3624],[-3.0766,51.3624],[-3.0766,51.4039],[-3.0501,51.4039],[-3.0501,51.4454],[-3.0237,51.4454],[-3.0237,51.4704],[-2.9972,51.4704],[-2.9707,51.4704],[-2.9443,51.4704],[-2.9178,51.4704],[-2.9178,51.4769],[-2.8913,51.4769],[-2.8913,51.5114],[-2.8649,51.5114],[-2.8649,51.5172],[-2.8384,51.5172],[-2.812,51.5172],[-2.812,51.5333],[-2.7855,51.5333],[-2.7591,51.5333],[-2.7326,51.5333],[-2.7326,51.5622],[-2.7061,51.5622],[-2.7061,51.5868],[-2.6796,51.5868],[-2.6666,51.5868],[-2.6531,51.5868],[-2.627,51.5868],[-2.6266,51.5872],[-2.6266,51.6271],[-2.6527,51.6271],[-2.6531,51.6268],[-2.6654,51.6173],[-2.6835,51.659],[-2.6617,51.6755],[-2.6837,51.7261],[-2.6702,51.7495],[-2.6758,51.7867],[-2.6485,51.8214],[-2.6589,51.8177],[-2.6958,51.8363],[-2.7287,51.8384],[-2.7757,51.875],[-2.8736,51.9292],[-2.9525,51.9087],[-2.9823,51.9228],[-2.9988,51.9467],[-3.0512,51.9835],[-3.0799,52.0168],[-3.0876,52.0517],[-3.1238,52.0757],[-3.1014,52.1132],[-3.1222,52.132],[-3.0757,52.1528],[-3.1077,52.1727],[-3.0541,52.2302],[-3.0025,52.257],[-2.9684,52.2578],[-2.9995,52.2962],[-2.9637,52.3226],[-2.9574,52.3412],[-3.0706,52.3466],[-3.1037,52.3681],[-3.1993,52.4125],[-3.2151,52.4384],[-3.1903,52.4688],[-3.1077,52.4939],[-3.0308,52.4969],[-2.9764,52.5381],[-3.0053,52.5673],[-3.1107,52.527],[-3.124,52.5665],[-3.1163,52.5863],[-3.0742,52.6067],[-3.0657,52.6336],[-3.0402,52.6467],[-3.0133,52.7084],[-2.9674,52.7199],[-2.9615,52.7337],[-2.9985,52.7561],[-3.0575,52.7662],[-3.0822,52.783],[-3.1404,52.7963],[-3.1522,52.8298],[-3.1219,52.8549],[-3.1284,52.88],[-3.0862,52.9136],[-3.0039,52.9498],[-2.9584,52.9505],[-2.933,52.9343],[-2.878,52.9414],[-2.848,52.9373],[-2.795,52.9039],[-2.7795,52.9006],[-2.7215,52.9182],[-2.7162,52.9418],[-2.7277,52.9665],[-2.7686,52.9815],[-2.8062,52.985],[-2.8505,53.0172],[-2.871,53.0663],[-2.8974,53.1022],[-2.9568,53.1446],[-2.9524,53.1529],[-2.9153,53.1671],[-2.9136,53.1834],[-2.9556,53.2155],[-3.0198,53.2467],[-3.0845,53.2586],[-3.0925,53.2787],[-3.1108,53.2787],[-3.1371,53.2787],[-3.1371,53.2954],[-3.1634,53.2954],[-3.1634,53.3226],[-3.1897,53.3226],[-3.1897,53.3208],[-3.216,53.3208],[-3.216,53.3528],[-3.2423,53.3528],[-3.2423,53.3832],[-3.2423,53.3849],[-3.2686,53.3849],[-3.2686,53.4153],[-3.2423,53.4137],[-3.1897,53.4105],[-3.1581,53.4085],[-3.1573,53.4088],[-3.1147,53.4127],[-3.095,53.4172],[-3.0938,53.4176],[-3.0867,53.4211],[-3.0792,53.4514],[-3.0726,53.4779],[-3.066,53.5043],[-3.0966,53.5443],[-3.1019,53.5581],[-3.0995,53.572],[-3.0876,53.5877],[-3.0316,53.6431],[-3.0194,53.6925],[-3.0071,53.742],[-3.0215,53.7458],[-3.0492,53.7695],[-3.0564,53.803],[-3.0449,53.8785],[-3.0566,53.9062],[-3.0407,53.9235],[-3.0176,53.932],[-2.9565,53.9458],[-2.948,53.9801],[-2.9469,53.9846],[-2.948,53.9856],[-3.0121,54.0446],[-3.0441,54.0741],[-3.0762,54.1036],[-3.1,54.1255],[-3.1179,54.1088],[-3.1453,54.1],[-3.1454,54.0638],[-3.1898,54.0979],[-3.241,54.1121],[-3.2331,54.1592],[-3.2484,54.1737],[-3.2391,54.1754],[-3.2716,54.1969],[-3.3068,54.1919],[-3.3285,54.2047],[-3.4074,54.2777],[-3.4055,54.3013],[-3.4112,54.3061],[-3.556,54.4536],[-3.5919,54.4831],[-3.6342,54.5129],[-3.6116,54.5299],[-3.5909,54.5636],[-3.5912,54.5648],[-3.5911,54.5649],[-3.5912,54.5652],[-3.5887,54.5694],[-3.5871,54.574],[-3.6308,54.6142],[-3.7241,54.6277],[-3.768,54.6341],[-3.8119,54.6405],[-3.8119,54.6618],[-3.8119,54.6681],[-3.8119,54.6894],[-3.768,54.6894],[-3.768,54.7203],[-3.7241,54.7203],[-3.7241,54.732],[-3.6874,54.732],[-3.6874,54.7584],[-3.6508,54.7584],[-3.6508,54.7847],[-3.6363,54.7847],[-3.6141,54.7847],[-3.5924,54.7847],[-3.5924,54.8111],[-3.5485,54.8111],[-3.5485,54.8367],[-3.5054,54.8367],[-3.5054,54.8627],[-3.4624,54.8627],[-3.4624,54.8886],[-3.4607,54.8886],[-3.4607,54.9146],[-3.4607,54.936],[-3.4168,54.936],[-3.3729,54.936],[-3.3729,54.9326],[-3.329,54.9326],[-3.329,54.9764],[-3.2851,54.9745],[-3.2412,54.9727],[-3.1973,54.9708],[-3.1534,54.9689],[-3.1534,54.937],[-3.1228,54.9327],[-3.1095,54.9356],[-3.1095,54.9722],[-3.0656,54.9791],[-3.0503,54.9815],[-3.033,55.0152],[-3.0303,55.0459],[-3.015,55.0515],[-2.9538,55.041],[-2.9223,55.0717],[-2.8831,55.0836],[-2.8503,55.1113],[-2.8595,55.1363],[-2.8895,55.1552],[-2.8842,55.2019],[-2.8639,55.2185],[-2.8689,55.2369],[-2.8984,55.238],[-2.8726,55.2619],[-2.8912,55.278],[-2.945,55.288],[-2.9975,55.2683],[-3.0345,55.273],[-3.057,55.3072],[-3.0984,55.3296],[-3.1045,55.3522],[-3.1642,55.3497],[-3.2075,55.3722],[-3.285,55.3411],[-3.3039,55.3427],[-3.3034,55.3849],[-3.2414,55.4188],[-3.2525,55.4288],[-3.3164,55.4383],[-3.345,55.4119],[-3.4106,55.4119],[-3.4437,55.4044],[-3.5003,55.4097],[-3.5348,55.438],[-3.5122,55.4922],[-3.485,55.515],[-3.4872,55.5602],[-3.527,55.6002],[-3.4781,55.6122],[-3.4795,55.6485],[-3.3945,55.7077],[-3.4359,55.7183],[-3.4579,55.7696],[-3.5228,55.7855],[-3.565,55.7877],[-3.59,55.8016],[-3.6112,55.8038],[-3.6881,55.7952],[-3.7239,55.778],[-3.7334,55.7835],[-3.7184,55.8124],[-3.745,55.858],[-3.7103,55.8702],[-3.7064,55.8769],[-3.7283,55.8833],[-3.7934,55.8719],[-3.8206,55.8891],[-3.8089,55.8952],[-3.7739,55.9024],[-3.7192,55.9319],[-3.6673,55.9422],[-3.6642,55.9544],[-3.635,55.9652],[-3.5986,55.9911],[-3.5795,55.9936],[-3.5667,55.9866],[-3.5395,55.9866],[-3.5053,56.0056],[-3.4999,56.0047],[-3.4693,55.9999],[-3.4498,55.9968],[-3.4386,55.995],[-3.4079,55.9901],[-3.4054,55.9897],[-3.3772,55.9897],[-3.3583,55.9897],[-3.3466,55.9916],[-3.3466,56.0108],[-3.3159,56.0108],[-3.2852,56.0108],[-3.2852,56.0153],[-3.2545,56.0153],[-3.2239,56.0153],[-3.2239,56.0068],[-3.1932,56.0068],[-3.1625,56.0068],[-3.1625,55.9989],[-3.1318,55.9989],[-3.1012,55.9989],[-3.1012,56.0164],[-3.0759,56.0164],[-3.1012,55.9912],[-3.1188,55.9737],[-3.1012,55.9726],[-3.0708,55.9707],[-3.0404,55.9688],[-2.9971,55.9661],[-2.9796,55.9729],[-2.8628,56.0177],[-2.871,56.0307],[-2.8231,56.0598],[-2.8028,56.0648],[-2.6351,56.0581],[-2.616,56.0532],[-2.5694,56.0245],[-2.5728,56.0193],[-2.5172,56.0042],[-2.5079,56.0102],[-2.4597,55.9885],[-2.438,55.9826],[-2.4144,55.9783],[-2.4041,55.9734],[-2.2322,55.9267],[-2.1468,55.9173],[-2.144,55.913],[-2.086,55.9094],[-2.0517,55.864],[-2.0102,55.8092],[-2.0262,55.8092],[-2.0229,55.8055],[-2.0785,55.7904],[-2.092,55.7572],[-2.1629,55.7228],[-2.2428,55.6499],[-2.3066,55.6451],[-2.3273,55.6251],[-2.2787,55.5891],[-2.2567,55.5495],[-2.217,55.5089],[-2.2127,55.4903],[-2.1829,55.4624],[-2.2114,55.4333],[-2.2722,55.4189],[-2.3252,55.3981],[-2.3595,55.3625],[-2.3793,55.3555],[-2.4267,55.366],[-2.4628,55.3604],[-2.5515,55.3144],[-2.6258,55.2625],[-2.6313,55.2234],[-2.685,55.1908],[-2.6409,55.1321],[-2.5978,55.1236],[-2.5875,55.103],[-2.5473,55.0799],[-2.5053,55.0869],[-2.4853,55.0794],[-2.4948,55.058],[-2.482,55.0391],[-2.56,55.0119],[-2.5678,54.9861],[-2.592,54.9666],[-2.565,54.9577],[-2.5417,54.923],[-2.5703,54.893],[-2.5936,54.8827],[-2.5664,54.8583],[-2.5636,54.8236],[-2.5336,54.808],[-2.5,54.8052],[-2.4,54.8472],[-2.362,54.8108],[-2.305,54.7832],[-2.3272,54.7274],[-2.3539,54.6908],[-2.2909,54.6658],[-2.2792,54.6502],[-2.3056,54.6277],[-2.2853,54.588],[-2.2095,54.5522],[-2.1917,54.5313],[-2.1631,54.528],[-2.1552,54.4556],[-2.1942,54.4466],[-2.2447,54.448],[-2.2956,54.4177],[-2.2834,54.3827],[-2.3472,54.3502],[-2.3061,54.3205],[-2.3098,54.2433],[-2.3525,54.2505],[-2.4006,54.2283],[-2.4475,54.2302],[-2.4534,54.2172],[-2.5117,54.1716],[-2.5476,54.1511],[-2.545,54.1135],[-2.4678,54.0797],[-2.4583,54.0472],[-2.427,54.038],[-2.3547,54.0424],[-2.337,54.018],[-2.3351,53.991],[-2.3,53.9891],[-2.2742,53.9699],[-2.2275,53.9827],[-2.2222,53.968],[-2.1906,53.9658],[-2.1742,53.936],[-2.105,53.9146],[-2.0975,53.8885],[-2.0326,53.8476],[-2.0028,53.8699],[-1.9778,53.8694],[-1.9661,53.8764],[-1.9639,53.8972],[-1.9736,53.9172],[-1.9509,53.9319],[-1.9553,53.9505],[-1.9436,53.9577],[-1.902,53.955],[-1.8771,53.9627],[-1.8718,53.9404],[-1.8461,53.9314],[-1.8356,53.9399],[-1.7978,53.943],[-1.7786,53.935],[-1.7637,53.9192],[-1.7434,53.9166],[-1.7286,53.9027],[-1.6959,53.9013],[-1.6414,53.9071],[-1.5834,53.9008],[-1.5492,53.9085],[-1.5486,53.9247],[-1.5345,53.9352],[-1.5072,53.9107],[-1.4547,53.9061],[-1.433,53.9107],[-1.4234,53.9244],[-1.3867,53.9394],[-1.3337,53.9449],[-1.2942,53.9255],[-1.2914,53.915],[-1.3078,53.8947],[-1.3056,53.8608],[-1.3445,53.8588],[-1.3261,53.8463],[-1.3053,53.8197],[-1.3075,53.7902],[-1.2873,53.7585],[-1.3069,53.738],[-1.2884,53.7374],[-1.2595,53.7177],[-1.22,53.7147],[-1.2117,53.6991],[-1.2269,53.6944],[-1.2453,53.6719],[-1.247,53.6355],[-1.23,53.6207],[-1.2148,53.6199],[-1.1995,53.6385],[-1.1522,53.6411],[-1.1264,53.6338],[-1.1117,53.6435],[-1.0739,53.6477],[-0.9964,53.66],[-0.9414,53.6569],[-0.86,53.6324],[-0.8607,53.6124],[-0.8609,53.5816],[-0.9045,53.5716],[-0.8728,53.5458],[-0.872,53.5308],[-0.9148,53.533],[-0.9433,53.518],[-0.9194,53.4874],[-0.9698,53.463],[-0.9775,53.4344],[-1.0131,53.4083],[-1.0664,53.413],[-1.1181,53.3786],[-1.1139,53.3561],[-1.1211,53.3455],[-1.1447,53.3377],[-1.135,53.3258],[-1.1661,53.3063],[-1.176,53.2929],[-1.1603,53.2622],[-1.1959,53.2325],[-1.1909,53.1677],[-1.2439,53.1516],[-1.2764,53.1541],[-1.3128,53.131],[-1.292,53.0838],[-1.3297,53.0502],[-1.3214,53.013],[-1.2839,52.9858],[-1.2711,52.8988],[-1.2326,52.8807],[-1.2628,52.8616],[-1.3014,52.8625],[-1.3706,52.8313],[-1.3953,52.79],[-1.4272,52.7838],[-1.4747,52.7486],[-1.5328,52.7497],[-1.5434,52.7336],[-1.535,52.7061],[-1.5831,52.685],[-1.58,52.6769],[-1.5339,52.6416],[-1.5589,52.6216],[-1.5423,52.6008],[-1.5458,52.5808],[-1.495,52.5563],[-1.4172,52.5352],[-1.3959,52.5125],[-1.2934,52.4794],[-1.2411,52.4261],[-1.2117,52.4158],[-1.1866,52.3813],[-1.1653,52.348],[-1.2334,52.3275],[-1.2417,52.311],[-1.2026,52.3013],[-1.2242,52.2824],[-1.2081,52.2499],[-1.2659,52.2277],[-1.2487,52.1952],[-1.3031,52.1811],[-1.3212,52.1615],[-1.2372,52.096],[-1.3067,52.0774],[-1.2939,52.0713],[-1.2967,52.0388],[-1.265,51.9797],[-1.1837,51.9783],[-1.1384,51.9897],[-1.1082,52.0092],[-1.1418,52.0177],[-1.0967,52.0438],[-1.0367,52.0536],[-1.0233,52.0647],[-0.9406,52.0719],[-0.9014,52.0186],[-0.8674,52.0338],[-0.8565,52.0405],[-0.8559,52.0585],[-0.8275,52.0644],[-0.8278,52.0722],[-0.8517,52.0858],[-0.8784,52.116],[-0.8259,52.1274],[-0.8067,52.1522],[-0.7761,52.1469],[-0.762,52.1624],[-0.7289,52.1616],[-0.6545,52.1925],[-0.6345,52.216],[-0.6414,52.2591],[-0.5906,52.2661],[-0.5586,52.248],[-0.5412,52.2458],[-0.5253,52.2605],[-0.5253,52.2833],[-0.5031,52.303],[-0.4588,52.3088],[-0.4295,52.2974],[-0.4189,52.278],[-0.3711,52.2677],[-0.3684,52.2419],[-0.3553,52.2271],[-0.3317,52.2291],[-0.2934,52.2241],[-0.292,52.2027],[-0.2531,52.1919],[-0.2339,52.1727],[-0.247,52.1605],[-0.207,52.1505],[-0.2167,52.1327],[-0.17,52.1297],[-0.132,52.1336],[-0.1461,52.0697],[-0.1356,52.0435],[-0.1092,52.0194],[-0.0295,52.0399],[-0.0114,52.0516],[0.0514,52.0433],[0.0805,52.0024],[0.0825,51.9833],[0.1108,51.9736],[0.1417,51.8839],[0.1899,51.8902],[0.1992,51.8658],[0.1736,51.8483],[0.173,51.8252],[0.1903,51.8166],[0.158,51.7905],[0.1083,51.7775],[0.0356,51.7683],[0,51.7331],[-0.0113,51.6772],[-0.1481,51.6891],[-0.1584,51.6758],[-0.1654,51.6713],[-0.1734,51.6663],[-0.2006,51.6622],[-0.2175,51.6541],[-0.2289,51.6686],[-0.2384,51.6722],[-0.2453,51.6674],[-0.2542,51.6441],[-0.2936,51.6383],[-0.3209,51.6344],[-0.3739,51.6144],[-0.3998,51.6148],[-0.432,51.6152],[-0.4589,51.6108],[-0.47,51.6174],[-0.4814,51.616],[-0.4861,51.5977],[-0.4935,51.5909],[-0.4714,51.55],[-0.4845,51.4944],[-0.4972,51.4778],[-0.5128,51.4758],[-0.5212,51.4502],[-0.5184,51.4394],[-0.5316,51.4337],[-0.5757,51.4456],[-0.5903,51.4263],[-0.5989,51.4036],[-0.6197,51.3877],[-0.6581,51.3822],[-0.6987,51.3669],[-0.7209,51.3638],[-0.7653,51.3313],[-0.7992,51.3388],[-0.8197,51.3488],[-0.8529,51.3501],[-0.8864,51.3513],[-0.9192,51.3602],[-0.9667,51.3572],[-0.9964,51.3622],[-1.032,51.3547],[-1.0603,51.3732],[-1.1111,51.3713],[-1.12,51.3547],[-1.2453,51.3689],[-1.3995,51.3705],[-1.4367,51.3524],[-1.4331,51.3347],[-1.487,51.3324],[-1.4981,51.3661],[-1.5334,51.3774],[-1.5634,51.4122],[-1.522,51.4258],[-1.5284,51.4513],[-1.5506,51.4614],[-1.5764,51.4888],[-1.5804,51.503],[-1.5845,51.5174],[-1.6028,51.5202],[-1.6467,51.5685],[-1.6684,51.568],[-1.6753,51.5727],[-1.6778,51.5997],[-1.6597,51.6111],[-1.6545,51.6319],[-1.6839,51.6505],[-1.6833,51.6786],[-1.7011,51.681],[-1.7245,51.6627],[-1.7497,51.6588],[-1.7774,51.6604],[-1.7959,51.6944],[-1.8117,51.6925],[-1.8328,51.6566],[-1.8881,51.6725],[-1.8692,51.6463],[-1.94,51.663],[-1.9487,51.6399],[-2.0573,51.6641],[-2.1011,51.6202],[-2.1489,51.5894],[-2.1917,51.5983],[-2.24,51.5791],[-2.2716,51.5772],[-2.262,51.5472],[-2.2453,51.5186],[-2.2806,51.5099],[-2.3206,51.4838],[-2.287,51.4813],[-2.2807,51.4203],[-2.277,51.3991],[-2.287,51.3861],[-2.28,51.3724],[-2.3337,51.3469],[-2.2967,51.3402],[-2.2901,51.3249],[-2.267,51.3163],[-2.2711,51.2958],[-2.2428,51.2852],[-2.2362,51.2641],[-2.2662,51.2088],[-2.3489,51.1177],[-2.3475,51.0949],[-2.3217,51.0833],[-2.2386,51.0714],[-2.1942,51.0438],[-2.1442,50.986],[-2.1234,50.9811],[-2.0992,50.9558],[-2.0589,50.9599],[-1.9962,50.9775],[-1.9703,50.9927],[-1.9501,50.9883],[-1.8798,50.9247],[-1.837,50.9335],[-1.805,50.9294],[-1.8114,50.9055],[-1.8392,50.8913],[-1.8328,50.8658],[-1.8057,50.8677],[-1.7961,50.8316],[-1.8095,50.8022],[-1.7865,50.7687],[-1.735,50.778],[-1.7342,50.7544],[-1.6767,50.7544],[-1.6729,50.7401],[-1.6917,50.7361],[-1.6917,50.7105],[-1.6481,50.7105],[-1.6481,50.6865],[-1.6481,50.6809],[-1.6917,50.6809],[-1.6917,50.6548],[-1.6917,50.6513],[-1.6917,50.6288]]],[[[-3.0759,56.0164],[-3.0759,56.0416],[-3.0507,56.0416],[-3.0759,56.0164]]]]}},
{"type":"Feature","properties":{"entityId":"brittonic-kingdoms","from":572,"to":582,"certainty":"estimated","source":"유럽 쪽은 Natural Earth 1:10m admin-1(v5.1.2) 현대 행정구역 조각을 그 시기 국경에 맞춰 묶고, 조각이 역사 경계와 다른 곳은 선을 그어 나눈 근사. 유럽 밖(시베리아·중앙아시아·극동)은 대략적인 추정. 운영자 검수 필요"},"geometry":{"type":"MultiPolygon","coordinates":[[[[-2.7238,47.4045],[-2.7637,47.4318],[-2.8435,47.4865],[-2.9648,47.5697],[-3.003,47.5794],[-3.0034,47.5787],[-3.0424,47.5881],[-3.0738,47.5765],[-3.112,47.5992],[-3.1289,47.5476],[-3.1233,47.519],[-3.0845,47.4782],[-3.1317,47.4782],[-3.1438,47.507],[-3.1339,47.5439],[-3.1412,47.598],[-3.1642,47.6201],[-3.3805,47.6748],[-3.5151,47.7088],[-3.5487,47.7173],[-3.5824,47.7258],[-3.6498,47.7429],[-4.0648,47.8478],[-4.0697,47.8482],[-4.1696,47.8235],[-4.1852,47.8134],[-4.2252,47.8024],[-4.3718,47.8072],[-4.3734,47.8287],[-4.3476,47.8383],[-4.3474,47.8532],[-4.376,47.8777],[-4.4078,47.9345],[-4.4912,47.9556],[-4.4957,47.9875],[-4.5681,48.008],[-4.572,48.0059],[-4.5804,48.0114],[-4.6321,48.026],[-4.653,48.0263],[-4.7281,48.0406],[-4.6974,48.0749],[-4.6837,48.0673],[-4.6417,48.0736],[-4.628,48.0864],[-4.5128,48.0968],[-4.5109,48.0973],[-4.5241,48.1928],[-4.5316,48.1831],[-4.5575,48.1772],[-4.5438,48.2051],[-4.5612,48.225],[-4.5547,48.2596],[-4.5573,48.263],[-4.6263,48.2665],[-4.6263,48.2871],[-4.5767,48.2899],[-4.575,48.2907],[-4.5595,48.3387],[-4.5445,48.3402],[-4.5476,48.3629],[-4.6189,48.3485],[-4.6876,48.3621],[-4.6908,48.3623],[-4.7045,48.3416],[-4.755,48.342],[-4.7834,48.3764],[-4.7648,48.3776],[-4.7834,48.4174],[-4.7799,48.4549],[-4.7493,48.4788],[-4.7746,48.4913],[-4.7646,48.5202],[-4.722,48.5682],[-4.6425,48.5819],[-4.6277,48.5788],[-4.5976,48.5914],[-4.6077,48.603],[-4.5807,48.6022],[-4.592,48.6834],[-4.5919,48.6834],[-4.592,48.6838],[-3.8424,48.8101],[-3.7487,48.8259],[-3.7018,48.8338],[-3.655,48.8417],[-3.5613,48.8575],[-3.4676,48.8733],[-3.296,48.9022],[-3.2958,48.9022],[-3.2956,48.9022],[-3.0928,48.8711],[-3.0915,48.8713],[-3.0915,48.8709],[-2.537,48.7859],[-2.2427,48.7407],[-2.0956,48.7182],[-2.0588,48.7125],[-2.0588,48.6926],[-2.0588,48.667],[-2.022,48.667],[-2.022,48.6495],[-2.0287,48.6433],[-2.0275,48.6415],[-2.022,48.6333],[-2.022,48.6159],[-2.0323,48.6159],[-2.0175,48.5907],[-1.9988,48.5907],[-1.9988,48.5654],[-1.9982,48.5648],[-1.9652,48.5648],[-1.9491,48.5392],[-1.9485,48.5383],[-1.9251,48.5448],[-1.9102,48.5036],[-1.918,48.473],[-1.944,48.4467],[-1.9517,48.4228],[-1.9327,48.3639],[-1.9615,48.3421],[-1.9615,48.3003],[-1.9824,48.2803],[-2.066,48.2952],[-2.1172,48.2608],[-2.1602,48.2607],[-2.186,48.2226],[-2.2108,48.2096],[-2.2319,48.1641],[-2.2873,48.1337],[-2.2352,48.0786],[-2.1882,48.0797],[-2.1913,48.0525],[-2.2576,48.0389],[-2.2711,48.0054],[-2.2554,47.9974],[-2.1677,47.9847],[-2.1243,47.9636],[-2.106,47.945],[-2.1002,47.9119],[-2.1095,47.8488],[-2.0612,47.8463],[-2.0524,47.8218],[-2.068,47.7962],[-2.1223,47.7743],[-2.1103,47.7588],[-2.0716,47.7572],[-2.0767,47.7333],[-2.1159,47.7317],[-2.1263,47.7142],[-2.1062,47.669],[-2.1028,47.6393],[-2.0885,47.6326],[-2.0858,47.608],[-2.11,47.5423],[-2.1544,47.5131],[-2.1868,47.4814],[-2.2109,47.5076],[-2.2534,47.4953],[-2.3023,47.5016],[-2.3345,47.464],[-2.4041,47.4556],[-2.4331,47.4658],[-2.4611,47.4526],[-2.4649,47.4535],[-2.4649,47.4322],[-2.5014,47.4322],[-2.5014,47.4247],[-2.5379,47.4247],[-2.5379,47.4473],[-2.5744,47.4473],[-2.6109,47.4473],[-2.6474,47.4473],[-2.684,47.4473],[-2.684,47.4448],[-2.684,47.411],[-2.7238,47.411],[-2.7238,47.4045]]],[[[-1.6917,50.6288],[-1.7353,50.6217],[-1.8225,50.6076],[-1.9097,50.5935],[-2.0841,50.5652],[-2.2585,50.537],[-2.4892,50.4996],[-2.4893,50.4996],[-2.4896,50.4996],[-2.6072,50.5489],[-2.7816,50.6221],[-2.8688,50.6587],[-2.9123,50.6769],[-2.9559,50.6952],[-2.9573,50.6958],[-3.1303,50.5731],[-3.133,50.5712],[-3.2188,50.5104],[-3.2617,50.48],[-3.3046,50.4495],[-3.3061,50.4485],[-3.3929,50.3869],[-3.4363,50.3561],[-3.4364,50.3561],[-3.4797,50.3254],[-3.616,50.2287],[-3.6163,50.2287],[-3.6164,50.2287],[-3.6476,50.2325],[-3.6456,50.226],[-3.718,50.2124],[-3.7742,50.223],[-3.789,50.2124],[-3.8263,50.2342],[-3.8562,50.2581],[-4.0106,50.277],[-4.0878,50.2865],[-4.1264,50.2912],[-4.165,50.296],[-4.2422,50.3054],[-4.3194,50.3149],[-4.4737,50.3338],[-4.4954,50.3284],[-4.5716,50.3256],[-5.0568,50.0612],[-5.0565,50.0606],[-5.0981,50.0144],[-5.1465,50.0106],[-5.1761,49.9879],[-5.1912,49.9591],[-5.2143,49.9754],[-5.2433,49.9596],[-5.2435,49.9597],[-5.2437,49.9596],[-5.5482,50.0738],[-5.5784,50.0548],[-5.6674,50.0429],[-5.7051,50.0523],[-5.7156,50.0827],[-5.6988,50.0854],[-5.7092,50.1326],[-5.7082,50.1338],[-5.7765,50.1594],[-5.7762,50.1596],[-5.7763,50.1596],[-5.7762,50.1597],[-5.7765,50.1598],[-4.9295,50.7673],[-4.8908,50.7951],[-4.7946,50.8641],[-4.7465,50.8986],[-4.6984,50.9331],[-4.506,51.0711],[-4.3112,51.2108],[-4.0825,51.2657],[-3.8707,51.3165],[-3.7648,51.3419],[-3.7383,51.3482],[-3.7119,51.3546],[-3.7119,51.3328],[-3.6854,51.3328],[-3.659,51.3328],[-3.659,51.3095],[-3.6325,51.3095],[-3.606,51.3095],[-3.5795,51.3095],[-3.5531,51.3095],[-3.5531,51.3049],[-3.5266,51.3049],[-3.5001,51.3049],[-3.4736,51.3049],[-3.4472,51.3049],[-3.4472,51.2923],[-3.4207,51.2923],[-3.3942,51.2923],[-3.3677,51.2923],[-3.3413,51.2923],[-3.2884,51.2923],[-3.2619,51.2923],[-3.2355,51.2923],[-3.2355,51.2794],[-3.209,51.2794],[-3.209,51.3209],[-3.1825,51.3209],[-3.156,51.3209],[-3.1296,51.3209],[-3.1296,51.3217],[-3.1031,51.3217],[-3.1031,51.3624],[-3.0766,51.3624],[-3.0766,51.4039],[-3.0501,51.4039],[-3.0501,51.4454],[-3.0237,51.4454],[-3.0237,51.4704],[-2.9972,51.4704],[-2.9707,51.4704],[-2.9443,51.4704],[-2.9178,51.4704],[-2.9178,51.4769],[-2.8913,51.4769],[-2.8913,51.5114],[-2.8649,51.5114],[-2.8649,51.5172],[-2.8384,51.5172],[-2.812,51.5172],[-2.812,51.5333],[-2.7855,51.5333],[-2.7591,51.5333],[-2.7326,51.5333],[-2.7326,51.5622],[-2.7061,51.5622],[-2.7061,51.5868],[-2.6796,51.5868],[-2.6666,51.5868],[-2.6531,51.5868],[-2.627,51.5868],[-2.6266,51.5872],[-2.6266,51.6271],[-2.6527,51.6271],[-2.6531,51.6268],[-2.6654,51.6173],[-2.6835,51.659],[-2.6617,51.6755],[-2.6837,51.7261],[-2.6702,51.7495],[-2.6758,51.7867],[-2.6485,51.8214],[-2.6589,51.8177],[-2.6958,51.8363],[-2.7287,51.8384],[-2.7757,51.875],[-2.8736,51.9292],[-2.9525,51.9087],[-2.9823,51.9228],[-2.9988,51.9467],[-3.0512,51.9835],[-3.0799,52.0168],[-3.0876,52.0517],[-3.1238,52.0757],[-3.1014,52.1132],[-3.1222,52.132],[-3.0757,52.1528],[-3.1077,52.1727],[-3.0541,52.2302],[-3.0025,52.257],[-2.9684,52.2578],[-2.9995,52.2962],[-2.9637,52.3226],[-2.9574,52.3412],[-3.0706,52.3466],[-3.1037,52.3681],[-3.1993,52.4125],[-3.2151,52.4384],[-3.1903,52.4688],[-3.1077,52.4939],[-3.0308,52.4969],[-2.9764,52.5381],[-3.0053,52.5673],[-3.1107,52.527],[-3.124,52.5665],[-3.1163,52.5863],[-3.0742,52.6067],[-3.0657,52.6336],[-3.0402,52.6467],[-3.0133,52.7084],[-2.9674,52.7199],[-2.9615,52.7337],[-2.9985,52.7561],[-3.0575,52.7662],[-3.0822,52.783],[-3.1404,52.7963],[-3.1522,52.8298],[-3.1219,52.8549],[-3.1284,52.88],[-3.0862,52.9136],[-3.0039,52.9498],[-2.9584,52.9505],[-2.933,52.9343],[-2.878,52.9414],[-2.848,52.9373],[-2.795,52.9039],[-2.7795,52.9006],[-2.7215,52.9182],[-2.7162,52.9418],[-2.7277,52.9665],[-2.7686,52.9815],[-2.8062,52.985],[-2.8505,53.0172],[-2.871,53.0663],[-2.8974,53.1022],[-2.9568,53.1446],[-2.9524,53.1529],[-2.9153,53.1671],[-2.9136,53.1834],[-2.9556,53.2155],[-3.0198,53.2467],[-3.0845,53.2586],[-3.0925,53.2787],[-3.1108,53.2787],[-3.1371,53.2787],[-3.1371,53.2954],[-3.1634,53.2954],[-3.1634,53.3226],[-3.1897,53.3226],[-3.1897,53.3208],[-3.216,53.3208],[-3.216,53.3528],[-3.2423,53.3528],[-3.2423,53.3832],[-3.2423,53.3849],[-3.2686,53.3849],[-3.2686,53.4153],[-3.2423,53.4137],[-3.1897,53.4105],[-3.1581,53.4085],[-3.1573,53.4088],[-3.1147,53.4127],[-3.095,53.4172],[-3.0938,53.4176],[-3.0867,53.4211],[-3.0792,53.4514],[-3.0726,53.4779],[-3.066,53.5043],[-3.0966,53.5443],[-3.1019,53.5581],[-3.0995,53.572],[-3.0876,53.5877],[-3.0316,53.6431],[-3.0194,53.6925],[-3.0071,53.742],[-3.0215,53.7458],[-3.0492,53.7695],[-3.0564,53.803],[-3.0449,53.8785],[-3.0566,53.9062],[-3.0407,53.9235],[-3.0176,53.932],[-2.9565,53.9458],[-2.948,53.9801],[-2.9469,53.9846],[-2.948,53.9856],[-3.0121,54.0446],[-3.0441,54.0741],[-3.0762,54.1036],[-3.1,54.1255],[-3.1179,54.1088],[-3.1453,54.1],[-3.1454,54.0638],[-3.1898,54.0979],[-3.241,54.1121],[-3.2331,54.1592],[-3.2484,54.1737],[-3.2391,54.1754],[-3.2716,54.1969],[-3.3068,54.1919],[-3.3285,54.2047],[-3.4074,54.2777],[-3.4055,54.3013],[-3.4112,54.3061],[-3.556,54.4536],[-3.5919,54.4831],[-3.6342,54.5129],[-3.6116,54.5299],[-3.5909,54.5636],[-3.5912,54.5648],[-3.5911,54.5649],[-3.5912,54.5652],[-3.5887,54.5694],[-3.5871,54.574],[-3.6308,54.6142],[-3.7241,54.6277],[-3.768,54.6341],[-3.8119,54.6405],[-3.8119,54.6618],[-3.8119,54.6681],[-3.8119,54.6894],[-3.768,54.6894],[-3.768,54.7203],[-3.7241,54.7203],[-3.7241,54.732],[-3.6874,54.732],[-3.6874,54.7584],[-3.6508,54.7584],[-3.6508,54.7847],[-3.6363,54.7847],[-3.6141,54.7847],[-3.5924,54.7847],[-3.5924,54.8111],[-3.5485,54.8111],[-3.5485,54.8367],[-3.5054,54.8367],[-3.5054,54.8627],[-3.4624,54.8627],[-3.4624,54.8886],[-3.4607,54.8886],[-3.4607,54.9146],[-3.4607,54.936],[-3.4168,54.936],[-3.3729,54.936],[-3.3729,54.9326],[-3.329,54.9326],[-3.329,54.9764],[-3.2851,54.9745],[-3.2412,54.9727],[-3.1973,54.9708],[-3.1534,54.9689],[-3.1534,54.937],[-3.1228,54.9327],[-3.1095,54.9356],[-3.1095,54.9722],[-3.0656,54.9791],[-3.0503,54.9815],[-3.033,55.0152],[-3.0303,55.0459],[-3.015,55.0515],[-2.9538,55.041],[-2.9223,55.0717],[-2.8831,55.0836],[-2.8503,55.1113],[-2.8595,55.1363],[-2.8895,55.1552],[-2.8842,55.2019],[-2.8639,55.2185],[-2.8689,55.2369],[-2.8984,55.238],[-2.8726,55.2619],[-2.8912,55.278],[-2.945,55.288],[-2.9975,55.2683],[-3.0345,55.273],[-3.057,55.3072],[-3.0984,55.3296],[-3.1045,55.3522],[-3.1642,55.3497],[-3.2075,55.3722],[-3.285,55.3411],[-3.3039,55.3427],[-3.3034,55.3849],[-3.2414,55.4188],[-3.2525,55.4288],[-3.3164,55.4383],[-3.345,55.4119],[-3.4106,55.4119],[-3.4437,55.4044],[-3.5003,55.4097],[-3.5348,55.438],[-3.5122,55.4922],[-3.485,55.515],[-3.4872,55.5602],[-3.527,55.6002],[-3.4781,55.6122],[-3.4795,55.6485],[-3.3945,55.7077],[-3.4359,55.7183],[-3.4579,55.7696],[-3.5228,55.7855],[-3.565,55.7877],[-3.59,55.8016],[-3.6112,55.8038],[-3.6881,55.7952],[-3.7239,55.778],[-3.7334,55.7835],[-3.7184,55.8124],[-3.745,55.858],[-3.7103,55.8702],[-3.7064,55.8769],[-3.7283,55.8833],[-3.7934,55.8719],[-3.8206,55.8891],[-3.8089,55.8952],[-3.7739,55.9024],[-3.7192,55.9319],[-3.6673,55.9422],[-3.6642,55.9544],[-3.635,55.9652],[-3.5986,55.9911],[-3.5795,55.9936],[-3.5667,55.9866],[-3.5395,55.9866],[-3.5053,56.0056],[-3.4999,56.0047],[-3.4693,55.9999],[-3.4498,55.9968],[-3.4386,55.995],[-3.4079,55.9901],[-3.4054,55.9897],[-3.3772,55.9897],[-3.3583,55.9897],[-3.3466,55.9916],[-3.3466,56.0108],[-3.3159,56.0108],[-3.2852,56.0108],[-3.2852,56.0153],[-3.2545,56.0153],[-3.2239,56.0153],[-3.2239,56.0068],[-3.1932,56.0068],[-3.1625,56.0068],[-3.1625,55.9989],[-3.1318,55.9989],[-3.1012,55.9989],[-3.1012,56.0164],[-3.0759,56.0164],[-3.1012,55.9912],[-3.1188,55.9737],[-3.1012,55.9726],[-3.0708,55.9707],[-3.0404,55.9688],[-2.9971,55.9661],[-2.9796,55.9729],[-2.8628,56.0177],[-2.871,56.0307],[-2.8231,56.0598],[-2.8028,56.0648],[-2.6351,56.0581],[-2.616,56.0532],[-2.5694,56.0245],[-2.5728,56.0193],[-2.5172,56.0042],[-2.5079,56.0102],[-2.4597,55.9885],[-2.438,55.9826],[-2.4144,55.9783],[-2.4041,55.9734],[-2.2322,55.9267],[-2.1468,55.9173],[-2.144,55.913],[-2.086,55.9094],[-2.0517,55.864],[-2.0102,55.8092],[-2.0262,55.8092],[-2.0229,55.8055],[-2.0785,55.7904],[-2.092,55.7572],[-2.1629,55.7228],[-2.2428,55.6499],[-2.3066,55.6451],[-2.3273,55.6251],[-2.2787,55.5891],[-2.2567,55.5495],[-2.217,55.5089],[-2.2127,55.4903],[-2.1829,55.4624],[-2.2114,55.4333],[-2.2722,55.4189],[-2.3252,55.3981],[-2.3595,55.3625],[-2.3793,55.3555],[-2.4267,55.366],[-2.4628,55.3604],[-2.5515,55.3144],[-2.6258,55.2625],[-2.6313,55.2234],[-2.685,55.1908],[-2.6409,55.1321],[-2.5978,55.1236],[-2.5875,55.103],[-2.5473,55.0799],[-2.5053,55.0869],[-2.4853,55.0794],[-2.4948,55.058],[-2.482,55.0391],[-2.56,55.0119],[-2.5678,54.9861],[-2.592,54.9666],[-2.565,54.9577],[-2.5417,54.923],[-2.5703,54.893],[-2.5936,54.8827],[-2.5664,54.8583],[-2.5636,54.8236],[-2.5336,54.808],[-2.5,54.8052],[-2.4,54.8472],[-2.362,54.8108],[-2.305,54.7832],[-2.3272,54.7274],[-2.3539,54.6908],[-2.2909,54.6658],[-2.2792,54.6502],[-2.3056,54.6277],[-2.2853,54.588],[-2.2095,54.5522],[-2.1917,54.5313],[-2.1631,54.528],[-2.1552,54.4556],[-2.1942,54.4466],[-2.2447,54.448],[-2.2956,54.4177],[-2.2834,54.3827],[-2.3472,54.3502],[-2.3061,54.3205],[-2.3098,54.2433],[-2.3525,54.2505],[-2.4006,54.2283],[-2.4475,54.2302],[-2.4534,54.2172],[-2.5117,54.1716],[-2.5476,54.1511],[-2.545,54.1135],[-2.4678,54.0797],[-2.4583,54.0472],[-2.427,54.038],[-2.3547,54.0424],[-2.337,54.018],[-2.3351,53.991],[-2.3,53.9891],[-2.2742,53.9699],[-2.2275,53.9827],[-2.2222,53.968],[-2.1906,53.9658],[-2.1742,53.936],[-2.105,53.9146],[-2.0975,53.8885],[-2.0326,53.8476],[-2.0028,53.8699],[-1.9778,53.8694],[-1.9661,53.8764],[-1.9639,53.8972],[-1.9736,53.9172],[-1.9509,53.9319],[-1.9553,53.9505],[-1.9436,53.9577],[-1.902,53.955],[-1.8771,53.9627],[-1.8718,53.9404],[-1.8461,53.9314],[-1.8356,53.9399],[-1.7978,53.943],[-1.7786,53.935],[-1.7637,53.9192],[-1.7434,53.9166],[-1.7286,53.9027],[-1.6959,53.9013],[-1.6414,53.9071],[-1.5834,53.9008],[-1.5492,53.9085],[-1.5486,53.9247],[-1.5345,53.9352],[-1.5072,53.9107],[-1.4547,53.9061],[-1.433,53.9107],[-1.4234,53.9244],[-1.3867,53.9394],[-1.3337,53.9449],[-1.2942,53.9255],[-1.2914,53.915],[-1.3078,53.8947],[-1.3056,53.8608],[-1.3445,53.8588],[-1.3261,53.8463],[-1.3053,53.8197],[-1.3075,53.7902],[-1.2873,53.7585],[-1.3069,53.738],[-1.2884,53.7374],[-1.2595,53.7177],[-1.22,53.7147],[-1.2117,53.6991],[-1.2269,53.6944],[-1.2453,53.6719],[-1.247,53.6355],[-1.23,53.6207],[-1.2148,53.6199],[-1.1995,53.6385],[-1.1522,53.6411],[-1.1264,53.6338],[-1.1117,53.6435],[-1.0739,53.6477],[-0.9964,53.66],[-0.9414,53.6569],[-0.86,53.6324],[-0.8607,53.6124],[-0.8609,53.5816],[-0.9045,53.5716],[-0.8728,53.5458],[-0.872,53.5308],[-0.9148,53.533],[-0.9433,53.518],[-0.9194,53.4874],[-0.9698,53.463],[-0.9775,53.4344],[-1.0131,53.4083],[-1.0664,53.413],[-1.1181,53.3786],[-1.1139,53.3561],[-1.1211,53.3455],[-1.1447,53.3377],[-1.135,53.3258],[-1.1661,53.3063],[-1.176,53.2929],[-1.1603,53.2622],[-1.1959,53.2325],[-1.1909,53.1677],[-1.2439,53.1516],[-1.2764,53.1541],[-1.3128,53.131],[-1.292,53.0838],[-1.3297,53.0502],[-1.3214,53.013],[-1.2839,52.9858],[-1.2711,52.8988],[-1.2326,52.8807],[-1.2628,52.8616],[-1.3014,52.8625],[-1.3706,52.8313],[-1.3953,52.79],[-1.4272,52.7838],[-1.4747,52.7486],[-1.5328,52.7497],[-1.5434,52.7336],[-1.535,52.7061],[-1.5831,52.685],[-1.58,52.6769],[-1.5339,52.6416],[-1.5589,52.6216],[-1.5423,52.6008],[-1.5458,52.5808],[-1.495,52.5563],[-1.4172,52.5352],[-1.3959,52.5125],[-1.2934,52.4794],[-1.2411,52.4261],[-1.2117,52.4158],[-1.1866,52.3813],[-1.1653,52.348],[-1.2334,52.3275],[-1.2417,52.311],[-1.2026,52.3013],[-1.2242,52.2824],[-1.2081,52.2499],[-1.2659,52.2277],[-1.2487,52.1952],[-1.3031,52.1811],[-1.3212,52.1615],[-1.3414,52.1344],[-1.3736,52.1183],[-1.3511,52.1044],[-1.3795,52.0919],[-1.4075,52.1077],[-1.4375,52.1075],[-1.4364,52.093],[-1.4703,52.0886],[-1.4953,52.0608],[-1.4959,52.0405],[-1.5181,51.9883],[-1.5456,51.9847],[-1.5498,51.9691],[-1.5862,51.9672],[-1.604,51.9549],[-1.6525,51.9839],[-1.6569,51.9591],[-1.6189,51.9449],[-1.6128,51.9316],[-1.6461,51.91],[-1.6375,51.8938],[-1.6759,51.8552],[-1.6792,51.7971],[-1.7092,51.7749],[-1.6925,51.7624],[-1.6761,51.7047],[-1.6472,51.6864],[-1.6493,51.6737],[-1.6833,51.6786],[-1.7011,51.681],[-1.7245,51.6627],[-1.7497,51.6588],[-1.7774,51.6604],[-1.7959,51.6944],[-1.8117,51.6925],[-1.8328,51.6566],[-1.8881,51.6725],[-1.8692,51.6463],[-1.94,51.663],[-1.9487,51.6399],[-2.0573,51.6641],[-2.1011,51.6202],[-2.1489,51.5894],[-2.1917,51.5983],[-2.24,51.5791],[-2.2716,51.5772],[-2.262,51.5472],[-2.2453,51.5186],[-2.2806,51.5099],[-2.3206,51.4838],[-2.287,51.4813],[-2.2807,51.4203],[-2.277,51.3991],[-2.287,51.3861],[-2.28,51.3724],[-2.3337,51.3469],[-2.2967,51.3402],[-2.2901,51.3249],[-2.267,51.3163],[-2.2711,51.2958],[-2.2428,51.2852],[-2.2362,51.2641],[-2.2662,51.2088],[-2.3489,51.1177],[-2.3475,51.0949],[-2.3217,51.0833],[-2.2386,51.0714],[-2.1942,51.0438],[-2.1442,50.986],[-2.1234,50.9811],[-2.0992,50.9558],[-2.0589,50.9599],[-1.9962,50.9775],[-1.9703,50.9927],[-1.9501,50.9883],[-1.8798,50.9247],[-1.837,50.9335],[-1.805,50.9294],[-1.8114,50.9055],[-1.8392,50.8913],[-1.8328,50.8658],[-1.8057,50.8677],[-1.7961,50.8316],[-1.8095,50.8022],[-1.7865,50.7687],[-1.735,50.778],[-1.7342,50.7544],[-1.6767,50.7544],[-1.6729,50.7401],[-1.6917,50.7361],[-1.6917,50.7105],[-1.6481,50.7105],[-1.6481,50.6865],[-1.6481,50.6809],[-1.6917,50.6809],[-1.6917,50.6548],[-1.6917,50.6513],[-1.6917,50.6288]]],[[[-3.0759,56.0164],[-3.0759,56.0416],[-3.0507,56.0416],[-3.0759,56.0164]]]]}},
{"type":"Feature","properties":{"entityId":"brittonic-kingdoms","from":582,"to":585,"certainty":"estimated","source":"유럽 쪽은 Natural Earth 1:10m admin-1(v5.1.2) 현대 행정구역 조각을 그 시기 국경에 맞춰 묶고, 조각이 역사 경계와 다른 곳은 선을 그어 나눈 근사. 유럽 밖(시베리아·중앙아시아·극동)은 대략적인 추정. 운영자 검수 필요"},"geometry":{"type":"MultiPolygon","coordinates":[[[[-2.7238,47.4045],[-2.7637,47.4318],[-2.8435,47.4865],[-2.9648,47.5697],[-3.003,47.5794],[-3.0034,47.5787],[-3.0424,47.5881],[-3.0738,47.5765],[-3.112,47.5992],[-3.1289,47.5476],[-3.1233,47.519],[-3.0845,47.4782],[-3.1317,47.4782],[-3.1438,47.507],[-3.1339,47.5439],[-3.1412,47.598],[-3.1642,47.6201],[-3.3805,47.6748],[-3.5151,47.7088],[-3.5487,47.7173],[-3.5824,47.7258],[-3.6498,47.7429],[-4.0648,47.8478],[-4.0697,47.8482],[-4.1696,47.8235],[-4.1852,47.8134],[-4.2252,47.8024],[-4.3718,47.8072],[-4.3734,47.8287],[-4.3476,47.8383],[-4.3474,47.8532],[-4.376,47.8777],[-4.4078,47.9345],[-4.4912,47.9556],[-4.4957,47.9875],[-4.5681,48.008],[-4.572,48.0059],[-4.5804,48.0114],[-4.6321,48.026],[-4.653,48.0263],[-4.7281,48.0406],[-4.6974,48.0749],[-4.6837,48.0673],[-4.6417,48.0736],[-4.628,48.0864],[-4.5128,48.0968],[-4.5109,48.0973],[-4.5241,48.1928],[-4.5316,48.1831],[-4.5575,48.1772],[-4.5438,48.2051],[-4.5612,48.225],[-4.5547,48.2596],[-4.5573,48.263],[-4.6263,48.2665],[-4.6263,48.2871],[-4.5767,48.2899],[-4.575,48.2907],[-4.5595,48.3387],[-4.5445,48.3402],[-4.5476,48.3629],[-4.6189,48.3485],[-4.6876,48.3621],[-4.6908,48.3623],[-4.7045,48.3416],[-4.755,48.342],[-4.7834,48.3764],[-4.7648,48.3776],[-4.7834,48.4174],[-4.7799,48.4549],[-4.7493,48.4788],[-4.7746,48.4913],[-4.7646,48.5202],[-4.722,48.5682],[-4.6425,48.5819],[-4.6277,48.5788],[-4.5976,48.5914],[-4.6077,48.603],[-4.5807,48.6022],[-4.592,48.6834],[-4.5919,48.6834],[-4.592,48.6838],[-3.8424,48.8101],[-3.7487,48.8259],[-3.7018,48.8338],[-3.655,48.8417],[-3.5613,48.8575],[-3.4676,48.8733],[-3.296,48.9022],[-3.2958,48.9022],[-3.2956,48.9022],[-3.0928,48.8711],[-3.0915,48.8713],[-3.0915,48.8709],[-2.537,48.7859],[-2.2427,48.7407],[-2.0956,48.7182],[-2.0588,48.7125],[-2.0588,48.6926],[-2.0588,48.667],[-2.022,48.667],[-2.022,48.6495],[-2.0287,48.6433],[-2.0275,48.6415],[-2.022,48.6333],[-2.022,48.6159],[-2.0323,48.6159],[-2.0175,48.5907],[-1.9988,48.5907],[-1.9988,48.5654],[-1.9982,48.5648],[-1.9652,48.5648],[-1.9491,48.5392],[-1.9485,48.5383],[-1.9251,48.5448],[-1.9102,48.5036],[-1.918,48.473],[-1.944,48.4467],[-1.9517,48.4228],[-1.9327,48.3639],[-1.9615,48.3421],[-1.9615,48.3003],[-1.9824,48.2803],[-2.066,48.2952],[-2.1172,48.2608],[-2.1602,48.2607],[-2.186,48.2226],[-2.2108,48.2096],[-2.2319,48.1641],[-2.2873,48.1337],[-2.2352,48.0786],[-2.1882,48.0797],[-2.1913,48.0525],[-2.2576,48.0389],[-2.2711,48.0054],[-2.2554,47.9974],[-2.1677,47.9847],[-2.1243,47.9636],[-2.106,47.945],[-2.1002,47.9119],[-2.1095,47.8488],[-2.0612,47.8463],[-2.0524,47.8218],[-2.068,47.7962],[-2.1223,47.7743],[-2.1103,47.7588],[-2.0716,47.7572],[-2.0767,47.7333],[-2.1159,47.7317],[-2.1263,47.7142],[-2.1062,47.669],[-2.1028,47.6393],[-2.0885,47.6326],[-2.0858,47.608],[-2.11,47.5423],[-2.1544,47.5131],[-2.1868,47.4814],[-2.2109,47.5076],[-2.2534,47.4953],[-2.3023,47.5016],[-2.3345,47.464],[-2.4041,47.4556],[-2.4331,47.4658],[-2.4611,47.4526],[-2.4649,47.4535],[-2.4649,47.4322],[-2.5014,47.4322],[-2.5014,47.4247],[-2.5379,47.4247],[-2.5379,47.4473],[-2.5744,47.4473],[-2.6109,47.4473],[-2.6474,47.4473],[-2.684,47.4473],[-2.684,47.4448],[-2.684,47.411],[-2.7238,47.411],[-2.7238,47.4045]]],[[[-3.0176,53.932],[-2.9565,53.9458],[-2.948,53.9801],[-2.9469,53.9846],[-2.948,53.9856],[-3.0121,54.0446],[-3.0441,54.0741],[-3.0762,54.1036],[-3.1,54.1255],[-3.1179,54.1088],[-3.1453,54.1],[-3.1454,54.0638],[-3.1898,54.0979],[-3.241,54.1121],[-3.2331,54.1592],[-3.2484,54.1737],[-3.2391,54.1754],[-3.2716,54.1969],[-3.3068,54.1919],[-3.3285,54.2047],[-3.4074,54.2777],[-3.4055,54.3013],[-3.4112,54.3061],[-3.556,54.4536],[-3.5919,54.4831],[-3.6342,54.5129],[-3.6116,54.5299],[-3.5909,54.5636],[-3.5912,54.5648],[-3.5911,54.5649],[-3.5912,54.5652],[-3.5887,54.5694],[-3.5871,54.574],[-3.6308,54.6142],[-3.7241,54.6277],[-3.768,54.6341],[-3.8119,54.6405],[-3.8119,54.6618],[-3.8119,54.6681],[-3.8119,54.6894],[-3.768,54.6894],[-3.768,54.7203],[-3.7241,54.7203],[-3.7241,54.732],[-3.6874,54.732],[-3.6874,54.7584],[-3.6508,54.7584],[-3.6508,54.7847],[-3.6363,54.7847],[-3.6141,54.7847],[-3.5924,54.7847],[-3.5924,54.8111],[-3.5485,54.8111],[-3.5485,54.8367],[-3.5054,54.8367],[-3.5054,54.8627],[-3.4624,54.8627],[-3.4624,54.8886],[-3.4607,54.8886],[-3.4607,54.9146],[-3.4607,54.936],[-3.4168,54.936],[-3.3729,54.936],[-3.3729,54.9326],[-3.329,54.9326],[-3.329,54.9764],[-3.2851,54.9745],[-3.2412,54.9727],[-3.1973,54.9708],[-3.1534,54.9689],[-3.1534,54.937],[-3.1228,54.9327],[-3.1095,54.9356],[-3.1095,54.9722],[-3.0656,54.9791],[-3.0503,54.9815],[-3.033,55.0152],[-3.0303,55.0459],[-3.015,55.0515],[-2.9538,55.041],[-2.9223,55.0717],[-2.8831,55.0836],[-2.8503,55.1113],[-2.8595,55.1363],[-2.8895,55.1552],[-2.8842,55.2019],[-2.8639,55.2185],[-2.8689,55.2369],[-2.8984,55.238],[-2.8726,55.2619],[-2.8912,55.278],[-2.945,55.288],[-2.9975,55.2683],[-3.0345,55.273],[-3.057,55.3072],[-3.0984,55.3296],[-3.1045,55.3522],[-3.1642,55.3497],[-3.2075,55.3722],[-3.285,55.3411],[-3.3039,55.3427],[-3.3034,55.3849],[-3.2414,55.4188],[-3.2525,55.4288],[-3.3164,55.4383],[-3.345,55.4119],[-3.4106,55.4119],[-3.4437,55.4044],[-3.5003,55.4097],[-3.5348,55.438],[-3.5122,55.4922],[-3.485,55.515],[-3.4872,55.5602],[-3.527,55.6002],[-3.4781,55.6122],[-3.4795,55.6485],[-3.3945,55.7077],[-3.4359,55.7183],[-3.4579,55.7696],[-3.5228,55.7855],[-3.565,55.7877],[-3.59,55.8016],[-3.6112,55.8038],[-3.6881,55.7952],[-3.7239,55.778],[-3.7334,55.7835],[-3.7184,55.8124],[-3.745,55.858],[-3.7103,55.8702],[-3.7064,55.8769],[-3.7283,55.8833],[-3.7934,55.8719],[-3.8206,55.8891],[-3.8089,55.8952],[-3.7739,55.9024],[-3.7192,55.9319],[-3.6673,55.9422],[-3.6642,55.9544],[-3.635,55.9652],[-3.5986,55.9911],[-3.5795,55.9936],[-3.5667,55.9866],[-3.5395,55.9866],[-3.5053,56.0056],[-3.4999,56.0047],[-3.4693,55.9999],[-3.4498,55.9968],[-3.4386,55.995],[-3.4079,55.9901],[-3.4054,55.9897],[-3.3772,55.9897],[-3.3583,55.9897],[-3.3466,55.9916],[-3.3466,56.0108],[-3.3159,56.0108],[-3.2852,56.0108],[-3.2852,56.0153],[-3.2545,56.0153],[-3.2239,56.0153],[-3.2239,56.0068],[-3.1932,56.0068],[-3.1625,56.0068],[-3.1625,55.9989],[-3.1318,55.9989],[-3.1012,55.9989],[-3.1012,56.0164],[-3.0759,56.0164],[-3.1012,55.9912],[-3.1188,55.9737],[-3.1012,55.9726],[-3.0708,55.9707],[-3.0404,55.9688],[-2.9971,55.9661],[-2.9796,55.9729],[-2.8628,56.0177],[-2.871,56.0307],[-2.8231,56.0598],[-2.8028,56.0648],[-2.6351,56.0581],[-2.616,56.0532],[-2.5694,56.0245],[-2.5728,56.0193],[-2.5172,56.0042],[-2.5079,56.0102],[-2.4597,55.9885],[-2.438,55.9826],[-2.4144,55.9783],[-2.4041,55.9734],[-2.2322,55.9267],[-2.1468,55.9173],[-2.144,55.913],[-2.086,55.9094],[-2.0517,55.864],[-2.0102,55.8092],[-2.0262,55.8092],[-2.0229,55.8055],[-2.0785,55.7904],[-2.092,55.7572],[-2.1629,55.7228],[-2.2428,55.6499],[-2.3066,55.6451],[-2.3273,55.6251],[-2.2787,55.5891],[-2.2567,55.5495],[-2.217,55.5089],[-2.2127,55.4903],[-2.1829,55.4624],[-2.2114,55.4333],[-2.2722,55.4189],[-2.3252,55.3981],[-2.3595,55.3625],[-2.3793,55.3555],[-2.4267,55.366],[-2.4628,55.3604],[-2.5515,55.3144],[-2.6258,55.2625],[-2.6313,55.2234],[-2.685,55.1908],[-2.6409,55.1321],[-2.5978,55.1236],[-2.5875,55.103],[-2.5473,55.0799],[-2.5053,55.0869],[-2.4853,55.0794],[-2.4948,55.058],[-2.482,55.0391],[-2.56,55.0119],[-2.5678,54.9861],[-2.592,54.9666],[-2.565,54.9577],[-2.5417,54.923],[-2.5703,54.893],[-2.5936,54.8827],[-2.5664,54.8583],[-2.5636,54.8236],[-2.5336,54.808],[-2.5,54.8052],[-2.4,54.8472],[-2.362,54.8108],[-2.305,54.7832],[-2.3272,54.7274],[-2.3539,54.6908],[-2.2909,54.6658],[-2.2792,54.6502],[-2.3056,54.6277],[-2.2853,54.588],[-2.2095,54.5522],[-2.1917,54.5313],[-2.1631,54.528],[-2.1552,54.4556],[-2.1942,54.4466],[-2.2447,54.448],[-2.2956,54.4177],[-2.2834,54.3827],[-2.3472,54.3502],[-2.3061,54.3205],[-2.3098,54.2433],[-2.3525,54.2505],[-2.4006,54.2283],[-2.4475,54.2302],[-2.4534,54.2172],[-2.5117,54.1716],[-2.5476,54.1511],[-2.545,54.1135],[-2.4678,54.0797],[-2.4583,54.0472],[-2.427,54.038],[-2.3547,54.0424],[-2.337,54.018],[-2.3351,53.991],[-2.3,53.9891],[-2.2742,53.9699],[-2.2275,53.9827],[-2.2222,53.968],[-2.1906,53.9658],[-2.1742,53.936],[-2.105,53.9146],[-2.0975,53.8885],[-2.0326,53.8476],[-2.0028,53.8699],[-1.9778,53.8694],[-1.9661,53.8764],[-1.9639,53.8972],[-1.9736,53.9172],[-1.9509,53.9319],[-1.9553,53.9505],[-1.9436,53.9577],[-1.902,53.955],[-1.8771,53.9627],[-1.8718,53.9404],[-1.8461,53.9314],[-1.8356,53.9399],[-1.7978,53.943],[-1.7786,53.935],[-1.7637,53.9192],[-1.7434,53.9166],[-1.7286,53.9027],[-1.6959,53.9013],[-1.6414,53.9071],[-1.5834,53.9008],[-1.5492,53.9085],[-1.5486,53.9247],[-1.5345,53.9352],[-1.5072,53.9107],[-1.4547,53.9061],[-1.433,53.9107],[-1.4234,53.9244],[-1.3867,53.9394],[-1.3337,53.9449],[-1.2942,53.9255],[-1.2914,53.915],[-1.3078,53.8947],[-1.3056,53.8608],[-1.3445,53.8588],[-1.3261,53.8463],[-1.3053,53.8197],[-1.3075,53.7902],[-1.2873,53.7585],[-1.3069,53.738],[-1.2884,53.7374],[-1.2595,53.7177],[-1.22,53.7147],[-1.2117,53.6991],[-1.2269,53.6944],[-1.2453,53.6719],[-1.247,53.6355],[-1.23,53.6207],[-1.2148,53.6199],[-1.1995,53.6385],[-1.1522,53.6411],[-1.1264,53.6338],[-1.1117,53.6435],[-1.0739,53.6477],[-0.9964,53.66],[-0.9414,53.6569],[-0.86,53.6324],[-0.8607,53.6124],[-0.8609,53.5816],[-0.9045,53.5716],[-0.8728,53.5458],[-0.872,53.5308],[-0.9148,53.533],[-0.9433,53.518],[-0.9194,53.4874],[-0.9698,53.463],[-0.9775,53.4344],[-1.0131,53.4083],[-1.0664,53.413],[-1.1181,53.3786],[-1.1139,53.3561],[-1.1211,53.3455],[-1.1447,53.3377],[-1.135,53.3258],[-1.1661,53.3063],[-1.176,53.2929],[-1.1603,53.2622],[-1.1959,53.2325],[-1.1909,53.1677],[-1.2439,53.1516],[-1.2764,53.1541],[-1.3128,53.131],[-1.292,53.0838],[-1.3297,53.0502],[-1.3214,53.013],[-1.2839,52.9858],[-1.2711,52.8988],[-1.2326,52.8807],[-1.2628,52.8616],[-1.3014,52.8625],[-1.3706,52.8313],[-1.3953,52.79],[-1.4272,52.7838],[-1.4747,52.7486],[-1.5328,52.7497],[-1.5434,52.7336],[-1.535,52.7061],[-1.5831,52.685],[-1.58,52.6769],[-1.5339,52.6416],[-1.5589,52.6216],[-1.5423,52.6008],[-1.5458,52.5808],[-1.495,52.5563],[-1.4172,52.5352],[-1.3959,52.5125],[-1.2934,52.4794],[-1.2411,52.4261],[-1.2117,52.4158],[-1.1866,52.3813],[-1.1653,52.348],[-1.2334,52.3275],[-1.2417,52.311],[-1.2026,52.3013],[-1.2242,52.2824],[-1.2081,52.2499],[-1.2659,52.2277],[-1.2487,52.1952],[-1.3031,52.1811],[-1.3212,52.1615],[-1.3414,52.1344],[-1.3736,52.1183],[-1.3511,52.1044],[-1.3795,52.0919],[-1.4075,52.1077],[-1.4375,52.1075],[-1.4364,52.093],[-1.4703,52.0886],[-1.4953,52.0608],[-1.4959,52.0405],[-1.5181,51.9883],[-1.5456,51.9847],[-1.5498,51.9691],[-1.5862,51.9672],[-1.604,51.9549],[-1.6525,51.9839],[-1.6123,52.0266],[-1.6745,52.0311],[-1.7159,52.0849],[-1.7578,52.1058],[-1.7872,52.1294],[-1.8753,52.1494],[-1.8909,52.1336],[-1.9445,52.1647],[-1.9023,52.2105],[-1.9201,52.2661],[-1.8828,52.2741],[-1.8475,52.3099],[-1.877,52.3447],[-1.8445,52.3836],[-1.9006,52.3927],[-1.9245,52.3849],[-1.9548,52.3869],[-1.9831,52.3774],[-1.9958,52.3788],[-2.002,52.3927],[-1.9839,52.4102],[-1.9831,52.4177],[-2.0067,52.4274],[-2.0217,52.4244],[-2.0306,52.4369],[-2.0475,52.4341],[-2.0584,52.4224],[-2.0828,52.436],[-2.1189,52.4222],[-2.1539,52.423],[-2.2862,52.4446],[-2.3048,52.4308],[-2.3395,52.4344],[-2.3505,52.4237],[-2.3195,52.3846],[-2.3906,52.3836],[-2.4103,52.3633],[-2.4698,52.3572],[-2.4745,52.3271],[-2.5253,52.3397],[-2.5556,52.3085],[-2.5978,52.3052],[-2.6409,52.3322],[-2.6314,52.2919],[-2.616,52.2777],[-2.607,52.2417],[-2.5273,52.243],[-2.4887,52.2649],[-2.4475,52.2585],[-2.4578,52.2302],[-2.4154,52.2199],[-2.4064,52.2058],[-2.4102,52.1569],[-2.3922,52.1312],[-2.3601,52.1221],[-2.3498,52.1067],[-2.3516,52.0139],[-2.3933,51.9947],[-2.4295,51.9944],[-2.4609,52.0197],[-2.4814,51.958],[-2.4603,51.9477],[-2.4339,51.9155],[-2.4345,51.8966],[-2.5058,51.8799],[-2.5197,51.8588],[-2.5506,51.8616],[-2.62,51.8377],[-2.642,51.8472],[-2.6485,51.8214],[-2.6589,51.8177],[-2.6958,51.8363],[-2.7287,51.8384],[-2.7757,51.875],[-2.8736,51.9292],[-2.9525,51.9087],[-2.9823,51.9228],[-2.9988,51.9467],[-3.0512,51.9835],[-3.0799,52.0168],[-3.0876,52.0517],[-3.1238,52.0757],[-3.1014,52.1132],[-3.1222,52.132],[-3.0757,52.1528],[-3.1077,52.1727],[-3.0541,52.2302],[-3.0025,52.257],[-2.9684,52.2578],[-2.9995,52.2962],[-2.9637,52.3226],[-2.9574,52.3412],[-3.0706,52.3466],[-3.1037,52.3681],[-3.1993,52.4125],[-3.2151,52.4384],[-3.1903,52.4688],[-3.1077,52.4939],[-3.0308,52.4969],[-2.9764,52.5381],[-3.0053,52.5673],[-3.1107,52.527],[-3.124,52.5665],[-3.1163,52.5863],[-3.0742,52.6067],[-3.0657,52.6336],[-3.0402,52.6467],[-3.0133,52.7084],[-2.9674,52.7199],[-2.9615,52.7337],[-2.9985,52.7561],[-3.0575,52.7662],[-3.0822,52.783],[-3.1404,52.7963],[-3.1522,52.8298],[-3.1219,52.8549],[-3.1284,52.88],[-3.0862,52.9136],[-3.0039,52.9498],[-2.9584,52.9505],[-2.933,52.9343],[-2.878,52.9414],[-2.848,52.9373],[-2.795,52.9039],[-2.7795,52.9006],[-2.7215,52.9182],[-2.7162,52.9418],[-2.7277,52.9665],[-2.7686,52.9815],[-2.8062,52.985],[-2.8505,53.0172],[-2.871,53.0663],[-2.8974,53.1022],[-2.9568,53.1446],[-2.9524,53.1529],[-2.9153,53.1671],[-2.9136,53.1834],[-2.9556,53.2155],[-3.0198,53.2467],[-3.0845,53.2586],[-3.0925,53.2787],[-3.1108,53.2787],[-3.1371,53.2787],[-3.1371,53.2954],[-3.1634,53.2954],[-3.1634,53.3226],[-3.1897,53.3226],[-3.1897,53.3208],[-3.216,53.3208],[-3.216,53.3528],[-3.2423,53.3528],[-3.2423,53.3832],[-3.2423,53.3849],[-3.2686,53.3849],[-3.2686,53.4153],[-3.2423,53.4137],[-3.1897,53.4105],[-3.1581,53.4085],[-3.1573,53.4088],[-3.1147,53.4127],[-3.095,53.4172],[-3.0938,53.4176],[-3.0867,53.4211],[-3.0792,53.4514],[-3.0726,53.4779],[-3.066,53.5043],[-3.0966,53.5443],[-3.1019,53.5581],[-3.0995,53.572],[-3.0876,53.5877],[-3.0316,53.6431],[-3.0194,53.6925],[-3.0071,53.742],[-3.0215,53.7458],[-3.0492,53.7695],[-3.0564,53.803],[-3.0449,53.8785],[-3.0566,53.9062],[-3.0407,53.9235],[-3.0176,53.932]]],[[[-3.4364,50.3561],[-3.4797,50.3254],[-3.616,50.2287],[-3.6163,50.2287],[-3.6164,50.2287],[-3.6476,50.2325],[-3.6456,50.226],[-3.718,50.2124],[-3.7742,50.223],[-3.789,50.2124],[-3.8263,50.2342],[-3.8562,50.2581],[-4.0106,50.277],[-4.0878,50.2865],[-4.1264,50.2912],[-4.165,50.296],[-4.2422,50.3054],[-4.3194,50.3149],[-4.4737,50.3338],[-4.4954,50.3284],[-4.5716,50.3256],[-5.0568,50.0612],[-5.0565,50.0606],[-5.0981,50.0144],[-5.1465,50.0106],[-5.1761,49.9879],[-5.1912,49.9591],[-5.2143,49.9754],[-5.2433,49.9596],[-5.2435,49.9597],[-5.2437,49.9596],[-5.5482,50.0738],[-5.5784,50.0548],[-5.6674,50.0429],[-5.7051,50.0523],[-5.7156,50.0827],[-5.6988,50.0854],[-5.7092,50.1326],[-5.7082,50.1338],[-5.7765,50.1594],[-5.7762,50.1596],[-5.7763,50.1596],[-5.7762,50.1597],[-5.7765,50.1598],[-4.9295,50.7673],[-4.8908,50.7951],[-4.7946,50.8641],[-4.7465,50.8986],[-4.6984,50.9331],[-4.506,51.0711],[-4.3112,51.2108],[-4.0825,51.2657],[-3.8707,51.3165],[-3.7648,51.3419],[-3.7383,51.3482],[-3.7119,51.3546],[-3.7119,51.3328],[-3.6854,51.3328],[-3.659,51.3328],[-3.659,51.3095],[-3.6325,51.3095],[-3.606,51.3095],[-3.5795,51.3095],[-3.5531,51.3095],[-3.5531,51.3049],[-3.5266,51.3049],[-3.5001,51.3049],[-3.4736,51.3049],[-3.4472,51.3049],[-3.4472,51.2923],[-3.4207,51.2923],[-3.3942,51.2923],[-3.3677,51.2923],[-3.3413,51.2923],[-3.2884,51.2923],[-3.2619,51.2923],[-3.2355,51.2923],[-3.2355,51.2794],[-3.209,51.2794],[-3.209,51.3209],[-3.1825,51.3209],[-3.156,51.3209],[-3.1296,51.3209],[-3.1296,51.3217],[-3.1031,51.3217],[-3.1031,51.3624],[-3.0766,51.3624],[-3.0766,51.4039],[-3.0501,51.4039],[-3.0501,51.4454],[-3.0237,51.4454],[-3.0237,51.4704],[-2.9972,51.4704],[-2.9707,51.4704],[-2.9443,51.4704],[-2.9178,51.4704],[-2.9178,51.4769],[-2.8913,51.4769],[-2.8913,51.5114],[-2.8649,51.5114],[-2.8649,51.5172],[-2.8384,51.5172],[-2.812,51.5172],[-2.812,51.5333],[-2.7855,51.5333],[-2.7591,51.5333],[-2.7326,51.5333],[-2.7326,51.4958],[-2.7294,51.4962],[-2.7055,51.4805],[-2.668,51.4671],[-2.6439,51.4551],[-2.6306,51.443],[-2.6306,51.4002],[-2.6335,51.3821],[-2.6466,51.3493],[-2.6801,51.3413],[-2.7015,51.3534],[-2.7149,51.3426],[-2.7127,51.3198],[-2.6684,51.3119],[-2.6628,51.3027],[-2.6392,51.2986],[-2.6209,51.283],[-2.5914,51.283],[-2.567,51.296],[-2.5395,51.2999],[-2.4931,51.2894],[-2.4884,51.2758],[-2.4581,51.273],[-2.4231,51.2822],[-2.405,51.2994],[-2.3458,51.2999],[-2.2901,51.3249],[-2.267,51.3163],[-2.2711,51.2958],[-2.2428,51.2852],[-2.2362,51.2641],[-2.2662,51.2088],[-2.3489,51.1177],[-2.3475,51.0949],[-2.3217,51.0833],[-2.2386,51.0714],[-2.1942,51.0438],[-2.1442,50.986],[-2.1234,50.9811],[-2.0992,50.9558],[-2.0589,50.9599],[-1.9962,50.9775],[-1.9703,50.9927],[-1.9501,50.9883],[-1.8798,50.9247],[-1.837,50.9335],[-1.805,50.9294],[-1.8114,50.9055],[-1.8392,50.8913],[-1.8328,50.8658],[-1.8057,50.8677],[-1.7961,50.8316],[-1.8095,50.8022],[-1.7865,50.7687],[-1.735,50.778],[-1.7342,50.7544],[-1.6767,50.7544],[-1.6729,50.7401],[-1.6917,50.7361],[-1.6917,50.7105],[-1.6481,50.7105],[-1.6481,50.6865],[-1.6481,50.6809],[-1.6917,50.6809],[-1.6917,50.6548],[-1.6917,50.6513],[-1.6917,50.6288],[-1.7353,50.6217],[-1.8225,50.6076],[-1.9097,50.5935],[-2.0841,50.5652],[-2.2585,50.537],[-2.4892,50.4996],[-2.4893,50.4996],[-2.4896,50.4996],[-2.6072,50.5489],[-2.7816,50.6221],[-2.8688,50.6587],[-2.9123,50.6769],[-2.9559,50.6952],[-2.9573,50.6958],[-3.1303,50.5731],[-3.133,50.5712],[-3.2188,50.5104],[-3.2617,50.48],[-3.3046,50.4495],[-3.3061,50.4485],[-3.3929,50.3869],[-3.4363,50.3561],[-3.4364,50.3561]]],[[[-3.0759,56.0164],[-3.0759,56.0416],[-3.0507,56.0416],[-3.0759,56.0164]]]]}},
{"type":"Feature","properties":{"entityId":"brittonic-kingdoms","from":585,"to":623,"certainty":"estimated","source":"유럽 쪽은 Natural Earth 1:10m admin-1(v5.1.2) 현대 행정구역 조각을 그 시기 국경에 맞춰 묶고, 조각이 역사 경계와 다른 곳은 선을 그어 나눈 근사. 유럽 밖(시베리아·중앙아시아·극동)은 대략적인 추정. 운영자 검수 필요"},"geometry":{"type":"MultiPolygon","coordinates":[[[[-2.7238,47.4045],[-2.7637,47.4318],[-2.8435,47.4865],[-2.9648,47.5697],[-3.003,47.5794],[-3.0034,47.5787],[-3.0424,47.5881],[-3.0738,47.5765],[-3.112,47.5992],[-3.1289,47.5476],[-3.1233,47.519],[-3.0845,47.4782],[-3.1317,47.4782],[-3.1438,47.507],[-3.1339,47.5439],[-3.1412,47.598],[-3.1642,47.6201],[-3.3805,47.6748],[-3.5151,47.7088],[-3.5487,47.7173],[-3.5824,47.7258],[-3.6498,47.7429],[-4.0648,47.8478],[-4.0697,47.8482],[-4.1696,47.8235],[-4.1852,47.8134],[-4.2252,47.8024],[-4.3718,47.8072],[-4.3734,47.8287],[-4.3476,47.8383],[-4.3474,47.8532],[-4.376,47.8777],[-4.4078,47.9345],[-4.4912,47.9556],[-4.4957,47.9875],[-4.5681,48.008],[-4.572,48.0059],[-4.5804,48.0114],[-4.6321,48.026],[-4.653,48.0263],[-4.7281,48.0406],[-4.6974,48.0749],[-4.6837,48.0673],[-4.6417,48.0736],[-4.628,48.0864],[-4.5128,48.0968],[-4.5109,48.0973],[-4.5241,48.1928],[-4.5316,48.1831],[-4.5575,48.1772],[-4.5438,48.2051],[-4.5612,48.225],[-4.5547,48.2596],[-4.5573,48.263],[-4.6263,48.2665],[-4.6263,48.2871],[-4.5767,48.2899],[-4.575,48.2907],[-4.5595,48.3387],[-4.5445,48.3402],[-4.5476,48.3629],[-4.6189,48.3485],[-4.6876,48.3621],[-4.6908,48.3623],[-4.7045,48.3416],[-4.755,48.342],[-4.7834,48.3764],[-4.7648,48.3776],[-4.7834,48.4174],[-4.7799,48.4549],[-4.7493,48.4788],[-4.7746,48.4913],[-4.7646,48.5202],[-4.722,48.5682],[-4.6425,48.5819],[-4.6277,48.5788],[-4.5976,48.5914],[-4.6077,48.603],[-4.5807,48.6022],[-4.592,48.6834],[-4.5919,48.6834],[-4.592,48.6838],[-3.8424,48.8101],[-3.7487,48.8259],[-3.7018,48.8338],[-3.655,48.8417],[-3.5613,48.8575],[-3.4676,48.8733],[-3.296,48.9022],[-3.2958,48.9022],[-3.2956,48.9022],[-3.0928,48.8711],[-3.0915,48.8713],[-3.0915,48.8709],[-2.537,48.7859],[-2.2427,48.7407],[-2.0956,48.7182],[-2.0588,48.7125],[-2.0588,48.6926],[-2.0588,48.667],[-2.022,48.667],[-2.022,48.6495],[-2.0287,48.6433],[-2.0275,48.6415],[-2.022,48.6333],[-2.022,48.6159],[-2.0323,48.6159],[-2.0175,48.5907],[-1.9988,48.5907],[-1.9988,48.5654],[-1.9982,48.5648],[-1.9652,48.5648],[-1.9491,48.5392],[-1.9485,48.5383],[-1.9251,48.5448],[-1.9102,48.5036],[-1.918,48.473],[-1.944,48.4467],[-1.9517,48.4228],[-1.9327,48.3639],[-1.9615,48.3421],[-1.9615,48.3003],[-1.9824,48.2803],[-2.066,48.2952],[-2.1172,48.2608],[-2.1602,48.2607],[-2.186,48.2226],[-2.2108,48.2096],[-2.2319,48.1641],[-2.2873,48.1337],[-2.2352,48.0786],[-2.1882,48.0797],[-2.1913,48.0525],[-2.2576,48.0389],[-2.2711,48.0054],[-2.2554,47.9974],[-2.1677,47.9847],[-2.1243,47.9636],[-2.106,47.945],[-2.1002,47.9119],[-2.1095,47.8488],[-2.0612,47.8463],[-2.0524,47.8218],[-2.068,47.7962],[-2.1223,47.7743],[-2.1103,47.7588],[-2.0716,47.7572],[-2.0767,47.7333],[-2.1159,47.7317],[-2.1263,47.7142],[-2.1062,47.669],[-2.1028,47.6393],[-2.0885,47.6326],[-2.0858,47.608],[-2.11,47.5423],[-2.1544,47.5131],[-2.1868,47.4814],[-2.2109,47.5076],[-2.2534,47.4953],[-2.3023,47.5016],[-2.3345,47.464],[-2.4041,47.4556],[-2.4331,47.4658],[-2.4611,47.4526],[-2.4649,47.4535],[-2.4649,47.4322],[-2.5014,47.4322],[-2.5014,47.4247],[-2.5379,47.4247],[-2.5379,47.4473],[-2.5744,47.4473],[-2.6109,47.4473],[-2.6474,47.4473],[-2.684,47.4473],[-2.684,47.4448],[-2.684,47.411],[-2.7238,47.411],[-2.7238,47.4045]]],[[[-3.0176,53.932],[-2.9565,53.9458],[-2.948,53.9801],[-2.9469,53.9846],[-2.948,53.9856],[-3.0121,54.0446],[-3.0441,54.0741],[-3.0762,54.1036],[-3.1,54.1255],[-3.1179,54.1088],[-3.1453,54.1],[-3.1454,54.0638],[-3.1898,54.0979],[-3.241,54.1121],[-3.2331,54.1592],[-3.2484,54.1737],[-3.2391,54.1754],[-3.2716,54.1969],[-3.3068,54.1919],[-3.3285,54.2047],[-3.4074,54.2777],[-3.4055,54.3013],[-3.4112,54.3061],[-3.556,54.4536],[-3.5919,54.4831],[-3.6342,54.5129],[-3.6116,54.5299],[-3.5909,54.5636],[-3.5912,54.5648],[-3.5911,54.5649],[-3.5912,54.5652],[-3.5887,54.5694],[-3.5871,54.574],[-3.6308,54.6142],[-3.7241,54.6277],[-3.768,54.6341],[-3.8119,54.6405],[-3.8119,54.6618],[-3.8119,54.6681],[-3.8119,54.6894],[-3.768,54.6894],[-3.768,54.7203],[-3.7241,54.7203],[-3.7241,54.732],[-3.6874,54.732],[-3.6874,54.7584],[-3.6508,54.7584],[-3.6508,54.7847],[-3.6363,54.7847],[-3.6141,54.7847],[-3.5924,54.7847],[-3.5924,54.8111],[-3.5485,54.8111],[-3.5485,54.8367],[-3.5054,54.8367],[-3.5054,54.8627],[-3.4624,54.8627],[-3.4624,54.8886],[-3.4607,54.8886],[-3.4607,54.9146],[-3.4607,54.936],[-3.4168,54.936],[-3.3729,54.936],[-3.3729,54.9326],[-3.329,54.9326],[-3.329,54.9764],[-3.2851,54.9745],[-3.2412,54.9727],[-3.1973,54.9708],[-3.1534,54.9689],[-3.1534,54.937],[-3.1228,54.9327],[-3.1095,54.9356],[-3.1095,54.9722],[-3.0656,54.9791],[-3.0503,54.9815],[-3.033,55.0152],[-3.0303,55.0459],[-3.015,55.0515],[-2.9538,55.041],[-2.9223,55.0717],[-2.8831,55.0836],[-2.8503,55.1113],[-2.8595,55.1363],[-2.8895,55.1552],[-2.8842,55.2019],[-2.8639,55.2185],[-2.8689,55.2369],[-2.8984,55.238],[-2.8726,55.2619],[-2.8912,55.278],[-2.945,55.288],[-2.9975,55.2683],[-3.0345,55.273],[-3.057,55.3072],[-3.0984,55.3296],[-3.1045,55.3522],[-3.1642,55.3497],[-3.2075,55.3722],[-3.285,55.3411],[-3.3039,55.3427],[-3.3034,55.3849],[-3.2414,55.4188],[-3.2525,55.4288],[-3.3164,55.4383],[-3.345,55.4119],[-3.4106,55.4119],[-3.4437,55.4044],[-3.5003,55.4097],[-3.5348,55.438],[-3.5122,55.4922],[-3.485,55.515],[-3.4872,55.5602],[-3.527,55.6002],[-3.4781,55.6122],[-3.4795,55.6485],[-3.3945,55.7077],[-3.4359,55.7183],[-3.4579,55.7696],[-3.5228,55.7855],[-3.565,55.7877],[-3.59,55.8016],[-3.6112,55.8038],[-3.6881,55.7952],[-3.7239,55.778],[-3.7334,55.7835],[-3.7184,55.8124],[-3.745,55.858],[-3.7103,55.8702],[-3.7064,55.8769],[-3.7283,55.8833],[-3.7934,55.8719],[-3.8206,55.8891],[-3.8089,55.8952],[-3.7739,55.9024],[-3.7192,55.9319],[-3.6673,55.9422],[-3.6642,55.9544],[-3.635,55.9652],[-3.5986,55.9911],[-3.5795,55.9936],[-3.5667,55.9866],[-3.5395,55.9866],[-3.5053,56.0056],[-3.4999,56.0047],[-3.4693,55.9999],[-3.4498,55.9968],[-3.4386,55.995],[-3.4079,55.9901],[-3.4054,55.9897],[-3.3772,55.9897],[-3.3583,55.9897],[-3.3466,55.9916],[-3.3466,56.0108],[-3.3159,56.0108],[-3.2852,56.0108],[-3.2852,56.0153],[-3.2545,56.0153],[-3.2239,56.0153],[-3.2239,56.0068],[-3.1932,56.0068],[-3.1625,56.0068],[-3.1625,55.9989],[-3.1318,55.9989],[-3.1012,55.9989],[-3.1012,56.0164],[-3.0759,56.0164],[-3.1012,55.9912],[-3.1188,55.9737],[-3.1012,55.9726],[-3.0708,55.9707],[-3.0404,55.9688],[-2.9971,55.9661],[-2.9796,55.9729],[-2.8628,56.0177],[-2.871,56.0307],[-2.8231,56.0598],[-2.8028,56.0648],[-2.6351,56.0581],[-2.616,56.0532],[-2.5694,56.0245],[-2.5728,56.0193],[-2.5172,56.0042],[-2.5079,56.0102],[-2.4597,55.9885],[-2.438,55.9826],[-2.4144,55.9783],[-2.4041,55.9734],[-2.2322,55.9267],[-2.1468,55.9173],[-2.144,55.913],[-2.086,55.9094],[-2.0517,55.864],[-2.0102,55.8092],[-2.0262,55.8092],[-2.0229,55.8055],[-2.0785,55.7904],[-2.092,55.7572],[-2.1629,55.7228],[-2.2428,55.6499],[-2.3066,55.6451],[-2.3273,55.6251],[-2.2787,55.5891],[-2.2567,55.5495],[-2.217,55.5089],[-2.2127,55.4903],[-2.1829,55.4624],[-2.2114,55.4333],[-2.2722,55.4189],[-2.3252,55.3981],[-2.3595,55.3625],[-2.3793,55.3555],[-2.4267,55.366],[-2.4628,55.3604],[-2.5515,55.3144],[-2.6258,55.2625],[-2.6313,55.2234],[-2.685,55.1908],[-2.6409,55.1321],[-2.5978,55.1236],[-2.5875,55.103],[-2.5473,55.0799],[-2.5053,55.0869],[-2.4853,55.0794],[-2.4948,55.058],[-2.482,55.0391],[-2.56,55.0119],[-2.5678,54.9861],[-2.592,54.9666],[-2.565,54.9577],[-2.5417,54.923],[-2.5703,54.893],[-2.5936,54.8827],[-2.5664,54.8583],[-2.5636,54.8236],[-2.5336,54.808],[-2.5,54.8052],[-2.4,54.8472],[-2.362,54.8108],[-2.305,54.7832],[-2.3272,54.7274],[-2.3539,54.6908],[-2.2909,54.6658],[-2.2792,54.6502],[-2.3056,54.6277],[-2.2853,54.588],[-2.2095,54.5522],[-2.1917,54.5313],[-2.1631,54.528],[-2.1552,54.4556],[-2.1942,54.4466],[-2.2447,54.448],[-2.2956,54.4177],[-2.2834,54.3827],[-2.3472,54.3502],[-2.3061,54.3205],[-2.3098,54.2433],[-2.3525,54.2505],[-2.4006,54.2283],[-2.4475,54.2302],[-2.4534,54.2172],[-2.5117,54.1716],[-2.5476,54.1511],[-2.545,54.1135],[-2.4678,54.0797],[-2.4583,54.0472],[-2.427,54.038],[-2.3547,54.0424],[-2.337,54.018],[-2.3351,53.991],[-2.3,53.9891],[-2.2742,53.9699],[-2.2275,53.9827],[-2.2222,53.968],[-2.1906,53.9658],[-2.1742,53.936],[-2.105,53.9146],[-2.0975,53.8885],[-2.0326,53.8476],[-2.0028,53.8699],[-1.9778,53.8694],[-1.9661,53.8764],[-1.9639,53.8972],[-1.9736,53.9172],[-1.9509,53.9319],[-1.9553,53.9505],[-1.9436,53.9577],[-1.902,53.955],[-1.8771,53.9627],[-1.8718,53.9404],[-1.8461,53.9314],[-1.8356,53.9399],[-1.7978,53.943],[-1.7786,53.935],[-1.7637,53.9192],[-1.7434,53.9166],[-1.7286,53.9027],[-1.6959,53.9013],[-1.6414,53.9071],[-1.5834,53.9008],[-1.5492,53.9085],[-1.5486,53.9247],[-1.5345,53.9352],[-1.5072,53.9107],[-1.4547,53.9061],[-1.433,53.9107],[-1.4234,53.9244],[-1.3867,53.9394],[-1.3337,53.9449],[-1.2942,53.9255],[-1.2914,53.915],[-1.3078,53.8947],[-1.3056,53.8608],[-1.3445,53.8588],[-1.3261,53.8463],[-1.3053,53.8197],[-1.3075,53.7902],[-1.2873,53.7585],[-1.3069,53.738],[-1.2884,53.7374],[-1.2595,53.7177],[-1.22,53.7147],[-1.2117,53.6991],[-1.2269,53.6944],[-1.2453,53.6719],[-1.247,53.6355],[-1.23,53.6207],[-1.2148,53.6199],[-1.1995,53.6385],[-1.1522,53.6411],[-1.1264,53.6338],[-1.1117,53.6435],[-1.0739,53.6477],[-0.9964,53.66],[-0.9414,53.6569],[-0.86,53.6324],[-0.8607,53.6124],[-0.8609,53.5816],[-0.9045,53.5716],[-0.8728,53.5458],[-0.872,53.5308],[-0.9148,53.533],[-0.9433,53.518],[-0.9194,53.4874],[-0.9698,53.463],[-0.9775,53.4344],[-1.0131,53.4083],[-1.0664,53.413],[-1.1181,53.3786],[-1.1139,53.3561],[-1.1211,53.3455],[-1.1447,53.3377],[-1.135,53.3258],[-1.1661,53.3063],[-1.176,53.2929],[-1.1603,53.2622],[-1.1959,53.2325],[-1.1909,53.1677],[-1.2439,53.1516],[-1.2764,53.1541],[-1.3128,53.131],[-1.292,53.0838],[-1.3297,53.0502],[-1.3214,53.013],[-1.2839,52.9858],[-1.2711,52.8988],[-1.2326,52.8807],[-1.2628,52.8616],[-1.3014,52.8625],[-1.3706,52.8313],[-1.3953,52.79],[-1.4272,52.7838],[-1.4747,52.7486],[-1.5328,52.7497],[-1.5434,52.7336],[-1.535,52.7061],[-1.5831,52.685],[-1.6078,52.6938],[-1.64,52.685],[-1.6459,52.7066],[-1.7004,52.7261],[-1.6725,52.7583],[-1.6292,52.7722],[-1.615,52.798],[-1.5909,52.8108],[-1.6306,52.8411],[-1.7208,52.8452],[-1.755,52.866],[-1.8239,52.8755],[-1.8403,52.9244],[-1.817,52.9299],[-1.8122,52.9613],[-1.7578,52.9825],[-1.7475,53.0222],[-1.7639,53.0319],[-1.7761,53.0708],[-1.7717,53.0902],[-1.7995,53.1186],[-1.7989,53.1416],[-1.8567,53.1763],[-1.9323,53.1949],[-1.9525,53.2138],[-1.9769,53.2073],[-2.0056,53.1861],[-2.0306,53.1847],[-2.0683,53.1657],[-2.14,53.1699],[-2.1348,53.1502],[-2.1578,53.1475],[-2.2049,53.1136],[-2.2437,53.0859],[-2.3056,53.0791],[-2.3356,53.056],[-2.3659,53.0522],[-2.3739,53.0372],[-2.3664,53.0002],[-2.3788,52.9896],[-2.3642,52.9802],[-2.3753,52.9497],[-2.4192,52.9364],[-2.4426,52.9127],[-2.4495,52.8855],[-2.4345,52.868],[-2.3659,52.8841],[-2.3781,52.838],[-2.3966,52.8216],[-2.3684,52.8069],[-2.3603,52.7938],[-2.3689,52.7819],[-2.324,52.7477],[-2.3056,52.7338],[-2.3103,52.7005],[-2.2931,52.6802],[-2.2315,52.6691],[-2.227,52.6366],[-2.237,52.6124],[-2.2664,52.6036],[-2.3034,52.6088],[-2.3106,52.5913],[-2.2511,52.5624],[-2.2672,52.5483],[-2.255,52.5183],[-2.2842,52.505],[-2.2986,52.4755],[-2.2862,52.4446],[-2.3048,52.4308],[-2.3395,52.4344],[-2.3505,52.4237],[-2.3195,52.3846],[-2.3906,52.3836],[-2.4103,52.3633],[-2.4698,52.3572],[-2.4745,52.3271],[-2.5253,52.3397],[-2.5556,52.3085],[-2.5978,52.3052],[-2.6409,52.3322],[-2.6314,52.2919],[-2.616,52.2777],[-2.607,52.2417],[-2.5273,52.243],[-2.4887,52.2649],[-2.4475,52.2585],[-2.4578,52.2302],[-2.4154,52.2199],[-2.4064,52.2058],[-2.4102,52.1569],[-2.3922,52.1312],[-2.3601,52.1221],[-2.3498,52.1067],[-2.3516,52.0139],[-2.3933,51.9947],[-2.4295,51.9944],[-2.4609,52.0197],[-2.4814,51.958],[-2.4603,51.9477],[-2.4339,51.9155],[-2.4345,51.8966],[-2.5058,51.8799],[-2.5197,51.8588],[-2.5506,51.8616],[-2.62,51.8377],[-2.642,51.8472],[-2.6485,51.8214],[-2.6589,51.8177],[-2.6958,51.8363],[-2.7287,51.8384],[-2.7757,51.875],[-2.8736,51.9292],[-2.9525,51.9087],[-2.9823,51.9228],[-2.9988,51.9467],[-3.0512,51.9835],[-3.0799,52.0168],[-3.0876,52.0517],[-3.1238,52.0757],[-3.1014,52.1132],[-3.1222,52.132],[-3.0757,52.1528],[-3.1077,52.1727],[-3.0541,52.2302],[-3.0025,52.257],[-2.9684,52.2578],[-2.9995,52.2962],[-2.9637,52.3226],[-2.9574,52.3412],[-3.0706,52.3466],[-3.1037,52.3681],[-3.1993,52.4125],[-3.2151,52.4384],[-3.1903,52.4688],[-3.1077,52.4939],[-3.0308,52.4969],[-2.9764,52.5381],[-3.0053,52.5673],[-3.1107,52.527],[-3.124,52.5665],[-3.1163,52.5863],[-3.0742,52.6067],[-3.0657,52.6336],[-3.0402,52.6467],[-3.0133,52.7084],[-2.9674,52.7199],[-2.9615,52.7337],[-2.9985,52.7561],[-3.0575,52.7662],[-3.0822,52.783],[-3.1404,52.7963],[-3.1522,52.8298],[-3.1219,52.8549],[-3.1284,52.88],[-3.0862,52.9136],[-3.0039,52.9498],[-2.9584,52.9505],[-2.933,52.9343],[-2.878,52.9414],[-2.848,52.9373],[-2.795,52.9039],[-2.7795,52.9006],[-2.7215,52.9182],[-2.7162,52.9418],[-2.7277,52.9665],[-2.7686,52.9815],[-2.8062,52.985],[-2.8505,53.0172],[-2.871,53.0663],[-2.8974,53.1022],[-2.9568,53.1446],[-2.9524,53.1529],[-2.9153,53.1671],[-2.9136,53.1834],[-2.9556,53.2155],[-3.0198,53.2467],[-3.0845,53.2586],[-3.0925,53.2787],[-3.1108,53.2787],[-3.1371,53.2787],[-3.1371,53.2954],[-3.1634,53.2954],[-3.1634,53.3226],[-3.1897,53.3226],[-3.1897,53.3208],[-3.216,53.3208],[-3.216,53.3528],[-3.2423,53.3528],[-3.2423,53.3832],[-3.2423,53.3849],[-3.2686,53.3849],[-3.2686,53.4153],[-3.2423,53.4137],[-3.1897,53.4105],[-3.1581,53.4085],[-3.1573,53.4088],[-3.1147,53.4127],[-3.095,53.4172],[-3.0938,53.4176],[-3.0867,53.4211],[-3.0792,53.4514],[-3.0726,53.4779],[-3.066,53.5043],[-3.0966,53.5443],[-3.1019,53.5581],[-3.0995,53.572],[-3.0876,53.5877],[-3.0316,53.6431],[-3.0194,53.6925],[-3.0071,53.742],[-3.0215,53.7458],[-3.0492,53.7695],[-3.0564,53.803],[-3.0449,53.8785],[-3.0566,53.9062],[-3.0407,53.9235],[-3.0176,53.932]]],[[[-3.4364,50.3561],[-3.4797,50.3254],[-3.616,50.2287],[-3.6163,50.2287],[-3.6164,50.2287],[-3.6476,50.2325],[-3.6456,50.226],[-3.718,50.2124],[-3.7742,50.223],[-3.789,50.2124],[-3.8263,50.2342],[-3.8562,50.2581],[-4.0106,50.277],[-4.0878,50.2865],[-4.1264,50.2912],[-4.165,50.296],[-4.2422,50.3054],[-4.3194,50.3149],[-4.4737,50.3338],[-4.4954,50.3284],[-4.5716,50.3256],[-5.0568,50.0612],[-5.0565,50.0606],[-5.0981,50.0144],[-5.1465,50.0106],[-5.1761,49.9879],[-5.1912,49.9591],[-5.2143,49.9754],[-5.2433,49.9596],[-5.2435,49.9597],[-5.2437,49.9596],[-5.5482,50.0738],[-5.5784,50.0548],[-5.6674,50.0429],[-5.7051,50.0523],[-5.7156,50.0827],[-5.6988,50.0854],[-5.7092,50.1326],[-5.7082,50.1338],[-5.7765,50.1594],[-5.7762,50.1596],[-5.7763,50.1596],[-5.7762,50.1597],[-5.7765,50.1598],[-4.9295,50.7673],[-4.8908,50.7951],[-4.7946,50.8641],[-4.7465,50.8986],[-4.6984,50.9331],[-4.506,51.0711],[-4.3112,51.2108],[-4.0825,51.2657],[-3.8707,51.3165],[-3.7648,51.3419],[-3.7383,51.3482],[-3.7119,51.3546],[-3.7119,51.3328],[-3.6854,51.3328],[-3.659,51.3328],[-3.659,51.3095],[-3.6325,51.3095],[-3.606,51.3095],[-3.5795,51.3095],[-3.5531,51.3095],[-3.5531,51.3049],[-3.5266,51.3049],[-3.5001,51.3049],[-3.4736,51.3049],[-3.4472,51.3049],[-3.4472,51.2923],[-3.4207,51.2923],[-3.3942,51.2923],[-3.3677,51.2923],[-3.3413,51.2923],[-3.2884,51.2923],[-3.2619,51.2923],[-3.2355,51.2923],[-3.2355,51.2794],[-3.209,51.2794],[-3.209,51.3209],[-3.1825,51.3209],[-3.156,51.3209],[-3.1296,51.3209],[-3.1296,51.3217],[-3.1031,51.3217],[-3.1031,51.3624],[-3.0766,51.3624],[-3.0766,51.4039],[-3.0501,51.4039],[-3.0501,51.4454],[-3.0237,51.4454],[-3.0237,51.4704],[-2.9972,51.4704],[-2.9707,51.4704],[-2.9443,51.4704],[-2.9178,51.4704],[-2.9178,51.4769],[-2.8913,51.4769],[-2.8913,51.5114],[-2.8649,51.5114],[-2.8649,51.5172],[-2.8384,51.5172],[-2.812,51.5172],[-2.812,51.5333],[-2.7855,51.5333],[-2.7591,51.5333],[-2.7326,51.5333],[-2.7326,51.4958],[-2.7294,51.4962],[-2.7055,51.4805],[-2.668,51.4671],[-2.6439,51.4551],[-2.6306,51.443],[-2.6306,51.4002],[-2.6335,51.3821],[-2.6466,51.3493],[-2.6801,51.3413],[-2.7015,51.3534],[-2.7149,51.3426],[-2.7127,51.3198],[-2.6684,51.3119],[-2.6628,51.3027],[-2.6392,51.2986],[-2.6209,51.283],[-2.5914,51.283],[-2.567,51.296],[-2.5395,51.2999],[-2.4931,51.2894],[-2.4884,51.2758],[-2.4581,51.273],[-2.4231,51.2822],[-2.405,51.2994],[-2.3458,51.2999],[-2.2901,51.3249],[-2.267,51.3163],[-2.2711,51.2958],[-2.2428,51.2852],[-2.2362,51.2641],[-2.2662,51.2088],[-2.3489,51.1177],[-2.3475,51.0949],[-2.3217,51.0833],[-2.2386,51.0714],[-2.1942,51.0438],[-2.1442,50.986],[-2.1234,50.9811],[-2.0992,50.9558],[-2.0589,50.9599],[-1.9962,50.9775],[-1.9703,50.9927],[-1.9501,50.9883],[-1.8798,50.9247],[-1.837,50.9335],[-1.805,50.9294],[-1.8114,50.9055],[-1.8392,50.8913],[-1.8328,50.8658],[-1.8057,50.8677],[-1.7961,50.8316],[-1.8095,50.8022],[-1.7865,50.7687],[-1.735,50.778],[-1.7342,50.7544],[-1.6767,50.7544],[-1.6729,50.7401],[-1.6917,50.7361],[-1.6917,50.7105],[-1.6481,50.7105],[-1.6481,50.6865],[-1.6481,50.6809],[-1.6917,50.6809],[-1.6917,50.6548],[-1.6917,50.6513],[-1.6917,50.6288],[-1.7353,50.6217],[-1.8225,50.6076],[-1.9097,50.5935],[-2.0841,50.5652],[-2.2585,50.537],[-2.4892,50.4996],[-2.4893,50.4996],[-2.4896,50.4996],[-2.6072,50.5489],[-2.7816,50.6221],[-2.8688,50.6587],[-2.9123,50.6769],[-2.9559,50.6952],[-2.9573,50.6958],[-3.1303,50.5731],[-3.133,50.5712],[-3.2188,50.5104],[-3.2617,50.48],[-3.3046,50.4495],[-3.3061,50.4485],[-3.3929,50.3869],[-3.4363,50.3561],[-3.4364,50.3561]]],[[[-3.0759,56.0164],[-3.0759,56.0416],[-3.0507,56.0416],[-3.0759,56.0164]]]]}},
{"type":"Feature","properties":{"entityId":"brittonic-kingdoms","from":623,"to":638,"certainty":"estimated","source":"유럽 쪽은 Natural Earth 1:10m admin-1(v5.1.2) 현대 행정구역 조각을 그 시기 국경에 맞춰 묶고, 조각이 역사 경계와 다른 곳은 선을 그어 나눈 근사. 유럽 밖(시베리아·중앙아시아·극동)은 대략적인 추정. 운영자 검수 필요"},"geometry":{"type":"MultiPolygon","coordinates":[[[[-2.7238,47.4045],[-2.7637,47.4318],[-2.8435,47.4865],[-2.9648,47.5697],[-3.003,47.5794],[-3.0034,47.5787],[-3.0424,47.5881],[-3.0738,47.5765],[-3.112,47.5992],[-3.1289,47.5476],[-3.1233,47.519],[-3.0845,47.4782],[-3.1317,47.4782],[-3.1438,47.507],[-3.1339,47.5439],[-3.1412,47.598],[-3.1642,47.6201],[-3.3805,47.6748],[-3.5151,47.7088],[-3.5487,47.7173],[-3.5824,47.7258],[-3.6498,47.7429],[-4.0648,47.8478],[-4.0697,47.8482],[-4.1696,47.8235],[-4.1852,47.8134],[-4.2252,47.8024],[-4.3718,47.8072],[-4.3734,47.8287],[-4.3476,47.8383],[-4.3474,47.8532],[-4.376,47.8777],[-4.4078,47.9345],[-4.4912,47.9556],[-4.4957,47.9875],[-4.5681,48.008],[-4.572,48.0059],[-4.5804,48.0114],[-4.6321,48.026],[-4.653,48.0263],[-4.7281,48.0406],[-4.6974,48.0749],[-4.6837,48.0673],[-4.6417,48.0736],[-4.628,48.0864],[-4.5128,48.0968],[-4.5109,48.0973],[-4.5241,48.1928],[-4.5316,48.1831],[-4.5575,48.1772],[-4.5438,48.2051],[-4.5612,48.225],[-4.5547,48.2596],[-4.5573,48.263],[-4.6263,48.2665],[-4.6263,48.2871],[-4.5767,48.2899],[-4.575,48.2907],[-4.5595,48.3387],[-4.5445,48.3402],[-4.5476,48.3629],[-4.6189,48.3485],[-4.6876,48.3621],[-4.6908,48.3623],[-4.7045,48.3416],[-4.755,48.342],[-4.7834,48.3764],[-4.7648,48.3776],[-4.7834,48.4174],[-4.7799,48.4549],[-4.7493,48.4788],[-4.7746,48.4913],[-4.7646,48.5202],[-4.722,48.5682],[-4.6425,48.5819],[-4.6277,48.5788],[-4.5976,48.5914],[-4.6077,48.603],[-4.5807,48.6022],[-4.592,48.6834],[-4.5919,48.6834],[-4.592,48.6838],[-3.8424,48.8101],[-3.7487,48.8259],[-3.7018,48.8338],[-3.655,48.8417],[-3.5613,48.8575],[-3.4676,48.8733],[-3.296,48.9022],[-3.2958,48.9022],[-3.2956,48.9022],[-3.0928,48.8711],[-3.0915,48.8713],[-3.0915,48.8709],[-2.537,48.7859],[-2.2427,48.7407],[-2.0956,48.7182],[-2.0588,48.7125],[-2.0588,48.6926],[-2.0588,48.667],[-2.022,48.667],[-2.022,48.6495],[-2.0287,48.6433],[-2.0275,48.6415],[-2.022,48.6333],[-2.022,48.6159],[-2.0323,48.6159],[-2.0175,48.5907],[-1.9988,48.5907],[-1.9988,48.5654],[-1.9982,48.5648],[-1.9652,48.5648],[-1.9491,48.5392],[-1.9485,48.5383],[-1.9251,48.5448],[-1.9102,48.5036],[-1.918,48.473],[-1.944,48.4467],[-1.9517,48.4228],[-1.9327,48.3639],[-1.9615,48.3421],[-1.9615,48.3003],[-1.9824,48.2803],[-2.066,48.2952],[-2.1172,48.2608],[-2.1602,48.2607],[-2.186,48.2226],[-2.2108,48.2096],[-2.2319,48.1641],[-2.2873,48.1337],[-2.2352,48.0786],[-2.1882,48.0797],[-2.1913,48.0525],[-2.2576,48.0389],[-2.2711,48.0054],[-2.2554,47.9974],[-2.1677,47.9847],[-2.1243,47.9636],[-2.106,47.945],[-2.1002,47.9119],[-2.1095,47.8488],[-2.0612,47.8463],[-2.0524,47.8218],[-2.068,47.7962],[-2.1223,47.7743],[-2.1103,47.7588],[-2.0716,47.7572],[-2.0767,47.7333],[-2.1159,47.7317],[-2.1263,47.7142],[-2.1062,47.669],[-2.1028,47.6393],[-2.0885,47.6326],[-2.0858,47.608],[-2.11,47.5423],[-2.1544,47.5131],[-2.1868,47.4814],[-2.2109,47.5076],[-2.2534,47.4953],[-2.3023,47.5016],[-2.3345,47.464],[-2.4041,47.4556],[-2.4331,47.4658],[-2.4611,47.4526],[-2.4649,47.4535],[-2.4649,47.4322],[-2.5014,47.4322],[-2.5014,47.4247],[-2.5379,47.4247],[-2.5379,47.4473],[-2.5744,47.4473],[-2.6109,47.4473],[-2.6474,47.4473],[-2.684,47.4473],[-2.684,47.4448],[-2.684,47.411],[-2.7238,47.411],[-2.7238,47.4045]]],[[[-3.0176,53.932],[-2.9565,53.9458],[-2.948,53.9801],[-2.9469,53.9846],[-2.948,53.9856],[-3.0121,54.0446],[-3.0441,54.0741],[-3.0762,54.1036],[-3.1,54.1255],[-3.1179,54.1088],[-3.1453,54.1],[-3.1454,54.0638],[-3.1898,54.0979],[-3.241,54.1121],[-3.2331,54.1592],[-3.2484,54.1737],[-3.2391,54.1754],[-3.2716,54.1969],[-3.3068,54.1919],[-3.3285,54.2047],[-3.4074,54.2777],[-3.4055,54.3013],[-3.4112,54.3061],[-3.556,54.4536],[-3.5919,54.4831],[-3.6342,54.5129],[-3.6116,54.5299],[-3.5909,54.5636],[-3.5912,54.5648],[-3.5911,54.5649],[-3.5912,54.5652],[-3.5887,54.5694],[-3.5871,54.574],[-3.6308,54.6142],[-3.7241,54.6277],[-3.768,54.6341],[-3.8119,54.6405],[-3.8119,54.6618],[-3.8119,54.6681],[-3.8119,54.6894],[-3.768,54.6894],[-3.768,54.7203],[-3.7241,54.7203],[-3.7241,54.732],[-3.6874,54.732],[-3.6874,54.7584],[-3.6508,54.7584],[-3.6508,54.7847],[-3.6363,54.7847],[-3.6141,54.7847],[-3.5924,54.7847],[-3.5924,54.8111],[-3.5485,54.8111],[-3.5485,54.8367],[-3.5054,54.8367],[-3.5054,54.8627],[-3.4624,54.8627],[-3.4624,54.8886],[-3.4607,54.8886],[-3.4607,54.9146],[-3.4607,54.936],[-3.4168,54.936],[-3.3729,54.936],[-3.3729,54.9326],[-3.329,54.9326],[-3.329,54.9764],[-3.2851,54.9745],[-3.2412,54.9727],[-3.1973,54.9708],[-3.1534,54.9689],[-3.1534,54.937],[-3.1228,54.9327],[-3.1095,54.9356],[-3.1095,54.9722],[-3.0656,54.9791],[-3.0503,54.9815],[-3.033,55.0152],[-3.0303,55.0459],[-3.015,55.0515],[-2.9538,55.041],[-2.9223,55.0717],[-2.8831,55.0836],[-2.8503,55.1113],[-2.8595,55.1363],[-2.8895,55.1552],[-2.8842,55.2019],[-2.8639,55.2185],[-2.8689,55.2369],[-2.8984,55.238],[-2.8726,55.2619],[-2.8912,55.278],[-2.945,55.288],[-2.9975,55.2683],[-3.0345,55.273],[-3.057,55.3072],[-3.0984,55.3296],[-3.1045,55.3522],[-3.1642,55.3497],[-3.2075,55.3722],[-3.285,55.3411],[-3.3039,55.3427],[-3.3034,55.3849],[-3.2414,55.4188],[-3.2525,55.4288],[-3.3164,55.4383],[-3.345,55.4119],[-3.4106,55.4119],[-3.4437,55.4044],[-3.5003,55.4097],[-3.5348,55.438],[-3.5122,55.4922],[-3.485,55.515],[-3.4872,55.5602],[-3.527,55.6002],[-3.4781,55.6122],[-3.4795,55.6485],[-3.3945,55.7077],[-3.4359,55.7183],[-3.4579,55.7696],[-3.5228,55.7855],[-3.565,55.7877],[-3.59,55.8016],[-3.6112,55.8038],[-3.6881,55.7952],[-3.7239,55.778],[-3.7334,55.7835],[-3.7184,55.8124],[-3.745,55.858],[-3.7103,55.8702],[-3.7064,55.8769],[-3.7283,55.8833],[-3.7934,55.8719],[-3.8206,55.8891],[-3.8089,55.8952],[-3.7739,55.9024],[-3.7192,55.9319],[-3.6673,55.9422],[-3.6642,55.9544],[-3.635,55.9652],[-3.5986,55.9911],[-3.5795,55.9936],[-3.5667,55.9866],[-3.5395,55.9866],[-3.5053,56.0056],[-3.4999,56.0047],[-3.4693,55.9999],[-3.4498,55.9968],[-3.4386,55.995],[-3.4079,55.9901],[-3.4054,55.9897],[-3.3772,55.9897],[-3.3583,55.9897],[-3.3466,55.9916],[-3.3466,56.0108],[-3.3159,56.0108],[-3.2852,56.0108],[-3.2852,56.0153],[-3.2545,56.0153],[-3.2239,56.0153],[-3.2239,56.0068],[-3.1932,56.0068],[-3.1625,56.0068],[-3.1625,55.9989],[-3.1318,55.9989],[-3.1012,55.9989],[-3.1012,56.0164],[-3.0759,56.0164],[-3.1012,55.9912],[-3.1188,55.9737],[-3.1012,55.9726],[-3.0708,55.9707],[-3.0404,55.9688],[-2.9971,55.9661],[-2.9796,55.9729],[-2.8628,56.0177],[-2.871,56.0307],[-2.8231,56.0598],[-2.8028,56.0648],[-2.6351,56.0581],[-2.616,56.0532],[-2.5694,56.0245],[-2.5728,56.0193],[-2.5172,56.0042],[-2.5079,56.0102],[-2.4597,55.9885],[-2.438,55.9826],[-2.4144,55.9783],[-2.4041,55.9734],[-2.2322,55.9267],[-2.1468,55.9173],[-2.144,55.913],[-2.086,55.9094],[-2.0517,55.864],[-2.0102,55.8092],[-2.0262,55.8092],[-2.0229,55.8055],[-2.0785,55.7904],[-2.092,55.7572],[-2.1629,55.7228],[-2.2428,55.6499],[-2.3066,55.6451],[-2.3273,55.6251],[-2.2787,55.5891],[-2.2567,55.5495],[-2.217,55.5089],[-2.2127,55.4903],[-2.1829,55.4624],[-2.2114,55.4333],[-2.2722,55.4189],[-2.3252,55.3981],[-2.3595,55.3625],[-2.3793,55.3555],[-2.4267,55.366],[-2.4628,55.3604],[-2.5515,55.3144],[-2.6258,55.2625],[-2.6313,55.2234],[-2.685,55.1908],[-2.6409,55.1321],[-2.5978,55.1236],[-2.5875,55.103],[-2.5473,55.0799],[-2.5053,55.0869],[-2.4853,55.0794],[-2.4948,55.058],[-2.482,55.0391],[-2.56,55.0119],[-2.5678,54.9861],[-2.592,54.9666],[-2.565,54.9577],[-2.5417,54.923],[-2.5703,54.893],[-2.5936,54.8827],[-2.5664,54.8583],[-2.5636,54.8236],[-2.5336,54.808],[-2.5,54.8052],[-2.4,54.8472],[-2.362,54.8108],[-2.305,54.7832],[-2.3272,54.7274],[-2.3539,54.6908],[-2.2909,54.6658],[-2.2792,54.6502],[-2.3056,54.6277],[-2.2853,54.588],[-2.2095,54.5522],[-2.1917,54.5313],[-2.1631,54.528],[-2.1552,54.4556],[-2.1942,54.4466],[-2.2447,54.448],[-2.2956,54.4177],[-2.2834,54.3827],[-2.3472,54.3502],[-2.3061,54.3205],[-2.3098,54.2433],[-2.3525,54.2505],[-2.4006,54.2283],[-2.4475,54.2302],[-2.4534,54.2172],[-2.5117,54.1716],[-2.5476,54.1511],[-2.545,54.1135],[-2.4678,54.0797],[-2.4583,54.0472],[-2.427,54.038],[-2.3547,54.0424],[-2.337,54.018],[-2.3351,53.991],[-2.3,53.9891],[-2.2742,53.9699],[-2.2275,53.9827],[-2.2222,53.968],[-2.1906,53.9658],[-2.1742,53.936],[-2.105,53.9146],[-2.0975,53.8885],[-2.0326,53.8476],[-2.0473,53.8244],[-2.0956,53.8105],[-2.1206,53.7913],[-2.1214,53.7552],[-2.1598,53.7255],[-2.1514,53.6965],[-2.1423,53.6941],[-2.1317,53.6822],[-2.1181,53.683],[-2.0986,53.6719],[-2.0811,53.6747],[-2.065,53.6835],[-2.0464,53.6841],[-2.0436,53.6738],[-2.0314,53.6633],[-2.035,53.6469],[-2.0239,53.6394],[-2.017,53.6186],[-1.9881,53.6147],[-1.977,53.5938],[-1.9378,53.568],[-1.8972,53.533],[-1.91,53.5205],[-1.9189,53.5008],[-1.9325,53.4958],[-1.9636,53.4947],[-1.9778,53.4688],[-1.9825,53.4438],[-2.0092,53.4274],[-2.0117,53.4125],[-1.9906,53.4064],[-1.9814,53.3983],[-2.0045,53.3741],[-2.0168,53.3704],[-2.0353,53.3677],[-2.0495,53.3522],[-2.0808,53.3611],[-2.12,53.3594],[-2.1306,53.3525],[-2.1403,53.3277],[-2.1595,53.3213],[-2.1745,53.3308],[-2.1761,53.3455],[-2.2036,53.3538],[-2.2384,53.3549],[-2.2603,53.3449],[-2.2834,53.3422],[-2.3167,53.3599],[-2.3648,53.3624],[-2.395,53.3735],[-2.4288,53.3803],[-2.4471,53.355],[-2.509,53.3309],[-2.5316,53.3196],[-2.555,53.3123],[-2.5694,53.3123],[-2.5807,53.3155],[-2.6057,53.3381],[-2.6291,53.3421],[-2.6629,53.3574],[-2.6806,53.3788],[-2.7411,53.3883],[-2.7547,53.3781],[-2.7722,53.365],[-2.7747,53.3605],[-2.7719,53.3489],[-2.787,53.3366],[-2.8034,53.3438],[-2.8103,53.3217],[-2.7998,53.321],[-2.7965,53.322],[-2.7965,53.3],[-2.8448,53.3001],[-2.845,53.3001],[-2.8815,53.2884],[-2.8932,53.2927],[-2.8932,53.3284],[-2.92,53.3284],[-2.9469,53.3284],[-2.9469,53.359],[-2.9737,53.359],[-2.9737,53.3862],[-2.9808,53.3928],[-2.9852,53.3985],[-3.0006,53.3985],[-3.0122,53.4167],[-3.0236,53.425],[-3.0356,53.4337],[-3.0359,53.4337],[-3.0359,53.4514],[-3.0524,53.4514],[-3.0613,53.4514],[-3.0792,53.4514],[-3.0726,53.4779],[-3.066,53.5043],[-3.0966,53.5443],[-3.1019,53.5581],[-3.0995,53.572],[-3.0876,53.5877],[-3.0316,53.6431],[-3.0194,53.6925],[-3.0071,53.742],[-3.0215,53.7458],[-3.0492,53.7695],[-3.0564,53.803],[-3.0449,53.8785],[-3.0566,53.9062],[-3.0407,53.9235],[-3.0176,53.932]]],[[[-3.4364,50.3561],[-3.4797,50.3254],[-3.616,50.2287],[-3.6163,50.2287],[-3.6164,50.2287],[-3.6476,50.2325],[-3.6456,50.226],[-3.718,50.2124],[-3.7742,50.223],[-3.789,50.2124],[-3.8263,50.2342],[-3.8562,50.2581],[-4.0106,50.277],[-4.0878,50.2865],[-4.1264,50.2912],[-4.165,50.296],[-4.2422,50.3054],[-4.3194,50.3149],[-4.4737,50.3338],[-4.4954,50.3284],[-4.5716,50.3256],[-5.0568,50.0612],[-5.0565,50.0606],[-5.0981,50.0144],[-5.1465,50.0106],[-5.1761,49.9879],[-5.1912,49.9591],[-5.2143,49.9754],[-5.2433,49.9596],[-5.2435,49.9597],[-5.2437,49.9596],[-5.5482,50.0738],[-5.5784,50.0548],[-5.6674,50.0429],[-5.7051,50.0523],[-5.7156,50.0827],[-5.6988,50.0854],[-5.7092,50.1326],[-5.7082,50.1338],[-5.7765,50.1594],[-5.7762,50.1596],[-5.7763,50.1596],[-5.7762,50.1597],[-5.7765,50.1598],[-4.9295,50.7673],[-4.8908,50.7951],[-4.7946,50.8641],[-4.7465,50.8986],[-4.6984,50.9331],[-4.506,51.0711],[-4.3112,51.2108],[-4.0825,51.2657],[-3.8707,51.3165],[-3.7648,51.3419],[-3.7383,51.3482],[-3.7119,51.3546],[-3.7119,51.3328],[-3.6854,51.3328],[-3.659,51.3328],[-3.659,51.3095],[-3.6325,51.3095],[-3.606,51.3095],[-3.5795,51.3095],[-3.5531,51.3095],[-3.5531,51.3049],[-3.5266,51.3049],[-3.5001,51.3049],[-3.4736,51.3049],[-3.4472,51.3049],[-3.4472,51.2923],[-3.4207,51.2923],[-3.3942,51.2923],[-3.3677,51.2923],[-3.3413,51.2923],[-3.2884,51.2923],[-3.2619,51.2923],[-3.2355,51.2923],[-3.2355,51.2794],[-3.209,51.2794],[-3.209,51.3209],[-3.1825,51.3209],[-3.156,51.3209],[-3.1296,51.3209],[-3.1296,51.3217],[-3.1031,51.3217],[-3.1031,51.3624],[-3.0766,51.3624],[-3.0766,51.4039],[-3.0501,51.4039],[-3.0501,51.4454],[-3.0237,51.4454],[-3.0237,51.4704],[-2.9972,51.4704],[-2.9707,51.4704],[-2.9443,51.4704],[-2.9178,51.4704],[-2.9178,51.4769],[-2.8913,51.4769],[-2.8913,51.5114],[-2.8649,51.5114],[-2.8649,51.5172],[-2.8384,51.5172],[-2.812,51.5172],[-2.812,51.5333],[-2.7855,51.5333],[-2.7591,51.5333],[-2.7326,51.5333],[-2.7326,51.4958],[-2.7294,51.4962],[-2.7055,51.4805],[-2.668,51.4671],[-2.6439,51.4551],[-2.6306,51.443],[-2.6306,51.4002],[-2.6335,51.3821],[-2.6466,51.3493],[-2.6801,51.3413],[-2.7015,51.3534],[-2.7149,51.3426],[-2.7127,51.3198],[-2.6684,51.3119],[-2.6628,51.3027],[-2.6392,51.2986],[-2.6209,51.283],[-2.5914,51.283],[-2.567,51.296],[-2.5395,51.2999],[-2.4931,51.2894],[-2.4884,51.2758],[-2.4581,51.273],[-2.4231,51.2822],[-2.405,51.2994],[-2.3458,51.2999],[-2.2901,51.3249],[-2.267,51.3163],[-2.2711,51.2958],[-2.2428,51.2852],[-2.2362,51.2641],[-2.2662,51.2088],[-2.3489,51.1177],[-2.3475,51.0949],[-2.3217,51.0833],[-2.2386,51.0714],[-2.1942,51.0438],[-2.1442,50.986],[-2.1234,50.9811],[-2.0992,50.9558],[-2.0589,50.9599],[-1.9962,50.9775],[-1.9703,50.9927],[-1.9501,50.9883],[-1.8798,50.9247],[-1.837,50.9335],[-1.805,50.9294],[-1.8114,50.9055],[-1.8392,50.8913],[-1.8328,50.8658],[-1.8057,50.8677],[-1.7961,50.8316],[-1.8095,50.8022],[-1.7865,50.7687],[-1.735,50.778],[-1.7342,50.7544],[-1.6767,50.7544],[-1.6729,50.7401],[-1.6917,50.7361],[-1.6917,50.7105],[-1.6481,50.7105],[-1.6481,50.6865],[-1.6481,50.6809],[-1.6917,50.6809],[-1.6917,50.6548],[-1.6917,50.6513],[-1.6917,50.6288],[-1.7353,50.6217],[-1.8225,50.6076],[-1.9097,50.5935],[-2.0841,50.5652],[-2.2585,50.537],[-2.4892,50.4996],[-2.4893,50.4996],[-2.4896,50.4996],[-2.6072,50.5489],[-2.7816,50.6221],[-2.8688,50.6587],[-2.9123,50.6769],[-2.9559,50.6952],[-2.9573,50.6958],[-3.1303,50.5731],[-3.133,50.5712],[-3.2188,50.5104],[-3.2617,50.48],[-3.3046,50.4495],[-3.3061,50.4485],[-3.3929,50.3869],[-3.4363,50.3561],[-3.4364,50.3561]]],[[[-3.0759,56.0164],[-3.0759,56.0416],[-3.0507,56.0416],[-3.0759,56.0164]]],[[[-2.324,52.7477],[-2.3056,52.7338],[-2.3103,52.7005],[-2.2931,52.6802],[-2.2315,52.6691],[-2.227,52.6366],[-2.237,52.6124],[-2.2664,52.6036],[-2.3034,52.6088],[-2.3106,52.5913],[-2.2511,52.5624],[-2.2672,52.5483],[-2.255,52.5183],[-2.2842,52.505],[-2.2986,52.4755],[-2.2862,52.4446],[-2.3048,52.4308],[-2.3395,52.4344],[-2.3505,52.4237],[-2.3195,52.3846],[-2.3906,52.3836],[-2.4103,52.3633],[-2.4698,52.3572],[-2.4745,52.3271],[-2.5253,52.3397],[-2.5556,52.3085],[-2.5978,52.3052],[-2.6409,52.3322],[-2.6314,52.2919],[-2.616,52.2777],[-2.607,52.2417],[-2.5273,52.243],[-2.4887,52.2649],[-2.4475,52.2585],[-2.4578,52.2302],[-2.4154,52.2199],[-2.4064,52.2058],[-2.4102,52.1569],[-2.3922,52.1312],[-2.3601,52.1221],[-2.3498,52.1067],[-2.3516,52.0139],[-2.3933,51.9947],[-2.4295,51.9944],[-2.4609,52.0197],[-2.4814,51.958],[-2.4603,51.9477],[-2.4339,51.9155],[-2.4345,51.8966],[-2.5058,51.8799],[-2.5197,51.8588],[-2.5506,51.8616],[-2.62,51.8377],[-2.642,51.8472],[-2.6485,51.8214],[-2.6589,51.8177],[-2.6958,51.8363],[-2.7287,51.8384],[-2.7757,51.875],[-2.8736,51.9292],[-2.9525,51.9087],[-2.9823,51.9228],[-2.9988,51.9467],[-3.0512,51.9835],[-3.0799,52.0168],[-3.0876,52.0517],[-3.1238,52.0757],[-3.1014,52.1132],[-3.1222,52.132],[-3.0757,52.1528],[-3.1077,52.1727],[-3.0541,52.2302],[-3.0025,52.257],[-2.9684,52.2578],[-2.9995,52.2962],[-2.9637,52.3226],[-2.9574,52.3412],[-3.0706,52.3466],[-3.1037,52.3681],[-3.1993,52.4125],[-3.2151,52.4384],[-3.1903,52.4688],[-3.1077,52.4939],[-3.0308,52.4969],[-2.9764,52.5381],[-3.0053,52.5673],[-3.1107,52.527],[-3.124,52.5665],[-3.1163,52.5863],[-3.0742,52.6067],[-3.0657,52.6336],[-3.0402,52.6467],[-3.0133,52.7084],[-2.9674,52.7199],[-2.9615,52.7337],[-2.9985,52.7561],[-3.0575,52.7662],[-3.0822,52.783],[-3.1404,52.7963],[-3.1522,52.8298],[-3.1219,52.8549],[-3.1284,52.88],[-3.0862,52.9136],[-3.0039,52.9498],[-2.9584,52.9505],[-2.933,52.9343],[-2.878,52.9414],[-2.848,52.9373],[-2.795,52.9039],[-2.7795,52.9006],[-2.7215,52.9182],[-2.7162,52.9418],[-2.7277,52.9665],[-2.6228,52.9858],[-2.5895,52.9769],[-2.5778,52.9536],[-2.5272,52.9472],[-2.5128,52.9616],[-2.4789,52.9541],[-2.4309,52.9649],[-2.4236,52.9786],[-2.3788,52.9896],[-2.3642,52.9802],[-2.3753,52.9497],[-2.4192,52.9364],[-2.4426,52.9127],[-2.4495,52.8855],[-2.4345,52.868],[-2.3659,52.8841],[-2.3781,52.838],[-2.3966,52.8216],[-2.3684,52.8069],[-2.3603,52.7938],[-2.3689,52.7819],[-2.324,52.7477]]]]}},
{"type":"Feature","properties":{"entityId":"brittonic-kingdoms","from":638,"to":659,"certainty":"estimated","source":"유럽 쪽은 Natural Earth 1:10m admin-1(v5.1.2) 현대 행정구역 조각을 그 시기 국경에 맞춰 묶고, 조각이 역사 경계와 다른 곳은 선을 그어 나눈 근사. 유럽 밖(시베리아·중앙아시아·극동)은 대략적인 추정. 운영자 검수 필요"},"geometry":{"type":"MultiPolygon","coordinates":[[[[-2.7238,47.4045],[-2.7637,47.4318],[-2.8435,47.4865],[-2.9648,47.5697],[-3.003,47.5794],[-3.0034,47.5787],[-3.0424,47.5881],[-3.0738,47.5765],[-3.112,47.5992],[-3.1289,47.5476],[-3.1233,47.519],[-3.0845,47.4782],[-3.1317,47.4782],[-3.1438,47.507],[-3.1339,47.5439],[-3.1412,47.598],[-3.1642,47.6201],[-3.3805,47.6748],[-3.5151,47.7088],[-3.5487,47.7173],[-3.5824,47.7258],[-3.6498,47.7429],[-4.0648,47.8478],[-4.0697,47.8482],[-4.1696,47.8235],[-4.1852,47.8134],[-4.2252,47.8024],[-4.3718,47.8072],[-4.3734,47.8287],[-4.3476,47.8383],[-4.3474,47.8532],[-4.376,47.8777],[-4.4078,47.9345],[-4.4912,47.9556],[-4.4957,47.9875],[-4.5681,48.008],[-4.572,48.0059],[-4.5804,48.0114],[-4.6321,48.026],[-4.653,48.0263],[-4.7281,48.0406],[-4.6974,48.0749],[-4.6837,48.0673],[-4.6417,48.0736],[-4.628,48.0864],[-4.5128,48.0968],[-4.5109,48.0973],[-4.5241,48.1928],[-4.5316,48.1831],[-4.5575,48.1772],[-4.5438,48.2051],[-4.5612,48.225],[-4.5547,48.2596],[-4.5573,48.263],[-4.6263,48.2665],[-4.6263,48.2871],[-4.5767,48.2899],[-4.575,48.2907],[-4.5595,48.3387],[-4.5445,48.3402],[-4.5476,48.3629],[-4.6189,48.3485],[-4.6876,48.3621],[-4.6908,48.3623],[-4.7045,48.3416],[-4.755,48.342],[-4.7834,48.3764],[-4.7648,48.3776],[-4.7834,48.4174],[-4.7799,48.4549],[-4.7493,48.4788],[-4.7746,48.4913],[-4.7646,48.5202],[-4.722,48.5682],[-4.6425,48.5819],[-4.6277,48.5788],[-4.5976,48.5914],[-4.6077,48.603],[-4.5807,48.6022],[-4.592,48.6834],[-4.5919,48.6834],[-4.592,48.6838],[-3.8424,48.8101],[-3.7487,48.8259],[-3.7018,48.8338],[-3.655,48.8417],[-3.5613,48.8575],[-3.4676,48.8733],[-3.296,48.9022],[-3.2958,48.9022],[-3.2956,48.9022],[-3.0928,48.8711],[-3.0915,48.8713],[-3.0915,48.8709],[-2.537,48.7859],[-2.2427,48.7407],[-2.0956,48.7182],[-2.0588,48.7125],[-2.0588,48.6926],[-2.0588,48.667],[-2.022,48.667],[-2.022,48.6495],[-2.0287,48.6433],[-2.0275,48.6415],[-2.022,48.6333],[-2.022,48.6159],[-2.0323,48.6159],[-2.0175,48.5907],[-1.9988,48.5907],[-1.9988,48.5654],[-1.9982,48.5648],[-1.9652,48.5648],[-1.9491,48.5392],[-1.9485,48.5383],[-1.9251,48.5448],[-1.9102,48.5036],[-1.918,48.473],[-1.944,48.4467],[-1.9517,48.4228],[-1.9327,48.3639],[-1.9615,48.3421],[-1.9615,48.3003],[-1.9824,48.2803],[-2.066,48.2952],[-2.1172,48.2608],[-2.1602,48.2607],[-2.186,48.2226],[-2.2108,48.2096],[-2.2319,48.1641],[-2.2873,48.1337],[-2.2352,48.0786],[-2.1882,48.0797],[-2.1913,48.0525],[-2.2576,48.0389],[-2.2711,48.0054],[-2.2554,47.9974],[-2.1677,47.9847],[-2.1243,47.9636],[-2.106,47.945],[-2.1002,47.9119],[-2.1095,47.8488],[-2.0612,47.8463],[-2.0524,47.8218],[-2.068,47.7962],[-2.1223,47.7743],[-2.1103,47.7588],[-2.0716,47.7572],[-2.0767,47.7333],[-2.1159,47.7317],[-2.1263,47.7142],[-2.1062,47.669],[-2.1028,47.6393],[-2.0885,47.6326],[-2.0858,47.608],[-2.11,47.5423],[-2.1544,47.5131],[-2.1868,47.4814],[-2.2109,47.5076],[-2.2534,47.4953],[-2.3023,47.5016],[-2.3345,47.464],[-2.4041,47.4556],[-2.4331,47.4658],[-2.4611,47.4526],[-2.4649,47.4535],[-2.4649,47.4322],[-2.5014,47.4322],[-2.5014,47.4247],[-2.5379,47.4247],[-2.5379,47.4473],[-2.5744,47.4473],[-2.6109,47.4473],[-2.6474,47.4473],[-2.684,47.4473],[-2.684,47.4448],[-2.684,47.411],[-2.7238,47.411],[-2.7238,47.4045]]],[[[-3.4364,50.3561],[-3.4797,50.3254],[-3.616,50.2287],[-3.6163,50.2287],[-3.6164,50.2287],[-3.6476,50.2325],[-3.6456,50.226],[-3.718,50.2124],[-3.7742,50.223],[-3.789,50.2124],[-3.8263,50.2342],[-3.8562,50.2581],[-4.0106,50.277],[-4.0878,50.2865],[-4.1264,50.2912],[-4.165,50.296],[-4.2422,50.3054],[-4.3194,50.3149],[-4.4737,50.3338],[-4.4954,50.3284],[-4.5716,50.3256],[-5.0568,50.0612],[-5.0565,50.0606],[-5.0981,50.0144],[-5.1465,50.0106],[-5.1761,49.9879],[-5.1912,49.9591],[-5.2143,49.9754],[-5.2433,49.9596],[-5.2435,49.9597],[-5.2437,49.9596],[-5.5482,50.0738],[-5.5784,50.0548],[-5.6674,50.0429],[-5.7051,50.0523],[-5.7156,50.0827],[-5.6988,50.0854],[-5.7092,50.1326],[-5.7082,50.1338],[-5.7765,50.1594],[-5.7762,50.1596],[-5.7763,50.1596],[-5.7762,50.1597],[-5.7765,50.1598],[-4.9295,50.7673],[-4.8908,50.7951],[-4.7946,50.8641],[-4.7465,50.8986],[-4.6984,50.9331],[-4.506,51.0711],[-4.3112,51.2108],[-4.0825,51.2657],[-3.8707,51.3165],[-3.7648,51.3419],[-3.7383,51.3482],[-3.7119,51.3546],[-3.7119,51.3328],[-3.6854,51.3328],[-3.659,51.3328],[-3.659,51.3095],[-3.6325,51.3095],[-3.606,51.3095],[-3.5795,51.3095],[-3.5531,51.3095],[-3.5531,51.3049],[-3.5266,51.3049],[-3.5001,51.3049],[-3.4736,51.3049],[-3.4472,51.3049],[-3.4472,51.2923],[-3.4207,51.2923],[-3.3942,51.2923],[-3.3677,51.2923],[-3.3413,51.2923],[-3.2884,51.2923],[-3.2619,51.2923],[-3.2355,51.2923],[-3.2355,51.2794],[-3.209,51.2794],[-3.209,51.3209],[-3.1825,51.3209],[-3.156,51.3209],[-3.1296,51.3209],[-3.1296,51.3217],[-3.1031,51.3217],[-3.1031,51.3624],[-3.0766,51.3624],[-3.0766,51.4039],[-3.0501,51.4039],[-3.0501,51.4454],[-3.0237,51.4454],[-3.0237,51.4704],[-2.9972,51.4704],[-2.9707,51.4704],[-2.9443,51.4704],[-2.9178,51.4704],[-2.9178,51.4769],[-2.8913,51.4769],[-2.8913,51.5114],[-2.8649,51.5114],[-2.8649,51.5172],[-2.8384,51.5172],[-2.812,51.5172],[-2.812,51.5333],[-2.7855,51.5333],[-2.7591,51.5333],[-2.7326,51.5333],[-2.7326,51.4958],[-2.7294,51.4962],[-2.7055,51.4805],[-2.668,51.4671],[-2.6439,51.4551],[-2.6306,51.443],[-2.6306,51.4002],[-2.6335,51.3821],[-2.6466,51.3493],[-2.6801,51.3413],[-2.7015,51.3534],[-2.7149,51.3426],[-2.7127,51.3198],[-2.6684,51.3119],[-2.6628,51.3027],[-2.6392,51.2986],[-2.6209,51.283],[-2.5914,51.283],[-2.567,51.296],[-2.5395,51.2999],[-2.4931,51.2894],[-2.4884,51.2758],[-2.4581,51.273],[-2.4231,51.2822],[-2.405,51.2994],[-2.3458,51.2999],[-2.2901,51.3249],[-2.267,51.3163],[-2.2711,51.2958],[-2.2428,51.2852],[-2.2362,51.2641],[-2.2662,51.2088],[-2.3489,51.1177],[-2.3475,51.0949],[-2.3217,51.0833],[-2.2386,51.0714],[-2.1942,51.0438],[-2.1442,50.986],[-2.1234,50.9811],[-2.0992,50.9558],[-2.0589,50.9599],[-1.9962,50.9775],[-1.9703,50.9927],[-1.9501,50.9883],[-1.8798,50.9247],[-1.837,50.9335],[-1.805,50.9294],[-1.8114,50.9055],[-1.8392,50.8913],[-1.8328,50.8658],[-1.8057,50.8677],[-1.7961,50.8316],[-1.8095,50.8022],[-1.7865,50.7687],[-1.735,50.778],[-1.7342,50.7544],[-1.6767,50.7544],[-1.6729,50.7401],[-1.6917,50.7361],[-1.6917,50.7105],[-1.6481,50.7105],[-1.6481,50.6865],[-1.6481,50.6809],[-1.6917,50.6809],[-1.6917,50.6548],[-1.6917,50.6513],[-1.6917,50.6288],[-1.7353,50.6217],[-1.8225,50.6076],[-1.9097,50.5935],[-2.0841,50.5652],[-2.2585,50.537],[-2.4892,50.4996],[-2.4893,50.4996],[-2.4896,50.4996],[-2.6072,50.5489],[-2.7816,50.6221],[-2.8688,50.6587],[-2.9123,50.6769],[-2.9559,50.6952],[-2.9573,50.6958],[-3.1303,50.5731],[-3.133,50.5712],[-3.2188,50.5104],[-3.2617,50.48],[-3.3046,50.4495],[-3.3061,50.4485],[-3.3929,50.3869],[-3.4363,50.3561],[-3.4364,50.3561]]],[[[-2.324,52.7477],[-2.3056,52.7338],[-2.3103,52.7005],[-2.2931,52.6802],[-2.2315,52.6691],[-2.227,52.6366],[-2.237,52.6124],[-2.2664,52.6036],[-2.3034,52.6088],[-2.3106,52.5913],[-2.2511,52.5624],[-2.2672,52.5483],[-2.255,52.5183],[-2.2842,52.505],[-2.2986,52.4755],[-2.2862,52.4446],[-2.3048,52.4308],[-2.3395,52.4344],[-2.3505,52.4237],[-2.3195,52.3846],[-2.3906,52.3836],[-2.4103,52.3633],[-2.4698,52.3572],[-2.4745,52.3271],[-2.5253,52.3397],[-2.5556,52.3085],[-2.5978,52.3052],[-2.6409,52.3322],[-2.6314,52.2919],[-2.616,52.2777],[-2.607,52.2417],[-2.5273,52.243],[-2.4887,52.2649],[-2.4475,52.2585],[-2.4578,52.2302],[-2.4154,52.2199],[-2.4064,52.2058],[-2.4102,52.1569],[-2.3922,52.1312],[-2.3601,52.1221],[-2.3498,52.1067],[-2.3516,52.0139],[-2.3933,51.9947],[-2.4295,51.9944],[-2.4609,52.0197],[-2.4814,51.958],[-2.4603,51.9477],[-2.4339,51.9155],[-2.4345,51.8966],[-2.5058,51.8799],[-2.5197,51.8588],[-2.5506,51.8616],[-2.62,51.8377],[-2.642,51.8472],[-2.6485,51.8214],[-2.6589,51.8177],[-2.6958,51.8363],[-2.7287,51.8384],[-2.7757,51.875],[-2.8736,51.9292],[-2.9525,51.9087],[-2.9823,51.9228],[-2.9988,51.9467],[-3.0512,51.9835],[-3.0799,52.0168],[-3.0876,52.0517],[-3.1238,52.0757],[-3.1014,52.1132],[-3.1222,52.132],[-3.0757,52.1528],[-3.1077,52.1727],[-3.0541,52.2302],[-3.0025,52.257],[-2.9684,52.2578],[-2.9995,52.2962],[-2.9637,52.3226],[-2.9574,52.3412],[-3.0706,52.3466],[-3.1037,52.3681],[-3.1993,52.4125],[-3.2151,52.4384],[-3.1903,52.4688],[-3.1077,52.4939],[-3.0308,52.4969],[-2.9764,52.5381],[-3.0053,52.5673],[-3.1107,52.527],[-3.124,52.5665],[-3.1163,52.5863],[-3.0742,52.6067],[-3.0657,52.6336],[-3.0402,52.6467],[-3.0133,52.7084],[-2.9674,52.7199],[-2.9615,52.7337],[-2.9985,52.7561],[-3.0575,52.7662],[-3.0822,52.783],[-3.1404,52.7963],[-3.1522,52.8298],[-3.1219,52.8549],[-3.1284,52.88],[-3.0862,52.9136],[-3.0039,52.9498],[-2.9584,52.9505],[-2.933,52.9343],[-2.878,52.9414],[-2.848,52.9373],[-2.795,52.9039],[-2.7795,52.9006],[-2.7215,52.9182],[-2.7162,52.9418],[-2.7277,52.9665],[-2.6228,52.9858],[-2.5895,52.9769],[-2.5778,52.9536],[-2.5272,52.9472],[-2.5128,52.9616],[-2.4789,52.9541],[-2.4309,52.9649],[-2.4236,52.9786],[-2.3788,52.9896],[-2.3642,52.9802],[-2.3753,52.9497],[-2.4192,52.9364],[-2.4426,52.9127],[-2.4495,52.8855],[-2.4345,52.868],[-2.3659,52.8841],[-2.3781,52.838],[-2.3966,52.8216],[-2.3684,52.8069],[-2.3603,52.7938],[-2.3689,52.7819],[-2.324,52.7477]]]]}},
{"type":"Feature","properties":{"entityId":"brittonic-kingdoms","from":659,"to":711,"certainty":"estimated","source":"유럽 쪽은 Natural Earth 1:10m admin-1(v5.1.2) 현대 행정구역 조각을 그 시기 국경에 맞춰 묶고, 조각이 역사 경계와 다른 곳은 선을 그어 나눈 근사. 유럽 밖(시베리아·중앙아시아·극동)은 대략적인 추정. 운영자 검수 필요"},"geometry":{"type":"MultiPolygon","coordinates":[[[[-2.7238,47.4045],[-2.7637,47.4318],[-2.8435,47.4865],[-2.9648,47.5697],[-3.003,47.5794],[-3.0034,47.5787],[-3.0424,47.5881],[-3.0738,47.5765],[-3.112,47.5992],[-3.1289,47.5476],[-3.1233,47.519],[-3.0845,47.4782],[-3.1317,47.4782],[-3.1438,47.507],[-3.1339,47.5439],[-3.1412,47.598],[-3.1642,47.6201],[-3.3805,47.6748],[-3.5151,47.7088],[-3.5487,47.7173],[-3.5824,47.7258],[-3.6498,47.7429],[-4.0648,47.8478],[-4.0697,47.8482],[-4.1696,47.8235],[-4.1852,47.8134],[-4.2252,47.8024],[-4.3718,47.8072],[-4.3734,47.8287],[-4.3476,47.8383],[-4.3474,47.8532],[-4.376,47.8777],[-4.4078,47.9345],[-4.4912,47.9556],[-4.4957,47.9875],[-4.5681,48.008],[-4.572,48.0059],[-4.5804,48.0114],[-4.6321,48.026],[-4.653,48.0263],[-4.7281,48.0406],[-4.6974,48.0749],[-4.6837,48.0673],[-4.6417,48.0736],[-4.628,48.0864],[-4.5128,48.0968],[-4.5109,48.0973],[-4.5241,48.1928],[-4.5316,48.1831],[-4.5575,48.1772],[-4.5438,48.2051],[-4.5612,48.225],[-4.5547,48.2596],[-4.5573,48.263],[-4.6263,48.2665],[-4.6263,48.2871],[-4.5767,48.2899],[-4.575,48.2907],[-4.5595,48.3387],[-4.5445,48.3402],[-4.5476,48.3629],[-4.6189,48.3485],[-4.6876,48.3621],[-4.6908,48.3623],[-4.7045,48.3416],[-4.755,48.342],[-4.7834,48.3764],[-4.7648,48.3776],[-4.7834,48.4174],[-4.7799,48.4549],[-4.7493,48.4788],[-4.7746,48.4913],[-4.7646,48.5202],[-4.722,48.5682],[-4.6425,48.5819],[-4.6277,48.5788],[-4.5976,48.5914],[-4.6077,48.603],[-4.5807,48.6022],[-4.592,48.6834],[-4.5919,48.6834],[-4.592,48.6838],[-3.8424,48.8101],[-3.7487,48.8259],[-3.7018,48.8338],[-3.655,48.8417],[-3.5613,48.8575],[-3.4676,48.8733],[-3.296,48.9022],[-3.2958,48.9022],[-3.2956,48.9022],[-3.0928,48.8711],[-3.0915,48.8713],[-3.0915,48.8709],[-2.537,48.7859],[-2.2427,48.7407],[-2.0956,48.7182],[-2.0588,48.7125],[-2.0588,48.6926],[-2.0588,48.667],[-2.022,48.667],[-2.022,48.6495],[-2.0287,48.6433],[-2.0275,48.6415],[-2.022,48.6333],[-2.022,48.6159],[-2.0323,48.6159],[-2.0175,48.5907],[-1.9988,48.5907],[-1.9988,48.5654],[-1.9982,48.5648],[-1.9652,48.5648],[-1.9491,48.5392],[-1.9485,48.5383],[-1.9251,48.5448],[-1.9102,48.5036],[-1.918,48.473],[-1.944,48.4467],[-1.9517,48.4228],[-1.9327,48.3639],[-1.9615,48.3421],[-1.9615,48.3003],[-1.9824,48.2803],[-2.066,48.2952],[-2.1172,48.2608],[-2.1602,48.2607],[-2.186,48.2226],[-2.2108,48.2096],[-2.2319,48.1641],[-2.2873,48.1337],[-2.2352,48.0786],[-2.1882,48.0797],[-2.1913,48.0525],[-2.2576,48.0389],[-2.2711,48.0054],[-2.2554,47.9974],[-2.1677,47.9847],[-2.1243,47.9636],[-2.106,47.945],[-2.1002,47.9119],[-2.1095,47.8488],[-2.0612,47.8463],[-2.0524,47.8218],[-2.068,47.7962],[-2.1223,47.7743],[-2.1103,47.7588],[-2.0716,47.7572],[-2.0767,47.7333],[-2.1159,47.7317],[-2.1263,47.7142],[-2.1062,47.669],[-2.1028,47.6393],[-2.0885,47.6326],[-2.0858,47.608],[-2.11,47.5423],[-2.1544,47.5131],[-2.1868,47.4814],[-2.2109,47.5076],[-2.2534,47.4953],[-2.3023,47.5016],[-2.3345,47.464],[-2.4041,47.4556],[-2.4331,47.4658],[-2.4611,47.4526],[-2.4649,47.4535],[-2.4649,47.4322],[-2.5014,47.4322],[-2.5014,47.4247],[-2.5379,47.4247],[-2.5379,47.4473],[-2.5744,47.4473],[-2.6109,47.4473],[-2.6474,47.4473],[-2.684,47.4473],[-2.684,47.4448],[-2.684,47.411],[-2.7238,47.411],[-2.7238,47.4045]]],[[[-3.4364,50.3561],[-3.4797,50.3254],[-3.616,50.2287],[-3.6163,50.2287],[-3.6164,50.2287],[-3.6476,50.2325],[-3.6456,50.226],[-3.718,50.2124],[-3.7742,50.223],[-3.789,50.2124],[-3.8263,50.2342],[-3.8562,50.2581],[-4.0106,50.277],[-4.0878,50.2865],[-4.1264,50.2912],[-4.165,50.296],[-4.2422,50.3054],[-4.3194,50.3149],[-4.4737,50.3338],[-4.4954,50.3284],[-4.5716,50.3256],[-5.0568,50.0612],[-5.0565,50.0606],[-5.0981,50.0144],[-5.1465,50.0106],[-5.1761,49.9879],[-5.1912,49.9591],[-5.2143,49.9754],[-5.2433,49.9596],[-5.2435,49.9597],[-5.2437,49.9596],[-5.5482,50.0738],[-5.5784,50.0548],[-5.6674,50.0429],[-5.7051,50.0523],[-5.7156,50.0827],[-5.6988,50.0854],[-5.7092,50.1326],[-5.7082,50.1338],[-5.7765,50.1594],[-5.7762,50.1596],[-5.7763,50.1596],[-5.7762,50.1597],[-5.7765,50.1598],[-4.9295,50.7673],[-4.8908,50.7951],[-4.7946,50.8641],[-4.7465,50.8986],[-4.6984,50.9331],[-4.506,51.0711],[-4.3112,51.2108],[-4.0825,51.2657],[-3.8707,51.3165],[-3.7648,51.3419],[-3.7383,51.3482],[-3.7119,51.3546],[-3.7119,51.3328],[-3.7119,51.3265],[-3.7119,51.2984],[-3.7119,51.2683],[-3.7119,51.264],[-3.7119,51.2383],[-3.7122,51.2383],[-3.7242,51.1785],[-3.7703,51.1733],[-3.8211,51.1772],[-3.8259,51.1419],[-3.7748,51.111],[-3.7506,51.1069],[-3.7156,51.083],[-3.6784,51.0825],[-3.6364,51.0622],[-3.5881,51.0547],[-3.6078,51.0244],[-3.5997,51.0119],[-3.5289,51.0072],[-3.5081,51.0305],[-3.475,51.0361],[-3.3803,51.0175],[-3.3706,50.9808],[-3.3214,50.9788],[-3.2684,50.9474],[-3.2217,50.9438],[-3.1572,50.9486],[-3.1781,50.9147],[-3.1475,50.8969],[-3.0901,50.908],[-3.0475,50.9058],[-3.0484,50.8777],[-3.0303,50.8516],[-3.0031,50.8613],[-2.9628,50.8505],[-2.9485,50.8225],[-2.8823,50.7972],[-2.9467,50.7708],[-2.9325,50.7619],[-2.9456,50.7258],[-2.9559,50.7224],[-2.9559,50.703],[-2.9559,50.6952],[-2.9573,50.6958],[-3.1303,50.5731],[-3.133,50.5712],[-3.2188,50.5104],[-3.2617,50.48],[-3.3046,50.4495],[-3.3061,50.4485],[-3.3929,50.3869],[-3.4363,50.3561],[-3.4364,50.3561]]]]}},
{"type":"Feature","properties":{"entityId":"brittonic-kingdoms","from":711,"to":799,"certainty":"estimated","source":"유럽 쪽은 Natural Earth 1:10m admin-1(v5.1.2) 현대 행정구역 조각을 그 시기 국경에 맞춰 묶고, 조각이 역사 경계와 다른 곳은 선을 그어 나눈 근사. 유럽 밖(시베리아·중앙아시아·극동)은 대략적인 추정. 운영자 검수 필요"},"geometry":{"type":"MultiPolygon","coordinates":[[[[-2.7238,47.4045],[-2.7637,47.4318],[-2.8435,47.4865],[-2.9648,47.5697],[-3.003,47.5794],[-3.0034,47.5787],[-3.0424,47.5881],[-3.0738,47.5765],[-3.112,47.5992],[-3.1289,47.5476],[-3.1233,47.519],[-3.0845,47.4782],[-3.1317,47.4782],[-3.1438,47.507],[-3.1339,47.5439],[-3.1412,47.598],[-3.1642,47.6201],[-3.3805,47.6748],[-3.5151,47.7088],[-3.5487,47.7173],[-3.5824,47.7258],[-3.6498,47.7429],[-4.0648,47.8478],[-4.0697,47.8482],[-4.1696,47.8235],[-4.1852,47.8134],[-4.2252,47.8024],[-4.3718,47.8072],[-4.3734,47.8287],[-4.3476,47.8383],[-4.3474,47.8532],[-4.376,47.8777],[-4.4078,47.9345],[-4.4912,47.9556],[-4.4957,47.9875],[-4.5681,48.008],[-4.572,48.0059],[-4.5804,48.0114],[-4.6321,48.026],[-4.653,48.0263],[-4.7281,48.0406],[-4.6974,48.0749],[-4.6837,48.0673],[-4.6417,48.0736],[-4.628,48.0864],[-4.5128,48.0968],[-4.5109,48.0973],[-4.5241,48.1928],[-4.5316,48.1831],[-4.5575,48.1772],[-4.5438,48.2051],[-4.5612,48.225],[-4.5547,48.2596],[-4.5573,48.263],[-4.6263,48.2665],[-4.6263,48.2871],[-4.5767,48.2899],[-4.575,48.2907],[-4.5595,48.3387],[-4.5445,48.3402],[-4.5476,48.3629],[-4.6189,48.3485],[-4.6876,48.3621],[-4.6908,48.3623],[-4.7045,48.3416],[-4.755,48.342],[-4.7834,48.3764],[-4.7648,48.3776],[-4.7834,48.4174],[-4.7799,48.4549],[-4.7493,48.4788],[-4.7746,48.4913],[-4.7646,48.5202],[-4.722,48.5682],[-4.6425,48.5819],[-4.6277,48.5788],[-4.5976,48.5914],[-4.6077,48.603],[-4.5807,48.6022],[-4.592,48.6834],[-4.5919,48.6834],[-4.592,48.6838],[-3.8424,48.8101],[-3.7487,48.8259],[-3.7018,48.8338],[-3.655,48.8417],[-3.5613,48.8575],[-3.4676,48.8733],[-3.296,48.9022],[-3.2958,48.9022],[-3.2956,48.9022],[-3.0928,48.8711],[-3.0915,48.8713],[-3.0915,48.8709],[-2.537,48.7859],[-2.2427,48.7407],[-2.0956,48.7182],[-2.0588,48.7125],[-2.0588,48.6926],[-2.0588,48.667],[-2.022,48.667],[-2.022,48.6495],[-2.0287,48.6433],[-2.0275,48.6415],[-2.022,48.6333],[-2.022,48.6159],[-2.0323,48.6159],[-2.0175,48.5907],[-1.9988,48.5907],[-1.9988,48.5654],[-1.9982,48.5648],[-1.9652,48.5648],[-1.9491,48.5392],[-1.9485,48.5383],[-1.9251,48.5448],[-1.9102,48.5036],[-1.918,48.473],[-1.944,48.4467],[-1.9517,48.4228],[-1.9327,48.3639],[-1.9615,48.3421],[-1.9615,48.3003],[-1.9824,48.2803],[-2.066,48.2952],[-2.1172,48.2608],[-2.1602,48.2607],[-2.186,48.2226],[-2.2108,48.2096],[-2.2319,48.1641],[-2.2873,48.1337],[-2.2352,48.0786],[-2.1882,48.0797],[-2.1913,48.0525],[-2.2576,48.0389],[-2.2711,48.0054],[-2.2554,47.9974],[-2.1677,47.9847],[-2.1243,47.9636],[-2.106,47.945],[-2.1002,47.9119],[-2.1095,47.8488],[-2.0612,47.8463],[-2.0524,47.8218],[-2.068,47.7962],[-2.1223,47.7743],[-2.1103,47.7588],[-2.0716,47.7572],[-2.0767,47.7333],[-2.1159,47.7317],[-2.1263,47.7142],[-2.1062,47.669],[-2.1028,47.6393],[-2.0885,47.6326],[-2.0858,47.608],[-2.11,47.5423],[-2.1544,47.5131],[-2.1868,47.4814],[-2.2109,47.5076],[-2.2534,47.4953],[-2.3023,47.5016],[-2.3345,47.464],[-2.4041,47.4556],[-2.4331,47.4658],[-2.4611,47.4526],[-2.4649,47.4535],[-2.4649,47.4322],[-2.5014,47.4322],[-2.5014,47.4247],[-2.5379,47.4247],[-2.5379,47.4473],[-2.5744,47.4473],[-2.6109,47.4473],[-2.6474,47.4473],[-2.684,47.4473],[-2.684,47.4448],[-2.684,47.411],[-2.7238,47.411],[-2.7238,47.4045]]],[[[-4.165,50.296],[-4.2422,50.3054],[-4.3194,50.3149],[-4.4737,50.3338],[-4.4954,50.3284],[-4.5716,50.3256],[-5.0568,50.0612],[-5.0565,50.0606],[-5.0981,50.0144],[-5.1465,50.0106],[-5.1761,49.9879],[-5.1912,49.9591],[-5.2143,49.9754],[-5.2433,49.9596],[-5.2435,49.9597],[-5.2437,49.9596],[-5.5482,50.0738],[-5.5784,50.0548],[-5.6674,50.0429],[-5.7051,50.0523],[-5.7156,50.0827],[-5.6988,50.0854],[-5.7092,50.1326],[-5.7082,50.1338],[-5.7765,50.1594],[-5.7762,50.1596],[-5.7763,50.1596],[-5.7762,50.1597],[-5.7765,50.1598],[-4.9295,50.7673],[-4.8908,50.7951],[-4.7946,50.8641],[-4.7465,50.8986],[-4.6984,50.9331],[-4.6595,50.9331],[-4.6207,50.9331],[-4.5818,50.9331],[-4.5429,50.9331],[-4.5481,50.923],[-4.4584,50.9211],[-4.4558,50.9016],[-4.4178,50.8549],[-4.4394,50.841],[-4.45,50.7994],[-4.4803,50.7922],[-4.4406,50.7796],[-4.4128,50.7605],[-4.377,50.7644],[-4.3609,50.6925],[-4.335,50.6427],[-4.2961,50.6255],[-4.3014,50.5877],[-4.2731,50.5649],[-4.2706,50.5424],[-4.217,50.5336],[-4.1898,50.4944],[-4.2178,50.4947],[-4.2369,50.4626],[-4.2037,50.4514],[-4.1962,50.4528],[-4.1962,50.4178],[-4.1968,50.4178],[-4.1968,50.3784],[-4.1944,50.3772],[-4.1662,50.3772],[-4.1655,50.3764],[-4.165,50.3762],[-4.165,50.3366],[-4.165,50.3313],[-4.165,50.296]]]]}},
{"type":"Feature","properties":{"entityId":"brittonic-kingdoms","from":799,"to":800,"certainty":"estimated","source":"유럽 쪽은 Natural Earth 1:10m admin-1(v5.1.2) 현대 행정구역 조각을 그 시기 국경에 맞춰 묶고, 조각이 역사 경계와 다른 곳은 선을 그어 나눈 근사. 유럽 밖(시베리아·중앙아시아·극동)은 대략적인 추정. 운영자 검수 필요"},"geometry":{"type":"Polygon","coordinates":[[[-4.165,50.296],[-4.2422,50.3054],[-4.3194,50.3149],[-4.4737,50.3338],[-4.4954,50.3284],[-4.5716,50.3256],[-5.0568,50.0612],[-5.0565,50.0606],[-5.0981,50.0144],[-5.1465,50.0106],[-5.1761,49.9879],[-5.1912,49.9591],[-5.2143,49.9754],[-5.2433,49.9596],[-5.2435,49.9597],[-5.2437,49.9596],[-5.5482,50.0738],[-5.5784,50.0548],[-5.6674,50.0429],[-5.7051,50.0523],[-5.7156,50.0827],[-5.6988,50.0854],[-5.7092,50.1326],[-5.7082,50.1338],[-5.7765,50.1594],[-5.7762,50.1596],[-5.7763,50.1596],[-5.7762,50.1597],[-5.7765,50.1598],[-4.9295,50.7673],[-4.8908,50.7951],[-4.7946,50.8641],[-4.7465,50.8986],[-4.6984,50.9331],[-4.6595,50.9331],[-4.6207,50.9331],[-4.5818,50.9331],[-4.5429,50.9331],[-4.5481,50.923],[-4.4584,50.9211],[-4.4558,50.9016],[-4.4178,50.8549],[-4.4394,50.841],[-4.45,50.7994],[-4.4803,50.7922],[-4.4406,50.7796],[-4.4128,50.7605],[-4.377,50.7644],[-4.3609,50.6925],[-4.335,50.6427],[-4.2961,50.6255],[-4.3014,50.5877],[-4.2731,50.5649],[-4.2706,50.5424],[-4.217,50.5336],[-4.1898,50.4944],[-4.2178,50.4947],[-4.2369,50.4626],[-4.2037,50.4514],[-4.1962,50.4528],[-4.1962,50.4178],[-4.1968,50.4178],[-4.1968,50.3784],[-4.1944,50.3772],[-4.1662,50.3772],[-4.1655,50.3764],[-4.165,50.3762],[-4.165,50.3366],[-4.165,50.3313],[-4.165,50.296]]]}}
]}
