{"type":"FeatureCollection","features":[
{"type":"Feature","properties":{"entityId":"east-francia","from":843,"to":870,"certainty":"estimated","source":"유럽 쪽은 Natural Earth 1:10m admin-1(v5.1.2) 현대 행정구역 조각을 그 시기 국경에 맞춰 묶고, 조각이 역사 경계와 다른 곳은 선을 그어 나눈 근사. 유럽 밖(시베리아·중앙아시아·극동)은 대략적인 추정. 운영자 검수 필요"},"geometry":{"type":"MultiPolygon","coordinates":[[[[6.0971,51.8867],[6.1059,51.8765],[6.1394,51.8535],[6.24,51.82],[6.39,51.755],[6.47,51.69],[6.6,51.645],[6.68,51.57],[6.73,51.47],[6.73,51.42],[6.7157,51.4],[6.68,51.35],[6.74,51.27],[6.76,51.23],[6.8,51.17],[6.86,51.1],[6.95,51.05],[6.98,51],[6.97,50.94],[7,50.82],[7.07,50.78],[7.12,50.73],[7.18,50.68],[7.21,50.64],[7.2148,50.6272],[7.225,50.6],[7.26,50.56],[7.31,50.51],[7.35,50.48],[7.41,50.445],[7.47,50.425],[7.55,50.41],[7.6,50.37],[7.605,50.33],[7.635,50.27],[7.615,50.24],[7.63,50.215],[7.69,50.19],[7.715,50.155],[7.725,50.13],[7.755,50.1],[7.78,50.07],[7.7917,50.0633],[7.7714,50.0535],[7.8498,50.0107],[7.8782,49.9729],[7.9186,49.9739],[7.9023,49.9735],[7.9,49.97],[7.9,49.92],[7.85,49.8],[7.7,49.75],[7.5,49.68],[7.3,49.6],[7.2747,49.5621],[7.3085,49.4854],[7.2461,49.4461],[7.2523,49.431],[7.3012,49.3848],[7.3852,49.3697],[7.3873,49.3368],[7.3567,49.3127],[7.3167,49.2519],[7.2869,49.2308],[7.2947,49.2052],[7.3491,49.1687],[7.3716,49.1662],[7.4105,49.1689],[7.4148,49.1578],[7.4761,49.1515],[7.471,49.1283],[7.5209,49.0837],[7.6086,49.062],[7.6449,49.0363],[7.6851,49.0428],[7.7269,49.0357],[7.7737,49.0481],[7.8569,49.0323],[7.9319,49.0348],[8.0904,48.9792],[8.1887,48.9657],[8.1999,48.9583],[8.1481,48.9037],[8.1027,48.8213],[8.0842,48.8041],[8.0273,48.78],[8.023,48.7651],[7.9701,48.7573],[7.9592,48.7214],[7.8806,48.6677],[7.8524,48.6587],[7.8103,48.615],[7.8017,48.5476],[7.8135,48.5195],[7.7765,48.4982],[7.7383,48.4066],[7.752,48.3553],[7.737,48.3267],[7.7025,48.3112],[7.6935,48.2699],[7.6766,48.2384],[7.6134,48.1792],[7.582,48.1214],[7.5726,48.095],[7.5757,48.0537],[7.6189,48.0027],[7.6211,47.9714],[7.5849,47.9404],[7.5808,47.9108],[7.5579,47.8785],[7.562,47.8392],[7.5429,47.8294],[7.5259,47.7832],[7.5378,47.7318],[7.5119,47.7073],[7.5218,47.6704],[7.5501,47.6524],[7.5903,47.6079],[7.586,47.5846],[7.5855,47.5845],[7.5503,47.5755],[7.5263,47.5665],[7.5209,47.5634],[7.4827,47.5423],[7.5052,47.533],[7.5011,47.5173],[7.4769,47.5149],[7.4858,47.4988],[7.529,47.4939],[7.5339,47.4608],[7.4542,47.452],[7.446,47.4869],[7.426,47.4925],[7.4144,47.484],[7.4276,47.4707],[7.4206,47.4509],[7.4458,47.4389],[7.4551,47.4214],[7.4404,47.4146],[7.3842,47.4131],[7.4112,47.3983],[7.4197,47.3827],[7.4371,47.3793],[7.4527,47.3958],[7.5068,47.3886],[7.5422,47.4108],[7.5774,47.4155],[7.5748,47.4283],[7.6029,47.4312],[7.6266,47.4618],[7.6081,47.4728],[7.6145,47.4841],[7.6497,47.4834],[7.6643,47.4916],[7.7134,47.4673],[7.6904,47.4482],[7.6839,47.4216],[7.6379,47.4065],[7.6396,47.3849],[7.6538,47.3681],[7.7138,47.3662],[7.7521,47.3477],[7.7861,47.3385],[7.8053,47.3636],[7.8705,47.3847],[7.882,47.4024],[7.9289,47.4078],[7.9537,47.4223],[7.9449,47.4406],[7.9549,47.4577],[7.9791,47.4487],[7.9813,47.4312],[8.0057,47.4043],[8.028,47.3981],[8.0291,47.3792],[7.9969,47.3345],[7.9816,47.3283],[7.9019,47.3383],[7.8575,47.3107],[7.8229,47.269],[7.8393,47.2318],[7.8751,47.1767],[7.8871,47.1283],[7.8741,47.1014],[7.8733,47.0481],[7.8975,47.0115],[7.9525,47.0027],[7.93,46.9482],[7.916,46.934],[7.8757,46.9244],[7.8609,46.8779],[7.8705,46.8503],[7.9522,46.8024],[7.9771,46.7789],[8.0437,46.7883],[8.0946,46.7843],[8.1581,46.759],[8.1987,46.7676],[8.2703,46.759],[8.2909,46.7617],[8.3244,46.7777],[8.3682,46.7895],[8.3916,46.7751],[8.4462,46.7692],[8.4376,46.7414],[8.4447,46.6911],[8.4017,46.6887],[8.4094,46.6557],[8.4217,46.6459],[8.4076,46.5932],[8.4374,46.5466],[8.4769,46.5318],[8.5098,46.5509],[8.5238,46.5785],[8.5487,46.585],[8.6363,46.5712],[8.6779,46.5836],[8.7112,46.573],[8.7884,46.5681],[8.8473,46.5752],[8.8981,46.5893],[8.9148,46.6204],[8.956,46.6306],[8.9648,46.6148],[9.0221,46.6049],[9.0385,46.5907],[9.0152,46.5335],[9.0486,46.4809],[9.0773,46.4823],[9.0978,46.4161],[9.0891,46.3637],[9.057,46.299],[9.0875,46.2206],[9.1638,46.173],[9.1813,46.2041],[9.2248,46.2312],[9.2397,46.267],[9.269,46.3094],[9.2738,46.3443],[9.2604,46.3797],[9.2609,46.4167],[9.238,46.4365],[9.2632,46.4851],[9.2823,46.4974],[9.331,46.5015],[9.3771,46.4687],[9.4107,46.4889],[9.4379,46.492],[9.4438,46.3961],[9.4516,46.3704],[9.4826,46.3568],[9.5153,46.3086],[9.5597,46.2927],[9.6743,46.2918],[9.7084,46.3117],[9.7093,46.3424],[9.7309,46.3507],[9.7681,46.3386],[9.8554,46.367],[9.899,46.3722],[9.964,46.3561],[9.9776,46.2981],[10.0317,46.2601],[10.0427,46.2205],[10.0757,46.22],[10.1458,46.2433],[10.1589,46.2624],[10.1049,46.3094],[10.0918,46.329],[10.105,46.3614],[10.1332,46.3811],[10.1334,46.414],[10.0421,46.4327],[10.0263,46.4463],[10.044,46.467],[10.0269,46.4932],[10.0328,46.533],[10.0712,46.5644],[10.0878,46.6044],[10.1921,46.6268],[10.2338,46.618],[10.2347,46.5753],[10.2759,46.5655],[10.2954,46.5511],[10.3543,46.5483],[10.4259,46.5353],[10.4518,46.5467],[10.4939,46.4945],[10.5413,46.4895],[10.6247,46.4545],[10.6575,46.4495],[10.7452,46.4849],[10.7762,46.4754],[10.7975,46.4469],[10.8399,46.4307],[10.9974,46.4792],[11.0511,46.446],[11.0643,46.458],[11.0553,46.5156],[11.0859,46.5236],[11.1176,46.4938],[11.1454,46.4872],[11.1927,46.5056],[11.2145,46.4693],[11.2018,46.3392],[11.1562,46.284],[11.1615,46.2495],[11.191,46.2271],[11.242,46.2312],[11.2871,46.2591],[11.3282,46.2935],[11.3707,46.269],[11.3876,46.2811],[11.4085,46.3245],[11.4549,46.3348],[11.4766,46.3596],[11.5378,46.3537],[11.5774,46.3681],[11.5953,46.3862],[11.6412,46.4727],[11.6841,46.5077],[11.7158,46.5138],[11.7784,46.5101],[11.8118,46.5303],[11.8322,46.504],[11.8519,46.5142],[12.022,46.5394],[12.0712,46.6131],[12.0803,46.6499],[12.0991,46.6678],[12.1386,46.6443],[12.1779,46.6348],[12.214,46.5961],[12.2531,46.6109],[12.3024,46.6146],[12.3407,46.6282],[12.3825,46.6181],[12.3992,46.6397],[12.4696,46.6758],[12.4999,46.6721],[12.562,46.6512],[12.6202,46.6565],[12.6714,46.6525],[12.6974,46.6405],[12.7485,46.641],[12.8304,46.6096],[13.0645,46.598],[13.1465,46.585],[13.2311,46.5522],[13.2714,46.5508],[13.3733,46.5658],[13.417,46.5605],[13.478,46.5636],[13.5068,46.5469],[13.5492,46.5458],[13.6703,46.5187],[13.701,46.5197],[13.6899,46.4933],[13.6859,46.464],[13.6775,46.4521],[13.6588,46.4451],[13.6002,46.4426],[13.5757,46.4267],[13.53,46.3883],[13.4837,46.3712],[13.4597,46.359],[13.4341,46.3539],[13.4232,46.3448],[13.3956,46.3067],[13.3653,46.2903],[13.3786,46.2684],[13.3847,46.2433],[13.3981,46.2305],[13.4101,46.208],[13.4374,46.2109],[13.4228,46.2286],[13.4683,46.2234],[13.4823,46.2179],[13.5102,46.214],[13.529,46.2048],[13.559,46.1841],[13.5845,46.1813],[13.6274,46.1817],[13.6411,46.1714],[13.645,46.1617],[13.6164,46.125],[13.5226,46.0753],[13.5051,46.066],[13.4823,46.0448],[13.4903,46.0389],[13.4928,46.0325],[13.4823,46.0184],[13.4618,46.0064],[13.5094,45.9674],[13.5394,45.969],[13.5717,45.9798],[13.6007,45.9846],[13.6228,45.9664],[13.6153,45.9459],[13.6082,45.9266],[13.5993,45.9123],[13.5693,45.8645],[13.566,45.8303],[13.5742,45.819],[13.5813,45.8092],[13.5885,45.8065],[13.6092,45.7986],[13.6436,45.7957],[13.6603,45.792],[13.6999,45.7705],[13.7095,45.7653],[13.7787,45.7434],[13.8584,45.6494],[13.8692,45.6411],[13.8936,45.6338],[13.887,45.6188],[13.8679,45.6022],[13.88,45.5725],[13.8946,45.5598],[13.9104,45.552],[13.9522,45.546],[13.9838,45.5195],[13.9875,45.5119],[14.014,45.508],[14.0667,45.4803],[14.0929,45.4739],[14.1167,45.473],[14.1173,45.473],[14.1455,45.4762],[14.2187,45.4972],[14.2804,45.4811],[14.3268,45.4749],[14.3728,45.4778],[14.4112,45.4932],[14.4689,45.5256],[14.4821,45.5424],[14.4915,45.5792],[14.4986,45.5962],[14.5436,45.6364],[14.5561,45.6567],[14.5691,45.6643],[14.5809,45.6678],[14.5919,45.6634],[14.5941,45.648],[14.5939,45.6162],[14.6031,45.6036],[14.616,45.5941],[14.6503,45.5748],[14.6637,45.5702],[14.6717,45.5568],[14.6685,45.534],[14.6883,45.522],[14.7815,45.4931],[14.7972,45.4652],[14.8388,45.459],[14.8816,45.4698],[14.9008,45.4931],[14.9044,45.5144],[14.9226,45.5149],[14.9454,45.5045],[14.9626,45.4931],[14.9773,45.4917],[15.0074,45.4808],[15.0562,45.4799],[15.0661,45.4739],[15.1393,45.43],[15.1842,45.4256],[15.2258,45.4365],[15.2816,45.451],[15.314,45.4505],[15.3339,45.4585],[15.3614,45.482],[15.311,45.5059],[15.2967,45.523],[15.2822,45.5715],[15.2696,45.5934],[15.2686,45.6017],[15.2879,45.6103],[15.2974,45.6257],[15.3267,45.6323],[15.3531,45.6403],[15.3738,45.6402],[15.3683,45.649],[15.35,45.6696],[15.3829,45.6904],[15.4209,45.6953],[15.4738,45.6618],[15.5131,45.6473],[15.5137,45.6324],[15.5756,45.6024],[15.5936,45.6205],[15.6264,45.6214],[15.6633,45.6049],[15.7316,45.5886],[15.7474,45.5952],[15.7392,45.5589],[15.7799,45.5225],[15.8129,45.5234],[15.8425,45.4659],[15.8372,45.4363],[15.8141,45.3987],[15.7799,45.3951],[15.716,45.4208],[15.6765,45.4252],[15.6568,45.4152],[15.6723,45.3982],[15.6651,45.3766],[15.6796,45.3488],[15.6639,45.3396],[15.6564,45.2851],[15.6616,45.2681],[15.6312,45.2395],[15.6394,45.2107],[15.7049,45.2009],[15.7617,45.21],[15.8026,45.1965],[15.8248,45.211],[15.8789,45.2172],[16.0085,45.2182],[16.0292,45.205],[16.0244,45.1843],[16.0675,45.1696],[16.1041,45.1125],[16.213,45.0315],[16.2793,45.0072],[16.3162,45.0012],[16.346,45.02],[16.382,45.0837],[16.3818,45.1076],[16.4355,45.1329],[16.4819,45.1995],[16.5289,45.2223],[16.587,45.2209],[16.7863,45.1788],[16.8242,45.1891],[16.8307,45.217],[16.9244,45.2845],[16.9473,45.2357],[16.9612,45.2509],[17.0083,45.2162],[17.0363,45.2305],[17.0557,45.2004],[17.1246,45.1691],[17.1871,45.1486],[17.2455,45.1554],[17.269,45.1895],[17.3824,45.1396],[17.4341,45.1486],[17.4478,45.1343],[17.4962,45.1417],[17.4893,45.1163],[17.5724,45.1204],[17.63,45.1573],[17.6847,45.164],[17.7145,45.152],[17.7657,45.111],[17.7975,45.082],[17.8357,45.0644],[17.9026,45.0778],[17.9277,45.092],[17.9885,45.1438],[18.0191,45.1494],[18.0903,45.108],[18.1437,45.0977],[18.1749,45.1008],[18.1993,45.119],[18.2023,45.1441],[18.2379,45.1575],[18.262,45.1507],[18.3223,45.1229],[18.3929,45.1186],[18.412,45.1124],[18.4518,45.085],[18.4817,45.0669],[18.517,45.0559],[18.5411,45.0553],[18.5348,45.0884],[18.504,45.1289],[18.5034,45.1555],[18.5369,45.1935],[18.5538,45.192],[18.5679,45.2266],[18.5532,45.2413],[18.5067,45.251],[18.5119,45.2926],[18.5727,45.3052],[18.5897,45.3186],[18.6323,45.3214],[18.655,45.3916],[18.7141,45.4161],[18.7869,45.4136],[18.8019,45.4228],[18.7886,45.4554],[18.8611,45.4813],[18.8822,45.4781],[18.9385,45.4325],[19.0023,45.4437],[18.9964,45.4738],[19.0179,45.4978],[19.0772,45.4916],[19.1063,45.5116],[19.0951,45.5261],[19.051,45.5389],[19.0181,45.5674],[18.9602,45.5391],[18.9417,45.5389],[18.9036,45.5731],[18.9124,45.6192],[18.9685,45.6687],[18.9627,45.6831],[18.9173,45.7066],[18.9002,45.7649],[18.8487,45.8096],[18.8553,45.8574],[18.8998,45.8614],[18.904,45.8757],[18.8729,45.8952],[18.907,45.9157],[18.9013,45.9312],[18.8225,45.9056],[18.8015,45.92],[18.8241,45.9402],[18.8524,46.0112],[18.8447,46.0499],[18.822,46.0989],[18.7858,46.0997],[18.8292,46.1229],[18.8072,46.1314],[18.8026,46.1614],[18.8335,46.1618],[18.8539,46.1932],[18.8233,46.2063],[18.8417,46.2257],[18.8984,46.234],[18.9144,46.2457],[18.9133,46.3306],[18.8922,46.3784],[18.8989,46.4143],[18.9227,46.4686],[18.9201,46.4988],[18.8772,46.5912],[18.8581,46.6148],[18.8853,46.6352],[18.9529,46.6561],[18.9816,46.6763],[19.0018,46.7085],[18.9847,46.7756],[18.9276,46.8271],[18.9267,46.8484],[18.9309,46.8771],[18.9488,46.9039],[18.9665,46.9172],[18.9669,46.9358],[18.9605,46.9774],[18.9552,46.9947],[18.968,47.0332],[18.9031,47.0816],[18.8792,47.1492],[18.8869,47.2081],[18.9076,47.2374],[18.9188,47.2871],[18.9028,47.3038],[18.9286,47.3185],[18.9423,47.344],[18.949,47.3693],[18.9555,47.4045],[18.9247,47.4285],[18.8913,47.4422],[18.8638,47.4618],[18.8383,47.454],[18.8442,47.4206],[18.8619,47.3872],[18.8194,47.3563],[18.7804,47.4105],[18.787,47.439],[18.7756,47.4645],[18.7246,47.5076],[18.685,47.5619],[18.7104,47.5787],[18.7259,47.605],[18.775,47.6381],[18.7591,47.6648],[18.8113,47.6702],[18.8637,47.6661],[18.853,47.7171],[18.8938,47.7268],[18.9165,47.7217],[18.9157,47.7712],[18.8833,47.8122],[18.8149,47.8322],[18.7677,47.8223],[18.6928,47.778],[18.6338,47.7798],[18.5974,47.7907],[18.5526,47.7928],[18.3479,47.7768],[18.273,47.7563],[18.2359,47.7539],[18.1126,47.7625],[17.8835,47.7525],[17.8257,47.75],[17.7192,47.7737],[17.6767,47.7892],[17.6399,47.8192],[17.6042,47.8342],[17.5726,47.8295],[17.5266,47.8721],[17.472,47.8888],[17.3694,47.9812],[17.3379,47.9987],[17.2623,48.0073],[17.1848,48.0203],[17.1483,48.0054],[17.125,48.0195],[17.0697,48.0357],[17.0591,48.0604],[17.0802,48.0976],[17.0625,48.1127],[17.0475,48.131],[17.0072,48.1428],[16.9819,48.1613],[16.9506,48.2766],[16.9166,48.2908],[16.8984,48.3162],[16.9019,48.3394],[16.8445,48.3656],[16.8608,48.4438],[16.9139,48.5193],[16.9491,48.5448],[16.945,48.6042],[16.9105,48.6308],[16.8967,48.697],[16.873,48.719],[16.7989,48.7092],[16.729,48.7331],[16.662,48.74],[16.6431,48.7783],[16.5103,48.8048],[16.4357,48.7945],[16.385,48.7371],[16.3583,48.7273],[16.1778,48.7465],[16.0854,48.7429],[16.0323,48.7581],[15.9081,48.8197],[15.886,48.842],[15.8401,48.8501],[15.8185,48.8723],[15.7792,48.8709],[15.7268,48.855],[15.6813,48.8585],[15.6037,48.8874],[15.5442,48.9026],[15.4719,48.9367],[15.3355,48.975],[15.2629,48.9826],[15.2381,48.9508],[15.1419,48.9375],[15.149,48.9653],[15.1374,48.993],[15.0596,48.9972],[14.9821,49.0079],[14.9646,48.9717],[14.9682,48.885],[14.9381,48.8028],[14.9511,48.7803],[14.9193,48.7616],[14.8677,48.7756],[14.8004,48.7765],[14.7754,48.724],[14.7227,48.6934],[14.7038,48.6731],[14.7007,48.6155],[14.6911,48.5865],[14.6592,48.577],[14.6347,48.6023],[14.6019,48.6045],[14.5788,48.6205],[14.522,48.6106],[14.4821,48.6245],[14.4582,48.6432],[14.4436,48.6365],[14.4054,48.5863],[14.3157,48.5579],[14.2165,48.5812],[14.0748,48.5917],[14.0408,48.6012],[14.0062,48.6395],[14.0329,48.6549],[13.9823,48.7065],[13.915,48.731],[13.8559,48.7593],[13.8157,48.7664],[13.7962,48.7798],[13.7247,48.8673],[13.6544,48.8822],[13.6218,48.9091],[13.6087,48.9462],[13.5905,48.9448],[13.5224,48.9693],[13.5021,48.9661],[13.4823,48.9376],[13.4273,48.96],[13.3842,48.993],[13.3724,49.0385],[13.2995,49.0936],[13.2673,49.1056],[13.2068,49.1075],[13.1785,49.1183],[13.1495,49.1548],[13.0558,49.2382],[13.0113,49.2678],[12.9998,49.2949],[12.9229,49.3327],[12.8847,49.3396],[12.8754,49.3239],[12.7978,49.3278],[12.7621,49.3432],[12.7293,49.3911],[12.6435,49.4295],[12.6272,49.4602],[12.623,49.5098],[12.5937,49.515],[12.5623,49.5508],[12.5536,49.5847],[12.502,49.6197],[12.4964,49.67],[12.4196,49.7002],[12.3836,49.7429],[12.3954,49.7579],[12.4527,49.7797],[12.4625,49.8312],[12.4825,49.8272],[12.5129,49.8702],[12.5241,49.905],[12.4627,49.9313],[12.4682,49.9702],[12.2469,50.045],[12.2325,50.0805],[12.1879,50.1028],[12.1792,50.118],[12.1827,50.1707],[12.1393,50.211],[12.0796,50.2427],[12.1091,50.2638],[12.1073,50.2909],[12.0761,50.3152],[12.1013,50.314],[12.0937,50.3226],[12.0399,50.3288],[11.986,50.3516],[11.9812,50.3853],[11.9405,50.4145],[11.9053,50.4152],[11.8997,50.4293],[11.9311,50.4403],[11.9475,50.4622],[11.9258,50.4884],[11.9447,50.5159],[11.9894,50.5461],[12.0485,50.5316],[12.0812,50.5613],[12.1454,50.5625],[12.1587,50.6037],[12.1869,50.6264],[12.2529,50.6263],[12.29,50.6434],[12.3218,50.674],[12.2855,50.677],[12.2628,50.7222],[12.2412,50.7222],[12.2492,50.7426],[12.2855,50.7693],[12.258,50.7925],[12.3308,50.8064],[12.3642,50.8233],[12.4244,50.8243],[12.4628,50.8566],[12.5275,50.8766],[12.6017,50.8764],[12.6109,50.8701],[12.6472,50.8999],[12.6022,50.9525],[12.5457,50.9713],[12.4914,51.0285],[12.4837,51.0583],[12.3289,51.0878],[12.2646,51.0838],[12.2464,51.0326],[12.2754,51.0098],[12.2171,50.9542],[12.2008,50.9279],[12.1595,50.952],[12.1204,50.9445],[12.0679,50.9561],[12.0046,50.949],[11.9609,50.971],[11.9314,50.9981],[11.8607,51.0226],[11.7326,51.0175],[11.6974,51.0642],[11.6891,51.0919],[11.6631,51.1012],[11.6275,51.0956],[11.5352,51.1003],[11.5047,51.0892],[11.4274,51.0988],[11.4264,51.1077],[11.4203,51.1597],[11.3886,51.1899],[11.333,51.2163],[11.3524,51.2301],[11.4224,51.2437],[11.4519,51.2715],[11.3672,51.3575],[11.3149,51.3833],[11.1962,51.3974],[11.1538,51.3969],[10.9991,51.4087],[10.9645,51.4278],[10.9718,51.4627],[10.9454,51.4995],[10.965,51.4721],[11.3,51.52],[11.6,51.45],[11.9,51.42],[12.1,51.47],[12.22,51.6],[12.2662,51.7155],[12,51.68],[11.8,51.68],[11.65,51.72],[11.75,51.9],[11.8596,51.973],[11.74,52.02],[11.66,52.13],[11.7,52.23],[11.77,52.31],[11.9,52.45],[11.98,52.55],[12,52.67],[12.04,52.79],[12.04,52.86],[11.9795,52.8859],[11.9655,52.8852],[11.8967,52.9017],[11.8319,52.9282],[11.8444,52.946],[11.8158,52.9593],[11.8073,52.9603],[11.798,52.9676],[11.75,52.99],[11.7435,52.992],[11.6942,52.984],[11.6814,53.0106],[11.6696,53.0141],[11.6223,53.0224],[11.623,53.0281],[11.5802,53.041],[11.5619,53.01],[11.5813,53.0429],[11.4907,53.0607],[11.4609,53.0794],[11.4169,53.0809],[11.3656,53.064],[11.3276,53.0724],[11.2741,53.1175],[11.2558,53.1362],[11.2397,53.142],[11.2247,53.153],[11.2014,53.1405],[11.1943,53.1409],[11.1645,53.1709],[11.1434,53.1727],[11.1093,53.1558],[11.0894,53.1442],[11.0681,53.1555],[11.0401,53.1664],[10.9302,53.2285],[10.8393,53.2601],[10.8073,53.2756],[10.7868,53.2934],[10.7751,53.3002],[10.7558,53.3029],[10.7394,53.3085],[10.7346,53.3217],[10.7316,53.352],[10.7097,53.3683],[10.6755,53.3737],[10.6012,53.3718],[10.6222,53.391],[10.6272,53.4015],[10.6272,53.4137],[10.6354,53.4452],[10.6408,53.451],[10.6611,53.4582],[10.6863,53.4568],[10.6945,53.4601],[10.7017,53.4755],[10.7082,53.4794],[10.7257,53.4811],[10.7602,53.4882],[10.8049,53.5094],[10.8204,53.5148],[10.8239,53.5313],[10.8324,53.5441],[10.8297,53.5701],[10.8414,53.5719],[10.8578,53.5682],[10.9036,53.5723],[10.9115,53.5714],[10.929,53.5485],[10.9381,53.5525],[10.9544,53.5661],[10.9423,53.5697],[10.953,53.5737],[10.9527,53.5844],[10.9406,53.6114],[10.9398,53.6287],[10.956,53.6391],[10.955,53.6555],[10.9465,53.6649],[10.9456,53.6771],[10.9381,53.6847],[10.9146,53.6968],[10.8789,53.702],[10.8655,53.6999],[10.8466,53.7085],[10.8059,53.7412],[10.7781,53.7458],[10.7609,53.7467],[10.7584,53.7519],[10.7674,53.7746],[10.771,53.7933],[10.7615,53.8225],[10.753,53.8341],[10.7519,53.84],[10.7513,53.8431],[10.7633,53.8651],[10.7726,53.8699],[10.8123,53.8827],[10.8613,53.9098],[10.8852,53.9191],[10.9073,53.9155],[10.9067,53.9053],[10.9129,53.9021],[10.9453,53.9052],[10.95,53.9076],[10.9605,53.9129],[10.95,53.9149],[10.9203,53.9205],[10.9042,53.9313],[10.906,53.9612],[10.9222,53.9614],[10.9222,54.0474],[10.9401,54.0474],[10.9427,54.1336],[10.9505,54.1395],[11.0666,54.1839],[11.0945,54.2251],[11.0871,54.2709],[11.0945,54.2835],[11.0774,54.3422],[11.1355,54.3859],[11.1042,54.3929],[11.0339,54.3676],[11.0188,54.3859],[10.9353,54.3795],[10.913,54.3726],[10.3193,54.5096],[10.3,54.5],[10.15,54.42],[10,54.38],[9.85,54.35],[9.67,54.3],[9.5,54.28],[9.3,54.3],[9.1,54.37],[8.9,54.3],[8.6361,54.2868],[8.6417,54.2826],[8.7715,54.0675],[8.7999,54.0204],[8.7835,54.0084],[8.7613,53.9923],[8.7235,53.9648],[8.7032,53.95],[8.6857,53.9372],[8.6101,53.8822],[8.6071,53.8815],[8.5733,53.8577],[8.5715,53.8542],[8.5,53.8021],[8.4434,53.7609],[8.3152,53.6676],[8.1614,53.5557],[8.1498,53.5602],[8.1244,53.5836],[8.1276,53.5908],[8.1074,53.5992],[8.0253,53.6747],[8.0314,53.7081],[7.9599,53.7204],[7.9365,53.748],[7.9361,53.748],[7.4711,53.7178],[7.2267,53.702],[7.1009,53.6938],[6.9823,53.5647],[6.954,53.5339],[6.9256,53.503],[6.9212,53.4982],[6.9212,53.4722],[6.9518,53.4722],[6.9518,53.4413],[6.9494,53.4413],[6.9494,53.3487],[6.9823,53.3487],[6.9823,53.3345],[7.0434,53.3345],[7.0434,53.303],[7.044,53.3028],[7.1045,53.3028],[7.1045,53.293],[7.1656,53.293],[7.1656,53.2903],[7.1962,53.2903],[7.1962,53.246],[7.1946,53.245],[7.1985,53.2006],[7.1727,53.1258],[7.1851,53.1054],[7.1944,53.0338],[7.1836,52.9661],[7.1619,52.9326],[7.0799,52.8544],[7.0722,52.8413],[7.0533,52.7906],[7.044,52.6826],[7.0367,52.6474],[7.0185,52.626],[6.9677,52.6367],[6.9184,52.6322],[6.8654,52.642],[6.7705,52.641],[6.7191,52.6268],[6.7018,52.6191],[6.711,52.5766],[6.7438,52.5597],[6.6717,52.5417],[6.684,52.526],[6.6951,52.4756],[6.7412,52.4537],[6.8203,52.4468],[6.9002,52.4319],[6.9515,52.4375],[6.9733,52.4514],[7.0342,52.3908],[7.0482,52.3651],[7.0398,52.3286],[7.0125,52.2849],[7.0266,52.2386],[6.9819,52.214],[6.9477,52.1828],[6.8848,52.1603],[6.8307,52.1129],[6.7716,52.1088],[6.7329,52.092],[6.7114,52.0673],[6.6799,52.0605],[6.675,52.0348],[6.7782,52.0013],[6.804,51.9844],[6.8107,51.9606],[6.7898,51.9511],[6.7438,51.9083],[6.7167,51.8993],[6.6282,51.8975],[6.5286,51.8764],[6.4794,51.853],[6.4555,51.85],[6.4425,51.8484],[6.3785,51.8601],[6.3825,51.8276],[6.345,51.8211],[6.342,51.8367],[6.2874,51.8462],[6.2564,51.8668],[6.2252,51.8625],[6.127,51.8967],[6.0971,51.8867]]],[[[6.6437,53.5787],[6.6441,53.5787],[6.6739,53.5799],[6.6771,53.5756],[6.7346,53.5752],[6.7293,53.582],[6.7341,53.5822],[6.7576,53.5971],[6.7981,53.6044],[6.7879,53.6163],[6.8025,53.6256],[6.802,53.6256],[6.8023,53.6258],[6.8022,53.6258],[6.8025,53.626],[6.7553,53.626],[6.6689,53.6051],[6.6641,53.6001],[6.6595,53.5991],[6.6611,53.597],[6.6437,53.5791],[6.6441,53.5791],[6.6437,53.5787]]],[[[7.3369,47.4319],[7.3842,47.4131],[7.3882,47.4333],[7.3369,47.4319]]],[[[11.0057,54.4685],[11.0325,54.4473],[11.0581,54.4553],[11.0739,54.4539],[11.1064,54.4314],[11.1126,54.4152],[11.179,54.4142],[11.1805,54.4161],[11.2802,54.4172],[11.3142,54.4138],[11.2556,54.4787],[11.2448,54.4866],[11.2341,54.5009],[11.2213,54.5038],[11.2066,54.5145],[11.1213,54.536],[11.0907,54.533],[11.0865,54.5339],[11.0864,54.5338],[11.0861,54.5339],[11.0815,54.5321],[11.0729,54.5312],[11.0571,54.5222],[11.0429,54.5165],[11.0405,54.5128],[11.0337,54.5089],[11.0057,54.4685]]]]}},
{"type":"Feature","properties":{"entityId":"east-francia","from":870,"to":880,"certainty":"estimated","source":"유럽 쪽은 Natural Earth 1:10m admin-1(v5.1.2) 현대 행정구역 조각을 그 시기 국경에 맞춰 묶고, 조각이 역사 경계와 다른 곳은 선을 그어 나눈 근사. 유럽 밖(시베리아·중앙아시아·극동)은 대략적인 추정. 운영자 검수 필요"},"geometry":{"type":"MultiPolygon","coordinates":[[[[3.447,51.546],[3.4619,51.519],[3.4948,51.5009],[3.5321,51.4626],[3.4881,51.4392],[3.4608,51.4246],[3.6,51.42],[3.75,51.385],[3.85,51.37],[4,51.4],[4.15,51.37],[4.2126,51.37],[4.1904,51.375],[4.1904,51.3816],[4.237,51.3816],[4.237,51.3783],[4.2579,51.3783],[4.2609,51.37],[4.2803,51.37],[4.2666,51.3881],[4.2811,51.3689],[4.3456,51.3523],[4.3922,51.3504],[4.4162,51.374],[4.3799,51.4095],[4.3771,51.4429],[4.4831,51.4743],[4.5332,51.4676],[4.5215,51.4286],[4.5406,51.4201],[4.6301,51.4182],[4.6539,51.4262],[4.7312,51.4856],[4.7642,51.4962],[4.8239,51.4756],[4.8154,51.4311],[4.8227,51.4137],[4.7791,51.4264],[4.7833,51.4076],[4.8533,51.4061],[4.9103,51.3919],[4.9571,51.411],[4.9958,51.4467],[5.0121,51.4743],[5.0603,51.462],[5.0799,51.4385],[5.0653,51.4059],[5.0681,51.3745],[5.1026,51.3507],[5.1229,51.3134],[5.1973,51.3083],[5.2149,51.2943],[5.2154,51.2587],[5.2395,51.2569],[5.2165,51.2125],[5.2572,51.1885],[5.2604,51.1481],[5.2354,51.134],[5.203,51.14],[5.1804,51.1192],[5.1303,51.1176],[5.0899,51.0852],[5.0098,51.0751],[4.9809,51.036],[5.0063,51.0404],[5.0225,51.0207],[5.081,51.0245],[5.0809,51.0495],[5.1312,51.0455],[5.1583,51.0235],[5.118,51.0233],[5.1244,50.9998],[5.0826,50.9877],[5.0817,50.9656],[5.0415,50.9431],[5.0547,50.9212],[5.0946,50.911],[5.1332,50.9225],[5.1862,50.9063],[5.1775,50.8786],[5.1532,50.8796],[5.1295,50.8166],[5.1516,50.8116],[5.1064,50.782],[5.1146,50.7636],[5.1011,50.7433],[5.1204,50.736],[5.1011,50.7098],[5.0747,50.7069],[5.043,50.7251],[5.0435,50.7428],[5.0191,50.7519],[5.0158,50.7335],[4.992,50.7253],[5.0166,50.703],[5.0008,50.6958],[5.0018,50.6662],[4.9826,50.6434],[4.9791,50.6193],[5.0277,50.5899],[5.0534,50.5419],[5.0346,50.5329],[5.0904,50.5309],[5.1054,50.5074],[5.156,50.4906],[5.1621,50.4699],[5.1959,50.4786],[5.2361,50.4381],[5.2205,50.4184],[5.2328,50.4056],[5.2824,50.3969],[5.2951,50.3662],[5.3499,50.3897],[5.3924,50.3805],[5.4012,50.3676],[5.3802,50.3496],[5.3944,50.3378],[5.3401,50.3118],[5.3834,50.3192],[5.3927,50.2881],[5.3652,50.2697],[5.2945,50.2404],[5.284,50.2492],[5.2507,50.2388],[5.2533,50.2271],[5.2059,50.2199],[5.2444,50.2062],[5.2441,50.186],[5.2796,50.1595],[5.2703,50.1414],[5.2418,50.1355],[5.2673,50.1203],[5.187,50.0962],[5.0933,50.092],[5.0721,50.0968],[5.0662,50.1248],[5.0496,50.0637],[4.9911,50.0303],[5.0094,49.9827],[5.0626,49.9848],[5.101,49.9616],[5.0972,49.9393],[5.1189,49.9253],[5.0687,49.9124],[5.0432,49.8969],[5.0599,49.8861],[4.9849,49.8513],[4.9892,49.8234],[4.9684,49.797],[5.0263,49.7667],[5.0819,49.7527],[5.1364,49.7053],[5.1925,49.6828],[5.2592,49.6913],[5.2994,49.6625],[5.2979,49.6133],[5.3349,49.6258],[5.3912,49.6088],[5.3899,49.5933],[5.3021,49.5495],[5.2731,49.544],[5.2629,49.5588],[5.25,49.5597],[5.25,49.45],[5.55,49.45],[5.55,49.523],[5.5476,49.5234],[5.6023,49.5137],[5.6446,49.5438],[5.7103,49.5311],[5.7571,49.5484],[5.7907,49.5378],[5.8221,49.5105],[5.8647,49.4922],[5.9281,49.4823],[5.9607,49.4413],[6,49.4441],[6,49.22],[6.4,49.22],[6.4,49.465],[6.3453,49.4553],[6.4027,49.4655],[6.4945,49.4355],[6.5257,49.3955],[6.5743,49.3618],[6.5501,49.338],[6.5732,49.3131],[6.6397,49.2712],[6.6638,49.2439],[6.6806,49.2075],[6.7025,49.2136],[6.701,49.1729],[6.7256,49.1556],[6.7701,49.1553],[6.8091,49.1458],[6.839,49.1628],[6.8277,49.1956],[6.8435,49.2111],[6.9254,49.2056],[6.9879,49.1824],[7.0095,49.1817],[7.009,49.1464],[7.0205,49.119],[7.0425,49.1076],[7.0732,49.1203],[7.0853,49.1415],[7.155,49.1144],[7.2412,49.1139],[7.2681,49.1056],[7.2971,49.1281],[7.3265,49.1318],[7.3716,49.1662],[7.4105,49.1689],[7.4148,49.1578],[7.4761,49.1515],[7.471,49.1283],[7.5209,49.0837],[7.6086,49.062],[7.6449,49.0363],[7.5729,48.9437],[7.5452,48.938],[7.4806,48.959],[7.3417,48.9434],[7.3018,48.9547],[7.2914,48.9733],[7.1558,49.0056],[7.1327,49.0209],[7.1235,49.0499],[7.0973,49.0657],[7.0787,49.0602],[7.0773,49.0295],[7.047,49.0002],[7.0373,48.9719],[6.9808,48.9301],[6.9862,48.8987],[7.0152,48.8823],[7.0967,48.8525],[7.0749,48.8245],[7.1032,48.7925],[7.1293,48.7931],[7.1467,48.8127],[7.1754,48.8203],[7.2044,48.8542],[7.2163,48.8298],[7.2476,48.8184],[7.3041,48.7755],[7.3133,48.7408],[7.2649,48.6849],[7.3004,48.6556],[7.2705,48.5842],[7.2137,48.5532],[7.193,48.5335],[7.0981,48.5292],[7.0887,48.5234],[7.1489,48.4999],[7.1277,48.4841],[7.1268,48.4473],[7.1099,48.3423],[7.1442,48.3321],[7.1885,48.331],[7.2087,48.3034],[7.0749,48.1525],[7.0869,48.1254],[7.0085,48.0103],[6.9598,47.9675],[6.9344,47.9027],[6.917,47.883],[6.9239,47.8432],[6.8689,47.819],[6.836,47.8242],[6.7848,47.78],[6.7651,47.7529],[6.7608,47.7138],[6.7865,47.655],[6.7897,47.6042],[6.8109,47.5764],[6.8071,47.5629],[6.8248,47.5476],[6.8938,47.5518],[6.9234,47.5211],[6.9144,47.487],[6.9392,47.4268],[6.991,47.4522],[6.9733,47.4891],[7.0008,47.4977],[7.0539,47.4904],[7.1037,47.4963],[7.1422,47.4877],[7.1808,47.4883],[7.1626,47.4599],[7.1683,47.4436],[7.2448,47.4177],[7.2826,47.4289],[7.3369,47.4319],[7.3842,47.4131],[7.4112,47.3983],[7.4197,47.3827],[7.4371,47.3793],[7.4527,47.3958],[7.5068,47.3886],[7.5422,47.4108],[7.5774,47.4155],[7.5748,47.4283],[7.6029,47.4312],[7.6266,47.4618],[7.6081,47.4728],[7.6145,47.4841],[7.6497,47.4834],[7.6643,47.4916],[7.7134,47.4673],[7.6904,47.4482],[7.6839,47.4216],[7.6379,47.4065],[7.6396,47.3849],[7.6538,47.3681],[7.7138,47.3662],[7.7521,47.3477],[7.7861,47.3385],[7.8053,47.3636],[7.8705,47.3847],[7.882,47.4024],[7.9289,47.4078],[7.9537,47.4223],[7.9449,47.4406],[7.9549,47.4577],[7.9791,47.4487],[7.9813,47.4312],[8.0057,47.4043],[8.028,47.3981],[8.0291,47.3792],[7.9969,47.3345],[7.9816,47.3283],[7.9019,47.3383],[7.8575,47.3107],[7.8229,47.269],[7.8393,47.2318],[7.8751,47.1767],[7.8871,47.1283],[7.8741,47.1014],[7.8733,47.0481],[7.8975,47.0115],[7.9525,47.0027],[7.93,46.9482],[7.916,46.934],[7.8757,46.9244],[7.8609,46.8779],[7.8705,46.8503],[7.9522,46.8024],[7.9771,46.7789],[8.0437,46.7883],[8.0946,46.7843],[8.1581,46.759],[8.1987,46.7676],[8.2703,46.759],[8.2909,46.7617],[8.3244,46.7777],[8.3682,46.7895],[8.3916,46.7751],[8.4462,46.7692],[8.4376,46.7414],[8.4447,46.6911],[8.4017,46.6887],[8.4094,46.6557],[8.4217,46.6459],[8.4076,46.5932],[8.4374,46.5466],[8.4769,46.5318],[8.5098,46.5509],[8.5238,46.5785],[8.5487,46.585],[8.6363,46.5712],[8.6779,46.5836],[8.7112,46.573],[8.7884,46.5681],[8.8473,46.5752],[8.8981,46.5893],[8.9148,46.6204],[8.956,46.6306],[8.9648,46.6148],[9.0221,46.6049],[9.0385,46.5907],[9.0152,46.5335],[9.0486,46.4809],[9.0773,46.4823],[9.0978,46.4161],[9.0891,46.3637],[9.057,46.299],[9.0875,46.2206],[9.1638,46.173],[9.1813,46.2041],[9.2248,46.2312],[9.2397,46.267],[9.269,46.3094],[9.2738,46.3443],[9.2604,46.3797],[9.2609,46.4167],[9.238,46.4365],[9.2632,46.4851],[9.2823,46.4974],[9.331,46.5015],[9.3771,46.4687],[9.4107,46.4889],[9.4379,46.492],[9.4438,46.3961],[9.4516,46.3704],[9.4826,46.3568],[9.5153,46.3086],[9.5597,46.2927],[9.6743,46.2918],[9.7084,46.3117],[9.7093,46.3424],[9.7309,46.3507],[9.7681,46.3386],[9.8554,46.367],[9.899,46.3722],[9.964,46.3561],[9.9776,46.2981],[10.0317,46.2601],[10.0427,46.2205],[10.0757,46.22],[10.1458,46.2433],[10.1589,46.2624],[10.1049,46.3094],[10.0918,46.329],[10.105,46.3614],[10.1332,46.3811],[10.1334,46.414],[10.0421,46.4327],[10.0263,46.4463],[10.044,46.467],[10.0269,46.4932],[10.0328,46.533],[10.0712,46.5644],[10.0878,46.6044],[10.1921,46.6268],[10.2338,46.618],[10.2347,46.5753],[10.2759,46.5655],[10.2954,46.5511],[10.3543,46.5483],[10.4259,46.5353],[10.4518,46.5467],[10.4939,46.4945],[10.5413,46.4895],[10.6247,46.4545],[10.6575,46.4495],[10.7452,46.4849],[10.7762,46.4754],[10.7975,46.4469],[10.8399,46.4307],[10.9974,46.4792],[11.0511,46.446],[11.0643,46.458],[11.0553,46.5156],[11.0859,46.5236],[11.1176,46.4938],[11.1454,46.4872],[11.1927,46.5056],[11.2145,46.4693],[11.2018,46.3392],[11.1562,46.284],[11.1615,46.2495],[11.191,46.2271],[11.242,46.2312],[11.2871,46.2591],[11.3282,46.2935],[11.3707,46.269],[11.3876,46.2811],[11.4085,46.3245],[11.4549,46.3348],[11.4766,46.3596],[11.5378,46.3537],[11.5774,46.3681],[11.5953,46.3862],[11.6412,46.4727],[11.6841,46.5077],[11.7158,46.5138],[11.7784,46.5101],[11.8118,46.5303],[11.8322,46.504],[11.8519,46.5142],[12.022,46.5394],[12.0712,46.6131],[12.0803,46.6499],[12.0991,46.6678],[12.1386,46.6443],[12.1779,46.6348],[12.214,46.5961],[12.2531,46.6109],[12.3024,46.6146],[12.3407,46.6282],[12.3825,46.6181],[12.3992,46.6397],[12.4696,46.6758],[12.4999,46.6721],[12.562,46.6512],[12.6202,46.6565],[12.6714,46.6525],[12.6974,46.6405],[12.7485,46.641],[12.8304,46.6096],[13.0645,46.598],[13.1465,46.585],[13.2311,46.5522],[13.2714,46.5508],[13.3733,46.5658],[13.417,46.5605],[13.478,46.5636],[13.5068,46.5469],[13.5492,46.5458],[13.6703,46.5187],[13.701,46.5197],[13.6899,46.4933],[13.6859,46.464],[13.6775,46.4521],[13.6588,46.4451],[13.6002,46.4426],[13.5757,46.4267],[13.53,46.3883],[13.4837,46.3712],[13.4597,46.359],[13.4341,46.3539],[13.4232,46.3448],[13.3956,46.3067],[13.3653,46.2903],[13.3786,46.2684],[13.3847,46.2433],[13.3981,46.2305],[13.4101,46.208],[13.4374,46.2109],[13.4228,46.2286],[13.4683,46.2234],[13.4823,46.2179],[13.5102,46.214],[13.529,46.2048],[13.559,46.1841],[13.5845,46.1813],[13.6274,46.1817],[13.6411,46.1714],[13.645,46.1617],[13.6164,46.125],[13.5226,46.0753],[13.5051,46.066],[13.4823,46.0448],[13.4903,46.0389],[13.4928,46.0325],[13.4823,46.0184],[13.4618,46.0064],[13.5094,45.9674],[13.5394,45.969],[13.5717,45.9798],[13.6007,45.9846],[13.6228,45.9664],[13.6153,45.9459],[13.6082,45.9266],[13.5993,45.9123],[13.5693,45.8645],[13.566,45.8303],[13.5742,45.819],[13.5813,45.8092],[13.5885,45.8065],[13.6092,45.7986],[13.6436,45.7957],[13.6603,45.792],[13.6999,45.7705],[13.7095,45.7653],[13.7787,45.7434],[13.8584,45.6494],[13.8692,45.6411],[13.8936,45.6338],[13.887,45.6188],[13.8679,45.6022],[13.88,45.5725],[13.8946,45.5598],[13.9104,45.552],[13.9522,45.546],[13.9838,45.5195],[13.9875,45.5119],[14.014,45.508],[14.0667,45.4803],[14.0929,45.4739],[14.1167,45.473],[14.1173,45.473],[14.1455,45.4762],[14.2187,45.4972],[14.2804,45.4811],[14.3268,45.4749],[14.3728,45.4778],[14.4112,45.4932],[14.4689,45.5256],[14.4821,45.5424],[14.4915,45.5792],[14.4986,45.5962],[14.5436,45.6364],[14.5561,45.6567],[14.5691,45.6643],[14.5809,45.6678],[14.5919,45.6634],[14.5941,45.648],[14.5939,45.6162],[14.6031,45.6036],[14.616,45.5941],[14.6503,45.5748],[14.6637,45.5702],[14.6717,45.5568],[14.6685,45.534],[14.6883,45.522],[14.7815,45.4931],[14.7972,45.4652],[14.8388,45.459],[14.8816,45.4698],[14.9008,45.4931],[14.9044,45.5144],[14.9226,45.5149],[14.9454,45.5045],[14.9626,45.4931],[14.9773,45.4917],[15.0074,45.4808],[15.0562,45.4799],[15.0661,45.4739],[15.1393,45.43],[15.1842,45.4256],[15.2258,45.4365],[15.2816,45.451],[15.314,45.4505],[15.3339,45.4585],[15.3614,45.482],[15.311,45.5059],[15.2967,45.523],[15.2822,45.5715],[15.2696,45.5934],[15.2686,45.6017],[15.2879,45.6103],[15.2974,45.6257],[15.3267,45.6323],[15.3531,45.6403],[15.3738,45.6402],[15.3683,45.649],[15.35,45.6696],[15.3829,45.6904],[15.4209,45.6953],[15.4738,45.6618],[15.5131,45.6473],[15.5137,45.6324],[15.5756,45.6024],[15.5936,45.6205],[15.6264,45.6214],[15.6633,45.6049],[15.7316,45.5886],[15.7474,45.5952],[15.7392,45.5589],[15.7799,45.5225],[15.8129,45.5234],[15.8425,45.4659],[15.8372,45.4363],[15.8141,45.3987],[15.7799,45.3951],[15.716,45.4208],[15.6765,45.4252],[15.6568,45.4152],[15.6723,45.3982],[15.6651,45.3766],[15.6796,45.3488],[15.6639,45.3396],[15.6564,45.2851],[15.6616,45.2681],[15.6312,45.2395],[15.6394,45.2107],[15.7049,45.2009],[15.7617,45.21],[15.8026,45.1965],[15.8248,45.211],[15.8789,45.2172],[16.0085,45.2182],[16.0292,45.205],[16.0244,45.1843],[16.0675,45.1696],[16.1041,45.1125],[16.213,45.0315],[16.2793,45.0072],[16.3162,45.0012],[16.346,45.02],[16.382,45.0837],[16.3818,45.1076],[16.4355,45.1329],[16.4819,45.1995],[16.5289,45.2223],[16.587,45.2209],[16.7863,45.1788],[16.8242,45.1891],[16.8307,45.217],[16.9244,45.2845],[16.9473,45.2357],[16.9612,45.2509],[17.0083,45.2162],[17.0363,45.2305],[17.0557,45.2004],[17.1246,45.1691],[17.1871,45.1486],[17.2455,45.1554],[17.269,45.1895],[17.3824,45.1396],[17.4341,45.1486],[17.4478,45.1343],[17.4962,45.1417],[17.4893,45.1163],[17.5724,45.1204],[17.63,45.1573],[17.6847,45.164],[17.7145,45.152],[17.7657,45.111],[17.7975,45.082],[17.8357,45.0644],[17.9026,45.0778],[17.9277,45.092],[17.9885,45.1438],[18.0191,45.1494],[18.0903,45.108],[18.1437,45.0977],[18.1749,45.1008],[18.1993,45.119],[18.2023,45.1441],[18.2379,45.1575],[18.262,45.1507],[18.3223,45.1229],[18.3929,45.1186],[18.412,45.1124],[18.4518,45.085],[18.4817,45.0669],[18.517,45.0559],[18.5411,45.0553],[18.5348,45.0884],[18.504,45.1289],[18.5034,45.1555],[18.5369,45.1935],[18.5538,45.192],[18.5679,45.2266],[18.5532,45.2413],[18.5067,45.251],[18.5119,45.2926],[18.5727,45.3052],[18.5897,45.3186],[18.6323,45.3214],[18.655,45.3916],[18.7141,45.4161],[18.7869,45.4136],[18.8019,45.4228],[18.7886,45.4554],[18.8611,45.4813],[18.8822,45.4781],[18.9385,45.4325],[19.0023,45.4437],[18.9964,45.4738],[19.0179,45.4978],[19.0772,45.4916],[19.1063,45.5116],[19.0951,45.5261],[19.051,45.5389],[19.0181,45.5674],[18.9602,45.5391],[18.9417,45.5389],[18.9036,45.5731],[18.9124,45.6192],[18.9685,45.6687],[18.9627,45.6831],[18.9173,45.7066],[18.9002,45.7649],[18.8487,45.8096],[18.8553,45.8574],[18.8998,45.8614],[18.904,45.8757],[18.8729,45.8952],[18.907,45.9157],[18.9013,45.9312],[18.8225,45.9056],[18.8015,45.92],[18.8241,45.9402],[18.8524,46.0112],[18.8447,46.0499],[18.822,46.0989],[18.7858,46.0997],[18.8292,46.1229],[18.8072,46.1314],[18.8026,46.1614],[18.8335,46.1618],[18.8539,46.1932],[18.8233,46.2063],[18.8417,46.2257],[18.8984,46.234],[18.9144,46.2457],[18.9133,46.3306],[18.8922,46.3784],[18.8989,46.4143],[18.9227,46.4686],[18.9201,46.4988],[18.8772,46.5912],[18.8581,46.6148],[18.8853,46.6352],[18.9529,46.6561],[18.9816,46.6763],[19.0018,46.7085],[18.9847,46.7756],[18.9276,46.8271],[18.9267,46.8484],[18.9309,46.8771],[18.9488,46.9039],[18.9665,46.9172],[18.9669,46.9358],[18.9605,46.9774],[18.9552,46.9947],[18.968,47.0332],[18.9031,47.0816],[18.8792,47.1492],[18.8869,47.2081],[18.9076,47.2374],[18.9188,47.2871],[18.9028,47.3038],[18.9286,47.3185],[18.9423,47.344],[18.949,47.3693],[18.9555,47.4045],[18.9247,47.4285],[18.8913,47.4422],[18.8638,47.4618],[18.8383,47.454],[18.8442,47.4206],[18.8619,47.3872],[18.8194,47.3563],[18.7804,47.4105],[18.787,47.439],[18.7756,47.4645],[18.7246,47.5076],[18.685,47.5619],[18.7104,47.5787],[18.7259,47.605],[18.775,47.6381],[18.7591,47.6648],[18.8113,47.6702],[18.8637,47.6661],[18.853,47.7171],[18.8938,47.7268],[18.9165,47.7217],[18.9157,47.7712],[18.8833,47.8122],[18.8149,47.8322],[18.7677,47.8223],[18.6928,47.778],[18.6338,47.7798],[18.5974,47.7907],[18.5526,47.7928],[18.3479,47.7768],[18.273,47.7563],[18.2359,47.7539],[18.1126,47.7625],[17.8835,47.7525],[17.8257,47.75],[17.7192,47.7737],[17.6767,47.7892],[17.6399,47.8192],[17.6042,47.8342],[17.5726,47.8295],[17.5266,47.8721],[17.472,47.8888],[17.3694,47.9812],[17.3379,47.9987],[17.2623,48.0073],[17.1848,48.0203],[17.1483,48.0054],[17.125,48.0195],[17.0697,48.0357],[17.0591,48.0604],[17.0802,48.0976],[17.0625,48.1127],[17.0475,48.131],[17.0072,48.1428],[16.9819,48.1613],[16.9506,48.2766],[16.9166,48.2908],[16.8984,48.3162],[16.9019,48.3394],[16.8445,48.3656],[16.8608,48.4438],[16.9139,48.5193],[16.9491,48.5448],[16.945,48.6042],[16.9105,48.6308],[16.8967,48.697],[16.873,48.719],[16.7989,48.7092],[16.729,48.7331],[16.662,48.74],[16.6431,48.7783],[16.5103,48.8048],[16.4357,48.7945],[16.385,48.7371],[16.3583,48.7273],[16.1778,48.7465],[16.0854,48.7429],[16.0323,48.7581],[15.9081,48.8197],[15.886,48.842],[15.8401,48.8501],[15.8185,48.8723],[15.7792,48.8709],[15.7268,48.855],[15.6813,48.8585],[15.6037,48.8874],[15.5442,48.9026],[15.4719,48.9367],[15.3355,48.975],[15.2629,48.9826],[15.2381,48.9508],[15.1419,48.9375],[15.149,48.9653],[15.1374,48.993],[15.0596,48.9972],[14.9821,49.0079],[14.9646,48.9717],[14.9682,48.885],[14.9381,48.8028],[14.9511,48.7803],[14.9193,48.7616],[14.8677,48.7756],[14.8004,48.7765],[14.7754,48.724],[14.7227,48.6934],[14.7038,48.6731],[14.7007,48.6155],[14.6911,48.5865],[14.6592,48.577],[14.6347,48.6023],[14.6019,48.6045],[14.5788,48.6205],[14.522,48.6106],[14.4821,48.6245],[14.4582,48.6432],[14.4436,48.6365],[14.4054,48.5863],[14.3157,48.5579],[14.2165,48.5812],[14.0748,48.5917],[14.0408,48.6012],[14.0062,48.6395],[14.0329,48.6549],[13.9823,48.7065],[13.915,48.731],[13.8559,48.7593],[13.8157,48.7664],[13.7962,48.7798],[13.7247,48.8673],[13.6544,48.8822],[13.6218,48.9091],[13.6087,48.9462],[13.5905,48.9448],[13.5224,48.9693],[13.5021,48.9661],[13.4823,48.9376],[13.4273,48.96],[13.3842,48.993],[13.3724,49.0385],[13.2995,49.0936],[13.2673,49.1056],[13.2068,49.1075],[13.1785,49.1183],[13.1495,49.1548],[13.0558,49.2382],[13.0113,49.2678],[12.9998,49.2949],[12.9229,49.3327],[12.8847,49.3396],[12.8754,49.3239],[12.7978,49.3278],[12.7621,49.3432],[12.7293,49.3911],[12.6435,49.4295],[12.6272,49.4602],[12.623,49.5098],[12.5937,49.515],[12.5623,49.5508],[12.5536,49.5847],[12.502,49.6197],[12.4964,49.67],[12.4196,49.7002],[12.3836,49.7429],[12.3954,49.7579],[12.4527,49.7797],[12.4625,49.8312],[12.4825,49.8272],[12.5129,49.8702],[12.5241,49.905],[12.4627,49.9313],[12.4682,49.9702],[12.2469,50.045],[12.2325,50.0805],[12.1879,50.1028],[12.1792,50.118],[12.1827,50.1707],[12.1393,50.211],[12.0796,50.2427],[12.1091,50.2638],[12.1073,50.2909],[12.0761,50.3152],[12.1013,50.314],[12.0937,50.3226],[12.0399,50.3288],[11.986,50.3516],[11.9812,50.3853],[11.9405,50.4145],[11.9053,50.4152],[11.8997,50.4293],[11.9311,50.4403],[11.9475,50.4622],[11.9258,50.4884],[11.9447,50.5159],[11.9894,50.5461],[12.0485,50.5316],[12.0812,50.5613],[12.1454,50.5625],[12.1587,50.6037],[12.1869,50.6264],[12.2529,50.6263],[12.29,50.6434],[12.3218,50.674],[12.2855,50.677],[12.2628,50.7222],[12.2412,50.7222],[12.2492,50.7426],[12.2855,50.7693],[12.258,50.7925],[12.3308,50.8064],[12.3642,50.8233],[12.4244,50.8243],[12.4628,50.8566],[12.5275,50.8766],[12.6017,50.8764],[12.6109,50.8701],[12.6472,50.8999],[12.6022,50.9525],[12.5457,50.9713],[12.4914,51.0285],[12.4837,51.0583],[12.3289,51.0878],[12.2646,51.0838],[12.2464,51.0326],[12.2754,51.0098],[12.2171,50.9542],[12.2008,50.9279],[12.1595,50.952],[12.1204,50.9445],[12.0679,50.9561],[12.0046,50.949],[11.9609,50.971],[11.9314,50.9981],[11.8607,51.0226],[11.7326,51.0175],[11.6974,51.0642],[11.6891,51.0919],[11.6631,51.1012],[11.6275,51.0956],[11.5352,51.1003],[11.5047,51.0892],[11.4274,51.0988],[11.4264,51.1077],[11.4203,51.1597],[11.3886,51.1899],[11.333,51.2163],[11.3524,51.2301],[11.4224,51.2437],[11.4519,51.2715],[11.3672,51.3575],[11.3149,51.3833],[11.1962,51.3974],[11.1538,51.3969],[10.9991,51.4087],[10.9645,51.4278],[10.9718,51.4627],[10.9454,51.4995],[10.965,51.4721],[11.3,51.52],[11.6,51.45],[11.9,51.42],[12.1,51.47],[12.22,51.6],[12.2662,51.7155],[12,51.68],[11.8,51.68],[11.65,51.72],[11.75,51.9],[11.8596,51.973],[11.74,52.02],[11.66,52.13],[11.7,52.23],[11.77,52.31],[11.9,52.45],[11.98,52.55],[12,52.67],[12.04,52.79],[12.04,52.86],[11.9795,52.8859],[11.9655,52.8852],[11.8967,52.9017],[11.8319,52.9282],[11.8444,52.946],[11.8158,52.9593],[11.8073,52.9603],[11.798,52.9676],[11.75,52.99],[11.7435,52.992],[11.6942,52.984],[11.6814,53.0106],[11.6696,53.0141],[11.6223,53.0224],[11.623,53.0281],[11.5802,53.041],[11.5619,53.01],[11.5813,53.0429],[11.4907,53.0607],[11.4609,53.0794],[11.4169,53.0809],[11.3656,53.064],[11.3276,53.0724],[11.2741,53.1175],[11.2558,53.1362],[11.2397,53.142],[11.2247,53.153],[11.2014,53.1405],[11.1943,53.1409],[11.1645,53.1709],[11.1434,53.1727],[11.1093,53.1558],[11.0894,53.1442],[11.0681,53.1555],[11.0401,53.1664],[10.9302,53.2285],[10.8393,53.2601],[10.8073,53.2756],[10.7868,53.2934],[10.7751,53.3002],[10.7558,53.3029],[10.7394,53.3085],[10.7346,53.3217],[10.7316,53.352],[10.7097,53.3683],[10.6755,53.3737],[10.6012,53.3718],[10.6222,53.391],[10.6272,53.4015],[10.6272,53.4137],[10.6354,53.4452],[10.6408,53.451],[10.6611,53.4582],[10.6863,53.4568],[10.6945,53.4601],[10.7017,53.4755],[10.7082,53.4794],[10.7257,53.4811],[10.7602,53.4882],[10.8049,53.5094],[10.8204,53.5148],[10.8239,53.5313],[10.8324,53.5441],[10.8297,53.5701],[10.8414,53.5719],[10.8578,53.5682],[10.9036,53.5723],[10.9115,53.5714],[10.929,53.5485],[10.9381,53.5525],[10.9544,53.5661],[10.9423,53.5697],[10.953,53.5737],[10.9527,53.5844],[10.9406,53.6114],[10.9398,53.6287],[10.956,53.6391],[10.955,53.6555],[10.9465,53.6649],[10.9456,53.6771],[10.9381,53.6847],[10.9146,53.6968],[10.8789,53.702],[10.8655,53.6999],[10.8466,53.7085],[10.8059,53.7412],[10.7781,53.7458],[10.7609,53.7467],[10.7584,53.7519],[10.7674,53.7746],[10.771,53.7933],[10.7615,53.8225],[10.753,53.8341],[10.7519,53.84],[10.7513,53.8431],[10.7633,53.8651],[10.7726,53.8699],[10.8123,53.8827],[10.8613,53.9098],[10.8852,53.9191],[10.9073,53.9155],[10.9067,53.9053],[10.9129,53.9021],[10.9453,53.9052],[10.95,53.9076],[10.9605,53.9129],[10.95,53.9149],[10.9203,53.9205],[10.9042,53.9313],[10.906,53.9612],[10.9222,53.9614],[10.9222,54.0474],[10.9401,54.0474],[10.9427,54.1336],[10.9505,54.1395],[11.0666,54.1839],[11.0945,54.2251],[11.0871,54.2709],[11.0945,54.2835],[11.0774,54.3422],[11.1355,54.3859],[11.1042,54.3929],[11.0339,54.3676],[11.0188,54.3859],[10.9353,54.3795],[10.913,54.3726],[10.3193,54.5096],[10.3,54.5],[10.15,54.42],[10,54.38],[9.85,54.35],[9.67,54.3],[9.5,54.28],[9.3,54.3],[9.1,54.37],[8.9,54.3],[8.6361,54.2868],[8.6417,54.2826],[8.7715,54.0675],[8.7999,54.0204],[8.7835,54.0084],[8.7613,53.9923],[8.7235,53.9648],[8.7032,53.95],[8.6857,53.9372],[8.6101,53.8822],[8.6071,53.8815],[8.5733,53.8577],[8.5715,53.8542],[8.5,53.8021],[8.4434,53.7609],[8.3152,53.6676],[8.1614,53.5557],[8.1498,53.5602],[8.1244,53.5836],[8.1276,53.5908],[8.1074,53.5992],[8.0253,53.6747],[8.0314,53.7081],[7.9599,53.7204],[7.9365,53.748],[7.9361,53.748],[7.4711,53.7178],[7.2267,53.702],[7.1009,53.6938],[6.9823,53.5647],[6.954,53.5339],[6.9256,53.503],[6.9212,53.4982],[6.9065,53.4822],[6.8601,53.4838],[6.7379,53.4881],[6.4935,53.4965],[6.463,53.4976],[6.4324,53.4987],[6.4018,53.4997],[6.3713,53.5008],[6.3408,53.5018],[6.3245,53.5024],[6.3189,53.5072],[6.3345,53.511],[6.3337,53.5111],[6.3343,53.5112],[6.3338,53.5112],[6.3345,53.5114],[6.3118,53.5132],[6.3108,53.5141],[6.305,53.5138],[6.2913,53.5149],[6.2909,53.5149],[6.2752,53.5122],[6.2118,53.5089],[6.2017,53.5067],[6.1269,53.5092],[6.0753,53.511],[6.0749,53.511],[6.0046,53.4895],[5.9333,53.4678],[5.9138,53.4739],[5.8856,53.4732],[5.8773,53.4749],[5.8769,53.4749],[5.7077,53.4732],[5.6537,53.4663],[5.6541,53.4659],[5.6537,53.4659],[5.6545,53.4652],[5.6419,53.4634],[5.6361,53.4487],[5.679,53.4301],[5.7363,53.4435],[5.7854,53.4474],[5.8556,53.4474],[5.876,53.4502],[5.5158,53.3402],[5.2714,53.2655],[5.1492,53.2282],[5.0881,53.2095],[5.0576,53.2002],[5.027,53.1908],[4.9883,53.179],[4.9495,53.1672],[4.8974,53.1512],[4.8872,53.1644],[4.8872,53.1833],[4.8868,53.1831],[4.8868,53.1833],[4.8858,53.1827],[4.8858,53.1867],[4.8543,53.1877],[4.8057,53.133],[4.7597,53.1091],[4.7167,53.096],[4.7068,53.093],[4.4064,52.5894],[4.3168,52.4391],[4.2944,52.4015],[4.2719,52.3639],[4.2271,52.2887],[4.0493,51.9907],[4.0225,51.9944],[4.01,51.9801],[4.0257,51.951],[3.9638,51.8472],[3.9627,51.8474],[3.8623,51.8161],[3.8716,51.7883],[3.9339,51.7971],[3.9173,51.7693],[3.9016,51.743],[3.8101,51.7473],[3.7928,51.7457],[3.7892,51.7459],[3.7888,51.7459],[3.7825,51.7448],[3.7258,51.7397],[3.7054,51.7314],[3.6988,51.7303],[3.6988,51.7288],[3.6895,51.725],[3.6867,51.6927],[3.7206,51.6768],[3.7654,51.6784],[3.7758,51.6858],[3.8159,51.693],[3.8244,51.69],[3.8596,51.6726],[3.8284,51.6204],[3.8118,51.6115],[3.5604,51.5946],[3.5469,51.5894],[3.5008,51.5775],[3.4838,51.5652],[3.4575,51.5551],[3.447,51.546]],[[7.3842,47.4131],[7.3882,47.4333],[7.4206,47.4509],[7.4458,47.4389],[7.4551,47.4214],[7.4404,47.4146],[7.3842,47.4131]],[[7.446,47.4869],[7.4674,47.4819],[7.4858,47.4988],[7.529,47.4939],[7.5339,47.4608],[7.4542,47.452],[7.446,47.4869]]],[[[4.8789,53.2209],[4.9102,53.2125],[4.9575,53.2456],[4.9716,53.2538],[5.1105,53.3079],[5.1098,53.3079],[5.1103,53.3081],[5.11,53.3081],[5.1105,53.3083],[5.1006,53.3085],[5.1048,53.3096],[5.0545,53.3138],[5.0428,53.3097],[5.0277,53.31],[5.0273,53.31],[4.9972,53.2937],[4.9865,53.29],[4.9212,53.2537],[4.917,53.2504],[4.9084,53.2458],[4.9087,53.2455],[4.9084,53.2454],[4.9095,53.2446],[4.8789,53.2209]]],[[[5.1789,53.3854],[5.1799,53.3531],[5.2083,53.3527],[5.3469,53.3892],[5.427,53.4064],[5.4817,53.4127],[5.4797,53.4172],[5.5821,53.4381],[5.5815,53.4382],[5.5819,53.4383],[5.5815,53.4384],[5.5821,53.4385],[5.5701,53.441],[5.5853,53.4536],[5.437,53.4365],[5.4284,53.4326],[5.4161,53.4315],[5.1893,53.3916],[5.1898,53.3914],[5.1895,53.3914],[5.1898,53.3913],[5.1893,53.3912],[5.1958,53.3891],[5.1789,53.3854]]],[[[6.6437,53.5787],[6.6441,53.5787],[6.6739,53.5799],[6.6771,53.5756],[6.7346,53.5752],[6.7293,53.582],[6.7341,53.5822],[6.7576,53.5971],[6.7981,53.6044],[6.7879,53.6163],[6.8025,53.6256],[6.802,53.6256],[6.8023,53.6258],[6.8022,53.6258],[6.8025,53.626],[6.7553,53.626],[6.6689,53.6051],[6.6641,53.6001],[6.6595,53.5991],[6.6611,53.597],[6.6437,53.5791],[6.6441,53.5791],[6.6437,53.5787]]],[[[11.0057,54.4685],[11.0325,54.4473],[11.0581,54.4553],[11.0739,54.4539],[11.1064,54.4314],[11.1126,54.4152],[11.179,54.4142],[11.1805,54.4161],[11.2802,54.4172],[11.3142,54.4138],[11.2556,54.4787],[11.2448,54.4866],[11.2341,54.5009],[11.2213,54.5038],[11.2066,54.5145],[11.1213,54.536],[11.0907,54.533],[11.0865,54.5339],[11.0864,54.5338],[11.0861,54.5339],[11.0815,54.5321],[11.0729,54.5312],[11.0571,54.5222],[11.0429,54.5165],[11.0405,54.5128],[11.0337,54.5089],[11.0057,54.4685]]]]}},
{"type":"Feature","properties":{"entityId":"east-francia","from":880,"to":884,"certainty":"estimated","source":"유럽 쪽은 Natural Earth 1:10m admin-1(v5.1.2) 현대 행정구역 조각을 그 시기 국경에 맞춰 묶고, 조각이 역사 경계와 다른 곳은 선을 그어 나눈 근사. 유럽 밖(시베리아·중앙아시아·극동)은 대략적인 추정. 운영자 검수 필요"},"geometry":{"type":"MultiPolygon","coordinates":[[[[3.1628,50.7499],[3.1969,50.7092],[3.2244,50.7052],[3.2438,50.6721],[3.2298,50.6554],[3.2643,50.5702],[3.271,50.5269],[3.2999,50.5075],[3.3436,50.4929],[3.3854,50.4916],[3.4292,50.5018],[3.4629,50.5191],[3.4915,50.5171],[3.4991,50.4868],[3.5637,50.4865],[3.6083,50.4765],[3.6444,50.4455],[3.6529,50.3602],[3.6617,50.3193],[3.6969,50.2982],[3.7415,50.3431],[3.7987,50.3485],[3.8402,50.3452],[3.8959,50.3253],[3.9821,50.3426],[4.0227,50.3381],[4.0979,50.2948],[4.1253,50.2571],[4.1437,50.2516],[4.1628,50.273],[4.2037,50.252],[4.1573,50.2127],[4.1258,50.1282],[4.1806,50.1272],[4.21,50.0602],[4.1373,50.0251],[4.1317,49.975],[4.1877,49.9555],[4.2159,49.9544],[4.2776,49.9602],[4.4277,49.9336],[4.4648,49.9356],[4.6042,49.9802],[4.6567,49.9891],[4.6729,50.0164],[4.6819,50.0839],[4.7886,50.1534],[4.8156,50.1613],[4.8201,50.1464],[4.8719,50.1398],[4.8629,50.0841],[4.846,50.0907],[4.8272,50.0641],[4.8267,50.036],[4.7883,49.9743],[4.7973,49.9443],[4.8446,49.9317],[4.8594,49.8917],[4.8369,49.848],[4.8492,49.8316],[4.849,49.7942],[4.8842,49.7841],[4.9684,49.797],[5.0263,49.7667],[5.0819,49.7527],[5.1364,49.7053],[5.1925,49.6828],[5.2592,49.6913],[5.2994,49.6625],[5.2979,49.6133],[5.3349,49.6258],[5.3912,49.6088],[5.3899,49.5933],[5.3021,49.5495],[5.2731,49.544],[5.2629,49.5588],[5.25,49.5597],[5.1841,49.5641],[5.1395,49.585],[5.1008,49.5635],[5.0947,49.5208],[5.0713,49.5005],[5.0959,49.466],[5.1139,49.4218],[5.0919,49.3787],[5.0421,49.3321],[5.0495,49.2798],[4.9787,49.2357],[4.98,49.2098],[4.9554,49.1652],[4.9789,49.1201],[4.987,49.0476],[4.9978,49.0309],[5.0338,49.0125],[5.0202,48.9913],[5.0174,48.9472],[4.9888,48.9245],[4.9452,48.9157],[4.9216,48.8785],[4.9302,48.8322],[4.9069,48.8048],[4.9172,48.7877],[4.9828,48.75],[4.9921,48.6929],[5.0046,48.6554],[5.0359,48.6181],[5.117,48.5812],[5.187,48.5419],[5.2686,48.5108],[5.3448,48.5004],[5.3563,48.4814],[5.4552,48.4192],[5.4242,48.3881],[5.4322,48.3373],[5.5085,48.3507],[5.534,48.3339],[5.5844,48.2838],[5.6379,48.2808],[5.6615,48.2386],[5.713,48.2114],[5.7203,48.196],[5.6975,48.1805],[5.6885,48.1477],[5.6593,48.1008],[5.7322,48.0467],[5.788,48.0225],[5.799,48.0012],[5.7981,47.9642],[5.8128,47.9572],[5.8492,47.9676],[5.8918,47.9326],[5.9261,47.9481],[5.9551,47.9797],[5.9709,47.9409],[6.0344,47.9726],[6.071,48.0044],[6.0994,48.0087],[6.1469,48.0016],[6.1827,47.9768],[6.1819,47.9582],[6.2438,47.9322],[6.2828,47.9348],[6.3224,47.9505],[6.3734,47.953],[6.412,47.9423],[6.4987,47.9047],[6.5526,47.9012],[6.5765,47.908],[6.6138,47.9413],[6.6372,47.9351],[6.6965,47.8899],[6.7407,47.8761],[6.836,47.8242],[6.7848,47.78],[6.7651,47.7529],[6.7608,47.7138],[6.7865,47.655],[6.7897,47.6042],[6.8109,47.5764],[6.8071,47.5629],[6.8248,47.5476],[6.8938,47.5518],[6.9234,47.5211],[6.9144,47.487],[6.9392,47.4268],[6.991,47.4522],[6.9733,47.4891],[7.0008,47.4977],[7.0539,47.4904],[7.1037,47.4963],[7.1422,47.4877],[7.1808,47.4883],[7.1626,47.4599],[7.1683,47.4436],[7.2448,47.4177],[7.2826,47.4289],[7.3369,47.4319],[7.3842,47.4131],[7.4112,47.3983],[7.4197,47.3827],[7.4371,47.3793],[7.4527,47.3958],[7.5068,47.3886],[7.5422,47.4108],[7.5774,47.4155],[7.5748,47.4283],[7.6029,47.4312],[7.6266,47.4618],[7.6081,47.4728],[7.6145,47.4841],[7.6497,47.4834],[7.6643,47.4916],[7.7134,47.4673],[7.6904,47.4482],[7.6839,47.4216],[7.6379,47.4065],[7.6396,47.3849],[7.6538,47.3681],[7.7138,47.3662],[7.7521,47.3477],[7.7861,47.3385],[7.8053,47.3636],[7.8705,47.3847],[7.882,47.4024],[7.9289,47.4078],[7.9537,47.4223],[7.9449,47.4406],[7.9549,47.4577],[7.9791,47.4487],[7.9813,47.4312],[8.0057,47.4043],[8.028,47.3981],[8.0291,47.3792],[7.9969,47.3345],[7.9816,47.3283],[7.9019,47.3383],[7.8575,47.3107],[7.8229,47.269],[7.8393,47.2318],[7.8751,47.1767],[7.8871,47.1283],[7.8741,47.1014],[7.8733,47.0481],[7.8975,47.0115],[7.9525,47.0027],[7.93,46.9482],[7.916,46.934],[7.8757,46.9244],[7.8609,46.8779],[7.8705,46.8503],[7.9522,46.8024],[7.9771,46.7789],[8.0437,46.7883],[8.0946,46.7843],[8.1581,46.759],[8.1987,46.7676],[8.2703,46.759],[8.2909,46.7617],[8.3244,46.7777],[8.3682,46.7895],[8.3916,46.7751],[8.4462,46.7692],[8.4376,46.7414],[8.4447,46.6911],[8.4017,46.6887],[8.4094,46.6557],[8.4217,46.6459],[8.4076,46.5932],[8.4374,46.5466],[8.4769,46.5318],[8.5098,46.5509],[8.5238,46.5785],[8.5487,46.585],[8.6363,46.5712],[8.6779,46.5836],[8.7112,46.573],[8.7884,46.5681],[8.8473,46.5752],[8.8981,46.5893],[8.9148,46.6204],[8.956,46.6306],[8.9648,46.6148],[9.0221,46.6049],[9.0385,46.5907],[9.0152,46.5335],[9.0486,46.4809],[9.0773,46.4823],[9.0978,46.4161],[9.0891,46.3637],[9.057,46.299],[9.0875,46.2206],[9.1638,46.173],[9.1813,46.2041],[9.2248,46.2312],[9.2397,46.267],[9.269,46.3094],[9.2738,46.3443],[9.2604,46.3797],[9.2609,46.4167],[9.238,46.4365],[9.2632,46.4851],[9.2823,46.4974],[9.331,46.5015],[9.3771,46.4687],[9.4107,46.4889],[9.4379,46.492],[9.4438,46.3961],[9.4516,46.3704],[9.4826,46.3568],[9.5153,46.3086],[9.5597,46.2927],[9.6743,46.2918],[9.7084,46.3117],[9.7093,46.3424],[9.7309,46.3507],[9.7681,46.3386],[9.8554,46.367],[9.899,46.3722],[9.964,46.3561],[9.9776,46.2981],[10.0317,46.2601],[10.0427,46.2205],[10.0757,46.22],[10.1458,46.2433],[10.1589,46.2624],[10.1049,46.3094],[10.0918,46.329],[10.105,46.3614],[10.1332,46.3811],[10.1334,46.414],[10.0421,46.4327],[10.0263,46.4463],[10.044,46.467],[10.0269,46.4932],[10.0328,46.533],[10.0712,46.5644],[10.0878,46.6044],[10.1921,46.6268],[10.2338,46.618],[10.2347,46.5753],[10.2759,46.5655],[10.2954,46.5511],[10.3543,46.5483],[10.4259,46.5353],[10.4518,46.5467],[10.4939,46.4945],[10.5413,46.4895],[10.6247,46.4545],[10.6575,46.4495],[10.7452,46.4849],[10.7762,46.4754],[10.7975,46.4469],[10.8399,46.4307],[10.9974,46.4792],[11.0511,46.446],[11.0643,46.458],[11.0553,46.5156],[11.0859,46.5236],[11.1176,46.4938],[11.1454,46.4872],[11.1927,46.5056],[11.2145,46.4693],[11.2018,46.3392],[11.1562,46.284],[11.1615,46.2495],[11.191,46.2271],[11.242,46.2312],[11.2871,46.2591],[11.3282,46.2935],[11.3707,46.269],[11.3876,46.2811],[11.4085,46.3245],[11.4549,46.3348],[11.4766,46.3596],[11.5378,46.3537],[11.5774,46.3681],[11.5953,46.3862],[11.6412,46.4727],[11.6841,46.5077],[11.7158,46.5138],[11.7784,46.5101],[11.8118,46.5303],[11.8322,46.504],[11.8519,46.5142],[12.022,46.5394],[12.0712,46.6131],[12.0803,46.6499],[12.0991,46.6678],[12.1386,46.6443],[12.1779,46.6348],[12.214,46.5961],[12.2531,46.6109],[12.3024,46.6146],[12.3407,46.6282],[12.3825,46.6181],[12.3992,46.6397],[12.4696,46.6758],[12.4999,46.6721],[12.562,46.6512],[12.6202,46.6565],[12.6714,46.6525],[12.6974,46.6405],[12.7485,46.641],[12.8304,46.6096],[13.0645,46.598],[13.1465,46.585],[13.2311,46.5522],[13.2714,46.5508],[13.3733,46.5658],[13.417,46.5605],[13.478,46.5636],[13.5068,46.5469],[13.5492,46.5458],[13.6703,46.5187],[13.701,46.5197],[13.6899,46.4933],[13.6859,46.464],[13.6775,46.4521],[13.6588,46.4451],[13.6002,46.4426],[13.5757,46.4267],[13.53,46.3883],[13.4837,46.3712],[13.4597,46.359],[13.4341,46.3539],[13.4232,46.3448],[13.3956,46.3067],[13.3653,46.2903],[13.3786,46.2684],[13.3847,46.2433],[13.3981,46.2305],[13.4101,46.208],[13.4374,46.2109],[13.4228,46.2286],[13.4683,46.2234],[13.4823,46.2179],[13.5102,46.214],[13.529,46.2048],[13.559,46.1841],[13.5845,46.1813],[13.6274,46.1817],[13.6411,46.1714],[13.645,46.1617],[13.6164,46.125],[13.5226,46.0753],[13.5051,46.066],[13.4823,46.0448],[13.4903,46.0389],[13.4928,46.0325],[13.4823,46.0184],[13.4618,46.0064],[13.5094,45.9674],[13.5394,45.969],[13.5717,45.9798],[13.6007,45.9846],[13.6228,45.9664],[13.6153,45.9459],[13.6082,45.9266],[13.5993,45.9123],[13.5693,45.8645],[13.566,45.8303],[13.5742,45.819],[13.5813,45.8092],[13.5885,45.8065],[13.6092,45.7986],[13.6436,45.7957],[13.6603,45.792],[13.6999,45.7705],[13.7095,45.7653],[13.7787,45.7434],[13.8584,45.6494],[13.8692,45.6411],[13.8936,45.6338],[13.887,45.6188],[13.8679,45.6022],[13.88,45.5725],[13.8946,45.5598],[13.9104,45.552],[13.9522,45.546],[13.9838,45.5195],[13.9875,45.5119],[14.014,45.508],[14.0667,45.4803],[14.0929,45.4739],[14.1167,45.473],[14.1173,45.473],[14.1455,45.4762],[14.2187,45.4972],[14.2804,45.4811],[14.3268,45.4749],[14.3728,45.4778],[14.4112,45.4932],[14.4689,45.5256],[14.4821,45.5424],[14.4915,45.5792],[14.4986,45.5962],[14.5436,45.6364],[14.5561,45.6567],[14.5691,45.6643],[14.5809,45.6678],[14.5919,45.6634],[14.5941,45.648],[14.5939,45.6162],[14.6031,45.6036],[14.616,45.5941],[14.6503,45.5748],[14.6637,45.5702],[14.6717,45.5568],[14.6685,45.534],[14.6883,45.522],[14.7815,45.4931],[14.7972,45.4652],[14.8388,45.459],[14.8816,45.4698],[14.9008,45.4931],[14.9044,45.5144],[14.9226,45.5149],[14.9454,45.5045],[14.9626,45.4931],[14.9773,45.4917],[15.0074,45.4808],[15.0562,45.4799],[15.0661,45.4739],[15.1393,45.43],[15.1842,45.4256],[15.2258,45.4365],[15.2816,45.451],[15.314,45.4505],[15.3339,45.4585],[15.3614,45.482],[15.311,45.5059],[15.2967,45.523],[15.2822,45.5715],[15.2696,45.5934],[15.2686,45.6017],[15.2879,45.6103],[15.2974,45.6257],[15.3267,45.6323],[15.3531,45.6403],[15.3738,45.6402],[15.3683,45.649],[15.35,45.6696],[15.3829,45.6904],[15.4209,45.6953],[15.4738,45.6618],[15.5131,45.6473],[15.5137,45.6324],[15.5756,45.6024],[15.5936,45.6205],[15.6264,45.6214],[15.6633,45.6049],[15.7316,45.5886],[15.7474,45.5952],[15.7392,45.5589],[15.7799,45.5225],[15.8129,45.5234],[15.8425,45.4659],[15.8372,45.4363],[15.8141,45.3987],[15.7799,45.3951],[15.716,45.4208],[15.6765,45.4252],[15.6568,45.4152],[15.6723,45.3982],[15.6651,45.3766],[15.6796,45.3488],[15.6639,45.3396],[15.6564,45.2851],[15.6616,45.2681],[15.6312,45.2395],[15.6394,45.2107],[15.7049,45.2009],[15.7617,45.21],[15.8026,45.1965],[15.8248,45.211],[15.8789,45.2172],[16.0085,45.2182],[16.0292,45.205],[16.0244,45.1843],[16.0675,45.1696],[16.1041,45.1125],[16.213,45.0315],[16.2793,45.0072],[16.3162,45.0012],[16.346,45.02],[16.382,45.0837],[16.3818,45.1076],[16.4355,45.1329],[16.4819,45.1995],[16.5289,45.2223],[16.587,45.2209],[16.7863,45.1788],[16.8242,45.1891],[16.8307,45.217],[16.9244,45.2845],[16.9473,45.2357],[16.9612,45.2509],[17.0083,45.2162],[17.0363,45.2305],[17.0557,45.2004],[17.1246,45.1691],[17.1871,45.1486],[17.2455,45.1554],[17.269,45.1895],[17.3824,45.1396],[17.4341,45.1486],[17.4478,45.1343],[17.4962,45.1417],[17.4893,45.1163],[17.5724,45.1204],[17.63,45.1573],[17.6847,45.164],[17.7145,45.152],[17.7657,45.111],[17.7975,45.082],[17.8357,45.0644],[17.9026,45.0778],[17.9277,45.092],[17.9885,45.1438],[18.0191,45.1494],[18.0903,45.108],[18.1437,45.0977],[18.1749,45.1008],[18.1993,45.119],[18.2023,45.1441],[18.2379,45.1575],[18.262,45.1507],[18.3223,45.1229],[18.3929,45.1186],[18.412,45.1124],[18.4518,45.085],[18.4817,45.0669],[18.517,45.0559],[18.5411,45.0553],[18.5348,45.0884],[18.504,45.1289],[18.5034,45.1555],[18.5369,45.1935],[18.5538,45.192],[18.5679,45.2266],[18.5532,45.2413],[18.5067,45.251],[18.5119,45.2926],[18.5727,45.3052],[18.5897,45.3186],[18.6323,45.3214],[18.655,45.3916],[18.7141,45.4161],[18.7869,45.4136],[18.8019,45.4228],[18.7886,45.4554],[18.8611,45.4813],[18.8822,45.4781],[18.9385,45.4325],[19.0023,45.4437],[18.9964,45.4738],[19.0179,45.4978],[19.0772,45.4916],[19.1063,45.5116],[19.0951,45.5261],[19.051,45.5389],[19.0181,45.5674],[18.9602,45.5391],[18.9417,45.5389],[18.9036,45.5731],[18.9124,45.6192],[18.9685,45.6687],[18.9627,45.6831],[18.9173,45.7066],[18.9002,45.7649],[18.8487,45.8096],[18.8553,45.8574],[18.8998,45.8614],[18.904,45.8757],[18.8729,45.8952],[18.907,45.9157],[18.9013,45.9312],[18.8225,45.9056],[18.8015,45.92],[18.8241,45.9402],[18.8524,46.0112],[18.8447,46.0499],[18.822,46.0989],[18.7858,46.0997],[18.8292,46.1229],[18.8072,46.1314],[18.8026,46.1614],[18.8335,46.1618],[18.8539,46.1932],[18.8233,46.2063],[18.8417,46.2257],[18.8984,46.234],[18.9144,46.2457],[18.9133,46.3306],[18.8922,46.3784],[18.8989,46.4143],[18.9227,46.4686],[18.9201,46.4988],[18.8772,46.5912],[18.8581,46.6148],[18.8853,46.6352],[18.9529,46.6561],[18.9816,46.6763],[19.0018,46.7085],[18.9847,46.7756],[18.9276,46.8271],[18.9267,46.8484],[18.9309,46.8771],[18.9488,46.9039],[18.9665,46.9172],[18.9669,46.9358],[18.9605,46.9774],[18.9552,46.9947],[18.968,47.0332],[18.9031,47.0816],[18.8792,47.1492],[18.8869,47.2081],[18.9076,47.2374],[18.9188,47.2871],[18.9028,47.3038],[18.9286,47.3185],[18.9423,47.344],[18.949,47.3693],[18.9555,47.4045],[18.9247,47.4285],[18.8913,47.4422],[18.8638,47.4618],[18.8383,47.454],[18.8442,47.4206],[18.8619,47.3872],[18.8194,47.3563],[18.7804,47.4105],[18.787,47.439],[18.7756,47.4645],[18.7246,47.5076],[18.685,47.5619],[18.7104,47.5787],[18.7259,47.605],[18.775,47.6381],[18.7591,47.6648],[18.8113,47.6702],[18.8637,47.6661],[18.853,47.7171],[18.8938,47.7268],[18.9165,47.7217],[18.9157,47.7712],[18.8833,47.8122],[18.8149,47.8322],[18.7677,47.8223],[18.6928,47.778],[18.6338,47.7798],[18.5974,47.7907],[18.5526,47.7928],[18.3479,47.7768],[18.273,47.7563],[18.2359,47.7539],[18.1126,47.7625],[17.8835,47.7525],[17.8257,47.75],[17.7192,47.7737],[17.6767,47.7892],[17.6399,47.8192],[17.6042,47.8342],[17.5726,47.8295],[17.5266,47.8721],[17.472,47.8888],[17.3694,47.9812],[17.3379,47.9987],[17.2623,48.0073],[17.1848,48.0203],[17.1483,48.0054],[17.125,48.0195],[17.0697,48.0357],[17.0591,48.0604],[17.0802,48.0976],[17.0625,48.1127],[17.0475,48.131],[17.0072,48.1428],[16.9819,48.1613],[16.9506,48.2766],[16.9166,48.2908],[16.8984,48.3162],[16.9019,48.3394],[16.8445,48.3656],[16.8608,48.4438],[16.9139,48.5193],[16.9491,48.5448],[16.945,48.6042],[16.9105,48.6308],[16.8967,48.697],[16.873,48.719],[16.7989,48.7092],[16.729,48.7331],[16.662,48.74],[16.6431,48.7783],[16.5103,48.8048],[16.4357,48.7945],[16.385,48.7371],[16.3583,48.7273],[16.1778,48.7465],[16.0854,48.7429],[16.0323,48.7581],[15.9081,48.8197],[15.886,48.842],[15.8401,48.8501],[15.8185,48.8723],[15.7792,48.8709],[15.7268,48.855],[15.6813,48.8585],[15.6037,48.8874],[15.5442,48.9026],[15.4719,48.9367],[15.3355,48.975],[15.2629,48.9826],[15.2381,48.9508],[15.1419,48.9375],[15.149,48.9653],[15.1374,48.993],[15.0596,48.9972],[14.9821,49.0079],[14.9646,48.9717],[14.9682,48.885],[14.9381,48.8028],[14.9511,48.7803],[14.9193,48.7616],[14.8677,48.7756],[14.8004,48.7765],[14.7754,48.724],[14.7227,48.6934],[14.7038,48.6731],[14.7007,48.6155],[14.6911,48.5865],[14.6592,48.577],[14.6347,48.6023],[14.6019,48.6045],[14.5788,48.6205],[14.522,48.6106],[14.4821,48.6245],[14.4582,48.6432],[14.4436,48.6365],[14.4054,48.5863],[14.3157,48.5579],[14.2165,48.5812],[14.0748,48.5917],[14.0408,48.6012],[14.0062,48.6395],[14.0329,48.6549],[13.9823,48.7065],[13.915,48.731],[13.8559,48.7593],[13.8157,48.7664],[13.7962,48.7798],[13.7247,48.8673],[13.6544,48.8822],[13.6218,48.9091],[13.6087,48.9462],[13.5905,48.9448],[13.5224,48.9693],[13.5021,48.9661],[13.4823,48.9376],[13.4273,48.96],[13.3842,48.993],[13.3724,49.0385],[13.2995,49.0936],[13.2673,49.1056],[13.2068,49.1075],[13.1785,49.1183],[13.1495,49.1548],[13.0558,49.2382],[13.0113,49.2678],[12.9998,49.2949],[12.9229,49.3327],[12.8847,49.3396],[12.8754,49.3239],[12.7978,49.3278],[12.7621,49.3432],[12.7293,49.3911],[12.6435,49.4295],[12.6272,49.4602],[12.623,49.5098],[12.5937,49.515],[12.5623,49.5508],[12.5536,49.5847],[12.502,49.6197],[12.4964,49.67],[12.4196,49.7002],[12.3836,49.7429],[12.3954,49.7579],[12.4527,49.7797],[12.4625,49.8312],[12.4825,49.8272],[12.5129,49.8702],[12.5241,49.905],[12.4627,49.9313],[12.4682,49.9702],[12.2469,50.045],[12.2325,50.0805],[12.1879,50.1028],[12.1792,50.118],[12.1827,50.1707],[12.1393,50.211],[12.0796,50.2427],[12.1091,50.2638],[12.1073,50.2909],[12.0761,50.3152],[12.1013,50.314],[12.0937,50.3226],[12.0399,50.3288],[11.986,50.3516],[11.9812,50.3853],[11.9405,50.4145],[11.9053,50.4152],[11.8997,50.4293],[11.9311,50.4403],[11.9475,50.4622],[11.9258,50.4884],[11.9447,50.5159],[11.9894,50.5461],[12.0485,50.5316],[12.0812,50.5613],[12.1454,50.5625],[12.1587,50.6037],[12.1869,50.6264],[12.2529,50.6263],[12.29,50.6434],[12.3218,50.674],[12.2855,50.677],[12.2628,50.7222],[12.2412,50.7222],[12.2492,50.7426],[12.2855,50.7693],[12.258,50.7925],[12.3308,50.8064],[12.3642,50.8233],[12.4244,50.8243],[12.4628,50.8566],[12.5275,50.8766],[12.6017,50.8764],[12.6109,50.8701],[12.6472,50.8999],[12.6022,50.9525],[12.5457,50.9713],[12.4914,51.0285],[12.4837,51.0583],[12.3289,51.0878],[12.2646,51.0838],[12.2464,51.0326],[12.2754,51.0098],[12.2171,50.9542],[12.2008,50.9279],[12.1595,50.952],[12.1204,50.9445],[12.0679,50.9561],[12.0046,50.949],[11.9609,50.971],[11.9314,50.9981],[11.8607,51.0226],[11.7326,51.0175],[11.6974,51.0642],[11.6891,51.0919],[11.6631,51.1012],[11.6275,51.0956],[11.5352,51.1003],[11.5047,51.0892],[11.4274,51.0988],[11.4264,51.1077],[11.4203,51.1597],[11.3886,51.1899],[11.333,51.2163],[11.3524,51.2301],[11.4224,51.2437],[11.4519,51.2715],[11.3672,51.3575],[11.3149,51.3833],[11.1962,51.3974],[11.1538,51.3969],[10.9991,51.4087],[10.9645,51.4278],[10.9718,51.4627],[10.9454,51.4995],[10.965,51.4721],[11.3,51.52],[11.6,51.45],[11.9,51.42],[12.1,51.47],[12.22,51.6],[12.2662,51.7155],[12,51.68],[11.8,51.68],[11.65,51.72],[11.75,51.9],[11.8596,51.973],[11.74,52.02],[11.66,52.13],[11.7,52.23],[11.77,52.31],[11.9,52.45],[11.98,52.55],[12,52.67],[12.04,52.79],[12.04,52.86],[11.9795,52.8859],[11.9655,52.8852],[11.8967,52.9017],[11.8319,52.9282],[11.8444,52.946],[11.8158,52.9593],[11.8073,52.9603],[11.798,52.9676],[11.75,52.99],[11.7435,52.992],[11.6942,52.984],[11.6814,53.0106],[11.6696,53.0141],[11.6223,53.0224],[11.623,53.0281],[11.5802,53.041],[11.5619,53.01],[11.5813,53.0429],[11.4907,53.0607],[11.4609,53.0794],[11.4169,53.0809],[11.3656,53.064],[11.3276,53.0724],[11.2741,53.1175],[11.2558,53.1362],[11.2397,53.142],[11.2247,53.153],[11.2014,53.1405],[11.1943,53.1409],[11.1645,53.1709],[11.1434,53.1727],[11.1093,53.1558],[11.0894,53.1442],[11.0681,53.1555],[11.0401,53.1664],[10.9302,53.2285],[10.8393,53.2601],[10.8073,53.2756],[10.7868,53.2934],[10.7751,53.3002],[10.7558,53.3029],[10.7394,53.3085],[10.7346,53.3217],[10.7316,53.352],[10.7097,53.3683],[10.6755,53.3737],[10.6012,53.3718],[10.6222,53.391],[10.6272,53.4015],[10.6272,53.4137],[10.6354,53.4452],[10.6408,53.451],[10.6611,53.4582],[10.6863,53.4568],[10.6945,53.4601],[10.7017,53.4755],[10.7082,53.4794],[10.7257,53.4811],[10.7602,53.4882],[10.8049,53.5094],[10.8204,53.5148],[10.8239,53.5313],[10.8324,53.5441],[10.8297,53.5701],[10.8414,53.5719],[10.8578,53.5682],[10.9036,53.5723],[10.9115,53.5714],[10.929,53.5485],[10.9381,53.5525],[10.9544,53.5661],[10.9423,53.5697],[10.953,53.5737],[10.9527,53.5844],[10.9406,53.6114],[10.9398,53.6287],[10.956,53.6391],[10.955,53.6555],[10.9465,53.6649],[10.9456,53.6771],[10.9381,53.6847],[10.9146,53.6968],[10.8789,53.702],[10.8655,53.6999],[10.8466,53.7085],[10.8059,53.7412],[10.7781,53.7458],[10.7609,53.7467],[10.7584,53.7519],[10.7674,53.7746],[10.771,53.7933],[10.7615,53.8225],[10.753,53.8341],[10.7519,53.84],[10.7513,53.8431],[10.7633,53.8651],[10.7726,53.8699],[10.8123,53.8827],[10.8613,53.9098],[10.8852,53.9191],[10.9073,53.9155],[10.9067,53.9053],[10.9129,53.9021],[10.9453,53.9052],[10.95,53.9076],[10.9605,53.9129],[10.95,53.9149],[10.9203,53.9205],[10.9042,53.9313],[10.906,53.9612],[10.9222,53.9614],[10.9222,54.0474],[10.9401,54.0474],[10.9427,54.1336],[10.9505,54.1395],[11.0666,54.1839],[11.0945,54.2251],[11.0871,54.2709],[11.0945,54.2835],[11.0774,54.3422],[11.1355,54.3859],[11.1042,54.3929],[11.0339,54.3676],[11.0188,54.3859],[10.9353,54.3795],[10.913,54.3726],[10.3193,54.5096],[10.3,54.5],[10.15,54.42],[10,54.38],[9.85,54.35],[9.67,54.3],[9.5,54.28],[9.3,54.3],[9.1,54.37],[8.9,54.3],[8.6361,54.2868],[8.6417,54.2826],[8.7715,54.0675],[8.7999,54.0204],[8.7835,54.0084],[8.7613,53.9923],[8.7235,53.9648],[8.7032,53.95],[8.6857,53.9372],[8.6101,53.8822],[8.6071,53.8815],[8.5733,53.8577],[8.5715,53.8542],[8.5,53.8021],[8.4434,53.7609],[8.3152,53.6676],[8.1614,53.5557],[8.1498,53.5602],[8.1244,53.5836],[8.1276,53.5908],[8.1074,53.5992],[8.0253,53.6747],[8.0314,53.7081],[7.9599,53.7204],[7.9365,53.748],[7.9361,53.748],[7.4711,53.7178],[7.2267,53.702],[7.1009,53.6938],[6.9823,53.5647],[6.954,53.5339],[6.9256,53.503],[6.9212,53.4982],[6.9065,53.4822],[6.8601,53.4838],[6.7379,53.4881],[6.4935,53.4965],[6.463,53.4976],[6.4324,53.4987],[6.4018,53.4997],[6.3713,53.5008],[6.3408,53.5018],[6.3245,53.5024],[6.3189,53.5072],[6.3345,53.511],[6.3337,53.5111],[6.3343,53.5112],[6.3338,53.5112],[6.3345,53.5114],[6.3118,53.5132],[6.3108,53.5141],[6.305,53.5138],[6.2913,53.5149],[6.2909,53.5149],[6.2752,53.5122],[6.2118,53.5089],[6.2017,53.5067],[6.1269,53.5092],[6.0753,53.511],[6.0749,53.511],[6.0046,53.4895],[5.9333,53.4678],[5.9138,53.4739],[5.8856,53.4732],[5.8773,53.4749],[5.8769,53.4749],[5.7077,53.4732],[5.6537,53.4663],[5.6541,53.4659],[5.6537,53.4659],[5.6545,53.4652],[5.6419,53.4634],[5.6361,53.4487],[5.679,53.4301],[5.7363,53.4435],[5.7854,53.4474],[5.8556,53.4474],[5.876,53.4502],[5.5158,53.3402],[5.2714,53.2655],[5.1492,53.2282],[5.0881,53.2095],[5.0576,53.2002],[5.027,53.1908],[4.9883,53.179],[4.9495,53.1672],[4.8974,53.1512],[4.8872,53.1644],[4.8872,53.1833],[4.8868,53.1831],[4.8868,53.1833],[4.8858,53.1827],[4.8858,53.1867],[4.8543,53.1877],[4.8057,53.133],[4.7597,53.1091],[4.7167,53.096],[4.7068,53.093],[4.4064,52.5894],[4.3168,52.4391],[4.2944,52.4015],[4.2719,52.3639],[4.2271,52.2887],[4.0493,51.9907],[4.0225,51.9944],[4.01,51.9801],[4.0257,51.951],[3.9638,51.8472],[3.9627,51.8474],[3.8623,51.8161],[3.8716,51.7883],[3.9339,51.7971],[3.9173,51.7693],[3.9016,51.743],[3.8101,51.7473],[3.7928,51.7457],[3.7892,51.7459],[3.7888,51.7459],[3.7825,51.7448],[3.7258,51.7397],[3.7054,51.7314],[3.6988,51.7303],[3.6988,51.7288],[3.6895,51.725],[3.6867,51.6927],[3.7206,51.6768],[3.7654,51.6784],[3.7758,51.6858],[3.8159,51.693],[3.8244,51.69],[3.8596,51.6726],[3.8284,51.6204],[3.8118,51.6115],[3.5604,51.5946],[3.5469,51.5894],[3.5008,51.5775],[3.4838,51.5652],[3.4575,51.5551],[3.447,51.546],[3.4619,51.519],[3.4948,51.5009],[3.5321,51.4626],[3.4881,51.4392],[3.4608,51.4246],[3.6,51.42],[3.75,51.385],[3.85,51.37],[4,51.4],[4.15,51.37],[4.2126,51.37],[4.1904,51.375],[4.1904,51.3816],[4.237,51.3816],[4.237,51.3503],[4.2441,51.3421],[4.2837,51.3421],[4.2854,51.318],[4.2875,51.317],[4.2875,51.3068],[4.303,51.2961],[4.2987,51.2696],[4.2886,51.2579],[4.333,51.1697],[4.316,51.1322],[4.2158,51.1215],[4.182,51.0999],[4.1964,51.0545],[4.2123,51.0341],[4.2403,51.0381],[4.2171,50.9901],[4.1617,50.9906],[4.1465,50.9706],[4.1602,50.9299],[4.137,50.9196],[4.0913,50.9318],[4.1001,50.9125],[4.0736,50.9],[4.0871,50.8814],[4.0404,50.8384],[4.0749,50.8207],[4.0604,50.7926],[3.9822,50.7669],[3.9563,50.7798],[3.9312,50.7576],[3.9506,50.7341],[3.895,50.7342],[3.8844,50.7514],[3.828,50.7435],[3.7746,50.749],[3.7578,50.7803],[3.7145,50.7686],[3.704,50.7821],[3.6753,50.7719],[3.6347,50.7219],[3.6066,50.7342],[3.5405,50.7349],[3.534,50.7664],[3.4941,50.7589],[3.4576,50.7685],[3.4128,50.7474],[3.3635,50.7097],[3.3231,50.7235],[3.3033,50.7564],[3.2608,50.7523],[3.2197,50.7673],[3.1628,50.7499]],[[7.3842,47.4131],[7.3882,47.4333],[7.4206,47.4509],[7.4458,47.4389],[7.4551,47.4214],[7.4404,47.4146],[7.3842,47.4131]],[[4.2609,51.37],[4.2803,51.37],[4.2666,51.3881],[4.2811,51.3689],[4.2611,51.3694],[4.2609,51.37]],[[7.446,47.4869],[7.4674,47.4819],[7.4858,47.4988],[7.529,47.4939],[7.5339,47.4608],[7.4542,47.452],[7.446,47.4869]]],[[[4.8789,53.2209],[4.9102,53.2125],[4.9575,53.2456],[4.9716,53.2538],[5.1105,53.3079],[5.1098,53.3079],[5.1103,53.3081],[5.11,53.3081],[5.1105,53.3083],[5.1006,53.3085],[5.1048,53.3096],[5.0545,53.3138],[5.0428,53.3097],[5.0277,53.31],[5.0273,53.31],[4.9972,53.2937],[4.9865,53.29],[4.9212,53.2537],[4.917,53.2504],[4.9084,53.2458],[4.9087,53.2455],[4.9084,53.2454],[4.9095,53.2446],[4.8789,53.2209]]],[[[5.1789,53.3854],[5.1799,53.3531],[5.2083,53.3527],[5.3469,53.3892],[5.427,53.4064],[5.4817,53.4127],[5.4797,53.4172],[5.5821,53.4381],[5.5815,53.4382],[5.5819,53.4383],[5.5815,53.4384],[5.5821,53.4385],[5.5701,53.441],[5.5853,53.4536],[5.437,53.4365],[5.4284,53.4326],[5.4161,53.4315],[5.1893,53.3916],[5.1898,53.3914],[5.1895,53.3914],[5.1898,53.3913],[5.1893,53.3912],[5.1958,53.3891],[5.1789,53.3854]]],[[[6.6437,53.5787],[6.6441,53.5787],[6.6739,53.5799],[6.6771,53.5756],[6.7346,53.5752],[6.7293,53.582],[6.7341,53.5822],[6.7576,53.5971],[6.7981,53.6044],[6.7879,53.6163],[6.8025,53.6256],[6.802,53.6256],[6.8023,53.6258],[6.8022,53.6258],[6.8025,53.626],[6.7553,53.626],[6.6689,53.6051],[6.6641,53.6001],[6.6595,53.5991],[6.6611,53.597],[6.6437,53.5791],[6.6441,53.5791],[6.6437,53.5787]]],[[[11.0057,54.4685],[11.0325,54.4473],[11.0581,54.4553],[11.0739,54.4539],[11.1064,54.4314],[11.1126,54.4152],[11.179,54.4142],[11.1805,54.4161],[11.2802,54.4172],[11.3142,54.4138],[11.2556,54.4787],[11.2448,54.4866],[11.2341,54.5009],[11.2213,54.5038],[11.2066,54.5145],[11.1213,54.536],[11.0907,54.533],[11.0865,54.5339],[11.0864,54.5338],[11.0861,54.5339],[11.0815,54.5321],[11.0729,54.5312],[11.0571,54.5222],[11.0429,54.5165],[11.0405,54.5128],[11.0337,54.5089],[11.0057,54.4685]]]]}},
{"type":"Feature","properties":{"entityId":"east-francia","from":884,"to":894,"certainty":"estimated","source":"유럽 쪽은 Natural Earth 1:10m admin-1(v5.1.2) 현대 행정구역 조각을 그 시기 국경에 맞춰 묶고, 조각이 역사 경계와 다른 곳은 선을 그어 나눈 근사. 유럽 밖(시베리아·중앙아시아·극동)은 대략적인 추정. 운영자 검수 필요"},"geometry":{"type":"MultiPolygon","coordinates":[[[[3.1628,50.7499],[3.1969,50.7092],[3.2244,50.7052],[3.2438,50.6721],[3.2298,50.6554],[3.2643,50.5702],[3.271,50.5269],[3.2999,50.5075],[3.3436,50.4929],[3.3854,50.4916],[3.4292,50.5018],[3.4629,50.5191],[3.4915,50.5171],[3.4991,50.4868],[3.5637,50.4865],[3.6083,50.4765],[3.6444,50.4455],[3.6529,50.3602],[3.6617,50.3193],[3.6969,50.2982],[3.7415,50.3431],[3.7987,50.3485],[3.8402,50.3452],[3.8959,50.3253],[3.9821,50.3426],[4.0227,50.3381],[4.0979,50.2948],[4.1253,50.2571],[4.1437,50.2516],[4.1628,50.273],[4.2037,50.252],[4.1573,50.2127],[4.1258,50.1282],[4.1806,50.1272],[4.21,50.0602],[4.1373,50.0251],[4.1317,49.975],[4.1877,49.9555],[4.2159,49.9544],[4.2776,49.9602],[4.4277,49.9336],[4.4648,49.9356],[4.6042,49.9802],[4.6567,49.9891],[4.6729,50.0164],[4.6819,50.0839],[4.7886,50.1534],[4.8156,50.1613],[4.8201,50.1464],[4.8719,50.1398],[4.8629,50.0841],[4.846,50.0907],[4.8272,50.0641],[4.8267,50.036],[4.7883,49.9743],[4.7973,49.9443],[4.8446,49.9317],[4.8594,49.8917],[4.8369,49.848],[4.8492,49.8316],[4.849,49.7942],[4.8842,49.7841],[4.9684,49.797],[5.0263,49.7667],[5.0819,49.7527],[5.1364,49.7053],[5.1925,49.6828],[5.2592,49.6913],[5.2994,49.6625],[5.2979,49.6133],[5.3349,49.6258],[5.3912,49.6088],[5.3899,49.5933],[5.3021,49.5495],[5.2731,49.544],[5.2629,49.5588],[5.25,49.5597],[5.1841,49.5641],[5.1395,49.585],[5.1008,49.5635],[5.0947,49.5208],[5.0713,49.5005],[5.0959,49.466],[5.1139,49.4218],[5.0919,49.3787],[5.0421,49.3321],[5.0495,49.2798],[4.9787,49.2357],[4.98,49.2098],[4.9554,49.1652],[4.9789,49.1201],[4.987,49.0476],[4.9978,49.0309],[5.0338,49.0125],[5.0202,48.9913],[5.0174,48.9472],[4.9888,48.9245],[4.9452,48.9157],[4.9216,48.8785],[4.9302,48.8322],[4.9069,48.8048],[4.9172,48.7877],[4.9828,48.75],[4.9921,48.6929],[5.0046,48.6554],[5.0359,48.6181],[5.117,48.5812],[5.187,48.5419],[5.2686,48.5108],[5.3448,48.5004],[5.3563,48.4814],[5.4552,48.4192],[5.4242,48.3881],[5.4322,48.3373],[5.5085,48.3507],[5.534,48.3339],[5.5844,48.2838],[5.6379,48.2808],[5.6615,48.2386],[5.713,48.2114],[5.7203,48.196],[5.6975,48.1805],[5.6885,48.1477],[5.6593,48.1008],[5.7322,48.0467],[5.788,48.0225],[5.799,48.0012],[5.7981,47.9642],[5.8128,47.9572],[5.8492,47.9676],[5.8918,47.9326],[5.9261,47.9481],[5.9551,47.9797],[5.9709,47.9409],[6.0344,47.9726],[6.071,48.0044],[6.0994,48.0087],[6.1469,48.0016],[6.1827,47.9768],[6.1819,47.9582],[6.2438,47.9322],[6.2828,47.9348],[6.3224,47.9505],[6.3734,47.953],[6.412,47.9423],[6.4987,47.9047],[6.5526,47.9012],[6.5765,47.908],[6.6138,47.9413],[6.6372,47.9351],[6.6965,47.8899],[6.7407,47.8761],[6.836,47.8242],[6.7848,47.78],[6.7651,47.7529],[6.7608,47.7138],[6.7865,47.655],[6.7897,47.6042],[6.8109,47.5764],[6.8071,47.5629],[6.8248,47.5476],[6.8938,47.5518],[6.9234,47.5211],[6.9144,47.487],[6.9392,47.4268],[6.991,47.4522],[6.9733,47.4891],[7.0008,47.4977],[7.0539,47.4904],[7.1037,47.4963],[7.1422,47.4877],[7.1808,47.4883],[7.1626,47.4599],[7.1683,47.4436],[7.2448,47.4177],[7.2826,47.4289],[7.3369,47.4319],[7.3842,47.4131],[7.4112,47.3983],[7.4197,47.3827],[7.4371,47.3793],[7.4527,47.3958],[7.5068,47.3886],[7.5422,47.4108],[7.5774,47.4155],[7.5748,47.4283],[7.6029,47.4312],[7.6266,47.4618],[7.6081,47.4728],[7.6145,47.4841],[7.6497,47.4834],[7.6643,47.4916],[7.7134,47.4673],[7.6904,47.4482],[7.6839,47.4216],[7.6379,47.4065],[7.6396,47.3849],[7.6538,47.3681],[7.7138,47.3662],[7.7521,47.3477],[7.7861,47.3385],[7.8053,47.3636],[7.8705,47.3847],[7.882,47.4024],[7.9289,47.4078],[7.9537,47.4223],[7.9449,47.4406],[7.9549,47.4577],[7.9791,47.4487],[7.9813,47.4312],[8.0057,47.4043],[8.028,47.3981],[8.0291,47.3792],[7.9969,47.3345],[7.9816,47.3283],[7.9019,47.3383],[7.8575,47.3107],[7.8229,47.269],[7.8393,47.2318],[7.8751,47.1767],[7.8871,47.1283],[7.8741,47.1014],[7.8733,47.0481],[7.8975,47.0115],[7.9525,47.0027],[7.93,46.9482],[7.916,46.934],[7.8757,46.9244],[7.8609,46.8779],[7.8705,46.8503],[7.9522,46.8024],[7.9771,46.7789],[8.0437,46.7883],[8.0946,46.7843],[8.1581,46.759],[8.1987,46.7676],[8.2703,46.759],[8.2909,46.7617],[8.3244,46.7777],[8.3682,46.7895],[8.3916,46.7751],[8.4462,46.7692],[8.4376,46.7414],[8.4447,46.6911],[8.4017,46.6887],[8.4094,46.6557],[8.4217,46.6459],[8.4076,46.5932],[8.4374,46.5466],[8.4769,46.5318],[8.5098,46.5509],[8.5238,46.5785],[8.5487,46.585],[8.6363,46.5712],[8.6779,46.5836],[8.7112,46.573],[8.7884,46.5681],[8.8473,46.5752],[8.8981,46.5893],[8.9148,46.6204],[8.956,46.6306],[8.9648,46.6148],[9.0221,46.6049],[9.0385,46.5907],[9.0152,46.5335],[9.0486,46.4809],[9.0773,46.4823],[9.0978,46.4161],[9.0891,46.3637],[9.057,46.299],[9.0875,46.2206],[9.1638,46.173],[9.1813,46.2041],[9.2248,46.2312],[9.2397,46.267],[9.269,46.3094],[9.2738,46.3443],[9.2604,46.3797],[9.2609,46.4167],[9.238,46.4365],[9.2632,46.4851],[9.2823,46.4974],[9.331,46.5015],[9.3771,46.4687],[9.4107,46.4889],[9.4379,46.492],[9.4438,46.3961],[9.4516,46.3704],[9.4826,46.3568],[9.5153,46.3086],[9.5597,46.2927],[9.6743,46.2918],[9.7084,46.3117],[9.7093,46.3424],[9.7309,46.3507],[9.7681,46.3386],[9.8554,46.367],[9.899,46.3722],[9.964,46.3561],[9.9776,46.2981],[10.0317,46.2601],[10.0427,46.2205],[10.0757,46.22],[10.1458,46.2433],[10.1589,46.2624],[10.1049,46.3094],[10.0918,46.329],[10.105,46.3614],[10.1332,46.3811],[10.1334,46.414],[10.0421,46.4327],[10.0263,46.4463],[10.044,46.467],[10.0269,46.4932],[10.0328,46.533],[10.0712,46.5644],[10.0878,46.6044],[10.1921,46.6268],[10.2338,46.618],[10.2347,46.5753],[10.2759,46.5655],[10.2954,46.5511],[10.3543,46.5483],[10.4259,46.5353],[10.4518,46.5467],[10.4939,46.4945],[10.5413,46.4895],[10.6247,46.4545],[10.6575,46.4495],[10.7452,46.4849],[10.7762,46.4754],[10.7975,46.4469],[10.8399,46.4307],[10.9974,46.4792],[11.0511,46.446],[11.0643,46.458],[11.0553,46.5156],[11.0859,46.5236],[11.1176,46.4938],[11.1454,46.4872],[11.1927,46.5056],[11.2145,46.4693],[11.2018,46.3392],[11.1562,46.284],[11.1615,46.2495],[11.191,46.2271],[11.242,46.2312],[11.2871,46.2591],[11.3282,46.2935],[11.3707,46.269],[11.3876,46.2811],[11.4085,46.3245],[11.4549,46.3348],[11.4766,46.3596],[11.5378,46.3537],[11.5774,46.3681],[11.5953,46.3862],[11.6412,46.4727],[11.6841,46.5077],[11.7158,46.5138],[11.7784,46.5101],[11.8118,46.5303],[11.8322,46.504],[11.8519,46.5142],[12.022,46.5394],[12.0712,46.6131],[12.0803,46.6499],[12.0991,46.6678],[12.1386,46.6443],[12.1779,46.6348],[12.214,46.5961],[12.2531,46.6109],[12.3024,46.6146],[12.3407,46.6282],[12.3825,46.6181],[12.3992,46.6397],[12.4696,46.6758],[12.4999,46.6721],[12.562,46.6512],[12.6202,46.6565],[12.6714,46.6525],[12.6974,46.6405],[12.7485,46.641],[12.8304,46.6096],[13.0645,46.598],[13.1465,46.585],[13.2311,46.5522],[13.2714,46.5508],[13.3733,46.5658],[13.417,46.5605],[13.478,46.5636],[13.5068,46.5469],[13.5492,46.5458],[13.6703,46.5187],[13.701,46.5197],[13.6899,46.4933],[13.6859,46.464],[13.6775,46.4521],[13.6588,46.4451],[13.6002,46.4426],[13.5757,46.4267],[13.53,46.3883],[13.4837,46.3712],[13.4597,46.359],[13.4341,46.3539],[13.4232,46.3448],[13.3956,46.3067],[13.3653,46.2903],[13.3786,46.2684],[13.3847,46.2433],[13.3981,46.2305],[13.4101,46.208],[13.4374,46.2109],[13.4228,46.2286],[13.4683,46.2234],[13.4823,46.2179],[13.5102,46.214],[13.529,46.2048],[13.559,46.1841],[13.5845,46.1813],[13.6274,46.1817],[13.6411,46.1714],[13.645,46.1617],[13.6164,46.125],[13.5226,46.0753],[13.5051,46.066],[13.4823,46.0448],[13.4903,46.0389],[13.4928,46.0325],[13.4823,46.0184],[13.4618,46.0064],[13.5094,45.9674],[13.5394,45.969],[13.5717,45.9798],[13.6007,45.9846],[13.6228,45.9664],[13.6153,45.9459],[13.6082,45.9266],[13.5993,45.9123],[13.5693,45.8645],[13.566,45.8303],[13.5742,45.819],[13.5813,45.8092],[13.5885,45.8065],[13.6092,45.7986],[13.6436,45.7957],[13.6603,45.792],[13.6999,45.7705],[13.7095,45.7653],[13.7787,45.7434],[13.8584,45.6494],[13.8692,45.6411],[13.8936,45.6338],[13.887,45.6188],[13.8679,45.6022],[13.88,45.5725],[13.8946,45.5598],[13.9104,45.552],[13.9522,45.546],[13.9838,45.5195],[13.9875,45.5119],[14.014,45.508],[14.0667,45.4803],[14.0929,45.4739],[14.1167,45.473],[14.1173,45.473],[14.1455,45.4762],[14.2187,45.4972],[14.2804,45.4811],[14.3268,45.4749],[14.3728,45.4778],[14.4112,45.4932],[14.4689,45.5256],[14.4821,45.5424],[14.4915,45.5792],[14.4986,45.5962],[14.5436,45.6364],[14.5561,45.6567],[14.5691,45.6643],[14.5809,45.6678],[14.5919,45.6634],[14.5941,45.648],[14.5939,45.6162],[14.6031,45.6036],[14.616,45.5941],[14.6503,45.5748],[14.6637,45.5702],[14.6717,45.5568],[14.6685,45.534],[14.6883,45.522],[14.7815,45.4931],[14.7972,45.4652],[14.8388,45.459],[14.8816,45.4698],[14.9008,45.4931],[14.9044,45.5144],[14.9226,45.5149],[14.9454,45.5045],[14.9626,45.4931],[14.9773,45.4917],[15.0074,45.4808],[15.0562,45.4799],[15.0661,45.4739],[15.1393,45.43],[15.1842,45.4256],[15.2258,45.4365],[15.2816,45.451],[15.314,45.4505],[15.3339,45.4585],[15.3614,45.482],[15.311,45.5059],[15.2967,45.523],[15.2822,45.5715],[15.2696,45.5934],[15.2686,45.6017],[15.2879,45.6103],[15.2974,45.6257],[15.3267,45.6323],[15.3531,45.6403],[15.3738,45.6402],[15.3683,45.649],[15.35,45.6696],[15.3829,45.6904],[15.4209,45.6953],[15.4738,45.6618],[15.5131,45.6473],[15.5137,45.6324],[15.5756,45.6024],[15.5936,45.6205],[15.6264,45.6214],[15.6633,45.6049],[15.7316,45.5886],[15.7474,45.5952],[15.7392,45.5589],[15.7799,45.5225],[15.8129,45.5234],[15.8425,45.4659],[15.8372,45.4363],[15.8141,45.3987],[15.7799,45.3951],[15.716,45.4208],[15.6765,45.4252],[15.6568,45.4152],[15.6723,45.3982],[15.6651,45.3766],[15.6796,45.3488],[15.6639,45.3396],[15.6564,45.2851],[15.6616,45.2681],[15.6312,45.2395],[15.6394,45.2107],[15.7049,45.2009],[15.7617,45.21],[15.8026,45.1965],[15.8248,45.211],[15.8789,45.2172],[16.0085,45.2182],[16.0292,45.205],[16.0244,45.1843],[16.0675,45.1696],[16.1041,45.1125],[16.213,45.0315],[16.2793,45.0072],[16.3162,45.0012],[16.346,45.02],[16.382,45.0837],[16.3818,45.1076],[16.4355,45.1329],[16.4819,45.1995],[16.5289,45.2223],[16.587,45.2209],[16.7863,45.1788],[16.8242,45.1891],[16.8307,45.217],[16.9244,45.2845],[16.9473,45.2357],[16.9612,45.2509],[17.0083,45.2162],[17.0363,45.2305],[17.0557,45.2004],[17.1246,45.1691],[17.1871,45.1486],[17.2455,45.1554],[17.269,45.1895],[17.3824,45.1396],[17.4341,45.1486],[17.4478,45.1343],[17.4962,45.1417],[17.4893,45.1163],[17.5724,45.1204],[17.63,45.1573],[17.6847,45.164],[17.7145,45.152],[17.7657,45.111],[17.7975,45.082],[17.8357,45.0644],[17.9026,45.0778],[17.9277,45.092],[17.9885,45.1438],[18.0191,45.1494],[18.0903,45.108],[18.1437,45.0977],[18.1749,45.1008],[18.1993,45.119],[18.2023,45.1441],[18.2379,45.1575],[18.262,45.1507],[18.3223,45.1229],[18.3929,45.1186],[18.412,45.1124],[18.4518,45.085],[18.4817,45.0669],[18.517,45.0559],[18.5411,45.0553],[18.5348,45.0884],[18.504,45.1289],[18.5034,45.1555],[18.5369,45.1935],[18.5538,45.192],[18.5679,45.2266],[18.5532,45.2413],[18.5067,45.251],[18.5119,45.2926],[18.5727,45.3052],[18.5897,45.3186],[18.6323,45.3214],[18.655,45.3916],[18.7141,45.4161],[18.7869,45.4136],[18.8019,45.4228],[18.7886,45.4554],[18.8611,45.4813],[18.8822,45.4781],[18.9385,45.4325],[19.0023,45.4437],[18.9964,45.4738],[19.0179,45.4978],[19.0772,45.4916],[19.1063,45.5116],[19.0951,45.5261],[19.051,45.5389],[19.0181,45.5674],[18.9602,45.5391],[18.9417,45.5389],[18.9036,45.5731],[18.9124,45.6192],[18.9685,45.6687],[18.9627,45.6831],[18.9173,45.7066],[18.9002,45.7649],[18.8487,45.8096],[18.8553,45.8574],[18.8998,45.8614],[18.904,45.8757],[18.8729,45.8952],[18.907,45.9157],[18.9013,45.9312],[18.8225,45.9056],[18.8049,45.9136],[18.786,45.8869],[18.7633,45.884],[18.6743,45.9104],[18.633,45.8919],[18.6222,45.8684],[18.5855,45.8269],[18.5303,45.7909],[18.4818,45.7914],[18.4117,45.7432],[18.3838,45.7432],[18.3672,45.7582],[18.3177,45.7473],[18.2112,45.7854],[18.129,45.7854],[18.0805,45.7717],[17.9754,45.7921],[17.9062,45.7921],[17.858,45.7759],[17.8092,45.8144],[17.6873,45.8406],[17.6547,45.8521],[17.6458,45.8918],[17.5911,45.9362],[17.5119,45.9539],[17.4267,45.9567],[17.4062,45.9437],[17.3892,45.9631],[17.3453,45.9557],[17.3379,45.9846],[17.3066,45.9799],[17.2901,45.9915],[17.3168,45.9977],[17.2759,46.012],[17.2486,46.0802],[17.1973,46.1212],[17.1162,46.1231],[17.0529,46.1535],[17.028,46.1805],[16.9748,46.2106],[16.9407,46.2515],[16.8892,46.2922],[16.8793,46.3121],[16.8594,46.3648],[16.8377,46.3819],[16.7693,46.3961],[16.7551,46.3819],[16.7429,46.3996],[16.7124,46.4127],[16.6593,46.4642],[16.5943,46.483],[16.5837,46.4707],[16.5153,46.5017],[16.5008,46.5448],[16.4671,46.5647],[16.4302,46.6044],[16.3946,46.619],[16.3764,46.6291],[16.3722,46.6363],[16.3684,46.643],[16.3776,46.6529],[16.3967,46.6591],[16.4026,46.6631],[16.4105,46.6684],[16.405,46.6873],[16.39,46.6942],[16.3714,46.6949],[16.3662,46.6965],[16.3654,46.6967],[16.3576,46.699],[16.3573,46.7158],[16.3434,46.7142],[16.3142,46.7433],[16.2982,46.7758],[16.2995,46.7795],[16.3022,46.787],[16.3111,46.7975],[16.3149,46.802],[16.3218,46.8133],[16.3275,46.8255],[16.3298,46.8344],[16.3253,46.8394],[16.3107,46.84],[16.3019,46.8432],[16.2974,46.847],[16.2822,46.8599],[16.272,46.864],[16.1795,46.8585],[16.1354,46.8558],[16.1302,46.8567],[16.094,46.8628],[16.0529,46.8461],[16.032,46.8376],[16.0284,46.8369],[16.0037,46.8707],[16.0115,46.9133],[16.0545,46.9442],[16.1363,47.0249],[16.1347,47.0402],[16.0895,47.0829],[16.0844,47.1069],[16.095,47.1651],[16.0675,47.2376],[16.0584,47.2911],[16.02,47.3724],[16.0475,47.4106],[16.0717,47.3949],[16.1479,47.443],[16.2309,47.4455],[16.2722,47.4634],[16.3245,47.5013],[16.3212,47.5717],[16.3758,47.6449],[16.3125,47.7025],[16.2893,47.7325],[16.2897,47.7936],[16.3242,47.7964],[16.358,47.833],[16.36,47.8718],[16.3909,47.9029],[16.4393,47.9281],[16.5031,47.9353],[16.5732,47.9198],[16.6123,47.9332],[16.6803,47.9715],[16.7045,48.0092],[16.7504,48.0295],[16.7738,48.0298],[16.8566,48.0632],[16.9002,48.0721],[16.9623,48.0458],[16.9829,48.0682],[16.983,48.0978],[17.0035,48.1091],[17.0344,48.1],[17.0625,48.1127],[17.0475,48.131],[17.0072,48.1428],[16.9819,48.1613],[16.9506,48.2766],[16.9166,48.2908],[16.8984,48.3162],[16.9019,48.3394],[16.8445,48.3656],[16.8608,48.4438],[16.9139,48.5193],[16.9491,48.5448],[16.945,48.6042],[16.9105,48.6308],[16.8967,48.697],[16.873,48.719],[16.7989,48.7092],[16.729,48.7331],[16.662,48.74],[16.6431,48.7783],[16.5103,48.8048],[16.4357,48.7945],[16.385,48.7371],[16.3583,48.7273],[16.1778,48.7465],[16.0854,48.7429],[16.0323,48.7581],[15.9081,48.8197],[15.886,48.842],[15.8401,48.8501],[15.8185,48.8723],[15.7792,48.8709],[15.7268,48.855],[15.6813,48.8585],[15.6037,48.8874],[15.5442,48.9026],[15.4719,48.9367],[15.3355,48.975],[15.2629,48.9826],[15.2381,48.9508],[15.1419,48.9375],[15.149,48.9653],[15.1374,48.993],[15.0596,48.9972],[14.9821,49.0079],[14.9646,48.9717],[14.9682,48.885],[14.9381,48.8028],[14.9511,48.7803],[14.9193,48.7616],[14.8677,48.7756],[14.8004,48.7765],[14.7754,48.724],[14.7227,48.6934],[14.7038,48.6731],[14.7007,48.6155],[14.6911,48.5865],[14.6592,48.577],[14.6347,48.6023],[14.6019,48.6045],[14.5788,48.6205],[14.522,48.6106],[14.4821,48.6245],[14.4582,48.6432],[14.4436,48.6365],[14.4054,48.5863],[14.3157,48.5579],[14.2165,48.5812],[14.0748,48.5917],[14.0408,48.6012],[14.0062,48.6395],[14.0329,48.6549],[13.9823,48.7065],[13.915,48.731],[13.8559,48.7593],[13.8157,48.7664],[13.7962,48.7798],[13.7247,48.8673],[13.6544,48.8822],[13.6218,48.9091],[13.6087,48.9462],[13.5905,48.9448],[13.5224,48.9693],[13.5021,48.9661],[13.4823,48.9376],[13.4273,48.96],[13.3842,48.993],[13.3724,49.0385],[13.2995,49.0936],[13.2673,49.1056],[13.2068,49.1075],[13.1785,49.1183],[13.1495,49.1548],[13.0558,49.2382],[13.0113,49.2678],[12.9998,49.2949],[12.9229,49.3327],[12.8847,49.3396],[12.8754,49.3239],[12.7978,49.3278],[12.7621,49.3432],[12.7293,49.3911],[12.6435,49.4295],[12.6272,49.4602],[12.623,49.5098],[12.5937,49.515],[12.5623,49.5508],[12.5536,49.5847],[12.502,49.6197],[12.4964,49.67],[12.4196,49.7002],[12.3836,49.7429],[12.3954,49.7579],[12.4527,49.7797],[12.4625,49.8312],[12.4825,49.8272],[12.5129,49.8702],[12.5241,49.905],[12.4627,49.9313],[12.4682,49.9702],[12.2469,50.045],[12.2325,50.0805],[12.1879,50.1028],[12.1792,50.118],[12.1827,50.1707],[12.1393,50.211],[12.0796,50.2427],[12.1091,50.2638],[12.1073,50.2909],[12.0761,50.3152],[12.1013,50.314],[12.0937,50.3226],[12.0399,50.3288],[11.986,50.3516],[11.9812,50.3853],[11.9405,50.4145],[11.9053,50.4152],[11.8997,50.4293],[11.9311,50.4403],[11.9475,50.4622],[11.9258,50.4884],[11.9447,50.5159],[11.9894,50.5461],[12.0485,50.5316],[12.0812,50.5613],[12.1454,50.5625],[12.1587,50.6037],[12.1869,50.6264],[12.2529,50.6263],[12.29,50.6434],[12.3218,50.674],[12.2855,50.677],[12.2628,50.7222],[12.2412,50.7222],[12.2492,50.7426],[12.2855,50.7693],[12.258,50.7925],[12.3308,50.8064],[12.3642,50.8233],[12.4244,50.8243],[12.4628,50.8566],[12.5275,50.8766],[12.6017,50.8764],[12.6109,50.8701],[12.6472,50.8999],[12.6022,50.9525],[12.5457,50.9713],[12.4914,51.0285],[12.4837,51.0583],[12.3289,51.0878],[12.2646,51.0838],[12.2464,51.0326],[12.2754,51.0098],[12.2171,50.9542],[12.2008,50.9279],[12.1595,50.952],[12.1204,50.9445],[12.0679,50.9561],[12.0046,50.949],[11.9609,50.971],[11.9314,50.9981],[11.8607,51.0226],[11.7326,51.0175],[11.6974,51.0642],[11.6891,51.0919],[11.6631,51.1012],[11.6275,51.0956],[11.5352,51.1003],[11.5047,51.0892],[11.4274,51.0988],[11.4264,51.1077],[11.4203,51.1597],[11.3886,51.1899],[11.333,51.2163],[11.3524,51.2301],[11.4224,51.2437],[11.4519,51.2715],[11.3672,51.3575],[11.3149,51.3833],[11.1962,51.3974],[11.1538,51.3969],[10.9991,51.4087],[10.9645,51.4278],[10.9718,51.4627],[10.9454,51.4995],[10.965,51.4721],[11.3,51.52],[11.6,51.45],[11.9,51.42],[12.1,51.47],[12.22,51.6],[12.2662,51.7155],[12,51.68],[11.8,51.68],[11.65,51.72],[11.75,51.9],[11.8596,51.973],[11.74,52.02],[11.66,52.13],[11.7,52.23],[11.77,52.31],[11.9,52.45],[11.98,52.55],[12,52.67],[12.04,52.79],[12.04,52.86],[11.9795,52.8859],[11.9655,52.8852],[11.8967,52.9017],[11.8319,52.9282],[11.8444,52.946],[11.8158,52.9593],[11.8073,52.9603],[11.798,52.9676],[11.75,52.99],[11.7435,52.992],[11.6942,52.984],[11.6814,53.0106],[11.6696,53.0141],[11.6223,53.0224],[11.623,53.0281],[11.5802,53.041],[11.5619,53.01],[11.5813,53.0429],[11.4907,53.0607],[11.4609,53.0794],[11.4169,53.0809],[11.3656,53.064],[11.3276,53.0724],[11.2741,53.1175],[11.2558,53.1362],[11.2397,53.142],[11.2247,53.153],[11.2014,53.1405],[11.1943,53.1409],[11.1645,53.1709],[11.1434,53.1727],[11.1093,53.1558],[11.0894,53.1442],[11.0681,53.1555],[11.0401,53.1664],[10.9302,53.2285],[10.8393,53.2601],[10.8073,53.2756],[10.7868,53.2934],[10.7751,53.3002],[10.7558,53.3029],[10.7394,53.3085],[10.7346,53.3217],[10.7316,53.352],[10.7097,53.3683],[10.6755,53.3737],[10.6012,53.3718],[10.6222,53.391],[10.6272,53.4015],[10.6272,53.4137],[10.6354,53.4452],[10.6408,53.451],[10.6611,53.4582],[10.6863,53.4568],[10.6945,53.4601],[10.7017,53.4755],[10.7082,53.4794],[10.7257,53.4811],[10.7602,53.4882],[10.8049,53.5094],[10.8204,53.5148],[10.8239,53.5313],[10.8324,53.5441],[10.8297,53.5701],[10.8414,53.5719],[10.8578,53.5682],[10.9036,53.5723],[10.9115,53.5714],[10.929,53.5485],[10.9381,53.5525],[10.9544,53.5661],[10.9423,53.5697],[10.953,53.5737],[10.9527,53.5844],[10.9406,53.6114],[10.9398,53.6287],[10.956,53.6391],[10.955,53.6555],[10.9465,53.6649],[10.9456,53.6771],[10.9381,53.6847],[10.9146,53.6968],[10.8789,53.702],[10.8655,53.6999],[10.8466,53.7085],[10.8059,53.7412],[10.7781,53.7458],[10.7609,53.7467],[10.7584,53.7519],[10.7674,53.7746],[10.771,53.7933],[10.7615,53.8225],[10.753,53.8341],[10.7519,53.84],[10.7513,53.8431],[10.7633,53.8651],[10.7726,53.8699],[10.8123,53.8827],[10.8613,53.9098],[10.8852,53.9191],[10.9073,53.9155],[10.9067,53.9053],[10.9129,53.9021],[10.9453,53.9052],[10.95,53.9076],[10.9605,53.9129],[10.95,53.9149],[10.9203,53.9205],[10.9042,53.9313],[10.906,53.9612],[10.9222,53.9614],[10.9222,54.0474],[10.9401,54.0474],[10.9427,54.1336],[10.9505,54.1395],[11.0666,54.1839],[11.0945,54.2251],[11.0871,54.2709],[11.0945,54.2835],[11.0774,54.3422],[11.1355,54.3859],[11.1042,54.3929],[11.0339,54.3676],[11.0188,54.3859],[10.9353,54.3795],[10.913,54.3726],[10.3193,54.5096],[10.3,54.5],[10.15,54.42],[10,54.38],[9.85,54.35],[9.67,54.3],[9.5,54.28],[9.3,54.3],[9.1,54.37],[8.9,54.3],[8.6361,54.2868],[8.6417,54.2826],[8.7715,54.0675],[8.7999,54.0204],[8.7835,54.0084],[8.7613,53.9923],[8.7235,53.9648],[8.7032,53.95],[8.6857,53.9372],[8.6101,53.8822],[8.6071,53.8815],[8.5733,53.8577],[8.5715,53.8542],[8.5,53.8021],[8.4434,53.7609],[8.3152,53.6676],[8.1614,53.5557],[8.1498,53.5602],[8.1244,53.5836],[8.1276,53.5908],[8.1074,53.5992],[8.0253,53.6747],[8.0314,53.7081],[7.9599,53.7204],[7.9365,53.748],[7.9361,53.748],[7.4711,53.7178],[7.2267,53.702],[7.1009,53.6938],[6.9823,53.5647],[6.954,53.5339],[6.9256,53.503],[6.9212,53.4982],[6.9065,53.4822],[6.8601,53.4838],[6.7379,53.4881],[6.4935,53.4965],[6.463,53.4976],[6.4324,53.4987],[6.4018,53.4997],[6.3713,53.5008],[6.3408,53.5018],[6.3245,53.5024],[6.3189,53.5072],[6.3345,53.511],[6.3337,53.5111],[6.3343,53.5112],[6.3338,53.5112],[6.3345,53.5114],[6.3118,53.5132],[6.3108,53.5141],[6.305,53.5138],[6.2913,53.5149],[6.2909,53.5149],[6.2752,53.5122],[6.2118,53.5089],[6.2017,53.5067],[6.1269,53.5092],[6.0753,53.511],[6.0749,53.511],[6.0046,53.4895],[5.9333,53.4678],[5.9138,53.4739],[5.8856,53.4732],[5.8773,53.4749],[5.8769,53.4749],[5.7077,53.4732],[5.6537,53.4663],[5.6541,53.4659],[5.6537,53.4659],[5.6545,53.4652],[5.6419,53.4634],[5.6361,53.4487],[5.679,53.4301],[5.7363,53.4435],[5.7854,53.4474],[5.8556,53.4474],[5.876,53.4502],[5.5158,53.3402],[5.2714,53.2655],[5.1492,53.2282],[5.0881,53.2095],[5.0576,53.2002],[5.027,53.1908],[4.9883,53.179],[4.9495,53.1672],[4.8974,53.1512],[4.8872,53.1644],[4.8872,53.1833],[4.8868,53.1831],[4.8868,53.1833],[4.8858,53.1827],[4.8858,53.1867],[4.8543,53.1877],[4.8057,53.133],[4.7597,53.1091],[4.7167,53.096],[4.7068,53.093],[4.4064,52.5894],[4.3168,52.4391],[4.2944,52.4015],[4.2719,52.3639],[4.2271,52.2887],[4.0493,51.9907],[4.0225,51.9944],[4.01,51.9801],[4.0257,51.951],[3.9638,51.8472],[3.9627,51.8474],[3.8623,51.8161],[3.8716,51.7883],[3.9339,51.7971],[3.9173,51.7693],[3.9016,51.743],[3.8101,51.7473],[3.7928,51.7457],[3.7892,51.7459],[3.7888,51.7459],[3.7825,51.7448],[3.7258,51.7397],[3.7054,51.7314],[3.6988,51.7303],[3.6988,51.7288],[3.6895,51.725],[3.6867,51.6927],[3.7206,51.6768],[3.7654,51.6784],[3.7758,51.6858],[3.8159,51.693],[3.8244,51.69],[3.8596,51.6726],[3.8284,51.6204],[3.8118,51.6115],[3.5604,51.5946],[3.5469,51.5894],[3.5008,51.5775],[3.4838,51.5652],[3.4575,51.5551],[3.447,51.546],[3.4619,51.519],[3.4948,51.5009],[3.5321,51.4626],[3.4881,51.4392],[3.4608,51.4246],[3.6,51.42],[3.75,51.385],[3.85,51.37],[4,51.4],[4.15,51.37],[4.2126,51.37],[4.1904,51.375],[4.1904,51.3816],[4.237,51.3816],[4.237,51.3503],[4.2441,51.3421],[4.2837,51.3421],[4.2854,51.318],[4.2875,51.317],[4.2875,51.3068],[4.303,51.2961],[4.2987,51.2696],[4.2886,51.2579],[4.333,51.1697],[4.316,51.1322],[4.2158,51.1215],[4.182,51.0999],[4.1964,51.0545],[4.2123,51.0341],[4.2403,51.0381],[4.2171,50.9901],[4.1617,50.9906],[4.1465,50.9706],[4.1602,50.9299],[4.137,50.9196],[4.0913,50.9318],[4.1001,50.9125],[4.0736,50.9],[4.0871,50.8814],[4.0404,50.8384],[4.0749,50.8207],[4.0604,50.7926],[3.9822,50.7669],[3.9563,50.7798],[3.9312,50.7576],[3.9506,50.7341],[3.895,50.7342],[3.8844,50.7514],[3.828,50.7435],[3.7746,50.749],[3.7578,50.7803],[3.7145,50.7686],[3.704,50.7821],[3.6753,50.7719],[3.6347,50.7219],[3.6066,50.7342],[3.5405,50.7349],[3.534,50.7664],[3.4941,50.7589],[3.4576,50.7685],[3.4128,50.7474],[3.3635,50.7097],[3.3231,50.7235],[3.3033,50.7564],[3.2608,50.7523],[3.2197,50.7673],[3.1628,50.7499]],[[7.3842,47.4131],[7.3882,47.4333],[7.4206,47.4509],[7.4458,47.4389],[7.4551,47.4214],[7.4404,47.4146],[7.3842,47.4131]],[[4.2609,51.37],[4.2803,51.37],[4.2666,51.3881],[4.2811,51.3689],[4.2611,51.3694],[4.2609,51.37]],[[7.446,47.4869],[7.4674,47.4819],[7.4858,47.4988],[7.529,47.4939],[7.5339,47.4608],[7.4542,47.452],[7.446,47.4869]]],[[[4.8789,53.2209],[4.9102,53.2125],[4.9575,53.2456],[4.9716,53.2538],[5.1105,53.3079],[5.1098,53.3079],[5.1103,53.3081],[5.11,53.3081],[5.1105,53.3083],[5.1006,53.3085],[5.1048,53.3096],[5.0545,53.3138],[5.0428,53.3097],[5.0277,53.31],[5.0273,53.31],[4.9972,53.2937],[4.9865,53.29],[4.9212,53.2537],[4.917,53.2504],[4.9084,53.2458],[4.9087,53.2455],[4.9084,53.2454],[4.9095,53.2446],[4.8789,53.2209]]],[[[5.1789,53.3854],[5.1799,53.3531],[5.2083,53.3527],[5.3469,53.3892],[5.427,53.4064],[5.4817,53.4127],[5.4797,53.4172],[5.5821,53.4381],[5.5815,53.4382],[5.5819,53.4383],[5.5815,53.4384],[5.5821,53.4385],[5.5701,53.441],[5.5853,53.4536],[5.437,53.4365],[5.4284,53.4326],[5.4161,53.4315],[5.1893,53.3916],[5.1898,53.3914],[5.1895,53.3914],[5.1898,53.3913],[5.1893,53.3912],[5.1958,53.3891],[5.1789,53.3854]]],[[[6.6437,53.5787],[6.6441,53.5787],[6.6739,53.5799],[6.6771,53.5756],[6.7346,53.5752],[6.7293,53.582],[6.7341,53.5822],[6.7576,53.5971],[6.7981,53.6044],[6.7879,53.6163],[6.8025,53.6256],[6.802,53.6256],[6.8023,53.6258],[6.8022,53.6258],[6.8025,53.626],[6.7553,53.626],[6.6689,53.6051],[6.6641,53.6001],[6.6595,53.5991],[6.6611,53.597],[6.6437,53.5791],[6.6441,53.5791],[6.6437,53.5787]]],[[[11.0057,54.4685],[11.0325,54.4473],[11.0581,54.4553],[11.0739,54.4539],[11.1064,54.4314],[11.1126,54.4152],[11.179,54.4142],[11.1805,54.4161],[11.2802,54.4172],[11.3142,54.4138],[11.2556,54.4787],[11.2448,54.4866],[11.2341,54.5009],[11.2213,54.5038],[11.2066,54.5145],[11.1213,54.536],[11.0907,54.533],[11.0865,54.5339],[11.0864,54.5338],[11.0861,54.5339],[11.0815,54.5321],[11.0729,54.5312],[11.0571,54.5222],[11.0429,54.5165],[11.0405,54.5128],[11.0337,54.5089],[11.0057,54.4685]]]]}},
{"type":"Feature","properties":{"entityId":"east-francia","from":894,"to":900,"certainty":"estimated","source":"유럽 쪽은 Natural Earth 1:10m admin-1(v5.1.2) 현대 행정구역 조각을 그 시기 국경에 맞춰 묶고, 조각이 역사 경계와 다른 곳은 선을 그어 나눈 근사. 유럽 밖(시베리아·중앙아시아·극동)은 대략적인 추정. 운영자 검수 필요"},"geometry":{"type":"MultiPolygon","coordinates":[[[[3.1628,50.7499],[3.1969,50.7092],[3.2244,50.7052],[3.2438,50.6721],[3.2298,50.6554],[3.2643,50.5702],[3.271,50.5269],[3.2999,50.5075],[3.3436,50.4929],[3.3854,50.4916],[3.4292,50.5018],[3.4629,50.5191],[3.4915,50.5171],[3.4991,50.4868],[3.5637,50.4865],[3.6083,50.4765],[3.6444,50.4455],[3.6529,50.3602],[3.6617,50.3193],[3.6969,50.2982],[3.7415,50.3431],[3.7987,50.3485],[3.8402,50.3452],[3.8959,50.3253],[3.9821,50.3426],[4.0227,50.3381],[4.0979,50.2948],[4.1253,50.2571],[4.1437,50.2516],[4.1628,50.273],[4.2037,50.252],[4.1573,50.2127],[4.1258,50.1282],[4.1806,50.1272],[4.21,50.0602],[4.1373,50.0251],[4.1317,49.975],[4.1877,49.9555],[4.2159,49.9544],[4.2776,49.9602],[4.4277,49.9336],[4.4648,49.9356],[4.6042,49.9802],[4.6567,49.9891],[4.6729,50.0164],[4.6819,50.0839],[4.7886,50.1534],[4.8156,50.1613],[4.8201,50.1464],[4.8719,50.1398],[4.8629,50.0841],[4.846,50.0907],[4.8272,50.0641],[4.8267,50.036],[4.7883,49.9743],[4.7973,49.9443],[4.8446,49.9317],[4.8594,49.8917],[4.8369,49.848],[4.8492,49.8316],[4.849,49.7942],[4.8842,49.7841],[4.9684,49.797],[5.0263,49.7667],[5.0819,49.7527],[5.1364,49.7053],[5.1925,49.6828],[5.2592,49.6913],[5.2994,49.6625],[5.2979,49.6133],[5.3349,49.6258],[5.3912,49.6088],[5.3899,49.5933],[5.3021,49.5495],[5.2731,49.544],[5.2629,49.5588],[5.25,49.5597],[5.1841,49.5641],[5.1395,49.585],[5.1008,49.5635],[5.0947,49.5208],[5.0713,49.5005],[5.0959,49.466],[5.1139,49.4218],[5.0919,49.3787],[5.0421,49.3321],[5.0495,49.2798],[4.9787,49.2357],[4.98,49.2098],[4.9554,49.1652],[4.9789,49.1201],[4.987,49.0476],[4.9978,49.0309],[5.0338,49.0125],[5.0202,48.9913],[5.0174,48.9472],[4.9888,48.9245],[4.9452,48.9157],[4.9216,48.8785],[4.9302,48.8322],[4.9069,48.8048],[4.9172,48.7877],[4.9828,48.75],[4.9921,48.6929],[5.0046,48.6554],[5.0359,48.6181],[5.117,48.5812],[5.187,48.5419],[5.2686,48.5108],[5.3448,48.5004],[5.3563,48.4814],[5.4552,48.4192],[5.4242,48.3881],[5.4322,48.3373],[5.5085,48.3507],[5.534,48.3339],[5.5844,48.2838],[5.6379,48.2808],[5.6615,48.2386],[5.713,48.2114],[5.7203,48.196],[5.6975,48.1805],[5.6885,48.1477],[5.6593,48.1008],[5.7322,48.0467],[5.788,48.0225],[5.799,48.0012],[5.7981,47.9642],[5.8128,47.9572],[5.8492,47.9676],[5.8918,47.9326],[5.9261,47.9481],[5.9551,47.9797],[5.9709,47.9409],[6.0344,47.9726],[6.071,48.0044],[6.0994,48.0087],[6.1469,48.0016],[6.1827,47.9768],[6.1819,47.9582],[6.2438,47.9322],[6.2828,47.9348],[6.3224,47.9505],[6.3734,47.953],[6.412,47.9423],[6.4987,47.9047],[6.5526,47.9012],[6.5765,47.908],[6.6138,47.9413],[6.6372,47.9351],[6.6965,47.8899],[6.7407,47.8761],[6.836,47.8242],[6.7848,47.78],[6.7651,47.7529],[6.7608,47.7138],[6.7865,47.655],[6.7897,47.6042],[6.8109,47.5764],[6.8071,47.5629],[6.8248,47.5476],[6.8938,47.5518],[6.9234,47.5211],[6.9144,47.487],[6.9392,47.4268],[6.991,47.4522],[6.9733,47.4891],[7.0008,47.4977],[7.0539,47.4904],[7.1037,47.4963],[7.1422,47.4877],[7.1808,47.4883],[7.1626,47.4599],[7.1683,47.4436],[7.2448,47.4177],[7.2826,47.4289],[7.3369,47.4319],[7.3842,47.4131],[7.4112,47.3983],[7.4197,47.3827],[7.4371,47.3793],[7.4527,47.3958],[7.5068,47.3886],[7.5422,47.4108],[7.5774,47.4155],[7.5748,47.4283],[7.6029,47.4312],[7.6266,47.4618],[7.6081,47.4728],[7.6145,47.4841],[7.6497,47.4834],[7.6643,47.4916],[7.7134,47.4673],[7.6904,47.4482],[7.6839,47.4216],[7.6379,47.4065],[7.6396,47.3849],[7.6538,47.3681],[7.7138,47.3662],[7.7521,47.3477],[7.7861,47.3385],[7.8053,47.3636],[7.8705,47.3847],[7.882,47.4024],[7.9289,47.4078],[7.9537,47.4223],[7.9449,47.4406],[7.9549,47.4577],[7.9791,47.4487],[7.9813,47.4312],[8.0057,47.4043],[8.028,47.3981],[8.0291,47.3792],[7.9969,47.3345],[7.9816,47.3283],[7.9019,47.3383],[7.8575,47.3107],[7.8229,47.269],[7.8393,47.2318],[7.8751,47.1767],[7.8871,47.1283],[7.8741,47.1014],[7.8733,47.0481],[7.8975,47.0115],[7.9525,47.0027],[7.93,46.9482],[7.916,46.934],[7.8757,46.9244],[7.8609,46.8779],[7.8705,46.8503],[7.9522,46.8024],[7.9771,46.7789],[8.0437,46.7883],[8.0946,46.7843],[8.1581,46.759],[8.1987,46.7676],[8.2703,46.759],[8.2909,46.7617],[8.3244,46.7777],[8.3682,46.7895],[8.3916,46.7751],[8.4462,46.7692],[8.4376,46.7414],[8.4447,46.6911],[8.4017,46.6887],[8.4094,46.6557],[8.4217,46.6459],[8.4076,46.5932],[8.4374,46.5466],[8.4769,46.5318],[8.5098,46.5509],[8.5238,46.5785],[8.5487,46.585],[8.6363,46.5712],[8.6779,46.5836],[8.7112,46.573],[8.7884,46.5681],[8.8473,46.5752],[8.8981,46.5893],[8.9148,46.6204],[8.956,46.6306],[8.9648,46.6148],[9.0221,46.6049],[9.0385,46.5907],[9.0152,46.5335],[9.0486,46.4809],[9.0773,46.4823],[9.0978,46.4161],[9.0891,46.3637],[9.057,46.299],[9.0875,46.2206],[9.1638,46.173],[9.1813,46.2041],[9.2248,46.2312],[9.2397,46.267],[9.269,46.3094],[9.2738,46.3443],[9.2604,46.3797],[9.2609,46.4167],[9.238,46.4365],[9.2632,46.4851],[9.2823,46.4974],[9.331,46.5015],[9.3771,46.4687],[9.4107,46.4889],[9.4379,46.492],[9.4438,46.3961],[9.4516,46.3704],[9.4826,46.3568],[9.5153,46.3086],[9.5597,46.2927],[9.6743,46.2918],[9.7084,46.3117],[9.7093,46.3424],[9.7309,46.3507],[9.7681,46.3386],[9.8554,46.367],[9.899,46.3722],[9.964,46.3561],[9.9776,46.2981],[10.0317,46.2601],[10.0427,46.2205],[10.0757,46.22],[10.1458,46.2433],[10.1589,46.2624],[10.1049,46.3094],[10.0918,46.329],[10.105,46.3614],[10.1332,46.3811],[10.1334,46.414],[10.0421,46.4327],[10.0263,46.4463],[10.044,46.467],[10.0269,46.4932],[10.0328,46.533],[10.0712,46.5644],[10.0878,46.6044],[10.1921,46.6268],[10.2338,46.618],[10.2347,46.5753],[10.2759,46.5655],[10.2954,46.5511],[10.3543,46.5483],[10.4259,46.5353],[10.4518,46.5467],[10.4939,46.4945],[10.5413,46.4895],[10.6247,46.4545],[10.6575,46.4495],[10.7452,46.4849],[10.7762,46.4754],[10.7975,46.4469],[10.8399,46.4307],[10.9974,46.4792],[11.0511,46.446],[11.0643,46.458],[11.0553,46.5156],[11.0859,46.5236],[11.1176,46.4938],[11.1454,46.4872],[11.1927,46.5056],[11.2145,46.4693],[11.2018,46.3392],[11.1562,46.284],[11.1615,46.2495],[11.191,46.2271],[11.242,46.2312],[11.2871,46.2591],[11.3282,46.2935],[11.3707,46.269],[11.3876,46.2811],[11.4085,46.3245],[11.4549,46.3348],[11.4766,46.3596],[11.5378,46.3537],[11.5774,46.3681],[11.5953,46.3862],[11.6412,46.4727],[11.6841,46.5077],[11.7158,46.5138],[11.7784,46.5101],[11.8118,46.5303],[11.8322,46.504],[11.8519,46.5142],[12.022,46.5394],[12.0712,46.6131],[12.0803,46.6499],[12.0991,46.6678],[12.1386,46.6443],[12.1779,46.6348],[12.214,46.5961],[12.2531,46.6109],[12.3024,46.6146],[12.3407,46.6282],[12.3825,46.6181],[12.3992,46.6397],[12.4696,46.6758],[12.4999,46.6721],[12.562,46.6512],[12.6202,46.6565],[12.6714,46.6525],[12.6974,46.6405],[12.7485,46.641],[12.8304,46.6096],[13.0645,46.598],[13.1465,46.585],[13.2311,46.5522],[13.2714,46.5508],[13.3733,46.5658],[13.417,46.5605],[13.478,46.5636],[13.5068,46.5469],[13.5492,46.5458],[13.6703,46.5187],[13.701,46.5197],[13.6899,46.4933],[13.6859,46.464],[13.6775,46.4521],[13.6588,46.4451],[13.6002,46.4426],[13.5757,46.4267],[13.53,46.3883],[13.4837,46.3712],[13.4597,46.359],[13.4341,46.3539],[13.4232,46.3448],[13.3956,46.3067],[13.3653,46.2903],[13.3786,46.2684],[13.3847,46.2433],[13.3981,46.2305],[13.4101,46.208],[13.4374,46.2109],[13.4228,46.2286],[13.4683,46.2234],[13.4823,46.2179],[13.5102,46.214],[13.529,46.2048],[13.559,46.1841],[13.5845,46.1813],[13.6274,46.1817],[13.6411,46.1714],[13.645,46.1617],[13.6164,46.125],[13.5226,46.0753],[13.5051,46.066],[13.4823,46.0448],[13.4903,46.0389],[13.4928,46.0325],[13.4823,46.0184],[13.4618,46.0064],[13.5094,45.9674],[13.5394,45.969],[13.5717,45.9798],[13.6007,45.9846],[13.6228,45.9664],[13.6153,45.9459],[13.6082,45.9266],[13.5993,45.9123],[13.5693,45.8645],[13.566,45.8303],[13.5742,45.819],[13.5813,45.8092],[13.5885,45.8065],[13.6092,45.7986],[13.6436,45.7957],[13.6603,45.792],[13.6999,45.7705],[13.7095,45.7653],[13.7787,45.7434],[13.8584,45.6494],[13.8692,45.6411],[13.8936,45.6338],[13.887,45.6188],[13.8679,45.6022],[13.88,45.5725],[13.8946,45.5598],[13.9104,45.552],[13.9522,45.546],[13.9838,45.5195],[13.9875,45.5119],[14.014,45.508],[14.0667,45.4803],[14.0929,45.4739],[14.1167,45.473],[14.1173,45.473],[14.1455,45.4762],[14.2187,45.4972],[14.2804,45.4811],[14.3268,45.4749],[14.3728,45.4778],[14.4112,45.4932],[14.4689,45.5256],[14.4821,45.5424],[14.4915,45.5792],[14.4986,45.5962],[14.5436,45.6364],[14.5561,45.6567],[14.5691,45.6643],[14.5809,45.6678],[14.5919,45.6634],[14.5941,45.648],[14.5939,45.6162],[14.6031,45.6036],[14.616,45.5941],[14.6503,45.5748],[14.6637,45.5702],[14.6717,45.5568],[14.6685,45.534],[14.6883,45.522],[14.7815,45.4931],[14.7972,45.4652],[14.8388,45.459],[14.8816,45.4698],[14.9008,45.4931],[14.9044,45.5144],[14.9226,45.5149],[14.9454,45.5045],[14.9626,45.4931],[14.9773,45.4917],[15.0074,45.4808],[15.0562,45.4799],[15.0661,45.4739],[15.1393,45.43],[15.1842,45.4256],[15.2258,45.4365],[15.2816,45.451],[15.314,45.4505],[15.3339,45.4585],[15.3614,45.482],[15.311,45.5059],[15.2967,45.523],[15.2822,45.5715],[15.2696,45.5934],[15.2686,45.6017],[15.2879,45.6103],[15.2974,45.6257],[15.3267,45.6323],[15.3531,45.6403],[15.3738,45.6402],[15.3683,45.649],[15.35,45.6696],[15.3829,45.6904],[15.4209,45.6953],[15.4738,45.6618],[15.5131,45.6473],[15.5137,45.6324],[15.5756,45.6024],[15.5936,45.6205],[15.6264,45.6214],[15.6633,45.6049],[15.7316,45.5886],[15.7474,45.5952],[15.7392,45.5589],[15.7799,45.5225],[15.8129,45.5234],[15.8425,45.4659],[15.8372,45.4363],[15.8141,45.3987],[15.7799,45.3951],[15.716,45.4208],[15.6765,45.4252],[15.6568,45.4152],[15.6723,45.3982],[15.6651,45.3766],[15.6796,45.3488],[15.6639,45.3396],[15.6564,45.2851],[15.6616,45.2681],[15.6312,45.2395],[15.6394,45.2107],[15.7049,45.2009],[15.7617,45.21],[15.8026,45.1965],[15.8248,45.211],[15.8789,45.2172],[16.0085,45.2182],[16.0292,45.205],[16.0244,45.1843],[16.0675,45.1696],[16.1041,45.1125],[16.213,45.0315],[16.2793,45.0072],[16.3162,45.0012],[16.346,45.02],[16.382,45.0837],[16.3818,45.1076],[16.4355,45.1329],[16.4819,45.1995],[16.5289,45.2223],[16.587,45.2209],[16.7863,45.1788],[16.8242,45.1891],[16.8307,45.217],[16.9244,45.2845],[16.9473,45.2357],[16.9612,45.2509],[17.0083,45.2162],[17.0363,45.2305],[17.0557,45.2004],[17.1246,45.1691],[17.1871,45.1486],[17.2455,45.1554],[17.269,45.1895],[17.3824,45.1396],[17.4341,45.1486],[17.4478,45.1343],[17.4962,45.1417],[17.4893,45.1163],[17.5724,45.1204],[17.63,45.1573],[17.6847,45.164],[17.7145,45.152],[17.7657,45.111],[17.7975,45.082],[17.8357,45.0644],[17.9026,45.0778],[17.9277,45.092],[17.9885,45.1438],[18.0191,45.1494],[18.0903,45.108],[18.1437,45.0977],[18.1749,45.1008],[18.1993,45.119],[18.2023,45.1441],[18.2379,45.1575],[18.262,45.1507],[18.3223,45.1229],[18.3929,45.1186],[18.412,45.1124],[18.4518,45.085],[18.4817,45.0669],[18.517,45.0559],[18.5411,45.0553],[18.5348,45.0884],[18.504,45.1289],[18.5034,45.1555],[18.5369,45.1935],[18.5538,45.192],[18.5679,45.2266],[18.5532,45.2413],[18.5067,45.251],[18.5119,45.2926],[18.5727,45.3052],[18.5897,45.3186],[18.6323,45.3214],[18.655,45.3916],[18.7141,45.4161],[18.7869,45.4136],[18.8019,45.4228],[18.7886,45.4554],[18.8611,45.4813],[18.8822,45.4781],[18.9385,45.4325],[19.0023,45.4437],[18.9964,45.4738],[19.0179,45.4978],[19.0772,45.4916],[19.1063,45.5116],[19.0951,45.5261],[19.051,45.5389],[19.0181,45.5674],[18.9602,45.5391],[18.9417,45.5389],[18.9036,45.5731],[18.9124,45.6192],[18.9685,45.6687],[18.9627,45.6831],[18.9173,45.7066],[18.9002,45.7649],[18.8487,45.8096],[18.8553,45.8574],[18.8998,45.8614],[18.904,45.8757],[18.8729,45.8952],[18.907,45.9157],[18.9013,45.9312],[18.8225,45.9056],[18.8015,45.92],[18.8241,45.9402],[18.8524,46.0112],[18.8447,46.0499],[18.822,46.0989],[18.7858,46.0997],[18.8292,46.1229],[18.8072,46.1314],[18.8026,46.1614],[18.8335,46.1618],[18.8539,46.1932],[18.8233,46.2063],[18.8417,46.2257],[18.8984,46.234],[18.9144,46.2457],[18.9133,46.3306],[18.8922,46.3784],[18.8989,46.4143],[18.9227,46.4686],[18.9201,46.4988],[18.8772,46.5912],[18.8581,46.6148],[18.8853,46.6352],[18.9529,46.6561],[18.9816,46.6763],[19.0018,46.7085],[18.9847,46.7756],[18.9276,46.8271],[18.9267,46.8484],[18.9309,46.8771],[18.9488,46.9039],[18.9665,46.9172],[18.9669,46.9358],[18.9605,46.9774],[18.9552,46.9947],[18.968,47.0332],[18.9031,47.0816],[18.8792,47.1492],[18.8869,47.2081],[18.9076,47.2374],[18.9188,47.2871],[18.9028,47.3038],[18.9286,47.3185],[18.9423,47.344],[18.949,47.3693],[18.9555,47.4045],[18.9247,47.4285],[18.8913,47.4422],[18.8638,47.4618],[18.8383,47.454],[18.8442,47.4206],[18.8619,47.3872],[18.8194,47.3563],[18.7804,47.4105],[18.787,47.439],[18.7756,47.4645],[18.7246,47.5076],[18.685,47.5619],[18.7104,47.5787],[18.7259,47.605],[18.775,47.6381],[18.7591,47.6648],[18.8113,47.6702],[18.8637,47.6661],[18.853,47.7171],[18.8938,47.7268],[18.9165,47.7217],[18.9157,47.7712],[18.8833,47.8122],[18.8149,47.8322],[18.7677,47.8223],[18.6928,47.778],[18.6338,47.7798],[18.5974,47.7907],[18.5526,47.7928],[18.3479,47.7768],[18.273,47.7563],[18.2359,47.7539],[18.1126,47.7625],[17.8835,47.7525],[17.8257,47.75],[17.7192,47.7737],[17.6767,47.7892],[17.6399,47.8192],[17.6042,47.8342],[17.5726,47.8295],[17.5266,47.8721],[17.472,47.8888],[17.3694,47.9812],[17.3379,47.9987],[17.2623,48.0073],[17.1848,48.0203],[17.1483,48.0054],[17.125,48.0195],[17.0697,48.0357],[17.0591,48.0604],[17.0802,48.0976],[17.0625,48.1127],[17.0475,48.131],[17.0072,48.1428],[16.9819,48.1613],[16.9506,48.2766],[16.9166,48.2908],[16.8984,48.3162],[16.9019,48.3394],[16.8445,48.3656],[16.8608,48.4438],[16.9139,48.5193],[16.9491,48.5448],[16.945,48.6042],[16.9105,48.6308],[16.8967,48.697],[16.873,48.719],[16.7989,48.7092],[16.729,48.7331],[16.662,48.74],[16.6431,48.7783],[16.5103,48.8048],[16.4357,48.7945],[16.385,48.7371],[16.3583,48.7273],[16.1778,48.7465],[16.0854,48.7429],[16.0323,48.7581],[15.9081,48.8197],[15.886,48.842],[15.8401,48.8501],[15.8185,48.8723],[15.7792,48.8709],[15.7268,48.855],[15.6813,48.8585],[15.6037,48.8874],[15.5442,48.9026],[15.4719,48.9367],[15.3355,48.975],[15.2629,48.9826],[15.2381,48.9508],[15.1419,48.9375],[15.149,48.9653],[15.1374,48.993],[15.0596,48.9972],[14.9821,49.0079],[14.9646,48.9717],[14.9682,48.885],[14.9381,48.8028],[14.9511,48.7803],[14.9193,48.7616],[14.8677,48.7756],[14.8004,48.7765],[14.7754,48.724],[14.7227,48.6934],[14.7038,48.6731],[14.7007,48.6155],[14.6911,48.5865],[14.6592,48.577],[14.6347,48.6023],[14.6019,48.6045],[14.5788,48.6205],[14.522,48.6106],[14.4821,48.6245],[14.4582,48.6432],[14.4436,48.6365],[14.4054,48.5863],[14.3157,48.5579],[14.2165,48.5812],[14.0748,48.5917],[14.0408,48.6012],[14.0062,48.6395],[14.0329,48.6549],[13.9823,48.7065],[13.915,48.731],[13.8559,48.7593],[13.8157,48.7664],[13.7962,48.7798],[13.7247,48.8673],[13.6544,48.8822],[13.6218,48.9091],[13.6087,48.9462],[13.5905,48.9448],[13.5224,48.9693],[13.5021,48.9661],[13.4823,48.9376],[13.4273,48.96],[13.3842,48.993],[13.3724,49.0385],[13.2995,49.0936],[13.2673,49.1056],[13.2068,49.1075],[13.1785,49.1183],[13.1495,49.1548],[13.0558,49.2382],[13.0113,49.2678],[12.9998,49.2949],[12.9229,49.3327],[12.8847,49.3396],[12.8754,49.3239],[12.7978,49.3278],[12.7621,49.3432],[12.7293,49.3911],[12.6435,49.4295],[12.6272,49.4602],[12.623,49.5098],[12.5937,49.515],[12.5623,49.5508],[12.5536,49.5847],[12.502,49.6197],[12.4964,49.67],[12.4196,49.7002],[12.3836,49.7429],[12.3954,49.7579],[12.4527,49.7797],[12.4625,49.8312],[12.4825,49.8272],[12.5129,49.8702],[12.5241,49.905],[12.4627,49.9313],[12.4682,49.9702],[12.2469,50.045],[12.2325,50.0805],[12.1879,50.1028],[12.1792,50.118],[12.1827,50.1707],[12.1393,50.211],[12.0796,50.2427],[12.1091,50.2638],[12.1073,50.2909],[12.0761,50.3152],[12.1013,50.314],[12.0937,50.3226],[12.0399,50.3288],[11.986,50.3516],[11.9812,50.3853],[11.9405,50.4145],[11.9053,50.4152],[11.8997,50.4293],[11.9311,50.4403],[11.9475,50.4622],[11.9258,50.4884],[11.9447,50.5159],[11.9894,50.5461],[12.0485,50.5316],[12.0812,50.5613],[12.1454,50.5625],[12.1587,50.6037],[12.1869,50.6264],[12.2529,50.6263],[12.29,50.6434],[12.3218,50.674],[12.2855,50.677],[12.2628,50.7222],[12.2412,50.7222],[12.2492,50.7426],[12.2855,50.7693],[12.258,50.7925],[12.3308,50.8064],[12.3642,50.8233],[12.4244,50.8243],[12.4628,50.8566],[12.5275,50.8766],[12.6017,50.8764],[12.6109,50.8701],[12.6472,50.8999],[12.6022,50.9525],[12.5457,50.9713],[12.4914,51.0285],[12.4837,51.0583],[12.3289,51.0878],[12.2646,51.0838],[12.2464,51.0326],[12.2754,51.0098],[12.2171,50.9542],[12.2008,50.9279],[12.1595,50.952],[12.1204,50.9445],[12.0679,50.9561],[12.0046,50.949],[11.9609,50.971],[11.9314,50.9981],[11.8607,51.0226],[11.7326,51.0175],[11.6974,51.0642],[11.6891,51.0919],[11.6631,51.1012],[11.6275,51.0956],[11.5352,51.1003],[11.5047,51.0892],[11.4274,51.0988],[11.4264,51.1077],[11.4203,51.1597],[11.3886,51.1899],[11.333,51.2163],[11.3524,51.2301],[11.4224,51.2437],[11.4519,51.2715],[11.3672,51.3575],[11.3149,51.3833],[11.1962,51.3974],[11.1538,51.3969],[10.9991,51.4087],[10.9645,51.4278],[10.9718,51.4627],[10.9454,51.4995],[10.965,51.4721],[11.3,51.52],[11.6,51.45],[11.9,51.42],[12.1,51.47],[12.22,51.6],[12.2662,51.7155],[12,51.68],[11.8,51.68],[11.65,51.72],[11.75,51.9],[11.8596,51.973],[11.74,52.02],[11.66,52.13],[11.7,52.23],[11.77,52.31],[11.9,52.45],[11.98,52.55],[12,52.67],[12.04,52.79],[12.04,52.86],[11.9795,52.8859],[11.9655,52.8852],[11.8967,52.9017],[11.8319,52.9282],[11.8444,52.946],[11.8158,52.9593],[11.8073,52.9603],[11.798,52.9676],[11.75,52.99],[11.7435,52.992],[11.6942,52.984],[11.6814,53.0106],[11.6696,53.0141],[11.6223,53.0224],[11.623,53.0281],[11.5802,53.041],[11.5619,53.01],[11.5813,53.0429],[11.4907,53.0607],[11.4609,53.0794],[11.4169,53.0809],[11.3656,53.064],[11.3276,53.0724],[11.2741,53.1175],[11.2558,53.1362],[11.2397,53.142],[11.2247,53.153],[11.2014,53.1405],[11.1943,53.1409],[11.1645,53.1709],[11.1434,53.1727],[11.1093,53.1558],[11.0894,53.1442],[11.0681,53.1555],[11.0401,53.1664],[10.9302,53.2285],[10.8393,53.2601],[10.8073,53.2756],[10.7868,53.2934],[10.7751,53.3002],[10.7558,53.3029],[10.7394,53.3085],[10.7346,53.3217],[10.7316,53.352],[10.7097,53.3683],[10.6755,53.3737],[10.6012,53.3718],[10.6222,53.391],[10.6272,53.4015],[10.6272,53.4137],[10.6354,53.4452],[10.6408,53.451],[10.6611,53.4582],[10.6863,53.4568],[10.6945,53.4601],[10.7017,53.4755],[10.7082,53.4794],[10.7257,53.4811],[10.7602,53.4882],[10.8049,53.5094],[10.8204,53.5148],[10.8239,53.5313],[10.8324,53.5441],[10.8297,53.5701],[10.8414,53.5719],[10.8578,53.5682],[10.9036,53.5723],[10.9115,53.5714],[10.929,53.5485],[10.9381,53.5525],[10.9544,53.5661],[10.9423,53.5697],[10.953,53.5737],[10.9527,53.5844],[10.9406,53.6114],[10.9398,53.6287],[10.956,53.6391],[10.955,53.6555],[10.9465,53.6649],[10.9456,53.6771],[10.9381,53.6847],[10.9146,53.6968],[10.8789,53.702],[10.8655,53.6999],[10.8466,53.7085],[10.8059,53.7412],[10.7781,53.7458],[10.7609,53.7467],[10.7584,53.7519],[10.7674,53.7746],[10.771,53.7933],[10.7615,53.8225],[10.753,53.8341],[10.7519,53.84],[10.7513,53.8431],[10.7633,53.8651],[10.7726,53.8699],[10.8123,53.8827],[10.8613,53.9098],[10.8852,53.9191],[10.9073,53.9155],[10.9067,53.9053],[10.9129,53.9021],[10.9453,53.9052],[10.95,53.9076],[10.9605,53.9129],[10.95,53.9149],[10.9203,53.9205],[10.9042,53.9313],[10.906,53.9612],[10.9222,53.9614],[10.9222,54.0474],[10.9401,54.0474],[10.9427,54.1336],[10.9505,54.1395],[11.0666,54.1839],[11.0945,54.2251],[11.0871,54.2709],[11.0945,54.2835],[11.0774,54.3422],[11.1355,54.3859],[11.1042,54.3929],[11.0339,54.3676],[11.0188,54.3859],[10.9353,54.3795],[10.913,54.3726],[10.3193,54.5096],[10.3,54.5],[10.15,54.42],[10,54.38],[9.85,54.35],[9.67,54.3],[9.5,54.28],[9.3,54.3],[9.1,54.37],[8.9,54.3],[8.6361,54.2868],[8.6417,54.2826],[8.7715,54.0675],[8.7999,54.0204],[8.7835,54.0084],[8.7613,53.9923],[8.7235,53.9648],[8.7032,53.95],[8.6857,53.9372],[8.6101,53.8822],[8.6071,53.8815],[8.5733,53.8577],[8.5715,53.8542],[8.5,53.8021],[8.4434,53.7609],[8.3152,53.6676],[8.1614,53.5557],[8.1498,53.5602],[8.1244,53.5836],[8.1276,53.5908],[8.1074,53.5992],[8.0253,53.6747],[8.0314,53.7081],[7.9599,53.7204],[7.9365,53.748],[7.9361,53.748],[7.4711,53.7178],[7.2267,53.702],[7.1009,53.6938],[6.9823,53.5647],[6.954,53.5339],[6.9256,53.503],[6.9212,53.4982],[6.9065,53.4822],[6.8601,53.4838],[6.7379,53.4881],[6.4935,53.4965],[6.463,53.4976],[6.4324,53.4987],[6.4018,53.4997],[6.3713,53.5008],[6.3408,53.5018],[6.3245,53.5024],[6.3189,53.5072],[6.3345,53.511],[6.3337,53.5111],[6.3343,53.5112],[6.3338,53.5112],[6.3345,53.5114],[6.3118,53.5132],[6.3108,53.5141],[6.305,53.5138],[6.2913,53.5149],[6.2909,53.5149],[6.2752,53.5122],[6.2118,53.5089],[6.2017,53.5067],[6.1269,53.5092],[6.0753,53.511],[6.0749,53.511],[6.0046,53.4895],[5.9333,53.4678],[5.9138,53.4739],[5.8856,53.4732],[5.8773,53.4749],[5.8769,53.4749],[5.7077,53.4732],[5.6537,53.4663],[5.6541,53.4659],[5.6537,53.4659],[5.6545,53.4652],[5.6419,53.4634],[5.6361,53.4487],[5.679,53.4301],[5.7363,53.4435],[5.7854,53.4474],[5.8556,53.4474],[5.876,53.4502],[5.5158,53.3402],[5.2714,53.2655],[5.1492,53.2282],[5.0881,53.2095],[5.0576,53.2002],[5.027,53.1908],[4.9883,53.179],[4.9495,53.1672],[4.8974,53.1512],[4.8872,53.1644],[4.8872,53.1833],[4.8868,53.1831],[4.8868,53.1833],[4.8858,53.1827],[4.8858,53.1867],[4.8543,53.1877],[4.8057,53.133],[4.7597,53.1091],[4.7167,53.096],[4.7068,53.093],[4.4064,52.5894],[4.3168,52.4391],[4.2944,52.4015],[4.2719,52.3639],[4.2271,52.2887],[4.0493,51.9907],[4.0225,51.9944],[4.01,51.9801],[4.0257,51.951],[3.9638,51.8472],[3.9627,51.8474],[3.8623,51.8161],[3.8716,51.7883],[3.9339,51.7971],[3.9173,51.7693],[3.9016,51.743],[3.8101,51.7473],[3.7928,51.7457],[3.7892,51.7459],[3.7888,51.7459],[3.7825,51.7448],[3.7258,51.7397],[3.7054,51.7314],[3.6988,51.7303],[3.6988,51.7288],[3.6895,51.725],[3.6867,51.6927],[3.7206,51.6768],[3.7654,51.6784],[3.7758,51.6858],[3.8159,51.693],[3.8244,51.69],[3.8596,51.6726],[3.8284,51.6204],[3.8118,51.6115],[3.5604,51.5946],[3.5469,51.5894],[3.5008,51.5775],[3.4838,51.5652],[3.4575,51.5551],[3.447,51.546],[3.4619,51.519],[3.4948,51.5009],[3.5321,51.4626],[3.4881,51.4392],[3.4608,51.4246],[3.6,51.42],[3.75,51.385],[3.85,51.37],[4,51.4],[4.15,51.37],[4.2126,51.37],[4.1904,51.375],[4.1904,51.3816],[4.237,51.3816],[4.237,51.3503],[4.2441,51.3421],[4.2837,51.3421],[4.2854,51.318],[4.2875,51.317],[4.2875,51.3068],[4.303,51.2961],[4.2987,51.2696],[4.2886,51.2579],[4.333,51.1697],[4.316,51.1322],[4.2158,51.1215],[4.182,51.0999],[4.1964,51.0545],[4.2123,51.0341],[4.2403,51.0381],[4.2171,50.9901],[4.1617,50.9906],[4.1465,50.9706],[4.1602,50.9299],[4.137,50.9196],[4.0913,50.9318],[4.1001,50.9125],[4.0736,50.9],[4.0871,50.8814],[4.0404,50.8384],[4.0749,50.8207],[4.0604,50.7926],[3.9822,50.7669],[3.9563,50.7798],[3.9312,50.7576],[3.9506,50.7341],[3.895,50.7342],[3.8844,50.7514],[3.828,50.7435],[3.7746,50.749],[3.7578,50.7803],[3.7145,50.7686],[3.704,50.7821],[3.6753,50.7719],[3.6347,50.7219],[3.6066,50.7342],[3.5405,50.7349],[3.534,50.7664],[3.4941,50.7589],[3.4576,50.7685],[3.4128,50.7474],[3.3635,50.7097],[3.3231,50.7235],[3.3033,50.7564],[3.2608,50.7523],[3.2197,50.7673],[3.1628,50.7499]],[[7.3842,47.4131],[7.3882,47.4333],[7.4206,47.4509],[7.4458,47.4389],[7.4551,47.4214],[7.4404,47.4146],[7.3842,47.4131]],[[4.2609,51.37],[4.2803,51.37],[4.2666,51.3881],[4.2811,51.3689],[4.2611,51.3694],[4.2609,51.37]],[[7.446,47.4869],[7.4674,47.4819],[7.4858,47.4988],[7.529,47.4939],[7.5339,47.4608],[7.4542,47.452],[7.446,47.4869]]],[[[4.8789,53.2209],[4.9102,53.2125],[4.9575,53.2456],[4.9716,53.2538],[5.1105,53.3079],[5.1098,53.3079],[5.1103,53.3081],[5.11,53.3081],[5.1105,53.3083],[5.1006,53.3085],[5.1048,53.3096],[5.0545,53.3138],[5.0428,53.3097],[5.0277,53.31],[5.0273,53.31],[4.9972,53.2937],[4.9865,53.29],[4.9212,53.2537],[4.917,53.2504],[4.9084,53.2458],[4.9087,53.2455],[4.9084,53.2454],[4.9095,53.2446],[4.8789,53.2209]]],[[[5.1789,53.3854],[5.1799,53.3531],[5.2083,53.3527],[5.3469,53.3892],[5.427,53.4064],[5.4817,53.4127],[5.4797,53.4172],[5.5821,53.4381],[5.5815,53.4382],[5.5819,53.4383],[5.5815,53.4384],[5.5821,53.4385],[5.5701,53.441],[5.5853,53.4536],[5.437,53.4365],[5.4284,53.4326],[5.4161,53.4315],[5.1893,53.3916],[5.1898,53.3914],[5.1895,53.3914],[5.1898,53.3913],[5.1893,53.3912],[5.1958,53.3891],[5.1789,53.3854]]],[[[6.6437,53.5787],[6.6441,53.5787],[6.6739,53.5799],[6.6771,53.5756],[6.7346,53.5752],[6.7293,53.582],[6.7341,53.5822],[6.7576,53.5971],[6.7981,53.6044],[6.7879,53.6163],[6.8025,53.6256],[6.802,53.6256],[6.8023,53.6258],[6.8022,53.6258],[6.8025,53.626],[6.7553,53.626],[6.6689,53.6051],[6.6641,53.6001],[6.6595,53.5991],[6.6611,53.597],[6.6437,53.5791],[6.6441,53.5791],[6.6437,53.5787]]],[[[11.0057,54.4685],[11.0325,54.4473],[11.0581,54.4553],[11.0739,54.4539],[11.1064,54.4314],[11.1126,54.4152],[11.179,54.4142],[11.1805,54.4161],[11.2802,54.4172],[11.3142,54.4138],[11.2556,54.4787],[11.2448,54.4866],[11.2341,54.5009],[11.2213,54.5038],[11.2066,54.5145],[11.1213,54.536],[11.0907,54.533],[11.0865,54.5339],[11.0864,54.5338],[11.0861,54.5339],[11.0815,54.5321],[11.0729,54.5312],[11.0571,54.5222],[11.0429,54.5165],[11.0405,54.5128],[11.0337,54.5089],[11.0057,54.4685]]]]}},
{"type":"Feature","properties":{"entityId":"east-francia","from":900,"to":907,"certainty":"estimated","source":"유럽 쪽은 Natural Earth 1:10m admin-1(v5.1.2) 현대 행정구역 조각을 그 시기 국경에 맞춰 묶고, 조각이 역사 경계와 다른 곳은 선을 그어 나눈 근사. 유럽 밖(시베리아·중앙아시아·극동)은 대략적인 추정. 운영자 검수 필요"},"geometry":{"type":"MultiPolygon","coordinates":[[[[3.1628,50.7499],[3.1969,50.7092],[3.2244,50.7052],[3.2438,50.6721],[3.2298,50.6554],[3.2643,50.5702],[3.271,50.5269],[3.2999,50.5075],[3.3436,50.4929],[3.3854,50.4916],[3.4292,50.5018],[3.4629,50.5191],[3.4915,50.5171],[3.4991,50.4868],[3.5637,50.4865],[3.6083,50.4765],[3.6444,50.4455],[3.6529,50.3602],[3.6617,50.3193],[3.6969,50.2982],[3.7415,50.3431],[3.7987,50.3485],[3.8402,50.3452],[3.8959,50.3253],[3.9821,50.3426],[4.0227,50.3381],[4.0979,50.2948],[4.1253,50.2571],[4.1437,50.2516],[4.1628,50.273],[4.2037,50.252],[4.1573,50.2127],[4.1258,50.1282],[4.1806,50.1272],[4.21,50.0602],[4.1373,50.0251],[4.1317,49.975],[4.1877,49.9555],[4.2159,49.9544],[4.2776,49.9602],[4.4277,49.9336],[4.4648,49.9356],[4.6042,49.9802],[4.6567,49.9891],[4.6729,50.0164],[4.6819,50.0839],[4.7886,50.1534],[4.8156,50.1613],[4.8201,50.1464],[4.8719,50.1398],[4.8629,50.0841],[4.846,50.0907],[4.8272,50.0641],[4.8267,50.036],[4.7883,49.9743],[4.7973,49.9443],[4.8446,49.9317],[4.8594,49.8917],[4.8369,49.848],[4.8492,49.8316],[4.849,49.7942],[4.8842,49.7841],[4.9684,49.797],[5.0263,49.7667],[5.0819,49.7527],[5.1364,49.7053],[5.1925,49.6828],[5.2592,49.6913],[5.2994,49.6625],[5.2979,49.6133],[5.3349,49.6258],[5.3912,49.6088],[5.3899,49.5933],[5.3021,49.5495],[5.2731,49.544],[5.2629,49.5588],[5.25,49.5597],[5.1841,49.5641],[5.1395,49.585],[5.1008,49.5635],[5.0947,49.5208],[5.0713,49.5005],[5.0959,49.466],[5.1139,49.4218],[5.0919,49.3787],[5.0421,49.3321],[5.0495,49.2798],[4.9787,49.2357],[4.98,49.2098],[4.9554,49.1652],[4.9789,49.1201],[4.987,49.0476],[4.9978,49.0309],[5.0338,49.0125],[5.0202,48.9913],[5.0174,48.9472],[4.9888,48.9245],[4.9452,48.9157],[4.9216,48.8785],[4.9302,48.8322],[4.9069,48.8048],[4.9172,48.7877],[4.9828,48.75],[4.9921,48.6929],[5.0046,48.6554],[5.0359,48.6181],[5.117,48.5812],[5.187,48.5419],[5.2686,48.5108],[5.3448,48.5004],[5.3563,48.4814],[5.4552,48.4192],[5.4242,48.3881],[5.4322,48.3373],[5.5085,48.3507],[5.534,48.3339],[5.5844,48.2838],[5.6379,48.2808],[5.6615,48.2386],[5.713,48.2114],[5.7203,48.196],[5.6975,48.1805],[5.6885,48.1477],[5.6593,48.1008],[5.7322,48.0467],[5.788,48.0225],[5.799,48.0012],[5.7981,47.9642],[5.8128,47.9572],[5.8492,47.9676],[5.8918,47.9326],[5.9261,47.9481],[5.9551,47.9797],[5.9709,47.9409],[6.0344,47.9726],[6.071,48.0044],[6.0994,48.0087],[6.1469,48.0016],[6.1827,47.9768],[6.1819,47.9582],[6.2438,47.9322],[6.2828,47.9348],[6.3224,47.9505],[6.3734,47.953],[6.412,47.9423],[6.4987,47.9047],[6.5526,47.9012],[6.5765,47.908],[6.6138,47.9413],[6.6372,47.9351],[6.6965,47.8899],[6.7407,47.8761],[6.836,47.8242],[6.7848,47.78],[6.7651,47.7529],[6.7608,47.7138],[6.7865,47.655],[6.7897,47.6042],[6.8109,47.5764],[6.8071,47.5629],[6.8248,47.5476],[6.8938,47.5518],[6.9234,47.5211],[6.9144,47.487],[6.9392,47.4268],[6.991,47.4522],[6.9733,47.4891],[7.0008,47.4977],[7.0539,47.4904],[7.1037,47.4963],[7.1422,47.4877],[7.1808,47.4883],[7.1626,47.4599],[7.1683,47.4436],[7.2448,47.4177],[7.2826,47.4289],[7.3369,47.4319],[7.3842,47.4131],[7.4112,47.3983],[7.4197,47.3827],[7.4371,47.3793],[7.4527,47.3958],[7.5068,47.3886],[7.5422,47.4108],[7.5774,47.4155],[7.5748,47.4283],[7.6029,47.4312],[7.6266,47.4618],[7.6081,47.4728],[7.6145,47.4841],[7.6497,47.4834],[7.6643,47.4916],[7.7134,47.4673],[7.6904,47.4482],[7.6839,47.4216],[7.6379,47.4065],[7.6396,47.3849],[7.6538,47.3681],[7.7138,47.3662],[7.7521,47.3477],[7.7861,47.3385],[7.8053,47.3636],[7.8705,47.3847],[7.882,47.4024],[7.9289,47.4078],[7.9537,47.4223],[7.9449,47.4406],[7.9549,47.4577],[7.9791,47.4487],[7.9813,47.4312],[8.0057,47.4043],[8.028,47.3981],[8.0291,47.3792],[7.9969,47.3345],[7.9816,47.3283],[7.9019,47.3383],[7.8575,47.3107],[7.8229,47.269],[7.8393,47.2318],[7.8751,47.1767],[7.8871,47.1283],[7.8741,47.1014],[7.8733,47.0481],[7.8975,47.0115],[7.9525,47.0027],[7.93,46.9482],[7.916,46.934],[7.8757,46.9244],[7.8609,46.8779],[7.8705,46.8503],[7.9522,46.8024],[7.9771,46.7789],[8.0437,46.7883],[8.0946,46.7843],[8.1581,46.759],[8.1987,46.7676],[8.2703,46.759],[8.2909,46.7617],[8.3244,46.7777],[8.3682,46.7895],[8.3916,46.7751],[8.4462,46.7692],[8.4376,46.7414],[8.4447,46.6911],[8.4017,46.6887],[8.4094,46.6557],[8.4217,46.6459],[8.4076,46.5932],[8.4374,46.5466],[8.4769,46.5318],[8.5098,46.5509],[8.5238,46.5785],[8.5487,46.585],[8.6363,46.5712],[8.6779,46.5836],[8.7112,46.573],[8.7884,46.5681],[8.8473,46.5752],[8.8981,46.5893],[8.9148,46.6204],[8.956,46.6306],[8.9648,46.6148],[9.0221,46.6049],[9.0385,46.5907],[9.0152,46.5335],[9.0486,46.4809],[9.0773,46.4823],[9.0978,46.4161],[9.0891,46.3637],[9.057,46.299],[9.0875,46.2206],[9.1638,46.173],[9.1813,46.2041],[9.2248,46.2312],[9.2397,46.267],[9.269,46.3094],[9.2738,46.3443],[9.2604,46.3797],[9.2609,46.4167],[9.238,46.4365],[9.2632,46.4851],[9.2823,46.4974],[9.331,46.5015],[9.3771,46.4687],[9.4107,46.4889],[9.4379,46.492],[9.4438,46.3961],[9.4516,46.3704],[9.4826,46.3568],[9.5153,46.3086],[9.5597,46.2927],[9.6743,46.2918],[9.7084,46.3117],[9.7093,46.3424],[9.7309,46.3507],[9.7681,46.3386],[9.8554,46.367],[9.899,46.3722],[9.964,46.3561],[9.9776,46.2981],[10.0317,46.2601],[10.0427,46.2205],[10.0757,46.22],[10.1458,46.2433],[10.1589,46.2624],[10.1049,46.3094],[10.0918,46.329],[10.105,46.3614],[10.1332,46.3811],[10.1334,46.414],[10.0421,46.4327],[10.0263,46.4463],[10.044,46.467],[10.0269,46.4932],[10.0328,46.533],[10.0712,46.5644],[10.0878,46.6044],[10.1921,46.6268],[10.2338,46.618],[10.2347,46.5753],[10.2759,46.5655],[10.2954,46.5511],[10.3543,46.5483],[10.4259,46.5353],[10.4518,46.5467],[10.4939,46.4945],[10.5413,46.4895],[10.6247,46.4545],[10.6575,46.4495],[10.7452,46.4849],[10.7762,46.4754],[10.7975,46.4469],[10.8399,46.4307],[10.9974,46.4792],[11.0511,46.446],[11.0643,46.458],[11.0553,46.5156],[11.0859,46.5236],[11.1176,46.4938],[11.1454,46.4872],[11.1927,46.5056],[11.2145,46.4693],[11.2018,46.3392],[11.1562,46.284],[11.1615,46.2495],[11.191,46.2271],[11.242,46.2312],[11.2871,46.2591],[11.3282,46.2935],[11.3707,46.269],[11.3876,46.2811],[11.4085,46.3245],[11.4549,46.3348],[11.4766,46.3596],[11.5378,46.3537],[11.5774,46.3681],[11.5953,46.3862],[11.6412,46.4727],[11.6841,46.5077],[11.7158,46.5138],[11.7784,46.5101],[11.8118,46.5303],[11.8322,46.504],[11.8519,46.5142],[12.022,46.5394],[12.0712,46.6131],[12.0803,46.6499],[12.0991,46.6678],[12.1386,46.6443],[12.1779,46.6348],[12.214,46.5961],[12.2531,46.6109],[12.3024,46.6146],[12.3407,46.6282],[12.3825,46.6181],[12.3992,46.6397],[12.4696,46.6758],[12.4999,46.6721],[12.562,46.6512],[12.6202,46.6565],[12.6714,46.6525],[12.6974,46.6405],[12.7485,46.641],[12.8304,46.6096],[13.0645,46.598],[13.1465,46.585],[13.2311,46.5522],[13.2714,46.5508],[13.3733,46.5658],[13.417,46.5605],[13.478,46.5636],[13.5068,46.5469],[13.5492,46.5458],[13.6703,46.5187],[13.701,46.5197],[13.6899,46.4933],[13.6859,46.464],[13.6775,46.4521],[13.6588,46.4451],[13.6002,46.4426],[13.5757,46.4267],[13.53,46.3883],[13.4837,46.3712],[13.4597,46.359],[13.4341,46.3539],[13.4232,46.3448],[13.3956,46.3067],[13.3653,46.2903],[13.3786,46.2684],[13.3847,46.2433],[13.3981,46.2305],[13.4101,46.208],[13.4374,46.2109],[13.4228,46.2286],[13.4683,46.2234],[13.4823,46.2179],[13.5102,46.214],[13.529,46.2048],[13.559,46.1841],[13.5845,46.1813],[13.6274,46.1817],[13.6411,46.1714],[13.645,46.1617],[13.6164,46.125],[13.5226,46.0753],[13.5051,46.066],[13.4823,46.0448],[13.4903,46.0389],[13.4928,46.0325],[13.4823,46.0184],[13.4618,46.0064],[13.5094,45.9674],[13.5394,45.969],[13.5717,45.9798],[13.6007,45.9846],[13.6228,45.9664],[13.6153,45.9459],[13.6082,45.9266],[13.5993,45.9123],[13.5693,45.8645],[13.566,45.8303],[13.5742,45.819],[13.5813,45.8092],[13.5885,45.8065],[13.6092,45.7986],[13.6436,45.7957],[13.6603,45.792],[13.6999,45.7705],[13.7095,45.7653],[13.7787,45.7434],[13.8584,45.6494],[13.8692,45.6411],[13.8936,45.6338],[13.887,45.6188],[13.8679,45.6022],[13.88,45.5725],[13.8946,45.5598],[13.9104,45.552],[13.9522,45.546],[13.9838,45.5195],[13.9875,45.5119],[14.014,45.508],[14.0667,45.4803],[14.0929,45.4739],[14.1167,45.473],[14.1173,45.473],[14.1455,45.4762],[14.2187,45.4972],[14.2804,45.4811],[14.3268,45.4749],[14.3728,45.4778],[14.4112,45.4932],[14.4689,45.5256],[14.4821,45.5424],[14.4915,45.5792],[14.4986,45.5962],[14.5436,45.6364],[14.5561,45.6567],[14.5691,45.6643],[14.5809,45.6678],[14.5919,45.6634],[14.5941,45.648],[14.5939,45.6162],[14.6031,45.6036],[14.616,45.5941],[14.6503,45.5748],[14.6637,45.5702],[14.6717,45.5568],[14.6685,45.534],[14.6883,45.522],[14.7815,45.4931],[14.7972,45.4652],[14.8388,45.459],[14.8816,45.4698],[14.9008,45.4931],[14.9044,45.5144],[14.9226,45.5149],[14.9454,45.5045],[14.9626,45.4931],[14.9773,45.4917],[15.0074,45.4808],[15.0562,45.4799],[15.0661,45.4739],[15.1393,45.43],[15.1842,45.4256],[15.2258,45.4365],[15.2816,45.451],[15.314,45.4505],[15.3339,45.4585],[15.3614,45.482],[15.311,45.5059],[15.2967,45.523],[15.2822,45.5715],[15.2696,45.5934],[15.2686,45.6017],[15.2879,45.6103],[15.2974,45.6257],[15.3267,45.6323],[15.3531,45.6403],[15.3738,45.6402],[15.3683,45.649],[15.35,45.6696],[15.3829,45.6904],[15.4209,45.6953],[15.4738,45.6618],[15.5131,45.6473],[15.5137,45.6324],[15.5756,45.6024],[15.5936,45.6205],[15.6264,45.6214],[15.6633,45.6049],[15.7316,45.5886],[15.7474,45.5952],[15.7392,45.5589],[15.7799,45.5225],[15.8129,45.5234],[15.8425,45.4659],[15.8372,45.4363],[15.8141,45.3987],[15.7799,45.3951],[15.716,45.4208],[15.6765,45.4252],[15.6568,45.4152],[15.6723,45.3982],[15.6651,45.3766],[15.6796,45.3488],[15.6639,45.3396],[15.6564,45.2851],[15.6616,45.2681],[15.6312,45.2395],[15.6394,45.2107],[15.7049,45.2009],[15.7617,45.21],[15.8026,45.1965],[15.8248,45.211],[15.8789,45.2172],[16.0085,45.2182],[16.0292,45.205],[16.0244,45.1843],[16.0675,45.1696],[16.1041,45.1125],[16.213,45.0315],[16.2793,45.0072],[16.3162,45.0012],[16.346,45.02],[16.382,45.0837],[16.3818,45.1076],[16.4355,45.1329],[16.4819,45.1995],[16.5289,45.2223],[16.587,45.2209],[16.7863,45.1788],[16.8242,45.1891],[16.8307,45.217],[16.9244,45.2845],[16.9473,45.2357],[16.9612,45.2509],[17.0083,45.2162],[17.0363,45.2305],[17.0557,45.2004],[17.1246,45.1691],[17.1871,45.1486],[17.2455,45.1554],[17.269,45.1895],[17.3824,45.1396],[17.4341,45.1486],[17.4478,45.1343],[17.4962,45.1417],[17.4893,45.1163],[17.5724,45.1204],[17.63,45.1573],[17.6847,45.164],[17.7145,45.152],[17.7657,45.111],[17.7975,45.082],[17.8357,45.0644],[17.9026,45.0778],[17.9277,45.092],[17.9885,45.1438],[18.0191,45.1494],[18.0903,45.108],[18.1437,45.0977],[18.1749,45.1008],[18.1993,45.119],[18.2023,45.1441],[18.2379,45.1575],[18.262,45.1507],[18.3223,45.1229],[18.3929,45.1186],[18.412,45.1124],[18.4518,45.085],[18.4817,45.0669],[18.517,45.0559],[18.5411,45.0553],[18.5348,45.0884],[18.504,45.1289],[18.5034,45.1555],[18.5369,45.1935],[18.5538,45.192],[18.5679,45.2266],[18.5532,45.2413],[18.5067,45.251],[18.5119,45.2926],[18.5727,45.3052],[18.5897,45.3186],[18.6323,45.3214],[18.655,45.3916],[18.7141,45.4161],[18.7869,45.4136],[18.8019,45.4228],[18.7886,45.4554],[18.8611,45.4813],[18.8822,45.4781],[18.9385,45.4325],[19.0023,45.4437],[18.9964,45.4738],[19.0179,45.4978],[19.0772,45.4916],[19.1063,45.5116],[19.0951,45.5261],[19.051,45.5389],[19.0181,45.5674],[18.9602,45.5391],[18.9417,45.5389],[18.9036,45.5731],[18.9124,45.6192],[18.9685,45.6687],[18.9627,45.6831],[18.9173,45.7066],[18.9002,45.7649],[18.8487,45.8096],[18.8553,45.8574],[18.8998,45.8614],[18.904,45.8757],[18.8729,45.8952],[18.907,45.9157],[18.9013,45.9312],[18.8225,45.9056],[18.8049,45.9136],[18.786,45.8869],[18.7633,45.884],[18.6743,45.9104],[18.633,45.8919],[18.6222,45.8684],[18.5855,45.8269],[18.5303,45.7909],[18.4818,45.7914],[18.4117,45.7432],[18.3838,45.7432],[18.3672,45.7582],[18.3177,45.7473],[18.2112,45.7854],[18.129,45.7854],[18.0805,45.7717],[17.9754,45.7921],[17.9062,45.7921],[17.858,45.7759],[17.8092,45.8144],[17.6873,45.8406],[17.6547,45.8521],[17.6458,45.8918],[17.5911,45.9362],[17.5119,45.9539],[17.4267,45.9567],[17.4062,45.9437],[17.3892,45.9631],[17.3453,45.9557],[17.3379,45.9846],[17.3066,45.9799],[17.2901,45.9915],[17.3168,45.9977],[17.2759,46.012],[17.2486,46.0802],[17.1973,46.1212],[17.1162,46.1231],[17.0529,46.1535],[17.028,46.1805],[16.9748,46.2106],[16.9407,46.2515],[16.8892,46.2922],[16.8793,46.3121],[16.8594,46.3648],[16.8377,46.3819],[16.7693,46.3961],[16.7551,46.3819],[16.7429,46.3996],[16.7124,46.4127],[16.6593,46.4642],[16.5943,46.483],[16.5837,46.4707],[16.5153,46.5017],[16.5008,46.5448],[16.4671,46.5647],[16.4302,46.6044],[16.3946,46.619],[16.3764,46.6291],[16.3722,46.6363],[16.3684,46.643],[16.3776,46.6529],[16.3967,46.6591],[16.4026,46.6631],[16.4105,46.6684],[16.405,46.6873],[16.39,46.6942],[16.3714,46.6949],[16.3662,46.6965],[16.3654,46.6967],[16.3576,46.699],[16.3573,46.7158],[16.3434,46.7142],[16.3142,46.7433],[16.2982,46.7758],[16.2995,46.7795],[16.3022,46.787],[16.3111,46.7975],[16.3149,46.802],[16.3218,46.8133],[16.3275,46.8255],[16.3298,46.8344],[16.3253,46.8394],[16.3107,46.84],[16.3019,46.8432],[16.2974,46.847],[16.2822,46.8599],[16.272,46.864],[16.1795,46.8585],[16.1354,46.8558],[16.1302,46.8567],[16.094,46.8628],[16.0529,46.8461],[16.032,46.8376],[16.0284,46.8369],[16.0037,46.8707],[16.0115,46.9133],[16.0545,46.9442],[16.1363,47.0249],[16.1347,47.0402],[16.0895,47.0829],[16.0844,47.1069],[16.095,47.1651],[16.0675,47.2376],[16.0584,47.2911],[16.02,47.3724],[16.0475,47.4106],[16.0717,47.3949],[16.1479,47.443],[16.2309,47.4455],[16.2722,47.4634],[16.3245,47.5013],[16.3212,47.5717],[16.3758,47.6449],[16.3125,47.7025],[16.2893,47.7325],[16.2897,47.7936],[16.3242,47.7964],[16.358,47.833],[16.36,47.8718],[16.3909,47.9029],[16.4393,47.9281],[16.5031,47.9353],[16.5732,47.9198],[16.6123,47.9332],[16.6803,47.9715],[16.7045,48.0092],[16.7504,48.0295],[16.7738,48.0298],[16.8566,48.0632],[16.9002,48.0721],[16.9623,48.0458],[16.9829,48.0682],[16.983,48.0978],[17.0035,48.1091],[17.0344,48.1],[17.0625,48.1127],[17.0475,48.131],[17.0072,48.1428],[16.9819,48.1613],[16.9506,48.2766],[16.9166,48.2908],[16.8984,48.3162],[16.9019,48.3394],[16.8445,48.3656],[16.8608,48.4438],[16.9139,48.5193],[16.9491,48.5448],[16.945,48.6042],[16.9105,48.6308],[16.8967,48.697],[16.873,48.719],[16.7989,48.7092],[16.729,48.7331],[16.662,48.74],[16.6431,48.7783],[16.5103,48.8048],[16.4357,48.7945],[16.385,48.7371],[16.3583,48.7273],[16.1778,48.7465],[16.0854,48.7429],[16.0323,48.7581],[15.9081,48.8197],[15.886,48.842],[15.8401,48.8501],[15.8185,48.8723],[15.7792,48.8709],[15.7268,48.855],[15.6813,48.8585],[15.6037,48.8874],[15.5442,48.9026],[15.4719,48.9367],[15.3355,48.975],[15.2629,48.9826],[15.2381,48.9508],[15.1419,48.9375],[15.149,48.9653],[15.1374,48.993],[15.0596,48.9972],[14.9821,49.0079],[14.9646,48.9717],[14.9682,48.885],[14.9381,48.8028],[14.9511,48.7803],[14.9193,48.7616],[14.8677,48.7756],[14.8004,48.7765],[14.7754,48.724],[14.7227,48.6934],[14.7038,48.6731],[14.7007,48.6155],[14.6911,48.5865],[14.6592,48.577],[14.6347,48.6023],[14.6019,48.6045],[14.5788,48.6205],[14.522,48.6106],[14.4821,48.6245],[14.4582,48.6432],[14.4436,48.6365],[14.4054,48.5863],[14.3157,48.5579],[14.2165,48.5812],[14.0748,48.5917],[14.0408,48.6012],[14.0062,48.6395],[14.0329,48.6549],[13.9823,48.7065],[13.915,48.731],[13.8559,48.7593],[13.8157,48.7664],[13.7962,48.7798],[13.7247,48.8673],[13.6544,48.8822],[13.6218,48.9091],[13.6087,48.9462],[13.5905,48.9448],[13.5224,48.9693],[13.5021,48.9661],[13.4823,48.9376],[13.4273,48.96],[13.3842,48.993],[13.3724,49.0385],[13.2995,49.0936],[13.2673,49.1056],[13.2068,49.1075],[13.1785,49.1183],[13.1495,49.1548],[13.0558,49.2382],[13.0113,49.2678],[12.9998,49.2949],[12.9229,49.3327],[12.8847,49.3396],[12.8754,49.3239],[12.7978,49.3278],[12.7621,49.3432],[12.7293,49.3911],[12.6435,49.4295],[12.6272,49.4602],[12.623,49.5098],[12.5937,49.515],[12.5623,49.5508],[12.5536,49.5847],[12.502,49.6197],[12.4964,49.67],[12.4196,49.7002],[12.3836,49.7429],[12.3954,49.7579],[12.4527,49.7797],[12.4625,49.8312],[12.4825,49.8272],[12.5129,49.8702],[12.5241,49.905],[12.4627,49.9313],[12.4682,49.9702],[12.2469,50.045],[12.2325,50.0805],[12.1879,50.1028],[12.1792,50.118],[12.1827,50.1707],[12.1393,50.211],[12.0796,50.2427],[12.1091,50.2638],[12.1073,50.2909],[12.0761,50.3152],[12.1013,50.314],[12.0937,50.3226],[12.0399,50.3288],[11.986,50.3516],[11.9812,50.3853],[11.9405,50.4145],[11.9053,50.4152],[11.8997,50.4293],[11.9311,50.4403],[11.9475,50.4622],[11.9258,50.4884],[11.9447,50.5159],[11.9894,50.5461],[12.0485,50.5316],[12.0812,50.5613],[12.1454,50.5625],[12.1587,50.6037],[12.1869,50.6264],[12.2529,50.6263],[12.29,50.6434],[12.3218,50.674],[12.2855,50.677],[12.2628,50.7222],[12.2412,50.7222],[12.2492,50.7426],[12.2855,50.7693],[12.258,50.7925],[12.3308,50.8064],[12.3642,50.8233],[12.4244,50.8243],[12.4628,50.8566],[12.5275,50.8766],[12.6017,50.8764],[12.6109,50.8701],[12.6472,50.8999],[12.6022,50.9525],[12.5457,50.9713],[12.4914,51.0285],[12.4837,51.0583],[12.3289,51.0878],[12.2646,51.0838],[12.2464,51.0326],[12.2754,51.0098],[12.2171,50.9542],[12.2008,50.9279],[12.1595,50.952],[12.1204,50.9445],[12.0679,50.9561],[12.0046,50.949],[11.9609,50.971],[11.9314,50.9981],[11.8607,51.0226],[11.7326,51.0175],[11.6974,51.0642],[11.6891,51.0919],[11.6631,51.1012],[11.6275,51.0956],[11.5352,51.1003],[11.5047,51.0892],[11.4274,51.0988],[11.4264,51.1077],[11.4203,51.1597],[11.3886,51.1899],[11.333,51.2163],[11.3524,51.2301],[11.4224,51.2437],[11.4519,51.2715],[11.3672,51.3575],[11.3149,51.3833],[11.1962,51.3974],[11.1538,51.3969],[10.9991,51.4087],[10.9645,51.4278],[10.9718,51.4627],[10.9454,51.4995],[10.965,51.4721],[11.3,51.52],[11.6,51.45],[11.9,51.42],[12.1,51.47],[12.22,51.6],[12.2662,51.7155],[12,51.68],[11.8,51.68],[11.65,51.72],[11.75,51.9],[11.8596,51.973],[11.74,52.02],[11.66,52.13],[11.7,52.23],[11.77,52.31],[11.9,52.45],[11.98,52.55],[12,52.67],[12.04,52.79],[12.04,52.86],[11.9795,52.8859],[11.9655,52.8852],[11.8967,52.9017],[11.8319,52.9282],[11.8444,52.946],[11.8158,52.9593],[11.8073,52.9603],[11.798,52.9676],[11.75,52.99],[11.7435,52.992],[11.6942,52.984],[11.6814,53.0106],[11.6696,53.0141],[11.6223,53.0224],[11.623,53.0281],[11.5802,53.041],[11.5619,53.01],[11.5813,53.0429],[11.4907,53.0607],[11.4609,53.0794],[11.4169,53.0809],[11.3656,53.064],[11.3276,53.0724],[11.2741,53.1175],[11.2558,53.1362],[11.2397,53.142],[11.2247,53.153],[11.2014,53.1405],[11.1943,53.1409],[11.1645,53.1709],[11.1434,53.1727],[11.1093,53.1558],[11.0894,53.1442],[11.0681,53.1555],[11.0401,53.1664],[10.9302,53.2285],[10.8393,53.2601],[10.8073,53.2756],[10.7868,53.2934],[10.7751,53.3002],[10.7558,53.3029],[10.7394,53.3085],[10.7346,53.3217],[10.7316,53.352],[10.7097,53.3683],[10.6755,53.3737],[10.6012,53.3718],[10.6222,53.391],[10.6272,53.4015],[10.6272,53.4137],[10.6354,53.4452],[10.6408,53.451],[10.6611,53.4582],[10.6863,53.4568],[10.6945,53.4601],[10.7017,53.4755],[10.7082,53.4794],[10.7257,53.4811],[10.7602,53.4882],[10.8049,53.5094],[10.8204,53.5148],[10.8239,53.5313],[10.8324,53.5441],[10.8297,53.5701],[10.8414,53.5719],[10.8578,53.5682],[10.9036,53.5723],[10.9115,53.5714],[10.929,53.5485],[10.9381,53.5525],[10.9544,53.5661],[10.9423,53.5697],[10.953,53.5737],[10.9527,53.5844],[10.9406,53.6114],[10.9398,53.6287],[10.956,53.6391],[10.955,53.6555],[10.9465,53.6649],[10.9456,53.6771],[10.9381,53.6847],[10.9146,53.6968],[10.8789,53.702],[10.8655,53.6999],[10.8466,53.7085],[10.8059,53.7412],[10.7781,53.7458],[10.7609,53.7467],[10.7584,53.7519],[10.7674,53.7746],[10.771,53.7933],[10.7615,53.8225],[10.753,53.8341],[10.7519,53.84],[10.7513,53.8431],[10.7633,53.8651],[10.7726,53.8699],[10.8123,53.8827],[10.8613,53.9098],[10.8852,53.9191],[10.9073,53.9155],[10.9067,53.9053],[10.9129,53.9021],[10.9453,53.9052],[10.95,53.9076],[10.9605,53.9129],[10.95,53.9149],[10.9203,53.9205],[10.9042,53.9313],[10.906,53.9612],[10.9222,53.9614],[10.9222,54.0474],[10.9401,54.0474],[10.9427,54.1336],[10.9505,54.1395],[11.0666,54.1839],[11.0945,54.2251],[11.0871,54.2709],[11.0945,54.2835],[11.0774,54.3422],[11.1355,54.3859],[11.1042,54.3929],[11.0339,54.3676],[11.0188,54.3859],[10.9353,54.3795],[10.913,54.3726],[10.3193,54.5096],[10.3,54.5],[10.15,54.42],[10,54.38],[9.85,54.35],[9.67,54.3],[9.5,54.28],[9.3,54.3],[9.1,54.37],[8.9,54.3],[8.6361,54.2868],[8.6417,54.2826],[8.7715,54.0675],[8.7999,54.0204],[8.7835,54.0084],[8.7613,53.9923],[8.7235,53.9648],[8.7032,53.95],[8.6857,53.9372],[8.6101,53.8822],[8.6071,53.8815],[8.5733,53.8577],[8.5715,53.8542],[8.5,53.8021],[8.4434,53.7609],[8.3152,53.6676],[8.1614,53.5557],[8.1498,53.5602],[8.1244,53.5836],[8.1276,53.5908],[8.1074,53.5992],[8.0253,53.6747],[8.0314,53.7081],[7.9599,53.7204],[7.9365,53.748],[7.9361,53.748],[7.4711,53.7178],[7.2267,53.702],[7.1009,53.6938],[6.9823,53.5647],[6.954,53.5339],[6.9256,53.503],[6.9212,53.4982],[6.9065,53.4822],[6.8601,53.4838],[6.7379,53.4881],[6.4935,53.4965],[6.463,53.4976],[6.4324,53.4987],[6.4018,53.4997],[6.3713,53.5008],[6.3408,53.5018],[6.3245,53.5024],[6.3189,53.5072],[6.3345,53.511],[6.3337,53.5111],[6.3343,53.5112],[6.3338,53.5112],[6.3345,53.5114],[6.3118,53.5132],[6.3108,53.5141],[6.305,53.5138],[6.2913,53.5149],[6.2909,53.5149],[6.2752,53.5122],[6.2118,53.5089],[6.2017,53.5067],[6.1269,53.5092],[6.0753,53.511],[6.0749,53.511],[6.0046,53.4895],[5.9333,53.4678],[5.9138,53.4739],[5.8856,53.4732],[5.8773,53.4749],[5.8769,53.4749],[5.7077,53.4732],[5.6537,53.4663],[5.6541,53.4659],[5.6537,53.4659],[5.6545,53.4652],[5.6419,53.4634],[5.6361,53.4487],[5.679,53.4301],[5.7363,53.4435],[5.7854,53.4474],[5.8556,53.4474],[5.876,53.4502],[5.5158,53.3402],[5.2714,53.2655],[5.1492,53.2282],[5.0881,53.2095],[5.0576,53.2002],[5.027,53.1908],[4.9883,53.179],[4.9495,53.1672],[4.8974,53.1512],[4.8872,53.1644],[4.8872,53.1833],[4.8868,53.1831],[4.8868,53.1833],[4.8858,53.1827],[4.8858,53.1867],[4.8543,53.1877],[4.8057,53.133],[4.7597,53.1091],[4.7167,53.096],[4.7068,53.093],[4.4064,52.5894],[4.3168,52.4391],[4.2944,52.4015],[4.2719,52.3639],[4.2271,52.2887],[4.0493,51.9907],[4.0225,51.9944],[4.01,51.9801],[4.0257,51.951],[3.9638,51.8472],[3.9627,51.8474],[3.8623,51.8161],[3.8716,51.7883],[3.9339,51.7971],[3.9173,51.7693],[3.9016,51.743],[3.8101,51.7473],[3.7928,51.7457],[3.7892,51.7459],[3.7888,51.7459],[3.7825,51.7448],[3.7258,51.7397],[3.7054,51.7314],[3.6988,51.7303],[3.6988,51.7288],[3.6895,51.725],[3.6867,51.6927],[3.7206,51.6768],[3.7654,51.6784],[3.7758,51.6858],[3.8159,51.693],[3.8244,51.69],[3.8596,51.6726],[3.8284,51.6204],[3.8118,51.6115],[3.5604,51.5946],[3.5469,51.5894],[3.5008,51.5775],[3.4838,51.5652],[3.4575,51.5551],[3.447,51.546],[3.4619,51.519],[3.4948,51.5009],[3.5321,51.4626],[3.4881,51.4392],[3.4608,51.4246],[3.6,51.42],[3.75,51.385],[3.85,51.37],[4,51.4],[4.15,51.37],[4.2126,51.37],[4.1904,51.375],[4.1904,51.3816],[4.237,51.3816],[4.237,51.3503],[4.2441,51.3421],[4.2837,51.3421],[4.2854,51.318],[4.2875,51.317],[4.2875,51.3068],[4.303,51.2961],[4.2987,51.2696],[4.2886,51.2579],[4.333,51.1697],[4.316,51.1322],[4.2158,51.1215],[4.182,51.0999],[4.1964,51.0545],[4.2123,51.0341],[4.2403,51.0381],[4.2171,50.9901],[4.1617,50.9906],[4.1465,50.9706],[4.1602,50.9299],[4.137,50.9196],[4.0913,50.9318],[4.1001,50.9125],[4.0736,50.9],[4.0871,50.8814],[4.0404,50.8384],[4.0749,50.8207],[4.0604,50.7926],[3.9822,50.7669],[3.9563,50.7798],[3.9312,50.7576],[3.9506,50.7341],[3.895,50.7342],[3.8844,50.7514],[3.828,50.7435],[3.7746,50.749],[3.7578,50.7803],[3.7145,50.7686],[3.704,50.7821],[3.6753,50.7719],[3.6347,50.7219],[3.6066,50.7342],[3.5405,50.7349],[3.534,50.7664],[3.4941,50.7589],[3.4576,50.7685],[3.4128,50.7474],[3.3635,50.7097],[3.3231,50.7235],[3.3033,50.7564],[3.2608,50.7523],[3.2197,50.7673],[3.1628,50.7499]],[[7.3842,47.4131],[7.3882,47.4333],[7.4206,47.4509],[7.4458,47.4389],[7.4551,47.4214],[7.4404,47.4146],[7.3842,47.4131]],[[4.2609,51.37],[4.2803,51.37],[4.2666,51.3881],[4.2811,51.3689],[4.2611,51.3694],[4.2609,51.37]],[[7.446,47.4869],[7.4674,47.4819],[7.4858,47.4988],[7.529,47.4939],[7.5339,47.4608],[7.4542,47.452],[7.446,47.4869]]],[[[4.8789,53.2209],[4.9102,53.2125],[4.9575,53.2456],[4.9716,53.2538],[5.1105,53.3079],[5.1098,53.3079],[5.1103,53.3081],[5.11,53.3081],[5.1105,53.3083],[5.1006,53.3085],[5.1048,53.3096],[5.0545,53.3138],[5.0428,53.3097],[5.0277,53.31],[5.0273,53.31],[4.9972,53.2937],[4.9865,53.29],[4.9212,53.2537],[4.917,53.2504],[4.9084,53.2458],[4.9087,53.2455],[4.9084,53.2454],[4.9095,53.2446],[4.8789,53.2209]]],[[[5.1789,53.3854],[5.1799,53.3531],[5.2083,53.3527],[5.3469,53.3892],[5.427,53.4064],[5.4817,53.4127],[5.4797,53.4172],[5.5821,53.4381],[5.5815,53.4382],[5.5819,53.4383],[5.5815,53.4384],[5.5821,53.4385],[5.5701,53.441],[5.5853,53.4536],[5.437,53.4365],[5.4284,53.4326],[5.4161,53.4315],[5.1893,53.3916],[5.1898,53.3914],[5.1895,53.3914],[5.1898,53.3913],[5.1893,53.3912],[5.1958,53.3891],[5.1789,53.3854]]],[[[6.6437,53.5787],[6.6441,53.5787],[6.6739,53.5799],[6.6771,53.5756],[6.7346,53.5752],[6.7293,53.582],[6.7341,53.5822],[6.7576,53.5971],[6.7981,53.6044],[6.7879,53.6163],[6.8025,53.6256],[6.802,53.6256],[6.8023,53.6258],[6.8022,53.6258],[6.8025,53.626],[6.7553,53.626],[6.6689,53.6051],[6.6641,53.6001],[6.6595,53.5991],[6.6611,53.597],[6.6437,53.5791],[6.6441,53.5791],[6.6437,53.5787]]],[[[11.0057,54.4685],[11.0325,54.4473],[11.0581,54.4553],[11.0739,54.4539],[11.1064,54.4314],[11.1126,54.4152],[11.179,54.4142],[11.1805,54.4161],[11.2802,54.4172],[11.3142,54.4138],[11.2556,54.4787],[11.2448,54.4866],[11.2341,54.5009],[11.2213,54.5038],[11.2066,54.5145],[11.1213,54.536],[11.0907,54.533],[11.0865,54.5339],[11.0864,54.5338],[11.0861,54.5339],[11.0815,54.5321],[11.0729,54.5312],[11.0571,54.5222],[11.0429,54.5165],[11.0405,54.5128],[11.0337,54.5089],[11.0057,54.4685]]]]}},
{"type":"Feature","properties":{"entityId":"east-francia","from":907,"to":911,"certainty":"estimated","source":"유럽 쪽은 Natural Earth 1:10m admin-1(v5.1.2) 현대 행정구역 조각을 그 시기 국경에 맞춰 묶고, 조각이 역사 경계와 다른 곳은 선을 그어 나눈 근사. 유럽 밖(시베리아·중앙아시아·극동)은 대략적인 추정. 운영자 검수 필요"},"geometry":{"type":"MultiPolygon","coordinates":[[[[3.1628,50.7499],[3.1969,50.7092],[3.2244,50.7052],[3.2438,50.6721],[3.2298,50.6554],[3.2643,50.5702],[3.271,50.5269],[3.2999,50.5075],[3.3436,50.4929],[3.3854,50.4916],[3.4292,50.5018],[3.4629,50.5191],[3.4915,50.5171],[3.4991,50.4868],[3.5637,50.4865],[3.6083,50.4765],[3.6444,50.4455],[3.6529,50.3602],[3.6617,50.3193],[3.6969,50.2982],[3.7415,50.3431],[3.7987,50.3485],[3.8402,50.3452],[3.8959,50.3253],[3.9821,50.3426],[4.0227,50.3381],[4.0979,50.2948],[4.1253,50.2571],[4.1437,50.2516],[4.1628,50.273],[4.2037,50.252],[4.1573,50.2127],[4.1258,50.1282],[4.1806,50.1272],[4.21,50.0602],[4.1373,50.0251],[4.1317,49.975],[4.1877,49.9555],[4.2159,49.9544],[4.2776,49.9602],[4.4277,49.9336],[4.4648,49.9356],[4.6042,49.9802],[4.6567,49.9891],[4.6729,50.0164],[4.6819,50.0839],[4.7886,50.1534],[4.8156,50.1613],[4.8201,50.1464],[4.8719,50.1398],[4.8629,50.0841],[4.846,50.0907],[4.8272,50.0641],[4.8267,50.036],[4.7883,49.9743],[4.7973,49.9443],[4.8446,49.9317],[4.8594,49.8917],[4.8369,49.848],[4.8492,49.8316],[4.849,49.7942],[4.8842,49.7841],[4.9684,49.797],[5.0263,49.7667],[5.0819,49.7527],[5.1364,49.7053],[5.1925,49.6828],[5.2592,49.6913],[5.2994,49.6625],[5.2979,49.6133],[5.3349,49.6258],[5.3912,49.6088],[5.3899,49.5933],[5.3021,49.5495],[5.2731,49.544],[5.2629,49.5588],[5.25,49.5597],[5.1841,49.5641],[5.1395,49.585],[5.1008,49.5635],[5.0947,49.5208],[5.0713,49.5005],[5.0959,49.466],[5.1139,49.4218],[5.0919,49.3787],[5.0421,49.3321],[5.0495,49.2798],[4.9787,49.2357],[4.98,49.2098],[4.9554,49.1652],[4.9789,49.1201],[4.987,49.0476],[4.9978,49.0309],[5.0338,49.0125],[5.0202,48.9913],[5.0174,48.9472],[4.9888,48.9245],[4.9452,48.9157],[4.9216,48.8785],[4.9302,48.8322],[4.9069,48.8048],[4.9172,48.7877],[4.9828,48.75],[4.9921,48.6929],[5.0046,48.6554],[5.0359,48.6181],[5.117,48.5812],[5.187,48.5419],[5.2686,48.5108],[5.3448,48.5004],[5.3563,48.4814],[5.4552,48.4192],[5.4242,48.3881],[5.4322,48.3373],[5.5085,48.3507],[5.534,48.3339],[5.5844,48.2838],[5.6379,48.2808],[5.6615,48.2386],[5.713,48.2114],[5.7203,48.196],[5.6975,48.1805],[5.6885,48.1477],[5.6593,48.1008],[5.7322,48.0467],[5.788,48.0225],[5.799,48.0012],[5.7981,47.9642],[5.8128,47.9572],[5.8492,47.9676],[5.8918,47.9326],[5.9261,47.9481],[5.9551,47.9797],[5.9709,47.9409],[6.0344,47.9726],[6.071,48.0044],[6.0994,48.0087],[6.1469,48.0016],[6.1827,47.9768],[6.1819,47.9582],[6.2438,47.9322],[6.2828,47.9348],[6.3224,47.9505],[6.3734,47.953],[6.412,47.9423],[6.4987,47.9047],[6.5526,47.9012],[6.5765,47.908],[6.6138,47.9413],[6.6372,47.9351],[6.6965,47.8899],[6.7407,47.8761],[6.836,47.8242],[6.7848,47.78],[6.7651,47.7529],[6.7608,47.7138],[6.7865,47.655],[6.7897,47.6042],[6.8109,47.5764],[6.8071,47.5629],[6.8248,47.5476],[6.8938,47.5518],[6.9234,47.5211],[6.9144,47.487],[6.9392,47.4268],[6.991,47.4522],[6.9733,47.4891],[7.0008,47.4977],[7.0539,47.4904],[7.1037,47.4963],[7.1422,47.4877],[7.1808,47.4883],[7.1626,47.4599],[7.1683,47.4436],[7.2448,47.4177],[7.2826,47.4289],[7.3369,47.4319],[7.3842,47.4131],[7.4112,47.3983],[7.4197,47.3827],[7.4371,47.3793],[7.4527,47.3958],[7.5068,47.3886],[7.5422,47.4108],[7.5774,47.4155],[7.5748,47.4283],[7.6029,47.4312],[7.6266,47.4618],[7.6081,47.4728],[7.6145,47.4841],[7.6497,47.4834],[7.6643,47.4916],[7.7134,47.4673],[7.6904,47.4482],[7.6839,47.4216],[7.6379,47.4065],[7.6396,47.3849],[7.6538,47.3681],[7.7138,47.3662],[7.7521,47.3477],[7.7861,47.3385],[7.8053,47.3636],[7.8705,47.3847],[7.882,47.4024],[7.9289,47.4078],[7.9537,47.4223],[7.9449,47.4406],[7.9549,47.4577],[7.9791,47.4487],[7.9813,47.4312],[8.0057,47.4043],[8.028,47.3981],[8.0291,47.3792],[7.9969,47.3345],[7.9816,47.3283],[7.9019,47.3383],[7.8575,47.3107],[7.8229,47.269],[7.8393,47.2318],[7.8751,47.1767],[7.8871,47.1283],[7.8741,47.1014],[7.8733,47.0481],[7.8975,47.0115],[7.9525,47.0027],[7.93,46.9482],[7.916,46.934],[7.8757,46.9244],[7.8609,46.8779],[7.8705,46.8503],[7.9522,46.8024],[7.9771,46.7789],[8.0437,46.7883],[8.0946,46.7843],[8.1581,46.759],[8.1987,46.7676],[8.2703,46.759],[8.2909,46.7617],[8.3244,46.7777],[8.3682,46.7895],[8.3916,46.7751],[8.4462,46.7692],[8.4376,46.7414],[8.4447,46.6911],[8.4017,46.6887],[8.4094,46.6557],[8.4217,46.6459],[8.4076,46.5932],[8.4374,46.5466],[8.4769,46.5318],[8.5098,46.5509],[8.5238,46.5785],[8.5487,46.585],[8.6363,46.5712],[8.6779,46.5836],[8.7112,46.573],[8.7884,46.5681],[8.8473,46.5752],[8.8981,46.5893],[8.9148,46.6204],[8.956,46.6306],[8.9648,46.6148],[9.0221,46.6049],[9.0385,46.5907],[9.0152,46.5335],[9.0486,46.4809],[9.0773,46.4823],[9.0978,46.4161],[9.0891,46.3637],[9.057,46.299],[9.0875,46.2206],[9.1638,46.173],[9.1813,46.2041],[9.2248,46.2312],[9.2397,46.267],[9.269,46.3094],[9.2738,46.3443],[9.2604,46.3797],[9.2609,46.4167],[9.238,46.4365],[9.2632,46.4851],[9.2823,46.4974],[9.331,46.5015],[9.3771,46.4687],[9.4107,46.4889],[9.4379,46.492],[9.4438,46.3961],[9.4516,46.3704],[9.4826,46.3568],[9.5153,46.3086],[9.5597,46.2927],[9.6743,46.2918],[9.7084,46.3117],[9.7093,46.3424],[9.7309,46.3507],[9.7681,46.3386],[9.8554,46.367],[9.899,46.3722],[9.964,46.3561],[9.9776,46.2981],[10.0317,46.2601],[10.0427,46.2205],[10.0757,46.22],[10.1458,46.2433],[10.1589,46.2624],[10.1049,46.3094],[10.0918,46.329],[10.105,46.3614],[10.1332,46.3811],[10.1334,46.414],[10.0421,46.4327],[10.0263,46.4463],[10.044,46.467],[10.0269,46.4932],[10.0328,46.533],[10.0712,46.5644],[10.0878,46.6044],[10.1921,46.6268],[10.2338,46.618],[10.2347,46.5753],[10.2759,46.5655],[10.2954,46.5511],[10.3543,46.5483],[10.4259,46.5353],[10.4518,46.5467],[10.4939,46.4945],[10.5413,46.4895],[10.6247,46.4545],[10.6575,46.4495],[10.7452,46.4849],[10.7762,46.4754],[10.7975,46.4469],[10.8399,46.4307],[10.9974,46.4792],[11.0511,46.446],[11.0643,46.458],[11.0553,46.5156],[11.0859,46.5236],[11.1176,46.4938],[11.1454,46.4872],[11.1927,46.5056],[11.2145,46.4693],[11.2018,46.3392],[11.1562,46.284],[11.1615,46.2495],[11.191,46.2271],[11.242,46.2312],[11.2871,46.2591],[11.3282,46.2935],[11.3707,46.269],[11.3876,46.2811],[11.4085,46.3245],[11.4549,46.3348],[11.4766,46.3596],[11.5378,46.3537],[11.5774,46.3681],[11.5953,46.3862],[11.6412,46.4727],[11.6841,46.5077],[11.7158,46.5138],[11.7784,46.5101],[11.8118,46.5303],[11.8322,46.504],[11.8519,46.5142],[12.022,46.5394],[12.0712,46.6131],[12.0803,46.6499],[12.0991,46.6678],[12.1386,46.6443],[12.1779,46.6348],[12.214,46.5961],[12.2531,46.6109],[12.3024,46.6146],[12.3407,46.6282],[12.3825,46.6181],[12.3992,46.6397],[12.4696,46.6758],[12.4999,46.6721],[12.562,46.6512],[12.6202,46.6565],[12.6714,46.6525],[12.6974,46.6405],[12.7485,46.641],[12.8304,46.6096],[13.0645,46.598],[13.1465,46.585],[13.2311,46.5522],[13.2714,46.5508],[13.3733,46.5658],[13.417,46.5605],[13.478,46.5636],[13.5068,46.5469],[13.5492,46.5458],[13.6703,46.5187],[13.701,46.5197],[13.6899,46.4933],[13.6859,46.464],[13.6775,46.4521],[13.6588,46.4451],[13.6002,46.4426],[13.5757,46.4267],[13.53,46.3883],[13.4837,46.3712],[13.4597,46.359],[13.4341,46.3539],[13.4232,46.3448],[13.3956,46.3067],[13.3653,46.2903],[13.3786,46.2684],[13.3847,46.2433],[13.3981,46.2305],[13.4101,46.208],[13.4374,46.2109],[13.4228,46.2286],[13.4683,46.2234],[13.4823,46.2179],[13.5102,46.214],[13.529,46.2048],[13.559,46.1841],[13.5845,46.1813],[13.6274,46.1817],[13.6411,46.1714],[13.645,46.1617],[13.6164,46.125],[13.5226,46.0753],[13.5051,46.066],[13.4823,46.0448],[13.4903,46.0389],[13.4928,46.0325],[13.4823,46.0184],[13.4618,46.0064],[13.5094,45.9674],[13.5394,45.969],[13.5717,45.9798],[13.6007,45.9846],[13.6228,45.9664],[13.6153,45.9459],[13.6082,45.9266],[13.5993,45.9123],[13.5693,45.8645],[13.566,45.8303],[13.5742,45.819],[13.5813,45.8092],[13.5885,45.8065],[13.6092,45.7986],[13.6436,45.7957],[13.6603,45.792],[13.6999,45.7705],[13.7095,45.7653],[13.7787,45.7434],[13.8584,45.6494],[13.8692,45.6411],[13.8936,45.6338],[13.887,45.6188],[13.8679,45.6022],[13.88,45.5725],[13.8946,45.5598],[13.9104,45.552],[13.9522,45.546],[13.9838,45.5195],[13.9875,45.5119],[14.014,45.508],[14.0667,45.4803],[14.0929,45.4739],[14.1167,45.473],[14.1173,45.473],[14.1455,45.4762],[14.2187,45.4972],[14.2804,45.4811],[14.3268,45.4749],[14.3728,45.4778],[14.4112,45.4932],[14.4689,45.5256],[14.4821,45.5424],[14.4915,45.5792],[14.4986,45.5962],[14.5436,45.6364],[14.5561,45.6567],[14.5691,45.6643],[14.5809,45.6678],[14.5919,45.6634],[14.5941,45.648],[14.5939,45.6162],[14.6031,45.6036],[14.616,45.5941],[14.6503,45.5748],[14.6637,45.5702],[14.6717,45.5568],[14.6685,45.534],[14.6883,45.522],[14.7815,45.4931],[14.7972,45.4652],[14.8388,45.459],[14.8816,45.4698],[14.9008,45.4931],[14.9044,45.5144],[14.9226,45.5149],[14.9454,45.5045],[14.9626,45.4931],[14.9773,45.4917],[15.0074,45.4808],[15.0562,45.4799],[15.0661,45.4739],[15.1393,45.43],[15.1842,45.4256],[15.2258,45.4365],[15.2816,45.451],[15.314,45.4505],[15.3339,45.4585],[15.3614,45.482],[15.311,45.5059],[15.2967,45.523],[15.2822,45.5715],[15.2696,45.5934],[15.2686,45.6017],[15.2879,45.6103],[15.2974,45.6257],[15.3267,45.6323],[15.3531,45.6403],[15.3738,45.6402],[15.3683,45.649],[15.35,45.6696],[15.3829,45.6904],[15.4209,45.6953],[15.4738,45.6618],[15.5131,45.6473],[15.5137,45.6324],[15.5756,45.6024],[15.5936,45.6205],[15.6264,45.6214],[15.6633,45.6049],[15.7316,45.5886],[15.7474,45.5952],[15.7392,45.5589],[15.7799,45.5225],[15.8129,45.5234],[15.8425,45.4659],[15.8372,45.4363],[15.8141,45.3987],[15.7799,45.3951],[15.716,45.4208],[15.6765,45.4252],[15.6568,45.4152],[15.6723,45.3982],[15.6651,45.3766],[15.6796,45.3488],[15.6639,45.3396],[15.6564,45.2851],[15.6616,45.2681],[15.6312,45.2395],[15.6394,45.2107],[15.7049,45.2009],[15.7617,45.21],[15.8026,45.1965],[15.8248,45.211],[15.8789,45.2172],[16.0085,45.2182],[16.0292,45.205],[16.0244,45.1843],[16.0675,45.1696],[16.1041,45.1125],[16.213,45.0315],[16.2793,45.0072],[16.3162,45.0012],[16.346,45.02],[16.382,45.0837],[16.3818,45.1076],[16.4355,45.1329],[16.4819,45.1995],[16.5289,45.2223],[16.587,45.2209],[16.7863,45.1788],[16.8242,45.1891],[16.8307,45.217],[16.9244,45.2845],[16.9473,45.2357],[16.9612,45.2509],[17.0083,45.2162],[17.0363,45.2305],[17.0557,45.2004],[17.1246,45.1691],[17.1871,45.1486],[17.2455,45.1554],[17.269,45.1895],[17.3824,45.1396],[17.4341,45.1486],[17.4478,45.1343],[17.4962,45.1417],[17.4893,45.1163],[17.5724,45.1204],[17.63,45.1573],[17.6847,45.164],[17.7145,45.152],[17.7657,45.111],[17.7975,45.082],[17.8357,45.0644],[17.9026,45.0778],[17.9277,45.092],[17.9885,45.1438],[18.0191,45.1494],[18.0903,45.108],[18.1437,45.0977],[18.1749,45.1008],[18.1993,45.119],[18.2023,45.1441],[18.2379,45.1575],[18.262,45.1507],[18.3223,45.1229],[18.3929,45.1186],[18.412,45.1124],[18.4518,45.085],[18.4817,45.0669],[18.517,45.0559],[18.5411,45.0553],[18.5348,45.0884],[18.504,45.1289],[18.5034,45.1555],[18.5369,45.1935],[18.5538,45.192],[18.5679,45.2266],[18.5532,45.2413],[18.5067,45.251],[18.5119,45.2926],[18.5727,45.3052],[18.5897,45.3186],[18.6323,45.3214],[18.655,45.3916],[18.7141,45.4161],[18.7869,45.4136],[18.8019,45.4228],[18.7886,45.4554],[18.8611,45.4813],[18.8822,45.4781],[18.9385,45.4325],[19.0023,45.4437],[18.9964,45.4738],[19.0179,45.4978],[19.0772,45.4916],[19.1063,45.5116],[19.0951,45.5261],[19.051,45.5389],[19.0181,45.5674],[18.9602,45.5391],[18.9417,45.5389],[18.9036,45.5731],[18.9124,45.6192],[18.9685,45.6687],[18.9627,45.6831],[18.9173,45.7066],[18.9002,45.7649],[18.8487,45.8096],[18.8553,45.8574],[18.8998,45.8614],[18.904,45.8757],[18.8729,45.8952],[18.907,45.9157],[18.9013,45.9312],[18.8225,45.9056],[18.8049,45.9136],[18.786,45.8869],[18.7633,45.884],[18.6743,45.9104],[18.633,45.8919],[18.6222,45.8684],[18.5855,45.8269],[18.5303,45.7909],[18.4818,45.7914],[18.4117,45.7432],[18.3838,45.7432],[18.3672,45.7582],[18.3177,45.7473],[18.2112,45.7854],[18.129,45.7854],[18.0805,45.7717],[17.9754,45.7921],[17.9062,45.7921],[17.858,45.7759],[17.8092,45.8144],[17.6873,45.8406],[17.6547,45.8521],[17.6458,45.8918],[17.5911,45.9362],[17.5119,45.9539],[17.4267,45.9567],[17.4062,45.9437],[17.3892,45.9631],[17.3453,45.9557],[17.3379,45.9846],[17.3066,45.9799],[17.2901,45.9915],[17.3168,45.9977],[17.2759,46.012],[17.2486,46.0802],[17.1973,46.1212],[17.1162,46.1231],[17.0529,46.1535],[17.028,46.1805],[16.9748,46.2106],[16.9407,46.2515],[16.8892,46.2922],[16.8793,46.3121],[16.8594,46.3648],[16.8377,46.3819],[16.7693,46.3961],[16.7551,46.3819],[16.7429,46.3996],[16.7124,46.4127],[16.6593,46.4642],[16.5943,46.483],[16.5837,46.4707],[16.5153,46.5017],[16.5008,46.5448],[16.4671,46.5647],[16.4302,46.6044],[16.3946,46.619],[16.3764,46.6291],[16.3722,46.6363],[16.3684,46.643],[16.3776,46.6529],[16.3967,46.6591],[16.4026,46.6631],[16.4105,46.6684],[16.405,46.6873],[16.39,46.6942],[16.3714,46.6949],[16.3662,46.6965],[16.3654,46.6967],[16.3576,46.699],[16.3573,46.7158],[16.3434,46.7142],[16.3142,46.7433],[16.2982,46.7758],[16.2995,46.7795],[16.3022,46.787],[16.3111,46.7975],[16.3149,46.802],[16.3218,46.8133],[16.3275,46.8255],[16.3298,46.8344],[16.3253,46.8394],[16.3107,46.84],[16.3019,46.8432],[16.2974,46.847],[16.2822,46.8599],[16.272,46.864],[16.1795,46.8585],[16.1354,46.8558],[16.1302,46.8567],[16.094,46.8628],[16.0529,46.8461],[16.032,46.8376],[16.0284,46.8369],[16.0037,46.8707],[16.0115,46.9133],[16.0545,46.9442],[16.1363,47.0249],[16.1347,47.0402],[16.0895,47.0829],[16.0844,47.1069],[16.095,47.1651],[16.0675,47.2376],[16.0584,47.2911],[16.02,47.3724],[16.0475,47.4106],[16.0717,47.3949],[16.1479,47.443],[16.1135,47.4634],[16.0804,47.5165],[16.0472,47.5062],[15.9983,47.5238],[15.9167,47.5332],[15.8923,47.572],[15.8661,47.5854],[15.8279,47.5889],[15.8287,47.6321],[15.7969,47.6454],[15.7432,47.6367],[15.7261,47.6902],[15.7143,47.7019],[15.6718,47.7042],[15.6386,47.7174],[15.6062,47.7435],[15.5387,47.7474],[15.5001,47.7663],[15.4175,47.7935],[15.3754,47.8196],[15.3391,47.8254],[15.2779,47.8152],[15.2297,47.8193],[15.1871,47.7804],[15.0561,47.7508],[15.0147,47.7524],[14.9296,47.7269],[14.8834,47.7247],[14.8382,47.7505],[14.7341,47.7502],[14.6993,47.7689],[14.7162,47.7935],[14.7189,47.8289],[14.7507,47.9019],[14.6905,47.9372],[14.6066,47.9612],[14.4454,48.043],[14.4272,48.0574],[14.4454,48.0685],[14.4799,48.1179],[14.4694,48.1558],[14.4849,48.2184],[14.52,48.2448],[14.5823,48.2402],[14.6376,48.1971],[14.6755,48.1825],[14.8187,48.2056],[14.862,48.237],[14.9296,48.244],[14.968,48.2252],[14.9754,48.3336],[14.9638,48.3831],[14.94,48.4018],[14.9344,48.434],[14.9098,48.44],[14.8823,48.4712],[14.8871,48.5005],[14.9136,48.4999],[14.9064,48.5271],[14.8393,48.542],[14.7745,48.5625],[14.7116,48.572],[14.6911,48.5865],[14.6592,48.577],[14.6347,48.6023],[14.6019,48.6045],[14.5788,48.6205],[14.522,48.6106],[14.4821,48.6245],[14.4582,48.6432],[14.4436,48.6365],[14.4054,48.5863],[14.3157,48.5579],[14.2165,48.5812],[14.0748,48.5917],[14.0408,48.6012],[14.0062,48.6395],[14.0329,48.6549],[13.9823,48.7065],[13.915,48.731],[13.8559,48.7593],[13.8157,48.7664],[13.7962,48.7798],[13.7247,48.8673],[13.6544,48.8822],[13.6218,48.9091],[13.6087,48.9462],[13.5905,48.9448],[13.5224,48.9693],[13.5021,48.9661],[13.4823,48.9376],[13.4273,48.96],[13.3842,48.993],[13.3724,49.0385],[13.2995,49.0936],[13.2673,49.1056],[13.2068,49.1075],[13.1785,49.1183],[13.1495,49.1548],[13.0558,49.2382],[13.0113,49.2678],[12.9998,49.2949],[12.9229,49.3327],[12.8847,49.3396],[12.8754,49.3239],[12.7978,49.3278],[12.7621,49.3432],[12.7293,49.3911],[12.6435,49.4295],[12.6272,49.4602],[12.623,49.5098],[12.5937,49.515],[12.5623,49.5508],[12.5536,49.5847],[12.502,49.6197],[12.4964,49.67],[12.4196,49.7002],[12.3836,49.7429],[12.3954,49.7579],[12.4527,49.7797],[12.4625,49.8312],[12.4825,49.8272],[12.5129,49.8702],[12.5241,49.905],[12.4627,49.9313],[12.4682,49.9702],[12.2469,50.045],[12.2325,50.0805],[12.1879,50.1028],[12.1792,50.118],[12.1827,50.1707],[12.1393,50.211],[12.0796,50.2427],[12.1091,50.2638],[12.1073,50.2909],[12.0761,50.3152],[12.1013,50.314],[12.0937,50.3226],[12.0399,50.3288],[11.986,50.3516],[11.9812,50.3853],[11.9405,50.4145],[11.9053,50.4152],[11.8997,50.4293],[11.9311,50.4403],[11.9475,50.4622],[11.9258,50.4884],[11.9447,50.5159],[11.9894,50.5461],[12.0485,50.5316],[12.0812,50.5613],[12.1454,50.5625],[12.1587,50.6037],[12.1869,50.6264],[12.2529,50.6263],[12.29,50.6434],[12.3218,50.674],[12.2855,50.677],[12.2628,50.7222],[12.2412,50.7222],[12.2492,50.7426],[12.2855,50.7693],[12.258,50.7925],[12.3308,50.8064],[12.3642,50.8233],[12.4244,50.8243],[12.4628,50.8566],[12.5275,50.8766],[12.6017,50.8764],[12.6109,50.8701],[12.6472,50.8999],[12.6022,50.9525],[12.5457,50.9713],[12.4914,51.0285],[12.4837,51.0583],[12.3289,51.0878],[12.2646,51.0838],[12.2464,51.0326],[12.2754,51.0098],[12.2171,50.9542],[12.2008,50.9279],[12.1595,50.952],[12.1204,50.9445],[12.0679,50.9561],[12.0046,50.949],[11.9609,50.971],[11.9314,50.9981],[11.8607,51.0226],[11.7326,51.0175],[11.6974,51.0642],[11.6891,51.0919],[11.6631,51.1012],[11.6275,51.0956],[11.5352,51.1003],[11.5047,51.0892],[11.4274,51.0988],[11.4264,51.1077],[11.4203,51.1597],[11.3886,51.1899],[11.333,51.2163],[11.3524,51.2301],[11.4224,51.2437],[11.4519,51.2715],[11.3672,51.3575],[11.3149,51.3833],[11.1962,51.3974],[11.1538,51.3969],[10.9991,51.4087],[10.9645,51.4278],[10.9718,51.4627],[10.9454,51.4995],[10.965,51.4721],[11.3,51.52],[11.6,51.45],[11.9,51.42],[12.1,51.47],[12.22,51.6],[12.2662,51.7155],[12,51.68],[11.8,51.68],[11.65,51.72],[11.75,51.9],[11.8596,51.973],[11.74,52.02],[11.66,52.13],[11.7,52.23],[11.77,52.31],[11.9,52.45],[11.98,52.55],[12,52.67],[12.04,52.79],[12.04,52.86],[11.9795,52.8859],[11.9655,52.8852],[11.8967,52.9017],[11.8319,52.9282],[11.8444,52.946],[11.8158,52.9593],[11.8073,52.9603],[11.798,52.9676],[11.75,52.99],[11.7435,52.992],[11.6942,52.984],[11.6814,53.0106],[11.6696,53.0141],[11.6223,53.0224],[11.623,53.0281],[11.5802,53.041],[11.5619,53.01],[11.5813,53.0429],[11.4907,53.0607],[11.4609,53.0794],[11.4169,53.0809],[11.3656,53.064],[11.3276,53.0724],[11.2741,53.1175],[11.2558,53.1362],[11.2397,53.142],[11.2247,53.153],[11.2014,53.1405],[11.1943,53.1409],[11.1645,53.1709],[11.1434,53.1727],[11.1093,53.1558],[11.0894,53.1442],[11.0681,53.1555],[11.0401,53.1664],[10.9302,53.2285],[10.8393,53.2601],[10.8073,53.2756],[10.7868,53.2934],[10.7751,53.3002],[10.7558,53.3029],[10.7394,53.3085],[10.7346,53.3217],[10.7316,53.352],[10.7097,53.3683],[10.6755,53.3737],[10.6012,53.3718],[10.6222,53.391],[10.6272,53.4015],[10.6272,53.4137],[10.6354,53.4452],[10.6408,53.451],[10.6611,53.4582],[10.6863,53.4568],[10.6945,53.4601],[10.7017,53.4755],[10.7082,53.4794],[10.7257,53.4811],[10.7602,53.4882],[10.8049,53.5094],[10.8204,53.5148],[10.8239,53.5313],[10.8324,53.5441],[10.8297,53.5701],[10.8414,53.5719],[10.8578,53.5682],[10.9036,53.5723],[10.9115,53.5714],[10.929,53.5485],[10.9381,53.5525],[10.9544,53.5661],[10.9423,53.5697],[10.953,53.5737],[10.9527,53.5844],[10.9406,53.6114],[10.9398,53.6287],[10.956,53.6391],[10.955,53.6555],[10.9465,53.6649],[10.9456,53.6771],[10.9381,53.6847],[10.9146,53.6968],[10.8789,53.702],[10.8655,53.6999],[10.8466,53.7085],[10.8059,53.7412],[10.7781,53.7458],[10.7609,53.7467],[10.7584,53.7519],[10.7674,53.7746],[10.771,53.7933],[10.7615,53.8225],[10.753,53.8341],[10.7519,53.84],[10.7513,53.8431],[10.7633,53.8651],[10.7726,53.8699],[10.8123,53.8827],[10.8613,53.9098],[10.8852,53.9191],[10.9073,53.9155],[10.9067,53.9053],[10.9129,53.9021],[10.9453,53.9052],[10.95,53.9076],[10.9605,53.9129],[10.95,53.9149],[10.9203,53.9205],[10.9042,53.9313],[10.906,53.9612],[10.9222,53.9614],[10.9222,54.0474],[10.9401,54.0474],[10.9427,54.1336],[10.9505,54.1395],[11.0666,54.1839],[11.0945,54.2251],[11.0871,54.2709],[11.0945,54.2835],[11.0774,54.3422],[11.1355,54.3859],[11.1042,54.3929],[11.0339,54.3676],[11.0188,54.3859],[10.9353,54.3795],[10.913,54.3726],[10.3193,54.5096],[10.3,54.5],[10.15,54.42],[10,54.38],[9.85,54.35],[9.67,54.3],[9.5,54.28],[9.3,54.3],[9.1,54.37],[8.9,54.3],[8.6361,54.2868],[8.6417,54.2826],[8.7715,54.0675],[8.7999,54.0204],[8.7835,54.0084],[8.7613,53.9923],[8.7235,53.9648],[8.7032,53.95],[8.6857,53.9372],[8.6101,53.8822],[8.6071,53.8815],[8.5733,53.8577],[8.5715,53.8542],[8.5,53.8021],[8.4434,53.7609],[8.3152,53.6676],[8.1614,53.5557],[8.1498,53.5602],[8.1244,53.5836],[8.1276,53.5908],[8.1074,53.5992],[8.0253,53.6747],[8.0314,53.7081],[7.9599,53.7204],[7.9365,53.748],[7.9361,53.748],[7.4711,53.7178],[7.2267,53.702],[7.1009,53.6938],[6.9823,53.5647],[6.954,53.5339],[6.9256,53.503],[6.9212,53.4982],[6.9065,53.4822],[6.8601,53.4838],[6.7379,53.4881],[6.4935,53.4965],[6.463,53.4976],[6.4324,53.4987],[6.4018,53.4997],[6.3713,53.5008],[6.3408,53.5018],[6.3245,53.5024],[6.3189,53.5072],[6.3345,53.511],[6.3337,53.5111],[6.3343,53.5112],[6.3338,53.5112],[6.3345,53.5114],[6.3118,53.5132],[6.3108,53.5141],[6.305,53.5138],[6.2913,53.5149],[6.2909,53.5149],[6.2752,53.5122],[6.2118,53.5089],[6.2017,53.5067],[6.1269,53.5092],[6.0753,53.511],[6.0749,53.511],[6.0046,53.4895],[5.9333,53.4678],[5.9138,53.4739],[5.8856,53.4732],[5.8773,53.4749],[5.8769,53.4749],[5.7077,53.4732],[5.6537,53.4663],[5.6541,53.4659],[5.6537,53.4659],[5.6545,53.4652],[5.6419,53.4634],[5.6361,53.4487],[5.679,53.4301],[5.7363,53.4435],[5.7854,53.4474],[5.8556,53.4474],[5.876,53.4502],[5.5158,53.3402],[5.2714,53.2655],[5.1492,53.2282],[5.0881,53.2095],[5.0576,53.2002],[5.027,53.1908],[4.9883,53.179],[4.9495,53.1672],[4.8974,53.1512],[4.8872,53.1644],[4.8872,53.1833],[4.8868,53.1831],[4.8868,53.1833],[4.8858,53.1827],[4.8858,53.1867],[4.8543,53.1877],[4.8057,53.133],[4.7597,53.1091],[4.7167,53.096],[4.7068,53.093],[4.4064,52.5894],[4.3168,52.4391],[4.2944,52.4015],[4.2719,52.3639],[4.2271,52.2887],[4.0493,51.9907],[4.0225,51.9944],[4.01,51.9801],[4.0257,51.951],[3.9638,51.8472],[3.9627,51.8474],[3.8623,51.8161],[3.8716,51.7883],[3.9339,51.7971],[3.9173,51.7693],[3.9016,51.743],[3.8101,51.7473],[3.7928,51.7457],[3.7892,51.7459],[3.7888,51.7459],[3.7825,51.7448],[3.7258,51.7397],[3.7054,51.7314],[3.6988,51.7303],[3.6988,51.7288],[3.6895,51.725],[3.6867,51.6927],[3.7206,51.6768],[3.7654,51.6784],[3.7758,51.6858],[3.8159,51.693],[3.8244,51.69],[3.8596,51.6726],[3.8284,51.6204],[3.8118,51.6115],[3.5604,51.5946],[3.5469,51.5894],[3.5008,51.5775],[3.4838,51.5652],[3.4575,51.5551],[3.447,51.546],[3.4619,51.519],[3.4948,51.5009],[3.5321,51.4626],[3.4881,51.4392],[3.4608,51.4246],[3.6,51.42],[3.75,51.385],[3.85,51.37],[4,51.4],[4.15,51.37],[4.2126,51.37],[4.1904,51.375],[4.1904,51.3816],[4.237,51.3816],[4.237,51.3503],[4.2441,51.3421],[4.2837,51.3421],[4.2854,51.318],[4.2875,51.317],[4.2875,51.3068],[4.303,51.2961],[4.2987,51.2696],[4.2886,51.2579],[4.333,51.1697],[4.316,51.1322],[4.2158,51.1215],[4.182,51.0999],[4.1964,51.0545],[4.2123,51.0341],[4.2403,51.0381],[4.2171,50.9901],[4.1617,50.9906],[4.1465,50.9706],[4.1602,50.9299],[4.137,50.9196],[4.0913,50.9318],[4.1001,50.9125],[4.0736,50.9],[4.0871,50.8814],[4.0404,50.8384],[4.0749,50.8207],[4.0604,50.7926],[3.9822,50.7669],[3.9563,50.7798],[3.9312,50.7576],[3.9506,50.7341],[3.895,50.7342],[3.8844,50.7514],[3.828,50.7435],[3.7746,50.749],[3.7578,50.7803],[3.7145,50.7686],[3.704,50.7821],[3.6753,50.7719],[3.6347,50.7219],[3.6066,50.7342],[3.5405,50.7349],[3.534,50.7664],[3.4941,50.7589],[3.4576,50.7685],[3.4128,50.7474],[3.3635,50.7097],[3.3231,50.7235],[3.3033,50.7564],[3.2608,50.7523],[3.2197,50.7673],[3.1628,50.7499]],[[7.3842,47.4131],[7.3882,47.4333],[7.4206,47.4509],[7.4458,47.4389],[7.4551,47.4214],[7.4404,47.4146],[7.3842,47.4131]],[[4.2609,51.37],[4.2803,51.37],[4.2666,51.3881],[4.2811,51.3689],[4.2611,51.3694],[4.2609,51.37]],[[7.446,47.4869],[7.4674,47.4819],[7.4858,47.4988],[7.529,47.4939],[7.5339,47.4608],[7.4542,47.452],[7.446,47.4869]]],[[[4.8789,53.2209],[4.9102,53.2125],[4.9575,53.2456],[4.9716,53.2538],[5.1105,53.3079],[5.1098,53.3079],[5.1103,53.3081],[5.11,53.3081],[5.1105,53.3083],[5.1006,53.3085],[5.1048,53.3096],[5.0545,53.3138],[5.0428,53.3097],[5.0277,53.31],[5.0273,53.31],[4.9972,53.2937],[4.9865,53.29],[4.9212,53.2537],[4.917,53.2504],[4.9084,53.2458],[4.9087,53.2455],[4.9084,53.2454],[4.9095,53.2446],[4.8789,53.2209]]],[[[5.1789,53.3854],[5.1799,53.3531],[5.2083,53.3527],[5.3469,53.3892],[5.427,53.4064],[5.4817,53.4127],[5.4797,53.4172],[5.5821,53.4381],[5.5815,53.4382],[5.5819,53.4383],[5.5815,53.4384],[5.5821,53.4385],[5.5701,53.441],[5.5853,53.4536],[5.437,53.4365],[5.4284,53.4326],[5.4161,53.4315],[5.1893,53.3916],[5.1898,53.3914],[5.1895,53.3914],[5.1898,53.3913],[5.1893,53.3912],[5.1958,53.3891],[5.1789,53.3854]]],[[[6.6437,53.5787],[6.6441,53.5787],[6.6739,53.5799],[6.6771,53.5756],[6.7346,53.5752],[6.7293,53.582],[6.7341,53.5822],[6.7576,53.5971],[6.7981,53.6044],[6.7879,53.6163],[6.8025,53.6256],[6.802,53.6256],[6.8023,53.6258],[6.8022,53.6258],[6.8025,53.626],[6.7553,53.626],[6.6689,53.6051],[6.6641,53.6001],[6.6595,53.5991],[6.6611,53.597],[6.6437,53.5791],[6.6441,53.5791],[6.6437,53.5787]]],[[[11.0057,54.4685],[11.0325,54.4473],[11.0581,54.4553],[11.0739,54.4539],[11.1064,54.4314],[11.1126,54.4152],[11.179,54.4142],[11.1805,54.4161],[11.2802,54.4172],[11.3142,54.4138],[11.2556,54.4787],[11.2448,54.4866],[11.2341,54.5009],[11.2213,54.5038],[11.2066,54.5145],[11.1213,54.536],[11.0907,54.533],[11.0865,54.5339],[11.0864,54.5338],[11.0861,54.5339],[11.0815,54.5321],[11.0729,54.5312],[11.0571,54.5222],[11.0429,54.5165],[11.0405,54.5128],[11.0337,54.5089],[11.0057,54.4685]]]]}},
{"type":"Feature","properties":{"entityId":"east-francia","from":911,"to":925,"certainty":"estimated","source":"유럽 쪽은 Natural Earth 1:10m admin-1(v5.1.2) 현대 행정구역 조각을 그 시기 국경에 맞춰 묶고, 조각이 역사 경계와 다른 곳은 선을 그어 나눈 근사. 유럽 밖(시베리아·중앙아시아·극동)은 대략적인 추정. 운영자 검수 필요"},"geometry":{"type":"MultiPolygon","coordinates":[[[[6.0971,51.8867],[6.1059,51.8765],[6.1394,51.8535],[6.24,51.82],[6.39,51.755],[6.47,51.69],[6.6,51.645],[6.68,51.57],[6.73,51.47],[6.73,51.42],[6.7157,51.4],[6.68,51.35],[6.74,51.27],[6.76,51.23],[6.8,51.17],[6.86,51.1],[6.95,51.05],[6.98,51],[6.97,50.94],[7,50.82],[7.07,50.78],[7.12,50.73],[7.18,50.68],[7.21,50.64],[7.2148,50.6272],[7.225,50.6],[7.26,50.56],[7.31,50.51],[7.35,50.48],[7.41,50.445],[7.47,50.425],[7.55,50.41],[7.6,50.37],[7.605,50.33],[7.635,50.27],[7.615,50.24],[7.63,50.215],[7.69,50.19],[7.715,50.155],[7.725,50.13],[7.755,50.1],[7.78,50.07],[7.7917,50.0633],[7.7714,50.0535],[7.8498,50.0107],[7.8782,49.9729],[7.9186,49.9739],[7.9023,49.9735],[7.9,49.97],[7.9,49.92],[7.85,49.8],[7.7,49.75],[7.5,49.68],[7.3,49.6],[7.2747,49.5621],[7.3085,49.4854],[7.2461,49.4461],[7.2523,49.431],[7.3012,49.3848],[7.3852,49.3697],[7.3873,49.3368],[7.3567,49.3127],[7.3167,49.2519],[7.2869,49.2308],[7.2947,49.2052],[7.3491,49.1687],[7.3716,49.1662],[7.4105,49.1689],[7.4148,49.1578],[7.4761,49.1515],[7.471,49.1283],[7.5209,49.0837],[7.6086,49.062],[7.6449,49.0363],[7.5729,48.9437],[7.5452,48.938],[7.4806,48.959],[7.3417,48.9434],[7.3018,48.9547],[7.2914,48.9733],[7.1558,49.0056],[7.1327,49.0209],[7.1235,49.0499],[7.0973,49.0657],[7.0787,49.0602],[7.0773,49.0295],[7.047,49.0002],[7.0373,48.9719],[6.9808,48.9301],[6.9862,48.8987],[7.0152,48.8823],[7.0967,48.8525],[7.0749,48.8245],[7.1032,48.7925],[7.1293,48.7931],[7.1467,48.8127],[7.1754,48.8203],[7.2044,48.8542],[7.2163,48.8298],[7.2476,48.8184],[7.3041,48.7755],[7.3133,48.7408],[7.2649,48.6849],[7.3004,48.6556],[7.2705,48.5842],[7.2137,48.5532],[7.193,48.5335],[7.0981,48.5292],[7.0887,48.5234],[7.1489,48.4999],[7.1277,48.4841],[7.1268,48.4473],[7.1099,48.3423],[7.1442,48.3321],[7.1885,48.331],[7.2087,48.3034],[7.0749,48.1525],[7.0869,48.1254],[7.0085,48.0103],[6.9598,47.9675],[6.9344,47.9027],[6.917,47.883],[6.9239,47.8432],[6.8689,47.819],[6.836,47.8242],[6.7848,47.78],[6.7651,47.7529],[6.7608,47.7138],[6.7865,47.655],[6.7897,47.6042],[6.8109,47.5764],[6.8071,47.5629],[6.8248,47.5476],[6.8938,47.5518],[6.9234,47.5211],[6.9144,47.487],[6.9392,47.4268],[6.991,47.4522],[6.9733,47.4891],[7.0008,47.4977],[7.0539,47.4904],[7.1037,47.4963],[7.1422,47.4877],[7.1808,47.4883],[7.1626,47.4599],[7.1683,47.4436],[7.2448,47.4177],[7.2826,47.4289],[7.3369,47.4319],[7.3842,47.4131],[7.4112,47.3983],[7.4197,47.3827],[7.4371,47.3793],[7.4527,47.3958],[7.5068,47.3886],[7.5422,47.4108],[7.5774,47.4155],[7.5748,47.4283],[7.6029,47.4312],[7.6266,47.4618],[7.6081,47.4728],[7.6145,47.4841],[7.6497,47.4834],[7.6643,47.4916],[7.7134,47.4673],[7.6904,47.4482],[7.6839,47.4216],[7.6379,47.4065],[7.6396,47.3849],[7.6538,47.3681],[7.7138,47.3662],[7.7521,47.3477],[7.7861,47.3385],[7.8053,47.3636],[7.8705,47.3847],[7.882,47.4024],[7.9289,47.4078],[7.9537,47.4223],[7.9449,47.4406],[7.9549,47.4577],[7.9791,47.4487],[7.9813,47.4312],[8.0057,47.4043],[8.028,47.3981],[8.0291,47.3792],[7.9969,47.3345],[7.9816,47.3283],[7.9019,47.3383],[7.8575,47.3107],[7.8229,47.269],[7.8393,47.2318],[7.8751,47.1767],[7.8871,47.1283],[7.8741,47.1014],[7.8733,47.0481],[7.8975,47.0115],[7.9525,47.0027],[7.93,46.9482],[7.916,46.934],[7.8757,46.9244],[7.8609,46.8779],[7.8705,46.8503],[7.9522,46.8024],[7.9771,46.7789],[8.0437,46.7883],[8.0946,46.7843],[8.1581,46.759],[8.1987,46.7676],[8.2703,46.759],[8.2909,46.7617],[8.3244,46.7777],[8.3682,46.7895],[8.3916,46.7751],[8.4462,46.7692],[8.4376,46.7414],[8.4447,46.6911],[8.4017,46.6887],[8.4094,46.6557],[8.4217,46.6459],[8.4076,46.5932],[8.4374,46.5466],[8.4769,46.5318],[8.5098,46.5509],[8.5238,46.5785],[8.5487,46.585],[8.6363,46.5712],[8.6779,46.5836],[8.7112,46.573],[8.7884,46.5681],[8.8473,46.5752],[8.8981,46.5893],[8.9148,46.6204],[8.956,46.6306],[8.9648,46.6148],[9.0221,46.6049],[9.0385,46.5907],[9.0152,46.5335],[9.0486,46.4809],[9.0773,46.4823],[9.0978,46.4161],[9.0891,46.3637],[9.057,46.299],[9.0875,46.2206],[9.1638,46.173],[9.1813,46.2041],[9.2248,46.2312],[9.2397,46.267],[9.269,46.3094],[9.2738,46.3443],[9.2604,46.3797],[9.2609,46.4167],[9.238,46.4365],[9.2632,46.4851],[9.2823,46.4974],[9.331,46.5015],[9.3771,46.4687],[9.4107,46.4889],[9.4379,46.492],[9.4438,46.3961],[9.4516,46.3704],[9.4826,46.3568],[9.5153,46.3086],[9.5597,46.2927],[9.6743,46.2918],[9.7084,46.3117],[9.7093,46.3424],[9.7309,46.3507],[9.7681,46.3386],[9.8554,46.367],[9.899,46.3722],[9.964,46.3561],[9.9776,46.2981],[10.0317,46.2601],[10.0427,46.2205],[10.0757,46.22],[10.1458,46.2433],[10.1589,46.2624],[10.1049,46.3094],[10.0918,46.329],[10.105,46.3614],[10.1332,46.3811],[10.1334,46.414],[10.0421,46.4327],[10.0263,46.4463],[10.044,46.467],[10.0269,46.4932],[10.0328,46.533],[10.0712,46.5644],[10.0878,46.6044],[10.1921,46.6268],[10.2338,46.618],[10.2347,46.5753],[10.2759,46.5655],[10.2954,46.5511],[10.3543,46.5483],[10.4259,46.5353],[10.4518,46.5467],[10.4939,46.4945],[10.5413,46.4895],[10.6247,46.4545],[10.6575,46.4495],[10.7452,46.4849],[10.7762,46.4754],[10.7975,46.4469],[10.8399,46.4307],[10.9974,46.4792],[11.0511,46.446],[11.0643,46.458],[11.0553,46.5156],[11.0859,46.5236],[11.1176,46.4938],[11.1454,46.4872],[11.1927,46.5056],[11.2145,46.4693],[11.2018,46.3392],[11.1562,46.284],[11.1615,46.2495],[11.191,46.2271],[11.242,46.2312],[11.2871,46.2591],[11.3282,46.2935],[11.3707,46.269],[11.3876,46.2811],[11.4085,46.3245],[11.4549,46.3348],[11.4766,46.3596],[11.5378,46.3537],[11.5774,46.3681],[11.5953,46.3862],[11.6412,46.4727],[11.6841,46.5077],[11.7158,46.5138],[11.7784,46.5101],[11.8118,46.5303],[11.8322,46.504],[11.8519,46.5142],[12.022,46.5394],[12.0712,46.6131],[12.0803,46.6499],[12.0991,46.6678],[12.1386,46.6443],[12.1779,46.6348],[12.214,46.5961],[12.2531,46.6109],[12.3024,46.6146],[12.3407,46.6282],[12.3825,46.6181],[12.3992,46.6397],[12.4696,46.6758],[12.4999,46.6721],[12.562,46.6512],[12.6202,46.6565],[12.6714,46.6525],[12.6974,46.6405],[12.7485,46.641],[12.8304,46.6096],[13.0645,46.598],[13.1465,46.585],[13.2311,46.5522],[13.2714,46.5508],[13.3733,46.5658],[13.417,46.5605],[13.478,46.5636],[13.5068,46.5469],[13.5492,46.5458],[13.6703,46.5187],[13.701,46.5197],[13.6899,46.4933],[13.6859,46.464],[13.6775,46.4521],[13.6588,46.4451],[13.6002,46.4426],[13.5757,46.4267],[13.53,46.3883],[13.4837,46.3712],[13.4597,46.359],[13.4341,46.3539],[13.4232,46.3448],[13.3956,46.3067],[13.3653,46.2903],[13.3786,46.2684],[13.3847,46.2433],[13.3981,46.2305],[13.4101,46.208],[13.4374,46.2109],[13.4228,46.2286],[13.4683,46.2234],[13.4823,46.2179],[13.5102,46.214],[13.529,46.2048],[13.559,46.1841],[13.5845,46.1813],[13.6274,46.1817],[13.6411,46.1714],[13.645,46.1617],[13.6164,46.125],[13.5226,46.0753],[13.5051,46.066],[13.4823,46.0448],[13.4903,46.0389],[13.4928,46.0325],[13.4823,46.0184],[13.4618,46.0064],[13.5094,45.9674],[13.5394,45.969],[13.5717,45.9798],[13.6007,45.9846],[13.6228,45.9664],[13.6153,45.9459],[13.6082,45.9266],[13.5993,45.9123],[13.5693,45.8645],[13.566,45.8303],[13.5742,45.819],[13.5813,45.8092],[13.5885,45.8065],[13.6092,45.7986],[13.6436,45.7957],[13.6603,45.792],[13.6999,45.7705],[13.7095,45.7653],[13.7787,45.7434],[13.8584,45.6494],[13.8692,45.6411],[13.8936,45.6338],[13.887,45.6188],[13.8679,45.6022],[13.88,45.5725],[13.8946,45.5598],[13.9104,45.552],[13.9522,45.546],[13.9838,45.5195],[13.9875,45.5119],[14.014,45.508],[14.0667,45.4803],[14.0929,45.4739],[14.1167,45.473],[14.1173,45.473],[14.1455,45.4762],[14.2187,45.4972],[14.2804,45.4811],[14.3268,45.4749],[14.3728,45.4778],[14.4112,45.4932],[14.4689,45.5256],[14.4821,45.5424],[14.4915,45.5792],[14.4986,45.5962],[14.5436,45.6364],[14.5561,45.6567],[14.5691,45.6643],[14.5809,45.6678],[14.5919,45.6634],[14.5941,45.648],[14.5939,45.6162],[14.6031,45.6036],[14.616,45.5941],[14.6503,45.5748],[14.6637,45.5702],[14.6717,45.5568],[14.6685,45.534],[14.6883,45.522],[14.7815,45.4931],[14.7972,45.4652],[14.8388,45.459],[14.8816,45.4698],[14.9008,45.4931],[14.9044,45.5144],[14.9226,45.5149],[14.9454,45.5045],[14.9626,45.4931],[14.9773,45.4917],[15.0074,45.4808],[15.0562,45.4799],[15.0661,45.4739],[15.1393,45.43],[15.1842,45.4256],[15.2258,45.4365],[15.2816,45.451],[15.314,45.4505],[15.3339,45.4585],[15.3614,45.482],[15.311,45.5059],[15.2967,45.523],[15.2822,45.5715],[15.2696,45.5934],[15.2686,45.6017],[15.2879,45.6103],[15.2974,45.6257],[15.3267,45.6323],[15.3531,45.6403],[15.3738,45.6402],[15.3683,45.649],[15.35,45.6696],[15.3829,45.6904],[15.4209,45.6953],[15.4738,45.6618],[15.5131,45.6473],[15.5137,45.6324],[15.5756,45.6024],[15.5936,45.6205],[15.6264,45.6214],[15.6633,45.6049],[15.7316,45.5886],[15.7474,45.5952],[15.7392,45.5589],[15.7799,45.5225],[15.8129,45.5234],[15.8425,45.4659],[15.8372,45.4363],[15.8141,45.3987],[15.7799,45.3951],[15.716,45.4208],[15.6765,45.4252],[15.6568,45.4152],[15.6723,45.3982],[15.6651,45.3766],[15.6796,45.3488],[15.6639,45.3396],[15.6564,45.2851],[15.6616,45.2681],[15.6312,45.2395],[15.6394,45.2107],[15.7049,45.2009],[15.7617,45.21],[15.8026,45.1965],[15.8248,45.211],[15.8789,45.2172],[16.0085,45.2182],[16.0292,45.205],[16.0244,45.1843],[16.0675,45.1696],[16.1041,45.1125],[16.213,45.0315],[16.2793,45.0072],[16.3162,45.0012],[16.346,45.02],[16.382,45.0837],[16.3818,45.1076],[16.4355,45.1329],[16.4819,45.1995],[16.5289,45.2223],[16.587,45.2209],[16.7863,45.1788],[16.8242,45.1891],[16.8307,45.217],[16.9244,45.2845],[16.9473,45.2357],[16.9612,45.2509],[17.0083,45.2162],[17.0363,45.2305],[17.0557,45.2004],[17.1246,45.1691],[17.1871,45.1486],[17.2455,45.1554],[17.269,45.1895],[17.3824,45.1396],[17.4341,45.1486],[17.4478,45.1343],[17.4962,45.1417],[17.4893,45.1163],[17.5724,45.1204],[17.63,45.1573],[17.6847,45.164],[17.7145,45.152],[17.7657,45.111],[17.7975,45.082],[17.8357,45.0644],[17.9026,45.0778],[17.9277,45.092],[17.9885,45.1438],[18.0191,45.1494],[18.0903,45.108],[18.1437,45.0977],[18.1749,45.1008],[18.1993,45.119],[18.2023,45.1441],[18.2379,45.1575],[18.262,45.1507],[18.3223,45.1229],[18.3929,45.1186],[18.412,45.1124],[18.4518,45.085],[18.4817,45.0669],[18.517,45.0559],[18.5411,45.0553],[18.5348,45.0884],[18.504,45.1289],[18.5034,45.1555],[18.5369,45.1935],[18.5538,45.192],[18.5679,45.2266],[18.5532,45.2413],[18.5067,45.251],[18.5119,45.2926],[18.5727,45.3052],[18.5897,45.3186],[18.6323,45.3214],[18.655,45.3916],[18.7141,45.4161],[18.7869,45.4136],[18.8019,45.4228],[18.7886,45.4554],[18.8611,45.4813],[18.8822,45.4781],[18.9385,45.4325],[19.0023,45.4437],[18.9964,45.4738],[19.0179,45.4978],[19.0772,45.4916],[19.1063,45.5116],[19.0951,45.5261],[19.051,45.5389],[19.0181,45.5674],[18.9602,45.5391],[18.9417,45.5389],[18.9036,45.5731],[18.9124,45.6192],[18.9685,45.6687],[18.9627,45.6831],[18.9173,45.7066],[18.9002,45.7649],[18.8487,45.8096],[18.8553,45.8574],[18.8998,45.8614],[18.904,45.8757],[18.8729,45.8952],[18.907,45.9157],[18.9013,45.9312],[18.8225,45.9056],[18.8049,45.9136],[18.786,45.8869],[18.7633,45.884],[18.6743,45.9104],[18.633,45.8919],[18.6222,45.8684],[18.5855,45.8269],[18.5303,45.7909],[18.4818,45.7914],[18.4117,45.7432],[18.3838,45.7432],[18.3672,45.7582],[18.3177,45.7473],[18.2112,45.7854],[18.129,45.7854],[18.0805,45.7717],[17.9754,45.7921],[17.9062,45.7921],[17.858,45.7759],[17.8092,45.8144],[17.6873,45.8406],[17.6547,45.8521],[17.6458,45.8918],[17.5911,45.9362],[17.5119,45.9539],[17.4267,45.9567],[17.4062,45.9437],[17.3892,45.9631],[17.3453,45.9557],[17.3379,45.9846],[17.3066,45.9799],[17.2901,45.9915],[17.3168,45.9977],[17.2759,46.012],[17.2486,46.0802],[17.1973,46.1212],[17.1162,46.1231],[17.0529,46.1535],[17.028,46.1805],[16.9748,46.2106],[16.9407,46.2515],[16.8892,46.2922],[16.8793,46.3121],[16.8594,46.3648],[16.8377,46.3819],[16.7693,46.3961],[16.7551,46.3819],[16.7429,46.3996],[16.7124,46.4127],[16.6593,46.4642],[16.5943,46.483],[16.5837,46.4707],[16.5153,46.5017],[16.5008,46.5448],[16.4671,46.5647],[16.4302,46.6044],[16.3946,46.619],[16.3764,46.6291],[16.3722,46.6363],[16.3684,46.643],[16.3776,46.6529],[16.3967,46.6591],[16.4026,46.6631],[16.4105,46.6684],[16.405,46.6873],[16.39,46.6942],[16.3714,46.6949],[16.3662,46.6965],[16.3654,46.6967],[16.3576,46.699],[16.3573,46.7158],[16.3434,46.7142],[16.3142,46.7433],[16.2982,46.7758],[16.2995,46.7795],[16.3022,46.787],[16.3111,46.7975],[16.3149,46.802],[16.3218,46.8133],[16.3275,46.8255],[16.3298,46.8344],[16.3253,46.8394],[16.3107,46.84],[16.3019,46.8432],[16.2974,46.847],[16.2822,46.8599],[16.272,46.864],[16.1795,46.8585],[16.1354,46.8558],[16.1302,46.8567],[16.094,46.8628],[16.0529,46.8461],[16.032,46.8376],[16.0284,46.8369],[16.0037,46.8707],[16.0115,46.9133],[16.0545,46.9442],[16.1363,47.0249],[16.1347,47.0402],[16.0895,47.0829],[16.0844,47.1069],[16.095,47.1651],[16.0675,47.2376],[16.0584,47.2911],[16.02,47.3724],[16.0475,47.4106],[16.0717,47.3949],[16.1479,47.443],[16.1135,47.4634],[16.0804,47.5165],[16.0472,47.5062],[15.9983,47.5238],[15.9167,47.5332],[15.8923,47.572],[15.8661,47.5854],[15.8279,47.5889],[15.8287,47.6321],[15.7969,47.6454],[15.7432,47.6367],[15.7261,47.6902],[15.7143,47.7019],[15.6718,47.7042],[15.6386,47.7174],[15.6062,47.7435],[15.5387,47.7474],[15.5001,47.7663],[15.4175,47.7935],[15.3754,47.8196],[15.3391,47.8254],[15.2779,47.8152],[15.2297,47.8193],[15.1871,47.7804],[15.0561,47.7508],[15.0147,47.7524],[14.9296,47.7269],[14.8834,47.7247],[14.8382,47.7505],[14.7341,47.7502],[14.6993,47.7689],[14.7162,47.7935],[14.7189,47.8289],[14.7507,47.9019],[14.6905,47.9372],[14.6066,47.9612],[14.4454,48.043],[14.4272,48.0574],[14.4454,48.0685],[14.4799,48.1179],[14.4694,48.1558],[14.4849,48.2184],[14.52,48.2448],[14.5823,48.2402],[14.6376,48.1971],[14.6755,48.1825],[14.8187,48.2056],[14.862,48.237],[14.9296,48.244],[14.968,48.2252],[14.9754,48.3336],[14.9638,48.3831],[14.94,48.4018],[14.9344,48.434],[14.9098,48.44],[14.8823,48.4712],[14.8871,48.5005],[14.9136,48.4999],[14.9064,48.5271],[14.8393,48.542],[14.7745,48.5625],[14.7116,48.572],[14.6911,48.5865],[14.6592,48.577],[14.6347,48.6023],[14.6019,48.6045],[14.5788,48.6205],[14.522,48.6106],[14.4821,48.6245],[14.4582,48.6432],[14.4436,48.6365],[14.4054,48.5863],[14.3157,48.5579],[14.2165,48.5812],[14.0748,48.5917],[14.0408,48.6012],[14.0062,48.6395],[14.0329,48.6549],[13.9823,48.7065],[13.915,48.731],[13.8559,48.7593],[13.8157,48.7664],[13.7962,48.7798],[13.7247,48.8673],[13.6544,48.8822],[13.6218,48.9091],[13.6087,48.9462],[13.5905,48.9448],[13.5224,48.9693],[13.5021,48.9661],[13.4823,48.9376],[13.4273,48.96],[13.3842,48.993],[13.3724,49.0385],[13.2995,49.0936],[13.2673,49.1056],[13.2068,49.1075],[13.1785,49.1183],[13.1495,49.1548],[13.0558,49.2382],[13.0113,49.2678],[12.9998,49.2949],[12.9229,49.3327],[12.8847,49.3396],[12.8754,49.3239],[12.7978,49.3278],[12.7621,49.3432],[12.7293,49.3911],[12.6435,49.4295],[12.6272,49.4602],[12.623,49.5098],[12.5937,49.515],[12.5623,49.5508],[12.5536,49.5847],[12.502,49.6197],[12.4964,49.67],[12.4196,49.7002],[12.3836,49.7429],[12.3954,49.7579],[12.4527,49.7797],[12.4625,49.8312],[12.4825,49.8272],[12.5129,49.8702],[12.5241,49.905],[12.4627,49.9313],[12.4682,49.9702],[12.2469,50.045],[12.2325,50.0805],[12.1879,50.1028],[12.1792,50.118],[12.1827,50.1707],[12.1393,50.211],[12.0796,50.2427],[12.1091,50.2638],[12.1073,50.2909],[12.0761,50.3152],[12.1013,50.314],[12.0937,50.3226],[12.0399,50.3288],[11.986,50.3516],[11.9812,50.3853],[11.9405,50.4145],[11.9053,50.4152],[11.8997,50.4293],[11.9311,50.4403],[11.9475,50.4622],[11.9258,50.4884],[11.9447,50.5159],[11.9894,50.5461],[12.0485,50.5316],[12.0812,50.5613],[12.1454,50.5625],[12.1587,50.6037],[12.1869,50.6264],[12.2529,50.6263],[12.29,50.6434],[12.3218,50.674],[12.2855,50.677],[12.2628,50.7222],[12.2412,50.7222],[12.2492,50.7426],[12.2855,50.7693],[12.258,50.7925],[12.3308,50.8064],[12.3642,50.8233],[12.4244,50.8243],[12.4628,50.8566],[12.5275,50.8766],[12.6017,50.8764],[12.6109,50.8701],[12.6472,50.8999],[12.6022,50.9525],[12.5457,50.9713],[12.4914,51.0285],[12.4837,51.0583],[12.3289,51.0878],[12.2646,51.0838],[12.2464,51.0326],[12.2754,51.0098],[12.2171,50.9542],[12.2008,50.9279],[12.1595,50.952],[12.1204,50.9445],[12.0679,50.9561],[12.0046,50.949],[11.9609,50.971],[11.9314,50.9981],[11.8607,51.0226],[11.7326,51.0175],[11.6974,51.0642],[11.6891,51.0919],[11.6631,51.1012],[11.6275,51.0956],[11.5352,51.1003],[11.5047,51.0892],[11.4274,51.0988],[11.4264,51.1077],[11.4203,51.1597],[11.3886,51.1899],[11.333,51.2163],[11.3524,51.2301],[11.4224,51.2437],[11.4519,51.2715],[11.3672,51.3575],[11.3149,51.3833],[11.1962,51.3974],[11.1538,51.3969],[10.9991,51.4087],[10.9645,51.4278],[10.9718,51.4627],[10.9454,51.4995],[10.965,51.4721],[11.3,51.52],[11.6,51.45],[11.9,51.42],[12.1,51.47],[12.22,51.6],[12.2662,51.7155],[12,51.68],[11.8,51.68],[11.65,51.72],[11.75,51.9],[11.8596,51.973],[11.74,52.02],[11.66,52.13],[11.7,52.23],[11.77,52.31],[11.9,52.45],[11.98,52.55],[12,52.67],[12.04,52.79],[12.04,52.86],[11.9795,52.8859],[11.9655,52.8852],[11.8967,52.9017],[11.8319,52.9282],[11.8444,52.946],[11.8158,52.9593],[11.8073,52.9603],[11.798,52.9676],[11.75,52.99],[11.7435,52.992],[11.6942,52.984],[11.6814,53.0106],[11.6696,53.0141],[11.6223,53.0224],[11.623,53.0281],[11.5802,53.041],[11.5619,53.01],[11.5813,53.0429],[11.4907,53.0607],[11.4609,53.0794],[11.4169,53.0809],[11.3656,53.064],[11.3276,53.0724],[11.2741,53.1175],[11.2558,53.1362],[11.2397,53.142],[11.2247,53.153],[11.2014,53.1405],[11.1943,53.1409],[11.1645,53.1709],[11.1434,53.1727],[11.1093,53.1558],[11.0894,53.1442],[11.0681,53.1555],[11.0401,53.1664],[10.9302,53.2285],[10.8393,53.2601],[10.8073,53.2756],[10.7868,53.2934],[10.7751,53.3002],[10.7558,53.3029],[10.7394,53.3085],[10.7346,53.3217],[10.7316,53.352],[10.7097,53.3683],[10.6755,53.3737],[10.6012,53.3718],[10.6222,53.391],[10.6272,53.4015],[10.6272,53.4137],[10.6354,53.4452],[10.6408,53.451],[10.6611,53.4582],[10.6863,53.4568],[10.6945,53.4601],[10.7017,53.4755],[10.7082,53.4794],[10.7257,53.4811],[10.7602,53.4882],[10.8049,53.5094],[10.8204,53.5148],[10.8239,53.5313],[10.8324,53.5441],[10.8297,53.5701],[10.8414,53.5719],[10.8578,53.5682],[10.9036,53.5723],[10.9115,53.5714],[10.929,53.5485],[10.9381,53.5525],[10.9544,53.5661],[10.9423,53.5697],[10.953,53.5737],[10.9527,53.5844],[10.9406,53.6114],[10.9398,53.6287],[10.956,53.6391],[10.955,53.6555],[10.9465,53.6649],[10.9456,53.6771],[10.9381,53.6847],[10.9146,53.6968],[10.8789,53.702],[10.8655,53.6999],[10.8466,53.7085],[10.8059,53.7412],[10.7781,53.7458],[10.7609,53.7467],[10.7584,53.7519],[10.7674,53.7746],[10.771,53.7933],[10.7615,53.8225],[10.753,53.8341],[10.7519,53.84],[10.7513,53.8431],[10.7633,53.8651],[10.7726,53.8699],[10.8123,53.8827],[10.8613,53.9098],[10.8852,53.9191],[10.9073,53.9155],[10.9067,53.9053],[10.9129,53.9021],[10.9453,53.9052],[10.95,53.9076],[10.9605,53.9129],[10.95,53.9149],[10.9203,53.9205],[10.9042,53.9313],[10.906,53.9612],[10.9222,53.9614],[10.9222,54.0474],[10.9401,54.0474],[10.9427,54.1336],[10.9505,54.1395],[11.0666,54.1839],[11.0945,54.2251],[11.0871,54.2709],[11.0945,54.2835],[11.0774,54.3422],[11.1355,54.3859],[11.1042,54.3929],[11.0339,54.3676],[11.0188,54.3859],[10.9353,54.3795],[10.913,54.3726],[10.3193,54.5096],[10.3,54.5],[10.15,54.42],[10,54.38],[9.85,54.35],[9.67,54.3],[9.5,54.28],[9.3,54.3],[9.1,54.37],[8.9,54.3],[8.6361,54.2868],[8.6417,54.2826],[8.7715,54.0675],[8.7999,54.0204],[8.7835,54.0084],[8.7613,53.9923],[8.7235,53.9648],[8.7032,53.95],[8.6857,53.9372],[8.6101,53.8822],[8.6071,53.8815],[8.5733,53.8577],[8.5715,53.8542],[8.5,53.8021],[8.4434,53.7609],[8.3152,53.6676],[8.1614,53.5557],[8.1498,53.5602],[8.1244,53.5836],[8.1276,53.5908],[8.1074,53.5992],[8.0253,53.6747],[8.0314,53.7081],[7.9599,53.7204],[7.9365,53.748],[7.9361,53.748],[7.4711,53.7178],[7.2267,53.702],[7.1009,53.6938],[6.9823,53.5647],[6.954,53.5339],[6.9256,53.503],[6.9212,53.4982],[6.9212,53.4722],[6.9518,53.4722],[6.9518,53.4413],[6.9494,53.4413],[6.9494,53.3487],[6.9823,53.3487],[6.9823,53.3345],[7.0434,53.3345],[7.0434,53.303],[7.044,53.3028],[7.1045,53.3028],[7.1045,53.293],[7.1656,53.293],[7.1656,53.2903],[7.1962,53.2903],[7.1962,53.246],[7.1946,53.245],[7.1985,53.2006],[7.1727,53.1258],[7.1851,53.1054],[7.1944,53.0338],[7.1836,52.9661],[7.1619,52.9326],[7.0799,52.8544],[7.0722,52.8413],[7.0533,52.7906],[7.044,52.6826],[7.0367,52.6474],[7.0185,52.626],[6.9677,52.6367],[6.9184,52.6322],[6.8654,52.642],[6.7705,52.641],[6.7191,52.6268],[6.7018,52.6191],[6.711,52.5766],[6.7438,52.5597],[6.6717,52.5417],[6.684,52.526],[6.6951,52.4756],[6.7412,52.4537],[6.8203,52.4468],[6.9002,52.4319],[6.9515,52.4375],[6.9733,52.4514],[7.0342,52.3908],[7.0482,52.3651],[7.0398,52.3286],[7.0125,52.2849],[7.0266,52.2386],[6.9819,52.214],[6.9477,52.1828],[6.8848,52.1603],[6.8307,52.1129],[6.7716,52.1088],[6.7329,52.092],[6.7114,52.0673],[6.6799,52.0605],[6.675,52.0348],[6.7782,52.0013],[6.804,51.9844],[6.8107,51.9606],[6.7898,51.9511],[6.7438,51.9083],[6.7167,51.8993],[6.6282,51.8975],[6.5286,51.8764],[6.4794,51.853],[6.4555,51.85],[6.4425,51.8484],[6.3785,51.8601],[6.3825,51.8276],[6.345,51.8211],[6.342,51.8367],[6.2874,51.8462],[6.2564,51.8668],[6.2252,51.8625],[6.127,51.8967],[6.0971,51.8867]],[[7.3842,47.4131],[7.3882,47.4333],[7.4206,47.4509],[7.4458,47.4389],[7.4551,47.4214],[7.4404,47.4146],[7.3842,47.4131]],[[7.446,47.4869],[7.4674,47.4819],[7.4858,47.4988],[7.529,47.4939],[7.5339,47.4608],[7.4542,47.452],[7.446,47.4869]]],[[[6.6437,53.5787],[6.6441,53.5787],[6.6739,53.5799],[6.6771,53.5756],[6.7346,53.5752],[6.7293,53.582],[6.7341,53.5822],[6.7576,53.5971],[6.7981,53.6044],[6.7879,53.6163],[6.8025,53.6256],[6.802,53.6256],[6.8023,53.6258],[6.8022,53.6258],[6.8025,53.626],[6.7553,53.626],[6.6689,53.6051],[6.6641,53.6001],[6.6595,53.5991],[6.6611,53.597],[6.6437,53.5791],[6.6441,53.5791],[6.6437,53.5787]]],[[[11.0057,54.4685],[11.0325,54.4473],[11.0581,54.4553],[11.0739,54.4539],[11.1064,54.4314],[11.1126,54.4152],[11.179,54.4142],[11.1805,54.4161],[11.2802,54.4172],[11.3142,54.4138],[11.2556,54.4787],[11.2448,54.4866],[11.2341,54.5009],[11.2213,54.5038],[11.2066,54.5145],[11.1213,54.536],[11.0907,54.533],[11.0865,54.5339],[11.0864,54.5338],[11.0861,54.5339],[11.0815,54.5321],[11.0729,54.5312],[11.0571,54.5222],[11.0429,54.5165],[11.0405,54.5128],[11.0337,54.5089],[11.0057,54.4685]]]]}},
{"type":"Feature","properties":{"entityId":"east-francia","from":925,"to":929,"certainty":"estimated","source":"유럽 쪽은 Natural Earth 1:10m admin-1(v5.1.2) 현대 행정구역 조각을 그 시기 국경에 맞춰 묶고, 조각이 역사 경계와 다른 곳은 선을 그어 나눈 근사. 유럽 밖(시베리아·중앙아시아·극동)은 대략적인 추정. 운영자 검수 필요"},"geometry":{"type":"MultiPolygon","coordinates":[[[[3.1628,50.7499],[3.1969,50.7092],[3.2244,50.7052],[3.2438,50.6721],[3.2298,50.6554],[3.2643,50.5702],[3.271,50.5269],[3.2999,50.5075],[3.3436,50.4929],[3.3854,50.4916],[3.4292,50.5018],[3.4629,50.5191],[3.4915,50.5171],[3.4991,50.4868],[3.5637,50.4865],[3.6083,50.4765],[3.6444,50.4455],[3.6529,50.3602],[3.6617,50.3193],[3.6969,50.2982],[3.7415,50.3431],[3.7987,50.3485],[3.8402,50.3452],[3.8959,50.3253],[3.9821,50.3426],[4.0227,50.3381],[4.0979,50.2948],[4.1253,50.2571],[4.1437,50.2516],[4.1628,50.273],[4.2037,50.252],[4.1573,50.2127],[4.1258,50.1282],[4.1806,50.1272],[4.21,50.0602],[4.1373,50.0251],[4.1317,49.975],[4.1877,49.9555],[4.2159,49.9544],[4.2776,49.9602],[4.4277,49.9336],[4.4648,49.9356],[4.6042,49.9802],[4.6567,49.9891],[4.6729,50.0164],[4.6819,50.0839],[4.7886,50.1534],[4.8156,50.1613],[4.8201,50.1464],[4.8719,50.1398],[4.8629,50.0841],[4.846,50.0907],[4.8272,50.0641],[4.8267,50.036],[4.7883,49.9743],[4.7973,49.9443],[4.8446,49.9317],[4.8594,49.8917],[4.8369,49.848],[4.8492,49.8316],[4.849,49.7942],[4.8842,49.7841],[4.9684,49.797],[5.0263,49.7667],[5.0819,49.7527],[5.1364,49.7053],[5.1925,49.6828],[5.2592,49.6913],[5.2994,49.6625],[5.2979,49.6133],[5.3349,49.6258],[5.3912,49.6088],[5.3899,49.5933],[5.3021,49.5495],[5.2731,49.544],[5.2629,49.5588],[5.25,49.5597],[5.1841,49.5641],[5.1395,49.585],[5.1008,49.5635],[5.0947,49.5208],[5.0713,49.5005],[5.0959,49.466],[5.1139,49.4218],[5.0919,49.3787],[5.0421,49.3321],[5.0495,49.2798],[4.9787,49.2357],[4.98,49.2098],[4.9554,49.1652],[4.9789,49.1201],[4.987,49.0476],[4.9978,49.0309],[5.0338,49.0125],[5.0202,48.9913],[5.0174,48.9472],[4.9888,48.9245],[4.9452,48.9157],[4.9216,48.8785],[4.9302,48.8322],[4.9069,48.8048],[4.9172,48.7877],[4.9828,48.75],[4.9921,48.6929],[5.0046,48.6554],[5.0359,48.6181],[5.117,48.5812],[5.187,48.5419],[5.2686,48.5108],[5.3448,48.5004],[5.3563,48.4814],[5.4552,48.4192],[5.4242,48.3881],[5.4322,48.3373],[5.5085,48.3507],[5.534,48.3339],[5.5844,48.2838],[5.6379,48.2808],[5.6615,48.2386],[5.713,48.2114],[5.7203,48.196],[5.6975,48.1805],[5.6885,48.1477],[5.6593,48.1008],[5.7322,48.0467],[5.788,48.0225],[5.799,48.0012],[5.7981,47.9642],[5.8128,47.9572],[5.8492,47.9676],[5.8918,47.9326],[5.9261,47.9481],[5.9551,47.9797],[5.9709,47.9409],[6.0344,47.9726],[6.071,48.0044],[6.0994,48.0087],[6.1469,48.0016],[6.1827,47.9768],[6.1819,47.9582],[6.2438,47.9322],[6.2828,47.9348],[6.3224,47.9505],[6.3734,47.953],[6.412,47.9423],[6.4987,47.9047],[6.5526,47.9012],[6.5765,47.908],[6.6138,47.9413],[6.6372,47.9351],[6.6965,47.8899],[6.7407,47.8761],[6.836,47.8242],[6.7848,47.78],[6.7651,47.7529],[6.7608,47.7138],[6.7865,47.655],[6.7897,47.6042],[6.8109,47.5764],[6.8071,47.5629],[6.8248,47.5476],[6.8938,47.5518],[6.9234,47.5211],[6.9144,47.487],[6.9392,47.4268],[6.991,47.4522],[6.9733,47.4891],[7.0008,47.4977],[7.0539,47.4904],[7.1037,47.4963],[7.1422,47.4877],[7.1808,47.4883],[7.1626,47.4599],[7.1683,47.4436],[7.2448,47.4177],[7.2826,47.4289],[7.3369,47.4319],[7.3842,47.4131],[7.4112,47.3983],[7.4197,47.3827],[7.4371,47.3793],[7.4527,47.3958],[7.5068,47.3886],[7.5422,47.4108],[7.5774,47.4155],[7.5748,47.4283],[7.6029,47.4312],[7.6266,47.4618],[7.6081,47.4728],[7.6145,47.4841],[7.6497,47.4834],[7.6643,47.4916],[7.7134,47.4673],[7.6904,47.4482],[7.6839,47.4216],[7.6379,47.4065],[7.6396,47.3849],[7.6538,47.3681],[7.7138,47.3662],[7.7521,47.3477],[7.7861,47.3385],[7.8053,47.3636],[7.8705,47.3847],[7.882,47.4024],[7.9289,47.4078],[7.9537,47.4223],[7.9449,47.4406],[7.9549,47.4577],[7.9791,47.4487],[7.9813,47.4312],[8.0057,47.4043],[8.028,47.3981],[8.0291,47.3792],[7.9969,47.3345],[7.9816,47.3283],[7.9019,47.3383],[7.8575,47.3107],[7.8229,47.269],[7.8393,47.2318],[7.8751,47.1767],[7.8871,47.1283],[7.8741,47.1014],[7.8733,47.0481],[7.8975,47.0115],[7.9525,47.0027],[7.93,46.9482],[7.916,46.934],[7.8757,46.9244],[7.8609,46.8779],[7.8705,46.8503],[7.9522,46.8024],[7.9771,46.7789],[8.0437,46.7883],[8.0946,46.7843],[8.1581,46.759],[8.1987,46.7676],[8.2703,46.759],[8.2909,46.7617],[8.3244,46.7777],[8.3682,46.7895],[8.3916,46.7751],[8.4462,46.7692],[8.4376,46.7414],[8.4447,46.6911],[8.4017,46.6887],[8.4094,46.6557],[8.4217,46.6459],[8.4076,46.5932],[8.4374,46.5466],[8.4769,46.5318],[8.5098,46.5509],[8.5238,46.5785],[8.5487,46.585],[8.6363,46.5712],[8.6779,46.5836],[8.7112,46.573],[8.7884,46.5681],[8.8473,46.5752],[8.8981,46.5893],[8.9148,46.6204],[8.956,46.6306],[8.9648,46.6148],[9.0221,46.6049],[9.0385,46.5907],[9.0152,46.5335],[9.0486,46.4809],[9.0773,46.4823],[9.0978,46.4161],[9.0891,46.3637],[9.057,46.299],[9.0875,46.2206],[9.1638,46.173],[9.1813,46.2041],[9.2248,46.2312],[9.2397,46.267],[9.269,46.3094],[9.2738,46.3443],[9.2604,46.3797],[9.2609,46.4167],[9.238,46.4365],[9.2632,46.4851],[9.2823,46.4974],[9.331,46.5015],[9.3771,46.4687],[9.4107,46.4889],[9.4379,46.492],[9.4438,46.3961],[9.4516,46.3704],[9.4826,46.3568],[9.5153,46.3086],[9.5597,46.2927],[9.6743,46.2918],[9.7084,46.3117],[9.7093,46.3424],[9.7309,46.3507],[9.7681,46.3386],[9.8554,46.367],[9.899,46.3722],[9.964,46.3561],[9.9776,46.2981],[10.0317,46.2601],[10.0427,46.2205],[10.0757,46.22],[10.1458,46.2433],[10.1589,46.2624],[10.1049,46.3094],[10.0918,46.329],[10.105,46.3614],[10.1332,46.3811],[10.1334,46.414],[10.0421,46.4327],[10.0263,46.4463],[10.044,46.467],[10.0269,46.4932],[10.0328,46.533],[10.0712,46.5644],[10.0878,46.6044],[10.1921,46.6268],[10.2338,46.618],[10.2347,46.5753],[10.2759,46.5655],[10.2954,46.5511],[10.3543,46.5483],[10.4259,46.5353],[10.4518,46.5467],[10.4939,46.4945],[10.5413,46.4895],[10.6247,46.4545],[10.6575,46.4495],[10.7452,46.4849],[10.7762,46.4754],[10.7975,46.4469],[10.8399,46.4307],[10.9974,46.4792],[11.0511,46.446],[11.0643,46.458],[11.0553,46.5156],[11.0859,46.5236],[11.1176,46.4938],[11.1454,46.4872],[11.1927,46.5056],[11.2145,46.4693],[11.2018,46.3392],[11.1562,46.284],[11.1615,46.2495],[11.191,46.2271],[11.242,46.2312],[11.2871,46.2591],[11.3282,46.2935],[11.3707,46.269],[11.3876,46.2811],[11.4085,46.3245],[11.4549,46.3348],[11.4766,46.3596],[11.5378,46.3537],[11.5774,46.3681],[11.5953,46.3862],[11.6412,46.4727],[11.6841,46.5077],[11.7158,46.5138],[11.7784,46.5101],[11.8118,46.5303],[11.8322,46.504],[11.8519,46.5142],[12.022,46.5394],[12.0712,46.6131],[12.0803,46.6499],[12.0991,46.6678],[12.1386,46.6443],[12.1779,46.6348],[12.214,46.5961],[12.2531,46.6109],[12.3024,46.6146],[12.3407,46.6282],[12.3825,46.6181],[12.3992,46.6397],[12.4696,46.6758],[12.4999,46.6721],[12.562,46.6512],[12.6202,46.6565],[12.6714,46.6525],[12.6974,46.6405],[12.7485,46.641],[12.8304,46.6096],[13.0645,46.598],[13.1465,46.585],[13.2311,46.5522],[13.2714,46.5508],[13.3733,46.5658],[13.417,46.5605],[13.478,46.5636],[13.5068,46.5469],[13.5492,46.5458],[13.6703,46.5187],[13.701,46.5197],[13.6899,46.4933],[13.6859,46.464],[13.6775,46.4521],[13.6588,46.4451],[13.6002,46.4426],[13.5757,46.4267],[13.53,46.3883],[13.4837,46.3712],[13.4597,46.359],[13.4341,46.3539],[13.4232,46.3448],[13.3956,46.3067],[13.3653,46.2903],[13.3786,46.2684],[13.3847,46.2433],[13.3981,46.2305],[13.4101,46.208],[13.4374,46.2109],[13.4228,46.2286],[13.4683,46.2234],[13.4823,46.2179],[13.5102,46.214],[13.529,46.2048],[13.559,46.1841],[13.5845,46.1813],[13.6274,46.1817],[13.6411,46.1714],[13.645,46.1617],[13.6164,46.125],[13.5226,46.0753],[13.5051,46.066],[13.4823,46.0448],[13.4903,46.0389],[13.4928,46.0325],[13.4823,46.0184],[13.4618,46.0064],[13.5094,45.9674],[13.5394,45.969],[13.5717,45.9798],[13.6007,45.9846],[13.6228,45.9664],[13.6153,45.9459],[13.6082,45.9266],[13.5993,45.9123],[13.5693,45.8645],[13.566,45.8303],[13.5742,45.819],[13.5813,45.8092],[13.5885,45.8065],[13.6092,45.7986],[13.6436,45.7957],[13.6603,45.792],[13.6999,45.7705],[13.7095,45.7653],[13.7787,45.7434],[13.8584,45.6494],[13.8692,45.6411],[13.8936,45.6338],[13.887,45.6188],[13.8679,45.6022],[13.88,45.5725],[13.8946,45.5598],[13.9104,45.552],[13.9522,45.546],[13.9838,45.5195],[13.9875,45.5119],[14.014,45.508],[14.0667,45.4803],[14.0929,45.4739],[14.1167,45.473],[14.1173,45.473],[14.1455,45.4762],[14.2187,45.4972],[14.2804,45.4811],[14.3268,45.4749],[14.3728,45.4778],[14.4112,45.4932],[14.4689,45.5256],[14.4821,45.5424],[14.4915,45.5792],[14.4986,45.5962],[14.5436,45.6364],[14.5561,45.6567],[14.5691,45.6643],[14.5809,45.6678],[14.5919,45.6634],[14.5941,45.648],[14.5939,45.6162],[14.6031,45.6036],[14.616,45.5941],[14.6503,45.5748],[14.6637,45.5702],[14.6717,45.5568],[14.6685,45.534],[14.6883,45.522],[14.7815,45.4931],[14.7972,45.4652],[14.8388,45.459],[14.8816,45.4698],[14.9008,45.4931],[14.9044,45.5144],[14.9226,45.5149],[14.9454,45.5045],[14.9626,45.4931],[14.9773,45.4917],[15.0074,45.4808],[15.0562,45.4799],[15.0661,45.4739],[15.1393,45.43],[15.1842,45.4256],[15.2258,45.4365],[15.2816,45.451],[15.314,45.4505],[15.3339,45.4585],[15.3614,45.482],[15.311,45.5059],[15.2967,45.523],[15.2822,45.5715],[15.2696,45.5934],[15.2686,45.6017],[15.2879,45.6103],[15.2974,45.6257],[15.3267,45.6323],[15.3531,45.6403],[15.3738,45.6402],[15.3683,45.649],[15.35,45.6696],[15.3308,45.6846],[15.315,45.6809],[15.3049,45.6721],[15.2919,45.6756],[15.2778,45.685],[15.2678,45.6985],[15.2582,45.7051],[15.2509,45.7077],[15.2499,45.7137],[15.2635,45.7304],[15.3038,45.7461],[15.331,45.7525],[15.4298,45.7757],[15.4411,45.7822],[15.4356,45.8021],[15.4513,45.8151],[15.4854,45.8102],[15.5235,45.8268],[15.5497,45.8237],[15.5873,45.8192],[15.6261,45.8202],[15.6661,45.8317],[15.6761,45.8417],[15.6755,45.856],[15.6594,45.8888],[15.6756,45.9252],[15.6754,45.9725],[15.6742,45.9932],[15.682,46.0135],[15.698,46.0362],[15.6929,46.0416],[15.6839,46.0511],[15.6717,46.0574],[15.6437,46.0655],[15.6315,46.0706],[15.6236,46.0764],[15.6235,46.0764],[15.6038,46.091],[15.5899,46.1135],[15.59,46.1387],[15.6043,46.167],[15.6229,46.1917],[15.6266,46.1952],[15.6398,46.2077],[15.6613,46.2153],[15.678,46.2145],[15.7498,46.2108],[15.7689,46.2194],[15.7891,46.2431],[15.7995,46.2486],[15.8031,46.2505],[15.8183,46.2555],[15.8342,46.2584],[15.8793,46.2593],[15.8809,46.2593],[15.8837,46.2594],[15.9189,46.2728],[15.9487,46.2842],[15.9937,46.2906],[16.0192,46.2988],[16.0389,46.3084],[16.0499,46.3167],[16.0524,46.3186],[16.0596,46.3323],[16.0597,46.3453],[16.0574,46.3597],[16.058,46.3775],[16.0887,46.3731],[16.106,46.3737],[16.1316,46.3931],[16.1536,46.3914],[16.1775,46.3756],[16.1918,46.3698],[16.2171,46.3674],[16.2528,46.3734],[16.2756,46.3732],[16.2799,46.3787],[16.2741,46.3921],[16.257,46.3999],[16.2482,46.4133],[16.2494,46.4375],[16.2375,46.4651],[16.2342,46.4849],[16.2349,46.4933],[16.2609,46.5136],[16.2639,46.5159],[16.2954,46.5244],[16.3015,46.5271],[16.3107,46.531],[16.33,46.5355],[16.3403,46.5438],[16.3441,46.547],[16.3517,46.5395],[16.3579,46.547],[16.3695,46.5406],[16.4063,46.5395],[16.4152,46.5356],[16.432,46.5232],[16.4404,46.519],[16.4708,46.5203],[16.4911,46.5151],[16.5153,46.5017],[16.5008,46.5448],[16.4671,46.5647],[16.4302,46.6044],[16.3946,46.619],[16.3764,46.6291],[16.3722,46.6363],[16.3684,46.643],[16.3776,46.6529],[16.3967,46.6591],[16.4026,46.6631],[16.4105,46.6684],[16.405,46.6873],[16.39,46.6942],[16.3714,46.6949],[16.3662,46.6965],[16.3654,46.6967],[16.3576,46.699],[16.3573,46.7158],[16.3434,46.7142],[16.3142,46.7433],[16.2982,46.7758],[16.2995,46.7795],[16.3022,46.787],[16.3111,46.7975],[16.3149,46.802],[16.3218,46.8133],[16.3275,46.8255],[16.3298,46.8344],[16.3253,46.8394],[16.3107,46.84],[16.3019,46.8432],[16.2974,46.847],[16.2822,46.8599],[16.272,46.864],[16.1795,46.8585],[16.1354,46.8558],[16.1302,46.8567],[16.094,46.8628],[16.0529,46.8461],[16.032,46.8376],[16.0284,46.8369],[16.0037,46.8707],[16.0115,46.9133],[16.0545,46.9442],[16.1363,47.0249],[16.1347,47.0402],[16.0895,47.0829],[16.0844,47.1069],[16.095,47.1651],[16.0675,47.2376],[16.0584,47.2911],[16.02,47.3724],[16.0475,47.4106],[16.0717,47.3949],[16.1479,47.443],[16.1135,47.4634],[16.0804,47.5165],[16.0472,47.5062],[15.9983,47.5238],[15.9167,47.5332],[15.8923,47.572],[15.8661,47.5854],[15.8279,47.5889],[15.8287,47.6321],[15.7969,47.6454],[15.7432,47.6367],[15.7261,47.6902],[15.7143,47.7019],[15.6718,47.7042],[15.6386,47.7174],[15.6062,47.7435],[15.5387,47.7474],[15.5001,47.7663],[15.4175,47.7935],[15.3754,47.8196],[15.3391,47.8254],[15.2779,47.8152],[15.2297,47.8193],[15.1871,47.7804],[15.0561,47.7508],[15.0147,47.7524],[14.9296,47.7269],[14.8834,47.7247],[14.8382,47.7505],[14.7341,47.7502],[14.6993,47.7689],[14.7162,47.7935],[14.7189,47.8289],[14.7507,47.9019],[14.6905,47.9372],[14.6066,47.9612],[14.4454,48.043],[14.4272,48.0574],[14.4454,48.0685],[14.4799,48.1179],[14.4694,48.1558],[14.4849,48.2184],[14.52,48.2448],[14.5823,48.2402],[14.6376,48.1971],[14.6755,48.1825],[14.8187,48.2056],[14.862,48.237],[14.9296,48.244],[14.968,48.2252],[14.9754,48.3336],[14.9638,48.3831],[14.94,48.4018],[14.9344,48.434],[14.9098,48.44],[14.8823,48.4712],[14.8871,48.5005],[14.9136,48.4999],[14.9064,48.5271],[14.8393,48.542],[14.7745,48.5625],[14.7116,48.572],[14.6911,48.5865],[14.6592,48.577],[14.6347,48.6023],[14.6019,48.6045],[14.5788,48.6205],[14.522,48.6106],[14.4821,48.6245],[14.4582,48.6432],[14.4436,48.6365],[14.4054,48.5863],[14.3157,48.5579],[14.2165,48.5812],[14.0748,48.5917],[14.0408,48.6012],[14.0062,48.6395],[14.0329,48.6549],[13.9823,48.7065],[13.915,48.731],[13.8559,48.7593],[13.8157,48.7664],[13.7962,48.7798],[13.7247,48.8673],[13.6544,48.8822],[13.6218,48.9091],[13.6087,48.9462],[13.5905,48.9448],[13.5224,48.9693],[13.5021,48.9661],[13.4823,48.9376],[13.4273,48.96],[13.3842,48.993],[13.3724,49.0385],[13.2995,49.0936],[13.2673,49.1056],[13.2068,49.1075],[13.1785,49.1183],[13.1495,49.1548],[13.0558,49.2382],[13.0113,49.2678],[12.9998,49.2949],[12.9229,49.3327],[12.8847,49.3396],[12.8754,49.3239],[12.7978,49.3278],[12.7621,49.3432],[12.7293,49.3911],[12.6435,49.4295],[12.6272,49.4602],[12.623,49.5098],[12.5937,49.515],[12.5623,49.5508],[12.5536,49.5847],[12.502,49.6197],[12.4964,49.67],[12.4196,49.7002],[12.3836,49.7429],[12.3954,49.7579],[12.4527,49.7797],[12.4625,49.8312],[12.4825,49.8272],[12.5129,49.8702],[12.5241,49.905],[12.4627,49.9313],[12.4682,49.9702],[12.2469,50.045],[12.2325,50.0805],[12.1879,50.1028],[12.1792,50.118],[12.1827,50.1707],[12.1393,50.211],[12.0796,50.2427],[12.1091,50.2638],[12.1073,50.2909],[12.0761,50.3152],[12.1013,50.314],[12.0937,50.3226],[12.0399,50.3288],[11.986,50.3516],[11.9812,50.3853],[11.9405,50.4145],[11.9053,50.4152],[11.8997,50.4293],[11.9311,50.4403],[11.9475,50.4622],[11.9258,50.4884],[11.9447,50.5159],[11.9894,50.5461],[12.0485,50.5316],[12.0812,50.5613],[12.1454,50.5625],[12.1587,50.6037],[12.1869,50.6264],[12.2529,50.6263],[12.29,50.6434],[12.3218,50.674],[12.2855,50.677],[12.2628,50.7222],[12.2412,50.7222],[12.2492,50.7426],[12.2855,50.7693],[12.258,50.7925],[12.3308,50.8064],[12.3642,50.8233],[12.4244,50.8243],[12.4628,50.8566],[12.5275,50.8766],[12.6017,50.8764],[12.6109,50.8701],[12.6472,50.8999],[12.6022,50.9525],[12.5457,50.9713],[12.4914,51.0285],[12.4837,51.0583],[12.3289,51.0878],[12.2646,51.0838],[12.2464,51.0326],[12.2754,51.0098],[12.2171,50.9542],[12.2008,50.9279],[12.1595,50.952],[12.1204,50.9445],[12.0679,50.9561],[12.0046,50.949],[11.9609,50.971],[11.9314,50.9981],[11.8607,51.0226],[11.7326,51.0175],[11.6974,51.0642],[11.6891,51.0919],[11.6631,51.1012],[11.6275,51.0956],[11.5352,51.1003],[11.5047,51.0892],[11.4274,51.0988],[11.4264,51.1077],[11.4203,51.1597],[11.3886,51.1899],[11.333,51.2163],[11.3524,51.2301],[11.4224,51.2437],[11.4519,51.2715],[11.3672,51.3575],[11.3149,51.3833],[11.1962,51.3974],[11.1538,51.3969],[10.9991,51.4087],[10.9645,51.4278],[10.9718,51.4627],[10.9454,51.4995],[10.965,51.4721],[11.3,51.52],[11.6,51.45],[11.9,51.42],[12.1,51.47],[12.22,51.6],[12.2662,51.7155],[12,51.68],[11.8,51.68],[11.65,51.72],[11.75,51.9],[11.8596,51.973],[11.74,52.02],[11.66,52.13],[11.7,52.23],[11.77,52.31],[11.9,52.45],[11.98,52.55],[12,52.67],[12.04,52.79],[12.04,52.86],[11.9795,52.8859],[11.9655,52.8852],[11.8967,52.9017],[11.8319,52.9282],[11.8444,52.946],[11.8158,52.9593],[11.8073,52.9603],[11.798,52.9676],[11.75,52.99],[11.7435,52.992],[11.6942,52.984],[11.6814,53.0106],[11.6696,53.0141],[11.6223,53.0224],[11.623,53.0281],[11.5802,53.041],[11.5619,53.01],[11.5813,53.0429],[11.4907,53.0607],[11.4609,53.0794],[11.4169,53.0809],[11.3656,53.064],[11.3276,53.0724],[11.2741,53.1175],[11.2558,53.1362],[11.2397,53.142],[11.2247,53.153],[11.2014,53.1405],[11.1943,53.1409],[11.1645,53.1709],[11.1434,53.1727],[11.1093,53.1558],[11.0894,53.1442],[11.0681,53.1555],[11.0401,53.1664],[10.9302,53.2285],[10.8393,53.2601],[10.8073,53.2756],[10.7868,53.2934],[10.7751,53.3002],[10.7558,53.3029],[10.7394,53.3085],[10.7346,53.3217],[10.7316,53.352],[10.7097,53.3683],[10.6755,53.3737],[10.6012,53.3718],[10.6222,53.391],[10.6272,53.4015],[10.6272,53.4137],[10.6354,53.4452],[10.6408,53.451],[10.6611,53.4582],[10.6863,53.4568],[10.6945,53.4601],[10.7017,53.4755],[10.7082,53.4794],[10.7257,53.4811],[10.7602,53.4882],[10.8049,53.5094],[10.8204,53.5148],[10.8239,53.5313],[10.8324,53.5441],[10.8297,53.5701],[10.8414,53.5719],[10.8578,53.5682],[10.9036,53.5723],[10.9115,53.5714],[10.929,53.5485],[10.9381,53.5525],[10.9544,53.5661],[10.9423,53.5697],[10.953,53.5737],[10.9527,53.5844],[10.9406,53.6114],[10.9398,53.6287],[10.956,53.6391],[10.955,53.6555],[10.9465,53.6649],[10.9456,53.6771],[10.9381,53.6847],[10.9146,53.6968],[10.8789,53.702],[10.8655,53.6999],[10.8466,53.7085],[10.8059,53.7412],[10.7781,53.7458],[10.7609,53.7467],[10.7584,53.7519],[10.7674,53.7746],[10.771,53.7933],[10.7615,53.8225],[10.753,53.8341],[10.7519,53.84],[10.7513,53.8431],[10.7633,53.8651],[10.7726,53.8699],[10.8123,53.8827],[10.8613,53.9098],[10.8852,53.9191],[10.9073,53.9155],[10.9067,53.9053],[10.9129,53.9021],[10.9453,53.9052],[10.95,53.9076],[10.9605,53.9129],[10.95,53.9149],[10.9203,53.9205],[10.9042,53.9313],[10.906,53.9612],[10.9222,53.9614],[10.9222,54.0474],[10.9401,54.0474],[10.9427,54.1336],[10.9505,54.1395],[11.0666,54.1839],[11.0945,54.2251],[11.0871,54.2709],[11.0945,54.2835],[11.0774,54.3422],[11.1355,54.3859],[11.1042,54.3929],[11.0339,54.3676],[11.0188,54.3859],[10.9353,54.3795],[10.913,54.3726],[10.3193,54.5096],[10.3,54.5],[10.15,54.42],[10,54.38],[9.85,54.35],[9.67,54.3],[9.5,54.28],[9.3,54.3],[9.1,54.37],[8.9,54.3],[8.6361,54.2868],[8.6417,54.2826],[8.7715,54.0675],[8.7999,54.0204],[8.7835,54.0084],[8.7613,53.9923],[8.7235,53.9648],[8.7032,53.95],[8.6857,53.9372],[8.6101,53.8822],[8.6071,53.8815],[8.5733,53.8577],[8.5715,53.8542],[8.5,53.8021],[8.4434,53.7609],[8.3152,53.6676],[8.1614,53.5557],[8.1498,53.5602],[8.1244,53.5836],[8.1276,53.5908],[8.1074,53.5992],[8.0253,53.6747],[8.0314,53.7081],[7.9599,53.7204],[7.9365,53.748],[7.9361,53.748],[7.4711,53.7178],[7.2267,53.702],[7.1009,53.6938],[6.9823,53.5647],[6.954,53.5339],[6.9256,53.503],[6.9212,53.4982],[6.9065,53.4822],[6.8601,53.4838],[6.7379,53.4881],[6.4935,53.4965],[6.463,53.4976],[6.4324,53.4987],[6.4018,53.4997],[6.3713,53.5008],[6.3408,53.5018],[6.3245,53.5024],[6.3189,53.5072],[6.3345,53.511],[6.3337,53.5111],[6.3343,53.5112],[6.3338,53.5112],[6.3345,53.5114],[6.3118,53.5132],[6.3108,53.5141],[6.305,53.5138],[6.2913,53.5149],[6.2909,53.5149],[6.2752,53.5122],[6.2118,53.5089],[6.2017,53.5067],[6.1269,53.5092],[6.0753,53.511],[6.0749,53.511],[6.0046,53.4895],[5.9333,53.4678],[5.9138,53.4739],[5.8856,53.4732],[5.8773,53.4749],[5.8769,53.4749],[5.7077,53.4732],[5.6537,53.4663],[5.6541,53.4659],[5.6537,53.4659],[5.6545,53.4652],[5.6419,53.4634],[5.6361,53.4487],[5.679,53.4301],[5.7363,53.4435],[5.7854,53.4474],[5.8556,53.4474],[5.876,53.4502],[5.5158,53.3402],[5.2714,53.2655],[5.1492,53.2282],[5.0881,53.2095],[5.0576,53.2002],[5.027,53.1908],[4.9883,53.179],[4.9495,53.1672],[4.8974,53.1512],[4.8872,53.1644],[4.8872,53.1833],[4.8868,53.1831],[4.8868,53.1833],[4.8858,53.1827],[4.8858,53.1867],[4.8543,53.1877],[4.8057,53.133],[4.7597,53.1091],[4.7167,53.096],[4.7068,53.093],[4.4064,52.5894],[4.3168,52.4391],[4.2944,52.4015],[4.2719,52.3639],[4.2271,52.2887],[4.0493,51.9907],[4.0225,51.9944],[4.01,51.9801],[4.0257,51.951],[3.9638,51.8472],[3.9627,51.8474],[3.8623,51.8161],[3.8716,51.7883],[3.9339,51.7971],[3.9173,51.7693],[3.9016,51.743],[3.8101,51.7473],[3.7928,51.7457],[3.7892,51.7459],[3.7888,51.7459],[3.7825,51.7448],[3.7258,51.7397],[3.7054,51.7314],[3.6988,51.7303],[3.6988,51.7288],[3.6895,51.725],[3.6867,51.6927],[3.7206,51.6768],[3.7654,51.6784],[3.7758,51.6858],[3.8159,51.693],[3.8244,51.69],[3.8596,51.6726],[3.8284,51.6204],[3.8118,51.6115],[3.5604,51.5946],[3.5469,51.5894],[3.5008,51.5775],[3.4838,51.5652],[3.4575,51.5551],[3.447,51.546],[3.4619,51.519],[3.4948,51.5009],[3.5321,51.4626],[3.4881,51.4392],[3.4608,51.4246],[3.6,51.42],[3.75,51.385],[3.85,51.37],[4,51.4],[4.15,51.37],[4.2126,51.37],[4.1904,51.375],[4.1904,51.3816],[4.237,51.3816],[4.237,51.3503],[4.2441,51.3421],[4.2837,51.3421],[4.2854,51.318],[4.2875,51.317],[4.2875,51.3068],[4.303,51.2961],[4.2987,51.2696],[4.2886,51.2579],[4.333,51.1697],[4.316,51.1322],[4.2158,51.1215],[4.182,51.0999],[4.1964,51.0545],[4.2123,51.0341],[4.2403,51.0381],[4.2171,50.9901],[4.1617,50.9906],[4.1465,50.9706],[4.1602,50.9299],[4.137,50.9196],[4.0913,50.9318],[4.1001,50.9125],[4.0736,50.9],[4.0871,50.8814],[4.0404,50.8384],[4.0749,50.8207],[4.0604,50.7926],[3.9822,50.7669],[3.9563,50.7798],[3.9312,50.7576],[3.9506,50.7341],[3.895,50.7342],[3.8844,50.7514],[3.828,50.7435],[3.7746,50.749],[3.7578,50.7803],[3.7145,50.7686],[3.704,50.7821],[3.6753,50.7719],[3.6347,50.7219],[3.6066,50.7342],[3.5405,50.7349],[3.534,50.7664],[3.4941,50.7589],[3.4576,50.7685],[3.4128,50.7474],[3.3635,50.7097],[3.3231,50.7235],[3.3033,50.7564],[3.2608,50.7523],[3.2197,50.7673],[3.1628,50.7499]],[[7.3842,47.4131],[7.3882,47.4333],[7.4206,47.4509],[7.4458,47.4389],[7.4551,47.4214],[7.4404,47.4146],[7.3842,47.4131]],[[4.2609,51.37],[4.2803,51.37],[4.2666,51.3881],[4.2811,51.3689],[4.2611,51.3694],[4.2609,51.37]],[[7.446,47.4869],[7.4674,47.4819],[7.4858,47.4988],[7.529,47.4939],[7.5339,47.4608],[7.4542,47.452],[7.446,47.4869]]],[[[4.8789,53.2209],[4.9102,53.2125],[4.9575,53.2456],[4.9716,53.2538],[5.1105,53.3079],[5.1098,53.3079],[5.1103,53.3081],[5.11,53.3081],[5.1105,53.3083],[5.1006,53.3085],[5.1048,53.3096],[5.0545,53.3138],[5.0428,53.3097],[5.0277,53.31],[5.0273,53.31],[4.9972,53.2937],[4.9865,53.29],[4.9212,53.2537],[4.917,53.2504],[4.9084,53.2458],[4.9087,53.2455],[4.9084,53.2454],[4.9095,53.2446],[4.8789,53.2209]]],[[[5.1789,53.3854],[5.1799,53.3531],[5.2083,53.3527],[5.3469,53.3892],[5.427,53.4064],[5.4817,53.4127],[5.4797,53.4172],[5.5821,53.4381],[5.5815,53.4382],[5.5819,53.4383],[5.5815,53.4384],[5.5821,53.4385],[5.5701,53.441],[5.5853,53.4536],[5.437,53.4365],[5.4284,53.4326],[5.4161,53.4315],[5.1893,53.3916],[5.1898,53.3914],[5.1895,53.3914],[5.1898,53.3913],[5.1893,53.3912],[5.1958,53.3891],[5.1789,53.3854]]],[[[6.6437,53.5787],[6.6441,53.5787],[6.6739,53.5799],[6.6771,53.5756],[6.7346,53.5752],[6.7293,53.582],[6.7341,53.5822],[6.7576,53.5971],[6.7981,53.6044],[6.7879,53.6163],[6.8025,53.6256],[6.802,53.6256],[6.8023,53.6258],[6.8022,53.6258],[6.8025,53.626],[6.7553,53.626],[6.6689,53.6051],[6.6641,53.6001],[6.6595,53.5991],[6.6611,53.597],[6.6437,53.5791],[6.6441,53.5791],[6.6437,53.5787]]],[[[11.0057,54.4685],[11.0325,54.4473],[11.0581,54.4553],[11.0739,54.4539],[11.1064,54.4314],[11.1126,54.4152],[11.179,54.4142],[11.1805,54.4161],[11.2802,54.4172],[11.3142,54.4138],[11.2556,54.4787],[11.2448,54.4866],[11.2341,54.5009],[11.2213,54.5038],[11.2066,54.5145],[11.1213,54.536],[11.0907,54.533],[11.0865,54.5339],[11.0864,54.5338],[11.0861,54.5339],[11.0815,54.5321],[11.0729,54.5312],[11.0571,54.5222],[11.0429,54.5165],[11.0405,54.5128],[11.0337,54.5089],[11.0057,54.4685]]]]}},
{"type":"Feature","properties":{"entityId":"east-francia","from":929,"to":952,"certainty":"estimated","source":"유럽 쪽은 Natural Earth 1:10m admin-1(v5.1.2) 현대 행정구역 조각을 그 시기 국경에 맞춰 묶고, 조각이 역사 경계와 다른 곳은 선을 그어 나눈 근사. 유럽 밖(시베리아·중앙아시아·극동)은 대략적인 추정. 운영자 검수 필요"},"geometry":{"type":"MultiPolygon","coordinates":[[[[3.1628,50.7499],[3.1969,50.7092],[3.2244,50.7052],[3.2438,50.6721],[3.2298,50.6554],[3.2643,50.5702],[3.271,50.5269],[3.2999,50.5075],[3.3436,50.4929],[3.3854,50.4916],[3.4292,50.5018],[3.4629,50.5191],[3.4915,50.5171],[3.4991,50.4868],[3.5637,50.4865],[3.6083,50.4765],[3.6444,50.4455],[3.6529,50.3602],[3.6617,50.3193],[3.6969,50.2982],[3.7415,50.3431],[3.7987,50.3485],[3.8402,50.3452],[3.8959,50.3253],[3.9821,50.3426],[4.0227,50.3381],[4.0979,50.2948],[4.1253,50.2571],[4.1437,50.2516],[4.1628,50.273],[4.2037,50.252],[4.1573,50.2127],[4.1258,50.1282],[4.1806,50.1272],[4.21,50.0602],[4.1373,50.0251],[4.1317,49.975],[4.1877,49.9555],[4.2159,49.9544],[4.2776,49.9602],[4.4277,49.9336],[4.4648,49.9356],[4.6042,49.9802],[4.6567,49.9891],[4.6729,50.0164],[4.6819,50.0839],[4.7886,50.1534],[4.8156,50.1613],[4.8201,50.1464],[4.8719,50.1398],[4.8629,50.0841],[4.846,50.0907],[4.8272,50.0641],[4.8267,50.036],[4.7883,49.9743],[4.7973,49.9443],[4.8446,49.9317],[4.8594,49.8917],[4.8369,49.848],[4.8492,49.8316],[4.849,49.7942],[4.8842,49.7841],[4.9684,49.797],[5.0263,49.7667],[5.0819,49.7527],[5.1364,49.7053],[5.1925,49.6828],[5.2592,49.6913],[5.2994,49.6625],[5.2979,49.6133],[5.3349,49.6258],[5.3912,49.6088],[5.3899,49.5933],[5.3021,49.5495],[5.2731,49.544],[5.2629,49.5588],[5.25,49.5597],[5.1841,49.5641],[5.1395,49.585],[5.1008,49.5635],[5.0947,49.5208],[5.0713,49.5005],[5.0959,49.466],[5.1139,49.4218],[5.0919,49.3787],[5.0421,49.3321],[5.0495,49.2798],[4.9787,49.2357],[4.98,49.2098],[4.9554,49.1652],[4.9789,49.1201],[4.987,49.0476],[4.9978,49.0309],[5.0338,49.0125],[5.0202,48.9913],[5.0174,48.9472],[4.9888,48.9245],[4.9452,48.9157],[4.9216,48.8785],[4.9302,48.8322],[4.9069,48.8048],[4.9172,48.7877],[4.9828,48.75],[4.9921,48.6929],[5.0046,48.6554],[5.0359,48.6181],[5.117,48.5812],[5.187,48.5419],[5.2686,48.5108],[5.3448,48.5004],[5.3563,48.4814],[5.4552,48.4192],[5.4242,48.3881],[5.4322,48.3373],[5.5085,48.3507],[5.534,48.3339],[5.5844,48.2838],[5.6379,48.2808],[5.6615,48.2386],[5.713,48.2114],[5.7203,48.196],[5.6975,48.1805],[5.6885,48.1477],[5.6593,48.1008],[5.7322,48.0467],[5.788,48.0225],[5.799,48.0012],[5.7981,47.9642],[5.8128,47.9572],[5.8492,47.9676],[5.8918,47.9326],[5.9261,47.9481],[5.9551,47.9797],[5.9709,47.9409],[6.0344,47.9726],[6.071,48.0044],[6.0994,48.0087],[6.1469,48.0016],[6.1827,47.9768],[6.1819,47.9582],[6.2438,47.9322],[6.2828,47.9348],[6.3224,47.9505],[6.3734,47.953],[6.412,47.9423],[6.4987,47.9047],[6.5526,47.9012],[6.5765,47.908],[6.6138,47.9413],[6.6372,47.9351],[6.6965,47.8899],[6.7407,47.8761],[6.836,47.8242],[6.7848,47.78],[6.7651,47.7529],[6.7608,47.7138],[6.7865,47.655],[6.7897,47.6042],[6.8109,47.5764],[6.8071,47.5629],[6.8248,47.5476],[6.8938,47.5518],[6.9234,47.5211],[6.9144,47.487],[6.9392,47.4268],[6.991,47.4522],[6.9733,47.4891],[7.0008,47.4977],[7.0539,47.4904],[7.1037,47.4963],[7.1422,47.4877],[7.1808,47.4883],[7.1626,47.4599],[7.1683,47.4436],[7.2448,47.4177],[7.2826,47.4289],[7.3369,47.4319],[7.3842,47.4131],[7.4112,47.3983],[7.4197,47.3827],[7.4371,47.3793],[7.4527,47.3958],[7.5068,47.3886],[7.5422,47.4108],[7.5774,47.4155],[7.5748,47.4283],[7.6029,47.4312],[7.6266,47.4618],[7.6081,47.4728],[7.6145,47.4841],[7.6497,47.4834],[7.6643,47.4916],[7.7134,47.4673],[7.6904,47.4482],[7.6839,47.4216],[7.6379,47.4065],[7.6396,47.3849],[7.6538,47.3681],[7.7138,47.3662],[7.7521,47.3477],[7.7861,47.3385],[7.8053,47.3636],[7.8705,47.3847],[7.882,47.4024],[7.9289,47.4078],[7.9537,47.4223],[7.9449,47.4406],[7.9549,47.4577],[7.9791,47.4487],[7.9813,47.4312],[8.0057,47.4043],[8.028,47.3981],[8.0291,47.3792],[7.9969,47.3345],[7.9816,47.3283],[7.9019,47.3383],[7.8575,47.3107],[7.8229,47.269],[7.8393,47.2318],[7.8751,47.1767],[7.8871,47.1283],[7.8741,47.1014],[7.8733,47.0481],[7.8975,47.0115],[7.9525,47.0027],[7.93,46.9482],[7.916,46.934],[7.8757,46.9244],[7.8609,46.8779],[7.8705,46.8503],[7.9522,46.8024],[7.9771,46.7789],[8.0437,46.7883],[8.0946,46.7843],[8.1581,46.759],[8.1987,46.7676],[8.2703,46.759],[8.2909,46.7617],[8.3244,46.7777],[8.3682,46.7895],[8.3916,46.7751],[8.4462,46.7692],[8.4376,46.7414],[8.4447,46.6911],[8.4017,46.6887],[8.4094,46.6557],[8.4217,46.6459],[8.4076,46.5932],[8.4374,46.5466],[8.4769,46.5318],[8.5098,46.5509],[8.5238,46.5785],[8.5487,46.585],[8.6363,46.5712],[8.6779,46.5836],[8.7112,46.573],[8.7884,46.5681],[8.8473,46.5752],[8.8981,46.5893],[8.9148,46.6204],[8.956,46.6306],[8.9648,46.6148],[9.0221,46.6049],[9.0385,46.5907],[9.0152,46.5335],[9.0486,46.4809],[9.0773,46.4823],[9.0978,46.4161],[9.0891,46.3637],[9.057,46.299],[9.0875,46.2206],[9.1638,46.173],[9.1813,46.2041],[9.2248,46.2312],[9.2397,46.267],[9.269,46.3094],[9.2738,46.3443],[9.2604,46.3797],[9.2609,46.4167],[9.238,46.4365],[9.2632,46.4851],[9.2823,46.4974],[9.331,46.5015],[9.3771,46.4687],[9.4107,46.4889],[9.4379,46.492],[9.4438,46.3961],[9.4516,46.3704],[9.4826,46.3568],[9.5153,46.3086],[9.5597,46.2927],[9.6743,46.2918],[9.7084,46.3117],[9.7093,46.3424],[9.7309,46.3507],[9.7681,46.3386],[9.8554,46.367],[9.899,46.3722],[9.964,46.3561],[9.9776,46.2981],[10.0317,46.2601],[10.0427,46.2205],[10.0757,46.22],[10.1458,46.2433],[10.1589,46.2624],[10.1049,46.3094],[10.0918,46.329],[10.105,46.3614],[10.1332,46.3811],[10.1334,46.414],[10.0421,46.4327],[10.0263,46.4463],[10.044,46.467],[10.0269,46.4932],[10.0328,46.533],[10.0712,46.5644],[10.0878,46.6044],[10.1921,46.6268],[10.2338,46.618],[10.2347,46.5753],[10.2759,46.5655],[10.2954,46.5511],[10.3543,46.5483],[10.4259,46.5353],[10.4518,46.5467],[10.4939,46.4945],[10.5413,46.4895],[10.6247,46.4545],[10.6575,46.4495],[10.7452,46.4849],[10.7762,46.4754],[10.7975,46.4469],[10.8399,46.4307],[10.9974,46.4792],[11.0511,46.446],[11.0643,46.458],[11.0553,46.5156],[11.0859,46.5236],[11.1176,46.4938],[11.1454,46.4872],[11.1927,46.5056],[11.2145,46.4693],[11.2018,46.3392],[11.1562,46.284],[11.1615,46.2495],[11.191,46.2271],[11.242,46.2312],[11.2871,46.2591],[11.3282,46.2935],[11.3707,46.269],[11.3876,46.2811],[11.4085,46.3245],[11.4549,46.3348],[11.4766,46.3596],[11.5378,46.3537],[11.5774,46.3681],[11.5953,46.3862],[11.6412,46.4727],[11.6841,46.5077],[11.7158,46.5138],[11.7784,46.5101],[11.8118,46.5303],[11.8322,46.504],[11.8519,46.5142],[12.022,46.5394],[12.0712,46.6131],[12.0803,46.6499],[12.0991,46.6678],[12.1386,46.6443],[12.1779,46.6348],[12.214,46.5961],[12.2531,46.6109],[12.3024,46.6146],[12.3407,46.6282],[12.3825,46.6181],[12.3992,46.6397],[12.4696,46.6758],[12.4999,46.6721],[12.562,46.6512],[12.6202,46.6565],[12.6714,46.6525],[12.6974,46.6405],[12.7485,46.641],[12.8304,46.6096],[13.0645,46.598],[13.1465,46.585],[13.2311,46.5522],[13.2714,46.5508],[13.3733,46.5658],[13.417,46.5605],[13.478,46.5636],[13.5068,46.5469],[13.5492,46.5458],[13.6703,46.5187],[13.701,46.5197],[13.6899,46.4933],[13.6859,46.464],[13.6775,46.4521],[13.6588,46.4451],[13.6002,46.4426],[13.5757,46.4267],[13.53,46.3883],[13.4837,46.3712],[13.4597,46.359],[13.4341,46.3539],[13.4232,46.3448],[13.3956,46.3067],[13.3653,46.2903],[13.3786,46.2684],[13.3847,46.2433],[13.3981,46.2305],[13.4101,46.208],[13.4374,46.2109],[13.4228,46.2286],[13.4683,46.2234],[13.4823,46.2179],[13.5102,46.214],[13.529,46.2048],[13.559,46.1841],[13.5845,46.1813],[13.6274,46.1817],[13.6411,46.1714],[13.645,46.1617],[13.6164,46.125],[13.5226,46.0753],[13.5051,46.066],[13.4823,46.0448],[13.4903,46.0389],[13.4928,46.0325],[13.4823,46.0184],[13.4618,46.0064],[13.5094,45.9674],[13.5394,45.969],[13.5717,45.9798],[13.6007,45.9846],[13.6228,45.9664],[13.6153,45.9459],[13.6082,45.9266],[13.5993,45.9123],[13.5693,45.8645],[13.566,45.8303],[13.5742,45.819],[13.5813,45.8092],[13.5885,45.8065],[13.6092,45.7986],[13.6436,45.7957],[13.6603,45.792],[13.6999,45.7705],[13.7095,45.7653],[13.7787,45.7434],[13.8584,45.6494],[13.8692,45.6411],[13.8936,45.6338],[13.887,45.6188],[13.8679,45.6022],[13.88,45.5725],[13.8946,45.5598],[13.9104,45.552],[13.9522,45.546],[13.9838,45.5195],[13.9875,45.5119],[14.014,45.508],[14.0667,45.4803],[14.0929,45.4739],[14.1167,45.473],[14.1173,45.473],[14.1455,45.4762],[14.2187,45.4972],[14.2804,45.4811],[14.3268,45.4749],[14.3728,45.4778],[14.4112,45.4932],[14.4689,45.5256],[14.4821,45.5424],[14.4915,45.5792],[14.4986,45.5962],[14.5436,45.6364],[14.5561,45.6567],[14.5691,45.6643],[14.5809,45.6678],[14.5919,45.6634],[14.5941,45.648],[14.5939,45.6162],[14.6031,45.6036],[14.616,45.5941],[14.6503,45.5748],[14.6637,45.5702],[14.6717,45.5568],[14.6685,45.534],[14.6883,45.522],[14.7815,45.4931],[14.7972,45.4652],[14.8388,45.459],[14.8816,45.4698],[14.9008,45.4931],[14.9044,45.5144],[14.9226,45.5149],[14.9454,45.5045],[14.9626,45.4931],[14.9773,45.4917],[15.0074,45.4808],[15.0562,45.4799],[15.0661,45.4739],[15.1393,45.43],[15.1842,45.4256],[15.2258,45.4365],[15.2816,45.451],[15.314,45.4505],[15.3339,45.4585],[15.3614,45.482],[15.311,45.5059],[15.2967,45.523],[15.2822,45.5715],[15.2696,45.5934],[15.2686,45.6017],[15.2879,45.6103],[15.2974,45.6257],[15.3267,45.6323],[15.3531,45.6403],[15.3738,45.6402],[15.3683,45.649],[15.35,45.6696],[15.3308,45.6846],[15.315,45.6809],[15.3049,45.6721],[15.2919,45.6756],[15.2778,45.685],[15.2678,45.6985],[15.2582,45.7051],[15.2509,45.7077],[15.2499,45.7137],[15.2635,45.7304],[15.3038,45.7461],[15.331,45.7525],[15.4298,45.7757],[15.4411,45.7822],[15.4356,45.8021],[15.4513,45.8151],[15.4854,45.8102],[15.5235,45.8268],[15.5497,45.8237],[15.5873,45.8192],[15.6261,45.8202],[15.6661,45.8317],[15.6761,45.8417],[15.6755,45.856],[15.6594,45.8888],[15.6756,45.9252],[15.6754,45.9725],[15.6742,45.9932],[15.682,46.0135],[15.698,46.0362],[15.6929,46.0416],[15.6839,46.0511],[15.6717,46.0574],[15.6437,46.0655],[15.6315,46.0706],[15.6236,46.0764],[15.6235,46.0764],[15.6038,46.091],[15.5899,46.1135],[15.59,46.1387],[15.6043,46.167],[15.6229,46.1917],[15.6266,46.1952],[15.6398,46.2077],[15.6613,46.2153],[15.678,46.2145],[15.7498,46.2108],[15.7689,46.2194],[15.7891,46.2431],[15.7995,46.2486],[15.8031,46.2505],[15.8183,46.2555],[15.8342,46.2584],[15.8793,46.2593],[15.8809,46.2593],[15.8837,46.2594],[15.9189,46.2728],[15.9487,46.2842],[15.9937,46.2906],[16.0192,46.2988],[16.0389,46.3084],[16.0499,46.3167],[16.0524,46.3186],[16.0596,46.3323],[16.0597,46.3453],[16.0574,46.3597],[16.058,46.3775],[16.0887,46.3731],[16.106,46.3737],[16.1316,46.3931],[16.1536,46.3914],[16.1775,46.3756],[16.1918,46.3698],[16.2171,46.3674],[16.2528,46.3734],[16.2756,46.3732],[16.2799,46.3787],[16.2741,46.3921],[16.257,46.3999],[16.2482,46.4133],[16.2494,46.4375],[16.2375,46.4651],[16.2342,46.4849],[16.2349,46.4933],[16.2609,46.5136],[16.2639,46.5159],[16.2954,46.5244],[16.3015,46.5271],[16.3107,46.531],[16.33,46.5355],[16.3403,46.5438],[16.3441,46.547],[16.3517,46.5395],[16.3579,46.547],[16.3695,46.5406],[16.4063,46.5395],[16.4152,46.5356],[16.432,46.5232],[16.4404,46.519],[16.4708,46.5203],[16.4911,46.5151],[16.5153,46.5017],[16.5008,46.5448],[16.4671,46.5647],[16.4302,46.6044],[16.3946,46.619],[16.3764,46.6291],[16.3722,46.6363],[16.3684,46.643],[16.3776,46.6529],[16.3967,46.6591],[16.4026,46.6631],[16.4105,46.6684],[16.405,46.6873],[16.39,46.6942],[16.3714,46.6949],[16.3662,46.6965],[16.3654,46.6967],[16.3576,46.699],[16.3573,46.7158],[16.3434,46.7142],[16.3142,46.7433],[16.2982,46.7758],[16.2995,46.7795],[16.3022,46.787],[16.3111,46.7975],[16.3149,46.802],[16.3218,46.8133],[16.3275,46.8255],[16.3298,46.8344],[16.3253,46.8394],[16.3107,46.84],[16.3019,46.8432],[16.2974,46.847],[16.2822,46.8599],[16.272,46.864],[16.1795,46.8585],[16.1354,46.8558],[16.1302,46.8567],[16.094,46.8628],[16.0529,46.8461],[16.032,46.8376],[16.0284,46.8369],[16.0037,46.8707],[16.0115,46.9133],[16.0545,46.9442],[16.1363,47.0249],[16.1347,47.0402],[16.0895,47.0829],[16.0844,47.1069],[16.095,47.1651],[16.0675,47.2376],[16.0584,47.2911],[16.02,47.3724],[16.0475,47.4106],[16.0717,47.3949],[16.1479,47.443],[16.1135,47.4634],[16.0804,47.5165],[16.0472,47.5062],[15.9983,47.5238],[15.9167,47.5332],[15.8923,47.572],[15.8661,47.5854],[15.8279,47.5889],[15.8287,47.6321],[15.7969,47.6454],[15.7432,47.6367],[15.7261,47.6902],[15.7143,47.7019],[15.6718,47.7042],[15.6386,47.7174],[15.6062,47.7435],[15.5387,47.7474],[15.5001,47.7663],[15.4175,47.7935],[15.3754,47.8196],[15.3391,47.8254],[15.2779,47.8152],[15.2297,47.8193],[15.1871,47.7804],[15.0561,47.7508],[15.0147,47.7524],[14.9296,47.7269],[14.8834,47.7247],[14.8382,47.7505],[14.7341,47.7502],[14.6993,47.7689],[14.7162,47.7935],[14.7189,47.8289],[14.7507,47.9019],[14.6905,47.9372],[14.6066,47.9612],[14.4454,48.043],[14.4272,48.0574],[14.4454,48.0685],[14.4799,48.1179],[14.4694,48.1558],[14.4849,48.2184],[14.52,48.2448],[14.5823,48.2402],[14.6376,48.1971],[14.6755,48.1825],[14.8187,48.2056],[14.862,48.237],[14.9296,48.244],[14.968,48.2252],[14.9754,48.3336],[14.9638,48.3831],[14.94,48.4018],[14.9344,48.434],[14.9098,48.44],[14.8823,48.4712],[14.8871,48.5005],[14.9136,48.4999],[14.9064,48.5271],[14.8393,48.542],[14.7745,48.5625],[14.7116,48.572],[14.6911,48.5865],[14.6592,48.577],[14.6347,48.6023],[14.6019,48.6045],[14.5788,48.6205],[14.522,48.6106],[14.4821,48.6245],[14.4582,48.6432],[14.4436,48.6365],[14.4054,48.5863],[14.3157,48.5579],[14.2165,48.5812],[14.0748,48.5917],[14.0408,48.6012],[14.0062,48.6395],[14.0329,48.6549],[13.9823,48.7065],[13.915,48.731],[13.8559,48.7593],[13.8157,48.7664],[13.7962,48.7798],[13.7247,48.8673],[13.6544,48.8822],[13.6218,48.9091],[13.6087,48.9462],[13.5905,48.9448],[13.5224,48.9693],[13.5021,48.9661],[13.4823,48.9376],[13.4273,48.96],[13.3842,48.993],[13.3724,49.0385],[13.2995,49.0936],[13.2673,49.1056],[13.2068,49.1075],[13.1785,49.1183],[13.1495,49.1548],[13.0558,49.2382],[13.0113,49.2678],[12.9998,49.2949],[12.9229,49.3327],[12.8847,49.3396],[12.8754,49.3239],[12.7978,49.3278],[12.7621,49.3432],[12.7293,49.3911],[12.6435,49.4295],[12.6272,49.4602],[12.623,49.5098],[12.5937,49.515],[12.5623,49.5508],[12.5536,49.5847],[12.502,49.6197],[12.4964,49.67],[12.4196,49.7002],[12.3836,49.7429],[12.3954,49.7579],[12.4527,49.7797],[12.4625,49.8312],[12.4825,49.8272],[12.5129,49.8702],[12.5241,49.905],[12.4627,49.9313],[12.4682,49.9702],[12.2469,50.045],[12.2325,50.0805],[12.1879,50.1028],[12.1792,50.118],[12.1827,50.1707],[12.1393,50.211],[12.0796,50.2427],[12.1091,50.2638],[12.1073,50.2909],[12.0761,50.3152],[12.1013,50.314],[12.1685,50.303],[12.178,50.2688],[12.243,50.253],[12.2325,50.2325],[12.2585,50.2109],[12.2834,50.1622],[12.3144,50.1673],[12.3056,50.1993],[12.3365,50.2586],[12.3672,50.2791],[12.3982,50.3152],[12.469,50.3456],[12.4751,50.3694],[12.5102,50.3888],[12.5505,50.3964],[12.6254,50.3999],[12.6788,50.3937],[12.7542,50.4353],[12.8258,50.4414],[12.9184,50.4054],[12.9606,50.4092],[12.9966,50.4337],[13.0096,50.4927],[13.0698,50.4911],[13.1074,50.499],[13.1601,50.497],[13.1991,50.5253],[13.2323,50.582],[13.2846,50.569],[13.3056,50.5758],[13.3219,50.6024],[13.381,50.6255],[13.407,50.6013],[13.4479,50.5973],[13.4982,50.6292],[13.4933,50.6432],[13.5233,50.6622],[13.5156,50.691],[13.5566,50.7067],[13.6019,50.7122],[13.6918,50.7118],[13.7491,50.7232],[13.8345,50.7237],[13.8822,50.7427],[13.8925,50.7804],[13.9233,50.78],[13.9596,50.8021],[14.0349,50.8026],[14.1908,50.8479],[14.2321,50.8794],[14.2681,50.8841],[14.3465,50.8802],[14.3759,50.896],[14.3819,50.9209],[14.3183,50.9375],[14.2928,50.9535],[14.3038,50.9697],[14.2383,50.9825],[14.2636,51.0214],[14.2875,51.0368],[14.31,51.0353],[14.3,51.04],[14.15,51.1],[14,51.18],[13.9,51.3],[13.8928,51.3578],[13.7665,51.348],[13.6144,51.3553],[13.5217,51.3669],[13.55,51.3634],[13.55,51.75],[13.75,51.95],[13.95,52.08],[14.3,52.1],[14.6,52.02],[14.6973,51.9616],[14.6991,51.9925],[14.7261,52.0264],[14.7354,52.054],[14.7614,52.0767],[14.6964,52.1067],[14.6864,52.121],[14.707,52.1795],[14.6926,52.1996],[14.7121,52.2154],[14.6969,52.2535],[14.6066,52.2758],[14.5842,52.2912],[14.5901,52.3094],[14.5454,52.3822],[14.5398,52.4219],[14.5916,52.4498],[14.6323,52.4967],[14.6091,52.5178],[14.6448,52.5769],[14.608,52.5965],[14.5499,52.6362],[14.4901,52.6506],[14.4319,52.6861],[14.3822,52.7382],[14.276,52.7857],[14.216,52.818],[14.1528,52.8283],[14.1239,52.8507],[14.1608,52.8767],[14.1627,52.9082],[14.1445,52.9599],[14.2537,53.0009],[14.3433,53.0486],[14.3895,53.1317],[14.3779,53.1765],[14.3977,53.211],[14.4416,53.2518],[14.4094,53.2724],[14.3913,53.334],[14.3235,53.3089],[14.2955,53.2871],[14.2691,53.2794],[14.2628,53.2654],[14.2488,53.2591],[14.1829,53.263],[14.1451,53.2687],[14.1032,53.2725],[14.1041,53.292],[14.1882,53.326],[14.224,53.3602],[14.2395,53.382],[14.2442,53.4007],[14.2426,53.4271],[14.2193,53.4303],[14.1773,53.4287],[14.1415,53.4396],[14.1166,53.4365],[14.0964,53.4194],[14.0715,53.4225],[14.0501,53.4276],[13.9906,53.4303],[13.9206,53.4271],[13.9051,53.4411],[13.8998,53.4547],[13.8708,53.4863],[13.8693,53.508],[13.8226,53.5189],[13.7977,53.5423],[13.7806,53.5438],[13.7788,53.5252],[13.8039,53.4971],[13.8086,53.4847],[13.7791,53.4769],[13.7448,53.4785],[13.709,53.4754],[13.6484,53.4443],[13.6297,53.424],[13.6071,53.4114],[13.5716,53.4105],[13.553,53.4046],[13.5389,53.3967],[13.5314,53.3854],[13.5259,53.3666],[13.5072,53.3424],[13.4935,53.3193],[13.469,53.3023],[13.4584,53.3002],[13.4058,53.2747],[13.3882,53.2709],[13.3699,53.2738],[13.3295,53.2867],[13.3085,53.2893],[13.2823,53.2878],[13.2662,53.2829],[13.2494,53.2712],[13.2365,53.2531],[13.2305,53.2332],[13.2024,53.2332],[13.1901,53.2365],[13.1681,53.2566],[13.154,53.2593],[13.113,53.2408],[13.1019,53.2229],[13.0764,53.2092],[13.0471,53.198],[13.0263,53.183],[13.001,53.1677],[12.9754,53.165],[12.9515,53.1711],[12.944,53.1776],[12.9592,53.189],[12.9492,53.1955],[12.9329,53.1909],[12.906,53.1908],[12.8823,53.1863],[12.8517,53.1877],[12.8374,53.195],[12.8095,53.1987],[12.7655,53.1929],[12.7534,53.1937],[12.7435,53.1987],[12.7397,53.2246],[12.731,53.228],[12.7062,53.2287],[12.6643,53.2357],[12.6373,53.2523],[12.6182,53.2563],[12.5122,53.2727],[12.4815,53.2679],[12.4458,53.2664],[12.427,53.2704],[12.4152,53.281],[12.3867,53.2907],[12.3693,53.3021],[12.3392,53.3163],[12.2965,53.3313],[12.2337,53.3408],[12.2264,53.3429],[12.2036,53.3664],[12.1869,53.369],[12.1593,53.3576],[12.1441,53.3553],[12.1284,53.3657],[12.1185,53.3669],[12.0954,53.3637],[12.0637,53.3561],[12.0492,53.34],[12.0228,53.3291],[12.0212,53.3151],[12.0119,53.2996],[11.9963,53.298],[11.9792,53.2902],[11.959,53.2778],[11.9401,53.2827],[11.9232,53.2799],[11.8843,53.2685],[11.861,53.2514],[11.8336,53.2555],[11.816,53.2501],[11.8361,53.2405],[11.8392,53.2265],[11.7863,53.228],[11.7645,53.2234],[11.7443,53.2156],[11.7319,53.2327],[11.7002,53.2484],[11.6884,53.2509],[11.6541,53.2497],[11.5996,53.2373],[11.5799,53.2296],[11.5357,53.205],[11.5295,53.1952],[11.5321,53.1877],[11.5452,53.177],[11.5509,53.1532],[11.5552,53.1461],[11.5483,53.13],[11.5281,53.1207],[11.5016,53.1191],[11.4472,53.1378],[11.4145,53.1378],[11.399,53.1331],[11.3943,53.1082],[11.3756,53.1098],[11.3523,53.116],[11.3196,53.116],[11.2963,53.1191],[11.2741,53.1175],[11.2558,53.1362],[11.2397,53.142],[11.2247,53.153],[11.2014,53.1405],[11.1943,53.1409],[11.1645,53.1709],[11.1434,53.1727],[11.1093,53.1558],[11.0894,53.1442],[11.0681,53.1555],[11.0401,53.1664],[10.9302,53.2285],[10.8393,53.2601],[10.8073,53.2756],[10.7868,53.2934],[10.7751,53.3002],[10.7558,53.3029],[10.7394,53.3085],[10.7346,53.3217],[10.7316,53.352],[10.7097,53.3683],[10.6755,53.3737],[10.6012,53.3718],[10.6222,53.391],[10.6272,53.4015],[10.6272,53.4137],[10.6354,53.4452],[10.6408,53.451],[10.6611,53.4582],[10.6863,53.4568],[10.6945,53.4601],[10.7017,53.4755],[10.7082,53.4794],[10.7257,53.4811],[10.7602,53.4882],[10.8049,53.5094],[10.8204,53.5148],[10.8239,53.5313],[10.8324,53.5441],[10.8297,53.5701],[10.8414,53.5719],[10.8578,53.5682],[10.9036,53.5723],[10.9115,53.5714],[10.929,53.5485],[10.9381,53.5525],[10.9544,53.5661],[10.9423,53.5697],[10.953,53.5737],[10.9527,53.5844],[10.9406,53.6114],[10.9398,53.6287],[10.956,53.6391],[10.955,53.6555],[10.9465,53.6649],[10.9456,53.6771],[10.9381,53.6847],[10.9146,53.6968],[10.8789,53.702],[10.8655,53.6999],[10.8466,53.7085],[10.8059,53.7412],[10.7781,53.7458],[10.7609,53.7467],[10.7584,53.7519],[10.7674,53.7746],[10.771,53.7933],[10.7615,53.8225],[10.753,53.8341],[10.7519,53.84],[10.7513,53.8431],[10.7633,53.8651],[10.7726,53.8699],[10.8123,53.8827],[10.8613,53.9098],[10.8852,53.9191],[10.9073,53.9155],[10.9067,53.9053],[10.9129,53.9021],[10.9453,53.9052],[10.95,53.9076],[10.9605,53.9129],[10.95,53.9149],[10.9203,53.9205],[10.9042,53.9313],[10.906,53.9612],[10.9222,53.9614],[10.9222,54.0474],[10.9401,54.0474],[10.9427,54.1336],[10.9505,54.1395],[11.0666,54.1839],[11.0945,54.2251],[11.0871,54.2709],[11.0945,54.2835],[11.0774,54.3422],[11.1355,54.3859],[11.1042,54.3929],[11.0339,54.3676],[11.0188,54.3859],[10.9353,54.3795],[10.913,54.3726],[10.3193,54.5096],[10.3,54.5],[10.15,54.42],[10,54.38],[9.85,54.35],[9.67,54.3],[9.5,54.28],[9.3,54.3],[9.1,54.37],[8.9,54.3],[8.6361,54.2868],[8.6417,54.2826],[8.7715,54.0675],[8.7999,54.0204],[8.7835,54.0084],[8.7613,53.9923],[8.7235,53.9648],[8.7032,53.95],[8.6857,53.9372],[8.6101,53.8822],[8.6071,53.8815],[8.5733,53.8577],[8.5715,53.8542],[8.5,53.8021],[8.4434,53.7609],[8.3152,53.6676],[8.1614,53.5557],[8.1498,53.5602],[8.1244,53.5836],[8.1276,53.5908],[8.1074,53.5992],[8.0253,53.6747],[8.0314,53.7081],[7.9599,53.7204],[7.9365,53.748],[7.9361,53.748],[7.4711,53.7178],[7.2267,53.702],[7.1009,53.6938],[6.9823,53.5647],[6.954,53.5339],[6.9256,53.503],[6.9212,53.4982],[6.9065,53.4822],[6.8601,53.4838],[6.7379,53.4881],[6.4935,53.4965],[6.463,53.4976],[6.4324,53.4987],[6.4018,53.4997],[6.3713,53.5008],[6.3408,53.5018],[6.3245,53.5024],[6.3189,53.5072],[6.3345,53.511],[6.3337,53.5111],[6.3343,53.5112],[6.3338,53.5112],[6.3345,53.5114],[6.3118,53.5132],[6.3108,53.5141],[6.305,53.5138],[6.2913,53.5149],[6.2909,53.5149],[6.2752,53.5122],[6.2118,53.5089],[6.2017,53.5067],[6.1269,53.5092],[6.0753,53.511],[6.0749,53.511],[6.0046,53.4895],[5.9333,53.4678],[5.9138,53.4739],[5.8856,53.4732],[5.8773,53.4749],[5.8769,53.4749],[5.7077,53.4732],[5.6537,53.4663],[5.6541,53.4659],[5.6537,53.4659],[5.6545,53.4652],[5.6419,53.4634],[5.6361,53.4487],[5.679,53.4301],[5.7363,53.4435],[5.7854,53.4474],[5.8556,53.4474],[5.876,53.4502],[5.5158,53.3402],[5.2714,53.2655],[5.1492,53.2282],[5.0881,53.2095],[5.0576,53.2002],[5.027,53.1908],[4.9883,53.179],[4.9495,53.1672],[4.8974,53.1512],[4.8872,53.1644],[4.8872,53.1833],[4.8868,53.1831],[4.8868,53.1833],[4.8858,53.1827],[4.8858,53.1867],[4.8543,53.1877],[4.8057,53.133],[4.7597,53.1091],[4.7167,53.096],[4.7068,53.093],[4.4064,52.5894],[4.3168,52.4391],[4.2944,52.4015],[4.2719,52.3639],[4.2271,52.2887],[4.0493,51.9907],[4.0225,51.9944],[4.01,51.9801],[4.0257,51.951],[3.9638,51.8472],[3.9627,51.8474],[3.8623,51.8161],[3.8716,51.7883],[3.9339,51.7971],[3.9173,51.7693],[3.9016,51.743],[3.8101,51.7473],[3.7928,51.7457],[3.7892,51.7459],[3.7888,51.7459],[3.7825,51.7448],[3.7258,51.7397],[3.7054,51.7314],[3.6988,51.7303],[3.6988,51.7288],[3.6895,51.725],[3.6867,51.6927],[3.7206,51.6768],[3.7654,51.6784],[3.7758,51.6858],[3.8159,51.693],[3.8244,51.69],[3.8596,51.6726],[3.8284,51.6204],[3.8118,51.6115],[3.5604,51.5946],[3.5469,51.5894],[3.5008,51.5775],[3.4838,51.5652],[3.4575,51.5551],[3.447,51.546],[3.4619,51.519],[3.4948,51.5009],[3.5321,51.4626],[3.4881,51.4392],[3.4608,51.4246],[3.6,51.42],[3.75,51.385],[3.85,51.37],[4,51.4],[4.15,51.37],[4.2126,51.37],[4.1904,51.375],[4.1904,51.3816],[4.237,51.3816],[4.237,51.3503],[4.2441,51.3421],[4.2837,51.3421],[4.2854,51.318],[4.2875,51.317],[4.2875,51.3068],[4.303,51.2961],[4.2987,51.2696],[4.2886,51.2579],[4.333,51.1697],[4.316,51.1322],[4.2158,51.1215],[4.182,51.0999],[4.1964,51.0545],[4.2123,51.0341],[4.2403,51.0381],[4.2171,50.9901],[4.1617,50.9906],[4.1465,50.9706],[4.1602,50.9299],[4.137,50.9196],[4.0913,50.9318],[4.1001,50.9125],[4.0736,50.9],[4.0871,50.8814],[4.0404,50.8384],[4.0749,50.8207],[4.0604,50.7926],[3.9822,50.7669],[3.9563,50.7798],[3.9312,50.7576],[3.9506,50.7341],[3.895,50.7342],[3.8844,50.7514],[3.828,50.7435],[3.7746,50.749],[3.7578,50.7803],[3.7145,50.7686],[3.704,50.7821],[3.6753,50.7719],[3.6347,50.7219],[3.6066,50.7342],[3.5405,50.7349],[3.534,50.7664],[3.4941,50.7589],[3.4576,50.7685],[3.4128,50.7474],[3.3635,50.7097],[3.3231,50.7235],[3.3033,50.7564],[3.2608,50.7523],[3.2197,50.7673],[3.1628,50.7499]],[[7.3842,47.4131],[7.3882,47.4333],[7.4206,47.4509],[7.4458,47.4389],[7.4551,47.4214],[7.4404,47.4146],[7.3842,47.4131]],[[4.2609,51.37],[4.2803,51.37],[4.2666,51.3881],[4.2811,51.3689],[4.2611,51.3694],[4.2609,51.37]],[[7.446,47.4869],[7.4674,47.4819],[7.4858,47.4988],[7.529,47.4939],[7.5339,47.4608],[7.4542,47.452],[7.446,47.4869]]],[[[4.8789,53.2209],[4.9102,53.2125],[4.9575,53.2456],[4.9716,53.2538],[5.1105,53.3079],[5.1098,53.3079],[5.1103,53.3081],[5.11,53.3081],[5.1105,53.3083],[5.1006,53.3085],[5.1048,53.3096],[5.0545,53.3138],[5.0428,53.3097],[5.0277,53.31],[5.0273,53.31],[4.9972,53.2937],[4.9865,53.29],[4.9212,53.2537],[4.917,53.2504],[4.9084,53.2458],[4.9087,53.2455],[4.9084,53.2454],[4.9095,53.2446],[4.8789,53.2209]]],[[[5.1789,53.3854],[5.1799,53.3531],[5.2083,53.3527],[5.3469,53.3892],[5.427,53.4064],[5.4817,53.4127],[5.4797,53.4172],[5.5821,53.4381],[5.5815,53.4382],[5.5819,53.4383],[5.5815,53.4384],[5.5821,53.4385],[5.5701,53.441],[5.5853,53.4536],[5.437,53.4365],[5.4284,53.4326],[5.4161,53.4315],[5.1893,53.3916],[5.1898,53.3914],[5.1895,53.3914],[5.1898,53.3913],[5.1893,53.3912],[5.1958,53.3891],[5.1789,53.3854]]],[[[6.6437,53.5787],[6.6441,53.5787],[6.6739,53.5799],[6.6771,53.5756],[6.7346,53.5752],[6.7293,53.582],[6.7341,53.5822],[6.7576,53.5971],[6.7981,53.6044],[6.7879,53.6163],[6.8025,53.6256],[6.802,53.6256],[6.8023,53.6258],[6.8022,53.6258],[6.8025,53.626],[6.7553,53.626],[6.6689,53.6051],[6.6641,53.6001],[6.6595,53.5991],[6.6611,53.597],[6.6437,53.5791],[6.6441,53.5791],[6.6437,53.5787]]],[[[11.0057,54.4685],[11.0325,54.4473],[11.0581,54.4553],[11.0739,54.4539],[11.1064,54.4314],[11.1126,54.4152],[11.179,54.4142],[11.1805,54.4161],[11.2802,54.4172],[11.3142,54.4138],[11.2556,54.4787],[11.2448,54.4866],[11.2341,54.5009],[11.2213,54.5038],[11.2066,54.5145],[11.1213,54.536],[11.0907,54.533],[11.0865,54.5339],[11.0864,54.5338],[11.0861,54.5339],[11.0815,54.5321],[11.0729,54.5312],[11.0571,54.5222],[11.0429,54.5165],[11.0405,54.5128],[11.0337,54.5089],[11.0057,54.4685]]]]}},
{"type":"Feature","properties":{"entityId":"east-francia","from":952,"to":959,"certainty":"estimated","source":"유럽 쪽은 Natural Earth 1:10m admin-1(v5.1.2) 현대 행정구역 조각을 그 시기 국경에 맞춰 묶고, 조각이 역사 경계와 다른 곳은 선을 그어 나눈 근사. 유럽 밖(시베리아·중앙아시아·극동)은 대략적인 추정. 운영자 검수 필요"},"geometry":{"type":"MultiPolygon","coordinates":[[[[3.1628,50.7499],[3.1969,50.7092],[3.2244,50.7052],[3.2438,50.6721],[3.2298,50.6554],[3.2643,50.5702],[3.271,50.5269],[3.2999,50.5075],[3.3436,50.4929],[3.3854,50.4916],[3.4292,50.5018],[3.4629,50.5191],[3.4915,50.5171],[3.4991,50.4868],[3.5637,50.4865],[3.6083,50.4765],[3.6444,50.4455],[3.6529,50.3602],[3.6617,50.3193],[3.6969,50.2982],[3.7415,50.3431],[3.7987,50.3485],[3.8402,50.3452],[3.8959,50.3253],[3.9821,50.3426],[4.0227,50.3381],[4.0979,50.2948],[4.1253,50.2571],[4.1437,50.2516],[4.1628,50.273],[4.2037,50.252],[4.1573,50.2127],[4.1258,50.1282],[4.1806,50.1272],[4.21,50.0602],[4.1373,50.0251],[4.1317,49.975],[4.1877,49.9555],[4.2159,49.9544],[4.2776,49.9602],[4.4277,49.9336],[4.4648,49.9356],[4.6042,49.9802],[4.6567,49.9891],[4.6729,50.0164],[4.6819,50.0839],[4.7886,50.1534],[4.8156,50.1613],[4.8201,50.1464],[4.8719,50.1398],[4.8629,50.0841],[4.846,50.0907],[4.8272,50.0641],[4.8267,50.036],[4.7883,49.9743],[4.7973,49.9443],[4.8446,49.9317],[4.8594,49.8917],[4.8369,49.848],[4.8492,49.8316],[4.849,49.7942],[4.8842,49.7841],[4.9684,49.797],[5.0263,49.7667],[5.0819,49.7527],[5.1364,49.7053],[5.1925,49.6828],[5.2592,49.6913],[5.2994,49.6625],[5.2979,49.6133],[5.3349,49.6258],[5.3912,49.6088],[5.3899,49.5933],[5.3021,49.5495],[5.2731,49.544],[5.2629,49.5588],[5.25,49.5597],[5.1841,49.5641],[5.1395,49.585],[5.1008,49.5635],[5.0947,49.5208],[5.0713,49.5005],[5.0959,49.466],[5.1139,49.4218],[5.0919,49.3787],[5.0421,49.3321],[5.0495,49.2798],[4.9787,49.2357],[4.98,49.2098],[4.9554,49.1652],[4.9789,49.1201],[4.987,49.0476],[4.9978,49.0309],[5.0338,49.0125],[5.0202,48.9913],[5.0174,48.9472],[4.9888,48.9245],[4.9452,48.9157],[4.9216,48.8785],[4.9302,48.8322],[4.9069,48.8048],[4.9172,48.7877],[4.9828,48.75],[4.9921,48.6929],[5.0046,48.6554],[5.0359,48.6181],[5.117,48.5812],[5.187,48.5419],[5.2686,48.5108],[5.3448,48.5004],[5.3563,48.4814],[5.4552,48.4192],[5.4242,48.3881],[5.4322,48.3373],[5.5085,48.3507],[5.534,48.3339],[5.5844,48.2838],[5.6379,48.2808],[5.6615,48.2386],[5.713,48.2114],[5.7203,48.196],[5.6975,48.1805],[5.6885,48.1477],[5.6593,48.1008],[5.7322,48.0467],[5.788,48.0225],[5.799,48.0012],[5.7981,47.9642],[5.8128,47.9572],[5.8492,47.9676],[5.8918,47.9326],[5.9261,47.9481],[5.9551,47.9797],[5.9709,47.9409],[6.0344,47.9726],[6.071,48.0044],[6.0994,48.0087],[6.1469,48.0016],[6.1827,47.9768],[6.1819,47.9582],[6.2438,47.9322],[6.2828,47.9348],[6.3224,47.9505],[6.3734,47.953],[6.412,47.9423],[6.4987,47.9047],[6.5526,47.9012],[6.5765,47.908],[6.6138,47.9413],[6.6372,47.9351],[6.6965,47.8899],[6.7407,47.8761],[6.836,47.8242],[6.7848,47.78],[6.7651,47.7529],[6.7608,47.7138],[6.7865,47.655],[6.7897,47.6042],[6.8109,47.5764],[6.8071,47.5629],[6.8248,47.5476],[6.8938,47.5518],[6.9234,47.5211],[6.9144,47.487],[6.9392,47.4268],[6.991,47.4522],[6.9733,47.4891],[7.0008,47.4977],[7.0539,47.4904],[7.1037,47.4963],[7.1422,47.4877],[7.1808,47.4883],[7.1626,47.4599],[7.1683,47.4436],[7.2448,47.4177],[7.2826,47.4289],[7.3369,47.4319],[7.3842,47.4131],[7.4112,47.3983],[7.4197,47.3827],[7.4371,47.3793],[7.4527,47.3958],[7.5068,47.3886],[7.5422,47.4108],[7.5774,47.4155],[7.5748,47.4283],[7.6029,47.4312],[7.6266,47.4618],[7.6081,47.4728],[7.6145,47.4841],[7.6497,47.4834],[7.6643,47.4916],[7.7134,47.4673],[7.6904,47.4482],[7.6839,47.4216],[7.6379,47.4065],[7.6396,47.3849],[7.6538,47.3681],[7.7138,47.3662],[7.7521,47.3477],[7.7861,47.3385],[7.8053,47.3636],[7.8705,47.3847],[7.882,47.4024],[7.9289,47.4078],[7.9537,47.4223],[7.9449,47.4406],[7.9549,47.4577],[7.9791,47.4487],[7.9813,47.4312],[8.0057,47.4043],[8.028,47.3981],[8.0291,47.3792],[7.9969,47.3345],[7.9816,47.3283],[7.9019,47.3383],[7.8575,47.3107],[7.8229,47.269],[7.8393,47.2318],[7.8751,47.1767],[7.8871,47.1283],[7.8741,47.1014],[7.8733,47.0481],[7.8975,47.0115],[7.9525,47.0027],[7.93,46.9482],[7.916,46.934],[7.8757,46.9244],[7.8609,46.8779],[7.8705,46.8503],[7.9522,46.8024],[7.9771,46.7789],[8.0437,46.7883],[8.0946,46.7843],[8.1581,46.759],[8.1987,46.7676],[8.2703,46.759],[8.2909,46.7617],[8.3244,46.7777],[8.3682,46.7895],[8.3916,46.7751],[8.4462,46.7692],[8.4376,46.7414],[8.4447,46.6911],[8.4017,46.6887],[8.4094,46.6557],[8.4217,46.6459],[8.4076,46.5932],[8.4374,46.5466],[8.4769,46.5318],[8.5098,46.5509],[8.5238,46.5785],[8.5487,46.585],[8.6363,46.5712],[8.6779,46.5836],[8.7112,46.573],[8.7884,46.5681],[8.8473,46.5752],[8.8981,46.5893],[8.9148,46.6204],[8.956,46.6306],[8.9648,46.6148],[9.0221,46.6049],[9.0385,46.5907],[9.0152,46.5335],[9.0486,46.4809],[9.0773,46.4823],[9.0978,46.4161],[9.0891,46.3637],[9.057,46.299],[9.0875,46.2206],[9.1638,46.173],[9.1813,46.2041],[9.2248,46.2312],[9.2397,46.267],[9.269,46.3094],[9.2738,46.3443],[9.2604,46.3797],[9.2609,46.4167],[9.238,46.4365],[9.2632,46.4851],[9.2823,46.4974],[9.331,46.5015],[9.3771,46.4687],[9.4107,46.4889],[9.4379,46.492],[9.4438,46.3961],[9.4516,46.3704],[9.4826,46.3568],[9.5153,46.3086],[9.5597,46.2927],[9.6743,46.2918],[9.7084,46.3117],[9.7093,46.3424],[9.7309,46.3507],[9.7681,46.3386],[9.8554,46.367],[9.899,46.3722],[9.964,46.3561],[9.9776,46.2981],[10.0317,46.2601],[10.0427,46.2205],[10.0757,46.22],[10.1458,46.2433],[10.1589,46.2624],[10.1049,46.3094],[10.0918,46.329],[10.105,46.3614],[10.1332,46.3811],[10.1334,46.414],[10.0421,46.4327],[10.0263,46.4463],[10.044,46.467],[10.0269,46.4932],[10.0328,46.533],[10.0712,46.5644],[10.0878,46.6044],[10.1921,46.6268],[10.2338,46.618],[10.2347,46.5753],[10.2759,46.5655],[10.2954,46.5511],[10.3543,46.5483],[10.4259,46.5353],[10.4518,46.5467],[10.4939,46.4945],[10.5413,46.4895],[10.6247,46.4545],[10.6387,46.4111],[10.6189,46.3754],[10.5634,46.3674],[10.5279,46.3426],[10.5777,46.3127],[10.5902,46.2334],[10.5673,46.1935],[10.5586,46.118],[10.5152,46.082],[10.4908,46.0269],[10.4686,46.0118],[10.4591,45.985],[10.4956,45.9693],[10.5195,45.9167],[10.5072,45.8775],[10.5229,45.8413],[10.559,45.8244],[10.5562,45.8072],[10.5792,45.7947],[10.621,45.8088],[10.6653,45.8115],[10.6874,45.8453],[10.7286,45.8488],[10.7674,45.8416],[10.8124,45.845],[10.8449,45.8341],[10.8846,45.8169],[10.9002,45.7841],[10.8787,45.7614],[10.8703,45.7221],[10.9027,45.7083],[10.9318,45.6819],[10.9791,45.6918],[11.0067,45.7129],[11.0636,45.7126],[11.1307,45.6996],[11.1849,45.7547],[11.1825,45.7784],[11.2005,45.8109],[11.2581,45.8839],[11.2787,45.919],[11.3147,45.9394],[11.359,45.9229],[11.383,45.9448],[11.3926,45.9811],[11.4406,45.9876],[11.4861,46.0099],[11.541,46.016],[11.5788,46.0062],[11.5993,45.9794],[11.6538,45.9754],[11.6848,45.9843],[11.6845,46.0303],[11.7047,46.0534],[11.699,46.0871],[11.7121,46.1011],[11.7998,46.1057],[11.8965,46.1327],[11.9694,46.1963],[11.9204,46.2228],[11.9274,46.2506],[11.8876,46.2727],[11.8535,46.2737],[11.8499,46.3045],[11.8039,46.3453],[11.8029,46.3662],[11.8504,46.3845],[11.8667,46.4324],[11.8957,46.4548],[11.8808,46.4714],[11.8342,46.4838],[11.8322,46.504],[11.8519,46.5142],[12.022,46.5394],[12.0712,46.6131],[12.0803,46.6499],[12.0991,46.6678],[12.1386,46.6443],[12.1779,46.6348],[12.214,46.5961],[12.2531,46.6109],[12.3024,46.6146],[12.3407,46.6282],[12.3825,46.6181],[12.3992,46.6397],[12.4696,46.6758],[12.4999,46.6721],[12.562,46.6512],[12.6202,46.6565],[12.6714,46.6525],[12.6974,46.6405],[12.7485,46.641],[12.7614,46.5726],[12.7571,46.5345],[12.6914,46.5273],[12.6464,46.5018],[12.6671,46.4806],[12.6655,46.4579],[12.5931,46.4637],[12.5512,46.4574],[12.5202,46.4423],[12.5001,46.4042],[12.4653,46.3564],[12.4366,46.3321],[12.3704,46.3063],[12.3359,46.2695],[12.3828,46.2299],[12.4148,46.2267],[12.4565,46.2064],[12.4607,46.1814],[12.4914,46.1614],[12.502,46.111],[12.4415,46.0799],[12.4224,46.0431],[12.4447,45.9662],[12.4941,45.9337],[12.5223,45.9242],[12.5679,45.8389],[12.6031,45.8262],[12.6342,45.8331],[12.6728,45.8021],[12.699,45.8036],[12.7314,45.8272],[12.765,45.8363],[12.792,45.8562],[12.8267,45.8244],[12.8632,45.8465],[12.8946,45.8258],[12.9518,45.8207],[12.9729,45.8426],[12.9993,45.8255],[13.0019,45.782],[13.0258,45.7595],[13.0745,45.6742],[13.0956,45.6523],[13.103,45.669],[13.1497,45.7038],[13.1188,45.696],[13.1205,45.6972],[13.1488,45.7354],[13.2505,45.7168],[13.2958,45.7085],[13.341,45.7003],[13.3862,45.692],[13.4011,45.6893],[13.3767,45.6832],[13.4017,45.6754],[13.428,45.6811],[13.432,45.6836],[13.5261,45.6664],[13.6201,45.6492],[13.772,45.6214],[13.7599,45.6135],[13.757,45.6137],[13.7302,45.6131],[13.7118,45.5932],[13.7196,45.5872],[13.6474,45.5418],[13.6109,45.538],[13.5896,45.5358],[13.5686,45.5393],[13.5728,45.53],[13.5786,45.5234],[13.5857,45.5197],[13.5773,45.5171],[13.5479,45.5005],[13.5071,45.5119],[13.5046,45.4839],[13.5208,45.4573],[13.5134,45.4362],[13.5549,45.3611],[13.5413,45.3461],[13.5618,45.3264],[13.5703,45.3253],[13.5766,45.3069],[13.5755,45.3065],[13.5774,45.3046],[13.5915,45.264],[13.5882,45.2596],[13.5942,45.2208],[13.5823,45.1966],[13.5994,45.1713],[13.6006,45.1373],[13.6197,45.1387],[13.6238,45.1232],[13.6126,45.1179],[13.6369,45.0936],[13.6232,45.0731],[13.6813,45.0464],[13.7328,44.9949],[13.7493,44.9825],[13.8073,44.9079],[13.8049,44.8854],[13.8237,44.8868],[13.8339,44.8736],[13.8338,44.8734],[13.7993,44.8646],[13.8491,44.8472],[13.8491,44.8266],[13.897,44.8131],[13.9032,44.7724],[13.918,44.7783],[13.8911,44.8314],[13.9013,44.8292],[13.9017,44.8292],[13.9039,44.8294],[13.9363,44.8199],[13.9517,44.8024],[13.9519,44.8026],[13.9521,44.8024],[13.9597,44.813],[13.9639,44.8118],[14,44.8131],[13.9727,44.8266],[13.9727,44.8314],[14.0288,44.9105],[14.0421,44.9265],[14.0828,44.9839],[14.0689,44.9495],[14.1133,44.9775],[14.1399,44.9713],[14.1637,44.9958],[14.1662,45.0189],[14.1551,45.0678],[14.1745,45.0896],[14.1931,45.1056],[14.1916,45.1088],[14.2077,45.1268],[14.2092,45.1264],[14.2347,45.1546],[14.2026,45.1716],[14.1946,45.275],[14.2105,45.3278],[14.1995,45.3756],[14.2036,45.4039],[14.1389,45.4343],[14.1173,45.473],[14.1455,45.4762],[14.2187,45.4972],[14.2804,45.4811],[14.3268,45.4749],[14.3728,45.4778],[14.4112,45.4932],[14.4689,45.5256],[14.4821,45.5424],[14.4915,45.5792],[14.4986,45.5962],[14.5436,45.6364],[14.5561,45.6567],[14.5691,45.6643],[14.5809,45.6678],[14.5919,45.6634],[14.5941,45.648],[14.5939,45.6162],[14.6031,45.6036],[14.616,45.5941],[14.6503,45.5748],[14.6637,45.5702],[14.6717,45.5568],[14.6685,45.534],[14.6883,45.522],[14.7815,45.4931],[14.7972,45.4652],[14.8388,45.459],[14.8816,45.4698],[14.9008,45.4931],[14.9044,45.5144],[14.9226,45.5149],[14.9454,45.5045],[14.9626,45.4931],[14.9773,45.4917],[15.0074,45.4808],[15.0562,45.4799],[15.0661,45.4739],[15.1393,45.43],[15.1842,45.4256],[15.2258,45.4365],[15.2816,45.451],[15.314,45.4505],[15.3339,45.4585],[15.3614,45.482],[15.311,45.5059],[15.2967,45.523],[15.2822,45.5715],[15.2696,45.5934],[15.2686,45.6017],[15.2879,45.6103],[15.2974,45.6257],[15.3267,45.6323],[15.3531,45.6403],[15.3738,45.6402],[15.3683,45.649],[15.35,45.6696],[15.3308,45.6846],[15.315,45.6809],[15.3049,45.6721],[15.2919,45.6756],[15.2778,45.685],[15.2678,45.6985],[15.2582,45.7051],[15.2509,45.7077],[15.2499,45.7137],[15.2635,45.7304],[15.3038,45.7461],[15.331,45.7525],[15.4298,45.7757],[15.4411,45.7822],[15.4356,45.8021],[15.4513,45.8151],[15.4854,45.8102],[15.5235,45.8268],[15.5497,45.8237],[15.5873,45.8192],[15.6261,45.8202],[15.6661,45.8317],[15.6761,45.8417],[15.6755,45.856],[15.6594,45.8888],[15.6756,45.9252],[15.6754,45.9725],[15.6742,45.9932],[15.682,46.0135],[15.698,46.0362],[15.6929,46.0416],[15.6839,46.0511],[15.6717,46.0574],[15.6437,46.0655],[15.6315,46.0706],[15.6236,46.0764],[15.6235,46.0764],[15.6038,46.091],[15.5899,46.1135],[15.59,46.1387],[15.6043,46.167],[15.6229,46.1917],[15.6266,46.1952],[15.6398,46.2077],[15.6613,46.2153],[15.678,46.2145],[15.7498,46.2108],[15.7689,46.2194],[15.7891,46.2431],[15.7995,46.2486],[15.8031,46.2505],[15.8183,46.2555],[15.8342,46.2584],[15.8793,46.2593],[15.8809,46.2593],[15.8837,46.2594],[15.9189,46.2728],[15.9487,46.2842],[15.9937,46.2906],[16.0192,46.2988],[16.0389,46.3084],[16.0499,46.3167],[16.0524,46.3186],[16.0596,46.3323],[16.0597,46.3453],[16.0574,46.3597],[16.058,46.3775],[16.0887,46.3731],[16.106,46.3737],[16.1316,46.3931],[16.1536,46.3914],[16.1775,46.3756],[16.1918,46.3698],[16.2171,46.3674],[16.2528,46.3734],[16.2756,46.3732],[16.2799,46.3787],[16.2741,46.3921],[16.257,46.3999],[16.2482,46.4133],[16.2494,46.4375],[16.2375,46.4651],[16.2342,46.4849],[16.2349,46.4933],[16.2609,46.5136],[16.2639,46.5159],[16.2954,46.5244],[16.3015,46.5271],[16.3107,46.531],[16.33,46.5355],[16.3403,46.5438],[16.3441,46.547],[16.3517,46.5395],[16.3579,46.547],[16.3695,46.5406],[16.4063,46.5395],[16.4152,46.5356],[16.432,46.5232],[16.4404,46.519],[16.4708,46.5203],[16.4911,46.5151],[16.5153,46.5017],[16.5008,46.5448],[16.4671,46.5647],[16.4302,46.6044],[16.3946,46.619],[16.3764,46.6291],[16.3722,46.6363],[16.3684,46.643],[16.3776,46.6529],[16.3967,46.6591],[16.4026,46.6631],[16.4105,46.6684],[16.405,46.6873],[16.39,46.6942],[16.3714,46.6949],[16.3662,46.6965],[16.3654,46.6967],[16.3576,46.699],[16.3573,46.7158],[16.3434,46.7142],[16.3142,46.7433],[16.2982,46.7758],[16.2995,46.7795],[16.3022,46.787],[16.3111,46.7975],[16.3149,46.802],[16.3218,46.8133],[16.3275,46.8255],[16.3298,46.8344],[16.3253,46.8394],[16.3107,46.84],[16.3019,46.8432],[16.2974,46.847],[16.2822,46.8599],[16.272,46.864],[16.1795,46.8585],[16.1354,46.8558],[16.1302,46.8567],[16.094,46.8628],[16.0529,46.8461],[16.032,46.8376],[16.0284,46.8369],[16.0037,46.8707],[16.0115,46.9133],[16.0545,46.9442],[16.1363,47.0249],[16.1347,47.0402],[16.0895,47.0829],[16.0844,47.1069],[16.095,47.1651],[16.0675,47.2376],[16.0584,47.2911],[16.02,47.3724],[16.0475,47.4106],[16.0717,47.3949],[16.1479,47.443],[16.1135,47.4634],[16.0804,47.5165],[16.0472,47.5062],[15.9983,47.5238],[15.9167,47.5332],[15.8923,47.572],[15.8661,47.5854],[15.8279,47.5889],[15.8287,47.6321],[15.7969,47.6454],[15.7432,47.6367],[15.7261,47.6902],[15.7143,47.7019],[15.6718,47.7042],[15.6386,47.7174],[15.6062,47.7435],[15.5387,47.7474],[15.5001,47.7663],[15.4175,47.7935],[15.3754,47.8196],[15.3391,47.8254],[15.2779,47.8152],[15.2297,47.8193],[15.1871,47.7804],[15.0561,47.7508],[15.0147,47.7524],[14.9296,47.7269],[14.8834,47.7247],[14.8382,47.7505],[14.7341,47.7502],[14.6993,47.7689],[14.7162,47.7935],[14.7189,47.8289],[14.7507,47.9019],[14.6905,47.9372],[14.6066,47.9612],[14.4454,48.043],[14.4272,48.0574],[14.4454,48.0685],[14.4799,48.1179],[14.4694,48.1558],[14.4849,48.2184],[14.52,48.2448],[14.5823,48.2402],[14.6376,48.1971],[14.6755,48.1825],[14.8187,48.2056],[14.862,48.237],[14.9296,48.244],[14.968,48.2252],[14.9754,48.3336],[14.9638,48.3831],[14.94,48.4018],[14.9344,48.434],[14.9098,48.44],[14.8823,48.4712],[14.8871,48.5005],[14.9136,48.4999],[14.9064,48.5271],[14.8393,48.542],[14.7745,48.5625],[14.7116,48.572],[14.6911,48.5865],[14.6592,48.577],[14.6347,48.6023],[14.6019,48.6045],[14.5788,48.6205],[14.522,48.6106],[14.4821,48.6245],[14.4582,48.6432],[14.4436,48.6365],[14.4054,48.5863],[14.3157,48.5579],[14.2165,48.5812],[14.0748,48.5917],[14.0408,48.6012],[14.0062,48.6395],[14.0329,48.6549],[13.9823,48.7065],[13.915,48.731],[13.8559,48.7593],[13.8157,48.7664],[13.7962,48.7798],[13.7247,48.8673],[13.6544,48.8822],[13.6218,48.9091],[13.6087,48.9462],[13.5905,48.9448],[13.5224,48.9693],[13.5021,48.9661],[13.4823,48.9376],[13.4273,48.96],[13.3842,48.993],[13.3724,49.0385],[13.2995,49.0936],[13.2673,49.1056],[13.2068,49.1075],[13.1785,49.1183],[13.1495,49.1548],[13.0558,49.2382],[13.0113,49.2678],[12.9998,49.2949],[12.9229,49.3327],[12.8847,49.3396],[12.8754,49.3239],[12.7978,49.3278],[12.7621,49.3432],[12.7293,49.3911],[12.6435,49.4295],[12.6272,49.4602],[12.623,49.5098],[12.5937,49.515],[12.5623,49.5508],[12.5536,49.5847],[12.502,49.6197],[12.4964,49.67],[12.4196,49.7002],[12.3836,49.7429],[12.3954,49.7579],[12.4527,49.7797],[12.4625,49.8312],[12.4825,49.8272],[12.5129,49.8702],[12.5241,49.905],[12.4627,49.9313],[12.4682,49.9702],[12.2469,50.045],[12.2325,50.0805],[12.1879,50.1028],[12.1792,50.118],[12.1827,50.1707],[12.1393,50.211],[12.0796,50.2427],[12.1091,50.2638],[12.1073,50.2909],[12.0761,50.3152],[12.1013,50.314],[12.1685,50.303],[12.178,50.2688],[12.243,50.253],[12.2325,50.2325],[12.2585,50.2109],[12.2834,50.1622],[12.3144,50.1673],[12.3056,50.1993],[12.3365,50.2586],[12.3672,50.2791],[12.3982,50.3152],[12.469,50.3456],[12.4751,50.3694],[12.5102,50.3888],[12.5505,50.3964],[12.6254,50.3999],[12.6788,50.3937],[12.7542,50.4353],[12.8258,50.4414],[12.9184,50.4054],[12.9606,50.4092],[12.9966,50.4337],[13.0096,50.4927],[13.0698,50.4911],[13.1074,50.499],[13.1601,50.497],[13.1991,50.5253],[13.2323,50.582],[13.2846,50.569],[13.3056,50.5758],[13.3219,50.6024],[13.381,50.6255],[13.407,50.6013],[13.4479,50.5973],[13.4982,50.6292],[13.4933,50.6432],[13.5233,50.6622],[13.5156,50.691],[13.5566,50.7067],[13.6019,50.7122],[13.6918,50.7118],[13.7491,50.7232],[13.8345,50.7237],[13.8822,50.7427],[13.8925,50.7804],[13.9233,50.78],[13.9596,50.8021],[14.0349,50.8026],[14.1908,50.8479],[14.2321,50.8794],[14.2681,50.8841],[14.3465,50.8802],[14.3759,50.896],[14.3819,50.9209],[14.3183,50.9375],[14.2928,50.9535],[14.3038,50.9697],[14.2383,50.9825],[14.2636,51.0214],[14.2875,51.0368],[14.31,51.0353],[14.3,51.04],[14.15,51.1],[14,51.18],[13.9,51.3],[13.8928,51.3578],[13.7665,51.348],[13.6144,51.3553],[13.5217,51.3669],[13.55,51.3634],[13.55,51.75],[13.75,51.95],[13.95,52.08],[14.3,52.1],[14.6,52.02],[14.6973,51.9616],[14.6991,51.9925],[14.7261,52.0264],[14.7354,52.054],[14.7614,52.0767],[14.6964,52.1067],[14.6864,52.121],[14.707,52.1795],[14.6926,52.1996],[14.7121,52.2154],[14.6969,52.2535],[14.6066,52.2758],[14.5842,52.2912],[14.5901,52.3094],[14.5454,52.3822],[14.5398,52.4219],[14.5916,52.4498],[14.6323,52.4967],[14.6091,52.5178],[14.6448,52.5769],[14.608,52.5965],[14.5499,52.6362],[14.4901,52.6506],[14.4319,52.6861],[14.3822,52.7382],[14.276,52.7857],[14.216,52.818],[14.1528,52.8283],[14.1239,52.8507],[14.1608,52.8767],[14.1627,52.9082],[14.1445,52.9599],[14.2537,53.0009],[14.3433,53.0486],[14.3895,53.1317],[14.3779,53.1765],[14.3977,53.211],[14.4416,53.2518],[14.4094,53.2724],[14.3913,53.334],[14.3235,53.3089],[14.2955,53.2871],[14.2691,53.2794],[14.2628,53.2654],[14.2488,53.2591],[14.1829,53.263],[14.1451,53.2687],[14.1032,53.2725],[14.1041,53.292],[14.1882,53.326],[14.224,53.3602],[14.2395,53.382],[14.2442,53.4007],[14.2426,53.4271],[14.2193,53.4303],[14.1773,53.4287],[14.1415,53.4396],[14.1166,53.4365],[14.0964,53.4194],[14.0715,53.4225],[14.0501,53.4276],[13.9906,53.4303],[13.9206,53.4271],[13.9051,53.4411],[13.8998,53.4547],[13.8708,53.4863],[13.8693,53.508],[13.8226,53.5189],[13.7977,53.5423],[13.7806,53.5438],[13.7788,53.5252],[13.8039,53.4971],[13.8086,53.4847],[13.7791,53.4769],[13.7448,53.4785],[13.709,53.4754],[13.6484,53.4443],[13.6297,53.424],[13.6071,53.4114],[13.5716,53.4105],[13.553,53.4046],[13.5389,53.3967],[13.5314,53.3854],[13.5259,53.3666],[13.5072,53.3424],[13.4935,53.3193],[13.469,53.3023],[13.4584,53.3002],[13.4058,53.2747],[13.3882,53.2709],[13.3699,53.2738],[13.3295,53.2867],[13.3085,53.2893],[13.2823,53.2878],[13.2662,53.2829],[13.2494,53.2712],[13.2365,53.2531],[13.2305,53.2332],[13.2024,53.2332],[13.1901,53.2365],[13.1681,53.2566],[13.154,53.2593],[13.113,53.2408],[13.1019,53.2229],[13.0764,53.2092],[13.0471,53.198],[13.0263,53.183],[13.001,53.1677],[12.9754,53.165],[12.9515,53.1711],[12.944,53.1776],[12.9592,53.189],[12.9492,53.1955],[12.9329,53.1909],[12.906,53.1908],[12.8823,53.1863],[12.8517,53.1877],[12.8374,53.195],[12.8095,53.1987],[12.7655,53.1929],[12.7534,53.1937],[12.7435,53.1987],[12.7397,53.2246],[12.731,53.228],[12.7062,53.2287],[12.6643,53.2357],[12.6373,53.2523],[12.6182,53.2563],[12.5122,53.2727],[12.4815,53.2679],[12.4458,53.2664],[12.427,53.2704],[12.4152,53.281],[12.3867,53.2907],[12.3693,53.3021],[12.3392,53.3163],[12.2965,53.3313],[12.2337,53.3408],[12.2264,53.3429],[12.2036,53.3664],[12.1869,53.369],[12.1593,53.3576],[12.1441,53.3553],[12.1284,53.3657],[12.1185,53.3669],[12.0954,53.3637],[12.0637,53.3561],[12.0492,53.34],[12.0228,53.3291],[12.0212,53.3151],[12.0119,53.2996],[11.9963,53.298],[11.9792,53.2902],[11.959,53.2778],[11.9401,53.2827],[11.9232,53.2799],[11.8843,53.2685],[11.861,53.2514],[11.8336,53.2555],[11.816,53.2501],[11.8361,53.2405],[11.8392,53.2265],[11.7863,53.228],[11.7645,53.2234],[11.7443,53.2156],[11.7319,53.2327],[11.7002,53.2484],[11.6884,53.2509],[11.6541,53.2497],[11.5996,53.2373],[11.5799,53.2296],[11.5357,53.205],[11.5295,53.1952],[11.5321,53.1877],[11.5452,53.177],[11.5509,53.1532],[11.5552,53.1461],[11.5483,53.13],[11.5281,53.1207],[11.5016,53.1191],[11.4472,53.1378],[11.4145,53.1378],[11.399,53.1331],[11.3943,53.1082],[11.3756,53.1098],[11.3523,53.116],[11.3196,53.116],[11.2963,53.1191],[11.2741,53.1175],[11.2558,53.1362],[11.2397,53.142],[11.2247,53.153],[11.2014,53.1405],[11.1943,53.1409],[11.1645,53.1709],[11.1434,53.1727],[11.1093,53.1558],[11.0894,53.1442],[11.0681,53.1555],[11.0401,53.1664],[10.9302,53.2285],[10.8393,53.2601],[10.8073,53.2756],[10.7868,53.2934],[10.7751,53.3002],[10.7558,53.3029],[10.7394,53.3085],[10.7346,53.3217],[10.7316,53.352],[10.7097,53.3683],[10.6755,53.3737],[10.6012,53.3718],[10.6222,53.391],[10.6272,53.4015],[10.6272,53.4137],[10.6354,53.4452],[10.6408,53.451],[10.6611,53.4582],[10.6863,53.4568],[10.6945,53.4601],[10.7017,53.4755],[10.7082,53.4794],[10.7257,53.4811],[10.7602,53.4882],[10.8049,53.5094],[10.8204,53.5148],[10.8239,53.5313],[10.8324,53.5441],[10.8297,53.5701],[10.8414,53.5719],[10.8578,53.5682],[10.9036,53.5723],[10.9115,53.5714],[10.929,53.5485],[10.9381,53.5525],[10.9544,53.5661],[10.9423,53.5697],[10.953,53.5737],[10.9527,53.5844],[10.9406,53.6114],[10.9398,53.6287],[10.956,53.6391],[10.955,53.6555],[10.9465,53.6649],[10.9456,53.6771],[10.9381,53.6847],[10.9146,53.6968],[10.8789,53.702],[10.8655,53.6999],[10.8466,53.7085],[10.8059,53.7412],[10.7781,53.7458],[10.7609,53.7467],[10.7584,53.7519],[10.7674,53.7746],[10.771,53.7933],[10.7615,53.8225],[10.753,53.8341],[10.7519,53.84],[10.7513,53.8431],[10.7633,53.8651],[10.7726,53.8699],[10.8123,53.8827],[10.8613,53.9098],[10.8852,53.9191],[10.9073,53.9155],[10.9067,53.9053],[10.9129,53.9021],[10.9453,53.9052],[10.95,53.9076],[10.9605,53.9129],[10.95,53.9149],[10.9203,53.9205],[10.9042,53.9313],[10.906,53.9612],[10.9222,53.9614],[10.9222,54.0474],[10.9401,54.0474],[10.9427,54.1336],[10.9505,54.1395],[11.0666,54.1839],[11.0945,54.2251],[11.0871,54.2709],[11.0945,54.2835],[11.0774,54.3422],[11.1355,54.3859],[11.1042,54.3929],[11.0339,54.3676],[11.0188,54.3859],[10.9353,54.3795],[10.913,54.3726],[10.3193,54.5096],[10.3,54.5],[10.15,54.42],[10,54.38],[9.85,54.35],[9.67,54.3],[9.5,54.28],[9.3,54.3],[9.1,54.37],[8.9,54.3],[8.6361,54.2868],[8.6417,54.2826],[8.7715,54.0675],[8.7999,54.0204],[8.7835,54.0084],[8.7613,53.9923],[8.7235,53.9648],[8.7032,53.95],[8.6857,53.9372],[8.6101,53.8822],[8.6071,53.8815],[8.5733,53.8577],[8.5715,53.8542],[8.5,53.8021],[8.4434,53.7609],[8.3152,53.6676],[8.1614,53.5557],[8.1498,53.5602],[8.1244,53.5836],[8.1276,53.5908],[8.1074,53.5992],[8.0253,53.6747],[8.0314,53.7081],[7.9599,53.7204],[7.9365,53.748],[7.9361,53.748],[7.4711,53.7178],[7.2267,53.702],[7.1009,53.6938],[6.9823,53.5647],[6.954,53.5339],[6.9256,53.503],[6.9212,53.4982],[6.9065,53.4822],[6.8601,53.4838],[6.7379,53.4881],[6.4935,53.4965],[6.463,53.4976],[6.4324,53.4987],[6.4018,53.4997],[6.3713,53.5008],[6.3408,53.5018],[6.3245,53.5024],[6.3189,53.5072],[6.3345,53.511],[6.3337,53.5111],[6.3343,53.5112],[6.3338,53.5112],[6.3345,53.5114],[6.3118,53.5132],[6.3108,53.5141],[6.305,53.5138],[6.2913,53.5149],[6.2909,53.5149],[6.2752,53.5122],[6.2118,53.5089],[6.2017,53.5067],[6.1269,53.5092],[6.0753,53.511],[6.0749,53.511],[6.0046,53.4895],[5.9333,53.4678],[5.9138,53.4739],[5.8856,53.4732],[5.8773,53.4749],[5.8769,53.4749],[5.7077,53.4732],[5.6537,53.4663],[5.6541,53.4659],[5.6537,53.4659],[5.6545,53.4652],[5.6419,53.4634],[5.6361,53.4487],[5.679,53.4301],[5.7363,53.4435],[5.7854,53.4474],[5.8556,53.4474],[5.876,53.4502],[5.5158,53.3402],[5.2714,53.2655],[5.1492,53.2282],[5.0881,53.2095],[5.0576,53.2002],[5.027,53.1908],[4.9883,53.179],[4.9495,53.1672],[4.8974,53.1512],[4.8872,53.1644],[4.8872,53.1833],[4.8868,53.1831],[4.8868,53.1833],[4.8858,53.1827],[4.8858,53.1867],[4.8543,53.1877],[4.8057,53.133],[4.7597,53.1091],[4.7167,53.096],[4.7068,53.093],[4.4064,52.5894],[4.3168,52.4391],[4.2944,52.4015],[4.2719,52.3639],[4.2271,52.2887],[4.0493,51.9907],[4.0225,51.9944],[4.01,51.9801],[4.0257,51.951],[3.9638,51.8472],[3.9627,51.8474],[3.8623,51.8161],[3.8716,51.7883],[3.9339,51.7971],[3.9173,51.7693],[3.9016,51.743],[3.8101,51.7473],[3.7928,51.7457],[3.7892,51.7459],[3.7888,51.7459],[3.7825,51.7448],[3.7258,51.7397],[3.7054,51.7314],[3.6988,51.7303],[3.6988,51.7288],[3.6895,51.725],[3.6867,51.6927],[3.7206,51.6768],[3.7654,51.6784],[3.7758,51.6858],[3.8159,51.693],[3.8244,51.69],[3.8596,51.6726],[3.8284,51.6204],[3.8118,51.6115],[3.5604,51.5946],[3.5469,51.5894],[3.5008,51.5775],[3.4838,51.5652],[3.4575,51.5551],[3.447,51.546],[3.4619,51.519],[3.4948,51.5009],[3.5321,51.4626],[3.4881,51.4392],[3.4608,51.4246],[3.6,51.42],[3.75,51.385],[3.85,51.37],[4,51.4],[4.15,51.37],[4.2126,51.37],[4.1904,51.375],[4.1904,51.3816],[4.237,51.3816],[4.237,51.3503],[4.2441,51.3421],[4.2837,51.3421],[4.2854,51.318],[4.2875,51.317],[4.2875,51.3068],[4.303,51.2961],[4.2987,51.2696],[4.2886,51.2579],[4.333,51.1697],[4.316,51.1322],[4.2158,51.1215],[4.182,51.0999],[4.1964,51.0545],[4.2123,51.0341],[4.2403,51.0381],[4.2171,50.9901],[4.1617,50.9906],[4.1465,50.9706],[4.1602,50.9299],[4.137,50.9196],[4.0913,50.9318],[4.1001,50.9125],[4.0736,50.9],[4.0871,50.8814],[4.0404,50.8384],[4.0749,50.8207],[4.0604,50.7926],[3.9822,50.7669],[3.9563,50.7798],[3.9312,50.7576],[3.9506,50.7341],[3.895,50.7342],[3.8844,50.7514],[3.828,50.7435],[3.7746,50.749],[3.7578,50.7803],[3.7145,50.7686],[3.704,50.7821],[3.6753,50.7719],[3.6347,50.7219],[3.6066,50.7342],[3.5405,50.7349],[3.534,50.7664],[3.4941,50.7589],[3.4576,50.7685],[3.4128,50.7474],[3.3635,50.7097],[3.3231,50.7235],[3.3033,50.7564],[3.2608,50.7523],[3.2197,50.7673],[3.1628,50.7499]],[[7.3842,47.4131],[7.3882,47.4333],[7.4206,47.4509],[7.4458,47.4389],[7.4551,47.4214],[7.4404,47.4146],[7.3842,47.4131]],[[4.2609,51.37],[4.2803,51.37],[4.2666,51.3881],[4.2811,51.3689],[4.2611,51.3694],[4.2609,51.37]],[[7.446,47.4869],[7.4674,47.4819],[7.4858,47.4988],[7.529,47.4939],[7.5339,47.4608],[7.4542,47.452],[7.446,47.4869]]],[[[4.8789,53.2209],[4.9102,53.2125],[4.9575,53.2456],[4.9716,53.2538],[5.1105,53.3079],[5.1098,53.3079],[5.1103,53.3081],[5.11,53.3081],[5.1105,53.3083],[5.1006,53.3085],[5.1048,53.3096],[5.0545,53.3138],[5.0428,53.3097],[5.0277,53.31],[5.0273,53.31],[4.9972,53.2937],[4.9865,53.29],[4.9212,53.2537],[4.917,53.2504],[4.9084,53.2458],[4.9087,53.2455],[4.9084,53.2454],[4.9095,53.2446],[4.8789,53.2209]]],[[[5.1789,53.3854],[5.1799,53.3531],[5.2083,53.3527],[5.3469,53.3892],[5.427,53.4064],[5.4817,53.4127],[5.4797,53.4172],[5.5821,53.4381],[5.5815,53.4382],[5.5819,53.4383],[5.5815,53.4384],[5.5821,53.4385],[5.5701,53.441],[5.5853,53.4536],[5.437,53.4365],[5.4284,53.4326],[5.4161,53.4315],[5.1893,53.3916],[5.1898,53.3914],[5.1895,53.3914],[5.1898,53.3913],[5.1893,53.3912],[5.1958,53.3891],[5.1789,53.3854]]],[[[6.6437,53.5787],[6.6441,53.5787],[6.6739,53.5799],[6.6771,53.5756],[6.7346,53.5752],[6.7293,53.582],[6.7341,53.5822],[6.7576,53.5971],[6.7981,53.6044],[6.7879,53.6163],[6.8025,53.6256],[6.802,53.6256],[6.8023,53.6258],[6.8022,53.6258],[6.8025,53.626],[6.7553,53.626],[6.6689,53.6051],[6.6641,53.6001],[6.6595,53.5991],[6.6611,53.597],[6.6437,53.5791],[6.6441,53.5791],[6.6437,53.5787]]],[[[11.0057,54.4685],[11.0325,54.4473],[11.0581,54.4553],[11.0739,54.4539],[11.1064,54.4314],[11.1126,54.4152],[11.179,54.4142],[11.1805,54.4161],[11.2802,54.4172],[11.3142,54.4138],[11.2556,54.4787],[11.2448,54.4866],[11.2341,54.5009],[11.2213,54.5038],[11.2066,54.5145],[11.1213,54.536],[11.0907,54.533],[11.0865,54.5339],[11.0864,54.5338],[11.0861,54.5339],[11.0815,54.5321],[11.0729,54.5312],[11.0571,54.5222],[11.0429,54.5165],[11.0405,54.5128],[11.0337,54.5089],[11.0057,54.4685]]]]}},
{"type":"Feature","properties":{"entityId":"east-francia","from":959,"to":962,"certainty":"estimated","source":"유럽 쪽은 Natural Earth 1:10m admin-1(v5.1.2) 현대 행정구역 조각을 그 시기 국경에 맞춰 묶고, 조각이 역사 경계와 다른 곳은 선을 그어 나눈 근사. 유럽 밖(시베리아·중앙아시아·극동)은 대략적인 추정. 운영자 검수 필요"},"geometry":{"type":"MultiPolygon","coordinates":[[[[3.1628,50.7499],[3.1969,50.7092],[3.2244,50.7052],[3.2438,50.6721],[3.2298,50.6554],[3.2643,50.5702],[3.271,50.5269],[3.2999,50.5075],[3.3436,50.4929],[3.3854,50.4916],[3.4292,50.5018],[3.4629,50.5191],[3.4915,50.5171],[3.4991,50.4868],[3.5637,50.4865],[3.6083,50.4765],[3.6444,50.4455],[3.6529,50.3602],[3.6617,50.3193],[3.6969,50.2982],[3.7415,50.3431],[3.7987,50.3485],[3.8402,50.3452],[3.8959,50.3253],[3.9821,50.3426],[4.0227,50.3381],[4.0979,50.2948],[4.1253,50.2571],[4.1437,50.2516],[4.1628,50.273],[4.2037,50.252],[4.1573,50.2127],[4.1258,50.1282],[4.1806,50.1272],[4.21,50.0602],[4.1373,50.0251],[4.1317,49.975],[4.1877,49.9555],[4.2159,49.9544],[4.2776,49.9602],[4.4277,49.9336],[4.4648,49.9356],[4.6042,49.9802],[4.6567,49.9891],[4.6729,50.0164],[4.6819,50.0839],[4.7886,50.1534],[4.8156,50.1613],[4.8201,50.1464],[4.8719,50.1398],[4.8629,50.0841],[4.846,50.0907],[4.8272,50.0641],[4.8267,50.036],[4.7883,49.9743],[4.7973,49.9443],[4.8446,49.9317],[4.8594,49.8917],[4.8369,49.848],[4.8492,49.8316],[4.849,49.7942],[4.8842,49.7841],[4.9684,49.797],[5.0263,49.7667],[5.0819,49.7527],[5.1364,49.7053],[5.1925,49.6828],[5.2592,49.6913],[5.2994,49.6625],[5.2979,49.6133],[5.3349,49.6258],[5.3912,49.6088],[5.3899,49.5933],[5.3021,49.5495],[5.2731,49.544],[5.2629,49.5588],[5.25,49.5597],[5.25,49.45],[5.55,49.45],[5.55,49.523],[5.5476,49.5234],[5.6023,49.5137],[5.6446,49.5438],[5.7103,49.5311],[5.7571,49.5484],[5.7907,49.5378],[5.8221,49.5105],[5.8647,49.4922],[5.9281,49.4823],[5.9607,49.4413],[6,49.4441],[6,49.22],[5.95,49.22],[5.95,48.95],[6.45,48.95],[6.45,49.22],[6.4,49.22],[6.4,49.465],[6.3453,49.4553],[6.4027,49.4655],[6.4945,49.4355],[6.5257,49.3955],[6.5743,49.3618],[6.5501,49.338],[6.5732,49.3131],[6.6397,49.2712],[6.6638,49.2439],[6.6806,49.2075],[6.7025,49.2136],[6.701,49.1729],[6.7256,49.1556],[6.7701,49.1553],[6.8091,49.1458],[6.839,49.1628],[6.8277,49.1956],[6.8435,49.2111],[6.9254,49.2056],[6.9879,49.1824],[7.0095,49.1817],[7.009,49.1464],[7.0205,49.119],[7.0425,49.1076],[7.0732,49.1203],[7.0853,49.1415],[7.155,49.1144],[7.2412,49.1139],[7.2681,49.1056],[7.2971,49.1281],[7.3265,49.1318],[7.3716,49.1662],[7.4105,49.1689],[7.4148,49.1578],[7.4761,49.1515],[7.471,49.1283],[7.5209,49.0837],[7.6086,49.062],[7.6449,49.0363],[7.5729,48.9437],[7.5452,48.938],[7.4806,48.959],[7.3417,48.9434],[7.3018,48.9547],[7.2914,48.9733],[7.1558,49.0056],[7.1327,49.0209],[7.1235,49.0499],[7.0973,49.0657],[7.0787,49.0602],[7.0773,49.0295],[7.047,49.0002],[7.0373,48.9719],[6.9808,48.9301],[6.9862,48.8987],[7.0152,48.8823],[7.0967,48.8525],[7.0749,48.8245],[7.1032,48.7925],[7.1293,48.7931],[7.1467,48.8127],[7.1754,48.8203],[7.2044,48.8542],[7.2163,48.8298],[7.2476,48.8184],[7.3041,48.7755],[7.3133,48.7408],[7.2649,48.6849],[7.3004,48.6556],[7.2705,48.5842],[7.2137,48.5532],[7.193,48.5335],[7.0981,48.5292],[7.0887,48.5234],[7.1489,48.4999],[7.1277,48.4841],[7.1268,48.4473],[7.1099,48.3423],[7.1442,48.3321],[7.1885,48.331],[7.2087,48.3034],[7.0749,48.1525],[7.0869,48.1254],[7.0085,48.0103],[6.9598,47.9675],[6.9344,47.9027],[6.917,47.883],[6.9239,47.8432],[6.8689,47.819],[6.836,47.8242],[6.7848,47.78],[6.7651,47.7529],[6.7608,47.7138],[6.7865,47.655],[6.7897,47.6042],[6.8109,47.5764],[6.8071,47.5629],[6.8248,47.5476],[6.8938,47.5518],[6.9234,47.5211],[6.9144,47.487],[6.9392,47.4268],[6.991,47.4522],[6.9733,47.4891],[7.0008,47.4977],[7.0539,47.4904],[7.1037,47.4963],[7.1422,47.4877],[7.1808,47.4883],[7.1626,47.4599],[7.1683,47.4436],[7.2448,47.4177],[7.2826,47.4289],[7.3369,47.4319],[7.3842,47.4131],[7.4112,47.3983],[7.4197,47.3827],[7.4371,47.3793],[7.4527,47.3958],[7.5068,47.3886],[7.5422,47.4108],[7.5774,47.4155],[7.5748,47.4283],[7.6029,47.4312],[7.6266,47.4618],[7.6081,47.4728],[7.6145,47.4841],[7.6497,47.4834],[7.6643,47.4916],[7.7134,47.4673],[7.6904,47.4482],[7.6839,47.4216],[7.6379,47.4065],[7.6396,47.3849],[7.6538,47.3681],[7.7138,47.3662],[7.7521,47.3477],[7.7861,47.3385],[7.8053,47.3636],[7.8705,47.3847],[7.882,47.4024],[7.9289,47.4078],[7.9537,47.4223],[7.9449,47.4406],[7.9549,47.4577],[7.9791,47.4487],[7.9813,47.4312],[8.0057,47.4043],[8.028,47.3981],[8.0291,47.3792],[7.9969,47.3345],[7.9816,47.3283],[7.9019,47.3383],[7.8575,47.3107],[7.8229,47.269],[7.8393,47.2318],[7.8751,47.1767],[7.8871,47.1283],[7.8741,47.1014],[7.8733,47.0481],[7.8975,47.0115],[7.9525,47.0027],[7.93,46.9482],[7.916,46.934],[7.8757,46.9244],[7.8609,46.8779],[7.8705,46.8503],[7.9522,46.8024],[7.9771,46.7789],[8.0437,46.7883],[8.0946,46.7843],[8.1581,46.759],[8.1987,46.7676],[8.2703,46.759],[8.2909,46.7617],[8.3244,46.7777],[8.3682,46.7895],[8.3916,46.7751],[8.4462,46.7692],[8.4376,46.7414],[8.4447,46.6911],[8.4017,46.6887],[8.4094,46.6557],[8.4217,46.6459],[8.4076,46.5932],[8.4374,46.5466],[8.4769,46.5318],[8.5098,46.5509],[8.5238,46.5785],[8.5487,46.585],[8.6363,46.5712],[8.6779,46.5836],[8.7112,46.573],[8.7884,46.5681],[8.8473,46.5752],[8.8981,46.5893],[8.9148,46.6204],[8.956,46.6306],[8.9648,46.6148],[9.0221,46.6049],[9.0385,46.5907],[9.0152,46.5335],[9.0486,46.4809],[9.0773,46.4823],[9.0978,46.4161],[9.0891,46.3637],[9.057,46.299],[9.0875,46.2206],[9.1638,46.173],[9.1813,46.2041],[9.2248,46.2312],[9.2397,46.267],[9.269,46.3094],[9.2738,46.3443],[9.2604,46.3797],[9.2609,46.4167],[9.238,46.4365],[9.2632,46.4851],[9.2823,46.4974],[9.331,46.5015],[9.3771,46.4687],[9.4107,46.4889],[9.4379,46.492],[9.4438,46.3961],[9.4516,46.3704],[9.4826,46.3568],[9.5153,46.3086],[9.5597,46.2927],[9.6743,46.2918],[9.7084,46.3117],[9.7093,46.3424],[9.7309,46.3507],[9.7681,46.3386],[9.8554,46.367],[9.899,46.3722],[9.964,46.3561],[9.9776,46.2981],[10.0317,46.2601],[10.0427,46.2205],[10.0757,46.22],[10.1458,46.2433],[10.1589,46.2624],[10.1049,46.3094],[10.0918,46.329],[10.105,46.3614],[10.1332,46.3811],[10.1334,46.414],[10.0421,46.4327],[10.0263,46.4463],[10.044,46.467],[10.0269,46.4932],[10.0328,46.533],[10.0712,46.5644],[10.0878,46.6044],[10.1921,46.6268],[10.2338,46.618],[10.2347,46.5753],[10.2759,46.5655],[10.2954,46.5511],[10.3543,46.5483],[10.4259,46.5353],[10.4518,46.5467],[10.4939,46.4945],[10.5413,46.4895],[10.6247,46.4545],[10.6387,46.4111],[10.6189,46.3754],[10.5634,46.3674],[10.5279,46.3426],[10.5777,46.3127],[10.5902,46.2334],[10.5673,46.1935],[10.5586,46.118],[10.5152,46.082],[10.4908,46.0269],[10.4686,46.0118],[10.4591,45.985],[10.4956,45.9693],[10.5195,45.9167],[10.5072,45.8775],[10.5229,45.8413],[10.559,45.8244],[10.5562,45.8072],[10.5792,45.7947],[10.621,45.8088],[10.6653,45.8115],[10.6874,45.8453],[10.7286,45.8488],[10.7674,45.8416],[10.8124,45.845],[10.8449,45.8341],[10.8846,45.8169],[10.9002,45.7841],[10.8787,45.7614],[10.8703,45.7221],[10.9027,45.7083],[10.9318,45.6819],[10.9791,45.6918],[11.0067,45.7129],[11.0636,45.7126],[11.1307,45.6996],[11.1849,45.7547],[11.1825,45.7784],[11.2005,45.8109],[11.2581,45.8839],[11.2787,45.919],[11.3147,45.9394],[11.359,45.9229],[11.383,45.9448],[11.3926,45.9811],[11.4406,45.9876],[11.4861,46.0099],[11.541,46.016],[11.5788,46.0062],[11.5993,45.9794],[11.6538,45.9754],[11.6848,45.9843],[11.6845,46.0303],[11.7047,46.0534],[11.699,46.0871],[11.7121,46.1011],[11.7998,46.1057],[11.8965,46.1327],[11.9694,46.1963],[11.9204,46.2228],[11.9274,46.2506],[11.8876,46.2727],[11.8535,46.2737],[11.8499,46.3045],[11.8039,46.3453],[11.8029,46.3662],[11.8504,46.3845],[11.8667,46.4324],[11.8957,46.4548],[11.8808,46.4714],[11.8342,46.4838],[11.8322,46.504],[11.8519,46.5142],[12.022,46.5394],[12.0712,46.6131],[12.0803,46.6499],[12.0991,46.6678],[12.1386,46.6443],[12.1779,46.6348],[12.214,46.5961],[12.2531,46.6109],[12.3024,46.6146],[12.3407,46.6282],[12.3825,46.6181],[12.3992,46.6397],[12.4696,46.6758],[12.4999,46.6721],[12.562,46.6512],[12.6202,46.6565],[12.6714,46.6525],[12.6974,46.6405],[12.7485,46.641],[12.7614,46.5726],[12.7571,46.5345],[12.6914,46.5273],[12.6464,46.5018],[12.6671,46.4806],[12.6655,46.4579],[12.5931,46.4637],[12.5512,46.4574],[12.5202,46.4423],[12.5001,46.4042],[12.4653,46.3564],[12.4366,46.3321],[12.3704,46.3063],[12.3359,46.2695],[12.3828,46.2299],[12.4148,46.2267],[12.4565,46.2064],[12.4607,46.1814],[12.4914,46.1614],[12.502,46.111],[12.4415,46.0799],[12.4224,46.0431],[12.4447,45.9662],[12.4941,45.9337],[12.5223,45.9242],[12.5679,45.8389],[12.6031,45.8262],[12.6342,45.8331],[12.6728,45.8021],[12.699,45.8036],[12.7314,45.8272],[12.765,45.8363],[12.792,45.8562],[12.8267,45.8244],[12.8632,45.8465],[12.8946,45.8258],[12.9518,45.8207],[12.9729,45.8426],[12.9993,45.8255],[13.0019,45.782],[13.0258,45.7595],[13.0745,45.6742],[13.0956,45.6523],[13.103,45.669],[13.1497,45.7038],[13.1188,45.696],[13.1205,45.6972],[13.1488,45.7354],[13.2505,45.7168],[13.2958,45.7085],[13.341,45.7003],[13.3862,45.692],[13.4011,45.6893],[13.3767,45.6832],[13.4017,45.6754],[13.428,45.6811],[13.432,45.6836],[13.5261,45.6664],[13.6201,45.6492],[13.772,45.6214],[13.7599,45.6135],[13.757,45.6137],[13.7302,45.6131],[13.7118,45.5932],[13.7196,45.5872],[13.6474,45.5418],[13.6109,45.538],[13.5896,45.5358],[13.5686,45.5393],[13.5728,45.53],[13.5786,45.5234],[13.5857,45.5197],[13.5773,45.5171],[13.5479,45.5005],[13.5071,45.5119],[13.5046,45.4839],[13.5208,45.4573],[13.5134,45.4362],[13.5549,45.3611],[13.5413,45.3461],[13.5618,45.3264],[13.5703,45.3253],[13.5766,45.3069],[13.5755,45.3065],[13.5774,45.3046],[13.5915,45.264],[13.5882,45.2596],[13.5942,45.2208],[13.5823,45.1966],[13.5994,45.1713],[13.6006,45.1373],[13.6197,45.1387],[13.6238,45.1232],[13.6126,45.1179],[13.6369,45.0936],[13.6232,45.0731],[13.6813,45.0464],[13.7328,44.9949],[13.7493,44.9825],[13.8073,44.9079],[13.8049,44.8854],[13.8237,44.8868],[13.8339,44.8736],[13.8338,44.8734],[13.7993,44.8646],[13.8491,44.8472],[13.8491,44.8266],[13.897,44.8131],[13.9032,44.7724],[13.918,44.7783],[13.8911,44.8314],[13.9013,44.8292],[13.9017,44.8292],[13.9039,44.8294],[13.9363,44.8199],[13.9517,44.8024],[13.9519,44.8026],[13.9521,44.8024],[13.9597,44.813],[13.9639,44.8118],[14,44.8131],[13.9727,44.8266],[13.9727,44.8314],[14.0288,44.9105],[14.0421,44.9265],[14.0828,44.9839],[14.0689,44.9495],[14.1133,44.9775],[14.1399,44.9713],[14.1637,44.9958],[14.1662,45.0189],[14.1551,45.0678],[14.1745,45.0896],[14.1931,45.1056],[14.1916,45.1088],[14.2077,45.1268],[14.2092,45.1264],[14.2347,45.1546],[14.2026,45.1716],[14.1946,45.275],[14.2105,45.3278],[14.1995,45.3756],[14.2036,45.4039],[14.1389,45.4343],[14.1173,45.473],[14.1455,45.4762],[14.2187,45.4972],[14.2804,45.4811],[14.3268,45.4749],[14.3728,45.4778],[14.4112,45.4932],[14.4689,45.5256],[14.4821,45.5424],[14.4915,45.5792],[14.4986,45.5962],[14.5436,45.6364],[14.5561,45.6567],[14.5691,45.6643],[14.5809,45.6678],[14.5919,45.6634],[14.5941,45.648],[14.5939,45.6162],[14.6031,45.6036],[14.616,45.5941],[14.6503,45.5748],[14.6637,45.5702],[14.6717,45.5568],[14.6685,45.534],[14.6883,45.522],[14.7815,45.4931],[14.7972,45.4652],[14.8388,45.459],[14.8816,45.4698],[14.9008,45.4931],[14.9044,45.5144],[14.9226,45.5149],[14.9454,45.5045],[14.9626,45.4931],[14.9773,45.4917],[15.0074,45.4808],[15.0562,45.4799],[15.0661,45.4739],[15.1393,45.43],[15.1842,45.4256],[15.2258,45.4365],[15.2816,45.451],[15.314,45.4505],[15.3339,45.4585],[15.3614,45.482],[15.311,45.5059],[15.2967,45.523],[15.2822,45.5715],[15.2696,45.5934],[15.2686,45.6017],[15.2879,45.6103],[15.2974,45.6257],[15.3267,45.6323],[15.3531,45.6403],[15.3738,45.6402],[15.3683,45.649],[15.35,45.6696],[15.3308,45.6846],[15.315,45.6809],[15.3049,45.6721],[15.2919,45.6756],[15.2778,45.685],[15.2678,45.6985],[15.2582,45.7051],[15.2509,45.7077],[15.2499,45.7137],[15.2635,45.7304],[15.3038,45.7461],[15.331,45.7525],[15.4298,45.7757],[15.4411,45.7822],[15.4356,45.8021],[15.4513,45.8151],[15.4854,45.8102],[15.5235,45.8268],[15.5497,45.8237],[15.5873,45.8192],[15.6261,45.8202],[15.6661,45.8317],[15.6761,45.8417],[15.6755,45.856],[15.6594,45.8888],[15.6756,45.9252],[15.6754,45.9725],[15.6742,45.9932],[15.682,46.0135],[15.698,46.0362],[15.6929,46.0416],[15.6839,46.0511],[15.6717,46.0574],[15.6437,46.0655],[15.6315,46.0706],[15.6236,46.0764],[15.6235,46.0764],[15.6038,46.091],[15.5899,46.1135],[15.59,46.1387],[15.6043,46.167],[15.6229,46.1917],[15.6266,46.1952],[15.6398,46.2077],[15.6613,46.2153],[15.678,46.2145],[15.7498,46.2108],[15.7689,46.2194],[15.7891,46.2431],[15.7995,46.2486],[15.8031,46.2505],[15.8183,46.2555],[15.8342,46.2584],[15.8793,46.2593],[15.8809,46.2593],[15.8837,46.2594],[15.9189,46.2728],[15.9487,46.2842],[15.9937,46.2906],[16.0192,46.2988],[16.0389,46.3084],[16.0499,46.3167],[16.0524,46.3186],[16.0596,46.3323],[16.0597,46.3453],[16.0574,46.3597],[16.058,46.3775],[16.0887,46.3731],[16.106,46.3737],[16.1316,46.3931],[16.1536,46.3914],[16.1775,46.3756],[16.1918,46.3698],[16.2171,46.3674],[16.2528,46.3734],[16.2756,46.3732],[16.2799,46.3787],[16.2741,46.3921],[16.257,46.3999],[16.2482,46.4133],[16.2494,46.4375],[16.2375,46.4651],[16.2342,46.4849],[16.2349,46.4933],[16.2609,46.5136],[16.2639,46.5159],[16.2954,46.5244],[16.3015,46.5271],[16.3107,46.531],[16.33,46.5355],[16.3403,46.5438],[16.3441,46.547],[16.3517,46.5395],[16.3579,46.547],[16.3695,46.5406],[16.4063,46.5395],[16.4152,46.5356],[16.432,46.5232],[16.4404,46.519],[16.4708,46.5203],[16.4911,46.5151],[16.5153,46.5017],[16.5008,46.5448],[16.4671,46.5647],[16.4302,46.6044],[16.3946,46.619],[16.3764,46.6291],[16.3722,46.6363],[16.3684,46.643],[16.3776,46.6529],[16.3967,46.6591],[16.4026,46.6631],[16.4105,46.6684],[16.405,46.6873],[16.39,46.6942],[16.3714,46.6949],[16.3662,46.6965],[16.3654,46.6967],[16.3576,46.699],[16.3573,46.7158],[16.3434,46.7142],[16.3142,46.7433],[16.2982,46.7758],[16.2995,46.7795],[16.3022,46.787],[16.3111,46.7975],[16.3149,46.802],[16.3218,46.8133],[16.3275,46.8255],[16.3298,46.8344],[16.3253,46.8394],[16.3107,46.84],[16.3019,46.8432],[16.2974,46.847],[16.2822,46.8599],[16.272,46.864],[16.1795,46.8585],[16.1354,46.8558],[16.1302,46.8567],[16.094,46.8628],[16.0529,46.8461],[16.032,46.8376],[16.0284,46.8369],[16.0037,46.8707],[16.0115,46.9133],[16.0545,46.9442],[16.1363,47.0249],[16.1347,47.0402],[16.0895,47.0829],[16.0844,47.1069],[16.095,47.1651],[16.0675,47.2376],[16.0584,47.2911],[16.02,47.3724],[16.0475,47.4106],[16.0717,47.3949],[16.1479,47.443],[16.1135,47.4634],[16.0804,47.5165],[16.0472,47.5062],[15.9983,47.5238],[15.9167,47.5332],[15.8923,47.572],[15.8661,47.5854],[15.8279,47.5889],[15.8287,47.6321],[15.7969,47.6454],[15.7432,47.6367],[15.7261,47.6902],[15.7143,47.7019],[15.6718,47.7042],[15.6386,47.7174],[15.6062,47.7435],[15.5387,47.7474],[15.5001,47.7663],[15.4175,47.7935],[15.3754,47.8196],[15.3391,47.8254],[15.2779,47.8152],[15.2297,47.8193],[15.1871,47.7804],[15.0561,47.7508],[15.0147,47.7524],[14.9296,47.7269],[14.8834,47.7247],[14.8382,47.7505],[14.7341,47.7502],[14.6993,47.7689],[14.7162,47.7935],[14.7189,47.8289],[14.7507,47.9019],[14.6905,47.9372],[14.6066,47.9612],[14.4454,48.043],[14.4272,48.0574],[14.4454,48.0685],[14.4799,48.1179],[14.4694,48.1558],[14.4849,48.2184],[14.52,48.2448],[14.5823,48.2402],[14.6376,48.1971],[14.6755,48.1825],[14.8187,48.2056],[14.862,48.237],[14.9296,48.244],[14.968,48.2252],[14.9754,48.3336],[14.9638,48.3831],[14.94,48.4018],[14.9344,48.434],[14.9098,48.44],[14.8823,48.4712],[14.8871,48.5005],[14.9136,48.4999],[14.9064,48.5271],[14.8393,48.542],[14.7745,48.5625],[14.7116,48.572],[14.6911,48.5865],[14.6592,48.577],[14.6347,48.6023],[14.6019,48.6045],[14.5788,48.6205],[14.522,48.6106],[14.4821,48.6245],[14.4582,48.6432],[14.4436,48.6365],[14.4054,48.5863],[14.3157,48.5579],[14.2165,48.5812],[14.0748,48.5917],[14.0408,48.6012],[14.0062,48.6395],[14.0329,48.6549],[13.9823,48.7065],[13.915,48.731],[13.8559,48.7593],[13.8157,48.7664],[13.7962,48.7798],[13.7247,48.8673],[13.6544,48.8822],[13.6218,48.9091],[13.6087,48.9462],[13.5905,48.9448],[13.5224,48.9693],[13.5021,48.9661],[13.4823,48.9376],[13.4273,48.96],[13.3842,48.993],[13.3724,49.0385],[13.2995,49.0936],[13.2673,49.1056],[13.2068,49.1075],[13.1785,49.1183],[13.1495,49.1548],[13.0558,49.2382],[13.0113,49.2678],[12.9998,49.2949],[12.9229,49.3327],[12.8847,49.3396],[12.8754,49.3239],[12.7978,49.3278],[12.7621,49.3432],[12.7293,49.3911],[12.6435,49.4295],[12.6272,49.4602],[12.623,49.5098],[12.5937,49.515],[12.5623,49.5508],[12.5536,49.5847],[12.502,49.6197],[12.4964,49.67],[12.4196,49.7002],[12.3836,49.7429],[12.3954,49.7579],[12.4527,49.7797],[12.4625,49.8312],[12.4825,49.8272],[12.5129,49.8702],[12.5241,49.905],[12.4627,49.9313],[12.4682,49.9702],[12.2469,50.045],[12.2325,50.0805],[12.1879,50.1028],[12.1792,50.118],[12.1827,50.1707],[12.1393,50.211],[12.0796,50.2427],[12.1091,50.2638],[12.1073,50.2909],[12.0761,50.3152],[12.1013,50.314],[12.1685,50.303],[12.178,50.2688],[12.243,50.253],[12.2325,50.2325],[12.2585,50.2109],[12.2834,50.1622],[12.3144,50.1673],[12.3056,50.1993],[12.3365,50.2586],[12.3672,50.2791],[12.3982,50.3152],[12.469,50.3456],[12.4751,50.3694],[12.5102,50.3888],[12.5505,50.3964],[12.6254,50.3999],[12.6788,50.3937],[12.7542,50.4353],[12.8258,50.4414],[12.9184,50.4054],[12.9606,50.4092],[12.9966,50.4337],[13.0096,50.4927],[13.0698,50.4911],[13.1074,50.499],[13.1601,50.497],[13.1991,50.5253],[13.2323,50.582],[13.2846,50.569],[13.3056,50.5758],[13.3219,50.6024],[13.381,50.6255],[13.407,50.6013],[13.4479,50.5973],[13.4982,50.6292],[13.4933,50.6432],[13.5233,50.6622],[13.5156,50.691],[13.5566,50.7067],[13.6019,50.7122],[13.6918,50.7118],[13.7491,50.7232],[13.8345,50.7237],[13.8822,50.7427],[13.8925,50.7804],[13.9233,50.78],[13.9596,50.8021],[14.0349,50.8026],[14.1908,50.8479],[14.2321,50.8794],[14.2681,50.8841],[14.3465,50.8802],[14.3759,50.896],[14.3819,50.9209],[14.3183,50.9375],[14.2928,50.9535],[14.3038,50.9697],[14.2383,50.9825],[14.2636,51.0214],[14.2875,51.0368],[14.31,51.0353],[14.3,51.04],[14.15,51.1],[14,51.18],[13.9,51.3],[13.8928,51.3578],[13.7665,51.348],[13.6144,51.3553],[13.5217,51.3669],[13.55,51.3634],[13.55,51.75],[13.75,51.95],[13.95,52.08],[14.3,52.1],[14.6,52.02],[14.6973,51.9616],[14.6991,51.9925],[14.7261,52.0264],[14.7354,52.054],[14.7614,52.0767],[14.6964,52.1067],[14.6864,52.121],[14.707,52.1795],[14.6926,52.1996],[14.7121,52.2154],[14.6969,52.2535],[14.6066,52.2758],[14.5842,52.2912],[14.5901,52.3094],[14.5454,52.3822],[14.5398,52.4219],[14.5916,52.4498],[14.6323,52.4967],[14.6091,52.5178],[14.6448,52.5769],[14.608,52.5965],[14.5499,52.6362],[14.4901,52.6506],[14.4319,52.6861],[14.3822,52.7382],[14.276,52.7857],[14.216,52.818],[14.1528,52.8283],[14.1239,52.8507],[14.1608,52.8767],[14.1627,52.9082],[14.1445,52.9599],[14.2537,53.0009],[14.3433,53.0486],[14.3895,53.1317],[14.3779,53.1765],[14.3977,53.211],[14.4416,53.2518],[14.4094,53.2724],[14.3913,53.334],[14.3235,53.3089],[14.2955,53.2871],[14.2691,53.2794],[14.2628,53.2654],[14.2488,53.2591],[14.1829,53.263],[14.1451,53.2687],[14.1032,53.2725],[14.1041,53.292],[14.1882,53.326],[14.224,53.3602],[14.2395,53.382],[14.2442,53.4007],[14.2426,53.4271],[14.2193,53.4303],[14.1773,53.4287],[14.1415,53.4396],[14.1166,53.4365],[14.0964,53.4194],[14.0715,53.4225],[14.0501,53.4276],[13.9906,53.4303],[13.9206,53.4271],[13.9051,53.4411],[13.8998,53.4547],[13.8708,53.4863],[13.8693,53.508],[13.8226,53.5189],[13.7977,53.5423],[13.7806,53.5438],[13.7788,53.5252],[13.8039,53.4971],[13.8086,53.4847],[13.7791,53.4769],[13.7448,53.4785],[13.709,53.4754],[13.6484,53.4443],[13.6297,53.424],[13.6071,53.4114],[13.5716,53.4105],[13.553,53.4046],[13.5389,53.3967],[13.5314,53.3854],[13.5259,53.3666],[13.5072,53.3424],[13.4935,53.3193],[13.469,53.3023],[13.4584,53.3002],[13.4058,53.2747],[13.3882,53.2709],[13.3699,53.2738],[13.3295,53.2867],[13.3085,53.2893],[13.2823,53.2878],[13.2662,53.2829],[13.2494,53.2712],[13.2365,53.2531],[13.2305,53.2332],[13.2024,53.2332],[13.1901,53.2365],[13.1681,53.2566],[13.154,53.2593],[13.113,53.2408],[13.1019,53.2229],[13.0764,53.2092],[13.0471,53.198],[13.0263,53.183],[13.001,53.1677],[12.9754,53.165],[12.9515,53.1711],[12.944,53.1776],[12.9592,53.189],[12.9492,53.1955],[12.9329,53.1909],[12.906,53.1908],[12.8823,53.1863],[12.8517,53.1877],[12.8374,53.195],[12.8095,53.1987],[12.7655,53.1929],[12.7534,53.1937],[12.7435,53.1987],[12.7397,53.2246],[12.731,53.228],[12.7062,53.2287],[12.6643,53.2357],[12.6373,53.2523],[12.6182,53.2563],[12.5122,53.2727],[12.4815,53.2679],[12.4458,53.2664],[12.427,53.2704],[12.4152,53.281],[12.3867,53.2907],[12.3693,53.3021],[12.3392,53.3163],[12.2965,53.3313],[12.2337,53.3408],[12.2264,53.3429],[12.2036,53.3664],[12.1869,53.369],[12.1593,53.3576],[12.1441,53.3553],[12.1284,53.3657],[12.1185,53.3669],[12.0954,53.3637],[12.0637,53.3561],[12.0492,53.34],[12.0228,53.3291],[12.0212,53.3151],[12.0119,53.2996],[11.9963,53.298],[11.9792,53.2902],[11.959,53.2778],[11.9401,53.2827],[11.9232,53.2799],[11.8843,53.2685],[11.861,53.2514],[11.8336,53.2555],[11.816,53.2501],[11.8361,53.2405],[11.8392,53.2265],[11.7863,53.228],[11.7645,53.2234],[11.7443,53.2156],[11.7319,53.2327],[11.7002,53.2484],[11.6884,53.2509],[11.6541,53.2497],[11.5996,53.2373],[11.5799,53.2296],[11.5357,53.205],[11.5295,53.1952],[11.5321,53.1877],[11.5452,53.177],[11.5509,53.1532],[11.5552,53.1461],[11.5483,53.13],[11.5281,53.1207],[11.5016,53.1191],[11.4472,53.1378],[11.4145,53.1378],[11.399,53.1331],[11.3943,53.1082],[11.3756,53.1098],[11.3523,53.116],[11.3196,53.116],[11.2963,53.1191],[11.2741,53.1175],[11.2558,53.1362],[11.2397,53.142],[11.2247,53.153],[11.2014,53.1405],[11.1943,53.1409],[11.1645,53.1709],[11.1434,53.1727],[11.1093,53.1558],[11.0894,53.1442],[11.0681,53.1555],[11.0401,53.1664],[10.9302,53.2285],[10.8393,53.2601],[10.8073,53.2756],[10.7868,53.2934],[10.7751,53.3002],[10.7558,53.3029],[10.7394,53.3085],[10.7346,53.3217],[10.7316,53.352],[10.7097,53.3683],[10.6755,53.3737],[10.6012,53.3718],[10.6222,53.391],[10.6272,53.4015],[10.6272,53.4137],[10.6354,53.4452],[10.6408,53.451],[10.6611,53.4582],[10.6863,53.4568],[10.6945,53.4601],[10.7017,53.4755],[10.7082,53.4794],[10.7257,53.4811],[10.7602,53.4882],[10.8049,53.5094],[10.8204,53.5148],[10.8239,53.5313],[10.8324,53.5441],[10.8297,53.5701],[10.8414,53.5719],[10.8578,53.5682],[10.9036,53.5723],[10.9115,53.5714],[10.929,53.5485],[10.9381,53.5525],[10.9544,53.5661],[10.9423,53.5697],[10.953,53.5737],[10.9527,53.5844],[10.9406,53.6114],[10.9398,53.6287],[10.956,53.6391],[10.955,53.6555],[10.9465,53.6649],[10.9456,53.6771],[10.9381,53.6847],[10.9146,53.6968],[10.8789,53.702],[10.8655,53.6999],[10.8466,53.7085],[10.8059,53.7412],[10.7781,53.7458],[10.7609,53.7467],[10.7584,53.7519],[10.7674,53.7746],[10.771,53.7933],[10.7615,53.8225],[10.753,53.8341],[10.7519,53.84],[10.7513,53.8431],[10.7633,53.8651],[10.7726,53.8699],[10.8123,53.8827],[10.8613,53.9098],[10.8852,53.9191],[10.9073,53.9155],[10.9067,53.9053],[10.9129,53.9021],[10.9453,53.9052],[10.95,53.9076],[10.9605,53.9129],[10.95,53.9149],[10.9203,53.9205],[10.9042,53.9313],[10.906,53.9612],[10.9222,53.9614],[10.9222,54.0474],[10.9401,54.0474],[10.9427,54.1336],[10.9505,54.1395],[11.0666,54.1839],[11.0945,54.2251],[11.0871,54.2709],[11.0945,54.2835],[11.0774,54.3422],[11.1355,54.3859],[11.1042,54.3929],[11.0339,54.3676],[11.0188,54.3859],[10.9353,54.3795],[10.913,54.3726],[10.3193,54.5096],[10.3,54.5],[10.15,54.42],[10,54.38],[9.85,54.35],[9.67,54.3],[9.5,54.28],[9.3,54.3],[9.1,54.37],[8.9,54.3],[8.6361,54.2868],[8.6417,54.2826],[8.7715,54.0675],[8.7999,54.0204],[8.7835,54.0084],[8.7613,53.9923],[8.7235,53.9648],[8.7032,53.95],[8.6857,53.9372],[8.6101,53.8822],[8.6071,53.8815],[8.5733,53.8577],[8.5715,53.8542],[8.5,53.8021],[8.4434,53.7609],[8.3152,53.6676],[8.1614,53.5557],[8.1498,53.5602],[8.1244,53.5836],[8.1276,53.5908],[8.1074,53.5992],[8.0253,53.6747],[8.0314,53.7081],[7.9599,53.7204],[7.9365,53.748],[7.9361,53.748],[7.4711,53.7178],[7.2267,53.702],[7.1009,53.6938],[6.9823,53.5647],[6.954,53.5339],[6.9256,53.503],[6.9212,53.4982],[6.9065,53.4822],[6.8601,53.4838],[6.7379,53.4881],[6.4935,53.4965],[6.463,53.4976],[6.4324,53.4987],[6.4018,53.4997],[6.3713,53.5008],[6.3408,53.5018],[6.3245,53.5024],[6.3189,53.5072],[6.3345,53.511],[6.3337,53.5111],[6.3343,53.5112],[6.3338,53.5112],[6.3345,53.5114],[6.3118,53.5132],[6.3108,53.5141],[6.305,53.5138],[6.2913,53.5149],[6.2909,53.5149],[6.2752,53.5122],[6.2118,53.5089],[6.2017,53.5067],[6.1269,53.5092],[6.0753,53.511],[6.0749,53.511],[6.0046,53.4895],[5.9333,53.4678],[5.9138,53.4739],[5.8856,53.4732],[5.8773,53.4749],[5.8769,53.4749],[5.7077,53.4732],[5.6537,53.4663],[5.6541,53.4659],[5.6537,53.4659],[5.6545,53.4652],[5.6419,53.4634],[5.6361,53.4487],[5.679,53.4301],[5.7363,53.4435],[5.7854,53.4474],[5.8556,53.4474],[5.876,53.4502],[5.5158,53.3402],[5.2714,53.2655],[5.1492,53.2282],[5.0881,53.2095],[5.0576,53.2002],[5.027,53.1908],[4.9883,53.179],[4.9495,53.1672],[4.8974,53.1512],[4.8872,53.1644],[4.8872,53.1833],[4.8868,53.1831],[4.8868,53.1833],[4.8858,53.1827],[4.8858,53.1867],[4.8543,53.1877],[4.8057,53.133],[4.7597,53.1091],[4.7167,53.096],[4.7068,53.093],[4.4064,52.5894],[4.3168,52.4391],[4.2944,52.4015],[4.2719,52.3639],[4.2271,52.2887],[4.0493,51.9907],[4.0225,51.9944],[4.01,51.9801],[4.0257,51.951],[3.9638,51.8472],[3.9627,51.8474],[3.8623,51.8161],[3.8716,51.7883],[3.9339,51.7971],[3.9173,51.7693],[3.9016,51.743],[3.8101,51.7473],[3.7928,51.7457],[3.7892,51.7459],[3.7888,51.7459],[3.7825,51.7448],[3.7258,51.7397],[3.7054,51.7314],[3.6988,51.7303],[3.6988,51.7288],[3.6895,51.725],[3.6867,51.6927],[3.7206,51.6768],[3.7654,51.6784],[3.7758,51.6858],[3.8159,51.693],[3.8244,51.69],[3.8596,51.6726],[3.8284,51.6204],[3.8118,51.6115],[3.5604,51.5946],[3.5469,51.5894],[3.5008,51.5775],[3.4838,51.5652],[3.4575,51.5551],[3.447,51.546],[3.4619,51.519],[3.4948,51.5009],[3.5321,51.4626],[3.4881,51.4392],[3.4608,51.4246],[3.6,51.42],[3.75,51.385],[3.85,51.37],[4,51.4],[4.15,51.37],[4.2126,51.37],[4.1904,51.375],[4.1904,51.3816],[4.237,51.3816],[4.237,51.3503],[4.2441,51.3421],[4.2837,51.3421],[4.2854,51.318],[4.2875,51.317],[4.2875,51.3068],[4.303,51.2961],[4.2987,51.2696],[4.2886,51.2579],[4.333,51.1697],[4.316,51.1322],[4.2158,51.1215],[4.182,51.0999],[4.1964,51.0545],[4.2123,51.0341],[4.2403,51.0381],[4.2171,50.9901],[4.1617,50.9906],[4.1465,50.9706],[4.1602,50.9299],[4.137,50.9196],[4.0913,50.9318],[4.1001,50.9125],[4.0736,50.9],[4.0871,50.8814],[4.0404,50.8384],[4.0749,50.8207],[4.0604,50.7926],[3.9822,50.7669],[3.9563,50.7798],[3.9312,50.7576],[3.9506,50.7341],[3.895,50.7342],[3.8844,50.7514],[3.828,50.7435],[3.7746,50.749],[3.7578,50.7803],[3.7145,50.7686],[3.704,50.7821],[3.6753,50.7719],[3.6347,50.7219],[3.6066,50.7342],[3.5405,50.7349],[3.534,50.7664],[3.4941,50.7589],[3.4576,50.7685],[3.4128,50.7474],[3.3635,50.7097],[3.3231,50.7235],[3.3033,50.7564],[3.2608,50.7523],[3.2197,50.7673],[3.1628,50.7499]],[[7.3842,47.4131],[7.3882,47.4333],[7.4206,47.4509],[7.4458,47.4389],[7.4551,47.4214],[7.4404,47.4146],[7.3842,47.4131]],[[4.2609,51.37],[4.2803,51.37],[4.2666,51.3881],[4.2811,51.3689],[4.2611,51.3694],[4.2609,51.37]],[[7.446,47.4869],[7.4674,47.4819],[7.4858,47.4988],[7.529,47.4939],[7.5339,47.4608],[7.4542,47.452],[7.446,47.4869]]],[[[4.8789,53.2209],[4.9102,53.2125],[4.9575,53.2456],[4.9716,53.2538],[5.1105,53.3079],[5.1098,53.3079],[5.1103,53.3081],[5.11,53.3081],[5.1105,53.3083],[5.1006,53.3085],[5.1048,53.3096],[5.0545,53.3138],[5.0428,53.3097],[5.0277,53.31],[5.0273,53.31],[4.9972,53.2937],[4.9865,53.29],[4.9212,53.2537],[4.917,53.2504],[4.9084,53.2458],[4.9087,53.2455],[4.9084,53.2454],[4.9095,53.2446],[4.8789,53.2209]]],[[[5.1789,53.3854],[5.1799,53.3531],[5.2083,53.3527],[5.3469,53.3892],[5.427,53.4064],[5.4817,53.4127],[5.4797,53.4172],[5.5821,53.4381],[5.5815,53.4382],[5.5819,53.4383],[5.5815,53.4384],[5.5821,53.4385],[5.5701,53.441],[5.5853,53.4536],[5.437,53.4365],[5.4284,53.4326],[5.4161,53.4315],[5.1893,53.3916],[5.1898,53.3914],[5.1895,53.3914],[5.1898,53.3913],[5.1893,53.3912],[5.1958,53.3891],[5.1789,53.3854]]],[[[5.2,49.05],[5.6,49.05],[5.6,49.3],[5.2,49.3],[5.2,49.05]]],[[[5.72,48.55],[6.05,48.55],[6.05,48.8],[5.72,48.8],[5.72,48.55]]],[[[6.6437,53.5787],[6.6441,53.5787],[6.6739,53.5799],[6.6771,53.5756],[6.7346,53.5752],[6.7293,53.582],[6.7341,53.5822],[6.7576,53.5971],[6.7981,53.6044],[6.7879,53.6163],[6.8025,53.6256],[6.802,53.6256],[6.8023,53.6258],[6.8022,53.6258],[6.8025,53.626],[6.7553,53.626],[6.6689,53.6051],[6.6641,53.6001],[6.6595,53.5991],[6.6611,53.597],[6.6437,53.5791],[6.6441,53.5791],[6.6437,53.5787]]],[[[11.0057,54.4685],[11.0325,54.4473],[11.0581,54.4553],[11.0739,54.4539],[11.1064,54.4314],[11.1126,54.4152],[11.179,54.4142],[11.1805,54.4161],[11.2802,54.4172],[11.3142,54.4138],[11.2556,54.4787],[11.2448,54.4866],[11.2341,54.5009],[11.2213,54.5038],[11.2066,54.5145],[11.1213,54.536],[11.0907,54.533],[11.0865,54.5339],[11.0864,54.5338],[11.0861,54.5339],[11.0815,54.5321],[11.0729,54.5312],[11.0571,54.5222],[11.0429,54.5165],[11.0405,54.5128],[11.0337,54.5089],[11.0057,54.4685]]]]}}
]}
