{"type":"FeatureCollection","features":[
{"type":"Feature","properties":{"entityId":"frankish-kingdom","from":457,"to":459,"certainty":"estimated","source":"유럽 쪽은 Natural Earth 1:10m admin-1(v5.1.2) 현대 행정구역 조각을 그 시기 국경에 맞춰 묶고, 조각이 역사 경계와 다른 곳은 선을 그어 나눈 근사. 유럽 밖(시베리아·중앙아시아·극동)은 대략적인 추정. 운영자 검수 필요"},"geometry":{"type":"Polygon","coordinates":[[[1.4294,50.3775],[1.6092,50.3775],[1.6104,50.3769],[1.595,50.3727],[1.6309,50.3477],[1.6806,50.3387],[1.7418,50.354],[1.8196,50.3547],[1.8871,50.3138],[1.9215,50.3276],[1.9521,50.3199],[1.936,50.2964],[2.0281,50.2644],[2.0566,50.2485],[2.0693,50.2185],[2.1129,50.2031],[2.2404,50.2102],[2.3098,50.224],[2.3329,50.2379],[2.3644,50.2142],[2.4103,50.2248],[2.456,50.2087],[2.4679,50.1942],[2.3815,50.1486],[2.3801,50.1098],[2.4057,50.0938],[2.433,50.1193],[2.458,50.1276],[2.5188,50.1234],[2.55,50.1344],[2.5743,50.1294],[2.5678,50.112],[2.691,50.078],[2.6991,50.1205],[2.7106,50.1286],[2.7534,50.0985],[2.7639,50.072],[2.7427,50.0477],[2.7663,50.0384],[2.8229,50.0684],[2.8493,50.0575],[2.8524,50.0206],[2.9063,50.0343],[2.9646,50.0381],[2.9896,50.0766],[3.0318,50.0726],[3.0883,50.05],[3.157,50.0187],[3.2259,50.029],[3.3162,50.0183],[3.362,50.0324],[3.4486,50.0154],[3.4779,50.0191],[3.5547,50.0495],[3.6295,50.038],[3.6832,50.0593],[3.8539,50.043],[3.8861,50.0209],[3.9621,50.0426],[3.9835,50.0371],[3.985,50.0006],[3.9969,49.9921],[4.0811,49.9709],[4.1317,49.975],[4.1877,49.9555],[4.2159,49.9544],[4.2776,49.9602],[4.4277,49.9336],[4.4648,49.9356],[4.6042,49.9802],[4.6567,49.9891],[4.6729,50.0164],[4.6819,50.0839],[4.7886,50.1534],[4.8156,50.1613],[4.8201,50.1464],[4.8719,50.1398],[4.8629,50.0841],[4.846,50.0907],[4.8272,50.0641],[4.8267,50.036],[4.7883,49.9743],[4.7973,49.9443],[4.8446,49.9317],[4.8594,49.8917],[4.8369,49.848],[4.8492,49.8316],[4.849,49.7942],[4.8842,49.7841],[4.9684,49.797],[4.9892,49.8234],[4.9849,49.8513],[5.0599,49.8861],[5.0432,49.8969],[5.0687,49.9124],[5.1189,49.9253],[5.0972,49.9393],[5.101,49.9616],[5.0626,49.9848],[5.0094,49.9827],[4.9911,50.0303],[5.0496,50.0637],[5.0662,50.1248],[5.0721,50.0968],[5.0933,50.092],[5.187,50.0962],[5.2673,50.1203],[5.2418,50.1355],[5.2703,50.1414],[5.2796,50.1595],[5.2441,50.186],[5.2444,50.2062],[5.2059,50.2199],[5.2533,50.2271],[5.2507,50.2388],[5.284,50.2492],[5.2945,50.2404],[5.3652,50.2697],[5.3927,50.2881],[5.3834,50.3192],[5.3401,50.3118],[5.3944,50.3378],[5.3802,50.3496],[5.4012,50.3676],[5.3924,50.3805],[5.3499,50.3897],[5.2951,50.3662],[5.2824,50.3969],[5.2328,50.4056],[5.2205,50.4184],[5.2361,50.4381],[5.1959,50.4786],[5.1621,50.4699],[5.156,50.4906],[5.1054,50.5074],[5.0904,50.5309],[5.0346,50.5329],[5.0534,50.5419],[5.0277,50.5899],[4.9791,50.6193],[4.9826,50.6434],[5.0018,50.6662],[5.0008,50.6958],[5.0166,50.703],[4.992,50.7253],[5.0158,50.7335],[5.0191,50.7519],[5.0435,50.7428],[5.043,50.7251],[5.0747,50.7069],[5.1011,50.7098],[5.1677,50.6973],[5.1694,50.7236],[5.2434,50.7169],[5.2756,50.7294],[5.3074,50.7184],[5.3321,50.741],[5.3782,50.7508],[5.4041,50.7275],[5.4532,50.7223],[5.4612,50.74],[5.4808,50.7264],[5.5238,50.7438],[5.5219,50.76],[5.6085,50.7764],[5.6574,50.8076],[5.7005,50.7956],[5.6884,50.7608],[5.7328,50.7589],[5.776,50.7512],[5.8183,50.7156],[5.8869,50.7134],[5.9102,50.736],[5.8913,50.7512],[5.9949,50.7499],[5.973,50.7818],[6.0036,50.8126],[6.0005,50.8304],[6.0456,50.8442],[6.0631,50.8709],[6.0637,50.9075],[5.9999,50.9294],[6.0037,50.9737],[5.9277,50.9777],[5.8746,50.9654],[5.8736,50.9906],[5.8525,51.0428],[5.8805,51.0521],[5.9196,51.0297],[5.9503,51.0395],[5.9829,51.0747],[6.0754,51.1204],[6.1324,51.1398],[6.1473,51.1523],[6.1263,51.1646],[6.1571,51.1793],[6.1341,51.1842],[6.0843,51.1627],[6.0537,51.1894],[6.0652,51.2316],[6.0965,51.2588],[6.1478,51.3182],[6.1936,51.3445],[6.2078,51.3877],[6.1927,51.399],[6.2053,51.4584],[6.1933,51.5093],[6.0865,51.5955],[6.0992,51.6445],[6.0315,51.663],[6.0086,51.6812],[6.022,51.7095],[5.9783,51.7298],[5.9393,51.7319],[5.9461,51.7463],[5.9641,51.7766],[5.928,51.8067],[5.9481,51.823],[5.9889,51.8275],[6.0433,51.8469],[6.084,51.8537],[6.1561,51.8421],[6.093,51.8853],[6.127,51.8967],[6.2252,51.8625],[6.2564,51.8668],[6.2874,51.8462],[6.342,51.8367],[6.345,51.8211],[6.3825,51.8276],[6.3785,51.8601],[6.4425,51.8484],[6.4794,51.853],[6.5286,51.8764],[6.6282,51.8975],[6.7167,51.8993],[6.7438,51.9083],[6.7898,51.9511],[6.8107,51.9606],[6.804,51.9844],[6.7782,52.0013],[6.675,52.0348],[6.6799,52.0605],[6.7114,52.0673],[6.7329,52.092],[6.7716,52.1088],[6.7595,52.1145],[6.6619,52.1273],[6.6667,52.1645],[6.6017,52.1659],[6.5974,52.1781],[6.4952,52.1772],[6.4659,52.1944],[6.4114,52.2446],[6.3817,52.2468],[6.3225,52.2295],[6.2592,52.2289],[6.1796,52.2377],[6.1543,52.2256],[6.1241,52.2562],[6.1065,52.2997],[6.068,52.3218],[6.0816,52.3706],[6.12,52.3804],[6.1327,52.4213],[6.0954,52.4679],[6.0496,52.5053],[6.0307,52.511],[5.9697,52.485],[5.925,52.484],[5.8915,52.5204],[5.8669,52.5218],[5.8551,52.4807],[5.8153,52.4408],[5.771,52.4138],[5.6276,52.3718],[5.5791,52.3448],[5.5327,52.2769],[5.426,52.2639],[5.4089,52.2677],[5.3969,52.2199],[5.4387,52.1959],[5.4301,52.1686],[5.4745,52.1609],[5.5128,52.1362],[5.4686,52.0823],[5.5001,52.0698],[5.5392,52.0872],[5.5533,52.1048],[5.5722,52.019],[5.6165,51.9778],[5.6157,51.9483],[5.5821,51.9533],[5.5051,51.982],[5.462,51.9876],[5.4204,51.974],[5.3828,51.9802],[5.3105,51.9597],[5.2543,51.9791],[5.1826,51.9669],[5.1179,51.8915],[5.1205,51.8762],[5.0334,51.852],[5.0045,51.8509],[5.0093,51.8252],[4.909,51.8299],[4.8703,51.8081],[4.7904,51.8027],[4.7399,51.7744],[4.6756,51.7194],[4.644,51.7191],[4.5449,51.696],[4.5065,51.6952],[4.4031,51.7083],[4.3727,51.6735],[4.3337,51.6569],[4.1978,51.6379],[4.1307,51.6583],[4.1109,51.647],[4.1207,51.639],[4.0924,51.639],[4.0924,51.6547],[4.097,51.6693],[4.1125,51.6693],[4.1126,51.6708],[4.1156,51.6715],[4.1156,51.7087],[4.0542,51.7087],[4.0542,51.7135],[4.0161,51.7135],[4.0161,51.7457],[3.9779,51.7457],[3.9779,51.7693],[3.9173,51.7693],[3.9016,51.743],[3.8101,51.7473],[3.7928,51.7457],[3.7892,51.7459],[3.7888,51.7459],[3.7825,51.7448],[3.7258,51.7397],[3.7054,51.7314],[3.6988,51.7303],[3.6988,51.7288],[3.6895,51.725],[3.6867,51.6927],[3.7206,51.6768],[3.7654,51.6784],[3.7758,51.6858],[3.8159,51.693],[3.8244,51.69],[3.8596,51.6726],[3.8284,51.6204],[3.8118,51.6115],[3.5604,51.5946],[3.5469,51.5894],[3.5008,51.5775],[3.4838,51.5652],[3.4575,51.5551],[3.447,51.546],[3.4619,51.519],[3.4948,51.5009],[3.5321,51.4626],[3.4881,51.4392],[3.4608,51.4246],[3.4179,51.4017],[3.3878,51.3857],[3.3828,51.3847],[3.3496,51.3778],[3.3477,51.3774],[3.3126,51.3702],[3.2775,51.3629],[3.2236,51.3518],[3.2073,51.3464],[3.1248,51.3297],[2.9983,51.2774],[2.9608,51.265],[2.9162,51.2478],[2.6523,51.1824],[2.5658,51.1609],[2.5226,51.1502],[2.5144,51.1482],[2.4793,51.1401],[2.1333,51.0605],[2.0901,51.0505],[2.0468,51.0405],[1.9603,51.0206],[1.6396,50.9468],[1.6143,50.8782],[1.5806,50.8688],[1.5946,50.8248],[1.512,50.6011],[1.4707,50.4893],[1.4501,50.4334],[1.4398,50.4055],[1.4294,50.3775]]]}},
{"type":"Feature","properties":{"entityId":"frankish-kingdom","from":459,"to":476,"certainty":"estimated","source":"유럽 쪽은 Natural Earth 1:10m admin-1(v5.1.2) 현대 행정구역 조각을 그 시기 국경에 맞춰 묶고, 조각이 역사 경계와 다른 곳은 선을 그어 나눈 근사. 유럽 밖(시베리아·중앙아시아·극동)은 대략적인 추정. 운영자 검수 필요"},"geometry":{"type":"Polygon","coordinates":[[[1.4294,50.3775],[1.6092,50.3775],[1.6104,50.3769],[1.595,50.3727],[1.6309,50.3477],[1.6806,50.3387],[1.7418,50.354],[1.8196,50.3547],[1.8871,50.3138],[1.9215,50.3276],[1.9521,50.3199],[1.936,50.2964],[2.0281,50.2644],[2.0566,50.2485],[2.0693,50.2185],[2.1129,50.2031],[2.2404,50.2102],[2.3098,50.224],[2.3329,50.2379],[2.3644,50.2142],[2.4103,50.2248],[2.456,50.2087],[2.4679,50.1942],[2.3815,50.1486],[2.3801,50.1098],[2.4057,50.0938],[2.433,50.1193],[2.458,50.1276],[2.5188,50.1234],[2.55,50.1344],[2.5743,50.1294],[2.5678,50.112],[2.691,50.078],[2.6991,50.1205],[2.7106,50.1286],[2.7534,50.0985],[2.7639,50.072],[2.7427,50.0477],[2.7663,50.0384],[2.8229,50.0684],[2.8493,50.0575],[2.8524,50.0206],[2.9063,50.0343],[2.9646,50.0381],[2.9896,50.0766],[3.0318,50.0726],[3.0883,50.05],[3.157,50.0187],[3.2259,50.029],[3.3162,50.0183],[3.362,50.0324],[3.4486,50.0154],[3.4779,50.0191],[3.5547,50.0495],[3.6295,50.038],[3.6832,50.0593],[3.8539,50.043],[3.8861,50.0209],[3.9621,50.0426],[3.9835,50.0371],[3.985,50.0006],[3.9969,49.9921],[4.0811,49.9709],[4.1317,49.975],[4.1877,49.9555],[4.2159,49.9544],[4.2776,49.9602],[4.4277,49.9336],[4.4648,49.9356],[4.6042,49.9802],[4.6567,49.9891],[4.6729,50.0164],[4.6819,50.0839],[4.7886,50.1534],[4.8156,50.1613],[4.8201,50.1464],[4.8719,50.1398],[4.8629,50.0841],[4.846,50.0907],[4.8272,50.0641],[4.8267,50.036],[4.7883,49.9743],[4.7973,49.9443],[4.8446,49.9317],[4.8594,49.8917],[4.8369,49.848],[4.8492,49.8316],[4.849,49.7942],[4.8842,49.7841],[4.9684,49.797],[5.0263,49.7667],[5.0819,49.7527],[5.1364,49.7053],[5.1925,49.6828],[5.2592,49.6913],[5.2994,49.6625],[5.2979,49.6133],[5.3349,49.6258],[5.3912,49.6088],[5.4502,49.5458],[5.4499,49.5078],[5.4777,49.4952],[5.5476,49.5234],[5.6023,49.5137],[5.6446,49.5438],[5.7103,49.5311],[5.7571,49.5484],[5.7907,49.5378],[5.8221,49.5105],[5.8647,49.4922],[5.9281,49.4823],[5.9607,49.4413],[6.0633,49.4485],[6.0998,49.4646],[6.1361,49.4953],[6.1936,49.4994],[6.2511,49.4895],[6.2988,49.4662],[6.3453,49.4553],[6.4027,49.4655],[6.4945,49.4355],[6.5257,49.3955],[6.5743,49.3618],[6.5501,49.338],[6.5732,49.3131],[6.6397,49.2712],[6.6638,49.2439],[6.6806,49.2075],[6.7025,49.2136],[6.701,49.1729],[6.7256,49.1556],[6.7701,49.1553],[6.8091,49.1458],[6.839,49.1628],[6.8277,49.1956],[6.8435,49.2111],[6.9254,49.2056],[6.9879,49.1824],[7.0095,49.1817],[7.009,49.1464],[7.0205,49.119],[7.0425,49.1076],[7.0732,49.1203],[7.0853,49.1415],[7.155,49.1144],[7.2412,49.1139],[7.2681,49.1056],[7.2971,49.1281],[7.3265,49.1318],[7.3716,49.1662],[7.3491,49.1687],[7.2947,49.2052],[7.2869,49.2308],[7.3167,49.2519],[7.3567,49.3127],[7.3873,49.3368],[7.3852,49.3697],[7.3012,49.3848],[7.2523,49.431],[7.2461,49.4461],[7.3085,49.4854],[7.2675,49.5785],[7.2747,49.5621],[7.3,49.6],[7.5,49.68],[7.7,49.75],[7.85,49.8],[7.9,49.92],[7.9,49.97],[7.9023,49.9735],[7.8782,49.9729],[7.8498,50.0107],[7.7714,50.0535],[7.7917,50.0633],[7.8428,50.0882],[7.8592,50.1187],[7.8963,50.1207],[7.9217,50.1088],[7.9305,50.1363],[7.8968,50.155],[7.9222,50.2001],[7.9933,50.2284],[8.0231,50.2159],[8.042,50.2338],[8.0457,50.2633],[8.0961,50.262],[8.1227,50.2779],[8.1007,50.3195],[8.08,50.3303],[8.0495,50.3713],[8.0223,50.3891],[7.9801,50.3958],[8.0004,50.4403],[8.0192,50.4549],[7.9979,50.4758],[8.0045,50.5207],[8.0416,50.5445],[8.0704,50.5444],[8.1101,50.5271],[8.1387,50.5434],[8.1638,50.5858],[8.1439,50.6026],[8.1216,50.6458],[8.1345,50.684],[8.0895,50.6968],[8.0563,50.6909],[8.0338,50.726],[7.9811,50.7735],[7.9839,50.803],[7.9703,50.837],[7.9425,50.832],[7.8856,50.8669],[7.8446,50.882],[7.8597,50.9225],[7.8016,50.9327],[7.7575,50.9113],[7.7677,50.8365],[7.7406,50.842],[7.6756,50.81],[7.6989,50.7816],[7.6134,50.7494],[7.5995,50.7334],[7.5633,50.7328],[7.5324,50.721],[7.4486,50.7062],[7.3869,50.7037],[7.3715,50.6426],[7.3405,50.6289],[7.2826,50.6188],[7.2263,50.6214],[7.2148,50.6272],[7.21,50.64],[7.18,50.68],[7.12,50.73],[7.07,50.78],[7,50.82],[6.97,50.94],[6.98,51],[6.95,51.05],[6.86,51.1],[6.8,51.17],[6.76,51.23],[6.74,51.27],[6.68,51.35],[6.7157,51.4],[6.73,51.4],[6.8,51.45],[6.85,51.55],[6.82,51.65],[6.7,51.75],[6.5,51.83],[6.4555,51.85],[6.4794,51.853],[6.5286,51.8764],[6.6282,51.8975],[6.7167,51.8993],[6.7438,51.9083],[6.7898,51.9511],[6.8107,51.9606],[6.804,51.9844],[6.7782,52.0013],[6.675,52.0348],[6.6799,52.0605],[6.7114,52.0673],[6.7329,52.092],[6.7716,52.1088],[6.7595,52.1145],[6.6619,52.1273],[6.6667,52.1645],[6.6017,52.1659],[6.5974,52.1781],[6.4952,52.1772],[6.4659,52.1944],[6.4114,52.2446],[6.3817,52.2468],[6.3225,52.2295],[6.2592,52.2289],[6.1796,52.2377],[6.1543,52.2256],[6.1241,52.2562],[6.1065,52.2997],[6.068,52.3218],[6.0816,52.3706],[6.12,52.3804],[6.1327,52.4213],[6.0954,52.4679],[6.0496,52.5053],[6.0307,52.511],[5.9697,52.485],[5.925,52.484],[5.8915,52.5204],[5.8669,52.5218],[5.8551,52.4807],[5.8153,52.4408],[5.771,52.4138],[5.6276,52.3718],[5.5791,52.3448],[5.5327,52.2769],[5.426,52.2639],[5.4089,52.2677],[5.3969,52.2199],[5.4387,52.1959],[5.4301,52.1686],[5.4745,52.1609],[5.5128,52.1362],[5.4686,52.0823],[5.5001,52.0698],[5.5392,52.0872],[5.5533,52.1048],[5.5722,52.019],[5.6165,51.9778],[5.6157,51.9483],[5.5821,51.9533],[5.5051,51.982],[5.462,51.9876],[5.4204,51.974],[5.3828,51.9802],[5.3105,51.9597],[5.2543,51.9791],[5.1826,51.9669],[5.1179,51.8915],[5.1205,51.8762],[5.0334,51.852],[5.0045,51.8509],[5.0093,51.8252],[4.909,51.8299],[4.8703,51.8081],[4.7904,51.8027],[4.7399,51.7744],[4.6756,51.7194],[4.644,51.7191],[4.5449,51.696],[4.5065,51.6952],[4.4031,51.7083],[4.3727,51.6735],[4.3337,51.6569],[4.1978,51.6379],[4.1307,51.6583],[4.1109,51.647],[4.1207,51.639],[4.0924,51.639],[4.0924,51.6547],[4.097,51.6693],[4.1125,51.6693],[4.1126,51.6708],[4.1156,51.6715],[4.1156,51.7087],[4.0542,51.7087],[4.0542,51.7135],[4.0161,51.7135],[4.0161,51.7457],[3.9779,51.7457],[3.9779,51.7693],[3.9173,51.7693],[3.9016,51.743],[3.8101,51.7473],[3.7928,51.7457],[3.7892,51.7459],[3.7888,51.7459],[3.7825,51.7448],[3.7258,51.7397],[3.7054,51.7314],[3.6988,51.7303],[3.6988,51.7288],[3.6895,51.725],[3.6867,51.6927],[3.7206,51.6768],[3.7654,51.6784],[3.7758,51.6858],[3.8159,51.693],[3.8244,51.69],[3.8596,51.6726],[3.8284,51.6204],[3.8118,51.6115],[3.5604,51.5946],[3.5469,51.5894],[3.5008,51.5775],[3.4838,51.5652],[3.4575,51.5551],[3.447,51.546],[3.4619,51.519],[3.4948,51.5009],[3.5321,51.4626],[3.4881,51.4392],[3.4608,51.4246],[3.4179,51.4017],[3.3878,51.3857],[3.3828,51.3847],[3.3496,51.3778],[3.3477,51.3774],[3.3126,51.3702],[3.2775,51.3629],[3.2236,51.3518],[3.2073,51.3464],[3.1248,51.3297],[2.9983,51.2774],[2.9608,51.265],[2.9162,51.2478],[2.6523,51.1824],[2.5658,51.1609],[2.5226,51.1502],[2.5144,51.1482],[2.4793,51.1401],[2.1333,51.0605],[2.0901,51.0505],[2.0468,51.0405],[1.9603,51.0206],[1.6396,50.9468],[1.6143,50.8782],[1.5806,50.8688],[1.5946,50.8248],[1.512,50.6011],[1.4707,50.4893],[1.4501,50.4334],[1.4398,50.4055],[1.4294,50.3775]]]}},
{"type":"Feature","properties":{"entityId":"frankish-kingdom","from":476,"to":486,"certainty":"estimated","source":"유럽 쪽은 Natural Earth 1:10m admin-1(v5.1.2) 현대 행정구역 조각을 그 시기 국경에 맞춰 묶고, 조각이 역사 경계와 다른 곳은 선을 그어 나눈 근사. 유럽 밖(시베리아·중앙아시아·극동)은 대략적인 추정. 운영자 검수 필요"},"geometry":{"type":"Polygon","coordinates":[[[1.4294,50.3775],[1.6092,50.3775],[1.6104,50.3769],[1.595,50.3727],[1.6309,50.3477],[1.6806,50.3387],[1.7418,50.354],[1.8196,50.3547],[1.8871,50.3138],[1.9215,50.3276],[1.9521,50.3199],[1.936,50.2964],[2.0281,50.2644],[2.0566,50.2485],[2.0693,50.2185],[2.1129,50.2031],[2.2404,50.2102],[2.3098,50.224],[2.3329,50.2379],[2.3644,50.2142],[2.4103,50.2248],[2.456,50.2087],[2.4679,50.1942],[2.3815,50.1486],[2.3801,50.1098],[2.4057,50.0938],[2.433,50.1193],[2.458,50.1276],[2.5188,50.1234],[2.55,50.1344],[2.5743,50.1294],[2.5678,50.112],[2.691,50.078],[2.6991,50.1205],[2.7106,50.1286],[2.7534,50.0985],[2.7639,50.072],[2.7427,50.0477],[2.7663,50.0384],[2.8229,50.0684],[2.8493,50.0575],[2.8524,50.0206],[2.9063,50.0343],[2.9646,50.0381],[2.9896,50.0766],[3.0318,50.0726],[3.0883,50.05],[3.157,50.0187],[3.2259,50.029],[3.3162,50.0183],[3.362,50.0324],[3.4486,50.0154],[3.4779,50.0191],[3.5547,50.0495],[3.6295,50.038],[3.6832,50.0593],[3.8539,50.043],[3.8861,50.0209],[3.9621,50.0426],[3.9835,50.0371],[3.985,50.0006],[3.9969,49.9921],[4.0811,49.9709],[4.1317,49.975],[4.1877,49.9555],[4.2159,49.9544],[4.2776,49.9602],[4.4277,49.9336],[4.4648,49.9356],[4.6042,49.9802],[4.6567,49.9891],[4.6729,50.0164],[4.6819,50.0839],[4.7886,50.1534],[4.8156,50.1613],[4.8201,50.1464],[4.8719,50.1398],[4.8629,50.0841],[4.846,50.0907],[4.8272,50.0641],[4.8267,50.036],[4.7883,49.9743],[4.7973,49.9443],[4.8446,49.9317],[4.8594,49.8917],[4.8369,49.848],[4.8492,49.8316],[4.849,49.7942],[4.8842,49.7841],[4.9684,49.797],[5.0263,49.7667],[5.0819,49.7527],[5.1364,49.7053],[5.1925,49.6828],[5.2592,49.6913],[5.2994,49.6625],[5.2979,49.6133],[5.3349,49.6258],[5.3912,49.6088],[5.3899,49.5933],[5.3021,49.5495],[5.2731,49.544],[5.2629,49.5588],[5.25,49.5597],[5.1841,49.5641],[5.1395,49.585],[5.1008,49.5635],[5.0947,49.5208],[5.0713,49.5005],[5.0959,49.466],[5.1139,49.4218],[5.0919,49.3787],[5.0421,49.3321],[5.0495,49.2798],[4.9787,49.2357],[4.98,49.2098],[4.9554,49.1652],[4.9789,49.1201],[4.987,49.0476],[4.9978,49.0309],[5.0338,49.0125],[5.0202,48.9913],[5.0174,48.9472],[4.9888,48.9245],[4.9452,48.9157],[4.9216,48.8785],[4.9302,48.8322],[4.9069,48.8048],[4.9172,48.7877],[4.9828,48.75],[4.9921,48.6929],[5.0046,48.6554],[5.0359,48.6181],[5.117,48.5812],[5.187,48.5419],[5.2686,48.5108],[5.3448,48.5004],[5.3563,48.4814],[5.4552,48.4192],[5.4242,48.3881],[5.4322,48.3373],[5.5085,48.3507],[5.534,48.3339],[5.5844,48.2838],[5.6379,48.2808],[5.6615,48.2386],[5.713,48.2114],[5.7203,48.196],[5.6975,48.1805],[5.6885,48.1477],[5.6593,48.1008],[5.7322,48.0467],[5.788,48.0225],[5.799,48.0012],[5.7981,47.9642],[5.8128,47.9572],[5.8492,47.9676],[5.8918,47.9326],[5.9261,47.9481],[5.9551,47.9797],[5.9709,47.9409],[6.0344,47.9726],[6.071,48.0044],[6.0994,48.0087],[6.1469,48.0016],[6.1827,47.9768],[6.1819,47.9582],[6.2438,47.9322],[6.2828,47.9348],[6.3224,47.9505],[6.3734,47.953],[6.412,47.9423],[6.4987,47.9047],[6.5526,47.9012],[6.5765,47.908],[6.6138,47.9413],[6.6372,47.9351],[6.6965,47.8899],[6.7407,47.8761],[6.836,47.8242],[6.8689,47.819],[6.9239,47.8432],[6.917,47.883],[6.9344,47.9027],[6.9598,47.9675],[7.0085,48.0103],[7.0869,48.1254],[7.0749,48.1525],[7.2087,48.3034],[7.1885,48.331],[7.1442,48.3321],[7.1099,48.3423],[7.1268,48.4473],[7.1277,48.4841],[7.1489,48.4999],[7.0887,48.5234],[7.0981,48.5292],[7.193,48.5335],[7.2137,48.5532],[7.2705,48.5842],[7.3004,48.6556],[7.2649,48.6849],[7.3133,48.7408],[7.3041,48.7755],[7.2476,48.8184],[7.2163,48.8298],[7.2044,48.8542],[7.1754,48.8203],[7.1467,48.8127],[7.1293,48.7931],[7.1032,48.7925],[7.0749,48.8245],[7.0967,48.8525],[7.0152,48.8823],[6.9862,48.8987],[6.9808,48.9301],[7.0373,48.9719],[7.047,49.0002],[7.0773,49.0295],[7.0787,49.0602],[7.0973,49.0657],[7.1235,49.0499],[7.1327,49.0209],[7.1558,49.0056],[7.2914,48.9733],[7.3018,48.9547],[7.3417,48.9434],[7.4806,48.959],[7.5452,48.938],[7.5729,48.9437],[7.6449,49.0363],[7.6086,49.062],[7.5209,49.0837],[7.471,49.1283],[7.4761,49.1515],[7.4148,49.1578],[7.4105,49.1689],[7.3716,49.1662],[7.3491,49.1687],[7.2947,49.2052],[7.2869,49.2308],[7.3167,49.2519],[7.3567,49.3127],[7.3873,49.3368],[7.3852,49.3697],[7.3012,49.3848],[7.2523,49.431],[7.2461,49.4461],[7.3085,49.4854],[7.2675,49.5785],[7.2747,49.5621],[7.3,49.6],[7.5,49.68],[7.7,49.75],[7.85,49.8],[7.9,49.92],[7.9,49.97],[7.9023,49.9735],[7.8782,49.9729],[7.8498,50.0107],[7.7714,50.0535],[7.7917,50.0633],[7.8428,50.0882],[7.8592,50.1187],[7.8963,50.1207],[7.9217,50.1088],[7.9305,50.1363],[7.8968,50.155],[7.9222,50.2001],[7.9933,50.2284],[8.0231,50.2159],[8.042,50.2338],[8.0457,50.2633],[8.0961,50.262],[8.1227,50.2779],[8.1007,50.3195],[8.08,50.3303],[8.0495,50.3713],[8.0223,50.3891],[7.9801,50.3958],[8.0004,50.4403],[8.0192,50.4549],[7.9979,50.4758],[8.0045,50.5207],[8.0416,50.5445],[8.0704,50.5444],[8.1101,50.5271],[8.1387,50.5434],[8.1638,50.5858],[8.1439,50.6026],[8.1216,50.6458],[8.1345,50.684],[8.0895,50.6968],[8.0563,50.6909],[8.0338,50.726],[7.9811,50.7735],[7.9839,50.803],[7.9703,50.837],[7.9425,50.832],[7.8856,50.8669],[7.8446,50.882],[7.8597,50.9225],[7.8016,50.9327],[7.7575,50.9113],[7.7677,50.8365],[7.7406,50.842],[7.6756,50.81],[7.6989,50.7816],[7.6134,50.7494],[7.5995,50.7334],[7.5633,50.7328],[7.5324,50.721],[7.4486,50.7062],[7.3869,50.7037],[7.3715,50.6426],[7.3405,50.6289],[7.2826,50.6188],[7.2263,50.6214],[7.2148,50.6272],[7.21,50.64],[7.18,50.68],[7.12,50.73],[7.07,50.78],[7,50.82],[6.97,50.94],[6.98,51],[6.95,51.05],[6.86,51.1],[6.8,51.17],[6.76,51.23],[6.74,51.27],[6.68,51.35],[6.7157,51.4],[6.73,51.4],[6.8,51.45],[6.85,51.55],[6.82,51.65],[6.7,51.75],[6.5,51.83],[6.4555,51.85],[6.4794,51.853],[6.5286,51.8764],[6.6282,51.8975],[6.7167,51.8993],[6.7438,51.9083],[6.7898,51.9511],[6.8107,51.9606],[6.804,51.9844],[6.7782,52.0013],[6.675,52.0348],[6.6799,52.0605],[6.7114,52.0673],[6.7329,52.092],[6.7716,52.1088],[6.7595,52.1145],[6.6619,52.1273],[6.6667,52.1645],[6.6017,52.1659],[6.5974,52.1781],[6.4952,52.1772],[6.4659,52.1944],[6.4114,52.2446],[6.3817,52.2468],[6.3225,52.2295],[6.2592,52.2289],[6.1796,52.2377],[6.1543,52.2256],[6.1241,52.2562],[6.1065,52.2997],[6.068,52.3218],[6.0816,52.3706],[6.12,52.3804],[6.1327,52.4213],[6.0954,52.4679],[6.0496,52.5053],[6.0307,52.511],[5.9697,52.485],[5.925,52.484],[5.8915,52.5204],[5.8669,52.5218],[5.8551,52.4807],[5.8153,52.4408],[5.771,52.4138],[5.6276,52.3718],[5.5791,52.3448],[5.5327,52.2769],[5.426,52.2639],[5.4089,52.2677],[5.3969,52.2199],[5.4387,52.1959],[5.4301,52.1686],[5.4745,52.1609],[5.5128,52.1362],[5.4686,52.0823],[5.5001,52.0698],[5.5392,52.0872],[5.5533,52.1048],[5.5722,52.019],[5.6165,51.9778],[5.6157,51.9483],[5.5821,51.9533],[5.5051,51.982],[5.462,51.9876],[5.4204,51.974],[5.3828,51.9802],[5.3105,51.9597],[5.2543,51.9791],[5.1826,51.9669],[5.1179,51.8915],[5.1205,51.8762],[5.0334,51.852],[5.0045,51.8509],[5.0093,51.8252],[4.909,51.8299],[4.8703,51.8081],[4.7904,51.8027],[4.7399,51.7744],[4.6756,51.7194],[4.644,51.7191],[4.5449,51.696],[4.5065,51.6952],[4.4031,51.7083],[4.3727,51.6735],[4.3337,51.6569],[4.1978,51.6379],[4.1307,51.6583],[4.1109,51.647],[4.1207,51.639],[4.0924,51.639],[4.0924,51.6547],[4.097,51.6693],[4.1125,51.6693],[4.1126,51.6708],[4.1156,51.6715],[4.1156,51.7087],[4.0542,51.7087],[4.0542,51.7135],[4.0161,51.7135],[4.0161,51.7457],[3.9779,51.7457],[3.9779,51.7693],[3.9173,51.7693],[3.9016,51.743],[3.8101,51.7473],[3.7928,51.7457],[3.7892,51.7459],[3.7888,51.7459],[3.7825,51.7448],[3.7258,51.7397],[3.7054,51.7314],[3.6988,51.7303],[3.6988,51.7288],[3.6895,51.725],[3.6867,51.6927],[3.7206,51.6768],[3.7654,51.6784],[3.7758,51.6858],[3.8159,51.693],[3.8244,51.69],[3.8596,51.6726],[3.8284,51.6204],[3.8118,51.6115],[3.5604,51.5946],[3.5469,51.5894],[3.5008,51.5775],[3.4838,51.5652],[3.4575,51.5551],[3.447,51.546],[3.4619,51.519],[3.4948,51.5009],[3.5321,51.4626],[3.4881,51.4392],[3.4608,51.4246],[3.4179,51.4017],[3.3878,51.3857],[3.3828,51.3847],[3.3496,51.3778],[3.3477,51.3774],[3.3126,51.3702],[3.2775,51.3629],[3.2236,51.3518],[3.2073,51.3464],[3.1248,51.3297],[2.9983,51.2774],[2.9608,51.265],[2.9162,51.2478],[2.6523,51.1824],[2.5658,51.1609],[2.5226,51.1502],[2.5144,51.1482],[2.4793,51.1401],[2.1333,51.0605],[2.0901,51.0505],[2.0468,51.0405],[1.9603,51.0206],[1.6396,50.9468],[1.6143,50.8782],[1.5806,50.8688],[1.5946,50.8248],[1.512,50.6011],[1.4707,50.4893],[1.4501,50.4334],[1.4398,50.4055],[1.4294,50.3775]]]}},
{"type":"Feature","properties":{"entityId":"frankish-kingdom","from":486,"to":506,"certainty":"estimated","source":"유럽 쪽은 Natural Earth 1:10m admin-1(v5.1.2) 현대 행정구역 조각을 그 시기 국경에 맞춰 묶고, 조각이 역사 경계와 다른 곳은 선을 그어 나눈 근사. 유럽 밖(시베리아·중앙아시아·극동)은 대략적인 추정. 운영자 검수 필요"},"geometry":{"type":"MultiPolygon","coordinates":[[[[-2.7238,47.4045],[-2.684,47.3772],[-2.6458,47.351],[-2.365,47.1585],[-2.3168,47.1254],[-2.2491,47.079],[-2.2382,47.0715],[-2.2268,47.0637],[-2.2098,47.0464],[-2.2079,47.0445],[-2.1814,47.0175],[-2.1814,47.0291],[-2.046,47.0291],[-2.046,47.0644],[-2.0183,47.0644],[-2.0183,47.0306],[-2.0001,47.0306],[-1.9907,47.0354],[-1.9684,47.0252],[-1.9084,46.9773],[-1.8766,46.9594],[-1.7716,46.9245],[-1.7203,46.8846],[-1.6518,46.8791],[-1.5501,46.8599],[-1.5,46.8827],[-1.5394,46.9457],[-1.553,46.9934],[-1.5466,47.0201],[-1.4982,47.0354],[-1.468,47.0105],[-1.468,46.9556],[-1.4595,46.9404],[-1.4241,46.9358],[-1.3787,46.957],[-1.3624,46.986],[-1.368,47.024],[-1.3439,47.0451],[-1.3054,47.0392],[-1.2697,47.0763],[-1.2312,47.067],[-1.1486,47.0295],[-1.0753,47.0072],[-1.0349,47.0032],[-0.9934,47.0204],[-0.946,47.0004],[-0.935,47.0166],[-0.8704,46.9942],[-0.8375,46.9897],[-0.7804,46.997],[-0.6965,46.9881],[-0.6324,46.9924],[-0.5492,47.0252],[-0.5551,47.061],[-0.5177,47.0754],[-0.4732,47.0664],[-0.3763,47.0881],[-0.2697,47.0972],[-0.1706,47.0983],[-0.143,47.0628],[-0.109,47.0696],[-0.0918,47.0861],[-0.0531,47.0963],[-0.0369,47.1279],[-0.004,47.1566],[0.0668,47.1537],[0.0815,47.2302],[0.0995,47.2867],[0.1215,47.3201],[0.1771,47.3774],[0.1718,47.405],[0.1902,47.4535],[0.2218,47.5022],[0.2184,47.5605],[0.2418,47.6029],[0.3714,47.5802],[0.3895,47.5856],[0.3847,47.6241],[0.4083,47.6306],[0.4438,47.6188],[0.4778,47.64],[0.5178,47.6463],[0.6082,47.6708],[0.6096,47.6892],[0.6454,47.7061],[0.7063,47.6844],[0.741,47.6941],[0.8387,47.676],[0.8598,47.6621],[0.8557,47.6143],[0.8729,47.5999],[0.9157,47.6208],[0.9622,47.6292],[0.9874,47.622],[1.0038,47.5934],[1.0378,47.6013],[1.0681,47.5576],[1.0525,47.5235],[1.1051,47.4717],[1.1196,47.4426],[1.1188,47.3715],[1.0988,47.3259],[1.1176,47.3028],[1.1637,47.2806],[1.2391,47.2782],[1.2725,47.2571],[1.3267,47.1863],[1.4237,47.2264],[1.4717,47.2358],[1.5247,47.2257],[1.5482,47.2578],[1.5929,47.2576],[1.6039,47.2847],[1.6727,47.2727],[1.7244,47.2892],[1.839,47.2192],[1.8909,47.2149],[1.91,47.2284],[1.9144,47.2612],[1.9499,47.2845],[2.0008,47.2703],[2.0511,47.2657],[2.1008,47.2701],[2.1391,47.2861],[2.1487,47.3086],[2.1203,47.3597],[2.1157,47.3917],[2.1273,47.4161],[2.1524,47.4272],[2.2164,47.4113],[2.2451,47.4112],[2.2586,47.4392],[2.246,47.4817],[2.2225,47.5022],[2.1992,47.5413],[2.1411,47.5489],[2.1284,47.5591],[2.1328,47.5877],[2.1629,47.6035],[2.2391,47.621],[2.2945,47.6222],[2.3725,47.5952],[2.4419,47.6069],[2.4892,47.5766],[2.5663,47.5728],[2.5844,47.5637],[2.6265,47.518],[2.6789,47.485],[2.7039,47.4867],[2.7331,47.525],[2.7544,47.5235],[2.7976,47.4974],[2.8747,47.5205],[2.8589,47.5443],[2.9097,47.5622],[2.9693,47.5676],[2.9944,47.5633],[3.0987,47.5788],[3.1185,47.5726],[3.1273,47.5371],[3.1451,47.5254],[3.2116,47.516],[3.2395,47.4926],[3.2909,47.5013],[3.3324,47.4813],[3.3601,47.486],[3.3913,47.5066],[3.4154,47.5088],[3.4882,47.4938],[3.492,47.56],[3.5307,47.5204],[3.5619,47.5001],[3.5873,47.4652],[3.6447,47.4567],[3.7159,47.4115],[3.8045,47.3859],[3.8207,47.3904],[3.8475,47.4303],[3.8772,47.4171],[3.8689,47.374],[3.8841,47.3674],[3.9507,47.3931],[3.9657,47.3758],[3.977,47.3269],[4.0182,47.313],[4.048,47.3395],[4.1061,47.3392],[4.1021,47.3679],[4.0809,47.3801],[4.0682,47.4245],[4.1172,47.4556],[4.1184,47.5047],[4.143,47.5251],[4.2019,47.5996],[4.2192,47.6322],[4.2445,47.6558],[4.2569,47.6875],[4.2586,47.7339],[4.3303,47.7603],[4.3376,47.792],[4.3131,47.8415],[4.2627,47.8439],[4.2703,47.8876],[4.2884,47.9243],[4.3259,47.946],[4.5418,47.9653],[4.5604,47.9744],[4.5632,47.9978],[4.6102,48.0153],[4.643,48.0086],[4.6985,48.022],[4.7184,48.0429],[4.6952,48.0788],[4.7111,48.1034],[4.7584,48.1149],[4.8138,48.1047],[4.8374,48.1266],[4.8447,48.1672],[4.8624,48.1983],[4.8466,48.2901],[4.8184,48.3202],[4.8196,48.3444],[4.7739,48.3584],[4.7531,48.3833],[4.716,48.3994],[4.6801,48.4357],[4.6436,48.4522],[4.64,48.4689],[4.6627,48.4932],[4.6702,48.5318],[4.7729,48.5351],[4.7862,48.5478],[4.7688,48.5755],[4.7865,48.6006],[4.8544,48.6128],[4.8374,48.6446],[4.7734,48.644],[4.8021,48.6784],[4.867,48.6933],[4.9921,48.6929],[5.0046,48.6554],[5.0359,48.6181],[5.117,48.5812],[5.187,48.5419],[5.2686,48.5108],[5.3448,48.5004],[5.3563,48.4814],[5.4552,48.4192],[5.4242,48.3881],[5.4322,48.3373],[5.5085,48.3507],[5.534,48.3339],[5.5844,48.2838],[5.6379,48.2808],[5.6615,48.2386],[5.713,48.2114],[5.7203,48.196],[5.6975,48.1805],[5.6885,48.1477],[5.6593,48.1008],[5.7322,48.0467],[5.788,48.0225],[5.799,48.0012],[5.7981,47.9642],[5.8128,47.9572],[5.8492,47.9676],[5.8918,47.9326],[5.9261,47.9481],[5.9551,47.9797],[5.9709,47.9409],[6.0344,47.9726],[6.071,48.0044],[6.0994,48.0087],[6.1469,48.0016],[6.1827,47.9768],[6.1819,47.9582],[6.2438,47.9322],[6.2828,47.9348],[6.3224,47.9505],[6.3734,47.953],[6.412,47.9423],[6.4987,47.9047],[6.5526,47.9012],[6.5765,47.908],[6.6138,47.9413],[6.6372,47.9351],[6.6965,47.8899],[6.7407,47.8761],[6.836,47.8242],[6.8689,47.819],[6.9239,47.8432],[6.917,47.883],[6.9344,47.9027],[6.9598,47.9675],[7.0085,48.0103],[7.0869,48.1254],[7.0749,48.1525],[7.2087,48.3034],[7.1885,48.331],[7.1442,48.3321],[7.1099,48.3423],[7.1268,48.4473],[7.1277,48.4841],[7.1489,48.4999],[7.0887,48.5234],[7.0981,48.5292],[7.193,48.5335],[7.2137,48.5532],[7.2705,48.5842],[7.3004,48.6556],[7.2649,48.6849],[7.3133,48.7408],[7.3041,48.7755],[7.2476,48.8184],[7.2163,48.8298],[7.2044,48.8542],[7.1754,48.8203],[7.1467,48.8127],[7.1293,48.7931],[7.1032,48.7925],[7.0749,48.8245],[7.0967,48.8525],[7.0152,48.8823],[6.9862,48.8987],[6.9808,48.9301],[7.0373,48.9719],[7.047,49.0002],[7.0773,49.0295],[7.0787,49.0602],[7.0973,49.0657],[7.1235,49.0499],[7.1327,49.0209],[7.1558,49.0056],[7.2914,48.9733],[7.3018,48.9547],[7.3417,48.9434],[7.4806,48.959],[7.5452,48.938],[7.5729,48.9437],[7.6449,49.0363],[7.6086,49.062],[7.5209,49.0837],[7.471,49.1283],[7.4761,49.1515],[7.4148,49.1578],[7.4105,49.1689],[7.3716,49.1662],[7.3491,49.1687],[7.2947,49.2052],[7.2869,49.2308],[7.3167,49.2519],[7.3567,49.3127],[7.3873,49.3368],[7.3852,49.3697],[7.3012,49.3848],[7.2523,49.431],[7.2461,49.4461],[7.3085,49.4854],[7.2675,49.5785],[7.2747,49.5621],[7.3,49.6],[7.5,49.68],[7.7,49.75],[7.85,49.8],[7.9,49.92],[7.9,49.97],[7.9023,49.9735],[7.8782,49.9729],[7.8498,50.0107],[7.7714,50.0535],[7.7917,50.0633],[7.8428,50.0882],[7.8592,50.1187],[7.8963,50.1207],[7.9217,50.1088],[7.9305,50.1363],[7.8968,50.155],[7.9222,50.2001],[7.9933,50.2284],[8.0231,50.2159],[8.042,50.2338],[8.0457,50.2633],[8.0961,50.262],[8.1227,50.2779],[8.1007,50.3195],[8.08,50.3303],[8.0495,50.3713],[8.0223,50.3891],[7.9801,50.3958],[8.0004,50.4403],[8.0192,50.4549],[7.9979,50.4758],[8.0045,50.5207],[8.0416,50.5445],[8.0704,50.5444],[8.1101,50.5271],[8.1387,50.5434],[8.1638,50.5858],[8.1439,50.6026],[8.1216,50.6458],[8.1345,50.684],[8.0895,50.6968],[8.0563,50.6909],[8.0338,50.726],[7.9811,50.7735],[7.9839,50.803],[7.9703,50.837],[7.9425,50.832],[7.8856,50.8669],[7.8446,50.882],[7.8597,50.9225],[7.8016,50.9327],[7.7575,50.9113],[7.7677,50.8365],[7.7406,50.842],[7.6756,50.81],[7.6989,50.7816],[7.6134,50.7494],[7.5995,50.7334],[7.5633,50.7328],[7.5324,50.721],[7.4486,50.7062],[7.3869,50.7037],[7.3715,50.6426],[7.3405,50.6289],[7.2826,50.6188],[7.2263,50.6214],[7.2148,50.6272],[7.21,50.64],[7.18,50.68],[7.12,50.73],[7.07,50.78],[7,50.82],[6.97,50.94],[6.98,51],[6.95,51.05],[6.86,51.1],[6.8,51.17],[6.76,51.23],[6.74,51.27],[6.68,51.35],[6.7157,51.4],[6.73,51.4],[6.8,51.45],[6.85,51.55],[6.82,51.65],[6.7,51.75],[6.5,51.83],[6.4555,51.85],[6.4794,51.853],[6.5286,51.8764],[6.6282,51.8975],[6.7167,51.8993],[6.7438,51.9083],[6.7898,51.9511],[6.8107,51.9606],[6.804,51.9844],[6.7782,52.0013],[6.675,52.0348],[6.6799,52.0605],[6.7114,52.0673],[6.7329,52.092],[6.7716,52.1088],[6.7595,52.1145],[6.6619,52.1273],[6.6667,52.1645],[6.6017,52.1659],[6.5974,52.1781],[6.4952,52.1772],[6.4659,52.1944],[6.4114,52.2446],[6.3817,52.2468],[6.3225,52.2295],[6.2592,52.2289],[6.1796,52.2377],[6.1543,52.2256],[6.1241,52.2562],[6.1065,52.2997],[6.068,52.3218],[6.0816,52.3706],[6.12,52.3804],[6.1327,52.4213],[6.0954,52.4679],[6.0496,52.5053],[6.0307,52.511],[5.9697,52.485],[5.925,52.484],[5.8915,52.5204],[5.8669,52.5218],[5.8551,52.4807],[5.8153,52.4408],[5.771,52.4138],[5.6276,52.3718],[5.5791,52.3448],[5.5327,52.2769],[5.426,52.2639],[5.4089,52.2677],[5.3969,52.2199],[5.4387,52.1959],[5.4301,52.1686],[5.4745,52.1609],[5.5128,52.1362],[5.4686,52.0823],[5.5001,52.0698],[5.5392,52.0872],[5.5533,52.1048],[5.5722,52.019],[5.6165,51.9778],[5.6157,51.9483],[5.5821,51.9533],[5.5051,51.982],[5.462,51.9876],[5.4204,51.974],[5.3828,51.9802],[5.3105,51.9597],[5.2543,51.9791],[5.1826,51.9669],[5.1179,51.8915],[5.1205,51.8762],[5.0334,51.852],[5.0045,51.8509],[5.0093,51.8252],[4.909,51.8299],[4.8703,51.8081],[4.7904,51.8027],[4.7399,51.7744],[4.6756,51.7194],[4.644,51.7191],[4.5449,51.696],[4.5065,51.6952],[4.4031,51.7083],[4.3727,51.6735],[4.3337,51.6569],[4.1978,51.6379],[4.1307,51.6583],[4.1109,51.647],[4.1207,51.639],[4.0924,51.639],[4.0924,51.6547],[4.097,51.6693],[4.1125,51.6693],[4.1126,51.6708],[4.1156,51.6715],[4.1156,51.7087],[4.0542,51.7087],[4.0542,51.7135],[4.0161,51.7135],[4.0161,51.7457],[3.9779,51.7457],[3.9779,51.7693],[3.9173,51.7693],[3.9016,51.743],[3.8101,51.7473],[3.7928,51.7457],[3.7892,51.7459],[3.7888,51.7459],[3.7825,51.7448],[3.7258,51.7397],[3.7054,51.7314],[3.6988,51.7303],[3.6988,51.7288],[3.6895,51.725],[3.6867,51.6927],[3.7206,51.6768],[3.7654,51.6784],[3.7758,51.6858],[3.8159,51.693],[3.8244,51.69],[3.8596,51.6726],[3.8284,51.6204],[3.8118,51.6115],[3.5604,51.5946],[3.5469,51.5894],[3.5008,51.5775],[3.4838,51.5652],[3.4575,51.5551],[3.447,51.546],[3.4619,51.519],[3.4948,51.5009],[3.5321,51.4626],[3.4881,51.4392],[3.4608,51.4246],[3.4179,51.4017],[3.3878,51.3857],[3.3828,51.3847],[3.3496,51.3778],[3.3477,51.3774],[3.3126,51.3702],[3.2775,51.3629],[3.2236,51.3518],[3.2073,51.3464],[3.1248,51.3297],[2.9983,51.2774],[2.9608,51.265],[2.9162,51.2478],[2.6523,51.1824],[2.5658,51.1609],[2.5226,51.1502],[2.5144,51.1482],[2.4793,51.1401],[2.1333,51.0605],[2.0901,51.0505],[2.0468,51.0405],[1.9603,51.0206],[1.6396,50.9468],[1.6143,50.8782],[1.5806,50.8688],[1.5946,50.8248],[1.512,50.6011],[1.4707,50.4893],[1.4501,50.4334],[1.4398,50.4055],[1.4294,50.3775],[1.3696,50.2153],[1.3489,50.1593],[1.3372,50.1276],[1.2877,50.111],[1.268,50.1044],[1.1871,50.0772],[1.0252,50.0229],[0.0541,49.6971],[-0.1077,49.6428],[-0.1887,49.6156],[-0.2696,49.5885],[-0.31,49.5749],[-0.3505,49.5613],[-0.4314,49.5342],[-0.5933,49.4799],[-0.887,49.3813],[-0.9169,49.3864],[-0.9404,49.3923],[-0.9543,49.3928],[-0.9592,49.3936],[-0.9596,49.3936],[-0.9698,49.3933],[-1.0723,49.3968],[-1.084,49.3909],[-1.158,49.4245],[-1.1847,49.4366],[-1.1932,49.4457],[-1.212,49.4688],[-1.2328,49.4943],[-1.263,49.5914],[-1.2533,49.6123],[-1.2278,49.6241],[-1.2322,49.6414],[-1.258,49.6792],[-1.258,49.68],[-1.2587,49.6802],[-1.2711,49.6984],[-1.3913,49.7127],[-1.4557,49.7022],[-1.4752,49.6884],[-1.5894,49.6679],[-1.7044,49.6818],[-1.7249,49.682],[-1.7251,49.682],[-1.9348,49.7772],[-1.9347,49.777],[-1.9352,49.7772],[-1.9351,49.7767],[-1.9352,49.7768],[-1.9208,49.7253],[-1.9352,49.7241],[-1.9456,49.678],[-1.9051,49.6693],[-1.8704,49.5452],[-1.8847,49.5309],[-1.8602,49.5086],[-1.7352,49.0619],[-1.6727,48.8386],[-1.6415,48.727],[-1.6266,48.6738],[-1.6185,48.645],[-1.6404,48.6483],[-1.6719,48.6532],[-1.735,48.6628],[-1.8466,48.68],[-1.8363,48.6911],[-1.8437,48.7121],[-1.9484,48.6956],[-2.022,48.7069],[-2.0588,48.7125],[-2.0588,48.667],[-2.022,48.667],[-2.022,48.6495],[-2.0287,48.6433],[-2.0275,48.6415],[-2.022,48.6333],[-2.022,48.6159],[-2.0323,48.6159],[-2.0175,48.5907],[-1.9988,48.5907],[-1.9988,48.5654],[-1.9982,48.5648],[-1.9652,48.5648],[-1.9491,48.5392],[-1.9485,48.5383],[-1.9251,48.5448],[-1.9102,48.5036],[-1.918,48.473],[-1.944,48.4467],[-1.9517,48.4228],[-1.9327,48.3639],[-1.9615,48.3421],[-1.9615,48.3003],[-1.9824,48.2803],[-2.066,48.2952],[-2.1172,48.2608],[-2.1602,48.2607],[-2.186,48.2226],[-2.2108,48.2096],[-2.2319,48.1641],[-2.2873,48.1337],[-2.2352,48.0786],[-2.1882,48.0797],[-2.1913,48.0525],[-2.2576,48.0389],[-2.2711,48.0054],[-2.2554,47.9974],[-2.1677,47.9847],[-2.1243,47.9636],[-2.106,47.945],[-2.1002,47.9119],[-2.1095,47.8488],[-2.0612,47.8463],[-2.0524,47.8218],[-2.068,47.7962],[-2.1223,47.7743],[-2.1103,47.7588],[-2.0716,47.7572],[-2.0767,47.7333],[-2.1159,47.7317],[-2.1263,47.7142],[-2.1062,47.669],[-2.1028,47.6393],[-2.0885,47.6326],[-2.0858,47.608],[-2.11,47.5423],[-2.1544,47.5131],[-2.1868,47.4814],[-2.2109,47.5076],[-2.2534,47.4953],[-2.3023,47.5016],[-2.3345,47.464],[-2.4041,47.4556],[-2.4331,47.4658],[-2.4611,47.4526],[-2.4649,47.4535],[-2.4649,47.4322],[-2.5014,47.4322],[-2.5014,47.4247],[-2.5379,47.4247],[-2.5379,47.4473],[-2.684,47.4473],[-2.684,47.411],[-2.7238,47.411],[-2.7238,47.4045]]],[[[-2.6735,49.4335],[-2.6693,49.4309],[-2.5731,49.4309],[-2.5521,49.4267],[-2.549,49.4283],[-2.5472,49.4279],[-2.5472,49.428],[-2.5468,49.4279],[-2.5456,49.4301],[-2.5341,49.4362],[-2.5267,49.4585],[-2.5245,49.4688],[-2.5127,49.4903],[-2.5058,49.498],[-2.5017,49.5067],[-2.5182,49.5155],[-2.5382,49.5098],[-2.5496,49.5042],[-2.5736,49.4954],[-2.5802,49.4936],[-2.5825,49.4922],[-2.648,49.4682],[-2.6479,49.4679],[-2.648,49.4678],[-2.6464,49.464],[-2.6503,49.4637],[-2.6566,49.4594],[-2.6518,49.4452],[-2.663,49.4438],[-2.6735,49.4335]]],[[[-2.242,49.248],[-2.2332,49.2285],[-2.2296,49.2165],[-2.2376,49.1766],[-2.2375,49.1766],[-2.2376,49.1762],[-2.2372,49.1763],[-2.2372,49.1762],[-2.1826,49.1841],[-2.1772,49.1802],[-2.1687,49.1783],[-2.1626,49.1866],[-2.1013,49.1866],[-2.097,49.1837],[-2.08,49.1787],[-2.0734,49.1786],[-2.054,49.1693],[-2.0537,49.1694],[-2.0536,49.1693],[-2.0354,49.1744],[-2.0245,49.1713],[-2.0237,49.1777],[-2.0104,49.1814],[-2.0105,49.1818],[-2.0104,49.1818],[-2.014,49.2072],[-2.0083,49.2125],[-2.0158,49.2196],[-2.0176,49.2321],[-2.021,49.2333],[-2.0207,49.2353],[-2.0679,49.2507],[-2.0827,49.2602],[-2.1039,49.2582],[-2.1059,49.2568],[-2.1218,49.2582],[-2.122,49.2583],[-2.1438,49.2619],[-2.1517,49.267],[-2.1618,49.2618],[-2.2192,49.2669],[-2.2196,49.2669],[-2.2209,49.2605],[-2.2294,49.263],[-2.2411,49.2602],[-2.242,49.248]]]]}},
{"type":"Feature","properties":{"entityId":"frankish-kingdom","from":506,"to":507,"certainty":"estimated","source":"유럽 쪽은 Natural Earth 1:10m admin-1(v5.1.2) 현대 행정구역 조각을 그 시기 국경에 맞춰 묶고, 조각이 역사 경계와 다른 곳은 선을 그어 나눈 근사. 유럽 밖(시베리아·중앙아시아·극동)은 대략적인 추정. 운영자 검수 필요"},"geometry":{"type":"MultiPolygon","coordinates":[[[[-2.7238,47.4045],[-2.684,47.3772],[-2.6458,47.351],[-2.365,47.1585],[-2.3168,47.1254],[-2.2491,47.079],[-2.2382,47.0715],[-2.2268,47.0637],[-2.2098,47.0464],[-2.2079,47.0445],[-2.1814,47.0175],[-2.1814,47.0291],[-2.046,47.0291],[-2.046,47.0644],[-2.0183,47.0644],[-2.0183,47.0306],[-2.0001,47.0306],[-1.9907,47.0354],[-1.9684,47.0252],[-1.9084,46.9773],[-1.8766,46.9594],[-1.7716,46.9245],[-1.7203,46.8846],[-1.6518,46.8791],[-1.5501,46.8599],[-1.5,46.8827],[-1.5394,46.9457],[-1.553,46.9934],[-1.5466,47.0201],[-1.4982,47.0354],[-1.468,47.0105],[-1.468,46.9556],[-1.4595,46.9404],[-1.4241,46.9358],[-1.3787,46.957],[-1.3624,46.986],[-1.368,47.024],[-1.3439,47.0451],[-1.3054,47.0392],[-1.2697,47.0763],[-1.2312,47.067],[-1.1486,47.0295],[-1.0753,47.0072],[-1.0349,47.0032],[-0.9934,47.0204],[-0.946,47.0004],[-0.935,47.0166],[-0.8704,46.9942],[-0.8375,46.9897],[-0.7804,46.997],[-0.6965,46.9881],[-0.6324,46.9924],[-0.5492,47.0252],[-0.5551,47.061],[-0.5177,47.0754],[-0.4732,47.0664],[-0.3763,47.0881],[-0.2697,47.0972],[-0.1706,47.0983],[-0.143,47.0628],[-0.109,47.0696],[-0.0918,47.0861],[-0.0531,47.0963],[-0.0369,47.1279],[-0.004,47.1566],[0.0668,47.1537],[0.0815,47.2302],[0.0995,47.2867],[0.1215,47.3201],[0.1771,47.3774],[0.1718,47.405],[0.1902,47.4535],[0.2218,47.5022],[0.2184,47.5605],[0.2418,47.6029],[0.3714,47.5802],[0.3895,47.5856],[0.3847,47.6241],[0.4083,47.6306],[0.4438,47.6188],[0.4778,47.64],[0.5178,47.6463],[0.6082,47.6708],[0.6096,47.6892],[0.6454,47.7061],[0.7063,47.6844],[0.741,47.6941],[0.8387,47.676],[0.8598,47.6621],[0.8557,47.6143],[0.8729,47.5999],[0.9157,47.6208],[0.9622,47.6292],[0.9874,47.622],[1.0038,47.5934],[1.0378,47.6013],[1.0681,47.5576],[1.0525,47.5235],[1.1051,47.4717],[1.1196,47.4426],[1.1188,47.3715],[1.0988,47.3259],[1.1176,47.3028],[1.1637,47.2806],[1.2391,47.2782],[1.2725,47.2571],[1.3267,47.1863],[1.4237,47.2264],[1.4717,47.2358],[1.5247,47.2257],[1.5482,47.2578],[1.5929,47.2576],[1.6039,47.2847],[1.6727,47.2727],[1.7244,47.2892],[1.839,47.2192],[1.8909,47.2149],[1.91,47.2284],[1.9144,47.2612],[1.9499,47.2845],[2.0008,47.2703],[2.0511,47.2657],[2.1008,47.2701],[2.1391,47.2861],[2.1487,47.3086],[2.1203,47.3597],[2.1157,47.3917],[2.1273,47.4161],[2.1524,47.4272],[2.2164,47.4113],[2.2451,47.4112],[2.2586,47.4392],[2.246,47.4817],[2.2225,47.5022],[2.1992,47.5413],[2.1411,47.5489],[2.1284,47.5591],[2.1328,47.5877],[2.1629,47.6035],[2.2391,47.621],[2.2945,47.6222],[2.3725,47.5952],[2.4419,47.6069],[2.4892,47.5766],[2.5663,47.5728],[2.5844,47.5637],[2.6265,47.518],[2.6789,47.485],[2.7039,47.4867],[2.7331,47.525],[2.7544,47.5235],[2.7976,47.4974],[2.8747,47.5205],[2.8589,47.5443],[2.9097,47.5622],[2.9693,47.5676],[2.9944,47.5633],[3.0987,47.5788],[3.1185,47.5726],[3.1273,47.5371],[3.1451,47.5254],[3.2116,47.516],[3.2395,47.4926],[3.2909,47.5013],[3.3324,47.4813],[3.3601,47.486],[3.3913,47.5066],[3.4154,47.5088],[3.4882,47.4938],[3.492,47.56],[3.5307,47.5204],[3.5619,47.5001],[3.5873,47.4652],[3.6447,47.4567],[3.7159,47.4115],[3.8045,47.3859],[3.8207,47.3904],[3.8475,47.4303],[3.8772,47.4171],[3.8689,47.374],[3.8841,47.3674],[3.9507,47.3931],[3.9657,47.3758],[3.977,47.3269],[4.0182,47.313],[4.048,47.3395],[4.1061,47.3392],[4.1021,47.3679],[4.0809,47.3801],[4.0682,47.4245],[4.1172,47.4556],[4.1184,47.5047],[4.143,47.5251],[4.2019,47.5996],[4.2192,47.6322],[4.2445,47.6558],[4.2569,47.6875],[4.2586,47.7339],[4.3303,47.7603],[4.3376,47.792],[4.3131,47.8415],[4.2627,47.8439],[4.2703,47.8876],[4.2884,47.9243],[4.3259,47.946],[4.5418,47.9653],[4.5604,47.9744],[4.5632,47.9978],[4.6102,48.0153],[4.643,48.0086],[4.6985,48.022],[4.7184,48.0429],[4.6952,48.0788],[4.7111,48.1034],[4.7584,48.1149],[4.8138,48.1047],[4.8374,48.1266],[4.8447,48.1672],[4.8624,48.1983],[4.8466,48.2901],[4.8184,48.3202],[4.8196,48.3444],[4.7739,48.3584],[4.7531,48.3833],[4.716,48.3994],[4.6801,48.4357],[4.6436,48.4522],[4.64,48.4689],[4.6627,48.4932],[4.6702,48.5318],[4.7729,48.5351],[4.7862,48.5478],[4.7688,48.5755],[4.7865,48.6006],[4.8544,48.6128],[4.8374,48.6446],[4.7734,48.644],[4.8021,48.6784],[4.867,48.6933],[4.9921,48.6929],[5.0046,48.6554],[5.0359,48.6181],[5.117,48.5812],[5.187,48.5419],[5.2686,48.5108],[5.3448,48.5004],[5.3563,48.4814],[5.4552,48.4192],[5.4242,48.3881],[5.4322,48.3373],[5.5085,48.3507],[5.534,48.3339],[5.5844,48.2838],[5.6379,48.2808],[5.6615,48.2386],[5.713,48.2114],[5.7203,48.196],[5.6975,48.1805],[5.6885,48.1477],[5.6593,48.1008],[5.7322,48.0467],[5.788,48.0225],[5.799,48.0012],[5.7981,47.9642],[5.8128,47.9572],[5.8492,47.9676],[5.8918,47.9326],[5.9261,47.9481],[5.9551,47.9797],[5.9709,47.9409],[6.0344,47.9726],[6.071,48.0044],[6.0994,48.0087],[6.1469,48.0016],[6.1827,47.9768],[6.1819,47.9582],[6.2438,47.9322],[6.2828,47.9348],[6.3224,47.9505],[6.3734,47.953],[6.412,47.9423],[6.4987,47.9047],[6.5526,47.9012],[6.5765,47.908],[6.6138,47.9413],[6.6372,47.9351],[6.6965,47.8899],[6.7407,47.8761],[6.836,47.8242],[6.7848,47.78],[6.7651,47.7529],[6.7608,47.7138],[6.7865,47.655],[6.7897,47.6042],[6.8109,47.5764],[6.8071,47.5629],[6.8248,47.5476],[6.8938,47.5518],[6.9234,47.5211],[6.9144,47.487],[6.9392,47.4268],[6.991,47.4522],[6.9733,47.4891],[7.0008,47.4977],[7.0539,47.4904],[7.1037,47.4963],[7.1422,47.4877],[7.1808,47.4883],[7.1626,47.4599],[7.1683,47.4436],[7.2448,47.4177],[7.2826,47.4289],[7.3369,47.4319],[7.3882,47.4333],[7.4206,47.4509],[7.4276,47.4707],[7.4144,47.484],[7.426,47.4925],[7.446,47.4869],[7.4674,47.4819],[7.4858,47.4988],[7.4769,47.5149],[7.5011,47.5173],[7.5052,47.533],[7.4827,47.5423],[7.5209,47.5634],[7.5263,47.5665],[7.5503,47.5755],[7.5855,47.5845],[7.586,47.5846],[7.637,47.595],[7.6597,47.5966],[7.6465,47.5715],[7.6359,47.5646],[7.6123,47.5647],[7.6097,47.5647],[7.6469,47.5514],[7.6834,47.5443],[7.7273,47.5504],[7.7856,47.5632],[7.8197,47.5953],[7.8982,47.5878],[7.9122,47.5606],[8.0423,47.5606],[8.0872,47.5674],[8.1221,47.5921],[8.179,47.6158],[8.2511,47.622],[8.2886,47.6158],[8.3063,47.5922],[8.3541,47.581],[8.4211,47.5811],[8.4489,47.5843],[8.4618,47.6061],[8.5224,47.6219],[8.5517,47.5969],[8.5607,47.5894],[8.5763,47.595],[8.5803,47.639],[8.6016,47.6326],[8.5936,47.6582],[8.5682,47.6629],[8.5197,47.6574],[8.4761,47.6404],[8.4583,47.6399],[8.412,47.661],[8.3913,47.6655],[8.3977,47.6763],[8.391,47.6921],[8.4019,47.7071],[8.4379,47.7232],[8.4501,47.7505],[8.4636,47.7639],[8.5365,47.7741],[8.5516,47.7793],[8.5423,47.795],[8.5582,47.8012],[8.6016,47.7946],[8.6076,47.7623],[8.6298,47.7628],[8.635,47.7846],[8.657,47.7881],[8.6819,47.7587],[8.7131,47.7574],[8.7198,47.7473],[8.7004,47.7235],[8.7171,47.6946],[8.7699,47.6951],[8.7617,47.7013],[8.7707,47.7209],[8.7976,47.72],[8.8302,47.7072],[8.8561,47.6907],[8.8377,47.6878],[8.8519,47.6713],[8.9062,47.6518],[8.9818,47.6622],[9.0166,47.6789],[9.1281,47.6704],[9.1834,47.6704],[9.1969,47.6561],[9.2732,47.6501],[9.5475,47.5345],[9.5541,47.5327],[9.6122,47.5877],[9.6864,47.6114],[9.715,47.6048],[9.7601,47.6204],[9.8342,47.6651],[9.8646,47.6748],[9.905,47.6632],[9.9533,47.6595],[10.0339,47.68],[10.0578,47.6782],[10.0757,47.6497],[10.0934,47.6797],[10.1215,47.6739],[10.1314,47.6879],[10.114,47.7673],[10.0802,47.787],[10.0893,47.8017],[10.1295,47.8165],[10.0982,47.8779],[10.1095,47.9378],[10.0855,47.9701],[10.1007,47.9796],[10.1302,48.0349],[10.1401,48.0836],[10.1362,48.1073],[10.1093,48.148],[10.07,48.269],[10.0541,48.3049],[10.0039,48.3681],[9.9806,48.3813],[10.0366,48.4334],[10.046,48.458],[10.0679,48.4722],[10.1212,48.4872],[10.1534,48.4658],[10.2506,48.5052],[10.2624,48.5254],[10.315,48.5311],[10.3229,48.562],[10.3131,48.6082],[10.3329,48.6233],[10.2892,48.6454],[10.2704,48.6811],[10.2981,48.7035],[10.3544,48.6862],[10.3719,48.6645],[10.4242,48.702],[10.4444,48.6993],[10.4385,48.6676],[10.4951,48.6995],[10.4674,48.7358],[10.4411,48.7418],[10.4324,48.7658],[10.4411,48.8042],[10.459,48.8335],[10.4493,48.8456],[10.4563,48.8877],[10.4482,48.9086],[10.4674,48.915],[10.4588,48.9394],[10.4151,48.9829],[10.3733,49.0054],[10.3542,49.0334],[10.2744,49.0502],[10.2625,49.0893],[10.2296,49.103],[10.2512,49.1077],[10.2633,49.1476],[10.2187,49.1551],[10.1469,49.2054],[10.1326,49.2723],[10.1598,49.2753],[10.1526,49.3191],[10.1192,49.3416],[10.1218,49.3695],[10.1396,49.3835],[10.1711,49.3843],[10.1423,49.4308],[10.1146,49.4403],[10.132,49.4724],[10.1275,49.5114],[10.0986,49.5195],[10.0852,49.5443],[10.0574,49.5273],[10.0658,49.5092],[10.0197,49.4803],[9.9363,49.4817],[9.9298,49.5504],[9.9129,49.579],[9.8552,49.542],[9.8391,49.5512],[9.8823,49.6094],[9.8339,49.6529],[9.8317,49.6907],[9.7925,49.722],[9.7275,49.6873],[9.7098,49.7198],[9.6775,49.6905],[9.6305,49.699],[9.6471,49.7307],[9.6463,49.7836],[9.6019,49.7708],[9.5744,49.7823],[9.5448,49.7787],[9.491,49.7953],[9.4006,49.7835],[9.3519,49.7857],[9.3123,49.7657],[9.3136,49.7321],[9.37,49.7191],[9.3689,49.6984],[9.3948,49.7174],[9.4272,49.7082],[9.4044,49.6401],[9.3766,49.6505],[9.3237,49.6414],[9.2863,49.6266],[9.2896,49.6105],[9.2534,49.5776],[9.1107,49.5751],[9.0727,49.6109],[9.1113,49.6398],[9.0995,49.6864],[9.135,49.6979],[9.1467,49.7462],[9.1229,49.7539],[9.1405,49.7837],[9.1037,49.7964],[9.088,49.8441],[9.0702,49.8306],[9.0267,49.9074],[9.0281,49.9854],[9.0531,49.9817],[9.0269,50.0431],[8.9766,50.0528],[9.0059,50.0664],[9.0121,50.0991],[9.1079,50.1254],[9.1549,50.1112],[9.1881,50.1198],[9.1914,50.1347],[9.2288,50.1438],[9.3291,50.1393],[9.3841,50.1189],[9.4067,50.0923],[9.4459,50.0914],[9.5067,50.1081],[9.5104,50.1377],[9.5287,50.1686],[9.4991,50.1768],[9.511,50.2362],[9.5601,50.2257],[9.6121,50.2242],[9.6612,50.2344],[9.6583,50.2543],[9.6803,50.2795],[9.7486,50.3056],[9.7428,50.3471],[9.7667,50.4021],[9.8068,50.4166],[9.8285,50.4007],[9.8589,50.399],[9.9183,50.4138],[10.0009,50.4484],[10.055,50.5165],[10.0569,50.5544],[10.0459,50.6055],[10.076,50.622],[10.0737,50.6452],[10.0521,50.6696],[9.9976,50.6762],[9.9509,50.6627],[9.9604,50.6396],[9.9433,50.6271],[9.8795,50.6371],[9.8882,50.6759],[9.9132,50.6927],[9.9355,50.751],[9.9207,50.7638],[9.9449,50.7745],[9.9494,50.8152],[10.0187,50.8317],[10.0232,50.8544],[10.056,50.8826],[10.0327,50.9088],[10.0062,50.921],[9.9742,50.9061],[9.9559,50.9419],[10.0414,50.9409],[10.0431,50.9616],[10.0236,50.9821],[10.0511,51.007],[10.1232,51.008],[10.143,50.9938],[10.1879,50.9957],[10.2087,51.0209],[10.1932,51.0448],[10.1424,51.0552],[10.1691,51.1155],[10.126,51.1361],[10.1736,51.1448],[10.1964,51.1159],[10.2303,51.1843],[10.1728,51.2061],[10.0813,51.2232],[10.0536,51.2517],[10.0491,51.2766],[9.984,51.2858],[9.947,51.3039],[9.9235,51.3603],[9.9492,51.3818],[9.9058,51.4037],[9.9042,51.417],[9.8628,51.4087],[9.8755,51.3847],[9.8564,51.3721],[9.826,51.4009],[9.8017,51.3972],[9.7137,51.3638],[9.7545,51.3309],[9.7843,51.3359],[9.7621,51.3093],[9.7115,51.2915],[9.6826,51.315],[9.5694,51.3423],[9.5347,51.3666],[9.5709,51.3614],[9.5636,51.3845],[9.5821,51.3988],[9.6325,51.4009],[9.6387,51.468],[9.5968,51.5116],[9.6197,51.5525],[9.6451,51.5517],[9.644,51.5719],[9.6713,51.5593],[9.6861,51.5719],[9.6508,51.6112],[9.6234,51.6295],[9.5926,51.6257],[9.5493,51.6403],[9.5326,51.6303],[9.4944,51.6321],[9.4904,51.6493],[9.4401,51.649],[9.4178,51.6271],[9.3331,51.6067],[9.3538,51.5955],[9.336,51.554],[9.2963,51.5176],[9.2243,51.487],[9.2148,51.4587],[9.158,51.4389],[9.1087,51.4429],[9.0843,51.46],[9.0846,51.483],[9.0154,51.5092],[8.9062,51.4809],[8.8981,51.4667],[8.9162,51.4229],[8.9495,51.4089],[8.9351,51.3913],[8.8936,51.39],[8.858,51.3754],[8.8146,51.3817],[8.7277,51.3731],[8.6855,51.3634],[8.5939,51.296],[8.58,51.2649],[8.6079,51.2413],[8.7169,51.2711],[8.7317,51.2498],[8.7522,51.1878],[8.7502,51.1728],[8.6957,51.1305],[8.7044,51.1047],[8.6584,51.0884],[8.6272,51.0936],[8.5247,51.0933],[8.5449,51.0207],[8.4696,50.9438],[8.4638,50.9145],[8.4441,50.916],[8.3641,50.8616],[8.3145,50.8645],[8.2996,50.8809],[8.1972,50.8271],[8.1872,50.8115],[8.1393,50.785],[8.145,50.7623],[8.1751,50.7421],[8.1669,50.7079],[8.1345,50.684],[8.0895,50.6968],[8.0563,50.6909],[8.0338,50.726],[7.9811,50.7735],[7.9839,50.803],[7.9703,50.837],[7.9425,50.832],[7.8856,50.8669],[7.8446,50.882],[7.8597,50.9225],[7.8016,50.9327],[7.7575,50.9113],[7.7677,50.8365],[7.7406,50.842],[7.6756,50.81],[7.6989,50.7816],[7.6134,50.7494],[7.5995,50.7334],[7.5633,50.7328],[7.5324,50.721],[7.4486,50.7062],[7.3869,50.7037],[7.3715,50.6426],[7.3405,50.6289],[7.2826,50.6188],[7.2263,50.6214],[7.2148,50.6272],[7.21,50.64],[7.18,50.68],[7.12,50.73],[7.07,50.78],[7,50.82],[6.97,50.94],[6.98,51],[6.95,51.05],[6.86,51.1],[6.8,51.17],[6.76,51.23],[6.74,51.27],[6.68,51.35],[6.7157,51.4],[6.73,51.4],[6.8,51.45],[6.85,51.55],[6.82,51.65],[6.7,51.75],[6.5,51.83],[6.4555,51.85],[6.4794,51.853],[6.5286,51.8764],[6.6282,51.8975],[6.7167,51.8993],[6.7438,51.9083],[6.7898,51.9511],[6.8107,51.9606],[6.804,51.9844],[6.7782,52.0013],[6.675,52.0348],[6.6799,52.0605],[6.7114,52.0673],[6.7329,52.092],[6.7716,52.1088],[6.7595,52.1145],[6.6619,52.1273],[6.6667,52.1645],[6.6017,52.1659],[6.5974,52.1781],[6.4952,52.1772],[6.4659,52.1944],[6.4114,52.2446],[6.3817,52.2468],[6.3225,52.2295],[6.2592,52.2289],[6.1796,52.2377],[6.1543,52.2256],[6.1241,52.2562],[6.1065,52.2997],[6.068,52.3218],[6.0816,52.3706],[6.12,52.3804],[6.1327,52.4213],[6.0954,52.4679],[6.0496,52.5053],[6.0307,52.511],[5.9697,52.485],[5.925,52.484],[5.8915,52.5204],[5.8669,52.5218],[5.8551,52.4807],[5.8153,52.4408],[5.771,52.4138],[5.6276,52.3718],[5.5791,52.3448],[5.5327,52.2769],[5.426,52.2639],[5.4089,52.2677],[5.3969,52.2199],[5.4387,52.1959],[5.4301,52.1686],[5.4745,52.1609],[5.5128,52.1362],[5.4686,52.0823],[5.5001,52.0698],[5.5392,52.0872],[5.5533,52.1048],[5.5722,52.019],[5.6165,51.9778],[5.6157,51.9483],[5.5821,51.9533],[5.5051,51.982],[5.462,51.9876],[5.4204,51.974],[5.3828,51.9802],[5.3105,51.9597],[5.2543,51.9791],[5.1826,51.9669],[5.1179,51.8915],[5.1205,51.8762],[5.0334,51.852],[5.0045,51.8509],[5.0093,51.8252],[4.909,51.8299],[4.8703,51.8081],[4.7904,51.8027],[4.7399,51.7744],[4.6756,51.7194],[4.644,51.7191],[4.5449,51.696],[4.5065,51.6952],[4.4031,51.7083],[4.3727,51.6735],[4.3337,51.6569],[4.1978,51.6379],[4.1307,51.6583],[4.1109,51.647],[4.1207,51.639],[4.0924,51.639],[4.0924,51.6547],[4.097,51.6693],[4.1125,51.6693],[4.1126,51.6708],[4.1156,51.6715],[4.1156,51.7087],[4.0542,51.7087],[4.0542,51.7135],[4.0161,51.7135],[4.0161,51.7457],[3.9779,51.7457],[3.9779,51.7693],[3.9173,51.7693],[3.9016,51.743],[3.8101,51.7473],[3.7928,51.7457],[3.7892,51.7459],[3.7888,51.7459],[3.7825,51.7448],[3.7258,51.7397],[3.7054,51.7314],[3.6988,51.7303],[3.6988,51.7288],[3.6895,51.725],[3.6867,51.6927],[3.7206,51.6768],[3.7654,51.6784],[3.7758,51.6858],[3.8159,51.693],[3.8244,51.69],[3.8596,51.6726],[3.8284,51.6204],[3.8118,51.6115],[3.5604,51.5946],[3.5469,51.5894],[3.5008,51.5775],[3.4838,51.5652],[3.4575,51.5551],[3.447,51.546],[3.4619,51.519],[3.4948,51.5009],[3.5321,51.4626],[3.4881,51.4392],[3.4608,51.4246],[3.4179,51.4017],[3.3878,51.3857],[3.3828,51.3847],[3.3496,51.3778],[3.3477,51.3774],[3.3126,51.3702],[3.2775,51.3629],[3.2236,51.3518],[3.2073,51.3464],[3.1248,51.3297],[2.9983,51.2774],[2.9608,51.265],[2.9162,51.2478],[2.6523,51.1824],[2.5658,51.1609],[2.5226,51.1502],[2.5144,51.1482],[2.4793,51.1401],[2.1333,51.0605],[2.0901,51.0505],[2.0468,51.0405],[1.9603,51.0206],[1.6396,50.9468],[1.6143,50.8782],[1.5806,50.8688],[1.5946,50.8248],[1.512,50.6011],[1.4707,50.4893],[1.4501,50.4334],[1.4398,50.4055],[1.4294,50.3775],[1.3696,50.2153],[1.3489,50.1593],[1.3372,50.1276],[1.2877,50.111],[1.268,50.1044],[1.1871,50.0772],[1.0252,50.0229],[0.0541,49.6971],[-0.1077,49.6428],[-0.1887,49.6156],[-0.2696,49.5885],[-0.31,49.5749],[-0.3505,49.5613],[-0.4314,49.5342],[-0.5933,49.4799],[-0.887,49.3813],[-0.9169,49.3864],[-0.9404,49.3923],[-0.9543,49.3928],[-0.9592,49.3936],[-0.9596,49.3936],[-0.9698,49.3933],[-1.0723,49.3968],[-1.084,49.3909],[-1.158,49.4245],[-1.1847,49.4366],[-1.1932,49.4457],[-1.212,49.4688],[-1.2328,49.4943],[-1.263,49.5914],[-1.2533,49.6123],[-1.2278,49.6241],[-1.2322,49.6414],[-1.258,49.6792],[-1.258,49.68],[-1.2587,49.6802],[-1.2711,49.6984],[-1.3913,49.7127],[-1.4557,49.7022],[-1.4752,49.6884],[-1.5894,49.6679],[-1.7044,49.6818],[-1.7249,49.682],[-1.7251,49.682],[-1.9348,49.7772],[-1.9347,49.777],[-1.9352,49.7772],[-1.9351,49.7767],[-1.9352,49.7768],[-1.9208,49.7253],[-1.9352,49.7241],[-1.9456,49.678],[-1.9051,49.6693],[-1.8704,49.5452],[-1.8847,49.5309],[-1.8602,49.5086],[-1.7352,49.0619],[-1.6727,48.8386],[-1.6415,48.727],[-1.6266,48.6738],[-1.6185,48.645],[-1.6404,48.6483],[-1.6719,48.6532],[-1.735,48.6628],[-1.8466,48.68],[-1.8363,48.6911],[-1.8437,48.7121],[-1.9484,48.6956],[-2.022,48.7069],[-2.0588,48.7125],[-2.0588,48.667],[-2.022,48.667],[-2.022,48.6495],[-2.0287,48.6433],[-2.0275,48.6415],[-2.022,48.6333],[-2.022,48.6159],[-2.0323,48.6159],[-2.0175,48.5907],[-1.9988,48.5907],[-1.9988,48.5654],[-1.9982,48.5648],[-1.9652,48.5648],[-1.9491,48.5392],[-1.9485,48.5383],[-1.9251,48.5448],[-1.9102,48.5036],[-1.918,48.473],[-1.944,48.4467],[-1.9517,48.4228],[-1.9327,48.3639],[-1.9615,48.3421],[-1.9615,48.3003],[-1.9824,48.2803],[-2.066,48.2952],[-2.1172,48.2608],[-2.1602,48.2607],[-2.186,48.2226],[-2.2108,48.2096],[-2.2319,48.1641],[-2.2873,48.1337],[-2.2352,48.0786],[-2.1882,48.0797],[-2.1913,48.0525],[-2.2576,48.0389],[-2.2711,48.0054],[-2.2554,47.9974],[-2.1677,47.9847],[-2.1243,47.9636],[-2.106,47.945],[-2.1002,47.9119],[-2.1095,47.8488],[-2.0612,47.8463],[-2.0524,47.8218],[-2.068,47.7962],[-2.1223,47.7743],[-2.1103,47.7588],[-2.0716,47.7572],[-2.0767,47.7333],[-2.1159,47.7317],[-2.1263,47.7142],[-2.1062,47.669],[-2.1028,47.6393],[-2.0885,47.6326],[-2.0858,47.608],[-2.11,47.5423],[-2.1544,47.5131],[-2.1868,47.4814],[-2.2109,47.5076],[-2.2534,47.4953],[-2.3023,47.5016],[-2.3345,47.464],[-2.4041,47.4556],[-2.4331,47.4658],[-2.4611,47.4526],[-2.4649,47.4535],[-2.4649,47.4322],[-2.5014,47.4322],[-2.5014,47.4247],[-2.5379,47.4247],[-2.5379,47.4473],[-2.684,47.4473],[-2.684,47.411],[-2.7238,47.411],[-2.7238,47.4045]]],[[[-2.6735,49.4335],[-2.6693,49.4309],[-2.5731,49.4309],[-2.5521,49.4267],[-2.549,49.4283],[-2.5472,49.4279],[-2.5472,49.428],[-2.5468,49.4279],[-2.5456,49.4301],[-2.5341,49.4362],[-2.5267,49.4585],[-2.5245,49.4688],[-2.5127,49.4903],[-2.5058,49.498],[-2.5017,49.5067],[-2.5182,49.5155],[-2.5382,49.5098],[-2.5496,49.5042],[-2.5736,49.4954],[-2.5802,49.4936],[-2.5825,49.4922],[-2.648,49.4682],[-2.6479,49.4679],[-2.648,49.4678],[-2.6464,49.464],[-2.6503,49.4637],[-2.6566,49.4594],[-2.6518,49.4452],[-2.663,49.4438],[-2.6735,49.4335]]],[[[-2.242,49.248],[-2.2332,49.2285],[-2.2296,49.2165],[-2.2376,49.1766],[-2.2375,49.1766],[-2.2376,49.1762],[-2.2372,49.1763],[-2.2372,49.1762],[-2.1826,49.1841],[-2.1772,49.1802],[-2.1687,49.1783],[-2.1626,49.1866],[-2.1013,49.1866],[-2.097,49.1837],[-2.08,49.1787],[-2.0734,49.1786],[-2.054,49.1693],[-2.0537,49.1694],[-2.0536,49.1693],[-2.0354,49.1744],[-2.0245,49.1713],[-2.0237,49.1777],[-2.0104,49.1814],[-2.0105,49.1818],[-2.0104,49.1818],[-2.014,49.2072],[-2.0083,49.2125],[-2.0158,49.2196],[-2.0176,49.2321],[-2.021,49.2333],[-2.0207,49.2353],[-2.0679,49.2507],[-2.0827,49.2602],[-2.1039,49.2582],[-2.1059,49.2568],[-2.1218,49.2582],[-2.122,49.2583],[-2.1438,49.2619],[-2.1517,49.267],[-2.1618,49.2618],[-2.2192,49.2669],[-2.2196,49.2669],[-2.2209,49.2605],[-2.2294,49.263],[-2.2411,49.2602],[-2.242,49.248]]]]}},
{"type":"Feature","properties":{"entityId":"frankish-kingdom","from":507,"to":531,"certainty":"estimated","source":"유럽 쪽은 Natural Earth 1:10m admin-1(v5.1.2) 현대 행정구역 조각을 그 시기 국경에 맞춰 묶고, 조각이 역사 경계와 다른 곳은 선을 그어 나눈 근사. 유럽 밖(시베리아·중앙아시아·극동)은 대략적인 추정. 운영자 검수 필요"},"geometry":{"type":"MultiPolygon","coordinates":[[[[-2.7238,47.4045],[-2.684,47.3772],[-2.6458,47.351],[-2.365,47.1585],[-2.3168,47.1254],[-2.2491,47.079],[-2.2382,47.0715],[-2.2268,47.0637],[-2.2098,47.0464],[-2.2079,47.0445],[-2.1814,47.0175],[-2.1532,46.9889],[-2.1137,46.9487],[-2.098,46.9328],[-2.1022,46.9307],[-2.0963,46.9165],[-2.122,46.9037],[-2.1313,46.8718],[-2.1188,46.82],[-2.0503,46.7921],[-2.0022,46.7575],[-1.9921,46.7485],[-1.965,46.7104],[-1.9398,46.7019],[-1.9208,46.685],[-1.8213,46.558],[-1.8048,46.5036],[-1.7817,46.4954],[-1.7854,46.514],[-1.7742,46.5093],[-1.7684,46.5002],[-1.6868,46.4609],[-1.6459,46.4558],[-1.6321,46.4501],[-1.6256,46.4311],[-1.5988,46.425],[-1.598,46.425],[-1.5344,46.3603],[-1.5025,46.3279],[-1.4706,46.2956],[-1.4421,46.2666],[-1.4136,46.2377],[-1.4905,46.2244],[-1.508,46.2456],[-1.4739,46.2381],[-1.4679,46.2499],[-1.4981,46.2619],[-1.5558,46.2518],[-1.5043,46.2077],[-1.4329,46.2108],[-1.3506,46.1737],[-1.3432,46.1662],[-1.2496,46.0712],[-1.1936,46.0143],[-1.2021,45.9262],[-1.2198,45.9431],[-1.2194,45.9439],[-1.2336,45.9917],[-1.2738,45.9976],[-1.3399,46.0378],[-1.3829,46.048],[-1.3876,46.0501],[-1.3876,46.0499],[-1.388,46.0501],[-1.388,46.0492],[-1.4049,46.0532],[-1.3833,46.0155],[-1.375,45.9858],[-1.3783,45.976],[-1.3402,45.9387],[-1.2778,45.8942],[-1.2457,45.8546],[-1.2269,45.8198],[-1.2127,45.8153],[-1.2147,45.7949],[-1.2303,45.7924],[-1.2473,45.7099],[-1.2228,45.71],[-1.23,45.6345],[-1.2337,45.5966],[-1.2373,45.5588],[-1.2518,45.4074],[-1.2808,45.1045],[-1.3388,44.4988],[-1.3458,44.4252],[-1.3529,44.3516],[-1.367,44.2044],[-1.3844,44.0225],[-1.4818,43.9099],[-1.6848,43.6753],[-1.7231,43.6311],[-1.7997,43.5425],[-1.7614,43.5425],[-1.7614,43.4982],[-1.762,43.4982],[-1.762,43.4067],[-1.8006,43.4067],[-1.8006,43.3894],[-1.7941,43.386],[-1.7969,43.3411],[-1.7682,43.3309],[-1.7497,43.2948],[-1.6739,43.3042],[-1.645,43.2924],[-1.639,43.2557],[-1.5876,43.2516],[-1.559,43.2841],[-1.5081,43.2768],[-1.4664,43.2608],[-1.4322,43.265],[-1.4035,43.2433],[-1.3997,43.2067],[-1.4258,43.1353],[-1.4878,43.0818],[-1.4753,43.0601],[-1.435,43.0357],[-1.3831,43.0292],[-1.3576,43.0468],[-1.3483,43.0931],[-1.3086,43.1136],[-1.3106,43.0695],[-1.2749,43.0468],[-1.2169,43.0393],[-1.1499,43.0057],[-1.1124,43.0083],[-1.0797,42.9934],[-1.0285,42.9867],[-0.9815,42.957],[-0.9432,42.9479],[-0.8635,42.9431],[-0.7864,42.9533],[-0.7597,42.9465],[-0.745,42.9187],[-0.7459,42.8939],[-0.7301,42.8775],[-0.7004,42.8764],[-0.6483,42.8498],[-0.6095,42.8114],[-0.5829,42.7958],[-0.5787,42.7773],[-0.5356,42.7842],[-0.5339,42.808],[-0.5084,42.8075],[-0.4545,42.7889],[-0.4239,42.7907],[-0.3228,42.8425],[-0.3051,42.8308],[-0.247,42.8048],[-0.2351,42.7862],[-0.2084,42.7839],[-0.1614,42.7953],[-0.1636,42.778],[-0.119,42.7169],[-0.0389,42.6851],[-0.0043,42.6875],[0.0728,42.7085],[0.1342,42.7152],[0.1692,42.7265],[0.2384,42.7104],[0.2754,42.6687],[0.2902,42.6703],[0.336,42.7127],[0.3542,42.7175],[0.3893,42.6851],[0.4669,42.6904],[0.4835,42.6853],[0.6082,42.688],[0.6436,42.6845],[0.6634,42.6962],[0.6665,42.7148],[0.6335,42.7448],[0.6537,42.8027],[0.6563,42.8384],[0.7243,42.8453],[0.7763,42.8325],[0.8129,42.8316],[0.8561,42.8128],[0.9211,42.7844],[0.9587,42.7937],[0.9829,42.7804],[1.0682,42.7761],[1.1067,42.7596],[1.1343,42.716],[1.1625,42.7057],[1.1959,42.7136],[1.3191,42.7134],[1.3611,42.6867],[1.398,42.6436],[1.4293,42.5954],[1.4514,42.6021],[1.4668,42.6415],[1.4984,42.6402],[1.5278,42.6485],[1.5431,42.6494],[1.5973,42.6219],[1.6083,42.6181],[1.722,42.6099],[1.7133,42.5895],[1.7294,42.582],[1.7527,42.5767],[1.7611,42.5676],[1.8728,42.579],[1.9383,42.5718],[1.9588,42.5944],[1.9628,42.6218],[2.0056,42.6561],[2.0983,42.6639],[2.154,42.6564],[2.1661,42.6638],[2.1577,42.6914],[2.1166,42.7071],[2.0862,42.7381],[2.0556,42.7443],[1.9919,42.7314],[1.9561,42.7346],[1.9127,42.7566],[1.9139,42.7834],[1.8655,42.8159],[1.8869,42.8443],[1.9772,42.8637],[1.9852,42.8791],[1.969,42.9196],[1.9416,42.9351],[1.9479,42.9478],[1.9895,42.9605],[1.9774,43.0151],[1.9436,43.0513],[1.9603,43.0691],[1.9454,43.1038],[1.9249,43.1167],[1.8806,43.1203],[1.8407,43.137],[1.7749,43.1522],[1.7191,43.1834],[1.6965,43.2439],[1.7026,43.2667],[1.7254,43.3162],[1.7423,43.3278],[1.7949,43.3335],[1.8112,43.3439],[1.8047,43.3734],[1.8498,43.4234],[1.8938,43.3936],[1.9506,43.4142],[2.0317,43.4226],[2.0634,43.3986],[2.0902,43.3922],[2.1672,43.401],[2.2172,43.3842],[2.232,43.4026],[2.2291,43.4271],[2.2615,43.4423],[2.3672,43.4248],[2.4617,43.43],[2.5675,43.4228],[2.6059,43.4306],[2.6567,43.4608],[2.6503,43.4991],[2.6605,43.5215],[2.6212,43.5652],[2.622,43.5978],[2.6414,43.6331],[2.6743,43.6399],[2.7756,43.6179],[2.8856,43.6529],[2.9345,43.6937],[2.9902,43.7007],[3.025,43.6904],[3.0562,43.7156],[3.0612,43.7661],[3.0529,43.8101],[3.0881,43.8228],[3.1894,43.8131],[3.2323,43.8391],[3.2375,43.8641],[3.2744,43.8876],[3.3218,43.8911],[3.342,43.9039],[3.3569,43.9386],[3.4424,44.0002],[3.4469,44.0144],[3.3945,44.0503],[3.3595,44.0551],[3.3322,44.0719],[3.3065,44.0691],[3.2868,44.0863],[3.3159,44.0987],[3.3266,44.1332],[3.3767,44.1683],[3.4803,44.1218],[3.5179,44.1134],[3.6163,44.1168],[3.6366,44.1273],[3.6427,44.1769],[3.6904,44.1802],[3.791,44.136],[3.8758,44.1314],[3.9204,44.1664],[3.9576,44.2248],[3.9624,44.2621],[3.9366,44.3067],[3.9265,44.3507],[3.8948,44.3902],[3.9592,44.4138],[3.994,44.4579],[3.9655,44.5355],[3.9433,44.5699],[3.922,44.5803],[3.9003,44.6221],[3.8919,44.6632],[3.8685,44.7221],[3.8722,44.7509],[3.8938,44.758],[3.9475,44.8184],[4.0134,44.8361],[4.0235,44.8611],[4.1535,44.8754],[4.1933,44.9145],[4.2154,44.9589],[4.2521,44.9601],[4.2966,44.9742],[4.2889,45.0013],[4.3114,45.0257],[4.3602,45.033],[4.3686,45.0441],[4.3517,45.0763],[4.3838,45.107],[4.3686,45.1256],[4.3839,45.136],[4.42,45.1168],[4.4395,45.1256],[4.4431,45.1509],[4.4682,45.1884],[4.4778,45.226],[4.4627,45.2365],[4.4057,45.2694],[4.3591,45.2736],[4.3388,45.3067],[4.3517,45.3337],[4.3256,45.3809],[4.3025,45.3929],[4.2732,45.3739],[4.217,45.3841],[4.16,45.3867],[4.1276,45.3567],[4.0032,45.3448],[3.9706,45.3685],[3.9292,45.3616],[3.9025,45.3455],[3.8855,45.3587],[3.9079,45.4142],[3.9535,45.4527],[3.9689,45.4824],[3.9321,45.5635],[3.9206,45.5767],[3.8039,45.6491],[3.7521,45.7329],[3.697,45.7893],[3.7133,45.8579],[3.7304,45.892],[3.7148,45.9141],[3.6817,45.9334],[3.6795,45.957],[3.7183,45.9718],[3.7805,45.9804],[3.8176,46.0086],[3.7903,46.1095],[3.7928,46.1619],[3.7723,46.2338],[3.8211,46.2618],[3.8865,46.2762],[3.9783,46.3122],[4.0013,46.3354],[3.9859,46.3562],[3.9791,46.3949],[3.9887,46.4225],[3.9788,46.4626],[3.9367,46.4841],[3.8782,46.4928],[3.8349,46.5219],[3.81,46.5219],[3.7409,46.5493],[3.743,46.6102],[3.6987,46.6571],[3.6579,46.6859],[3.6249,46.7393],[3.5968,46.7429],[3.5888,46.7158],[3.5676,46.7063],[3.5599,46.6814],[3.495,46.6541],[3.4607,46.6515],[3.457,46.6747],[3.4335,46.7058],[3.4076,46.7114],[3.3683,46.6862],[3.313,46.699],[3.256,46.701],[3.216,46.6872],[3.1856,46.6963],[3.1592,46.7186],[3.0711,46.7392],[3.0329,46.7685],[3.0298,46.7909],[3.0352,46.8149],[3.0732,46.8703],[3.0542,46.9133],[3.0756,46.974],[3.0684,47.0455],[3.0316,47.0758],[3.0335,47.1222],[2.9899,47.2161],[2.9721,47.2669],[2.875,47.3371],[2.9247,47.4124],[2.9303,47.4529],[2.8747,47.5205],[2.8589,47.5443],[2.9097,47.5622],[2.9693,47.5676],[2.9944,47.5633],[3.0987,47.5788],[3.1185,47.5726],[3.1273,47.5371],[3.1451,47.5254],[3.2116,47.516],[3.2395,47.4926],[3.2909,47.5013],[3.3324,47.4813],[3.3601,47.486],[3.3913,47.5066],[3.4154,47.5088],[3.4882,47.4938],[3.492,47.56],[3.5307,47.5204],[3.5619,47.5001],[3.5873,47.4652],[3.6447,47.4567],[3.7159,47.4115],[3.8045,47.3859],[3.8207,47.3904],[3.8475,47.4303],[3.8772,47.4171],[3.8689,47.374],[3.8841,47.3674],[3.9507,47.3931],[3.9657,47.3758],[3.977,47.3269],[4.0182,47.313],[4.048,47.3395],[4.1061,47.3392],[4.1021,47.3679],[4.0809,47.3801],[4.0682,47.4245],[4.1172,47.4556],[4.1184,47.5047],[4.143,47.5251],[4.2019,47.5996],[4.2192,47.6322],[4.2445,47.6558],[4.2569,47.6875],[4.2586,47.7339],[4.3303,47.7603],[4.3376,47.792],[4.3131,47.8415],[4.2627,47.8439],[4.2703,47.8876],[4.2884,47.9243],[4.3259,47.946],[4.5418,47.9653],[4.5604,47.9744],[4.5632,47.9978],[4.6102,48.0153],[4.643,48.0086],[4.6985,48.022],[4.7184,48.0429],[4.6952,48.0788],[4.7111,48.1034],[4.7584,48.1149],[4.8138,48.1047],[4.8374,48.1266],[4.8447,48.1672],[4.8624,48.1983],[4.8466,48.2901],[4.8184,48.3202],[4.8196,48.3444],[4.7739,48.3584],[4.7531,48.3833],[4.716,48.3994],[4.6801,48.4357],[4.6436,48.4522],[4.64,48.4689],[4.6627,48.4932],[4.6702,48.5318],[4.7729,48.5351],[4.7862,48.5478],[4.7688,48.5755],[4.7865,48.6006],[4.8544,48.6128],[4.8374,48.6446],[4.7734,48.644],[4.8021,48.6784],[4.867,48.6933],[4.9921,48.6929],[5.0046,48.6554],[5.0359,48.6181],[5.117,48.5812],[5.187,48.5419],[5.2686,48.5108],[5.3448,48.5004],[5.3563,48.4814],[5.4552,48.4192],[5.4242,48.3881],[5.4322,48.3373],[5.5085,48.3507],[5.534,48.3339],[5.5844,48.2838],[5.6379,48.2808],[5.6615,48.2386],[5.713,48.2114],[5.7203,48.196],[5.6975,48.1805],[5.6885,48.1477],[5.6593,48.1008],[5.7322,48.0467],[5.788,48.0225],[5.799,48.0012],[5.7981,47.9642],[5.8128,47.9572],[5.8492,47.9676],[5.8918,47.9326],[5.9261,47.9481],[5.9551,47.9797],[5.9709,47.9409],[6.0344,47.9726],[6.071,48.0044],[6.0994,48.0087],[6.1469,48.0016],[6.1827,47.9768],[6.1819,47.9582],[6.2438,47.9322],[6.2828,47.9348],[6.3224,47.9505],[6.3734,47.953],[6.412,47.9423],[6.4987,47.9047],[6.5526,47.9012],[6.5765,47.908],[6.6138,47.9413],[6.6372,47.9351],[6.6965,47.8899],[6.7407,47.8761],[6.836,47.8242],[6.7848,47.78],[6.7651,47.7529],[6.7608,47.7138],[6.7865,47.655],[6.7897,47.6042],[6.8109,47.5764],[6.8071,47.5629],[6.8248,47.5476],[6.8938,47.5518],[6.9234,47.5211],[6.9144,47.487],[6.9392,47.4268],[6.991,47.4522],[6.9733,47.4891],[7.0008,47.4977],[7.0539,47.4904],[7.1037,47.4963],[7.1422,47.4877],[7.1808,47.4883],[7.1626,47.4599],[7.1683,47.4436],[7.2448,47.4177],[7.2826,47.4289],[7.3369,47.4319],[7.3882,47.4333],[7.4206,47.4509],[7.4276,47.4707],[7.4144,47.484],[7.426,47.4925],[7.446,47.4869],[7.4674,47.4819],[7.4858,47.4988],[7.4769,47.5149],[7.5011,47.5173],[7.5052,47.533],[7.4827,47.5423],[7.5209,47.5634],[7.5263,47.5665],[7.5503,47.5755],[7.5855,47.5845],[7.586,47.5846],[7.637,47.595],[7.6597,47.5966],[7.6465,47.5715],[7.6359,47.5646],[7.6123,47.5647],[7.6097,47.5647],[7.6469,47.5514],[7.6834,47.5443],[7.7273,47.5504],[7.7856,47.5632],[7.8197,47.5953],[7.8982,47.5878],[7.9122,47.5606],[8.0423,47.5606],[8.0872,47.5674],[8.1221,47.5921],[8.179,47.6158],[8.2511,47.622],[8.2886,47.6158],[8.3063,47.5922],[8.3541,47.581],[8.4211,47.5811],[8.4489,47.5843],[8.4618,47.6061],[8.5224,47.6219],[8.5517,47.5969],[8.5607,47.5894],[8.5763,47.595],[8.5803,47.639],[8.6016,47.6326],[8.5936,47.6582],[8.5682,47.6629],[8.5197,47.6574],[8.4761,47.6404],[8.4583,47.6399],[8.412,47.661],[8.3913,47.6655],[8.3977,47.6763],[8.391,47.6921],[8.4019,47.7071],[8.4379,47.7232],[8.4501,47.7505],[8.4636,47.7639],[8.5365,47.7741],[8.5516,47.7793],[8.5423,47.795],[8.5582,47.8012],[8.6016,47.7946],[8.6076,47.7623],[8.6298,47.7628],[8.635,47.7846],[8.657,47.7881],[8.6819,47.7587],[8.7131,47.7574],[8.7198,47.7473],[8.7004,47.7235],[8.7171,47.6946],[8.7699,47.6951],[8.7617,47.7013],[8.7707,47.7209],[8.7976,47.72],[8.8302,47.7072],[8.8561,47.6907],[8.8377,47.6878],[8.8519,47.6713],[8.9062,47.6518],[8.9818,47.6622],[9.0166,47.6789],[9.1281,47.6704],[9.1834,47.6704],[9.1969,47.6561],[9.2732,47.6501],[9.5475,47.5345],[9.5541,47.5327],[9.6122,47.5877],[9.6864,47.6114],[9.715,47.6048],[9.7601,47.6204],[9.8342,47.6651],[9.8646,47.6748],[9.905,47.6632],[9.9533,47.6595],[10.0339,47.68],[10.0578,47.6782],[10.0757,47.6497],[10.0934,47.6797],[10.1215,47.6739],[10.1314,47.6879],[10.114,47.7673],[10.0802,47.787],[10.0893,47.8017],[10.1295,47.8165],[10.0982,47.8779],[10.1095,47.9378],[10.0855,47.9701],[10.1007,47.9796],[10.1302,48.0349],[10.1401,48.0836],[10.1362,48.1073],[10.1093,48.148],[10.07,48.269],[10.0541,48.3049],[10.0039,48.3681],[9.9806,48.3813],[10.0366,48.4334],[10.046,48.458],[10.0679,48.4722],[10.1212,48.4872],[10.1534,48.4658],[10.2506,48.5052],[10.2624,48.5254],[10.315,48.5311],[10.3229,48.562],[10.3131,48.6082],[10.3329,48.6233],[10.2892,48.6454],[10.2704,48.6811],[10.2981,48.7035],[10.3544,48.6862],[10.3719,48.6645],[10.4242,48.702],[10.4444,48.6993],[10.4385,48.6676],[10.4951,48.6995],[10.4674,48.7358],[10.4411,48.7418],[10.4324,48.7658],[10.4411,48.8042],[10.459,48.8335],[10.4493,48.8456],[10.4563,48.8877],[10.4482,48.9086],[10.4674,48.915],[10.4588,48.9394],[10.4151,48.9829],[10.3733,49.0054],[10.3542,49.0334],[10.2744,49.0502],[10.2625,49.0893],[10.2296,49.103],[10.2512,49.1077],[10.2633,49.1476],[10.2187,49.1551],[10.1469,49.2054],[10.1326,49.2723],[10.1598,49.2753],[10.1526,49.3191],[10.1192,49.3416],[10.1218,49.3695],[10.1396,49.3835],[10.1711,49.3843],[10.1423,49.4308],[10.1146,49.4403],[10.132,49.4724],[10.1275,49.5114],[10.0986,49.5195],[10.0852,49.5443],[10.0574,49.5273],[10.0658,49.5092],[10.0197,49.4803],[9.9363,49.4817],[9.9298,49.5504],[9.9129,49.579],[9.8552,49.542],[9.8391,49.5512],[9.8823,49.6094],[9.8339,49.6529],[9.8317,49.6907],[9.7925,49.722],[9.7275,49.6873],[9.7098,49.7198],[9.6775,49.6905],[9.6305,49.699],[9.6471,49.7307],[9.6463,49.7836],[9.6019,49.7708],[9.5744,49.7823],[9.5448,49.7787],[9.491,49.7953],[9.4006,49.7835],[9.3519,49.7857],[9.3123,49.7657],[9.3136,49.7321],[9.37,49.7191],[9.3689,49.6984],[9.3948,49.7174],[9.4272,49.7082],[9.4044,49.6401],[9.3766,49.6505],[9.3237,49.6414],[9.2863,49.6266],[9.2896,49.6105],[9.2534,49.5776],[9.1107,49.5751],[9.0727,49.6109],[9.1113,49.6398],[9.0995,49.6864],[9.135,49.6979],[9.1467,49.7462],[9.1229,49.7539],[9.1405,49.7837],[9.1037,49.7964],[9.088,49.8441],[9.0702,49.8306],[9.0267,49.9074],[9.0281,49.9854],[9.0531,49.9817],[9.0269,50.0431],[8.9766,50.0528],[9.0059,50.0664],[9.0121,50.0991],[9.1079,50.1254],[9.1549,50.1112],[9.1881,50.1198],[9.1914,50.1347],[9.2288,50.1438],[9.3291,50.1393],[9.3841,50.1189],[9.4067,50.0923],[9.4459,50.0914],[9.5067,50.1081],[9.5104,50.1377],[9.5287,50.1686],[9.4991,50.1768],[9.511,50.2362],[9.5601,50.2257],[9.6121,50.2242],[9.6612,50.2344],[9.6583,50.2543],[9.6803,50.2795],[9.7486,50.3056],[9.7428,50.3471],[9.7667,50.4021],[9.8068,50.4166],[9.8285,50.4007],[9.8589,50.399],[9.9183,50.4138],[10.0009,50.4484],[10.055,50.5165],[10.0569,50.5544],[10.0459,50.6055],[10.076,50.622],[10.0737,50.6452],[10.0521,50.6696],[9.9976,50.6762],[9.9509,50.6627],[9.9604,50.6396],[9.9433,50.6271],[9.8795,50.6371],[9.8882,50.6759],[9.9132,50.6927],[9.9355,50.751],[9.9207,50.7638],[9.9449,50.7745],[9.9494,50.8152],[10.0187,50.8317],[10.0232,50.8544],[10.056,50.8826],[10.0327,50.9088],[10.0062,50.921],[9.9742,50.9061],[9.9559,50.9419],[10.0414,50.9409],[10.0431,50.9616],[10.0236,50.9821],[10.0511,51.007],[10.1232,51.008],[10.143,50.9938],[10.1879,50.9957],[10.2087,51.0209],[10.1932,51.0448],[10.1424,51.0552],[10.1691,51.1155],[10.126,51.1361],[10.1736,51.1448],[10.1964,51.1159],[10.2303,51.1843],[10.1728,51.2061],[10.0813,51.2232],[10.0536,51.2517],[10.0491,51.2766],[9.984,51.2858],[9.947,51.3039],[9.9235,51.3603],[9.9492,51.3818],[9.9058,51.4037],[9.9042,51.417],[9.8628,51.4087],[9.8755,51.3847],[9.8564,51.3721],[9.826,51.4009],[9.8017,51.3972],[9.7137,51.3638],[9.7545,51.3309],[9.7843,51.3359],[9.7621,51.3093],[9.7115,51.2915],[9.6826,51.315],[9.5694,51.3423],[9.5347,51.3666],[9.5709,51.3614],[9.5636,51.3845],[9.5821,51.3988],[9.6325,51.4009],[9.6387,51.468],[9.5968,51.5116],[9.6197,51.5525],[9.6451,51.5517],[9.644,51.5719],[9.6713,51.5593],[9.6861,51.5719],[9.6508,51.6112],[9.6234,51.6295],[9.5926,51.6257],[9.5493,51.6403],[9.5326,51.6303],[9.4944,51.6321],[9.4904,51.6493],[9.4401,51.649],[9.4178,51.6271],[9.3331,51.6067],[9.3538,51.5955],[9.336,51.554],[9.2963,51.5176],[9.2243,51.487],[9.2148,51.4587],[9.158,51.4389],[9.1087,51.4429],[9.0843,51.46],[9.0846,51.483],[9.0154,51.5092],[8.9062,51.4809],[8.8981,51.4667],[8.9162,51.4229],[8.9495,51.4089],[8.9351,51.3913],[8.8936,51.39],[8.858,51.3754],[8.8146,51.3817],[8.7277,51.3731],[8.6855,51.3634],[8.5939,51.296],[8.58,51.2649],[8.6079,51.2413],[8.7169,51.2711],[8.7317,51.2498],[8.7522,51.1878],[8.7502,51.1728],[8.6957,51.1305],[8.7044,51.1047],[8.6584,51.0884],[8.6272,51.0936],[8.5247,51.0933],[8.5449,51.0207],[8.4696,50.9438],[8.4638,50.9145],[8.4441,50.916],[8.3641,50.8616],[8.3145,50.8645],[8.2996,50.8809],[8.1972,50.8271],[8.1872,50.8115],[8.1393,50.785],[8.145,50.7623],[8.1751,50.7421],[8.1669,50.7079],[8.1345,50.684],[8.0895,50.6968],[8.0563,50.6909],[8.0338,50.726],[7.9811,50.7735],[7.9839,50.803],[7.9703,50.837],[7.9425,50.832],[7.8856,50.8669],[7.8446,50.882],[7.8597,50.9225],[7.8016,50.9327],[7.7575,50.9113],[7.7677,50.8365],[7.7406,50.842],[7.6756,50.81],[7.6989,50.7816],[7.6134,50.7494],[7.5995,50.7334],[7.5633,50.7328],[7.5324,50.721],[7.4486,50.7062],[7.3869,50.7037],[7.3715,50.6426],[7.3405,50.6289],[7.2826,50.6188],[7.2263,50.6214],[7.2148,50.6272],[7.21,50.64],[7.18,50.68],[7.12,50.73],[7.07,50.78],[7,50.82],[6.97,50.94],[6.98,51],[6.95,51.05],[6.86,51.1],[6.8,51.17],[6.76,51.23],[6.74,51.27],[6.68,51.35],[6.7157,51.4],[6.73,51.4],[6.8,51.45],[6.85,51.55],[6.82,51.65],[6.7,51.75],[6.5,51.83],[6.4555,51.85],[6.4794,51.853],[6.5286,51.8764],[6.6282,51.8975],[6.7167,51.8993],[6.7438,51.9083],[6.7898,51.9511],[6.8107,51.9606],[6.804,51.9844],[6.7782,52.0013],[6.675,52.0348],[6.6799,52.0605],[6.7114,52.0673],[6.7329,52.092],[6.7716,52.1088],[6.7595,52.1145],[6.6619,52.1273],[6.6667,52.1645],[6.6017,52.1659],[6.5974,52.1781],[6.4952,52.1772],[6.4659,52.1944],[6.4114,52.2446],[6.3817,52.2468],[6.3225,52.2295],[6.2592,52.2289],[6.1796,52.2377],[6.1543,52.2256],[6.1241,52.2562],[6.1065,52.2997],[6.068,52.3218],[6.0816,52.3706],[6.12,52.3804],[6.1327,52.4213],[6.0954,52.4679],[6.0496,52.5053],[6.0307,52.511],[5.9697,52.485],[5.925,52.484],[5.8915,52.5204],[5.8669,52.5218],[5.8551,52.4807],[5.8153,52.4408],[5.771,52.4138],[5.6276,52.3718],[5.5791,52.3448],[5.5327,52.2769],[5.426,52.2639],[5.4089,52.2677],[5.3969,52.2199],[5.4387,52.1959],[5.4301,52.1686],[5.4745,52.1609],[5.5128,52.1362],[5.4686,52.0823],[5.5001,52.0698],[5.5392,52.0872],[5.5533,52.1048],[5.5722,52.019],[5.6165,51.9778],[5.6157,51.9483],[5.5821,51.9533],[5.5051,51.982],[5.462,51.9876],[5.4204,51.974],[5.3828,51.9802],[5.3105,51.9597],[5.2543,51.9791],[5.1826,51.9669],[5.1179,51.8915],[5.1205,51.8762],[5.0334,51.852],[5.0045,51.8509],[5.0093,51.8252],[4.909,51.8299],[4.8703,51.8081],[4.7904,51.8027],[4.7399,51.7744],[4.6756,51.7194],[4.644,51.7191],[4.5449,51.696],[4.5065,51.6952],[4.4031,51.7083],[4.3727,51.6735],[4.3337,51.6569],[4.1978,51.6379],[4.1307,51.6583],[4.1109,51.647],[4.1207,51.639],[4.0924,51.639],[4.0924,51.6547],[4.097,51.6693],[4.1125,51.6693],[4.1126,51.6708],[4.1156,51.6715],[4.1156,51.7087],[4.0542,51.7087],[4.0542,51.7135],[4.0161,51.7135],[4.0161,51.7457],[3.9779,51.7457],[3.9779,51.7693],[3.9173,51.7693],[3.9016,51.743],[3.8101,51.7473],[3.7928,51.7457],[3.7892,51.7459],[3.7888,51.7459],[3.7825,51.7448],[3.7258,51.7397],[3.7054,51.7314],[3.6988,51.7303],[3.6988,51.7288],[3.6895,51.725],[3.6867,51.6927],[3.7206,51.6768],[3.7654,51.6784],[3.7758,51.6858],[3.8159,51.693],[3.8244,51.69],[3.8596,51.6726],[3.8284,51.6204],[3.8118,51.6115],[3.5604,51.5946],[3.5469,51.5894],[3.5008,51.5775],[3.4838,51.5652],[3.4575,51.5551],[3.447,51.546],[3.4619,51.519],[3.4948,51.5009],[3.5321,51.4626],[3.4881,51.4392],[3.4608,51.4246],[3.4179,51.4017],[3.3878,51.3857],[3.3828,51.3847],[3.3496,51.3778],[3.3477,51.3774],[3.3126,51.3702],[3.2775,51.3629],[3.2236,51.3518],[3.2073,51.3464],[3.1248,51.3297],[2.9983,51.2774],[2.9608,51.265],[2.9162,51.2478],[2.6523,51.1824],[2.5658,51.1609],[2.5226,51.1502],[2.5144,51.1482],[2.4793,51.1401],[2.1333,51.0605],[2.0901,51.0505],[2.0468,51.0405],[1.9603,51.0206],[1.6396,50.9468],[1.6143,50.8782],[1.5806,50.8688],[1.5946,50.8248],[1.512,50.6011],[1.4707,50.4893],[1.4501,50.4334],[1.4398,50.4055],[1.4294,50.3775],[1.3696,50.2153],[1.3489,50.1593],[1.3372,50.1276],[1.2877,50.111],[1.268,50.1044],[1.1871,50.0772],[1.0252,50.0229],[0.0541,49.6971],[-0.1077,49.6428],[-0.1887,49.6156],[-0.2696,49.5885],[-0.31,49.5749],[-0.3505,49.5613],[-0.4314,49.5342],[-0.5933,49.4799],[-0.887,49.3813],[-0.9169,49.3864],[-0.9404,49.3923],[-0.9543,49.3928],[-0.9592,49.3936],[-0.9596,49.3936],[-0.9698,49.3933],[-1.0723,49.3968],[-1.084,49.3909],[-1.158,49.4245],[-1.1847,49.4366],[-1.1932,49.4457],[-1.212,49.4688],[-1.2328,49.4943],[-1.263,49.5914],[-1.2533,49.6123],[-1.2278,49.6241],[-1.2322,49.6414],[-1.258,49.6792],[-1.258,49.68],[-1.2587,49.6802],[-1.2711,49.6984],[-1.3913,49.7127],[-1.4557,49.7022],[-1.4752,49.6884],[-1.5894,49.6679],[-1.7044,49.6818],[-1.7249,49.682],[-1.7251,49.682],[-1.9348,49.7772],[-1.9347,49.777],[-1.9352,49.7772],[-1.9351,49.7767],[-1.9352,49.7768],[-1.9208,49.7253],[-1.9352,49.7241],[-1.9456,49.678],[-1.9051,49.6693],[-1.8704,49.5452],[-1.8847,49.5309],[-1.8602,49.5086],[-1.7352,49.0619],[-1.6727,48.8386],[-1.6415,48.727],[-1.6266,48.6738],[-1.6185,48.645],[-1.6404,48.6483],[-1.6719,48.6532],[-1.735,48.6628],[-1.8466,48.68],[-1.8363,48.6911],[-1.8437,48.7121],[-1.9484,48.6956],[-2.022,48.7069],[-2.0588,48.7125],[-2.0588,48.667],[-2.022,48.667],[-2.022,48.6495],[-2.0287,48.6433],[-2.0275,48.6415],[-2.022,48.6333],[-2.022,48.6159],[-2.0323,48.6159],[-2.0175,48.5907],[-1.9988,48.5907],[-1.9988,48.5654],[-1.9982,48.5648],[-1.9652,48.5648],[-1.9491,48.5392],[-1.9485,48.5383],[-1.9251,48.5448],[-1.9102,48.5036],[-1.918,48.473],[-1.944,48.4467],[-1.9517,48.4228],[-1.9327,48.3639],[-1.9615,48.3421],[-1.9615,48.3003],[-1.9824,48.2803],[-2.066,48.2952],[-2.1172,48.2608],[-2.1602,48.2607],[-2.186,48.2226],[-2.2108,48.2096],[-2.2319,48.1641],[-2.2873,48.1337],[-2.2352,48.0786],[-2.1882,48.0797],[-2.1913,48.0525],[-2.2576,48.0389],[-2.2711,48.0054],[-2.2554,47.9974],[-2.1677,47.9847],[-2.1243,47.9636],[-2.106,47.945],[-2.1002,47.9119],[-2.1095,47.8488],[-2.0612,47.8463],[-2.0524,47.8218],[-2.068,47.7962],[-2.1223,47.7743],[-2.1103,47.7588],[-2.0716,47.7572],[-2.0767,47.7333],[-2.1159,47.7317],[-2.1263,47.7142],[-2.1062,47.669],[-2.1028,47.6393],[-2.0885,47.6326],[-2.0858,47.608],[-2.11,47.5423],[-2.1544,47.5131],[-2.1868,47.4814],[-2.2109,47.5076],[-2.2534,47.4953],[-2.3023,47.5016],[-2.3345,47.464],[-2.4041,47.4556],[-2.4331,47.4658],[-2.4611,47.4526],[-2.4649,47.4535],[-2.4649,47.4322],[-2.5014,47.4322],[-2.5014,47.4247],[-2.5379,47.4247],[-2.5379,47.4473],[-2.684,47.4473],[-2.684,47.411],[-2.7238,47.411],[-2.7238,47.4045]]],[[[-2.6735,49.4335],[-2.6693,49.4309],[-2.5731,49.4309],[-2.5521,49.4267],[-2.549,49.4283],[-2.5472,49.4279],[-2.5472,49.428],[-2.5468,49.4279],[-2.5456,49.4301],[-2.5341,49.4362],[-2.5267,49.4585],[-2.5245,49.4688],[-2.5127,49.4903],[-2.5058,49.498],[-2.5017,49.5067],[-2.5182,49.5155],[-2.5382,49.5098],[-2.5496,49.5042],[-2.5736,49.4954],[-2.5802,49.4936],[-2.5825,49.4922],[-2.648,49.4682],[-2.6479,49.4679],[-2.648,49.4678],[-2.6464,49.464],[-2.6503,49.4637],[-2.6566,49.4594],[-2.6518,49.4452],[-2.663,49.4438],[-2.6735,49.4335]]],[[[-2.242,49.248],[-2.2332,49.2285],[-2.2296,49.2165],[-2.2376,49.1766],[-2.2375,49.1766],[-2.2376,49.1762],[-2.2372,49.1763],[-2.2372,49.1762],[-2.1826,49.1841],[-2.1772,49.1802],[-2.1687,49.1783],[-2.1626,49.1866],[-2.1013,49.1866],[-2.097,49.1837],[-2.08,49.1787],[-2.0734,49.1786],[-2.054,49.1693],[-2.0537,49.1694],[-2.0536,49.1693],[-2.0354,49.1744],[-2.0245,49.1713],[-2.0237,49.1777],[-2.0104,49.1814],[-2.0105,49.1818],[-2.0104,49.1818],[-2.014,49.2072],[-2.0083,49.2125],[-2.0158,49.2196],[-2.0176,49.2321],[-2.021,49.2333],[-2.0207,49.2353],[-2.0679,49.2507],[-2.0827,49.2602],[-2.1039,49.2582],[-2.1059,49.2568],[-2.1218,49.2582],[-2.122,49.2583],[-2.1438,49.2619],[-2.1517,49.267],[-2.1618,49.2618],[-2.2192,49.2669],[-2.2196,49.2669],[-2.2209,49.2605],[-2.2294,49.263],[-2.2411,49.2602],[-2.242,49.248]]]]}},
{"type":"Feature","properties":{"entityId":"frankish-kingdom","from":531,"to":534,"certainty":"estimated","source":"유럽 쪽은 Natural Earth 1:10m admin-1(v5.1.2) 현대 행정구역 조각을 그 시기 국경에 맞춰 묶고, 조각이 역사 경계와 다른 곳은 선을 그어 나눈 근사. 유럽 밖(시베리아·중앙아시아·극동)은 대략적인 추정. 운영자 검수 필요"},"geometry":{"type":"MultiPolygon","coordinates":[[[[-2.7238,47.4045],[-2.684,47.3772],[-2.6458,47.351],[-2.365,47.1585],[-2.3168,47.1254],[-2.2491,47.079],[-2.2382,47.0715],[-2.2268,47.0637],[-2.2098,47.0464],[-2.2079,47.0445],[-2.1814,47.0175],[-2.1532,46.9889],[-2.1137,46.9487],[-2.098,46.9328],[-2.1022,46.9307],[-2.0963,46.9165],[-2.122,46.9037],[-2.1313,46.8718],[-2.1188,46.82],[-2.0503,46.7921],[-2.0022,46.7575],[-1.9921,46.7485],[-1.965,46.7104],[-1.9398,46.7019],[-1.9208,46.685],[-1.8213,46.558],[-1.8048,46.5036],[-1.7817,46.4954],[-1.7854,46.514],[-1.7742,46.5093],[-1.7684,46.5002],[-1.6868,46.4609],[-1.6459,46.4558],[-1.6321,46.4501],[-1.6256,46.4311],[-1.5988,46.425],[-1.598,46.425],[-1.5344,46.3603],[-1.5025,46.3279],[-1.4706,46.2956],[-1.4421,46.2666],[-1.4136,46.2377],[-1.4905,46.2244],[-1.508,46.2456],[-1.4739,46.2381],[-1.4679,46.2499],[-1.4981,46.2619],[-1.5558,46.2518],[-1.5043,46.2077],[-1.4329,46.2108],[-1.3506,46.1737],[-1.3432,46.1662],[-1.2496,46.0712],[-1.1936,46.0143],[-1.2021,45.9262],[-1.2198,45.9431],[-1.2194,45.9439],[-1.2336,45.9917],[-1.2738,45.9976],[-1.3399,46.0378],[-1.3829,46.048],[-1.3876,46.0501],[-1.3876,46.0499],[-1.388,46.0501],[-1.388,46.0492],[-1.4049,46.0532],[-1.3833,46.0155],[-1.375,45.9858],[-1.3783,45.976],[-1.3402,45.9387],[-1.2778,45.8942],[-1.2457,45.8546],[-1.2269,45.8198],[-1.2127,45.8153],[-1.2147,45.7949],[-1.2303,45.7924],[-1.2473,45.7099],[-1.2228,45.71],[-1.23,45.6345],[-1.2337,45.5966],[-1.2373,45.5588],[-1.2518,45.4074],[-1.2808,45.1045],[-1.3388,44.4988],[-1.3458,44.4252],[-1.3529,44.3516],[-1.367,44.2044],[-1.3844,44.0225],[-1.4818,43.9099],[-1.6848,43.6753],[-1.7231,43.6311],[-1.7997,43.5425],[-1.7614,43.5425],[-1.7614,43.4982],[-1.762,43.4982],[-1.762,43.4067],[-1.8006,43.4067],[-1.8006,43.3894],[-1.7941,43.386],[-1.7969,43.3411],[-1.7682,43.3309],[-1.7497,43.2948],[-1.6739,43.3042],[-1.645,43.2924],[-1.639,43.2557],[-1.5876,43.2516],[-1.559,43.2841],[-1.5081,43.2768],[-1.4664,43.2608],[-1.4322,43.265],[-1.4035,43.2433],[-1.3997,43.2067],[-1.4258,43.1353],[-1.4878,43.0818],[-1.4753,43.0601],[-1.435,43.0357],[-1.3831,43.0292],[-1.3576,43.0468],[-1.3483,43.0931],[-1.3086,43.1136],[-1.3106,43.0695],[-1.2749,43.0468],[-1.2169,43.0393],[-1.1499,43.0057],[-1.1124,43.0083],[-1.0797,42.9934],[-1.0285,42.9867],[-0.9815,42.957],[-0.9432,42.9479],[-0.8635,42.9431],[-0.7864,42.9533],[-0.7597,42.9465],[-0.745,42.9187],[-0.7459,42.8939],[-0.7301,42.8775],[-0.7004,42.8764],[-0.6483,42.8498],[-0.6095,42.8114],[-0.5829,42.7958],[-0.5787,42.7773],[-0.5356,42.7842],[-0.5339,42.808],[-0.5084,42.8075],[-0.4545,42.7889],[-0.4239,42.7907],[-0.3228,42.8425],[-0.3051,42.8308],[-0.247,42.8048],[-0.2351,42.7862],[-0.2084,42.7839],[-0.1614,42.7953],[-0.1636,42.778],[-0.119,42.7169],[-0.0389,42.6851],[-0.0043,42.6875],[0.0728,42.7085],[0.1342,42.7152],[0.1692,42.7265],[0.2384,42.7104],[0.2754,42.6687],[0.2902,42.6703],[0.336,42.7127],[0.3542,42.7175],[0.3893,42.6851],[0.4669,42.6904],[0.4835,42.6853],[0.6082,42.688],[0.6436,42.6845],[0.6634,42.6962],[0.6665,42.7148],[0.6335,42.7448],[0.6537,42.8027],[0.6563,42.8384],[0.7243,42.8453],[0.7763,42.8325],[0.8129,42.8316],[0.8561,42.8128],[0.9211,42.7844],[0.9587,42.7937],[0.9829,42.7804],[1.0682,42.7761],[1.1067,42.7596],[1.1343,42.716],[1.1625,42.7057],[1.1959,42.7136],[1.3191,42.7134],[1.3611,42.6867],[1.398,42.6436],[1.4293,42.5954],[1.4514,42.6021],[1.4668,42.6415],[1.4984,42.6402],[1.5278,42.6485],[1.5431,42.6494],[1.5973,42.6219],[1.6083,42.6181],[1.722,42.6099],[1.7133,42.5895],[1.7294,42.582],[1.7527,42.5767],[1.7611,42.5676],[1.8728,42.579],[1.9383,42.5718],[1.9588,42.5944],[1.9628,42.6218],[2.0056,42.6561],[2.0983,42.6639],[2.154,42.6564],[2.1661,42.6638],[2.1577,42.6914],[2.1166,42.7071],[2.0862,42.7381],[2.0556,42.7443],[1.9919,42.7314],[1.9561,42.7346],[1.9127,42.7566],[1.9139,42.7834],[1.8655,42.8159],[1.8869,42.8443],[1.9772,42.8637],[1.9852,42.8791],[1.969,42.9196],[1.9416,42.9351],[1.9479,42.9478],[1.9895,42.9605],[1.9774,43.0151],[1.9436,43.0513],[1.9603,43.0691],[1.9454,43.1038],[1.9249,43.1167],[1.8806,43.1203],[1.8407,43.137],[1.7749,43.1522],[1.7191,43.1834],[1.6965,43.2439],[1.7026,43.2667],[1.7254,43.3162],[1.7423,43.3278],[1.7949,43.3335],[1.8112,43.3439],[1.8047,43.3734],[1.8498,43.4234],[1.8938,43.3936],[1.9506,43.4142],[2.0317,43.4226],[2.0634,43.3986],[2.0902,43.3922],[2.1672,43.401],[2.2172,43.3842],[2.232,43.4026],[2.2291,43.4271],[2.2615,43.4423],[2.3672,43.4248],[2.4617,43.43],[2.5675,43.4228],[2.6059,43.4306],[2.6567,43.4608],[2.6503,43.4991],[2.6605,43.5215],[2.6212,43.5652],[2.622,43.5978],[2.6414,43.6331],[2.6743,43.6399],[2.7756,43.6179],[2.8856,43.6529],[2.9345,43.6937],[2.9902,43.7007],[3.025,43.6904],[3.0562,43.7156],[3.0612,43.7661],[3.0529,43.8101],[3.0881,43.8228],[3.1894,43.8131],[3.2323,43.8391],[3.2375,43.8641],[3.2744,43.8876],[3.3218,43.8911],[3.342,43.9039],[3.3569,43.9386],[3.4424,44.0002],[3.4469,44.0144],[3.3945,44.0503],[3.3595,44.0551],[3.3322,44.0719],[3.3065,44.0691],[3.2868,44.0863],[3.3159,44.0987],[3.3266,44.1332],[3.3767,44.1683],[3.4803,44.1218],[3.5179,44.1134],[3.6163,44.1168],[3.6366,44.1273],[3.6427,44.1769],[3.6904,44.1802],[3.791,44.136],[3.8758,44.1314],[3.9204,44.1664],[3.9576,44.2248],[3.9624,44.2621],[3.9366,44.3067],[3.9265,44.3507],[3.8948,44.3902],[3.9592,44.4138],[3.994,44.4579],[3.9655,44.5355],[3.9433,44.5699],[3.922,44.5803],[3.9003,44.6221],[3.8919,44.6632],[3.8685,44.7221],[3.8722,44.7509],[3.8938,44.758],[3.9475,44.8184],[4.0134,44.8361],[4.0235,44.8611],[4.1535,44.8754],[4.1933,44.9145],[4.2154,44.9589],[4.2521,44.9601],[4.2966,44.9742],[4.2889,45.0013],[4.3114,45.0257],[4.3602,45.033],[4.3686,45.0441],[4.3517,45.0763],[4.3838,45.107],[4.3686,45.1256],[4.3839,45.136],[4.42,45.1168],[4.4395,45.1256],[4.4431,45.1509],[4.4682,45.1884],[4.4778,45.226],[4.4627,45.2365],[4.4057,45.2694],[4.3591,45.2736],[4.3388,45.3067],[4.3517,45.3337],[4.3256,45.3809],[4.3025,45.3929],[4.2732,45.3739],[4.217,45.3841],[4.16,45.3867],[4.1276,45.3567],[4.0032,45.3448],[3.9706,45.3685],[3.9292,45.3616],[3.9025,45.3455],[3.8855,45.3587],[3.9079,45.4142],[3.9535,45.4527],[3.9689,45.4824],[3.9321,45.5635],[3.9206,45.5767],[3.8039,45.6491],[3.7521,45.7329],[3.697,45.7893],[3.7133,45.8579],[3.7304,45.892],[3.7148,45.9141],[3.6817,45.9334],[3.6795,45.957],[3.7183,45.9718],[3.7805,45.9804],[3.8176,46.0086],[3.7903,46.1095],[3.7928,46.1619],[3.7723,46.2338],[3.8211,46.2618],[3.8865,46.2762],[3.9783,46.3122],[4.0013,46.3354],[3.9859,46.3562],[3.9791,46.3949],[3.9887,46.4225],[3.9788,46.4626],[3.9367,46.4841],[3.8782,46.4928],[3.8349,46.5219],[3.81,46.5219],[3.7409,46.5493],[3.743,46.6102],[3.6987,46.6571],[3.6579,46.6859],[3.6249,46.7393],[3.5968,46.7429],[3.5888,46.7158],[3.5676,46.7063],[3.5599,46.6814],[3.495,46.6541],[3.4607,46.6515],[3.457,46.6747],[3.4335,46.7058],[3.4076,46.7114],[3.3683,46.6862],[3.313,46.699],[3.256,46.701],[3.216,46.6872],[3.1856,46.6963],[3.1592,46.7186],[3.0711,46.7392],[3.0329,46.7685],[3.0298,46.7909],[3.0352,46.8149],[3.0732,46.8703],[3.0542,46.9133],[3.0756,46.974],[3.0684,47.0455],[3.0316,47.0758],[3.0335,47.1222],[2.9899,47.2161],[2.9721,47.2669],[2.875,47.3371],[2.9247,47.4124],[2.9303,47.4529],[2.8747,47.5205],[2.8589,47.5443],[2.9097,47.5622],[2.9693,47.5676],[2.9944,47.5633],[3.0987,47.5788],[3.1185,47.5726],[3.1273,47.5371],[3.1451,47.5254],[3.2116,47.516],[3.2395,47.4926],[3.2909,47.5013],[3.3324,47.4813],[3.3601,47.486],[3.3913,47.5066],[3.4154,47.5088],[3.4882,47.4938],[3.492,47.56],[3.5307,47.5204],[3.5619,47.5001],[3.5873,47.4652],[3.6447,47.4567],[3.7159,47.4115],[3.8045,47.3859],[3.8207,47.3904],[3.8475,47.4303],[3.8772,47.4171],[3.8689,47.374],[3.8841,47.3674],[3.9507,47.3931],[3.9657,47.3758],[3.977,47.3269],[4.0182,47.313],[4.048,47.3395],[4.1061,47.3392],[4.1021,47.3679],[4.0809,47.3801],[4.0682,47.4245],[4.1172,47.4556],[4.1184,47.5047],[4.143,47.5251],[4.2019,47.5996],[4.2192,47.6322],[4.2445,47.6558],[4.2569,47.6875],[4.2586,47.7339],[4.3303,47.7603],[4.3376,47.792],[4.3131,47.8415],[4.2627,47.8439],[4.2703,47.8876],[4.2884,47.9243],[4.3259,47.946],[4.5418,47.9653],[4.5604,47.9744],[4.5632,47.9978],[4.6102,48.0153],[4.643,48.0086],[4.6985,48.022],[4.7184,48.0429],[4.6952,48.0788],[4.7111,48.1034],[4.7584,48.1149],[4.8138,48.1047],[4.8374,48.1266],[4.8447,48.1672],[4.8624,48.1983],[4.8466,48.2901],[4.8184,48.3202],[4.8196,48.3444],[4.7739,48.3584],[4.7531,48.3833],[4.716,48.3994],[4.6801,48.4357],[4.6436,48.4522],[4.64,48.4689],[4.6627,48.4932],[4.6702,48.5318],[4.7729,48.5351],[4.7862,48.5478],[4.7688,48.5755],[4.7865,48.6006],[4.8544,48.6128],[4.8374,48.6446],[4.7734,48.644],[4.8021,48.6784],[4.867,48.6933],[4.9921,48.6929],[5.0046,48.6554],[5.0359,48.6181],[5.117,48.5812],[5.187,48.5419],[5.2686,48.5108],[5.3448,48.5004],[5.3563,48.4814],[5.4552,48.4192],[5.4242,48.3881],[5.4322,48.3373],[5.5085,48.3507],[5.534,48.3339],[5.5844,48.2838],[5.6379,48.2808],[5.6615,48.2386],[5.713,48.2114],[5.7203,48.196],[5.6975,48.1805],[5.6885,48.1477],[5.6593,48.1008],[5.7322,48.0467],[5.788,48.0225],[5.799,48.0012],[5.7981,47.9642],[5.8128,47.9572],[5.8492,47.9676],[5.8918,47.9326],[5.9261,47.9481],[5.9551,47.9797],[5.9709,47.9409],[6.0344,47.9726],[6.071,48.0044],[6.0994,48.0087],[6.1469,48.0016],[6.1827,47.9768],[6.1819,47.9582],[6.2438,47.9322],[6.2828,47.9348],[6.3224,47.9505],[6.3734,47.953],[6.412,47.9423],[6.4987,47.9047],[6.5526,47.9012],[6.5765,47.908],[6.6138,47.9413],[6.6372,47.9351],[6.6965,47.8899],[6.7407,47.8761],[6.836,47.8242],[6.7848,47.78],[6.7651,47.7529],[6.7608,47.7138],[6.7865,47.655],[6.7897,47.6042],[6.8109,47.5764],[6.8071,47.5629],[6.8248,47.5476],[6.8938,47.5518],[6.9234,47.5211],[6.9144,47.487],[6.9392,47.4268],[6.991,47.4522],[6.9733,47.4891],[7.0008,47.4977],[7.0539,47.4904],[7.1037,47.4963],[7.1422,47.4877],[7.1808,47.4883],[7.1626,47.4599],[7.1683,47.4436],[7.2448,47.4177],[7.2826,47.4289],[7.3369,47.4319],[7.3882,47.4333],[7.4206,47.4509],[7.4276,47.4707],[7.4144,47.484],[7.426,47.4925],[7.446,47.4869],[7.4674,47.4819],[7.4858,47.4988],[7.4769,47.5149],[7.5011,47.5173],[7.5052,47.533],[7.4827,47.5423],[7.5209,47.5634],[7.5263,47.5665],[7.5503,47.5755],[7.5855,47.5845],[7.586,47.5846],[7.637,47.595],[7.6597,47.5966],[7.6465,47.5715],[7.6359,47.5646],[7.6123,47.5647],[7.6097,47.5647],[7.6469,47.5514],[7.6834,47.5443],[7.7273,47.5504],[7.7856,47.5632],[7.8197,47.5953],[7.8982,47.5878],[7.9122,47.5606],[8.0423,47.5606],[8.0872,47.5674],[8.1221,47.5921],[8.179,47.6158],[8.2511,47.622],[8.2886,47.6158],[8.3063,47.5922],[8.3541,47.581],[8.4211,47.5811],[8.4489,47.5843],[8.4618,47.6061],[8.5224,47.6219],[8.5517,47.5969],[8.5607,47.5894],[8.5763,47.595],[8.5803,47.639],[8.6016,47.6326],[8.5936,47.6582],[8.5682,47.6629],[8.5197,47.6574],[8.4761,47.6404],[8.4583,47.6399],[8.412,47.661],[8.3913,47.6655],[8.3977,47.6763],[8.391,47.6921],[8.4019,47.7071],[8.4379,47.7232],[8.4501,47.7505],[8.4636,47.7639],[8.5365,47.7741],[8.5516,47.7793],[8.5423,47.795],[8.5582,47.8012],[8.6016,47.7946],[8.6076,47.7623],[8.6298,47.7628],[8.635,47.7846],[8.657,47.7881],[8.6819,47.7587],[8.7131,47.7574],[8.7198,47.7473],[8.7004,47.7235],[8.7171,47.6946],[8.7699,47.6951],[8.7617,47.7013],[8.7707,47.7209],[8.7976,47.72],[8.8302,47.7072],[8.8561,47.6907],[8.8377,47.6878],[8.8519,47.6713],[8.9062,47.6518],[8.9818,47.6622],[9.0166,47.6789],[9.1281,47.6704],[9.1834,47.6704],[9.1969,47.6561],[9.2732,47.6501],[9.5475,47.5345],[9.5541,47.5327],[9.6122,47.5877],[9.6864,47.6114],[9.715,47.6048],[9.7601,47.6204],[9.8342,47.6651],[9.8646,47.6748],[9.905,47.6632],[9.9533,47.6595],[10.0339,47.68],[10.0578,47.6782],[10.0757,47.6497],[10.0934,47.6797],[10.1215,47.6739],[10.1314,47.6879],[10.114,47.7673],[10.0802,47.787],[10.0893,47.8017],[10.1295,47.8165],[10.0982,47.8779],[10.1095,47.9378],[10.0855,47.9701],[10.1007,47.9796],[10.1302,48.0349],[10.1401,48.0836],[10.1362,48.1073],[10.1093,48.148],[10.07,48.269],[10.0541,48.3049],[10.0039,48.3681],[9.9806,48.3813],[10.0366,48.4334],[10.046,48.458],[10.0679,48.4722],[10.1212,48.4872],[10.1534,48.4658],[10.2506,48.5052],[10.2624,48.5254],[10.315,48.5311],[10.3229,48.562],[10.3131,48.6082],[10.3329,48.6233],[10.2892,48.6454],[10.2704,48.6811],[10.2981,48.7035],[10.3544,48.6862],[10.3719,48.6645],[10.4242,48.702],[10.4444,48.6993],[10.4385,48.6676],[10.4951,48.6995],[10.4674,48.7358],[10.4411,48.7418],[10.4324,48.7658],[10.4411,48.8042],[10.459,48.8335],[10.4493,48.8456],[10.4563,48.8877],[10.4482,48.9086],[10.4674,48.915],[10.4588,48.9394],[10.4151,48.9829],[10.3733,49.0054],[10.3542,49.0334],[10.2754,49.05],[11.55,49.05],[11.55,49.75],[12.3,49.75],[12.3,50.0271],[12.2469,50.045],[12.2325,50.0805],[12.1879,50.1028],[12.1792,50.118],[12.1827,50.1707],[12.1393,50.211],[12.0796,50.2427],[12.1091,50.2638],[12.1073,50.2909],[12.0761,50.3152],[12.1013,50.314],[12.0937,50.3226],[12.0399,50.3288],[11.986,50.3516],[11.9812,50.3853],[11.9405,50.4145],[11.9053,50.4152],[11.8997,50.4293],[11.9311,50.4403],[11.9475,50.4622],[11.9258,50.4884],[11.9447,50.5159],[11.9894,50.5461],[12.0485,50.5316],[12.0812,50.5613],[12.1454,50.5625],[12.1587,50.6037],[12.1869,50.6264],[12.2529,50.6263],[12.29,50.6434],[12.3218,50.674],[12.2855,50.677],[12.2628,50.7222],[12.2412,50.7222],[12.2492,50.7426],[12.2855,50.7693],[12.258,50.7925],[12.3308,50.8064],[12.3642,50.8233],[12.4244,50.8243],[12.4628,50.8566],[12.5275,50.8766],[12.6017,50.8764],[12.6109,50.8701],[12.6472,50.8999],[12.6022,50.9525],[12.5457,50.9713],[12.4914,51.0285],[12.4837,51.0583],[12.3289,51.0878],[12.2646,51.0838],[12.2464,51.0326],[12.2754,51.0098],[12.2171,50.9542],[12.2008,50.9279],[12.1595,50.952],[12.1204,50.9445],[12.0679,50.9561],[12.0046,50.949],[11.9609,50.971],[11.9314,50.9981],[11.8607,51.0226],[11.7326,51.0175],[11.6974,51.0642],[11.6891,51.0919],[11.6631,51.1012],[11.6275,51.0956],[11.5352,51.1003],[11.5047,51.0892],[11.4274,51.0988],[11.4264,51.1077],[11.4203,51.1597],[11.3886,51.1899],[11.333,51.2163],[11.3524,51.2301],[11.4224,51.2437],[11.4519,51.2715],[11.3672,51.3575],[11.3149,51.3833],[11.1962,51.3974],[11.1538,51.3969],[10.9991,51.4087],[10.9645,51.4278],[10.9718,51.4627],[10.9454,51.4995],[10.9477,51.5185],[10.9115,51.5711],[10.9519,51.577],[10.9456,51.5947],[10.8035,51.6326],[10.7134,51.6311],[10.6976,51.6374],[10.6489,51.6197],[10.6292,51.601],[10.6542,51.5782],[10.6453,51.5611],[10.6104,51.5726],[10.562,51.5574],[10.5142,51.5563],[10.4788,51.5747],[10.4217,51.5919],[10.3749,51.5857],[10.3646,51.5424],[10.3064,51.5106],[10.2945,51.4935],[10.2396,51.4721],[10.1947,51.4794],[10.1497,51.4318],[10.0847,51.4311],[10.0661,51.4209],[10.0457,51.4321],[10,51.4083],[9.9492,51.3818],[9.9058,51.4037],[9.9042,51.417],[9.8628,51.4087],[9.8755,51.3847],[9.8564,51.3721],[9.826,51.4009],[9.8017,51.3972],[9.7137,51.3638],[9.7545,51.3309],[9.7843,51.3359],[9.7621,51.3093],[9.7115,51.2915],[9.6826,51.315],[9.5694,51.3423],[9.5347,51.3666],[9.5709,51.3614],[9.5636,51.3845],[9.5821,51.3988],[9.6325,51.4009],[9.6387,51.468],[9.5968,51.5116],[9.6197,51.5525],[9.6451,51.5517],[9.644,51.5719],[9.6713,51.5593],[9.6861,51.5719],[9.6508,51.6112],[9.6234,51.6295],[9.5926,51.6257],[9.5493,51.6403],[9.5326,51.6303],[9.4944,51.6321],[9.4904,51.6493],[9.4401,51.649],[9.4178,51.6271],[9.3331,51.6067],[9.3538,51.5955],[9.336,51.554],[9.2963,51.5176],[9.2243,51.487],[9.2148,51.4587],[9.158,51.4389],[9.1087,51.4429],[9.0843,51.46],[9.0846,51.483],[9.0154,51.5092],[8.9062,51.4809],[8.8981,51.4667],[8.9162,51.4229],[8.9495,51.4089],[8.9351,51.3913],[8.8936,51.39],[8.858,51.3754],[8.8146,51.3817],[8.7277,51.3731],[8.6855,51.3634],[8.5939,51.296],[8.58,51.2649],[8.6079,51.2413],[8.7169,51.2711],[8.7317,51.2498],[8.7522,51.1878],[8.7502,51.1728],[8.6957,51.1305],[8.7044,51.1047],[8.6584,51.0884],[8.6272,51.0936],[8.5247,51.0933],[8.5449,51.0207],[8.4696,50.9438],[8.4638,50.9145],[8.4441,50.916],[8.3641,50.8616],[8.3145,50.8645],[8.2996,50.8809],[8.1972,50.8271],[8.1872,50.8115],[8.1393,50.785],[8.145,50.7623],[8.1751,50.7421],[8.1669,50.7079],[8.1345,50.684],[8.0895,50.6968],[8.0563,50.6909],[8.0338,50.726],[7.9811,50.7735],[7.9839,50.803],[7.9703,50.837],[7.9425,50.832],[7.8856,50.8669],[7.8446,50.882],[7.8597,50.9225],[7.8016,50.9327],[7.7575,50.9113],[7.7677,50.8365],[7.7406,50.842],[7.6756,50.81],[7.6989,50.7816],[7.6134,50.7494],[7.5995,50.7334],[7.5633,50.7328],[7.5324,50.721],[7.4486,50.7062],[7.3869,50.7037],[7.3715,50.6426],[7.3405,50.6289],[7.2826,50.6188],[7.2263,50.6214],[7.2148,50.6272],[7.21,50.64],[7.18,50.68],[7.12,50.73],[7.07,50.78],[7,50.82],[6.97,50.94],[6.98,51],[6.95,51.05],[6.86,51.1],[6.8,51.17],[6.76,51.23],[6.74,51.27],[6.68,51.35],[6.7157,51.4],[6.73,51.4],[6.8,51.45],[6.85,51.55],[6.82,51.65],[6.7,51.75],[6.5,51.83],[6.4555,51.85],[6.4794,51.853],[6.5286,51.8764],[6.6282,51.8975],[6.7167,51.8993],[6.7438,51.9083],[6.7898,51.9511],[6.8107,51.9606],[6.804,51.9844],[6.7782,52.0013],[6.675,52.0348],[6.6799,52.0605],[6.7114,52.0673],[6.7329,52.092],[6.7716,52.1088],[6.7595,52.1145],[6.6619,52.1273],[6.6667,52.1645],[6.6017,52.1659],[6.5974,52.1781],[6.4952,52.1772],[6.4659,52.1944],[6.4114,52.2446],[6.3817,52.2468],[6.3225,52.2295],[6.2592,52.2289],[6.1796,52.2377],[6.1543,52.2256],[6.1241,52.2562],[6.1065,52.2997],[6.068,52.3218],[6.0816,52.3706],[6.12,52.3804],[6.1327,52.4213],[6.0954,52.4679],[6.0496,52.5053],[6.0307,52.511],[5.9697,52.485],[5.925,52.484],[5.8915,52.5204],[5.8669,52.5218],[5.8551,52.4807],[5.8153,52.4408],[5.771,52.4138],[5.6276,52.3718],[5.5791,52.3448],[5.5327,52.2769],[5.426,52.2639],[5.4089,52.2677],[5.3969,52.2199],[5.4387,52.1959],[5.4301,52.1686],[5.4745,52.1609],[5.5128,52.1362],[5.4686,52.0823],[5.5001,52.0698],[5.5392,52.0872],[5.5533,52.1048],[5.5722,52.019],[5.6165,51.9778],[5.6157,51.9483],[5.5821,51.9533],[5.5051,51.982],[5.462,51.9876],[5.4204,51.974],[5.3828,51.9802],[5.3105,51.9597],[5.2543,51.9791],[5.1826,51.9669],[5.1179,51.8915],[5.1205,51.8762],[5.0334,51.852],[5.0045,51.8509],[5.0093,51.8252],[4.909,51.8299],[4.8703,51.8081],[4.7904,51.8027],[4.7399,51.7744],[4.6756,51.7194],[4.644,51.7191],[4.5449,51.696],[4.5065,51.6952],[4.4031,51.7083],[4.3727,51.6735],[4.3337,51.6569],[4.1978,51.6379],[4.1307,51.6583],[4.1109,51.647],[4.1207,51.639],[4.0924,51.639],[4.0924,51.6547],[4.097,51.6693],[4.1125,51.6693],[4.1126,51.6708],[4.1156,51.6715],[4.1156,51.7087],[4.0542,51.7087],[4.0542,51.7135],[4.0161,51.7135],[4.0161,51.7457],[3.9779,51.7457],[3.9779,51.7693],[3.9173,51.7693],[3.9016,51.743],[3.8101,51.7473],[3.7928,51.7457],[3.7892,51.7459],[3.7888,51.7459],[3.7825,51.7448],[3.7258,51.7397],[3.7054,51.7314],[3.6988,51.7303],[3.6988,51.7288],[3.6895,51.725],[3.6867,51.6927],[3.7206,51.6768],[3.7654,51.6784],[3.7758,51.6858],[3.8159,51.693],[3.8244,51.69],[3.8596,51.6726],[3.8284,51.6204],[3.8118,51.6115],[3.5604,51.5946],[3.5469,51.5894],[3.5008,51.5775],[3.4838,51.5652],[3.4575,51.5551],[3.447,51.546],[3.4619,51.519],[3.4948,51.5009],[3.5321,51.4626],[3.4881,51.4392],[3.4608,51.4246],[3.4179,51.4017],[3.3878,51.3857],[3.3828,51.3847],[3.3496,51.3778],[3.3477,51.3774],[3.3126,51.3702],[3.2775,51.3629],[3.2236,51.3518],[3.2073,51.3464],[3.1248,51.3297],[2.9983,51.2774],[2.9608,51.265],[2.9162,51.2478],[2.6523,51.1824],[2.5658,51.1609],[2.5226,51.1502],[2.5144,51.1482],[2.4793,51.1401],[2.1333,51.0605],[2.0901,51.0505],[2.0468,51.0405],[1.9603,51.0206],[1.6396,50.9468],[1.6143,50.8782],[1.5806,50.8688],[1.5946,50.8248],[1.512,50.6011],[1.4707,50.4893],[1.4501,50.4334],[1.4398,50.4055],[1.4294,50.3775],[1.3696,50.2153],[1.3489,50.1593],[1.3372,50.1276],[1.2877,50.111],[1.268,50.1044],[1.1871,50.0772],[1.0252,50.0229],[0.0541,49.6971],[-0.1077,49.6428],[-0.1887,49.6156],[-0.2696,49.5885],[-0.31,49.5749],[-0.3505,49.5613],[-0.4314,49.5342],[-0.5933,49.4799],[-0.887,49.3813],[-0.9169,49.3864],[-0.9404,49.3923],[-0.9543,49.3928],[-0.9592,49.3936],[-0.9596,49.3936],[-0.9698,49.3933],[-1.0723,49.3968],[-1.084,49.3909],[-1.158,49.4245],[-1.1847,49.4366],[-1.1932,49.4457],[-1.212,49.4688],[-1.2328,49.4943],[-1.263,49.5914],[-1.2533,49.6123],[-1.2278,49.6241],[-1.2322,49.6414],[-1.258,49.6792],[-1.258,49.68],[-1.2587,49.6802],[-1.2711,49.6984],[-1.3913,49.7127],[-1.4557,49.7022],[-1.4752,49.6884],[-1.5894,49.6679],[-1.7044,49.6818],[-1.7249,49.682],[-1.7251,49.682],[-1.9348,49.7772],[-1.9347,49.777],[-1.9352,49.7772],[-1.9351,49.7767],[-1.9352,49.7768],[-1.9208,49.7253],[-1.9352,49.7241],[-1.9456,49.678],[-1.9051,49.6693],[-1.8704,49.5452],[-1.8847,49.5309],[-1.8602,49.5086],[-1.7352,49.0619],[-1.6727,48.8386],[-1.6415,48.727],[-1.6266,48.6738],[-1.6185,48.645],[-1.6404,48.6483],[-1.6719,48.6532],[-1.735,48.6628],[-1.8466,48.68],[-1.8363,48.6911],[-1.8437,48.7121],[-1.9484,48.6956],[-2.022,48.7069],[-2.0588,48.7125],[-2.0588,48.667],[-2.022,48.667],[-2.022,48.6495],[-2.0287,48.6433],[-2.0275,48.6415],[-2.022,48.6333],[-2.022,48.6159],[-2.0323,48.6159],[-2.0175,48.5907],[-1.9988,48.5907],[-1.9988,48.5654],[-1.9982,48.5648],[-1.9652,48.5648],[-1.9491,48.5392],[-1.9485,48.5383],[-1.9251,48.5448],[-1.9102,48.5036],[-1.918,48.473],[-1.944,48.4467],[-1.9517,48.4228],[-1.9327,48.3639],[-1.9615,48.3421],[-1.9615,48.3003],[-1.9824,48.2803],[-2.066,48.2952],[-2.1172,48.2608],[-2.1602,48.2607],[-2.186,48.2226],[-2.2108,48.2096],[-2.2319,48.1641],[-2.2873,48.1337],[-2.2352,48.0786],[-2.1882,48.0797],[-2.1913,48.0525],[-2.2576,48.0389],[-2.2711,48.0054],[-2.2554,47.9974],[-2.1677,47.9847],[-2.1243,47.9636],[-2.106,47.945],[-2.1002,47.9119],[-2.1095,47.8488],[-2.0612,47.8463],[-2.0524,47.8218],[-2.068,47.7962],[-2.1223,47.7743],[-2.1103,47.7588],[-2.0716,47.7572],[-2.0767,47.7333],[-2.1159,47.7317],[-2.1263,47.7142],[-2.1062,47.669],[-2.1028,47.6393],[-2.0885,47.6326],[-2.0858,47.608],[-2.11,47.5423],[-2.1544,47.5131],[-2.1868,47.4814],[-2.2109,47.5076],[-2.2534,47.4953],[-2.3023,47.5016],[-2.3345,47.464],[-2.4041,47.4556],[-2.4331,47.4658],[-2.4611,47.4526],[-2.4649,47.4535],[-2.4649,47.4322],[-2.5014,47.4322],[-2.5014,47.4247],[-2.5379,47.4247],[-2.5379,47.4473],[-2.684,47.4473],[-2.684,47.411],[-2.7238,47.411],[-2.7238,47.4045]]],[[[-2.6735,49.4335],[-2.6693,49.4309],[-2.5731,49.4309],[-2.5521,49.4267],[-2.549,49.4283],[-2.5472,49.4279],[-2.5472,49.428],[-2.5468,49.4279],[-2.5456,49.4301],[-2.5341,49.4362],[-2.5267,49.4585],[-2.5245,49.4688],[-2.5127,49.4903],[-2.5058,49.498],[-2.5017,49.5067],[-2.5182,49.5155],[-2.5382,49.5098],[-2.5496,49.5042],[-2.5736,49.4954],[-2.5802,49.4936],[-2.5825,49.4922],[-2.648,49.4682],[-2.6479,49.4679],[-2.648,49.4678],[-2.6464,49.464],[-2.6503,49.4637],[-2.6566,49.4594],[-2.6518,49.4452],[-2.663,49.4438],[-2.6735,49.4335]]],[[[-2.242,49.248],[-2.2332,49.2285],[-2.2296,49.2165],[-2.2376,49.1766],[-2.2375,49.1766],[-2.2376,49.1762],[-2.2372,49.1763],[-2.2372,49.1762],[-2.1826,49.1841],[-2.1772,49.1802],[-2.1687,49.1783],[-2.1626,49.1866],[-2.1013,49.1866],[-2.097,49.1837],[-2.08,49.1787],[-2.0734,49.1786],[-2.054,49.1693],[-2.0537,49.1694],[-2.0536,49.1693],[-2.0354,49.1744],[-2.0245,49.1713],[-2.0237,49.1777],[-2.0104,49.1814],[-2.0105,49.1818],[-2.0104,49.1818],[-2.014,49.2072],[-2.0083,49.2125],[-2.0158,49.2196],[-2.0176,49.2321],[-2.021,49.2333],[-2.0207,49.2353],[-2.0679,49.2507],[-2.0827,49.2602],[-2.1039,49.2582],[-2.1059,49.2568],[-2.1218,49.2582],[-2.122,49.2583],[-2.1438,49.2619],[-2.1517,49.267],[-2.1618,49.2618],[-2.2192,49.2669],[-2.2196,49.2669],[-2.2209,49.2605],[-2.2294,49.263],[-2.2411,49.2602],[-2.242,49.248]]]]}},
{"type":"Feature","properties":{"entityId":"frankish-kingdom","from":534,"to":537,"certainty":"estimated","source":"유럽 쪽은 Natural Earth 1:10m admin-1(v5.1.2) 현대 행정구역 조각을 그 시기 국경에 맞춰 묶고, 조각이 역사 경계와 다른 곳은 선을 그어 나눈 근사. 유럽 밖(시베리아·중앙아시아·극동)은 대략적인 추정. 운영자 검수 필요"},"geometry":{"type":"MultiPolygon","coordinates":[[[[-2.7238,47.4045],[-2.684,47.3772],[-2.6458,47.351],[-2.365,47.1585],[-2.3168,47.1254],[-2.2491,47.079],[-2.2382,47.0715],[-2.2268,47.0637],[-2.2098,47.0464],[-2.2079,47.0445],[-2.1814,47.0175],[-2.1532,46.9889],[-2.1137,46.9487],[-2.098,46.9328],[-2.1022,46.9307],[-2.0963,46.9165],[-2.122,46.9037],[-2.1313,46.8718],[-2.1188,46.82],[-2.0503,46.7921],[-2.0022,46.7575],[-1.9921,46.7485],[-1.965,46.7104],[-1.9398,46.7019],[-1.9208,46.685],[-1.8213,46.558],[-1.8048,46.5036],[-1.7817,46.4954],[-1.7854,46.514],[-1.7742,46.5093],[-1.7684,46.5002],[-1.6868,46.4609],[-1.6459,46.4558],[-1.6321,46.4501],[-1.6256,46.4311],[-1.5988,46.425],[-1.598,46.425],[-1.5344,46.3603],[-1.5025,46.3279],[-1.4706,46.2956],[-1.4421,46.2666],[-1.4136,46.2377],[-1.4905,46.2244],[-1.508,46.2456],[-1.4739,46.2381],[-1.4679,46.2499],[-1.4981,46.2619],[-1.5558,46.2518],[-1.5043,46.2077],[-1.4329,46.2108],[-1.3506,46.1737],[-1.3432,46.1662],[-1.2496,46.0712],[-1.1936,46.0143],[-1.2021,45.9262],[-1.2198,45.9431],[-1.2194,45.9439],[-1.2336,45.9917],[-1.2738,45.9976],[-1.3399,46.0378],[-1.3829,46.048],[-1.3876,46.0501],[-1.3876,46.0499],[-1.388,46.0501],[-1.388,46.0492],[-1.4049,46.0532],[-1.3833,46.0155],[-1.375,45.9858],[-1.3783,45.976],[-1.3402,45.9387],[-1.2778,45.8942],[-1.2457,45.8546],[-1.2269,45.8198],[-1.2127,45.8153],[-1.2147,45.7949],[-1.2303,45.7924],[-1.2473,45.7099],[-1.2228,45.71],[-1.23,45.6345],[-1.2337,45.5966],[-1.2373,45.5588],[-1.2518,45.4074],[-1.2808,45.1045],[-1.3388,44.4988],[-1.3458,44.4252],[-1.3529,44.3516],[-1.367,44.2044],[-1.3844,44.0225],[-1.4818,43.9099],[-1.6848,43.6753],[-1.7231,43.6311],[-1.7997,43.5425],[-1.7614,43.5425],[-1.7614,43.4982],[-1.762,43.4982],[-1.762,43.4067],[-1.8006,43.4067],[-1.8006,43.3894],[-1.7941,43.386],[-1.7969,43.3411],[-1.7682,43.3309],[-1.7497,43.2948],[-1.6739,43.3042],[-1.645,43.2924],[-1.639,43.2557],[-1.5876,43.2516],[-1.559,43.2841],[-1.5081,43.2768],[-1.4664,43.2608],[-1.4322,43.265],[-1.4035,43.2433],[-1.3997,43.2067],[-1.4258,43.1353],[-1.4878,43.0818],[-1.4753,43.0601],[-1.435,43.0357],[-1.3831,43.0292],[-1.3576,43.0468],[-1.3483,43.0931],[-1.3086,43.1136],[-1.3106,43.0695],[-1.2749,43.0468],[-1.2169,43.0393],[-1.1499,43.0057],[-1.1124,43.0083],[-1.0797,42.9934],[-1.0285,42.9867],[-0.9815,42.957],[-0.9432,42.9479],[-0.8635,42.9431],[-0.7864,42.9533],[-0.7597,42.9465],[-0.745,42.9187],[-0.7459,42.8939],[-0.7301,42.8775],[-0.7004,42.8764],[-0.6483,42.8498],[-0.6095,42.8114],[-0.5829,42.7958],[-0.5787,42.7773],[-0.5356,42.7842],[-0.5339,42.808],[-0.5084,42.8075],[-0.4545,42.7889],[-0.4239,42.7907],[-0.3228,42.8425],[-0.3051,42.8308],[-0.247,42.8048],[-0.2351,42.7862],[-0.2084,42.7839],[-0.1614,42.7953],[-0.1636,42.778],[-0.119,42.7169],[-0.0389,42.6851],[-0.0043,42.6875],[0.0728,42.7085],[0.1342,42.7152],[0.1692,42.7265],[0.2384,42.7104],[0.2754,42.6687],[0.2902,42.6703],[0.336,42.7127],[0.3542,42.7175],[0.3893,42.6851],[0.4669,42.6904],[0.4835,42.6853],[0.6082,42.688],[0.6436,42.6845],[0.6634,42.6962],[0.6665,42.7148],[0.6335,42.7448],[0.6537,42.8027],[0.6563,42.8384],[0.7243,42.8453],[0.7763,42.8325],[0.8129,42.8316],[0.8561,42.8128],[0.9211,42.7844],[0.9587,42.7937],[0.9829,42.7804],[1.0682,42.7761],[1.1067,42.7596],[1.1343,42.716],[1.1625,42.7057],[1.1959,42.7136],[1.3191,42.7134],[1.3611,42.6867],[1.398,42.6436],[1.4293,42.5954],[1.4514,42.6021],[1.4668,42.6415],[1.4984,42.6402],[1.5278,42.6485],[1.5431,42.6494],[1.5973,42.6219],[1.6083,42.6181],[1.722,42.6099],[1.7133,42.5895],[1.7294,42.582],[1.7527,42.5767],[1.7611,42.5676],[1.8728,42.579],[1.9383,42.5718],[1.9588,42.5944],[1.9628,42.6218],[2.0056,42.6561],[2.0983,42.6639],[2.154,42.6564],[2.1661,42.6638],[2.1577,42.6914],[2.1166,42.7071],[2.0862,42.7381],[2.0556,42.7443],[1.9919,42.7314],[1.9561,42.7346],[1.9127,42.7566],[1.9139,42.7834],[1.8655,42.8159],[1.8869,42.8443],[1.9772,42.8637],[1.9852,42.8791],[1.969,42.9196],[1.9416,42.9351],[1.9479,42.9478],[1.9895,42.9605],[1.9774,43.0151],[1.9436,43.0513],[1.9603,43.0691],[1.9454,43.1038],[1.9249,43.1167],[1.8806,43.1203],[1.8407,43.137],[1.7749,43.1522],[1.7191,43.1834],[1.6965,43.2439],[1.7026,43.2667],[1.7254,43.3162],[1.7423,43.3278],[1.7949,43.3335],[1.8112,43.3439],[1.8047,43.3734],[1.8498,43.4234],[1.8938,43.3936],[1.9506,43.4142],[2.0317,43.4226],[2.0634,43.3986],[2.0902,43.3922],[2.1672,43.401],[2.2172,43.3842],[2.232,43.4026],[2.2291,43.4271],[2.2615,43.4423],[2.3672,43.4248],[2.4617,43.43],[2.5675,43.4228],[2.6059,43.4306],[2.6567,43.4608],[2.6503,43.4991],[2.6605,43.5215],[2.6212,43.5652],[2.622,43.5978],[2.6414,43.6331],[2.6743,43.6399],[2.7756,43.6179],[2.8856,43.6529],[2.9345,43.6937],[2.9902,43.7007],[3.025,43.6904],[3.0562,43.7156],[3.0612,43.7661],[3.0529,43.8101],[3.0881,43.8228],[3.1894,43.8131],[3.2323,43.8391],[3.2375,43.8641],[3.2744,43.8876],[3.3218,43.8911],[3.342,43.9039],[3.3569,43.9386],[3.4424,44.0002],[3.4469,44.0144],[3.3945,44.0503],[3.3595,44.0551],[3.3322,44.0719],[3.3065,44.0691],[3.2868,44.0863],[3.3159,44.0987],[3.3266,44.1332],[3.3767,44.1683],[3.4803,44.1218],[3.5179,44.1134],[3.6163,44.1168],[3.6366,44.1273],[3.6427,44.1769],[3.6904,44.1802],[3.791,44.136],[3.8758,44.1314],[3.9204,44.1664],[3.9576,44.2248],[3.9624,44.2621],[3.9366,44.3067],[3.9265,44.3507],[3.8948,44.3902],[3.9592,44.4138],[3.994,44.4579],[4.0218,44.4395],[4.0497,44.4035],[4.0361,44.3756],[4.0443,44.3311],[4.1306,44.3317],[4.1408,44.3216],[4.229,44.2853],[4.2511,44.2818],[4.3338,44.3307],[4.3731,44.3397],[4.3967,44.3283],[4.4074,44.2927],[4.4451,44.3011],[4.4656,44.336],[4.5208,44.3368],[4.5506,44.3271],[4.5852,44.3007],[4.6578,44.2817],[4.6575,44.3268],[4.677,44.4372],[4.7034,44.4747],[4.7213,44.5734],[4.74,44.6063],[4.7895,44.6585],[4.7964,44.6964],[4.769,44.7547],[4.7776,44.7954],[4.8283,44.837],[4.8306,44.8509],[4.8686,44.8848],[4.8926,44.9495],[4.851,45.0215],[4.8584,45.0656],[4.8447,45.101],[4.8228,45.1112],[4.8273,45.1579],[4.8141,45.1974],[4.8114,45.2963],[4.8778,45.3009],[4.9675,45.3405],[5.0041,45.3407],[5.0206,45.3193],[5.0489,45.3191],[5.0852,45.2843],[5.1307,45.2836],[5.1222,45.2455],[5.1604,45.2574],[5.1733,45.2378],[5.1903,45.1499],[5.1707,45.0996],[5.1775,45.0812],[5.2331,45.0857],[5.2452,45.0636],[5.3094,45.0571],[5.3406,45.062],[5.3507,45.0473],[5.3908,45.0467],[5.4577,45.0799],[5.4864,45.0808],[5.471,45.0558],[5.4932,44.9954],[5.4817,44.959],[5.4818,44.9225],[5.4599,44.8182],[5.4758,44.7871],[5.5488,44.7706],[5.5483,44.7931],[5.6205,44.751],[5.6547,44.7239],[5.7733,44.709],[5.812,44.7121],[5.8296,44.6834],[5.7931,44.6549],[5.7229,44.6415],[5.6579,44.6414],[5.6444,44.6056],[5.6081,44.5558],[5.6582,44.5137],[5.6513,44.4959],[5.587,44.4715],[5.5253,44.4876],[5.4724,44.4893],[5.4776,44.4525],[5.5003,44.4383],[5.4925,44.4236],[5.4281,44.4248],[5.4593,44.3703],[5.4967,44.3482],[5.5643,44.33],[5.6104,44.3322],[5.631,44.3245],[5.6232,44.3033],[5.6781,44.2669],[5.6851,44.2333],[5.6789,44.1907],[5.7063,44.1887],[5.8051,44.2107],[5.8688,44.1925],[5.9008,44.1999],[5.8231,44.2765],[5.8353,44.3005],[5.8639,44.2965],[5.9143,44.2685],[5.9196,44.306],[5.9086,44.337],[5.9373,44.3624],[5.9558,44.3955],[5.9817,44.4141],[6.032,44.4344],[6.0735,44.4676],[6.1349,44.4721],[6.1625,44.4344],[6.1835,44.428],[6.2171,44.3893],[6.236,44.3847],[6.2697,44.4222],[6.2587,44.4678],[6.297,44.4767],[6.3247,44.4936],[6.3652,44.5347],[6.4326,44.4785],[6.4674,44.4589],[6.5128,44.4492],[6.6129,44.4468],[6.6304,44.4524],[6.669,44.5036],[6.684,44.5406],[6.7137,44.5434],[6.7919,44.5995],[6.8739,44.6292],[6.919,44.6609],[6.9383,44.658],[6.9828,44.6922],[7.0552,44.6849],[7.0388,44.7121],[7.019,44.7389],[6.9984,44.7938],[7.0071,44.8221],[6.9828,44.847],[6.9327,44.8617],[6.866,44.8557],[6.7782,44.8876],[6.7279,44.9287],[6.7299,44.9847],[6.7235,45.0134],[6.6972,45.0269],[6.6622,45.0292],[6.6397,45.0504],[6.6366,45.0745],[6.6027,45.1035],[6.6294,45.1235],[6.6674,45.1396],[6.6944,45.1403],[6.7364,45.1573],[6.7715,45.1532],[6.8441,45.1301],[6.8767,45.1412],[6.8813,45.1684],[6.9138,45.1702],[6.9587,45.2098],[7.0297,45.2282],[7.0502,45.215],[7.1084,45.2592],[7.0926,45.324],[7.1301,45.3571],[7.1607,45.4109],[7.0968,45.4354],[7.0754,45.4663],[6.9828,45.5111],[6.9698,45.567],[6.9549,45.5862],[6.9695,45.6258],[6.9634,45.6407],[6.9186,45.6526],[6.8826,45.6755],[6.8431,45.6827],[6.7959,45.7181],[6.7839,45.765],[6.7827,45.7953],[6.8008,45.8265],[6.8434,45.8386],[6.8707,45.8283],[6.8735,45.8448],[6.9051,45.8454],[6.9692,45.8698],[6.9972,45.9113],[7.0221,45.9253],[7.0669,45.8902],[7.1209,45.8761],[7.1837,45.8805],[7.2867,45.9134],[7.3618,45.9078],[7.3938,45.9157],[7.3947,45.9162],[7.453,45.9459],[7.5037,45.9567],[7.5411,45.9841],[7.643,45.9663],[7.694,45.9287],[7.732,45.9304],[7.7801,45.9181],[7.8312,45.9145],[7.8496,45.9397],[7.8982,45.9819],[7.9858,45.9993],[8.0107,46.0297],[8.0182,46.0809],[8.0354,46.0965],[8.0669,46.1006],[8.1106,46.127],[8.1323,46.1594],[8.1295,46.196],[8.1,46.2356],[8.0731,46.2536],[8.0873,46.2718],[8.1285,46.2925],[8.1926,46.3092],[8.2418,46.3541],[8.2915,46.3784],[8.2866,46.4054],[8.3163,46.4337],[8.3859,46.4502],[8.396,46.4909],[8.4476,46.5046],[8.4769,46.5318],[8.4374,46.5466],[8.4076,46.5932],[8.4217,46.6459],[8.4094,46.6557],[8.4017,46.6887],[8.4447,46.6911],[8.4376,46.7414],[8.4462,46.7692],[8.3916,46.7751],[8.3682,46.7895],[8.3244,46.7777],[8.2909,46.7617],[8.2703,46.759],[8.1987,46.7676],[8.1581,46.759],[8.0946,46.7843],[8.0437,46.7883],[7.9771,46.7789],[7.9522,46.8024],[7.8705,46.8503],[7.8609,46.8779],[7.8757,46.9244],[7.916,46.934],[7.93,46.9482],[7.9525,47.0027],[7.8975,47.0115],[7.8733,47.0481],[7.8741,47.1014],[7.8871,47.1283],[7.8751,47.1767],[7.8393,47.2318],[7.8229,47.269],[7.8575,47.3107],[7.9019,47.3383],[7.9816,47.3283],[7.9969,47.3345],[8.0291,47.3792],[8.028,47.3981],[8.0057,47.4043],[7.9813,47.4312],[7.9791,47.4487],[7.9549,47.4577],[7.9449,47.4406],[7.9537,47.4223],[7.9289,47.4078],[7.882,47.4024],[7.8705,47.3847],[7.8053,47.3636],[7.7861,47.3385],[7.7521,47.3477],[7.7138,47.3662],[7.6538,47.3681],[7.6396,47.3849],[7.6379,47.4065],[7.6839,47.4216],[7.6904,47.4482],[7.7134,47.4673],[7.6643,47.4916],[7.6497,47.4834],[7.6145,47.4841],[7.6081,47.4728],[7.6266,47.4618],[7.6029,47.4312],[7.5748,47.4283],[7.5774,47.4155],[7.5422,47.4108],[7.5068,47.3886],[7.4527,47.3958],[7.4371,47.3793],[7.4197,47.3827],[7.4112,47.3983],[7.3842,47.4131],[7.4404,47.4146],[7.4551,47.4214],[7.4458,47.4389],[7.4206,47.4509],[7.4276,47.4707],[7.4144,47.484],[7.426,47.4925],[7.446,47.4869],[7.4542,47.452],[7.5339,47.4608],[7.529,47.4939],[7.4858,47.4988],[7.4769,47.5149],[7.5011,47.5173],[7.5052,47.533],[7.4827,47.5423],[7.5209,47.5634],[7.5263,47.5665],[7.5503,47.5755],[7.5855,47.5845],[7.586,47.5846],[7.637,47.595],[7.6597,47.5966],[7.6465,47.5715],[7.6359,47.5646],[7.6123,47.5647],[7.6097,47.5647],[7.6469,47.5514],[7.6834,47.5443],[7.7273,47.5504],[7.7856,47.5632],[7.8197,47.5953],[7.8982,47.5878],[7.9122,47.5606],[8.0423,47.5606],[8.0872,47.5674],[8.1221,47.5921],[8.179,47.6158],[8.2511,47.622],[8.2886,47.6158],[8.3063,47.5922],[8.3541,47.581],[8.4211,47.5811],[8.4489,47.5843],[8.4618,47.6061],[8.5224,47.6219],[8.5517,47.5969],[8.5607,47.5894],[8.5763,47.595],[8.5803,47.639],[8.6016,47.6326],[8.5936,47.6582],[8.5682,47.6629],[8.5197,47.6574],[8.4761,47.6404],[8.4583,47.6399],[8.412,47.661],[8.3913,47.6655],[8.3977,47.6763],[8.391,47.6921],[8.4019,47.7071],[8.4379,47.7232],[8.4501,47.7505],[8.4636,47.7639],[8.5365,47.7741],[8.5516,47.7793],[8.5423,47.795],[8.5582,47.8012],[8.6016,47.7946],[8.6076,47.7623],[8.6298,47.7628],[8.635,47.7846],[8.657,47.7881],[8.6819,47.7587],[8.7131,47.7574],[8.7198,47.7473],[8.7004,47.7235],[8.7171,47.6946],[8.7699,47.6951],[8.7617,47.7013],[8.7707,47.7209],[8.7976,47.72],[8.8302,47.7072],[8.8561,47.6907],[8.8377,47.6878],[8.8519,47.6713],[8.9062,47.6518],[8.9818,47.6622],[9.0166,47.6789],[9.1281,47.6704],[9.1834,47.6704],[9.1969,47.6561],[9.2732,47.6501],[9.5475,47.5345],[9.5541,47.5327],[9.6122,47.5877],[9.6864,47.6114],[9.715,47.6048],[9.7601,47.6204],[9.8342,47.6651],[9.8646,47.6748],[9.905,47.6632],[9.9533,47.6595],[10.0339,47.68],[10.0578,47.6782],[10.0757,47.6497],[10.0934,47.6797],[10.1215,47.6739],[10.1314,47.6879],[10.114,47.7673],[10.0802,47.787],[10.0893,47.8017],[10.1295,47.8165],[10.0982,47.8779],[10.1095,47.9378],[10.0855,47.9701],[10.1007,47.9796],[10.1302,48.0349],[10.1401,48.0836],[10.1362,48.1073],[10.1093,48.148],[10.07,48.269],[10.0541,48.3049],[10.0039,48.3681],[9.9806,48.3813],[10.0366,48.4334],[10.046,48.458],[10.0679,48.4722],[10.1212,48.4872],[10.1534,48.4658],[10.2506,48.5052],[10.2624,48.5254],[10.315,48.5311],[10.3229,48.562],[10.3131,48.6082],[10.3329,48.6233],[10.2892,48.6454],[10.2704,48.6811],[10.2981,48.7035],[10.3544,48.6862],[10.3719,48.6645],[10.4242,48.702],[10.4444,48.6993],[10.4385,48.6676],[10.4951,48.6995],[10.4674,48.7358],[10.4411,48.7418],[10.4324,48.7658],[10.4411,48.8042],[10.459,48.8335],[10.4493,48.8456],[10.4563,48.8877],[10.4482,48.9086],[10.4674,48.915],[10.4588,48.9394],[10.4151,48.9829],[10.3733,49.0054],[10.3542,49.0334],[10.2754,49.05],[11.55,49.05],[11.55,49.75],[12.3,49.75],[12.3,50.0271],[12.2469,50.045],[12.2325,50.0805],[12.1879,50.1028],[12.1792,50.118],[12.1827,50.1707],[12.1393,50.211],[12.0796,50.2427],[12.1091,50.2638],[12.1073,50.2909],[12.0761,50.3152],[12.1013,50.314],[12.0937,50.3226],[12.0399,50.3288],[11.986,50.3516],[11.9812,50.3853],[11.9405,50.4145],[11.9053,50.4152],[11.8997,50.4293],[11.9311,50.4403],[11.9475,50.4622],[11.9258,50.4884],[11.9447,50.5159],[11.9894,50.5461],[12.0485,50.5316],[12.0812,50.5613],[12.1454,50.5625],[12.1587,50.6037],[12.1869,50.6264],[12.2529,50.6263],[12.29,50.6434],[12.3218,50.674],[12.2855,50.677],[12.2628,50.7222],[12.2412,50.7222],[12.2492,50.7426],[12.2855,50.7693],[12.258,50.7925],[12.3308,50.8064],[12.3642,50.8233],[12.4244,50.8243],[12.4628,50.8566],[12.5275,50.8766],[12.6017,50.8764],[12.6109,50.8701],[12.6472,50.8999],[12.6022,50.9525],[12.5457,50.9713],[12.4914,51.0285],[12.4837,51.0583],[12.3289,51.0878],[12.2646,51.0838],[12.2464,51.0326],[12.2754,51.0098],[12.2171,50.9542],[12.2008,50.9279],[12.1595,50.952],[12.1204,50.9445],[12.0679,50.9561],[12.0046,50.949],[11.9609,50.971],[11.9314,50.9981],[11.8607,51.0226],[11.7326,51.0175],[11.6974,51.0642],[11.6891,51.0919],[11.6631,51.1012],[11.6275,51.0956],[11.5352,51.1003],[11.5047,51.0892],[11.4274,51.0988],[11.4264,51.1077],[11.4203,51.1597],[11.3886,51.1899],[11.333,51.2163],[11.3524,51.2301],[11.4224,51.2437],[11.4519,51.2715],[11.3672,51.3575],[11.3149,51.3833],[11.1962,51.3974],[11.1538,51.3969],[10.9991,51.4087],[10.9645,51.4278],[10.9718,51.4627],[10.9454,51.4995],[10.9477,51.5185],[10.9115,51.5711],[10.9519,51.577],[10.9456,51.5947],[10.8035,51.6326],[10.7134,51.6311],[10.6976,51.6374],[10.6489,51.6197],[10.6292,51.601],[10.6542,51.5782],[10.6453,51.5611],[10.6104,51.5726],[10.562,51.5574],[10.5142,51.5563],[10.4788,51.5747],[10.4217,51.5919],[10.3749,51.5857],[10.3646,51.5424],[10.3064,51.5106],[10.2945,51.4935],[10.2396,51.4721],[10.1947,51.4794],[10.1497,51.4318],[10.0847,51.4311],[10.0661,51.4209],[10.0457,51.4321],[10,51.4083],[9.9492,51.3818],[9.9058,51.4037],[9.9042,51.417],[9.8628,51.4087],[9.8755,51.3847],[9.8564,51.3721],[9.826,51.4009],[9.8017,51.3972],[9.7137,51.3638],[9.7545,51.3309],[9.7843,51.3359],[9.7621,51.3093],[9.7115,51.2915],[9.6826,51.315],[9.5694,51.3423],[9.5347,51.3666],[9.5709,51.3614],[9.5636,51.3845],[9.5821,51.3988],[9.6325,51.4009],[9.6387,51.468],[9.5968,51.5116],[9.6197,51.5525],[9.6451,51.5517],[9.644,51.5719],[9.6713,51.5593],[9.6861,51.5719],[9.6508,51.6112],[9.6234,51.6295],[9.5926,51.6257],[9.5493,51.6403],[9.5326,51.6303],[9.4944,51.6321],[9.4904,51.6493],[9.4401,51.649],[9.4178,51.6271],[9.3331,51.6067],[9.3538,51.5955],[9.336,51.554],[9.2963,51.5176],[9.2243,51.487],[9.2148,51.4587],[9.158,51.4389],[9.1087,51.4429],[9.0843,51.46],[9.0846,51.483],[9.0154,51.5092],[8.9062,51.4809],[8.8981,51.4667],[8.9162,51.4229],[8.9495,51.4089],[8.9351,51.3913],[8.8936,51.39],[8.858,51.3754],[8.8146,51.3817],[8.7277,51.3731],[8.6855,51.3634],[8.5939,51.296],[8.58,51.2649],[8.6079,51.2413],[8.7169,51.2711],[8.7317,51.2498],[8.7522,51.1878],[8.7502,51.1728],[8.6957,51.1305],[8.7044,51.1047],[8.6584,51.0884],[8.6272,51.0936],[8.5247,51.0933],[8.5449,51.0207],[8.4696,50.9438],[8.4638,50.9145],[8.4441,50.916],[8.3641,50.8616],[8.3145,50.8645],[8.2996,50.8809],[8.1972,50.8271],[8.1872,50.8115],[8.1393,50.785],[8.145,50.7623],[8.1751,50.7421],[8.1669,50.7079],[8.1345,50.684],[8.0895,50.6968],[8.0563,50.6909],[8.0338,50.726],[7.9811,50.7735],[7.9839,50.803],[7.9703,50.837],[7.9425,50.832],[7.8856,50.8669],[7.8446,50.882],[7.8597,50.9225],[7.8016,50.9327],[7.7575,50.9113],[7.7677,50.8365],[7.7406,50.842],[7.6756,50.81],[7.6989,50.7816],[7.6134,50.7494],[7.5995,50.7334],[7.5633,50.7328],[7.5324,50.721],[7.4486,50.7062],[7.3869,50.7037],[7.3715,50.6426],[7.3405,50.6289],[7.2826,50.6188],[7.2263,50.6214],[7.2148,50.6272],[7.21,50.64],[7.18,50.68],[7.12,50.73],[7.07,50.78],[7,50.82],[6.97,50.94],[6.98,51],[6.95,51.05],[6.86,51.1],[6.8,51.17],[6.76,51.23],[6.74,51.27],[6.68,51.35],[6.7157,51.4],[6.73,51.4],[6.8,51.45],[6.85,51.55],[6.82,51.65],[6.7,51.75],[6.5,51.83],[6.4555,51.85],[6.4794,51.853],[6.5286,51.8764],[6.6282,51.8975],[6.7167,51.8993],[6.7438,51.9083],[6.7898,51.9511],[6.8107,51.9606],[6.804,51.9844],[6.7782,52.0013],[6.675,52.0348],[6.6799,52.0605],[6.7114,52.0673],[6.7329,52.092],[6.7716,52.1088],[6.7595,52.1145],[6.6619,52.1273],[6.6667,52.1645],[6.6017,52.1659],[6.5974,52.1781],[6.4952,52.1772],[6.4659,52.1944],[6.4114,52.2446],[6.3817,52.2468],[6.3225,52.2295],[6.2592,52.2289],[6.1796,52.2377],[6.1543,52.2256],[6.1241,52.2562],[6.1065,52.2997],[6.068,52.3218],[6.0816,52.3706],[6.12,52.3804],[6.1327,52.4213],[6.0954,52.4679],[6.0496,52.5053],[6.0307,52.511],[5.9697,52.485],[5.925,52.484],[5.8915,52.5204],[5.8669,52.5218],[5.8551,52.4807],[5.8153,52.4408],[5.771,52.4138],[5.6276,52.3718],[5.5791,52.3448],[5.5327,52.2769],[5.426,52.2639],[5.4089,52.2677],[5.3969,52.2199],[5.4387,52.1959],[5.4301,52.1686],[5.4745,52.1609],[5.5128,52.1362],[5.4686,52.0823],[5.5001,52.0698],[5.5392,52.0872],[5.5533,52.1048],[5.5722,52.019],[5.6165,51.9778],[5.6157,51.9483],[5.5821,51.9533],[5.5051,51.982],[5.462,51.9876],[5.4204,51.974],[5.3828,51.9802],[5.3105,51.9597],[5.2543,51.9791],[5.1826,51.9669],[5.1179,51.8915],[5.1205,51.8762],[5.0334,51.852],[5.0045,51.8509],[5.0093,51.8252],[4.909,51.8299],[4.8703,51.8081],[4.7904,51.8027],[4.7399,51.7744],[4.6756,51.7194],[4.644,51.7191],[4.5449,51.696],[4.5065,51.6952],[4.4031,51.7083],[4.3727,51.6735],[4.3337,51.6569],[4.1978,51.6379],[4.1307,51.6583],[4.1109,51.647],[4.1207,51.639],[4.0924,51.639],[4.0924,51.6547],[4.097,51.6693],[4.1125,51.6693],[4.1126,51.6708],[4.1156,51.6715],[4.1156,51.7087],[4.0542,51.7087],[4.0542,51.7135],[4.0161,51.7135],[4.0161,51.7457],[3.9779,51.7457],[3.9779,51.7693],[3.9173,51.7693],[3.9016,51.743],[3.8101,51.7473],[3.7928,51.7457],[3.7892,51.7459],[3.7888,51.7459],[3.7825,51.7448],[3.7258,51.7397],[3.7054,51.7314],[3.6988,51.7303],[3.6988,51.7288],[3.6895,51.725],[3.6867,51.6927],[3.7206,51.6768],[3.7654,51.6784],[3.7758,51.6858],[3.8159,51.693],[3.8244,51.69],[3.8596,51.6726],[3.8284,51.6204],[3.8118,51.6115],[3.5604,51.5946],[3.5469,51.5894],[3.5008,51.5775],[3.4838,51.5652],[3.4575,51.5551],[3.447,51.546],[3.4619,51.519],[3.4948,51.5009],[3.5321,51.4626],[3.4881,51.4392],[3.4608,51.4246],[3.4179,51.4017],[3.3878,51.3857],[3.3828,51.3847],[3.3496,51.3778],[3.3477,51.3774],[3.3126,51.3702],[3.2775,51.3629],[3.2236,51.3518],[3.2073,51.3464],[3.1248,51.3297],[2.9983,51.2774],[2.9608,51.265],[2.9162,51.2478],[2.6523,51.1824],[2.5658,51.1609],[2.5226,51.1502],[2.5144,51.1482],[2.4793,51.1401],[2.1333,51.0605],[2.0901,51.0505],[2.0468,51.0405],[1.9603,51.0206],[1.6396,50.9468],[1.6143,50.8782],[1.5806,50.8688],[1.5946,50.8248],[1.512,50.6011],[1.4707,50.4893],[1.4501,50.4334],[1.4398,50.4055],[1.4294,50.3775],[1.3696,50.2153],[1.3489,50.1593],[1.3372,50.1276],[1.2877,50.111],[1.268,50.1044],[1.1871,50.0772],[1.0252,50.0229],[0.0541,49.6971],[-0.1077,49.6428],[-0.1887,49.6156],[-0.2696,49.5885],[-0.31,49.5749],[-0.3505,49.5613],[-0.4314,49.5342],[-0.5933,49.4799],[-0.887,49.3813],[-0.9169,49.3864],[-0.9404,49.3923],[-0.9543,49.3928],[-0.9592,49.3936],[-0.9596,49.3936],[-0.9698,49.3933],[-1.0723,49.3968],[-1.084,49.3909],[-1.158,49.4245],[-1.1847,49.4366],[-1.1932,49.4457],[-1.212,49.4688],[-1.2328,49.4943],[-1.263,49.5914],[-1.2533,49.6123],[-1.2278,49.6241],[-1.2322,49.6414],[-1.258,49.6792],[-1.258,49.68],[-1.2587,49.6802],[-1.2711,49.6984],[-1.3913,49.7127],[-1.4557,49.7022],[-1.4752,49.6884],[-1.5894,49.6679],[-1.7044,49.6818],[-1.7249,49.682],[-1.7251,49.682],[-1.9348,49.7772],[-1.9347,49.777],[-1.9352,49.7772],[-1.9351,49.7767],[-1.9352,49.7768],[-1.9208,49.7253],[-1.9352,49.7241],[-1.9456,49.678],[-1.9051,49.6693],[-1.8704,49.5452],[-1.8847,49.5309],[-1.8602,49.5086],[-1.7352,49.0619],[-1.6727,48.8386],[-1.6415,48.727],[-1.6266,48.6738],[-1.6185,48.645],[-1.6404,48.6483],[-1.6719,48.6532],[-1.735,48.6628],[-1.8466,48.68],[-1.8363,48.6911],[-1.8437,48.7121],[-1.9484,48.6956],[-2.022,48.7069],[-2.0588,48.7125],[-2.0588,48.667],[-2.022,48.667],[-2.022,48.6495],[-2.0287,48.6433],[-2.0275,48.6415],[-2.022,48.6333],[-2.022,48.6159],[-2.0323,48.6159],[-2.0175,48.5907],[-1.9988,48.5907],[-1.9988,48.5654],[-1.9982,48.5648],[-1.9652,48.5648],[-1.9491,48.5392],[-1.9485,48.5383],[-1.9251,48.5448],[-1.9102,48.5036],[-1.918,48.473],[-1.944,48.4467],[-1.9517,48.4228],[-1.9327,48.3639],[-1.9615,48.3421],[-1.9615,48.3003],[-1.9824,48.2803],[-2.066,48.2952],[-2.1172,48.2608],[-2.1602,48.2607],[-2.186,48.2226],[-2.2108,48.2096],[-2.2319,48.1641],[-2.2873,48.1337],[-2.2352,48.0786],[-2.1882,48.0797],[-2.1913,48.0525],[-2.2576,48.0389],[-2.2711,48.0054],[-2.2554,47.9974],[-2.1677,47.9847],[-2.1243,47.9636],[-2.106,47.945],[-2.1002,47.9119],[-2.1095,47.8488],[-2.0612,47.8463],[-2.0524,47.8218],[-2.068,47.7962],[-2.1223,47.7743],[-2.1103,47.7588],[-2.0716,47.7572],[-2.0767,47.7333],[-2.1159,47.7317],[-2.1263,47.7142],[-2.1062,47.669],[-2.1028,47.6393],[-2.0885,47.6326],[-2.0858,47.608],[-2.11,47.5423],[-2.1544,47.5131],[-2.1868,47.4814],[-2.2109,47.5076],[-2.2534,47.4953],[-2.3023,47.5016],[-2.3345,47.464],[-2.4041,47.4556],[-2.4331,47.4658],[-2.4611,47.4526],[-2.4649,47.4535],[-2.4649,47.4322],[-2.5014,47.4322],[-2.5014,47.4247],[-2.5379,47.4247],[-2.5379,47.4473],[-2.684,47.4473],[-2.684,47.411],[-2.7238,47.411],[-2.7238,47.4045]],[[7.3842,47.4131],[7.3369,47.4319],[7.3882,47.4333],[7.3842,47.4131]]],[[[-2.6735,49.4335],[-2.6693,49.4309],[-2.5731,49.4309],[-2.5521,49.4267],[-2.549,49.4283],[-2.5472,49.4279],[-2.5472,49.428],[-2.5468,49.4279],[-2.5456,49.4301],[-2.5341,49.4362],[-2.5267,49.4585],[-2.5245,49.4688],[-2.5127,49.4903],[-2.5058,49.498],[-2.5017,49.5067],[-2.5182,49.5155],[-2.5382,49.5098],[-2.5496,49.5042],[-2.5736,49.4954],[-2.5802,49.4936],[-2.5825,49.4922],[-2.648,49.4682],[-2.6479,49.4679],[-2.648,49.4678],[-2.6464,49.464],[-2.6503,49.4637],[-2.6566,49.4594],[-2.6518,49.4452],[-2.663,49.4438],[-2.6735,49.4335]]],[[[-2.242,49.248],[-2.2332,49.2285],[-2.2296,49.2165],[-2.2376,49.1766],[-2.2375,49.1766],[-2.2376,49.1762],[-2.2372,49.1763],[-2.2372,49.1762],[-2.1826,49.1841],[-2.1772,49.1802],[-2.1687,49.1783],[-2.1626,49.1866],[-2.1013,49.1866],[-2.097,49.1837],[-2.08,49.1787],[-2.0734,49.1786],[-2.054,49.1693],[-2.0537,49.1694],[-2.0536,49.1693],[-2.0354,49.1744],[-2.0245,49.1713],[-2.0237,49.1777],[-2.0104,49.1814],[-2.0105,49.1818],[-2.0104,49.1818],[-2.014,49.2072],[-2.0083,49.2125],[-2.0158,49.2196],[-2.0176,49.2321],[-2.021,49.2333],[-2.0207,49.2353],[-2.0679,49.2507],[-2.0827,49.2602],[-2.1039,49.2582],[-2.1059,49.2568],[-2.1218,49.2582],[-2.122,49.2583],[-2.1438,49.2619],[-2.1517,49.267],[-2.1618,49.2618],[-2.2192,49.2669],[-2.2196,49.2669],[-2.2209,49.2605],[-2.2294,49.263],[-2.2411,49.2602],[-2.242,49.248]]]]}},
{"type":"Feature","properties":{"entityId":"frankish-kingdom","from":537,"to":555,"certainty":"estimated","source":"유럽 쪽은 Natural Earth 1:10m admin-1(v5.1.2) 현대 행정구역 조각을 그 시기 국경에 맞춰 묶고, 조각이 역사 경계와 다른 곳은 선을 그어 나눈 근사. 유럽 밖(시베리아·중앙아시아·극동)은 대략적인 추정. 운영자 검수 필요"},"geometry":{"type":"MultiPolygon","coordinates":[[[[-2.7238,47.4045],[-2.684,47.3772],[-2.6458,47.351],[-2.365,47.1585],[-2.3168,47.1254],[-2.2491,47.079],[-2.2382,47.0715],[-2.2268,47.0637],[-2.2098,47.0464],[-2.2079,47.0445],[-2.1814,47.0175],[-2.1532,46.9889],[-2.1137,46.9487],[-2.098,46.9328],[-2.1022,46.9307],[-2.0963,46.9165],[-2.122,46.9037],[-2.1313,46.8718],[-2.1188,46.82],[-2.0503,46.7921],[-2.0022,46.7575],[-1.9921,46.7485],[-1.965,46.7104],[-1.9398,46.7019],[-1.9208,46.685],[-1.8213,46.558],[-1.8048,46.5036],[-1.7817,46.4954],[-1.7854,46.514],[-1.7742,46.5093],[-1.7684,46.5002],[-1.6868,46.4609],[-1.6459,46.4558],[-1.6321,46.4501],[-1.6256,46.4311],[-1.5988,46.425],[-1.598,46.425],[-1.5344,46.3603],[-1.5025,46.3279],[-1.4706,46.2956],[-1.4421,46.2666],[-1.4136,46.2377],[-1.4905,46.2244],[-1.508,46.2456],[-1.4739,46.2381],[-1.4679,46.2499],[-1.4981,46.2619],[-1.5558,46.2518],[-1.5043,46.2077],[-1.4329,46.2108],[-1.3506,46.1737],[-1.3432,46.1662],[-1.2496,46.0712],[-1.1936,46.0143],[-1.2021,45.9262],[-1.2198,45.9431],[-1.2194,45.9439],[-1.2336,45.9917],[-1.2738,45.9976],[-1.3399,46.0378],[-1.3829,46.048],[-1.3876,46.0501],[-1.3876,46.0499],[-1.388,46.0501],[-1.388,46.0492],[-1.4049,46.0532],[-1.3833,46.0155],[-1.375,45.9858],[-1.3783,45.976],[-1.3402,45.9387],[-1.2778,45.8942],[-1.2457,45.8546],[-1.2269,45.8198],[-1.2127,45.8153],[-1.2147,45.7949],[-1.2303,45.7924],[-1.2473,45.7099],[-1.2228,45.71],[-1.23,45.6345],[-1.2337,45.5966],[-1.2373,45.5588],[-1.2518,45.4074],[-1.2808,45.1045],[-1.3388,44.4988],[-1.3458,44.4252],[-1.3529,44.3516],[-1.367,44.2044],[-1.3844,44.0225],[-1.4818,43.9099],[-1.6848,43.6753],[-1.7231,43.6311],[-1.7997,43.5425],[-1.7614,43.5425],[-1.7614,43.4982],[-1.762,43.4982],[-1.762,43.4067],[-1.8006,43.4067],[-1.8006,43.3894],[-1.7941,43.386],[-1.7969,43.3411],[-1.7682,43.3309],[-1.7497,43.2948],[-1.6739,43.3042],[-1.645,43.2924],[-1.639,43.2557],[-1.5876,43.2516],[-1.559,43.2841],[-1.5081,43.2768],[-1.4664,43.2608],[-1.4322,43.265],[-1.4035,43.2433],[-1.3997,43.2067],[-1.4258,43.1353],[-1.4878,43.0818],[-1.4753,43.0601],[-1.435,43.0357],[-1.3831,43.0292],[-1.3576,43.0468],[-1.3483,43.0931],[-1.3086,43.1136],[-1.3106,43.0695],[-1.2749,43.0468],[-1.2169,43.0393],[-1.1499,43.0057],[-1.1124,43.0083],[-1.0797,42.9934],[-1.0285,42.9867],[-0.9815,42.957],[-0.9432,42.9479],[-0.8635,42.9431],[-0.7864,42.9533],[-0.7597,42.9465],[-0.745,42.9187],[-0.7459,42.8939],[-0.7301,42.8775],[-0.7004,42.8764],[-0.6483,42.8498],[-0.6095,42.8114],[-0.5829,42.7958],[-0.5787,42.7773],[-0.5356,42.7842],[-0.5339,42.808],[-0.5084,42.8075],[-0.4545,42.7889],[-0.4239,42.7907],[-0.3228,42.8425],[-0.3051,42.8308],[-0.247,42.8048],[-0.2351,42.7862],[-0.2084,42.7839],[-0.1614,42.7953],[-0.1636,42.778],[-0.119,42.7169],[-0.0389,42.6851],[-0.0043,42.6875],[0.0728,42.7085],[0.1342,42.7152],[0.1692,42.7265],[0.2384,42.7104],[0.2754,42.6687],[0.2902,42.6703],[0.336,42.7127],[0.3542,42.7175],[0.3893,42.6851],[0.4669,42.6904],[0.4835,42.6853],[0.6082,42.688],[0.6436,42.6845],[0.6634,42.6962],[0.6665,42.7148],[0.6335,42.7448],[0.6537,42.8027],[0.6563,42.8384],[0.7243,42.8453],[0.7763,42.8325],[0.8129,42.8316],[0.8561,42.8128],[0.9211,42.7844],[0.9587,42.7937],[0.9829,42.7804],[1.0682,42.7761],[1.1067,42.7596],[1.1343,42.716],[1.1625,42.7057],[1.1959,42.7136],[1.3191,42.7134],[1.3611,42.6867],[1.398,42.6436],[1.4293,42.5954],[1.4514,42.6021],[1.4668,42.6415],[1.4984,42.6402],[1.5278,42.6485],[1.5431,42.6494],[1.5973,42.6219],[1.6083,42.6181],[1.722,42.6099],[1.7133,42.5895],[1.7294,42.582],[1.7527,42.5767],[1.7611,42.5676],[1.8728,42.579],[1.9383,42.5718],[1.9588,42.5944],[1.9628,42.6218],[2.0056,42.6561],[2.0983,42.6639],[2.154,42.6564],[2.1661,42.6638],[2.1577,42.6914],[2.1166,42.7071],[2.0862,42.7381],[2.0556,42.7443],[1.9919,42.7314],[1.9561,42.7346],[1.9127,42.7566],[1.9139,42.7834],[1.8655,42.8159],[1.8869,42.8443],[1.9772,42.8637],[1.9852,42.8791],[1.969,42.9196],[1.9416,42.9351],[1.9479,42.9478],[1.9895,42.9605],[1.9774,43.0151],[1.9436,43.0513],[1.9603,43.0691],[1.9454,43.1038],[1.9249,43.1167],[1.8806,43.1203],[1.8407,43.137],[1.7749,43.1522],[1.7191,43.1834],[1.6965,43.2439],[1.7026,43.2667],[1.7254,43.3162],[1.7423,43.3278],[1.7949,43.3335],[1.8112,43.3439],[1.8047,43.3734],[1.8498,43.4234],[1.8938,43.3936],[1.9506,43.4142],[2.0317,43.4226],[2.0634,43.3986],[2.0902,43.3922],[2.1672,43.401],[2.2172,43.3842],[2.232,43.4026],[2.2291,43.4271],[2.2615,43.4423],[2.3672,43.4248],[2.4617,43.43],[2.5675,43.4228],[2.6059,43.4306],[2.6567,43.4608],[2.6503,43.4991],[2.6605,43.5215],[2.6212,43.5652],[2.622,43.5978],[2.6414,43.6331],[2.6743,43.6399],[2.7756,43.6179],[2.8856,43.6529],[2.9345,43.6937],[2.9902,43.7007],[3.025,43.6904],[3.0562,43.7156],[3.0612,43.7661],[3.0529,43.8101],[3.0881,43.8228],[3.1894,43.8131],[3.2323,43.8391],[3.2375,43.8641],[3.2744,43.8876],[3.3218,43.8911],[3.342,43.9039],[3.3569,43.9386],[3.4424,44.0002],[3.4469,44.0144],[3.3945,44.0503],[3.3595,44.0551],[3.3322,44.0719],[3.3065,44.0691],[3.2868,44.0863],[3.3159,44.0987],[3.3266,44.1332],[3.3767,44.1683],[3.4803,44.1218],[3.5179,44.1134],[3.6163,44.1168],[3.6366,44.1273],[3.6427,44.1769],[3.6904,44.1802],[3.791,44.136],[3.8758,44.1314],[3.9204,44.1664],[3.9576,44.2248],[3.9624,44.2621],[3.9366,44.3067],[3.9265,44.3507],[3.8948,44.3902],[3.9592,44.4138],[3.994,44.4579],[4.0218,44.4395],[4.0497,44.4035],[4.0361,44.3756],[4.0443,44.3311],[4.1306,44.3317],[4.1408,44.3216],[4.229,44.2853],[4.2511,44.2818],[4.3338,44.3307],[4.3731,44.3397],[4.3967,44.3283],[4.4074,44.2927],[4.4451,44.3011],[4.4656,44.336],[4.5208,44.3368],[4.5506,44.3271],[4.5852,44.3007],[4.6578,44.2817],[4.6856,44.2403],[4.6881,44.2194],[4.7213,44.1902],[4.719,44.1247],[4.7295,44.0859],[4.7779,44.0843],[4.8444,44.0221],[4.8475,44.0022],[4.8209,44.0004],[4.822,43.9758],[4.8064,43.9529],[4.7728,43.9328],[4.7267,43.9172],[4.6409,43.8706],[4.6464,43.7949],[4.6169,43.741],[4.6049,43.696],[4.5415,43.7129],[4.4995,43.7063],[4.4516,43.6666],[4.4296,43.6248],[4.4599,43.6178],[4.4483,43.5873],[4.413,43.5819],[4.4004,43.5622],[4.3371,43.5321],[4.2476,43.501],[4.2313,43.4715],[4.2059,43.4599],[4.1987,43.4626],[4.1987,43.3194],[4.2471,43.3303],[4.2955,43.3411],[4.3922,43.3627],[4.5558,43.3993],[4.5808,43.3958],[4.5663,43.3711],[4.5923,43.3599],[4.6659,43.3475],[4.8203,43.3464],[4.8224,43.3626],[4.846,43.3594],[4.8558,43.3418],[4.8792,43.3548],[5.0519,43.3311],[5.0648,43.328],[5.0748,43.328],[5.3541,43.2897],[5.3573,43.2803],[5.3692,43.2704],[5.347,43.2159],[5.4398,43.2076],[5.5174,43.2074],[5.542,43.2028],[5.5727,43.1691],[5.6124,43.1604],[5.6329,43.1856],[5.6717,43.1783],[5.6752,43.1763],[5.6963,43.1469],[5.741,43.1321],[5.7515,43.1317],[5.8085,43.0984],[5.8089,43.0984],[5.817,43.0985],[5.7819,43.0791],[5.819,43.0535],[5.8566,43.0448],[5.8753,43.0688],[5.9403,43.0709],[5.9514,43.08],[5.9106,43.0932],[5.9038,43.0992],[5.9985,43.0999],[6.0165,43.0989],[6.027,43.0782],[6.0846,43.0824],[6.1145,43.0724],[6.1147,43.0725],[6.1149,43.0724],[6.1175,43.0733],[6.1321,43.0526],[6.0977,43.0313],[6.1801,43.0359],[6.1528,43.0481],[6.162,43.0887],[6.245,43.1174],[6.2804,43.1187],[6.3423,43.0908],[6.3754,43.0908],[6.3661,43.1186],[6.3785,43.1361],[6.4038,43.1455],[6.5285,43.1285],[6.5289,43.1285],[6.6061,43.1766],[6.6099,43.1734],[6.6798,43.2016],[6.6745,43.2192],[6.7673,43.2771],[6.9335,43.3806],[6.9373,43.383],[7.0118,43.4294],[7.049,43.4526],[7.0863,43.4758],[7.1073,43.4889],[7.2,43.5466],[7.2773,43.5948],[7.3624,43.6479],[7.4029,43.6731],[7.4049,43.6744],[7.4361,43.6938],[7.4474,43.6958],[7.4899,43.7033],[7.5324,43.7107],[7.5324,43.744],[7.515,43.744],[7.515,43.86],[7.4797,43.86],[7.5023,43.7922],[7.4779,43.8655],[7.4935,43.8862],[7.5569,43.9441],[7.6309,43.9935],[7.6348,44.0015],[7.6534,44.0397],[7.6899,44.0673],[7.6879,44.0908],[7.6419,44.1436],[7.6556,44.1761],[7.6247,44.1801],[7.5836,44.1607],[7.5548,44.1591],[7.43,44.1331],[7.3808,44.1229],[7.3406,44.1237],[7.3093,44.1475],[7.2513,44.16],[7.145,44.2072],[7.0335,44.2429],[6.9961,44.2378],[6.9734,44.2494],[6.9592,44.2774],[6.9212,44.3022],[6.8784,44.3546],[6.8661,44.3721],[6.8772,44.4144],[6.9178,44.4363],[6.8613,44.4749],[6.8388,44.5029],[6.8464,44.5475],[6.8973,44.5754],[6.9456,44.6254],[6.9383,44.658],[6.9828,44.6922],[7.0552,44.6849],[7.0388,44.7121],[7.019,44.7389],[6.9984,44.7938],[7.0071,44.8221],[6.9828,44.847],[6.9327,44.8617],[6.866,44.8557],[6.7782,44.8876],[6.7279,44.9287],[6.7299,44.9847],[6.7235,45.0134],[6.6972,45.0269],[6.6622,45.0292],[6.6397,45.0504],[6.6366,45.0745],[6.6027,45.1035],[6.6294,45.1235],[6.6674,45.1396],[6.6944,45.1403],[6.7364,45.1573],[6.7715,45.1532],[6.8441,45.1301],[6.8767,45.1412],[6.8813,45.1684],[6.9138,45.1702],[6.9587,45.2098],[7.0297,45.2282],[7.0502,45.215],[7.1084,45.2592],[7.0926,45.324],[7.1301,45.3571],[7.1607,45.4109],[7.0968,45.4354],[7.0754,45.4663],[6.9828,45.5111],[6.9698,45.567],[6.9549,45.5862],[6.9695,45.6258],[6.9634,45.6407],[6.9186,45.6526],[6.8826,45.6755],[6.8431,45.6827],[6.7959,45.7181],[6.7839,45.765],[6.7827,45.7953],[6.8008,45.8265],[6.8434,45.8386],[6.8707,45.8283],[6.8735,45.8448],[6.9051,45.8454],[6.9692,45.8698],[6.9972,45.9113],[7.0221,45.9253],[7.0669,45.8902],[7.1209,45.8761],[7.1837,45.8805],[7.2867,45.9134],[7.3618,45.9078],[7.3938,45.9157],[7.3947,45.9162],[7.453,45.9459],[7.5037,45.9567],[7.5411,45.9841],[7.643,45.9663],[7.694,45.9287],[7.732,45.9304],[7.7801,45.9181],[7.8312,45.9145],[7.8496,45.9397],[7.8982,45.9819],[7.9858,45.9993],[8.0107,46.0297],[8.0182,46.0809],[8.0354,46.0965],[8.0669,46.1006],[8.1106,46.127],[8.1323,46.1594],[8.1295,46.196],[8.1,46.2356],[8.0731,46.2536],[8.0873,46.2718],[8.1285,46.2925],[8.1926,46.3092],[8.2418,46.3541],[8.2915,46.3784],[8.2866,46.4054],[8.3163,46.4337],[8.3859,46.4502],[8.396,46.4909],[8.4476,46.5046],[8.4769,46.5318],[8.5098,46.5509],[8.5238,46.5785],[8.5487,46.585],[8.6363,46.5712],[8.6779,46.5836],[8.7112,46.573],[8.7884,46.5681],[8.8473,46.5752],[8.8981,46.5893],[8.9148,46.6204],[8.956,46.6306],[8.9648,46.6148],[9.0221,46.6049],[9.0385,46.5907],[9.0152,46.5335],[9.0486,46.4809],[9.0773,46.4823],[9.0978,46.4161],[9.0891,46.3637],[9.057,46.299],[9.0875,46.2206],[9.1638,46.173],[9.1813,46.2041],[9.2248,46.2312],[9.2397,46.267],[9.269,46.3094],[9.2738,46.3443],[9.2604,46.3797],[9.2609,46.4167],[9.238,46.4365],[9.2632,46.4851],[9.2823,46.4974],[9.331,46.5015],[9.3771,46.4687],[9.4107,46.4889],[9.4379,46.492],[9.4438,46.3961],[9.4516,46.3704],[9.4826,46.3568],[9.5153,46.3086],[9.5597,46.2927],[9.6743,46.2918],[9.7084,46.3117],[9.7093,46.3424],[9.7309,46.3507],[9.7681,46.3386],[9.8554,46.367],[9.899,46.3722],[9.964,46.3561],[9.9776,46.2981],[10.0317,46.2601],[10.0427,46.2205],[10.0757,46.22],[10.1458,46.2433],[10.1589,46.2624],[10.1049,46.3094],[10.0918,46.329],[10.105,46.3614],[10.1332,46.3811],[10.1334,46.414],[10.0421,46.4327],[10.0263,46.4463],[10.044,46.467],[10.0269,46.4932],[10.0328,46.533],[10.0712,46.5644],[10.0878,46.6044],[10.1921,46.6268],[10.2338,46.618],[10.2347,46.5753],[10.2759,46.5655],[10.2954,46.5511],[10.3543,46.5483],[10.4259,46.5353],[10.4518,46.5467],[10.4939,46.4945],[10.5413,46.4895],[10.6247,46.4545],[10.6575,46.4495],[10.7452,46.4849],[10.7762,46.4754],[10.7975,46.4469],[10.8399,46.4307],[10.9974,46.4792],[11.0511,46.446],[11.0643,46.458],[11.0553,46.5156],[11.0859,46.5236],[11.1176,46.4938],[11.1454,46.4872],[11.1927,46.5056],[11.2145,46.4693],[11.2018,46.3392],[11.1562,46.284],[11.1615,46.2495],[11.191,46.2271],[11.242,46.2312],[11.2871,46.2591],[11.3282,46.2935],[11.3707,46.269],[11.3876,46.2811],[11.4085,46.3245],[11.4549,46.3348],[11.4766,46.3596],[11.5378,46.3537],[11.5774,46.3681],[11.5953,46.3862],[11.6412,46.4727],[11.6841,46.5077],[11.7158,46.5138],[11.7784,46.5101],[11.8118,46.5303],[11.8322,46.504],[11.8519,46.5142],[12.022,46.5394],[12.0712,46.6131],[12.0803,46.6499],[12.0991,46.6678],[12.1386,46.6443],[12.1779,46.6348],[12.214,46.5961],[12.2531,46.6109],[12.3024,46.6146],[12.3407,46.6282],[12.3825,46.6181],[12.3992,46.6397],[12.4696,46.6758],[12.4999,46.6721],[12.562,46.6512],[12.6202,46.6565],[12.6714,46.6525],[12.7091,46.7052],[12.7243,46.7489],[12.7456,46.7562],[12.8973,46.7759],[12.933,46.7575],[12.9453,46.7752],[12.8852,46.8325],[12.8288,46.876],[12.8069,46.9294],[12.7641,46.9567],[12.735,47.0042],[12.7515,47.0397],[12.7443,47.058],[12.6581,47.0776],[12.6338,47.112],[12.665,47.1365],[12.7724,47.0993],[12.9144,47.076],[12.9942,47.0408],[13.0595,47.0288],[13.1735,47.0375],[13.2261,47.0549],[13.2743,47.0838],[13.3082,47.0872],[13.4397,47.0625],[13.5618,47.0466],[13.6062,47.0442],[13.6672,47.0261],[13.7531,46.9806],[13.7823,46.9542],[13.8206,46.9878],[13.8637,47.0423],[13.8802,47.0727],[13.8799,47.1054],[13.9372,47.1506],[13.9317,47.1694],[13.9018,47.1839],[13.8608,47.222],[13.8482,47.2504],[13.7967,47.3021],[13.6941,47.2745],[13.6307,47.3056],[13.6045,47.3425],[13.5748,47.4099],[13.5652,47.4454],[13.5818,47.4864],[13.6744,47.4742],[13.7243,47.498],[13.7354,47.5163],[13.7303,47.546],[13.6814,47.5976],[13.6872,47.664],[13.7165,47.6845],[13.8233,47.7205],[13.9527,47.6945],[13.9967,47.6986],[14.0421,47.6624],[14.0597,47.626],[14.0861,47.6361],[14.195,47.6577],[14.2514,47.6312],[14.2934,47.6205],[14.3473,47.6257],[14.4172,47.6588],[14.477,47.6783],[14.4916,47.6954],[14.6356,47.7343],[14.6993,47.7689],[14.7162,47.7935],[14.7189,47.8289],[14.7507,47.9019],[14.6905,47.9372],[14.6066,47.9612],[14.4454,48.043],[14.4272,48.0574],[14.4454,48.0685],[14.4799,48.1179],[14.4694,48.1558],[14.4849,48.2184],[14.52,48.2448],[14.5823,48.2402],[14.6376,48.1971],[14.6755,48.1825],[14.8187,48.2056],[14.862,48.237],[14.9296,48.244],[14.968,48.2252],[14.9754,48.3336],[14.9638,48.3831],[14.94,48.4018],[14.9344,48.434],[14.9098,48.44],[14.8823,48.4712],[14.8871,48.5005],[14.9136,48.4999],[14.9064,48.5271],[14.8393,48.542],[14.7745,48.5625],[14.7116,48.572],[14.6911,48.5865],[14.6592,48.577],[14.6347,48.6023],[14.6019,48.6045],[14.5788,48.6205],[14.522,48.6106],[14.4821,48.6245],[14.4582,48.6432],[14.4436,48.6365],[14.4054,48.5863],[14.3157,48.5579],[14.2165,48.5812],[14.0748,48.5917],[14.0408,48.6012],[14.0062,48.6395],[14.0329,48.6549],[13.9823,48.7065],[13.915,48.731],[13.8559,48.7593],[13.8157,48.7664],[13.7962,48.7798],[13.7247,48.8673],[13.6544,48.8822],[13.6218,48.9091],[13.6087,48.9462],[13.5905,48.9448],[13.5224,48.9693],[13.5021,48.9661],[13.4823,48.9376],[13.4273,48.96],[13.3842,48.993],[13.3724,49.0385],[13.2995,49.0936],[13.2673,49.1056],[13.2068,49.1075],[13.1785,49.1183],[13.1495,49.1548],[13.0558,49.2382],[13.0113,49.2678],[12.9998,49.2949],[12.9229,49.3327],[12.8847,49.3396],[12.8754,49.3239],[12.7978,49.3278],[12.7621,49.3432],[12.7293,49.3911],[12.6435,49.4295],[12.6272,49.4602],[12.623,49.5098],[12.5937,49.515],[12.5623,49.5508],[12.5536,49.5847],[12.502,49.6197],[12.4964,49.67],[12.4196,49.7002],[12.3836,49.7429],[12.3954,49.7579],[12.4527,49.7797],[12.4625,49.8312],[12.4825,49.8272],[12.5129,49.8702],[12.5241,49.905],[12.4627,49.9313],[12.4682,49.9702],[12.3,50.0271],[12.2469,50.045],[12.2325,50.0805],[12.1879,50.1028],[12.1792,50.118],[12.1827,50.1707],[12.1393,50.211],[12.0796,50.2427],[12.1091,50.2638],[12.1073,50.2909],[12.0761,50.3152],[12.1013,50.314],[12.0937,50.3226],[12.0399,50.3288],[11.986,50.3516],[11.9812,50.3853],[11.9405,50.4145],[11.9053,50.4152],[11.8997,50.4293],[11.9311,50.4403],[11.9475,50.4622],[11.9258,50.4884],[11.9447,50.5159],[11.9894,50.5461],[12.0485,50.5316],[12.0812,50.5613],[12.1454,50.5625],[12.1587,50.6037],[12.1869,50.6264],[12.2529,50.6263],[12.29,50.6434],[12.3218,50.674],[12.2855,50.677],[12.2628,50.7222],[12.2412,50.7222],[12.2492,50.7426],[12.2855,50.7693],[12.258,50.7925],[12.3308,50.8064],[12.3642,50.8233],[12.4244,50.8243],[12.4628,50.8566],[12.5275,50.8766],[12.6017,50.8764],[12.6109,50.8701],[12.6472,50.8999],[12.6022,50.9525],[12.5457,50.9713],[12.4914,51.0285],[12.4837,51.0583],[12.3289,51.0878],[12.2646,51.0838],[12.2464,51.0326],[12.2754,51.0098],[12.2171,50.9542],[12.2008,50.9279],[12.1595,50.952],[12.1204,50.9445],[12.0679,50.9561],[12.0046,50.949],[11.9609,50.971],[11.9314,50.9981],[11.8607,51.0226],[11.7326,51.0175],[11.6974,51.0642],[11.6891,51.0919],[11.6631,51.1012],[11.6275,51.0956],[11.5352,51.1003],[11.5047,51.0892],[11.4274,51.0988],[11.4264,51.1077],[11.4203,51.1597],[11.3886,51.1899],[11.333,51.2163],[11.3524,51.2301],[11.4224,51.2437],[11.4519,51.2715],[11.3672,51.3575],[11.3149,51.3833],[11.1962,51.3974],[11.1538,51.3969],[10.9991,51.4087],[10.9645,51.4278],[10.9718,51.4627],[10.9454,51.4995],[10.9477,51.5185],[10.9115,51.5711],[10.9519,51.577],[10.9456,51.5947],[10.8035,51.6326],[10.7134,51.6311],[10.6976,51.6374],[10.6489,51.6197],[10.6292,51.601],[10.6542,51.5782],[10.6453,51.5611],[10.6104,51.5726],[10.562,51.5574],[10.5142,51.5563],[10.4788,51.5747],[10.4217,51.5919],[10.3749,51.5857],[10.3646,51.5424],[10.3064,51.5106],[10.2945,51.4935],[10.2396,51.4721],[10.1947,51.4794],[10.1497,51.4318],[10.0847,51.4311],[10.0661,51.4209],[10.0457,51.4321],[10,51.4083],[9.9492,51.3818],[9.9058,51.4037],[9.9042,51.417],[9.8628,51.4087],[9.8755,51.3847],[9.8564,51.3721],[9.826,51.4009],[9.8017,51.3972],[9.7137,51.3638],[9.7545,51.3309],[9.7843,51.3359],[9.7621,51.3093],[9.7115,51.2915],[9.6826,51.315],[9.5694,51.3423],[9.5347,51.3666],[9.5709,51.3614],[9.5636,51.3845],[9.5821,51.3988],[9.6325,51.4009],[9.6387,51.468],[9.5968,51.5116],[9.6197,51.5525],[9.6451,51.5517],[9.644,51.5719],[9.6713,51.5593],[9.6861,51.5719],[9.6508,51.6112],[9.6234,51.6295],[9.5926,51.6257],[9.5493,51.6403],[9.5326,51.6303],[9.4944,51.6321],[9.4904,51.6493],[9.4401,51.649],[9.4178,51.6271],[9.3331,51.6067],[9.3538,51.5955],[9.336,51.554],[9.2963,51.5176],[9.2243,51.487],[9.2148,51.4587],[9.158,51.4389],[9.1087,51.4429],[9.0843,51.46],[9.0846,51.483],[9.0154,51.5092],[8.9062,51.4809],[8.8981,51.4667],[8.9162,51.4229],[8.9495,51.4089],[8.9351,51.3913],[8.8936,51.39],[8.858,51.3754],[8.8146,51.3817],[8.7277,51.3731],[8.6855,51.3634],[8.5939,51.296],[8.58,51.2649],[8.6079,51.2413],[8.7169,51.2711],[8.7317,51.2498],[8.7522,51.1878],[8.7502,51.1728],[8.6957,51.1305],[8.7044,51.1047],[8.6584,51.0884],[8.6272,51.0936],[8.5247,51.0933],[8.5449,51.0207],[8.4696,50.9438],[8.4638,50.9145],[8.4441,50.916],[8.3641,50.8616],[8.3145,50.8645],[8.2996,50.8809],[8.1972,50.8271],[8.1872,50.8115],[8.1393,50.785],[8.145,50.7623],[8.1751,50.7421],[8.1669,50.7079],[8.1345,50.684],[8.0895,50.6968],[8.0563,50.6909],[8.0338,50.726],[7.9811,50.7735],[7.9839,50.803],[7.9703,50.837],[7.9425,50.832],[7.8856,50.8669],[7.8446,50.882],[7.8597,50.9225],[7.8016,50.9327],[7.7575,50.9113],[7.7677,50.8365],[7.7406,50.842],[7.6756,50.81],[7.6989,50.7816],[7.6134,50.7494],[7.5995,50.7334],[7.5633,50.7328],[7.5324,50.721],[7.4486,50.7062],[7.3869,50.7037],[7.3715,50.6426],[7.3405,50.6289],[7.2826,50.6188],[7.2263,50.6214],[7.2148,50.6272],[7.21,50.64],[7.18,50.68],[7.12,50.73],[7.07,50.78],[7,50.82],[6.97,50.94],[6.98,51],[6.95,51.05],[6.86,51.1],[6.8,51.17],[6.76,51.23],[6.74,51.27],[6.68,51.35],[6.7157,51.4],[6.73,51.4],[6.8,51.45],[6.85,51.55],[6.82,51.65],[6.7,51.75],[6.5,51.83],[6.4555,51.85],[6.4794,51.853],[6.5286,51.8764],[6.6282,51.8975],[6.7167,51.8993],[6.7438,51.9083],[6.7898,51.9511],[6.8107,51.9606],[6.804,51.9844],[6.7782,52.0013],[6.675,52.0348],[6.6799,52.0605],[6.7114,52.0673],[6.7329,52.092],[6.7716,52.1088],[6.7595,52.1145],[6.6619,52.1273],[6.6667,52.1645],[6.6017,52.1659],[6.5974,52.1781],[6.4952,52.1772],[6.4659,52.1944],[6.4114,52.2446],[6.3817,52.2468],[6.3225,52.2295],[6.2592,52.2289],[6.1796,52.2377],[6.1543,52.2256],[6.1241,52.2562],[6.1065,52.2997],[6.068,52.3218],[6.0816,52.3706],[6.12,52.3804],[6.1327,52.4213],[6.0954,52.4679],[6.0496,52.5053],[6.0307,52.511],[5.9697,52.485],[5.925,52.484],[5.8915,52.5204],[5.8669,52.5218],[5.8551,52.4807],[5.8153,52.4408],[5.771,52.4138],[5.6276,52.3718],[5.5791,52.3448],[5.5327,52.2769],[5.426,52.2639],[5.4089,52.2677],[5.3969,52.2199],[5.4387,52.1959],[5.4301,52.1686],[5.4745,52.1609],[5.5128,52.1362],[5.4686,52.0823],[5.5001,52.0698],[5.5392,52.0872],[5.5533,52.1048],[5.5722,52.019],[5.6165,51.9778],[5.6157,51.9483],[5.5821,51.9533],[5.5051,51.982],[5.462,51.9876],[5.4204,51.974],[5.3828,51.9802],[5.3105,51.9597],[5.2543,51.9791],[5.1826,51.9669],[5.1179,51.8915],[5.1205,51.8762],[5.0334,51.852],[5.0045,51.8509],[5.0093,51.8252],[4.909,51.8299],[4.8703,51.8081],[4.7904,51.8027],[4.7399,51.7744],[4.6756,51.7194],[4.644,51.7191],[4.5449,51.696],[4.5065,51.6952],[4.4031,51.7083],[4.3727,51.6735],[4.3337,51.6569],[4.1978,51.6379],[4.1307,51.6583],[4.1109,51.647],[4.1207,51.639],[4.0924,51.639],[4.0924,51.6547],[4.097,51.6693],[4.1125,51.6693],[4.1126,51.6708],[4.1156,51.6715],[4.1156,51.7087],[4.0542,51.7087],[4.0542,51.7135],[4.0161,51.7135],[4.0161,51.7457],[3.9779,51.7457],[3.9779,51.7693],[3.9173,51.7693],[3.9016,51.743],[3.8101,51.7473],[3.7928,51.7457],[3.7892,51.7459],[3.7888,51.7459],[3.7825,51.7448],[3.7258,51.7397],[3.7054,51.7314],[3.6988,51.7303],[3.6988,51.7288],[3.6895,51.725],[3.6867,51.6927],[3.7206,51.6768],[3.7654,51.6784],[3.7758,51.6858],[3.8159,51.693],[3.8244,51.69],[3.8596,51.6726],[3.8284,51.6204],[3.8118,51.6115],[3.5604,51.5946],[3.5469,51.5894],[3.5008,51.5775],[3.4838,51.5652],[3.4575,51.5551],[3.447,51.546],[3.4619,51.519],[3.4948,51.5009],[3.5321,51.4626],[3.4881,51.4392],[3.4608,51.4246],[3.4179,51.4017],[3.3878,51.3857],[3.3828,51.3847],[3.3496,51.3778],[3.3477,51.3774],[3.3126,51.3702],[3.2775,51.3629],[3.2236,51.3518],[3.2073,51.3464],[3.1248,51.3297],[2.9983,51.2774],[2.9608,51.265],[2.9162,51.2478],[2.6523,51.1824],[2.5658,51.1609],[2.5226,51.1502],[2.5144,51.1482],[2.4793,51.1401],[2.1333,51.0605],[2.0901,51.0505],[2.0468,51.0405],[1.9603,51.0206],[1.6396,50.9468],[1.6143,50.8782],[1.5806,50.8688],[1.5946,50.8248],[1.512,50.6011],[1.4707,50.4893],[1.4501,50.4334],[1.4398,50.4055],[1.4294,50.3775],[1.3696,50.2153],[1.3489,50.1593],[1.3372,50.1276],[1.2877,50.111],[1.268,50.1044],[1.1871,50.0772],[1.0252,50.0229],[0.0541,49.6971],[-0.1077,49.6428],[-0.1887,49.6156],[-0.2696,49.5885],[-0.31,49.5749],[-0.3505,49.5613],[-0.4314,49.5342],[-0.5933,49.4799],[-0.887,49.3813],[-0.9169,49.3864],[-0.9404,49.3923],[-0.9543,49.3928],[-0.9592,49.3936],[-0.9596,49.3936],[-0.9698,49.3933],[-1.0723,49.3968],[-1.084,49.3909],[-1.158,49.4245],[-1.1847,49.4366],[-1.1932,49.4457],[-1.212,49.4688],[-1.2328,49.4943],[-1.263,49.5914],[-1.2533,49.6123],[-1.2278,49.6241],[-1.2322,49.6414],[-1.258,49.6792],[-1.258,49.68],[-1.2587,49.6802],[-1.2711,49.6984],[-1.3913,49.7127],[-1.4557,49.7022],[-1.4752,49.6884],[-1.5894,49.6679],[-1.7044,49.6818],[-1.7249,49.682],[-1.7251,49.682],[-1.9348,49.7772],[-1.9347,49.777],[-1.9352,49.7772],[-1.9351,49.7767],[-1.9352,49.7768],[-1.9208,49.7253],[-1.9352,49.7241],[-1.9456,49.678],[-1.9051,49.6693],[-1.8704,49.5452],[-1.8847,49.5309],[-1.8602,49.5086],[-1.7352,49.0619],[-1.6727,48.8386],[-1.6415,48.727],[-1.6266,48.6738],[-1.6185,48.645],[-1.6404,48.6483],[-1.6719,48.6532],[-1.735,48.6628],[-1.8466,48.68],[-1.8363,48.6911],[-1.8437,48.7121],[-1.9484,48.6956],[-2.022,48.7069],[-2.0588,48.7125],[-2.0588,48.667],[-2.022,48.667],[-2.022,48.6495],[-2.0287,48.6433],[-2.0275,48.6415],[-2.022,48.6333],[-2.022,48.6159],[-2.0323,48.6159],[-2.0175,48.5907],[-1.9988,48.5907],[-1.9988,48.5654],[-1.9982,48.5648],[-1.9652,48.5648],[-1.9491,48.5392],[-1.9485,48.5383],[-1.9251,48.5448],[-1.9102,48.5036],[-1.918,48.473],[-1.944,48.4467],[-1.9517,48.4228],[-1.9327,48.3639],[-1.9615,48.3421],[-1.9615,48.3003],[-1.9824,48.2803],[-2.066,48.2952],[-2.1172,48.2608],[-2.1602,48.2607],[-2.186,48.2226],[-2.2108,48.2096],[-2.2319,48.1641],[-2.2873,48.1337],[-2.2352,48.0786],[-2.1882,48.0797],[-2.1913,48.0525],[-2.2576,48.0389],[-2.2711,48.0054],[-2.2554,47.9974],[-2.1677,47.9847],[-2.1243,47.9636],[-2.106,47.945],[-2.1002,47.9119],[-2.1095,47.8488],[-2.0612,47.8463],[-2.0524,47.8218],[-2.068,47.7962],[-2.1223,47.7743],[-2.1103,47.7588],[-2.0716,47.7572],[-2.0767,47.7333],[-2.1159,47.7317],[-2.1263,47.7142],[-2.1062,47.669],[-2.1028,47.6393],[-2.0885,47.6326],[-2.0858,47.608],[-2.11,47.5423],[-2.1544,47.5131],[-2.1868,47.4814],[-2.2109,47.5076],[-2.2534,47.4953],[-2.3023,47.5016],[-2.3345,47.464],[-2.4041,47.4556],[-2.4331,47.4658],[-2.4611,47.4526],[-2.4649,47.4535],[-2.4649,47.4322],[-2.5014,47.4322],[-2.5014,47.4247],[-2.5379,47.4247],[-2.5379,47.4473],[-2.684,47.4473],[-2.684,47.411],[-2.7238,47.411],[-2.7238,47.4045]]],[[[-2.6735,49.4335],[-2.6693,49.4309],[-2.5731,49.4309],[-2.5521,49.4267],[-2.549,49.4283],[-2.5472,49.4279],[-2.5472,49.428],[-2.5468,49.4279],[-2.5456,49.4301],[-2.5341,49.4362],[-2.5267,49.4585],[-2.5245,49.4688],[-2.5127,49.4903],[-2.5058,49.498],[-2.5017,49.5067],[-2.5182,49.5155],[-2.5382,49.5098],[-2.5496,49.5042],[-2.5736,49.4954],[-2.5802,49.4936],[-2.5825,49.4922],[-2.648,49.4682],[-2.6479,49.4679],[-2.648,49.4678],[-2.6464,49.464],[-2.6503,49.4637],[-2.6566,49.4594],[-2.6518,49.4452],[-2.663,49.4438],[-2.6735,49.4335]]],[[[-2.242,49.248],[-2.2332,49.2285],[-2.2296,49.2165],[-2.2376,49.1766],[-2.2375,49.1766],[-2.2376,49.1762],[-2.2372,49.1763],[-2.2372,49.1762],[-2.1826,49.1841],[-2.1772,49.1802],[-2.1687,49.1783],[-2.1626,49.1866],[-2.1013,49.1866],[-2.097,49.1837],[-2.08,49.1787],[-2.0734,49.1786],[-2.054,49.1693],[-2.0537,49.1694],[-2.0536,49.1693],[-2.0354,49.1744],[-2.0245,49.1713],[-2.0237,49.1777],[-2.0104,49.1814],[-2.0105,49.1818],[-2.0104,49.1818],[-2.014,49.2072],[-2.0083,49.2125],[-2.0158,49.2196],[-2.0176,49.2321],[-2.021,49.2333],[-2.0207,49.2353],[-2.0679,49.2507],[-2.0827,49.2602],[-2.1039,49.2582],[-2.1059,49.2568],[-2.1218,49.2582],[-2.122,49.2583],[-2.1438,49.2619],[-2.1517,49.267],[-2.1618,49.2618],[-2.2192,49.2669],[-2.2196,49.2669],[-2.2209,49.2605],[-2.2294,49.263],[-2.2411,49.2602],[-2.242,49.248]]]]}},
{"type":"Feature","properties":{"entityId":"frankish-kingdom","from":555,"to":576,"certainty":"estimated","source":"유럽 쪽은 Natural Earth 1:10m admin-1(v5.1.2) 현대 행정구역 조각을 그 시기 국경에 맞춰 묶고, 조각이 역사 경계와 다른 곳은 선을 그어 나눈 근사. 유럽 밖(시베리아·중앙아시아·극동)은 대략적인 추정. 운영자 검수 필요"},"geometry":{"type":"MultiPolygon","coordinates":[[[[-2.7238,47.4045],[-2.684,47.3772],[-2.6458,47.351],[-2.365,47.1585],[-2.3168,47.1254],[-2.2491,47.079],[-2.2382,47.0715],[-2.2268,47.0637],[-2.2098,47.0464],[-2.2079,47.0445],[-2.1814,47.0175],[-2.1532,46.9889],[-2.1137,46.9487],[-2.098,46.9328],[-2.1022,46.9307],[-2.0963,46.9165],[-2.122,46.9037],[-2.1313,46.8718],[-2.1188,46.82],[-2.0503,46.7921],[-2.0022,46.7575],[-1.9921,46.7485],[-1.965,46.7104],[-1.9398,46.7019],[-1.9208,46.685],[-1.8213,46.558],[-1.8048,46.5036],[-1.7817,46.4954],[-1.7854,46.514],[-1.7742,46.5093],[-1.7684,46.5002],[-1.6868,46.4609],[-1.6459,46.4558],[-1.6321,46.4501],[-1.6256,46.4311],[-1.5988,46.425],[-1.598,46.425],[-1.5344,46.3603],[-1.5025,46.3279],[-1.4706,46.2956],[-1.4421,46.2666],[-1.4136,46.2377],[-1.4905,46.2244],[-1.508,46.2456],[-1.4739,46.2381],[-1.4679,46.2499],[-1.4981,46.2619],[-1.5558,46.2518],[-1.5043,46.2077],[-1.4329,46.2108],[-1.3506,46.1737],[-1.3432,46.1662],[-1.2496,46.0712],[-1.1936,46.0143],[-1.2021,45.9262],[-1.2198,45.9431],[-1.2194,45.9439],[-1.2336,45.9917],[-1.2738,45.9976],[-1.3399,46.0378],[-1.3829,46.048],[-1.3876,46.0501],[-1.3876,46.0499],[-1.388,46.0501],[-1.388,46.0492],[-1.4049,46.0532],[-1.3833,46.0155],[-1.375,45.9858],[-1.3783,45.976],[-1.3402,45.9387],[-1.2778,45.8942],[-1.2457,45.8546],[-1.2269,45.8198],[-1.2127,45.8153],[-1.2147,45.7949],[-1.2303,45.7924],[-1.2473,45.7099],[-1.2228,45.71],[-1.23,45.6345],[-1.2337,45.5966],[-1.2373,45.5588],[-1.2518,45.4074],[-1.2808,45.1045],[-1.3388,44.4988],[-1.3458,44.4252],[-1.3529,44.3516],[-1.367,44.2044],[-1.3844,44.0225],[-1.4818,43.9099],[-1.6848,43.6753],[-1.7231,43.6311],[-1.7997,43.5425],[-1.7614,43.5425],[-1.7614,43.4982],[-1.762,43.4982],[-1.762,43.4067],[-1.8006,43.4067],[-1.8006,43.3894],[-1.7941,43.386],[-1.7969,43.3411],[-1.7682,43.3309],[-1.7497,43.2948],[-1.6739,43.3042],[-1.645,43.2924],[-1.639,43.2557],[-1.5876,43.2516],[-1.559,43.2841],[-1.5081,43.2768],[-1.4664,43.2608],[-1.4322,43.265],[-1.4035,43.2433],[-1.3997,43.2067],[-1.4258,43.1353],[-1.4878,43.0818],[-1.4753,43.0601],[-1.435,43.0357],[-1.3831,43.0292],[-1.3576,43.0468],[-1.3483,43.0931],[-1.3086,43.1136],[-1.3106,43.0695],[-1.2749,43.0468],[-1.2169,43.0393],[-1.1499,43.0057],[-1.1124,43.0083],[-1.0797,42.9934],[-1.0285,42.9867],[-0.9815,42.957],[-0.9432,42.9479],[-0.8635,42.9431],[-0.7864,42.9533],[-0.7597,42.9465],[-0.745,42.9187],[-0.7459,42.8939],[-0.7301,42.8775],[-0.7004,42.8764],[-0.6483,42.8498],[-0.6095,42.8114],[-0.5829,42.7958],[-0.5787,42.7773],[-0.5356,42.7842],[-0.5339,42.808],[-0.5084,42.8075],[-0.4545,42.7889],[-0.4239,42.7907],[-0.3228,42.8425],[-0.3051,42.8308],[-0.247,42.8048],[-0.2351,42.7862],[-0.2084,42.7839],[-0.1614,42.7953],[-0.1636,42.778],[-0.119,42.7169],[-0.0389,42.6851],[-0.0043,42.6875],[0.0728,42.7085],[0.1342,42.7152],[0.1692,42.7265],[0.2384,42.7104],[0.2754,42.6687],[0.2902,42.6703],[0.336,42.7127],[0.3542,42.7175],[0.3893,42.6851],[0.4669,42.6904],[0.4835,42.6853],[0.6082,42.688],[0.6436,42.6845],[0.6634,42.6962],[0.6665,42.7148],[0.6335,42.7448],[0.6537,42.8027],[0.6563,42.8384],[0.7243,42.8453],[0.7763,42.8325],[0.8129,42.8316],[0.8561,42.8128],[0.9211,42.7844],[0.9587,42.7937],[0.9829,42.7804],[1.0682,42.7761],[1.1067,42.7596],[1.1343,42.716],[1.1625,42.7057],[1.1959,42.7136],[1.3191,42.7134],[1.3611,42.6867],[1.398,42.6436],[1.4293,42.5954],[1.4514,42.6021],[1.4668,42.6415],[1.4984,42.6402],[1.5278,42.6485],[1.5431,42.6494],[1.5973,42.6219],[1.6083,42.6181],[1.722,42.6099],[1.7133,42.5895],[1.7294,42.582],[1.7527,42.5767],[1.7611,42.5676],[1.8728,42.579],[1.9383,42.5718],[1.9588,42.5944],[1.9628,42.6218],[2.0056,42.6561],[2.0983,42.6639],[2.154,42.6564],[2.1661,42.6638],[2.1577,42.6914],[2.1166,42.7071],[2.0862,42.7381],[2.0556,42.7443],[1.9919,42.7314],[1.9561,42.7346],[1.9127,42.7566],[1.9139,42.7834],[1.8655,42.8159],[1.8869,42.8443],[1.9772,42.8637],[1.9852,42.8791],[1.969,42.9196],[1.9416,42.9351],[1.9479,42.9478],[1.9895,42.9605],[1.9774,43.0151],[1.9436,43.0513],[1.9603,43.0691],[1.9454,43.1038],[1.9249,43.1167],[1.8806,43.1203],[1.8407,43.137],[1.7749,43.1522],[1.7191,43.1834],[1.6965,43.2439],[1.7026,43.2667],[1.7254,43.3162],[1.7423,43.3278],[1.7949,43.3335],[1.8112,43.3439],[1.8047,43.3734],[1.8498,43.4234],[1.8938,43.3936],[1.9506,43.4142],[2.0317,43.4226],[2.0634,43.3986],[2.0902,43.3922],[2.1672,43.401],[2.2172,43.3842],[2.232,43.4026],[2.2291,43.4271],[2.2615,43.4423],[2.3672,43.4248],[2.4617,43.43],[2.5675,43.4228],[2.6059,43.4306],[2.6567,43.4608],[2.6503,43.4991],[2.6605,43.5215],[2.6212,43.5652],[2.622,43.5978],[2.6414,43.6331],[2.6743,43.6399],[2.7756,43.6179],[2.8856,43.6529],[2.9345,43.6937],[2.9902,43.7007],[3.025,43.6904],[3.0562,43.7156],[3.0612,43.7661],[3.0529,43.8101],[3.0881,43.8228],[3.1894,43.8131],[3.2323,43.8391],[3.2375,43.8641],[3.2744,43.8876],[3.3218,43.8911],[3.342,43.9039],[3.3569,43.9386],[3.4424,44.0002],[3.4469,44.0144],[3.3945,44.0503],[3.3595,44.0551],[3.3322,44.0719],[3.3065,44.0691],[3.2868,44.0863],[3.3159,44.0987],[3.3266,44.1332],[3.3767,44.1683],[3.4803,44.1218],[3.5179,44.1134],[3.6163,44.1168],[3.6366,44.1273],[3.6427,44.1769],[3.6904,44.1802],[3.791,44.136],[3.8758,44.1314],[3.9204,44.1664],[3.9576,44.2248],[3.9624,44.2621],[3.9366,44.3067],[3.9265,44.3507],[3.8948,44.3902],[3.9592,44.4138],[3.994,44.4579],[4.0218,44.4395],[4.0497,44.4035],[4.0361,44.3756],[4.0443,44.3311],[4.1306,44.3317],[4.1408,44.3216],[4.229,44.2853],[4.2511,44.2818],[4.3338,44.3307],[4.3731,44.3397],[4.3967,44.3283],[4.4074,44.2927],[4.4451,44.3011],[4.4656,44.336],[4.5208,44.3368],[4.5506,44.3271],[4.5852,44.3007],[4.6578,44.2817],[4.6856,44.2403],[4.6881,44.2194],[4.7213,44.1902],[4.719,44.1247],[4.7295,44.0859],[4.7779,44.0843],[4.8444,44.0221],[4.8475,44.0022],[4.8209,44.0004],[4.822,43.9758],[4.8064,43.9529],[4.7728,43.9328],[4.7267,43.9172],[4.6409,43.8706],[4.6464,43.7949],[4.6169,43.741],[4.6049,43.696],[4.5415,43.7129],[4.4995,43.7063],[4.4516,43.6666],[4.4296,43.6248],[4.4599,43.6178],[4.4483,43.5873],[4.413,43.5819],[4.4004,43.5622],[4.3371,43.5321],[4.2476,43.501],[4.2313,43.4715],[4.2059,43.4599],[4.1987,43.4626],[4.1987,43.3194],[4.2471,43.3303],[4.2955,43.3411],[4.3922,43.3627],[4.5558,43.3993],[4.5808,43.3958],[4.5663,43.3711],[4.5923,43.3599],[4.6659,43.3475],[4.8203,43.3464],[4.8224,43.3626],[4.846,43.3594],[4.8558,43.3418],[4.8792,43.3548],[5.0519,43.3311],[5.0648,43.328],[5.0748,43.328],[5.3541,43.2897],[5.3573,43.2803],[5.3692,43.2704],[5.347,43.2159],[5.4398,43.2076],[5.5174,43.2074],[5.542,43.2028],[5.5727,43.1691],[5.6124,43.1604],[5.6329,43.1856],[5.6717,43.1783],[5.6752,43.1763],[5.6963,43.1469],[5.741,43.1321],[5.7515,43.1317],[5.8085,43.0984],[5.8089,43.0984],[5.817,43.0985],[5.7819,43.0791],[5.819,43.0535],[5.8566,43.0448],[5.8753,43.0688],[5.9403,43.0709],[5.9514,43.08],[5.9106,43.0932],[5.9038,43.0992],[5.9985,43.0999],[6.0165,43.0989],[6.027,43.0782],[6.0846,43.0824],[6.1145,43.0724],[6.1147,43.0725],[6.1149,43.0724],[6.1175,43.0733],[6.1321,43.0526],[6.0977,43.0313],[6.1801,43.0359],[6.1528,43.0481],[6.162,43.0887],[6.245,43.1174],[6.2804,43.1187],[6.3423,43.0908],[6.3754,43.0908],[6.3661,43.1186],[6.3785,43.1361],[6.4038,43.1455],[6.5285,43.1285],[6.5289,43.1285],[6.6061,43.1766],[6.6099,43.1734],[6.6798,43.2016],[6.6745,43.2192],[6.7673,43.2771],[6.9335,43.3806],[6.9373,43.383],[7.0118,43.4294],[7.049,43.4526],[7.0863,43.4758],[7.1073,43.4889],[7.2,43.5466],[7.2773,43.5948],[7.3624,43.6479],[7.4029,43.6731],[7.4049,43.6744],[7.4361,43.6938],[7.4474,43.6958],[7.4899,43.7033],[7.5324,43.7107],[7.5324,43.744],[7.515,43.744],[7.515,43.86],[7.4797,43.86],[7.5023,43.7922],[7.4779,43.8655],[7.4935,43.8862],[7.5569,43.9441],[7.6309,43.9935],[7.6348,44.0015],[7.6534,44.0397],[7.6899,44.0673],[7.6879,44.0908],[7.6419,44.1436],[7.6556,44.1761],[7.6247,44.1801],[7.5836,44.1607],[7.5548,44.1591],[7.43,44.1331],[7.3808,44.1229],[7.3406,44.1237],[7.3093,44.1475],[7.2513,44.16],[7.145,44.2072],[7.0335,44.2429],[6.9961,44.2378],[6.9734,44.2494],[6.9592,44.2774],[6.9212,44.3022],[6.8784,44.3546],[6.8661,44.3721],[6.8772,44.4144],[6.9178,44.4363],[6.8613,44.4749],[6.8388,44.5029],[6.8464,44.5475],[6.8973,44.5754],[6.9456,44.6254],[6.9383,44.658],[6.9828,44.6922],[7.0552,44.6849],[7.0388,44.7121],[7.019,44.7389],[6.9984,44.7938],[7.0071,44.8221],[6.9828,44.847],[6.9327,44.8617],[6.866,44.8557],[6.7782,44.8876],[6.7279,44.9287],[6.7299,44.9847],[6.7235,45.0134],[6.6972,45.0269],[6.6622,45.0292],[6.6397,45.0504],[6.6366,45.0745],[6.6027,45.1035],[6.6294,45.1235],[6.6674,45.1396],[6.6944,45.1403],[6.7364,45.1573],[6.7715,45.1532],[6.8441,45.1301],[6.8767,45.1412],[6.8813,45.1684],[6.9138,45.1702],[6.9587,45.2098],[7.0297,45.2282],[7.0502,45.215],[7.1084,45.2592],[7.0926,45.324],[7.1301,45.3571],[7.1607,45.4109],[7.0968,45.4354],[7.0754,45.4663],[6.9828,45.5111],[6.9698,45.567],[6.9549,45.5862],[6.9695,45.6258],[6.9634,45.6407],[6.9186,45.6526],[6.8826,45.6755],[6.8431,45.6827],[6.7959,45.7181],[6.7839,45.765],[6.7827,45.7953],[6.8008,45.8265],[6.8434,45.8386],[6.8707,45.8283],[6.8735,45.8448],[6.9051,45.8454],[6.9692,45.8698],[6.9972,45.9113],[7.0221,45.9253],[7.0669,45.8902],[7.1209,45.8761],[7.1837,45.8805],[7.2867,45.9134],[7.3618,45.9078],[7.3938,45.9157],[7.3947,45.9162],[7.453,45.9459],[7.5037,45.9567],[7.5411,45.9841],[7.643,45.9663],[7.694,45.9287],[7.732,45.9304],[7.7801,45.9181],[7.8312,45.9145],[7.8496,45.9397],[7.8982,45.9819],[7.9858,45.9993],[8.0107,46.0297],[8.0182,46.0809],[8.0354,46.0965],[8.0669,46.1006],[8.1106,46.127],[8.1323,46.1594],[8.1295,46.196],[8.1,46.2356],[8.0731,46.2536],[8.0873,46.2718],[8.1285,46.2925],[8.1926,46.3092],[8.2418,46.3541],[8.2915,46.3784],[8.2866,46.4054],[8.3163,46.4337],[8.3859,46.4502],[8.396,46.4909],[8.4476,46.5046],[8.4769,46.5318],[8.5098,46.5509],[8.5238,46.5785],[8.5487,46.585],[8.6363,46.5712],[8.6779,46.5836],[8.7112,46.573],[8.7884,46.5681],[8.8473,46.5752],[8.8981,46.5893],[8.9148,46.6204],[8.956,46.6306],[8.9648,46.6148],[9.0221,46.6049],[9.0385,46.5907],[9.0152,46.5335],[9.0486,46.4809],[9.0773,46.4823],[9.0978,46.4161],[9.0891,46.3637],[9.057,46.299],[9.0875,46.2206],[9.1638,46.173],[9.1813,46.2041],[9.2248,46.2312],[9.2397,46.267],[9.269,46.3094],[9.2738,46.3443],[9.2604,46.3797],[9.2609,46.4167],[9.238,46.4365],[9.2632,46.4851],[9.2823,46.4974],[9.331,46.5015],[9.3771,46.4687],[9.4107,46.4889],[9.4379,46.492],[9.4438,46.3961],[9.4516,46.3704],[9.4826,46.3568],[9.5153,46.3086],[9.5597,46.2927],[9.6743,46.2918],[9.7084,46.3117],[9.7093,46.3424],[9.7309,46.3507],[9.7681,46.3386],[9.8554,46.367],[9.899,46.3722],[9.964,46.3561],[9.9776,46.2981],[10.0317,46.2601],[10.0427,46.2205],[10.0757,46.22],[10.1458,46.2433],[10.1589,46.2624],[10.1049,46.3094],[10.0918,46.329],[10.105,46.3614],[10.1332,46.3811],[10.1334,46.414],[10.0421,46.4327],[10.0263,46.4463],[10.044,46.467],[10.0269,46.4932],[10.0328,46.533],[10.0712,46.5644],[10.0878,46.6044],[10.1921,46.6268],[10.2338,46.618],[10.2347,46.5753],[10.2759,46.5655],[10.2954,46.5511],[10.3543,46.5483],[10.4259,46.5353],[10.4518,46.5467],[10.4659,46.5785],[10.4591,46.6236],[10.4382,46.6357],[10.3956,46.6388],[10.3692,46.6724],[10.3944,46.7008],[10.3997,46.7355],[10.4287,46.7556],[10.4172,46.7989],[10.4485,46.8322],[10.4538,46.8644],[10.4638,46.9197],[10.4585,46.9366],[10.4156,46.9624],[10.3947,46.9854],[10.3679,46.9955],[10.3389,46.9841],[10.2962,46.9414],[10.2957,46.9227],[10.2351,46.9233],[10.2014,46.8668],[10.1252,46.8468],[10.0834,46.908],[10.0844,46.9263],[10.1204,46.9552],[10.1294,46.985],[10.1247,47.0218],[10.1382,47.0773],[10.2021,47.161],[10.2034,47.1987],[10.175,47.2724],[10.2394,47.2777],[10.3059,47.3022],[10.3434,47.3308],[10.3657,47.3611],[10.4116,47.381],[10.452,47.4388],[10.4422,47.4814],[10.4196,47.493],[10.431,47.5422],[10.4142,47.573],[10.4536,47.5811],[10.4535,47.5462],[10.4825,47.5329],[10.5251,47.5285],[10.5837,47.5625],[10.6079,47.5623],[10.7399,47.5285],[10.7522,47.5154],[10.7903,47.5161],[10.8586,47.5307],[10.8922,47.5149],[10.8516,47.4931],[10.9099,47.469],[10.92,47.4616],[10.92,49.05],[11.55,49.05],[11.55,49.75],[12.3,49.75],[12.3,50.0271],[12.2469,50.045],[12.2325,50.0805],[12.1879,50.1028],[12.1792,50.118],[12.1827,50.1707],[12.1393,50.211],[12.0796,50.2427],[12.1091,50.2638],[12.1073,50.2909],[12.0761,50.3152],[12.1013,50.314],[12.0937,50.3226],[12.0399,50.3288],[11.986,50.3516],[11.9812,50.3853],[11.9405,50.4145],[11.9053,50.4152],[11.8997,50.4293],[11.9311,50.4403],[11.9475,50.4622],[11.9258,50.4884],[11.9447,50.5159],[11.9894,50.5461],[12.0485,50.5316],[12.0812,50.5613],[12.1454,50.5625],[12.1587,50.6037],[12.1869,50.6264],[12.2529,50.6263],[12.29,50.6434],[12.3218,50.674],[12.2855,50.677],[12.2628,50.7222],[12.2412,50.7222],[12.2492,50.7426],[12.2855,50.7693],[12.258,50.7925],[12.3308,50.8064],[12.3642,50.8233],[12.4244,50.8243],[12.4628,50.8566],[12.5275,50.8766],[12.6017,50.8764],[12.6109,50.8701],[12.6472,50.8999],[12.6022,50.9525],[12.5457,50.9713],[12.4914,51.0285],[12.4837,51.0583],[12.3289,51.0878],[12.2646,51.0838],[12.2464,51.0326],[12.2754,51.0098],[12.2171,50.9542],[12.2008,50.9279],[12.1595,50.952],[12.1204,50.9445],[12.0679,50.9561],[12.0046,50.949],[11.9609,50.971],[11.9314,50.9981],[11.8607,51.0226],[11.7326,51.0175],[11.6974,51.0642],[11.6891,51.0919],[11.6631,51.1012],[11.6275,51.0956],[11.5352,51.1003],[11.5047,51.0892],[11.4274,51.0988],[11.4264,51.1077],[11.4203,51.1597],[11.3886,51.1899],[11.333,51.2163],[11.3524,51.2301],[11.4224,51.2437],[11.4519,51.2715],[11.3672,51.3575],[11.3149,51.3833],[11.1962,51.3974],[11.1538,51.3969],[10.9991,51.4087],[10.9645,51.4278],[10.9718,51.4627],[10.9454,51.4995],[10.9477,51.5185],[10.9115,51.5711],[10.9519,51.577],[10.9456,51.5947],[10.8035,51.6326],[10.7134,51.6311],[10.6976,51.6374],[10.6489,51.6197],[10.6292,51.601],[10.6542,51.5782],[10.6453,51.5611],[10.6104,51.5726],[10.562,51.5574],[10.5142,51.5563],[10.4788,51.5747],[10.4217,51.5919],[10.3749,51.5857],[10.3646,51.5424],[10.3064,51.5106],[10.2945,51.4935],[10.2396,51.4721],[10.1947,51.4794],[10.1497,51.4318],[10.0847,51.4311],[10.0661,51.4209],[10.0457,51.4321],[10,51.4083],[9.9492,51.3818],[9.9058,51.4037],[9.9042,51.417],[9.8628,51.4087],[9.8755,51.3847],[9.8564,51.3721],[9.826,51.4009],[9.8017,51.3972],[9.7137,51.3638],[9.7545,51.3309],[9.7843,51.3359],[9.7621,51.3093],[9.7115,51.2915],[9.6826,51.315],[9.5694,51.3423],[9.5347,51.3666],[9.5709,51.3614],[9.5636,51.3845],[9.5821,51.3988],[9.6325,51.4009],[9.6387,51.468],[9.5968,51.5116],[9.6197,51.5525],[9.6451,51.5517],[9.644,51.5719],[9.6713,51.5593],[9.6861,51.5719],[9.6508,51.6112],[9.6234,51.6295],[9.5926,51.6257],[9.5493,51.6403],[9.5326,51.6303],[9.4944,51.6321],[9.4904,51.6493],[9.4401,51.649],[9.4178,51.6271],[9.3331,51.6067],[9.3538,51.5955],[9.336,51.554],[9.2963,51.5176],[9.2243,51.487],[9.2148,51.4587],[9.158,51.4389],[9.1087,51.4429],[9.0843,51.46],[9.0846,51.483],[9.0154,51.5092],[8.9062,51.4809],[8.8981,51.4667],[8.9162,51.4229],[8.9495,51.4089],[8.9351,51.3913],[8.8936,51.39],[8.858,51.3754],[8.8146,51.3817],[8.7277,51.3731],[8.6855,51.3634],[8.5939,51.296],[8.58,51.2649],[8.6079,51.2413],[8.7169,51.2711],[8.7317,51.2498],[8.7522,51.1878],[8.7502,51.1728],[8.6957,51.1305],[8.7044,51.1047],[8.6584,51.0884],[8.6272,51.0936],[8.5247,51.0933],[8.5449,51.0207],[8.4696,50.9438],[8.4638,50.9145],[8.4441,50.916],[8.3641,50.8616],[8.3145,50.8645],[8.2996,50.8809],[8.1972,50.8271],[8.1872,50.8115],[8.1393,50.785],[8.145,50.7623],[8.1751,50.7421],[8.1669,50.7079],[8.1345,50.684],[8.0895,50.6968],[8.0563,50.6909],[8.0338,50.726],[7.9811,50.7735],[7.9839,50.803],[7.9703,50.837],[7.9425,50.832],[7.8856,50.8669],[7.8446,50.882],[7.8597,50.9225],[7.8016,50.9327],[7.7575,50.9113],[7.7677,50.8365],[7.7406,50.842],[7.6756,50.81],[7.6989,50.7816],[7.6134,50.7494],[7.5995,50.7334],[7.5633,50.7328],[7.5324,50.721],[7.4486,50.7062],[7.3869,50.7037],[7.3715,50.6426],[7.3405,50.6289],[7.2826,50.6188],[7.2263,50.6214],[7.2148,50.6272],[7.21,50.64],[7.18,50.68],[7.12,50.73],[7.07,50.78],[7,50.82],[6.97,50.94],[6.98,51],[6.95,51.05],[6.86,51.1],[6.8,51.17],[6.76,51.23],[6.74,51.27],[6.68,51.35],[6.7157,51.4],[6.73,51.4],[6.8,51.45],[6.85,51.55],[6.82,51.65],[6.7,51.75],[6.5,51.83],[6.4555,51.85],[6.4794,51.853],[6.5286,51.8764],[6.6282,51.8975],[6.7167,51.8993],[6.7438,51.9083],[6.7898,51.9511],[6.8107,51.9606],[6.804,51.9844],[6.7782,52.0013],[6.675,52.0348],[6.6799,52.0605],[6.7114,52.0673],[6.7329,52.092],[6.7716,52.1088],[6.7595,52.1145],[6.6619,52.1273],[6.6667,52.1645],[6.6017,52.1659],[6.5974,52.1781],[6.4952,52.1772],[6.4659,52.1944],[6.4114,52.2446],[6.3817,52.2468],[6.3225,52.2295],[6.2592,52.2289],[6.1796,52.2377],[6.1543,52.2256],[6.1241,52.2562],[6.1065,52.2997],[6.068,52.3218],[6.0816,52.3706],[6.12,52.3804],[6.1327,52.4213],[6.0954,52.4679],[6.0496,52.5053],[6.0307,52.511],[5.9697,52.485],[5.925,52.484],[5.8915,52.5204],[5.8669,52.5218],[5.8551,52.4807],[5.8153,52.4408],[5.771,52.4138],[5.6276,52.3718],[5.5791,52.3448],[5.5327,52.2769],[5.426,52.2639],[5.4089,52.2677],[5.3969,52.2199],[5.4387,52.1959],[5.4301,52.1686],[5.4745,52.1609],[5.5128,52.1362],[5.4686,52.0823],[5.5001,52.0698],[5.5392,52.0872],[5.5533,52.1048],[5.5722,52.019],[5.6165,51.9778],[5.6157,51.9483],[5.5821,51.9533],[5.5051,51.982],[5.462,51.9876],[5.4204,51.974],[5.3828,51.9802],[5.3105,51.9597],[5.2543,51.9791],[5.1826,51.9669],[5.1179,51.8915],[5.1205,51.8762],[5.0334,51.852],[5.0045,51.8509],[5.0093,51.8252],[4.909,51.8299],[4.8703,51.8081],[4.7904,51.8027],[4.7399,51.7744],[4.6756,51.7194],[4.644,51.7191],[4.5449,51.696],[4.5065,51.6952],[4.4031,51.7083],[4.3727,51.6735],[4.3337,51.6569],[4.1978,51.6379],[4.1307,51.6583],[4.1109,51.647],[4.1207,51.639],[4.0924,51.639],[4.0924,51.6547],[4.097,51.6693],[4.1125,51.6693],[4.1126,51.6708],[4.1156,51.6715],[4.1156,51.7087],[4.0542,51.7087],[4.0542,51.7135],[4.0161,51.7135],[4.0161,51.7457],[3.9779,51.7457],[3.9779,51.7693],[3.9173,51.7693],[3.9016,51.743],[3.8101,51.7473],[3.7928,51.7457],[3.7892,51.7459],[3.7888,51.7459],[3.7825,51.7448],[3.7258,51.7397],[3.7054,51.7314],[3.6988,51.7303],[3.6988,51.7288],[3.6895,51.725],[3.6867,51.6927],[3.7206,51.6768],[3.7654,51.6784],[3.7758,51.6858],[3.8159,51.693],[3.8244,51.69],[3.8596,51.6726],[3.8284,51.6204],[3.8118,51.6115],[3.5604,51.5946],[3.5469,51.5894],[3.5008,51.5775],[3.4838,51.5652],[3.4575,51.5551],[3.447,51.546],[3.4619,51.519],[3.4948,51.5009],[3.5321,51.4626],[3.4881,51.4392],[3.4608,51.4246],[3.4179,51.4017],[3.3878,51.3857],[3.3828,51.3847],[3.3496,51.3778],[3.3477,51.3774],[3.3126,51.3702],[3.2775,51.3629],[3.2236,51.3518],[3.2073,51.3464],[3.1248,51.3297],[2.9983,51.2774],[2.9608,51.265],[2.9162,51.2478],[2.6523,51.1824],[2.5658,51.1609],[2.5226,51.1502],[2.5144,51.1482],[2.4793,51.1401],[2.1333,51.0605],[2.0901,51.0505],[2.0468,51.0405],[1.9603,51.0206],[1.6396,50.9468],[1.6143,50.8782],[1.5806,50.8688],[1.5946,50.8248],[1.512,50.6011],[1.4707,50.4893],[1.4501,50.4334],[1.4398,50.4055],[1.4294,50.3775],[1.3696,50.2153],[1.3489,50.1593],[1.3372,50.1276],[1.2877,50.111],[1.268,50.1044],[1.1871,50.0772],[1.0252,50.0229],[0.0541,49.6971],[-0.1077,49.6428],[-0.1887,49.6156],[-0.2696,49.5885],[-0.31,49.5749],[-0.3505,49.5613],[-0.4314,49.5342],[-0.5933,49.4799],[-0.887,49.3813],[-0.9169,49.3864],[-0.9404,49.3923],[-0.9543,49.3928],[-0.9592,49.3936],[-0.9596,49.3936],[-0.9698,49.3933],[-1.0723,49.3968],[-1.084,49.3909],[-1.158,49.4245],[-1.1847,49.4366],[-1.1932,49.4457],[-1.212,49.4688],[-1.2328,49.4943],[-1.263,49.5914],[-1.2533,49.6123],[-1.2278,49.6241],[-1.2322,49.6414],[-1.258,49.6792],[-1.258,49.68],[-1.2587,49.6802],[-1.2711,49.6984],[-1.3913,49.7127],[-1.4557,49.7022],[-1.4752,49.6884],[-1.5894,49.6679],[-1.7044,49.6818],[-1.7249,49.682],[-1.7251,49.682],[-1.9348,49.7772],[-1.9347,49.777],[-1.9352,49.7772],[-1.9351,49.7767],[-1.9352,49.7768],[-1.9208,49.7253],[-1.9352,49.7241],[-1.9456,49.678],[-1.9051,49.6693],[-1.8704,49.5452],[-1.8847,49.5309],[-1.8602,49.5086],[-1.7352,49.0619],[-1.6727,48.8386],[-1.6415,48.727],[-1.6266,48.6738],[-1.6185,48.645],[-1.6404,48.6483],[-1.6719,48.6532],[-1.735,48.6628],[-1.8466,48.68],[-1.8363,48.6911],[-1.8437,48.7121],[-1.9484,48.6956],[-2.022,48.7069],[-2.0588,48.7125],[-2.0588,48.667],[-2.022,48.667],[-2.022,48.6495],[-2.0287,48.6433],[-2.0275,48.6415],[-2.022,48.6333],[-2.022,48.6159],[-2.0323,48.6159],[-2.0175,48.5907],[-1.9988,48.5907],[-1.9988,48.5654],[-1.9982,48.5648],[-1.9652,48.5648],[-1.9491,48.5392],[-1.9485,48.5383],[-1.9251,48.5448],[-1.9102,48.5036],[-1.918,48.473],[-1.944,48.4467],[-1.9517,48.4228],[-1.9327,48.3639],[-1.9615,48.3421],[-1.9615,48.3003],[-1.9824,48.2803],[-2.066,48.2952],[-2.1172,48.2608],[-2.1602,48.2607],[-2.186,48.2226],[-2.2108,48.2096],[-2.2319,48.1641],[-2.2873,48.1337],[-2.2352,48.0786],[-2.1882,48.0797],[-2.1913,48.0525],[-2.2576,48.0389],[-2.2711,48.0054],[-2.2554,47.9974],[-2.1677,47.9847],[-2.1243,47.9636],[-2.106,47.945],[-2.1002,47.9119],[-2.1095,47.8488],[-2.0612,47.8463],[-2.0524,47.8218],[-2.068,47.7962],[-2.1223,47.7743],[-2.1103,47.7588],[-2.0716,47.7572],[-2.0767,47.7333],[-2.1159,47.7317],[-2.1263,47.7142],[-2.1062,47.669],[-2.1028,47.6393],[-2.0885,47.6326],[-2.0858,47.608],[-2.11,47.5423],[-2.1544,47.5131],[-2.1868,47.4814],[-2.2109,47.5076],[-2.2534,47.4953],[-2.3023,47.5016],[-2.3345,47.464],[-2.4041,47.4556],[-2.4331,47.4658],[-2.4611,47.4526],[-2.4649,47.4535],[-2.4649,47.4322],[-2.5014,47.4322],[-2.5014,47.4247],[-2.5379,47.4247],[-2.5379,47.4473],[-2.684,47.4473],[-2.684,47.411],[-2.7238,47.411],[-2.7238,47.4045]]],[[[-2.6735,49.4335],[-2.6693,49.4309],[-2.5731,49.4309],[-2.5521,49.4267],[-2.549,49.4283],[-2.5472,49.4279],[-2.5472,49.428],[-2.5468,49.4279],[-2.5456,49.4301],[-2.5341,49.4362],[-2.5267,49.4585],[-2.5245,49.4688],[-2.5127,49.4903],[-2.5058,49.498],[-2.5017,49.5067],[-2.5182,49.5155],[-2.5382,49.5098],[-2.5496,49.5042],[-2.5736,49.4954],[-2.5802,49.4936],[-2.5825,49.4922],[-2.648,49.4682],[-2.6479,49.4679],[-2.648,49.4678],[-2.6464,49.464],[-2.6503,49.4637],[-2.6566,49.4594],[-2.6518,49.4452],[-2.663,49.4438],[-2.6735,49.4335]]],[[[-2.242,49.248],[-2.2332,49.2285],[-2.2296,49.2165],[-2.2376,49.1766],[-2.2375,49.1766],[-2.2376,49.1762],[-2.2372,49.1763],[-2.2372,49.1762],[-2.1826,49.1841],[-2.1772,49.1802],[-2.1687,49.1783],[-2.1626,49.1866],[-2.1013,49.1866],[-2.097,49.1837],[-2.08,49.1787],[-2.0734,49.1786],[-2.054,49.1693],[-2.0537,49.1694],[-2.0536,49.1693],[-2.0354,49.1744],[-2.0245,49.1713],[-2.0237,49.1777],[-2.0104,49.1814],[-2.0105,49.1818],[-2.0104,49.1818],[-2.014,49.2072],[-2.0083,49.2125],[-2.0158,49.2196],[-2.0176,49.2321],[-2.021,49.2333],[-2.0207,49.2353],[-2.0679,49.2507],[-2.0827,49.2602],[-2.1039,49.2582],[-2.1059,49.2568],[-2.1218,49.2582],[-2.122,49.2583],[-2.1438,49.2619],[-2.1517,49.267],[-2.1618,49.2618],[-2.2192,49.2669],[-2.2196,49.2669],[-2.2209,49.2605],[-2.2294,49.263],[-2.2411,49.2602],[-2.242,49.248]]]]}},
{"type":"Feature","properties":{"entityId":"frankish-kingdom","from":576,"to":697,"certainty":"estimated","source":"유럽 쪽은 Natural Earth 1:10m admin-1(v5.1.2) 현대 행정구역 조각을 그 시기 국경에 맞춰 묶고, 조각이 역사 경계와 다른 곳은 선을 그어 나눈 근사. 유럽 밖(시베리아·중앙아시아·극동)은 대략적인 추정. 운영자 검수 필요"},"geometry":{"type":"MultiPolygon","coordinates":[[[[-2.7238,47.4045],[-2.684,47.3772],[-2.6458,47.351],[-2.365,47.1585],[-2.3168,47.1254],[-2.2491,47.079],[-2.2382,47.0715],[-2.2268,47.0637],[-2.2098,47.0464],[-2.2079,47.0445],[-2.1814,47.0175],[-2.1532,46.9889],[-2.1137,46.9487],[-2.098,46.9328],[-2.1022,46.9307],[-2.0963,46.9165],[-2.122,46.9037],[-2.1313,46.8718],[-2.1188,46.82],[-2.0503,46.7921],[-2.0022,46.7575],[-1.9921,46.7485],[-1.965,46.7104],[-1.9398,46.7019],[-1.9208,46.685],[-1.8213,46.558],[-1.8048,46.5036],[-1.7817,46.4954],[-1.7854,46.514],[-1.7742,46.5093],[-1.7684,46.5002],[-1.6868,46.4609],[-1.6459,46.4558],[-1.6321,46.4501],[-1.6256,46.4311],[-1.5988,46.425],[-1.598,46.425],[-1.5344,46.3603],[-1.5025,46.3279],[-1.4706,46.2956],[-1.4421,46.2666],[-1.4136,46.2377],[-1.4905,46.2244],[-1.508,46.2456],[-1.4739,46.2381],[-1.4679,46.2499],[-1.4981,46.2619],[-1.5558,46.2518],[-1.5043,46.2077],[-1.4329,46.2108],[-1.3506,46.1737],[-1.3432,46.1662],[-1.2496,46.0712],[-1.1936,46.0143],[-1.2021,45.9262],[-1.2198,45.9431],[-1.2194,45.9439],[-1.2336,45.9917],[-1.2738,45.9976],[-1.3399,46.0378],[-1.3829,46.048],[-1.3876,46.0501],[-1.3876,46.0499],[-1.388,46.0501],[-1.388,46.0492],[-1.4049,46.0532],[-1.3833,46.0155],[-1.375,45.9858],[-1.3783,45.976],[-1.3402,45.9387],[-1.2778,45.8942],[-1.2457,45.8546],[-1.2269,45.8198],[-1.2127,45.8153],[-1.2147,45.7949],[-1.2303,45.7924],[-1.2473,45.7099],[-1.2228,45.71],[-1.23,45.6345],[-1.2337,45.5966],[-1.2373,45.5588],[-1.2518,45.4074],[-1.2808,45.1045],[-1.3388,44.4988],[-1.3458,44.4252],[-1.3529,44.3516],[-1.367,44.2044],[-1.3844,44.0225],[-1.4818,43.9099],[-1.6848,43.6753],[-1.7231,43.6311],[-1.7997,43.5425],[-1.7614,43.5425],[-1.7614,43.4982],[-1.762,43.4982],[-1.762,43.4067],[-1.8006,43.4067],[-1.8006,43.3894],[-1.7941,43.386],[-1.7969,43.3411],[-1.7682,43.3309],[-1.7497,43.2948],[-1.6739,43.3042],[-1.645,43.2924],[-1.639,43.2557],[-1.5876,43.2516],[-1.559,43.2841],[-1.5081,43.2768],[-1.4664,43.2608],[-1.4322,43.265],[-1.4035,43.2433],[-1.3997,43.2067],[-1.4258,43.1353],[-1.4878,43.0818],[-1.4753,43.0601],[-1.435,43.0357],[-1.3831,43.0292],[-1.3576,43.0468],[-1.3483,43.0931],[-1.3086,43.1136],[-1.3106,43.0695],[-1.2749,43.0468],[-1.2169,43.0393],[-1.1499,43.0057],[-1.1124,43.0083],[-1.0797,42.9934],[-1.0285,42.9867],[-0.9815,42.957],[-0.9432,42.9479],[-0.8635,42.9431],[-0.7864,42.9533],[-0.7597,42.9465],[-0.745,42.9187],[-0.7459,42.8939],[-0.7301,42.8775],[-0.7004,42.8764],[-0.6483,42.8498],[-0.6095,42.8114],[-0.5829,42.7958],[-0.5787,42.7773],[-0.5356,42.7842],[-0.5339,42.808],[-0.5084,42.8075],[-0.4545,42.7889],[-0.4239,42.7907],[-0.3228,42.8425],[-0.3051,42.8308],[-0.247,42.8048],[-0.2351,42.7862],[-0.2084,42.7839],[-0.1614,42.7953],[-0.1636,42.778],[-0.119,42.7169],[-0.0389,42.6851],[-0.0043,42.6875],[0.0728,42.7085],[0.1342,42.7152],[0.1692,42.7265],[0.2384,42.7104],[0.2754,42.6687],[0.2902,42.6703],[0.336,42.7127],[0.3542,42.7175],[0.3893,42.6851],[0.4669,42.6904],[0.4835,42.6853],[0.6082,42.688],[0.6436,42.6845],[0.6634,42.6962],[0.6665,42.7148],[0.6335,42.7448],[0.6537,42.8027],[0.6563,42.8384],[0.7243,42.8453],[0.7763,42.8325],[0.8129,42.8316],[0.8561,42.8128],[0.9211,42.7844],[0.9587,42.7937],[0.9829,42.7804],[1.0682,42.7761],[1.1067,42.7596],[1.1343,42.716],[1.1625,42.7057],[1.1959,42.7136],[1.3191,42.7134],[1.3611,42.6867],[1.398,42.6436],[1.4293,42.5954],[1.4514,42.6021],[1.4668,42.6415],[1.4984,42.6402],[1.5278,42.6485],[1.5431,42.6494],[1.5973,42.6219],[1.6083,42.6181],[1.722,42.6099],[1.7133,42.5895],[1.7294,42.582],[1.7527,42.5767],[1.7611,42.5676],[1.8728,42.579],[1.9383,42.5718],[1.9588,42.5944],[1.9628,42.6218],[2.0056,42.6561],[2.0983,42.6639],[2.154,42.6564],[2.1661,42.6638],[2.1577,42.6914],[2.1166,42.7071],[2.0862,42.7381],[2.0556,42.7443],[1.9919,42.7314],[1.9561,42.7346],[1.9127,42.7566],[1.9139,42.7834],[1.8655,42.8159],[1.8869,42.8443],[1.9772,42.8637],[1.9852,42.8791],[1.969,42.9196],[1.9416,42.9351],[1.9479,42.9478],[1.9895,42.9605],[1.9774,43.0151],[1.9436,43.0513],[1.9603,43.0691],[1.9454,43.1038],[1.9249,43.1167],[1.8806,43.1203],[1.8407,43.137],[1.7749,43.1522],[1.7191,43.1834],[1.6965,43.2439],[1.7026,43.2667],[1.7254,43.3162],[1.7423,43.3278],[1.7949,43.3335],[1.8112,43.3439],[1.8047,43.3734],[1.8498,43.4234],[1.8938,43.3936],[1.9506,43.4142],[2.0317,43.4226],[2.0634,43.3986],[2.0902,43.3922],[2.1672,43.401],[2.2172,43.3842],[2.232,43.4026],[2.2291,43.4271],[2.2615,43.4423],[2.3672,43.4248],[2.4617,43.43],[2.5675,43.4228],[2.6059,43.4306],[2.6567,43.4608],[2.6503,43.4991],[2.6605,43.5215],[2.6212,43.5652],[2.622,43.5978],[2.6414,43.6331],[2.6743,43.6399],[2.7756,43.6179],[2.8856,43.6529],[2.9345,43.6937],[2.9902,43.7007],[3.025,43.6904],[3.0562,43.7156],[3.0612,43.7661],[3.0529,43.8101],[3.0881,43.8228],[3.1894,43.8131],[3.2323,43.8391],[3.2375,43.8641],[3.2744,43.8876],[3.3218,43.8911],[3.342,43.9039],[3.3569,43.9386],[3.4424,44.0002],[3.4469,44.0144],[3.3945,44.0503],[3.3595,44.0551],[3.3322,44.0719],[3.3065,44.0691],[3.2868,44.0863],[3.3159,44.0987],[3.3266,44.1332],[3.3767,44.1683],[3.4803,44.1218],[3.5179,44.1134],[3.6163,44.1168],[3.6366,44.1273],[3.6427,44.1769],[3.6904,44.1802],[3.791,44.136],[3.8758,44.1314],[3.9204,44.1664],[3.9576,44.2248],[3.9624,44.2621],[3.9366,44.3067],[3.9265,44.3507],[3.8948,44.3902],[3.9592,44.4138],[3.994,44.4579],[4.0218,44.4395],[4.0497,44.4035],[4.0361,44.3756],[4.0443,44.3311],[4.1306,44.3317],[4.1408,44.3216],[4.229,44.2853],[4.2511,44.2818],[4.3338,44.3307],[4.3731,44.3397],[4.3967,44.3283],[4.4074,44.2927],[4.4451,44.3011],[4.4656,44.336],[4.5208,44.3368],[4.5506,44.3271],[4.5852,44.3007],[4.6578,44.2817],[4.6856,44.2403],[4.6881,44.2194],[4.7213,44.1902],[4.719,44.1247],[4.7295,44.0859],[4.7779,44.0843],[4.8444,44.0221],[4.8475,44.0022],[4.8209,44.0004],[4.822,43.9758],[4.8064,43.9529],[4.7728,43.9328],[4.7267,43.9172],[4.6409,43.8706],[4.6464,43.7949],[4.6169,43.741],[4.6049,43.696],[4.5415,43.7129],[4.4995,43.7063],[4.4516,43.6666],[4.4296,43.6248],[4.4599,43.6178],[4.4483,43.5873],[4.413,43.5819],[4.4004,43.5622],[4.3371,43.5321],[4.2476,43.501],[4.2313,43.4715],[4.2059,43.4599],[4.1987,43.4626],[4.1987,43.3194],[4.2471,43.3303],[4.2955,43.3411],[4.3922,43.3627],[4.5558,43.3993],[4.5808,43.3958],[4.5663,43.3711],[4.5923,43.3599],[4.6659,43.3475],[4.8203,43.3464],[4.8224,43.3626],[4.846,43.3594],[4.8558,43.3418],[4.8792,43.3548],[5.0519,43.3311],[5.0648,43.328],[5.0748,43.328],[5.3541,43.2897],[5.3573,43.2803],[5.3692,43.2704],[5.347,43.2159],[5.4398,43.2076],[5.5174,43.2074],[5.542,43.2028],[5.5727,43.1691],[5.6124,43.1604],[5.6329,43.1856],[5.6717,43.1783],[5.6752,43.1763],[5.6963,43.1469],[5.741,43.1321],[5.7515,43.1317],[5.8085,43.0984],[5.8089,43.0984],[5.817,43.0985],[5.7819,43.0791],[5.819,43.0535],[5.8566,43.0448],[5.8753,43.0688],[5.9403,43.0709],[5.9514,43.08],[5.9106,43.0932],[5.9038,43.0992],[5.9985,43.0999],[6.0165,43.0989],[6.027,43.0782],[6.0846,43.0824],[6.1145,43.0724],[6.1147,43.0725],[6.1149,43.0724],[6.1175,43.0733],[6.1321,43.0526],[6.0977,43.0313],[6.1801,43.0359],[6.1528,43.0481],[6.162,43.0887],[6.245,43.1174],[6.2804,43.1187],[6.3423,43.0908],[6.3754,43.0908],[6.3661,43.1186],[6.3785,43.1361],[6.4038,43.1455],[6.5285,43.1285],[6.5289,43.1285],[6.6061,43.1766],[6.6099,43.1734],[6.6798,43.2016],[6.6745,43.2192],[6.7673,43.2771],[6.9335,43.3806],[6.9373,43.383],[7.0118,43.4294],[7.049,43.4526],[7.0863,43.4758],[7.1073,43.4889],[7.2,43.5466],[7.2773,43.5948],[7.3624,43.6479],[7.4029,43.6731],[7.4049,43.6744],[7.4361,43.6938],[7.4474,43.6958],[7.4899,43.7033],[7.5324,43.7107],[7.5324,43.744],[7.515,43.744],[7.515,43.86],[7.4797,43.86],[7.5023,43.7922],[7.4779,43.8655],[7.4935,43.8862],[7.5569,43.9441],[7.6309,43.9935],[7.6348,44.0015],[7.6534,44.0397],[7.6899,44.0673],[7.6879,44.0908],[7.6419,44.1436],[7.6556,44.1761],[7.6247,44.1801],[7.5836,44.1607],[7.5548,44.1591],[7.43,44.1331],[7.3808,44.1229],[7.3406,44.1237],[7.3093,44.1475],[7.2513,44.16],[7.145,44.2072],[7.0335,44.2429],[6.9961,44.2378],[6.9734,44.2494],[6.9592,44.2774],[6.9212,44.3022],[6.8784,44.3546],[6.8661,44.3721],[6.8772,44.4144],[6.9178,44.4363],[6.8613,44.4749],[6.8388,44.5029],[6.8464,44.5475],[6.8973,44.5754],[6.9456,44.6254],[6.9383,44.658],[6.9828,44.6922],[7.0552,44.6849],[7.0388,44.7121],[7.019,44.7389],[6.9984,44.7938],[7.0071,44.8221],[6.9828,44.847],[6.9327,44.8617],[6.866,44.8557],[6.7782,44.8876],[6.7279,44.9287],[6.7299,44.9847],[6.7235,45.0134],[6.6972,45.0269],[6.6622,45.0292],[6.6397,45.0504],[6.6366,45.0745],[6.6027,45.1035],[6.6294,45.1235],[6.6674,45.1396],[6.6944,45.1403],[6.7364,45.1573],[6.7715,45.1532],[6.8441,45.1301],[6.8767,45.1412],[6.8813,45.1684],[6.9138,45.1702],[6.9587,45.2098],[7.0297,45.2282],[7.0502,45.215],[7.1084,45.2592],[7.0926,45.324],[7.1301,45.3571],[7.1607,45.4109],[7.0968,45.4354],[7.0754,45.4663],[7.1316,45.5099],[7.1462,45.4922],[7.2123,45.4838],[7.3855,45.5244],[7.4646,45.5742],[7.5459,45.5898],[7.6424,45.5746],[7.673,45.5636],[7.7493,45.5641],[7.784,45.5814],[7.8802,45.6027],[7.9195,45.649],[7.911,45.6841],[7.9163,45.7297],[7.8823,45.7529],[7.8635,45.806],[7.8477,45.9077],[7.8559,45.9193],[7.8496,45.9397],[7.8982,45.9819],[7.9858,45.9993],[8.0107,46.0297],[8.0182,46.0809],[8.0354,46.0965],[8.0669,46.1006],[8.1106,46.127],[8.1323,46.1594],[8.1295,46.196],[8.1,46.2356],[8.0731,46.2536],[8.0873,46.2718],[8.1285,46.2925],[8.1926,46.3092],[8.2418,46.3541],[8.2915,46.3784],[8.2866,46.4054],[8.3163,46.4337],[8.3859,46.4502],[8.396,46.4909],[8.4476,46.5046],[8.4769,46.5318],[8.5098,46.5509],[8.5238,46.5785],[8.5487,46.585],[8.6363,46.5712],[8.6779,46.5836],[8.7112,46.573],[8.7884,46.5681],[8.8473,46.5752],[8.8981,46.5893],[8.9148,46.6204],[8.956,46.6306],[8.9648,46.6148],[9.0221,46.6049],[9.0385,46.5907],[9.0152,46.5335],[9.0486,46.4809],[9.0773,46.4823],[9.0978,46.4161],[9.0891,46.3637],[9.057,46.299],[9.0875,46.2206],[9.1638,46.173],[9.1813,46.2041],[9.2248,46.2312],[9.2397,46.267],[9.269,46.3094],[9.2738,46.3443],[9.2604,46.3797],[9.2609,46.4167],[9.238,46.4365],[9.2632,46.4851],[9.2823,46.4974],[9.331,46.5015],[9.3771,46.4687],[9.4107,46.4889],[9.4379,46.492],[9.4438,46.3961],[9.4516,46.3704],[9.4826,46.3568],[9.5153,46.3086],[9.5597,46.2927],[9.6743,46.2918],[9.7084,46.3117],[9.7093,46.3424],[9.7309,46.3507],[9.7681,46.3386],[9.8554,46.367],[9.899,46.3722],[9.964,46.3561],[9.9776,46.2981],[10.0317,46.2601],[10.0427,46.2205],[10.0757,46.22],[10.1458,46.2433],[10.1589,46.2624],[10.1049,46.3094],[10.0918,46.329],[10.105,46.3614],[10.1332,46.3811],[10.1334,46.414],[10.0421,46.4327],[10.0263,46.4463],[10.044,46.467],[10.0269,46.4932],[10.0328,46.533],[10.0712,46.5644],[10.0878,46.6044],[10.1921,46.6268],[10.2338,46.618],[10.2347,46.5753],[10.2759,46.5655],[10.2954,46.5511],[10.3543,46.5483],[10.4259,46.5353],[10.4518,46.5467],[10.4659,46.5785],[10.4591,46.6236],[10.4382,46.6357],[10.3956,46.6388],[10.3692,46.6724],[10.3944,46.7008],[10.3997,46.7355],[10.4287,46.7556],[10.4172,46.7989],[10.4485,46.8322],[10.4538,46.8644],[10.4638,46.9197],[10.4585,46.9366],[10.4156,46.9624],[10.3947,46.9854],[10.3679,46.9955],[10.3389,46.9841],[10.2962,46.9414],[10.2957,46.9227],[10.2351,46.9233],[10.2014,46.8668],[10.1252,46.8468],[10.0834,46.908],[10.0844,46.9263],[10.1204,46.9552],[10.1294,46.985],[10.1247,47.0218],[10.1382,47.0773],[10.2021,47.161],[10.2034,47.1987],[10.175,47.2724],[10.2394,47.2777],[10.3059,47.3022],[10.3434,47.3308],[10.3657,47.3611],[10.4116,47.381],[10.452,47.4388],[10.4422,47.4814],[10.4196,47.493],[10.431,47.5422],[10.4142,47.573],[10.4536,47.5811],[10.4535,47.5462],[10.4825,47.5329],[10.5251,47.5285],[10.5837,47.5625],[10.6079,47.5623],[10.7399,47.5285],[10.7522,47.5154],[10.7903,47.5161],[10.8586,47.5307],[10.8922,47.5149],[10.8516,47.4931],[10.9099,47.469],[10.92,47.4616],[10.92,49.05],[11.55,49.05],[11.55,49.75],[12.3,49.75],[12.3,50.0271],[12.2469,50.045],[12.2325,50.0805],[12.1879,50.1028],[12.1792,50.118],[12.1827,50.1707],[12.1393,50.211],[12.0796,50.2427],[12.1091,50.2638],[12.1073,50.2909],[12.0761,50.3152],[12.1013,50.314],[12.0937,50.3226],[12.0399,50.3288],[11.986,50.3516],[11.9812,50.3853],[11.9405,50.4145],[11.9053,50.4152],[11.8997,50.4293],[11.9311,50.4403],[11.9475,50.4622],[11.9258,50.4884],[11.9447,50.5159],[11.9894,50.5461],[12.0485,50.5316],[12.0812,50.5613],[12.1454,50.5625],[12.1587,50.6037],[12.1869,50.6264],[12.2529,50.6263],[12.29,50.6434],[12.3218,50.674],[12.2855,50.677],[12.2628,50.7222],[12.2412,50.7222],[12.2492,50.7426],[12.2855,50.7693],[12.258,50.7925],[12.3308,50.8064],[12.3642,50.8233],[12.4244,50.8243],[12.4628,50.8566],[12.5275,50.8766],[12.6017,50.8764],[12.6109,50.8701],[12.6472,50.8999],[12.6022,50.9525],[12.5457,50.9713],[12.4914,51.0285],[12.4837,51.0583],[12.3289,51.0878],[12.2646,51.0838],[12.2464,51.0326],[12.2754,51.0098],[12.2171,50.9542],[12.2008,50.9279],[12.1595,50.952],[12.1204,50.9445],[12.0679,50.9561],[12.0046,50.949],[11.9609,50.971],[11.9314,50.9981],[11.8607,51.0226],[11.7326,51.0175],[11.6974,51.0642],[11.6891,51.0919],[11.6631,51.1012],[11.6275,51.0956],[11.5352,51.1003],[11.5047,51.0892],[11.4274,51.0988],[11.4264,51.1077],[11.4203,51.1597],[11.3886,51.1899],[11.333,51.2163],[11.3524,51.2301],[11.4224,51.2437],[11.4519,51.2715],[11.3672,51.3575],[11.3149,51.3833],[11.1962,51.3974],[11.1538,51.3969],[10.9991,51.4087],[10.9645,51.4278],[10.9718,51.4627],[10.9454,51.4995],[10.9477,51.5185],[10.9115,51.5711],[10.9519,51.577],[10.9456,51.5947],[10.8035,51.6326],[10.7134,51.6311],[10.6976,51.6374],[10.6489,51.6197],[10.6292,51.601],[10.6542,51.5782],[10.6453,51.5611],[10.6104,51.5726],[10.562,51.5574],[10.5142,51.5563],[10.4788,51.5747],[10.4217,51.5919],[10.3749,51.5857],[10.3646,51.5424],[10.3064,51.5106],[10.2945,51.4935],[10.2396,51.4721],[10.1947,51.4794],[10.1497,51.4318],[10.0847,51.4311],[10.0661,51.4209],[10.0457,51.4321],[10,51.4083],[9.9492,51.3818],[9.9058,51.4037],[9.9042,51.417],[9.8628,51.4087],[9.8755,51.3847],[9.8564,51.3721],[9.826,51.4009],[9.8017,51.3972],[9.7137,51.3638],[9.7545,51.3309],[9.7843,51.3359],[9.7621,51.3093],[9.7115,51.2915],[9.6826,51.315],[9.5694,51.3423],[9.5347,51.3666],[9.5709,51.3614],[9.5636,51.3845],[9.5821,51.3988],[9.6325,51.4009],[9.6387,51.468],[9.5968,51.5116],[9.6197,51.5525],[9.6451,51.5517],[9.644,51.5719],[9.6713,51.5593],[9.6861,51.5719],[9.6508,51.6112],[9.6234,51.6295],[9.5926,51.6257],[9.5493,51.6403],[9.5326,51.6303],[9.4944,51.6321],[9.4904,51.6493],[9.4401,51.649],[9.4178,51.6271],[9.3331,51.6067],[9.3538,51.5955],[9.336,51.554],[9.2963,51.5176],[9.2243,51.487],[9.2148,51.4587],[9.158,51.4389],[9.1087,51.4429],[9.0843,51.46],[9.0846,51.483],[9.0154,51.5092],[8.9062,51.4809],[8.8981,51.4667],[8.9162,51.4229],[8.9495,51.4089],[8.9351,51.3913],[8.8936,51.39],[8.858,51.3754],[8.8146,51.3817],[8.7277,51.3731],[8.6855,51.3634],[8.5939,51.296],[8.58,51.2649],[8.6079,51.2413],[8.7169,51.2711],[8.7317,51.2498],[8.7522,51.1878],[8.7502,51.1728],[8.6957,51.1305],[8.7044,51.1047],[8.6584,51.0884],[8.6272,51.0936],[8.5247,51.0933],[8.5449,51.0207],[8.4696,50.9438],[8.4638,50.9145],[8.4441,50.916],[8.3641,50.8616],[8.3145,50.8645],[8.2996,50.8809],[8.1972,50.8271],[8.1872,50.8115],[8.1393,50.785],[8.145,50.7623],[8.1751,50.7421],[8.1669,50.7079],[8.1345,50.684],[8.0895,50.6968],[8.0563,50.6909],[8.0338,50.726],[7.9811,50.7735],[7.9839,50.803],[7.9703,50.837],[7.9425,50.832],[7.8856,50.8669],[7.8446,50.882],[7.8597,50.9225],[7.8016,50.9327],[7.7575,50.9113],[7.7677,50.8365],[7.7406,50.842],[7.6756,50.81],[7.6989,50.7816],[7.6134,50.7494],[7.5995,50.7334],[7.5633,50.7328],[7.5324,50.721],[7.4486,50.7062],[7.3869,50.7037],[7.3715,50.6426],[7.3405,50.6289],[7.2826,50.6188],[7.2263,50.6214],[7.2148,50.6272],[7.21,50.64],[7.18,50.68],[7.12,50.73],[7.07,50.78],[7,50.82],[6.97,50.94],[6.98,51],[6.95,51.05],[6.86,51.1],[6.8,51.17],[6.76,51.23],[6.74,51.27],[6.68,51.35],[6.7157,51.4],[6.73,51.4],[6.8,51.45],[6.85,51.55],[6.82,51.65],[6.7,51.75],[6.5,51.83],[6.4555,51.85],[6.4794,51.853],[6.5286,51.8764],[6.6282,51.8975],[6.7167,51.8993],[6.7438,51.9083],[6.7898,51.9511],[6.8107,51.9606],[6.804,51.9844],[6.7782,52.0013],[6.675,52.0348],[6.6799,52.0605],[6.7114,52.0673],[6.7329,52.092],[6.7716,52.1088],[6.7595,52.1145],[6.6619,52.1273],[6.6667,52.1645],[6.6017,52.1659],[6.5974,52.1781],[6.4952,52.1772],[6.4659,52.1944],[6.4114,52.2446],[6.3817,52.2468],[6.3225,52.2295],[6.2592,52.2289],[6.1796,52.2377],[6.1543,52.2256],[6.1241,52.2562],[6.1065,52.2997],[6.068,52.3218],[6.0816,52.3706],[6.12,52.3804],[6.1327,52.4213],[6.0954,52.4679],[6.0496,52.5053],[6.0307,52.511],[5.9697,52.485],[5.925,52.484],[5.8915,52.5204],[5.8669,52.5218],[5.8551,52.4807],[5.8153,52.4408],[5.771,52.4138],[5.6276,52.3718],[5.5791,52.3448],[5.5327,52.2769],[5.426,52.2639],[5.4089,52.2677],[5.3969,52.2199],[5.4387,52.1959],[5.4301,52.1686],[5.4745,52.1609],[5.5128,52.1362],[5.4686,52.0823],[5.5001,52.0698],[5.5392,52.0872],[5.5533,52.1048],[5.5722,52.019],[5.6165,51.9778],[5.6157,51.9483],[5.5821,51.9533],[5.5051,51.982],[5.462,51.9876],[5.4204,51.974],[5.3828,51.9802],[5.3105,51.9597],[5.2543,51.9791],[5.1826,51.9669],[5.1179,51.8915],[5.1205,51.8762],[5.0334,51.852],[5.0045,51.8509],[5.0093,51.8252],[4.909,51.8299],[4.8703,51.8081],[4.7904,51.8027],[4.7399,51.7744],[4.6756,51.7194],[4.644,51.7191],[4.5449,51.696],[4.5065,51.6952],[4.4031,51.7083],[4.3727,51.6735],[4.3337,51.6569],[4.1978,51.6379],[4.1307,51.6583],[4.1109,51.647],[4.1207,51.639],[4.0924,51.639],[4.0924,51.6547],[4.097,51.6693],[4.1125,51.6693],[4.1126,51.6708],[4.1156,51.6715],[4.1156,51.7087],[4.0542,51.7087],[4.0542,51.7135],[4.0161,51.7135],[4.0161,51.7457],[3.9779,51.7457],[3.9779,51.7693],[3.9173,51.7693],[3.9016,51.743],[3.8101,51.7473],[3.7928,51.7457],[3.7892,51.7459],[3.7888,51.7459],[3.7825,51.7448],[3.7258,51.7397],[3.7054,51.7314],[3.6988,51.7303],[3.6988,51.7288],[3.6895,51.725],[3.6867,51.6927],[3.7206,51.6768],[3.7654,51.6784],[3.7758,51.6858],[3.8159,51.693],[3.8244,51.69],[3.8596,51.6726],[3.8284,51.6204],[3.8118,51.6115],[3.5604,51.5946],[3.5469,51.5894],[3.5008,51.5775],[3.4838,51.5652],[3.4575,51.5551],[3.447,51.546],[3.4619,51.519],[3.4948,51.5009],[3.5321,51.4626],[3.4881,51.4392],[3.4608,51.4246],[3.4179,51.4017],[3.3878,51.3857],[3.3828,51.3847],[3.3496,51.3778],[3.3477,51.3774],[3.3126,51.3702],[3.2775,51.3629],[3.2236,51.3518],[3.2073,51.3464],[3.1248,51.3297],[2.9983,51.2774],[2.9608,51.265],[2.9162,51.2478],[2.6523,51.1824],[2.5658,51.1609],[2.5226,51.1502],[2.5144,51.1482],[2.4793,51.1401],[2.1333,51.0605],[2.0901,51.0505],[2.0468,51.0405],[1.9603,51.0206],[1.6396,50.9468],[1.6143,50.8782],[1.5806,50.8688],[1.5946,50.8248],[1.512,50.6011],[1.4707,50.4893],[1.4501,50.4334],[1.4398,50.4055],[1.4294,50.3775],[1.3696,50.2153],[1.3489,50.1593],[1.3372,50.1276],[1.2877,50.111],[1.268,50.1044],[1.1871,50.0772],[1.0252,50.0229],[0.0541,49.6971],[-0.1077,49.6428],[-0.1887,49.6156],[-0.2696,49.5885],[-0.31,49.5749],[-0.3505,49.5613],[-0.4314,49.5342],[-0.5933,49.4799],[-0.887,49.3813],[-0.9169,49.3864],[-0.9404,49.3923],[-0.9543,49.3928],[-0.9592,49.3936],[-0.9596,49.3936],[-0.9698,49.3933],[-1.0723,49.3968],[-1.084,49.3909],[-1.158,49.4245],[-1.1847,49.4366],[-1.1932,49.4457],[-1.212,49.4688],[-1.2328,49.4943],[-1.263,49.5914],[-1.2533,49.6123],[-1.2278,49.6241],[-1.2322,49.6414],[-1.258,49.6792],[-1.258,49.68],[-1.2587,49.6802],[-1.2711,49.6984],[-1.3913,49.7127],[-1.4557,49.7022],[-1.4752,49.6884],[-1.5894,49.6679],[-1.7044,49.6818],[-1.7249,49.682],[-1.7251,49.682],[-1.9348,49.7772],[-1.9347,49.777],[-1.9352,49.7772],[-1.9351,49.7767],[-1.9352,49.7768],[-1.9208,49.7253],[-1.9352,49.7241],[-1.9456,49.678],[-1.9051,49.6693],[-1.8704,49.5452],[-1.8847,49.5309],[-1.8602,49.5086],[-1.7352,49.0619],[-1.6727,48.8386],[-1.6415,48.727],[-1.6266,48.6738],[-1.6185,48.645],[-1.6404,48.6483],[-1.6719,48.6532],[-1.735,48.6628],[-1.8466,48.68],[-1.8363,48.6911],[-1.8437,48.7121],[-1.9484,48.6956],[-2.022,48.7069],[-2.0588,48.7125],[-2.0588,48.667],[-2.022,48.667],[-2.022,48.6495],[-2.0287,48.6433],[-2.0275,48.6415],[-2.022,48.6333],[-2.022,48.6159],[-2.0323,48.6159],[-2.0175,48.5907],[-1.9988,48.5907],[-1.9988,48.5654],[-1.9982,48.5648],[-1.9652,48.5648],[-1.9491,48.5392],[-1.9485,48.5383],[-1.9251,48.5448],[-1.9102,48.5036],[-1.918,48.473],[-1.944,48.4467],[-1.9517,48.4228],[-1.9327,48.3639],[-1.9615,48.3421],[-1.9615,48.3003],[-1.9824,48.2803],[-2.066,48.2952],[-2.1172,48.2608],[-2.1602,48.2607],[-2.186,48.2226],[-2.2108,48.2096],[-2.2319,48.1641],[-2.2873,48.1337],[-2.2352,48.0786],[-2.1882,48.0797],[-2.1913,48.0525],[-2.2576,48.0389],[-2.2711,48.0054],[-2.2554,47.9974],[-2.1677,47.9847],[-2.1243,47.9636],[-2.106,47.945],[-2.1002,47.9119],[-2.1095,47.8488],[-2.0612,47.8463],[-2.0524,47.8218],[-2.068,47.7962],[-2.1223,47.7743],[-2.1103,47.7588],[-2.0716,47.7572],[-2.0767,47.7333],[-2.1159,47.7317],[-2.1263,47.7142],[-2.1062,47.669],[-2.1028,47.6393],[-2.0885,47.6326],[-2.0858,47.608],[-2.11,47.5423],[-2.1544,47.5131],[-2.1868,47.4814],[-2.2109,47.5076],[-2.2534,47.4953],[-2.3023,47.5016],[-2.3345,47.464],[-2.4041,47.4556],[-2.4331,47.4658],[-2.4611,47.4526],[-2.4649,47.4535],[-2.4649,47.4322],[-2.5014,47.4322],[-2.5014,47.4247],[-2.5379,47.4247],[-2.5379,47.4473],[-2.684,47.4473],[-2.684,47.411],[-2.7238,47.411],[-2.7238,47.4045]]],[[[-2.6735,49.4335],[-2.6693,49.4309],[-2.5731,49.4309],[-2.5521,49.4267],[-2.549,49.4283],[-2.5472,49.4279],[-2.5472,49.428],[-2.5468,49.4279],[-2.5456,49.4301],[-2.5341,49.4362],[-2.5267,49.4585],[-2.5245,49.4688],[-2.5127,49.4903],[-2.5058,49.498],[-2.5017,49.5067],[-2.5182,49.5155],[-2.5382,49.5098],[-2.5496,49.5042],[-2.5736,49.4954],[-2.5802,49.4936],[-2.5825,49.4922],[-2.648,49.4682],[-2.6479,49.4679],[-2.648,49.4678],[-2.6464,49.464],[-2.6503,49.4637],[-2.6566,49.4594],[-2.6518,49.4452],[-2.663,49.4438],[-2.6735,49.4335]]],[[[-2.242,49.248],[-2.2332,49.2285],[-2.2296,49.2165],[-2.2376,49.1766],[-2.2375,49.1766],[-2.2376,49.1762],[-2.2372,49.1763],[-2.2372,49.1762],[-2.1826,49.1841],[-2.1772,49.1802],[-2.1687,49.1783],[-2.1626,49.1866],[-2.1013,49.1866],[-2.097,49.1837],[-2.08,49.1787],[-2.0734,49.1786],[-2.054,49.1693],[-2.0537,49.1694],[-2.0536,49.1693],[-2.0354,49.1744],[-2.0245,49.1713],[-2.0237,49.1777],[-2.0104,49.1814],[-2.0105,49.1818],[-2.0104,49.1818],[-2.014,49.2072],[-2.0083,49.2125],[-2.0158,49.2196],[-2.0176,49.2321],[-2.021,49.2333],[-2.0207,49.2353],[-2.0679,49.2507],[-2.0827,49.2602],[-2.1039,49.2582],[-2.1059,49.2568],[-2.1218,49.2582],[-2.122,49.2583],[-2.1438,49.2619],[-2.1517,49.267],[-2.1618,49.2618],[-2.2192,49.2669],[-2.2196,49.2669],[-2.2209,49.2605],[-2.2294,49.263],[-2.2411,49.2602],[-2.242,49.248]]]]}},
{"type":"Feature","properties":{"entityId":"frankish-kingdom","from":697,"to":718,"certainty":"estimated","source":"유럽 쪽은 Natural Earth 1:10m admin-1(v5.1.2) 현대 행정구역 조각을 그 시기 국경에 맞춰 묶고, 조각이 역사 경계와 다른 곳은 선을 그어 나눈 근사. 유럽 밖(시베리아·중앙아시아·극동)은 대략적인 추정. 운영자 검수 필요"},"geometry":{"type":"MultiPolygon","coordinates":[[[[-2.7238,47.4045],[-2.684,47.3772],[-2.6458,47.351],[-2.365,47.1585],[-2.3168,47.1254],[-2.2491,47.079],[-2.2382,47.0715],[-2.2268,47.0637],[-2.2098,47.0464],[-2.2079,47.0445],[-2.1814,47.0175],[-2.1532,46.9889],[-2.1137,46.9487],[-2.098,46.9328],[-2.1022,46.9307],[-2.0963,46.9165],[-2.122,46.9037],[-2.1313,46.8718],[-2.1188,46.82],[-2.0503,46.7921],[-2.0022,46.7575],[-1.9921,46.7485],[-1.965,46.7104],[-1.9398,46.7019],[-1.9208,46.685],[-1.8213,46.558],[-1.8048,46.5036],[-1.7817,46.4954],[-1.7854,46.514],[-1.7742,46.5093],[-1.7684,46.5002],[-1.6868,46.4609],[-1.6459,46.4558],[-1.6321,46.4501],[-1.6256,46.4311],[-1.5988,46.425],[-1.598,46.425],[-1.5344,46.3603],[-1.5025,46.3279],[-1.4706,46.2956],[-1.4421,46.2666],[-1.4136,46.2377],[-1.4905,46.2244],[-1.508,46.2456],[-1.4739,46.2381],[-1.4679,46.2499],[-1.4981,46.2619],[-1.5558,46.2518],[-1.5043,46.2077],[-1.4329,46.2108],[-1.3506,46.1737],[-1.3432,46.1662],[-1.2496,46.0712],[-1.1936,46.0143],[-1.2021,45.9262],[-1.2198,45.9431],[-1.2194,45.9439],[-1.2336,45.9917],[-1.2738,45.9976],[-1.3399,46.0378],[-1.3829,46.048],[-1.3876,46.0501],[-1.3876,46.0499],[-1.388,46.0501],[-1.388,46.0492],[-1.4049,46.0532],[-1.3833,46.0155],[-1.375,45.9858],[-1.3783,45.976],[-1.3402,45.9387],[-1.2778,45.8942],[-1.2457,45.8546],[-1.2269,45.8198],[-1.2127,45.8153],[-1.2147,45.7949],[-1.2303,45.7924],[-1.2473,45.7099],[-1.2228,45.71],[-1.23,45.6345],[-1.2337,45.5966],[-1.2373,45.5588],[-1.2518,45.4074],[-1.2808,45.1045],[-1.3388,44.4988],[-1.3458,44.4252],[-1.3529,44.3516],[-1.367,44.2044],[-1.3844,44.0225],[-1.4818,43.9099],[-1.6848,43.6753],[-1.7231,43.6311],[-1.7997,43.5425],[-1.7614,43.5425],[-1.7614,43.4982],[-1.762,43.4982],[-1.762,43.4067],[-1.8006,43.4067],[-1.8006,43.3894],[-1.7941,43.386],[-1.7969,43.3411],[-1.7682,43.3309],[-1.7497,43.2948],[-1.6739,43.3042],[-1.645,43.2924],[-1.639,43.2557],[-1.5876,43.2516],[-1.559,43.2841],[-1.5081,43.2768],[-1.4664,43.2608],[-1.4322,43.265],[-1.4035,43.2433],[-1.3997,43.2067],[-1.4258,43.1353],[-1.4878,43.0818],[-1.4753,43.0601],[-1.435,43.0357],[-1.3831,43.0292],[-1.3576,43.0468],[-1.3483,43.0931],[-1.3086,43.1136],[-1.3106,43.0695],[-1.2749,43.0468],[-1.2169,43.0393],[-1.1499,43.0057],[-1.1124,43.0083],[-1.0797,42.9934],[-1.0285,42.9867],[-0.9815,42.957],[-0.9432,42.9479],[-0.8635,42.9431],[-0.7864,42.9533],[-0.7597,42.9465],[-0.745,42.9187],[-0.7459,42.8939],[-0.7301,42.8775],[-0.7004,42.8764],[-0.6483,42.8498],[-0.6095,42.8114],[-0.5829,42.7958],[-0.5787,42.7773],[-0.5356,42.7842],[-0.5339,42.808],[-0.5084,42.8075],[-0.4545,42.7889],[-0.4239,42.7907],[-0.3228,42.8425],[-0.3051,42.8308],[-0.247,42.8048],[-0.2351,42.7862],[-0.2084,42.7839],[-0.1614,42.7953],[-0.1636,42.778],[-0.119,42.7169],[-0.0389,42.6851],[-0.0043,42.6875],[0.0728,42.7085],[0.1342,42.7152],[0.1692,42.7265],[0.2384,42.7104],[0.2754,42.6687],[0.2902,42.6703],[0.336,42.7127],[0.3542,42.7175],[0.3893,42.6851],[0.4669,42.6904],[0.4835,42.6853],[0.6082,42.688],[0.6436,42.6845],[0.6634,42.6962],[0.6665,42.7148],[0.6335,42.7448],[0.6537,42.8027],[0.6563,42.8384],[0.7243,42.8453],[0.7763,42.8325],[0.8129,42.8316],[0.8561,42.8128],[0.9211,42.7844],[0.9587,42.7937],[0.9829,42.7804],[1.0682,42.7761],[1.1067,42.7596],[1.1343,42.716],[1.1625,42.7057],[1.1959,42.7136],[1.3191,42.7134],[1.3611,42.6867],[1.398,42.6436],[1.4293,42.5954],[1.4514,42.6021],[1.4668,42.6415],[1.4984,42.6402],[1.5278,42.6485],[1.5431,42.6494],[1.5973,42.6219],[1.6083,42.6181],[1.722,42.6099],[1.7133,42.5895],[1.7294,42.582],[1.7527,42.5767],[1.7611,42.5676],[1.8728,42.579],[1.9383,42.5718],[1.9588,42.5944],[1.9628,42.6218],[2.0056,42.6561],[2.0983,42.6639],[2.154,42.6564],[2.1661,42.6638],[2.1577,42.6914],[2.1166,42.7071],[2.0862,42.7381],[2.0556,42.7443],[1.9919,42.7314],[1.9561,42.7346],[1.9127,42.7566],[1.9139,42.7834],[1.8655,42.8159],[1.8869,42.8443],[1.9772,42.8637],[1.9852,42.8791],[1.969,42.9196],[1.9416,42.9351],[1.9479,42.9478],[1.9895,42.9605],[1.9774,43.0151],[1.9436,43.0513],[1.9603,43.0691],[1.9454,43.1038],[1.9249,43.1167],[1.8806,43.1203],[1.8407,43.137],[1.7749,43.1522],[1.7191,43.1834],[1.6965,43.2439],[1.7026,43.2667],[1.7254,43.3162],[1.7423,43.3278],[1.7949,43.3335],[1.8112,43.3439],[1.8047,43.3734],[1.8498,43.4234],[1.8938,43.3936],[1.9506,43.4142],[2.0317,43.4226],[2.0634,43.3986],[2.0902,43.3922],[2.1672,43.401],[2.2172,43.3842],[2.232,43.4026],[2.2291,43.4271],[2.2615,43.4423],[2.3672,43.4248],[2.4617,43.43],[2.5675,43.4228],[2.6059,43.4306],[2.6567,43.4608],[2.6503,43.4991],[2.6605,43.5215],[2.6212,43.5652],[2.622,43.5978],[2.6414,43.6331],[2.6743,43.6399],[2.7756,43.6179],[2.8856,43.6529],[2.9345,43.6937],[2.9902,43.7007],[3.025,43.6904],[3.0562,43.7156],[3.0612,43.7661],[3.0529,43.8101],[3.0881,43.8228],[3.1894,43.8131],[3.2323,43.8391],[3.2375,43.8641],[3.2744,43.8876],[3.3218,43.8911],[3.342,43.9039],[3.3569,43.9386],[3.4424,44.0002],[3.4469,44.0144],[3.3945,44.0503],[3.3595,44.0551],[3.3322,44.0719],[3.3065,44.0691],[3.2868,44.0863],[3.3159,44.0987],[3.3266,44.1332],[3.3767,44.1683],[3.4803,44.1218],[3.5179,44.1134],[3.6163,44.1168],[3.6366,44.1273],[3.6427,44.1769],[3.6904,44.1802],[3.791,44.136],[3.8758,44.1314],[3.9204,44.1664],[3.9576,44.2248],[3.9624,44.2621],[3.9366,44.3067],[3.9265,44.3507],[3.8948,44.3902],[3.9592,44.4138],[3.994,44.4579],[4.0218,44.4395],[4.0497,44.4035],[4.0361,44.3756],[4.0443,44.3311],[4.1306,44.3317],[4.1408,44.3216],[4.229,44.2853],[4.2511,44.2818],[4.3338,44.3307],[4.3731,44.3397],[4.3967,44.3283],[4.4074,44.2927],[4.4451,44.3011],[4.4656,44.336],[4.5208,44.3368],[4.5506,44.3271],[4.5852,44.3007],[4.6578,44.2817],[4.6856,44.2403],[4.6881,44.2194],[4.7213,44.1902],[4.719,44.1247],[4.7295,44.0859],[4.7779,44.0843],[4.8444,44.0221],[4.8475,44.0022],[4.8209,44.0004],[4.822,43.9758],[4.8064,43.9529],[4.7728,43.9328],[4.7267,43.9172],[4.6409,43.8706],[4.6464,43.7949],[4.6169,43.741],[4.6049,43.696],[4.5415,43.7129],[4.4995,43.7063],[4.4516,43.6666],[4.4296,43.6248],[4.4599,43.6178],[4.4483,43.5873],[4.413,43.5819],[4.4004,43.5622],[4.3371,43.5321],[4.2476,43.501],[4.2313,43.4715],[4.2059,43.4599],[4.1987,43.4626],[4.1987,43.3194],[4.2471,43.3303],[4.2955,43.3411],[4.3922,43.3627],[4.5558,43.3993],[4.5808,43.3958],[4.5663,43.3711],[4.5923,43.3599],[4.6659,43.3475],[4.8203,43.3464],[4.8224,43.3626],[4.846,43.3594],[4.8558,43.3418],[4.8792,43.3548],[5.0519,43.3311],[5.0648,43.328],[5.0748,43.328],[5.3541,43.2897],[5.3573,43.2803],[5.3692,43.2704],[5.347,43.2159],[5.4398,43.2076],[5.5174,43.2074],[5.542,43.2028],[5.5727,43.1691],[5.6124,43.1604],[5.6329,43.1856],[5.6717,43.1783],[5.6752,43.1763],[5.6963,43.1469],[5.741,43.1321],[5.7515,43.1317],[5.8085,43.0984],[5.8089,43.0984],[5.817,43.0985],[5.7819,43.0791],[5.819,43.0535],[5.8566,43.0448],[5.8753,43.0688],[5.9403,43.0709],[5.9514,43.08],[5.9106,43.0932],[5.9038,43.0992],[5.9985,43.0999],[6.0165,43.0989],[6.027,43.0782],[6.0846,43.0824],[6.1145,43.0724],[6.1147,43.0725],[6.1149,43.0724],[6.1175,43.0733],[6.1321,43.0526],[6.0977,43.0313],[6.1801,43.0359],[6.1528,43.0481],[6.162,43.0887],[6.245,43.1174],[6.2804,43.1187],[6.3423,43.0908],[6.3754,43.0908],[6.3661,43.1186],[6.3785,43.1361],[6.4038,43.1455],[6.5285,43.1285],[6.5289,43.1285],[6.6061,43.1766],[6.6099,43.1734],[6.6798,43.2016],[6.6745,43.2192],[6.7673,43.2771],[6.9335,43.3806],[6.9373,43.383],[7.0118,43.4294],[7.049,43.4526],[7.0863,43.4758],[7.1073,43.4889],[7.2,43.5466],[7.2773,43.5948],[7.3624,43.6479],[7.4029,43.6731],[7.4049,43.6744],[7.4361,43.6938],[7.4474,43.6958],[7.4899,43.7033],[7.5324,43.7107],[7.5324,43.744],[7.515,43.744],[7.515,43.86],[7.4797,43.86],[7.5023,43.7922],[7.4779,43.8655],[7.4935,43.8862],[7.5569,43.9441],[7.6309,43.9935],[7.6348,44.0015],[7.6534,44.0397],[7.6899,44.0673],[7.6879,44.0908],[7.6419,44.1436],[7.6556,44.1761],[7.6247,44.1801],[7.5836,44.1607],[7.5548,44.1591],[7.43,44.1331],[7.3808,44.1229],[7.3406,44.1237],[7.3093,44.1475],[7.2513,44.16],[7.145,44.2072],[7.0335,44.2429],[6.9961,44.2378],[6.9734,44.2494],[6.9592,44.2774],[6.9212,44.3022],[6.8784,44.3546],[6.8661,44.3721],[6.8772,44.4144],[6.9178,44.4363],[6.8613,44.4749],[6.8388,44.5029],[6.8464,44.5475],[6.8973,44.5754],[6.9456,44.6254],[6.9383,44.658],[6.9828,44.6922],[7.0552,44.6849],[7.0388,44.7121],[7.019,44.7389],[6.9984,44.7938],[7.0071,44.8221],[6.9828,44.847],[6.9327,44.8617],[6.866,44.8557],[6.7782,44.8876],[6.7279,44.9287],[6.7299,44.9847],[6.7235,45.0134],[6.6972,45.0269],[6.6622,45.0292],[6.6397,45.0504],[6.6366,45.0745],[6.6027,45.1035],[6.6294,45.1235],[6.6674,45.1396],[6.6944,45.1403],[6.7364,45.1573],[6.7715,45.1532],[6.8441,45.1301],[6.8767,45.1412],[6.8813,45.1684],[6.9138,45.1702],[6.9587,45.2098],[7.0297,45.2282],[7.0502,45.215],[7.1084,45.2592],[7.0926,45.324],[7.1301,45.3571],[7.1607,45.4109],[7.0968,45.4354],[7.0754,45.4663],[7.1316,45.5099],[7.1462,45.4922],[7.2123,45.4838],[7.3855,45.5244],[7.4646,45.5742],[7.5459,45.5898],[7.6424,45.5746],[7.673,45.5636],[7.7493,45.5641],[7.784,45.5814],[7.8802,45.6027],[7.9195,45.649],[7.911,45.6841],[7.9163,45.7297],[7.8823,45.7529],[7.8635,45.806],[7.8477,45.9077],[7.8559,45.9193],[7.8496,45.9397],[7.8982,45.9819],[7.9858,45.9993],[8.0107,46.0297],[8.0182,46.0809],[8.0354,46.0965],[8.0669,46.1006],[8.1106,46.127],[8.1323,46.1594],[8.1295,46.196],[8.1,46.2356],[8.0731,46.2536],[8.0873,46.2718],[8.1285,46.2925],[8.1926,46.3092],[8.2418,46.3541],[8.2915,46.3784],[8.2866,46.4054],[8.3163,46.4337],[8.3859,46.4502],[8.396,46.4909],[8.4476,46.5046],[8.4769,46.5318],[8.5098,46.5509],[8.5238,46.5785],[8.5487,46.585],[8.6363,46.5712],[8.6779,46.5836],[8.7112,46.573],[8.7884,46.5681],[8.8473,46.5752],[8.8981,46.5893],[8.9148,46.6204],[8.956,46.6306],[8.9648,46.6148],[9.0221,46.6049],[9.0385,46.5907],[9.0152,46.5335],[9.0486,46.4809],[9.0773,46.4823],[9.0978,46.4161],[9.0891,46.3637],[9.057,46.299],[9.0875,46.2206],[9.1638,46.173],[9.1813,46.2041],[9.2248,46.2312],[9.2397,46.267],[9.269,46.3094],[9.2738,46.3443],[9.2604,46.3797],[9.2609,46.4167],[9.238,46.4365],[9.2632,46.4851],[9.2823,46.4974],[9.331,46.5015],[9.3771,46.4687],[9.4107,46.4889],[9.4379,46.492],[9.4438,46.3961],[9.4516,46.3704],[9.4826,46.3568],[9.5153,46.3086],[9.5597,46.2927],[9.6743,46.2918],[9.7084,46.3117],[9.7093,46.3424],[9.7309,46.3507],[9.7681,46.3386],[9.8554,46.367],[9.899,46.3722],[9.964,46.3561],[9.9776,46.2981],[10.0317,46.2601],[10.0427,46.2205],[10.0757,46.22],[10.1458,46.2433],[10.1589,46.2624],[10.1049,46.3094],[10.0918,46.329],[10.105,46.3614],[10.1332,46.3811],[10.1334,46.414],[10.0421,46.4327],[10.0263,46.4463],[10.044,46.467],[10.0269,46.4932],[10.0328,46.533],[10.0712,46.5644],[10.0878,46.6044],[10.1921,46.6268],[10.2338,46.618],[10.2347,46.5753],[10.2759,46.5655],[10.2954,46.5511],[10.3543,46.5483],[10.4259,46.5353],[10.4518,46.5467],[10.4659,46.5785],[10.4591,46.6236],[10.4382,46.6357],[10.3956,46.6388],[10.3692,46.6724],[10.3944,46.7008],[10.3997,46.7355],[10.4287,46.7556],[10.4172,46.7989],[10.4485,46.8322],[10.4538,46.8644],[10.4638,46.9197],[10.4585,46.9366],[10.4156,46.9624],[10.3947,46.9854],[10.3679,46.9955],[10.3389,46.9841],[10.2962,46.9414],[10.2957,46.9227],[10.2351,46.9233],[10.2014,46.8668],[10.1252,46.8468],[10.0834,46.908],[10.0844,46.9263],[10.1204,46.9552],[10.1294,46.985],[10.1247,47.0218],[10.1382,47.0773],[10.2021,47.161],[10.2034,47.1987],[10.175,47.2724],[10.2394,47.2777],[10.3059,47.3022],[10.3434,47.3308],[10.3657,47.3611],[10.4116,47.381],[10.452,47.4388],[10.4422,47.4814],[10.4196,47.493],[10.431,47.5422],[10.4142,47.573],[10.4536,47.5811],[10.4535,47.5462],[10.4825,47.5329],[10.5251,47.5285],[10.5837,47.5625],[10.6079,47.5623],[10.7399,47.5285],[10.7522,47.5154],[10.7903,47.5161],[10.8586,47.5307],[10.8922,47.5149],[10.8516,47.4931],[10.9099,47.469],[10.92,47.4616],[10.92,49.05],[11.55,49.05],[11.55,49.75],[12.3,49.75],[12.3,50.0271],[12.2469,50.045],[12.2325,50.0805],[12.1879,50.1028],[12.1792,50.118],[12.1827,50.1707],[12.1393,50.211],[12.0796,50.2427],[12.1091,50.2638],[12.1073,50.2909],[12.0761,50.3152],[12.1013,50.314],[12.0937,50.3226],[12.0399,50.3288],[11.986,50.3516],[11.9812,50.3853],[11.9405,50.4145],[11.9053,50.4152],[11.8997,50.4293],[11.9311,50.4403],[11.9475,50.4622],[11.9258,50.4884],[11.9447,50.5159],[11.9894,50.5461],[12.0485,50.5316],[12.0812,50.5613],[12.1454,50.5625],[12.1587,50.6037],[12.1869,50.6264],[12.2529,50.6263],[12.29,50.6434],[12.3218,50.674],[12.2855,50.677],[12.2628,50.7222],[12.2412,50.7222],[12.2492,50.7426],[12.2855,50.7693],[12.258,50.7925],[12.3308,50.8064],[12.3642,50.8233],[12.4244,50.8243],[12.4628,50.8566],[12.5275,50.8766],[12.6017,50.8764],[12.6109,50.8701],[12.6472,50.8999],[12.6022,50.9525],[12.5457,50.9713],[12.4914,51.0285],[12.4837,51.0583],[12.3289,51.0878],[12.2646,51.0838],[12.2464,51.0326],[12.2754,51.0098],[12.2171,50.9542],[12.2008,50.9279],[12.1595,50.952],[12.1204,50.9445],[12.0679,50.9561],[12.0046,50.949],[11.9609,50.971],[11.9314,50.9981],[11.8607,51.0226],[11.7326,51.0175],[11.6974,51.0642],[11.6891,51.0919],[11.6631,51.1012],[11.6275,51.0956],[11.5352,51.1003],[11.5047,51.0892],[11.4274,51.0988],[11.4264,51.1077],[11.4203,51.1597],[11.3886,51.1899],[11.333,51.2163],[11.3524,51.2301],[11.4224,51.2437],[11.4519,51.2715],[11.3672,51.3575],[11.3149,51.3833],[11.1962,51.3974],[11.1538,51.3969],[10.9991,51.4087],[10.9645,51.4278],[10.9718,51.4627],[10.9454,51.4995],[10.9477,51.5185],[10.9115,51.5711],[10.9519,51.577],[10.9456,51.5947],[10.8035,51.6326],[10.7134,51.6311],[10.6976,51.6374],[10.6489,51.6197],[10.6292,51.601],[10.6542,51.5782],[10.6453,51.5611],[10.6104,51.5726],[10.562,51.5574],[10.5142,51.5563],[10.4788,51.5747],[10.4217,51.5919],[10.3749,51.5857],[10.3646,51.5424],[10.3064,51.5106],[10.2945,51.4935],[10.2396,51.4721],[10.1947,51.4794],[10.1497,51.4318],[10.0847,51.4311],[10.0661,51.4209],[10.0457,51.4321],[10,51.4083],[9.9492,51.3818],[9.9058,51.4037],[9.9042,51.417],[9.8628,51.4087],[9.8755,51.3847],[9.8564,51.3721],[9.826,51.4009],[9.8017,51.3972],[9.7137,51.3638],[9.7545,51.3309],[9.7843,51.3359],[9.7621,51.3093],[9.7115,51.2915],[9.6826,51.315],[9.5694,51.3423],[9.5347,51.3666],[9.5709,51.3614],[9.5636,51.3845],[9.5821,51.3988],[9.6325,51.4009],[9.6387,51.468],[9.5968,51.5116],[9.6197,51.5525],[9.6451,51.5517],[9.644,51.5719],[9.6713,51.5593],[9.6861,51.5719],[9.6508,51.6112],[9.6234,51.6295],[9.5926,51.6257],[9.5493,51.6403],[9.5326,51.6303],[9.4944,51.6321],[9.4904,51.6493],[9.4401,51.649],[9.4178,51.6271],[9.3331,51.6067],[9.3538,51.5955],[9.336,51.554],[9.2963,51.5176],[9.2243,51.487],[9.2148,51.4587],[9.158,51.4389],[9.1087,51.4429],[9.0843,51.46],[9.0846,51.483],[9.0154,51.5092],[8.9062,51.4809],[8.8981,51.4667],[8.9162,51.4229],[8.9495,51.4089],[8.9351,51.3913],[8.8936,51.39],[8.858,51.3754],[8.8146,51.3817],[8.7277,51.3731],[8.6855,51.3634],[8.5939,51.296],[8.58,51.2649],[8.6079,51.2413],[8.7169,51.2711],[8.7317,51.2498],[8.7522,51.1878],[8.7502,51.1728],[8.6957,51.1305],[8.7044,51.1047],[8.6584,51.0884],[8.6272,51.0936],[8.5247,51.0933],[8.5449,51.0207],[8.4696,50.9438],[8.4638,50.9145],[8.4441,50.916],[8.3641,50.8616],[8.3145,50.8645],[8.2996,50.8809],[8.1972,50.8271],[8.1872,50.8115],[8.1393,50.785],[8.145,50.7623],[8.1751,50.7421],[8.1669,50.7079],[8.1345,50.684],[8.0895,50.6968],[8.0563,50.6909],[8.0338,50.726],[7.9811,50.7735],[7.9839,50.803],[7.9703,50.837],[7.9425,50.832],[7.8856,50.8669],[7.8446,50.882],[7.8597,50.9225],[7.8016,50.9327],[7.7575,50.9113],[7.7677,50.8365],[7.7406,50.842],[7.6756,50.81],[7.6989,50.7816],[7.6134,50.7494],[7.5995,50.7334],[7.5633,50.7328],[7.5324,50.721],[7.4486,50.7062],[7.3869,50.7037],[7.3715,50.6426],[7.3405,50.6289],[7.2826,50.6188],[7.2263,50.6214],[7.2148,50.6272],[7.21,50.64],[7.18,50.68],[7.12,50.73],[7.07,50.78],[7,50.82],[6.97,50.94],[6.98,51],[6.95,51.05],[6.86,51.1],[6.8,51.17],[6.76,51.23],[6.74,51.27],[6.68,51.35],[6.7157,51.4],[6.73,51.4],[6.8,51.45],[6.85,51.55],[6.82,51.65],[6.7,51.75],[6.5,51.83],[6.4555,51.85],[6.4794,51.853],[6.5286,51.8764],[6.6282,51.8975],[6.7167,51.8993],[6.7438,51.9083],[6.7898,51.9511],[6.8107,51.9606],[6.804,51.9844],[6.7782,52.0013],[6.675,52.0348],[6.6799,52.0605],[6.7114,52.0673],[6.7329,52.092],[6.7716,52.1088],[6.7595,52.1145],[6.6619,52.1273],[6.6667,52.1645],[6.6017,52.1659],[6.5974,52.1781],[6.4952,52.1772],[6.4659,52.1944],[6.4114,52.2446],[6.3817,52.2468],[6.3225,52.2295],[6.2592,52.2289],[6.1796,52.2377],[6.1543,52.2256],[6.1241,52.2562],[6.1065,52.2997],[6.068,52.3218],[6.0816,52.3706],[6.12,52.3804],[6.1327,52.4213],[6.0954,52.4679],[6.0496,52.5053],[6.0307,52.511],[5.9697,52.485],[5.925,52.484],[5.8915,52.5204],[5.8669,52.5218],[5.8551,52.4807],[5.8153,52.4408],[5.771,52.4138],[5.6276,52.3718],[5.5791,52.3448],[5.5327,52.2769],[5.426,52.2639],[5.4089,52.2677],[5.3661,52.2832],[5.2762,52.2793],[5.2457,52.2572],[5.202,52.1874],[5.1824,52.179],[5.1268,52.1809],[5.045,52.1681],[5.034,52.2045],[5.0582,52.2374],[5.0352,52.2718],[4.9863,52.2855],[4.9331,52.2755],[4.9113,52.2556],[4.8715,52.2522],[4.8144,52.2296],[4.7679,52.2212],[4.7362,52.2083],[4.7103,52.2346],[4.6482,52.2202],[4.5809,52.2128],[4.5467,52.2278],[4.5677,52.2705],[4.6097,52.3134],[4.5665,52.3101],[4.499,52.3261],[4.5025,52.3301],[4.4722,52.3301],[4.4722,52.3639],[4.324,52.3639],[4.324,52.4015],[4.2944,52.4015],[4.2719,52.3639],[4.2271,52.2887],[4.0493,51.9907],[4.0225,51.9944],[4.01,51.9801],[4.0257,51.951],[3.9638,51.8472],[3.9627,51.8474],[3.8623,51.8161],[3.8716,51.7883],[3.9339,51.7971],[3.9173,51.7693],[3.9016,51.743],[3.8101,51.7473],[3.7928,51.7457],[3.7892,51.7459],[3.7888,51.7459],[3.7825,51.7448],[3.7258,51.7397],[3.7054,51.7314],[3.6988,51.7303],[3.6988,51.7288],[3.6895,51.725],[3.6867,51.6927],[3.7206,51.6768],[3.7654,51.6784],[3.7758,51.6858],[3.8159,51.693],[3.8244,51.69],[3.8596,51.6726],[3.8284,51.6204],[3.8118,51.6115],[3.5604,51.5946],[3.5469,51.5894],[3.5008,51.5775],[3.4838,51.5652],[3.4575,51.5551],[3.447,51.546],[3.4619,51.519],[3.4948,51.5009],[3.5321,51.4626],[3.4881,51.4392],[3.4608,51.4246],[3.4179,51.4017],[3.3878,51.3857],[3.3828,51.3847],[3.3496,51.3778],[3.3477,51.3774],[3.3126,51.3702],[3.2775,51.3629],[3.2236,51.3518],[3.2073,51.3464],[3.1248,51.3297],[2.9983,51.2774],[2.9608,51.265],[2.9162,51.2478],[2.6523,51.1824],[2.5658,51.1609],[2.5226,51.1502],[2.5144,51.1482],[2.4793,51.1401],[2.1333,51.0605],[2.0901,51.0505],[2.0468,51.0405],[1.9603,51.0206],[1.6396,50.9468],[1.6143,50.8782],[1.5806,50.8688],[1.5946,50.8248],[1.512,50.6011],[1.4707,50.4893],[1.4501,50.4334],[1.4398,50.4055],[1.4294,50.3775],[1.3696,50.2153],[1.3489,50.1593],[1.3372,50.1276],[1.2877,50.111],[1.268,50.1044],[1.1871,50.0772],[1.0252,50.0229],[0.0541,49.6971],[-0.1077,49.6428],[-0.1887,49.6156],[-0.2696,49.5885],[-0.31,49.5749],[-0.3505,49.5613],[-0.4314,49.5342],[-0.5933,49.4799],[-0.887,49.3813],[-0.9169,49.3864],[-0.9404,49.3923],[-0.9543,49.3928],[-0.9592,49.3936],[-0.9596,49.3936],[-0.9698,49.3933],[-1.0723,49.3968],[-1.084,49.3909],[-1.158,49.4245],[-1.1847,49.4366],[-1.1932,49.4457],[-1.212,49.4688],[-1.2328,49.4943],[-1.263,49.5914],[-1.2533,49.6123],[-1.2278,49.6241],[-1.2322,49.6414],[-1.258,49.6792],[-1.258,49.68],[-1.2587,49.6802],[-1.2711,49.6984],[-1.3913,49.7127],[-1.4557,49.7022],[-1.4752,49.6884],[-1.5894,49.6679],[-1.7044,49.6818],[-1.7249,49.682],[-1.7251,49.682],[-1.9348,49.7772],[-1.9347,49.777],[-1.9352,49.7772],[-1.9351,49.7767],[-1.9352,49.7768],[-1.9208,49.7253],[-1.9352,49.7241],[-1.9456,49.678],[-1.9051,49.6693],[-1.8704,49.5452],[-1.8847,49.5309],[-1.8602,49.5086],[-1.7352,49.0619],[-1.6727,48.8386],[-1.6415,48.727],[-1.6266,48.6738],[-1.6185,48.645],[-1.6404,48.6483],[-1.6719,48.6532],[-1.735,48.6628],[-1.8466,48.68],[-1.8363,48.6911],[-1.8437,48.7121],[-1.9484,48.6956],[-2.022,48.7069],[-2.0588,48.7125],[-2.0588,48.667],[-2.022,48.667],[-2.022,48.6495],[-2.0287,48.6433],[-2.0275,48.6415],[-2.022,48.6333],[-2.022,48.6159],[-2.0323,48.6159],[-2.0175,48.5907],[-1.9988,48.5907],[-1.9988,48.5654],[-1.9982,48.5648],[-1.9652,48.5648],[-1.9491,48.5392],[-1.9485,48.5383],[-1.9251,48.5448],[-1.9102,48.5036],[-1.918,48.473],[-1.944,48.4467],[-1.9517,48.4228],[-1.9327,48.3639],[-1.9615,48.3421],[-1.9615,48.3003],[-1.9824,48.2803],[-2.066,48.2952],[-2.1172,48.2608],[-2.1602,48.2607],[-2.186,48.2226],[-2.2108,48.2096],[-2.2319,48.1641],[-2.2873,48.1337],[-2.2352,48.0786],[-2.1882,48.0797],[-2.1913,48.0525],[-2.2576,48.0389],[-2.2711,48.0054],[-2.2554,47.9974],[-2.1677,47.9847],[-2.1243,47.9636],[-2.106,47.945],[-2.1002,47.9119],[-2.1095,47.8488],[-2.0612,47.8463],[-2.0524,47.8218],[-2.068,47.7962],[-2.1223,47.7743],[-2.1103,47.7588],[-2.0716,47.7572],[-2.0767,47.7333],[-2.1159,47.7317],[-2.1263,47.7142],[-2.1062,47.669],[-2.1028,47.6393],[-2.0885,47.6326],[-2.0858,47.608],[-2.11,47.5423],[-2.1544,47.5131],[-2.1868,47.4814],[-2.2109,47.5076],[-2.2534,47.4953],[-2.3023,47.5016],[-2.3345,47.464],[-2.4041,47.4556],[-2.4331,47.4658],[-2.4611,47.4526],[-2.4649,47.4535],[-2.4649,47.4322],[-2.5014,47.4322],[-2.5014,47.4247],[-2.5379,47.4247],[-2.5379,47.4473],[-2.684,47.4473],[-2.684,47.411],[-2.7238,47.411],[-2.7238,47.4045]]],[[[-2.6735,49.4335],[-2.6693,49.4309],[-2.5731,49.4309],[-2.5521,49.4267],[-2.549,49.4283],[-2.5472,49.4279],[-2.5472,49.428],[-2.5468,49.4279],[-2.5456,49.4301],[-2.5341,49.4362],[-2.5267,49.4585],[-2.5245,49.4688],[-2.5127,49.4903],[-2.5058,49.498],[-2.5017,49.5067],[-2.5182,49.5155],[-2.5382,49.5098],[-2.5496,49.5042],[-2.5736,49.4954],[-2.5802,49.4936],[-2.5825,49.4922],[-2.648,49.4682],[-2.6479,49.4679],[-2.648,49.4678],[-2.6464,49.464],[-2.6503,49.4637],[-2.6566,49.4594],[-2.6518,49.4452],[-2.663,49.4438],[-2.6735,49.4335]]],[[[-2.242,49.248],[-2.2332,49.2285],[-2.2296,49.2165],[-2.2376,49.1766],[-2.2375,49.1766],[-2.2376,49.1762],[-2.2372,49.1763],[-2.2372,49.1762],[-2.1826,49.1841],[-2.1772,49.1802],[-2.1687,49.1783],[-2.1626,49.1866],[-2.1013,49.1866],[-2.097,49.1837],[-2.08,49.1787],[-2.0734,49.1786],[-2.054,49.1693],[-2.0537,49.1694],[-2.0536,49.1693],[-2.0354,49.1744],[-2.0245,49.1713],[-2.0237,49.1777],[-2.0104,49.1814],[-2.0105,49.1818],[-2.0104,49.1818],[-2.014,49.2072],[-2.0083,49.2125],[-2.0158,49.2196],[-2.0176,49.2321],[-2.021,49.2333],[-2.0207,49.2353],[-2.0679,49.2507],[-2.0827,49.2602],[-2.1039,49.2582],[-2.1059,49.2568],[-2.1218,49.2582],[-2.122,49.2583],[-2.1438,49.2619],[-2.1517,49.267],[-2.1618,49.2618],[-2.2192,49.2669],[-2.2196,49.2669],[-2.2209,49.2605],[-2.2294,49.263],[-2.2411,49.2602],[-2.242,49.248]]]]}},
{"type":"Feature","properties":{"entityId":"frankish-kingdom","from":718,"to":720,"certainty":"estimated","source":"유럽 쪽은 Natural Earth 1:10m admin-1(v5.1.2) 현대 행정구역 조각을 그 시기 국경에 맞춰 묶고, 조각이 역사 경계와 다른 곳은 선을 그어 나눈 근사. 유럽 밖(시베리아·중앙아시아·극동)은 대략적인 추정. 운영자 검수 필요"},"geometry":{"type":"MultiPolygon","coordinates":[[[[-2.7238,47.4045],[-2.684,47.3772],[-2.6458,47.351],[-2.365,47.1585],[-2.3168,47.1254],[-2.2491,47.079],[-2.2382,47.0715],[-2.2268,47.0637],[-2.2098,47.0464],[-2.2079,47.0445],[-2.1814,47.0175],[-2.1814,47.0291],[-2.046,47.0291],[-2.046,47.0644],[-2.0183,47.0644],[-2.0183,47.0306],[-2.0001,47.0306],[-1.9907,47.0354],[-1.9684,47.0252],[-1.9084,46.9773],[-1.8766,46.9594],[-1.7716,46.9245],[-1.7203,46.8846],[-1.6518,46.8791],[-1.5501,46.8599],[-1.5,46.8827],[-1.5394,46.9457],[-1.553,46.9934],[-1.5466,47.0201],[-1.4982,47.0354],[-1.468,47.0105],[-1.468,46.9556],[-1.4595,46.9404],[-1.4241,46.9358],[-1.3787,46.957],[-1.3624,46.986],[-1.368,47.024],[-1.3439,47.0451],[-1.3054,47.0392],[-1.2697,47.0763],[-1.2312,47.067],[-1.1486,47.0295],[-1.0753,47.0072],[-1.0349,47.0032],[-0.9934,47.0204],[-0.946,47.0004],[-0.935,47.0166],[-0.8704,46.9942],[-0.8375,46.9897],[-0.7804,46.997],[-0.6965,46.9881],[-0.6324,46.9924],[-0.5492,47.0252],[-0.5551,47.061],[-0.5177,47.0754],[-0.4732,47.0664],[-0.3763,47.0881],[-0.2697,47.0972],[-0.1706,47.0983],[-0.143,47.0628],[-0.109,47.0696],[-0.0918,47.0861],[-0.0531,47.0963],[-0.0369,47.1279],[-0.004,47.1566],[0.0668,47.1537],[0.0921,47.1218],[0.1287,47.1273],[0.1403,47.103],[0.1919,47.1023],[0.2001,47.0555],[0.2493,47.0636],[0.2772,47.0453],[0.307,47.0426],[0.3082,46.9515],[0.3267,46.9385],[0.3887,46.9389],[0.4339,46.9327],[0.4837,46.9508],[0.5631,46.9533],[0.5837,46.965],[0.5691,47.0007],[0.5844,47.0013],[0.682,46.9583],[0.7134,46.9001],[0.8315,46.7794],[0.8808,46.7505],[0.9165,46.7663],[0.9407,46.7432],[0.9798,46.7553],[1.0058,46.8036],[1.0354,46.9157],[1.0373,46.942],[1.058,46.9497],[1.0564,46.9965],[1.0743,47.014],[1.1543,47.0344],[1.2368,47.017],[1.2698,47.0415],[1.2937,47.0723],[1.307,47.0716],[1.3175,47.1028],[1.3556,47.1084],[1.3569,47.1519],[1.3267,47.1863],[1.4237,47.2264],[1.4717,47.2358],[1.5247,47.2257],[1.5482,47.2578],[1.5929,47.2576],[1.6039,47.2847],[1.6727,47.2727],[1.7244,47.2892],[1.839,47.2192],[1.8909,47.2149],[1.91,47.2284],[1.9144,47.2612],[1.9499,47.2845],[2.0008,47.2703],[2.0511,47.2657],[2.1008,47.2701],[2.1391,47.2861],[2.1487,47.3086],[2.1203,47.3597],[2.1157,47.3917],[2.1273,47.4161],[2.1524,47.4272],[2.2164,47.4113],[2.2451,47.4112],[2.2586,47.4392],[2.246,47.4817],[2.2225,47.5022],[2.1992,47.5413],[2.1411,47.5489],[2.1284,47.5591],[2.1328,47.5877],[2.1629,47.6035],[2.2391,47.621],[2.2945,47.6222],[2.3725,47.5952],[2.4419,47.6069],[2.4892,47.5766],[2.5663,47.5728],[2.5844,47.5637],[2.6265,47.518],[2.6789,47.485],[2.7039,47.4867],[2.7331,47.525],[2.7544,47.5235],[2.7976,47.4974],[2.8747,47.5205],[2.9303,47.4529],[2.9247,47.4124],[2.875,47.3371],[2.9721,47.2669],[2.9899,47.2161],[3.0335,47.1222],[3.0316,47.0758],[3.0684,47.0455],[3.0756,46.974],[3.0542,46.9133],[3.0732,46.8703],[3.0352,46.8149],[3.0298,46.7909],[3.0329,46.7685],[3.0711,46.7392],[3.1592,46.7186],[3.1856,46.6963],[3.216,46.6872],[3.256,46.701],[3.313,46.699],[3.3683,46.6862],[3.4076,46.7114],[3.4335,46.7058],[3.457,46.6747],[3.4607,46.6515],[3.495,46.6541],[3.5599,46.6814],[3.5676,46.7063],[3.5888,46.7158],[3.5968,46.7429],[3.6249,46.7393],[3.6579,46.6859],[3.6987,46.6571],[3.743,46.6102],[3.7409,46.5493],[3.81,46.5219],[3.8349,46.5219],[3.8782,46.4928],[3.9367,46.4841],[3.9788,46.4626],[3.9887,46.4225],[3.9791,46.3949],[3.9859,46.3562],[4.0013,46.3354],[3.9783,46.3122],[3.8865,46.2762],[3.8211,46.2618],[3.7723,46.2338],[3.7928,46.1619],[3.7903,46.1095],[3.8176,46.0086],[3.7805,45.9804],[3.7183,45.9718],[3.6795,45.957],[3.6817,45.9334],[3.7148,45.9141],[3.7304,45.892],[3.7133,45.8579],[3.697,45.7893],[3.7521,45.7329],[3.8039,45.6491],[3.9206,45.5767],[3.9321,45.5635],[3.9689,45.4824],[3.9535,45.4527],[3.9079,45.4142],[3.8855,45.3587],[3.9025,45.3455],[3.9292,45.3616],[3.9706,45.3685],[4.0032,45.3448],[4.1276,45.3567],[4.16,45.3867],[4.217,45.3841],[4.2732,45.3739],[4.3025,45.3929],[4.3256,45.3809],[4.3517,45.3337],[4.3388,45.3067],[4.3591,45.2736],[4.4057,45.2694],[4.4627,45.2365],[4.4778,45.226],[4.4682,45.1884],[4.4431,45.1509],[4.4395,45.1256],[4.42,45.1168],[4.3839,45.136],[4.3686,45.1256],[4.3838,45.107],[4.3517,45.0763],[4.3686,45.0441],[4.3602,45.033],[4.3114,45.0257],[4.2889,45.0013],[4.2966,44.9742],[4.2521,44.9601],[4.2154,44.9589],[4.1933,44.9145],[4.1535,44.8754],[4.0235,44.8611],[4.0134,44.8361],[3.9475,44.8184],[3.8938,44.758],[3.8722,44.7509],[3.8685,44.7221],[3.8919,44.6632],[3.9003,44.6221],[3.922,44.5803],[3.9433,44.5699],[3.9655,44.5355],[3.994,44.4579],[4.0218,44.4395],[4.0497,44.4035],[4.0361,44.3756],[4.0443,44.3311],[4.1306,44.3317],[4.1408,44.3216],[4.229,44.2853],[4.2511,44.2818],[4.3338,44.3307],[4.3731,44.3397],[4.3967,44.3283],[4.4074,44.2927],[4.4451,44.3011],[4.4656,44.336],[4.5208,44.3368],[4.5506,44.3271],[4.5852,44.3007],[4.6578,44.2817],[4.6856,44.2403],[4.6881,44.2194],[4.7213,44.1902],[4.719,44.1247],[4.7295,44.0859],[4.7779,44.0843],[4.8444,44.0221],[4.8475,44.0022],[4.8209,44.0004],[4.822,43.9758],[4.8064,43.9529],[4.7728,43.9328],[4.7267,43.9172],[4.6409,43.8706],[4.6464,43.7949],[4.6169,43.741],[4.6049,43.696],[4.5415,43.7129],[4.4995,43.7063],[4.4516,43.6666],[4.4296,43.6248],[4.4599,43.6178],[4.4483,43.5873],[4.413,43.5819],[4.4004,43.5622],[4.3371,43.5321],[4.2476,43.501],[4.2313,43.4715],[4.2059,43.4599],[4.1987,43.4626],[4.1987,43.3194],[4.2471,43.3303],[4.2955,43.3411],[4.3922,43.3627],[4.5558,43.3993],[4.5808,43.3958],[4.5663,43.3711],[4.5923,43.3599],[4.6659,43.3475],[4.8203,43.3464],[4.8224,43.3626],[4.846,43.3594],[4.8558,43.3418],[4.8792,43.3548],[5.0519,43.3311],[5.0648,43.328],[5.0748,43.328],[5.3541,43.2897],[5.3573,43.2803],[5.3692,43.2704],[5.347,43.2159],[5.4398,43.2076],[5.5174,43.2074],[5.542,43.2028],[5.5727,43.1691],[5.6124,43.1604],[5.6329,43.1856],[5.6717,43.1783],[5.6752,43.1763],[5.6963,43.1469],[5.741,43.1321],[5.7515,43.1317],[5.8085,43.0984],[5.8089,43.0984],[5.817,43.0985],[5.7819,43.0791],[5.819,43.0535],[5.8566,43.0448],[5.8753,43.0688],[5.9403,43.0709],[5.9514,43.08],[5.9106,43.0932],[5.9038,43.0992],[5.9985,43.0999],[6.0165,43.0989],[6.027,43.0782],[6.0846,43.0824],[6.1145,43.0724],[6.1147,43.0725],[6.1149,43.0724],[6.1175,43.0733],[6.1321,43.0526],[6.0977,43.0313],[6.1801,43.0359],[6.1528,43.0481],[6.162,43.0887],[6.245,43.1174],[6.2804,43.1187],[6.3423,43.0908],[6.3754,43.0908],[6.3661,43.1186],[6.3785,43.1361],[6.4038,43.1455],[6.5285,43.1285],[6.5289,43.1285],[6.6061,43.1766],[6.6099,43.1734],[6.6798,43.2016],[6.6745,43.2192],[6.7673,43.2771],[6.9335,43.3806],[6.9373,43.383],[7.0118,43.4294],[7.049,43.4526],[7.0863,43.4758],[7.1073,43.4889],[7.2,43.5466],[7.2773,43.5948],[7.3624,43.6479],[7.4029,43.6731],[7.4049,43.6744],[7.4361,43.6938],[7.4474,43.6958],[7.4899,43.7033],[7.5324,43.7107],[7.5324,43.744],[7.515,43.744],[7.515,43.86],[7.4797,43.86],[7.5023,43.7922],[7.4779,43.8655],[7.4935,43.8862],[7.5569,43.9441],[7.6309,43.9935],[7.6348,44.0015],[7.6534,44.0397],[7.6899,44.0673],[7.6879,44.0908],[7.6419,44.1436],[7.6556,44.1761],[7.6247,44.1801],[7.5836,44.1607],[7.5548,44.1591],[7.43,44.1331],[7.3808,44.1229],[7.3406,44.1237],[7.3093,44.1475],[7.2513,44.16],[7.145,44.2072],[7.0335,44.2429],[6.9961,44.2378],[6.9734,44.2494],[6.9592,44.2774],[6.9212,44.3022],[6.8784,44.3546],[6.8661,44.3721],[6.8772,44.4144],[6.9178,44.4363],[6.8613,44.4749],[6.8388,44.5029],[6.8464,44.5475],[6.8973,44.5754],[6.9456,44.6254],[6.9383,44.658],[6.9828,44.6922],[7.0552,44.6849],[7.0388,44.7121],[7.019,44.7389],[6.9984,44.7938],[7.0071,44.8221],[6.9828,44.847],[6.9327,44.8617],[6.866,44.8557],[6.7782,44.8876],[6.7279,44.9287],[6.7299,44.9847],[6.7235,45.0134],[6.6972,45.0269],[6.6622,45.0292],[6.6397,45.0504],[6.6366,45.0745],[6.6027,45.1035],[6.6294,45.1235],[6.6674,45.1396],[6.6944,45.1403],[6.7364,45.1573],[6.7715,45.1532],[6.8441,45.1301],[6.8767,45.1412],[6.8813,45.1684],[6.9138,45.1702],[6.9587,45.2098],[7.0297,45.2282],[7.0502,45.215],[7.1084,45.2592],[7.0926,45.324],[7.1301,45.3571],[7.1607,45.4109],[7.0968,45.4354],[7.0754,45.4663],[7.1316,45.5099],[7.1462,45.4922],[7.2123,45.4838],[7.3855,45.5244],[7.4646,45.5742],[7.5459,45.5898],[7.6424,45.5746],[7.673,45.5636],[7.7493,45.5641],[7.784,45.5814],[7.8802,45.6027],[7.9195,45.649],[7.911,45.6841],[7.9163,45.7297],[7.8823,45.7529],[7.8635,45.806],[7.8477,45.9077],[7.8559,45.9193],[7.8496,45.9397],[7.8982,45.9819],[7.9858,45.9993],[8.0107,46.0297],[8.0182,46.0809],[8.0354,46.0965],[8.0669,46.1006],[8.1106,46.127],[8.1323,46.1594],[8.1295,46.196],[8.1,46.2356],[8.0731,46.2536],[8.0873,46.2718],[8.1285,46.2925],[8.1926,46.3092],[8.2418,46.3541],[8.2915,46.3784],[8.2866,46.4054],[8.3163,46.4337],[8.3859,46.4502],[8.396,46.4909],[8.4476,46.5046],[8.4769,46.5318],[8.5098,46.5509],[8.5238,46.5785],[8.5487,46.585],[8.6363,46.5712],[8.6779,46.5836],[8.7112,46.573],[8.7884,46.5681],[8.8473,46.5752],[8.8981,46.5893],[8.9148,46.6204],[8.956,46.6306],[8.9648,46.6148],[9.0221,46.6049],[9.0385,46.5907],[9.0152,46.5335],[9.0486,46.4809],[9.0773,46.4823],[9.0978,46.4161],[9.0891,46.3637],[9.057,46.299],[9.0875,46.2206],[9.1638,46.173],[9.1813,46.2041],[9.2248,46.2312],[9.2397,46.267],[9.269,46.3094],[9.2738,46.3443],[9.2604,46.3797],[9.2609,46.4167],[9.238,46.4365],[9.2632,46.4851],[9.2823,46.4974],[9.331,46.5015],[9.3771,46.4687],[9.4107,46.4889],[9.4379,46.492],[9.4438,46.3961],[9.4516,46.3704],[9.4826,46.3568],[9.5153,46.3086],[9.5597,46.2927],[9.6743,46.2918],[9.7084,46.3117],[9.7093,46.3424],[9.7309,46.3507],[9.7681,46.3386],[9.8554,46.367],[9.899,46.3722],[9.964,46.3561],[9.9776,46.2981],[10.0317,46.2601],[10.0427,46.2205],[10.0757,46.22],[10.1458,46.2433],[10.1589,46.2624],[10.1049,46.3094],[10.0918,46.329],[10.105,46.3614],[10.1332,46.3811],[10.1334,46.414],[10.0421,46.4327],[10.0263,46.4463],[10.044,46.467],[10.0269,46.4932],[10.0328,46.533],[10.0712,46.5644],[10.0878,46.6044],[10.1921,46.6268],[10.2338,46.618],[10.2347,46.5753],[10.2759,46.5655],[10.2954,46.5511],[10.3543,46.5483],[10.4259,46.5353],[10.4518,46.5467],[10.4659,46.5785],[10.4591,46.6236],[10.4382,46.6357],[10.3956,46.6388],[10.3692,46.6724],[10.3944,46.7008],[10.3997,46.7355],[10.4287,46.7556],[10.4172,46.7989],[10.4485,46.8322],[10.4538,46.8644],[10.4638,46.9197],[10.4585,46.9366],[10.4156,46.9624],[10.3947,46.9854],[10.3679,46.9955],[10.3389,46.9841],[10.2962,46.9414],[10.2957,46.9227],[10.2351,46.9233],[10.2014,46.8668],[10.1252,46.8468],[10.0834,46.908],[10.0844,46.9263],[10.1204,46.9552],[10.1294,46.985],[10.1247,47.0218],[10.1382,47.0773],[10.2021,47.161],[10.2034,47.1987],[10.175,47.2724],[10.2394,47.2777],[10.3059,47.3022],[10.3434,47.3308],[10.3657,47.3611],[10.4116,47.381],[10.452,47.4388],[10.4422,47.4814],[10.4196,47.493],[10.431,47.5422],[10.4142,47.573],[10.4536,47.5811],[10.4535,47.5462],[10.4825,47.5329],[10.5251,47.5285],[10.5837,47.5625],[10.6079,47.5623],[10.7399,47.5285],[10.7522,47.5154],[10.7903,47.5161],[10.8586,47.5307],[10.8922,47.5149],[10.8516,47.4931],[10.9099,47.469],[10.92,47.4616],[10.92,49.05],[11.55,49.05],[11.55,49.75],[12.3,49.75],[12.3,50.0271],[12.2469,50.045],[12.2325,50.0805],[12.1879,50.1028],[12.1792,50.118],[12.1827,50.1707],[12.1393,50.211],[12.0796,50.2427],[12.1091,50.2638],[12.1073,50.2909],[12.0761,50.3152],[12.1013,50.314],[12.0937,50.3226],[12.0399,50.3288],[11.986,50.3516],[11.9812,50.3853],[11.9405,50.4145],[11.9053,50.4152],[11.8997,50.4293],[11.9311,50.4403],[11.9475,50.4622],[11.9258,50.4884],[11.9447,50.5159],[11.9894,50.5461],[12.0485,50.5316],[12.0812,50.5613],[12.1454,50.5625],[12.1587,50.6037],[12.1869,50.6264],[12.2529,50.6263],[12.29,50.6434],[12.3218,50.674],[12.2855,50.677],[12.2628,50.7222],[12.2412,50.7222],[12.2492,50.7426],[12.2855,50.7693],[12.258,50.7925],[12.3308,50.8064],[12.3642,50.8233],[12.4244,50.8243],[12.4628,50.8566],[12.5275,50.8766],[12.6017,50.8764],[12.6109,50.8701],[12.6472,50.8999],[12.6022,50.9525],[12.5457,50.9713],[12.4914,51.0285],[12.4837,51.0583],[12.3289,51.0878],[12.2646,51.0838],[12.2464,51.0326],[12.2754,51.0098],[12.2171,50.9542],[12.2008,50.9279],[12.1595,50.952],[12.1204,50.9445],[12.0679,50.9561],[12.0046,50.949],[11.9609,50.971],[11.9314,50.9981],[11.8607,51.0226],[11.7326,51.0175],[11.6974,51.0642],[11.6891,51.0919],[11.6631,51.1012],[11.6275,51.0956],[11.5352,51.1003],[11.5047,51.0892],[11.4274,51.0988],[11.4264,51.1077],[11.4203,51.1597],[11.3886,51.1899],[11.333,51.2163],[11.3524,51.2301],[11.4224,51.2437],[11.4519,51.2715],[11.3672,51.3575],[11.3149,51.3833],[11.1962,51.3974],[11.1538,51.3969],[10.9991,51.4087],[10.9645,51.4278],[10.9718,51.4627],[10.9454,51.4995],[10.9477,51.5185],[10.9115,51.5711],[10.9519,51.577],[10.9456,51.5947],[10.8035,51.6326],[10.7134,51.6311],[10.6976,51.6374],[10.6489,51.6197],[10.6292,51.601],[10.6542,51.5782],[10.6453,51.5611],[10.6104,51.5726],[10.562,51.5574],[10.5142,51.5563],[10.4788,51.5747],[10.4217,51.5919],[10.3749,51.5857],[10.3646,51.5424],[10.3064,51.5106],[10.2945,51.4935],[10.2396,51.4721],[10.1947,51.4794],[10.1497,51.4318],[10.0847,51.4311],[10.0661,51.4209],[10.0457,51.4321],[10,51.4083],[9.9492,51.3818],[9.9058,51.4037],[9.9042,51.417],[9.8628,51.4087],[9.8755,51.3847],[9.8564,51.3721],[9.826,51.4009],[9.8017,51.3972],[9.7137,51.3638],[9.7545,51.3309],[9.7843,51.3359],[9.7621,51.3093],[9.7115,51.2915],[9.6826,51.315],[9.5694,51.3423],[9.5347,51.3666],[9.5709,51.3614],[9.5636,51.3845],[9.5821,51.3988],[9.6325,51.4009],[9.6387,51.468],[9.5968,51.5116],[9.6197,51.5525],[9.6451,51.5517],[9.644,51.5719],[9.6713,51.5593],[9.6861,51.5719],[9.6508,51.6112],[9.6234,51.6295],[9.5926,51.6257],[9.5493,51.6403],[9.5326,51.6303],[9.4944,51.6321],[9.4904,51.6493],[9.4401,51.649],[9.4178,51.6271],[9.3331,51.6067],[9.3538,51.5955],[9.336,51.554],[9.2963,51.5176],[9.2243,51.487],[9.2148,51.4587],[9.158,51.4389],[9.1087,51.4429],[9.0843,51.46],[9.0846,51.483],[9.0154,51.5092],[8.9062,51.4809],[8.8981,51.4667],[8.9162,51.4229],[8.9495,51.4089],[8.9351,51.3913],[8.8936,51.39],[8.858,51.3754],[8.8146,51.3817],[8.7277,51.3731],[8.6855,51.3634],[8.5939,51.296],[8.58,51.2649],[8.6079,51.2413],[8.7169,51.2711],[8.7317,51.2498],[8.7522,51.1878],[8.7502,51.1728],[8.6957,51.1305],[8.7044,51.1047],[8.6584,51.0884],[8.6272,51.0936],[8.5247,51.0933],[8.5449,51.0207],[8.4696,50.9438],[8.4638,50.9145],[8.4441,50.916],[8.3641,50.8616],[8.3145,50.8645],[8.2996,50.8809],[8.1972,50.8271],[8.1872,50.8115],[8.1393,50.785],[8.145,50.7623],[8.1751,50.7421],[8.1669,50.7079],[8.1345,50.684],[8.0895,50.6968],[8.0563,50.6909],[8.0338,50.726],[7.9811,50.7735],[7.9839,50.803],[7.9703,50.837],[7.9425,50.832],[7.8856,50.8669],[7.8446,50.882],[7.8597,50.9225],[7.8016,50.9327],[7.7575,50.9113],[7.7677,50.8365],[7.7406,50.842],[7.6756,50.81],[7.6989,50.7816],[7.6134,50.7494],[7.5995,50.7334],[7.5633,50.7328],[7.5324,50.721],[7.4486,50.7062],[7.3869,50.7037],[7.3715,50.6426],[7.3405,50.6289],[7.2826,50.6188],[7.2263,50.6214],[7.2148,50.6272],[7.21,50.64],[7.18,50.68],[7.12,50.73],[7.07,50.78],[7,50.82],[6.97,50.94],[6.98,51],[6.95,51.05],[6.86,51.1],[6.8,51.17],[6.76,51.23],[6.74,51.27],[6.68,51.35],[6.7157,51.4],[6.73,51.4],[6.8,51.45],[6.85,51.55],[6.82,51.65],[6.7,51.75],[6.5,51.83],[6.4555,51.85],[6.4794,51.853],[6.5286,51.8764],[6.6282,51.8975],[6.7167,51.8993],[6.7438,51.9083],[6.7898,51.9511],[6.8107,51.9606],[6.804,51.9844],[6.7782,52.0013],[6.675,52.0348],[6.6799,52.0605],[6.7114,52.0673],[6.7329,52.092],[6.7716,52.1088],[6.7595,52.1145],[6.6619,52.1273],[6.6667,52.1645],[6.6017,52.1659],[6.5974,52.1781],[6.4952,52.1772],[6.4659,52.1944],[6.4114,52.2446],[6.3817,52.2468],[6.3225,52.2295],[6.2592,52.2289],[6.1796,52.2377],[6.1543,52.2256],[6.1241,52.2562],[6.1065,52.2997],[6.068,52.3218],[6.0816,52.3706],[6.12,52.3804],[6.1327,52.4213],[6.0954,52.4679],[6.0496,52.5053],[6.0307,52.511],[5.9697,52.485],[5.925,52.484],[5.8915,52.5204],[5.8669,52.5218],[5.8551,52.4807],[5.8153,52.4408],[5.771,52.4138],[5.6276,52.3718],[5.5791,52.3448],[5.5327,52.2769],[5.426,52.2639],[5.4089,52.2677],[5.3661,52.2832],[5.2762,52.2793],[5.2457,52.2572],[5.202,52.1874],[5.1824,52.179],[5.1268,52.1809],[5.045,52.1681],[5.034,52.2045],[5.0582,52.2374],[5.0352,52.2718],[4.9863,52.2855],[4.9331,52.2755],[4.9113,52.2556],[4.8715,52.2522],[4.8144,52.2296],[4.7679,52.2212],[4.7362,52.2083],[4.7103,52.2346],[4.6482,52.2202],[4.5809,52.2128],[4.5467,52.2278],[4.5677,52.2705],[4.6097,52.3134],[4.5665,52.3101],[4.499,52.3261],[4.5025,52.3301],[4.4722,52.3301],[4.4722,52.3639],[4.324,52.3639],[4.324,52.4015],[4.2944,52.4015],[4.2719,52.3639],[4.2271,52.2887],[4.0493,51.9907],[4.0225,51.9944],[4.01,51.9801],[4.0257,51.951],[3.9638,51.8472],[3.9627,51.8474],[3.8623,51.8161],[3.8716,51.7883],[3.9339,51.7971],[3.9173,51.7693],[3.9016,51.743],[3.8101,51.7473],[3.7928,51.7457],[3.7892,51.7459],[3.7888,51.7459],[3.7825,51.7448],[3.7258,51.7397],[3.7054,51.7314],[3.6988,51.7303],[3.6988,51.7288],[3.6895,51.725],[3.6867,51.6927],[3.7206,51.6768],[3.7654,51.6784],[3.7758,51.6858],[3.8159,51.693],[3.8244,51.69],[3.8596,51.6726],[3.8284,51.6204],[3.8118,51.6115],[3.5604,51.5946],[3.5469,51.5894],[3.5008,51.5775],[3.4838,51.5652],[3.4575,51.5551],[3.447,51.546],[3.4619,51.519],[3.4948,51.5009],[3.5321,51.4626],[3.4881,51.4392],[3.4608,51.4246],[3.4179,51.4017],[3.3878,51.3857],[3.3828,51.3847],[3.3496,51.3778],[3.3477,51.3774],[3.3126,51.3702],[3.2775,51.3629],[3.2236,51.3518],[3.2073,51.3464],[3.1248,51.3297],[2.9983,51.2774],[2.9608,51.265],[2.9162,51.2478],[2.6523,51.1824],[2.5658,51.1609],[2.5226,51.1502],[2.5144,51.1482],[2.4793,51.1401],[2.1333,51.0605],[2.0901,51.0505],[2.0468,51.0405],[1.9603,51.0206],[1.6396,50.9468],[1.6143,50.8782],[1.5806,50.8688],[1.5946,50.8248],[1.512,50.6011],[1.4707,50.4893],[1.4501,50.4334],[1.4398,50.4055],[1.4294,50.3775],[1.3696,50.2153],[1.3489,50.1593],[1.3372,50.1276],[1.2877,50.111],[1.268,50.1044],[1.1871,50.0772],[1.0252,50.0229],[0.0541,49.6971],[-0.1077,49.6428],[-0.1887,49.6156],[-0.2696,49.5885],[-0.31,49.5749],[-0.3505,49.5613],[-0.4314,49.5342],[-0.5933,49.4799],[-0.887,49.3813],[-0.9169,49.3864],[-0.9404,49.3923],[-0.9543,49.3928],[-0.9592,49.3936],[-0.9596,49.3936],[-0.9698,49.3933],[-1.0723,49.3968],[-1.084,49.3909],[-1.158,49.4245],[-1.1847,49.4366],[-1.1932,49.4457],[-1.212,49.4688],[-1.2328,49.4943],[-1.263,49.5914],[-1.2533,49.6123],[-1.2278,49.6241],[-1.2322,49.6414],[-1.258,49.6792],[-1.258,49.68],[-1.2587,49.6802],[-1.2711,49.6984],[-1.3913,49.7127],[-1.4557,49.7022],[-1.4752,49.6884],[-1.5894,49.6679],[-1.7044,49.6818],[-1.7249,49.682],[-1.7251,49.682],[-1.9348,49.7772],[-1.9347,49.777],[-1.9352,49.7772],[-1.9351,49.7767],[-1.9352,49.7768],[-1.9208,49.7253],[-1.9352,49.7241],[-1.9456,49.678],[-1.9051,49.6693],[-1.8704,49.5452],[-1.8847,49.5309],[-1.8602,49.5086],[-1.7352,49.0619],[-1.6727,48.8386],[-1.6415,48.727],[-1.6266,48.6738],[-1.6185,48.645],[-1.6404,48.6483],[-1.6719,48.6532],[-1.735,48.6628],[-1.8466,48.68],[-1.8363,48.6911],[-1.8437,48.7121],[-1.9484,48.6956],[-2.022,48.7069],[-2.0588,48.7125],[-2.0588,48.667],[-2.022,48.667],[-2.022,48.6495],[-2.0287,48.6433],[-2.0275,48.6415],[-2.022,48.6333],[-2.022,48.6159],[-2.0323,48.6159],[-2.0175,48.5907],[-1.9988,48.5907],[-1.9988,48.5654],[-1.9982,48.5648],[-1.9652,48.5648],[-1.9491,48.5392],[-1.9485,48.5383],[-1.9251,48.5448],[-1.9102,48.5036],[-1.918,48.473],[-1.944,48.4467],[-1.9517,48.4228],[-1.9327,48.3639],[-1.9615,48.3421],[-1.9615,48.3003],[-1.9824,48.2803],[-2.066,48.2952],[-2.1172,48.2608],[-2.1602,48.2607],[-2.186,48.2226],[-2.2108,48.2096],[-2.2319,48.1641],[-2.2873,48.1337],[-2.2352,48.0786],[-2.1882,48.0797],[-2.1913,48.0525],[-2.2576,48.0389],[-2.2711,48.0054],[-2.2554,47.9974],[-2.1677,47.9847],[-2.1243,47.9636],[-2.106,47.945],[-2.1002,47.9119],[-2.1095,47.8488],[-2.0612,47.8463],[-2.0524,47.8218],[-2.068,47.7962],[-2.1223,47.7743],[-2.1103,47.7588],[-2.0716,47.7572],[-2.0767,47.7333],[-2.1159,47.7317],[-2.1263,47.7142],[-2.1062,47.669],[-2.1028,47.6393],[-2.0885,47.6326],[-2.0858,47.608],[-2.11,47.5423],[-2.1544,47.5131],[-2.1868,47.4814],[-2.2109,47.5076],[-2.2534,47.4953],[-2.3023,47.5016],[-2.3345,47.464],[-2.4041,47.4556],[-2.4331,47.4658],[-2.4611,47.4526],[-2.4649,47.4535],[-2.4649,47.4322],[-2.5014,47.4322],[-2.5014,47.4247],[-2.5379,47.4247],[-2.5379,47.4473],[-2.684,47.4473],[-2.684,47.411],[-2.7238,47.411],[-2.7238,47.4045]]],[[[-2.6735,49.4335],[-2.6693,49.4309],[-2.5731,49.4309],[-2.5521,49.4267],[-2.549,49.4283],[-2.5472,49.4279],[-2.5472,49.428],[-2.5468,49.4279],[-2.5456,49.4301],[-2.5341,49.4362],[-2.5267,49.4585],[-2.5245,49.4688],[-2.5127,49.4903],[-2.5058,49.498],[-2.5017,49.5067],[-2.5182,49.5155],[-2.5382,49.5098],[-2.5496,49.5042],[-2.5736,49.4954],[-2.5802,49.4936],[-2.5825,49.4922],[-2.648,49.4682],[-2.6479,49.4679],[-2.648,49.4678],[-2.6464,49.464],[-2.6503,49.4637],[-2.6566,49.4594],[-2.6518,49.4452],[-2.663,49.4438],[-2.6735,49.4335]]],[[[-2.242,49.248],[-2.2332,49.2285],[-2.2296,49.2165],[-2.2376,49.1766],[-2.2375,49.1766],[-2.2376,49.1762],[-2.2372,49.1763],[-2.2372,49.1762],[-2.1826,49.1841],[-2.1772,49.1802],[-2.1687,49.1783],[-2.1626,49.1866],[-2.1013,49.1866],[-2.097,49.1837],[-2.08,49.1787],[-2.0734,49.1786],[-2.054,49.1693],[-2.0537,49.1694],[-2.0536,49.1693],[-2.0354,49.1744],[-2.0245,49.1713],[-2.0237,49.1777],[-2.0104,49.1814],[-2.0105,49.1818],[-2.0104,49.1818],[-2.014,49.2072],[-2.0083,49.2125],[-2.0158,49.2196],[-2.0176,49.2321],[-2.021,49.2333],[-2.0207,49.2353],[-2.0679,49.2507],[-2.0827,49.2602],[-2.1039,49.2582],[-2.1059,49.2568],[-2.1218,49.2582],[-2.122,49.2583],[-2.1438,49.2619],[-2.1517,49.267],[-2.1618,49.2618],[-2.2192,49.2669],[-2.2196,49.2669],[-2.2209,49.2605],[-2.2294,49.263],[-2.2411,49.2602],[-2.242,49.248]]]]}},
{"type":"Feature","properties":{"entityId":"frankish-kingdom","from":720,"to":736,"certainty":"estimated","source":"유럽 쪽은 Natural Earth 1:10m admin-1(v5.1.2) 현대 행정구역 조각을 그 시기 국경에 맞춰 묶고, 조각이 역사 경계와 다른 곳은 선을 그어 나눈 근사. 유럽 밖(시베리아·중앙아시아·극동)은 대략적인 추정. 운영자 검수 필요"},"geometry":{"type":"MultiPolygon","coordinates":[[[[-2.7238,47.4045],[-2.684,47.3772],[-2.6458,47.351],[-2.365,47.1585],[-2.3168,47.1254],[-2.2491,47.079],[-2.2382,47.0715],[-2.2268,47.0637],[-2.2098,47.0464],[-2.2079,47.0445],[-2.1814,47.0175],[-2.1814,47.0291],[-2.046,47.0291],[-2.046,47.0644],[-2.0183,47.0644],[-2.0183,47.0306],[-2.0001,47.0306],[-1.9907,47.0354],[-1.9684,47.0252],[-1.9084,46.9773],[-1.8766,46.9594],[-1.7716,46.9245],[-1.7203,46.8846],[-1.6518,46.8791],[-1.5501,46.8599],[-1.5,46.8827],[-1.5394,46.9457],[-1.553,46.9934],[-1.5466,47.0201],[-1.4982,47.0354],[-1.468,47.0105],[-1.468,46.9556],[-1.4595,46.9404],[-1.4241,46.9358],[-1.3787,46.957],[-1.3624,46.986],[-1.368,47.024],[-1.3439,47.0451],[-1.3054,47.0392],[-1.2697,47.0763],[-1.2312,47.067],[-1.1486,47.0295],[-1.0753,47.0072],[-1.0349,47.0032],[-0.9934,47.0204],[-0.946,47.0004],[-0.935,47.0166],[-0.8704,46.9942],[-0.8375,46.9897],[-0.7804,46.997],[-0.6965,46.9881],[-0.6324,46.9924],[-0.5492,47.0252],[-0.5551,47.061],[-0.5177,47.0754],[-0.4732,47.0664],[-0.3763,47.0881],[-0.2697,47.0972],[-0.1706,47.0983],[-0.143,47.0628],[-0.109,47.0696],[-0.0918,47.0861],[-0.0531,47.0963],[-0.0369,47.1279],[-0.004,47.1566],[0.0668,47.1537],[0.0921,47.1218],[0.1287,47.1273],[0.1403,47.103],[0.1919,47.1023],[0.2001,47.0555],[0.2493,47.0636],[0.2772,47.0453],[0.307,47.0426],[0.3082,46.9515],[0.3267,46.9385],[0.3887,46.9389],[0.4339,46.9327],[0.4837,46.9508],[0.5631,46.9533],[0.5837,46.965],[0.5691,47.0007],[0.5844,47.0013],[0.682,46.9583],[0.7134,46.9001],[0.8315,46.7794],[0.8808,46.7505],[0.9165,46.7663],[0.9407,46.7432],[0.9798,46.7553],[1.0058,46.8036],[1.0354,46.9157],[1.0373,46.942],[1.058,46.9497],[1.0564,46.9965],[1.0743,47.014],[1.1543,47.0344],[1.2368,47.017],[1.2698,47.0415],[1.2937,47.0723],[1.307,47.0716],[1.3175,47.1028],[1.3556,47.1084],[1.3569,47.1519],[1.3267,47.1863],[1.4237,47.2264],[1.4717,47.2358],[1.5247,47.2257],[1.5482,47.2578],[1.5929,47.2576],[1.6039,47.2847],[1.6727,47.2727],[1.7244,47.2892],[1.839,47.2192],[1.8909,47.2149],[1.91,47.2284],[1.9144,47.2612],[1.9499,47.2845],[2.0008,47.2703],[2.0511,47.2657],[2.1008,47.2701],[2.1391,47.2861],[2.1487,47.3086],[2.1203,47.3597],[2.1157,47.3917],[2.1273,47.4161],[2.1524,47.4272],[2.2164,47.4113],[2.2451,47.4112],[2.2586,47.4392],[2.246,47.4817],[2.2225,47.5022],[2.1992,47.5413],[2.1411,47.5489],[2.1284,47.5591],[2.1328,47.5877],[2.1629,47.6035],[2.2391,47.621],[2.2945,47.6222],[2.3725,47.5952],[2.4419,47.6069],[2.4892,47.5766],[2.5663,47.5728],[2.5844,47.5637],[2.6265,47.518],[2.6789,47.485],[2.7039,47.4867],[2.7331,47.525],[2.7544,47.5235],[2.7976,47.4974],[2.8747,47.5205],[2.9303,47.4529],[2.9247,47.4124],[2.875,47.3371],[2.9721,47.2669],[2.9899,47.2161],[3.0335,47.1222],[3.0316,47.0758],[3.0684,47.0455],[3.0756,46.974],[3.0542,46.9133],[3.0732,46.8703],[3.0352,46.8149],[3.0298,46.7909],[3.0329,46.7685],[3.0711,46.7392],[3.1592,46.7186],[3.1856,46.6963],[3.216,46.6872],[3.256,46.701],[3.313,46.699],[3.3683,46.6862],[3.4076,46.7114],[3.4335,46.7058],[3.457,46.6747],[3.4607,46.6515],[3.495,46.6541],[3.5599,46.6814],[3.5676,46.7063],[3.5888,46.7158],[3.5968,46.7429],[3.6249,46.7393],[3.6579,46.6859],[3.6987,46.6571],[3.743,46.6102],[3.7409,46.5493],[3.81,46.5219],[3.8349,46.5219],[3.8782,46.4928],[3.9367,46.4841],[3.9788,46.4626],[3.9887,46.4225],[3.9791,46.3949],[3.9859,46.3562],[4.0013,46.3354],[3.9783,46.3122],[3.8865,46.2762],[3.8211,46.2618],[3.7723,46.2338],[3.7928,46.1619],[3.7903,46.1095],[3.8176,46.0086],[3.7805,45.9804],[3.7183,45.9718],[3.6795,45.957],[3.6817,45.9334],[3.7148,45.9141],[3.7304,45.892],[3.7133,45.8579],[3.697,45.7893],[3.7521,45.7329],[3.8039,45.6491],[3.9206,45.5767],[3.9321,45.5635],[3.9689,45.4824],[3.9535,45.4527],[3.9079,45.4142],[3.8855,45.3587],[3.9025,45.3455],[3.9292,45.3616],[3.9706,45.3685],[4.0032,45.3448],[4.1276,45.3567],[4.16,45.3867],[4.217,45.3841],[4.2732,45.3739],[4.3025,45.3929],[4.3256,45.3809],[4.3517,45.3337],[4.3388,45.3067],[4.3591,45.2736],[4.4057,45.2694],[4.4627,45.2365],[4.4778,45.226],[4.4682,45.1884],[4.4431,45.1509],[4.4395,45.1256],[4.42,45.1168],[4.3839,45.136],[4.3686,45.1256],[4.3838,45.107],[4.3517,45.0763],[4.3686,45.0441],[4.3602,45.033],[4.3114,45.0257],[4.2889,45.0013],[4.2966,44.9742],[4.2521,44.9601],[4.2154,44.9589],[4.1933,44.9145],[4.1535,44.8754],[4.0235,44.8611],[4.0134,44.8361],[3.9475,44.8184],[3.8938,44.758],[3.8722,44.7509],[3.8685,44.7221],[3.8919,44.6632],[3.9003,44.6221],[3.922,44.5803],[3.9433,44.5699],[3.9655,44.5355],[3.994,44.4579],[4.0218,44.4395],[4.0497,44.4035],[4.0361,44.3756],[4.0443,44.3311],[4.1306,44.3317],[4.1408,44.3216],[4.229,44.2853],[4.2511,44.2818],[4.3338,44.3307],[4.3731,44.3397],[4.3967,44.3283],[4.4074,44.2927],[4.4451,44.3011],[4.4656,44.336],[4.5208,44.3368],[4.5506,44.3271],[4.5852,44.3007],[4.6578,44.2817],[4.6856,44.2403],[4.6881,44.2194],[4.7213,44.1902],[4.719,44.1247],[4.7295,44.0859],[4.7779,44.0843],[4.8444,44.0221],[4.8475,44.0022],[4.8209,44.0004],[4.822,43.9758],[4.8064,43.9529],[4.7728,43.9328],[4.7267,43.9172],[4.6409,43.8706],[4.6464,43.7949],[4.6169,43.741],[4.6049,43.696],[4.5415,43.7129],[4.4995,43.7063],[4.4516,43.6666],[4.4296,43.6248],[4.4599,43.6178],[4.4483,43.5873],[4.413,43.5819],[4.4004,43.5622],[4.3371,43.5321],[4.2476,43.501],[4.2313,43.4715],[4.2059,43.4599],[4.1987,43.4626],[4.1987,43.3194],[4.2471,43.3303],[4.2955,43.3411],[4.3922,43.3627],[4.5558,43.3993],[4.5808,43.3958],[4.5663,43.3711],[4.5923,43.3599],[4.6659,43.3475],[4.8203,43.3464],[4.8224,43.3626],[4.846,43.3594],[4.8558,43.3418],[4.8792,43.3548],[5.0519,43.3311],[5.0648,43.328],[5.0748,43.328],[5.3541,43.2897],[5.3573,43.2803],[5.3692,43.2704],[5.347,43.2159],[5.4398,43.2076],[5.5174,43.2074],[5.542,43.2028],[5.5727,43.1691],[5.6124,43.1604],[5.6329,43.1856],[5.6717,43.1783],[5.6752,43.1763],[5.6963,43.1469],[5.741,43.1321],[5.7515,43.1317],[5.8085,43.0984],[5.8089,43.0984],[5.817,43.0985],[5.7819,43.0791],[5.819,43.0535],[5.8566,43.0448],[5.8753,43.0688],[5.9403,43.0709],[5.9514,43.08],[5.9106,43.0932],[5.9038,43.0992],[5.9985,43.0999],[6.0165,43.0989],[6.027,43.0782],[6.0846,43.0824],[6.1145,43.0724],[6.1147,43.0725],[6.1149,43.0724],[6.1175,43.0733],[6.1321,43.0526],[6.0977,43.0313],[6.1801,43.0359],[6.1528,43.0481],[6.162,43.0887],[6.245,43.1174],[6.2804,43.1187],[6.3423,43.0908],[6.3754,43.0908],[6.3661,43.1186],[6.3785,43.1361],[6.4038,43.1455],[6.5285,43.1285],[6.5289,43.1285],[6.6061,43.1766],[6.6099,43.1734],[6.6798,43.2016],[6.6745,43.2192],[6.7673,43.2771],[6.9335,43.3806],[6.9373,43.383],[7.0118,43.4294],[7.049,43.4526],[7.0863,43.4758],[7.1073,43.4889],[7.2,43.5466],[7.2773,43.5948],[7.3624,43.6479],[7.4029,43.6731],[7.4049,43.6744],[7.4361,43.6938],[7.4474,43.6958],[7.4899,43.7033],[7.5324,43.7107],[7.5324,43.744],[7.515,43.744],[7.515,43.86],[7.4797,43.86],[7.5023,43.7922],[7.4779,43.8655],[7.4935,43.8862],[7.5569,43.9441],[7.6309,43.9935],[7.6348,44.0015],[7.6534,44.0397],[7.6899,44.0673],[7.6879,44.0908],[7.6419,44.1436],[7.6556,44.1761],[7.6247,44.1801],[7.5836,44.1607],[7.5548,44.1591],[7.43,44.1331],[7.3808,44.1229],[7.3406,44.1237],[7.3093,44.1475],[7.2513,44.16],[7.145,44.2072],[7.0335,44.2429],[6.9961,44.2378],[6.9734,44.2494],[6.9592,44.2774],[6.9212,44.3022],[6.8784,44.3546],[6.8661,44.3721],[6.8772,44.4144],[6.9178,44.4363],[6.8613,44.4749],[6.8388,44.5029],[6.8464,44.5475],[6.8973,44.5754],[6.9456,44.6254],[6.9383,44.658],[6.9828,44.6922],[7.0552,44.6849],[7.0388,44.7121],[7.019,44.7389],[6.9984,44.7938],[7.0071,44.8221],[6.9828,44.847],[6.9327,44.8617],[6.866,44.8557],[6.7782,44.8876],[6.7279,44.9287],[6.7299,44.9847],[6.7235,45.0134],[6.6972,45.0269],[6.6622,45.0292],[6.6397,45.0504],[6.6366,45.0745],[6.6027,45.1035],[6.6294,45.1235],[6.6674,45.1396],[6.6944,45.1403],[6.7364,45.1573],[6.7715,45.1532],[6.8441,45.1301],[6.8767,45.1412],[6.8813,45.1684],[6.9138,45.1702],[6.9587,45.2098],[7.0297,45.2282],[7.0502,45.215],[7.1084,45.2592],[7.0926,45.324],[7.1301,45.3571],[7.1607,45.4109],[7.0968,45.4354],[7.0754,45.4663],[7.1316,45.5099],[7.1462,45.4922],[7.2123,45.4838],[7.3855,45.5244],[7.4646,45.5742],[7.5459,45.5898],[7.6424,45.5746],[7.673,45.5636],[7.7493,45.5641],[7.784,45.5814],[7.8802,45.6027],[7.9195,45.649],[7.911,45.6841],[7.9163,45.7297],[7.8823,45.7529],[7.8635,45.806],[7.8477,45.9077],[7.8559,45.9193],[7.8496,45.9397],[7.8982,45.9819],[7.9858,45.9993],[8.0107,46.0297],[8.0182,46.0809],[8.0354,46.0965],[8.0669,46.1006],[8.1106,46.127],[8.1323,46.1594],[8.1295,46.196],[8.1,46.2356],[8.0731,46.2536],[8.0873,46.2718],[8.1285,46.2925],[8.1926,46.3092],[8.2418,46.3541],[8.2915,46.3784],[8.2866,46.4054],[8.3163,46.4337],[8.3859,46.4502],[8.396,46.4909],[8.4476,46.5046],[8.4769,46.5318],[8.5098,46.5509],[8.5238,46.5785],[8.5487,46.585],[8.6363,46.5712],[8.6779,46.5836],[8.7112,46.573],[8.7884,46.5681],[8.8473,46.5752],[8.8981,46.5893],[8.9148,46.6204],[8.956,46.6306],[8.9648,46.6148],[9.0221,46.6049],[9.0385,46.5907],[9.0152,46.5335],[9.0486,46.4809],[9.0773,46.4823],[9.0978,46.4161],[9.0891,46.3637],[9.057,46.299],[9.0875,46.2206],[9.1638,46.173],[9.1813,46.2041],[9.2248,46.2312],[9.2397,46.267],[9.269,46.3094],[9.2738,46.3443],[9.2604,46.3797],[9.2609,46.4167],[9.238,46.4365],[9.2632,46.4851],[9.2823,46.4974],[9.331,46.5015],[9.3771,46.4687],[9.4107,46.4889],[9.4379,46.492],[9.4438,46.3961],[9.4516,46.3704],[9.4826,46.3568],[9.5153,46.3086],[9.5597,46.2927],[9.6743,46.2918],[9.7084,46.3117],[9.7093,46.3424],[9.7309,46.3507],[9.7681,46.3386],[9.8554,46.367],[9.899,46.3722],[9.964,46.3561],[9.9776,46.2981],[10.0317,46.2601],[10.0427,46.2205],[10.0757,46.22],[10.1458,46.2433],[10.1589,46.2624],[10.1049,46.3094],[10.0918,46.329],[10.105,46.3614],[10.1332,46.3811],[10.1334,46.414],[10.0421,46.4327],[10.0263,46.4463],[10.044,46.467],[10.0269,46.4932],[10.0328,46.533],[10.0712,46.5644],[10.0878,46.6044],[10.1921,46.6268],[10.2338,46.618],[10.2347,46.5753],[10.2759,46.5655],[10.2954,46.5511],[10.3543,46.5483],[10.4259,46.5353],[10.4518,46.5467],[10.4659,46.5785],[10.4591,46.6236],[10.4382,46.6357],[10.3956,46.6388],[10.3692,46.6724],[10.3944,46.7008],[10.3997,46.7355],[10.4287,46.7556],[10.4172,46.7989],[10.4485,46.8322],[10.4538,46.8644],[10.4638,46.9197],[10.4585,46.9366],[10.4156,46.9624],[10.3947,46.9854],[10.3679,46.9955],[10.3389,46.9841],[10.2962,46.9414],[10.2957,46.9227],[10.2351,46.9233],[10.2014,46.8668],[10.1252,46.8468],[10.0834,46.908],[10.0844,46.9263],[10.1204,46.9552],[10.1294,46.985],[10.1247,47.0218],[10.1382,47.0773],[10.2021,47.161],[10.2034,47.1987],[10.175,47.2724],[10.2394,47.2777],[10.3059,47.3022],[10.3434,47.3308],[10.3657,47.3611],[10.4116,47.381],[10.452,47.4388],[10.4422,47.4814],[10.4196,47.493],[10.431,47.5422],[10.4142,47.573],[10.4536,47.5811],[10.4535,47.5462],[10.4825,47.5329],[10.5251,47.5285],[10.5837,47.5625],[10.6079,47.5623],[10.7399,47.5285],[10.7522,47.5154],[10.7903,47.5161],[10.8586,47.5307],[10.8922,47.5149],[10.8516,47.4931],[10.9099,47.469],[10.92,47.4616],[10.92,49.05],[11.55,49.05],[11.55,49.75],[12.3,49.75],[12.3,50.0271],[12.2469,50.045],[12.2325,50.0805],[12.1879,50.1028],[12.1792,50.118],[12.1827,50.1707],[12.1393,50.211],[12.0796,50.2427],[12.1091,50.2638],[12.1073,50.2909],[12.0761,50.3152],[12.1013,50.314],[12.0937,50.3226],[12.0399,50.3288],[11.986,50.3516],[11.9812,50.3853],[11.9405,50.4145],[11.9053,50.4152],[11.8997,50.4293],[11.9311,50.4403],[11.9475,50.4622],[11.9258,50.4884],[11.9447,50.5159],[11.9894,50.5461],[12.0485,50.5316],[12.0812,50.5613],[12.1454,50.5625],[12.1587,50.6037],[12.1869,50.6264],[12.2529,50.6263],[12.29,50.6434],[12.3218,50.674],[12.2855,50.677],[12.2628,50.7222],[12.2412,50.7222],[12.2492,50.7426],[12.2855,50.7693],[12.258,50.7925],[12.3308,50.8064],[12.3642,50.8233],[12.4244,50.8243],[12.4628,50.8566],[12.5275,50.8766],[12.6017,50.8764],[12.6109,50.8701],[12.6472,50.8999],[12.6022,50.9525],[12.5457,50.9713],[12.4914,51.0285],[12.4837,51.0583],[12.3289,51.0878],[12.2646,51.0838],[12.2464,51.0326],[12.2754,51.0098],[12.2171,50.9542],[12.2008,50.9279],[12.1595,50.952],[12.1204,50.9445],[12.0679,50.9561],[12.0046,50.949],[11.9609,50.971],[11.9314,50.9981],[11.8607,51.0226],[11.7326,51.0175],[11.6974,51.0642],[11.6891,51.0919],[11.6631,51.1012],[11.6275,51.0956],[11.5352,51.1003],[11.5047,51.0892],[11.4274,51.0988],[11.4264,51.1077],[11.4203,51.1597],[11.3886,51.1899],[11.333,51.2163],[11.3524,51.2301],[11.4224,51.2437],[11.4519,51.2715],[11.3672,51.3575],[11.3149,51.3833],[11.1962,51.3974],[11.1538,51.3969],[10.9991,51.4087],[10.9645,51.4278],[10.9718,51.4627],[10.9454,51.4995],[10.9477,51.5185],[10.9115,51.5711],[10.9519,51.577],[10.9456,51.5947],[10.8035,51.6326],[10.7134,51.6311],[10.6976,51.6374],[10.6489,51.6197],[10.6292,51.601],[10.6542,51.5782],[10.6453,51.5611],[10.6104,51.5726],[10.562,51.5574],[10.5142,51.5563],[10.4788,51.5747],[10.4217,51.5919],[10.3749,51.5857],[10.3646,51.5424],[10.3064,51.5106],[10.2945,51.4935],[10.2396,51.4721],[10.1947,51.4794],[10.1497,51.4318],[10.0847,51.4311],[10.0661,51.4209],[10.0457,51.4321],[10,51.4083],[9.9492,51.3818],[9.9058,51.4037],[9.9042,51.417],[9.8628,51.4087],[9.8755,51.3847],[9.8564,51.3721],[9.826,51.4009],[9.8017,51.3972],[9.7137,51.3638],[9.7545,51.3309],[9.7843,51.3359],[9.7621,51.3093],[9.7115,51.2915],[9.6826,51.315],[9.5694,51.3423],[9.5347,51.3666],[9.5709,51.3614],[9.5636,51.3845],[9.5821,51.3988],[9.6325,51.4009],[9.6387,51.468],[9.5968,51.5116],[9.6197,51.5525],[9.6451,51.5517],[9.644,51.5719],[9.6713,51.5593],[9.6861,51.5719],[9.6508,51.6112],[9.6234,51.6295],[9.5926,51.6257],[9.5493,51.6403],[9.5326,51.6303],[9.4944,51.6321],[9.4904,51.6493],[9.4401,51.649],[9.4178,51.6271],[9.3331,51.6067],[9.3538,51.5955],[9.336,51.554],[9.2963,51.5176],[9.2243,51.487],[9.2148,51.4587],[9.158,51.4389],[9.1087,51.4429],[9.0843,51.46],[9.0846,51.483],[9.0154,51.5092],[8.9062,51.4809],[8.8981,51.4667],[8.9162,51.4229],[8.9495,51.4089],[8.9351,51.3913],[8.8936,51.39],[8.858,51.3754],[8.8146,51.3817],[8.7277,51.3731],[8.6855,51.3634],[8.5939,51.296],[8.58,51.2649],[8.6079,51.2413],[8.7169,51.2711],[8.7317,51.2498],[8.7522,51.1878],[8.7502,51.1728],[8.6957,51.1305],[8.7044,51.1047],[8.6584,51.0884],[8.6272,51.0936],[8.5247,51.0933],[8.5449,51.0207],[8.4696,50.9438],[8.4638,50.9145],[8.4441,50.916],[8.3641,50.8616],[8.3145,50.8645],[8.2996,50.8809],[8.1972,50.8271],[8.1872,50.8115],[8.1393,50.785],[8.145,50.7623],[8.1751,50.7421],[8.1669,50.7079],[8.1345,50.684],[8.0895,50.6968],[8.0563,50.6909],[8.0338,50.726],[7.9811,50.7735],[7.9839,50.803],[7.9703,50.837],[7.9425,50.832],[7.8856,50.8669],[7.8446,50.882],[7.8597,50.9225],[7.8016,50.9327],[7.7575,50.9113],[7.7677,50.8365],[7.7406,50.842],[7.6756,50.81],[7.6989,50.7816],[7.6134,50.7494],[7.5995,50.7334],[7.5633,50.7328],[7.5324,50.721],[7.4486,50.7062],[7.3869,50.7037],[7.3715,50.6426],[7.3405,50.6289],[7.2826,50.6188],[7.2263,50.6214],[7.2148,50.6272],[7.21,50.64],[7.18,50.68],[7.12,50.73],[7.07,50.78],[7,50.82],[6.97,50.94],[6.98,51],[6.95,51.05],[6.86,51.1],[6.8,51.17],[6.76,51.23],[6.74,51.27],[6.68,51.35],[6.7157,51.4],[6.73,51.4],[6.8,51.45],[6.85,51.55],[6.82,51.65],[6.7,51.75],[6.5,51.83],[6.4555,51.85],[6.4794,51.853],[6.5286,51.8764],[6.6282,51.8975],[6.7167,51.8993],[6.7438,51.9083],[6.7898,51.9511],[6.8107,51.9606],[6.804,51.9844],[6.7782,52.0013],[6.675,52.0348],[6.6799,52.0605],[6.7114,52.0673],[6.7329,52.092],[6.7716,52.1088],[6.7595,52.1145],[6.6619,52.1273],[6.6667,52.1645],[6.6017,52.1659],[6.5974,52.1781],[6.4952,52.1772],[6.4659,52.1944],[6.4114,52.2446],[6.3817,52.2468],[6.3225,52.2295],[6.2592,52.2289],[6.1796,52.2377],[6.1543,52.2256],[6.1241,52.2562],[6.1065,52.2997],[6.068,52.3218],[6.0816,52.3706],[6.12,52.3804],[6.1327,52.4213],[6.0954,52.4679],[6.0496,52.5053],[6.0307,52.511],[5.9697,52.485],[5.925,52.484],[5.8915,52.5204],[5.8669,52.5218],[5.8465,52.5777],[5.8442,52.6053],[5.895,52.6195],[5.9396,52.6167],[6.0198,52.6376],[5.9978,52.6538],[5.9265,52.6717],[5.9453,52.6888],[5.9234,52.7399],[5.8584,52.7794],[5.7852,52.8037],[5.7405,52.8387],[5.6808,52.8379],[5.6323,52.8281],[5.5579,52.7926],[5.3703,52.7903],[5.2602,52.8654],[5.1798,53.009],[5.1798,53.0488],[5.1492,53.0488],[5.1492,53.1051],[5.1187,53.1051],[5.1187,53.1666],[5.027,53.1666],[5.027,53.1908],[4.9883,53.179],[4.9495,53.1672],[4.8974,53.1512],[4.8872,53.1644],[4.8872,53.1833],[4.8868,53.1831],[4.8868,53.1833],[4.8858,53.1827],[4.8858,53.1867],[4.8543,53.1877],[4.8057,53.133],[4.7597,53.1091],[4.7167,53.096],[4.7068,53.093],[4.4064,52.5894],[4.3168,52.4391],[4.2944,52.4015],[4.2719,52.3639],[4.2271,52.2887],[4.0493,51.9907],[4.0225,51.9944],[4.01,51.9801],[4.0257,51.951],[3.9638,51.8472],[3.9627,51.8474],[3.8623,51.8161],[3.8716,51.7883],[3.9339,51.7971],[3.9173,51.7693],[3.9016,51.743],[3.8101,51.7473],[3.7928,51.7457],[3.7892,51.7459],[3.7888,51.7459],[3.7825,51.7448],[3.7258,51.7397],[3.7054,51.7314],[3.6988,51.7303],[3.6988,51.7288],[3.6895,51.725],[3.6867,51.6927],[3.7206,51.6768],[3.7654,51.6784],[3.7758,51.6858],[3.8159,51.693],[3.8244,51.69],[3.8596,51.6726],[3.8284,51.6204],[3.8118,51.6115],[3.5604,51.5946],[3.5469,51.5894],[3.5008,51.5775],[3.4838,51.5652],[3.4575,51.5551],[3.447,51.546],[3.4619,51.519],[3.4948,51.5009],[3.5321,51.4626],[3.4881,51.4392],[3.4608,51.4246],[3.4179,51.4017],[3.3878,51.3857],[3.3828,51.3847],[3.3496,51.3778],[3.3477,51.3774],[3.3126,51.3702],[3.2775,51.3629],[3.2236,51.3518],[3.2073,51.3464],[3.1248,51.3297],[2.9983,51.2774],[2.9608,51.265],[2.9162,51.2478],[2.6523,51.1824],[2.5658,51.1609],[2.5226,51.1502],[2.5144,51.1482],[2.4793,51.1401],[2.1333,51.0605],[2.0901,51.0505],[2.0468,51.0405],[1.9603,51.0206],[1.6396,50.9468],[1.6143,50.8782],[1.5806,50.8688],[1.5946,50.8248],[1.512,50.6011],[1.4707,50.4893],[1.4501,50.4334],[1.4398,50.4055],[1.4294,50.3775],[1.3696,50.2153],[1.3489,50.1593],[1.3372,50.1276],[1.2877,50.111],[1.268,50.1044],[1.1871,50.0772],[1.0252,50.0229],[0.0541,49.6971],[-0.1077,49.6428],[-0.1887,49.6156],[-0.2696,49.5885],[-0.31,49.5749],[-0.3505,49.5613],[-0.4314,49.5342],[-0.5933,49.4799],[-0.887,49.3813],[-0.9169,49.3864],[-0.9404,49.3923],[-0.9543,49.3928],[-0.9592,49.3936],[-0.9596,49.3936],[-0.9698,49.3933],[-1.0723,49.3968],[-1.084,49.3909],[-1.158,49.4245],[-1.1847,49.4366],[-1.1932,49.4457],[-1.212,49.4688],[-1.2328,49.4943],[-1.263,49.5914],[-1.2533,49.6123],[-1.2278,49.6241],[-1.2322,49.6414],[-1.258,49.6792],[-1.258,49.68],[-1.2587,49.6802],[-1.2711,49.6984],[-1.3913,49.7127],[-1.4557,49.7022],[-1.4752,49.6884],[-1.5894,49.6679],[-1.7044,49.6818],[-1.7249,49.682],[-1.7251,49.682],[-1.9348,49.7772],[-1.9347,49.777],[-1.9352,49.7772],[-1.9351,49.7767],[-1.9352,49.7768],[-1.9208,49.7253],[-1.9352,49.7241],[-1.9456,49.678],[-1.9051,49.6693],[-1.8704,49.5452],[-1.8847,49.5309],[-1.8602,49.5086],[-1.7352,49.0619],[-1.6727,48.8386],[-1.6415,48.727],[-1.6266,48.6738],[-1.6185,48.645],[-1.6404,48.6483],[-1.6719,48.6532],[-1.735,48.6628],[-1.8466,48.68],[-1.8363,48.6911],[-1.8437,48.7121],[-1.9484,48.6956],[-2.022,48.7069],[-2.0588,48.7125],[-2.0588,48.667],[-2.022,48.667],[-2.022,48.6495],[-2.0287,48.6433],[-2.0275,48.6415],[-2.022,48.6333],[-2.022,48.6159],[-2.0323,48.6159],[-2.0175,48.5907],[-1.9988,48.5907],[-1.9988,48.5654],[-1.9982,48.5648],[-1.9652,48.5648],[-1.9491,48.5392],[-1.9485,48.5383],[-1.9251,48.5448],[-1.9102,48.5036],[-1.918,48.473],[-1.944,48.4467],[-1.9517,48.4228],[-1.9327,48.3639],[-1.9615,48.3421],[-1.9615,48.3003],[-1.9824,48.2803],[-2.066,48.2952],[-2.1172,48.2608],[-2.1602,48.2607],[-2.186,48.2226],[-2.2108,48.2096],[-2.2319,48.1641],[-2.2873,48.1337],[-2.2352,48.0786],[-2.1882,48.0797],[-2.1913,48.0525],[-2.2576,48.0389],[-2.2711,48.0054],[-2.2554,47.9974],[-2.1677,47.9847],[-2.1243,47.9636],[-2.106,47.945],[-2.1002,47.9119],[-2.1095,47.8488],[-2.0612,47.8463],[-2.0524,47.8218],[-2.068,47.7962],[-2.1223,47.7743],[-2.1103,47.7588],[-2.0716,47.7572],[-2.0767,47.7333],[-2.1159,47.7317],[-2.1263,47.7142],[-2.1062,47.669],[-2.1028,47.6393],[-2.0885,47.6326],[-2.0858,47.608],[-2.11,47.5423],[-2.1544,47.5131],[-2.1868,47.4814],[-2.2109,47.5076],[-2.2534,47.4953],[-2.3023,47.5016],[-2.3345,47.464],[-2.4041,47.4556],[-2.4331,47.4658],[-2.4611,47.4526],[-2.4649,47.4535],[-2.4649,47.4322],[-2.5014,47.4322],[-2.5014,47.4247],[-2.5379,47.4247],[-2.5379,47.4473],[-2.684,47.4473],[-2.684,47.411],[-2.7238,47.411],[-2.7238,47.4045]]],[[[-2.6735,49.4335],[-2.6693,49.4309],[-2.5731,49.4309],[-2.5521,49.4267],[-2.549,49.4283],[-2.5472,49.4279],[-2.5472,49.428],[-2.5468,49.4279],[-2.5456,49.4301],[-2.5341,49.4362],[-2.5267,49.4585],[-2.5245,49.4688],[-2.5127,49.4903],[-2.5058,49.498],[-2.5017,49.5067],[-2.5182,49.5155],[-2.5382,49.5098],[-2.5496,49.5042],[-2.5736,49.4954],[-2.5802,49.4936],[-2.5825,49.4922],[-2.648,49.4682],[-2.6479,49.4679],[-2.648,49.4678],[-2.6464,49.464],[-2.6503,49.4637],[-2.6566,49.4594],[-2.6518,49.4452],[-2.663,49.4438],[-2.6735,49.4335]]],[[[-2.242,49.248],[-2.2332,49.2285],[-2.2296,49.2165],[-2.2376,49.1766],[-2.2375,49.1766],[-2.2376,49.1762],[-2.2372,49.1763],[-2.2372,49.1762],[-2.1826,49.1841],[-2.1772,49.1802],[-2.1687,49.1783],[-2.1626,49.1866],[-2.1013,49.1866],[-2.097,49.1837],[-2.08,49.1787],[-2.0734,49.1786],[-2.054,49.1693],[-2.0537,49.1694],[-2.0536,49.1693],[-2.0354,49.1744],[-2.0245,49.1713],[-2.0237,49.1777],[-2.0104,49.1814],[-2.0105,49.1818],[-2.0104,49.1818],[-2.014,49.2072],[-2.0083,49.2125],[-2.0158,49.2196],[-2.0176,49.2321],[-2.021,49.2333],[-2.0207,49.2353],[-2.0679,49.2507],[-2.0827,49.2602],[-2.1039,49.2582],[-2.1059,49.2568],[-2.1218,49.2582],[-2.122,49.2583],[-2.1438,49.2619],[-2.1517,49.267],[-2.1618,49.2618],[-2.2192,49.2669],[-2.2196,49.2669],[-2.2209,49.2605],[-2.2294,49.263],[-2.2411,49.2602],[-2.242,49.248]]]]}},
{"type":"Feature","properties":{"entityId":"frankish-kingdom","from":736,"to":752,"certainty":"estimated","source":"유럽 쪽은 Natural Earth 1:10m admin-1(v5.1.2) 현대 행정구역 조각을 그 시기 국경에 맞춰 묶고, 조각이 역사 경계와 다른 곳은 선을 그어 나눈 근사. 유럽 밖(시베리아·중앙아시아·극동)은 대략적인 추정. 운영자 검수 필요"},"geometry":{"type":"MultiPolygon","coordinates":[[[[-2.7238,47.4045],[-2.684,47.3772],[-2.6458,47.351],[-2.365,47.1585],[-2.3168,47.1254],[-2.2491,47.079],[-2.2382,47.0715],[-2.2268,47.0637],[-2.2098,47.0464],[-2.2079,47.0445],[-2.1814,47.0175],[-2.1814,47.0291],[-2.046,47.0291],[-2.046,47.0644],[-2.0183,47.0644],[-2.0183,47.0306],[-2.0001,47.0306],[-1.9907,47.0354],[-1.9684,47.0252],[-1.9084,46.9773],[-1.8766,46.9594],[-1.7716,46.9245],[-1.7203,46.8846],[-1.6518,46.8791],[-1.5501,46.8599],[-1.5,46.8827],[-1.5394,46.9457],[-1.553,46.9934],[-1.5466,47.0201],[-1.4982,47.0354],[-1.468,47.0105],[-1.468,46.9556],[-1.4595,46.9404],[-1.4241,46.9358],[-1.3787,46.957],[-1.3624,46.986],[-1.368,47.024],[-1.3439,47.0451],[-1.3054,47.0392],[-1.2697,47.0763],[-1.2312,47.067],[-1.1486,47.0295],[-1.0753,47.0072],[-1.0349,47.0032],[-0.9934,47.0204],[-0.946,47.0004],[-0.935,47.0166],[-0.8704,46.9942],[-0.8375,46.9897],[-0.7804,46.997],[-0.6965,46.9881],[-0.6324,46.9924],[-0.5492,47.0252],[-0.5551,47.061],[-0.5177,47.0754],[-0.4732,47.0664],[-0.3763,47.0881],[-0.2697,47.0972],[-0.1706,47.0983],[-0.143,47.0628],[-0.109,47.0696],[-0.0918,47.0861],[-0.0531,47.0963],[-0.0369,47.1279],[-0.004,47.1566],[0.0668,47.1537],[0.0921,47.1218],[0.1287,47.1273],[0.1403,47.103],[0.1919,47.1023],[0.2001,47.0555],[0.2493,47.0636],[0.2772,47.0453],[0.307,47.0426],[0.3082,46.9515],[0.3267,46.9385],[0.3887,46.9389],[0.4339,46.9327],[0.4837,46.9508],[0.5631,46.9533],[0.5837,46.965],[0.5691,47.0007],[0.5844,47.0013],[0.682,46.9583],[0.7134,46.9001],[0.8315,46.7794],[0.8808,46.7505],[0.9165,46.7663],[0.9407,46.7432],[0.9798,46.7553],[1.0058,46.8036],[1.0354,46.9157],[1.0373,46.942],[1.058,46.9497],[1.0564,46.9965],[1.0743,47.014],[1.1543,47.0344],[1.2368,47.017],[1.2698,47.0415],[1.2937,47.0723],[1.307,47.0716],[1.3175,47.1028],[1.3556,47.1084],[1.3569,47.1519],[1.3267,47.1863],[1.4237,47.2264],[1.4717,47.2358],[1.5247,47.2257],[1.5482,47.2578],[1.5929,47.2576],[1.6039,47.2847],[1.6727,47.2727],[1.7244,47.2892],[1.839,47.2192],[1.8909,47.2149],[1.91,47.2284],[1.9144,47.2612],[1.9499,47.2845],[2.0008,47.2703],[2.0511,47.2657],[2.1008,47.2701],[2.1391,47.2861],[2.1487,47.3086],[2.1203,47.3597],[2.1157,47.3917],[2.1273,47.4161],[2.1524,47.4272],[2.2164,47.4113],[2.2451,47.4112],[2.2586,47.4392],[2.246,47.4817],[2.2225,47.5022],[2.1992,47.5413],[2.1411,47.5489],[2.1284,47.5591],[2.1328,47.5877],[2.1629,47.6035],[2.2391,47.621],[2.2945,47.6222],[2.3725,47.5952],[2.4419,47.6069],[2.4892,47.5766],[2.5663,47.5728],[2.5844,47.5637],[2.6265,47.518],[2.6789,47.485],[2.7039,47.4867],[2.7331,47.525],[2.7544,47.5235],[2.7976,47.4974],[2.8747,47.5205],[2.9303,47.4529],[2.9247,47.4124],[2.875,47.3371],[2.9721,47.2669],[2.9899,47.2161],[3.0335,47.1222],[3.0316,47.0758],[3.0684,47.0455],[3.0756,46.974],[3.0542,46.9133],[3.0732,46.8703],[3.0352,46.8149],[3.0298,46.7909],[3.0329,46.7685],[3.0711,46.7392],[3.1592,46.7186],[3.1856,46.6963],[3.216,46.6872],[3.256,46.701],[3.313,46.699],[3.3683,46.6862],[3.4076,46.7114],[3.4335,46.7058],[3.457,46.6747],[3.4607,46.6515],[3.495,46.6541],[3.5599,46.6814],[3.5676,46.7063],[3.5888,46.7158],[3.5968,46.7429],[3.6249,46.7393],[3.6579,46.6859],[3.6987,46.6571],[3.743,46.6102],[3.7409,46.5493],[3.81,46.5219],[3.8349,46.5219],[3.8782,46.4928],[3.9367,46.4841],[3.9788,46.4626],[3.9887,46.4225],[3.9791,46.3949],[3.9859,46.3562],[4.0013,46.3354],[3.9783,46.3122],[3.8865,46.2762],[3.8211,46.2618],[3.7723,46.2338],[3.7928,46.1619],[3.7903,46.1095],[3.8176,46.0086],[3.7805,45.9804],[3.7183,45.9718],[3.6795,45.957],[3.6817,45.9334],[3.7148,45.9141],[3.7304,45.892],[3.7133,45.8579],[3.697,45.7893],[3.7521,45.7329],[3.8039,45.6491],[3.9206,45.5767],[3.9321,45.5635],[3.9689,45.4824],[3.9535,45.4527],[3.9079,45.4142],[3.8855,45.3587],[3.9025,45.3455],[3.9292,45.3616],[3.9706,45.3685],[4.0032,45.3448],[4.1276,45.3567],[4.16,45.3867],[4.217,45.3841],[4.2732,45.3739],[4.3025,45.3929],[4.3256,45.3809],[4.3517,45.3337],[4.3388,45.3067],[4.3591,45.2736],[4.4057,45.2694],[4.4627,45.2365],[4.4778,45.226],[4.4682,45.1884],[4.4431,45.1509],[4.4395,45.1256],[4.42,45.1168],[4.3839,45.136],[4.3686,45.1256],[4.3838,45.107],[4.3517,45.0763],[4.3686,45.0441],[4.3602,45.033],[4.3114,45.0257],[4.2889,45.0013],[4.2966,44.9742],[4.2521,44.9601],[4.2154,44.9589],[4.1933,44.9145],[4.1535,44.8754],[4.0235,44.8611],[4.0134,44.8361],[3.9475,44.8184],[3.8938,44.758],[3.8722,44.7509],[3.8685,44.7221],[3.8919,44.6632],[3.9003,44.6221],[3.922,44.5803],[3.9433,44.5699],[3.9655,44.5355],[3.994,44.4579],[4.0218,44.4395],[4.0497,44.4035],[4.0361,44.3756],[4.0443,44.3311],[4.1306,44.3317],[4.1408,44.3216],[4.229,44.2853],[4.2511,44.2818],[4.3338,44.3307],[4.3731,44.3397],[4.3967,44.3283],[4.4074,44.2927],[4.4451,44.3011],[4.4656,44.336],[4.5208,44.3368],[4.5506,44.3271],[4.5852,44.3007],[4.6578,44.2817],[4.6856,44.2403],[4.6881,44.2194],[4.7213,44.1902],[4.719,44.1247],[4.7295,44.0859],[4.7779,44.0843],[4.8444,44.0221],[4.8475,44.0022],[4.8209,44.0004],[4.822,43.9758],[4.8064,43.9529],[4.7728,43.9328],[4.7267,43.9172],[4.6409,43.8706],[4.6464,43.7949],[4.6169,43.741],[4.6049,43.696],[4.5415,43.7129],[4.4995,43.7063],[4.4516,43.6666],[4.4296,43.6248],[4.4599,43.6178],[4.4483,43.5873],[4.413,43.5819],[4.4004,43.5622],[4.3371,43.5321],[4.2476,43.501],[4.2313,43.4715],[4.2059,43.4599],[4.1987,43.4626],[4.1987,43.3194],[4.2471,43.3303],[4.2955,43.3411],[4.3922,43.3627],[4.5558,43.3993],[4.5808,43.3958],[4.5663,43.3711],[4.5923,43.3599],[4.6659,43.3475],[4.8203,43.3464],[4.8224,43.3626],[4.846,43.3594],[4.8558,43.3418],[4.8792,43.3548],[5.0519,43.3311],[5.0648,43.328],[5.0748,43.328],[5.3541,43.2897],[5.3573,43.2803],[5.3692,43.2704],[5.347,43.2159],[5.4398,43.2076],[5.5174,43.2074],[5.542,43.2028],[5.5727,43.1691],[5.6124,43.1604],[5.6329,43.1856],[5.6717,43.1783],[5.6752,43.1763],[5.6963,43.1469],[5.741,43.1321],[5.7515,43.1317],[5.8085,43.0984],[5.8089,43.0984],[5.817,43.0985],[5.7819,43.0791],[5.819,43.0535],[5.8566,43.0448],[5.8753,43.0688],[5.9403,43.0709],[5.9514,43.08],[5.9106,43.0932],[5.9038,43.0992],[5.9985,43.0999],[6.0165,43.0989],[6.027,43.0782],[6.0846,43.0824],[6.1145,43.0724],[6.1147,43.0725],[6.1149,43.0724],[6.1175,43.0733],[6.1321,43.0526],[6.0977,43.0313],[6.1801,43.0359],[6.1528,43.0481],[6.162,43.0887],[6.245,43.1174],[6.2804,43.1187],[6.3423,43.0908],[6.3754,43.0908],[6.3661,43.1186],[6.3785,43.1361],[6.4038,43.1455],[6.5285,43.1285],[6.5289,43.1285],[6.6061,43.1766],[6.6099,43.1734],[6.6798,43.2016],[6.6745,43.2192],[6.7673,43.2771],[6.9335,43.3806],[6.9373,43.383],[7.0118,43.4294],[7.049,43.4526],[7.0863,43.4758],[7.1073,43.4889],[7.2,43.5466],[7.2773,43.5948],[7.3624,43.6479],[7.4029,43.6731],[7.4049,43.6744],[7.4361,43.6938],[7.4474,43.6958],[7.4899,43.7033],[7.5324,43.7107],[7.5324,43.744],[7.515,43.744],[7.515,43.86],[7.4797,43.86],[7.5023,43.7922],[7.4779,43.8655],[7.4935,43.8862],[7.5569,43.9441],[7.6309,43.9935],[7.6348,44.0015],[7.6534,44.0397],[7.6899,44.0673],[7.6879,44.0908],[7.6419,44.1436],[7.6556,44.1761],[7.6247,44.1801],[7.5836,44.1607],[7.5548,44.1591],[7.43,44.1331],[7.3808,44.1229],[7.3406,44.1237],[7.3093,44.1475],[7.2513,44.16],[7.145,44.2072],[7.0335,44.2429],[6.9961,44.2378],[6.9734,44.2494],[6.9592,44.2774],[6.9212,44.3022],[6.8784,44.3546],[6.8661,44.3721],[6.8772,44.4144],[6.9178,44.4363],[6.8613,44.4749],[6.8388,44.5029],[6.8464,44.5475],[6.8973,44.5754],[6.9456,44.6254],[6.9383,44.658],[6.9828,44.6922],[7.0552,44.6849],[7.0388,44.7121],[7.019,44.7389],[6.9984,44.7938],[7.0071,44.8221],[6.9828,44.847],[6.9327,44.8617],[6.866,44.8557],[6.7782,44.8876],[6.7279,44.9287],[6.7299,44.9847],[6.7235,45.0134],[6.6972,45.0269],[6.6622,45.0292],[6.6397,45.0504],[6.6366,45.0745],[6.6027,45.1035],[6.6294,45.1235],[6.6674,45.1396],[6.6944,45.1403],[6.7364,45.1573],[6.7715,45.1532],[6.8441,45.1301],[6.8767,45.1412],[6.8813,45.1684],[6.9138,45.1702],[6.9587,45.2098],[7.0297,45.2282],[7.0502,45.215],[7.1084,45.2592],[7.0926,45.324],[7.1301,45.3571],[7.1607,45.4109],[7.0968,45.4354],[7.0754,45.4663],[7.1316,45.5099],[7.1462,45.4922],[7.2123,45.4838],[7.3855,45.5244],[7.4646,45.5742],[7.5459,45.5898],[7.6424,45.5746],[7.673,45.5636],[7.7493,45.5641],[7.784,45.5814],[7.8802,45.6027],[7.9195,45.649],[7.911,45.6841],[7.9163,45.7297],[7.8823,45.7529],[7.8635,45.806],[7.8477,45.9077],[7.8559,45.9193],[7.8496,45.9397],[7.8982,45.9819],[7.9858,45.9993],[8.0107,46.0297],[8.0182,46.0809],[8.0354,46.0965],[8.0669,46.1006],[8.1106,46.127],[8.1323,46.1594],[8.1295,46.196],[8.1,46.2356],[8.0731,46.2536],[8.0873,46.2718],[8.1285,46.2925],[8.1926,46.3092],[8.2418,46.3541],[8.2915,46.3784],[8.2866,46.4054],[8.3163,46.4337],[8.3859,46.4502],[8.396,46.4909],[8.4476,46.5046],[8.4769,46.5318],[8.5098,46.5509],[8.5238,46.5785],[8.5487,46.585],[8.6363,46.5712],[8.6779,46.5836],[8.7112,46.573],[8.7884,46.5681],[8.8473,46.5752],[8.8981,46.5893],[8.9148,46.6204],[8.956,46.6306],[8.9648,46.6148],[9.0221,46.6049],[9.0385,46.5907],[9.0152,46.5335],[9.0486,46.4809],[9.0773,46.4823],[9.0978,46.4161],[9.0891,46.3637],[9.057,46.299],[9.0875,46.2206],[9.1638,46.173],[9.1813,46.2041],[9.2248,46.2312],[9.2397,46.267],[9.269,46.3094],[9.2738,46.3443],[9.2604,46.3797],[9.2609,46.4167],[9.238,46.4365],[9.2632,46.4851],[9.2823,46.4974],[9.331,46.5015],[9.3771,46.4687],[9.4107,46.4889],[9.4379,46.492],[9.4438,46.3961],[9.4516,46.3704],[9.4826,46.3568],[9.5153,46.3086],[9.5597,46.2927],[9.6743,46.2918],[9.7084,46.3117],[9.7093,46.3424],[9.7309,46.3507],[9.7681,46.3386],[9.8554,46.367],[9.899,46.3722],[9.964,46.3561],[9.9776,46.2981],[10.0317,46.2601],[10.0427,46.2205],[10.0757,46.22],[10.1458,46.2433],[10.1589,46.2624],[10.1049,46.3094],[10.0918,46.329],[10.105,46.3614],[10.1332,46.3811],[10.1334,46.414],[10.0421,46.4327],[10.0263,46.4463],[10.044,46.467],[10.0269,46.4932],[10.0328,46.533],[10.0712,46.5644],[10.0878,46.6044],[10.1921,46.6268],[10.2338,46.618],[10.2347,46.5753],[10.2759,46.5655],[10.2954,46.5511],[10.3543,46.5483],[10.4259,46.5353],[10.4518,46.5467],[10.4659,46.5785],[10.4591,46.6236],[10.4382,46.6357],[10.3956,46.6388],[10.3692,46.6724],[10.3944,46.7008],[10.3997,46.7355],[10.4287,46.7556],[10.4172,46.7989],[10.4485,46.8322],[10.4538,46.8644],[10.4638,46.9197],[10.4585,46.9366],[10.4156,46.9624],[10.3947,46.9854],[10.3679,46.9955],[10.3389,46.9841],[10.2962,46.9414],[10.2957,46.9227],[10.2351,46.9233],[10.2014,46.8668],[10.1252,46.8468],[10.0834,46.908],[10.0844,46.9263],[10.1204,46.9552],[10.1294,46.985],[10.1247,47.0218],[10.1382,47.0773],[10.2021,47.161],[10.2034,47.1987],[10.175,47.2724],[10.2394,47.2777],[10.3059,47.3022],[10.3434,47.3308],[10.3657,47.3611],[10.4116,47.381],[10.452,47.4388],[10.4422,47.4814],[10.4196,47.493],[10.431,47.5422],[10.4142,47.573],[10.4536,47.5811],[10.4535,47.5462],[10.4825,47.5329],[10.5251,47.5285],[10.5837,47.5625],[10.6079,47.5623],[10.7399,47.5285],[10.7522,47.5154],[10.7903,47.5161],[10.8586,47.5307],[10.8922,47.5149],[10.8516,47.4931],[10.9099,47.469],[10.92,47.4616],[10.92,49.05],[11.55,49.05],[11.55,49.75],[12.3,49.75],[12.3,50.0271],[12.2469,50.045],[12.2325,50.0805],[12.1879,50.1028],[12.1792,50.118],[12.1827,50.1707],[12.1393,50.211],[12.0796,50.2427],[12.1091,50.2638],[12.1073,50.2909],[12.0761,50.3152],[12.1013,50.314],[12.0937,50.3226],[12.0399,50.3288],[11.986,50.3516],[11.9812,50.3853],[11.9405,50.4145],[11.9053,50.4152],[11.8997,50.4293],[11.9311,50.4403],[11.9475,50.4622],[11.9258,50.4884],[11.9447,50.5159],[11.9894,50.5461],[12.0485,50.5316],[12.0812,50.5613],[12.1454,50.5625],[12.1587,50.6037],[12.1869,50.6264],[12.2529,50.6263],[12.29,50.6434],[12.3218,50.674],[12.2855,50.677],[12.2628,50.7222],[12.2412,50.7222],[12.2492,50.7426],[12.2855,50.7693],[12.258,50.7925],[12.3308,50.8064],[12.3642,50.8233],[12.4244,50.8243],[12.4628,50.8566],[12.5275,50.8766],[12.6017,50.8764],[12.6109,50.8701],[12.6472,50.8999],[12.6022,50.9525],[12.5457,50.9713],[12.4914,51.0285],[12.4837,51.0583],[12.3289,51.0878],[12.2646,51.0838],[12.2464,51.0326],[12.2754,51.0098],[12.2171,50.9542],[12.2008,50.9279],[12.1595,50.952],[12.1204,50.9445],[12.0679,50.9561],[12.0046,50.949],[11.9609,50.971],[11.9314,50.9981],[11.8607,51.0226],[11.7326,51.0175],[11.6974,51.0642],[11.6891,51.0919],[11.6631,51.1012],[11.6275,51.0956],[11.5352,51.1003],[11.5047,51.0892],[11.4274,51.0988],[11.4264,51.1077],[11.4203,51.1597],[11.3886,51.1899],[11.333,51.2163],[11.3524,51.2301],[11.4224,51.2437],[11.4519,51.2715],[11.3672,51.3575],[11.3149,51.3833],[11.1962,51.3974],[11.1538,51.3969],[10.9991,51.4087],[10.9645,51.4278],[10.9718,51.4627],[10.9454,51.4995],[10.9477,51.5185],[10.9115,51.5711],[10.9519,51.577],[10.9456,51.5947],[10.8035,51.6326],[10.7134,51.6311],[10.6976,51.6374],[10.6489,51.6197],[10.6292,51.601],[10.6542,51.5782],[10.6453,51.5611],[10.6104,51.5726],[10.562,51.5574],[10.5142,51.5563],[10.4788,51.5747],[10.4217,51.5919],[10.3749,51.5857],[10.3646,51.5424],[10.3064,51.5106],[10.2945,51.4935],[10.2396,51.4721],[10.1947,51.4794],[10.1497,51.4318],[10.0847,51.4311],[10.0661,51.4209],[10.0457,51.4321],[10,51.4083],[9.9492,51.3818],[9.9058,51.4037],[9.9042,51.417],[9.8628,51.4087],[9.8755,51.3847],[9.8564,51.3721],[9.826,51.4009],[9.8017,51.3972],[9.7137,51.3638],[9.7545,51.3309],[9.7843,51.3359],[9.7621,51.3093],[9.7115,51.2915],[9.6826,51.315],[9.5694,51.3423],[9.5347,51.3666],[9.5709,51.3614],[9.5636,51.3845],[9.5821,51.3988],[9.6325,51.4009],[9.6387,51.468],[9.5968,51.5116],[9.6197,51.5525],[9.6451,51.5517],[9.644,51.5719],[9.6713,51.5593],[9.6861,51.5719],[9.6508,51.6112],[9.6234,51.6295],[9.5926,51.6257],[9.5493,51.6403],[9.5326,51.6303],[9.4944,51.6321],[9.4904,51.6493],[9.4401,51.649],[9.4178,51.6271],[9.3331,51.6067],[9.3538,51.5955],[9.336,51.554],[9.2963,51.5176],[9.2243,51.487],[9.2148,51.4587],[9.158,51.4389],[9.1087,51.4429],[9.0843,51.46],[9.0846,51.483],[9.0154,51.5092],[8.9062,51.4809],[8.8981,51.4667],[8.9162,51.4229],[8.9495,51.4089],[8.9351,51.3913],[8.8936,51.39],[8.858,51.3754],[8.8146,51.3817],[8.7277,51.3731],[8.6855,51.3634],[8.5939,51.296],[8.58,51.2649],[8.6079,51.2413],[8.7169,51.2711],[8.7317,51.2498],[8.7522,51.1878],[8.7502,51.1728],[8.6957,51.1305],[8.7044,51.1047],[8.6584,51.0884],[8.6272,51.0936],[8.5247,51.0933],[8.5449,51.0207],[8.4696,50.9438],[8.4638,50.9145],[8.4441,50.916],[8.3641,50.8616],[8.3145,50.8645],[8.2996,50.8809],[8.1972,50.8271],[8.1872,50.8115],[8.1393,50.785],[8.145,50.7623],[8.1751,50.7421],[8.1669,50.7079],[8.1345,50.684],[8.0895,50.6968],[8.0563,50.6909],[8.0338,50.726],[7.9811,50.7735],[7.9839,50.803],[7.9703,50.837],[7.9425,50.832],[7.8856,50.8669],[7.8446,50.882],[7.8597,50.9225],[7.8016,50.9327],[7.7575,50.9113],[7.7677,50.8365],[7.7406,50.842],[7.6756,50.81],[7.6989,50.7816],[7.6134,50.7494],[7.5995,50.7334],[7.5633,50.7328],[7.5324,50.721],[7.4486,50.7062],[7.3869,50.7037],[7.3715,50.6426],[7.3405,50.6289],[7.2826,50.6188],[7.2263,50.6214],[7.2148,50.6272],[7.21,50.64],[7.18,50.68],[7.12,50.73],[7.07,50.78],[7,50.82],[6.97,50.94],[6.98,51],[6.95,51.05],[6.86,51.1],[6.8,51.17],[6.76,51.23],[6.74,51.27],[6.68,51.35],[6.7157,51.4],[6.73,51.4],[6.8,51.45],[6.85,51.55],[6.82,51.65],[6.7,51.75],[6.5,51.83],[6.4555,51.85],[6.4794,51.853],[6.5286,51.8764],[6.6282,51.8975],[6.7167,51.8993],[6.7438,51.9083],[6.7898,51.9511],[6.8107,51.9606],[6.804,51.9844],[6.7782,52.0013],[6.675,52.0348],[6.6799,52.0605],[6.7114,52.0673],[6.7329,52.092],[6.7716,52.1088],[6.7595,52.1145],[6.6619,52.1273],[6.6667,52.1645],[6.6017,52.1659],[6.5974,52.1781],[6.4952,52.1772],[6.4659,52.1944],[6.4114,52.2446],[6.3817,52.2468],[6.3225,52.2295],[6.2592,52.2289],[6.1796,52.2377],[6.1543,52.2256],[6.1241,52.2562],[6.1065,52.2997],[6.068,52.3218],[6.0816,52.3706],[6.12,52.3804],[6.1327,52.4213],[6.0954,52.4679],[6.0496,52.5053],[6.0307,52.511],[5.9697,52.485],[5.925,52.484],[5.8915,52.5204],[5.8669,52.5218],[5.8465,52.5777],[5.8442,52.6053],[5.895,52.6195],[5.9396,52.6167],[6.0198,52.6376],[5.9978,52.6538],[5.9265,52.6717],[5.9453,52.6888],[5.9234,52.7399],[5.8584,52.7794],[5.7852,52.8037],[5.8224,52.815],[5.8794,52.8059],[5.9329,52.8352],[5.9672,52.8398],[5.9931,52.8228],[6.0324,52.8211],[6.0519,52.8393],[6.1295,52.8534],[6.2142,52.8929],[6.2654,52.9257],[6.3145,52.9222],[6.348,52.9084],[6.3958,52.9278],[6.4295,52.9594],[6.4217,52.9846],[6.3675,53.0285],[6.3546,53.0636],[6.3077,53.0784],[6.3095,53.0921],[6.2648,53.1092],[6.1962,53.1171],[6.1737,53.1315],[6.1691,53.1529],[6.1863,53.1868],[6.2234,53.2165],[6.2179,53.2406],[6.254,53.2882],[6.2871,53.3099],[6.2737,53.3447],[6.2369,53.3443],[6.1801,53.3643],[6.1703,53.3861],[6.186,53.411],[6.188,53.411],[6.188,53.4492],[6.2491,53.4492],[6.2491,53.4512],[6.3102,53.4512],[6.3102,53.4515],[6.3713,53.4515],[6.3713,53.459],[6.4018,53.459],[6.4018,53.4997],[6.3713,53.5008],[6.3408,53.5018],[6.3245,53.5024],[6.3189,53.5072],[6.3345,53.511],[6.3337,53.5111],[6.3343,53.5112],[6.3338,53.5112],[6.3345,53.5114],[6.3118,53.5132],[6.3108,53.5141],[6.305,53.5138],[6.2913,53.5149],[6.2909,53.5149],[6.2752,53.5122],[6.2118,53.5089],[6.2017,53.5067],[6.1269,53.5092],[6.0753,53.511],[6.0749,53.511],[6.0046,53.4895],[5.9333,53.4678],[5.9138,53.4739],[5.8856,53.4732],[5.8773,53.4749],[5.8769,53.4749],[5.7077,53.4732],[5.6537,53.4663],[5.6541,53.4659],[5.6537,53.4659],[5.6545,53.4652],[5.6419,53.4634],[5.6361,53.4487],[5.679,53.4301],[5.7363,53.4435],[5.7854,53.4474],[5.8556,53.4474],[5.876,53.4502],[5.5158,53.3402],[5.2714,53.2655],[5.1492,53.2282],[5.0881,53.2095],[5.0576,53.2002],[5.027,53.1908],[4.9883,53.179],[4.9495,53.1672],[4.8974,53.1512],[4.8872,53.1644],[4.8872,53.1833],[4.8868,53.1831],[4.8868,53.1833],[4.8858,53.1827],[4.8858,53.1867],[4.8543,53.1877],[4.8057,53.133],[4.7597,53.1091],[4.7167,53.096],[4.7068,53.093],[4.4064,52.5894],[4.3168,52.4391],[4.2944,52.4015],[4.2719,52.3639],[4.2271,52.2887],[4.0493,51.9907],[4.0225,51.9944],[4.01,51.9801],[4.0257,51.951],[3.9638,51.8472],[3.9627,51.8474],[3.8623,51.8161],[3.8716,51.7883],[3.9339,51.7971],[3.9173,51.7693],[3.9016,51.743],[3.8101,51.7473],[3.7928,51.7457],[3.7892,51.7459],[3.7888,51.7459],[3.7825,51.7448],[3.7258,51.7397],[3.7054,51.7314],[3.6988,51.7303],[3.6988,51.7288],[3.6895,51.725],[3.6867,51.6927],[3.7206,51.6768],[3.7654,51.6784],[3.7758,51.6858],[3.8159,51.693],[3.8244,51.69],[3.8596,51.6726],[3.8284,51.6204],[3.8118,51.6115],[3.5604,51.5946],[3.5469,51.5894],[3.5008,51.5775],[3.4838,51.5652],[3.4575,51.5551],[3.447,51.546],[3.4619,51.519],[3.4948,51.5009],[3.5321,51.4626],[3.4881,51.4392],[3.4608,51.4246],[3.4179,51.4017],[3.3878,51.3857],[3.3828,51.3847],[3.3496,51.3778],[3.3477,51.3774],[3.3126,51.3702],[3.2775,51.3629],[3.2236,51.3518],[3.2073,51.3464],[3.1248,51.3297],[2.9983,51.2774],[2.9608,51.265],[2.9162,51.2478],[2.6523,51.1824],[2.5658,51.1609],[2.5226,51.1502],[2.5144,51.1482],[2.4793,51.1401],[2.1333,51.0605],[2.0901,51.0505],[2.0468,51.0405],[1.9603,51.0206],[1.6396,50.9468],[1.6143,50.8782],[1.5806,50.8688],[1.5946,50.8248],[1.512,50.6011],[1.4707,50.4893],[1.4501,50.4334],[1.4398,50.4055],[1.4294,50.3775],[1.3696,50.2153],[1.3489,50.1593],[1.3372,50.1276],[1.2877,50.111],[1.268,50.1044],[1.1871,50.0772],[1.0252,50.0229],[0.0541,49.6971],[-0.1077,49.6428],[-0.1887,49.6156],[-0.2696,49.5885],[-0.31,49.5749],[-0.3505,49.5613],[-0.4314,49.5342],[-0.5933,49.4799],[-0.887,49.3813],[-0.9169,49.3864],[-0.9404,49.3923],[-0.9543,49.3928],[-0.9592,49.3936],[-0.9596,49.3936],[-0.9698,49.3933],[-1.0723,49.3968],[-1.084,49.3909],[-1.158,49.4245],[-1.1847,49.4366],[-1.1932,49.4457],[-1.212,49.4688],[-1.2328,49.4943],[-1.263,49.5914],[-1.2533,49.6123],[-1.2278,49.6241],[-1.2322,49.6414],[-1.258,49.6792],[-1.258,49.68],[-1.2587,49.6802],[-1.2711,49.6984],[-1.3913,49.7127],[-1.4557,49.7022],[-1.4752,49.6884],[-1.5894,49.6679],[-1.7044,49.6818],[-1.7249,49.682],[-1.7251,49.682],[-1.9348,49.7772],[-1.9347,49.777],[-1.9352,49.7772],[-1.9351,49.7767],[-1.9352,49.7768],[-1.9208,49.7253],[-1.9352,49.7241],[-1.9456,49.678],[-1.9051,49.6693],[-1.8704,49.5452],[-1.8847,49.5309],[-1.8602,49.5086],[-1.7352,49.0619],[-1.6727,48.8386],[-1.6415,48.727],[-1.6266,48.6738],[-1.6185,48.645],[-1.6404,48.6483],[-1.6719,48.6532],[-1.735,48.6628],[-1.8466,48.68],[-1.8363,48.6911],[-1.8437,48.7121],[-1.9484,48.6956],[-2.022,48.7069],[-2.0588,48.7125],[-2.0588,48.667],[-2.022,48.667],[-2.022,48.6495],[-2.0287,48.6433],[-2.0275,48.6415],[-2.022,48.6333],[-2.022,48.6159],[-2.0323,48.6159],[-2.0175,48.5907],[-1.9988,48.5907],[-1.9988,48.5654],[-1.9982,48.5648],[-1.9652,48.5648],[-1.9491,48.5392],[-1.9485,48.5383],[-1.9251,48.5448],[-1.9102,48.5036],[-1.918,48.473],[-1.944,48.4467],[-1.9517,48.4228],[-1.9327,48.3639],[-1.9615,48.3421],[-1.9615,48.3003],[-1.9824,48.2803],[-2.066,48.2952],[-2.1172,48.2608],[-2.1602,48.2607],[-2.186,48.2226],[-2.2108,48.2096],[-2.2319,48.1641],[-2.2873,48.1337],[-2.2352,48.0786],[-2.1882,48.0797],[-2.1913,48.0525],[-2.2576,48.0389],[-2.2711,48.0054],[-2.2554,47.9974],[-2.1677,47.9847],[-2.1243,47.9636],[-2.106,47.945],[-2.1002,47.9119],[-2.1095,47.8488],[-2.0612,47.8463],[-2.0524,47.8218],[-2.068,47.7962],[-2.1223,47.7743],[-2.1103,47.7588],[-2.0716,47.7572],[-2.0767,47.7333],[-2.1159,47.7317],[-2.1263,47.7142],[-2.1062,47.669],[-2.1028,47.6393],[-2.0885,47.6326],[-2.0858,47.608],[-2.11,47.5423],[-2.1544,47.5131],[-2.1868,47.4814],[-2.2109,47.5076],[-2.2534,47.4953],[-2.3023,47.5016],[-2.3345,47.464],[-2.4041,47.4556],[-2.4331,47.4658],[-2.4611,47.4526],[-2.4649,47.4535],[-2.4649,47.4322],[-2.5014,47.4322],[-2.5014,47.4247],[-2.5379,47.4247],[-2.5379,47.4473],[-2.684,47.4473],[-2.684,47.411],[-2.7238,47.411],[-2.7238,47.4045]]],[[[-2.6735,49.4335],[-2.6693,49.4309],[-2.5731,49.4309],[-2.5521,49.4267],[-2.549,49.4283],[-2.5472,49.4279],[-2.5472,49.428],[-2.5468,49.4279],[-2.5456,49.4301],[-2.5341,49.4362],[-2.5267,49.4585],[-2.5245,49.4688],[-2.5127,49.4903],[-2.5058,49.498],[-2.5017,49.5067],[-2.5182,49.5155],[-2.5382,49.5098],[-2.5496,49.5042],[-2.5736,49.4954],[-2.5802,49.4936],[-2.5825,49.4922],[-2.648,49.4682],[-2.6479,49.4679],[-2.648,49.4678],[-2.6464,49.464],[-2.6503,49.4637],[-2.6566,49.4594],[-2.6518,49.4452],[-2.663,49.4438],[-2.6735,49.4335]]],[[[-2.242,49.248],[-2.2332,49.2285],[-2.2296,49.2165],[-2.2376,49.1766],[-2.2375,49.1766],[-2.2376,49.1762],[-2.2372,49.1763],[-2.2372,49.1762],[-2.1826,49.1841],[-2.1772,49.1802],[-2.1687,49.1783],[-2.1626,49.1866],[-2.1013,49.1866],[-2.097,49.1837],[-2.08,49.1787],[-2.0734,49.1786],[-2.054,49.1693],[-2.0537,49.1694],[-2.0536,49.1693],[-2.0354,49.1744],[-2.0245,49.1713],[-2.0237,49.1777],[-2.0104,49.1814],[-2.0105,49.1818],[-2.0104,49.1818],[-2.014,49.2072],[-2.0083,49.2125],[-2.0158,49.2196],[-2.0176,49.2321],[-2.021,49.2333],[-2.0207,49.2353],[-2.0679,49.2507],[-2.0827,49.2602],[-2.1039,49.2582],[-2.1059,49.2568],[-2.1218,49.2582],[-2.122,49.2583],[-2.1438,49.2619],[-2.1517,49.267],[-2.1618,49.2618],[-2.2192,49.2669],[-2.2196,49.2669],[-2.2209,49.2605],[-2.2294,49.263],[-2.2411,49.2602],[-2.242,49.248]]],[[[4.8789,53.2209],[4.9102,53.2125],[4.9575,53.2456],[4.9716,53.2538],[5.1105,53.3079],[5.1098,53.3079],[5.1103,53.3081],[5.11,53.3081],[5.1105,53.3083],[5.1006,53.3085],[5.1048,53.3096],[5.0545,53.3138],[5.0428,53.3097],[5.0277,53.31],[5.0273,53.31],[4.9972,53.2937],[4.9865,53.29],[4.9212,53.2537],[4.917,53.2504],[4.9084,53.2458],[4.9087,53.2455],[4.9084,53.2454],[4.9095,53.2446],[4.8789,53.2209]]],[[[5.1789,53.3854],[5.1799,53.3531],[5.2083,53.3527],[5.3469,53.3892],[5.427,53.4064],[5.4817,53.4127],[5.4797,53.4172],[5.5821,53.4381],[5.5815,53.4382],[5.5819,53.4383],[5.5815,53.4384],[5.5821,53.4385],[5.5701,53.441],[5.5853,53.4536],[5.437,53.4365],[5.4284,53.4326],[5.4161,53.4315],[5.1893,53.3916],[5.1898,53.3914],[5.1895,53.3914],[5.1898,53.3913],[5.1893,53.3912],[5.1958,53.3891],[5.1789,53.3854]]]]}},
{"type":"Feature","properties":{"entityId":"frankish-kingdom","from":752,"to":759,"certainty":"estimated","source":"유럽 쪽은 Natural Earth 1:10m admin-1(v5.1.2) 현대 행정구역 조각을 그 시기 국경에 맞춰 묶고, 조각이 역사 경계와 다른 곳은 선을 그어 나눈 근사. 유럽 밖(시베리아·중앙아시아·극동)은 대략적인 추정. 운영자 검수 필요"},"geometry":{"type":"MultiPolygon","coordinates":[[[[-2.7238,47.4045],[-2.684,47.3772],[-2.6458,47.351],[-2.365,47.1585],[-2.3168,47.1254],[-2.2491,47.079],[-2.2382,47.0715],[-2.2268,47.0637],[-2.2098,47.0464],[-2.2079,47.0445],[-2.1814,47.0175],[-2.1814,47.0291],[-2.046,47.0291],[-2.046,47.0644],[-2.0183,47.0644],[-2.0183,47.0306],[-2.0001,47.0306],[-1.9907,47.0354],[-1.9684,47.0252],[-1.9084,46.9773],[-1.8766,46.9594],[-1.7716,46.9245],[-1.7203,46.8846],[-1.6518,46.8791],[-1.5501,46.8599],[-1.5,46.8827],[-1.5394,46.9457],[-1.553,46.9934],[-1.5466,47.0201],[-1.4982,47.0354],[-1.468,47.0105],[-1.468,46.9556],[-1.4595,46.9404],[-1.4241,46.9358],[-1.3787,46.957],[-1.3624,46.986],[-1.368,47.024],[-1.3439,47.0451],[-1.3054,47.0392],[-1.2697,47.0763],[-1.2312,47.067],[-1.1486,47.0295],[-1.0753,47.0072],[-1.0349,47.0032],[-0.9934,47.0204],[-0.946,47.0004],[-0.935,47.0166],[-0.8704,46.9942],[-0.8375,46.9897],[-0.7804,46.997],[-0.6965,46.9881],[-0.6324,46.9924],[-0.5492,47.0252],[-0.5551,47.061],[-0.5177,47.0754],[-0.4732,47.0664],[-0.3763,47.0881],[-0.2697,47.0972],[-0.1706,47.0983],[-0.143,47.0628],[-0.109,47.0696],[-0.0918,47.0861],[-0.0531,47.0963],[-0.0369,47.1279],[-0.004,47.1566],[0.0668,47.1537],[0.0921,47.1218],[0.1287,47.1273],[0.1403,47.103],[0.1919,47.1023],[0.2001,47.0555],[0.2493,47.0636],[0.2772,47.0453],[0.307,47.0426],[0.3082,46.9515],[0.3267,46.9385],[0.3887,46.9389],[0.4339,46.9327],[0.4837,46.9508],[0.5631,46.9533],[0.5837,46.965],[0.5691,47.0007],[0.5844,47.0013],[0.682,46.9583],[0.7134,46.9001],[0.8315,46.7794],[0.8808,46.7505],[0.9165,46.7663],[0.9407,46.7432],[0.9798,46.7553],[1.0058,46.8036],[1.0354,46.9157],[1.0373,46.942],[1.058,46.9497],[1.0564,46.9965],[1.0743,47.014],[1.1543,47.0344],[1.2368,47.017],[1.2698,47.0415],[1.2937,47.0723],[1.307,47.0716],[1.3175,47.1028],[1.3556,47.1084],[1.3569,47.1519],[1.3267,47.1863],[1.4237,47.2264],[1.4717,47.2358],[1.5247,47.2257],[1.5482,47.2578],[1.5929,47.2576],[1.6039,47.2847],[1.6727,47.2727],[1.7244,47.2892],[1.839,47.2192],[1.8909,47.2149],[1.91,47.2284],[1.9144,47.2612],[1.9499,47.2845],[2.0008,47.2703],[2.0511,47.2657],[2.1008,47.2701],[2.1391,47.2861],[2.1487,47.3086],[2.1203,47.3597],[2.1157,47.3917],[2.1273,47.4161],[2.1524,47.4272],[2.2164,47.4113],[2.2451,47.4112],[2.2586,47.4392],[2.246,47.4817],[2.2225,47.5022],[2.1992,47.5413],[2.1411,47.5489],[2.1284,47.5591],[2.1328,47.5877],[2.1629,47.6035],[2.2391,47.621],[2.2945,47.6222],[2.3725,47.5952],[2.4419,47.6069],[2.4892,47.5766],[2.5663,47.5728],[2.5844,47.5637],[2.6265,47.518],[2.6789,47.485],[2.7039,47.4867],[2.7331,47.525],[2.7544,47.5235],[2.7976,47.4974],[2.8747,47.5205],[2.9303,47.4529],[2.9247,47.4124],[2.875,47.3371],[2.9721,47.2669],[2.9899,47.2161],[3.0335,47.1222],[3.0316,47.0758],[3.0684,47.0455],[3.0756,46.974],[3.0542,46.9133],[3.0732,46.8703],[3.0352,46.8149],[3.0298,46.7909],[3.0329,46.7685],[3.0711,46.7392],[3.1592,46.7186],[3.1856,46.6963],[3.216,46.6872],[3.256,46.701],[3.313,46.699],[3.3683,46.6862],[3.4076,46.7114],[3.4335,46.7058],[3.457,46.6747],[3.4607,46.6515],[3.495,46.6541],[3.5599,46.6814],[3.5676,46.7063],[3.5888,46.7158],[3.5968,46.7429],[3.6249,46.7393],[3.6579,46.6859],[3.6987,46.6571],[3.743,46.6102],[3.7409,46.5493],[3.81,46.5219],[3.8349,46.5219],[3.8782,46.4928],[3.9367,46.4841],[3.9788,46.4626],[3.9887,46.4225],[3.9791,46.3949],[3.9859,46.3562],[4.0013,46.3354],[3.9783,46.3122],[3.8865,46.2762],[3.8211,46.2618],[3.7723,46.2338],[3.7928,46.1619],[3.7903,46.1095],[3.8176,46.0086],[3.7805,45.9804],[3.7183,45.9718],[3.6795,45.957],[3.6817,45.9334],[3.7148,45.9141],[3.7304,45.892],[3.7133,45.8579],[3.697,45.7893],[3.7521,45.7329],[3.8039,45.6491],[3.9206,45.5767],[3.9321,45.5635],[3.9689,45.4824],[3.9535,45.4527],[3.9079,45.4142],[3.8855,45.3587],[3.9025,45.3455],[3.9292,45.3616],[3.9706,45.3685],[4.0032,45.3448],[4.1276,45.3567],[4.16,45.3867],[4.217,45.3841],[4.2732,45.3739],[4.3025,45.3929],[4.3256,45.3809],[4.3517,45.3337],[4.3388,45.3067],[4.3591,45.2736],[4.4057,45.2694],[4.4627,45.2365],[4.4778,45.226],[4.4682,45.1884],[4.4431,45.1509],[4.4395,45.1256],[4.42,45.1168],[4.3839,45.136],[4.3686,45.1256],[4.3838,45.107],[4.3517,45.0763],[4.3686,45.0441],[4.3602,45.033],[4.3114,45.0257],[4.2889,45.0013],[4.2966,44.9742],[4.2521,44.9601],[4.2154,44.9589],[4.1933,44.9145],[4.1535,44.8754],[4.0235,44.8611],[4.0134,44.8361],[3.9475,44.8184],[3.8938,44.758],[3.8722,44.7509],[3.8685,44.7221],[3.8919,44.6632],[3.9003,44.6221],[3.922,44.5803],[3.9433,44.5699],[3.9655,44.5355],[3.994,44.4579],[3.9592,44.4138],[3.8948,44.3902],[3.9265,44.3507],[3.9366,44.3067],[3.9624,44.2621],[3.9576,44.2248],[3.9204,44.1664],[3.8758,44.1314],[3.791,44.136],[3.6904,44.1802],[3.6427,44.1769],[3.6366,44.1273],[3.6163,44.1168],[3.5179,44.1134],[3.4803,44.1218],[3.3767,44.1683],[3.3266,44.1332],[3.3159,44.0987],[3.2868,44.0863],[3.3065,44.0691],[3.3322,44.0719],[3.3595,44.0551],[3.3945,44.0503],[3.4469,44.0144],[3.4424,44.0002],[3.3569,43.9386],[3.342,43.9039],[3.3218,43.8911],[3.2744,43.8876],[3.2375,43.8641],[3.2323,43.8391],[3.1894,43.8131],[3.0881,43.8228],[3.0529,43.8101],[3.0612,43.7661],[3.0562,43.7156],[3.025,43.6904],[2.9902,43.7007],[2.9345,43.6937],[2.8856,43.6529],[2.7756,43.6179],[2.6743,43.6399],[2.6414,43.6331],[2.622,43.5978],[2.6212,43.5652],[2.6605,43.5215],[2.6503,43.4991],[2.6567,43.4608],[2.6059,43.4306],[2.5675,43.4228],[2.593,43.4116],[2.5552,43.369],[2.5585,43.3472],[2.5831,43.3246],[2.6381,43.2956],[2.6634,43.2984],[2.6877,43.3231],[2.7111,43.2751],[2.7556,43.258],[2.8395,43.3162],[2.856,43.3841],[2.8811,43.3812],[2.9216,43.3227],[2.949,43.3129],[3.0044,43.3197],[3.011,43.2826],[3.0619,43.2764],[3.1096,43.2536],[3.1895,43.2461],[3.2443,43.2194],[3.2252,43.2036],[3.2252,43.1971],[3.2652,43.1971],[3.2652,43.1548],[3.3053,43.1548],[3.3053,43.1198],[3.3453,43.1287],[3.4254,43.1466],[3.8117,43.233],[3.9569,43.2654],[4.0052,43.2762],[4.102,43.2978],[4.1503,43.3086],[4.1987,43.3194],[4.2471,43.3303],[4.2955,43.3411],[4.3922,43.3627],[4.5558,43.3993],[4.5808,43.3958],[4.5663,43.3711],[4.5923,43.3599],[4.6659,43.3475],[4.8203,43.3464],[4.8224,43.3626],[4.846,43.3594],[4.8558,43.3418],[4.8792,43.3548],[5.0519,43.3311],[5.0648,43.328],[5.0748,43.328],[5.3541,43.2897],[5.3573,43.2803],[5.3692,43.2704],[5.347,43.2159],[5.4398,43.2076],[5.5174,43.2074],[5.542,43.2028],[5.5727,43.1691],[5.6124,43.1604],[5.6329,43.1856],[5.6717,43.1783],[5.6752,43.1763],[5.6963,43.1469],[5.741,43.1321],[5.7515,43.1317],[5.8085,43.0984],[5.8089,43.0984],[5.817,43.0985],[5.7819,43.0791],[5.819,43.0535],[5.8566,43.0448],[5.8753,43.0688],[5.9403,43.0709],[5.9514,43.08],[5.9106,43.0932],[5.9038,43.0992],[5.9985,43.0999],[6.0165,43.0989],[6.027,43.0782],[6.0846,43.0824],[6.1145,43.0724],[6.1147,43.0725],[6.1149,43.0724],[6.1175,43.0733],[6.1321,43.0526],[6.0977,43.0313],[6.1801,43.0359],[6.1528,43.0481],[6.162,43.0887],[6.245,43.1174],[6.2804,43.1187],[6.3423,43.0908],[6.3754,43.0908],[6.3661,43.1186],[6.3785,43.1361],[6.4038,43.1455],[6.5285,43.1285],[6.5289,43.1285],[6.6061,43.1766],[6.6099,43.1734],[6.6798,43.2016],[6.6745,43.2192],[6.7673,43.2771],[6.9335,43.3806],[6.9373,43.383],[7.0118,43.4294],[7.049,43.4526],[7.0863,43.4758],[7.1073,43.4889],[7.2,43.5466],[7.2773,43.5948],[7.3624,43.6479],[7.4029,43.6731],[7.4049,43.6744],[7.4361,43.6938],[7.4474,43.6958],[7.4899,43.7033],[7.5324,43.7107],[7.5324,43.744],[7.515,43.744],[7.515,43.86],[7.4797,43.86],[7.5023,43.7922],[7.4779,43.8655],[7.4935,43.8862],[7.5569,43.9441],[7.6309,43.9935],[7.6348,44.0015],[7.6534,44.0397],[7.6899,44.0673],[7.6879,44.0908],[7.6419,44.1436],[7.6556,44.1761],[7.6247,44.1801],[7.5836,44.1607],[7.5548,44.1591],[7.43,44.1331],[7.3808,44.1229],[7.3406,44.1237],[7.3093,44.1475],[7.2513,44.16],[7.145,44.2072],[7.0335,44.2429],[6.9961,44.2378],[6.9734,44.2494],[6.9592,44.2774],[6.9212,44.3022],[6.8784,44.3546],[6.8661,44.3721],[6.8772,44.4144],[6.9178,44.4363],[6.8613,44.4749],[6.8388,44.5029],[6.8464,44.5475],[6.8973,44.5754],[6.9456,44.6254],[6.9383,44.658],[6.9828,44.6922],[7.0552,44.6849],[7.0388,44.7121],[7.019,44.7389],[6.9984,44.7938],[7.0071,44.8221],[6.9828,44.847],[6.9327,44.8617],[6.866,44.8557],[6.7782,44.8876],[6.7279,44.9287],[6.7299,44.9847],[6.7235,45.0134],[6.6972,45.0269],[6.6622,45.0292],[6.6397,45.0504],[6.6366,45.0745],[6.6027,45.1035],[6.6294,45.1235],[6.6674,45.1396],[6.6944,45.1403],[6.7364,45.1573],[6.7715,45.1532],[6.8441,45.1301],[6.8767,45.1412],[6.8813,45.1684],[6.9138,45.1702],[6.9587,45.2098],[7.0297,45.2282],[7.0502,45.215],[7.1084,45.2592],[7.0926,45.324],[7.1301,45.3571],[7.1607,45.4109],[7.0968,45.4354],[7.0754,45.4663],[7.1316,45.5099],[7.1462,45.4922],[7.2123,45.4838],[7.3855,45.5244],[7.4646,45.5742],[7.5459,45.5898],[7.6424,45.5746],[7.673,45.5636],[7.7493,45.5641],[7.784,45.5814],[7.8802,45.6027],[7.9195,45.649],[7.911,45.6841],[7.9163,45.7297],[7.8823,45.7529],[7.8635,45.806],[7.8477,45.9077],[7.8559,45.9193],[7.8496,45.9397],[7.8982,45.9819],[7.9858,45.9993],[8.0107,46.0297],[8.0182,46.0809],[8.0354,46.0965],[8.0669,46.1006],[8.1106,46.127],[8.1323,46.1594],[8.1295,46.196],[8.1,46.2356],[8.0731,46.2536],[8.0873,46.2718],[8.1285,46.2925],[8.1926,46.3092],[8.2418,46.3541],[8.2915,46.3784],[8.2866,46.4054],[8.3163,46.4337],[8.3859,46.4502],[8.396,46.4909],[8.4476,46.5046],[8.4769,46.5318],[8.5098,46.5509],[8.5238,46.5785],[8.5487,46.585],[8.6363,46.5712],[8.6779,46.5836],[8.7112,46.573],[8.7884,46.5681],[8.8473,46.5752],[8.8981,46.5893],[8.9148,46.6204],[8.956,46.6306],[8.9648,46.6148],[9.0221,46.6049],[9.0385,46.5907],[9.0152,46.5335],[9.0486,46.4809],[9.0773,46.4823],[9.0978,46.4161],[9.0891,46.3637],[9.057,46.299],[9.0875,46.2206],[9.1638,46.173],[9.1813,46.2041],[9.2248,46.2312],[9.2397,46.267],[9.269,46.3094],[9.2738,46.3443],[9.2604,46.3797],[9.2609,46.4167],[9.238,46.4365],[9.2632,46.4851],[9.2823,46.4974],[9.331,46.5015],[9.3771,46.4687],[9.4107,46.4889],[9.4379,46.492],[9.4438,46.3961],[9.4516,46.3704],[9.4826,46.3568],[9.5153,46.3086],[9.5597,46.2927],[9.6743,46.2918],[9.7084,46.3117],[9.7093,46.3424],[9.7309,46.3507],[9.7681,46.3386],[9.8554,46.367],[9.899,46.3722],[9.964,46.3561],[9.9776,46.2981],[10.0317,46.2601],[10.0427,46.2205],[10.0757,46.22],[10.1458,46.2433],[10.1589,46.2624],[10.1049,46.3094],[10.0918,46.329],[10.105,46.3614],[10.1332,46.3811],[10.1334,46.414],[10.0421,46.4327],[10.0263,46.4463],[10.044,46.467],[10.0269,46.4932],[10.0328,46.533],[10.0712,46.5644],[10.0878,46.6044],[10.1921,46.6268],[10.2338,46.618],[10.2347,46.5753],[10.2759,46.5655],[10.2954,46.5511],[10.3543,46.5483],[10.4259,46.5353],[10.4518,46.5467],[10.4659,46.5785],[10.4591,46.6236],[10.4382,46.6357],[10.3956,46.6388],[10.3692,46.6724],[10.3944,46.7008],[10.3997,46.7355],[10.4287,46.7556],[10.4172,46.7989],[10.4485,46.8322],[10.4538,46.8644],[10.4638,46.9197],[10.4585,46.9366],[10.4156,46.9624],[10.3947,46.9854],[10.3679,46.9955],[10.3389,46.9841],[10.2962,46.9414],[10.2957,46.9227],[10.2351,46.9233],[10.2014,46.8668],[10.1252,46.8468],[10.0834,46.908],[10.0844,46.9263],[10.1204,46.9552],[10.1294,46.985],[10.1247,47.0218],[10.1382,47.0773],[10.2021,47.161],[10.2034,47.1987],[10.175,47.2724],[10.2394,47.2777],[10.3059,47.3022],[10.3434,47.3308],[10.3657,47.3611],[10.4116,47.381],[10.452,47.4388],[10.4422,47.4814],[10.4196,47.493],[10.431,47.5422],[10.4142,47.573],[10.4536,47.5811],[10.4535,47.5462],[10.4825,47.5329],[10.5251,47.5285],[10.5837,47.5625],[10.6079,47.5623],[10.7399,47.5285],[10.7522,47.5154],[10.7903,47.5161],[10.8586,47.5307],[10.8922,47.5149],[10.8516,47.4931],[10.9099,47.469],[10.92,47.4616],[10.92,49.05],[11.55,49.05],[11.55,49.75],[12.3,49.75],[12.3,50.0271],[12.2469,50.045],[12.2325,50.0805],[12.1879,50.1028],[12.1792,50.118],[12.1827,50.1707],[12.1393,50.211],[12.0796,50.2427],[12.1091,50.2638],[12.1073,50.2909],[12.0761,50.3152],[12.1013,50.314],[12.0937,50.3226],[12.0399,50.3288],[11.986,50.3516],[11.9812,50.3853],[11.9405,50.4145],[11.9053,50.4152],[11.8997,50.4293],[11.9311,50.4403],[11.9475,50.4622],[11.9258,50.4884],[11.9447,50.5159],[11.9894,50.5461],[12.0485,50.5316],[12.0812,50.5613],[12.1454,50.5625],[12.1587,50.6037],[12.1869,50.6264],[12.2529,50.6263],[12.29,50.6434],[12.3218,50.674],[12.2855,50.677],[12.2628,50.7222],[12.2412,50.7222],[12.2492,50.7426],[12.2855,50.7693],[12.258,50.7925],[12.3308,50.8064],[12.3642,50.8233],[12.4244,50.8243],[12.4628,50.8566],[12.5275,50.8766],[12.6017,50.8764],[12.6109,50.8701],[12.6472,50.8999],[12.6022,50.9525],[12.5457,50.9713],[12.4914,51.0285],[12.4837,51.0583],[12.3289,51.0878],[12.2646,51.0838],[12.2464,51.0326],[12.2754,51.0098],[12.2171,50.9542],[12.2008,50.9279],[12.1595,50.952],[12.1204,50.9445],[12.0679,50.9561],[12.0046,50.949],[11.9609,50.971],[11.9314,50.9981],[11.8607,51.0226],[11.7326,51.0175],[11.6974,51.0642],[11.6891,51.0919],[11.6631,51.1012],[11.6275,51.0956],[11.5352,51.1003],[11.5047,51.0892],[11.4274,51.0988],[11.4264,51.1077],[11.4203,51.1597],[11.3886,51.1899],[11.333,51.2163],[11.3524,51.2301],[11.4224,51.2437],[11.4519,51.2715],[11.3672,51.3575],[11.3149,51.3833],[11.1962,51.3974],[11.1538,51.3969],[10.9991,51.4087],[10.9645,51.4278],[10.9718,51.4627],[10.9454,51.4995],[10.9477,51.5185],[10.9115,51.5711],[10.9519,51.577],[10.9456,51.5947],[10.8035,51.6326],[10.7134,51.6311],[10.6976,51.6374],[10.6489,51.6197],[10.6292,51.601],[10.6542,51.5782],[10.6453,51.5611],[10.6104,51.5726],[10.562,51.5574],[10.5142,51.5563],[10.4788,51.5747],[10.4217,51.5919],[10.3749,51.5857],[10.3646,51.5424],[10.3064,51.5106],[10.2945,51.4935],[10.2396,51.4721],[10.1947,51.4794],[10.1497,51.4318],[10.0847,51.4311],[10.0661,51.4209],[10.0457,51.4321],[10,51.4083],[9.9492,51.3818],[9.9058,51.4037],[9.9042,51.417],[9.8628,51.4087],[9.8755,51.3847],[9.8564,51.3721],[9.826,51.4009],[9.8017,51.3972],[9.7137,51.3638],[9.7545,51.3309],[9.7843,51.3359],[9.7621,51.3093],[9.7115,51.2915],[9.6826,51.315],[9.5694,51.3423],[9.5347,51.3666],[9.5709,51.3614],[9.5636,51.3845],[9.5821,51.3988],[9.6325,51.4009],[9.6387,51.468],[9.5968,51.5116],[9.6197,51.5525],[9.6451,51.5517],[9.644,51.5719],[9.6713,51.5593],[9.6861,51.5719],[9.6508,51.6112],[9.6234,51.6295],[9.5926,51.6257],[9.5493,51.6403],[9.5326,51.6303],[9.4944,51.6321],[9.4904,51.6493],[9.4401,51.649],[9.4178,51.6271],[9.3331,51.6067],[9.3538,51.5955],[9.336,51.554],[9.2963,51.5176],[9.2243,51.487],[9.2148,51.4587],[9.158,51.4389],[9.1087,51.4429],[9.0843,51.46],[9.0846,51.483],[9.0154,51.5092],[8.9062,51.4809],[8.8981,51.4667],[8.9162,51.4229],[8.9495,51.4089],[8.9351,51.3913],[8.8936,51.39],[8.858,51.3754],[8.8146,51.3817],[8.7277,51.3731],[8.6855,51.3634],[8.5939,51.296],[8.58,51.2649],[8.6079,51.2413],[8.7169,51.2711],[8.7317,51.2498],[8.7522,51.1878],[8.7502,51.1728],[8.6957,51.1305],[8.7044,51.1047],[8.6584,51.0884],[8.6272,51.0936],[8.5247,51.0933],[8.5449,51.0207],[8.4696,50.9438],[8.4638,50.9145],[8.4441,50.916],[8.3641,50.8616],[8.3145,50.8645],[8.2996,50.8809],[8.1972,50.8271],[8.1872,50.8115],[8.1393,50.785],[8.145,50.7623],[8.1751,50.7421],[8.1669,50.7079],[8.1345,50.684],[8.0895,50.6968],[8.0563,50.6909],[8.0338,50.726],[7.9811,50.7735],[7.9839,50.803],[7.9703,50.837],[7.9425,50.832],[7.8856,50.8669],[7.8446,50.882],[7.8597,50.9225],[7.8016,50.9327],[7.7575,50.9113],[7.7677,50.8365],[7.7406,50.842],[7.6756,50.81],[7.6989,50.7816],[7.6134,50.7494],[7.5995,50.7334],[7.5633,50.7328],[7.5324,50.721],[7.4486,50.7062],[7.3869,50.7037],[7.3715,50.6426],[7.3405,50.6289],[7.2826,50.6188],[7.2263,50.6214],[7.2148,50.6272],[7.21,50.64],[7.18,50.68],[7.12,50.73],[7.07,50.78],[7,50.82],[6.97,50.94],[6.98,51],[6.95,51.05],[6.86,51.1],[6.8,51.17],[6.76,51.23],[6.74,51.27],[6.68,51.35],[6.7157,51.4],[6.73,51.4],[6.8,51.45],[6.85,51.55],[6.82,51.65],[6.7,51.75],[6.5,51.83],[6.4555,51.85],[6.4794,51.853],[6.5286,51.8764],[6.6282,51.8975],[6.7167,51.8993],[6.7438,51.9083],[6.7898,51.9511],[6.8107,51.9606],[6.804,51.9844],[6.7782,52.0013],[6.675,52.0348],[6.6799,52.0605],[6.7114,52.0673],[6.7329,52.092],[6.7716,52.1088],[6.7595,52.1145],[6.6619,52.1273],[6.6667,52.1645],[6.6017,52.1659],[6.5974,52.1781],[6.4952,52.1772],[6.4659,52.1944],[6.4114,52.2446],[6.3817,52.2468],[6.3225,52.2295],[6.2592,52.2289],[6.1796,52.2377],[6.1543,52.2256],[6.1241,52.2562],[6.1065,52.2997],[6.068,52.3218],[6.0816,52.3706],[6.12,52.3804],[6.1327,52.4213],[6.0954,52.4679],[6.0496,52.5053],[6.0307,52.511],[5.9697,52.485],[5.925,52.484],[5.8915,52.5204],[5.8669,52.5218],[5.8465,52.5777],[5.8442,52.6053],[5.895,52.6195],[5.9396,52.6167],[6.0198,52.6376],[5.9978,52.6538],[5.9265,52.6717],[5.9453,52.6888],[5.9234,52.7399],[5.8584,52.7794],[5.7852,52.8037],[5.8224,52.815],[5.8794,52.8059],[5.9329,52.8352],[5.9672,52.8398],[5.9931,52.8228],[6.0324,52.8211],[6.0519,52.8393],[6.1295,52.8534],[6.2142,52.8929],[6.2654,52.9257],[6.3145,52.9222],[6.348,52.9084],[6.3958,52.9278],[6.4295,52.9594],[6.4217,52.9846],[6.3675,53.0285],[6.3546,53.0636],[6.3077,53.0784],[6.3095,53.0921],[6.2648,53.1092],[6.1962,53.1171],[6.1737,53.1315],[6.1691,53.1529],[6.1863,53.1868],[6.2234,53.2165],[6.2179,53.2406],[6.254,53.2882],[6.2871,53.3099],[6.2737,53.3447],[6.2369,53.3443],[6.1801,53.3643],[6.1703,53.3861],[6.186,53.411],[6.188,53.411],[6.188,53.4492],[6.2491,53.4492],[6.2491,53.4512],[6.3102,53.4512],[6.3102,53.4515],[6.3713,53.4515],[6.3713,53.459],[6.4018,53.459],[6.4018,53.4997],[6.3713,53.5008],[6.3408,53.5018],[6.3245,53.5024],[6.3189,53.5072],[6.3345,53.511],[6.3337,53.5111],[6.3343,53.5112],[6.3338,53.5112],[6.3345,53.5114],[6.3118,53.5132],[6.3108,53.5141],[6.305,53.5138],[6.2913,53.5149],[6.2909,53.5149],[6.2752,53.5122],[6.2118,53.5089],[6.2017,53.5067],[6.1269,53.5092],[6.0753,53.511],[6.0749,53.511],[6.0046,53.4895],[5.9333,53.4678],[5.9138,53.4739],[5.8856,53.4732],[5.8773,53.4749],[5.8769,53.4749],[5.7077,53.4732],[5.6537,53.4663],[5.6541,53.4659],[5.6537,53.4659],[5.6545,53.4652],[5.6419,53.4634],[5.6361,53.4487],[5.679,53.4301],[5.7363,53.4435],[5.7854,53.4474],[5.8556,53.4474],[5.876,53.4502],[5.5158,53.3402],[5.2714,53.2655],[5.1492,53.2282],[5.0881,53.2095],[5.0576,53.2002],[5.027,53.1908],[4.9883,53.179],[4.9495,53.1672],[4.8974,53.1512],[4.8872,53.1644],[4.8872,53.1833],[4.8868,53.1831],[4.8868,53.1833],[4.8858,53.1827],[4.8858,53.1867],[4.8543,53.1877],[4.8057,53.133],[4.7597,53.1091],[4.7167,53.096],[4.7068,53.093],[4.4064,52.5894],[4.3168,52.4391],[4.2944,52.4015],[4.2719,52.3639],[4.2271,52.2887],[4.0493,51.9907],[4.0225,51.9944],[4.01,51.9801],[4.0257,51.951],[3.9638,51.8472],[3.9627,51.8474],[3.8623,51.8161],[3.8716,51.7883],[3.9339,51.7971],[3.9173,51.7693],[3.9016,51.743],[3.8101,51.7473],[3.7928,51.7457],[3.7892,51.7459],[3.7888,51.7459],[3.7825,51.7448],[3.7258,51.7397],[3.7054,51.7314],[3.6988,51.7303],[3.6988,51.7288],[3.6895,51.725],[3.6867,51.6927],[3.7206,51.6768],[3.7654,51.6784],[3.7758,51.6858],[3.8159,51.693],[3.8244,51.69],[3.8596,51.6726],[3.8284,51.6204],[3.8118,51.6115],[3.5604,51.5946],[3.5469,51.5894],[3.5008,51.5775],[3.4838,51.5652],[3.4575,51.5551],[3.447,51.546],[3.4619,51.519],[3.4948,51.5009],[3.5321,51.4626],[3.4881,51.4392],[3.4608,51.4246],[3.4179,51.4017],[3.3878,51.3857],[3.3828,51.3847],[3.3496,51.3778],[3.3477,51.3774],[3.3126,51.3702],[3.2775,51.3629],[3.2236,51.3518],[3.2073,51.3464],[3.1248,51.3297],[2.9983,51.2774],[2.9608,51.265],[2.9162,51.2478],[2.6523,51.1824],[2.5658,51.1609],[2.5226,51.1502],[2.5144,51.1482],[2.4793,51.1401],[2.1333,51.0605],[2.0901,51.0505],[2.0468,51.0405],[1.9603,51.0206],[1.6396,50.9468],[1.6143,50.8782],[1.5806,50.8688],[1.5946,50.8248],[1.512,50.6011],[1.4707,50.4893],[1.4501,50.4334],[1.4398,50.4055],[1.4294,50.3775],[1.3696,50.2153],[1.3489,50.1593],[1.3372,50.1276],[1.2877,50.111],[1.268,50.1044],[1.1871,50.0772],[1.0252,50.0229],[0.0541,49.6971],[-0.1077,49.6428],[-0.1887,49.6156],[-0.2696,49.5885],[-0.31,49.5749],[-0.3505,49.5613],[-0.4314,49.5342],[-0.5933,49.4799],[-0.887,49.3813],[-0.9169,49.3864],[-0.9404,49.3923],[-0.9543,49.3928],[-0.9592,49.3936],[-0.9596,49.3936],[-0.9698,49.3933],[-1.0723,49.3968],[-1.084,49.3909],[-1.158,49.4245],[-1.1847,49.4366],[-1.1932,49.4457],[-1.212,49.4688],[-1.2328,49.4943],[-1.263,49.5914],[-1.2533,49.6123],[-1.2278,49.6241],[-1.2322,49.6414],[-1.258,49.6792],[-1.258,49.68],[-1.2587,49.6802],[-1.2711,49.6984],[-1.3913,49.7127],[-1.4557,49.7022],[-1.4752,49.6884],[-1.5894,49.6679],[-1.7044,49.6818],[-1.7249,49.682],[-1.7251,49.682],[-1.9348,49.7772],[-1.9347,49.777],[-1.9352,49.7772],[-1.9351,49.7767],[-1.9352,49.7768],[-1.9208,49.7253],[-1.9352,49.7241],[-1.9456,49.678],[-1.9051,49.6693],[-1.8704,49.5452],[-1.8847,49.5309],[-1.8602,49.5086],[-1.7352,49.0619],[-1.6727,48.8386],[-1.6415,48.727],[-1.6266,48.6738],[-1.6185,48.645],[-1.6404,48.6483],[-1.6719,48.6532],[-1.735,48.6628],[-1.8466,48.68],[-1.8363,48.6911],[-1.8437,48.7121],[-1.9484,48.6956],[-2.022,48.7069],[-2.0588,48.7125],[-2.0588,48.667],[-2.022,48.667],[-2.022,48.6495],[-2.0287,48.6433],[-2.0275,48.6415],[-2.022,48.6333],[-2.022,48.6159],[-2.0323,48.6159],[-2.0175,48.5907],[-1.9988,48.5907],[-1.9988,48.5654],[-1.9982,48.5648],[-1.9652,48.5648],[-1.9491,48.5392],[-1.9485,48.5383],[-1.9251,48.5448],[-1.9102,48.5036],[-1.918,48.473],[-1.944,48.4467],[-1.9517,48.4228],[-1.9327,48.3639],[-1.9615,48.3421],[-1.9615,48.3003],[-1.9824,48.2803],[-2.066,48.2952],[-2.1172,48.2608],[-2.1602,48.2607],[-2.186,48.2226],[-2.2108,48.2096],[-2.2319,48.1641],[-2.2873,48.1337],[-2.2352,48.0786],[-2.1882,48.0797],[-2.1913,48.0525],[-2.2576,48.0389],[-2.2711,48.0054],[-2.2554,47.9974],[-2.1677,47.9847],[-2.1243,47.9636],[-2.106,47.945],[-2.1002,47.9119],[-2.1095,47.8488],[-2.0612,47.8463],[-2.0524,47.8218],[-2.068,47.7962],[-2.1223,47.7743],[-2.1103,47.7588],[-2.0716,47.7572],[-2.0767,47.7333],[-2.1159,47.7317],[-2.1263,47.7142],[-2.1062,47.669],[-2.1028,47.6393],[-2.0885,47.6326],[-2.0858,47.608],[-2.11,47.5423],[-2.1544,47.5131],[-2.1868,47.4814],[-2.2109,47.5076],[-2.2534,47.4953],[-2.3023,47.5016],[-2.3345,47.464],[-2.4041,47.4556],[-2.4331,47.4658],[-2.4611,47.4526],[-2.4649,47.4535],[-2.4649,47.4322],[-2.5014,47.4322],[-2.5014,47.4247],[-2.5379,47.4247],[-2.5379,47.4473],[-2.684,47.4473],[-2.684,47.411],[-2.7238,47.411],[-2.7238,47.4045]]],[[[-2.6735,49.4335],[-2.6693,49.4309],[-2.5731,49.4309],[-2.5521,49.4267],[-2.549,49.4283],[-2.5472,49.4279],[-2.5472,49.428],[-2.5468,49.4279],[-2.5456,49.4301],[-2.5341,49.4362],[-2.5267,49.4585],[-2.5245,49.4688],[-2.5127,49.4903],[-2.5058,49.498],[-2.5017,49.5067],[-2.5182,49.5155],[-2.5382,49.5098],[-2.5496,49.5042],[-2.5736,49.4954],[-2.5802,49.4936],[-2.5825,49.4922],[-2.648,49.4682],[-2.6479,49.4679],[-2.648,49.4678],[-2.6464,49.464],[-2.6503,49.4637],[-2.6566,49.4594],[-2.6518,49.4452],[-2.663,49.4438],[-2.6735,49.4335]]],[[[-2.242,49.248],[-2.2332,49.2285],[-2.2296,49.2165],[-2.2376,49.1766],[-2.2375,49.1766],[-2.2376,49.1762],[-2.2372,49.1763],[-2.2372,49.1762],[-2.1826,49.1841],[-2.1772,49.1802],[-2.1687,49.1783],[-2.1626,49.1866],[-2.1013,49.1866],[-2.097,49.1837],[-2.08,49.1787],[-2.0734,49.1786],[-2.054,49.1693],[-2.0537,49.1694],[-2.0536,49.1693],[-2.0354,49.1744],[-2.0245,49.1713],[-2.0237,49.1777],[-2.0104,49.1814],[-2.0105,49.1818],[-2.0104,49.1818],[-2.014,49.2072],[-2.0083,49.2125],[-2.0158,49.2196],[-2.0176,49.2321],[-2.021,49.2333],[-2.0207,49.2353],[-2.0679,49.2507],[-2.0827,49.2602],[-2.1039,49.2582],[-2.1059,49.2568],[-2.1218,49.2582],[-2.122,49.2583],[-2.1438,49.2619],[-2.1517,49.267],[-2.1618,49.2618],[-2.2192,49.2669],[-2.2196,49.2669],[-2.2209,49.2605],[-2.2294,49.263],[-2.2411,49.2602],[-2.242,49.248]]],[[[4.8789,53.2209],[4.9102,53.2125],[4.9575,53.2456],[4.9716,53.2538],[5.1105,53.3079],[5.1098,53.3079],[5.1103,53.3081],[5.11,53.3081],[5.1105,53.3083],[5.1006,53.3085],[5.1048,53.3096],[5.0545,53.3138],[5.0428,53.3097],[5.0277,53.31],[5.0273,53.31],[4.9972,53.2937],[4.9865,53.29],[4.9212,53.2537],[4.917,53.2504],[4.9084,53.2458],[4.9087,53.2455],[4.9084,53.2454],[4.9095,53.2446],[4.8789,53.2209]]],[[[5.1789,53.3854],[5.1799,53.3531],[5.2083,53.3527],[5.3469,53.3892],[5.427,53.4064],[5.4817,53.4127],[5.4797,53.4172],[5.5821,53.4381],[5.5815,53.4382],[5.5819,53.4383],[5.5815,53.4384],[5.5821,53.4385],[5.5701,53.441],[5.5853,53.4536],[5.437,53.4365],[5.4284,53.4326],[5.4161,53.4315],[5.1893,53.3916],[5.1898,53.3914],[5.1895,53.3914],[5.1898,53.3913],[5.1893,53.3912],[5.1958,53.3891],[5.1789,53.3854]]]]}},
{"type":"Feature","properties":{"entityId":"frankish-kingdom","from":759,"to":768,"certainty":"estimated","source":"유럽 쪽은 Natural Earth 1:10m admin-1(v5.1.2) 현대 행정구역 조각을 그 시기 국경에 맞춰 묶고, 조각이 역사 경계와 다른 곳은 선을 그어 나눈 근사. 유럽 밖(시베리아·중앙아시아·극동)은 대략적인 추정. 운영자 검수 필요"},"geometry":{"type":"MultiPolygon","coordinates":[[[[-2.7238,47.4045],[-2.684,47.3772],[-2.6458,47.351],[-2.365,47.1585],[-2.3168,47.1254],[-2.2491,47.079],[-2.2382,47.0715],[-2.2268,47.0637],[-2.2098,47.0464],[-2.2079,47.0445],[-2.1814,47.0175],[-2.1814,47.0291],[-2.046,47.0291],[-2.046,47.0644],[-2.0183,47.0644],[-2.0183,47.0306],[-2.0001,47.0306],[-1.9907,47.0354],[-1.9684,47.0252],[-1.9084,46.9773],[-1.8766,46.9594],[-1.7716,46.9245],[-1.7203,46.8846],[-1.6518,46.8791],[-1.5501,46.8599],[-1.5,46.8827],[-1.5394,46.9457],[-1.553,46.9934],[-1.5466,47.0201],[-1.4982,47.0354],[-1.468,47.0105],[-1.468,46.9556],[-1.4595,46.9404],[-1.4241,46.9358],[-1.3787,46.957],[-1.3624,46.986],[-1.368,47.024],[-1.3439,47.0451],[-1.3054,47.0392],[-1.2697,47.0763],[-1.2312,47.067],[-1.1486,47.0295],[-1.0753,47.0072],[-1.0349,47.0032],[-0.9934,47.0204],[-0.946,47.0004],[-0.935,47.0166],[-0.8704,46.9942],[-0.8375,46.9897],[-0.7804,46.997],[-0.6965,46.9881],[-0.6324,46.9924],[-0.5492,47.0252],[-0.5551,47.061],[-0.5177,47.0754],[-0.4732,47.0664],[-0.3763,47.0881],[-0.2697,47.0972],[-0.1706,47.0983],[-0.143,47.0628],[-0.109,47.0696],[-0.0918,47.0861],[-0.0531,47.0963],[-0.0369,47.1279],[-0.004,47.1566],[0.0668,47.1537],[0.0921,47.1218],[0.1287,47.1273],[0.1403,47.103],[0.1919,47.1023],[0.2001,47.0555],[0.2493,47.0636],[0.2772,47.0453],[0.307,47.0426],[0.3082,46.9515],[0.3267,46.9385],[0.3887,46.9389],[0.4339,46.9327],[0.4837,46.9508],[0.5631,46.9533],[0.5837,46.965],[0.5691,47.0007],[0.5844,47.0013],[0.682,46.9583],[0.7134,46.9001],[0.8315,46.7794],[0.8808,46.7505],[0.9165,46.7663],[0.9407,46.7432],[0.9798,46.7553],[1.0058,46.8036],[1.0354,46.9157],[1.0373,46.942],[1.058,46.9497],[1.0564,46.9965],[1.0743,47.014],[1.1543,47.0344],[1.2368,47.017],[1.2698,47.0415],[1.2937,47.0723],[1.307,47.0716],[1.3175,47.1028],[1.3556,47.1084],[1.3569,47.1519],[1.3267,47.1863],[1.4237,47.2264],[1.4717,47.2358],[1.5247,47.2257],[1.5482,47.2578],[1.5929,47.2576],[1.6039,47.2847],[1.6727,47.2727],[1.7244,47.2892],[1.839,47.2192],[1.8909,47.2149],[1.91,47.2284],[1.9144,47.2612],[1.9499,47.2845],[2.0008,47.2703],[2.0511,47.2657],[2.1008,47.2701],[2.1391,47.2861],[2.1487,47.3086],[2.1203,47.3597],[2.1157,47.3917],[2.1273,47.4161],[2.1524,47.4272],[2.2164,47.4113],[2.2451,47.4112],[2.2586,47.4392],[2.246,47.4817],[2.2225,47.5022],[2.1992,47.5413],[2.1411,47.5489],[2.1284,47.5591],[2.1328,47.5877],[2.1629,47.6035],[2.2391,47.621],[2.2945,47.6222],[2.3725,47.5952],[2.4419,47.6069],[2.4892,47.5766],[2.5663,47.5728],[2.5844,47.5637],[2.6265,47.518],[2.6789,47.485],[2.7039,47.4867],[2.7331,47.525],[2.7544,47.5235],[2.7976,47.4974],[2.8747,47.5205],[2.9303,47.4529],[2.9247,47.4124],[2.875,47.3371],[2.9721,47.2669],[2.9899,47.2161],[3.0335,47.1222],[3.0316,47.0758],[3.0684,47.0455],[3.0756,46.974],[3.0542,46.9133],[3.0732,46.8703],[3.0352,46.8149],[3.0298,46.7909],[3.0329,46.7685],[3.0711,46.7392],[3.1592,46.7186],[3.1856,46.6963],[3.216,46.6872],[3.256,46.701],[3.313,46.699],[3.3683,46.6862],[3.4076,46.7114],[3.4335,46.7058],[3.457,46.6747],[3.4607,46.6515],[3.495,46.6541],[3.5599,46.6814],[3.5676,46.7063],[3.5888,46.7158],[3.5968,46.7429],[3.6249,46.7393],[3.6579,46.6859],[3.6987,46.6571],[3.743,46.6102],[3.7409,46.5493],[3.81,46.5219],[3.8349,46.5219],[3.8782,46.4928],[3.9367,46.4841],[3.9788,46.4626],[3.9887,46.4225],[3.9791,46.3949],[3.9859,46.3562],[4.0013,46.3354],[3.9783,46.3122],[3.8865,46.2762],[3.8211,46.2618],[3.7723,46.2338],[3.7928,46.1619],[3.7903,46.1095],[3.8176,46.0086],[3.7805,45.9804],[3.7183,45.9718],[3.6795,45.957],[3.6817,45.9334],[3.7148,45.9141],[3.7304,45.892],[3.7133,45.8579],[3.697,45.7893],[3.7521,45.7329],[3.8039,45.6491],[3.9206,45.5767],[3.9321,45.5635],[3.9689,45.4824],[3.9535,45.4527],[3.9079,45.4142],[3.8855,45.3587],[3.9025,45.3455],[3.9292,45.3616],[3.9706,45.3685],[4.0032,45.3448],[4.1276,45.3567],[4.16,45.3867],[4.217,45.3841],[4.2732,45.3739],[4.3025,45.3929],[4.3256,45.3809],[4.3517,45.3337],[4.3388,45.3067],[4.3591,45.2736],[4.4057,45.2694],[4.4627,45.2365],[4.4778,45.226],[4.4682,45.1884],[4.4431,45.1509],[4.4395,45.1256],[4.42,45.1168],[4.3839,45.136],[4.3686,45.1256],[4.3838,45.107],[4.3517,45.0763],[4.3686,45.0441],[4.3602,45.033],[4.3114,45.0257],[4.2889,45.0013],[4.2966,44.9742],[4.2521,44.9601],[4.2154,44.9589],[4.1933,44.9145],[4.1535,44.8754],[4.0235,44.8611],[4.0134,44.8361],[3.9475,44.8184],[3.8938,44.758],[3.8722,44.7509],[3.8685,44.7221],[3.8919,44.6632],[3.9003,44.6221],[3.922,44.5803],[3.9433,44.5699],[3.9655,44.5355],[3.994,44.4579],[3.9592,44.4138],[3.8948,44.3902],[3.9265,44.3507],[3.9366,44.3067],[3.9624,44.2621],[3.9576,44.2248],[3.9204,44.1664],[3.8758,44.1314],[3.791,44.136],[3.6904,44.1802],[3.6427,44.1769],[3.6366,44.1273],[3.6163,44.1168],[3.5179,44.1134],[3.4803,44.1218],[3.3767,44.1683],[3.3266,44.1332],[3.3159,44.0987],[3.2868,44.0863],[3.3065,44.0691],[3.3322,44.0719],[3.3595,44.0551],[3.3945,44.0503],[3.4469,44.0144],[3.4424,44.0002],[3.3569,43.9386],[3.342,43.9039],[3.3218,43.8911],[3.2744,43.8876],[3.2375,43.8641],[3.2323,43.8391],[3.1894,43.8131],[3.0881,43.8228],[3.0529,43.8101],[3.0612,43.7661],[3.0562,43.7156],[3.025,43.6904],[2.9902,43.7007],[2.9345,43.6937],[2.8856,43.6529],[2.7756,43.6179],[2.6743,43.6399],[2.6414,43.6331],[2.622,43.5978],[2.6212,43.5652],[2.6605,43.5215],[2.6503,43.4991],[2.6567,43.4608],[2.6059,43.4306],[2.5675,43.4228],[2.4617,43.43],[2.3672,43.4248],[2.2615,43.4423],[2.2291,43.4271],[2.232,43.4026],[2.2172,43.3842],[2.1672,43.401],[2.0902,43.3922],[2.0634,43.3986],[2.0317,43.4226],[1.9506,43.4142],[1.8938,43.3936],[1.8498,43.4234],[1.8047,43.3734],[1.8112,43.3439],[1.7949,43.3335],[1.7423,43.3278],[1.7254,43.3162],[1.7026,43.2667],[1.6965,43.2439],[1.7191,43.1834],[1.7749,43.1522],[1.8407,43.137],[1.8806,43.1203],[1.9249,43.1167],[1.9454,43.1038],[1.9603,43.0691],[1.9436,43.0513],[1.9774,43.0151],[1.9895,42.9605],[1.9479,42.9478],[1.9416,42.9351],[1.969,42.9196],[1.9852,42.8791],[1.9772,42.8637],[1.8869,42.8443],[1.8655,42.8159],[1.9139,42.7834],[1.9127,42.7566],[1.9561,42.7346],[1.9919,42.7314],[2.0556,42.7443],[2.0862,42.7381],[2.1166,42.7071],[2.1577,42.6914],[2.1661,42.6638],[2.154,42.6564],[2.0983,42.6639],[2.0056,42.6561],[1.9628,42.6218],[1.9588,42.5944],[1.9383,42.5718],[1.8728,42.579],[1.7611,42.5676],[1.7651,42.5634],[1.74,42.5616],[1.7217,42.5485],[1.7171,42.5399],[1.7106,42.5277],[1.707,42.5028],[1.7122,42.4937],[1.7927,42.4817],[1.8698,42.4468],[1.9275,42.4369],[1.9637,42.3672],[1.9957,42.3487],[2.0517,42.3524],[2.104,42.3848],[2.137,42.4162],[2.1842,42.4118],[2.2774,42.4286],[2.3755,42.3893],[2.4225,42.3837],[2.4649,42.3406],[2.5253,42.3259],[2.5481,42.3522],[2.6134,42.341],[2.6622,42.339],[2.6403,42.3728],[2.6904,42.4062],[2.7285,42.414],[2.7886,42.412],[2.8508,42.4484],[2.9008,42.4513],[2.9337,42.4702],[2.9661,42.461],[2.9831,42.4693],[3.0296,42.4657],[3.0656,42.432],[3.1117,42.425],[3.181,42.4315],[3.1801,42.4358],[3.2108,42.4358],[3.1988,42.4617],[3.1911,42.471],[3.0908,42.5919],[3.087,42.6117],[3.0604,42.7524],[3.0502,42.806],[3.0535,42.8228],[3.0602,42.858],[3.0669,42.8931],[3.0789,42.9558],[3.1628,43.0811],[3.1703,43.0896],[3.1721,43.09],[3.1851,43.0929],[3.2652,43.1108],[3.3053,43.1198],[3.3453,43.1287],[3.4254,43.1466],[3.8117,43.233],[3.9569,43.2654],[4.0052,43.2762],[4.102,43.2978],[4.1503,43.3086],[4.1987,43.3194],[4.2471,43.3303],[4.2955,43.3411],[4.3922,43.3627],[4.5558,43.3993],[4.5808,43.3958],[4.5663,43.3711],[4.5923,43.3599],[4.6659,43.3475],[4.8203,43.3464],[4.8224,43.3626],[4.846,43.3594],[4.8558,43.3418],[4.8792,43.3548],[5.0519,43.3311],[5.0648,43.328],[5.0748,43.328],[5.3541,43.2897],[5.3573,43.2803],[5.3692,43.2704],[5.347,43.2159],[5.4398,43.2076],[5.5174,43.2074],[5.542,43.2028],[5.5727,43.1691],[5.6124,43.1604],[5.6329,43.1856],[5.6717,43.1783],[5.6752,43.1763],[5.6963,43.1469],[5.741,43.1321],[5.7515,43.1317],[5.8085,43.0984],[5.8089,43.0984],[5.817,43.0985],[5.7819,43.0791],[5.819,43.0535],[5.8566,43.0448],[5.8753,43.0688],[5.9403,43.0709],[5.9514,43.08],[5.9106,43.0932],[5.9038,43.0992],[5.9985,43.0999],[6.0165,43.0989],[6.027,43.0782],[6.0846,43.0824],[6.1145,43.0724],[6.1147,43.0725],[6.1149,43.0724],[6.1175,43.0733],[6.1321,43.0526],[6.0977,43.0313],[6.1801,43.0359],[6.1528,43.0481],[6.162,43.0887],[6.245,43.1174],[6.2804,43.1187],[6.3423,43.0908],[6.3754,43.0908],[6.3661,43.1186],[6.3785,43.1361],[6.4038,43.1455],[6.5285,43.1285],[6.5289,43.1285],[6.6061,43.1766],[6.6099,43.1734],[6.6798,43.2016],[6.6745,43.2192],[6.7673,43.2771],[6.9335,43.3806],[6.9373,43.383],[7.0118,43.4294],[7.049,43.4526],[7.0863,43.4758],[7.1073,43.4889],[7.2,43.5466],[7.2773,43.5948],[7.3624,43.6479],[7.4029,43.6731],[7.4049,43.6744],[7.4361,43.6938],[7.4474,43.6958],[7.4899,43.7033],[7.5324,43.7107],[7.5324,43.744],[7.515,43.744],[7.515,43.86],[7.4797,43.86],[7.5023,43.7922],[7.4779,43.8655],[7.4935,43.8862],[7.5569,43.9441],[7.6309,43.9935],[7.6348,44.0015],[7.6534,44.0397],[7.6899,44.0673],[7.6879,44.0908],[7.6419,44.1436],[7.6556,44.1761],[7.6247,44.1801],[7.5836,44.1607],[7.5548,44.1591],[7.43,44.1331],[7.3808,44.1229],[7.3406,44.1237],[7.3093,44.1475],[7.2513,44.16],[7.145,44.2072],[7.0335,44.2429],[6.9961,44.2378],[6.9734,44.2494],[6.9592,44.2774],[6.9212,44.3022],[6.8784,44.3546],[6.8661,44.3721],[6.8772,44.4144],[6.9178,44.4363],[6.8613,44.4749],[6.8388,44.5029],[6.8464,44.5475],[6.8973,44.5754],[6.9456,44.6254],[6.9383,44.658],[6.9828,44.6922],[7.0552,44.6849],[7.0388,44.7121],[7.019,44.7389],[6.9984,44.7938],[7.0071,44.8221],[6.9828,44.847],[6.9327,44.8617],[6.866,44.8557],[6.7782,44.8876],[6.7279,44.9287],[6.7299,44.9847],[6.7235,45.0134],[6.6972,45.0269],[6.6622,45.0292],[6.6397,45.0504],[6.6366,45.0745],[6.6027,45.1035],[6.6294,45.1235],[6.6674,45.1396],[6.6944,45.1403],[6.7364,45.1573],[6.7715,45.1532],[6.8441,45.1301],[6.8767,45.1412],[6.8813,45.1684],[6.9138,45.1702],[6.9587,45.2098],[7.0297,45.2282],[7.0502,45.215],[7.1084,45.2592],[7.0926,45.324],[7.1301,45.3571],[7.1607,45.4109],[7.0968,45.4354],[7.0754,45.4663],[7.1316,45.5099],[7.1462,45.4922],[7.2123,45.4838],[7.3855,45.5244],[7.4646,45.5742],[7.5459,45.5898],[7.6424,45.5746],[7.673,45.5636],[7.7493,45.5641],[7.784,45.5814],[7.8802,45.6027],[7.9195,45.649],[7.911,45.6841],[7.9163,45.7297],[7.8823,45.7529],[7.8635,45.806],[7.8477,45.9077],[7.8559,45.9193],[7.8496,45.9397],[7.8982,45.9819],[7.9858,45.9993],[8.0107,46.0297],[8.0182,46.0809],[8.0354,46.0965],[8.0669,46.1006],[8.1106,46.127],[8.1323,46.1594],[8.1295,46.196],[8.1,46.2356],[8.0731,46.2536],[8.0873,46.2718],[8.1285,46.2925],[8.1926,46.3092],[8.2418,46.3541],[8.2915,46.3784],[8.2866,46.4054],[8.3163,46.4337],[8.3859,46.4502],[8.396,46.4909],[8.4476,46.5046],[8.4769,46.5318],[8.5098,46.5509],[8.5238,46.5785],[8.5487,46.585],[8.6363,46.5712],[8.6779,46.5836],[8.7112,46.573],[8.7884,46.5681],[8.8473,46.5752],[8.8981,46.5893],[8.9148,46.6204],[8.956,46.6306],[8.9648,46.6148],[9.0221,46.6049],[9.0385,46.5907],[9.0152,46.5335],[9.0486,46.4809],[9.0773,46.4823],[9.0978,46.4161],[9.0891,46.3637],[9.057,46.299],[9.0875,46.2206],[9.1638,46.173],[9.1813,46.2041],[9.2248,46.2312],[9.2397,46.267],[9.269,46.3094],[9.2738,46.3443],[9.2604,46.3797],[9.2609,46.4167],[9.238,46.4365],[9.2632,46.4851],[9.2823,46.4974],[9.331,46.5015],[9.3771,46.4687],[9.4107,46.4889],[9.4379,46.492],[9.4438,46.3961],[9.4516,46.3704],[9.4826,46.3568],[9.5153,46.3086],[9.5597,46.2927],[9.6743,46.2918],[9.7084,46.3117],[9.7093,46.3424],[9.7309,46.3507],[9.7681,46.3386],[9.8554,46.367],[9.899,46.3722],[9.964,46.3561],[9.9776,46.2981],[10.0317,46.2601],[10.0427,46.2205],[10.0757,46.22],[10.1458,46.2433],[10.1589,46.2624],[10.1049,46.3094],[10.0918,46.329],[10.105,46.3614],[10.1332,46.3811],[10.1334,46.414],[10.0421,46.4327],[10.0263,46.4463],[10.044,46.467],[10.0269,46.4932],[10.0328,46.533],[10.0712,46.5644],[10.0878,46.6044],[10.1921,46.6268],[10.2338,46.618],[10.2347,46.5753],[10.2759,46.5655],[10.2954,46.5511],[10.3543,46.5483],[10.4259,46.5353],[10.4518,46.5467],[10.4659,46.5785],[10.4591,46.6236],[10.4382,46.6357],[10.3956,46.6388],[10.3692,46.6724],[10.3944,46.7008],[10.3997,46.7355],[10.4287,46.7556],[10.4172,46.7989],[10.4485,46.8322],[10.4538,46.8644],[10.4638,46.9197],[10.4585,46.9366],[10.4156,46.9624],[10.3947,46.9854],[10.3679,46.9955],[10.3389,46.9841],[10.2962,46.9414],[10.2957,46.9227],[10.2351,46.9233],[10.2014,46.8668],[10.1252,46.8468],[10.0834,46.908],[10.0844,46.9263],[10.1204,46.9552],[10.1294,46.985],[10.1247,47.0218],[10.1382,47.0773],[10.2021,47.161],[10.2034,47.1987],[10.175,47.2724],[10.2394,47.2777],[10.3059,47.3022],[10.3434,47.3308],[10.3657,47.3611],[10.4116,47.381],[10.452,47.4388],[10.4422,47.4814],[10.4196,47.493],[10.431,47.5422],[10.4142,47.573],[10.4536,47.5811],[10.4535,47.5462],[10.4825,47.5329],[10.5251,47.5285],[10.5837,47.5625],[10.6079,47.5623],[10.7399,47.5285],[10.7522,47.5154],[10.7903,47.5161],[10.8586,47.5307],[10.8922,47.5149],[10.8516,47.4931],[10.9099,47.469],[10.92,47.4616],[10.92,49.05],[11.55,49.05],[11.55,49.75],[12.3,49.75],[12.3,50.0271],[12.2469,50.045],[12.2325,50.0805],[12.1879,50.1028],[12.1792,50.118],[12.1827,50.1707],[12.1393,50.211],[12.0796,50.2427],[12.1091,50.2638],[12.1073,50.2909],[12.0761,50.3152],[12.1013,50.314],[12.0937,50.3226],[12.0399,50.3288],[11.986,50.3516],[11.9812,50.3853],[11.9405,50.4145],[11.9053,50.4152],[11.8997,50.4293],[11.9311,50.4403],[11.9475,50.4622],[11.9258,50.4884],[11.9447,50.5159],[11.9894,50.5461],[12.0485,50.5316],[12.0812,50.5613],[12.1454,50.5625],[12.1587,50.6037],[12.1869,50.6264],[12.2529,50.6263],[12.29,50.6434],[12.3218,50.674],[12.2855,50.677],[12.2628,50.7222],[12.2412,50.7222],[12.2492,50.7426],[12.2855,50.7693],[12.258,50.7925],[12.3308,50.8064],[12.3642,50.8233],[12.4244,50.8243],[12.4628,50.8566],[12.5275,50.8766],[12.6017,50.8764],[12.6109,50.8701],[12.6472,50.8999],[12.6022,50.9525],[12.5457,50.9713],[12.4914,51.0285],[12.4837,51.0583],[12.3289,51.0878],[12.2646,51.0838],[12.2464,51.0326],[12.2754,51.0098],[12.2171,50.9542],[12.2008,50.9279],[12.1595,50.952],[12.1204,50.9445],[12.0679,50.9561],[12.0046,50.949],[11.9609,50.971],[11.9314,50.9981],[11.8607,51.0226],[11.7326,51.0175],[11.6974,51.0642],[11.6891,51.0919],[11.6631,51.1012],[11.6275,51.0956],[11.5352,51.1003],[11.5047,51.0892],[11.4274,51.0988],[11.4264,51.1077],[11.4203,51.1597],[11.3886,51.1899],[11.333,51.2163],[11.3524,51.2301],[11.4224,51.2437],[11.4519,51.2715],[11.3672,51.3575],[11.3149,51.3833],[11.1962,51.3974],[11.1538,51.3969],[10.9991,51.4087],[10.9645,51.4278],[10.9718,51.4627],[10.9454,51.4995],[10.9477,51.5185],[10.9115,51.5711],[10.9519,51.577],[10.9456,51.5947],[10.8035,51.6326],[10.7134,51.6311],[10.6976,51.6374],[10.6489,51.6197],[10.6292,51.601],[10.6542,51.5782],[10.6453,51.5611],[10.6104,51.5726],[10.562,51.5574],[10.5142,51.5563],[10.4788,51.5747],[10.4217,51.5919],[10.3749,51.5857],[10.3646,51.5424],[10.3064,51.5106],[10.2945,51.4935],[10.2396,51.4721],[10.1947,51.4794],[10.1497,51.4318],[10.0847,51.4311],[10.0661,51.4209],[10.0457,51.4321],[10,51.4083],[9.9492,51.3818],[9.9058,51.4037],[9.9042,51.417],[9.8628,51.4087],[9.8755,51.3847],[9.8564,51.3721],[9.826,51.4009],[9.8017,51.3972],[9.7137,51.3638],[9.7545,51.3309],[9.7843,51.3359],[9.7621,51.3093],[9.7115,51.2915],[9.6826,51.315],[9.5694,51.3423],[9.5347,51.3666],[9.5709,51.3614],[9.5636,51.3845],[9.5821,51.3988],[9.6325,51.4009],[9.6387,51.468],[9.5968,51.5116],[9.6197,51.5525],[9.6451,51.5517],[9.644,51.5719],[9.6713,51.5593],[9.6861,51.5719],[9.6508,51.6112],[9.6234,51.6295],[9.5926,51.6257],[9.5493,51.6403],[9.5326,51.6303],[9.4944,51.6321],[9.4904,51.6493],[9.4401,51.649],[9.4178,51.6271],[9.3331,51.6067],[9.3538,51.5955],[9.336,51.554],[9.2963,51.5176],[9.2243,51.487],[9.2148,51.4587],[9.158,51.4389],[9.1087,51.4429],[9.0843,51.46],[9.0846,51.483],[9.0154,51.5092],[8.9062,51.4809],[8.8981,51.4667],[8.9162,51.4229],[8.9495,51.4089],[8.9351,51.3913],[8.8936,51.39],[8.858,51.3754],[8.8146,51.3817],[8.7277,51.3731],[8.6855,51.3634],[8.5939,51.296],[8.58,51.2649],[8.6079,51.2413],[8.7169,51.2711],[8.7317,51.2498],[8.7522,51.1878],[8.7502,51.1728],[8.6957,51.1305],[8.7044,51.1047],[8.6584,51.0884],[8.6272,51.0936],[8.5247,51.0933],[8.5449,51.0207],[8.4696,50.9438],[8.4638,50.9145],[8.4441,50.916],[8.3641,50.8616],[8.3145,50.8645],[8.2996,50.8809],[8.1972,50.8271],[8.1872,50.8115],[8.1393,50.785],[8.145,50.7623],[8.1751,50.7421],[8.1669,50.7079],[8.1345,50.684],[8.0895,50.6968],[8.0563,50.6909],[8.0338,50.726],[7.9811,50.7735],[7.9839,50.803],[7.9703,50.837],[7.9425,50.832],[7.8856,50.8669],[7.8446,50.882],[7.8597,50.9225],[7.8016,50.9327],[7.7575,50.9113],[7.7677,50.8365],[7.7406,50.842],[7.6756,50.81],[7.6989,50.7816],[7.6134,50.7494],[7.5995,50.7334],[7.5633,50.7328],[7.5324,50.721],[7.4486,50.7062],[7.3869,50.7037],[7.3715,50.6426],[7.3405,50.6289],[7.2826,50.6188],[7.2263,50.6214],[7.2148,50.6272],[7.21,50.64],[7.18,50.68],[7.12,50.73],[7.07,50.78],[7,50.82],[6.97,50.94],[6.98,51],[6.95,51.05],[6.86,51.1],[6.8,51.17],[6.76,51.23],[6.74,51.27],[6.68,51.35],[6.7157,51.4],[6.73,51.4],[6.8,51.45],[6.85,51.55],[6.82,51.65],[6.7,51.75],[6.5,51.83],[6.4555,51.85],[6.4794,51.853],[6.5286,51.8764],[6.6282,51.8975],[6.7167,51.8993],[6.7438,51.9083],[6.7898,51.9511],[6.8107,51.9606],[6.804,51.9844],[6.7782,52.0013],[6.675,52.0348],[6.6799,52.0605],[6.7114,52.0673],[6.7329,52.092],[6.7716,52.1088],[6.7595,52.1145],[6.6619,52.1273],[6.6667,52.1645],[6.6017,52.1659],[6.5974,52.1781],[6.4952,52.1772],[6.4659,52.1944],[6.4114,52.2446],[6.3817,52.2468],[6.3225,52.2295],[6.2592,52.2289],[6.1796,52.2377],[6.1543,52.2256],[6.1241,52.2562],[6.1065,52.2997],[6.068,52.3218],[6.0816,52.3706],[6.12,52.3804],[6.1327,52.4213],[6.0954,52.4679],[6.0496,52.5053],[6.0307,52.511],[5.9697,52.485],[5.925,52.484],[5.8915,52.5204],[5.8669,52.5218],[5.8465,52.5777],[5.8442,52.6053],[5.895,52.6195],[5.9396,52.6167],[6.0198,52.6376],[5.9978,52.6538],[5.9265,52.6717],[5.9453,52.6888],[5.9234,52.7399],[5.8584,52.7794],[5.7852,52.8037],[5.8224,52.815],[5.8794,52.8059],[5.9329,52.8352],[5.9672,52.8398],[5.9931,52.8228],[6.0324,52.8211],[6.0519,52.8393],[6.1295,52.8534],[6.2142,52.8929],[6.2654,52.9257],[6.3145,52.9222],[6.348,52.9084],[6.3958,52.9278],[6.4295,52.9594],[6.4217,52.9846],[6.3675,53.0285],[6.3546,53.0636],[6.3077,53.0784],[6.3095,53.0921],[6.2648,53.1092],[6.1962,53.1171],[6.1737,53.1315],[6.1691,53.1529],[6.1863,53.1868],[6.2234,53.2165],[6.2179,53.2406],[6.254,53.2882],[6.2871,53.3099],[6.2737,53.3447],[6.2369,53.3443],[6.1801,53.3643],[6.1703,53.3861],[6.186,53.411],[6.188,53.411],[6.188,53.4492],[6.2491,53.4492],[6.2491,53.4512],[6.3102,53.4512],[6.3102,53.4515],[6.3713,53.4515],[6.3713,53.459],[6.4018,53.459],[6.4018,53.4997],[6.3713,53.5008],[6.3408,53.5018],[6.3245,53.5024],[6.3189,53.5072],[6.3345,53.511],[6.3337,53.5111],[6.3343,53.5112],[6.3338,53.5112],[6.3345,53.5114],[6.3118,53.5132],[6.3108,53.5141],[6.305,53.5138],[6.2913,53.5149],[6.2909,53.5149],[6.2752,53.5122],[6.2118,53.5089],[6.2017,53.5067],[6.1269,53.5092],[6.0753,53.511],[6.0749,53.511],[6.0046,53.4895],[5.9333,53.4678],[5.9138,53.4739],[5.8856,53.4732],[5.8773,53.4749],[5.8769,53.4749],[5.7077,53.4732],[5.6537,53.4663],[5.6541,53.4659],[5.6537,53.4659],[5.6545,53.4652],[5.6419,53.4634],[5.6361,53.4487],[5.679,53.4301],[5.7363,53.4435],[5.7854,53.4474],[5.8556,53.4474],[5.876,53.4502],[5.5158,53.3402],[5.2714,53.2655],[5.1492,53.2282],[5.0881,53.2095],[5.0576,53.2002],[5.027,53.1908],[4.9883,53.179],[4.9495,53.1672],[4.8974,53.1512],[4.8872,53.1644],[4.8872,53.1833],[4.8868,53.1831],[4.8868,53.1833],[4.8858,53.1827],[4.8858,53.1867],[4.8543,53.1877],[4.8057,53.133],[4.7597,53.1091],[4.7167,53.096],[4.7068,53.093],[4.4064,52.5894],[4.3168,52.4391],[4.2944,52.4015],[4.2719,52.3639],[4.2271,52.2887],[4.0493,51.9907],[4.0225,51.9944],[4.01,51.9801],[4.0257,51.951],[3.9638,51.8472],[3.9627,51.8474],[3.8623,51.8161],[3.8716,51.7883],[3.9339,51.7971],[3.9173,51.7693],[3.9016,51.743],[3.8101,51.7473],[3.7928,51.7457],[3.7892,51.7459],[3.7888,51.7459],[3.7825,51.7448],[3.7258,51.7397],[3.7054,51.7314],[3.6988,51.7303],[3.6988,51.7288],[3.6895,51.725],[3.6867,51.6927],[3.7206,51.6768],[3.7654,51.6784],[3.7758,51.6858],[3.8159,51.693],[3.8244,51.69],[3.8596,51.6726],[3.8284,51.6204],[3.8118,51.6115],[3.5604,51.5946],[3.5469,51.5894],[3.5008,51.5775],[3.4838,51.5652],[3.4575,51.5551],[3.447,51.546],[3.4619,51.519],[3.4948,51.5009],[3.5321,51.4626],[3.4881,51.4392],[3.4608,51.4246],[3.4179,51.4017],[3.3878,51.3857],[3.3828,51.3847],[3.3496,51.3778],[3.3477,51.3774],[3.3126,51.3702],[3.2775,51.3629],[3.2236,51.3518],[3.2073,51.3464],[3.1248,51.3297],[2.9983,51.2774],[2.9608,51.265],[2.9162,51.2478],[2.6523,51.1824],[2.5658,51.1609],[2.5226,51.1502],[2.5144,51.1482],[2.4793,51.1401],[2.1333,51.0605],[2.0901,51.0505],[2.0468,51.0405],[1.9603,51.0206],[1.6396,50.9468],[1.6143,50.8782],[1.5806,50.8688],[1.5946,50.8248],[1.512,50.6011],[1.4707,50.4893],[1.4501,50.4334],[1.4398,50.4055],[1.4294,50.3775],[1.3696,50.2153],[1.3489,50.1593],[1.3372,50.1276],[1.2877,50.111],[1.268,50.1044],[1.1871,50.0772],[1.0252,50.0229],[0.0541,49.6971],[-0.1077,49.6428],[-0.1887,49.6156],[-0.2696,49.5885],[-0.31,49.5749],[-0.3505,49.5613],[-0.4314,49.5342],[-0.5933,49.4799],[-0.887,49.3813],[-0.9169,49.3864],[-0.9404,49.3923],[-0.9543,49.3928],[-0.9592,49.3936],[-0.9596,49.3936],[-0.9698,49.3933],[-1.0723,49.3968],[-1.084,49.3909],[-1.158,49.4245],[-1.1847,49.4366],[-1.1932,49.4457],[-1.212,49.4688],[-1.2328,49.4943],[-1.263,49.5914],[-1.2533,49.6123],[-1.2278,49.6241],[-1.2322,49.6414],[-1.258,49.6792],[-1.258,49.68],[-1.2587,49.6802],[-1.2711,49.6984],[-1.3913,49.7127],[-1.4557,49.7022],[-1.4752,49.6884],[-1.5894,49.6679],[-1.7044,49.6818],[-1.7249,49.682],[-1.7251,49.682],[-1.9348,49.7772],[-1.9347,49.777],[-1.9352,49.7772],[-1.9351,49.7767],[-1.9352,49.7768],[-1.9208,49.7253],[-1.9352,49.7241],[-1.9456,49.678],[-1.9051,49.6693],[-1.8704,49.5452],[-1.8847,49.5309],[-1.8602,49.5086],[-1.7352,49.0619],[-1.6727,48.8386],[-1.6415,48.727],[-1.6266,48.6738],[-1.6185,48.645],[-1.6404,48.6483],[-1.6719,48.6532],[-1.735,48.6628],[-1.8466,48.68],[-1.8363,48.6911],[-1.8437,48.7121],[-1.9484,48.6956],[-2.022,48.7069],[-2.0588,48.7125],[-2.0588,48.667],[-2.022,48.667],[-2.022,48.6495],[-2.0287,48.6433],[-2.0275,48.6415],[-2.022,48.6333],[-2.022,48.6159],[-2.0323,48.6159],[-2.0175,48.5907],[-1.9988,48.5907],[-1.9988,48.5654],[-1.9982,48.5648],[-1.9652,48.5648],[-1.9491,48.5392],[-1.9485,48.5383],[-1.9251,48.5448],[-1.9102,48.5036],[-1.918,48.473],[-1.944,48.4467],[-1.9517,48.4228],[-1.9327,48.3639],[-1.9615,48.3421],[-1.9615,48.3003],[-1.9824,48.2803],[-2.066,48.2952],[-2.1172,48.2608],[-2.1602,48.2607],[-2.186,48.2226],[-2.2108,48.2096],[-2.2319,48.1641],[-2.2873,48.1337],[-2.2352,48.0786],[-2.1882,48.0797],[-2.1913,48.0525],[-2.2576,48.0389],[-2.2711,48.0054],[-2.2554,47.9974],[-2.1677,47.9847],[-2.1243,47.9636],[-2.106,47.945],[-2.1002,47.9119],[-2.1095,47.8488],[-2.0612,47.8463],[-2.0524,47.8218],[-2.068,47.7962],[-2.1223,47.7743],[-2.1103,47.7588],[-2.0716,47.7572],[-2.0767,47.7333],[-2.1159,47.7317],[-2.1263,47.7142],[-2.1062,47.669],[-2.1028,47.6393],[-2.0885,47.6326],[-2.0858,47.608],[-2.11,47.5423],[-2.1544,47.5131],[-2.1868,47.4814],[-2.2109,47.5076],[-2.2534,47.4953],[-2.3023,47.5016],[-2.3345,47.464],[-2.4041,47.4556],[-2.4331,47.4658],[-2.4611,47.4526],[-2.4649,47.4535],[-2.4649,47.4322],[-2.5014,47.4322],[-2.5014,47.4247],[-2.5379,47.4247],[-2.5379,47.4473],[-2.684,47.4473],[-2.684,47.411],[-2.7238,47.411],[-2.7238,47.4045]],[[1.9456,42.4638],[1.968,42.4857],[1.9995,42.4439],[1.9606,42.4437],[1.9456,42.4638]]],[[[-2.6735,49.4335],[-2.6693,49.4309],[-2.5731,49.4309],[-2.5521,49.4267],[-2.549,49.4283],[-2.5472,49.4279],[-2.5472,49.428],[-2.5468,49.4279],[-2.5456,49.4301],[-2.5341,49.4362],[-2.5267,49.4585],[-2.5245,49.4688],[-2.5127,49.4903],[-2.5058,49.498],[-2.5017,49.5067],[-2.5182,49.5155],[-2.5382,49.5098],[-2.5496,49.5042],[-2.5736,49.4954],[-2.5802,49.4936],[-2.5825,49.4922],[-2.648,49.4682],[-2.6479,49.4679],[-2.648,49.4678],[-2.6464,49.464],[-2.6503,49.4637],[-2.6566,49.4594],[-2.6518,49.4452],[-2.663,49.4438],[-2.6735,49.4335]]],[[[-2.242,49.248],[-2.2332,49.2285],[-2.2296,49.2165],[-2.2376,49.1766],[-2.2375,49.1766],[-2.2376,49.1762],[-2.2372,49.1763],[-2.2372,49.1762],[-2.1826,49.1841],[-2.1772,49.1802],[-2.1687,49.1783],[-2.1626,49.1866],[-2.1013,49.1866],[-2.097,49.1837],[-2.08,49.1787],[-2.0734,49.1786],[-2.054,49.1693],[-2.0537,49.1694],[-2.0536,49.1693],[-2.0354,49.1744],[-2.0245,49.1713],[-2.0237,49.1777],[-2.0104,49.1814],[-2.0105,49.1818],[-2.0104,49.1818],[-2.014,49.2072],[-2.0083,49.2125],[-2.0158,49.2196],[-2.0176,49.2321],[-2.021,49.2333],[-2.0207,49.2353],[-2.0679,49.2507],[-2.0827,49.2602],[-2.1039,49.2582],[-2.1059,49.2568],[-2.1218,49.2582],[-2.122,49.2583],[-2.1438,49.2619],[-2.1517,49.267],[-2.1618,49.2618],[-2.2192,49.2669],[-2.2196,49.2669],[-2.2209,49.2605],[-2.2294,49.263],[-2.2411,49.2602],[-2.242,49.248]]],[[[4.8789,53.2209],[4.9102,53.2125],[4.9575,53.2456],[4.9716,53.2538],[5.1105,53.3079],[5.1098,53.3079],[5.1103,53.3081],[5.11,53.3081],[5.1105,53.3083],[5.1006,53.3085],[5.1048,53.3096],[5.0545,53.3138],[5.0428,53.3097],[5.0277,53.31],[5.0273,53.31],[4.9972,53.2937],[4.9865,53.29],[4.9212,53.2537],[4.917,53.2504],[4.9084,53.2458],[4.9087,53.2455],[4.9084,53.2454],[4.9095,53.2446],[4.8789,53.2209]]],[[[5.1789,53.3854],[5.1799,53.3531],[5.2083,53.3527],[5.3469,53.3892],[5.427,53.4064],[5.4817,53.4127],[5.4797,53.4172],[5.5821,53.4381],[5.5815,53.4382],[5.5819,53.4383],[5.5815,53.4384],[5.5821,53.4385],[5.5701,53.441],[5.5853,53.4536],[5.437,53.4365],[5.4284,53.4326],[5.4161,53.4315],[5.1893,53.3916],[5.1898,53.3914],[5.1895,53.3914],[5.1898,53.3913],[5.1893,53.3912],[5.1958,53.3891],[5.1789,53.3854]]]]}},
{"type":"Feature","properties":{"entityId":"frankish-kingdom","from":768,"to":774,"certainty":"estimated","source":"유럽 쪽은 Natural Earth 1:10m admin-1(v5.1.2) 현대 행정구역 조각을 그 시기 국경에 맞춰 묶고, 조각이 역사 경계와 다른 곳은 선을 그어 나눈 근사. 유럽 밖(시베리아·중앙아시아·극동)은 대략적인 추정. 운영자 검수 필요"},"geometry":{"type":"MultiPolygon","coordinates":[[[[-2.7238,47.4045],[-2.684,47.3772],[-2.6458,47.351],[-2.365,47.1585],[-2.3168,47.1254],[-2.2491,47.079],[-2.2382,47.0715],[-2.2268,47.0637],[-2.2098,47.0464],[-2.2079,47.0445],[-2.1814,47.0175],[-2.1532,46.9889],[-2.1137,46.9487],[-2.098,46.9328],[-2.1022,46.9307],[-2.0963,46.9165],[-2.122,46.9037],[-2.1313,46.8718],[-2.1188,46.82],[-2.0503,46.7921],[-2.0022,46.7575],[-1.9921,46.7485],[-1.965,46.7104],[-1.9398,46.7019],[-1.9208,46.685],[-1.8213,46.558],[-1.8048,46.5036],[-1.7817,46.4954],[-1.7854,46.514],[-1.7742,46.5093],[-1.7684,46.5002],[-1.6868,46.4609],[-1.6459,46.4558],[-1.6321,46.4501],[-1.6256,46.4311],[-1.5988,46.425],[-1.598,46.425],[-1.5344,46.3603],[-1.5025,46.3279],[-1.4706,46.2956],[-1.4421,46.2666],[-1.4136,46.2377],[-1.4905,46.2244],[-1.508,46.2456],[-1.4739,46.2381],[-1.4679,46.2499],[-1.4981,46.2619],[-1.5558,46.2518],[-1.5043,46.2077],[-1.4329,46.2108],[-1.3506,46.1737],[-1.3432,46.1662],[-1.2496,46.0712],[-1.1936,46.0143],[-1.2021,45.9262],[-1.2198,45.9431],[-1.2194,45.9439],[-1.2336,45.9917],[-1.2738,45.9976],[-1.3399,46.0378],[-1.3829,46.048],[-1.3876,46.0501],[-1.3876,46.0499],[-1.388,46.0501],[-1.388,46.0492],[-1.4049,46.0532],[-1.3833,46.0155],[-1.375,45.9858],[-1.3783,45.976],[-1.3402,45.9387],[-1.2778,45.8942],[-1.2457,45.8546],[-1.2269,45.8198],[-1.2127,45.8153],[-1.2147,45.7949],[-1.2303,45.7924],[-1.2473,45.7099],[-1.2228,45.71],[-1.23,45.6345],[-1.2337,45.5966],[-1.2373,45.5588],[-1.2518,45.4074],[-1.2808,45.1045],[-1.3388,44.4988],[-1.3458,44.4252],[-1.3529,44.3516],[-1.367,44.2044],[-1.3844,44.0225],[-1.4818,43.9099],[-1.6848,43.6753],[-1.7231,43.6311],[-1.7997,43.5425],[-1.7614,43.5425],[-1.7614,43.4982],[-1.762,43.4982],[-1.762,43.4067],[-1.8006,43.4067],[-1.8006,43.3894],[-1.7941,43.386],[-1.7969,43.3411],[-1.7682,43.3309],[-1.7497,43.2948],[-1.6739,43.3042],[-1.645,43.2924],[-1.639,43.2557],[-1.5876,43.2516],[-1.559,43.2841],[-1.5081,43.2768],[-1.4664,43.2608],[-1.4322,43.265],[-1.4035,43.2433],[-1.3997,43.2067],[-1.4258,43.1353],[-1.4878,43.0818],[-1.4753,43.0601],[-1.435,43.0357],[-1.3831,43.0292],[-1.3576,43.0468],[-1.3483,43.0931],[-1.3086,43.1136],[-1.3106,43.0695],[-1.2749,43.0468],[-1.2169,43.0393],[-1.1499,43.0057],[-1.1124,43.0083],[-1.0797,42.9934],[-1.0285,42.9867],[-0.9815,42.957],[-0.9432,42.9479],[-0.8635,42.9431],[-0.7864,42.9533],[-0.7597,42.9465],[-0.745,42.9187],[-0.7459,42.8939],[-0.7301,42.8775],[-0.7004,42.8764],[-0.6483,42.8498],[-0.6095,42.8114],[-0.5829,42.7958],[-0.5787,42.7773],[-0.5356,42.7842],[-0.5339,42.808],[-0.5084,42.8075],[-0.4545,42.7889],[-0.4239,42.7907],[-0.3228,42.8425],[-0.3051,42.8308],[-0.247,42.8048],[-0.2351,42.7862],[-0.2084,42.7839],[-0.1614,42.7953],[-0.1636,42.778],[-0.119,42.7169],[-0.0389,42.6851],[-0.0043,42.6875],[0.0728,42.7085],[0.1342,42.7152],[0.1692,42.7265],[0.2384,42.7104],[0.2754,42.6687],[0.2902,42.6703],[0.336,42.7127],[0.3542,42.7175],[0.3893,42.6851],[0.4669,42.6904],[0.4835,42.6853],[0.6082,42.688],[0.6436,42.6845],[0.6634,42.6962],[0.6665,42.7148],[0.6335,42.7448],[0.6537,42.8027],[0.6563,42.8384],[0.7243,42.8453],[0.7763,42.8325],[0.8129,42.8316],[0.8561,42.8128],[0.9211,42.7844],[0.9587,42.7937],[0.9829,42.7804],[1.0682,42.7761],[1.1067,42.7596],[1.1343,42.716],[1.1625,42.7057],[1.1959,42.7136],[1.3191,42.7134],[1.3611,42.6867],[1.398,42.6436],[1.4293,42.5954],[1.4514,42.6021],[1.4668,42.6415],[1.4984,42.6402],[1.5278,42.6485],[1.5431,42.6494],[1.5973,42.6219],[1.6083,42.6181],[1.722,42.6099],[1.7133,42.5895],[1.7294,42.582],[1.7527,42.5767],[1.7611,42.5676],[1.7651,42.5634],[1.74,42.5616],[1.7217,42.5485],[1.7171,42.5399],[1.7106,42.5277],[1.707,42.5028],[1.7122,42.4937],[1.7927,42.4817],[1.8698,42.4468],[1.9275,42.4369],[1.9637,42.3672],[1.9957,42.3487],[2.0517,42.3524],[2.104,42.3848],[2.137,42.4162],[2.1842,42.4118],[2.2774,42.4286],[2.3755,42.3893],[2.4225,42.3837],[2.4649,42.3406],[2.5253,42.3259],[2.5481,42.3522],[2.6134,42.341],[2.6622,42.339],[2.6403,42.3728],[2.6904,42.4062],[2.7285,42.414],[2.7886,42.412],[2.8508,42.4484],[2.9008,42.4513],[2.9337,42.4702],[2.9661,42.461],[2.9831,42.4693],[3.0296,42.4657],[3.0656,42.432],[3.1117,42.425],[3.181,42.4315],[3.1801,42.4358],[3.2108,42.4358],[3.1988,42.4617],[3.1911,42.471],[3.0908,42.5919],[3.087,42.6117],[3.0604,42.7524],[3.0502,42.806],[3.0535,42.8228],[3.0602,42.858],[3.0669,42.8931],[3.0789,42.9558],[3.1628,43.0811],[3.1703,43.0896],[3.1721,43.09],[3.1851,43.0929],[3.2652,43.1108],[3.3053,43.1198],[3.3453,43.1287],[3.4254,43.1466],[3.8117,43.233],[3.9569,43.2654],[4.0052,43.2762],[4.102,43.2978],[4.1503,43.3086],[4.1987,43.3194],[4.2471,43.3303],[4.2955,43.3411],[4.3922,43.3627],[4.5558,43.3993],[4.5808,43.3958],[4.5663,43.3711],[4.5923,43.3599],[4.6659,43.3475],[4.8203,43.3464],[4.8224,43.3626],[4.846,43.3594],[4.8558,43.3418],[4.8792,43.3548],[5.0519,43.3311],[5.0648,43.328],[5.0748,43.328],[5.3541,43.2897],[5.3573,43.2803],[5.3692,43.2704],[5.347,43.2159],[5.4398,43.2076],[5.5174,43.2074],[5.542,43.2028],[5.5727,43.1691],[5.6124,43.1604],[5.6329,43.1856],[5.6717,43.1783],[5.6752,43.1763],[5.6963,43.1469],[5.741,43.1321],[5.7515,43.1317],[5.8085,43.0984],[5.8089,43.0984],[5.817,43.0985],[5.7819,43.0791],[5.819,43.0535],[5.8566,43.0448],[5.8753,43.0688],[5.9403,43.0709],[5.9514,43.08],[5.9106,43.0932],[5.9038,43.0992],[5.9985,43.0999],[6.0165,43.0989],[6.027,43.0782],[6.0846,43.0824],[6.1145,43.0724],[6.1147,43.0725],[6.1149,43.0724],[6.1175,43.0733],[6.1321,43.0526],[6.0977,43.0313],[6.1801,43.0359],[6.1528,43.0481],[6.162,43.0887],[6.245,43.1174],[6.2804,43.1187],[6.3423,43.0908],[6.3754,43.0908],[6.3661,43.1186],[6.3785,43.1361],[6.4038,43.1455],[6.5285,43.1285],[6.5289,43.1285],[6.6061,43.1766],[6.6099,43.1734],[6.6798,43.2016],[6.6745,43.2192],[6.7673,43.2771],[6.9335,43.3806],[6.9373,43.383],[7.0118,43.4294],[7.049,43.4526],[7.0863,43.4758],[7.1073,43.4889],[7.2,43.5466],[7.2773,43.5948],[7.3624,43.6479],[7.4029,43.6731],[7.4049,43.6744],[7.4361,43.6938],[7.4474,43.6958],[7.4899,43.7033],[7.5324,43.7107],[7.5324,43.744],[7.515,43.744],[7.515,43.86],[7.4797,43.86],[7.5023,43.7922],[7.4779,43.8655],[7.4935,43.8862],[7.5569,43.9441],[7.6309,43.9935],[7.6348,44.0015],[7.6534,44.0397],[7.6899,44.0673],[7.6879,44.0908],[7.6419,44.1436],[7.6556,44.1761],[7.6247,44.1801],[7.5836,44.1607],[7.5548,44.1591],[7.43,44.1331],[7.3808,44.1229],[7.3406,44.1237],[7.3093,44.1475],[7.2513,44.16],[7.145,44.2072],[7.0335,44.2429],[6.9961,44.2378],[6.9734,44.2494],[6.9592,44.2774],[6.9212,44.3022],[6.8784,44.3546],[6.8661,44.3721],[6.8772,44.4144],[6.9178,44.4363],[6.8613,44.4749],[6.8388,44.5029],[6.8464,44.5475],[6.8973,44.5754],[6.9456,44.6254],[6.9383,44.658],[6.9828,44.6922],[7.0552,44.6849],[7.0388,44.7121],[7.019,44.7389],[6.9984,44.7938],[7.0071,44.8221],[6.9828,44.847],[6.9327,44.8617],[6.866,44.8557],[6.7782,44.8876],[6.7279,44.9287],[6.7299,44.9847],[6.7235,45.0134],[6.6972,45.0269],[6.6622,45.0292],[6.6397,45.0504],[6.6366,45.0745],[6.6027,45.1035],[6.6294,45.1235],[6.6674,45.1396],[6.6944,45.1403],[6.7364,45.1573],[6.7715,45.1532],[6.8441,45.1301],[6.8767,45.1412],[6.8813,45.1684],[6.9138,45.1702],[6.9587,45.2098],[7.0297,45.2282],[7.0502,45.215],[7.1084,45.2592],[7.0926,45.324],[7.1301,45.3571],[7.1607,45.4109],[7.0968,45.4354],[7.0754,45.4663],[7.1316,45.5099],[7.1462,45.4922],[7.2123,45.4838],[7.3855,45.5244],[7.4646,45.5742],[7.5459,45.5898],[7.6424,45.5746],[7.673,45.5636],[7.7493,45.5641],[7.784,45.5814],[7.8802,45.6027],[7.9195,45.649],[7.911,45.6841],[7.9163,45.7297],[7.8823,45.7529],[7.8635,45.806],[7.8477,45.9077],[7.8559,45.9193],[7.8496,45.9397],[7.8982,45.9819],[7.9858,45.9993],[8.0107,46.0297],[8.0182,46.0809],[8.0354,46.0965],[8.0669,46.1006],[8.1106,46.127],[8.1323,46.1594],[8.1295,46.196],[8.1,46.2356],[8.0731,46.2536],[8.0873,46.2718],[8.1285,46.2925],[8.1926,46.3092],[8.2418,46.3541],[8.2915,46.3784],[8.2866,46.4054],[8.3163,46.4337],[8.3859,46.4502],[8.396,46.4909],[8.4476,46.5046],[8.4769,46.5318],[8.5098,46.5509],[8.5238,46.5785],[8.5487,46.585],[8.6363,46.5712],[8.6779,46.5836],[8.7112,46.573],[8.7884,46.5681],[8.8473,46.5752],[8.8981,46.5893],[8.9148,46.6204],[8.956,46.6306],[8.9648,46.6148],[9.0221,46.6049],[9.0385,46.5907],[9.0152,46.5335],[9.0486,46.4809],[9.0773,46.4823],[9.0978,46.4161],[9.0891,46.3637],[9.057,46.299],[9.0875,46.2206],[9.1638,46.173],[9.1813,46.2041],[9.2248,46.2312],[9.2397,46.267],[9.269,46.3094],[9.2738,46.3443],[9.2604,46.3797],[9.2609,46.4167],[9.238,46.4365],[9.2632,46.4851],[9.2823,46.4974],[9.331,46.5015],[9.3771,46.4687],[9.4107,46.4889],[9.4379,46.492],[9.4438,46.3961],[9.4516,46.3704],[9.4826,46.3568],[9.5153,46.3086],[9.5597,46.2927],[9.6743,46.2918],[9.7084,46.3117],[9.7093,46.3424],[9.7309,46.3507],[9.7681,46.3386],[9.8554,46.367],[9.899,46.3722],[9.964,46.3561],[9.9776,46.2981],[10.0317,46.2601],[10.0427,46.2205],[10.0757,46.22],[10.1458,46.2433],[10.1589,46.2624],[10.1049,46.3094],[10.0918,46.329],[10.105,46.3614],[10.1332,46.3811],[10.1334,46.414],[10.0421,46.4327],[10.0263,46.4463],[10.044,46.467],[10.0269,46.4932],[10.0328,46.533],[10.0712,46.5644],[10.0878,46.6044],[10.1921,46.6268],[10.2338,46.618],[10.2347,46.5753],[10.2759,46.5655],[10.2954,46.5511],[10.3543,46.5483],[10.4259,46.5353],[10.4518,46.5467],[10.4659,46.5785],[10.4591,46.6236],[10.4382,46.6357],[10.3956,46.6388],[10.3692,46.6724],[10.3944,46.7008],[10.3997,46.7355],[10.4287,46.7556],[10.4172,46.7989],[10.4485,46.8322],[10.4538,46.8644],[10.4638,46.9197],[10.4585,46.9366],[10.4156,46.9624],[10.3947,46.9854],[10.3679,46.9955],[10.3389,46.9841],[10.2962,46.9414],[10.2957,46.9227],[10.2351,46.9233],[10.2014,46.8668],[10.1252,46.8468],[10.0834,46.908],[10.0844,46.9263],[10.1204,46.9552],[10.1294,46.985],[10.1247,47.0218],[10.1382,47.0773],[10.2021,47.161],[10.2034,47.1987],[10.175,47.2724],[10.2394,47.2777],[10.3059,47.3022],[10.3434,47.3308],[10.3657,47.3611],[10.4116,47.381],[10.452,47.4388],[10.4422,47.4814],[10.4196,47.493],[10.431,47.5422],[10.4142,47.573],[10.4536,47.5811],[10.4535,47.5462],[10.4825,47.5329],[10.5251,47.5285],[10.5837,47.5625],[10.6079,47.5623],[10.7399,47.5285],[10.7522,47.5154],[10.7903,47.5161],[10.8586,47.5307],[10.8922,47.5149],[10.8516,47.4931],[10.9099,47.469],[10.92,47.4616],[10.92,49.05],[11.55,49.05],[11.55,49.75],[12.3,49.75],[12.3,50.0271],[12.2469,50.045],[12.2325,50.0805],[12.1879,50.1028],[12.1792,50.118],[12.1827,50.1707],[12.1393,50.211],[12.0796,50.2427],[12.1091,50.2638],[12.1073,50.2909],[12.0761,50.3152],[12.1013,50.314],[12.0937,50.3226],[12.0399,50.3288],[11.986,50.3516],[11.9812,50.3853],[11.9405,50.4145],[11.9053,50.4152],[11.8997,50.4293],[11.9311,50.4403],[11.9475,50.4622],[11.9258,50.4884],[11.9447,50.5159],[11.9894,50.5461],[12.0485,50.5316],[12.0812,50.5613],[12.1454,50.5625],[12.1587,50.6037],[12.1869,50.6264],[12.2529,50.6263],[12.29,50.6434],[12.3218,50.674],[12.2855,50.677],[12.2628,50.7222],[12.2412,50.7222],[12.2492,50.7426],[12.2855,50.7693],[12.258,50.7925],[12.3308,50.8064],[12.3642,50.8233],[12.4244,50.8243],[12.4628,50.8566],[12.5275,50.8766],[12.6017,50.8764],[12.6109,50.8701],[12.6472,50.8999],[12.6022,50.9525],[12.5457,50.9713],[12.4914,51.0285],[12.4837,51.0583],[12.3289,51.0878],[12.2646,51.0838],[12.2464,51.0326],[12.2754,51.0098],[12.2171,50.9542],[12.2008,50.9279],[12.1595,50.952],[12.1204,50.9445],[12.0679,50.9561],[12.0046,50.949],[11.9609,50.971],[11.9314,50.9981],[11.8607,51.0226],[11.7326,51.0175],[11.6974,51.0642],[11.6891,51.0919],[11.6631,51.1012],[11.6275,51.0956],[11.5352,51.1003],[11.5047,51.0892],[11.4274,51.0988],[11.4264,51.1077],[11.4203,51.1597],[11.3886,51.1899],[11.333,51.2163],[11.3524,51.2301],[11.4224,51.2437],[11.4519,51.2715],[11.3672,51.3575],[11.3149,51.3833],[11.1962,51.3974],[11.1538,51.3969],[10.9991,51.4087],[10.9645,51.4278],[10.9718,51.4627],[10.9454,51.4995],[10.9477,51.5185],[10.9115,51.5711],[10.9519,51.577],[10.9456,51.5947],[10.8035,51.6326],[10.7134,51.6311],[10.6976,51.6374],[10.6489,51.6197],[10.6292,51.601],[10.6542,51.5782],[10.6453,51.5611],[10.6104,51.5726],[10.562,51.5574],[10.5142,51.5563],[10.4788,51.5747],[10.4217,51.5919],[10.3749,51.5857],[10.3646,51.5424],[10.3064,51.5106],[10.2945,51.4935],[10.2396,51.4721],[10.1947,51.4794],[10.1497,51.4318],[10.0847,51.4311],[10.0661,51.4209],[10.0457,51.4321],[10,51.4083],[9.9492,51.3818],[9.9058,51.4037],[9.9042,51.417],[9.8628,51.4087],[9.8755,51.3847],[9.8564,51.3721],[9.826,51.4009],[9.8017,51.3972],[9.7137,51.3638],[9.7545,51.3309],[9.7843,51.3359],[9.7621,51.3093],[9.7115,51.2915],[9.6826,51.315],[9.5694,51.3423],[9.5347,51.3666],[9.5709,51.3614],[9.5636,51.3845],[9.5821,51.3988],[9.6325,51.4009],[9.6387,51.468],[9.5968,51.5116],[9.6197,51.5525],[9.6451,51.5517],[9.644,51.5719],[9.6713,51.5593],[9.6861,51.5719],[9.6508,51.6112],[9.6234,51.6295],[9.5926,51.6257],[9.5493,51.6403],[9.5326,51.6303],[9.4944,51.6321],[9.4904,51.6493],[9.4401,51.649],[9.4178,51.6271],[9.3331,51.6067],[9.3538,51.5955],[9.336,51.554],[9.2963,51.5176],[9.2243,51.487],[9.2148,51.4587],[9.158,51.4389],[9.1087,51.4429],[9.0843,51.46],[9.0846,51.483],[9.0154,51.5092],[8.9062,51.4809],[8.8981,51.4667],[8.9162,51.4229],[8.9495,51.4089],[8.9351,51.3913],[8.8936,51.39],[8.858,51.3754],[8.8146,51.3817],[8.7277,51.3731],[8.6855,51.3634],[8.5939,51.296],[8.58,51.2649],[8.6079,51.2413],[8.7169,51.2711],[8.7317,51.2498],[8.7522,51.1878],[8.7502,51.1728],[8.6957,51.1305],[8.7044,51.1047],[8.6584,51.0884],[8.6272,51.0936],[8.5247,51.0933],[8.5449,51.0207],[8.4696,50.9438],[8.4638,50.9145],[8.4441,50.916],[8.3641,50.8616],[8.3145,50.8645],[8.2996,50.8809],[8.1972,50.8271],[8.1872,50.8115],[8.1393,50.785],[8.145,50.7623],[8.1751,50.7421],[8.1669,50.7079],[8.1345,50.684],[8.0895,50.6968],[8.0563,50.6909],[8.0338,50.726],[7.9811,50.7735],[7.9839,50.803],[7.9703,50.837],[7.9425,50.832],[7.8856,50.8669],[7.8446,50.882],[7.8597,50.9225],[7.8016,50.9327],[7.7575,50.9113],[7.7677,50.8365],[7.7406,50.842],[7.6756,50.81],[7.6989,50.7816],[7.6134,50.7494],[7.5995,50.7334],[7.5633,50.7328],[7.5324,50.721],[7.4486,50.7062],[7.3869,50.7037],[7.3715,50.6426],[7.3405,50.6289],[7.2826,50.6188],[7.2263,50.6214],[7.2148,50.6272],[7.21,50.64],[7.18,50.68],[7.12,50.73],[7.07,50.78],[7,50.82],[6.97,50.94],[6.98,51],[6.95,51.05],[6.86,51.1],[6.8,51.17],[6.76,51.23],[6.74,51.27],[6.68,51.35],[6.7157,51.4],[6.73,51.4],[6.8,51.45],[6.85,51.55],[6.82,51.65],[6.7,51.75],[6.5,51.83],[6.4555,51.85],[6.4794,51.853],[6.5286,51.8764],[6.6282,51.8975],[6.7167,51.8993],[6.7438,51.9083],[6.7898,51.9511],[6.8107,51.9606],[6.804,51.9844],[6.7782,52.0013],[6.675,52.0348],[6.6799,52.0605],[6.7114,52.0673],[6.7329,52.092],[6.7716,52.1088],[6.7595,52.1145],[6.6619,52.1273],[6.6667,52.1645],[6.6017,52.1659],[6.5974,52.1781],[6.4952,52.1772],[6.4659,52.1944],[6.4114,52.2446],[6.3817,52.2468],[6.3225,52.2295],[6.2592,52.2289],[6.1796,52.2377],[6.1543,52.2256],[6.1241,52.2562],[6.1065,52.2997],[6.068,52.3218],[6.0816,52.3706],[6.12,52.3804],[6.1327,52.4213],[6.0954,52.4679],[6.0496,52.5053],[6.0307,52.511],[5.9697,52.485],[5.925,52.484],[5.8915,52.5204],[5.8669,52.5218],[5.8465,52.5777],[5.8442,52.6053],[5.895,52.6195],[5.9396,52.6167],[6.0198,52.6376],[5.9978,52.6538],[5.9265,52.6717],[5.9453,52.6888],[5.9234,52.7399],[5.8584,52.7794],[5.7852,52.8037],[5.8224,52.815],[5.8794,52.8059],[5.9329,52.8352],[5.9672,52.8398],[5.9931,52.8228],[6.0324,52.8211],[6.0519,52.8393],[6.1295,52.8534],[6.2142,52.8929],[6.2654,52.9257],[6.3145,52.9222],[6.348,52.9084],[6.3958,52.9278],[6.4295,52.9594],[6.4217,52.9846],[6.3675,53.0285],[6.3546,53.0636],[6.3077,53.0784],[6.3095,53.0921],[6.2648,53.1092],[6.1962,53.1171],[6.1737,53.1315],[6.1691,53.1529],[6.1863,53.1868],[6.2234,53.2165],[6.2179,53.2406],[6.254,53.2882],[6.2871,53.3099],[6.2737,53.3447],[6.2369,53.3443],[6.1801,53.3643],[6.1703,53.3861],[6.186,53.411],[6.188,53.411],[6.188,53.4492],[6.2491,53.4492],[6.2491,53.4512],[6.3102,53.4512],[6.3102,53.4515],[6.3713,53.4515],[6.3713,53.459],[6.4018,53.459],[6.4018,53.4997],[6.3713,53.5008],[6.3408,53.5018],[6.3245,53.5024],[6.3189,53.5072],[6.3345,53.511],[6.3337,53.5111],[6.3343,53.5112],[6.3338,53.5112],[6.3345,53.5114],[6.3118,53.5132],[6.3108,53.5141],[6.305,53.5138],[6.2913,53.5149],[6.2909,53.5149],[6.2752,53.5122],[6.2118,53.5089],[6.2017,53.5067],[6.1269,53.5092],[6.0753,53.511],[6.0749,53.511],[6.0046,53.4895],[5.9333,53.4678],[5.9138,53.4739],[5.8856,53.4732],[5.8773,53.4749],[5.8769,53.4749],[5.7077,53.4732],[5.6537,53.4663],[5.6541,53.4659],[5.6537,53.4659],[5.6545,53.4652],[5.6419,53.4634],[5.6361,53.4487],[5.679,53.4301],[5.7363,53.4435],[5.7854,53.4474],[5.8556,53.4474],[5.876,53.4502],[5.5158,53.3402],[5.2714,53.2655],[5.1492,53.2282],[5.0881,53.2095],[5.0576,53.2002],[5.027,53.1908],[4.9883,53.179],[4.9495,53.1672],[4.8974,53.1512],[4.8872,53.1644],[4.8872,53.1833],[4.8868,53.1831],[4.8868,53.1833],[4.8858,53.1827],[4.8858,53.1867],[4.8543,53.1877],[4.8057,53.133],[4.7597,53.1091],[4.7167,53.096],[4.7068,53.093],[4.4064,52.5894],[4.3168,52.4391],[4.2944,52.4015],[4.2719,52.3639],[4.2271,52.2887],[4.0493,51.9907],[4.0225,51.9944],[4.01,51.9801],[4.0257,51.951],[3.9638,51.8472],[3.9627,51.8474],[3.8623,51.8161],[3.8716,51.7883],[3.9339,51.7971],[3.9173,51.7693],[3.9016,51.743],[3.8101,51.7473],[3.7928,51.7457],[3.7892,51.7459],[3.7888,51.7459],[3.7825,51.7448],[3.7258,51.7397],[3.7054,51.7314],[3.6988,51.7303],[3.6988,51.7288],[3.6895,51.725],[3.6867,51.6927],[3.7206,51.6768],[3.7654,51.6784],[3.7758,51.6858],[3.8159,51.693],[3.8244,51.69],[3.8596,51.6726],[3.8284,51.6204],[3.8118,51.6115],[3.5604,51.5946],[3.5469,51.5894],[3.5008,51.5775],[3.4838,51.5652],[3.4575,51.5551],[3.447,51.546],[3.4619,51.519],[3.4948,51.5009],[3.5321,51.4626],[3.4881,51.4392],[3.4608,51.4246],[3.4179,51.4017],[3.3878,51.3857],[3.3828,51.3847],[3.3496,51.3778],[3.3477,51.3774],[3.3126,51.3702],[3.2775,51.3629],[3.2236,51.3518],[3.2073,51.3464],[3.1248,51.3297],[2.9983,51.2774],[2.9608,51.265],[2.9162,51.2478],[2.6523,51.1824],[2.5658,51.1609],[2.5226,51.1502],[2.5144,51.1482],[2.4793,51.1401],[2.1333,51.0605],[2.0901,51.0505],[2.0468,51.0405],[1.9603,51.0206],[1.6396,50.9468],[1.6143,50.8782],[1.5806,50.8688],[1.5946,50.8248],[1.512,50.6011],[1.4707,50.4893],[1.4501,50.4334],[1.4398,50.4055],[1.4294,50.3775],[1.3696,50.2153],[1.3489,50.1593],[1.3372,50.1276],[1.2877,50.111],[1.268,50.1044],[1.1871,50.0772],[1.0252,50.0229],[0.0541,49.6971],[-0.1077,49.6428],[-0.1887,49.6156],[-0.2696,49.5885],[-0.31,49.5749],[-0.3505,49.5613],[-0.4314,49.5342],[-0.5933,49.4799],[-0.887,49.3813],[-0.9169,49.3864],[-0.9404,49.3923],[-0.9543,49.3928],[-0.9592,49.3936],[-0.9596,49.3936],[-0.9698,49.3933],[-1.0723,49.3968],[-1.084,49.3909],[-1.158,49.4245],[-1.1847,49.4366],[-1.1932,49.4457],[-1.212,49.4688],[-1.2328,49.4943],[-1.263,49.5914],[-1.2533,49.6123],[-1.2278,49.6241],[-1.2322,49.6414],[-1.258,49.6792],[-1.258,49.68],[-1.2587,49.6802],[-1.2711,49.6984],[-1.3913,49.7127],[-1.4557,49.7022],[-1.4752,49.6884],[-1.5894,49.6679],[-1.7044,49.6818],[-1.7249,49.682],[-1.7251,49.682],[-1.9348,49.7772],[-1.9347,49.777],[-1.9352,49.7772],[-1.9351,49.7767],[-1.9352,49.7768],[-1.9208,49.7253],[-1.9352,49.7241],[-1.9456,49.678],[-1.9051,49.6693],[-1.8704,49.5452],[-1.8847,49.5309],[-1.8602,49.5086],[-1.7352,49.0619],[-1.6727,48.8386],[-1.6415,48.727],[-1.6266,48.6738],[-1.6185,48.645],[-1.6404,48.6483],[-1.6719,48.6532],[-1.735,48.6628],[-1.8466,48.68],[-1.8363,48.6911],[-1.8437,48.7121],[-1.9484,48.6956],[-2.022,48.7069],[-2.0588,48.7125],[-2.0588,48.667],[-2.022,48.667],[-2.022,48.6495],[-2.0287,48.6433],[-2.0275,48.6415],[-2.022,48.6333],[-2.022,48.6159],[-2.0323,48.6159],[-2.0175,48.5907],[-1.9988,48.5907],[-1.9988,48.5654],[-1.9982,48.5648],[-1.9652,48.5648],[-1.9491,48.5392],[-1.9485,48.5383],[-1.9251,48.5448],[-1.9102,48.5036],[-1.918,48.473],[-1.944,48.4467],[-1.9517,48.4228],[-1.9327,48.3639],[-1.9615,48.3421],[-1.9615,48.3003],[-1.9824,48.2803],[-2.066,48.2952],[-2.1172,48.2608],[-2.1602,48.2607],[-2.186,48.2226],[-2.2108,48.2096],[-2.2319,48.1641],[-2.2873,48.1337],[-2.2352,48.0786],[-2.1882,48.0797],[-2.1913,48.0525],[-2.2576,48.0389],[-2.2711,48.0054],[-2.2554,47.9974],[-2.1677,47.9847],[-2.1243,47.9636],[-2.106,47.945],[-2.1002,47.9119],[-2.1095,47.8488],[-2.0612,47.8463],[-2.0524,47.8218],[-2.068,47.7962],[-2.1223,47.7743],[-2.1103,47.7588],[-2.0716,47.7572],[-2.0767,47.7333],[-2.1159,47.7317],[-2.1263,47.7142],[-2.1062,47.669],[-2.1028,47.6393],[-2.0885,47.6326],[-2.0858,47.608],[-2.11,47.5423],[-2.1544,47.5131],[-2.1868,47.4814],[-2.2109,47.5076],[-2.2534,47.4953],[-2.3023,47.5016],[-2.3345,47.464],[-2.4041,47.4556],[-2.4331,47.4658],[-2.4611,47.4526],[-2.4649,47.4535],[-2.4649,47.4322],[-2.5014,47.4322],[-2.5014,47.4247],[-2.5379,47.4247],[-2.5379,47.4473],[-2.684,47.4473],[-2.684,47.411],[-2.7238,47.411],[-2.7238,47.4045]],[[1.9456,42.4638],[1.968,42.4857],[1.9995,42.4439],[1.9606,42.4437],[1.9456,42.4638]]],[[[-2.6735,49.4335],[-2.6693,49.4309],[-2.5731,49.4309],[-2.5521,49.4267],[-2.549,49.4283],[-2.5472,49.4279],[-2.5472,49.428],[-2.5468,49.4279],[-2.5456,49.4301],[-2.5341,49.4362],[-2.5267,49.4585],[-2.5245,49.4688],[-2.5127,49.4903],[-2.5058,49.498],[-2.5017,49.5067],[-2.5182,49.5155],[-2.5382,49.5098],[-2.5496,49.5042],[-2.5736,49.4954],[-2.5802,49.4936],[-2.5825,49.4922],[-2.648,49.4682],[-2.6479,49.4679],[-2.648,49.4678],[-2.6464,49.464],[-2.6503,49.4637],[-2.6566,49.4594],[-2.6518,49.4452],[-2.663,49.4438],[-2.6735,49.4335]]],[[[-2.242,49.248],[-2.2332,49.2285],[-2.2296,49.2165],[-2.2376,49.1766],[-2.2375,49.1766],[-2.2376,49.1762],[-2.2372,49.1763],[-2.2372,49.1762],[-2.1826,49.1841],[-2.1772,49.1802],[-2.1687,49.1783],[-2.1626,49.1866],[-2.1013,49.1866],[-2.097,49.1837],[-2.08,49.1787],[-2.0734,49.1786],[-2.054,49.1693],[-2.0537,49.1694],[-2.0536,49.1693],[-2.0354,49.1744],[-2.0245,49.1713],[-2.0237,49.1777],[-2.0104,49.1814],[-2.0105,49.1818],[-2.0104,49.1818],[-2.014,49.2072],[-2.0083,49.2125],[-2.0158,49.2196],[-2.0176,49.2321],[-2.021,49.2333],[-2.0207,49.2353],[-2.0679,49.2507],[-2.0827,49.2602],[-2.1039,49.2582],[-2.1059,49.2568],[-2.1218,49.2582],[-2.122,49.2583],[-2.1438,49.2619],[-2.1517,49.267],[-2.1618,49.2618],[-2.2192,49.2669],[-2.2196,49.2669],[-2.2209,49.2605],[-2.2294,49.263],[-2.2411,49.2602],[-2.242,49.248]]],[[[4.8789,53.2209],[4.9102,53.2125],[4.9575,53.2456],[4.9716,53.2538],[5.1105,53.3079],[5.1098,53.3079],[5.1103,53.3081],[5.11,53.3081],[5.1105,53.3083],[5.1006,53.3085],[5.1048,53.3096],[5.0545,53.3138],[5.0428,53.3097],[5.0277,53.31],[5.0273,53.31],[4.9972,53.2937],[4.9865,53.29],[4.9212,53.2537],[4.917,53.2504],[4.9084,53.2458],[4.9087,53.2455],[4.9084,53.2454],[4.9095,53.2446],[4.8789,53.2209]]],[[[5.1789,53.3854],[5.1799,53.3531],[5.2083,53.3527],[5.3469,53.3892],[5.427,53.4064],[5.4817,53.4127],[5.4797,53.4172],[5.5821,53.4381],[5.5815,53.4382],[5.5819,53.4383],[5.5815,53.4384],[5.5821,53.4385],[5.5701,53.441],[5.5853,53.4536],[5.437,53.4365],[5.4284,53.4326],[5.4161,53.4315],[5.1893,53.3916],[5.1898,53.3914],[5.1895,53.3914],[5.1898,53.3913],[5.1893,53.3912],[5.1958,53.3891],[5.1789,53.3854]]]]}},
{"type":"Feature","properties":{"entityId":"frankish-kingdom","from":774,"to":785,"certainty":"estimated","source":"유럽 쪽은 Natural Earth 1:10m admin-1(v5.1.2) 현대 행정구역 조각을 그 시기 국경에 맞춰 묶고, 조각이 역사 경계와 다른 곳은 선을 그어 나눈 근사. 유럽 밖(시베리아·중앙아시아·극동)은 대략적인 추정. 운영자 검수 필요"},"geometry":{"type":"MultiPolygon","coordinates":[[[[-2.7238,47.4045],[-2.684,47.3772],[-2.6458,47.351],[-2.365,47.1585],[-2.3168,47.1254],[-2.2491,47.079],[-2.2382,47.0715],[-2.2268,47.0637],[-2.2098,47.0464],[-2.2079,47.0445],[-2.1814,47.0175],[-2.1532,46.9889],[-2.1137,46.9487],[-2.098,46.9328],[-2.1022,46.9307],[-2.0963,46.9165],[-2.122,46.9037],[-2.1313,46.8718],[-2.1188,46.82],[-2.0503,46.7921],[-2.0022,46.7575],[-1.9921,46.7485],[-1.965,46.7104],[-1.9398,46.7019],[-1.9208,46.685],[-1.8213,46.558],[-1.8048,46.5036],[-1.7817,46.4954],[-1.7854,46.514],[-1.7742,46.5093],[-1.7684,46.5002],[-1.6868,46.4609],[-1.6459,46.4558],[-1.6321,46.4501],[-1.6256,46.4311],[-1.5988,46.425],[-1.598,46.425],[-1.5344,46.3603],[-1.5025,46.3279],[-1.4706,46.2956],[-1.4421,46.2666],[-1.4136,46.2377],[-1.4905,46.2244],[-1.508,46.2456],[-1.4739,46.2381],[-1.4679,46.2499],[-1.4981,46.2619],[-1.5558,46.2518],[-1.5043,46.2077],[-1.4329,46.2108],[-1.3506,46.1737],[-1.3432,46.1662],[-1.2496,46.0712],[-1.1936,46.0143],[-1.2021,45.9262],[-1.2198,45.9431],[-1.2194,45.9439],[-1.2336,45.9917],[-1.2738,45.9976],[-1.3399,46.0378],[-1.3829,46.048],[-1.3876,46.0501],[-1.3876,46.0499],[-1.388,46.0501],[-1.388,46.0492],[-1.4049,46.0532],[-1.3833,46.0155],[-1.375,45.9858],[-1.3783,45.976],[-1.3402,45.9387],[-1.2778,45.8942],[-1.2457,45.8546],[-1.2269,45.8198],[-1.2127,45.8153],[-1.2147,45.7949],[-1.2303,45.7924],[-1.2473,45.7099],[-1.2228,45.71],[-1.23,45.6345],[-1.2337,45.5966],[-1.2373,45.5588],[-1.2518,45.4074],[-1.2808,45.1045],[-1.3388,44.4988],[-1.3458,44.4252],[-1.3529,44.3516],[-1.367,44.2044],[-1.3844,44.0225],[-1.4818,43.9099],[-1.6848,43.6753],[-1.7231,43.6311],[-1.7997,43.5425],[-1.7614,43.5425],[-1.7614,43.4982],[-1.762,43.4982],[-1.762,43.4067],[-1.8006,43.4067],[-1.8006,43.3894],[-1.7941,43.386],[-1.7969,43.3411],[-1.7682,43.3309],[-1.7497,43.2948],[-1.6739,43.3042],[-1.645,43.2924],[-1.639,43.2557],[-1.5876,43.2516],[-1.559,43.2841],[-1.5081,43.2768],[-1.4664,43.2608],[-1.4322,43.265],[-1.4035,43.2433],[-1.3997,43.2067],[-1.4258,43.1353],[-1.4878,43.0818],[-1.4753,43.0601],[-1.435,43.0357],[-1.3831,43.0292],[-1.3576,43.0468],[-1.3483,43.0931],[-1.3086,43.1136],[-1.3106,43.0695],[-1.2749,43.0468],[-1.2169,43.0393],[-1.1499,43.0057],[-1.1124,43.0083],[-1.0797,42.9934],[-1.0285,42.9867],[-0.9815,42.957],[-0.9432,42.9479],[-0.8635,42.9431],[-0.7864,42.9533],[-0.7597,42.9465],[-0.745,42.9187],[-0.7459,42.8939],[-0.7301,42.8775],[-0.7004,42.8764],[-0.6483,42.8498],[-0.6095,42.8114],[-0.5829,42.7958],[-0.5787,42.7773],[-0.5356,42.7842],[-0.5339,42.808],[-0.5084,42.8075],[-0.4545,42.7889],[-0.4239,42.7907],[-0.3228,42.8425],[-0.3051,42.8308],[-0.247,42.8048],[-0.2351,42.7862],[-0.2084,42.7839],[-0.1614,42.7953],[-0.1636,42.778],[-0.119,42.7169],[-0.0389,42.6851],[-0.0043,42.6875],[0.0728,42.7085],[0.1342,42.7152],[0.1692,42.7265],[0.2384,42.7104],[0.2754,42.6687],[0.2902,42.6703],[0.336,42.7127],[0.3542,42.7175],[0.3893,42.6851],[0.4669,42.6904],[0.4835,42.6853],[0.6082,42.688],[0.6436,42.6845],[0.6634,42.6962],[0.6665,42.7148],[0.6335,42.7448],[0.6537,42.8027],[0.6563,42.8384],[0.7243,42.8453],[0.7763,42.8325],[0.8129,42.8316],[0.8561,42.8128],[0.9211,42.7844],[0.9587,42.7937],[0.9829,42.7804],[1.0682,42.7761],[1.1067,42.7596],[1.1343,42.716],[1.1625,42.7057],[1.1959,42.7136],[1.3191,42.7134],[1.3611,42.6867],[1.398,42.6436],[1.4293,42.5954],[1.4514,42.6021],[1.4668,42.6415],[1.4984,42.6402],[1.5278,42.6485],[1.5431,42.6494],[1.5973,42.6219],[1.6083,42.6181],[1.722,42.6099],[1.7133,42.5895],[1.7294,42.582],[1.7527,42.5767],[1.7611,42.5676],[1.7651,42.5634],[1.74,42.5616],[1.7217,42.5485],[1.7171,42.5399],[1.7106,42.5277],[1.707,42.5028],[1.7122,42.4937],[1.7927,42.4817],[1.8698,42.4468],[1.9275,42.4369],[1.9637,42.3672],[1.9957,42.3487],[2.0517,42.3524],[2.104,42.3848],[2.137,42.4162],[2.1842,42.4118],[2.2774,42.4286],[2.3755,42.3893],[2.4225,42.3837],[2.4649,42.3406],[2.5253,42.3259],[2.5481,42.3522],[2.6134,42.341],[2.6622,42.339],[2.6403,42.3728],[2.6904,42.4062],[2.7285,42.414],[2.7886,42.412],[2.8508,42.4484],[2.9008,42.4513],[2.9337,42.4702],[2.9661,42.461],[2.9831,42.4693],[3.0296,42.4657],[3.0656,42.432],[3.1117,42.425],[3.181,42.4315],[3.1801,42.4358],[3.2108,42.4358],[3.1988,42.4617],[3.1911,42.471],[3.0908,42.5919],[3.087,42.6117],[3.0604,42.7524],[3.0502,42.806],[3.0535,42.8228],[3.0602,42.858],[3.0669,42.8931],[3.0789,42.9558],[3.1628,43.0811],[3.1703,43.0896],[3.1721,43.09],[3.1851,43.0929],[3.2652,43.1108],[3.3053,43.1198],[3.3453,43.1287],[3.4254,43.1466],[3.8117,43.233],[3.9569,43.2654],[4.0052,43.2762],[4.102,43.2978],[4.1503,43.3086],[4.1987,43.3194],[4.2471,43.3303],[4.2955,43.3411],[4.3922,43.3627],[4.5558,43.3993],[4.5808,43.3958],[4.5663,43.3711],[4.5923,43.3599],[4.6659,43.3475],[4.8203,43.3464],[4.8224,43.3626],[4.846,43.3594],[4.8558,43.3418],[4.8792,43.3548],[5.0519,43.3311],[5.0648,43.328],[5.0748,43.328],[5.3541,43.2897],[5.3573,43.2803],[5.3692,43.2704],[5.347,43.2159],[5.4398,43.2076],[5.5174,43.2074],[5.542,43.2028],[5.5727,43.1691],[5.6124,43.1604],[5.6329,43.1856],[5.6717,43.1783],[5.6752,43.1763],[5.6963,43.1469],[5.741,43.1321],[5.7515,43.1317],[5.8085,43.0984],[5.8089,43.0984],[5.817,43.0985],[5.7819,43.0791],[5.819,43.0535],[5.8566,43.0448],[5.8753,43.0688],[5.9403,43.0709],[5.9514,43.08],[5.9106,43.0932],[5.9038,43.0992],[5.9985,43.0999],[6.0165,43.0989],[6.027,43.0782],[6.0846,43.0824],[6.1145,43.0724],[6.1147,43.0725],[6.1149,43.0724],[6.1175,43.0733],[6.1321,43.0526],[6.0977,43.0313],[6.1801,43.0359],[6.1528,43.0481],[6.162,43.0887],[6.245,43.1174],[6.2804,43.1187],[6.3423,43.0908],[6.3754,43.0908],[6.3661,43.1186],[6.3785,43.1361],[6.4038,43.1455],[6.5285,43.1285],[6.5289,43.1285],[6.6061,43.1766],[6.6099,43.1734],[6.6798,43.2016],[6.6745,43.2192],[6.7673,43.2771],[6.9335,43.3806],[6.9373,43.383],[7.0118,43.4294],[7.049,43.4526],[7.0863,43.4758],[7.1073,43.4889],[7.2,43.5466],[7.2773,43.5948],[7.3624,43.6479],[7.4029,43.6731],[7.4049,43.6744],[7.4361,43.6938],[7.4474,43.6958],[7.4899,43.7033],[7.5324,43.7107],[7.6174,43.7257],[7.8501,43.7666],[7.9575,43.8525],[7.9597,43.8529],[8.0314,43.8875],[8.0677,43.8967],[8.0892,43.9199],[8.1302,43.9403],[8.168,43.9565],[8.1527,43.9832],[8.1691,44.0067],[8.2163,44.0452],[8.2217,44.0639],[8.2219,44.0641],[8.3543,44.17],[8.3694,44.1735],[8.4082,44.1935],[8.4106,44.215],[8.4297,44.2303],[8.5276,44.2591],[8.6446,44.2934],[8.6739,44.3021],[8.7032,44.3107],[8.7617,44.3279],[8.8787,44.3622],[8.8903,44.3656],[9.3468,44.1805],[9.4347,44.1448],[9.4639,44.133],[9.5809,44.0855],[9.7037,44.0357],[9.8149,44.0099],[9.9319,43.9828],[9.9904,43.9693],[10.0196,43.9625],[10.0489,43.9557],[10.0993,43.944],[10.1245,43.9382],[10.1496,43.9324],[10.2005,43.9206],[10.2229,43.849],[10.2529,43.7532],[10.283,43.6573],[10.2934,43.5791],[10.3172,43.4926],[10.3263,43.4769],[10.3411,43.4717],[10.4889,42.9998],[10.4776,42.9901],[10.4995,42.9405],[10.5108,42.9315],[10.5788,42.8738],[10.6042,42.8523],[10.6295,42.8308],[10.6802,42.7878],[10.8496,42.6441],[11.0958,42.4353],[11.0869,42.4295],[11.0945,42.4027],[11.1559,42.3663],[11.1772,42.3663],[11.1905,42.355],[11.2936,42.2817],[11.3061,42.2728],[11.3518,42.2728],[11.3518,42.2787],[11.3809,42.2787],[11.3809,42.3052],[11.41,42.3052],[11.41,42.3441],[11.4392,42.3441],[11.4392,42.3786],[11.4515,42.3744],[11.4719,42.4186],[11.4981,42.434],[11.5902,42.442],[11.6018,42.4474],[11.6079,42.4873],[11.5659,42.5161],[11.5855,42.5359],[11.5882,42.5661],[11.6206,42.5601],[11.6712,42.577],[11.6938,42.5983],[11.7352,42.6162],[11.7494,42.6384],[11.7869,42.6512],[11.7868,42.7003],[11.8079,42.7383],[11.7739,42.7806],[11.7472,42.7985],[11.7647,42.8187],[11.808,42.8134],[11.8327,42.8326],[11.889,42.8504],[11.9331,42.7911],[11.9704,42.765],[11.9303,42.7091],[11.9596,42.6846],[12.0337,42.646],[12.0934,42.6606],[12.1287,42.6573],[12.1566,42.6754],[12.2406,42.6391],[12.2455,42.5855],[12.2715,42.5661],[12.2802,42.5104],[12.3007,42.4899],[12.3428,42.4919],[12.3936,42.4625],[12.4174,42.4285],[12.4515,42.421],[12.4311,42.3931],[12.4651,42.3869],[12.504,42.3906],[12.5284,42.3695],[12.5926,42.401],[12.6117,42.4338],[12.6121,42.4631],[12.6657,42.4435],[12.7222,42.454],[12.7161,42.4896],[12.7552,42.5003],[12.78,42.5271],[12.8801,42.5647],[12.8792,42.5903],[12.902,42.6096],[12.988,42.608],[13.0176,42.6316],[13.0593,42.6238],[13.1188,42.646],[13.1539,42.6451],[13.1891,42.694],[13.1945,42.7346],[13.2423,42.7356],[13.2679,42.7446],[13.3117,42.7193],[13.3376,42.6877],[13.3518,42.6566],[13.3863,42.6444],[13.3759,42.6038],[13.3689,42.586],[13.338,42.5746],[13.286,42.5722],[13.1861,42.5869],[13.1743,42.5574],[13.1353,42.5383],[13.1635,42.5123],[13.1647,42.4801],[13.1318,42.4548],[13.1324,42.4264],[13.1784,42.3999],[13.1594,42.3672],[13.1633,42.3386],[13.211,42.3135],[13.223,42.2782],[13.2671,42.2336],[13.3,42.2216],[13.317,42.1969],[13.3618,42.1898],[13.3173,42.1727],[13.2905,42.1317],[13.2608,42.1386],[13.2339,42.1291],[13.1731,42.153],[13.0988,42.1737],[13.0733,42.1413],[13.0296,42.1156],[13.0137,42.1085],[13.017,42.0546],[13.0284,42.0319],[13.0823,42.0189],[13.0971,42.0237],[13.2801,41.9468],[13.2979,41.947],[13.3532,41.9192],[13.3702,41.9031],[13.3554,41.8715],[13.3571,41.8308],[13.4052,41.8316],[13.5014,41.796],[13.5293,41.7708],[13.5788,41.7699],[13.6466,41.8105],[13.7148,41.7948],[13.7443,41.7546],[13.7939,41.7535],[13.8918,41.7237],[13.9457,41.6882],[13.9946,41.6869],[14.0352,41.7036],[14.063,41.7288],[14.0988,41.7251],[14.186,41.7705],[14.1432,41.8147],[14.1606,41.8418],[14.1916,41.8396],[14.2294,41.8774],[14.2829,41.9062],[14.3336,41.8691],[14.3724,41.8736],[14.4329,41.837],[14.4323,41.8139],[14.4576,41.7658],[14.4904,41.7761],[14.5146,41.7861],[14.5766,41.8556],[14.6484,41.9249],[14.6503,41.9504],[14.6735,41.9594],[14.7443,42.013],[14.7634,42.0779],[14.7675,42.0766],[14.7675,42.1157],[14.8105,42.1157],[14.8105,42.1342],[14.8362,42.1342],[14.8362,42.1701],[14.848,42.1701],[14.6493,42.314],[14.3854,42.5052],[14.3782,42.5104],[14.3311,42.5445],[14.2841,42.5785],[14.19,42.6467],[14.1024,42.7101],[14.0313,42.7616],[13.9603,42.878],[13.9346,42.92],[13.909,42.962],[13.8577,43.046],[13.8535,43.0674],[13.8348,43.1273],[13.8102,43.1648],[13.8045,43.1804],[13.7831,43.2208],[13.7803,43.2365],[13.7457,43.2911],[13.6929,43.3905],[13.6909,43.3933],[13.647,43.4753],[13.617,43.5313],[13.6156,43.5605],[13.5692,43.5803],[13.5432,43.6132],[13.5044,43.6328],[13.4863,43.6206],[13.4293,43.6402],[13.2153,43.7551],[13.1815,43.7732],[13.0798,43.8278],[12.9443,43.9005],[12.9289,43.9158],[12.9032,43.9234],[12.8992,43.9247],[12.7714,43.9933],[12.7385,44.011],[12.7055,44.0287],[12.6396,44.064],[12.5877,44.0919],[12.5078,44.2162],[12.4895,44.2447],[12.4665,44.2804],[12.4436,44.316],[12.3978,44.3873],[12.3861,44.4054],[12.2828,44.5661],[12.2858,44.6027],[12.2713,44.627],[12.3506,44.8112],[12.3757,44.7922],[12.3934,44.7935],[12.3452,44.8238],[12.3435,44.8401],[12.2904,44.8716],[12.2845,44.9087],[12.2948,44.9274],[12.272,44.9364],[12.2233,44.9261],[12.1699,44.9372],[12.1351,44.9368],[12.1157,44.959],[12.0872,44.9705],[11.9907,44.9839],[11.9305,44.9785],[11.8696,44.9854],[11.7973,44.9776],[11.7564,44.9612],[11.7357,44.9385],[11.6775,44.9224],[11.6403,44.8983],[11.6063,44.8988],[11.5534,44.9292],[11.4885,44.9435],[11.4319,44.9377],[11.4215,44.9499],[11.419,44.9669],[11.3889,44.9736],[11.3051,45.013],[11.2727,45.0338],[11.2728,45.0596],[11.1957,45.0634],[11.1929,45.0939],[11.2103,45.1043],[11.3325,45.0895],[11.3584,45.0635],[11.3859,45.053],[11.4258,45.0663],[11.4452,45.0927],[11.4111,45.1216],[11.4186,45.1318],[11.4966,45.1114],[11.5395,45.1284],[11.6025,45.1258],[11.6631,45.1079],[11.7187,45.1103],[11.7538,45.0987],[11.8009,45.1284],[11.84,45.1389],[11.9619,45.1432],[11.9755,45.1843],[11.9875,45.1906],[12.0973,45.2057],[12.1525,45.1942],[12.1608,45.2189],[12.2019,45.2474],[12.1994,45.2746],[12.198,45.2922],[12.1491,45.2922],[12.0834,45.3267],[12.0368,45.3151],[12.0167,45.343],[12.0334,45.3602],[11.9823,45.384],[11.9759,45.3977],[12.0239,45.4326],[12.0271,45.4561],[11.9915,45.4542],[11.9815,45.4707],[12.0045,45.5141],[12.0254,45.5311],[12.0396,45.5715],[12.0708,45.5763],[12.0924,45.5984],[12.1112,45.6014],[12.1886,45.5843],[12.2311,45.5367],[12.2721,45.5405],[12.2856,45.566],[12.3526,45.5839],[12.3959,45.5718],[12.4354,45.586],[12.4336,45.6318],[12.4718,45.6413],[12.4987,45.6766],[12.5225,45.6857],[12.6044,45.6859],[12.663,45.7019],[12.6719,45.7321],[12.6632,45.7689],[12.6728,45.8021],[12.699,45.8036],[12.7314,45.8272],[12.765,45.8363],[12.792,45.8562],[12.8267,45.8244],[12.8632,45.8465],[12.8946,45.8258],[12.9518,45.8207],[12.9729,45.8426],[12.9993,45.8255],[13.0019,45.782],[13.0258,45.7595],[13.0745,45.6742],[13.0956,45.6523],[13.103,45.669],[13.1497,45.7038],[13.1188,45.696],[13.1205,45.6972],[13.1488,45.7354],[13.2505,45.7168],[13.2958,45.7085],[13.341,45.7003],[13.3862,45.692],[13.4011,45.6893],[13.3767,45.6832],[13.4017,45.6754],[13.428,45.6811],[13.432,45.6836],[13.5261,45.6664],[13.6201,45.6492],[13.6201,45.7547],[13.5731,45.7547],[13.5731,45.7886],[13.5833,45.7868],[13.5885,45.8065],[13.5813,45.8092],[13.5742,45.819],[13.566,45.8303],[13.5693,45.8645],[13.5993,45.9123],[13.6082,45.9266],[13.6153,45.9459],[13.6228,45.9664],[13.6007,45.9846],[13.5717,45.9798],[13.5394,45.969],[13.5094,45.9674],[13.4618,46.0064],[13.4823,46.0184],[13.4928,46.0325],[13.4903,46.0389],[13.4823,46.0448],[13.5051,46.066],[13.5226,46.0753],[13.6164,46.125],[13.645,46.1617],[13.6411,46.1714],[13.6274,46.1817],[13.5845,46.1813],[13.559,46.1841],[13.529,46.2048],[13.5102,46.214],[13.4823,46.2179],[13.4683,46.2234],[13.4228,46.2286],[13.4374,46.2109],[13.4101,46.208],[13.3981,46.2305],[13.3847,46.2433],[13.3786,46.2684],[13.3653,46.2903],[13.3956,46.3067],[13.4232,46.3448],[13.4341,46.3539],[13.4597,46.359],[13.4837,46.3712],[13.53,46.3883],[13.5757,46.4267],[13.6002,46.4426],[13.6588,46.4451],[13.6775,46.4521],[13.6859,46.464],[13.6899,46.4933],[13.701,46.5197],[13.6703,46.5187],[13.5492,46.5458],[13.5068,46.5469],[13.478,46.5636],[13.417,46.5605],[13.3733,46.5658],[13.2714,46.5508],[13.2311,46.5522],[13.1465,46.585],[13.0645,46.598],[12.8304,46.6096],[12.7485,46.641],[12.6974,46.6405],[12.6714,46.6525],[12.6202,46.6565],[12.562,46.6512],[12.4999,46.6721],[12.4696,46.6758],[12.3992,46.6397],[12.3825,46.6181],[12.3407,46.6282],[12.3024,46.6146],[12.2531,46.6109],[12.214,46.5961],[12.1779,46.6348],[12.1386,46.6443],[12.0991,46.6678],[12.0803,46.6499],[12.0712,46.6131],[12.022,46.5394],[11.8519,46.5142],[11.8322,46.504],[11.8118,46.5303],[11.7784,46.5101],[11.7158,46.5138],[11.6841,46.5077],[11.6412,46.4727],[11.5953,46.3862],[11.5774,46.3681],[11.5378,46.3537],[11.4766,46.3596],[11.4549,46.3348],[11.4085,46.3245],[11.3876,46.2811],[11.3707,46.269],[11.3282,46.2935],[11.2871,46.2591],[11.242,46.2312],[11.191,46.2271],[11.1615,46.2495],[11.1562,46.284],[11.2018,46.3392],[11.2145,46.4693],[11.1927,46.5056],[11.1454,46.4872],[11.1176,46.4938],[11.0859,46.5236],[11.0553,46.5156],[11.0643,46.458],[11.0511,46.446],[10.9974,46.4792],[10.8399,46.4307],[10.7975,46.4469],[10.7762,46.4754],[10.7452,46.4849],[10.6575,46.4495],[10.6247,46.4545],[10.5413,46.4895],[10.4939,46.4945],[10.4518,46.5467],[10.4659,46.5785],[10.4591,46.6236],[10.4382,46.6357],[10.3956,46.6388],[10.3692,46.6724],[10.3944,46.7008],[10.3997,46.7355],[10.4287,46.7556],[10.4172,46.7989],[10.4485,46.8322],[10.4538,46.8644],[10.4638,46.9197],[10.4585,46.9366],[10.4156,46.9624],[10.3947,46.9854],[10.3679,46.9955],[10.3389,46.9841],[10.2962,46.9414],[10.2957,46.9227],[10.2351,46.9233],[10.2014,46.8668],[10.1252,46.8468],[10.0834,46.908],[10.0844,46.9263],[10.1204,46.9552],[10.1294,46.985],[10.1247,47.0218],[10.1382,47.0773],[10.2021,47.161],[10.2034,47.1987],[10.175,47.2724],[10.2394,47.2777],[10.3059,47.3022],[10.3434,47.3308],[10.3657,47.3611],[10.4116,47.381],[10.452,47.4388],[10.4422,47.4814],[10.4196,47.493],[10.431,47.5422],[10.4142,47.573],[10.4536,47.5811],[10.4535,47.5462],[10.4825,47.5329],[10.5251,47.5285],[10.5837,47.5625],[10.6079,47.5623],[10.7399,47.5285],[10.7522,47.5154],[10.7903,47.5161],[10.8586,47.5307],[10.8922,47.5149],[10.8516,47.4931],[10.9099,47.469],[10.92,47.4616],[10.92,49.05],[11.55,49.05],[11.55,49.75],[12.3,49.75],[12.3,50.0271],[12.2469,50.045],[12.2325,50.0805],[12.1879,50.1028],[12.1792,50.118],[12.1827,50.1707],[12.1393,50.211],[12.0796,50.2427],[12.1091,50.2638],[12.1073,50.2909],[12.0761,50.3152],[12.1013,50.314],[12.0937,50.3226],[12.0399,50.3288],[11.986,50.3516],[11.9812,50.3853],[11.9405,50.4145],[11.9053,50.4152],[11.8997,50.4293],[11.9311,50.4403],[11.9475,50.4622],[11.9258,50.4884],[11.9447,50.5159],[11.9894,50.5461],[12.0485,50.5316],[12.0812,50.5613],[12.1454,50.5625],[12.1587,50.6037],[12.1869,50.6264],[12.2529,50.6263],[12.29,50.6434],[12.3218,50.674],[12.2855,50.677],[12.2628,50.7222],[12.2412,50.7222],[12.2492,50.7426],[12.2855,50.7693],[12.258,50.7925],[12.3308,50.8064],[12.3642,50.8233],[12.4244,50.8243],[12.4628,50.8566],[12.5275,50.8766],[12.6017,50.8764],[12.6109,50.8701],[12.6472,50.8999],[12.6022,50.9525],[12.5457,50.9713],[12.4914,51.0285],[12.4837,51.0583],[12.3289,51.0878],[12.2646,51.0838],[12.2464,51.0326],[12.2754,51.0098],[12.2171,50.9542],[12.2008,50.9279],[12.1595,50.952],[12.1204,50.9445],[12.0679,50.9561],[12.0046,50.949],[11.9609,50.971],[11.9314,50.9981],[11.8607,51.0226],[11.7326,51.0175],[11.6974,51.0642],[11.6891,51.0919],[11.6631,51.1012],[11.6275,51.0956],[11.5352,51.1003],[11.5047,51.0892],[11.4274,51.0988],[11.4264,51.1077],[11.4203,51.1597],[11.3886,51.1899],[11.333,51.2163],[11.3524,51.2301],[11.4224,51.2437],[11.4519,51.2715],[11.3672,51.3575],[11.3149,51.3833],[11.1962,51.3974],[11.1538,51.3969],[10.9991,51.4087],[10.9645,51.4278],[10.9718,51.4627],[10.9454,51.4995],[10.9477,51.5185],[10.9115,51.5711],[10.9519,51.577],[10.9456,51.5947],[10.8035,51.6326],[10.7134,51.6311],[10.6976,51.6374],[10.6489,51.6197],[10.6292,51.601],[10.6542,51.5782],[10.6453,51.5611],[10.6104,51.5726],[10.562,51.5574],[10.5142,51.5563],[10.4788,51.5747],[10.4217,51.5919],[10.3749,51.5857],[10.3646,51.5424],[10.3064,51.5106],[10.2945,51.4935],[10.2396,51.4721],[10.1947,51.4794],[10.1497,51.4318],[10.0847,51.4311],[10.0661,51.4209],[10.0457,51.4321],[10,51.4083],[9.9492,51.3818],[9.9058,51.4037],[9.9042,51.417],[9.8628,51.4087],[9.8755,51.3847],[9.8564,51.3721],[9.826,51.4009],[9.8017,51.3972],[9.7137,51.3638],[9.7545,51.3309],[9.7843,51.3359],[9.7621,51.3093],[9.7115,51.2915],[9.6826,51.315],[9.5694,51.3423],[9.5347,51.3666],[9.5709,51.3614],[9.5636,51.3845],[9.5821,51.3988],[9.6325,51.4009],[9.6387,51.468],[9.5968,51.5116],[9.6197,51.5525],[9.6451,51.5517],[9.644,51.5719],[9.6713,51.5593],[9.6861,51.5719],[9.6508,51.6112],[9.6234,51.6295],[9.5926,51.6257],[9.5493,51.6403],[9.5326,51.6303],[9.4944,51.6321],[9.4904,51.6493],[9.4401,51.649],[9.4178,51.6271],[9.3331,51.6067],[9.3538,51.5955],[9.336,51.554],[9.2963,51.5176],[9.2243,51.487],[9.2148,51.4587],[9.158,51.4389],[9.1087,51.4429],[9.0843,51.46],[9.0846,51.483],[9.0154,51.5092],[8.9062,51.4809],[8.8981,51.4667],[8.9162,51.4229],[8.9495,51.4089],[8.9351,51.3913],[8.8936,51.39],[8.858,51.3754],[8.8146,51.3817],[8.7277,51.3731],[8.6855,51.3634],[8.5939,51.296],[8.58,51.2649],[8.6079,51.2413],[8.7169,51.2711],[8.7317,51.2498],[8.7522,51.1878],[8.7502,51.1728],[8.6957,51.1305],[8.7044,51.1047],[8.6584,51.0884],[8.6272,51.0936],[8.5247,51.0933],[8.5449,51.0207],[8.4696,50.9438],[8.4638,50.9145],[8.4441,50.916],[8.3641,50.8616],[8.3145,50.8645],[8.2996,50.8809],[8.1972,50.8271],[8.1872,50.8115],[8.1393,50.785],[8.145,50.7623],[8.1751,50.7421],[8.1669,50.7079],[8.1345,50.684],[8.0895,50.6968],[8.0563,50.6909],[8.0338,50.726],[7.9811,50.7735],[7.9839,50.803],[7.9703,50.837],[7.9425,50.832],[7.8856,50.8669],[7.8446,50.882],[7.8597,50.9225],[7.8016,50.9327],[7.7575,50.9113],[7.7677,50.8365],[7.7406,50.842],[7.6756,50.81],[7.6989,50.7816],[7.6134,50.7494],[7.5995,50.7334],[7.5633,50.7328],[7.5324,50.721],[7.4486,50.7062],[7.3869,50.7037],[7.3715,50.6426],[7.3405,50.6289],[7.2826,50.6188],[7.2263,50.6214],[7.2148,50.6272],[7.21,50.64],[7.18,50.68],[7.12,50.73],[7.07,50.78],[7,50.82],[6.97,50.94],[6.98,51],[6.95,51.05],[6.86,51.1],[6.8,51.17],[6.76,51.23],[6.74,51.27],[6.68,51.35],[6.7157,51.4],[6.73,51.4],[6.8,51.45],[6.85,51.55],[6.82,51.65],[6.7,51.75],[6.5,51.83],[6.4555,51.85],[6.4794,51.853],[6.5286,51.8764],[6.6282,51.8975],[6.7167,51.8993],[6.7438,51.9083],[6.7898,51.9511],[6.8107,51.9606],[6.804,51.9844],[6.7782,52.0013],[6.675,52.0348],[6.6799,52.0605],[6.7114,52.0673],[6.7329,52.092],[6.7716,52.1088],[6.7595,52.1145],[6.6619,52.1273],[6.6667,52.1645],[6.6017,52.1659],[6.5974,52.1781],[6.4952,52.1772],[6.4659,52.1944],[6.4114,52.2446],[6.3817,52.2468],[6.3225,52.2295],[6.2592,52.2289],[6.1796,52.2377],[6.1543,52.2256],[6.1241,52.2562],[6.1065,52.2997],[6.068,52.3218],[6.0816,52.3706],[6.12,52.3804],[6.1327,52.4213],[6.0954,52.4679],[6.0496,52.5053],[6.0307,52.511],[5.9697,52.485],[5.925,52.484],[5.8915,52.5204],[5.8669,52.5218],[5.8465,52.5777],[5.8442,52.6053],[5.895,52.6195],[5.9396,52.6167],[6.0198,52.6376],[5.9978,52.6538],[5.9265,52.6717],[5.9453,52.6888],[5.9234,52.7399],[5.8584,52.7794],[5.7852,52.8037],[5.8224,52.815],[5.8794,52.8059],[5.9329,52.8352],[5.9672,52.8398],[5.9931,52.8228],[6.0324,52.8211],[6.0519,52.8393],[6.1295,52.8534],[6.2142,52.8929],[6.2654,52.9257],[6.3145,52.9222],[6.348,52.9084],[6.3958,52.9278],[6.4295,52.9594],[6.4217,52.9846],[6.3675,53.0285],[6.3546,53.0636],[6.3077,53.0784],[6.3095,53.0921],[6.2648,53.1092],[6.1962,53.1171],[6.1737,53.1315],[6.1691,53.1529],[6.1863,53.1868],[6.2234,53.2165],[6.2179,53.2406],[6.254,53.2882],[6.2871,53.3099],[6.2737,53.3447],[6.2369,53.3443],[6.1801,53.3643],[6.1703,53.3861],[6.186,53.411],[6.188,53.411],[6.188,53.4492],[6.2491,53.4492],[6.2491,53.4512],[6.3102,53.4512],[6.3102,53.4515],[6.3713,53.4515],[6.3713,53.459],[6.4018,53.459],[6.4018,53.4997],[6.3713,53.5008],[6.3408,53.5018],[6.3245,53.5024],[6.3189,53.5072],[6.3345,53.511],[6.3337,53.5111],[6.3343,53.5112],[6.3338,53.5112],[6.3345,53.5114],[6.3118,53.5132],[6.3108,53.5141],[6.305,53.5138],[6.2913,53.5149],[6.2909,53.5149],[6.2752,53.5122],[6.2118,53.5089],[6.2017,53.5067],[6.1269,53.5092],[6.0753,53.511],[6.0749,53.511],[6.0046,53.4895],[5.9333,53.4678],[5.9138,53.4739],[5.8856,53.4732],[5.8773,53.4749],[5.8769,53.4749],[5.7077,53.4732],[5.6537,53.4663],[5.6541,53.4659],[5.6537,53.4659],[5.6545,53.4652],[5.6419,53.4634],[5.6361,53.4487],[5.679,53.4301],[5.7363,53.4435],[5.7854,53.4474],[5.8556,53.4474],[5.876,53.4502],[5.5158,53.3402],[5.2714,53.2655],[5.1492,53.2282],[5.0881,53.2095],[5.0576,53.2002],[5.027,53.1908],[4.9883,53.179],[4.9495,53.1672],[4.8974,53.1512],[4.8872,53.1644],[4.8872,53.1833],[4.8868,53.1831],[4.8868,53.1833],[4.8858,53.1827],[4.8858,53.1867],[4.8543,53.1877],[4.8057,53.133],[4.7597,53.1091],[4.7167,53.096],[4.7068,53.093],[4.4064,52.5894],[4.3168,52.4391],[4.2944,52.4015],[4.2719,52.3639],[4.2271,52.2887],[4.0493,51.9907],[4.0225,51.9944],[4.01,51.9801],[4.0257,51.951],[3.9638,51.8472],[3.9627,51.8474],[3.8623,51.8161],[3.8716,51.7883],[3.9339,51.7971],[3.9173,51.7693],[3.9016,51.743],[3.8101,51.7473],[3.7928,51.7457],[3.7892,51.7459],[3.7888,51.7459],[3.7825,51.7448],[3.7258,51.7397],[3.7054,51.7314],[3.6988,51.7303],[3.6988,51.7288],[3.6895,51.725],[3.6867,51.6927],[3.7206,51.6768],[3.7654,51.6784],[3.7758,51.6858],[3.8159,51.693],[3.8244,51.69],[3.8596,51.6726],[3.8284,51.6204],[3.8118,51.6115],[3.5604,51.5946],[3.5469,51.5894],[3.5008,51.5775],[3.4838,51.5652],[3.4575,51.5551],[3.447,51.546],[3.4619,51.519],[3.4948,51.5009],[3.5321,51.4626],[3.4881,51.4392],[3.4608,51.4246],[3.4179,51.4017],[3.3878,51.3857],[3.3828,51.3847],[3.3496,51.3778],[3.3477,51.3774],[3.3126,51.3702],[3.2775,51.3629],[3.2236,51.3518],[3.2073,51.3464],[3.1248,51.3297],[2.9983,51.2774],[2.9608,51.265],[2.9162,51.2478],[2.6523,51.1824],[2.5658,51.1609],[2.5226,51.1502],[2.5144,51.1482],[2.4793,51.1401],[2.1333,51.0605],[2.0901,51.0505],[2.0468,51.0405],[1.9603,51.0206],[1.6396,50.9468],[1.6143,50.8782],[1.5806,50.8688],[1.5946,50.8248],[1.512,50.6011],[1.4707,50.4893],[1.4501,50.4334],[1.4398,50.4055],[1.4294,50.3775],[1.3696,50.2153],[1.3489,50.1593],[1.3372,50.1276],[1.2877,50.111],[1.268,50.1044],[1.1871,50.0772],[1.0252,50.0229],[0.0541,49.6971],[-0.1077,49.6428],[-0.1887,49.6156],[-0.2696,49.5885],[-0.31,49.5749],[-0.3505,49.5613],[-0.4314,49.5342],[-0.5933,49.4799],[-0.887,49.3813],[-0.9169,49.3864],[-0.9404,49.3923],[-0.9543,49.3928],[-0.9592,49.3936],[-0.9596,49.3936],[-0.9698,49.3933],[-1.0723,49.3968],[-1.084,49.3909],[-1.158,49.4245],[-1.1847,49.4366],[-1.1932,49.4457],[-1.212,49.4688],[-1.2328,49.4943],[-1.263,49.5914],[-1.2533,49.6123],[-1.2278,49.6241],[-1.2322,49.6414],[-1.258,49.6792],[-1.258,49.68],[-1.2587,49.6802],[-1.2711,49.6984],[-1.3913,49.7127],[-1.4557,49.7022],[-1.4752,49.6884],[-1.5894,49.6679],[-1.7044,49.6818],[-1.7249,49.682],[-1.7251,49.682],[-1.9348,49.7772],[-1.9347,49.777],[-1.9352,49.7772],[-1.9351,49.7767],[-1.9352,49.7768],[-1.9208,49.7253],[-1.9352,49.7241],[-1.9456,49.678],[-1.9051,49.6693],[-1.8704,49.5452],[-1.8847,49.5309],[-1.8602,49.5086],[-1.7352,49.0619],[-1.6727,48.8386],[-1.6415,48.727],[-1.6266,48.6738],[-1.6185,48.645],[-1.6404,48.6483],[-1.6719,48.6532],[-1.735,48.6628],[-1.8466,48.68],[-1.8363,48.6911],[-1.8437,48.7121],[-1.9484,48.6956],[-2.022,48.7069],[-2.0588,48.7125],[-2.0588,48.667],[-2.022,48.667],[-2.022,48.6495],[-2.0287,48.6433],[-2.0275,48.6415],[-2.022,48.6333],[-2.022,48.6159],[-2.0323,48.6159],[-2.0175,48.5907],[-1.9988,48.5907],[-1.9988,48.5654],[-1.9982,48.5648],[-1.9652,48.5648],[-1.9491,48.5392],[-1.9485,48.5383],[-1.9251,48.5448],[-1.9102,48.5036],[-1.918,48.473],[-1.944,48.4467],[-1.9517,48.4228],[-1.9327,48.3639],[-1.9615,48.3421],[-1.9615,48.3003],[-1.9824,48.2803],[-2.066,48.2952],[-2.1172,48.2608],[-2.1602,48.2607],[-2.186,48.2226],[-2.2108,48.2096],[-2.2319,48.1641],[-2.2873,48.1337],[-2.2352,48.0786],[-2.1882,48.0797],[-2.1913,48.0525],[-2.2576,48.0389],[-2.2711,48.0054],[-2.2554,47.9974],[-2.1677,47.9847],[-2.1243,47.9636],[-2.106,47.945],[-2.1002,47.9119],[-2.1095,47.8488],[-2.0612,47.8463],[-2.0524,47.8218],[-2.068,47.7962],[-2.1223,47.7743],[-2.1103,47.7588],[-2.0716,47.7572],[-2.0767,47.7333],[-2.1159,47.7317],[-2.1263,47.7142],[-2.1062,47.669],[-2.1028,47.6393],[-2.0885,47.6326],[-2.0858,47.608],[-2.11,47.5423],[-2.1544,47.5131],[-2.1868,47.4814],[-2.2109,47.5076],[-2.2534,47.4953],[-2.3023,47.5016],[-2.3345,47.464],[-2.4041,47.4556],[-2.4331,47.4658],[-2.4611,47.4526],[-2.4649,47.4535],[-2.4649,47.4322],[-2.5014,47.4322],[-2.5014,47.4247],[-2.5379,47.4247],[-2.5379,47.4473],[-2.684,47.4473],[-2.684,47.411],[-2.7238,47.411],[-2.7238,47.4045]],[[1.9456,42.4638],[1.968,42.4857],[1.9995,42.4439],[1.9606,42.4437],[1.9456,42.4638]],[[12.3856,43.9245],[12.3957,43.9484],[12.411,43.9597],[12.4166,43.9637],[12.4214,43.9672],[12.4272,43.9694],[12.4533,43.9791],[12.4822,43.9826],[12.4892,43.9731],[12.4907,43.965],[12.4924,43.9564],[12.4915,43.9491],[12.4903,43.9392],[12.4831,43.9292],[12.4822,43.9279],[12.4796,43.9258],[12.478,43.9232],[12.4775,43.9201],[12.4783,43.917],[12.4644,43.9001],[12.4605,43.8953],[12.4413,43.8933],[12.4294,43.8921],[12.4211,43.8952],[12.3996,43.9032],[12.39,43.9179],[12.3856,43.9245]]],[[[-2.6735,49.4335],[-2.6693,49.4309],[-2.5731,49.4309],[-2.5521,49.4267],[-2.549,49.4283],[-2.5472,49.4279],[-2.5472,49.428],[-2.5468,49.4279],[-2.5456,49.4301],[-2.5341,49.4362],[-2.5267,49.4585],[-2.5245,49.4688],[-2.5127,49.4903],[-2.5058,49.498],[-2.5017,49.5067],[-2.5182,49.5155],[-2.5382,49.5098],[-2.5496,49.5042],[-2.5736,49.4954],[-2.5802,49.4936],[-2.5825,49.4922],[-2.648,49.4682],[-2.6479,49.4679],[-2.648,49.4678],[-2.6464,49.464],[-2.6503,49.4637],[-2.6566,49.4594],[-2.6518,49.4452],[-2.663,49.4438],[-2.6735,49.4335]]],[[[-2.242,49.248],[-2.2332,49.2285],[-2.2296,49.2165],[-2.2376,49.1766],[-2.2375,49.1766],[-2.2376,49.1762],[-2.2372,49.1763],[-2.2372,49.1762],[-2.1826,49.1841],[-2.1772,49.1802],[-2.1687,49.1783],[-2.1626,49.1866],[-2.1013,49.1866],[-2.097,49.1837],[-2.08,49.1787],[-2.0734,49.1786],[-2.054,49.1693],[-2.0537,49.1694],[-2.0536,49.1693],[-2.0354,49.1744],[-2.0245,49.1713],[-2.0237,49.1777],[-2.0104,49.1814],[-2.0105,49.1818],[-2.0104,49.1818],[-2.014,49.2072],[-2.0083,49.2125],[-2.0158,49.2196],[-2.0176,49.2321],[-2.021,49.2333],[-2.0207,49.2353],[-2.0679,49.2507],[-2.0827,49.2602],[-2.1039,49.2582],[-2.1059,49.2568],[-2.1218,49.2582],[-2.122,49.2583],[-2.1438,49.2619],[-2.1517,49.267],[-2.1618,49.2618],[-2.2192,49.2669],[-2.2196,49.2669],[-2.2209,49.2605],[-2.2294,49.263],[-2.2411,49.2602],[-2.242,49.248]]],[[[4.8789,53.2209],[4.9102,53.2125],[4.9575,53.2456],[4.9716,53.2538],[5.1105,53.3079],[5.1098,53.3079],[5.1103,53.3081],[5.11,53.3081],[5.1105,53.3083],[5.1006,53.3085],[5.1048,53.3096],[5.0545,53.3138],[5.0428,53.3097],[5.0277,53.31],[5.0273,53.31],[4.9972,53.2937],[4.9865,53.29],[4.9212,53.2537],[4.917,53.2504],[4.9084,53.2458],[4.9087,53.2455],[4.9084,53.2454],[4.9095,53.2446],[4.8789,53.2209]]],[[[5.1789,53.3854],[5.1799,53.3531],[5.2083,53.3527],[5.3469,53.3892],[5.427,53.4064],[5.4817,53.4127],[5.4797,53.4172],[5.5821,53.4381],[5.5815,53.4382],[5.5819,53.4383],[5.5815,53.4384],[5.5821,53.4385],[5.5701,53.441],[5.5853,53.4536],[5.437,53.4365],[5.4284,53.4326],[5.4161,53.4315],[5.1893,53.3916],[5.1898,53.3914],[5.1895,53.3914],[5.1898,53.3913],[5.1893,53.3912],[5.1958,53.3891],[5.1789,53.3854]]],[[[8.5445,42.2568],[8.5771,42.1613],[8.5691,42.155],[8.5863,42.1335],[8.5867,42.1335],[8.6384,41.9822],[8.6317,41.9754],[8.5863,41.969],[8.6144,41.9441],[8.6143,41.9008],[8.6633,41.9094],[8.7118,41.7675],[8.7092,41.7636],[8.6551,41.7499],[8.703,41.7425],[8.6956,41.7294],[8.7235,41.7335],[8.7749,41.5832],[8.7949,41.5742],[8.7918,41.5612],[8.8533,41.5439],[8.8396,41.5308],[8.8737,41.5234],[8.9357,41.4892],[8.9785,41.4852],[9.0017,41.477],[9.1113,41.4221],[9.0964,41.4035],[9.1691,41.3862],[9.1939,41.3691],[9.2232,41.3725],[9.2272,41.3806],[9.2285,41.38],[9.2286,41.3802],[9.2289,41.38],[9.2431,41.4132],[9.2503,41.4278],[9.2492,41.4272],[9.2661,41.4666],[9.2708,41.4687],[9.2791,41.4916],[9.2774,41.493],[9.3016,41.5494],[9.3411,41.5693],[9.3451,41.6045],[9.3229,41.5991],[9.3325,41.6214],[9.3467,41.6196],[9.3452,41.6403],[9.3731,41.6452],[9.3675,41.6719],[9.3729,41.6784],[9.3738,41.6805],[9.4016,41.7064],[9.403,41.7797],[9.4025,41.7848],[9.4195,41.8243],[9.4365,41.8639],[9.4704,41.943],[9.5384,42.1013],[9.5527,42.113],[9.5596,42.1466],[9.5589,42.149],[9.5601,42.1519],[9.56,42.1522],[9.5601,42.1523],[9.5554,42.176],[9.5539,42.1969],[9.5596,42.2946],[9.5432,42.342],[9.5387,42.4028],[9.5459,42.4351],[9.535,42.4536],[9.5331,42.4788],[9.5322,42.5444],[9.5186,42.581],[9.4896,42.6126],[9.4978,42.5953],[9.4737,42.6162],[9.464,42.6396],[9.4577,42.6712],[9.478,42.7886],[9.4828,42.8023],[9.4844,42.8324],[9.4655,42.9235],[9.4701,42.9423],[9.4603,42.9553],[9.4629,42.9804],[9.4629,42.9808],[9.4611,42.9824],[9.464,42.9901],[9.4224,43.0174],[9.4219,43.0173],[9.4161,43.0225],[9.4157,43.0225],[9.3617,43.0173],[9.3561,43.0047],[9.3418,42.9907],[9.3441,42.9829],[8.7461,42.6279],[8.6861,42.5177],[8.6675,42.5097],[8.6597,42.4771],[8.6635,42.4761],[8.6358,42.4252],[8.6307,42.421],[8.6187,42.4196],[8.6075,42.4018],[8.5877,42.3854],[8.5877,42.3853],[8.5705,42.3818],[8.5521,42.3867],[8.5596,42.3464],[8.583,42.349],[8.5913,42.345],[8.5922,42.345],[8.5445,42.2572],[8.5446,42.257],[8.5445,42.2568]]],[[[10.1068,42.7574],[10.1306,42.7456],[10.1321,42.7426],[10.1373,42.7422],[10.1472,42.7373],[10.2297,42.7354],[10.2348,42.7426],[10.2607,42.7476],[10.2654,42.7446],[10.2918,42.7535],[10.3335,42.7616],[10.3349,42.761],[10.3695,42.7416],[10.3814,42.7226],[10.4036,42.7224],[10.4201,42.7131],[10.4201,42.7134],[10.4205,42.7131],[10.4204,42.7135],[10.4205,42.7135],[10.4189,42.7222],[10.4307,42.7221],[10.4251,42.7408],[10.414,42.7477],[10.4098,42.7704],[10.4119,42.773],[10.4203,42.7764],[10.4367,42.8044],[10.4434,42.8454],[10.422,42.8708],[10.3999,42.8688],[10.3934,42.8561],[10.3589,42.8228],[10.3265,42.8252],[10.3268,42.8262],[10.3066,42.8266],[10.2873,42.828],[10.2869,42.828],[10.2838,42.8271],[10.2721,42.8273],[10.271,42.8231],[10.2473,42.8159],[10.1804,42.813],[10.1582,42.8173],[10.1406,42.8112],[10.1285,42.8107],[10.1252,42.806],[10.1117,42.8013],[10.1068,42.7574]]]]}},
{"type":"Feature","properties":{"entityId":"frankish-kingdom","from":785,"to":788,"certainty":"estimated","source":"유럽 쪽은 Natural Earth 1:10m admin-1(v5.1.2) 현대 행정구역 조각을 그 시기 국경에 맞춰 묶고, 조각이 역사 경계와 다른 곳은 선을 그어 나눈 근사. 유럽 밖(시베리아·중앙아시아·극동)은 대략적인 추정. 운영자 검수 필요"},"geometry":{"type":"MultiPolygon","coordinates":[[[[-2.7238,47.4045],[-2.684,47.3772],[-2.6458,47.351],[-2.365,47.1585],[-2.3168,47.1254],[-2.2491,47.079],[-2.2382,47.0715],[-2.2268,47.0637],[-2.2098,47.0464],[-2.2079,47.0445],[-2.1814,47.0175],[-2.1532,46.9889],[-2.1137,46.9487],[-2.098,46.9328],[-2.1022,46.9307],[-2.0963,46.9165],[-2.122,46.9037],[-2.1313,46.8718],[-2.1188,46.82],[-2.0503,46.7921],[-2.0022,46.7575],[-1.9921,46.7485],[-1.965,46.7104],[-1.9398,46.7019],[-1.9208,46.685],[-1.8213,46.558],[-1.8048,46.5036],[-1.7817,46.4954],[-1.7854,46.514],[-1.7742,46.5093],[-1.7684,46.5002],[-1.6868,46.4609],[-1.6459,46.4558],[-1.6321,46.4501],[-1.6256,46.4311],[-1.5988,46.425],[-1.598,46.425],[-1.5344,46.3603],[-1.5025,46.3279],[-1.4706,46.2956],[-1.4421,46.2666],[-1.4136,46.2377],[-1.4905,46.2244],[-1.508,46.2456],[-1.4739,46.2381],[-1.4679,46.2499],[-1.4981,46.2619],[-1.5558,46.2518],[-1.5043,46.2077],[-1.4329,46.2108],[-1.3506,46.1737],[-1.3432,46.1662],[-1.2496,46.0712],[-1.1936,46.0143],[-1.2021,45.9262],[-1.2198,45.9431],[-1.2194,45.9439],[-1.2336,45.9917],[-1.2738,45.9976],[-1.3399,46.0378],[-1.3829,46.048],[-1.3876,46.0501],[-1.3876,46.0499],[-1.388,46.0501],[-1.388,46.0492],[-1.4049,46.0532],[-1.3833,46.0155],[-1.375,45.9858],[-1.3783,45.976],[-1.3402,45.9387],[-1.2778,45.8942],[-1.2457,45.8546],[-1.2269,45.8198],[-1.2127,45.8153],[-1.2147,45.7949],[-1.2303,45.7924],[-1.2473,45.7099],[-1.2228,45.71],[-1.23,45.6345],[-1.2337,45.5966],[-1.2373,45.5588],[-1.2518,45.4074],[-1.2808,45.1045],[-1.3388,44.4988],[-1.3458,44.4252],[-1.3529,44.3516],[-1.367,44.2044],[-1.3844,44.0225],[-1.4818,43.9099],[-1.6848,43.6753],[-1.7231,43.6311],[-1.7997,43.5425],[-1.7614,43.5425],[-1.7614,43.4982],[-1.762,43.4982],[-1.762,43.4067],[-1.8006,43.4067],[-1.8006,43.3894],[-1.7941,43.386],[-1.7969,43.3411],[-1.7682,43.3309],[-1.7497,43.2948],[-1.6739,43.3042],[-1.645,43.2924],[-1.639,43.2557],[-1.5876,43.2516],[-1.559,43.2841],[-1.5081,43.2768],[-1.4664,43.2608],[-1.4322,43.265],[-1.4035,43.2433],[-1.3997,43.2067],[-1.4258,43.1353],[-1.4878,43.0818],[-1.4753,43.0601],[-1.435,43.0357],[-1.3831,43.0292],[-1.3576,43.0468],[-1.3483,43.0931],[-1.3086,43.1136],[-1.3106,43.0695],[-1.2749,43.0468],[-1.2169,43.0393],[-1.1499,43.0057],[-1.1124,43.0083],[-1.0797,42.9934],[-1.0285,42.9867],[-0.9815,42.957],[-0.9432,42.9479],[-0.8635,42.9431],[-0.7864,42.9533],[-0.7597,42.9465],[-0.745,42.9187],[-0.7459,42.8939],[-0.7301,42.8775],[-0.7004,42.8764],[-0.6483,42.8498],[-0.6095,42.8114],[-0.5829,42.7958],[-0.5787,42.7773],[-0.5356,42.7842],[-0.5339,42.808],[-0.5084,42.8075],[-0.4545,42.7889],[-0.4239,42.7907],[-0.3228,42.8425],[-0.3051,42.8308],[-0.247,42.8048],[-0.2351,42.7862],[-0.2084,42.7839],[-0.1614,42.7953],[-0.1636,42.778],[-0.119,42.7169],[-0.0389,42.6851],[-0.0043,42.6875],[0.0728,42.7085],[0.1342,42.7152],[0.1692,42.7265],[0.2384,42.7104],[0.2754,42.6687],[0.2902,42.6703],[0.336,42.7127],[0.3542,42.7175],[0.3893,42.6851],[0.4669,42.6904],[0.4835,42.6853],[0.6082,42.688],[0.6436,42.6845],[0.6634,42.6962],[0.6756,42.6887],[0.7084,42.6342],[0.7655,42.6099],[0.7615,42.5693],[0.7306,42.5197],[0.7303,42.5007],[0.7014,42.4843],[0.7151,42.4431],[0.7329,42.4269],[0.7464,42.3905],[0.7511,42.348],[0.7417,42.264],[0.7194,42.2268],[0.7035,42.1679],[0.7031,42.1203],[0.6843,42.09],[0.6425,41.9923],[0.5762,41.9513],[0.5672,41.9327],[0.5896,41.9186],[0.5976,41.8744],[0.5422,41.8267],[0.4966,41.8088],[0.4542,41.7625],[0.406,41.753],[0.3285,41.6774],[0.3481,41.6152],[0.3652,41.5983],[0.424,41.5929],[0.4412,41.5461],[0.4004,41.4965],[0.3485,41.4721],[0.3383,41.4059],[0.3273,41.3701],[0.3517,41.3625],[0.3773,41.3214],[0.3524,41.2792],[0.3604,41.2328],[0.3858,41.2789],[0.4332,41.2761],[0.4381,41.3248],[0.4728,41.3283],[0.5098,41.2885],[0.5314,41.2928],[0.5619,41.3239],[0.6208,41.2987],[0.7364,41.3184],[0.7585,41.3313],[0.805,41.3313],[0.8335,41.3585],[0.879,41.342],[0.9577,41.3545],[0.9895,41.3983],[1.0237,41.4063],[1.062,41.4516],[1.073,41.4827],[1.1172,41.4725],[1.1574,41.4802],[1.1702,41.4954],[1.178,41.5445],[1.2078,41.5723],[1.3718,41.5654],[1.3927,41.575],[1.4071,41.5905],[1.37,41.6029],[1.3894,41.6285],[1.4385,41.6435],[1.4068,41.7042],[1.4095,41.7825],[1.4208,41.7972],[1.4558,41.7988],[1.4822,41.7768],[1.5194,41.78],[1.5602,41.7678],[1.6302,41.8291],[1.6332,41.8487],[1.6156,41.8957],[1.6432,41.9292],[1.6534,41.9681],[1.6941,41.9701],[1.7144,41.996],[1.6938,42.0056],[1.6691,41.9976],[1.6609,42.0184],[1.6924,42.0516],[1.6894,42.0793],[1.7157,42.1048],[1.7068,42.1308],[1.7372,42.1683],[1.7321,42.1894],[1.6906,42.2124],[1.6863,42.2621],[1.7156,42.2881],[1.8425,42.3063],[1.9139,42.3184],[1.9731,42.295],[2.0407,42.2935],[2.0431,42.2648],[2.0252,42.2234],[2.0542,42.1853],[2.0655,42.1372],[2.098,42.1373],[2.1293,42.1196],[2.2042,42.128],[2.2313,42.1422],[2.2802,42.1435],[2.3078,42.113],[2.3659,42.1213],[2.4195,42.0732],[2.4591,42.0734],[2.4943,42.0468],[2.5026,42.0259],[2.4894,41.9909],[2.4399,41.9494],[2.463,41.9209],[2.4428,41.8876],[2.3829,41.8715],[2.3375,41.8891],[2.3153,41.8648],[2.3179,41.8462],[2.3627,41.7987],[2.4366,41.8029],[2.5474,41.7192],[2.637,41.7332],[2.6678,41.7472],[2.7015,41.7489],[2.7479,41.7357],[2.774,41.7004],[2.7596,41.6828],[2.7785,41.6456],[2.792,41.669],[2.8511,41.6972],[2.933,41.7125],[2.9509,41.7343],[3.0403,41.7869],[3.0691,41.7991],[3.0735,41.8119],[3.1272,41.8469],[3.1502,41.8454],[3.1949,41.8883],[3.2099,41.9115],[3.2492,41.944],[3.2492,41.9444],[3.2384,42.0833],[3.224,42.1111],[3.1736,42.1354],[3.1521,42.163],[3.1658,42.2526],[3.2101,42.2397],[3.263,42.2399],[3.287,42.2629],[3.2993,42.2869],[3.3068,42.2895],[3.3067,42.2899],[3.3068,42.2899],[3.3044,42.297],[3.3177,42.323],[3.2933,42.3303],[3.2888,42.3437],[3.2384,42.368],[3.2253,42.4006],[3.2132,42.4305],[3.2108,42.4358],[3.1988,42.4617],[3.1911,42.471],[3.0908,42.5919],[3.087,42.6117],[3.0604,42.7524],[3.0502,42.806],[3.0535,42.8228],[3.0602,42.858],[3.0669,42.8931],[3.0789,42.9558],[3.1628,43.0811],[3.1703,43.0896],[3.1721,43.09],[3.1851,43.0929],[3.2652,43.1108],[3.3053,43.1198],[3.3453,43.1287],[3.4254,43.1466],[3.8117,43.233],[3.9569,43.2654],[4.0052,43.2762],[4.102,43.2978],[4.1503,43.3086],[4.1987,43.3194],[4.2471,43.3303],[4.2955,43.3411],[4.3922,43.3627],[4.5558,43.3993],[4.5808,43.3958],[4.5663,43.3711],[4.5923,43.3599],[4.6659,43.3475],[4.8203,43.3464],[4.8224,43.3626],[4.846,43.3594],[4.8558,43.3418],[4.8792,43.3548],[5.0519,43.3311],[5.0648,43.328],[5.0748,43.328],[5.3541,43.2897],[5.3573,43.2803],[5.3692,43.2704],[5.347,43.2159],[5.4398,43.2076],[5.5174,43.2074],[5.542,43.2028],[5.5727,43.1691],[5.6124,43.1604],[5.6329,43.1856],[5.6717,43.1783],[5.6752,43.1763],[5.6963,43.1469],[5.741,43.1321],[5.7515,43.1317],[5.8085,43.0984],[5.8089,43.0984],[5.817,43.0985],[5.7819,43.0791],[5.819,43.0535],[5.8566,43.0448],[5.8753,43.0688],[5.9403,43.0709],[5.9514,43.08],[5.9106,43.0932],[5.9038,43.0992],[5.9985,43.0999],[6.0165,43.0989],[6.027,43.0782],[6.0846,43.0824],[6.1145,43.0724],[6.1147,43.0725],[6.1149,43.0724],[6.1175,43.0733],[6.1321,43.0526],[6.0977,43.0313],[6.1801,43.0359],[6.1528,43.0481],[6.162,43.0887],[6.245,43.1174],[6.2804,43.1187],[6.3423,43.0908],[6.3754,43.0908],[6.3661,43.1186],[6.3785,43.1361],[6.4038,43.1455],[6.5285,43.1285],[6.5289,43.1285],[6.6061,43.1766],[6.6099,43.1734],[6.6798,43.2016],[6.6745,43.2192],[6.7673,43.2771],[6.9335,43.3806],[6.9373,43.383],[7.0118,43.4294],[7.049,43.4526],[7.0863,43.4758],[7.1073,43.4889],[7.2,43.5466],[7.2773,43.5948],[7.3624,43.6479],[7.4029,43.6731],[7.4049,43.6744],[7.4361,43.6938],[7.4474,43.6958],[7.4899,43.7033],[7.5324,43.7107],[7.6174,43.7257],[7.8501,43.7666],[7.9575,43.8525],[7.9597,43.8529],[8.0314,43.8875],[8.0677,43.8967],[8.0892,43.9199],[8.1302,43.9403],[8.168,43.9565],[8.1527,43.9832],[8.1691,44.0067],[8.2163,44.0452],[8.2217,44.0639],[8.2219,44.0641],[8.3543,44.17],[8.3694,44.1735],[8.4082,44.1935],[8.4106,44.215],[8.4297,44.2303],[8.5276,44.2591],[8.6446,44.2934],[8.6739,44.3021],[8.7032,44.3107],[8.7617,44.3279],[8.8787,44.3622],[8.8903,44.3656],[9.3468,44.1805],[9.4347,44.1448],[9.4639,44.133],[9.5809,44.0855],[9.7037,44.0357],[9.8149,44.0099],[9.9319,43.9828],[9.9904,43.9693],[10.0196,43.9625],[10.0489,43.9557],[10.0993,43.944],[10.1245,43.9382],[10.1496,43.9324],[10.2005,43.9206],[10.2229,43.849],[10.2529,43.7532],[10.283,43.6573],[10.2934,43.5791],[10.3172,43.4926],[10.3263,43.4769],[10.3411,43.4717],[10.4889,42.9998],[10.4776,42.9901],[10.4995,42.9405],[10.5108,42.9315],[10.5788,42.8738],[10.6042,42.8523],[10.6295,42.8308],[10.6802,42.7878],[10.8496,42.6441],[11.0958,42.4353],[11.0869,42.4295],[11.0945,42.4027],[11.1559,42.3663],[11.1772,42.3663],[11.1905,42.355],[11.2936,42.2817],[11.3061,42.2728],[11.3518,42.2728],[11.3518,42.2787],[11.3809,42.2787],[11.3809,42.3052],[11.41,42.3052],[11.41,42.3441],[11.4392,42.3441],[11.4392,42.3786],[11.4515,42.3744],[11.4719,42.4186],[11.4981,42.434],[11.5902,42.442],[11.6018,42.4474],[11.6079,42.4873],[11.5659,42.5161],[11.5855,42.5359],[11.5882,42.5661],[11.6206,42.5601],[11.6712,42.577],[11.6938,42.5983],[11.7352,42.6162],[11.7494,42.6384],[11.7869,42.6512],[11.7868,42.7003],[11.8079,42.7383],[11.7739,42.7806],[11.7472,42.7985],[11.7647,42.8187],[11.808,42.8134],[11.8327,42.8326],[11.889,42.8504],[11.9331,42.7911],[11.9704,42.765],[11.9303,42.7091],[11.9596,42.6846],[12.0337,42.646],[12.0934,42.6606],[12.1287,42.6573],[12.1566,42.6754],[12.2406,42.6391],[12.2455,42.5855],[12.2715,42.5661],[12.2802,42.5104],[12.3007,42.4899],[12.3428,42.4919],[12.3936,42.4625],[12.4174,42.4285],[12.4515,42.421],[12.4311,42.3931],[12.4651,42.3869],[12.504,42.3906],[12.5284,42.3695],[12.5926,42.401],[12.6117,42.4338],[12.6121,42.4631],[12.6657,42.4435],[12.7222,42.454],[12.7161,42.4896],[12.7552,42.5003],[12.78,42.5271],[12.8801,42.5647],[12.8792,42.5903],[12.902,42.6096],[12.988,42.608],[13.0176,42.6316],[13.0593,42.6238],[13.1188,42.646],[13.1539,42.6451],[13.1891,42.694],[13.1945,42.7346],[13.2423,42.7356],[13.2679,42.7446],[13.3117,42.7193],[13.3376,42.6877],[13.3518,42.6566],[13.3863,42.6444],[13.3759,42.6038],[13.3689,42.586],[13.338,42.5746],[13.286,42.5722],[13.1861,42.5869],[13.1743,42.5574],[13.1353,42.5383],[13.1635,42.5123],[13.1647,42.4801],[13.1318,42.4548],[13.1324,42.4264],[13.1784,42.3999],[13.1594,42.3672],[13.1633,42.3386],[13.211,42.3135],[13.223,42.2782],[13.2671,42.2336],[13.3,42.2216],[13.317,42.1969],[13.3618,42.1898],[13.3173,42.1727],[13.2905,42.1317],[13.2608,42.1386],[13.2339,42.1291],[13.1731,42.153],[13.0988,42.1737],[13.0733,42.1413],[13.0296,42.1156],[13.0137,42.1085],[13.017,42.0546],[13.0284,42.0319],[13.0823,42.0189],[13.0971,42.0237],[13.2801,41.9468],[13.2979,41.947],[13.3532,41.9192],[13.3702,41.9031],[13.3554,41.8715],[13.3571,41.8308],[13.4052,41.8316],[13.5014,41.796],[13.5293,41.7708],[13.5788,41.7699],[13.6466,41.8105],[13.7148,41.7948],[13.7443,41.7546],[13.7939,41.7535],[13.8918,41.7237],[13.9457,41.6882],[13.9946,41.6869],[14.0352,41.7036],[14.063,41.7288],[14.0988,41.7251],[14.186,41.7705],[14.1432,41.8147],[14.1606,41.8418],[14.1916,41.8396],[14.2294,41.8774],[14.2829,41.9062],[14.3336,41.8691],[14.3724,41.8736],[14.4329,41.837],[14.4323,41.8139],[14.4576,41.7658],[14.4904,41.7761],[14.5146,41.7861],[14.5766,41.8556],[14.6484,41.9249],[14.6503,41.9504],[14.6735,41.9594],[14.7443,42.013],[14.7634,42.0779],[14.7675,42.0766],[14.7675,42.1157],[14.8105,42.1157],[14.8105,42.1342],[14.8362,42.1342],[14.8362,42.1701],[14.848,42.1701],[14.6493,42.314],[14.3854,42.5052],[14.3782,42.5104],[14.3311,42.5445],[14.2841,42.5785],[14.19,42.6467],[14.1024,42.7101],[14.0313,42.7616],[13.9603,42.878],[13.9346,42.92],[13.909,42.962],[13.8577,43.046],[13.8535,43.0674],[13.8348,43.1273],[13.8102,43.1648],[13.8045,43.1804],[13.7831,43.2208],[13.7803,43.2365],[13.7457,43.2911],[13.6929,43.3905],[13.6909,43.3933],[13.647,43.4753],[13.617,43.5313],[13.6156,43.5605],[13.5692,43.5803],[13.5432,43.6132],[13.5044,43.6328],[13.4863,43.6206],[13.4293,43.6402],[13.2153,43.7551],[13.1815,43.7732],[13.0798,43.8278],[12.9443,43.9005],[12.9289,43.9158],[12.9032,43.9234],[12.8992,43.9247],[12.7714,43.9933],[12.7385,44.011],[12.7055,44.0287],[12.6396,44.064],[12.5877,44.0919],[12.5078,44.2162],[12.4895,44.2447],[12.4665,44.2804],[12.4436,44.316],[12.3978,44.3873],[12.3861,44.4054],[12.2828,44.5661],[12.2858,44.6027],[12.2713,44.627],[12.3506,44.8112],[12.3757,44.7922],[12.3934,44.7935],[12.3452,44.8238],[12.3435,44.8401],[12.2904,44.8716],[12.2845,44.9087],[12.2948,44.9274],[12.272,44.9364],[12.2233,44.9261],[12.1699,44.9372],[12.1351,44.9368],[12.1157,44.959],[12.0872,44.9705],[11.9907,44.9839],[11.9305,44.9785],[11.8696,44.9854],[11.7973,44.9776],[11.7564,44.9612],[11.7357,44.9385],[11.6775,44.9224],[11.6403,44.8983],[11.6063,44.8988],[11.5534,44.9292],[11.4885,44.9435],[11.4319,44.9377],[11.4215,44.9499],[11.419,44.9669],[11.3889,44.9736],[11.3051,45.013],[11.2727,45.0338],[11.2728,45.0596],[11.1957,45.0634],[11.1929,45.0939],[11.2103,45.1043],[11.3325,45.0895],[11.3584,45.0635],[11.3859,45.053],[11.4258,45.0663],[11.4452,45.0927],[11.4111,45.1216],[11.4186,45.1318],[11.4966,45.1114],[11.5395,45.1284],[11.6025,45.1258],[11.6631,45.1079],[11.7187,45.1103],[11.7538,45.0987],[11.8009,45.1284],[11.84,45.1389],[11.9619,45.1432],[11.9755,45.1843],[11.9875,45.1906],[12.0973,45.2057],[12.1525,45.1942],[12.1608,45.2189],[12.2019,45.2474],[12.1994,45.2746],[12.198,45.2922],[12.1491,45.2922],[12.0834,45.3267],[12.0368,45.3151],[12.0167,45.343],[12.0334,45.3602],[11.9823,45.384],[11.9759,45.3977],[12.0239,45.4326],[12.0271,45.4561],[11.9915,45.4542],[11.9815,45.4707],[12.0045,45.5141],[12.0254,45.5311],[12.0396,45.5715],[12.0708,45.5763],[12.0924,45.5984],[12.1112,45.6014],[12.1886,45.5843],[12.2311,45.5367],[12.2721,45.5405],[12.2856,45.566],[12.3526,45.5839],[12.3959,45.5718],[12.4354,45.586],[12.4336,45.6318],[12.4718,45.6413],[12.4987,45.6766],[12.5225,45.6857],[12.6044,45.6859],[12.663,45.7019],[12.6719,45.7321],[12.6632,45.7689],[12.6728,45.8021],[12.699,45.8036],[12.7314,45.8272],[12.765,45.8363],[12.792,45.8562],[12.8267,45.8244],[12.8632,45.8465],[12.8946,45.8258],[12.9518,45.8207],[12.9729,45.8426],[12.9993,45.8255],[13.0019,45.782],[13.0258,45.7595],[13.0745,45.6742],[13.0956,45.6523],[13.103,45.669],[13.1497,45.7038],[13.1188,45.696],[13.1205,45.6972],[13.1488,45.7354],[13.2505,45.7168],[13.2958,45.7085],[13.341,45.7003],[13.3862,45.692],[13.4011,45.6893],[13.3767,45.6832],[13.4017,45.6754],[13.428,45.6811],[13.432,45.6836],[13.5261,45.6664],[13.6201,45.6492],[13.6201,45.7547],[13.5731,45.7547],[13.5731,45.7886],[13.5833,45.7868],[13.5885,45.8065],[13.5813,45.8092],[13.5742,45.819],[13.566,45.8303],[13.5693,45.8645],[13.5993,45.9123],[13.6082,45.9266],[13.6153,45.9459],[13.6228,45.9664],[13.6007,45.9846],[13.5717,45.9798],[13.5394,45.969],[13.5094,45.9674],[13.4618,46.0064],[13.4823,46.0184],[13.4928,46.0325],[13.4903,46.0389],[13.4823,46.0448],[13.5051,46.066],[13.5226,46.0753],[13.6164,46.125],[13.645,46.1617],[13.6411,46.1714],[13.6274,46.1817],[13.5845,46.1813],[13.559,46.1841],[13.529,46.2048],[13.5102,46.214],[13.4823,46.2179],[13.4683,46.2234],[13.4228,46.2286],[13.4374,46.2109],[13.4101,46.208],[13.3981,46.2305],[13.3847,46.2433],[13.3786,46.2684],[13.3653,46.2903],[13.3956,46.3067],[13.4232,46.3448],[13.4341,46.3539],[13.4597,46.359],[13.4837,46.3712],[13.53,46.3883],[13.5757,46.4267],[13.6002,46.4426],[13.6588,46.4451],[13.6775,46.4521],[13.6859,46.464],[13.6899,46.4933],[13.701,46.5197],[13.6703,46.5187],[13.5492,46.5458],[13.5068,46.5469],[13.478,46.5636],[13.417,46.5605],[13.3733,46.5658],[13.2714,46.5508],[13.2311,46.5522],[13.1465,46.585],[13.0645,46.598],[12.8304,46.6096],[12.7485,46.641],[12.6974,46.6405],[12.6714,46.6525],[12.6202,46.6565],[12.562,46.6512],[12.4999,46.6721],[12.4696,46.6758],[12.3992,46.6397],[12.3825,46.6181],[12.3407,46.6282],[12.3024,46.6146],[12.2531,46.6109],[12.214,46.5961],[12.1779,46.6348],[12.1386,46.6443],[12.0991,46.6678],[12.0803,46.6499],[12.0712,46.6131],[12.022,46.5394],[11.8519,46.5142],[11.8322,46.504],[11.8118,46.5303],[11.7784,46.5101],[11.7158,46.5138],[11.6841,46.5077],[11.6412,46.4727],[11.5953,46.3862],[11.5774,46.3681],[11.5378,46.3537],[11.4766,46.3596],[11.4549,46.3348],[11.4085,46.3245],[11.3876,46.2811],[11.3707,46.269],[11.3282,46.2935],[11.2871,46.2591],[11.242,46.2312],[11.191,46.2271],[11.1615,46.2495],[11.1562,46.284],[11.2018,46.3392],[11.2145,46.4693],[11.1927,46.5056],[11.1454,46.4872],[11.1176,46.4938],[11.0859,46.5236],[11.0553,46.5156],[11.0643,46.458],[11.0511,46.446],[10.9974,46.4792],[10.8399,46.4307],[10.7975,46.4469],[10.7762,46.4754],[10.7452,46.4849],[10.6575,46.4495],[10.6247,46.4545],[10.5413,46.4895],[10.4939,46.4945],[10.4518,46.5467],[10.4659,46.5785],[10.4591,46.6236],[10.4382,46.6357],[10.3956,46.6388],[10.3692,46.6724],[10.3944,46.7008],[10.3997,46.7355],[10.4287,46.7556],[10.4172,46.7989],[10.4485,46.8322],[10.4538,46.8644],[10.4638,46.9197],[10.4585,46.9366],[10.4156,46.9624],[10.3947,46.9854],[10.3679,46.9955],[10.3389,46.9841],[10.2962,46.9414],[10.2957,46.9227],[10.2351,46.9233],[10.2014,46.8668],[10.1252,46.8468],[10.0834,46.908],[10.0844,46.9263],[10.1204,46.9552],[10.1294,46.985],[10.1247,47.0218],[10.1382,47.0773],[10.2021,47.161],[10.2034,47.1987],[10.175,47.2724],[10.2394,47.2777],[10.3059,47.3022],[10.3434,47.3308],[10.3657,47.3611],[10.4116,47.381],[10.452,47.4388],[10.4422,47.4814],[10.4196,47.493],[10.431,47.5422],[10.4142,47.573],[10.4536,47.5811],[10.4535,47.5462],[10.4825,47.5329],[10.5251,47.5285],[10.5837,47.5625],[10.6079,47.5623],[10.7399,47.5285],[10.7522,47.5154],[10.7903,47.5161],[10.8586,47.5307],[10.8922,47.5149],[10.8516,47.4931],[10.9099,47.469],[10.92,47.4616],[10.92,49.05],[11.55,49.05],[11.55,49.75],[12.3,49.75],[12.3,50.0271],[12.2469,50.045],[12.2325,50.0805],[12.1879,50.1028],[12.1792,50.118],[12.1827,50.1707],[12.1393,50.211],[12.0796,50.2427],[12.1091,50.2638],[12.1073,50.2909],[12.0761,50.3152],[12.1013,50.314],[12.0937,50.3226],[12.0399,50.3288],[11.986,50.3516],[11.9812,50.3853],[11.9405,50.4145],[11.9053,50.4152],[11.8997,50.4293],[11.9311,50.4403],[11.9475,50.4622],[11.9258,50.4884],[11.9447,50.5159],[11.9894,50.5461],[12.0485,50.5316],[12.0812,50.5613],[12.1454,50.5625],[12.1587,50.6037],[12.1869,50.6264],[12.2529,50.6263],[12.29,50.6434],[12.3218,50.674],[12.2855,50.677],[12.2628,50.7222],[12.2412,50.7222],[12.2492,50.7426],[12.2855,50.7693],[12.258,50.7925],[12.3308,50.8064],[12.3642,50.8233],[12.4244,50.8243],[12.4628,50.8566],[12.5275,50.8766],[12.6017,50.8764],[12.6109,50.8701],[12.6472,50.8999],[12.6022,50.9525],[12.5457,50.9713],[12.4914,51.0285],[12.4837,51.0583],[12.3289,51.0878],[12.2646,51.0838],[12.2464,51.0326],[12.2754,51.0098],[12.2171,50.9542],[12.2008,50.9279],[12.1595,50.952],[12.1204,50.9445],[12.0679,50.9561],[12.0046,50.949],[11.9609,50.971],[11.9314,50.9981],[11.8607,51.0226],[11.7326,51.0175],[11.6974,51.0642],[11.6891,51.0919],[11.6631,51.1012],[11.6275,51.0956],[11.5352,51.1003],[11.5047,51.0892],[11.4274,51.0988],[11.4264,51.1077],[11.4203,51.1597],[11.3886,51.1899],[11.333,51.2163],[11.3524,51.2301],[11.4224,51.2437],[11.4519,51.2715],[11.3672,51.3575],[11.3149,51.3833],[11.1962,51.3974],[11.1538,51.3969],[10.9991,51.4087],[10.9645,51.4278],[10.9718,51.4627],[10.9454,51.4995],[10.965,51.4721],[11.3,51.52],[11.6,51.45],[11.9,51.42],[12.1,51.47],[12.22,51.6],[12.2662,51.7155],[12,51.68],[11.8,51.68],[11.65,51.72],[11.75,51.9],[11.8596,51.973],[11.74,52.02],[11.66,52.13],[11.7,52.23],[11.77,52.31],[11.9,52.45],[11.98,52.55],[12,52.67],[12.04,52.79],[12.04,52.86],[11.9795,52.8859],[11.9655,52.8852],[11.8967,52.9017],[11.8319,52.9282],[11.8444,52.946],[11.8158,52.9593],[11.8073,52.9603],[11.798,52.9676],[11.75,52.99],[11.7435,52.992],[11.6942,52.984],[11.6814,53.0106],[11.6696,53.0141],[11.6223,53.0224],[11.623,53.0281],[11.5802,53.041],[11.5619,53.01],[11.5813,53.0429],[11.4907,53.0607],[11.4609,53.0794],[11.4169,53.0809],[11.3656,53.064],[11.3276,53.0724],[11.2741,53.1175],[11.2558,53.1362],[11.2397,53.142],[11.2247,53.153],[11.2014,53.1405],[11.1943,53.1409],[11.1645,53.1709],[11.1434,53.1727],[11.1093,53.1558],[11.0894,53.1442],[11.0681,53.1555],[11.0401,53.1664],[10.9302,53.2285],[10.8393,53.2601],[10.8073,53.2756],[10.7868,53.2934],[10.7751,53.3002],[10.7558,53.3029],[10.7394,53.3085],[10.7346,53.3217],[10.7316,53.352],[10.7097,53.3683],[10.6755,53.3737],[10.6012,53.3718],[10.5695,53.3639],[10.5284,53.3724],[10.3864,53.4239],[10.328,53.4327],[10.2661,53.4271],[10.2416,53.4066],[10.1865,53.4044],[10.1536,53.4136],[10.1314,53.4306],[10.0831,53.4509],[10.0387,53.4431],[10.0304,53.4292],[9.9854,53.4151],[9.95,53.422],[9.9093,53.4181],[9.9055,53.4412],[9.8908,53.449],[9.8572,53.4329],[9.85,53.4375],[9.8106,53.4624],[9.7684,53.5082],[9.764,53.5477],[9.7818,53.5453],[9.7818,53.5697],[9.7441,53.5724],[9.7441,53.5503],[9.7063,53.5553],[9.7063,53.5775],[9.6685,53.5828],[9.6685,53.5681],[9.6372,53.581],[9.6307,53.5827],[9.5929,53.5928],[9.5671,53.5996],[9.5551,53.6101],[9.5173,53.6433],[9.5173,53.691],[9.4894,53.691],[9.4894,53.7278],[9.4615,53.7387],[9.4569,53.7405],[9.4115,53.7405],[9.4115,53.7815],[9.409,53.7891],[9.3661,53.7891],[9.3661,53.827],[9.3283,53.827],[9.3283,53.8551],[9.2956,53.8719],[9.2905,53.8732],[9.2527,53.8827],[9.2527,53.8651],[9.1393,53.8651],[9.1393,53.8919],[9.1015,53.8924],[9.1015,53.8632],[9.0637,53.8578],[9.0637,53.8772],[9.0259,53.8772],[9.0259,53.8725],[8.9881,53.8725],[8.9881,53.8873],[8.9125,53.8873],[8.9125,53.8902],[8.8369,53.8902],[8.8369,53.8919],[8.7991,53.8919],[8.7991,53.9493],[8.7613,53.9493],[8.7613,53.9565],[8.7235,53.9565],[8.7235,53.9648],[8.7032,53.95],[8.6857,53.9372],[8.6101,53.8822],[8.6071,53.8815],[8.5733,53.8577],[8.5715,53.8542],[8.5,53.8021],[8.4434,53.7609],[8.3152,53.6676],[8.1614,53.5557],[8.1498,53.5602],[8.1244,53.5836],[8.1276,53.5908],[8.1074,53.5992],[8.0253,53.6747],[8.0314,53.7081],[7.9599,53.7204],[7.9365,53.748],[7.9361,53.748],[7.4711,53.7178],[7.2267,53.702],[7.1009,53.6938],[6.9823,53.5647],[6.954,53.5339],[6.9256,53.503],[6.9212,53.4982],[6.9065,53.4822],[6.8601,53.4838],[6.7379,53.4881],[6.4935,53.4965],[6.463,53.4976],[6.4324,53.4987],[6.4018,53.4997],[6.3713,53.5008],[6.3408,53.5018],[6.3245,53.5024],[6.3189,53.5072],[6.3345,53.511],[6.3337,53.5111],[6.3343,53.5112],[6.3338,53.5112],[6.3345,53.5114],[6.3118,53.5132],[6.3108,53.5141],[6.305,53.5138],[6.2913,53.5149],[6.2909,53.5149],[6.2752,53.5122],[6.2118,53.5089],[6.2017,53.5067],[6.1269,53.5092],[6.0753,53.511],[6.0749,53.511],[6.0046,53.4895],[5.9333,53.4678],[5.9138,53.4739],[5.8856,53.4732],[5.8773,53.4749],[5.8769,53.4749],[5.7077,53.4732],[5.6537,53.4663],[5.6541,53.4659],[5.6537,53.4659],[5.6545,53.4652],[5.6419,53.4634],[5.6361,53.4487],[5.679,53.4301],[5.7363,53.4435],[5.7854,53.4474],[5.8556,53.4474],[5.876,53.4502],[5.5158,53.3402],[5.2714,53.2655],[5.1492,53.2282],[5.0881,53.2095],[5.0576,53.2002],[5.027,53.1908],[4.9883,53.179],[4.9495,53.1672],[4.8974,53.1512],[4.8872,53.1644],[4.8872,53.1833],[4.8868,53.1831],[4.8868,53.1833],[4.8858,53.1827],[4.8858,53.1867],[4.8543,53.1877],[4.8057,53.133],[4.7597,53.1091],[4.7167,53.096],[4.7068,53.093],[4.4064,52.5894],[4.3168,52.4391],[4.2944,52.4015],[4.2719,52.3639],[4.2271,52.2887],[4.0493,51.9907],[4.0225,51.9944],[4.01,51.9801],[4.0257,51.951],[3.9638,51.8472],[3.9627,51.8474],[3.8623,51.8161],[3.8716,51.7883],[3.9339,51.7971],[3.9173,51.7693],[3.9016,51.743],[3.8101,51.7473],[3.7928,51.7457],[3.7892,51.7459],[3.7888,51.7459],[3.7825,51.7448],[3.7258,51.7397],[3.7054,51.7314],[3.6988,51.7303],[3.6988,51.7288],[3.6895,51.725],[3.6867,51.6927],[3.7206,51.6768],[3.7654,51.6784],[3.7758,51.6858],[3.8159,51.693],[3.8244,51.69],[3.8596,51.6726],[3.8284,51.6204],[3.8118,51.6115],[3.5604,51.5946],[3.5469,51.5894],[3.5008,51.5775],[3.4838,51.5652],[3.4575,51.5551],[3.447,51.546],[3.4619,51.519],[3.4948,51.5009],[3.5321,51.4626],[3.4881,51.4392],[3.4608,51.4246],[3.4179,51.4017],[3.3878,51.3857],[3.3828,51.3847],[3.3496,51.3778],[3.3477,51.3774],[3.3126,51.3702],[3.2775,51.3629],[3.2236,51.3518],[3.2073,51.3464],[3.1248,51.3297],[2.9983,51.2774],[2.9608,51.265],[2.9162,51.2478],[2.6523,51.1824],[2.5658,51.1609],[2.5226,51.1502],[2.5144,51.1482],[2.4793,51.1401],[2.1333,51.0605],[2.0901,51.0505],[2.0468,51.0405],[1.9603,51.0206],[1.6396,50.9468],[1.6143,50.8782],[1.5806,50.8688],[1.5946,50.8248],[1.512,50.6011],[1.4707,50.4893],[1.4501,50.4334],[1.4398,50.4055],[1.4294,50.3775],[1.3696,50.2153],[1.3489,50.1593],[1.3372,50.1276],[1.2877,50.111],[1.268,50.1044],[1.1871,50.0772],[1.0252,50.0229],[0.0541,49.6971],[-0.1077,49.6428],[-0.1887,49.6156],[-0.2696,49.5885],[-0.31,49.5749],[-0.3505,49.5613],[-0.4314,49.5342],[-0.5933,49.4799],[-0.887,49.3813],[-0.9169,49.3864],[-0.9404,49.3923],[-0.9543,49.3928],[-0.9592,49.3936],[-0.9596,49.3936],[-0.9698,49.3933],[-1.0723,49.3968],[-1.084,49.3909],[-1.158,49.4245],[-1.1847,49.4366],[-1.1932,49.4457],[-1.212,49.4688],[-1.2328,49.4943],[-1.263,49.5914],[-1.2533,49.6123],[-1.2278,49.6241],[-1.2322,49.6414],[-1.258,49.6792],[-1.258,49.68],[-1.2587,49.6802],[-1.2711,49.6984],[-1.3913,49.7127],[-1.4557,49.7022],[-1.4752,49.6884],[-1.5894,49.6679],[-1.7044,49.6818],[-1.7249,49.682],[-1.7251,49.682],[-1.9348,49.7772],[-1.9347,49.777],[-1.9352,49.7772],[-1.9351,49.7767],[-1.9352,49.7768],[-1.9208,49.7253],[-1.9352,49.7241],[-1.9456,49.678],[-1.9051,49.6693],[-1.8704,49.5452],[-1.8847,49.5309],[-1.8602,49.5086],[-1.7352,49.0619],[-1.6727,48.8386],[-1.6415,48.727],[-1.6266,48.6738],[-1.6185,48.645],[-1.6404,48.6483],[-1.6719,48.6532],[-1.735,48.6628],[-1.8466,48.68],[-1.8363,48.6911],[-1.8437,48.7121],[-1.9484,48.6956],[-2.022,48.7069],[-2.0588,48.7125],[-2.0588,48.667],[-2.022,48.667],[-2.022,48.6495],[-2.0287,48.6433],[-2.0275,48.6415],[-2.022,48.6333],[-2.022,48.6159],[-2.0323,48.6159],[-2.0175,48.5907],[-1.9988,48.5907],[-1.9988,48.5654],[-1.9982,48.5648],[-1.9652,48.5648],[-1.9491,48.5392],[-1.9485,48.5383],[-1.9251,48.5448],[-1.9102,48.5036],[-1.918,48.473],[-1.944,48.4467],[-1.9517,48.4228],[-1.9327,48.3639],[-1.9615,48.3421],[-1.9615,48.3003],[-1.9824,48.2803],[-2.066,48.2952],[-2.1172,48.2608],[-2.1602,48.2607],[-2.186,48.2226],[-2.2108,48.2096],[-2.2319,48.1641],[-2.2873,48.1337],[-2.2352,48.0786],[-2.1882,48.0797],[-2.1913,48.0525],[-2.2576,48.0389],[-2.2711,48.0054],[-2.2554,47.9974],[-2.1677,47.9847],[-2.1243,47.9636],[-2.106,47.945],[-2.1002,47.9119],[-2.1095,47.8488],[-2.0612,47.8463],[-2.0524,47.8218],[-2.068,47.7962],[-2.1223,47.7743],[-2.1103,47.7588],[-2.0716,47.7572],[-2.0767,47.7333],[-2.1159,47.7317],[-2.1263,47.7142],[-2.1062,47.669],[-2.1028,47.6393],[-2.0885,47.6326],[-2.0858,47.608],[-2.11,47.5423],[-2.1544,47.5131],[-2.1868,47.4814],[-2.2109,47.5076],[-2.2534,47.4953],[-2.3023,47.5016],[-2.3345,47.464],[-2.4041,47.4556],[-2.4331,47.4658],[-2.4611,47.4526],[-2.4649,47.4535],[-2.4649,47.4322],[-2.5014,47.4322],[-2.5014,47.4247],[-2.5379,47.4247],[-2.5379,47.4473],[-2.684,47.4473],[-2.684,47.411],[-2.7238,47.411],[-2.7238,47.4045]],[[12.3856,43.9245],[12.3957,43.9484],[12.411,43.9597],[12.4166,43.9637],[12.4214,43.9672],[12.4272,43.9694],[12.4533,43.9791],[12.4822,43.9826],[12.4892,43.9731],[12.4907,43.965],[12.4924,43.9564],[12.4915,43.9491],[12.4903,43.9392],[12.4831,43.9292],[12.4822,43.9279],[12.4796,43.9258],[12.478,43.9232],[12.4775,43.9201],[12.4783,43.917],[12.4644,43.9001],[12.4605,43.8953],[12.4413,43.8933],[12.4294,43.8921],[12.4211,43.8952],[12.3996,43.9032],[12.39,43.9179],[12.3856,43.9245]]],[[[-2.6735,49.4335],[-2.6693,49.4309],[-2.5731,49.4309],[-2.5521,49.4267],[-2.549,49.4283],[-2.5472,49.4279],[-2.5472,49.428],[-2.5468,49.4279],[-2.5456,49.4301],[-2.5341,49.4362],[-2.5267,49.4585],[-2.5245,49.4688],[-2.5127,49.4903],[-2.5058,49.498],[-2.5017,49.5067],[-2.5182,49.5155],[-2.5382,49.5098],[-2.5496,49.5042],[-2.5736,49.4954],[-2.5802,49.4936],[-2.5825,49.4922],[-2.648,49.4682],[-2.6479,49.4679],[-2.648,49.4678],[-2.6464,49.464],[-2.6503,49.4637],[-2.6566,49.4594],[-2.6518,49.4452],[-2.663,49.4438],[-2.6735,49.4335]]],[[[-2.242,49.248],[-2.2332,49.2285],[-2.2296,49.2165],[-2.2376,49.1766],[-2.2375,49.1766],[-2.2376,49.1762],[-2.2372,49.1763],[-2.2372,49.1762],[-2.1826,49.1841],[-2.1772,49.1802],[-2.1687,49.1783],[-2.1626,49.1866],[-2.1013,49.1866],[-2.097,49.1837],[-2.08,49.1787],[-2.0734,49.1786],[-2.054,49.1693],[-2.0537,49.1694],[-2.0536,49.1693],[-2.0354,49.1744],[-2.0245,49.1713],[-2.0237,49.1777],[-2.0104,49.1814],[-2.0105,49.1818],[-2.0104,49.1818],[-2.014,49.2072],[-2.0083,49.2125],[-2.0158,49.2196],[-2.0176,49.2321],[-2.021,49.2333],[-2.0207,49.2353],[-2.0679,49.2507],[-2.0827,49.2602],[-2.1039,49.2582],[-2.1059,49.2568],[-2.1218,49.2582],[-2.122,49.2583],[-2.1438,49.2619],[-2.1517,49.267],[-2.1618,49.2618],[-2.2192,49.2669],[-2.2196,49.2669],[-2.2209,49.2605],[-2.2294,49.263],[-2.2411,49.2602],[-2.242,49.248]]],[[[4.8789,53.2209],[4.9102,53.2125],[4.9575,53.2456],[4.9716,53.2538],[5.1105,53.3079],[5.1098,53.3079],[5.1103,53.3081],[5.11,53.3081],[5.1105,53.3083],[5.1006,53.3085],[5.1048,53.3096],[5.0545,53.3138],[5.0428,53.3097],[5.0277,53.31],[5.0273,53.31],[4.9972,53.2937],[4.9865,53.29],[4.9212,53.2537],[4.917,53.2504],[4.9084,53.2458],[4.9087,53.2455],[4.9084,53.2454],[4.9095,53.2446],[4.8789,53.2209]]],[[[5.1789,53.3854],[5.1799,53.3531],[5.2083,53.3527],[5.3469,53.3892],[5.427,53.4064],[5.4817,53.4127],[5.4797,53.4172],[5.5821,53.4381],[5.5815,53.4382],[5.5819,53.4383],[5.5815,53.4384],[5.5821,53.4385],[5.5701,53.441],[5.5853,53.4536],[5.437,53.4365],[5.4284,53.4326],[5.4161,53.4315],[5.1893,53.3916],[5.1898,53.3914],[5.1895,53.3914],[5.1898,53.3913],[5.1893,53.3912],[5.1958,53.3891],[5.1789,53.3854]]],[[[6.6437,53.5787],[6.6441,53.5787],[6.6739,53.5799],[6.6771,53.5756],[6.7346,53.5752],[6.7293,53.582],[6.7341,53.5822],[6.7576,53.5971],[6.7981,53.6044],[6.7879,53.6163],[6.8025,53.6256],[6.802,53.6256],[6.8023,53.6258],[6.8022,53.6258],[6.8025,53.626],[6.7553,53.626],[6.6689,53.6051],[6.6641,53.6001],[6.6595,53.5991],[6.6611,53.597],[6.6437,53.5791],[6.6441,53.5791],[6.6437,53.5787]]],[[[8.5445,42.2568],[8.5771,42.1613],[8.5691,42.155],[8.5863,42.1335],[8.5867,42.1335],[8.6384,41.9822],[8.6317,41.9754],[8.5863,41.969],[8.6144,41.9441],[8.6143,41.9008],[8.6633,41.9094],[8.7118,41.7675],[8.7092,41.7636],[8.6551,41.7499],[8.703,41.7425],[8.6956,41.7294],[8.7235,41.7335],[8.7749,41.5832],[8.7949,41.5742],[8.7918,41.5612],[8.8533,41.5439],[8.8396,41.5308],[8.8737,41.5234],[8.9357,41.4892],[8.9785,41.4852],[9.0017,41.477],[9.1113,41.4221],[9.0964,41.4035],[9.1691,41.3862],[9.1939,41.3691],[9.2232,41.3725],[9.2272,41.3806],[9.2285,41.38],[9.2286,41.3802],[9.2289,41.38],[9.2431,41.4132],[9.2503,41.4278],[9.2492,41.4272],[9.2661,41.4666],[9.2708,41.4687],[9.2791,41.4916],[9.2774,41.493],[9.3016,41.5494],[9.3411,41.5693],[9.3451,41.6045],[9.3229,41.5991],[9.3325,41.6214],[9.3467,41.6196],[9.3452,41.6403],[9.3731,41.6452],[9.3675,41.6719],[9.3729,41.6784],[9.3738,41.6805],[9.4016,41.7064],[9.403,41.7797],[9.4025,41.7848],[9.4195,41.8243],[9.4365,41.8639],[9.4704,41.943],[9.5384,42.1013],[9.5527,42.113],[9.5596,42.1466],[9.5589,42.149],[9.5601,42.1519],[9.56,42.1522],[9.5601,42.1523],[9.5554,42.176],[9.5539,42.1969],[9.5596,42.2946],[9.5432,42.342],[9.5387,42.4028],[9.5459,42.4351],[9.535,42.4536],[9.5331,42.4788],[9.5322,42.5444],[9.5186,42.581],[9.4896,42.6126],[9.4978,42.5953],[9.4737,42.6162],[9.464,42.6396],[9.4577,42.6712],[9.478,42.7886],[9.4828,42.8023],[9.4844,42.8324],[9.4655,42.9235],[9.4701,42.9423],[9.4603,42.9553],[9.4629,42.9804],[9.4629,42.9808],[9.4611,42.9824],[9.464,42.9901],[9.4224,43.0174],[9.4219,43.0173],[9.4161,43.0225],[9.4157,43.0225],[9.3617,43.0173],[9.3561,43.0047],[9.3418,42.9907],[9.3441,42.9829],[8.7461,42.6279],[8.6861,42.5177],[8.6675,42.5097],[8.6597,42.4771],[8.6635,42.4761],[8.6358,42.4252],[8.6307,42.421],[8.6187,42.4196],[8.6075,42.4018],[8.5877,42.3854],[8.5877,42.3853],[8.5705,42.3818],[8.5521,42.3867],[8.5596,42.3464],[8.583,42.349],[8.5913,42.345],[8.5922,42.345],[8.5445,42.2572],[8.5446,42.257],[8.5445,42.2568]]],[[[10.1068,42.7574],[10.1306,42.7456],[10.1321,42.7426],[10.1373,42.7422],[10.1472,42.7373],[10.2297,42.7354],[10.2348,42.7426],[10.2607,42.7476],[10.2654,42.7446],[10.2918,42.7535],[10.3335,42.7616],[10.3349,42.761],[10.3695,42.7416],[10.3814,42.7226],[10.4036,42.7224],[10.4201,42.7131],[10.4201,42.7134],[10.4205,42.7131],[10.4204,42.7135],[10.4205,42.7135],[10.4189,42.7222],[10.4307,42.7221],[10.4251,42.7408],[10.414,42.7477],[10.4098,42.7704],[10.4119,42.773],[10.4203,42.7764],[10.4367,42.8044],[10.4434,42.8454],[10.422,42.8708],[10.3999,42.8688],[10.3934,42.8561],[10.3589,42.8228],[10.3265,42.8252],[10.3268,42.8262],[10.3066,42.8266],[10.2873,42.828],[10.2869,42.828],[10.2838,42.8271],[10.2721,42.8273],[10.271,42.8231],[10.2473,42.8159],[10.1804,42.813],[10.1582,42.8173],[10.1406,42.8112],[10.1285,42.8107],[10.1252,42.806],[10.1117,42.8013],[10.1068,42.7574]]]]}},
{"type":"Feature","properties":{"entityId":"frankish-kingdom","from":788,"to":791,"certainty":"estimated","source":"유럽 쪽은 Natural Earth 1:10m admin-1(v5.1.2) 현대 행정구역 조각을 그 시기 국경에 맞춰 묶고, 조각이 역사 경계와 다른 곳은 선을 그어 나눈 근사. 유럽 밖(시베리아·중앙아시아·극동)은 대략적인 추정. 운영자 검수 필요"},"geometry":{"type":"MultiPolygon","coordinates":[[[[-2.7238,47.4045],[-2.684,47.3772],[-2.6458,47.351],[-2.365,47.1585],[-2.3168,47.1254],[-2.2491,47.079],[-2.2382,47.0715],[-2.2268,47.0637],[-2.2098,47.0464],[-2.2079,47.0445],[-2.1814,47.0175],[-2.1532,46.9889],[-2.1137,46.9487],[-2.098,46.9328],[-2.1022,46.9307],[-2.0963,46.9165],[-2.122,46.9037],[-2.1313,46.8718],[-2.1188,46.82],[-2.0503,46.7921],[-2.0022,46.7575],[-1.9921,46.7485],[-1.965,46.7104],[-1.9398,46.7019],[-1.9208,46.685],[-1.8213,46.558],[-1.8048,46.5036],[-1.7817,46.4954],[-1.7854,46.514],[-1.7742,46.5093],[-1.7684,46.5002],[-1.6868,46.4609],[-1.6459,46.4558],[-1.6321,46.4501],[-1.6256,46.4311],[-1.5988,46.425],[-1.598,46.425],[-1.5344,46.3603],[-1.5025,46.3279],[-1.4706,46.2956],[-1.4421,46.2666],[-1.4136,46.2377],[-1.4905,46.2244],[-1.508,46.2456],[-1.4739,46.2381],[-1.4679,46.2499],[-1.4981,46.2619],[-1.5558,46.2518],[-1.5043,46.2077],[-1.4329,46.2108],[-1.3506,46.1737],[-1.3432,46.1662],[-1.2496,46.0712],[-1.1936,46.0143],[-1.2021,45.9262],[-1.2198,45.9431],[-1.2194,45.9439],[-1.2336,45.9917],[-1.2738,45.9976],[-1.3399,46.0378],[-1.3829,46.048],[-1.3876,46.0501],[-1.3876,46.0499],[-1.388,46.0501],[-1.388,46.0492],[-1.4049,46.0532],[-1.3833,46.0155],[-1.375,45.9858],[-1.3783,45.976],[-1.3402,45.9387],[-1.2778,45.8942],[-1.2457,45.8546],[-1.2269,45.8198],[-1.2127,45.8153],[-1.2147,45.7949],[-1.2303,45.7924],[-1.2473,45.7099],[-1.2228,45.71],[-1.23,45.6345],[-1.2337,45.5966],[-1.2373,45.5588],[-1.2518,45.4074],[-1.2808,45.1045],[-1.3388,44.4988],[-1.3458,44.4252],[-1.3529,44.3516],[-1.367,44.2044],[-1.3844,44.0225],[-1.4818,43.9099],[-1.6848,43.6753],[-1.7231,43.6311],[-1.7997,43.5425],[-1.7614,43.5425],[-1.7614,43.4982],[-1.762,43.4982],[-1.762,43.4067],[-1.8006,43.4067],[-1.8006,43.3894],[-1.7941,43.386],[-1.7969,43.3411],[-1.7682,43.3309],[-1.7497,43.2948],[-1.6739,43.3042],[-1.645,43.2924],[-1.639,43.2557],[-1.5876,43.2516],[-1.559,43.2841],[-1.5081,43.2768],[-1.4664,43.2608],[-1.4322,43.265],[-1.4035,43.2433],[-1.3997,43.2067],[-1.4258,43.1353],[-1.4878,43.0818],[-1.4753,43.0601],[-1.435,43.0357],[-1.3831,43.0292],[-1.3576,43.0468],[-1.3483,43.0931],[-1.3086,43.1136],[-1.3106,43.0695],[-1.2749,43.0468],[-1.2169,43.0393],[-1.1499,43.0057],[-1.1124,43.0083],[-1.0797,42.9934],[-1.0285,42.9867],[-0.9815,42.957],[-0.9432,42.9479],[-0.8635,42.9431],[-0.7864,42.9533],[-0.7597,42.9465],[-0.745,42.9187],[-0.7459,42.8939],[-0.7301,42.8775],[-0.7004,42.8764],[-0.6483,42.8498],[-0.6095,42.8114],[-0.5829,42.7958],[-0.5787,42.7773],[-0.5356,42.7842],[-0.5339,42.808],[-0.5084,42.8075],[-0.4545,42.7889],[-0.4239,42.7907],[-0.3228,42.8425],[-0.3051,42.8308],[-0.247,42.8048],[-0.2351,42.7862],[-0.2084,42.7839],[-0.1614,42.7953],[-0.1636,42.778],[-0.119,42.7169],[-0.0389,42.6851],[-0.0043,42.6875],[0.0728,42.7085],[0.1342,42.7152],[0.1692,42.7265],[0.2384,42.7104],[0.2754,42.6687],[0.2902,42.6703],[0.336,42.7127],[0.3542,42.7175],[0.3893,42.6851],[0.4669,42.6904],[0.4835,42.6853],[0.6082,42.688],[0.6436,42.6845],[0.6634,42.6962],[0.6756,42.6887],[0.7084,42.6342],[0.7655,42.6099],[0.7615,42.5693],[0.7306,42.5197],[0.7303,42.5007],[0.7014,42.4843],[0.7151,42.4431],[0.7329,42.4269],[0.7464,42.3905],[0.7511,42.348],[0.7417,42.264],[0.7194,42.2268],[0.7035,42.1679],[0.7031,42.1203],[0.6843,42.09],[0.6425,41.9923],[0.5762,41.9513],[0.5672,41.9327],[0.5896,41.9186],[0.5976,41.8744],[0.5422,41.8267],[0.4966,41.8088],[0.4542,41.7625],[0.406,41.753],[0.3285,41.6774],[0.3481,41.6152],[0.3652,41.5983],[0.424,41.5929],[0.4412,41.5461],[0.4004,41.4965],[0.3485,41.4721],[0.3383,41.4059],[0.3273,41.3701],[0.3517,41.3625],[0.3773,41.3214],[0.3524,41.2792],[0.3604,41.2328],[0.3858,41.2789],[0.4332,41.2761],[0.4381,41.3248],[0.4728,41.3283],[0.5098,41.2885],[0.5314,41.2928],[0.5619,41.3239],[0.6208,41.2987],[0.7364,41.3184],[0.7585,41.3313],[0.805,41.3313],[0.8335,41.3585],[0.879,41.342],[0.9577,41.3545],[0.9895,41.3983],[1.0237,41.4063],[1.062,41.4516],[1.073,41.4827],[1.1172,41.4725],[1.1574,41.4802],[1.1702,41.4954],[1.178,41.5445],[1.2078,41.5723],[1.3718,41.5654],[1.3927,41.575],[1.4071,41.5905],[1.37,41.6029],[1.3894,41.6285],[1.4385,41.6435],[1.4068,41.7042],[1.4095,41.7825],[1.4208,41.7972],[1.4558,41.7988],[1.4822,41.7768],[1.5194,41.78],[1.5602,41.7678],[1.6302,41.8291],[1.6332,41.8487],[1.6156,41.8957],[1.6432,41.9292],[1.6534,41.9681],[1.6941,41.9701],[1.7144,41.996],[1.6938,42.0056],[1.6691,41.9976],[1.6609,42.0184],[1.6924,42.0516],[1.6894,42.0793],[1.7157,42.1048],[1.7068,42.1308],[1.7372,42.1683],[1.7321,42.1894],[1.6906,42.2124],[1.6863,42.2621],[1.7156,42.2881],[1.8425,42.3063],[1.9139,42.3184],[1.9731,42.295],[2.0407,42.2935],[2.0431,42.2648],[2.0252,42.2234],[2.0542,42.1853],[2.0655,42.1372],[2.098,42.1373],[2.1293,42.1196],[2.2042,42.128],[2.2313,42.1422],[2.2802,42.1435],[2.3078,42.113],[2.3659,42.1213],[2.4195,42.0732],[2.4591,42.0734],[2.4943,42.0468],[2.5026,42.0259],[2.4894,41.9909],[2.4399,41.9494],[2.463,41.9209],[2.4428,41.8876],[2.3829,41.8715],[2.3375,41.8891],[2.3153,41.8648],[2.3179,41.8462],[2.3627,41.7987],[2.4366,41.8029],[2.5474,41.7192],[2.637,41.7332],[2.6678,41.7472],[2.7015,41.7489],[2.7479,41.7357],[2.774,41.7004],[2.7596,41.6828],[2.7785,41.6456],[2.792,41.669],[2.8511,41.6972],[2.933,41.7125],[2.9509,41.7343],[3.0403,41.7869],[3.0691,41.7991],[3.0735,41.8119],[3.1272,41.8469],[3.1502,41.8454],[3.1949,41.8883],[3.2099,41.9115],[3.2492,41.944],[3.2492,41.9444],[3.2384,42.0833],[3.224,42.1111],[3.1736,42.1354],[3.1521,42.163],[3.1658,42.2526],[3.2101,42.2397],[3.263,42.2399],[3.287,42.2629],[3.2993,42.2869],[3.3068,42.2895],[3.3067,42.2899],[3.3068,42.2899],[3.3044,42.297],[3.3177,42.323],[3.2933,42.3303],[3.2888,42.3437],[3.2384,42.368],[3.2253,42.4006],[3.2132,42.4305],[3.2108,42.4358],[3.1988,42.4617],[3.1911,42.471],[3.0908,42.5919],[3.087,42.6117],[3.0604,42.7524],[3.0502,42.806],[3.0535,42.8228],[3.0602,42.858],[3.0669,42.8931],[3.0789,42.9558],[3.1628,43.0811],[3.1703,43.0896],[3.1721,43.09],[3.1851,43.0929],[3.2652,43.1108],[3.3053,43.1198],[3.3453,43.1287],[3.4254,43.1466],[3.8117,43.233],[3.9569,43.2654],[4.0052,43.2762],[4.102,43.2978],[4.1503,43.3086],[4.1987,43.3194],[4.2471,43.3303],[4.2955,43.3411],[4.3922,43.3627],[4.5558,43.3993],[4.5808,43.3958],[4.5663,43.3711],[4.5923,43.3599],[4.6659,43.3475],[4.8203,43.3464],[4.8224,43.3626],[4.846,43.3594],[4.8558,43.3418],[4.8792,43.3548],[5.0519,43.3311],[5.0648,43.328],[5.0748,43.328],[5.3541,43.2897],[5.3573,43.2803],[5.3692,43.2704],[5.347,43.2159],[5.4398,43.2076],[5.5174,43.2074],[5.542,43.2028],[5.5727,43.1691],[5.6124,43.1604],[5.6329,43.1856],[5.6717,43.1783],[5.6752,43.1763],[5.6963,43.1469],[5.741,43.1321],[5.7515,43.1317],[5.8085,43.0984],[5.8089,43.0984],[5.817,43.0985],[5.7819,43.0791],[5.819,43.0535],[5.8566,43.0448],[5.8753,43.0688],[5.9403,43.0709],[5.9514,43.08],[5.9106,43.0932],[5.9038,43.0992],[5.9985,43.0999],[6.0165,43.0989],[6.027,43.0782],[6.0846,43.0824],[6.1145,43.0724],[6.1147,43.0725],[6.1149,43.0724],[6.1175,43.0733],[6.1321,43.0526],[6.0977,43.0313],[6.1801,43.0359],[6.1528,43.0481],[6.162,43.0887],[6.245,43.1174],[6.2804,43.1187],[6.3423,43.0908],[6.3754,43.0908],[6.3661,43.1186],[6.3785,43.1361],[6.4038,43.1455],[6.5285,43.1285],[6.5289,43.1285],[6.6061,43.1766],[6.6099,43.1734],[6.6798,43.2016],[6.6745,43.2192],[6.7673,43.2771],[6.9335,43.3806],[6.9373,43.383],[7.0118,43.4294],[7.049,43.4526],[7.0863,43.4758],[7.1073,43.4889],[7.2,43.5466],[7.2773,43.5948],[7.3624,43.6479],[7.4029,43.6731],[7.4049,43.6744],[7.4361,43.6938],[7.4474,43.6958],[7.4899,43.7033],[7.5324,43.7107],[7.6174,43.7257],[7.8501,43.7666],[7.9575,43.8525],[7.9597,43.8529],[8.0314,43.8875],[8.0677,43.8967],[8.0892,43.9199],[8.1302,43.9403],[8.168,43.9565],[8.1527,43.9832],[8.1691,44.0067],[8.2163,44.0452],[8.2217,44.0639],[8.2219,44.0641],[8.3543,44.17],[8.3694,44.1735],[8.4082,44.1935],[8.4106,44.215],[8.4297,44.2303],[8.5276,44.2591],[8.6446,44.2934],[8.6739,44.3021],[8.7032,44.3107],[8.7617,44.3279],[8.8787,44.3622],[8.8903,44.3656],[9.3468,44.1805],[9.4347,44.1448],[9.4639,44.133],[9.5809,44.0855],[9.7037,44.0357],[9.8149,44.0099],[9.9319,43.9828],[9.9904,43.9693],[10.0196,43.9625],[10.0489,43.9557],[10.0993,43.944],[10.1245,43.9382],[10.1496,43.9324],[10.2005,43.9206],[10.2229,43.849],[10.2529,43.7532],[10.283,43.6573],[10.2934,43.5791],[10.3172,43.4926],[10.3263,43.4769],[10.3411,43.4717],[10.4889,42.9998],[10.4776,42.9901],[10.4995,42.9405],[10.5108,42.9315],[10.5788,42.8738],[10.6042,42.8523],[10.6295,42.8308],[10.6802,42.7878],[10.8496,42.6441],[11.0958,42.4353],[11.0869,42.4295],[11.0945,42.4027],[11.1559,42.3663],[11.1772,42.3663],[11.1905,42.355],[11.2936,42.2817],[11.3061,42.2728],[11.3518,42.2728],[11.3518,42.2787],[11.3809,42.2787],[11.3809,42.3052],[11.41,42.3052],[11.41,42.3441],[11.4392,42.3441],[11.4392,42.3786],[11.4515,42.3744],[11.4719,42.4186],[11.4981,42.434],[11.5902,42.442],[11.6018,42.4474],[11.6079,42.4873],[11.5659,42.5161],[11.5855,42.5359],[11.5882,42.5661],[11.6206,42.5601],[11.6712,42.577],[11.6938,42.5983],[11.7352,42.6162],[11.7494,42.6384],[11.7869,42.6512],[11.7868,42.7003],[11.8079,42.7383],[11.7739,42.7806],[11.7472,42.7985],[11.7647,42.8187],[11.808,42.8134],[11.8327,42.8326],[11.889,42.8504],[11.9331,42.7911],[11.9704,42.765],[11.9303,42.7091],[11.9596,42.6846],[12.0337,42.646],[12.0934,42.6606],[12.1287,42.6573],[12.1566,42.6754],[12.2406,42.6391],[12.2455,42.5855],[12.2715,42.5661],[12.2802,42.5104],[12.3007,42.4899],[12.3428,42.4919],[12.3936,42.4625],[12.4174,42.4285],[12.4515,42.421],[12.4311,42.3931],[12.4651,42.3869],[12.504,42.3906],[12.5284,42.3695],[12.5926,42.401],[12.6117,42.4338],[12.6121,42.4631],[12.6657,42.4435],[12.7222,42.454],[12.7161,42.4896],[12.7552,42.5003],[12.78,42.5271],[12.8801,42.5647],[12.8792,42.5903],[12.902,42.6096],[12.988,42.608],[13.0176,42.6316],[13.0593,42.6238],[13.1188,42.646],[13.1539,42.6451],[13.1891,42.694],[13.1945,42.7346],[13.2423,42.7356],[13.2679,42.7446],[13.3117,42.7193],[13.3376,42.6877],[13.3518,42.6566],[13.3863,42.6444],[13.3759,42.6038],[13.3689,42.586],[13.338,42.5746],[13.286,42.5722],[13.1861,42.5869],[13.1743,42.5574],[13.1353,42.5383],[13.1635,42.5123],[13.1647,42.4801],[13.1318,42.4548],[13.1324,42.4264],[13.1784,42.3999],[13.1594,42.3672],[13.1633,42.3386],[13.211,42.3135],[13.223,42.2782],[13.2671,42.2336],[13.3,42.2216],[13.317,42.1969],[13.3618,42.1898],[13.3173,42.1727],[13.2905,42.1317],[13.2608,42.1386],[13.2339,42.1291],[13.1731,42.153],[13.0988,42.1737],[13.0733,42.1413],[13.0296,42.1156],[13.0137,42.1085],[13.017,42.0546],[13.0284,42.0319],[13.0823,42.0189],[13.0971,42.0237],[13.2801,41.9468],[13.2979,41.947],[13.3532,41.9192],[13.3702,41.9031],[13.3554,41.8715],[13.3571,41.8308],[13.4052,41.8316],[13.5014,41.796],[13.5293,41.7708],[13.5788,41.7699],[13.6466,41.8105],[13.7148,41.7948],[13.7443,41.7546],[13.7939,41.7535],[13.8918,41.7237],[13.9457,41.6882],[13.9946,41.6869],[14.0352,41.7036],[14.063,41.7288],[14.0988,41.7251],[14.186,41.7705],[14.1432,41.8147],[14.1606,41.8418],[14.1916,41.8396],[14.2294,41.8774],[14.2829,41.9062],[14.3336,41.8691],[14.3724,41.8736],[14.4329,41.837],[14.4323,41.8139],[14.4576,41.7658],[14.4904,41.7761],[14.5146,41.7861],[14.5766,41.8556],[14.6484,41.9249],[14.6503,41.9504],[14.6735,41.9594],[14.7443,42.013],[14.7634,42.0779],[14.7675,42.0766],[14.7675,42.1157],[14.8105,42.1157],[14.8105,42.1342],[14.8362,42.1342],[14.8362,42.1701],[14.848,42.1701],[14.6493,42.314],[14.3854,42.5052],[14.3782,42.5104],[14.3311,42.5445],[14.2841,42.5785],[14.19,42.6467],[14.1024,42.7101],[14.0313,42.7616],[13.9603,42.878],[13.9346,42.92],[13.909,42.962],[13.8577,43.046],[13.8535,43.0674],[13.8348,43.1273],[13.8102,43.1648],[13.8045,43.1804],[13.7831,43.2208],[13.7803,43.2365],[13.7457,43.2911],[13.6929,43.3905],[13.6909,43.3933],[13.647,43.4753],[13.617,43.5313],[13.6156,43.5605],[13.5692,43.5803],[13.5432,43.6132],[13.5044,43.6328],[13.4863,43.6206],[13.4293,43.6402],[13.2153,43.7551],[13.1815,43.7732],[13.0798,43.8278],[12.9443,43.9005],[12.9289,43.9158],[12.9032,43.9234],[12.8992,43.9247],[12.7714,43.9933],[12.7385,44.011],[12.7055,44.0287],[12.6396,44.064],[12.5877,44.0919],[12.5078,44.2162],[12.4895,44.2447],[12.4665,44.2804],[12.4436,44.316],[12.3978,44.3873],[12.3861,44.4054],[12.2828,44.5661],[12.2858,44.6027],[12.2713,44.627],[12.3506,44.8112],[12.3757,44.7922],[12.3934,44.7935],[12.3452,44.8238],[12.3435,44.8401],[12.2904,44.8716],[12.2845,44.9087],[12.2948,44.9274],[12.272,44.9364],[12.2233,44.9261],[12.1699,44.9372],[12.1351,44.9368],[12.1157,44.959],[12.0872,44.9705],[11.9907,44.9839],[11.9305,44.9785],[11.8696,44.9854],[11.7973,44.9776],[11.7564,44.9612],[11.7357,44.9385],[11.6775,44.9224],[11.6403,44.8983],[11.6063,44.8988],[11.5534,44.9292],[11.4885,44.9435],[11.4319,44.9377],[11.4215,44.9499],[11.419,44.9669],[11.3889,44.9736],[11.3051,45.013],[11.2727,45.0338],[11.2728,45.0596],[11.1957,45.0634],[11.1929,45.0939],[11.2103,45.1043],[11.3325,45.0895],[11.3584,45.0635],[11.3859,45.053],[11.4258,45.0663],[11.4452,45.0927],[11.4111,45.1216],[11.4186,45.1318],[11.4966,45.1114],[11.5395,45.1284],[11.6025,45.1258],[11.6631,45.1079],[11.7187,45.1103],[11.7538,45.0987],[11.8009,45.1284],[11.84,45.1389],[11.9619,45.1432],[11.9755,45.1843],[11.9875,45.1906],[12.0973,45.2057],[12.1525,45.1942],[12.1608,45.2189],[12.2019,45.2474],[12.1994,45.2746],[12.198,45.2922],[12.1491,45.2922],[12.0834,45.3267],[12.0368,45.3151],[12.0167,45.343],[12.0334,45.3602],[11.9823,45.384],[11.9759,45.3977],[12.0239,45.4326],[12.0271,45.4561],[11.9915,45.4542],[11.9815,45.4707],[12.0045,45.5141],[12.0254,45.5311],[12.0396,45.5715],[12.0708,45.5763],[12.0924,45.5984],[12.1112,45.6014],[12.1886,45.5843],[12.2311,45.5367],[12.2721,45.5405],[12.2856,45.566],[12.3526,45.5839],[12.3959,45.5718],[12.4354,45.586],[12.4336,45.6318],[12.4718,45.6413],[12.4987,45.6766],[12.5225,45.6857],[12.6044,45.6859],[12.663,45.7019],[12.6719,45.7321],[12.6632,45.7689],[12.6728,45.8021],[12.699,45.8036],[12.7314,45.8272],[12.765,45.8363],[12.792,45.8562],[12.8267,45.8244],[12.8632,45.8465],[12.8946,45.8258],[12.9518,45.8207],[12.9729,45.8426],[12.9993,45.8255],[13.0019,45.782],[13.0258,45.7595],[13.0745,45.6742],[13.0956,45.6523],[13.103,45.669],[13.1497,45.7038],[13.1188,45.696],[13.1205,45.6972],[13.1488,45.7354],[13.2505,45.7168],[13.2958,45.7085],[13.341,45.7003],[13.3862,45.692],[13.4011,45.6893],[13.3767,45.6832],[13.4017,45.6754],[13.428,45.6811],[13.432,45.6836],[13.5261,45.6664],[13.6201,45.6492],[13.772,45.6214],[13.7599,45.6135],[13.757,45.6137],[13.7302,45.6131],[13.7118,45.5932],[13.7196,45.5872],[13.6474,45.5418],[13.6109,45.538],[13.5896,45.5358],[13.5686,45.5393],[13.5728,45.53],[13.5786,45.5234],[13.5857,45.5197],[13.5773,45.5171],[13.5479,45.5005],[13.5071,45.5119],[13.5046,45.4839],[13.5208,45.4573],[13.5134,45.4362],[13.5549,45.3611],[13.5413,45.3461],[13.5618,45.3264],[13.5703,45.3253],[13.5766,45.3069],[13.5755,45.3065],[13.5774,45.3046],[13.5915,45.264],[13.5882,45.2596],[13.5942,45.2208],[13.5823,45.1966],[13.5994,45.1713],[13.6006,45.1373],[13.6197,45.1387],[13.6238,45.1232],[13.6126,45.1179],[13.6369,45.0936],[13.6232,45.0731],[13.6813,45.0464],[13.7328,44.9949],[13.7493,44.9825],[13.8073,44.9079],[13.8049,44.8854],[13.8237,44.8868],[13.8339,44.8736],[13.8338,44.8734],[13.7993,44.8646],[13.8491,44.8472],[13.8491,44.8266],[13.897,44.8131],[13.9032,44.7724],[13.918,44.7783],[13.8911,44.8314],[13.9013,44.8292],[13.9017,44.8292],[13.9039,44.8294],[13.9363,44.8199],[13.9517,44.8024],[13.9519,44.8026],[13.9521,44.8024],[13.9597,44.813],[13.9639,44.8118],[14,44.8131],[13.9727,44.8266],[13.9727,44.8314],[14.0288,44.9105],[14.0421,44.9265],[14.0828,44.9839],[14.0689,44.9495],[14.1133,44.9775],[14.1399,44.9713],[14.1637,44.9958],[14.1662,45.0189],[14.1551,45.0678],[14.1745,45.0896],[14.1931,45.1056],[14.1916,45.1088],[14.2077,45.1268],[14.2092,45.1264],[14.2347,45.1546],[14.2026,45.1716],[14.1946,45.275],[14.2105,45.3278],[14.1995,45.3756],[14.2036,45.4039],[14.1389,45.4343],[14.1173,45.473],[14.1455,45.4762],[14.2187,45.4972],[14.2804,45.4811],[14.3268,45.4749],[14.3728,45.4778],[14.4112,45.4932],[14.4689,45.5256],[14.4821,45.5424],[14.4915,45.5792],[14.4986,45.5962],[14.5436,45.6364],[14.5561,45.6567],[14.5691,45.6643],[14.5809,45.6678],[14.5919,45.6634],[14.5941,45.648],[14.5939,45.6162],[14.6031,45.6036],[14.616,45.5941],[14.6503,45.5748],[14.6637,45.5702],[14.6717,45.5568],[14.6685,45.534],[14.6883,45.522],[14.7815,45.4931],[14.7972,45.4652],[14.8388,45.459],[14.8816,45.4698],[14.9008,45.4931],[14.9044,45.5144],[14.9226,45.5149],[14.9454,45.5045],[14.9626,45.4931],[14.9773,45.4917],[15.0074,45.4808],[15.0562,45.4799],[15.0661,45.4739],[15.1393,45.43],[15.1842,45.4256],[15.2258,45.4365],[15.2816,45.451],[15.314,45.4505],[15.3339,45.4585],[15.3614,45.482],[15.311,45.5059],[15.2967,45.523],[15.2822,45.5715],[15.2696,45.5934],[15.2686,45.6017],[15.2879,45.6103],[15.2974,45.6257],[15.3267,45.6323],[15.3531,45.6403],[15.3738,45.6402],[15.3683,45.649],[15.35,45.6696],[15.3308,45.6846],[15.315,45.6809],[15.3049,45.6721],[15.2919,45.6756],[15.2778,45.685],[15.2678,45.6985],[15.2582,45.7051],[15.2509,45.7077],[15.2499,45.7137],[15.2635,45.7304],[15.3038,45.7461],[15.331,45.7525],[15.4298,45.7757],[15.4411,45.7822],[15.4356,45.8021],[15.4513,45.8151],[15.4854,45.8102],[15.5235,45.8268],[15.5497,45.8237],[15.5873,45.8192],[15.6261,45.8202],[15.6661,45.8317],[15.6761,45.8417],[15.6755,45.856],[15.6594,45.8888],[15.6756,45.9252],[15.6754,45.9725],[15.6742,45.9932],[15.682,46.0135],[15.698,46.0362],[15.6929,46.0416],[15.6839,46.0511],[15.6717,46.0574],[15.6437,46.0655],[15.6315,46.0706],[15.6236,46.0764],[15.6235,46.0764],[15.6038,46.091],[15.5899,46.1135],[15.59,46.1387],[15.6043,46.167],[15.6229,46.1917],[15.6266,46.1952],[15.6398,46.2077],[15.6613,46.2153],[15.678,46.2145],[15.7498,46.2108],[15.7689,46.2194],[15.7891,46.2431],[15.7995,46.2486],[15.8031,46.2505],[15.8183,46.2555],[15.8342,46.2584],[15.8793,46.2593],[15.8809,46.2593],[15.8837,46.2594],[15.9189,46.2728],[15.9487,46.2842],[15.9937,46.2906],[16.0192,46.2988],[16.0389,46.3084],[16.0499,46.3167],[16.0524,46.3186],[16.0596,46.3323],[16.0597,46.3453],[16.0574,46.3597],[16.058,46.3775],[16.0887,46.3731],[16.106,46.3737],[16.1316,46.3931],[16.1536,46.3914],[16.1775,46.3756],[16.1918,46.3698],[16.2171,46.3674],[16.2528,46.3734],[16.2756,46.3732],[16.2799,46.3787],[16.2741,46.3921],[16.257,46.3999],[16.2482,46.4133],[16.2494,46.4375],[16.2375,46.4651],[16.2342,46.4849],[16.2349,46.4933],[16.2609,46.5136],[16.2639,46.5159],[16.2954,46.5244],[16.3015,46.5271],[16.3107,46.531],[16.33,46.5355],[16.3403,46.5438],[16.3441,46.547],[16.3517,46.5395],[16.3579,46.547],[16.3695,46.5406],[16.4063,46.5395],[16.4152,46.5356],[16.432,46.5232],[16.4404,46.519],[16.4708,46.5203],[16.4911,46.5151],[16.5153,46.5017],[16.5008,46.5448],[16.4671,46.5647],[16.4302,46.6044],[16.3946,46.619],[16.3764,46.6291],[16.3722,46.6363],[16.3684,46.643],[16.3776,46.6529],[16.3967,46.6591],[16.4026,46.6631],[16.4105,46.6684],[16.405,46.6873],[16.39,46.6942],[16.3714,46.6949],[16.3662,46.6965],[16.3654,46.6967],[16.3576,46.699],[16.3573,46.7158],[16.3434,46.7142],[16.3142,46.7433],[16.2982,46.7758],[16.2995,46.7795],[16.3022,46.787],[16.3111,46.7975],[16.3149,46.802],[16.3218,46.8133],[16.3275,46.8255],[16.3298,46.8344],[16.3253,46.8394],[16.3107,46.84],[16.3019,46.8432],[16.2974,46.847],[16.2822,46.8599],[16.272,46.864],[16.1795,46.8585],[16.1354,46.8558],[16.1302,46.8567],[16.094,46.8628],[16.0529,46.8461],[16.032,46.8376],[16.0284,46.8369],[16.0037,46.8707],[16.0115,46.9133],[16.0545,46.9442],[16.1363,47.0249],[16.1347,47.0402],[16.0895,47.0829],[16.0844,47.1069],[16.095,47.1651],[16.0675,47.2376],[16.0584,47.2911],[16.02,47.3724],[16.0475,47.4106],[16.0717,47.3949],[16.1479,47.443],[16.1135,47.4634],[16.0804,47.5165],[16.0472,47.5062],[15.9983,47.5238],[15.9167,47.5332],[15.8923,47.572],[15.8661,47.5854],[15.8279,47.5889],[15.8287,47.6321],[15.7969,47.6454],[15.7432,47.6367],[15.7261,47.6902],[15.7143,47.7019],[15.6718,47.7042],[15.6386,47.7174],[15.6062,47.7435],[15.5387,47.7474],[15.5001,47.7663],[15.4175,47.7935],[15.3754,47.8196],[15.3391,47.8254],[15.2779,47.8152],[15.2297,47.8193],[15.1871,47.7804],[15.0561,47.7508],[15.0147,47.7524],[14.9296,47.7269],[14.8834,47.7247],[14.8382,47.7505],[14.7341,47.7502],[14.6993,47.7689],[14.7162,47.7935],[14.7189,47.8289],[14.7507,47.9019],[14.6905,47.9372],[14.6066,47.9612],[14.4454,48.043],[14.4272,48.0574],[14.4454,48.0685],[14.4799,48.1179],[14.4694,48.1558],[14.4849,48.2184],[14.52,48.2448],[14.5823,48.2402],[14.6376,48.1971],[14.6755,48.1825],[14.8187,48.2056],[14.862,48.237],[14.9296,48.244],[14.968,48.2252],[14.9754,48.3336],[14.9638,48.3831],[14.94,48.4018],[14.9344,48.434],[14.9098,48.44],[14.8823,48.4712],[14.8871,48.5005],[14.9136,48.4999],[14.9064,48.5271],[14.8393,48.542],[14.7745,48.5625],[14.7116,48.572],[14.6911,48.5865],[14.6592,48.577],[14.6347,48.6023],[14.6019,48.6045],[14.5788,48.6205],[14.522,48.6106],[14.4821,48.6245],[14.4582,48.6432],[14.4436,48.6365],[14.4054,48.5863],[14.3157,48.5579],[14.2165,48.5812],[14.0748,48.5917],[14.0408,48.6012],[14.0062,48.6395],[14.0329,48.6549],[13.9823,48.7065],[13.915,48.731],[13.8559,48.7593],[13.8157,48.7664],[13.7962,48.7798],[13.7247,48.8673],[13.6544,48.8822],[13.6218,48.9091],[13.6087,48.9462],[13.5905,48.9448],[13.5224,48.9693],[13.5021,48.9661],[13.4823,48.9376],[13.4273,48.96],[13.3842,48.993],[13.3724,49.0385],[13.2995,49.0936],[13.2673,49.1056],[13.2068,49.1075],[13.1785,49.1183],[13.1495,49.1548],[13.0558,49.2382],[13.0113,49.2678],[12.9998,49.2949],[12.9229,49.3327],[12.8847,49.3396],[12.8754,49.3239],[12.7978,49.3278],[12.7621,49.3432],[12.7293,49.3911],[12.6435,49.4295],[12.6272,49.4602],[12.623,49.5098],[12.5937,49.515],[12.5623,49.5508],[12.5536,49.5847],[12.502,49.6197],[12.4964,49.67],[12.4196,49.7002],[12.3836,49.7429],[12.3954,49.7579],[12.4527,49.7797],[12.4625,49.8312],[12.4825,49.8272],[12.5129,49.8702],[12.5241,49.905],[12.4627,49.9313],[12.4682,49.9702],[12.3,50.0271],[12.2469,50.045],[12.2325,50.0805],[12.1879,50.1028],[12.1792,50.118],[12.1827,50.1707],[12.1393,50.211],[12.0796,50.2427],[12.1091,50.2638],[12.1073,50.2909],[12.0761,50.3152],[12.1013,50.314],[12.0937,50.3226],[12.0399,50.3288],[11.986,50.3516],[11.9812,50.3853],[11.9405,50.4145],[11.9053,50.4152],[11.8997,50.4293],[11.9311,50.4403],[11.9475,50.4622],[11.9258,50.4884],[11.9447,50.5159],[11.9894,50.5461],[12.0485,50.5316],[12.0812,50.5613],[12.1454,50.5625],[12.1587,50.6037],[12.1869,50.6264],[12.2529,50.6263],[12.29,50.6434],[12.3218,50.674],[12.2855,50.677],[12.2628,50.7222],[12.2412,50.7222],[12.2492,50.7426],[12.2855,50.7693],[12.258,50.7925],[12.3308,50.8064],[12.3642,50.8233],[12.4244,50.8243],[12.4628,50.8566],[12.5275,50.8766],[12.6017,50.8764],[12.6109,50.8701],[12.6472,50.8999],[12.6022,50.9525],[12.5457,50.9713],[12.4914,51.0285],[12.4837,51.0583],[12.3289,51.0878],[12.2646,51.0838],[12.2464,51.0326],[12.2754,51.0098],[12.2171,50.9542],[12.2008,50.9279],[12.1595,50.952],[12.1204,50.9445],[12.0679,50.9561],[12.0046,50.949],[11.9609,50.971],[11.9314,50.9981],[11.8607,51.0226],[11.7326,51.0175],[11.6974,51.0642],[11.6891,51.0919],[11.6631,51.1012],[11.6275,51.0956],[11.5352,51.1003],[11.5047,51.0892],[11.4274,51.0988],[11.4264,51.1077],[11.4203,51.1597],[11.3886,51.1899],[11.333,51.2163],[11.3524,51.2301],[11.4224,51.2437],[11.4519,51.2715],[11.3672,51.3575],[11.3149,51.3833],[11.1962,51.3974],[11.1538,51.3969],[10.9991,51.4087],[10.9645,51.4278],[10.9718,51.4627],[10.9454,51.4995],[10.965,51.4721],[11.3,51.52],[11.6,51.45],[11.9,51.42],[12.1,51.47],[12.22,51.6],[12.2662,51.7155],[12,51.68],[11.8,51.68],[11.65,51.72],[11.75,51.9],[11.8596,51.973],[11.74,52.02],[11.66,52.13],[11.7,52.23],[11.77,52.31],[11.9,52.45],[11.98,52.55],[12,52.67],[12.04,52.79],[12.04,52.86],[11.9795,52.8859],[11.9655,52.8852],[11.8967,52.9017],[11.8319,52.9282],[11.8444,52.946],[11.8158,52.9593],[11.8073,52.9603],[11.798,52.9676],[11.75,52.99],[11.7435,52.992],[11.6942,52.984],[11.6814,53.0106],[11.6696,53.0141],[11.6223,53.0224],[11.623,53.0281],[11.5802,53.041],[11.5619,53.01],[11.5813,53.0429],[11.4907,53.0607],[11.4609,53.0794],[11.4169,53.0809],[11.3656,53.064],[11.3276,53.0724],[11.2741,53.1175],[11.2558,53.1362],[11.2397,53.142],[11.2247,53.153],[11.2014,53.1405],[11.1943,53.1409],[11.1645,53.1709],[11.1434,53.1727],[11.1093,53.1558],[11.0894,53.1442],[11.0681,53.1555],[11.0401,53.1664],[10.9302,53.2285],[10.8393,53.2601],[10.8073,53.2756],[10.7868,53.2934],[10.7751,53.3002],[10.7558,53.3029],[10.7394,53.3085],[10.7346,53.3217],[10.7316,53.352],[10.7097,53.3683],[10.6755,53.3737],[10.6012,53.3718],[10.5695,53.3639],[10.5284,53.3724],[10.3864,53.4239],[10.328,53.4327],[10.2661,53.4271],[10.2416,53.4066],[10.1865,53.4044],[10.1536,53.4136],[10.1314,53.4306],[10.0831,53.4509],[10.0387,53.4431],[10.0304,53.4292],[9.9854,53.4151],[9.95,53.422],[9.9093,53.4181],[9.9055,53.4412],[9.8908,53.449],[9.8572,53.4329],[9.85,53.4375],[9.8106,53.4624],[9.7684,53.5082],[9.764,53.5477],[9.7818,53.5453],[9.7818,53.5697],[9.7441,53.5724],[9.7441,53.5503],[9.7063,53.5553],[9.7063,53.5775],[9.6685,53.5828],[9.6685,53.5681],[9.6372,53.581],[9.6307,53.5827],[9.5929,53.5928],[9.5671,53.5996],[9.5551,53.6101],[9.5173,53.6433],[9.5173,53.691],[9.4894,53.691],[9.4894,53.7278],[9.4615,53.7387],[9.4569,53.7405],[9.4115,53.7405],[9.4115,53.7815],[9.409,53.7891],[9.3661,53.7891],[9.3661,53.827],[9.3283,53.827],[9.3283,53.8551],[9.2956,53.8719],[9.2905,53.8732],[9.2527,53.8827],[9.2527,53.8651],[9.1393,53.8651],[9.1393,53.8919],[9.1015,53.8924],[9.1015,53.8632],[9.0637,53.8578],[9.0637,53.8772],[9.0259,53.8772],[9.0259,53.8725],[8.9881,53.8725],[8.9881,53.8873],[8.9125,53.8873],[8.9125,53.8902],[8.8369,53.8902],[8.8369,53.8919],[8.7991,53.8919],[8.7991,53.9493],[8.7613,53.9493],[8.7613,53.9565],[8.7235,53.9565],[8.7235,53.9648],[8.7032,53.95],[8.6857,53.9372],[8.6101,53.8822],[8.6071,53.8815],[8.5733,53.8577],[8.5715,53.8542],[8.5,53.8021],[8.4434,53.7609],[8.3152,53.6676],[8.1614,53.5557],[8.1498,53.5602],[8.1244,53.5836],[8.1276,53.5908],[8.1074,53.5992],[8.0253,53.6747],[8.0314,53.7081],[7.9599,53.7204],[7.9365,53.748],[7.9361,53.748],[7.4711,53.7178],[7.2267,53.702],[7.1009,53.6938],[6.9823,53.5647],[6.954,53.5339],[6.9256,53.503],[6.9212,53.4982],[6.9065,53.4822],[6.8601,53.4838],[6.7379,53.4881],[6.4935,53.4965],[6.463,53.4976],[6.4324,53.4987],[6.4018,53.4997],[6.3713,53.5008],[6.3408,53.5018],[6.3245,53.5024],[6.3189,53.5072],[6.3345,53.511],[6.3337,53.5111],[6.3343,53.5112],[6.3338,53.5112],[6.3345,53.5114],[6.3118,53.5132],[6.3108,53.5141],[6.305,53.5138],[6.2913,53.5149],[6.2909,53.5149],[6.2752,53.5122],[6.2118,53.5089],[6.2017,53.5067],[6.1269,53.5092],[6.0753,53.511],[6.0749,53.511],[6.0046,53.4895],[5.9333,53.4678],[5.9138,53.4739],[5.8856,53.4732],[5.8773,53.4749],[5.8769,53.4749],[5.7077,53.4732],[5.6537,53.4663],[5.6541,53.4659],[5.6537,53.4659],[5.6545,53.4652],[5.6419,53.4634],[5.6361,53.4487],[5.679,53.4301],[5.7363,53.4435],[5.7854,53.4474],[5.8556,53.4474],[5.876,53.4502],[5.5158,53.3402],[5.2714,53.2655],[5.1492,53.2282],[5.0881,53.2095],[5.0576,53.2002],[5.027,53.1908],[4.9883,53.179],[4.9495,53.1672],[4.8974,53.1512],[4.8872,53.1644],[4.8872,53.1833],[4.8868,53.1831],[4.8868,53.1833],[4.8858,53.1827],[4.8858,53.1867],[4.8543,53.1877],[4.8057,53.133],[4.7597,53.1091],[4.7167,53.096],[4.7068,53.093],[4.4064,52.5894],[4.3168,52.4391],[4.2944,52.4015],[4.2719,52.3639],[4.2271,52.2887],[4.0493,51.9907],[4.0225,51.9944],[4.01,51.9801],[4.0257,51.951],[3.9638,51.8472],[3.9627,51.8474],[3.8623,51.8161],[3.8716,51.7883],[3.9339,51.7971],[3.9173,51.7693],[3.9016,51.743],[3.8101,51.7473],[3.7928,51.7457],[3.7892,51.7459],[3.7888,51.7459],[3.7825,51.7448],[3.7258,51.7397],[3.7054,51.7314],[3.6988,51.7303],[3.6988,51.7288],[3.6895,51.725],[3.6867,51.6927],[3.7206,51.6768],[3.7654,51.6784],[3.7758,51.6858],[3.8159,51.693],[3.8244,51.69],[3.8596,51.6726],[3.8284,51.6204],[3.8118,51.6115],[3.5604,51.5946],[3.5469,51.5894],[3.5008,51.5775],[3.4838,51.5652],[3.4575,51.5551],[3.447,51.546],[3.4619,51.519],[3.4948,51.5009],[3.5321,51.4626],[3.4881,51.4392],[3.4608,51.4246],[3.4179,51.4017],[3.3878,51.3857],[3.3828,51.3847],[3.3496,51.3778],[3.3477,51.3774],[3.3126,51.3702],[3.2775,51.3629],[3.2236,51.3518],[3.2073,51.3464],[3.1248,51.3297],[2.9983,51.2774],[2.9608,51.265],[2.9162,51.2478],[2.6523,51.1824],[2.5658,51.1609],[2.5226,51.1502],[2.5144,51.1482],[2.4793,51.1401],[2.1333,51.0605],[2.0901,51.0505],[2.0468,51.0405],[1.9603,51.0206],[1.6396,50.9468],[1.6143,50.8782],[1.5806,50.8688],[1.5946,50.8248],[1.512,50.6011],[1.4707,50.4893],[1.4501,50.4334],[1.4398,50.4055],[1.4294,50.3775],[1.3696,50.2153],[1.3489,50.1593],[1.3372,50.1276],[1.2877,50.111],[1.268,50.1044],[1.1871,50.0772],[1.0252,50.0229],[0.0541,49.6971],[-0.1077,49.6428],[-0.1887,49.6156],[-0.2696,49.5885],[-0.31,49.5749],[-0.3505,49.5613],[-0.4314,49.5342],[-0.5933,49.4799],[-0.887,49.3813],[-0.9169,49.3864],[-0.9404,49.3923],[-0.9543,49.3928],[-0.9592,49.3936],[-0.9596,49.3936],[-0.9698,49.3933],[-1.0723,49.3968],[-1.084,49.3909],[-1.158,49.4245],[-1.1847,49.4366],[-1.1932,49.4457],[-1.212,49.4688],[-1.2328,49.4943],[-1.263,49.5914],[-1.2533,49.6123],[-1.2278,49.6241],[-1.2322,49.6414],[-1.258,49.6792],[-1.258,49.68],[-1.2587,49.6802],[-1.2711,49.6984],[-1.3913,49.7127],[-1.4557,49.7022],[-1.4752,49.6884],[-1.5894,49.6679],[-1.7044,49.6818],[-1.7249,49.682],[-1.7251,49.682],[-1.9348,49.7772],[-1.9347,49.777],[-1.9352,49.7772],[-1.9351,49.7767],[-1.9352,49.7768],[-1.9208,49.7253],[-1.9352,49.7241],[-1.9456,49.678],[-1.9051,49.6693],[-1.8704,49.5452],[-1.8847,49.5309],[-1.8602,49.5086],[-1.7352,49.0619],[-1.6727,48.8386],[-1.6415,48.727],[-1.6266,48.6738],[-1.6185,48.645],[-1.6404,48.6483],[-1.6719,48.6532],[-1.735,48.6628],[-1.8466,48.68],[-1.8363,48.6911],[-1.8437,48.7121],[-1.9484,48.6956],[-2.022,48.7069],[-2.0588,48.7125],[-2.0588,48.667],[-2.022,48.667],[-2.022,48.6495],[-2.0287,48.6433],[-2.0275,48.6415],[-2.022,48.6333],[-2.022,48.6159],[-2.0323,48.6159],[-2.0175,48.5907],[-1.9988,48.5907],[-1.9988,48.5654],[-1.9982,48.5648],[-1.9652,48.5648],[-1.9491,48.5392],[-1.9485,48.5383],[-1.9251,48.5448],[-1.9102,48.5036],[-1.918,48.473],[-1.944,48.4467],[-1.9517,48.4228],[-1.9327,48.3639],[-1.9615,48.3421],[-1.9615,48.3003],[-1.9824,48.2803],[-2.066,48.2952],[-2.1172,48.2608],[-2.1602,48.2607],[-2.186,48.2226],[-2.2108,48.2096],[-2.2319,48.1641],[-2.2873,48.1337],[-2.2352,48.0786],[-2.1882,48.0797],[-2.1913,48.0525],[-2.2576,48.0389],[-2.2711,48.0054],[-2.2554,47.9974],[-2.1677,47.9847],[-2.1243,47.9636],[-2.106,47.945],[-2.1002,47.9119],[-2.1095,47.8488],[-2.0612,47.8463],[-2.0524,47.8218],[-2.068,47.7962],[-2.1223,47.7743],[-2.1103,47.7588],[-2.0716,47.7572],[-2.0767,47.7333],[-2.1159,47.7317],[-2.1263,47.7142],[-2.1062,47.669],[-2.1028,47.6393],[-2.0885,47.6326],[-2.0858,47.608],[-2.11,47.5423],[-2.1544,47.5131],[-2.1868,47.4814],[-2.2109,47.5076],[-2.2534,47.4953],[-2.3023,47.5016],[-2.3345,47.464],[-2.4041,47.4556],[-2.4331,47.4658],[-2.4611,47.4526],[-2.4649,47.4535],[-2.4649,47.4322],[-2.5014,47.4322],[-2.5014,47.4247],[-2.5379,47.4247],[-2.5379,47.4473],[-2.684,47.4473],[-2.684,47.411],[-2.7238,47.411],[-2.7238,47.4045]],[[12.3856,43.9245],[12.3957,43.9484],[12.411,43.9597],[12.4166,43.9637],[12.4214,43.9672],[12.4272,43.9694],[12.4533,43.9791],[12.4822,43.9826],[12.4892,43.9731],[12.4907,43.965],[12.4924,43.9564],[12.4915,43.9491],[12.4903,43.9392],[12.4831,43.9292],[12.4822,43.9279],[12.4796,43.9258],[12.478,43.9232],[12.4775,43.9201],[12.4783,43.917],[12.4644,43.9001],[12.4605,43.8953],[12.4413,43.8933],[12.4294,43.8921],[12.4211,43.8952],[12.3996,43.9032],[12.39,43.9179],[12.3856,43.9245]]],[[[-2.6735,49.4335],[-2.6693,49.4309],[-2.5731,49.4309],[-2.5521,49.4267],[-2.549,49.4283],[-2.5472,49.4279],[-2.5472,49.428],[-2.5468,49.4279],[-2.5456,49.4301],[-2.5341,49.4362],[-2.5267,49.4585],[-2.5245,49.4688],[-2.5127,49.4903],[-2.5058,49.498],[-2.5017,49.5067],[-2.5182,49.5155],[-2.5382,49.5098],[-2.5496,49.5042],[-2.5736,49.4954],[-2.5802,49.4936],[-2.5825,49.4922],[-2.648,49.4682],[-2.6479,49.4679],[-2.648,49.4678],[-2.6464,49.464],[-2.6503,49.4637],[-2.6566,49.4594],[-2.6518,49.4452],[-2.663,49.4438],[-2.6735,49.4335]]],[[[-2.242,49.248],[-2.2332,49.2285],[-2.2296,49.2165],[-2.2376,49.1766],[-2.2375,49.1766],[-2.2376,49.1762],[-2.2372,49.1763],[-2.2372,49.1762],[-2.1826,49.1841],[-2.1772,49.1802],[-2.1687,49.1783],[-2.1626,49.1866],[-2.1013,49.1866],[-2.097,49.1837],[-2.08,49.1787],[-2.0734,49.1786],[-2.054,49.1693],[-2.0537,49.1694],[-2.0536,49.1693],[-2.0354,49.1744],[-2.0245,49.1713],[-2.0237,49.1777],[-2.0104,49.1814],[-2.0105,49.1818],[-2.0104,49.1818],[-2.014,49.2072],[-2.0083,49.2125],[-2.0158,49.2196],[-2.0176,49.2321],[-2.021,49.2333],[-2.0207,49.2353],[-2.0679,49.2507],[-2.0827,49.2602],[-2.1039,49.2582],[-2.1059,49.2568],[-2.1218,49.2582],[-2.122,49.2583],[-2.1438,49.2619],[-2.1517,49.267],[-2.1618,49.2618],[-2.2192,49.2669],[-2.2196,49.2669],[-2.2209,49.2605],[-2.2294,49.263],[-2.2411,49.2602],[-2.242,49.248]]],[[[4.8789,53.2209],[4.9102,53.2125],[4.9575,53.2456],[4.9716,53.2538],[5.1105,53.3079],[5.1098,53.3079],[5.1103,53.3081],[5.11,53.3081],[5.1105,53.3083],[5.1006,53.3085],[5.1048,53.3096],[5.0545,53.3138],[5.0428,53.3097],[5.0277,53.31],[5.0273,53.31],[4.9972,53.2937],[4.9865,53.29],[4.9212,53.2537],[4.917,53.2504],[4.9084,53.2458],[4.9087,53.2455],[4.9084,53.2454],[4.9095,53.2446],[4.8789,53.2209]]],[[[5.1789,53.3854],[5.1799,53.3531],[5.2083,53.3527],[5.3469,53.3892],[5.427,53.4064],[5.4817,53.4127],[5.4797,53.4172],[5.5821,53.4381],[5.5815,53.4382],[5.5819,53.4383],[5.5815,53.4384],[5.5821,53.4385],[5.5701,53.441],[5.5853,53.4536],[5.437,53.4365],[5.4284,53.4326],[5.4161,53.4315],[5.1893,53.3916],[5.1898,53.3914],[5.1895,53.3914],[5.1898,53.3913],[5.1893,53.3912],[5.1958,53.3891],[5.1789,53.3854]]],[[[6.6437,53.5787],[6.6441,53.5787],[6.6739,53.5799],[6.6771,53.5756],[6.7346,53.5752],[6.7293,53.582],[6.7341,53.5822],[6.7576,53.5971],[6.7981,53.6044],[6.7879,53.6163],[6.8025,53.6256],[6.802,53.6256],[6.8023,53.6258],[6.8022,53.6258],[6.8025,53.626],[6.7553,53.626],[6.6689,53.6051],[6.6641,53.6001],[6.6595,53.5991],[6.6611,53.597],[6.6437,53.5791],[6.6441,53.5791],[6.6437,53.5787]]],[[[8.5445,42.2568],[8.5771,42.1613],[8.5691,42.155],[8.5863,42.1335],[8.5867,42.1335],[8.6384,41.9822],[8.6317,41.9754],[8.5863,41.969],[8.6144,41.9441],[8.6143,41.9008],[8.6633,41.9094],[8.7118,41.7675],[8.7092,41.7636],[8.6551,41.7499],[8.703,41.7425],[8.6956,41.7294],[8.7235,41.7335],[8.7749,41.5832],[8.7949,41.5742],[8.7918,41.5612],[8.8533,41.5439],[8.8396,41.5308],[8.8737,41.5234],[8.9357,41.4892],[8.9785,41.4852],[9.0017,41.477],[9.1113,41.4221],[9.0964,41.4035],[9.1691,41.3862],[9.1939,41.3691],[9.2232,41.3725],[9.2272,41.3806],[9.2285,41.38],[9.2286,41.3802],[9.2289,41.38],[9.2431,41.4132],[9.2503,41.4278],[9.2492,41.4272],[9.2661,41.4666],[9.2708,41.4687],[9.2791,41.4916],[9.2774,41.493],[9.3016,41.5494],[9.3411,41.5693],[9.3451,41.6045],[9.3229,41.5991],[9.3325,41.6214],[9.3467,41.6196],[9.3452,41.6403],[9.3731,41.6452],[9.3675,41.6719],[9.3729,41.6784],[9.3738,41.6805],[9.4016,41.7064],[9.403,41.7797],[9.4025,41.7848],[9.4195,41.8243],[9.4365,41.8639],[9.4704,41.943],[9.5384,42.1013],[9.5527,42.113],[9.5596,42.1466],[9.5589,42.149],[9.5601,42.1519],[9.56,42.1522],[9.5601,42.1523],[9.5554,42.176],[9.5539,42.1969],[9.5596,42.2946],[9.5432,42.342],[9.5387,42.4028],[9.5459,42.4351],[9.535,42.4536],[9.5331,42.4788],[9.5322,42.5444],[9.5186,42.581],[9.4896,42.6126],[9.4978,42.5953],[9.4737,42.6162],[9.464,42.6396],[9.4577,42.6712],[9.478,42.7886],[9.4828,42.8023],[9.4844,42.8324],[9.4655,42.9235],[9.4701,42.9423],[9.4603,42.9553],[9.4629,42.9804],[9.4629,42.9808],[9.4611,42.9824],[9.464,42.9901],[9.4224,43.0174],[9.4219,43.0173],[9.4161,43.0225],[9.4157,43.0225],[9.3617,43.0173],[9.3561,43.0047],[9.3418,42.9907],[9.3441,42.9829],[8.7461,42.6279],[8.6861,42.5177],[8.6675,42.5097],[8.6597,42.4771],[8.6635,42.4761],[8.6358,42.4252],[8.6307,42.421],[8.6187,42.4196],[8.6075,42.4018],[8.5877,42.3854],[8.5877,42.3853],[8.5705,42.3818],[8.5521,42.3867],[8.5596,42.3464],[8.583,42.349],[8.5913,42.345],[8.5922,42.345],[8.5445,42.2572],[8.5446,42.257],[8.5445,42.2568]]],[[[10.1068,42.7574],[10.1306,42.7456],[10.1321,42.7426],[10.1373,42.7422],[10.1472,42.7373],[10.2297,42.7354],[10.2348,42.7426],[10.2607,42.7476],[10.2654,42.7446],[10.2918,42.7535],[10.3335,42.7616],[10.3349,42.761],[10.3695,42.7416],[10.3814,42.7226],[10.4036,42.7224],[10.4201,42.7131],[10.4201,42.7134],[10.4205,42.7131],[10.4204,42.7135],[10.4205,42.7135],[10.4189,42.7222],[10.4307,42.7221],[10.4251,42.7408],[10.414,42.7477],[10.4098,42.7704],[10.4119,42.773],[10.4203,42.7764],[10.4367,42.8044],[10.4434,42.8454],[10.422,42.8708],[10.3999,42.8688],[10.3934,42.8561],[10.3589,42.8228],[10.3265,42.8252],[10.3268,42.8262],[10.3066,42.8266],[10.2873,42.828],[10.2869,42.828],[10.2838,42.8271],[10.2721,42.8273],[10.271,42.8231],[10.2473,42.8159],[10.1804,42.813],[10.1582,42.8173],[10.1406,42.8112],[10.1285,42.8107],[10.1252,42.806],[10.1117,42.8013],[10.1068,42.7574]]]]}},
{"type":"Feature","properties":{"entityId":"frankish-kingdom","from":791,"to":796,"certainty":"estimated","source":"유럽 쪽은 Natural Earth 1:10m admin-1(v5.1.2) 현대 행정구역 조각을 그 시기 국경에 맞춰 묶고, 조각이 역사 경계와 다른 곳은 선을 그어 나눈 근사. 유럽 밖(시베리아·중앙아시아·극동)은 대략적인 추정. 운영자 검수 필요"},"geometry":{"type":"MultiPolygon","coordinates":[[[[-2.7238,47.4045],[-2.684,47.3772],[-2.6458,47.351],[-2.365,47.1585],[-2.3168,47.1254],[-2.2491,47.079],[-2.2382,47.0715],[-2.2268,47.0637],[-2.2098,47.0464],[-2.2079,47.0445],[-2.1814,47.0175],[-2.1532,46.9889],[-2.1137,46.9487],[-2.098,46.9328],[-2.1022,46.9307],[-2.0963,46.9165],[-2.122,46.9037],[-2.1313,46.8718],[-2.1188,46.82],[-2.0503,46.7921],[-2.0022,46.7575],[-1.9921,46.7485],[-1.965,46.7104],[-1.9398,46.7019],[-1.9208,46.685],[-1.8213,46.558],[-1.8048,46.5036],[-1.7817,46.4954],[-1.7854,46.514],[-1.7742,46.5093],[-1.7684,46.5002],[-1.6868,46.4609],[-1.6459,46.4558],[-1.6321,46.4501],[-1.6256,46.4311],[-1.5988,46.425],[-1.598,46.425],[-1.5344,46.3603],[-1.5025,46.3279],[-1.4706,46.2956],[-1.4421,46.2666],[-1.4136,46.2377],[-1.4905,46.2244],[-1.508,46.2456],[-1.4739,46.2381],[-1.4679,46.2499],[-1.4981,46.2619],[-1.5558,46.2518],[-1.5043,46.2077],[-1.4329,46.2108],[-1.3506,46.1737],[-1.3432,46.1662],[-1.2496,46.0712],[-1.1936,46.0143],[-1.2021,45.9262],[-1.2198,45.9431],[-1.2194,45.9439],[-1.2336,45.9917],[-1.2738,45.9976],[-1.3399,46.0378],[-1.3829,46.048],[-1.3876,46.0501],[-1.3876,46.0499],[-1.388,46.0501],[-1.388,46.0492],[-1.4049,46.0532],[-1.3833,46.0155],[-1.375,45.9858],[-1.3783,45.976],[-1.3402,45.9387],[-1.2778,45.8942],[-1.2457,45.8546],[-1.2269,45.8198],[-1.2127,45.8153],[-1.2147,45.7949],[-1.2303,45.7924],[-1.2473,45.7099],[-1.2228,45.71],[-1.23,45.6345],[-1.2337,45.5966],[-1.2373,45.5588],[-1.2518,45.4074],[-1.2808,45.1045],[-1.3388,44.4988],[-1.3458,44.4252],[-1.3529,44.3516],[-1.367,44.2044],[-1.3844,44.0225],[-1.4818,43.9099],[-1.6848,43.6753],[-1.7231,43.6311],[-1.7997,43.5425],[-1.7614,43.5425],[-1.7614,43.4982],[-1.762,43.4982],[-1.762,43.4067],[-1.8006,43.4067],[-1.8006,43.3894],[-1.7941,43.386],[-1.7969,43.3411],[-1.7682,43.3309],[-1.7497,43.2948],[-1.6739,43.3042],[-1.645,43.2924],[-1.639,43.2557],[-1.5876,43.2516],[-1.559,43.2841],[-1.5081,43.2768],[-1.4664,43.2608],[-1.4322,43.265],[-1.4035,43.2433],[-1.3997,43.2067],[-1.4258,43.1353],[-1.4878,43.0818],[-1.4753,43.0601],[-1.435,43.0357],[-1.3831,43.0292],[-1.3576,43.0468],[-1.3483,43.0931],[-1.3086,43.1136],[-1.3106,43.0695],[-1.2749,43.0468],[-1.2169,43.0393],[-1.1499,43.0057],[-1.1124,43.0083],[-1.0797,42.9934],[-1.0285,42.9867],[-0.9815,42.957],[-0.9432,42.9479],[-0.8635,42.9431],[-0.7864,42.9533],[-0.7597,42.9465],[-0.745,42.9187],[-0.7459,42.8939],[-0.7301,42.8775],[-0.7004,42.8764],[-0.6483,42.8498],[-0.6095,42.8114],[-0.5829,42.7958],[-0.5787,42.7773],[-0.5356,42.7842],[-0.5339,42.808],[-0.5084,42.8075],[-0.4545,42.7889],[-0.4239,42.7907],[-0.3228,42.8425],[-0.3051,42.8308],[-0.247,42.8048],[-0.2351,42.7862],[-0.2084,42.7839],[-0.1614,42.7953],[-0.1636,42.778],[-0.119,42.7169],[-0.0389,42.6851],[-0.0043,42.6875],[0.0728,42.7085],[0.1342,42.7152],[0.1692,42.7265],[0.2384,42.7104],[0.2754,42.6687],[0.2902,42.6703],[0.336,42.7127],[0.3542,42.7175],[0.3893,42.6851],[0.4669,42.6904],[0.4835,42.6853],[0.6082,42.688],[0.6436,42.6845],[0.6634,42.6962],[0.6756,42.6887],[0.7084,42.6342],[0.7655,42.6099],[0.7615,42.5693],[0.7306,42.5197],[0.7303,42.5007],[0.7014,42.4843],[0.7151,42.4431],[0.7329,42.4269],[0.7464,42.3905],[0.7511,42.348],[0.7417,42.264],[0.7194,42.2268],[0.7035,42.1679],[0.7031,42.1203],[0.6843,42.09],[0.6425,41.9923],[0.5762,41.9513],[0.5672,41.9327],[0.5896,41.9186],[0.5976,41.8744],[0.5422,41.8267],[0.4966,41.8088],[0.4542,41.7625],[0.406,41.753],[0.3285,41.6774],[0.3481,41.6152],[0.3652,41.5983],[0.424,41.5929],[0.4412,41.5461],[0.4004,41.4965],[0.3485,41.4721],[0.3383,41.4059],[0.3273,41.3701],[0.3517,41.3625],[0.3773,41.3214],[0.3524,41.2792],[0.3604,41.2328],[0.3858,41.2789],[0.4332,41.2761],[0.4381,41.3248],[0.4728,41.3283],[0.5098,41.2885],[0.5314,41.2928],[0.5619,41.3239],[0.6208,41.2987],[0.7364,41.3184],[0.7585,41.3313],[0.805,41.3313],[0.8335,41.3585],[0.879,41.342],[0.9577,41.3545],[0.9895,41.3983],[1.0237,41.4063],[1.062,41.4516],[1.073,41.4827],[1.1172,41.4725],[1.1574,41.4802],[1.1702,41.4954],[1.178,41.5445],[1.2078,41.5723],[1.3718,41.5654],[1.3927,41.575],[1.4071,41.5905],[1.37,41.6029],[1.3894,41.6285],[1.4385,41.6435],[1.4068,41.7042],[1.4095,41.7825],[1.4208,41.7972],[1.4558,41.7988],[1.4822,41.7768],[1.5194,41.78],[1.5602,41.7678],[1.6302,41.8291],[1.6332,41.8487],[1.6156,41.8957],[1.6432,41.9292],[1.6534,41.9681],[1.6941,41.9701],[1.7144,41.996],[1.6938,42.0056],[1.6691,41.9976],[1.6609,42.0184],[1.6924,42.0516],[1.6894,42.0793],[1.7157,42.1048],[1.7068,42.1308],[1.7372,42.1683],[1.7321,42.1894],[1.6906,42.2124],[1.6863,42.2621],[1.7156,42.2881],[1.8425,42.3063],[1.9139,42.3184],[1.9731,42.295],[2.0407,42.2935],[2.0431,42.2648],[2.0252,42.2234],[2.0542,42.1853],[2.0655,42.1372],[2.098,42.1373],[2.1293,42.1196],[2.2042,42.128],[2.2313,42.1422],[2.2802,42.1435],[2.3078,42.113],[2.3659,42.1213],[2.4195,42.0732],[2.4591,42.0734],[2.4943,42.0468],[2.5026,42.0259],[2.4894,41.9909],[2.4399,41.9494],[2.463,41.9209],[2.4428,41.8876],[2.3829,41.8715],[2.3375,41.8891],[2.3153,41.8648],[2.3179,41.8462],[2.3627,41.7987],[2.4366,41.8029],[2.5474,41.7192],[2.637,41.7332],[2.6678,41.7472],[2.7015,41.7489],[2.7479,41.7357],[2.774,41.7004],[2.7596,41.6828],[2.7785,41.6456],[2.792,41.669],[2.8511,41.6972],[2.933,41.7125],[2.9509,41.7343],[3.0403,41.7869],[3.0691,41.7991],[3.0735,41.8119],[3.1272,41.8469],[3.1502,41.8454],[3.1949,41.8883],[3.2099,41.9115],[3.2492,41.944],[3.2492,41.9444],[3.2384,42.0833],[3.224,42.1111],[3.1736,42.1354],[3.1521,42.163],[3.1658,42.2526],[3.2101,42.2397],[3.263,42.2399],[3.287,42.2629],[3.2993,42.2869],[3.3068,42.2895],[3.3067,42.2899],[3.3068,42.2899],[3.3044,42.297],[3.3177,42.323],[3.2933,42.3303],[3.2888,42.3437],[3.2384,42.368],[3.2253,42.4006],[3.2132,42.4305],[3.2108,42.4358],[3.1988,42.4617],[3.1911,42.471],[3.0908,42.5919],[3.087,42.6117],[3.0604,42.7524],[3.0502,42.806],[3.0535,42.8228],[3.0602,42.858],[3.0669,42.8931],[3.0789,42.9558],[3.1628,43.0811],[3.1703,43.0896],[3.1721,43.09],[3.1851,43.0929],[3.2652,43.1108],[3.3053,43.1198],[3.3453,43.1287],[3.4254,43.1466],[3.8117,43.233],[3.9569,43.2654],[4.0052,43.2762],[4.102,43.2978],[4.1503,43.3086],[4.1987,43.3194],[4.2471,43.3303],[4.2955,43.3411],[4.3922,43.3627],[4.5558,43.3993],[4.5808,43.3958],[4.5663,43.3711],[4.5923,43.3599],[4.6659,43.3475],[4.8203,43.3464],[4.8224,43.3626],[4.846,43.3594],[4.8558,43.3418],[4.8792,43.3548],[5.0519,43.3311],[5.0648,43.328],[5.0748,43.328],[5.3541,43.2897],[5.3573,43.2803],[5.3692,43.2704],[5.347,43.2159],[5.4398,43.2076],[5.5174,43.2074],[5.542,43.2028],[5.5727,43.1691],[5.6124,43.1604],[5.6329,43.1856],[5.6717,43.1783],[5.6752,43.1763],[5.6963,43.1469],[5.741,43.1321],[5.7515,43.1317],[5.8085,43.0984],[5.8089,43.0984],[5.817,43.0985],[5.7819,43.0791],[5.819,43.0535],[5.8566,43.0448],[5.8753,43.0688],[5.9403,43.0709],[5.9514,43.08],[5.9106,43.0932],[5.9038,43.0992],[5.9985,43.0999],[6.0165,43.0989],[6.027,43.0782],[6.0846,43.0824],[6.1145,43.0724],[6.1147,43.0725],[6.1149,43.0724],[6.1175,43.0733],[6.1321,43.0526],[6.0977,43.0313],[6.1801,43.0359],[6.1528,43.0481],[6.162,43.0887],[6.245,43.1174],[6.2804,43.1187],[6.3423,43.0908],[6.3754,43.0908],[6.3661,43.1186],[6.3785,43.1361],[6.4038,43.1455],[6.5285,43.1285],[6.5289,43.1285],[6.6061,43.1766],[6.6099,43.1734],[6.6798,43.2016],[6.6745,43.2192],[6.7673,43.2771],[6.9335,43.3806],[6.9373,43.383],[7.0118,43.4294],[7.049,43.4526],[7.0863,43.4758],[7.1073,43.4889],[7.2,43.5466],[7.2773,43.5948],[7.3624,43.6479],[7.4029,43.6731],[7.4049,43.6744],[7.4361,43.6938],[7.4474,43.6958],[7.4899,43.7033],[7.5324,43.7107],[7.6174,43.7257],[7.8501,43.7666],[7.9575,43.8525],[7.9597,43.8529],[8.0314,43.8875],[8.0677,43.8967],[8.0892,43.9199],[8.1302,43.9403],[8.168,43.9565],[8.1527,43.9832],[8.1691,44.0067],[8.2163,44.0452],[8.2217,44.0639],[8.2219,44.0641],[8.3543,44.17],[8.3694,44.1735],[8.4082,44.1935],[8.4106,44.215],[8.4297,44.2303],[8.5276,44.2591],[8.6446,44.2934],[8.6739,44.3021],[8.7032,44.3107],[8.7617,44.3279],[8.8787,44.3622],[8.8903,44.3656],[9.3468,44.1805],[9.4347,44.1448],[9.4639,44.133],[9.5809,44.0855],[9.7037,44.0357],[9.8149,44.0099],[9.9319,43.9828],[9.9904,43.9693],[10.0196,43.9625],[10.0489,43.9557],[10.0993,43.944],[10.1245,43.9382],[10.1496,43.9324],[10.2005,43.9206],[10.2229,43.849],[10.2529,43.7532],[10.283,43.6573],[10.2934,43.5791],[10.3172,43.4926],[10.3263,43.4769],[10.3411,43.4717],[10.4889,42.9998],[10.4776,42.9901],[10.4995,42.9405],[10.5108,42.9315],[10.5788,42.8738],[10.6042,42.8523],[10.6295,42.8308],[10.6802,42.7878],[10.8496,42.6441],[11.0958,42.4353],[11.0869,42.4295],[11.0945,42.4027],[11.1559,42.3663],[11.1772,42.3663],[11.1905,42.355],[11.2936,42.2817],[11.3061,42.2728],[11.3518,42.2728],[11.3518,42.2787],[11.3809,42.2787],[11.3809,42.3052],[11.41,42.3052],[11.41,42.3441],[11.4392,42.3441],[11.4392,42.3786],[11.4515,42.3744],[11.4719,42.4186],[11.4981,42.434],[11.5902,42.442],[11.6018,42.4474],[11.6079,42.4873],[11.5659,42.5161],[11.5855,42.5359],[11.5882,42.5661],[11.6206,42.5601],[11.6712,42.577],[11.6938,42.5983],[11.7352,42.6162],[11.7494,42.6384],[11.7869,42.6512],[11.7868,42.7003],[11.8079,42.7383],[11.7739,42.7806],[11.7472,42.7985],[11.7647,42.8187],[11.808,42.8134],[11.8327,42.8326],[11.889,42.8504],[11.9331,42.7911],[11.9704,42.765],[11.9303,42.7091],[11.9596,42.6846],[12.0337,42.646],[12.0934,42.6606],[12.1287,42.6573],[12.1566,42.6754],[12.2406,42.6391],[12.2455,42.5855],[12.2715,42.5661],[12.2802,42.5104],[12.3007,42.4899],[12.3428,42.4919],[12.3936,42.4625],[12.4174,42.4285],[12.4515,42.421],[12.4311,42.3931],[12.4651,42.3869],[12.504,42.3906],[12.5284,42.3695],[12.5926,42.401],[12.6117,42.4338],[12.6121,42.4631],[12.6657,42.4435],[12.7222,42.454],[12.7161,42.4896],[12.7552,42.5003],[12.78,42.5271],[12.8801,42.5647],[12.8792,42.5903],[12.902,42.6096],[12.988,42.608],[13.0176,42.6316],[13.0593,42.6238],[13.1188,42.646],[13.1539,42.6451],[13.1891,42.694],[13.1945,42.7346],[13.2423,42.7356],[13.2679,42.7446],[13.3117,42.7193],[13.3376,42.6877],[13.3518,42.6566],[13.3863,42.6444],[13.3759,42.6038],[13.3689,42.586],[13.338,42.5746],[13.286,42.5722],[13.1861,42.5869],[13.1743,42.5574],[13.1353,42.5383],[13.1635,42.5123],[13.1647,42.4801],[13.1318,42.4548],[13.1324,42.4264],[13.1784,42.3999],[13.1594,42.3672],[13.1633,42.3386],[13.211,42.3135],[13.223,42.2782],[13.2671,42.2336],[13.3,42.2216],[13.317,42.1969],[13.3618,42.1898],[13.3173,42.1727],[13.2905,42.1317],[13.2608,42.1386],[13.2339,42.1291],[13.1731,42.153],[13.0988,42.1737],[13.0733,42.1413],[13.0296,42.1156],[13.0137,42.1085],[13.017,42.0546],[13.0284,42.0319],[13.0823,42.0189],[13.0971,42.0237],[13.2801,41.9468],[13.2979,41.947],[13.3532,41.9192],[13.3702,41.9031],[13.3554,41.8715],[13.3571,41.8308],[13.4052,41.8316],[13.5014,41.796],[13.5293,41.7708],[13.5788,41.7699],[13.6466,41.8105],[13.7148,41.7948],[13.7443,41.7546],[13.7939,41.7535],[13.8918,41.7237],[13.9457,41.6882],[13.9946,41.6869],[14.0352,41.7036],[14.063,41.7288],[14.0988,41.7251],[14.186,41.7705],[14.1432,41.8147],[14.1606,41.8418],[14.1916,41.8396],[14.2294,41.8774],[14.2829,41.9062],[14.3336,41.8691],[14.3724,41.8736],[14.4329,41.837],[14.4323,41.8139],[14.4576,41.7658],[14.4904,41.7761],[14.5146,41.7861],[14.5766,41.8556],[14.6484,41.9249],[14.6503,41.9504],[14.6735,41.9594],[14.7443,42.013],[14.7634,42.0779],[14.7675,42.0766],[14.7675,42.1157],[14.8105,42.1157],[14.8105,42.1342],[14.8362,42.1342],[14.8362,42.1701],[14.848,42.1701],[14.6493,42.314],[14.3854,42.5052],[14.3782,42.5104],[14.3311,42.5445],[14.2841,42.5785],[14.19,42.6467],[14.1024,42.7101],[14.0313,42.7616],[13.9603,42.878],[13.9346,42.92],[13.909,42.962],[13.8577,43.046],[13.8535,43.0674],[13.8348,43.1273],[13.8102,43.1648],[13.8045,43.1804],[13.7831,43.2208],[13.7803,43.2365],[13.7457,43.2911],[13.6929,43.3905],[13.6909,43.3933],[13.647,43.4753],[13.617,43.5313],[13.6156,43.5605],[13.5692,43.5803],[13.5432,43.6132],[13.5044,43.6328],[13.4863,43.6206],[13.4293,43.6402],[13.2153,43.7551],[13.1815,43.7732],[13.0798,43.8278],[12.9443,43.9005],[12.9289,43.9158],[12.9032,43.9234],[12.8992,43.9247],[12.7714,43.9933],[12.7385,44.011],[12.7055,44.0287],[12.6396,44.064],[12.5877,44.0919],[12.5078,44.2162],[12.4895,44.2447],[12.4665,44.2804],[12.4436,44.316],[12.3978,44.3873],[12.3861,44.4054],[12.2828,44.5661],[12.2858,44.6027],[12.2713,44.627],[12.3506,44.8112],[12.3757,44.7922],[12.3934,44.7935],[12.3452,44.8238],[12.3435,44.8401],[12.2904,44.8716],[12.2845,44.9087],[12.2948,44.9274],[12.272,44.9364],[12.2233,44.9261],[12.1699,44.9372],[12.1351,44.9368],[12.1157,44.959],[12.0872,44.9705],[11.9907,44.9839],[11.9305,44.9785],[11.8696,44.9854],[11.7973,44.9776],[11.7564,44.9612],[11.7357,44.9385],[11.6775,44.9224],[11.6403,44.8983],[11.6063,44.8988],[11.5534,44.9292],[11.4885,44.9435],[11.4319,44.9377],[11.4215,44.9499],[11.419,44.9669],[11.3889,44.9736],[11.3051,45.013],[11.2727,45.0338],[11.2728,45.0596],[11.1957,45.0634],[11.1929,45.0939],[11.2103,45.1043],[11.3325,45.0895],[11.3584,45.0635],[11.3859,45.053],[11.4258,45.0663],[11.4452,45.0927],[11.4111,45.1216],[11.4186,45.1318],[11.4966,45.1114],[11.5395,45.1284],[11.6025,45.1258],[11.6631,45.1079],[11.7187,45.1103],[11.7538,45.0987],[11.8009,45.1284],[11.84,45.1389],[11.9619,45.1432],[11.9755,45.1843],[11.9875,45.1906],[12.0973,45.2057],[12.1525,45.1942],[12.1608,45.2189],[12.2019,45.2474],[12.1994,45.2746],[12.198,45.2922],[12.1491,45.2922],[12.0834,45.3267],[12.0368,45.3151],[12.0167,45.343],[12.0334,45.3602],[11.9823,45.384],[11.9759,45.3977],[12.0239,45.4326],[12.0271,45.4561],[11.9915,45.4542],[11.9815,45.4707],[12.0045,45.5141],[12.0254,45.5311],[12.0396,45.5715],[12.0708,45.5763],[12.0924,45.5984],[12.1112,45.6014],[12.1886,45.5843],[12.2311,45.5367],[12.2721,45.5405],[12.2856,45.566],[12.3526,45.5839],[12.3959,45.5718],[12.4354,45.586],[12.4336,45.6318],[12.4718,45.6413],[12.4987,45.6766],[12.5225,45.6857],[12.6044,45.6859],[12.663,45.7019],[12.6719,45.7321],[12.6632,45.7689],[12.6728,45.8021],[12.699,45.8036],[12.7314,45.8272],[12.765,45.8363],[12.792,45.8562],[12.8267,45.8244],[12.8632,45.8465],[12.8946,45.8258],[12.9518,45.8207],[12.9729,45.8426],[12.9993,45.8255],[13.0019,45.782],[13.0258,45.7595],[13.0745,45.6742],[13.0956,45.6523],[13.103,45.669],[13.1497,45.7038],[13.1188,45.696],[13.1205,45.6972],[13.1488,45.7354],[13.2505,45.7168],[13.2958,45.7085],[13.341,45.7003],[13.3862,45.692],[13.4011,45.6893],[13.3767,45.6832],[13.4017,45.6754],[13.428,45.6811],[13.432,45.6836],[13.5261,45.6664],[13.6201,45.6492],[13.772,45.6214],[13.7599,45.6135],[13.757,45.6137],[13.7302,45.6131],[13.7118,45.5932],[13.7196,45.5872],[13.6474,45.5418],[13.6109,45.538],[13.5896,45.5358],[13.5686,45.5393],[13.5728,45.53],[13.5786,45.5234],[13.5857,45.5197],[13.5773,45.5171],[13.5479,45.5005],[13.5071,45.5119],[13.5046,45.4839],[13.5208,45.4573],[13.5134,45.4362],[13.5549,45.3611],[13.5413,45.3461],[13.5618,45.3264],[13.5703,45.3253],[13.5766,45.3069],[13.5755,45.3065],[13.5774,45.3046],[13.5915,45.264],[13.5882,45.2596],[13.5942,45.2208],[13.5823,45.1966],[13.5994,45.1713],[13.6006,45.1373],[13.6197,45.1387],[13.6238,45.1232],[13.6126,45.1179],[13.6369,45.0936],[13.6232,45.0731],[13.6813,45.0464],[13.7328,44.9949],[13.7493,44.9825],[13.8073,44.9079],[13.8049,44.8854],[13.8237,44.8868],[13.8339,44.8736],[13.8338,44.8734],[13.7993,44.8646],[13.8491,44.8472],[13.8491,44.8266],[13.897,44.8131],[13.9032,44.7724],[13.918,44.7783],[13.8911,44.8314],[13.9013,44.8292],[13.9017,44.8292],[13.9039,44.8294],[13.9363,44.8199],[13.9517,44.8024],[13.9519,44.8026],[13.9521,44.8024],[13.9597,44.813],[13.9639,44.8118],[14,44.8131],[13.9727,44.8266],[13.9727,44.8314],[14.0288,44.9105],[14.0421,44.9265],[14.0828,44.9839],[14.0689,44.9495],[14.1133,44.9775],[14.1399,44.9713],[14.1637,44.9958],[14.1662,45.0189],[14.1551,45.0678],[14.1745,45.0896],[14.1931,45.1056],[14.1916,45.1088],[14.2077,45.1268],[14.2092,45.1264],[14.2347,45.1546],[14.2026,45.1716],[14.1946,45.275],[14.2105,45.3278],[14.1995,45.3756],[14.2036,45.4039],[14.1389,45.4343],[14.1173,45.473],[14.1455,45.4762],[14.2187,45.4972],[14.2804,45.4811],[14.3268,45.4749],[14.3728,45.4778],[14.4112,45.4932],[14.4689,45.5256],[14.4821,45.5424],[14.4915,45.5792],[14.4986,45.5962],[14.5436,45.6364],[14.5561,45.6567],[14.5691,45.6643],[14.5809,45.6678],[14.5919,45.6634],[14.5941,45.648],[14.5939,45.6162],[14.6031,45.6036],[14.616,45.5941],[14.6503,45.5748],[14.6637,45.5702],[14.6717,45.5568],[14.6685,45.534],[14.6883,45.522],[14.7815,45.4931],[14.7972,45.4652],[14.8388,45.459],[14.8816,45.4698],[14.9008,45.4931],[14.9044,45.5144],[14.9226,45.5149],[14.9454,45.5045],[14.9626,45.4931],[14.9773,45.4917],[15.0074,45.4808],[15.0562,45.4799],[15.0661,45.4739],[15.1393,45.43],[15.1842,45.4256],[15.2258,45.4365],[15.2816,45.451],[15.314,45.4505],[15.3339,45.4585],[15.3614,45.482],[15.311,45.5059],[15.2967,45.523],[15.2822,45.5715],[15.2696,45.5934],[15.2686,45.6017],[15.2879,45.6103],[15.2974,45.6257],[15.3267,45.6323],[15.3531,45.6403],[15.3738,45.6402],[15.3683,45.649],[15.35,45.6696],[15.3308,45.6846],[15.315,45.6809],[15.3049,45.6721],[15.2919,45.6756],[15.2778,45.685],[15.2678,45.6985],[15.2582,45.7051],[15.2509,45.7077],[15.2499,45.7137],[15.2635,45.7304],[15.3038,45.7461],[15.331,45.7525],[15.4298,45.7757],[15.4411,45.7822],[15.4356,45.8021],[15.4513,45.8151],[15.4854,45.8102],[15.5235,45.8268],[15.5497,45.8237],[15.5873,45.8192],[15.6261,45.8202],[15.6661,45.8317],[15.6761,45.8417],[15.6755,45.856],[15.6594,45.8888],[15.6756,45.9252],[15.6754,45.9725],[15.6742,45.9932],[15.682,46.0135],[15.698,46.0362],[15.6929,46.0416],[15.6839,46.0511],[15.6717,46.0574],[15.6437,46.0655],[15.6315,46.0706],[15.6236,46.0764],[15.6235,46.0764],[15.6038,46.091],[15.5899,46.1135],[15.59,46.1387],[15.6043,46.167],[15.6229,46.1917],[15.6266,46.1952],[15.6398,46.2077],[15.6613,46.2153],[15.678,46.2145],[15.7498,46.2108],[15.7689,46.2194],[15.7891,46.2431],[15.7995,46.2486],[15.8031,46.2505],[15.8183,46.2555],[15.8342,46.2584],[15.8793,46.2593],[15.8809,46.2593],[15.8837,46.2594],[15.9189,46.2728],[15.9487,46.2842],[15.9937,46.2906],[16.0192,46.2988],[16.0389,46.3084],[16.0499,46.3167],[16.0524,46.3186],[16.0596,46.3323],[16.0597,46.3453],[16.0574,46.3597],[16.058,46.3775],[16.0887,46.3731],[16.106,46.3737],[16.1316,46.3931],[16.1536,46.3914],[16.1775,46.3756],[16.1918,46.3698],[16.2171,46.3674],[16.2528,46.3734],[16.2756,46.3732],[16.2799,46.3787],[16.2741,46.3921],[16.257,46.3999],[16.2482,46.4133],[16.2494,46.4375],[16.2375,46.4651],[16.2342,46.4849],[16.2349,46.4933],[16.2609,46.5136],[16.2639,46.5159],[16.2954,46.5244],[16.3015,46.5271],[16.3107,46.531],[16.33,46.5355],[16.3403,46.5438],[16.3441,46.547],[16.3517,46.5395],[16.3579,46.547],[16.3695,46.5406],[16.4063,46.5395],[16.4152,46.5356],[16.432,46.5232],[16.4404,46.519],[16.4708,46.5203],[16.4911,46.5151],[16.5153,46.5017],[16.5008,46.5448],[16.4671,46.5647],[16.4302,46.6044],[16.3946,46.619],[16.3764,46.6291],[16.3722,46.6363],[16.3684,46.643],[16.3776,46.6529],[16.3967,46.6591],[16.4026,46.6631],[16.4105,46.6684],[16.405,46.6873],[16.39,46.6942],[16.3714,46.6949],[16.3662,46.6965],[16.3654,46.6967],[16.3576,46.699],[16.3573,46.7158],[16.3434,46.7142],[16.3142,46.7433],[16.2982,46.7758],[16.2995,46.7795],[16.3022,46.787],[16.3111,46.7975],[16.3149,46.802],[16.3218,46.8133],[16.3275,46.8255],[16.3298,46.8344],[16.3253,46.8394],[16.3107,46.84],[16.3019,46.8432],[16.2974,46.847],[16.2822,46.8599],[16.272,46.864],[16.1795,46.8585],[16.1354,46.8558],[16.1302,46.8567],[16.094,46.8628],[16.0529,46.8461],[16.032,46.8376],[16.0284,46.8369],[16.0037,46.8707],[16.0115,46.9133],[16.0545,46.9442],[16.1363,47.0249],[16.1347,47.0402],[16.0895,47.0829],[16.0844,47.1069],[16.095,47.1651],[16.0675,47.2376],[16.0584,47.2911],[16.02,47.3724],[16.0475,47.4106],[16.0717,47.3949],[16.1479,47.443],[16.2309,47.4455],[16.2722,47.4634],[16.3245,47.5013],[16.3212,47.5717],[16.3758,47.6449],[16.3125,47.7025],[16.2893,47.7325],[16.2897,47.7936],[16.3242,47.7964],[16.358,47.833],[16.36,47.8718],[16.3909,47.9029],[16.4393,47.9281],[16.5031,47.9353],[16.5732,47.9198],[16.6123,47.9332],[16.6803,47.9715],[16.7045,48.0092],[16.7504,48.0295],[16.7738,48.0298],[16.8566,48.0632],[16.9002,48.0721],[16.9623,48.0458],[16.9829,48.0682],[16.983,48.0978],[17.0035,48.1091],[17.0344,48.1],[17.0625,48.1127],[17.0475,48.131],[17.0072,48.1428],[16.9819,48.1613],[16.9506,48.2766],[16.9166,48.2908],[16.8984,48.3162],[16.9019,48.3394],[16.8445,48.3656],[16.8608,48.4438],[16.9139,48.5193],[16.9491,48.5448],[16.945,48.6042],[16.9105,48.6308],[16.8967,48.697],[16.873,48.719],[16.7989,48.7092],[16.729,48.7331],[16.662,48.74],[16.6431,48.7783],[16.5103,48.8048],[16.4357,48.7945],[16.385,48.7371],[16.3583,48.7273],[16.1778,48.7465],[16.0854,48.7429],[16.0323,48.7581],[15.9081,48.8197],[15.886,48.842],[15.8401,48.8501],[15.8185,48.8723],[15.7792,48.8709],[15.7268,48.855],[15.6813,48.8585],[15.6037,48.8874],[15.5442,48.9026],[15.4719,48.9367],[15.3355,48.975],[15.2629,48.9826],[15.2381,48.9508],[15.1419,48.9375],[15.149,48.9653],[15.1374,48.993],[15.0596,48.9972],[14.9821,49.0079],[14.9646,48.9717],[14.9682,48.885],[14.9381,48.8028],[14.9511,48.7803],[14.9193,48.7616],[14.8677,48.7756],[14.8004,48.7765],[14.7754,48.724],[14.7227,48.6934],[14.7038,48.6731],[14.7007,48.6155],[14.6911,48.5865],[14.6592,48.577],[14.6347,48.6023],[14.6019,48.6045],[14.5788,48.6205],[14.522,48.6106],[14.4821,48.6245],[14.4582,48.6432],[14.4436,48.6365],[14.4054,48.5863],[14.3157,48.5579],[14.2165,48.5812],[14.0748,48.5917],[14.0408,48.6012],[14.0062,48.6395],[14.0329,48.6549],[13.9823,48.7065],[13.915,48.731],[13.8559,48.7593],[13.8157,48.7664],[13.7962,48.7798],[13.7247,48.8673],[13.6544,48.8822],[13.6218,48.9091],[13.6087,48.9462],[13.5905,48.9448],[13.5224,48.9693],[13.5021,48.9661],[13.4823,48.9376],[13.4273,48.96],[13.3842,48.993],[13.3724,49.0385],[13.2995,49.0936],[13.2673,49.1056],[13.2068,49.1075],[13.1785,49.1183],[13.1495,49.1548],[13.0558,49.2382],[13.0113,49.2678],[12.9998,49.2949],[12.9229,49.3327],[12.8847,49.3396],[12.8754,49.3239],[12.7978,49.3278],[12.7621,49.3432],[12.7293,49.3911],[12.6435,49.4295],[12.6272,49.4602],[12.623,49.5098],[12.5937,49.515],[12.5623,49.5508],[12.5536,49.5847],[12.502,49.6197],[12.4964,49.67],[12.4196,49.7002],[12.3836,49.7429],[12.3954,49.7579],[12.4527,49.7797],[12.4625,49.8312],[12.4825,49.8272],[12.5129,49.8702],[12.5241,49.905],[12.4627,49.9313],[12.4682,49.9702],[12.3,50.0271],[12.2469,50.045],[12.2325,50.0805],[12.1879,50.1028],[12.1792,50.118],[12.1827,50.1707],[12.1393,50.211],[12.0796,50.2427],[12.1091,50.2638],[12.1073,50.2909],[12.0761,50.3152],[12.1013,50.314],[12.0937,50.3226],[12.0399,50.3288],[11.986,50.3516],[11.9812,50.3853],[11.9405,50.4145],[11.9053,50.4152],[11.8997,50.4293],[11.9311,50.4403],[11.9475,50.4622],[11.9258,50.4884],[11.9447,50.5159],[11.9894,50.5461],[12.0485,50.5316],[12.0812,50.5613],[12.1454,50.5625],[12.1587,50.6037],[12.1869,50.6264],[12.2529,50.6263],[12.29,50.6434],[12.3218,50.674],[12.2855,50.677],[12.2628,50.7222],[12.2412,50.7222],[12.2492,50.7426],[12.2855,50.7693],[12.258,50.7925],[12.3308,50.8064],[12.3642,50.8233],[12.4244,50.8243],[12.4628,50.8566],[12.5275,50.8766],[12.6017,50.8764],[12.6109,50.8701],[12.6472,50.8999],[12.6022,50.9525],[12.5457,50.9713],[12.4914,51.0285],[12.4837,51.0583],[12.3289,51.0878],[12.2646,51.0838],[12.2464,51.0326],[12.2754,51.0098],[12.2171,50.9542],[12.2008,50.9279],[12.1595,50.952],[12.1204,50.9445],[12.0679,50.9561],[12.0046,50.949],[11.9609,50.971],[11.9314,50.9981],[11.8607,51.0226],[11.7326,51.0175],[11.6974,51.0642],[11.6891,51.0919],[11.6631,51.1012],[11.6275,51.0956],[11.5352,51.1003],[11.5047,51.0892],[11.4274,51.0988],[11.4264,51.1077],[11.4203,51.1597],[11.3886,51.1899],[11.333,51.2163],[11.3524,51.2301],[11.4224,51.2437],[11.4519,51.2715],[11.3672,51.3575],[11.3149,51.3833],[11.1962,51.3974],[11.1538,51.3969],[10.9991,51.4087],[10.9645,51.4278],[10.9718,51.4627],[10.9454,51.4995],[10.965,51.4721],[11.3,51.52],[11.6,51.45],[11.9,51.42],[12.1,51.47],[12.22,51.6],[12.2662,51.7155],[12,51.68],[11.8,51.68],[11.65,51.72],[11.75,51.9],[11.8596,51.973],[11.74,52.02],[11.66,52.13],[11.7,52.23],[11.77,52.31],[11.9,52.45],[11.98,52.55],[12,52.67],[12.04,52.79],[12.04,52.86],[11.9795,52.8859],[11.9655,52.8852],[11.8967,52.9017],[11.8319,52.9282],[11.8444,52.946],[11.8158,52.9593],[11.8073,52.9603],[11.798,52.9676],[11.75,52.99],[11.7435,52.992],[11.6942,52.984],[11.6814,53.0106],[11.6696,53.0141],[11.6223,53.0224],[11.623,53.0281],[11.5802,53.041],[11.5619,53.01],[11.5813,53.0429],[11.4907,53.0607],[11.4609,53.0794],[11.4169,53.0809],[11.3656,53.064],[11.3276,53.0724],[11.2741,53.1175],[11.2558,53.1362],[11.2397,53.142],[11.2247,53.153],[11.2014,53.1405],[11.1943,53.1409],[11.1645,53.1709],[11.1434,53.1727],[11.1093,53.1558],[11.0894,53.1442],[11.0681,53.1555],[11.0401,53.1664],[10.9302,53.2285],[10.8393,53.2601],[10.8073,53.2756],[10.7868,53.2934],[10.7751,53.3002],[10.7558,53.3029],[10.7394,53.3085],[10.7346,53.3217],[10.7316,53.352],[10.7097,53.3683],[10.6755,53.3737],[10.6012,53.3718],[10.5695,53.3639],[10.5284,53.3724],[10.3864,53.4239],[10.328,53.4327],[10.2661,53.4271],[10.2416,53.4066],[10.1865,53.4044],[10.1536,53.4136],[10.1314,53.4306],[10.0831,53.4509],[10.0387,53.4431],[10.0304,53.4292],[9.9854,53.4151],[9.95,53.422],[9.9093,53.4181],[9.9055,53.4412],[9.8908,53.449],[9.8572,53.4329],[9.85,53.4375],[9.8106,53.4624],[9.7684,53.5082],[9.764,53.5477],[9.7818,53.5453],[9.7818,53.5697],[9.7441,53.5724],[9.7441,53.5503],[9.7063,53.5553],[9.7063,53.5775],[9.6685,53.5828],[9.6685,53.5681],[9.6372,53.581],[9.6307,53.5827],[9.5929,53.5928],[9.5671,53.5996],[9.5551,53.6101],[9.5173,53.6433],[9.5173,53.691],[9.4894,53.691],[9.4894,53.7278],[9.4615,53.7387],[9.4569,53.7405],[9.4115,53.7405],[9.4115,53.7815],[9.409,53.7891],[9.3661,53.7891],[9.3661,53.827],[9.3283,53.827],[9.3283,53.8551],[9.2956,53.8719],[9.2905,53.8732],[9.2527,53.8827],[9.2527,53.8651],[9.1393,53.8651],[9.1393,53.8919],[9.1015,53.8924],[9.1015,53.8632],[9.0637,53.8578],[9.0637,53.8772],[9.0259,53.8772],[9.0259,53.8725],[8.9881,53.8725],[8.9881,53.8873],[8.9125,53.8873],[8.9125,53.8902],[8.8369,53.8902],[8.8369,53.8919],[8.7991,53.8919],[8.7991,53.9493],[8.7613,53.9493],[8.7613,53.9565],[8.7235,53.9565],[8.7235,53.9648],[8.7032,53.95],[8.6857,53.9372],[8.6101,53.8822],[8.6071,53.8815],[8.5733,53.8577],[8.5715,53.8542],[8.5,53.8021],[8.4434,53.7609],[8.3152,53.6676],[8.1614,53.5557],[8.1498,53.5602],[8.1244,53.5836],[8.1276,53.5908],[8.1074,53.5992],[8.0253,53.6747],[8.0314,53.7081],[7.9599,53.7204],[7.9365,53.748],[7.9361,53.748],[7.4711,53.7178],[7.2267,53.702],[7.1009,53.6938],[6.9823,53.5647],[6.954,53.5339],[6.9256,53.503],[6.9212,53.4982],[6.9065,53.4822],[6.8601,53.4838],[6.7379,53.4881],[6.4935,53.4965],[6.463,53.4976],[6.4324,53.4987],[6.4018,53.4997],[6.3713,53.5008],[6.3408,53.5018],[6.3245,53.5024],[6.3189,53.5072],[6.3345,53.511],[6.3337,53.5111],[6.3343,53.5112],[6.3338,53.5112],[6.3345,53.5114],[6.3118,53.5132],[6.3108,53.5141],[6.305,53.5138],[6.2913,53.5149],[6.2909,53.5149],[6.2752,53.5122],[6.2118,53.5089],[6.2017,53.5067],[6.1269,53.5092],[6.0753,53.511],[6.0749,53.511],[6.0046,53.4895],[5.9333,53.4678],[5.9138,53.4739],[5.8856,53.4732],[5.8773,53.4749],[5.8769,53.4749],[5.7077,53.4732],[5.6537,53.4663],[5.6541,53.4659],[5.6537,53.4659],[5.6545,53.4652],[5.6419,53.4634],[5.6361,53.4487],[5.679,53.4301],[5.7363,53.4435],[5.7854,53.4474],[5.8556,53.4474],[5.876,53.4502],[5.5158,53.3402],[5.2714,53.2655],[5.1492,53.2282],[5.0881,53.2095],[5.0576,53.2002],[5.027,53.1908],[4.9883,53.179],[4.9495,53.1672],[4.8974,53.1512],[4.8872,53.1644],[4.8872,53.1833],[4.8868,53.1831],[4.8868,53.1833],[4.8858,53.1827],[4.8858,53.1867],[4.8543,53.1877],[4.8057,53.133],[4.7597,53.1091],[4.7167,53.096],[4.7068,53.093],[4.4064,52.5894],[4.3168,52.4391],[4.2944,52.4015],[4.2719,52.3639],[4.2271,52.2887],[4.0493,51.9907],[4.0225,51.9944],[4.01,51.9801],[4.0257,51.951],[3.9638,51.8472],[3.9627,51.8474],[3.8623,51.8161],[3.8716,51.7883],[3.9339,51.7971],[3.9173,51.7693],[3.9016,51.743],[3.8101,51.7473],[3.7928,51.7457],[3.7892,51.7459],[3.7888,51.7459],[3.7825,51.7448],[3.7258,51.7397],[3.7054,51.7314],[3.6988,51.7303],[3.6988,51.7288],[3.6895,51.725],[3.6867,51.6927],[3.7206,51.6768],[3.7654,51.6784],[3.7758,51.6858],[3.8159,51.693],[3.8244,51.69],[3.8596,51.6726],[3.8284,51.6204],[3.8118,51.6115],[3.5604,51.5946],[3.5469,51.5894],[3.5008,51.5775],[3.4838,51.5652],[3.4575,51.5551],[3.447,51.546],[3.4619,51.519],[3.4948,51.5009],[3.5321,51.4626],[3.4881,51.4392],[3.4608,51.4246],[3.4179,51.4017],[3.3878,51.3857],[3.3828,51.3847],[3.3496,51.3778],[3.3477,51.3774],[3.3126,51.3702],[3.2775,51.3629],[3.2236,51.3518],[3.2073,51.3464],[3.1248,51.3297],[2.9983,51.2774],[2.9608,51.265],[2.9162,51.2478],[2.6523,51.1824],[2.5658,51.1609],[2.5226,51.1502],[2.5144,51.1482],[2.4793,51.1401],[2.1333,51.0605],[2.0901,51.0505],[2.0468,51.0405],[1.9603,51.0206],[1.6396,50.9468],[1.6143,50.8782],[1.5806,50.8688],[1.5946,50.8248],[1.512,50.6011],[1.4707,50.4893],[1.4501,50.4334],[1.4398,50.4055],[1.4294,50.3775],[1.3696,50.2153],[1.3489,50.1593],[1.3372,50.1276],[1.2877,50.111],[1.268,50.1044],[1.1871,50.0772],[1.0252,50.0229],[0.0541,49.6971],[-0.1077,49.6428],[-0.1887,49.6156],[-0.2696,49.5885],[-0.31,49.5749],[-0.3505,49.5613],[-0.4314,49.5342],[-0.5933,49.4799],[-0.887,49.3813],[-0.9169,49.3864],[-0.9404,49.3923],[-0.9543,49.3928],[-0.9592,49.3936],[-0.9596,49.3936],[-0.9698,49.3933],[-1.0723,49.3968],[-1.084,49.3909],[-1.158,49.4245],[-1.1847,49.4366],[-1.1932,49.4457],[-1.212,49.4688],[-1.2328,49.4943],[-1.263,49.5914],[-1.2533,49.6123],[-1.2278,49.6241],[-1.2322,49.6414],[-1.258,49.6792],[-1.258,49.68],[-1.2587,49.6802],[-1.2711,49.6984],[-1.3913,49.7127],[-1.4557,49.7022],[-1.4752,49.6884],[-1.5894,49.6679],[-1.7044,49.6818],[-1.7249,49.682],[-1.7251,49.682],[-1.9348,49.7772],[-1.9347,49.777],[-1.9352,49.7772],[-1.9351,49.7767],[-1.9352,49.7768],[-1.9208,49.7253],[-1.9352,49.7241],[-1.9456,49.678],[-1.9051,49.6693],[-1.8704,49.5452],[-1.8847,49.5309],[-1.8602,49.5086],[-1.7352,49.0619],[-1.6727,48.8386],[-1.6415,48.727],[-1.6266,48.6738],[-1.6185,48.645],[-1.6404,48.6483],[-1.6719,48.6532],[-1.735,48.6628],[-1.8466,48.68],[-1.8363,48.6911],[-1.8437,48.7121],[-1.9484,48.6956],[-2.022,48.7069],[-2.0588,48.7125],[-2.0588,48.667],[-2.022,48.667],[-2.022,48.6495],[-2.0287,48.6433],[-2.0275,48.6415],[-2.022,48.6333],[-2.022,48.6159],[-2.0323,48.6159],[-2.0175,48.5907],[-1.9988,48.5907],[-1.9988,48.5654],[-1.9982,48.5648],[-1.9652,48.5648],[-1.9491,48.5392],[-1.9485,48.5383],[-1.9251,48.5448],[-1.9102,48.5036],[-1.918,48.473],[-1.944,48.4467],[-1.9517,48.4228],[-1.9327,48.3639],[-1.9615,48.3421],[-1.9615,48.3003],[-1.9824,48.2803],[-2.066,48.2952],[-2.1172,48.2608],[-2.1602,48.2607],[-2.186,48.2226],[-2.2108,48.2096],[-2.2319,48.1641],[-2.2873,48.1337],[-2.2352,48.0786],[-2.1882,48.0797],[-2.1913,48.0525],[-2.2576,48.0389],[-2.2711,48.0054],[-2.2554,47.9974],[-2.1677,47.9847],[-2.1243,47.9636],[-2.106,47.945],[-2.1002,47.9119],[-2.1095,47.8488],[-2.0612,47.8463],[-2.0524,47.8218],[-2.068,47.7962],[-2.1223,47.7743],[-2.1103,47.7588],[-2.0716,47.7572],[-2.0767,47.7333],[-2.1159,47.7317],[-2.1263,47.7142],[-2.1062,47.669],[-2.1028,47.6393],[-2.0885,47.6326],[-2.0858,47.608],[-2.11,47.5423],[-2.1544,47.5131],[-2.1868,47.4814],[-2.2109,47.5076],[-2.2534,47.4953],[-2.3023,47.5016],[-2.3345,47.464],[-2.4041,47.4556],[-2.4331,47.4658],[-2.4611,47.4526],[-2.4649,47.4535],[-2.4649,47.4322],[-2.5014,47.4322],[-2.5014,47.4247],[-2.5379,47.4247],[-2.5379,47.4473],[-2.684,47.4473],[-2.684,47.411],[-2.7238,47.411],[-2.7238,47.4045]],[[12.3856,43.9245],[12.3957,43.9484],[12.411,43.9597],[12.4166,43.9637],[12.4214,43.9672],[12.4272,43.9694],[12.4533,43.9791],[12.4822,43.9826],[12.4892,43.9731],[12.4907,43.965],[12.4924,43.9564],[12.4915,43.9491],[12.4903,43.9392],[12.4831,43.9292],[12.4822,43.9279],[12.4796,43.9258],[12.478,43.9232],[12.4775,43.9201],[12.4783,43.917],[12.4644,43.9001],[12.4605,43.8953],[12.4413,43.8933],[12.4294,43.8921],[12.4211,43.8952],[12.3996,43.9032],[12.39,43.9179],[12.3856,43.9245]]],[[[-2.6735,49.4335],[-2.6693,49.4309],[-2.5731,49.4309],[-2.5521,49.4267],[-2.549,49.4283],[-2.5472,49.4279],[-2.5472,49.428],[-2.5468,49.4279],[-2.5456,49.4301],[-2.5341,49.4362],[-2.5267,49.4585],[-2.5245,49.4688],[-2.5127,49.4903],[-2.5058,49.498],[-2.5017,49.5067],[-2.5182,49.5155],[-2.5382,49.5098],[-2.5496,49.5042],[-2.5736,49.4954],[-2.5802,49.4936],[-2.5825,49.4922],[-2.648,49.4682],[-2.6479,49.4679],[-2.648,49.4678],[-2.6464,49.464],[-2.6503,49.4637],[-2.6566,49.4594],[-2.6518,49.4452],[-2.663,49.4438],[-2.6735,49.4335]]],[[[-2.242,49.248],[-2.2332,49.2285],[-2.2296,49.2165],[-2.2376,49.1766],[-2.2375,49.1766],[-2.2376,49.1762],[-2.2372,49.1763],[-2.2372,49.1762],[-2.1826,49.1841],[-2.1772,49.1802],[-2.1687,49.1783],[-2.1626,49.1866],[-2.1013,49.1866],[-2.097,49.1837],[-2.08,49.1787],[-2.0734,49.1786],[-2.054,49.1693],[-2.0537,49.1694],[-2.0536,49.1693],[-2.0354,49.1744],[-2.0245,49.1713],[-2.0237,49.1777],[-2.0104,49.1814],[-2.0105,49.1818],[-2.0104,49.1818],[-2.014,49.2072],[-2.0083,49.2125],[-2.0158,49.2196],[-2.0176,49.2321],[-2.021,49.2333],[-2.0207,49.2353],[-2.0679,49.2507],[-2.0827,49.2602],[-2.1039,49.2582],[-2.1059,49.2568],[-2.1218,49.2582],[-2.122,49.2583],[-2.1438,49.2619],[-2.1517,49.267],[-2.1618,49.2618],[-2.2192,49.2669],[-2.2196,49.2669],[-2.2209,49.2605],[-2.2294,49.263],[-2.2411,49.2602],[-2.242,49.248]]],[[[4.8789,53.2209],[4.9102,53.2125],[4.9575,53.2456],[4.9716,53.2538],[5.1105,53.3079],[5.1098,53.3079],[5.1103,53.3081],[5.11,53.3081],[5.1105,53.3083],[5.1006,53.3085],[5.1048,53.3096],[5.0545,53.3138],[5.0428,53.3097],[5.0277,53.31],[5.0273,53.31],[4.9972,53.2937],[4.9865,53.29],[4.9212,53.2537],[4.917,53.2504],[4.9084,53.2458],[4.9087,53.2455],[4.9084,53.2454],[4.9095,53.2446],[4.8789,53.2209]]],[[[5.1789,53.3854],[5.1799,53.3531],[5.2083,53.3527],[5.3469,53.3892],[5.427,53.4064],[5.4817,53.4127],[5.4797,53.4172],[5.5821,53.4381],[5.5815,53.4382],[5.5819,53.4383],[5.5815,53.4384],[5.5821,53.4385],[5.5701,53.441],[5.5853,53.4536],[5.437,53.4365],[5.4284,53.4326],[5.4161,53.4315],[5.1893,53.3916],[5.1898,53.3914],[5.1895,53.3914],[5.1898,53.3913],[5.1893,53.3912],[5.1958,53.3891],[5.1789,53.3854]]],[[[6.6437,53.5787],[6.6441,53.5787],[6.6739,53.5799],[6.6771,53.5756],[6.7346,53.5752],[6.7293,53.582],[6.7341,53.5822],[6.7576,53.5971],[6.7981,53.6044],[6.7879,53.6163],[6.8025,53.6256],[6.802,53.6256],[6.8023,53.6258],[6.8022,53.6258],[6.8025,53.626],[6.7553,53.626],[6.6689,53.6051],[6.6641,53.6001],[6.6595,53.5991],[6.6611,53.597],[6.6437,53.5791],[6.6441,53.5791],[6.6437,53.5787]]],[[[8.5445,42.2568],[8.5771,42.1613],[8.5691,42.155],[8.5863,42.1335],[8.5867,42.1335],[8.6384,41.9822],[8.6317,41.9754],[8.5863,41.969],[8.6144,41.9441],[8.6143,41.9008],[8.6633,41.9094],[8.7118,41.7675],[8.7092,41.7636],[8.6551,41.7499],[8.703,41.7425],[8.6956,41.7294],[8.7235,41.7335],[8.7749,41.5832],[8.7949,41.5742],[8.7918,41.5612],[8.8533,41.5439],[8.8396,41.5308],[8.8737,41.5234],[8.9357,41.4892],[8.9785,41.4852],[9.0017,41.477],[9.1113,41.4221],[9.0964,41.4035],[9.1691,41.3862],[9.1939,41.3691],[9.2232,41.3725],[9.2272,41.3806],[9.2285,41.38],[9.2286,41.3802],[9.2289,41.38],[9.2431,41.4132],[9.2503,41.4278],[9.2492,41.4272],[9.2661,41.4666],[9.2708,41.4687],[9.2791,41.4916],[9.2774,41.493],[9.3016,41.5494],[9.3411,41.5693],[9.3451,41.6045],[9.3229,41.5991],[9.3325,41.6214],[9.3467,41.6196],[9.3452,41.6403],[9.3731,41.6452],[9.3675,41.6719],[9.3729,41.6784],[9.3738,41.6805],[9.4016,41.7064],[9.403,41.7797],[9.4025,41.7848],[9.4195,41.8243],[9.4365,41.8639],[9.4704,41.943],[9.5384,42.1013],[9.5527,42.113],[9.5596,42.1466],[9.5589,42.149],[9.5601,42.1519],[9.56,42.1522],[9.5601,42.1523],[9.5554,42.176],[9.5539,42.1969],[9.5596,42.2946],[9.5432,42.342],[9.5387,42.4028],[9.5459,42.4351],[9.535,42.4536],[9.5331,42.4788],[9.5322,42.5444],[9.5186,42.581],[9.4896,42.6126],[9.4978,42.5953],[9.4737,42.6162],[9.464,42.6396],[9.4577,42.6712],[9.478,42.7886],[9.4828,42.8023],[9.4844,42.8324],[9.4655,42.9235],[9.4701,42.9423],[9.4603,42.9553],[9.4629,42.9804],[9.4629,42.9808],[9.4611,42.9824],[9.464,42.9901],[9.4224,43.0174],[9.4219,43.0173],[9.4161,43.0225],[9.4157,43.0225],[9.3617,43.0173],[9.3561,43.0047],[9.3418,42.9907],[9.3441,42.9829],[8.7461,42.6279],[8.6861,42.5177],[8.6675,42.5097],[8.6597,42.4771],[8.6635,42.4761],[8.6358,42.4252],[8.6307,42.421],[8.6187,42.4196],[8.6075,42.4018],[8.5877,42.3854],[8.5877,42.3853],[8.5705,42.3818],[8.5521,42.3867],[8.5596,42.3464],[8.583,42.349],[8.5913,42.345],[8.5922,42.345],[8.5445,42.2572],[8.5446,42.257],[8.5445,42.2568]]],[[[10.1068,42.7574],[10.1306,42.7456],[10.1321,42.7426],[10.1373,42.7422],[10.1472,42.7373],[10.2297,42.7354],[10.2348,42.7426],[10.2607,42.7476],[10.2654,42.7446],[10.2918,42.7535],[10.3335,42.7616],[10.3349,42.761],[10.3695,42.7416],[10.3814,42.7226],[10.4036,42.7224],[10.4201,42.7131],[10.4201,42.7134],[10.4205,42.7131],[10.4204,42.7135],[10.4205,42.7135],[10.4189,42.7222],[10.4307,42.7221],[10.4251,42.7408],[10.414,42.7477],[10.4098,42.7704],[10.4119,42.773],[10.4203,42.7764],[10.4367,42.8044],[10.4434,42.8454],[10.422,42.8708],[10.3999,42.8688],[10.3934,42.8561],[10.3589,42.8228],[10.3265,42.8252],[10.3268,42.8262],[10.3066,42.8266],[10.2873,42.828],[10.2869,42.828],[10.2838,42.8271],[10.2721,42.8273],[10.271,42.8231],[10.2473,42.8159],[10.1804,42.813],[10.1582,42.8173],[10.1406,42.8112],[10.1285,42.8107],[10.1252,42.806],[10.1117,42.8013],[10.1068,42.7574]]]]}},
{"type":"Feature","properties":{"entityId":"frankish-kingdom","from":796,"to":798,"certainty":"estimated","source":"유럽 쪽은 Natural Earth 1:10m admin-1(v5.1.2) 현대 행정구역 조각을 그 시기 국경에 맞춰 묶고, 조각이 역사 경계와 다른 곳은 선을 그어 나눈 근사. 유럽 밖(시베리아·중앙아시아·극동)은 대략적인 추정. 운영자 검수 필요"},"geometry":{"type":"MultiPolygon","coordinates":[[[[-2.7238,47.4045],[-2.684,47.3772],[-2.6458,47.351],[-2.365,47.1585],[-2.3168,47.1254],[-2.2491,47.079],[-2.2382,47.0715],[-2.2268,47.0637],[-2.2098,47.0464],[-2.2079,47.0445],[-2.1814,47.0175],[-2.1532,46.9889],[-2.1137,46.9487],[-2.098,46.9328],[-2.1022,46.9307],[-2.0963,46.9165],[-2.122,46.9037],[-2.1313,46.8718],[-2.1188,46.82],[-2.0503,46.7921],[-2.0022,46.7575],[-1.9921,46.7485],[-1.965,46.7104],[-1.9398,46.7019],[-1.9208,46.685],[-1.8213,46.558],[-1.8048,46.5036],[-1.7817,46.4954],[-1.7854,46.514],[-1.7742,46.5093],[-1.7684,46.5002],[-1.6868,46.4609],[-1.6459,46.4558],[-1.6321,46.4501],[-1.6256,46.4311],[-1.5988,46.425],[-1.598,46.425],[-1.5344,46.3603],[-1.5025,46.3279],[-1.4706,46.2956],[-1.4421,46.2666],[-1.4136,46.2377],[-1.4905,46.2244],[-1.508,46.2456],[-1.4739,46.2381],[-1.4679,46.2499],[-1.4981,46.2619],[-1.5558,46.2518],[-1.5043,46.2077],[-1.4329,46.2108],[-1.3506,46.1737],[-1.3432,46.1662],[-1.2496,46.0712],[-1.1936,46.0143],[-1.2021,45.9262],[-1.2198,45.9431],[-1.2194,45.9439],[-1.2336,45.9917],[-1.2738,45.9976],[-1.3399,46.0378],[-1.3829,46.048],[-1.3876,46.0501],[-1.3876,46.0499],[-1.388,46.0501],[-1.388,46.0492],[-1.4049,46.0532],[-1.3833,46.0155],[-1.375,45.9858],[-1.3783,45.976],[-1.3402,45.9387],[-1.2778,45.8942],[-1.2457,45.8546],[-1.2269,45.8198],[-1.2127,45.8153],[-1.2147,45.7949],[-1.2303,45.7924],[-1.2473,45.7099],[-1.2228,45.71],[-1.23,45.6345],[-1.2337,45.5966],[-1.2373,45.5588],[-1.2518,45.4074],[-1.2808,45.1045],[-1.3388,44.4988],[-1.3458,44.4252],[-1.3529,44.3516],[-1.367,44.2044],[-1.3844,44.0225],[-1.4818,43.9099],[-1.6848,43.6753],[-1.7231,43.6311],[-1.7997,43.5425],[-1.7614,43.5425],[-1.7614,43.4982],[-1.762,43.4982],[-1.762,43.4067],[-1.8006,43.4067],[-1.8006,43.3894],[-1.7941,43.386],[-1.7969,43.3411],[-1.7682,43.3309],[-1.7497,43.2948],[-1.6739,43.3042],[-1.645,43.2924],[-1.639,43.2557],[-1.5876,43.2516],[-1.559,43.2841],[-1.5081,43.2768],[-1.4664,43.2608],[-1.4322,43.265],[-1.4035,43.2433],[-1.3997,43.2067],[-1.4258,43.1353],[-1.4878,43.0818],[-1.4753,43.0601],[-1.435,43.0357],[-1.3831,43.0292],[-1.3576,43.0468],[-1.3483,43.0931],[-1.3086,43.1136],[-1.3106,43.0695],[-1.2749,43.0468],[-1.2169,43.0393],[-1.1499,43.0057],[-1.1124,43.0083],[-1.0797,42.9934],[-1.0285,42.9867],[-0.9815,42.957],[-0.9432,42.9479],[-0.8635,42.9431],[-0.7864,42.9533],[-0.7597,42.9465],[-0.745,42.9187],[-0.7459,42.8939],[-0.7301,42.8775],[-0.7004,42.8764],[-0.6483,42.8498],[-0.6095,42.8114],[-0.5829,42.7958],[-0.5787,42.7773],[-0.5356,42.7842],[-0.5339,42.808],[-0.5084,42.8075],[-0.4545,42.7889],[-0.4239,42.7907],[-0.3228,42.8425],[-0.3051,42.8308],[-0.247,42.8048],[-0.2351,42.7862],[-0.2084,42.7839],[-0.1614,42.7953],[-0.1636,42.778],[-0.119,42.7169],[-0.0389,42.6851],[-0.0043,42.6875],[0.0728,42.7085],[0.1342,42.7152],[0.1692,42.7265],[0.2384,42.7104],[0.2754,42.6687],[0.2902,42.6703],[0.336,42.7127],[0.3542,42.7175],[0.3893,42.6851],[0.4669,42.6904],[0.4835,42.6853],[0.6082,42.688],[0.6436,42.6845],[0.6634,42.6962],[0.6756,42.6887],[0.7084,42.6342],[0.7655,42.6099],[0.7615,42.5693],[0.7306,42.5197],[0.7303,42.5007],[0.7014,42.4843],[0.7151,42.4431],[0.7329,42.4269],[0.7464,42.3905],[0.7511,42.348],[0.7417,42.264],[0.7194,42.2268],[0.7035,42.1679],[0.7031,42.1203],[0.6843,42.09],[0.6425,41.9923],[0.5762,41.9513],[0.5672,41.9327],[0.5896,41.9186],[0.5976,41.8744],[0.5422,41.8267],[0.4966,41.8088],[0.4542,41.7625],[0.406,41.753],[0.3285,41.6774],[0.3481,41.6152],[0.3652,41.5983],[0.424,41.5929],[0.4412,41.5461],[0.4004,41.4965],[0.3485,41.4721],[0.3383,41.4059],[0.3273,41.3701],[0.3517,41.3625],[0.3773,41.3214],[0.3524,41.2792],[0.3604,41.2328],[0.3858,41.2789],[0.4332,41.2761],[0.4381,41.3248],[0.4728,41.3283],[0.5098,41.2885],[0.5314,41.2928],[0.5619,41.3239],[0.6208,41.2987],[0.7364,41.3184],[0.7585,41.3313],[0.805,41.3313],[0.8335,41.3585],[0.879,41.342],[0.9577,41.3545],[0.9895,41.3983],[1.0237,41.4063],[1.062,41.4516],[1.073,41.4827],[1.1172,41.4725],[1.1574,41.4802],[1.1702,41.4954],[1.178,41.5445],[1.2078,41.5723],[1.3718,41.5654],[1.3927,41.575],[1.4071,41.5905],[1.37,41.6029],[1.3894,41.6285],[1.4385,41.6435],[1.4068,41.7042],[1.4095,41.7825],[1.4208,41.7972],[1.4558,41.7988],[1.4822,41.7768],[1.5194,41.78],[1.5602,41.7678],[1.6302,41.8291],[1.6332,41.8487],[1.6156,41.8957],[1.6432,41.9292],[1.6534,41.9681],[1.6941,41.9701],[1.7144,41.996],[1.6938,42.0056],[1.6691,41.9976],[1.6609,42.0184],[1.6924,42.0516],[1.6894,42.0793],[1.7157,42.1048],[1.7068,42.1308],[1.7372,42.1683],[1.7321,42.1894],[1.6906,42.2124],[1.6863,42.2621],[1.7156,42.2881],[1.8425,42.3063],[1.9139,42.3184],[1.9731,42.295],[2.0407,42.2935],[2.0431,42.2648],[2.0252,42.2234],[2.0542,42.1853],[2.0655,42.1372],[2.098,42.1373],[2.1293,42.1196],[2.2042,42.128],[2.2313,42.1422],[2.2802,42.1435],[2.3078,42.113],[2.3659,42.1213],[2.4195,42.0732],[2.4591,42.0734],[2.4943,42.0468],[2.5026,42.0259],[2.4894,41.9909],[2.4399,41.9494],[2.463,41.9209],[2.4428,41.8876],[2.3829,41.8715],[2.3375,41.8891],[2.3153,41.8648],[2.3179,41.8462],[2.3627,41.7987],[2.4366,41.8029],[2.5474,41.7192],[2.637,41.7332],[2.6678,41.7472],[2.7015,41.7489],[2.7479,41.7357],[2.774,41.7004],[2.7596,41.6828],[2.7785,41.6456],[2.792,41.669],[2.8511,41.6972],[2.933,41.7125],[2.9509,41.7343],[3.0403,41.7869],[3.0691,41.7991],[3.0735,41.8119],[3.1272,41.8469],[3.1502,41.8454],[3.1949,41.8883],[3.2099,41.9115],[3.2492,41.944],[3.2492,41.9444],[3.2384,42.0833],[3.224,42.1111],[3.1736,42.1354],[3.1521,42.163],[3.1658,42.2526],[3.2101,42.2397],[3.263,42.2399],[3.287,42.2629],[3.2993,42.2869],[3.3068,42.2895],[3.3067,42.2899],[3.3068,42.2899],[3.3044,42.297],[3.3177,42.323],[3.2933,42.3303],[3.2888,42.3437],[3.2384,42.368],[3.2253,42.4006],[3.2132,42.4305],[3.2108,42.4358],[3.1988,42.4617],[3.1911,42.471],[3.0908,42.5919],[3.087,42.6117],[3.0604,42.7524],[3.0502,42.806],[3.0535,42.8228],[3.0602,42.858],[3.0669,42.8931],[3.0789,42.9558],[3.1628,43.0811],[3.1703,43.0896],[3.1721,43.09],[3.1851,43.0929],[3.2652,43.1108],[3.3053,43.1198],[3.3453,43.1287],[3.4254,43.1466],[3.8117,43.233],[3.9569,43.2654],[4.0052,43.2762],[4.102,43.2978],[4.1503,43.3086],[4.1987,43.3194],[4.2471,43.3303],[4.2955,43.3411],[4.3922,43.3627],[4.5558,43.3993],[4.5808,43.3958],[4.5663,43.3711],[4.5923,43.3599],[4.6659,43.3475],[4.8203,43.3464],[4.8224,43.3626],[4.846,43.3594],[4.8558,43.3418],[4.8792,43.3548],[5.0519,43.3311],[5.0648,43.328],[5.0748,43.328],[5.3541,43.2897],[5.3573,43.2803],[5.3692,43.2704],[5.347,43.2159],[5.4398,43.2076],[5.5174,43.2074],[5.542,43.2028],[5.5727,43.1691],[5.6124,43.1604],[5.6329,43.1856],[5.6717,43.1783],[5.6752,43.1763],[5.6963,43.1469],[5.741,43.1321],[5.7515,43.1317],[5.8085,43.0984],[5.8089,43.0984],[5.817,43.0985],[5.7819,43.0791],[5.819,43.0535],[5.8566,43.0448],[5.8753,43.0688],[5.9403,43.0709],[5.9514,43.08],[5.9106,43.0932],[5.9038,43.0992],[5.9985,43.0999],[6.0165,43.0989],[6.027,43.0782],[6.0846,43.0824],[6.1145,43.0724],[6.1147,43.0725],[6.1149,43.0724],[6.1175,43.0733],[6.1321,43.0526],[6.0977,43.0313],[6.1801,43.0359],[6.1528,43.0481],[6.162,43.0887],[6.245,43.1174],[6.2804,43.1187],[6.3423,43.0908],[6.3754,43.0908],[6.3661,43.1186],[6.3785,43.1361],[6.4038,43.1455],[6.5285,43.1285],[6.5289,43.1285],[6.6061,43.1766],[6.6099,43.1734],[6.6798,43.2016],[6.6745,43.2192],[6.7673,43.2771],[6.9335,43.3806],[6.9373,43.383],[7.0118,43.4294],[7.049,43.4526],[7.0863,43.4758],[7.1073,43.4889],[7.2,43.5466],[7.2773,43.5948],[7.3624,43.6479],[7.4029,43.6731],[7.4049,43.6744],[7.4361,43.6938],[7.4474,43.6958],[7.4899,43.7033],[7.5324,43.7107],[7.6174,43.7257],[7.8501,43.7666],[7.9575,43.8525],[7.9597,43.8529],[8.0314,43.8875],[8.0677,43.8967],[8.0892,43.9199],[8.1302,43.9403],[8.168,43.9565],[8.1527,43.9832],[8.1691,44.0067],[8.2163,44.0452],[8.2217,44.0639],[8.2219,44.0641],[8.3543,44.17],[8.3694,44.1735],[8.4082,44.1935],[8.4106,44.215],[8.4297,44.2303],[8.5276,44.2591],[8.6446,44.2934],[8.6739,44.3021],[8.7032,44.3107],[8.7617,44.3279],[8.8787,44.3622],[8.8903,44.3656],[9.3468,44.1805],[9.4347,44.1448],[9.4639,44.133],[9.5809,44.0855],[9.7037,44.0357],[9.8149,44.0099],[9.9319,43.9828],[9.9904,43.9693],[10.0196,43.9625],[10.0489,43.9557],[10.0993,43.944],[10.1245,43.9382],[10.1496,43.9324],[10.2005,43.9206],[10.2229,43.849],[10.2529,43.7532],[10.283,43.6573],[10.2934,43.5791],[10.3172,43.4926],[10.3263,43.4769],[10.3411,43.4717],[10.4889,42.9998],[10.4776,42.9901],[10.4995,42.9405],[10.5108,42.9315],[10.5788,42.8738],[10.6042,42.8523],[10.6295,42.8308],[10.6802,42.7878],[10.8496,42.6441],[11.0958,42.4353],[11.0869,42.4295],[11.0945,42.4027],[11.1559,42.3663],[11.1772,42.3663],[11.1905,42.355],[11.2936,42.2817],[11.3061,42.2728],[11.3518,42.2728],[11.3518,42.2787],[11.3809,42.2787],[11.3809,42.3052],[11.41,42.3052],[11.41,42.3441],[11.4392,42.3441],[11.4392,42.3786],[11.4515,42.3744],[11.4719,42.4186],[11.4981,42.434],[11.5902,42.442],[11.6018,42.4474],[11.6079,42.4873],[11.5659,42.5161],[11.5855,42.5359],[11.5882,42.5661],[11.6206,42.5601],[11.6712,42.577],[11.6938,42.5983],[11.7352,42.6162],[11.7494,42.6384],[11.7869,42.6512],[11.7868,42.7003],[11.8079,42.7383],[11.7739,42.7806],[11.7472,42.7985],[11.7647,42.8187],[11.808,42.8134],[11.8327,42.8326],[11.889,42.8504],[11.9331,42.7911],[11.9704,42.765],[11.9303,42.7091],[11.9596,42.6846],[12.0337,42.646],[12.0934,42.6606],[12.1287,42.6573],[12.1566,42.6754],[12.2406,42.6391],[12.2455,42.5855],[12.2715,42.5661],[12.2802,42.5104],[12.3007,42.4899],[12.3428,42.4919],[12.3936,42.4625],[12.4174,42.4285],[12.4515,42.421],[12.4311,42.3931],[12.4651,42.3869],[12.504,42.3906],[12.5284,42.3695],[12.5926,42.401],[12.6117,42.4338],[12.6121,42.4631],[12.6657,42.4435],[12.7222,42.454],[12.7161,42.4896],[12.7552,42.5003],[12.78,42.5271],[12.8801,42.5647],[12.8792,42.5903],[12.902,42.6096],[12.988,42.608],[13.0176,42.6316],[13.0593,42.6238],[13.1188,42.646],[13.1539,42.6451],[13.1891,42.694],[13.1945,42.7346],[13.2423,42.7356],[13.2679,42.7446],[13.3117,42.7193],[13.3376,42.6877],[13.3518,42.6566],[13.3863,42.6444],[13.3759,42.6038],[13.3689,42.586],[13.338,42.5746],[13.286,42.5722],[13.1861,42.5869],[13.1743,42.5574],[13.1353,42.5383],[13.1635,42.5123],[13.1647,42.4801],[13.1318,42.4548],[13.1324,42.4264],[13.1784,42.3999],[13.1594,42.3672],[13.1633,42.3386],[13.211,42.3135],[13.223,42.2782],[13.2671,42.2336],[13.3,42.2216],[13.317,42.1969],[13.3618,42.1898],[13.3173,42.1727],[13.2905,42.1317],[13.2608,42.1386],[13.2339,42.1291],[13.1731,42.153],[13.0988,42.1737],[13.0733,42.1413],[13.0296,42.1156],[13.0137,42.1085],[13.017,42.0546],[13.0284,42.0319],[13.0823,42.0189],[13.0971,42.0237],[13.2801,41.9468],[13.2979,41.947],[13.3532,41.9192],[13.3702,41.9031],[13.3554,41.8715],[13.3571,41.8308],[13.4052,41.8316],[13.5014,41.796],[13.5293,41.7708],[13.5788,41.7699],[13.6466,41.8105],[13.7148,41.7948],[13.7443,41.7546],[13.7939,41.7535],[13.8918,41.7237],[13.9457,41.6882],[13.9946,41.6869],[14.0352,41.7036],[14.063,41.7288],[14.0988,41.7251],[14.186,41.7705],[14.1432,41.8147],[14.1606,41.8418],[14.1916,41.8396],[14.2294,41.8774],[14.2829,41.9062],[14.3336,41.8691],[14.3724,41.8736],[14.4329,41.837],[14.4323,41.8139],[14.4576,41.7658],[14.4904,41.7761],[14.5146,41.7861],[14.5766,41.8556],[14.6484,41.9249],[14.6503,41.9504],[14.6735,41.9594],[14.7443,42.013],[14.7634,42.0779],[14.7675,42.0766],[14.7675,42.1157],[14.8105,42.1157],[14.8105,42.1342],[14.8362,42.1342],[14.8362,42.1701],[14.848,42.1701],[14.6493,42.314],[14.3854,42.5052],[14.3782,42.5104],[14.3311,42.5445],[14.2841,42.5785],[14.19,42.6467],[14.1024,42.7101],[14.0313,42.7616],[13.9603,42.878],[13.9346,42.92],[13.909,42.962],[13.8577,43.046],[13.8535,43.0674],[13.8348,43.1273],[13.8102,43.1648],[13.8045,43.1804],[13.7831,43.2208],[13.7803,43.2365],[13.7457,43.2911],[13.6929,43.3905],[13.6909,43.3933],[13.647,43.4753],[13.617,43.5313],[13.6156,43.5605],[13.5692,43.5803],[13.5432,43.6132],[13.5044,43.6328],[13.4863,43.6206],[13.4293,43.6402],[13.2153,43.7551],[13.1815,43.7732],[13.0798,43.8278],[12.9443,43.9005],[12.9289,43.9158],[12.9032,43.9234],[12.8992,43.9247],[12.7714,43.9933],[12.7385,44.011],[12.7055,44.0287],[12.6396,44.064],[12.5877,44.0919],[12.5078,44.2162],[12.4895,44.2447],[12.4665,44.2804],[12.4436,44.316],[12.3978,44.3873],[12.3861,44.4054],[12.2828,44.5661],[12.2858,44.6027],[12.2713,44.627],[12.3506,44.8112],[12.3757,44.7922],[12.3934,44.7935],[12.3452,44.8238],[12.3435,44.8401],[12.2904,44.8716],[12.2845,44.9087],[12.2948,44.9274],[12.272,44.9364],[12.2233,44.9261],[12.1699,44.9372],[12.1351,44.9368],[12.1157,44.959],[12.0872,44.9705],[11.9907,44.9839],[11.9305,44.9785],[11.8696,44.9854],[11.7973,44.9776],[11.7564,44.9612],[11.7357,44.9385],[11.6775,44.9224],[11.6403,44.8983],[11.6063,44.8988],[11.5534,44.9292],[11.4885,44.9435],[11.4319,44.9377],[11.4215,44.9499],[11.419,44.9669],[11.3889,44.9736],[11.3051,45.013],[11.2727,45.0338],[11.2728,45.0596],[11.1957,45.0634],[11.1929,45.0939],[11.2103,45.1043],[11.3325,45.0895],[11.3584,45.0635],[11.3859,45.053],[11.4258,45.0663],[11.4452,45.0927],[11.4111,45.1216],[11.4186,45.1318],[11.4966,45.1114],[11.5395,45.1284],[11.6025,45.1258],[11.6631,45.1079],[11.7187,45.1103],[11.7538,45.0987],[11.8009,45.1284],[11.84,45.1389],[11.9619,45.1432],[11.9755,45.1843],[11.9875,45.1906],[12.0973,45.2057],[12.1525,45.1942],[12.1608,45.2189],[12.2019,45.2474],[12.1994,45.2746],[12.198,45.2922],[12.1491,45.2922],[12.0834,45.3267],[12.0368,45.3151],[12.0167,45.343],[12.0334,45.3602],[11.9823,45.384],[11.9759,45.3977],[12.0239,45.4326],[12.0271,45.4561],[11.9915,45.4542],[11.9815,45.4707],[12.0045,45.5141],[12.0254,45.5311],[12.0396,45.5715],[12.0708,45.5763],[12.0924,45.5984],[12.1112,45.6014],[12.1886,45.5843],[12.2311,45.5367],[12.2721,45.5405],[12.2856,45.566],[12.3526,45.5839],[12.3959,45.5718],[12.4354,45.586],[12.4336,45.6318],[12.4718,45.6413],[12.4987,45.6766],[12.5225,45.6857],[12.6044,45.6859],[12.663,45.7019],[12.6719,45.7321],[12.6632,45.7689],[12.6728,45.8021],[12.699,45.8036],[12.7314,45.8272],[12.765,45.8363],[12.792,45.8562],[12.8267,45.8244],[12.8632,45.8465],[12.8946,45.8258],[12.9518,45.8207],[12.9729,45.8426],[12.9993,45.8255],[13.0019,45.782],[13.0258,45.7595],[13.0745,45.6742],[13.0956,45.6523],[13.103,45.669],[13.1497,45.7038],[13.1188,45.696],[13.1205,45.6972],[13.1488,45.7354],[13.2505,45.7168],[13.2958,45.7085],[13.341,45.7003],[13.3862,45.692],[13.4011,45.6893],[13.3767,45.6832],[13.4017,45.6754],[13.428,45.6811],[13.432,45.6836],[13.5261,45.6664],[13.6201,45.6492],[13.772,45.6214],[13.7599,45.6135],[13.757,45.6137],[13.7302,45.6131],[13.7118,45.5932],[13.7196,45.5872],[13.6474,45.5418],[13.6109,45.538],[13.5896,45.5358],[13.5686,45.5393],[13.5728,45.53],[13.5786,45.5234],[13.5857,45.5197],[13.5773,45.5171],[13.5479,45.5005],[13.5071,45.5119],[13.5046,45.4839],[13.5208,45.4573],[13.5134,45.4362],[13.5549,45.3611],[13.5413,45.3461],[13.5618,45.3264],[13.5703,45.3253],[13.5766,45.3069],[13.5755,45.3065],[13.5774,45.3046],[13.5915,45.264],[13.5882,45.2596],[13.5942,45.2208],[13.5823,45.1966],[13.5994,45.1713],[13.6006,45.1373],[13.6197,45.1387],[13.6238,45.1232],[13.6126,45.1179],[13.6369,45.0936],[13.6232,45.0731],[13.6813,45.0464],[13.7328,44.9949],[13.7493,44.9825],[13.8073,44.9079],[13.8049,44.8854],[13.8237,44.8868],[13.8339,44.8736],[13.8338,44.8734],[13.7993,44.8646],[13.8491,44.8472],[13.8491,44.8266],[13.897,44.8131],[13.9032,44.7724],[13.918,44.7783],[13.8911,44.8314],[13.9013,44.8292],[13.9017,44.8292],[13.9039,44.8294],[13.9363,44.8199],[13.9517,44.8024],[13.9519,44.8026],[13.9521,44.8024],[13.9597,44.813],[13.9639,44.8118],[14,44.8131],[13.9727,44.8266],[13.9727,44.8314],[14.0288,44.9105],[14.0421,44.9265],[14.0828,44.9839],[14.0689,44.9495],[14.1133,44.9775],[14.1399,44.9713],[14.1637,44.9958],[14.1662,45.0189],[14.1551,45.0678],[14.1745,45.0896],[14.1931,45.1056],[14.1916,45.1088],[14.2077,45.1268],[14.2092,45.1264],[14.2347,45.1546],[14.2026,45.1716],[14.1946,45.275],[14.2105,45.3278],[14.1995,45.3756],[14.2036,45.4039],[14.1389,45.4343],[14.1173,45.473],[14.1455,45.4762],[14.2187,45.4972],[14.2804,45.4811],[14.3268,45.4749],[14.3728,45.4778],[14.4112,45.4932],[14.4689,45.5256],[14.4821,45.5424],[14.4915,45.5792],[14.4986,45.5962],[14.5436,45.6364],[14.5561,45.6567],[14.5691,45.6643],[14.5809,45.6678],[14.5919,45.6634],[14.5941,45.648],[14.5939,45.6162],[14.6031,45.6036],[14.616,45.5941],[14.6503,45.5748],[14.6637,45.5702],[14.6717,45.5568],[14.6685,45.534],[14.6883,45.522],[14.7815,45.4931],[14.7972,45.4652],[14.8388,45.459],[14.8816,45.4698],[14.9008,45.4931],[14.9044,45.5144],[14.9226,45.5149],[14.9454,45.5045],[14.9626,45.4931],[14.9773,45.4917],[15.0074,45.4808],[15.0562,45.4799],[15.0661,45.4739],[15.1393,45.43],[15.1842,45.4256],[15.2258,45.4365],[15.2816,45.451],[15.314,45.4505],[15.3339,45.4585],[15.3614,45.482],[15.311,45.5059],[15.2967,45.523],[15.2822,45.5715],[15.2696,45.5934],[15.2686,45.6017],[15.2879,45.6103],[15.2974,45.6257],[15.3267,45.6323],[15.3531,45.6403],[15.3738,45.6402],[15.3683,45.649],[15.35,45.6696],[15.3829,45.6904],[15.4209,45.6953],[15.4738,45.6618],[15.5131,45.6473],[15.5137,45.6324],[15.5756,45.6024],[15.5936,45.6205],[15.6264,45.6214],[15.6633,45.6049],[15.7316,45.5886],[15.7474,45.5952],[15.7392,45.5589],[15.7799,45.5225],[15.8129,45.5234],[15.8425,45.4659],[15.8372,45.4363],[15.8141,45.3987],[15.7799,45.3951],[15.716,45.4208],[15.6765,45.4252],[15.6568,45.4152],[15.6723,45.3982],[15.6651,45.3766],[15.6796,45.3488],[15.6639,45.3396],[15.6564,45.2851],[15.6616,45.2681],[15.6312,45.2395],[15.6394,45.2107],[15.7049,45.2009],[15.7617,45.21],[15.8026,45.1965],[15.8248,45.211],[15.8789,45.2172],[16.0085,45.2182],[16.0292,45.205],[16.0244,45.1843],[16.0675,45.1696],[16.1041,45.1125],[16.213,45.0315],[16.2793,45.0072],[16.3162,45.0012],[16.346,45.02],[16.382,45.0837],[16.3818,45.1076],[16.4355,45.1329],[16.4819,45.1995],[16.5289,45.2223],[16.587,45.2209],[16.7863,45.1788],[16.8242,45.1891],[16.8307,45.217],[16.9244,45.2845],[16.9473,45.2357],[16.9612,45.2509],[17.0083,45.2162],[17.0363,45.2305],[17.0557,45.2004],[17.1246,45.1691],[17.1871,45.1486],[17.2455,45.1554],[17.269,45.1895],[17.3824,45.1396],[17.4341,45.1486],[17.4478,45.1343],[17.4962,45.1417],[17.4893,45.1163],[17.5724,45.1204],[17.63,45.1573],[17.6847,45.164],[17.7145,45.152],[17.7657,45.111],[17.7975,45.082],[17.8357,45.0644],[17.9026,45.0778],[17.9277,45.092],[17.9885,45.1438],[18.0191,45.1494],[18.0903,45.108],[18.1437,45.0977],[18.1749,45.1008],[18.1993,45.119],[18.2023,45.1441],[18.2379,45.1575],[18.262,45.1507],[18.3223,45.1229],[18.3929,45.1186],[18.412,45.1124],[18.4518,45.085],[18.4817,45.0669],[18.517,45.0559],[18.5411,45.0553],[18.5348,45.0884],[18.6167,45.0977],[18.6405,45.0654],[18.6581,45.0663],[18.6661,45.083],[18.689,45.0802],[18.7263,45.0261],[18.7501,45.0122],[18.789,45.0057],[18.8046,44.9738],[18.7726,44.9425],[18.7834,44.9137],[18.8178,44.8875],[18.8421,44.8762],[18.8587,44.8685],[18.8896,44.8612],[18.9749,44.8628],[19.0158,44.8656],[19.0846,44.879],[19.1743,44.9254],[19.2019,44.9084],[19.2395,44.9151],[19.3102,44.9124],[19.357,44.8959],[19.3766,44.863],[19.3637,44.8546],[19.3284,44.734],[19.3084,44.7051],[19.2776,44.6849],[19.2557,44.6456],[19.1863,44.5693],[19.1796,44.5383],[19.1299,44.5183],[19.1434,44.4582],[19.1414,44.4308],[19.1072,44.3827],[19.1167,44.3437],[19.1389,44.3093],[19.1772,44.287],[19.2637,44.2702],[19.2959,44.2758],[19.3243,44.264],[19.354,44.2243],[19.3624,44.1912],[19.4426,44.1432],[19.4597,44.1527],[19.4764,44.127],[19.5162,44.0912],[19.546,44.1138],[19.6093,44.1233],[19.6182,44.1437],[19.6593,44.1374],[19.6755,44.1251],[19.7413,44.1045],[19.7812,44.0535],[19.8109,44.0602],[19.8064,44.0835],[19.7739,44.1124],[19.796,44.1213],[19.8264,44.1053],[19.861,44.1288],[19.9082,44.1212],[19.9061,44.1029],[19.9508,44.0793],[19.9778,44.0756],[20.0095,44.1042],[20.062,44.0853],[20.1246,44.0737],[20.1291,44.0967],[20.1743,44.1113],[20.2292,44.1116],[20.2885,44.1229],[20.328,44.1472],[20.3396,44.1682],[20.3685,44.1737],[20.3791,44.2],[20.3975,44.2046],[20.4231,44.2418],[20.4154,44.2841],[20.3891,44.2943],[20.4003,44.3247],[20.4312,44.3603],[20.3996,44.3821],[20.4095,44.4026],[20.4422,44.4189],[20.4838,44.3989],[20.5379,44.3857],[20.5431,44.3556],[20.6065,44.3737],[20.623,44.3398],[20.6498,44.3218],[20.6846,44.3347],[20.7314,44.3227],[20.772,44.2978],[20.7676,44.3312],[20.787,44.3448],[20.7579,44.3511],[20.7315,44.3785],[20.7567,44.416],[20.7759,44.4228],[20.8191,44.4159],[20.8376,44.4415],[20.8211,44.464],[20.7641,44.496],[20.7371,44.533],[20.8064,44.5632],[20.7815,44.5876],[20.7715,44.6163],[20.7948,44.6647],[20.7636,44.6684],[20.7203,44.6962],[20.672,44.744],[20.6333,44.7652],[20.6282,44.7886],[20.6364,44.8494],[20.595,44.858],[20.6001,44.8886],[20.5732,44.9103],[20.527,44.9254],[20.4988,44.9484],[20.4974,44.9648],[20.4522,44.9851],[20.3985,45.0314],[20.3952,45.0652],[20.339,45.0803],[20.2778,45.141],[20.2224,45.1755],[20.185,45.185],[20.0648,45.1755],[19.9856,45.1898],[19.9803,45.1598],[19.9126,45.1426],[19.792,45.1471],[19.7731,45.1671],[19.6988,45.1417],[19.6001,45.1384],[19.5386,45.1505],[19.4609,45.1741],[19.428,45.1461],[19.3939,45.1716],[19.4078,45.2031],[19.3781,45.2296],[19.2898,45.2363],[19.1585,45.2762],[19.1041,45.2987],[19.083,45.3392],[19.0302,45.3451],[18.9775,45.3712],[18.9755,45.3911],[19.0226,45.4024],[19.0313,45.4162],[19.0023,45.4437],[18.9964,45.4738],[19.0179,45.4978],[19.0772,45.4916],[19.1063,45.5116],[19.0951,45.5261],[19.051,45.5389],[19.0181,45.5674],[18.9602,45.5391],[18.9417,45.5389],[18.9036,45.5731],[18.9124,45.6192],[18.9685,45.6687],[18.9627,45.6831],[18.9173,45.7066],[18.9002,45.7649],[18.8487,45.8096],[18.8553,45.8574],[18.8998,45.8614],[18.904,45.8757],[18.8729,45.8952],[18.907,45.9157],[18.9013,45.9312],[18.8225,45.9056],[18.8015,45.92],[18.8241,45.9402],[18.8524,46.0112],[18.8447,46.0499],[18.822,46.0989],[18.7858,46.0997],[18.8292,46.1229],[18.8072,46.1314],[18.8026,46.1614],[18.8335,46.1618],[18.8539,46.1932],[18.8233,46.2063],[18.8417,46.2257],[18.8984,46.234],[18.9144,46.2457],[18.9133,46.3306],[18.8922,46.3784],[18.8989,46.4143],[18.9227,46.4686],[18.9201,46.4988],[18.8772,46.5912],[18.8581,46.6148],[18.8853,46.6352],[18.9529,46.6561],[18.9816,46.6763],[19.0018,46.7085],[18.9847,46.7756],[18.9276,46.8271],[18.9267,46.8484],[18.9309,46.8771],[18.9488,46.9039],[18.9665,46.9172],[18.9669,46.9358],[18.9605,46.9774],[18.9552,46.9947],[18.968,47.0332],[18.9031,47.0816],[18.8792,47.1492],[18.8869,47.2081],[18.9076,47.2374],[18.9188,47.2871],[18.9028,47.3038],[18.9286,47.3185],[18.9423,47.344],[18.949,47.3693],[18.9555,47.4045],[18.9247,47.4285],[18.8913,47.4422],[18.8638,47.4618],[18.8383,47.454],[18.8442,47.4206],[18.8619,47.3872],[18.8194,47.3563],[18.7804,47.4105],[18.787,47.439],[18.7756,47.4645],[18.7246,47.5076],[18.685,47.5619],[18.7104,47.5787],[18.7259,47.605],[18.775,47.6381],[18.7591,47.6648],[18.8113,47.6702],[18.8637,47.6661],[18.853,47.7171],[18.8938,47.7268],[18.9165,47.7217],[18.9157,47.7712],[18.8833,47.8122],[18.8149,47.8322],[18.7677,47.8223],[18.6928,47.778],[18.6338,47.7798],[18.5974,47.7907],[18.5526,47.7928],[18.3479,47.7768],[18.273,47.7563],[18.2359,47.7539],[18.1126,47.7625],[17.8835,47.7525],[17.8257,47.75],[17.7192,47.7737],[17.6767,47.7892],[17.6399,47.8192],[17.6042,47.8342],[17.5726,47.8295],[17.5266,47.8721],[17.472,47.8888],[17.3694,47.9812],[17.3379,47.9987],[17.2623,48.0073],[17.1848,48.0203],[17.1483,48.0054],[17.125,48.0195],[17.0697,48.0357],[17.0591,48.0604],[17.0802,48.0976],[17.0625,48.1127],[17.0475,48.131],[17.0072,48.1428],[16.9819,48.1613],[16.9506,48.2766],[16.9166,48.2908],[16.8984,48.3162],[16.9019,48.3394],[16.8445,48.3656],[16.8608,48.4438],[16.9139,48.5193],[16.9491,48.5448],[16.945,48.6042],[16.9105,48.6308],[16.8967,48.697],[16.873,48.719],[16.7989,48.7092],[16.729,48.7331],[16.662,48.74],[16.6431,48.7783],[16.5103,48.8048],[16.4357,48.7945],[16.385,48.7371],[16.3583,48.7273],[16.1778,48.7465],[16.0854,48.7429],[16.0323,48.7581],[15.9081,48.8197],[15.886,48.842],[15.8401,48.8501],[15.8185,48.8723],[15.7792,48.8709],[15.7268,48.855],[15.6813,48.8585],[15.6037,48.8874],[15.5442,48.9026],[15.4719,48.9367],[15.3355,48.975],[15.2629,48.9826],[15.2381,48.9508],[15.1419,48.9375],[15.149,48.9653],[15.1374,48.993],[15.0596,48.9972],[14.9821,49.0079],[14.9646,48.9717],[14.9682,48.885],[14.9381,48.8028],[14.9511,48.7803],[14.9193,48.7616],[14.8677,48.7756],[14.8004,48.7765],[14.7754,48.724],[14.7227,48.6934],[14.7038,48.6731],[14.7007,48.6155],[14.6911,48.5865],[14.6592,48.577],[14.6347,48.6023],[14.6019,48.6045],[14.5788,48.6205],[14.522,48.6106],[14.4821,48.6245],[14.4582,48.6432],[14.4436,48.6365],[14.4054,48.5863],[14.3157,48.5579],[14.2165,48.5812],[14.0748,48.5917],[14.0408,48.6012],[14.0062,48.6395],[14.0329,48.6549],[13.9823,48.7065],[13.915,48.731],[13.8559,48.7593],[13.8157,48.7664],[13.7962,48.7798],[13.7247,48.8673],[13.6544,48.8822],[13.6218,48.9091],[13.6087,48.9462],[13.5905,48.9448],[13.5224,48.9693],[13.5021,48.9661],[13.4823,48.9376],[13.4273,48.96],[13.3842,48.993],[13.3724,49.0385],[13.2995,49.0936],[13.2673,49.1056],[13.2068,49.1075],[13.1785,49.1183],[13.1495,49.1548],[13.0558,49.2382],[13.0113,49.2678],[12.9998,49.2949],[12.9229,49.3327],[12.8847,49.3396],[12.8754,49.3239],[12.7978,49.3278],[12.7621,49.3432],[12.7293,49.3911],[12.6435,49.4295],[12.6272,49.4602],[12.623,49.5098],[12.5937,49.515],[12.5623,49.5508],[12.5536,49.5847],[12.502,49.6197],[12.4964,49.67],[12.4196,49.7002],[12.3836,49.7429],[12.3954,49.7579],[12.4527,49.7797],[12.4625,49.8312],[12.4825,49.8272],[12.5129,49.8702],[12.5241,49.905],[12.4627,49.9313],[12.4682,49.9702],[12.3,50.0271],[12.2469,50.045],[12.2325,50.0805],[12.1879,50.1028],[12.1792,50.118],[12.1827,50.1707],[12.1393,50.211],[12.0796,50.2427],[12.1091,50.2638],[12.1073,50.2909],[12.0761,50.3152],[12.1013,50.314],[12.0937,50.3226],[12.0399,50.3288],[11.986,50.3516],[11.9812,50.3853],[11.9405,50.4145],[11.9053,50.4152],[11.8997,50.4293],[11.9311,50.4403],[11.9475,50.4622],[11.9258,50.4884],[11.9447,50.5159],[11.9894,50.5461],[12.0485,50.5316],[12.0812,50.5613],[12.1454,50.5625],[12.1587,50.6037],[12.1869,50.6264],[12.2529,50.6263],[12.29,50.6434],[12.3218,50.674],[12.2855,50.677],[12.2628,50.7222],[12.2412,50.7222],[12.2492,50.7426],[12.2855,50.7693],[12.258,50.7925],[12.3308,50.8064],[12.3642,50.8233],[12.4244,50.8243],[12.4628,50.8566],[12.5275,50.8766],[12.6017,50.8764],[12.6109,50.8701],[12.6472,50.8999],[12.6022,50.9525],[12.5457,50.9713],[12.4914,51.0285],[12.4837,51.0583],[12.3289,51.0878],[12.2646,51.0838],[12.2464,51.0326],[12.2754,51.0098],[12.2171,50.9542],[12.2008,50.9279],[12.1595,50.952],[12.1204,50.9445],[12.0679,50.9561],[12.0046,50.949],[11.9609,50.971],[11.9314,50.9981],[11.8607,51.0226],[11.7326,51.0175],[11.6974,51.0642],[11.6891,51.0919],[11.6631,51.1012],[11.6275,51.0956],[11.5352,51.1003],[11.5047,51.0892],[11.4274,51.0988],[11.4264,51.1077],[11.4203,51.1597],[11.3886,51.1899],[11.333,51.2163],[11.3524,51.2301],[11.4224,51.2437],[11.4519,51.2715],[11.3672,51.3575],[11.3149,51.3833],[11.1962,51.3974],[11.1538,51.3969],[10.9991,51.4087],[10.9645,51.4278],[10.9718,51.4627],[10.9454,51.4995],[10.965,51.4721],[11.3,51.52],[11.6,51.45],[11.9,51.42],[12.1,51.47],[12.22,51.6],[12.2662,51.7155],[12,51.68],[11.8,51.68],[11.65,51.72],[11.75,51.9],[11.8596,51.973],[11.74,52.02],[11.66,52.13],[11.7,52.23],[11.77,52.31],[11.9,52.45],[11.98,52.55],[12,52.67],[12.04,52.79],[12.04,52.86],[11.9795,52.8859],[11.9655,52.8852],[11.8967,52.9017],[11.8319,52.9282],[11.8444,52.946],[11.8158,52.9593],[11.8073,52.9603],[11.798,52.9676],[11.75,52.99],[11.7435,52.992],[11.6942,52.984],[11.6814,53.0106],[11.6696,53.0141],[11.6223,53.0224],[11.623,53.0281],[11.5802,53.041],[11.5619,53.01],[11.5813,53.0429],[11.4907,53.0607],[11.4609,53.0794],[11.4169,53.0809],[11.3656,53.064],[11.3276,53.0724],[11.2741,53.1175],[11.2558,53.1362],[11.2397,53.142],[11.2247,53.153],[11.2014,53.1405],[11.1943,53.1409],[11.1645,53.1709],[11.1434,53.1727],[11.1093,53.1558],[11.0894,53.1442],[11.0681,53.1555],[11.0401,53.1664],[10.9302,53.2285],[10.8393,53.2601],[10.8073,53.2756],[10.7868,53.2934],[10.7751,53.3002],[10.7558,53.3029],[10.7394,53.3085],[10.7346,53.3217],[10.7316,53.352],[10.7097,53.3683],[10.6755,53.3737],[10.6012,53.3718],[10.5695,53.3639],[10.5284,53.3724],[10.3864,53.4239],[10.328,53.4327],[10.2661,53.4271],[10.2416,53.4066],[10.1865,53.4044],[10.1536,53.4136],[10.1314,53.4306],[10.0831,53.4509],[10.0387,53.4431],[10.0304,53.4292],[9.9854,53.4151],[9.95,53.422],[9.9093,53.4181],[9.9055,53.4412],[9.8908,53.449],[9.8572,53.4329],[9.85,53.4375],[9.8106,53.4624],[9.7684,53.5082],[9.764,53.5477],[9.7818,53.5453],[9.7818,53.5697],[9.7441,53.5724],[9.7441,53.5503],[9.7063,53.5553],[9.7063,53.5775],[9.6685,53.5828],[9.6685,53.5681],[9.6372,53.581],[9.6307,53.5827],[9.5929,53.5928],[9.5671,53.5996],[9.5551,53.6101],[9.5173,53.6433],[9.5173,53.691],[9.4894,53.691],[9.4894,53.7278],[9.4615,53.7387],[9.4569,53.7405],[9.4115,53.7405],[9.4115,53.7815],[9.409,53.7891],[9.3661,53.7891],[9.3661,53.827],[9.3283,53.827],[9.3283,53.8551],[9.2956,53.8719],[9.2905,53.8732],[9.2527,53.8827],[9.2527,53.8651],[9.1393,53.8651],[9.1393,53.8919],[9.1015,53.8924],[9.1015,53.8632],[9.0637,53.8578],[9.0637,53.8772],[9.0259,53.8772],[9.0259,53.8725],[8.9881,53.8725],[8.9881,53.8873],[8.9125,53.8873],[8.9125,53.8902],[8.8369,53.8902],[8.8369,53.8919],[8.7991,53.8919],[8.7991,53.9493],[8.7613,53.9493],[8.7613,53.9565],[8.7235,53.9565],[8.7235,53.9648],[8.7032,53.95],[8.6857,53.9372],[8.6101,53.8822],[8.6071,53.8815],[8.5733,53.8577],[8.5715,53.8542],[8.5,53.8021],[8.4434,53.7609],[8.3152,53.6676],[8.1614,53.5557],[8.1498,53.5602],[8.1244,53.5836],[8.1276,53.5908],[8.1074,53.5992],[8.0253,53.6747],[8.0314,53.7081],[7.9599,53.7204],[7.9365,53.748],[7.9361,53.748],[7.4711,53.7178],[7.2267,53.702],[7.1009,53.6938],[6.9823,53.5647],[6.954,53.5339],[6.9256,53.503],[6.9212,53.4982],[6.9065,53.4822],[6.8601,53.4838],[6.7379,53.4881],[6.4935,53.4965],[6.463,53.4976],[6.4324,53.4987],[6.4018,53.4997],[6.3713,53.5008],[6.3408,53.5018],[6.3245,53.5024],[6.3189,53.5072],[6.3345,53.511],[6.3337,53.5111],[6.3343,53.5112],[6.3338,53.5112],[6.3345,53.5114],[6.3118,53.5132],[6.3108,53.5141],[6.305,53.5138],[6.2913,53.5149],[6.2909,53.5149],[6.2752,53.5122],[6.2118,53.5089],[6.2017,53.5067],[6.1269,53.5092],[6.0753,53.511],[6.0749,53.511],[6.0046,53.4895],[5.9333,53.4678],[5.9138,53.4739],[5.8856,53.4732],[5.8773,53.4749],[5.8769,53.4749],[5.7077,53.4732],[5.6537,53.4663],[5.6541,53.4659],[5.6537,53.4659],[5.6545,53.4652],[5.6419,53.4634],[5.6361,53.4487],[5.679,53.4301],[5.7363,53.4435],[5.7854,53.4474],[5.8556,53.4474],[5.876,53.4502],[5.5158,53.3402],[5.2714,53.2655],[5.1492,53.2282],[5.0881,53.2095],[5.0576,53.2002],[5.027,53.1908],[4.9883,53.179],[4.9495,53.1672],[4.8974,53.1512],[4.8872,53.1644],[4.8872,53.1833],[4.8868,53.1831],[4.8868,53.1833],[4.8858,53.1827],[4.8858,53.1867],[4.8543,53.1877],[4.8057,53.133],[4.7597,53.1091],[4.7167,53.096],[4.7068,53.093],[4.4064,52.5894],[4.3168,52.4391],[4.2944,52.4015],[4.2719,52.3639],[4.2271,52.2887],[4.0493,51.9907],[4.0225,51.9944],[4.01,51.9801],[4.0257,51.951],[3.9638,51.8472],[3.9627,51.8474],[3.8623,51.8161],[3.8716,51.7883],[3.9339,51.7971],[3.9173,51.7693],[3.9016,51.743],[3.8101,51.7473],[3.7928,51.7457],[3.7892,51.7459],[3.7888,51.7459],[3.7825,51.7448],[3.7258,51.7397],[3.7054,51.7314],[3.6988,51.7303],[3.6988,51.7288],[3.6895,51.725],[3.6867,51.6927],[3.7206,51.6768],[3.7654,51.6784],[3.7758,51.6858],[3.8159,51.693],[3.8244,51.69],[3.8596,51.6726],[3.8284,51.6204],[3.8118,51.6115],[3.5604,51.5946],[3.5469,51.5894],[3.5008,51.5775],[3.4838,51.5652],[3.4575,51.5551],[3.447,51.546],[3.4619,51.519],[3.4948,51.5009],[3.5321,51.4626],[3.4881,51.4392],[3.4608,51.4246],[3.4179,51.4017],[3.3878,51.3857],[3.3828,51.3847],[3.3496,51.3778],[3.3477,51.3774],[3.3126,51.3702],[3.2775,51.3629],[3.2236,51.3518],[3.2073,51.3464],[3.1248,51.3297],[2.9983,51.2774],[2.9608,51.265],[2.9162,51.2478],[2.6523,51.1824],[2.5658,51.1609],[2.5226,51.1502],[2.5144,51.1482],[2.4793,51.1401],[2.1333,51.0605],[2.0901,51.0505],[2.0468,51.0405],[1.9603,51.0206],[1.6396,50.9468],[1.6143,50.8782],[1.5806,50.8688],[1.5946,50.8248],[1.512,50.6011],[1.4707,50.4893],[1.4501,50.4334],[1.4398,50.4055],[1.4294,50.3775],[1.3696,50.2153],[1.3489,50.1593],[1.3372,50.1276],[1.2877,50.111],[1.268,50.1044],[1.1871,50.0772],[1.0252,50.0229],[0.0541,49.6971],[-0.1077,49.6428],[-0.1887,49.6156],[-0.2696,49.5885],[-0.31,49.5749],[-0.3505,49.5613],[-0.4314,49.5342],[-0.5933,49.4799],[-0.887,49.3813],[-0.9169,49.3864],[-0.9404,49.3923],[-0.9543,49.3928],[-0.9592,49.3936],[-0.9596,49.3936],[-0.9698,49.3933],[-1.0723,49.3968],[-1.084,49.3909],[-1.158,49.4245],[-1.1847,49.4366],[-1.1932,49.4457],[-1.212,49.4688],[-1.2328,49.4943],[-1.263,49.5914],[-1.2533,49.6123],[-1.2278,49.6241],[-1.2322,49.6414],[-1.258,49.6792],[-1.258,49.68],[-1.2587,49.6802],[-1.2711,49.6984],[-1.3913,49.7127],[-1.4557,49.7022],[-1.4752,49.6884],[-1.5894,49.6679],[-1.7044,49.6818],[-1.7249,49.682],[-1.7251,49.682],[-1.9348,49.7772],[-1.9347,49.777],[-1.9352,49.7772],[-1.9351,49.7767],[-1.9352,49.7768],[-1.9208,49.7253],[-1.9352,49.7241],[-1.9456,49.678],[-1.9051,49.6693],[-1.8704,49.5452],[-1.8847,49.5309],[-1.8602,49.5086],[-1.7352,49.0619],[-1.6727,48.8386],[-1.6415,48.727],[-1.6266,48.6738],[-1.6185,48.645],[-1.6404,48.6483],[-1.6719,48.6532],[-1.735,48.6628],[-1.8466,48.68],[-1.8363,48.6911],[-1.8437,48.7121],[-1.9484,48.6956],[-2.022,48.7069],[-2.0588,48.7125],[-2.0588,48.667],[-2.022,48.667],[-2.022,48.6495],[-2.0287,48.6433],[-2.0275,48.6415],[-2.022,48.6333],[-2.022,48.6159],[-2.0323,48.6159],[-2.0175,48.5907],[-1.9988,48.5907],[-1.9988,48.5654],[-1.9982,48.5648],[-1.9652,48.5648],[-1.9491,48.5392],[-1.9485,48.5383],[-1.9251,48.5448],[-1.9102,48.5036],[-1.918,48.473],[-1.944,48.4467],[-1.9517,48.4228],[-1.9327,48.3639],[-1.9615,48.3421],[-1.9615,48.3003],[-1.9824,48.2803],[-2.066,48.2952],[-2.1172,48.2608],[-2.1602,48.2607],[-2.186,48.2226],[-2.2108,48.2096],[-2.2319,48.1641],[-2.2873,48.1337],[-2.2352,48.0786],[-2.1882,48.0797],[-2.1913,48.0525],[-2.2576,48.0389],[-2.2711,48.0054],[-2.2554,47.9974],[-2.1677,47.9847],[-2.1243,47.9636],[-2.106,47.945],[-2.1002,47.9119],[-2.1095,47.8488],[-2.0612,47.8463],[-2.0524,47.8218],[-2.068,47.7962],[-2.1223,47.7743],[-2.1103,47.7588],[-2.0716,47.7572],[-2.0767,47.7333],[-2.1159,47.7317],[-2.1263,47.7142],[-2.1062,47.669],[-2.1028,47.6393],[-2.0885,47.6326],[-2.0858,47.608],[-2.11,47.5423],[-2.1544,47.5131],[-2.1868,47.4814],[-2.2109,47.5076],[-2.2534,47.4953],[-2.3023,47.5016],[-2.3345,47.464],[-2.4041,47.4556],[-2.4331,47.4658],[-2.4611,47.4526],[-2.4649,47.4535],[-2.4649,47.4322],[-2.5014,47.4322],[-2.5014,47.4247],[-2.5379,47.4247],[-2.5379,47.4473],[-2.684,47.4473],[-2.684,47.411],[-2.7238,47.411],[-2.7238,47.4045]],[[12.3856,43.9245],[12.3957,43.9484],[12.411,43.9597],[12.4166,43.9637],[12.4214,43.9672],[12.4272,43.9694],[12.4533,43.9791],[12.4822,43.9826],[12.4892,43.9731],[12.4907,43.965],[12.4924,43.9564],[12.4915,43.9491],[12.4903,43.9392],[12.4831,43.9292],[12.4822,43.9279],[12.4796,43.9258],[12.478,43.9232],[12.4775,43.9201],[12.4783,43.917],[12.4644,43.9001],[12.4605,43.8953],[12.4413,43.8933],[12.4294,43.8921],[12.4211,43.8952],[12.3996,43.9032],[12.39,43.9179],[12.3856,43.9245]]],[[[-2.6735,49.4335],[-2.6693,49.4309],[-2.5731,49.4309],[-2.5521,49.4267],[-2.549,49.4283],[-2.5472,49.4279],[-2.5472,49.428],[-2.5468,49.4279],[-2.5456,49.4301],[-2.5341,49.4362],[-2.5267,49.4585],[-2.5245,49.4688],[-2.5127,49.4903],[-2.5058,49.498],[-2.5017,49.5067],[-2.5182,49.5155],[-2.5382,49.5098],[-2.5496,49.5042],[-2.5736,49.4954],[-2.5802,49.4936],[-2.5825,49.4922],[-2.648,49.4682],[-2.6479,49.4679],[-2.648,49.4678],[-2.6464,49.464],[-2.6503,49.4637],[-2.6566,49.4594],[-2.6518,49.4452],[-2.663,49.4438],[-2.6735,49.4335]]],[[[-2.242,49.248],[-2.2332,49.2285],[-2.2296,49.2165],[-2.2376,49.1766],[-2.2375,49.1766],[-2.2376,49.1762],[-2.2372,49.1763],[-2.2372,49.1762],[-2.1826,49.1841],[-2.1772,49.1802],[-2.1687,49.1783],[-2.1626,49.1866],[-2.1013,49.1866],[-2.097,49.1837],[-2.08,49.1787],[-2.0734,49.1786],[-2.054,49.1693],[-2.0537,49.1694],[-2.0536,49.1693],[-2.0354,49.1744],[-2.0245,49.1713],[-2.0237,49.1777],[-2.0104,49.1814],[-2.0105,49.1818],[-2.0104,49.1818],[-2.014,49.2072],[-2.0083,49.2125],[-2.0158,49.2196],[-2.0176,49.2321],[-2.021,49.2333],[-2.0207,49.2353],[-2.0679,49.2507],[-2.0827,49.2602],[-2.1039,49.2582],[-2.1059,49.2568],[-2.1218,49.2582],[-2.122,49.2583],[-2.1438,49.2619],[-2.1517,49.267],[-2.1618,49.2618],[-2.2192,49.2669],[-2.2196,49.2669],[-2.2209,49.2605],[-2.2294,49.263],[-2.2411,49.2602],[-2.242,49.248]]],[[[4.8789,53.2209],[4.9102,53.2125],[4.9575,53.2456],[4.9716,53.2538],[5.1105,53.3079],[5.1098,53.3079],[5.1103,53.3081],[5.11,53.3081],[5.1105,53.3083],[5.1006,53.3085],[5.1048,53.3096],[5.0545,53.3138],[5.0428,53.3097],[5.0277,53.31],[5.0273,53.31],[4.9972,53.2937],[4.9865,53.29],[4.9212,53.2537],[4.917,53.2504],[4.9084,53.2458],[4.9087,53.2455],[4.9084,53.2454],[4.9095,53.2446],[4.8789,53.2209]]],[[[5.1789,53.3854],[5.1799,53.3531],[5.2083,53.3527],[5.3469,53.3892],[5.427,53.4064],[5.4817,53.4127],[5.4797,53.4172],[5.5821,53.4381],[5.5815,53.4382],[5.5819,53.4383],[5.5815,53.4384],[5.5821,53.4385],[5.5701,53.441],[5.5853,53.4536],[5.437,53.4365],[5.4284,53.4326],[5.4161,53.4315],[5.1893,53.3916],[5.1898,53.3914],[5.1895,53.3914],[5.1898,53.3913],[5.1893,53.3912],[5.1958,53.3891],[5.1789,53.3854]]],[[[6.6437,53.5787],[6.6441,53.5787],[6.6739,53.5799],[6.6771,53.5756],[6.7346,53.5752],[6.7293,53.582],[6.7341,53.5822],[6.7576,53.5971],[6.7981,53.6044],[6.7879,53.6163],[6.8025,53.6256],[6.802,53.6256],[6.8023,53.6258],[6.8022,53.6258],[6.8025,53.626],[6.7553,53.626],[6.6689,53.6051],[6.6641,53.6001],[6.6595,53.5991],[6.6611,53.597],[6.6437,53.5791],[6.6441,53.5791],[6.6437,53.5787]]],[[[8.5445,42.2568],[8.5771,42.1613],[8.5691,42.155],[8.5863,42.1335],[8.5867,42.1335],[8.6384,41.9822],[8.6317,41.9754],[8.5863,41.969],[8.6144,41.9441],[8.6143,41.9008],[8.6633,41.9094],[8.7118,41.7675],[8.7092,41.7636],[8.6551,41.7499],[8.703,41.7425],[8.6956,41.7294],[8.7235,41.7335],[8.7749,41.5832],[8.7949,41.5742],[8.7918,41.5612],[8.8533,41.5439],[8.8396,41.5308],[8.8737,41.5234],[8.9357,41.4892],[8.9785,41.4852],[9.0017,41.477],[9.1113,41.4221],[9.0964,41.4035],[9.1691,41.3862],[9.1939,41.3691],[9.2232,41.3725],[9.2272,41.3806],[9.2285,41.38],[9.2286,41.3802],[9.2289,41.38],[9.2431,41.4132],[9.2503,41.4278],[9.2492,41.4272],[9.2661,41.4666],[9.2708,41.4687],[9.2791,41.4916],[9.2774,41.493],[9.3016,41.5494],[9.3411,41.5693],[9.3451,41.6045],[9.3229,41.5991],[9.3325,41.6214],[9.3467,41.6196],[9.3452,41.6403],[9.3731,41.6452],[9.3675,41.6719],[9.3729,41.6784],[9.3738,41.6805],[9.4016,41.7064],[9.403,41.7797],[9.4025,41.7848],[9.4195,41.8243],[9.4365,41.8639],[9.4704,41.943],[9.5384,42.1013],[9.5527,42.113],[9.5596,42.1466],[9.5589,42.149],[9.5601,42.1519],[9.56,42.1522],[9.5601,42.1523],[9.5554,42.176],[9.5539,42.1969],[9.5596,42.2946],[9.5432,42.342],[9.5387,42.4028],[9.5459,42.4351],[9.535,42.4536],[9.5331,42.4788],[9.5322,42.5444],[9.5186,42.581],[9.4896,42.6126],[9.4978,42.5953],[9.4737,42.6162],[9.464,42.6396],[9.4577,42.6712],[9.478,42.7886],[9.4828,42.8023],[9.4844,42.8324],[9.4655,42.9235],[9.4701,42.9423],[9.4603,42.9553],[9.4629,42.9804],[9.4629,42.9808],[9.4611,42.9824],[9.464,42.9901],[9.4224,43.0174],[9.4219,43.0173],[9.4161,43.0225],[9.4157,43.0225],[9.3617,43.0173],[9.3561,43.0047],[9.3418,42.9907],[9.3441,42.9829],[8.7461,42.6279],[8.6861,42.5177],[8.6675,42.5097],[8.6597,42.4771],[8.6635,42.4761],[8.6358,42.4252],[8.6307,42.421],[8.6187,42.4196],[8.6075,42.4018],[8.5877,42.3854],[8.5877,42.3853],[8.5705,42.3818],[8.5521,42.3867],[8.5596,42.3464],[8.583,42.349],[8.5913,42.345],[8.5922,42.345],[8.5445,42.2572],[8.5446,42.257],[8.5445,42.2568]]],[[[10.1068,42.7574],[10.1306,42.7456],[10.1321,42.7426],[10.1373,42.7422],[10.1472,42.7373],[10.2297,42.7354],[10.2348,42.7426],[10.2607,42.7476],[10.2654,42.7446],[10.2918,42.7535],[10.3335,42.7616],[10.3349,42.761],[10.3695,42.7416],[10.3814,42.7226],[10.4036,42.7224],[10.4201,42.7131],[10.4201,42.7134],[10.4205,42.7131],[10.4204,42.7135],[10.4205,42.7135],[10.4189,42.7222],[10.4307,42.7221],[10.4251,42.7408],[10.414,42.7477],[10.4098,42.7704],[10.4119,42.773],[10.4203,42.7764],[10.4367,42.8044],[10.4434,42.8454],[10.422,42.8708],[10.3999,42.8688],[10.3934,42.8561],[10.3589,42.8228],[10.3265,42.8252],[10.3268,42.8262],[10.3066,42.8266],[10.2873,42.828],[10.2869,42.828],[10.2838,42.8271],[10.2721,42.8273],[10.271,42.8231],[10.2473,42.8159],[10.1804,42.813],[10.1582,42.8173],[10.1406,42.8112],[10.1285,42.8107],[10.1252,42.806],[10.1117,42.8013],[10.1068,42.7574]]]]}},
{"type":"Feature","properties":{"entityId":"frankish-kingdom","from":798,"to":799,"certainty":"estimated","source":"유럽 쪽은 Natural Earth 1:10m admin-1(v5.1.2) 현대 행정구역 조각을 그 시기 국경에 맞춰 묶고, 조각이 역사 경계와 다른 곳은 선을 그어 나눈 근사. 유럽 밖(시베리아·중앙아시아·극동)은 대략적인 추정. 운영자 검수 필요"},"geometry":{"type":"MultiPolygon","coordinates":[[[[-2.7238,47.4045],[-2.684,47.3772],[-2.6458,47.351],[-2.365,47.1585],[-2.3168,47.1254],[-2.2491,47.079],[-2.2382,47.0715],[-2.2268,47.0637],[-2.2098,47.0464],[-2.2079,47.0445],[-2.1814,47.0175],[-2.1532,46.9889],[-2.1137,46.9487],[-2.098,46.9328],[-2.1022,46.9307],[-2.0963,46.9165],[-2.122,46.9037],[-2.1313,46.8718],[-2.1188,46.82],[-2.0503,46.7921],[-2.0022,46.7575],[-1.9921,46.7485],[-1.965,46.7104],[-1.9398,46.7019],[-1.9208,46.685],[-1.8213,46.558],[-1.8048,46.5036],[-1.7817,46.4954],[-1.7854,46.514],[-1.7742,46.5093],[-1.7684,46.5002],[-1.6868,46.4609],[-1.6459,46.4558],[-1.6321,46.4501],[-1.6256,46.4311],[-1.5988,46.425],[-1.598,46.425],[-1.5344,46.3603],[-1.5025,46.3279],[-1.4706,46.2956],[-1.4421,46.2666],[-1.4136,46.2377],[-1.4905,46.2244],[-1.508,46.2456],[-1.4739,46.2381],[-1.4679,46.2499],[-1.4981,46.2619],[-1.5558,46.2518],[-1.5043,46.2077],[-1.4329,46.2108],[-1.3506,46.1737],[-1.3432,46.1662],[-1.2496,46.0712],[-1.1936,46.0143],[-1.2021,45.9262],[-1.2198,45.9431],[-1.2194,45.9439],[-1.2336,45.9917],[-1.2738,45.9976],[-1.3399,46.0378],[-1.3829,46.048],[-1.3876,46.0501],[-1.3876,46.0499],[-1.388,46.0501],[-1.388,46.0492],[-1.4049,46.0532],[-1.3833,46.0155],[-1.375,45.9858],[-1.3783,45.976],[-1.3402,45.9387],[-1.2778,45.8942],[-1.2457,45.8546],[-1.2269,45.8198],[-1.2127,45.8153],[-1.2147,45.7949],[-1.2303,45.7924],[-1.2473,45.7099],[-1.2228,45.71],[-1.23,45.6345],[-1.2337,45.5966],[-1.2373,45.5588],[-1.2518,45.4074],[-1.2808,45.1045],[-1.3388,44.4988],[-1.3458,44.4252],[-1.3529,44.3516],[-1.367,44.2044],[-1.3844,44.0225],[-1.4818,43.9099],[-1.6848,43.6753],[-1.7231,43.6311],[-1.7997,43.5425],[-1.7614,43.5425],[-1.7614,43.4982],[-1.762,43.4982],[-1.762,43.4067],[-1.8006,43.4067],[-1.8006,43.3894],[-1.7941,43.386],[-1.7969,43.3411],[-1.7682,43.3309],[-1.7497,43.2948],[-1.6739,43.3042],[-1.645,43.2924],[-1.639,43.2557],[-1.5876,43.2516],[-1.559,43.2841],[-1.5081,43.2768],[-1.4664,43.2608],[-1.4322,43.265],[-1.4035,43.2433],[-1.3997,43.2067],[-1.4258,43.1353],[-1.4878,43.0818],[-1.4753,43.0601],[-1.435,43.0357],[-1.3831,43.0292],[-1.3576,43.0468],[-1.3483,43.0931],[-1.3086,43.1136],[-1.3106,43.0695],[-1.2749,43.0468],[-1.2169,43.0393],[-1.1499,43.0057],[-1.1124,43.0083],[-1.0797,42.9934],[-1.0285,42.9867],[-0.9815,42.957],[-0.9432,42.9479],[-0.8635,42.9431],[-0.7864,42.9533],[-0.7597,42.9465],[-0.745,42.9187],[-0.7459,42.8939],[-0.7301,42.8775],[-0.7004,42.8764],[-0.6483,42.8498],[-0.6095,42.8114],[-0.5829,42.7958],[-0.5787,42.7773],[-0.5356,42.7842],[-0.5339,42.808],[-0.5084,42.8075],[-0.4545,42.7889],[-0.4239,42.7907],[-0.3228,42.8425],[-0.3051,42.8308],[-0.247,42.8048],[-0.2351,42.7862],[-0.2084,42.7839],[-0.1614,42.7953],[-0.1636,42.778],[-0.119,42.7169],[-0.0389,42.6851],[-0.0043,42.6875],[0.0728,42.7085],[0.1342,42.7152],[0.1692,42.7265],[0.2384,42.7104],[0.2754,42.6687],[0.2902,42.6703],[0.336,42.7127],[0.3542,42.7175],[0.3893,42.6851],[0.4669,42.6904],[0.4835,42.6853],[0.6082,42.688],[0.6436,42.6845],[0.6634,42.6962],[0.6756,42.6887],[0.7084,42.6342],[0.7655,42.6099],[0.7615,42.5693],[0.7306,42.5197],[0.7303,42.5007],[0.7014,42.4843],[0.7151,42.4431],[0.7329,42.4269],[0.7464,42.3905],[0.7511,42.348],[0.7417,42.264],[0.7194,42.2268],[0.7035,42.1679],[0.7031,42.1203],[0.6843,42.09],[0.6425,41.9923],[0.5762,41.9513],[0.5672,41.9327],[0.5896,41.9186],[0.5976,41.8744],[0.5422,41.8267],[0.4966,41.8088],[0.4542,41.7625],[0.406,41.753],[0.3285,41.6774],[0.3481,41.6152],[0.3652,41.5983],[0.424,41.5929],[0.4412,41.5461],[0.4004,41.4965],[0.3485,41.4721],[0.3383,41.4059],[0.3273,41.3701],[0.3517,41.3625],[0.3773,41.3214],[0.3524,41.2792],[0.3604,41.2328],[0.3858,41.2789],[0.4332,41.2761],[0.4381,41.3248],[0.4728,41.3283],[0.5098,41.2885],[0.5314,41.2928],[0.5619,41.3239],[0.6208,41.2987],[0.7364,41.3184],[0.7585,41.3313],[0.805,41.3313],[0.8335,41.3585],[0.879,41.342],[0.9577,41.3545],[0.9895,41.3983],[1.0237,41.4063],[1.062,41.4516],[1.073,41.4827],[1.1172,41.4725],[1.1574,41.4802],[1.1702,41.4954],[1.178,41.5445],[1.2078,41.5723],[1.3718,41.5654],[1.3927,41.575],[1.4071,41.5905],[1.37,41.6029],[1.3894,41.6285],[1.4385,41.6435],[1.4068,41.7042],[1.4095,41.7825],[1.4208,41.7972],[1.4558,41.7988],[1.4822,41.7768],[1.5194,41.78],[1.5602,41.7678],[1.6302,41.8291],[1.6332,41.8487],[1.6156,41.8957],[1.6432,41.9292],[1.6534,41.9681],[1.6941,41.9701],[1.7144,41.996],[1.6938,42.0056],[1.6691,41.9976],[1.6609,42.0184],[1.6924,42.0516],[1.6894,42.0793],[1.7157,42.1048],[1.7068,42.1308],[1.7372,42.1683],[1.7321,42.1894],[1.6906,42.2124],[1.6863,42.2621],[1.7156,42.2881],[1.8425,42.3063],[1.9139,42.3184],[1.9731,42.295],[2.0407,42.2935],[2.0431,42.2648],[2.0252,42.2234],[2.0542,42.1853],[2.0655,42.1372],[2.098,42.1373],[2.1293,42.1196],[2.2042,42.128],[2.2313,42.1422],[2.2802,42.1435],[2.3078,42.113],[2.3659,42.1213],[2.4195,42.0732],[2.4591,42.0734],[2.4943,42.0468],[2.5026,42.0259],[2.4894,41.9909],[2.4399,41.9494],[2.463,41.9209],[2.4428,41.8876],[2.3829,41.8715],[2.3375,41.8891],[2.3153,41.8648],[2.3179,41.8462],[2.3627,41.7987],[2.4366,41.8029],[2.5474,41.7192],[2.637,41.7332],[2.6678,41.7472],[2.7015,41.7489],[2.7479,41.7357],[2.774,41.7004],[2.7596,41.6828],[2.7785,41.6456],[2.792,41.669],[2.8511,41.6972],[2.933,41.7125],[2.9509,41.7343],[3.0403,41.7869],[3.0691,41.7991],[3.0735,41.8119],[3.1272,41.8469],[3.1502,41.8454],[3.1949,41.8883],[3.2099,41.9115],[3.2492,41.944],[3.2492,41.9444],[3.2384,42.0833],[3.224,42.1111],[3.1736,42.1354],[3.1521,42.163],[3.1658,42.2526],[3.2101,42.2397],[3.263,42.2399],[3.287,42.2629],[3.2993,42.2869],[3.3068,42.2895],[3.3067,42.2899],[3.3068,42.2899],[3.3044,42.297],[3.3177,42.323],[3.2933,42.3303],[3.2888,42.3437],[3.2384,42.368],[3.2253,42.4006],[3.2132,42.4305],[3.2108,42.4358],[3.1988,42.4617],[3.1911,42.471],[3.0908,42.5919],[3.087,42.6117],[3.0604,42.7524],[3.0502,42.806],[3.0535,42.8228],[3.0602,42.858],[3.0669,42.8931],[3.0789,42.9558],[3.1628,43.0811],[3.1703,43.0896],[3.1721,43.09],[3.1851,43.0929],[3.2652,43.1108],[3.3053,43.1198],[3.3453,43.1287],[3.4254,43.1466],[3.8117,43.233],[3.9569,43.2654],[4.0052,43.2762],[4.102,43.2978],[4.1503,43.3086],[4.1987,43.3194],[4.2471,43.3303],[4.2955,43.3411],[4.3922,43.3627],[4.5558,43.3993],[4.5808,43.3958],[4.5663,43.3711],[4.5923,43.3599],[4.6659,43.3475],[4.8203,43.3464],[4.8224,43.3626],[4.846,43.3594],[4.8558,43.3418],[4.8792,43.3548],[5.0519,43.3311],[5.0648,43.328],[5.0748,43.328],[5.3541,43.2897],[5.3573,43.2803],[5.3692,43.2704],[5.347,43.2159],[5.4398,43.2076],[5.5174,43.2074],[5.542,43.2028],[5.5727,43.1691],[5.6124,43.1604],[5.6329,43.1856],[5.6717,43.1783],[5.6752,43.1763],[5.6963,43.1469],[5.741,43.1321],[5.7515,43.1317],[5.8085,43.0984],[5.8089,43.0984],[5.817,43.0985],[5.7819,43.0791],[5.819,43.0535],[5.8566,43.0448],[5.8753,43.0688],[5.9403,43.0709],[5.9514,43.08],[5.9106,43.0932],[5.9038,43.0992],[5.9985,43.0999],[6.0165,43.0989],[6.027,43.0782],[6.0846,43.0824],[6.1145,43.0724],[6.1147,43.0725],[6.1149,43.0724],[6.1175,43.0733],[6.1321,43.0526],[6.0977,43.0313],[6.1801,43.0359],[6.1528,43.0481],[6.162,43.0887],[6.245,43.1174],[6.2804,43.1187],[6.3423,43.0908],[6.3754,43.0908],[6.3661,43.1186],[6.3785,43.1361],[6.4038,43.1455],[6.5285,43.1285],[6.5289,43.1285],[6.6061,43.1766],[6.6099,43.1734],[6.6798,43.2016],[6.6745,43.2192],[6.7673,43.2771],[6.9335,43.3806],[6.9373,43.383],[7.0118,43.4294],[7.049,43.4526],[7.0863,43.4758],[7.1073,43.4889],[7.2,43.5466],[7.2773,43.5948],[7.3624,43.6479],[7.4029,43.6731],[7.4049,43.6744],[7.4361,43.6938],[7.4474,43.6958],[7.4899,43.7033],[7.5324,43.7107],[7.6174,43.7257],[7.8501,43.7666],[7.9575,43.8525],[7.9597,43.8529],[8.0314,43.8875],[8.0677,43.8967],[8.0892,43.9199],[8.1302,43.9403],[8.168,43.9565],[8.1527,43.9832],[8.1691,44.0067],[8.2163,44.0452],[8.2217,44.0639],[8.2219,44.0641],[8.3543,44.17],[8.3694,44.1735],[8.4082,44.1935],[8.4106,44.215],[8.4297,44.2303],[8.5276,44.2591],[8.6446,44.2934],[8.6739,44.3021],[8.7032,44.3107],[8.7617,44.3279],[8.8787,44.3622],[8.8903,44.3656],[9.3468,44.1805],[9.4347,44.1448],[9.4639,44.133],[9.5809,44.0855],[9.7037,44.0357],[9.8149,44.0099],[9.9319,43.9828],[9.9904,43.9693],[10.0196,43.9625],[10.0489,43.9557],[10.0993,43.944],[10.1245,43.9382],[10.1496,43.9324],[10.2005,43.9206],[10.2229,43.849],[10.2529,43.7532],[10.283,43.6573],[10.2934,43.5791],[10.3172,43.4926],[10.3263,43.4769],[10.3411,43.4717],[10.4889,42.9998],[10.4776,42.9901],[10.4995,42.9405],[10.5108,42.9315],[10.5788,42.8738],[10.6042,42.8523],[10.6295,42.8308],[10.6802,42.7878],[10.8496,42.6441],[11.0958,42.4353],[11.0869,42.4295],[11.0945,42.4027],[11.1559,42.3663],[11.1772,42.3663],[11.1905,42.355],[11.2936,42.2817],[11.3061,42.2728],[11.3518,42.2728],[11.3518,42.2787],[11.3809,42.2787],[11.3809,42.3052],[11.41,42.3052],[11.41,42.3441],[11.4392,42.3441],[11.4392,42.3786],[11.4515,42.3744],[11.4719,42.4186],[11.4981,42.434],[11.5902,42.442],[11.6018,42.4474],[11.6079,42.4873],[11.5659,42.5161],[11.5855,42.5359],[11.5882,42.5661],[11.6206,42.5601],[11.6712,42.577],[11.6938,42.5983],[11.7352,42.6162],[11.7494,42.6384],[11.7869,42.6512],[11.7868,42.7003],[11.8079,42.7383],[11.7739,42.7806],[11.7472,42.7985],[11.7647,42.8187],[11.808,42.8134],[11.8327,42.8326],[11.889,42.8504],[11.9331,42.7911],[11.9704,42.765],[11.9303,42.7091],[11.9596,42.6846],[12.0337,42.646],[12.0934,42.6606],[12.1287,42.6573],[12.1566,42.6754],[12.2406,42.6391],[12.2455,42.5855],[12.2715,42.5661],[12.2802,42.5104],[12.3007,42.4899],[12.3428,42.4919],[12.3936,42.4625],[12.4174,42.4285],[12.4515,42.421],[12.4311,42.3931],[12.4651,42.3869],[12.504,42.3906],[12.5284,42.3695],[12.5926,42.401],[12.6117,42.4338],[12.6121,42.4631],[12.6657,42.4435],[12.7222,42.454],[12.7161,42.4896],[12.7552,42.5003],[12.78,42.5271],[12.8801,42.5647],[12.8792,42.5903],[12.902,42.6096],[12.988,42.608],[13.0176,42.6316],[13.0593,42.6238],[13.1188,42.646],[13.1539,42.6451],[13.1891,42.694],[13.1945,42.7346],[13.2423,42.7356],[13.2679,42.7446],[13.3117,42.7193],[13.3376,42.6877],[13.3518,42.6566],[13.3863,42.6444],[13.3759,42.6038],[13.3689,42.586],[13.338,42.5746],[13.286,42.5722],[13.1861,42.5869],[13.1743,42.5574],[13.1353,42.5383],[13.1635,42.5123],[13.1647,42.4801],[13.1318,42.4548],[13.1324,42.4264],[13.1784,42.3999],[13.1594,42.3672],[13.1633,42.3386],[13.211,42.3135],[13.223,42.2782],[13.2671,42.2336],[13.3,42.2216],[13.317,42.1969],[13.3618,42.1898],[13.3173,42.1727],[13.2905,42.1317],[13.2608,42.1386],[13.2339,42.1291],[13.1731,42.153],[13.0988,42.1737],[13.0733,42.1413],[13.0296,42.1156],[13.0137,42.1085],[13.017,42.0546],[13.0284,42.0319],[13.0823,42.0189],[13.0971,42.0237],[13.2801,41.9468],[13.2979,41.947],[13.3532,41.9192],[13.3702,41.9031],[13.3554,41.8715],[13.3571,41.8308],[13.4052,41.8316],[13.5014,41.796],[13.5293,41.7708],[13.5788,41.7699],[13.6466,41.8105],[13.7148,41.7948],[13.7443,41.7546],[13.7939,41.7535],[13.8918,41.7237],[13.9457,41.6882],[13.9946,41.6869],[14.0352,41.7036],[14.063,41.7288],[14.0988,41.7251],[14.186,41.7705],[14.1432,41.8147],[14.1606,41.8418],[14.1916,41.8396],[14.2294,41.8774],[14.2829,41.9062],[14.3336,41.8691],[14.3724,41.8736],[14.4329,41.837],[14.4323,41.8139],[14.4576,41.7658],[14.4904,41.7761],[14.5146,41.7861],[14.5766,41.8556],[14.6484,41.9249],[14.6503,41.9504],[14.6735,41.9594],[14.7443,42.013],[14.7634,42.0779],[14.7675,42.0766],[14.7675,42.1157],[14.8105,42.1157],[14.8105,42.1342],[14.8362,42.1342],[14.8362,42.1701],[14.848,42.1701],[14.6493,42.314],[14.3854,42.5052],[14.3782,42.5104],[14.3311,42.5445],[14.2841,42.5785],[14.19,42.6467],[14.1024,42.7101],[14.0313,42.7616],[13.9603,42.878],[13.9346,42.92],[13.909,42.962],[13.8577,43.046],[13.8535,43.0674],[13.8348,43.1273],[13.8102,43.1648],[13.8045,43.1804],[13.7831,43.2208],[13.7803,43.2365],[13.7457,43.2911],[13.6929,43.3905],[13.6909,43.3933],[13.647,43.4753],[13.617,43.5313],[13.6156,43.5605],[13.5692,43.5803],[13.5432,43.6132],[13.5044,43.6328],[13.4863,43.6206],[13.4293,43.6402],[13.2153,43.7551],[13.1815,43.7732],[13.0798,43.8278],[12.9443,43.9005],[12.9289,43.9158],[12.9032,43.9234],[12.8992,43.9247],[12.7714,43.9933],[12.7385,44.011],[12.7055,44.0287],[12.6396,44.064],[12.5877,44.0919],[12.5078,44.2162],[12.4895,44.2447],[12.4665,44.2804],[12.4436,44.316],[12.3978,44.3873],[12.3861,44.4054],[12.2828,44.5661],[12.2858,44.6027],[12.2713,44.627],[12.3506,44.8112],[12.3757,44.7922],[12.3934,44.7935],[12.3452,44.8238],[12.3435,44.8401],[12.2904,44.8716],[12.2845,44.9087],[12.2948,44.9274],[12.272,44.9364],[12.2233,44.9261],[12.1699,44.9372],[12.1351,44.9368],[12.1157,44.959],[12.0872,44.9705],[11.9907,44.9839],[11.9305,44.9785],[11.8696,44.9854],[11.7973,44.9776],[11.7564,44.9612],[11.7357,44.9385],[11.6775,44.9224],[11.6403,44.8983],[11.6063,44.8988],[11.5534,44.9292],[11.4885,44.9435],[11.4319,44.9377],[11.4215,44.9499],[11.419,44.9669],[11.3889,44.9736],[11.3051,45.013],[11.2727,45.0338],[11.2728,45.0596],[11.1957,45.0634],[11.1929,45.0939],[11.2103,45.1043],[11.3325,45.0895],[11.3584,45.0635],[11.3859,45.053],[11.4258,45.0663],[11.4452,45.0927],[11.4111,45.1216],[11.4186,45.1318],[11.4966,45.1114],[11.5395,45.1284],[11.6025,45.1258],[11.6631,45.1079],[11.7187,45.1103],[11.7538,45.0987],[11.8009,45.1284],[11.84,45.1389],[11.9619,45.1432],[11.9755,45.1843],[11.9875,45.1906],[12.0973,45.2057],[12.1525,45.1942],[12.1608,45.2189],[12.2019,45.2474],[12.1994,45.2746],[12.198,45.2922],[12.1491,45.2922],[12.0834,45.3267],[12.0368,45.3151],[12.0167,45.343],[12.0334,45.3602],[11.9823,45.384],[11.9759,45.3977],[12.0239,45.4326],[12.0271,45.4561],[11.9915,45.4542],[11.9815,45.4707],[12.0045,45.5141],[12.0254,45.5311],[12.0396,45.5715],[12.0708,45.5763],[12.0924,45.5984],[12.1112,45.6014],[12.1886,45.5843],[12.2311,45.5367],[12.2721,45.5405],[12.2856,45.566],[12.3526,45.5839],[12.3959,45.5718],[12.4354,45.586],[12.4336,45.6318],[12.4718,45.6413],[12.4987,45.6766],[12.5225,45.6857],[12.6044,45.6859],[12.663,45.7019],[12.6719,45.7321],[12.6632,45.7689],[12.6728,45.8021],[12.699,45.8036],[12.7314,45.8272],[12.765,45.8363],[12.792,45.8562],[12.8267,45.8244],[12.8632,45.8465],[12.8946,45.8258],[12.9518,45.8207],[12.9729,45.8426],[12.9993,45.8255],[13.0019,45.782],[13.0258,45.7595],[13.0745,45.6742],[13.0956,45.6523],[13.103,45.669],[13.1497,45.7038],[13.1188,45.696],[13.1205,45.6972],[13.1488,45.7354],[13.2505,45.7168],[13.2958,45.7085],[13.341,45.7003],[13.3862,45.692],[13.4011,45.6893],[13.3767,45.6832],[13.4017,45.6754],[13.428,45.6811],[13.432,45.6836],[13.5261,45.6664],[13.6201,45.6492],[13.772,45.6214],[13.7599,45.6135],[13.757,45.6137],[13.7302,45.6131],[13.7118,45.5932],[13.7196,45.5872],[13.6474,45.5418],[13.6109,45.538],[13.5896,45.5358],[13.5686,45.5393],[13.5728,45.53],[13.5786,45.5234],[13.5857,45.5197],[13.5773,45.5171],[13.5479,45.5005],[13.5071,45.5119],[13.5046,45.4839],[13.5208,45.4573],[13.5134,45.4362],[13.5549,45.3611],[13.5413,45.3461],[13.5618,45.3264],[13.5703,45.3253],[13.5766,45.3069],[13.5755,45.3065],[13.5774,45.3046],[13.5915,45.264],[13.5882,45.2596],[13.5942,45.2208],[13.5823,45.1966],[13.5994,45.1713],[13.6006,45.1373],[13.6197,45.1387],[13.6238,45.1232],[13.6126,45.1179],[13.6369,45.0936],[13.6232,45.0731],[13.6813,45.0464],[13.7328,44.9949],[13.7493,44.9825],[13.8073,44.9079],[13.8049,44.8854],[13.8237,44.8868],[13.8339,44.8736],[13.8338,44.8734],[13.7993,44.8646],[13.8491,44.8472],[13.8491,44.8266],[13.897,44.8131],[13.9032,44.7724],[13.918,44.7783],[13.8911,44.8314],[13.9013,44.8292],[13.9017,44.8292],[13.9039,44.8294],[13.9363,44.8199],[13.9517,44.8024],[13.9519,44.8026],[13.9521,44.8024],[13.9597,44.813],[13.9639,44.8118],[14,44.8131],[13.9727,44.8266],[13.9727,44.8314],[14.0288,44.9105],[14.0421,44.9265],[14.0828,44.9839],[14.0689,44.9495],[14.1133,44.9775],[14.1399,44.9713],[14.1637,44.9958],[14.1662,45.0189],[14.1551,45.0678],[14.1745,45.0896],[14.1931,45.1056],[14.1916,45.1088],[14.2077,45.1268],[14.2092,45.1264],[14.2347,45.1546],[14.2026,45.1716],[14.1946,45.275],[14.2105,45.3278],[14.1995,45.3756],[14.2036,45.4039],[14.1389,45.4343],[14.1173,45.473],[14.1455,45.4762],[14.2187,45.4972],[14.2804,45.4811],[14.3268,45.4749],[14.3728,45.4778],[14.4112,45.4932],[14.4689,45.5256],[14.4821,45.5424],[14.4915,45.5792],[14.4986,45.5962],[14.5436,45.6364],[14.5561,45.6567],[14.5691,45.6643],[14.5809,45.6678],[14.5919,45.6634],[14.5941,45.648],[14.5939,45.6162],[14.6031,45.6036],[14.616,45.5941],[14.6503,45.5748],[14.6637,45.5702],[14.6717,45.5568],[14.6685,45.534],[14.6883,45.522],[14.7815,45.4931],[14.7972,45.4652],[14.8388,45.459],[14.8816,45.4698],[14.9008,45.4931],[14.9044,45.5144],[14.9226,45.5149],[14.9454,45.5045],[14.9626,45.4931],[14.9773,45.4917],[15.0074,45.4808],[15.0562,45.4799],[15.0661,45.4739],[15.1393,45.43],[15.1842,45.4256],[15.2258,45.4365],[15.2816,45.451],[15.314,45.4505],[15.3339,45.4585],[15.3614,45.482],[15.311,45.5059],[15.2967,45.523],[15.2822,45.5715],[15.2696,45.5934],[15.2686,45.6017],[15.2879,45.6103],[15.2974,45.6257],[15.3267,45.6323],[15.3531,45.6403],[15.3738,45.6402],[15.3683,45.649],[15.35,45.6696],[15.3829,45.6904],[15.4209,45.6953],[15.4738,45.6618],[15.5131,45.6473],[15.5137,45.6324],[15.5756,45.6024],[15.5936,45.6205],[15.6264,45.6214],[15.6633,45.6049],[15.7316,45.5886],[15.7474,45.5952],[15.7392,45.5589],[15.7799,45.5225],[15.8129,45.5234],[15.8425,45.4659],[15.8372,45.4363],[15.8141,45.3987],[15.7799,45.3951],[15.716,45.4208],[15.6765,45.4252],[15.6568,45.4152],[15.6723,45.3982],[15.6651,45.3766],[15.6796,45.3488],[15.6639,45.3396],[15.6564,45.2851],[15.6616,45.2681],[15.6312,45.2395],[15.6394,45.2107],[15.7049,45.2009],[15.7617,45.21],[15.8026,45.1965],[15.8248,45.211],[15.8789,45.2172],[16.0085,45.2182],[16.0292,45.205],[16.0244,45.1843],[16.0675,45.1696],[16.1041,45.1125],[16.213,45.0315],[16.2793,45.0072],[16.3162,45.0012],[16.346,45.02],[16.382,45.0837],[16.3818,45.1076],[16.4355,45.1329],[16.4819,45.1995],[16.5289,45.2223],[16.587,45.2209],[16.7863,45.1788],[16.8242,45.1891],[16.8307,45.217],[16.9244,45.2845],[16.9473,45.2357],[16.9612,45.2509],[17.0083,45.2162],[17.0363,45.2305],[17.0557,45.2004],[17.1246,45.1691],[17.1871,45.1486],[17.2455,45.1554],[17.269,45.1895],[17.3824,45.1396],[17.4341,45.1486],[17.4478,45.1343],[17.4962,45.1417],[17.4893,45.1163],[17.5724,45.1204],[17.63,45.1573],[17.6847,45.164],[17.7145,45.152],[17.7657,45.111],[17.7975,45.082],[17.8357,45.0644],[17.9026,45.0778],[17.9277,45.092],[17.9885,45.1438],[18.0191,45.1494],[18.0903,45.108],[18.1437,45.0977],[18.1749,45.1008],[18.1993,45.119],[18.2023,45.1441],[18.2379,45.1575],[18.262,45.1507],[18.3223,45.1229],[18.3929,45.1186],[18.412,45.1124],[18.4518,45.085],[18.4817,45.0669],[18.517,45.0559],[18.5411,45.0553],[18.5348,45.0884],[18.6167,45.0977],[18.6405,45.0654],[18.6581,45.0663],[18.6661,45.083],[18.689,45.0802],[18.7263,45.0261],[18.7501,45.0122],[18.789,45.0057],[18.8046,44.9738],[18.7726,44.9425],[18.7834,44.9137],[18.8178,44.8875],[18.8421,44.8762],[18.8587,44.8685],[18.8896,44.8612],[18.9749,44.8628],[19.0158,44.8656],[19.0846,44.879],[19.1743,44.9254],[19.2019,44.9084],[19.2395,44.9151],[19.3102,44.9124],[19.357,44.8959],[19.3766,44.863],[19.3637,44.8546],[19.3284,44.734],[19.3084,44.7051],[19.2776,44.6849],[19.2557,44.6456],[19.1863,44.5693],[19.1796,44.5383],[19.1299,44.5183],[19.1434,44.4582],[19.1414,44.4308],[19.1072,44.3827],[19.1167,44.3437],[19.1389,44.3093],[19.1772,44.287],[19.2637,44.2702],[19.2959,44.2758],[19.3243,44.264],[19.354,44.2243],[19.3624,44.1912],[19.4426,44.1432],[19.4597,44.1527],[19.4764,44.127],[19.5162,44.0912],[19.546,44.1138],[19.6093,44.1233],[19.6182,44.1437],[19.6593,44.1374],[19.6755,44.1251],[19.7413,44.1045],[19.7812,44.0535],[19.8109,44.0602],[19.8064,44.0835],[19.7739,44.1124],[19.796,44.1213],[19.8264,44.1053],[19.861,44.1288],[19.9082,44.1212],[19.9061,44.1029],[19.9508,44.0793],[19.9778,44.0756],[20.0095,44.1042],[20.062,44.0853],[20.1246,44.0737],[20.1291,44.0967],[20.1743,44.1113],[20.2292,44.1116],[20.2885,44.1229],[20.328,44.1472],[20.3396,44.1682],[20.3685,44.1737],[20.3791,44.2],[20.3975,44.2046],[20.4231,44.2418],[20.4154,44.2841],[20.3891,44.2943],[20.4003,44.3247],[20.4312,44.3603],[20.3996,44.3821],[20.4095,44.4026],[20.4422,44.4189],[20.4838,44.3989],[20.5379,44.3857],[20.5431,44.3556],[20.6065,44.3737],[20.623,44.3398],[20.6498,44.3218],[20.6846,44.3347],[20.7314,44.3227],[20.772,44.2978],[20.7676,44.3312],[20.787,44.3448],[20.7579,44.3511],[20.7315,44.3785],[20.7567,44.416],[20.7759,44.4228],[20.8191,44.4159],[20.8376,44.4415],[20.8211,44.464],[20.7641,44.496],[20.7371,44.533],[20.8064,44.5632],[20.7815,44.5876],[20.7715,44.6163],[20.7948,44.6647],[20.7636,44.6684],[20.7203,44.6962],[20.672,44.744],[20.6333,44.7652],[20.6282,44.7886],[20.6364,44.8494],[20.595,44.858],[20.6001,44.8886],[20.5732,44.9103],[20.527,44.9254],[20.4988,44.9484],[20.4974,44.9648],[20.4522,44.9851],[20.3985,45.0314],[20.3952,45.0652],[20.339,45.0803],[20.2778,45.141],[20.2224,45.1755],[20.185,45.185],[20.0648,45.1755],[19.9856,45.1898],[19.9803,45.1598],[19.9126,45.1426],[19.792,45.1471],[19.7731,45.1671],[19.6988,45.1417],[19.6001,45.1384],[19.5386,45.1505],[19.4609,45.1741],[19.428,45.1461],[19.3939,45.1716],[19.4078,45.2031],[19.3781,45.2296],[19.2898,45.2363],[19.1585,45.2762],[19.1041,45.2987],[19.083,45.3392],[19.0302,45.3451],[18.9775,45.3712],[18.9755,45.3911],[19.0226,45.4024],[19.0313,45.4162],[19.0023,45.4437],[18.9964,45.4738],[19.0179,45.4978],[19.0772,45.4916],[19.1063,45.5116],[19.0951,45.5261],[19.051,45.5389],[19.0181,45.5674],[18.9602,45.5391],[18.9417,45.5389],[18.9036,45.5731],[18.9124,45.6192],[18.9685,45.6687],[18.9627,45.6831],[18.9173,45.7066],[18.9002,45.7649],[18.8487,45.8096],[18.8553,45.8574],[18.8998,45.8614],[18.904,45.8757],[18.8729,45.8952],[18.907,45.9157],[18.9013,45.9312],[18.8225,45.9056],[18.8015,45.92],[18.8241,45.9402],[18.8524,46.0112],[18.8447,46.0499],[18.822,46.0989],[18.7858,46.0997],[18.8292,46.1229],[18.8072,46.1314],[18.8026,46.1614],[18.8335,46.1618],[18.8539,46.1932],[18.8233,46.2063],[18.8417,46.2257],[18.8984,46.234],[18.9144,46.2457],[18.9133,46.3306],[18.8922,46.3784],[18.8989,46.4143],[18.9227,46.4686],[18.9201,46.4988],[18.8772,46.5912],[18.8581,46.6148],[18.8853,46.6352],[18.9529,46.6561],[18.9816,46.6763],[19.0018,46.7085],[18.9847,46.7756],[18.9276,46.8271],[18.9267,46.8484],[18.9309,46.8771],[18.9488,46.9039],[18.9665,46.9172],[18.9669,46.9358],[18.9605,46.9774],[18.9552,46.9947],[18.968,47.0332],[18.9031,47.0816],[18.8792,47.1492],[18.8869,47.2081],[18.9076,47.2374],[18.9188,47.2871],[18.9028,47.3038],[18.9286,47.3185],[18.9423,47.344],[18.949,47.3693],[18.9555,47.4045],[18.9247,47.4285],[18.8913,47.4422],[18.8638,47.4618],[18.8383,47.454],[18.8442,47.4206],[18.8619,47.3872],[18.8194,47.3563],[18.7804,47.4105],[18.787,47.439],[18.7756,47.4645],[18.7246,47.5076],[18.685,47.5619],[18.7104,47.5787],[18.7259,47.605],[18.775,47.6381],[18.7591,47.6648],[18.8113,47.6702],[18.8637,47.6661],[18.853,47.7171],[18.8938,47.7268],[18.9165,47.7217],[18.9157,47.7712],[18.8833,47.8122],[18.8149,47.8322],[18.7677,47.8223],[18.6928,47.778],[18.6338,47.7798],[18.5974,47.7907],[18.5526,47.7928],[18.3479,47.7768],[18.273,47.7563],[18.2359,47.7539],[18.1126,47.7625],[17.8835,47.7525],[17.8257,47.75],[17.7192,47.7737],[17.6767,47.7892],[17.6399,47.8192],[17.6042,47.8342],[17.5726,47.8295],[17.5266,47.8721],[17.472,47.8888],[17.3694,47.9812],[17.3379,47.9987],[17.2623,48.0073],[17.1848,48.0203],[17.1483,48.0054],[17.125,48.0195],[17.0697,48.0357],[17.0591,48.0604],[17.0802,48.0976],[17.0625,48.1127],[17.0475,48.131],[17.0072,48.1428],[16.9819,48.1613],[16.9506,48.2766],[16.9166,48.2908],[16.8984,48.3162],[16.9019,48.3394],[16.8445,48.3656],[16.8608,48.4438],[16.9139,48.5193],[16.9491,48.5448],[16.945,48.6042],[16.9105,48.6308],[16.8967,48.697],[16.873,48.719],[16.7989,48.7092],[16.729,48.7331],[16.662,48.74],[16.6431,48.7783],[16.5103,48.8048],[16.4357,48.7945],[16.385,48.7371],[16.3583,48.7273],[16.1778,48.7465],[16.0854,48.7429],[16.0323,48.7581],[15.9081,48.8197],[15.886,48.842],[15.8401,48.8501],[15.8185,48.8723],[15.7792,48.8709],[15.7268,48.855],[15.6813,48.8585],[15.6037,48.8874],[15.5442,48.9026],[15.4719,48.9367],[15.3355,48.975],[15.2629,48.9826],[15.2381,48.9508],[15.1419,48.9375],[15.149,48.9653],[15.1374,48.993],[15.0596,48.9972],[14.9821,49.0079],[14.9646,48.9717],[14.9682,48.885],[14.9381,48.8028],[14.9511,48.7803],[14.9193,48.7616],[14.8677,48.7756],[14.8004,48.7765],[14.7754,48.724],[14.7227,48.6934],[14.7038,48.6731],[14.7007,48.6155],[14.6911,48.5865],[14.6592,48.577],[14.6347,48.6023],[14.6019,48.6045],[14.5788,48.6205],[14.522,48.6106],[14.4821,48.6245],[14.4582,48.6432],[14.4436,48.6365],[14.4054,48.5863],[14.3157,48.5579],[14.2165,48.5812],[14.0748,48.5917],[14.0408,48.6012],[14.0062,48.6395],[14.0329,48.6549],[13.9823,48.7065],[13.915,48.731],[13.8559,48.7593],[13.8157,48.7664],[13.7962,48.7798],[13.7247,48.8673],[13.6544,48.8822],[13.6218,48.9091],[13.6087,48.9462],[13.5905,48.9448],[13.5224,48.9693],[13.5021,48.9661],[13.4823,48.9376],[13.4273,48.96],[13.3842,48.993],[13.3724,49.0385],[13.2995,49.0936],[13.2673,49.1056],[13.2068,49.1075],[13.1785,49.1183],[13.1495,49.1548],[13.0558,49.2382],[13.0113,49.2678],[12.9998,49.2949],[12.9229,49.3327],[12.8847,49.3396],[12.8754,49.3239],[12.7978,49.3278],[12.7621,49.3432],[12.7293,49.3911],[12.6435,49.4295],[12.6272,49.4602],[12.623,49.5098],[12.5937,49.515],[12.5623,49.5508],[12.5536,49.5847],[12.502,49.6197],[12.4964,49.67],[12.4196,49.7002],[12.3836,49.7429],[12.3954,49.7579],[12.4527,49.7797],[12.4625,49.8312],[12.4825,49.8272],[12.5129,49.8702],[12.5241,49.905],[12.4627,49.9313],[12.4682,49.9702],[12.3,50.0271],[12.2469,50.045],[12.2325,50.0805],[12.1879,50.1028],[12.1792,50.118],[12.1827,50.1707],[12.1393,50.211],[12.0796,50.2427],[12.1091,50.2638],[12.1073,50.2909],[12.0761,50.3152],[12.1013,50.314],[12.0937,50.3226],[12.0399,50.3288],[11.986,50.3516],[11.9812,50.3853],[11.9405,50.4145],[11.9053,50.4152],[11.8997,50.4293],[11.9311,50.4403],[11.9475,50.4622],[11.9258,50.4884],[11.9447,50.5159],[11.9894,50.5461],[12.0485,50.5316],[12.0812,50.5613],[12.1454,50.5625],[12.1587,50.6037],[12.1869,50.6264],[12.2529,50.6263],[12.29,50.6434],[12.3218,50.674],[12.2855,50.677],[12.2628,50.7222],[12.2412,50.7222],[12.2492,50.7426],[12.2855,50.7693],[12.258,50.7925],[12.3308,50.8064],[12.3642,50.8233],[12.4244,50.8243],[12.4628,50.8566],[12.5275,50.8766],[12.6017,50.8764],[12.6109,50.8701],[12.6472,50.8999],[12.6022,50.9525],[12.5457,50.9713],[12.4914,51.0285],[12.4837,51.0583],[12.3289,51.0878],[12.2646,51.0838],[12.2464,51.0326],[12.2754,51.0098],[12.2171,50.9542],[12.2008,50.9279],[12.1595,50.952],[12.1204,50.9445],[12.0679,50.9561],[12.0046,50.949],[11.9609,50.971],[11.9314,50.9981],[11.8607,51.0226],[11.7326,51.0175],[11.6974,51.0642],[11.6891,51.0919],[11.6631,51.1012],[11.6275,51.0956],[11.5352,51.1003],[11.5047,51.0892],[11.4274,51.0988],[11.4264,51.1077],[11.4203,51.1597],[11.3886,51.1899],[11.333,51.2163],[11.3524,51.2301],[11.4224,51.2437],[11.4519,51.2715],[11.3672,51.3575],[11.3149,51.3833],[11.1962,51.3974],[11.1538,51.3969],[10.9991,51.4087],[10.9645,51.4278],[10.9718,51.4627],[10.9454,51.4995],[10.965,51.4721],[11.3,51.52],[11.6,51.45],[11.9,51.42],[12.1,51.47],[12.22,51.6],[12.2662,51.7155],[12,51.68],[11.8,51.68],[11.65,51.72],[11.75,51.9],[11.8596,51.973],[11.74,52.02],[11.66,52.13],[11.7,52.23],[11.77,52.31],[11.9,52.45],[11.98,52.55],[12,52.67],[12.04,52.79],[12.04,52.86],[11.9795,52.8859],[11.9655,52.8852],[11.8967,52.9017],[11.8319,52.9282],[11.8444,52.946],[11.8158,52.9593],[11.8073,52.9603],[11.798,52.9676],[11.75,52.99],[11.7435,52.992],[11.6942,52.984],[11.6814,53.0106],[11.6696,53.0141],[11.6223,53.0224],[11.623,53.0281],[11.5802,53.041],[11.5619,53.01],[11.5813,53.0429],[11.4907,53.0607],[11.4609,53.0794],[11.4169,53.0809],[11.3656,53.064],[11.3276,53.0724],[11.2741,53.1175],[11.2558,53.1362],[11.2397,53.142],[11.2247,53.153],[11.2014,53.1405],[11.1943,53.1409],[11.1645,53.1709],[11.1434,53.1727],[11.1093,53.1558],[11.0894,53.1442],[11.0681,53.1555],[11.0401,53.1664],[10.9302,53.2285],[10.8393,53.2601],[10.8073,53.2756],[10.7868,53.2934],[10.7751,53.3002],[10.7558,53.3029],[10.7394,53.3085],[10.7346,53.3217],[10.7316,53.352],[10.7097,53.3683],[10.6755,53.3737],[10.6012,53.3718],[10.6222,53.391],[10.6272,53.4015],[10.6272,53.4137],[10.6354,53.4452],[10.6408,53.451],[10.6611,53.4582],[10.6863,53.4568],[10.6945,53.4601],[10.7017,53.4755],[10.7082,53.4794],[10.7257,53.4811],[10.7602,53.4882],[10.8049,53.5094],[10.8204,53.5148],[10.8239,53.5313],[10.8324,53.5441],[10.8297,53.5701],[10.8414,53.5719],[10.8578,53.5682],[10.9036,53.5723],[10.9115,53.5714],[10.929,53.5485],[10.9381,53.5525],[10.9544,53.5661],[10.9423,53.5697],[10.953,53.5737],[10.9527,53.5844],[10.9406,53.6114],[10.9398,53.6287],[10.956,53.6391],[10.955,53.6555],[10.9465,53.6649],[10.9456,53.6771],[10.9381,53.6847],[10.9146,53.6968],[10.8789,53.702],[10.8655,53.6999],[10.8466,53.7085],[10.8059,53.7412],[10.7781,53.7458],[10.7609,53.7467],[10.7584,53.7519],[10.7674,53.7746],[10.771,53.7933],[10.7615,53.8225],[10.753,53.8341],[10.7519,53.84],[10.7513,53.8431],[10.7633,53.8651],[10.7726,53.8699],[10.8123,53.8827],[10.8613,53.9098],[10.8852,53.9191],[10.9073,53.9155],[10.9067,53.9053],[10.9129,53.9021],[10.9453,53.9052],[10.95,53.9076],[10.9605,53.9129],[10.95,53.9149],[10.9203,53.9205],[10.9042,53.9313],[10.906,53.9612],[10.9222,53.9614],[10.9222,54.0474],[10.9401,54.0474],[10.9427,54.1336],[10.9505,54.1395],[11.0666,54.1839],[11.0945,54.2251],[11.0871,54.2709],[11.0945,54.2835],[11.0774,54.3422],[11.1355,54.3859],[11.1042,54.3929],[11.0339,54.3676],[11.0188,54.3859],[10.9353,54.3795],[10.913,54.3726],[10.3193,54.5096],[10.3,54.5],[10.15,54.42],[10,54.38],[9.85,54.35],[9.67,54.3],[9.5,54.28],[9.3,54.3],[9.1,54.37],[8.9,54.3],[8.6361,54.2868],[8.6417,54.2826],[8.7715,54.0675],[8.7999,54.0204],[8.7835,54.0084],[8.7613,53.9923],[8.7235,53.9648],[8.7032,53.95],[8.6857,53.9372],[8.6101,53.8822],[8.6071,53.8815],[8.5733,53.8577],[8.5715,53.8542],[8.5,53.8021],[8.4434,53.7609],[8.3152,53.6676],[8.1614,53.5557],[8.1498,53.5602],[8.1244,53.5836],[8.1276,53.5908],[8.1074,53.5992],[8.0253,53.6747],[8.0314,53.7081],[7.9599,53.7204],[7.9365,53.748],[7.9361,53.748],[7.4711,53.7178],[7.2267,53.702],[7.1009,53.6938],[6.9823,53.5647],[6.954,53.5339],[6.9256,53.503],[6.9212,53.4982],[6.9065,53.4822],[6.8601,53.4838],[6.7379,53.4881],[6.4935,53.4965],[6.463,53.4976],[6.4324,53.4987],[6.4018,53.4997],[6.3713,53.5008],[6.3408,53.5018],[6.3245,53.5024],[6.3189,53.5072],[6.3345,53.511],[6.3337,53.5111],[6.3343,53.5112],[6.3338,53.5112],[6.3345,53.5114],[6.3118,53.5132],[6.3108,53.5141],[6.305,53.5138],[6.2913,53.5149],[6.2909,53.5149],[6.2752,53.5122],[6.2118,53.5089],[6.2017,53.5067],[6.1269,53.5092],[6.0753,53.511],[6.0749,53.511],[6.0046,53.4895],[5.9333,53.4678],[5.9138,53.4739],[5.8856,53.4732],[5.8773,53.4749],[5.8769,53.4749],[5.7077,53.4732],[5.6537,53.4663],[5.6541,53.4659],[5.6537,53.4659],[5.6545,53.4652],[5.6419,53.4634],[5.6361,53.4487],[5.679,53.4301],[5.7363,53.4435],[5.7854,53.4474],[5.8556,53.4474],[5.876,53.4502],[5.5158,53.3402],[5.2714,53.2655],[5.1492,53.2282],[5.0881,53.2095],[5.0576,53.2002],[5.027,53.1908],[4.9883,53.179],[4.9495,53.1672],[4.8974,53.1512],[4.8872,53.1644],[4.8872,53.1833],[4.8868,53.1831],[4.8868,53.1833],[4.8858,53.1827],[4.8858,53.1867],[4.8543,53.1877],[4.8057,53.133],[4.7597,53.1091],[4.7167,53.096],[4.7068,53.093],[4.4064,52.5894],[4.3168,52.4391],[4.2944,52.4015],[4.2719,52.3639],[4.2271,52.2887],[4.0493,51.9907],[4.0225,51.9944],[4.01,51.9801],[4.0257,51.951],[3.9638,51.8472],[3.9627,51.8474],[3.8623,51.8161],[3.8716,51.7883],[3.9339,51.7971],[3.9173,51.7693],[3.9016,51.743],[3.8101,51.7473],[3.7928,51.7457],[3.7892,51.7459],[3.7888,51.7459],[3.7825,51.7448],[3.7258,51.7397],[3.7054,51.7314],[3.6988,51.7303],[3.6988,51.7288],[3.6895,51.725],[3.6867,51.6927],[3.7206,51.6768],[3.7654,51.6784],[3.7758,51.6858],[3.8159,51.693],[3.8244,51.69],[3.8596,51.6726],[3.8284,51.6204],[3.8118,51.6115],[3.5604,51.5946],[3.5469,51.5894],[3.5008,51.5775],[3.4838,51.5652],[3.4575,51.5551],[3.447,51.546],[3.4619,51.519],[3.4948,51.5009],[3.5321,51.4626],[3.4881,51.4392],[3.4608,51.4246],[3.4179,51.4017],[3.3878,51.3857],[3.3828,51.3847],[3.3496,51.3778],[3.3477,51.3774],[3.3126,51.3702],[3.2775,51.3629],[3.2236,51.3518],[3.2073,51.3464],[3.1248,51.3297],[2.9983,51.2774],[2.9608,51.265],[2.9162,51.2478],[2.6523,51.1824],[2.5658,51.1609],[2.5226,51.1502],[2.5144,51.1482],[2.4793,51.1401],[2.1333,51.0605],[2.0901,51.0505],[2.0468,51.0405],[1.9603,51.0206],[1.6396,50.9468],[1.6143,50.8782],[1.5806,50.8688],[1.5946,50.8248],[1.512,50.6011],[1.4707,50.4893],[1.4501,50.4334],[1.4398,50.4055],[1.4294,50.3775],[1.3696,50.2153],[1.3489,50.1593],[1.3372,50.1276],[1.2877,50.111],[1.268,50.1044],[1.1871,50.0772],[1.0252,50.0229],[0.0541,49.6971],[-0.1077,49.6428],[-0.1887,49.6156],[-0.2696,49.5885],[-0.31,49.5749],[-0.3505,49.5613],[-0.4314,49.5342],[-0.5933,49.4799],[-0.887,49.3813],[-0.9169,49.3864],[-0.9404,49.3923],[-0.9543,49.3928],[-0.9592,49.3936],[-0.9596,49.3936],[-0.9698,49.3933],[-1.0723,49.3968],[-1.084,49.3909],[-1.158,49.4245],[-1.1847,49.4366],[-1.1932,49.4457],[-1.212,49.4688],[-1.2328,49.4943],[-1.263,49.5914],[-1.2533,49.6123],[-1.2278,49.6241],[-1.2322,49.6414],[-1.258,49.6792],[-1.258,49.68],[-1.2587,49.6802],[-1.2711,49.6984],[-1.3913,49.7127],[-1.4557,49.7022],[-1.4752,49.6884],[-1.5894,49.6679],[-1.7044,49.6818],[-1.7249,49.682],[-1.7251,49.682],[-1.9348,49.7772],[-1.9347,49.777],[-1.9352,49.7772],[-1.9351,49.7767],[-1.9352,49.7768],[-1.9208,49.7253],[-1.9352,49.7241],[-1.9456,49.678],[-1.9051,49.6693],[-1.8704,49.5452],[-1.8847,49.5309],[-1.8602,49.5086],[-1.7352,49.0619],[-1.6727,48.8386],[-1.6415,48.727],[-1.6266,48.6738],[-1.6185,48.645],[-1.6404,48.6483],[-1.6719,48.6532],[-1.735,48.6628],[-1.8466,48.68],[-1.8363,48.6911],[-1.8437,48.7121],[-1.9484,48.6956],[-2.022,48.7069],[-2.0588,48.7125],[-2.0588,48.667],[-2.022,48.667],[-2.022,48.6495],[-2.0287,48.6433],[-2.0275,48.6415],[-2.022,48.6333],[-2.022,48.6159],[-2.0323,48.6159],[-2.0175,48.5907],[-1.9988,48.5907],[-1.9988,48.5654],[-1.9982,48.5648],[-1.9652,48.5648],[-1.9491,48.5392],[-1.9485,48.5383],[-1.9251,48.5448],[-1.9102,48.5036],[-1.918,48.473],[-1.944,48.4467],[-1.9517,48.4228],[-1.9327,48.3639],[-1.9615,48.3421],[-1.9615,48.3003],[-1.9824,48.2803],[-2.066,48.2952],[-2.1172,48.2608],[-2.1602,48.2607],[-2.186,48.2226],[-2.2108,48.2096],[-2.2319,48.1641],[-2.2873,48.1337],[-2.2352,48.0786],[-2.1882,48.0797],[-2.1913,48.0525],[-2.2576,48.0389],[-2.2711,48.0054],[-2.2554,47.9974],[-2.1677,47.9847],[-2.1243,47.9636],[-2.106,47.945],[-2.1002,47.9119],[-2.1095,47.8488],[-2.0612,47.8463],[-2.0524,47.8218],[-2.068,47.7962],[-2.1223,47.7743],[-2.1103,47.7588],[-2.0716,47.7572],[-2.0767,47.7333],[-2.1159,47.7317],[-2.1263,47.7142],[-2.1062,47.669],[-2.1028,47.6393],[-2.0885,47.6326],[-2.0858,47.608],[-2.11,47.5423],[-2.1544,47.5131],[-2.1868,47.4814],[-2.2109,47.5076],[-2.2534,47.4953],[-2.3023,47.5016],[-2.3345,47.464],[-2.4041,47.4556],[-2.4331,47.4658],[-2.4611,47.4526],[-2.4649,47.4535],[-2.4649,47.4322],[-2.5014,47.4322],[-2.5014,47.4247],[-2.5379,47.4247],[-2.5379,47.4473],[-2.684,47.4473],[-2.684,47.411],[-2.7238,47.411],[-2.7238,47.4045]],[[12.3856,43.9245],[12.3957,43.9484],[12.411,43.9597],[12.4166,43.9637],[12.4214,43.9672],[12.4272,43.9694],[12.4533,43.9791],[12.4822,43.9826],[12.4892,43.9731],[12.4907,43.965],[12.4924,43.9564],[12.4915,43.9491],[12.4903,43.9392],[12.4831,43.9292],[12.4822,43.9279],[12.4796,43.9258],[12.478,43.9232],[12.4775,43.9201],[12.4783,43.917],[12.4644,43.9001],[12.4605,43.8953],[12.4413,43.8933],[12.4294,43.8921],[12.4211,43.8952],[12.3996,43.9032],[12.39,43.9179],[12.3856,43.9245]]],[[[-2.6735,49.4335],[-2.6693,49.4309],[-2.5731,49.4309],[-2.5521,49.4267],[-2.549,49.4283],[-2.5472,49.4279],[-2.5472,49.428],[-2.5468,49.4279],[-2.5456,49.4301],[-2.5341,49.4362],[-2.5267,49.4585],[-2.5245,49.4688],[-2.5127,49.4903],[-2.5058,49.498],[-2.5017,49.5067],[-2.5182,49.5155],[-2.5382,49.5098],[-2.5496,49.5042],[-2.5736,49.4954],[-2.5802,49.4936],[-2.5825,49.4922],[-2.648,49.4682],[-2.6479,49.4679],[-2.648,49.4678],[-2.6464,49.464],[-2.6503,49.4637],[-2.6566,49.4594],[-2.6518,49.4452],[-2.663,49.4438],[-2.6735,49.4335]]],[[[-2.242,49.248],[-2.2332,49.2285],[-2.2296,49.2165],[-2.2376,49.1766],[-2.2375,49.1766],[-2.2376,49.1762],[-2.2372,49.1763],[-2.2372,49.1762],[-2.1826,49.1841],[-2.1772,49.1802],[-2.1687,49.1783],[-2.1626,49.1866],[-2.1013,49.1866],[-2.097,49.1837],[-2.08,49.1787],[-2.0734,49.1786],[-2.054,49.1693],[-2.0537,49.1694],[-2.0536,49.1693],[-2.0354,49.1744],[-2.0245,49.1713],[-2.0237,49.1777],[-2.0104,49.1814],[-2.0105,49.1818],[-2.0104,49.1818],[-2.014,49.2072],[-2.0083,49.2125],[-2.0158,49.2196],[-2.0176,49.2321],[-2.021,49.2333],[-2.0207,49.2353],[-2.0679,49.2507],[-2.0827,49.2602],[-2.1039,49.2582],[-2.1059,49.2568],[-2.1218,49.2582],[-2.122,49.2583],[-2.1438,49.2619],[-2.1517,49.267],[-2.1618,49.2618],[-2.2192,49.2669],[-2.2196,49.2669],[-2.2209,49.2605],[-2.2294,49.263],[-2.2411,49.2602],[-2.242,49.248]]],[[[4.8789,53.2209],[4.9102,53.2125],[4.9575,53.2456],[4.9716,53.2538],[5.1105,53.3079],[5.1098,53.3079],[5.1103,53.3081],[5.11,53.3081],[5.1105,53.3083],[5.1006,53.3085],[5.1048,53.3096],[5.0545,53.3138],[5.0428,53.3097],[5.0277,53.31],[5.0273,53.31],[4.9972,53.2937],[4.9865,53.29],[4.9212,53.2537],[4.917,53.2504],[4.9084,53.2458],[4.9087,53.2455],[4.9084,53.2454],[4.9095,53.2446],[4.8789,53.2209]]],[[[5.1789,53.3854],[5.1799,53.3531],[5.2083,53.3527],[5.3469,53.3892],[5.427,53.4064],[5.4817,53.4127],[5.4797,53.4172],[5.5821,53.4381],[5.5815,53.4382],[5.5819,53.4383],[5.5815,53.4384],[5.5821,53.4385],[5.5701,53.441],[5.5853,53.4536],[5.437,53.4365],[5.4284,53.4326],[5.4161,53.4315],[5.1893,53.3916],[5.1898,53.3914],[5.1895,53.3914],[5.1898,53.3913],[5.1893,53.3912],[5.1958,53.3891],[5.1789,53.3854]]],[[[6.6437,53.5787],[6.6441,53.5787],[6.6739,53.5799],[6.6771,53.5756],[6.7346,53.5752],[6.7293,53.582],[6.7341,53.5822],[6.7576,53.5971],[6.7981,53.6044],[6.7879,53.6163],[6.8025,53.6256],[6.802,53.6256],[6.8023,53.6258],[6.8022,53.6258],[6.8025,53.626],[6.7553,53.626],[6.6689,53.6051],[6.6641,53.6001],[6.6595,53.5991],[6.6611,53.597],[6.6437,53.5791],[6.6441,53.5791],[6.6437,53.5787]]],[[[8.5445,42.2568],[8.5771,42.1613],[8.5691,42.155],[8.5863,42.1335],[8.5867,42.1335],[8.6384,41.9822],[8.6317,41.9754],[8.5863,41.969],[8.6144,41.9441],[8.6143,41.9008],[8.6633,41.9094],[8.7118,41.7675],[8.7092,41.7636],[8.6551,41.7499],[8.703,41.7425],[8.6956,41.7294],[8.7235,41.7335],[8.7749,41.5832],[8.7949,41.5742],[8.7918,41.5612],[8.8533,41.5439],[8.8396,41.5308],[8.8737,41.5234],[8.9357,41.4892],[8.9785,41.4852],[9.0017,41.477],[9.1113,41.4221],[9.0964,41.4035],[9.1691,41.3862],[9.1939,41.3691],[9.2232,41.3725],[9.2272,41.3806],[9.2285,41.38],[9.2286,41.3802],[9.2289,41.38],[9.2431,41.4132],[9.2503,41.4278],[9.2492,41.4272],[9.2661,41.4666],[9.2708,41.4687],[9.2791,41.4916],[9.2774,41.493],[9.3016,41.5494],[9.3411,41.5693],[9.3451,41.6045],[9.3229,41.5991],[9.3325,41.6214],[9.3467,41.6196],[9.3452,41.6403],[9.3731,41.6452],[9.3675,41.6719],[9.3729,41.6784],[9.3738,41.6805],[9.4016,41.7064],[9.403,41.7797],[9.4025,41.7848],[9.4195,41.8243],[9.4365,41.8639],[9.4704,41.943],[9.5384,42.1013],[9.5527,42.113],[9.5596,42.1466],[9.5589,42.149],[9.5601,42.1519],[9.56,42.1522],[9.5601,42.1523],[9.5554,42.176],[9.5539,42.1969],[9.5596,42.2946],[9.5432,42.342],[9.5387,42.4028],[9.5459,42.4351],[9.535,42.4536],[9.5331,42.4788],[9.5322,42.5444],[9.5186,42.581],[9.4896,42.6126],[9.4978,42.5953],[9.4737,42.6162],[9.464,42.6396],[9.4577,42.6712],[9.478,42.7886],[9.4828,42.8023],[9.4844,42.8324],[9.4655,42.9235],[9.4701,42.9423],[9.4603,42.9553],[9.4629,42.9804],[9.4629,42.9808],[9.4611,42.9824],[9.464,42.9901],[9.4224,43.0174],[9.4219,43.0173],[9.4161,43.0225],[9.4157,43.0225],[9.3617,43.0173],[9.3561,43.0047],[9.3418,42.9907],[9.3441,42.9829],[8.7461,42.6279],[8.6861,42.5177],[8.6675,42.5097],[8.6597,42.4771],[8.6635,42.4761],[8.6358,42.4252],[8.6307,42.421],[8.6187,42.4196],[8.6075,42.4018],[8.5877,42.3854],[8.5877,42.3853],[8.5705,42.3818],[8.5521,42.3867],[8.5596,42.3464],[8.583,42.349],[8.5913,42.345],[8.5922,42.345],[8.5445,42.2572],[8.5446,42.257],[8.5445,42.2568]]],[[[10.1068,42.7574],[10.1306,42.7456],[10.1321,42.7426],[10.1373,42.7422],[10.1472,42.7373],[10.2297,42.7354],[10.2348,42.7426],[10.2607,42.7476],[10.2654,42.7446],[10.2918,42.7535],[10.3335,42.7616],[10.3349,42.761],[10.3695,42.7416],[10.3814,42.7226],[10.4036,42.7224],[10.4201,42.7131],[10.4201,42.7134],[10.4205,42.7131],[10.4204,42.7135],[10.4205,42.7135],[10.4189,42.7222],[10.4307,42.7221],[10.4251,42.7408],[10.414,42.7477],[10.4098,42.7704],[10.4119,42.773],[10.4203,42.7764],[10.4367,42.8044],[10.4434,42.8454],[10.422,42.8708],[10.3999,42.8688],[10.3934,42.8561],[10.3589,42.8228],[10.3265,42.8252],[10.3268,42.8262],[10.3066,42.8266],[10.2873,42.828],[10.2869,42.828],[10.2838,42.8271],[10.2721,42.8273],[10.271,42.8231],[10.2473,42.8159],[10.1804,42.813],[10.1582,42.8173],[10.1406,42.8112],[10.1285,42.8107],[10.1252,42.806],[10.1117,42.8013],[10.1068,42.7574]]],[[[11.0057,54.4685],[11.0325,54.4473],[11.0581,54.4553],[11.0739,54.4539],[11.1064,54.4314],[11.1126,54.4152],[11.179,54.4142],[11.1805,54.4161],[11.2802,54.4172],[11.3142,54.4138],[11.2556,54.4787],[11.2448,54.4866],[11.2341,54.5009],[11.2213,54.5038],[11.2066,54.5145],[11.1213,54.536],[11.0907,54.533],[11.0865,54.5339],[11.0864,54.5338],[11.0861,54.5339],[11.0815,54.5321],[11.0729,54.5312],[11.0571,54.5222],[11.0429,54.5165],[11.0405,54.5128],[11.0337,54.5089],[11.0057,54.4685]]]]}},
{"type":"Feature","properties":{"entityId":"frankish-kingdom","from":799,"to":800,"certainty":"estimated","source":"유럽 쪽은 Natural Earth 1:10m admin-1(v5.1.2) 현대 행정구역 조각을 그 시기 국경에 맞춰 묶고, 조각이 역사 경계와 다른 곳은 선을 그어 나눈 근사. 유럽 밖(시베리아·중앙아시아·극동)은 대략적인 추정. 운영자 검수 필요"},"geometry":{"type":"MultiPolygon","coordinates":[[[[-4.7834,48.3764],[-4.755,48.342],[-4.7045,48.3416],[-4.6908,48.3623],[-4.6876,48.3621],[-4.6189,48.3485],[-4.5476,48.3629],[-4.5445,48.3402],[-4.5595,48.3387],[-4.575,48.2907],[-4.5767,48.2899],[-4.6263,48.2871],[-4.6263,48.2665],[-4.5573,48.263],[-4.5547,48.2596],[-4.5612,48.225],[-4.5438,48.2051],[-4.5575,48.1772],[-4.5316,48.1831],[-4.5241,48.1928],[-4.5109,48.0973],[-4.5128,48.0968],[-4.628,48.0864],[-4.6417,48.0736],[-4.6837,48.0673],[-4.6974,48.0749],[-4.7281,48.0406],[-4.653,48.0263],[-4.6321,48.026],[-4.5804,48.0114],[-4.572,48.0059],[-4.5681,48.008],[-4.4957,47.9875],[-4.4912,47.9556],[-4.4078,47.9345],[-4.376,47.8777],[-4.3474,47.8532],[-4.3476,47.8383],[-4.3734,47.8287],[-4.3718,47.8072],[-4.2252,47.8024],[-4.1852,47.8134],[-4.1696,47.8235],[-4.0697,47.8482],[-4.0648,47.8478],[-3.6498,47.7429],[-3.5824,47.7258],[-3.5487,47.7173],[-3.5151,47.7088],[-3.3805,47.6748],[-3.1642,47.6201],[-3.1412,47.598],[-3.1339,47.5439],[-3.1438,47.507],[-3.1317,47.4782],[-3.0845,47.4782],[-3.1233,47.519],[-3.1289,47.5476],[-3.112,47.5992],[-3.0738,47.5765],[-3.0424,47.5881],[-3.0034,47.5787],[-3.003,47.5794],[-2.9648,47.5697],[-2.8435,47.4865],[-2.7637,47.4318],[-2.7238,47.4045],[-2.684,47.3772],[-2.6458,47.351],[-2.365,47.1585],[-2.3168,47.1254],[-2.2491,47.079],[-2.2382,47.0715],[-2.2268,47.0637],[-2.2098,47.0464],[-2.2079,47.0445],[-2.1814,47.0175],[-2.1532,46.9889],[-2.1137,46.9487],[-2.098,46.9328],[-2.1022,46.9307],[-2.0963,46.9165],[-2.122,46.9037],[-2.1313,46.8718],[-2.1188,46.82],[-2.0503,46.7921],[-2.0022,46.7575],[-1.9921,46.7485],[-1.965,46.7104],[-1.9398,46.7019],[-1.9208,46.685],[-1.8213,46.558],[-1.8048,46.5036],[-1.7817,46.4954],[-1.7854,46.514],[-1.7742,46.5093],[-1.7684,46.5002],[-1.6868,46.4609],[-1.6459,46.4558],[-1.6321,46.4501],[-1.6256,46.4311],[-1.5988,46.425],[-1.598,46.425],[-1.5344,46.3603],[-1.5025,46.3279],[-1.4706,46.2956],[-1.4421,46.2666],[-1.4136,46.2377],[-1.4905,46.2244],[-1.508,46.2456],[-1.4739,46.2381],[-1.4679,46.2499],[-1.4981,46.2619],[-1.5558,46.2518],[-1.5043,46.2077],[-1.4329,46.2108],[-1.3506,46.1737],[-1.3432,46.1662],[-1.2496,46.0712],[-1.1936,46.0143],[-1.2021,45.9262],[-1.2198,45.9431],[-1.2194,45.9439],[-1.2336,45.9917],[-1.2738,45.9976],[-1.3399,46.0378],[-1.3829,46.048],[-1.3876,46.0501],[-1.3876,46.0499],[-1.388,46.0501],[-1.388,46.0492],[-1.4049,46.0532],[-1.3833,46.0155],[-1.375,45.9858],[-1.3783,45.976],[-1.3402,45.9387],[-1.2778,45.8942],[-1.2457,45.8546],[-1.2269,45.8198],[-1.2127,45.8153],[-1.2147,45.7949],[-1.2303,45.7924],[-1.2473,45.7099],[-1.2228,45.71],[-1.23,45.6345],[-1.2337,45.5966],[-1.2373,45.5588],[-1.2518,45.4074],[-1.2808,45.1045],[-1.3388,44.4988],[-1.3458,44.4252],[-1.3529,44.3516],[-1.367,44.2044],[-1.3844,44.0225],[-1.4818,43.9099],[-1.6848,43.6753],[-1.7231,43.6311],[-1.7997,43.5425],[-1.7614,43.5425],[-1.7614,43.4982],[-1.762,43.4982],[-1.762,43.4067],[-1.8006,43.4067],[-1.8006,43.3894],[-1.7941,43.386],[-1.7969,43.3411],[-1.7682,43.3309],[-1.7497,43.2948],[-1.6739,43.3042],[-1.645,43.2924],[-1.639,43.2557],[-1.5876,43.2516],[-1.559,43.2841],[-1.5081,43.2768],[-1.4664,43.2608],[-1.4322,43.265],[-1.4035,43.2433],[-1.3997,43.2067],[-1.4258,43.1353],[-1.4878,43.0818],[-1.4753,43.0601],[-1.435,43.0357],[-1.3831,43.0292],[-1.3576,43.0468],[-1.3483,43.0931],[-1.3086,43.1136],[-1.3106,43.0695],[-1.2749,43.0468],[-1.2169,43.0393],[-1.1499,43.0057],[-1.1124,43.0083],[-1.0797,42.9934],[-1.0285,42.9867],[-0.9815,42.957],[-0.9432,42.9479],[-0.8635,42.9431],[-0.7864,42.9533],[-0.7597,42.9465],[-0.745,42.9187],[-0.8062,42.9044],[-0.8192,42.8761],[-0.8462,42.8495],[-0.8569,42.7869],[-0.9044,42.7426],[-0.9092,42.7069],[-0.883,42.6888],[-0.8845,42.6691],[-0.9247,42.6464],[-0.9048,42.6131],[-0.8968,42.4943],[-0.8888,42.4718],[-0.8982,42.4326],[-0.8423,42.4075],[-0.8389,42.3687],[-0.898,42.3],[-0.7958,42.3],[-0.7727,42.345],[-0.7802,42.3919],[-0.7554,42.3917],[-0.7401,42.3753],[-0.735,42.3],[0.7457,42.3],[0.7511,42.348],[0.7417,42.264],[0.7194,42.2268],[0.7035,42.1679],[0.7031,42.1203],[0.6843,42.09],[0.6425,41.9923],[0.5762,41.9513],[0.5672,41.9327],[0.5896,41.9186],[0.5976,41.8744],[0.5422,41.8267],[0.4966,41.8088],[0.4542,41.7625],[0.406,41.753],[0.3285,41.6774],[0.3481,41.6152],[0.3652,41.5983],[0.424,41.5929],[0.4412,41.5461],[0.4004,41.4965],[0.3485,41.4721],[0.3383,41.4059],[0.3273,41.3701],[0.3517,41.3625],[0.3773,41.3214],[0.3524,41.2792],[0.3604,41.2328],[0.3858,41.2789],[0.4332,41.2761],[0.4381,41.3248],[0.4728,41.3283],[0.5098,41.2885],[0.5314,41.2928],[0.5619,41.3239],[0.6208,41.2987],[0.7364,41.3184],[0.7585,41.3313],[0.805,41.3313],[0.8335,41.3585],[0.879,41.342],[0.9577,41.3545],[0.9895,41.3983],[1.0237,41.4063],[1.062,41.4516],[1.073,41.4827],[1.1172,41.4725],[1.1574,41.4802],[1.1702,41.4954],[1.178,41.5445],[1.2078,41.5723],[1.3718,41.5654],[1.3927,41.575],[1.4071,41.5905],[1.37,41.6029],[1.3894,41.6285],[1.4385,41.6435],[1.4068,41.7042],[1.4095,41.7825],[1.4208,41.7972],[1.4558,41.7988],[1.4822,41.7768],[1.5194,41.78],[1.5602,41.7678],[1.6302,41.8291],[1.6332,41.8487],[1.6156,41.8957],[1.6432,41.9292],[1.6534,41.9681],[1.6941,41.9701],[1.7144,41.996],[1.6938,42.0056],[1.6691,41.9976],[1.6609,42.0184],[1.6924,42.0516],[1.6894,42.0793],[1.7157,42.1048],[1.7068,42.1308],[1.7372,42.1683],[1.7321,42.1894],[1.6906,42.2124],[1.6863,42.2621],[1.7156,42.2881],[1.8425,42.3063],[1.9139,42.3184],[1.9731,42.295],[2.0407,42.2935],[2.0431,42.2648],[2.0252,42.2234],[2.0542,42.1853],[2.0655,42.1372],[2.098,42.1373],[2.1293,42.1196],[2.2042,42.128],[2.2313,42.1422],[2.2802,42.1435],[2.3078,42.113],[2.3659,42.1213],[2.4195,42.0732],[2.4591,42.0734],[2.4943,42.0468],[2.5026,42.0259],[2.4894,41.9909],[2.4399,41.9494],[2.463,41.9209],[2.4428,41.8876],[2.3829,41.8715],[2.3375,41.8891],[2.3153,41.8648],[2.3179,41.8462],[2.3627,41.7987],[2.4366,41.8029],[2.5474,41.7192],[2.637,41.7332],[2.6678,41.7472],[2.7015,41.7489],[2.7479,41.7357],[2.774,41.7004],[2.7596,41.6828],[2.7785,41.6456],[2.792,41.669],[2.8511,41.6972],[2.933,41.7125],[2.9509,41.7343],[3.0403,41.7869],[3.0691,41.7991],[3.0735,41.8119],[3.1272,41.8469],[3.1502,41.8454],[3.1949,41.8883],[3.2099,41.9115],[3.2492,41.944],[3.2492,41.9444],[3.2384,42.0833],[3.224,42.1111],[3.1736,42.1354],[3.1521,42.163],[3.1658,42.2526],[3.2101,42.2397],[3.263,42.2399],[3.287,42.2629],[3.2993,42.2869],[3.3068,42.2895],[3.3067,42.2899],[3.3068,42.2899],[3.3044,42.297],[3.3177,42.323],[3.2933,42.3303],[3.2888,42.3437],[3.2384,42.368],[3.2253,42.4006],[3.2132,42.4305],[3.2108,42.4358],[3.1988,42.4617],[3.1911,42.471],[3.0908,42.5919],[3.087,42.6117],[3.0604,42.7524],[3.0502,42.806],[3.0535,42.8228],[3.0602,42.858],[3.0669,42.8931],[3.0789,42.9558],[3.1628,43.0811],[3.1703,43.0896],[3.1721,43.09],[3.1851,43.0929],[3.2652,43.1108],[3.3053,43.1198],[3.3453,43.1287],[3.4254,43.1466],[3.8117,43.233],[3.9569,43.2654],[4.0052,43.2762],[4.102,43.2978],[4.1503,43.3086],[4.1987,43.3194],[4.2471,43.3303],[4.2955,43.3411],[4.3922,43.3627],[4.5558,43.3993],[4.5808,43.3958],[4.5663,43.3711],[4.5923,43.3599],[4.6659,43.3475],[4.8203,43.3464],[4.8224,43.3626],[4.846,43.3594],[4.8558,43.3418],[4.8792,43.3548],[5.0519,43.3311],[5.0648,43.328],[5.0748,43.328],[5.3541,43.2897],[5.3573,43.2803],[5.3692,43.2704],[5.347,43.2159],[5.4398,43.2076],[5.5174,43.2074],[5.542,43.2028],[5.5727,43.1691],[5.6124,43.1604],[5.6329,43.1856],[5.6717,43.1783],[5.6752,43.1763],[5.6963,43.1469],[5.741,43.1321],[5.7515,43.1317],[5.8085,43.0984],[5.8089,43.0984],[5.817,43.0985],[5.7819,43.0791],[5.819,43.0535],[5.8566,43.0448],[5.8753,43.0688],[5.9403,43.0709],[5.9514,43.08],[5.9106,43.0932],[5.9038,43.0992],[5.9985,43.0999],[6.0165,43.0989],[6.027,43.0782],[6.0846,43.0824],[6.1145,43.0724],[6.1147,43.0725],[6.1149,43.0724],[6.1175,43.0733],[6.1321,43.0526],[6.0977,43.0313],[6.1801,43.0359],[6.1528,43.0481],[6.162,43.0887],[6.245,43.1174],[6.2804,43.1187],[6.3423,43.0908],[6.3754,43.0908],[6.3661,43.1186],[6.3785,43.1361],[6.4038,43.1455],[6.5285,43.1285],[6.5289,43.1285],[6.6061,43.1766],[6.6099,43.1734],[6.6798,43.2016],[6.6745,43.2192],[6.7673,43.2771],[6.9335,43.3806],[6.9373,43.383],[7.0118,43.4294],[7.049,43.4526],[7.0863,43.4758],[7.1073,43.4889],[7.2,43.5466],[7.2773,43.5948],[7.3624,43.6479],[7.4029,43.6731],[7.4049,43.6744],[7.4361,43.6938],[7.4474,43.6958],[7.4899,43.7033],[7.5324,43.7107],[7.6174,43.7257],[7.8501,43.7666],[7.9575,43.8525],[7.9597,43.8529],[8.0314,43.8875],[8.0677,43.8967],[8.0892,43.9199],[8.1302,43.9403],[8.168,43.9565],[8.1527,43.9832],[8.1691,44.0067],[8.2163,44.0452],[8.2217,44.0639],[8.2219,44.0641],[8.3543,44.17],[8.3694,44.1735],[8.4082,44.1935],[8.4106,44.215],[8.4297,44.2303],[8.5276,44.2591],[8.6446,44.2934],[8.6739,44.3021],[8.7032,44.3107],[8.7617,44.3279],[8.8787,44.3622],[8.8903,44.3656],[9.3468,44.1805],[9.4347,44.1448],[9.4639,44.133],[9.5809,44.0855],[9.7037,44.0357],[9.8149,44.0099],[9.9319,43.9828],[9.9904,43.9693],[10.0196,43.9625],[10.0489,43.9557],[10.0993,43.944],[10.1245,43.9382],[10.1496,43.9324],[10.2005,43.9206],[10.2229,43.849],[10.2529,43.7532],[10.283,43.6573],[10.2934,43.5791],[10.3172,43.4926],[10.3263,43.4769],[10.3411,43.4717],[10.4889,42.9998],[10.4776,42.9901],[10.4995,42.9405],[10.5108,42.9315],[10.5788,42.8738],[10.6042,42.8523],[10.6295,42.8308],[10.6802,42.7878],[10.8496,42.6441],[11.0958,42.4353],[11.0869,42.4295],[11.0945,42.4027],[11.1559,42.3663],[11.1772,42.3663],[11.1905,42.355],[11.2936,42.2817],[11.3061,42.2728],[11.3518,42.2728],[11.3518,42.2787],[11.3809,42.2787],[11.3809,42.3052],[11.41,42.3052],[11.41,42.3441],[11.4392,42.3441],[11.4392,42.3786],[11.4515,42.3744],[11.4719,42.4186],[11.4981,42.434],[11.5902,42.442],[11.6018,42.4474],[11.6079,42.4873],[11.5659,42.5161],[11.5855,42.5359],[11.5882,42.5661],[11.6206,42.5601],[11.6712,42.577],[11.6938,42.5983],[11.7352,42.6162],[11.7494,42.6384],[11.7869,42.6512],[11.7868,42.7003],[11.8079,42.7383],[11.7739,42.7806],[11.7472,42.7985],[11.7647,42.8187],[11.808,42.8134],[11.8327,42.8326],[11.889,42.8504],[11.9331,42.7911],[11.9704,42.765],[11.9303,42.7091],[11.9596,42.6846],[12.0337,42.646],[12.0934,42.6606],[12.1287,42.6573],[12.1566,42.6754],[12.2406,42.6391],[12.2455,42.5855],[12.2715,42.5661],[12.2802,42.5104],[12.3007,42.4899],[12.3428,42.4919],[12.3936,42.4625],[12.4174,42.4285],[12.4515,42.421],[12.4311,42.3931],[12.4651,42.3869],[12.504,42.3906],[12.5284,42.3695],[12.5926,42.401],[12.6117,42.4338],[12.6121,42.4631],[12.6657,42.4435],[12.7222,42.454],[12.7161,42.4896],[12.7552,42.5003],[12.78,42.5271],[12.8801,42.5647],[12.8792,42.5903],[12.902,42.6096],[12.988,42.608],[13.0176,42.6316],[13.0593,42.6238],[13.1188,42.646],[13.1539,42.6451],[13.1891,42.694],[13.1945,42.7346],[13.2423,42.7356],[13.2679,42.7446],[13.3117,42.7193],[13.3376,42.6877],[13.3518,42.6566],[13.3863,42.6444],[13.3759,42.6038],[13.3689,42.586],[13.338,42.5746],[13.286,42.5722],[13.1861,42.5869],[13.1743,42.5574],[13.1353,42.5383],[13.1635,42.5123],[13.1647,42.4801],[13.1318,42.4548],[13.1324,42.4264],[13.1784,42.3999],[13.1594,42.3672],[13.1633,42.3386],[13.211,42.3135],[13.223,42.2782],[13.2671,42.2336],[13.3,42.2216],[13.317,42.1969],[13.3618,42.1898],[13.3173,42.1727],[13.2905,42.1317],[13.2608,42.1386],[13.2339,42.1291],[13.1731,42.153],[13.0988,42.1737],[13.0733,42.1413],[13.0296,42.1156],[13.0137,42.1085],[13.017,42.0546],[13.0284,42.0319],[13.0823,42.0189],[13.0971,42.0237],[13.2801,41.9468],[13.2979,41.947],[13.3532,41.9192],[13.3702,41.9031],[13.3554,41.8715],[13.3571,41.8308],[13.4052,41.8316],[13.5014,41.796],[13.5293,41.7708],[13.5788,41.7699],[13.6466,41.8105],[13.7148,41.7948],[13.7443,41.7546],[13.7939,41.7535],[13.8918,41.7237],[13.9457,41.6882],[13.9946,41.6869],[14.0352,41.7036],[14.063,41.7288],[14.0988,41.7251],[14.186,41.7705],[14.1432,41.8147],[14.1606,41.8418],[14.1916,41.8396],[14.2294,41.8774],[14.2829,41.9062],[14.3336,41.8691],[14.3724,41.8736],[14.4329,41.837],[14.4323,41.8139],[14.4576,41.7658],[14.4904,41.7761],[14.5146,41.7861],[14.5766,41.8556],[14.6484,41.9249],[14.6503,41.9504],[14.6735,41.9594],[14.7443,42.013],[14.7634,42.0779],[14.7675,42.0766],[14.7675,42.1157],[14.8105,42.1157],[14.8105,42.1342],[14.8362,42.1342],[14.8362,42.1701],[14.848,42.1701],[14.6493,42.314],[14.3854,42.5052],[14.3782,42.5104],[14.3311,42.5445],[14.2841,42.5785],[14.19,42.6467],[14.1024,42.7101],[14.0313,42.7616],[13.9603,42.878],[13.9346,42.92],[13.909,42.962],[13.8577,43.046],[13.8535,43.0674],[13.8348,43.1273],[13.8102,43.1648],[13.8045,43.1804],[13.7831,43.2208],[13.7803,43.2365],[13.7457,43.2911],[13.6929,43.3905],[13.6909,43.3933],[13.647,43.4753],[13.617,43.5313],[13.6156,43.5605],[13.5692,43.5803],[13.5432,43.6132],[13.5044,43.6328],[13.4863,43.6206],[13.4293,43.6402],[13.2153,43.7551],[13.1815,43.7732],[13.0798,43.8278],[12.9443,43.9005],[12.9289,43.9158],[12.9032,43.9234],[12.8992,43.9247],[12.7714,43.9933],[12.7385,44.011],[12.7055,44.0287],[12.6396,44.064],[12.5877,44.0919],[12.5078,44.2162],[12.4895,44.2447],[12.4665,44.2804],[12.4436,44.316],[12.3978,44.3873],[12.3861,44.4054],[12.2828,44.5661],[12.2858,44.6027],[12.2713,44.627],[12.3506,44.8112],[12.3757,44.7922],[12.3934,44.7935],[12.3452,44.8238],[12.3435,44.8401],[12.2904,44.8716],[12.2845,44.9087],[12.2948,44.9274],[12.272,44.9364],[12.2233,44.9261],[12.1699,44.9372],[12.1351,44.9368],[12.1157,44.959],[12.0872,44.9705],[11.9907,44.9839],[11.9305,44.9785],[11.8696,44.9854],[11.7973,44.9776],[11.7564,44.9612],[11.7357,44.9385],[11.6775,44.9224],[11.6403,44.8983],[11.6063,44.8988],[11.5534,44.9292],[11.4885,44.9435],[11.4319,44.9377],[11.4215,44.9499],[11.419,44.9669],[11.3889,44.9736],[11.3051,45.013],[11.2727,45.0338],[11.2728,45.0596],[11.1957,45.0634],[11.1929,45.0939],[11.2103,45.1043],[11.3325,45.0895],[11.3584,45.0635],[11.3859,45.053],[11.4258,45.0663],[11.4452,45.0927],[11.4111,45.1216],[11.4186,45.1318],[11.4966,45.1114],[11.5395,45.1284],[11.6025,45.1258],[11.6631,45.1079],[11.7187,45.1103],[11.7538,45.0987],[11.8009,45.1284],[11.84,45.1389],[11.9619,45.1432],[11.9755,45.1843],[11.9875,45.1906],[12.0973,45.2057],[12.1525,45.1942],[12.1608,45.2189],[12.2019,45.2474],[12.1994,45.2746],[12.198,45.2922],[12.1491,45.2922],[12.0834,45.3267],[12.0368,45.3151],[12.0167,45.343],[12.0334,45.3602],[11.9823,45.384],[11.9759,45.3977],[12.0239,45.4326],[12.0271,45.4561],[11.9915,45.4542],[11.9815,45.4707],[12.0045,45.5141],[12.0254,45.5311],[12.0396,45.5715],[12.0708,45.5763],[12.0924,45.5984],[12.1112,45.6014],[12.1886,45.5843],[12.2311,45.5367],[12.2721,45.5405],[12.2856,45.566],[12.3526,45.5839],[12.3959,45.5718],[12.4354,45.586],[12.4336,45.6318],[12.4718,45.6413],[12.4987,45.6766],[12.5225,45.6857],[12.6044,45.6859],[12.663,45.7019],[12.6719,45.7321],[12.6632,45.7689],[12.6728,45.8021],[12.699,45.8036],[12.7314,45.8272],[12.765,45.8363],[12.792,45.8562],[12.8267,45.8244],[12.8632,45.8465],[12.8946,45.8258],[12.9518,45.8207],[12.9729,45.8426],[12.9993,45.8255],[13.0019,45.782],[13.0258,45.7595],[13.0745,45.6742],[13.0956,45.6523],[13.103,45.669],[13.1497,45.7038],[13.1188,45.696],[13.1205,45.6972],[13.1488,45.7354],[13.2505,45.7168],[13.2958,45.7085],[13.341,45.7003],[13.3862,45.692],[13.4011,45.6893],[13.3767,45.6832],[13.4017,45.6754],[13.428,45.6811],[13.432,45.6836],[13.5261,45.6664],[13.6201,45.6492],[13.772,45.6214],[13.7599,45.6135],[13.757,45.6137],[13.7302,45.6131],[13.7118,45.5932],[13.7196,45.5872],[13.6474,45.5418],[13.6109,45.538],[13.5896,45.5358],[13.5686,45.5393],[13.5728,45.53],[13.5786,45.5234],[13.5857,45.5197],[13.5773,45.5171],[13.5479,45.5005],[13.5071,45.5119],[13.5046,45.4839],[13.5208,45.4573],[13.5134,45.4362],[13.5549,45.3611],[13.5413,45.3461],[13.5618,45.3264],[13.5703,45.3253],[13.5766,45.3069],[13.5755,45.3065],[13.5774,45.3046],[13.5915,45.264],[13.5882,45.2596],[13.5942,45.2208],[13.5823,45.1966],[13.5994,45.1713],[13.6006,45.1373],[13.6197,45.1387],[13.6238,45.1232],[13.6126,45.1179],[13.6369,45.0936],[13.6232,45.0731],[13.6813,45.0464],[13.7328,44.9949],[13.7493,44.9825],[13.8073,44.9079],[13.8049,44.8854],[13.8237,44.8868],[13.8339,44.8736],[13.8338,44.8734],[13.7993,44.8646],[13.8491,44.8472],[13.8491,44.8266],[13.897,44.8131],[13.9032,44.7724],[13.918,44.7783],[13.8911,44.8314],[13.9013,44.8292],[13.9017,44.8292],[13.9039,44.8294],[13.9363,44.8199],[13.9517,44.8024],[13.9519,44.8026],[13.9521,44.8024],[13.9597,44.813],[13.9639,44.8118],[14,44.8131],[13.9727,44.8266],[13.9727,44.8314],[14.0288,44.9105],[14.0421,44.9265],[14.0828,44.9839],[14.0689,44.9495],[14.1133,44.9775],[14.1399,44.9713],[14.1637,44.9958],[14.1662,45.0189],[14.1551,45.0678],[14.1745,45.0896],[14.1931,45.1056],[14.1916,45.1088],[14.2077,45.1268],[14.2092,45.1264],[14.2347,45.1546],[14.2026,45.1716],[14.1946,45.275],[14.2105,45.3278],[14.1995,45.3756],[14.2036,45.4039],[14.1389,45.4343],[14.1173,45.473],[14.1455,45.4762],[14.2187,45.4972],[14.2804,45.4811],[14.3268,45.4749],[14.3728,45.4778],[14.4112,45.4932],[14.4689,45.5256],[14.4821,45.5424],[14.4915,45.5792],[14.4986,45.5962],[14.5436,45.6364],[14.5561,45.6567],[14.5691,45.6643],[14.5809,45.6678],[14.5919,45.6634],[14.5941,45.648],[14.5939,45.6162],[14.6031,45.6036],[14.616,45.5941],[14.6503,45.5748],[14.6637,45.5702],[14.6717,45.5568],[14.6685,45.534],[14.6883,45.522],[14.7815,45.4931],[14.7972,45.4652],[14.8388,45.459],[14.8816,45.4698],[14.9008,45.4931],[14.9044,45.5144],[14.9226,45.5149],[14.9454,45.5045],[14.9626,45.4931],[14.9773,45.4917],[15.0074,45.4808],[15.0562,45.4799],[15.0661,45.4739],[15.1393,45.43],[15.1842,45.4256],[15.2258,45.4365],[15.2816,45.451],[15.314,45.4505],[15.3339,45.4585],[15.3614,45.482],[15.311,45.5059],[15.2967,45.523],[15.2822,45.5715],[15.2696,45.5934],[15.2686,45.6017],[15.2879,45.6103],[15.2974,45.6257],[15.3267,45.6323],[15.3531,45.6403],[15.3738,45.6402],[15.3683,45.649],[15.35,45.6696],[15.3829,45.6904],[15.4209,45.6953],[15.4738,45.6618],[15.5131,45.6473],[15.5137,45.6324],[15.5756,45.6024],[15.5936,45.6205],[15.6264,45.6214],[15.6633,45.6049],[15.7316,45.5886],[15.7474,45.5952],[15.7392,45.5589],[15.7799,45.5225],[15.8129,45.5234],[15.8425,45.4659],[15.8372,45.4363],[15.8141,45.3987],[15.7799,45.3951],[15.716,45.4208],[15.6765,45.4252],[15.6568,45.4152],[15.6723,45.3982],[15.6651,45.3766],[15.6796,45.3488],[15.6639,45.3396],[15.6564,45.2851],[15.6616,45.2681],[15.6312,45.2395],[15.6394,45.2107],[15.7049,45.2009],[15.7617,45.21],[15.8026,45.1965],[15.8248,45.211],[15.8789,45.2172],[16.0085,45.2182],[16.0292,45.205],[16.0244,45.1843],[16.0675,45.1696],[16.1041,45.1125],[16.213,45.0315],[16.2793,45.0072],[16.3162,45.0012],[16.346,45.02],[16.382,45.0837],[16.3818,45.1076],[16.4355,45.1329],[16.4819,45.1995],[16.5289,45.2223],[16.587,45.2209],[16.7863,45.1788],[16.8242,45.1891],[16.8307,45.217],[16.9244,45.2845],[16.9473,45.2357],[16.9612,45.2509],[17.0083,45.2162],[17.0363,45.2305],[17.0557,45.2004],[17.1246,45.1691],[17.1871,45.1486],[17.2455,45.1554],[17.269,45.1895],[17.3824,45.1396],[17.4341,45.1486],[17.4478,45.1343],[17.4962,45.1417],[17.4893,45.1163],[17.5724,45.1204],[17.63,45.1573],[17.6847,45.164],[17.7145,45.152],[17.7657,45.111],[17.7975,45.082],[17.8357,45.0644],[17.9026,45.0778],[17.9277,45.092],[17.9885,45.1438],[18.0191,45.1494],[18.0903,45.108],[18.1437,45.0977],[18.1749,45.1008],[18.1993,45.119],[18.2023,45.1441],[18.2379,45.1575],[18.262,45.1507],[18.3223,45.1229],[18.3929,45.1186],[18.412,45.1124],[18.4518,45.085],[18.4817,45.0669],[18.517,45.0559],[18.5411,45.0553],[18.5348,45.0884],[18.6167,45.0977],[18.6405,45.0654],[18.6581,45.0663],[18.6661,45.083],[18.689,45.0802],[18.7263,45.0261],[18.7501,45.0122],[18.789,45.0057],[18.8046,44.9738],[18.7726,44.9425],[18.7834,44.9137],[18.8178,44.8875],[18.8421,44.8762],[18.8587,44.8685],[18.8896,44.8612],[18.9749,44.8628],[19.0158,44.8656],[19.0846,44.879],[19.1743,44.9254],[19.2019,44.9084],[19.2395,44.9151],[19.3102,44.9124],[19.357,44.8959],[19.3766,44.863],[19.3637,44.8546],[19.3284,44.734],[19.3084,44.7051],[19.2776,44.6849],[19.2557,44.6456],[19.1863,44.5693],[19.1796,44.5383],[19.1299,44.5183],[19.1434,44.4582],[19.1414,44.4308],[19.1072,44.3827],[19.1167,44.3437],[19.1389,44.3093],[19.1772,44.287],[19.2637,44.2702],[19.2959,44.2758],[19.3243,44.264],[19.354,44.2243],[19.3624,44.1912],[19.4426,44.1432],[19.4597,44.1527],[19.4764,44.127],[19.5162,44.0912],[19.546,44.1138],[19.6093,44.1233],[19.6182,44.1437],[19.6593,44.1374],[19.6755,44.1251],[19.7413,44.1045],[19.7812,44.0535],[19.8109,44.0602],[19.8064,44.0835],[19.7739,44.1124],[19.796,44.1213],[19.8264,44.1053],[19.861,44.1288],[19.9082,44.1212],[19.9061,44.1029],[19.9508,44.0793],[19.9778,44.0756],[20.0095,44.1042],[20.062,44.0853],[20.1246,44.0737],[20.1291,44.0967],[20.1743,44.1113],[20.2292,44.1116],[20.2885,44.1229],[20.328,44.1472],[20.3396,44.1682],[20.3685,44.1737],[20.3791,44.2],[20.3975,44.2046],[20.4231,44.2418],[20.4154,44.2841],[20.3891,44.2943],[20.4003,44.3247],[20.4312,44.3603],[20.3996,44.3821],[20.4095,44.4026],[20.4422,44.4189],[20.4838,44.3989],[20.5379,44.3857],[20.5431,44.3556],[20.6065,44.3737],[20.623,44.3398],[20.6498,44.3218],[20.6846,44.3347],[20.7314,44.3227],[20.772,44.2978],[20.7676,44.3312],[20.787,44.3448],[20.7579,44.3511],[20.7315,44.3785],[20.7567,44.416],[20.7759,44.4228],[20.8191,44.4159],[20.8376,44.4415],[20.8211,44.464],[20.7641,44.496],[20.7371,44.533],[20.8064,44.5632],[20.7815,44.5876],[20.7715,44.6163],[20.7948,44.6647],[20.7636,44.6684],[20.7203,44.6962],[20.672,44.744],[20.6333,44.7652],[20.6282,44.7886],[20.6364,44.8494],[20.595,44.858],[20.6001,44.8886],[20.5732,44.9103],[20.527,44.9254],[20.4988,44.9484],[20.4974,44.9648],[20.4522,44.9851],[20.3985,45.0314],[20.3952,45.0652],[20.339,45.0803],[20.2778,45.141],[20.2224,45.1755],[20.185,45.185],[20.0648,45.1755],[19.9856,45.1898],[19.9803,45.1598],[19.9126,45.1426],[19.792,45.1471],[19.7731,45.1671],[19.6988,45.1417],[19.6001,45.1384],[19.5386,45.1505],[19.4609,45.1741],[19.428,45.1461],[19.3939,45.1716],[19.4078,45.2031],[19.3781,45.2296],[19.2898,45.2363],[19.1585,45.2762],[19.1041,45.2987],[19.083,45.3392],[19.0302,45.3451],[18.9775,45.3712],[18.9755,45.3911],[19.0226,45.4024],[19.0313,45.4162],[19.0023,45.4437],[18.9964,45.4738],[19.0179,45.4978],[19.0772,45.4916],[19.1063,45.5116],[19.0951,45.5261],[19.051,45.5389],[19.0181,45.5674],[18.9602,45.5391],[18.9417,45.5389],[18.9036,45.5731],[18.9124,45.6192],[18.9685,45.6687],[18.9627,45.6831],[18.9173,45.7066],[18.9002,45.7649],[18.8487,45.8096],[18.8553,45.8574],[18.8998,45.8614],[18.904,45.8757],[18.8729,45.8952],[18.907,45.9157],[18.9013,45.9312],[18.8225,45.9056],[18.8015,45.92],[18.8241,45.9402],[18.8524,46.0112],[18.8447,46.0499],[18.822,46.0989],[18.7858,46.0997],[18.8292,46.1229],[18.8072,46.1314],[18.8026,46.1614],[18.8335,46.1618],[18.8539,46.1932],[18.8233,46.2063],[18.8417,46.2257],[18.8984,46.234],[18.9144,46.2457],[18.9133,46.3306],[18.8922,46.3784],[18.8989,46.4143],[18.9227,46.4686],[18.9201,46.4988],[18.8772,46.5912],[18.8581,46.6148],[18.8853,46.6352],[18.9529,46.6561],[18.9816,46.6763],[19.0018,46.7085],[18.9847,46.7756],[18.9276,46.8271],[18.9267,46.8484],[18.9309,46.8771],[18.9488,46.9039],[18.9665,46.9172],[18.9669,46.9358],[18.9605,46.9774],[18.9552,46.9947],[18.968,47.0332],[18.9031,47.0816],[18.8792,47.1492],[18.8869,47.2081],[18.9076,47.2374],[18.9188,47.2871],[18.9028,47.3038],[18.9286,47.3185],[18.9423,47.344],[18.949,47.3693],[18.9555,47.4045],[18.9247,47.4285],[18.8913,47.4422],[18.8638,47.4618],[18.8383,47.454],[18.8442,47.4206],[18.8619,47.3872],[18.8194,47.3563],[18.7804,47.4105],[18.787,47.439],[18.7756,47.4645],[18.7246,47.5076],[18.685,47.5619],[18.7104,47.5787],[18.7259,47.605],[18.775,47.6381],[18.7591,47.6648],[18.8113,47.6702],[18.8637,47.6661],[18.853,47.7171],[18.8938,47.7268],[18.9165,47.7217],[18.9157,47.7712],[18.8833,47.8122],[18.8149,47.8322],[18.7677,47.8223],[18.6928,47.778],[18.6338,47.7798],[18.5974,47.7907],[18.5526,47.7928],[18.3479,47.7768],[18.273,47.7563],[18.2359,47.7539],[18.1126,47.7625],[17.8835,47.7525],[17.8257,47.75],[17.7192,47.7737],[17.6767,47.7892],[17.6399,47.8192],[17.6042,47.8342],[17.5726,47.8295],[17.5266,47.8721],[17.472,47.8888],[17.3694,47.9812],[17.3379,47.9987],[17.2623,48.0073],[17.1848,48.0203],[17.1483,48.0054],[17.125,48.0195],[17.0697,48.0357],[17.0591,48.0604],[17.0802,48.0976],[17.0625,48.1127],[17.0475,48.131],[17.0072,48.1428],[16.9819,48.1613],[16.9506,48.2766],[16.9166,48.2908],[16.8984,48.3162],[16.9019,48.3394],[16.8445,48.3656],[16.8608,48.4438],[16.9139,48.5193],[16.9491,48.5448],[16.945,48.6042],[16.9105,48.6308],[16.8967,48.697],[16.873,48.719],[16.7989,48.7092],[16.729,48.7331],[16.662,48.74],[16.6431,48.7783],[16.5103,48.8048],[16.4357,48.7945],[16.385,48.7371],[16.3583,48.7273],[16.1778,48.7465],[16.0854,48.7429],[16.0323,48.7581],[15.9081,48.8197],[15.886,48.842],[15.8401,48.8501],[15.8185,48.8723],[15.7792,48.8709],[15.7268,48.855],[15.6813,48.8585],[15.6037,48.8874],[15.5442,48.9026],[15.4719,48.9367],[15.3355,48.975],[15.2629,48.9826],[15.2381,48.9508],[15.1419,48.9375],[15.149,48.9653],[15.1374,48.993],[15.0596,48.9972],[14.9821,49.0079],[14.9646,48.9717],[14.9682,48.885],[14.9381,48.8028],[14.9511,48.7803],[14.9193,48.7616],[14.8677,48.7756],[14.8004,48.7765],[14.7754,48.724],[14.7227,48.6934],[14.7038,48.6731],[14.7007,48.6155],[14.6911,48.5865],[14.6592,48.577],[14.6347,48.6023],[14.6019,48.6045],[14.5788,48.6205],[14.522,48.6106],[14.4821,48.6245],[14.4582,48.6432],[14.4436,48.6365],[14.4054,48.5863],[14.3157,48.5579],[14.2165,48.5812],[14.0748,48.5917],[14.0408,48.6012],[14.0062,48.6395],[14.0329,48.6549],[13.9823,48.7065],[13.915,48.731],[13.8559,48.7593],[13.8157,48.7664],[13.7962,48.7798],[13.7247,48.8673],[13.6544,48.8822],[13.6218,48.9091],[13.6087,48.9462],[13.5905,48.9448],[13.5224,48.9693],[13.5021,48.9661],[13.4823,48.9376],[13.4273,48.96],[13.3842,48.993],[13.3724,49.0385],[13.2995,49.0936],[13.2673,49.1056],[13.2068,49.1075],[13.1785,49.1183],[13.1495,49.1548],[13.0558,49.2382],[13.0113,49.2678],[12.9998,49.2949],[12.9229,49.3327],[12.8847,49.3396],[12.8754,49.3239],[12.7978,49.3278],[12.7621,49.3432],[12.7293,49.3911],[12.6435,49.4295],[12.6272,49.4602],[12.623,49.5098],[12.5937,49.515],[12.5623,49.5508],[12.5536,49.5847],[12.502,49.6197],[12.4964,49.67],[12.4196,49.7002],[12.3836,49.7429],[12.3954,49.7579],[12.4527,49.7797],[12.4625,49.8312],[12.4825,49.8272],[12.5129,49.8702],[12.5241,49.905],[12.4627,49.9313],[12.4682,49.9702],[12.3,50.0271],[12.2469,50.045],[12.2325,50.0805],[12.1879,50.1028],[12.1792,50.118],[12.1827,50.1707],[12.1393,50.211],[12.0796,50.2427],[12.1091,50.2638],[12.1073,50.2909],[12.0761,50.3152],[12.1013,50.314],[12.0937,50.3226],[12.0399,50.3288],[11.986,50.3516],[11.9812,50.3853],[11.9405,50.4145],[11.9053,50.4152],[11.8997,50.4293],[11.9311,50.4403],[11.9475,50.4622],[11.9258,50.4884],[11.9447,50.5159],[11.9894,50.5461],[12.0485,50.5316],[12.0812,50.5613],[12.1454,50.5625],[12.1587,50.6037],[12.1869,50.6264],[12.2529,50.6263],[12.29,50.6434],[12.3218,50.674],[12.2855,50.677],[12.2628,50.7222],[12.2412,50.7222],[12.2492,50.7426],[12.2855,50.7693],[12.258,50.7925],[12.3308,50.8064],[12.3642,50.8233],[12.4244,50.8243],[12.4628,50.8566],[12.5275,50.8766],[12.6017,50.8764],[12.6109,50.8701],[12.6472,50.8999],[12.6022,50.9525],[12.5457,50.9713],[12.4914,51.0285],[12.4837,51.0583],[12.3289,51.0878],[12.2646,51.0838],[12.2464,51.0326],[12.2754,51.0098],[12.2171,50.9542],[12.2008,50.9279],[12.1595,50.952],[12.1204,50.9445],[12.0679,50.9561],[12.0046,50.949],[11.9609,50.971],[11.9314,50.9981],[11.8607,51.0226],[11.7326,51.0175],[11.6974,51.0642],[11.6891,51.0919],[11.6631,51.1012],[11.6275,51.0956],[11.5352,51.1003],[11.5047,51.0892],[11.4274,51.0988],[11.4264,51.1077],[11.4203,51.1597],[11.3886,51.1899],[11.333,51.2163],[11.3524,51.2301],[11.4224,51.2437],[11.4519,51.2715],[11.3672,51.3575],[11.3149,51.3833],[11.1962,51.3974],[11.1538,51.3969],[10.9991,51.4087],[10.9645,51.4278],[10.9718,51.4627],[10.9454,51.4995],[10.965,51.4721],[11.3,51.52],[11.6,51.45],[11.9,51.42],[12.1,51.47],[12.22,51.6],[12.2662,51.7155],[12,51.68],[11.8,51.68],[11.65,51.72],[11.75,51.9],[11.8596,51.973],[11.74,52.02],[11.66,52.13],[11.7,52.23],[11.77,52.31],[11.9,52.45],[11.98,52.55],[12,52.67],[12.04,52.79],[12.04,52.86],[11.9795,52.8859],[11.9655,52.8852],[11.8967,52.9017],[11.8319,52.9282],[11.8444,52.946],[11.8158,52.9593],[11.8073,52.9603],[11.798,52.9676],[11.75,52.99],[11.7435,52.992],[11.6942,52.984],[11.6814,53.0106],[11.6696,53.0141],[11.6223,53.0224],[11.623,53.0281],[11.5802,53.041],[11.5619,53.01],[11.5813,53.0429],[11.4907,53.0607],[11.4609,53.0794],[11.4169,53.0809],[11.3656,53.064],[11.3276,53.0724],[11.2741,53.1175],[11.2558,53.1362],[11.2397,53.142],[11.2247,53.153],[11.2014,53.1405],[11.1943,53.1409],[11.1645,53.1709],[11.1434,53.1727],[11.1093,53.1558],[11.0894,53.1442],[11.0681,53.1555],[11.0401,53.1664],[10.9302,53.2285],[10.8393,53.2601],[10.8073,53.2756],[10.7868,53.2934],[10.7751,53.3002],[10.7558,53.3029],[10.7394,53.3085],[10.7346,53.3217],[10.7316,53.352],[10.7097,53.3683],[10.6755,53.3737],[10.6012,53.3718],[10.6222,53.391],[10.6272,53.4015],[10.6272,53.4137],[10.6354,53.4452],[10.6408,53.451],[10.6611,53.4582],[10.6863,53.4568],[10.6945,53.4601],[10.7017,53.4755],[10.7082,53.4794],[10.7257,53.4811],[10.7602,53.4882],[10.8049,53.5094],[10.8204,53.5148],[10.8239,53.5313],[10.8324,53.5441],[10.8297,53.5701],[10.8414,53.5719],[10.8578,53.5682],[10.9036,53.5723],[10.9115,53.5714],[10.929,53.5485],[10.9381,53.5525],[10.9544,53.5661],[10.9423,53.5697],[10.953,53.5737],[10.9527,53.5844],[10.9406,53.6114],[10.9398,53.6287],[10.956,53.6391],[10.955,53.6555],[10.9465,53.6649],[10.9456,53.6771],[10.9381,53.6847],[10.9146,53.6968],[10.8789,53.702],[10.8655,53.6999],[10.8466,53.7085],[10.8059,53.7412],[10.7781,53.7458],[10.7609,53.7467],[10.7584,53.7519],[10.7674,53.7746],[10.771,53.7933],[10.7615,53.8225],[10.753,53.8341],[10.7519,53.84],[10.7513,53.8431],[10.7633,53.8651],[10.7726,53.8699],[10.8123,53.8827],[10.8613,53.9098],[10.8852,53.9191],[10.9073,53.9155],[10.9067,53.9053],[10.9129,53.9021],[10.9453,53.9052],[10.95,53.9076],[10.9605,53.9129],[10.95,53.9149],[10.9203,53.9205],[10.9042,53.9313],[10.906,53.9612],[10.9222,53.9614],[10.9222,54.0474],[10.9401,54.0474],[10.9427,54.1336],[10.9505,54.1395],[11.0666,54.1839],[11.0945,54.2251],[11.0871,54.2709],[11.0945,54.2835],[11.0774,54.3422],[11.1355,54.3859],[11.1042,54.3929],[11.0339,54.3676],[11.0188,54.3859],[10.9353,54.3795],[10.913,54.3726],[10.3193,54.5096],[10.3,54.5],[10.15,54.42],[10,54.38],[9.85,54.35],[9.67,54.3],[9.5,54.28],[9.3,54.3],[9.1,54.37],[8.9,54.3],[8.6361,54.2868],[8.6417,54.2826],[8.7715,54.0675],[8.7999,54.0204],[8.7835,54.0084],[8.7613,53.9923],[8.7235,53.9648],[8.7032,53.95],[8.6857,53.9372],[8.6101,53.8822],[8.6071,53.8815],[8.5733,53.8577],[8.5715,53.8542],[8.5,53.8021],[8.4434,53.7609],[8.3152,53.6676],[8.1614,53.5557],[8.1498,53.5602],[8.1244,53.5836],[8.1276,53.5908],[8.1074,53.5992],[8.0253,53.6747],[8.0314,53.7081],[7.9599,53.7204],[7.9365,53.748],[7.9361,53.748],[7.4711,53.7178],[7.2267,53.702],[7.1009,53.6938],[6.9823,53.5647],[6.954,53.5339],[6.9256,53.503],[6.9212,53.4982],[6.9065,53.4822],[6.8601,53.4838],[6.7379,53.4881],[6.4935,53.4965],[6.463,53.4976],[6.4324,53.4987],[6.4018,53.4997],[6.3713,53.5008],[6.3408,53.5018],[6.3245,53.5024],[6.3189,53.5072],[6.3345,53.511],[6.3337,53.5111],[6.3343,53.5112],[6.3338,53.5112],[6.3345,53.5114],[6.3118,53.5132],[6.3108,53.5141],[6.305,53.5138],[6.2913,53.5149],[6.2909,53.5149],[6.2752,53.5122],[6.2118,53.5089],[6.2017,53.5067],[6.1269,53.5092],[6.0753,53.511],[6.0749,53.511],[6.0046,53.4895],[5.9333,53.4678],[5.9138,53.4739],[5.8856,53.4732],[5.8773,53.4749],[5.8769,53.4749],[5.7077,53.4732],[5.6537,53.4663],[5.6541,53.4659],[5.6537,53.4659],[5.6545,53.4652],[5.6419,53.4634],[5.6361,53.4487],[5.679,53.4301],[5.7363,53.4435],[5.7854,53.4474],[5.8556,53.4474],[5.876,53.4502],[5.5158,53.3402],[5.2714,53.2655],[5.1492,53.2282],[5.0881,53.2095],[5.0576,53.2002],[5.027,53.1908],[4.9883,53.179],[4.9495,53.1672],[4.8974,53.1512],[4.8872,53.1644],[4.8872,53.1833],[4.8868,53.1831],[4.8868,53.1833],[4.8858,53.1827],[4.8858,53.1867],[4.8543,53.1877],[4.8057,53.133],[4.7597,53.1091],[4.7167,53.096],[4.7068,53.093],[4.4064,52.5894],[4.3168,52.4391],[4.2944,52.4015],[4.2719,52.3639],[4.2271,52.2887],[4.0493,51.9907],[4.0225,51.9944],[4.01,51.9801],[4.0257,51.951],[3.9638,51.8472],[3.9627,51.8474],[3.8623,51.8161],[3.8716,51.7883],[3.9339,51.7971],[3.9173,51.7693],[3.9016,51.743],[3.8101,51.7473],[3.7928,51.7457],[3.7892,51.7459],[3.7888,51.7459],[3.7825,51.7448],[3.7258,51.7397],[3.7054,51.7314],[3.6988,51.7303],[3.6988,51.7288],[3.6895,51.725],[3.6867,51.6927],[3.7206,51.6768],[3.7654,51.6784],[3.7758,51.6858],[3.8159,51.693],[3.8244,51.69],[3.8596,51.6726],[3.8284,51.6204],[3.8118,51.6115],[3.5604,51.5946],[3.5469,51.5894],[3.5008,51.5775],[3.4838,51.5652],[3.4575,51.5551],[3.447,51.546],[3.4619,51.519],[3.4948,51.5009],[3.5321,51.4626],[3.4881,51.4392],[3.4608,51.4246],[3.4179,51.4017],[3.3878,51.3857],[3.3828,51.3847],[3.3496,51.3778],[3.3477,51.3774],[3.3126,51.3702],[3.2775,51.3629],[3.2236,51.3518],[3.2073,51.3464],[3.1248,51.3297],[2.9983,51.2774],[2.9608,51.265],[2.9162,51.2478],[2.6523,51.1824],[2.5658,51.1609],[2.5226,51.1502],[2.5144,51.1482],[2.4793,51.1401],[2.1333,51.0605],[2.0901,51.0505],[2.0468,51.0405],[1.9603,51.0206],[1.6396,50.9468],[1.6143,50.8782],[1.5806,50.8688],[1.5946,50.8248],[1.512,50.6011],[1.4707,50.4893],[1.4501,50.4334],[1.4398,50.4055],[1.4294,50.3775],[1.3696,50.2153],[1.3489,50.1593],[1.3372,50.1276],[1.2877,50.111],[1.268,50.1044],[1.1871,50.0772],[1.0252,50.0229],[0.0541,49.6971],[-0.1077,49.6428],[-0.1887,49.6156],[-0.2696,49.5885],[-0.31,49.5749],[-0.3505,49.5613],[-0.4314,49.5342],[-0.5933,49.4799],[-0.887,49.3813],[-0.9169,49.3864],[-0.9404,49.3923],[-0.9543,49.3928],[-0.9592,49.3936],[-0.9596,49.3936],[-0.9698,49.3933],[-1.0723,49.3968],[-1.084,49.3909],[-1.158,49.4245],[-1.1847,49.4366],[-1.1932,49.4457],[-1.212,49.4688],[-1.2328,49.4943],[-1.263,49.5914],[-1.2533,49.6123],[-1.2278,49.6241],[-1.2322,49.6414],[-1.258,49.6792],[-1.258,49.68],[-1.2587,49.6802],[-1.2711,49.6984],[-1.3913,49.7127],[-1.4557,49.7022],[-1.4752,49.6884],[-1.5894,49.6679],[-1.7044,49.6818],[-1.7249,49.682],[-1.7251,49.682],[-1.9348,49.7772],[-1.9347,49.777],[-1.9352,49.7772],[-1.9351,49.7767],[-1.9352,49.7768],[-1.9208,49.7253],[-1.9352,49.7241],[-1.9456,49.678],[-1.9051,49.6693],[-1.8704,49.5452],[-1.8847,49.5309],[-1.8602,49.5086],[-1.7352,49.0619],[-1.6727,48.8386],[-1.6415,48.727],[-1.6266,48.6738],[-1.6185,48.645],[-1.6404,48.6483],[-1.6719,48.6532],[-1.735,48.6628],[-1.8466,48.68],[-1.8363,48.6911],[-1.8437,48.7121],[-1.9484,48.6956],[-2.022,48.7069],[-2.0588,48.7125],[-2.0956,48.7182],[-2.2427,48.7407],[-2.537,48.7859],[-3.0915,48.8709],[-3.0915,48.8713],[-3.0928,48.8711],[-3.2956,48.9022],[-3.296,48.9022],[-3.4676,48.8733],[-3.655,48.8417],[-3.7018,48.8338],[-3.7487,48.8259],[-3.8424,48.8101],[-4.592,48.6838],[-4.5919,48.6834],[-4.592,48.6834],[-4.5807,48.6022],[-4.6077,48.603],[-4.5976,48.5914],[-4.6277,48.5788],[-4.6425,48.5819],[-4.722,48.5682],[-4.7646,48.5202],[-4.7746,48.4913],[-4.7493,48.4788],[-4.7799,48.4549],[-4.7834,48.4174],[-4.7648,48.3776],[-4.7834,48.3764]],[[12.3856,43.9245],[12.3957,43.9484],[12.411,43.9597],[12.4166,43.9637],[12.4214,43.9672],[12.4272,43.9694],[12.4533,43.9791],[12.4822,43.9826],[12.4892,43.9731],[12.4907,43.965],[12.4924,43.9564],[12.4915,43.9491],[12.4903,43.9392],[12.4831,43.9292],[12.4822,43.9279],[12.4796,43.9258],[12.478,43.9232],[12.4775,43.9201],[12.4783,43.917],[12.4644,43.9001],[12.4605,43.8953],[12.4413,43.8933],[12.4294,43.8921],[12.4211,43.8952],[12.3996,43.9032],[12.39,43.9179],[12.3856,43.9245]]],[[[-2.6735,49.4335],[-2.6693,49.4309],[-2.5731,49.4309],[-2.5521,49.4267],[-2.549,49.4283],[-2.5472,49.4279],[-2.5472,49.428],[-2.5468,49.4279],[-2.5456,49.4301],[-2.5341,49.4362],[-2.5267,49.4585],[-2.5245,49.4688],[-2.5127,49.4903],[-2.5058,49.498],[-2.5017,49.5067],[-2.5182,49.5155],[-2.5382,49.5098],[-2.5496,49.5042],[-2.5736,49.4954],[-2.5802,49.4936],[-2.5825,49.4922],[-2.648,49.4682],[-2.6479,49.4679],[-2.648,49.4678],[-2.6464,49.464],[-2.6503,49.4637],[-2.6566,49.4594],[-2.6518,49.4452],[-2.663,49.4438],[-2.6735,49.4335]]],[[[-2.242,49.248],[-2.2332,49.2285],[-2.2296,49.2165],[-2.2376,49.1766],[-2.2375,49.1766],[-2.2376,49.1762],[-2.2372,49.1763],[-2.2372,49.1762],[-2.1826,49.1841],[-2.1772,49.1802],[-2.1687,49.1783],[-2.1626,49.1866],[-2.1013,49.1866],[-2.097,49.1837],[-2.08,49.1787],[-2.0734,49.1786],[-2.054,49.1693],[-2.0537,49.1694],[-2.0536,49.1693],[-2.0354,49.1744],[-2.0245,49.1713],[-2.0237,49.1777],[-2.0104,49.1814],[-2.0105,49.1818],[-2.0104,49.1818],[-2.014,49.2072],[-2.0083,49.2125],[-2.0158,49.2196],[-2.0176,49.2321],[-2.021,49.2333],[-2.0207,49.2353],[-2.0679,49.2507],[-2.0827,49.2602],[-2.1039,49.2582],[-2.1059,49.2568],[-2.1218,49.2582],[-2.122,49.2583],[-2.1438,49.2619],[-2.1517,49.267],[-2.1618,49.2618],[-2.2192,49.2669],[-2.2196,49.2669],[-2.2209,49.2605],[-2.2294,49.263],[-2.2411,49.2602],[-2.242,49.248]]],[[[4.8789,53.2209],[4.9102,53.2125],[4.9575,53.2456],[4.9716,53.2538],[5.1105,53.3079],[5.1098,53.3079],[5.1103,53.3081],[5.11,53.3081],[5.1105,53.3083],[5.1006,53.3085],[5.1048,53.3096],[5.0545,53.3138],[5.0428,53.3097],[5.0277,53.31],[5.0273,53.31],[4.9972,53.2937],[4.9865,53.29],[4.9212,53.2537],[4.917,53.2504],[4.9084,53.2458],[4.9087,53.2455],[4.9084,53.2454],[4.9095,53.2446],[4.8789,53.2209]]],[[[5.1789,53.3854],[5.1799,53.3531],[5.2083,53.3527],[5.3469,53.3892],[5.427,53.4064],[5.4817,53.4127],[5.4797,53.4172],[5.5821,53.4381],[5.5815,53.4382],[5.5819,53.4383],[5.5815,53.4384],[5.5821,53.4385],[5.5701,53.441],[5.5853,53.4536],[5.437,53.4365],[5.4284,53.4326],[5.4161,53.4315],[5.1893,53.3916],[5.1898,53.3914],[5.1895,53.3914],[5.1898,53.3913],[5.1893,53.3912],[5.1958,53.3891],[5.1789,53.3854]]],[[[6.6437,53.5787],[6.6441,53.5787],[6.6739,53.5799],[6.6771,53.5756],[6.7346,53.5752],[6.7293,53.582],[6.7341,53.5822],[6.7576,53.5971],[6.7981,53.6044],[6.7879,53.6163],[6.8025,53.6256],[6.802,53.6256],[6.8023,53.6258],[6.8022,53.6258],[6.8025,53.626],[6.7553,53.626],[6.6689,53.6051],[6.6641,53.6001],[6.6595,53.5991],[6.6611,53.597],[6.6437,53.5791],[6.6441,53.5791],[6.6437,53.5787]]],[[[8.5445,42.2568],[8.5771,42.1613],[8.5691,42.155],[8.5863,42.1335],[8.5867,42.1335],[8.6384,41.9822],[8.6317,41.9754],[8.5863,41.969],[8.6144,41.9441],[8.6143,41.9008],[8.6633,41.9094],[8.7118,41.7675],[8.7092,41.7636],[8.6551,41.7499],[8.703,41.7425],[8.6956,41.7294],[8.7235,41.7335],[8.7749,41.5832],[8.7949,41.5742],[8.7918,41.5612],[8.8533,41.5439],[8.8396,41.5308],[8.8737,41.5234],[8.9357,41.4892],[8.9785,41.4852],[9.0017,41.477],[9.1113,41.4221],[9.0964,41.4035],[9.1691,41.3862],[9.1939,41.3691],[9.2232,41.3725],[9.2272,41.3806],[9.2285,41.38],[9.2286,41.3802],[9.2289,41.38],[9.2431,41.4132],[9.2503,41.4278],[9.2492,41.4272],[9.2661,41.4666],[9.2708,41.4687],[9.2791,41.4916],[9.2774,41.493],[9.3016,41.5494],[9.3411,41.5693],[9.3451,41.6045],[9.3229,41.5991],[9.3325,41.6214],[9.3467,41.6196],[9.3452,41.6403],[9.3731,41.6452],[9.3675,41.6719],[9.3729,41.6784],[9.3738,41.6805],[9.4016,41.7064],[9.403,41.7797],[9.4025,41.7848],[9.4195,41.8243],[9.4365,41.8639],[9.4704,41.943],[9.5384,42.1013],[9.5527,42.113],[9.5596,42.1466],[9.5589,42.149],[9.5601,42.1519],[9.56,42.1522],[9.5601,42.1523],[9.5554,42.176],[9.5539,42.1969],[9.5596,42.2946],[9.5432,42.342],[9.5387,42.4028],[9.5459,42.4351],[9.535,42.4536],[9.5331,42.4788],[9.5322,42.5444],[9.5186,42.581],[9.4896,42.6126],[9.4978,42.5953],[9.4737,42.6162],[9.464,42.6396],[9.4577,42.6712],[9.478,42.7886],[9.4828,42.8023],[9.4844,42.8324],[9.4655,42.9235],[9.4701,42.9423],[9.4603,42.9553],[9.4629,42.9804],[9.4629,42.9808],[9.4611,42.9824],[9.464,42.9901],[9.4224,43.0174],[9.4219,43.0173],[9.4161,43.0225],[9.4157,43.0225],[9.3617,43.0173],[9.3561,43.0047],[9.3418,42.9907],[9.3441,42.9829],[8.7461,42.6279],[8.6861,42.5177],[8.6675,42.5097],[8.6597,42.4771],[8.6635,42.4761],[8.6358,42.4252],[8.6307,42.421],[8.6187,42.4196],[8.6075,42.4018],[8.5877,42.3854],[8.5877,42.3853],[8.5705,42.3818],[8.5521,42.3867],[8.5596,42.3464],[8.583,42.349],[8.5913,42.345],[8.5922,42.345],[8.5445,42.2572],[8.5446,42.257],[8.5445,42.2568]]],[[[10.1068,42.7574],[10.1306,42.7456],[10.1321,42.7426],[10.1373,42.7422],[10.1472,42.7373],[10.2297,42.7354],[10.2348,42.7426],[10.2607,42.7476],[10.2654,42.7446],[10.2918,42.7535],[10.3335,42.7616],[10.3349,42.761],[10.3695,42.7416],[10.3814,42.7226],[10.4036,42.7224],[10.4201,42.7131],[10.4201,42.7134],[10.4205,42.7131],[10.4204,42.7135],[10.4205,42.7135],[10.4189,42.7222],[10.4307,42.7221],[10.4251,42.7408],[10.414,42.7477],[10.4098,42.7704],[10.4119,42.773],[10.4203,42.7764],[10.4367,42.8044],[10.4434,42.8454],[10.422,42.8708],[10.3999,42.8688],[10.3934,42.8561],[10.3589,42.8228],[10.3265,42.8252],[10.3268,42.8262],[10.3066,42.8266],[10.2873,42.828],[10.2869,42.828],[10.2838,42.8271],[10.2721,42.8273],[10.271,42.8231],[10.2473,42.8159],[10.1804,42.813],[10.1582,42.8173],[10.1406,42.8112],[10.1285,42.8107],[10.1252,42.806],[10.1117,42.8013],[10.1068,42.7574]]],[[[11.0057,54.4685],[11.0325,54.4473],[11.0581,54.4553],[11.0739,54.4539],[11.1064,54.4314],[11.1126,54.4152],[11.179,54.4142],[11.1805,54.4161],[11.2802,54.4172],[11.3142,54.4138],[11.2556,54.4787],[11.2448,54.4866],[11.2341,54.5009],[11.2213,54.5038],[11.2066,54.5145],[11.1213,54.536],[11.0907,54.533],[11.0865,54.5339],[11.0864,54.5338],[11.0861,54.5339],[11.0815,54.5321],[11.0729,54.5312],[11.0571,54.5222],[11.0429,54.5165],[11.0405,54.5128],[11.0337,54.5089],[11.0057,54.4685]]]]}}
]}
