{"type":"FeatureCollection","features":[
{"type":"Feature","properties":{"entityId":"iberian-tribes","from":-263,"to":-236,"certainty":"estimated","source":"유럽 쪽은 Natural Earth 1:10m admin-1(v5.1.2) 현대 행정구역 조각을 그 시기 국경에 맞춰 묶고, 조각이 역사 경계와 다른 곳은 선을 그어 나눈 근사. 유럽 밖(시베리아·중앙아시아·극동)은 대략적인 추정. 운영자 검수 필요"},"geometry":{"type":"MultiPolygon","coordinates":[[[[-9.5277,38.738],[-9.5061,38.704],[-9.4247,38.5761],[-9.4122,38.5564],[-9.3953,38.5298],[-9.3443,38.4497],[-9.2865,38.3588],[-9.2108,38.343],[-9.0095,38.301],[-8.8401,38.2657],[-8.8203,38.1359],[-8.8771,37.9661],[-8.8948,37.9525],[-8.8668,37.9387],[-8.8221,37.8713],[-8.8214,37.868],[-8.8141,37.8326],[-8.8067,37.7972],[-8.817,37.7403],[-8.8087,37.7229],[-8.7946,37.7258],[-8.8002,37.6944],[-8.8265,37.6006],[-8.8184,37.5873],[-8.8157,37.4671],[-8.815,37.4371],[-8.8149,37.4308],[-8.825,37.407],[-8.8503,37.347],[-8.8828,37.3099],[-8.8739,37.2912],[-8.9075,37.2117],[-8.9227,37.1997],[-8.9185,37.1859],[-8.9265,37.1669],[-8.9752,37.0765],[-8.9856,37.0634],[-8.9896,37.0499],[-8.9985,37.0333],[-8.9983,37.0332],[-8.9985,37.0329],[-8.9949,37.0319],[-8.9979,37.0215],[-8.9829,37.0266],[-8.946,37.0079],[-8.8789,37.0472],[-8.8643,37.0424],[-8.8977,36.8698],[-8.8976,36.8698],[-8.8977,36.8694],[-8.8973,36.8695],[-8.8973,36.8694],[-8.3827,36.9794],[-7.8573,36.8389],[-7.8572,36.839],[-7.8569,36.8389],[-7.5462,37.0385],[-7.4617,37.0928],[-7.4538,37.0978],[-7.3772,37.0851],[-7.3349,37.078],[-7.2927,37.0709],[-7.2083,37.0569],[-6.8705,37.0004],[-6.5326,36.944],[-6.5217,36.9422],[-6.4844,36.8668],[-6.4567,36.8108],[-6.4429,36.7828],[-6.4291,36.7549],[-6.4333,36.7512],[-6.4315,36.7146],[-6.407,36.6767],[-6.3947,36.6369],[-6.3631,36.6213],[-6.2373,36.3667],[-5.8665,36.0299],[-5.5206,35.9713],[-5.4718,35.963],[-5.4718,35.9832],[-5.423,35.9832],[-5.423,36.0078],[-5.3255,36.0078],[-5.3255,35.9973],[-5.2767,36.0456],[-5.228,36.0938],[-5.2279,36.0939],[-5.1791,36.1421],[-5.1304,36.1903],[-5.1286,36.1921],[-5.0997,36.2207],[-5.0993,36.221],[-4.9948,36.3244],[-4.678,36.5033],[-4.6592,36.5076],[-4.615,36.5306],[-4.6069,36.5434],[-4.5448,36.5785],[-4.5248,36.5807],[-4.5165,36.5945],[-4.3684,36.6781],[-4.0717,36.6723],[-3.8493,36.668],[-3.8215,36.6674],[-3.7937,36.6669],[-3.7659,36.6663],[-3.7381,36.6658],[-3.6269,36.6636],[-3.4148,36.6595],[-3.4144,36.6595],[-3.1821,36.662],[-3.0709,36.6632],[-2.9597,36.6643],[-2.7373,36.6667],[-2.1472,36.673],[-1.8477,36.9983],[-1.6098,37.2566],[-1.5817,37.2871],[-1.5293,37.3441],[-1.4768,37.4011],[-1.438,37.4432],[-1.4029,37.4525],[-0.9582,37.5699],[-0.9252,37.5559],[-0.8757,37.5757],[-0.8661,37.5764],[-0.8364,37.5764],[-0.8272,37.5793],[-0.8224,37.5797],[-0.772,37.5953],[-0.7673,37.5985],[-0.764,37.5996],[-0.7279,37.6034],[-0.7053,37.6195],[-0.7072,37.6362],[-0.682,37.6429],[-0.6471,37.7478],[-0.6286,37.8036],[-0.61,37.8594],[-0.5359,38.0825],[-0.466,38.2928],[-0.1606,38.5289],[-0.1317,38.5353],[-0.0902,38.5353],[-0.06,38.5527],[-0.0563,38.5828],[-0.052,38.5848],[0.0237,38.6297],[0.0604,38.6348],[0.083,38.661],[0.1257,38.6855],[0.145,38.6863],[0.1626,38.7135],[0.1921,38.7304],[0.2277,38.7346],[0.2179,38.7681],[0.1786,38.7915],[0.1744,38.7979],[0.1853,38.8035],[0.154,38.831],[0.111,38.8499],[0.06,38.8583],[0.023,38.871],[0.0188,38.8725],[0.0052,38.8925],[-0.014,38.9208],[-0.0298,38.944],[-0.088,39.0296],[-0.1695,39.1495],[-0.2787,39.3102],[-0.2169,39.4408],[-0.148,39.5865],[-0.1136,39.6593],[-0.0963,39.6957],[-0.0791,39.7321],[0.0587,40.0234],[0.0662,40.0319],[0.117,40.0563],[0.1445,40.0788],[0.1728,40.122],[0.2485,40.1993],[0.2647,40.2098],[0.2988,40.2468],[0.3506,40.2849],[0.4203,40.3883],[0.4461,40.4084],[0.4513,40.4288],[0.4654,40.4469],[0.4977,40.4759],[0.5442,40.5178],[0.5553,40.5277],[0.5913,40.5601],[0.6024,40.5701],[0.6159,40.5535],[0.6771,40.5652],[0.707,40.5834],[0.7564,40.6422],[0.7624,40.6463],[0.8167,40.6683],[0.8483,40.6754],[0.8546,40.6837],[0.8588,40.6854],[0.8912,40.7219],[0.891,40.7221],[0.8912,40.7223],[0.7976,40.8039],[0.7582,40.813],[0.7705,40.8589],[0.7926,40.8762],[0.8156,40.892],[1.0133,41.0477],[1.149,41.0701],[1.1836,41.0626],[1.196,41.0779],[1.5509,41.1364],[1.5953,41.1438],[1.6841,41.1584],[1.7284,41.1657],[1.9058,41.195],[2.0936,41.226],[2.6155,41.5927],[2.6519,41.6053],[2.7785,41.6456],[2.792,41.669],[2.8511,41.6972],[2.933,41.7125],[2.9509,41.7343],[3.0403,41.7869],[3.0691,41.7991],[3.0735,41.8119],[3.1272,41.8469],[3.1502,41.8454],[3.1949,41.8883],[3.2099,41.9115],[3.2492,41.944],[3.2492,41.9444],[3.2384,42.0833],[3.224,42.1111],[3.1736,42.1354],[3.1521,42.163],[3.1658,42.2526],[3.2101,42.2397],[3.263,42.2399],[3.287,42.2629],[3.2993,42.2869],[3.3068,42.2895],[3.3067,42.2899],[3.3068,42.2899],[3.3044,42.297],[3.3177,42.323],[3.2933,42.3303],[3.2888,42.3437],[3.2384,42.368],[3.2253,42.4006],[3.2132,42.4305],[3.2108,42.4358],[3.1801,42.4358],[3.181,42.4315],[3.1117,42.425],[3.0656,42.432],[3.0296,42.4657],[2.9831,42.4693],[2.9661,42.461],[2.9337,42.4702],[2.9008,42.4513],[2.8508,42.4484],[2.7886,42.412],[2.7285,42.414],[2.6904,42.4062],[2.6403,42.3728],[2.6622,42.339],[2.6134,42.341],[2.5481,42.3522],[2.5253,42.3259],[2.4649,42.3406],[2.4225,42.3837],[2.3755,42.3893],[2.2774,42.4286],[2.1842,42.4118],[2.137,42.4162],[2.104,42.3848],[2.0517,42.3524],[1.9957,42.3487],[1.9637,42.3672],[1.9275,42.4369],[1.8698,42.4468],[1.7927,42.4817],[1.7122,42.4937],[1.707,42.5028],[1.7106,42.5277],[1.7171,42.5399],[1.7217,42.5485],[1.74,42.5616],[1.7651,42.5634],[1.7611,42.5676],[1.7527,42.5767],[1.7294,42.582],[1.7133,42.5895],[1.722,42.6099],[1.6083,42.6181],[1.5973,42.6219],[1.5431,42.6494],[1.5278,42.6485],[1.4984,42.6402],[1.4668,42.6415],[1.4514,42.6021],[1.4293,42.5954],[1.398,42.6436],[1.3611,42.6867],[1.3191,42.7134],[1.1959,42.7136],[1.1625,42.7057],[1.1343,42.716],[1.1067,42.7596],[1.0682,42.7761],[0.9829,42.7804],[0.9587,42.7937],[0.9211,42.7844],[0.8561,42.8128],[0.8129,42.8316],[0.7763,42.8325],[0.7243,42.8453],[0.6563,42.8384],[0.6537,42.8027],[0.6335,42.7448],[0.6665,42.7148],[0.6634,42.6962],[0.6436,42.6845],[0.6082,42.688],[0.4835,42.6853],[0.4669,42.6904],[0.3893,42.6851],[0.3542,42.7175],[0.336,42.7127],[0.2902,42.6703],[0.2754,42.6687],[0.2384,42.7104],[0.1692,42.7265],[0.1342,42.7152],[0.0728,42.7085],[-0.0043,42.6875],[-0.0389,42.6851],[-0.119,42.7169],[-0.1636,42.778],[-0.1614,42.7953],[-0.2084,42.7839],[-0.2351,42.7862],[-0.247,42.8048],[-0.3051,42.8308],[-0.3228,42.8425],[-0.4239,42.7907],[-0.4545,42.7889],[-0.5084,42.8075],[-0.5339,42.808],[-0.5356,42.7842],[-0.5787,42.7773],[-0.5829,42.7958],[-0.6095,42.8114],[-0.6483,42.8498],[-0.7004,42.8764],[-0.7301,42.8775],[-0.7459,42.8939],[-0.745,42.9187],[-0.7597,42.9465],[-0.7864,42.9533],[-0.8635,42.9431],[-0.9432,42.9479],[-0.9815,42.957],[-1.0285,42.9867],[-1.0797,42.9934],[-1.1124,43.0083],[-1.1499,43.0057],[-1.2169,43.0393],[-1.2749,43.0468],[-1.3106,43.0695],[-1.3086,43.1136],[-1.3483,43.0931],[-1.3576,43.0468],[-1.3831,43.0292],[-1.435,43.0357],[-1.4753,43.0601],[-1.4878,43.0818],[-1.4258,43.1353],[-1.3997,43.2067],[-1.4035,43.2433],[-1.4322,43.265],[-1.4664,43.2608],[-1.5081,43.2768],[-1.559,43.2841],[-1.5876,43.2516],[-1.639,43.2557],[-1.645,43.2924],[-1.6739,43.3042],[-1.7497,43.2948],[-1.7682,43.3309],[-1.7969,43.3411],[-1.7941,43.386],[-1.8006,43.3894],[-1.8006,43.4067],[-1.762,43.4067],[-1.762,43.4982],[-1.7614,43.4982],[-1.7614,43.5425],[-1.7997,43.5425],[-1.8381,43.4982],[-1.8393,43.4968],[-1.9028,43.4234],[-1.9938,43.4252],[-2.1803,43.4289],[-2.2735,43.4308],[-2.3201,43.4317],[-2.3668,43.4326],[-2.4134,43.4336],[-2.46,43.4345],[-2.5533,43.4364],[-2.7397,43.4401],[-2.7558,43.4503],[-2.8064,43.4441],[-2.8744,43.4547],[-2.8748,43.4547],[-2.9256,43.4437],[-2.9803,43.4448],[-3.0672,43.4465],[-3.1106,43.4474],[-3.1106,43.4012],[-3.1541,43.4012],[-3.1541,43.362],[-3.1506,43.3602],[-3.1495,43.3244],[-3.1602,43.3078],[-3.2035,43.2923],[-3.2352,43.2991],[-3.3229,43.3001],[-3.4309,43.2435],[-3.4416,43.2333],[-3.4409,43.1881],[-3.4238,43.1406],[-3.519,43.1438],[-3.6038,43.1618],[-3.6478,43.1762],[-3.7062,43.1297],[-3.7662,43.0934],[-3.8383,43.0847],[-3.8427,43.0573],[-3.8961,43.0332],[-3.9526,42.9992],[-3.9836,42.9403],[-3.9658,42.9073],[-3.9278,42.9088],[-3.8646,42.9479],[-3.8362,42.9279],[-3.8395,42.9142],[-3.8982,42.8986],[-3.9092,42.8803],[-3.8939,42.8514],[-3.8499,42.8766],[-3.8314,42.8723],[-3.8158,42.81],[-3.8309,42.7999],[-3.883,42.7971],[-3.9174,42.7735],[-3.9652,42.7625],[-4.0002,42.7698],[-4.0028,42.8236],[-4.0189,42.8163],[-4.0472,42.7701],[-4.0858,42.7631],[-4.1204,42.789],[-4.1586,42.7935],[-4.1847,42.8235],[-4.1416,42.8345],[-4.1502,42.8622],[-4.1966,42.8441],[-4.2214,42.8502],[-4.2399,42.9502],[-4.3566,42.9854],[-4.4008,43.0333],[-4.4629,43.0509],[-4.5524,43.0239],[-4.7269,43.0159],[-4.7892,42.9898],[-4.8134,42.9257],[-4.8476,42.9024],[-4.8657,42.8605],[-4.9019,42.8481],[-4.9037,42.7796],[-4.9321,42.74],[-4.8875,42.7116],[-4.8981,42.6691],[-4.8953,42.6216],[-4.9144,42.5448],[-4.888,42.5369],[-4.8881,42.518],[-4.9127,42.4006],[-4.9113,42.3815],[-4.9727,42.3743],[-4.9796,42.3379],[-4.9425,42.3465],[-4.9549,42.296],[-5.0022,42.2892],[-5.0383,42.2971],[-5.0417,42.2675],[-5.064,42.2737],[-5.0938,42.3094],[-5.124,42.3002],[-5.1704,42.2679],[-5.2382,42.2643],[-5.2653,42.2182],[-5.3217,42.2042],[-5.3612,42.225],[-5.3872,42.1952],[-5.3769,42.1343],[-5.3874,42.083],[-5.3763,42.0414],[-5.4216,42.0308],[-5.5208,42.097],[-5.5417,42.098],[-5.5534,42.063],[-5.6247,42.0836],[-5.6211,42.1022],[-5.6433,42.1287],[-5.6796,42.1402],[-5.6769,42.1203],[-5.7431,42.1135],[-5.7551,42.1368],[-5.8382,42.1186],[-5.8694,42.122],[-5.893,42.1505],[-5.9559,42.1258],[-6.045,42.1577],[-6.2037,42.1483],[-6.2795,42.1778],[-6.3115,42.2081],[-6.3395,42.2001],[-6.4278,42.202],[-6.4906,42.1842],[-6.5578,42.2071],[-6.6163,42.2056],[-6.6541,42.2168],[-6.7056,42.2172],[-6.7832,42.2529],[-6.8055,42.2179],[-6.8668,42.217],[-6.9329,42.1741],[-6.9556,42.1322],[-6.9869,42.1141],[-7.0247,42.0757],[-7.0127,42.0522],[-6.9848,42.0512],[-6.9653,42.0283],[-6.9877,41.9834],[-6.9835,41.963],[-6.9451,41.9434],[-6.855,41.9429],[-6.8312,41.954],[-6.8249,41.9838],[-6.7944,41.9797],[-6.7579,41.9376],[-6.728,41.9309],[-6.6568,41.9331],[-6.6228,41.941],[-6.6095,41.9623],[-6.5851,41.9547],[-6.5676,41.9261],[-6.5758,41.8829],[-6.5242,41.8674],[-6.5357,41.8486],[-6.5601,41.7669],[-6.5774,41.7397],[-6.5553,41.6749],[-6.5134,41.6509],[-6.4608,41.6766],[-6.3659,41.6636],[-6.3171,41.6501],[-6.2722,41.6282],[-6.2059,41.5703],[-6.2859,41.4869],[-6.2829,41.4656],[-6.321,41.4196],[-6.3762,41.3969],[-6.431,41.339],[-6.4821,41.303],[-6.5635,41.2707],[-6.6466,41.2676],[-6.6938,41.2174],[-6.7069,41.1943],[-6.759,41.1518],[-6.7648,41.1089],[-6.818,41.0541],[-6.9068,41.0561],[-6.9274,41.0481],[-6.9871,41.0527],[-7.0753,41.0867],[-7.099,41.124],[-7.0927,41.1491],[-7.1263,41.1643],[-7.1126,41.1922],[-7.1701,41.1576],[-7.2225,41.1643],[-7.3007,41.1593],[-7.3597,41.1661],[-7.4022,41.2075],[-7.4323,41.216],[-7.5502,41.1828],[-7.5968,41.1778],[-7.6586,41.1801],[-7.7021,41.1594],[-7.7379,41.1526],[-7.774,41.1571],[-7.8097,41.1819],[-7.8433,41.1844],[-7.896,41.1591],[-7.9402,41.138],[-8.0621,41.1059],[-8.1902,41.1091],[-8.2902,41.0834],[-8.2978,41.0696],[-8.3462,41.044],[-8.3923,41.0397],[-8.3863,41.0162],[-8.4157,41.0226],[-8.4481,41.0555],[-8.4768,41.0212],[-8.4946,41.0166],[-8.5261,41.0322],[-8.5855,41.0151],[-8.6019,41.0231],[-8.6552,41.0167],[-8.6569,41.0283],[-8.7818,41.0283],[-8.7761,40.9176],[-8.7681,40.7609],[-8.8162,40.6225],[-8.8419,40.5487],[-8.8675,40.4749],[-8.9188,40.3273],[-8.9701,40.1798],[-8.9769,40.1601],[-8.9865,40.106],[-8.9997,40.0322],[-9.0489,39.7556],[-9.0693,39.737],[-9.3934,39.4419],[-9.4485,39.3917],[-9.4603,39.2943],[-9.4693,39.2205],[-9.4782,39.1467],[-9.514,38.8516],[-9.5277,38.7384],[-9.5277,38.738]],[[-3.3042,43.2607],[-3.2861,43.2564],[-3.2674,43.2274],[-3.2992,43.2169],[-3.3042,43.2607]]],[[[-5.3483,42.2782],[-5.3372,42.2466],[-5.3193,42.245],[-5.3032,42.2521],[-5.3092,42.2932],[-5.3483,42.2782]]],[[[1.9456,42.4638],[1.9606,42.4437],[1.9995,42.4439],[1.968,42.4857],[1.9456,42.4638]]]]}},
{"type":"Feature","properties":{"entityId":"iberian-tribes","from":-236,"to":-227,"certainty":"estimated","source":"유럽 쪽은 Natural Earth 1:10m admin-1(v5.1.2) 현대 행정구역 조각을 그 시기 국경에 맞춰 묶고, 조각이 역사 경계와 다른 곳은 선을 그어 나눈 근사. 유럽 밖(시베리아·중앙아시아·극동)은 대략적인 추정. 운영자 검수 필요"},"geometry":{"type":"MultiPolygon","coordinates":[[[[-9.5277,38.738],[-9.5061,38.704],[-9.4247,38.5761],[-9.4122,38.5564],[-9.3953,38.5298],[-9.3443,38.4497],[-9.2865,38.3588],[-9.2108,38.343],[-9.0095,38.301],[-8.8401,38.2657],[-8.8203,38.1359],[-8.8771,37.9661],[-8.8948,37.9525],[-8.8668,37.9387],[-8.8221,37.8713],[-8.8214,37.868],[-8.8141,37.8326],[-8.8067,37.7972],[-8.817,37.7403],[-8.8087,37.7229],[-8.7946,37.7258],[-8.8002,37.6944],[-8.8265,37.6006],[-8.8184,37.5873],[-8.8157,37.4671],[-8.815,37.4371],[-8.8149,37.4308],[-8.825,37.407],[-8.8503,37.347],[-8.8828,37.3099],[-8.8739,37.2912],[-8.9075,37.2117],[-8.9227,37.1997],[-8.9185,37.1859],[-8.9265,37.1669],[-8.9752,37.0765],[-8.9856,37.0634],[-8.9896,37.0499],[-8.9985,37.0333],[-8.9983,37.0332],[-8.9985,37.0329],[-8.9949,37.0319],[-8.9979,37.0215],[-8.9829,37.0266],[-8.946,37.0079],[-8.8789,37.0472],[-8.8643,37.0424],[-8.8977,36.8698],[-8.8976,36.8698],[-8.8977,36.8694],[-8.8973,36.8695],[-8.8973,36.8694],[-8.3827,36.9794],[-7.8573,36.8389],[-7.8572,36.839],[-7.8569,36.8389],[-7.5462,37.0385],[-7.4617,37.0928],[-7.4538,37.0978],[-7.3772,37.0851],[-7.3349,37.078],[-7.3349,37.1366],[-7.3772,37.1366],[-7.3772,37.1659],[-7.4078,37.1659],[-7.4144,37.1928],[-7.4342,37.2593],[-7.445,37.3868],[-7.4623,37.4179],[-7.4629,37.4511],[-7.4759,37.4943],[-7.5146,37.5283],[-7.5297,37.5672],[-7.5143,37.6014],[-7.4716,37.6369],[-7.4575,37.7001],[-7.4263,37.7506],[-7.3344,37.8119],[-7.3069,37.8508],[-7.2686,37.9492],[-7.2727,37.977],[-7.2233,37.9938],[-7.1853,37.9887],[-7.1522,38.0007],[-7.1233,38.04],[-7.0494,38.0202],[-7.024,38.0226],[-6.9976,38.0896],[-6.9576,38.1682],[-6.9506,38.1984],[-6.9338,38.2093],[-6.7979,38.1729],[-6.7955,38.1514],[-6.8104,38.113],[-6.7488,38.0936],[-6.6446,38.0937],[-6.6173,38.0868],[-6.5844,38.0568],[-6.5717,38.0239],[-6.4848,38.0164],[-6.4496,38.0514],[-6.4131,38.0537],[-6.3724,38.0312],[-6.3563,38],[-6.2003,37.952],[-6.1833,37.939],[-6.1141,37.9786],[-5.976,37.9986],[-5.9411,38.0183],[-5.9107,38.0735],[-5.9228,38.0928],[-5.9154,38.1141],[-5.8745,38.1401],[-5.8371,38.1743],[-5.8072,38.183],[-5.7275,38.1883],[-5.698,38.1659],[-5.696,38.1485],[-5.7341,38.1297],[-5.7282,38.0954],[-5.6936,38.0913],[-5.6234,38.1369],[-5.581,38.1351],[-5.5818,38.1156],[-5.4961,38.0428],[-5.4786,37.9813],[-5.4218,37.9407],[-5.4134,37.8851],[-5.3932,37.8576],[-5.3496,37.8306],[-5.3347,37.7861],[-5.3097,37.7734],[-5.3111,37.6979],[-5.39,37.6976],[-5.414,37.6739],[-5.401,37.631],[-5.3801,37.6118],[-5.3444,37.61],[-5.2768,37.6245],[-5.1911,37.6696],[-5.1525,37.6619],[-5.1231,37.6694],[-5.105,37.6909],[-5.0266,37.7105],[-4.9821,37.6902],[-4.9555,37.648],[-4.9552,37.6184],[-4.928,37.5837],[-4.9439,37.5202],[-4.9083,37.4948],[-4.8875,37.4626],[-4.8849,37.4381],[-4.8499,37.4107],[-4.8221,37.3582],[-4.7838,37.3304],[-4.7634,37.3288],[-4.7106,37.3616],[-4.6772,37.3408],[-4.6707,37.2991],[-4.6532,37.2559],[-4.6138,37.2552],[-4.5963,37.2216],[-4.5393,37.2113],[-4.4806,37.2388],[-4.4449,37.2776],[-4.3835,37.2776],[-4.3722,37.2155],[-4.3263,37.2027],[-4.3203,37.1866],[-4.2871,37.1197],[-4.2806,37.0567],[-4.261,37.024],[-4.1485,36.9485],[-3.8756,36.853],[-3.8272,36.8555],[-3.7682,36.8019],[-3.7823,36.7645],[-3.7772,36.7358],[-3.7937,36.7402],[-3.7937,36.6669],[-3.7659,36.6663],[-3.7381,36.6658],[-3.6269,36.6636],[-3.4148,36.6595],[-3.4144,36.6595],[-3.1821,36.662],[-3.0709,36.6632],[-2.9597,36.6643],[-2.7373,36.6667],[-2.1472,36.673],[-1.8477,36.9983],[-1.6098,37.2566],[-1.5817,37.2871],[-1.5293,37.3441],[-1.4768,37.4011],[-1.438,37.4432],[-1.4029,37.4525],[-0.9582,37.5699],[-0.9252,37.5559],[-0.8757,37.5757],[-0.8661,37.5764],[-0.8364,37.5764],[-0.8272,37.5793],[-0.8224,37.5797],[-0.772,37.5953],[-0.7673,37.5985],[-0.764,37.5996],[-0.7279,37.6034],[-0.7053,37.6195],[-0.7072,37.6362],[-0.682,37.6429],[-0.6471,37.7478],[-0.6286,37.8036],[-0.61,37.8594],[-0.5359,38.0825],[-0.466,38.2928],[-0.1606,38.5289],[-0.1317,38.5353],[-0.0902,38.5353],[-0.06,38.5527],[-0.0563,38.5828],[-0.052,38.5848],[0.0237,38.6297],[0.0604,38.6348],[0.083,38.661],[0.1257,38.6855],[0.145,38.6863],[0.1626,38.7135],[0.1921,38.7304],[0.2277,38.7346],[0.2179,38.7681],[0.1786,38.7915],[0.1744,38.7979],[0.1853,38.8035],[0.154,38.831],[0.111,38.8499],[0.06,38.8583],[0.023,38.871],[0.0188,38.8725],[0.0052,38.8925],[-0.014,38.9208],[-0.0298,38.944],[-0.088,39.0296],[-0.1695,39.1495],[-0.2787,39.3102],[-0.2169,39.4408],[-0.148,39.5865],[-0.1136,39.6593],[-0.0963,39.6957],[-0.0791,39.7321],[0.0587,40.0234],[0.0662,40.0319],[0.117,40.0563],[0.1445,40.0788],[0.1728,40.122],[0.2485,40.1993],[0.2647,40.2098],[0.2988,40.2468],[0.3506,40.2849],[0.4203,40.3883],[0.4461,40.4084],[0.4513,40.4288],[0.4654,40.4469],[0.4977,40.4759],[0.5442,40.5178],[0.5553,40.5277],[0.5913,40.5601],[0.6024,40.5701],[0.6159,40.5535],[0.6771,40.5652],[0.707,40.5834],[0.7564,40.6422],[0.7624,40.6463],[0.8167,40.6683],[0.8483,40.6754],[0.8546,40.6837],[0.8588,40.6854],[0.8912,40.7219],[0.891,40.7221],[0.8912,40.7223],[0.7976,40.8039],[0.7582,40.813],[0.7705,40.8589],[0.7926,40.8762],[0.8156,40.892],[1.0133,41.0477],[1.149,41.0701],[1.1836,41.0626],[1.196,41.0779],[1.5509,41.1364],[1.5953,41.1438],[1.6841,41.1584],[1.7284,41.1657],[1.9058,41.195],[2.0936,41.226],[2.6155,41.5927],[2.6519,41.6053],[2.7785,41.6456],[2.792,41.669],[2.8511,41.6972],[2.933,41.7125],[2.9509,41.7343],[3.0403,41.7869],[3.0691,41.7991],[3.0735,41.8119],[3.1272,41.8469],[3.1502,41.8454],[3.1949,41.8883],[3.2099,41.9115],[3.2492,41.944],[3.2492,41.9444],[3.2384,42.0833],[3.224,42.1111],[3.1736,42.1354],[3.1521,42.163],[3.1658,42.2526],[3.2101,42.2397],[3.263,42.2399],[3.287,42.2629],[3.2993,42.2869],[3.3068,42.2895],[3.3067,42.2899],[3.3068,42.2899],[3.3044,42.297],[3.3177,42.323],[3.2933,42.3303],[3.2888,42.3437],[3.2384,42.368],[3.2253,42.4006],[3.2132,42.4305],[3.2108,42.4358],[3.1801,42.4358],[3.181,42.4315],[3.1117,42.425],[3.0656,42.432],[3.0296,42.4657],[2.9831,42.4693],[2.9661,42.461],[2.9337,42.4702],[2.9008,42.4513],[2.8508,42.4484],[2.7886,42.412],[2.7285,42.414],[2.6904,42.4062],[2.6403,42.3728],[2.6622,42.339],[2.6134,42.341],[2.5481,42.3522],[2.5253,42.3259],[2.4649,42.3406],[2.4225,42.3837],[2.3755,42.3893],[2.2774,42.4286],[2.1842,42.4118],[2.137,42.4162],[2.104,42.3848],[2.0517,42.3524],[1.9957,42.3487],[1.9637,42.3672],[1.9275,42.4369],[1.8698,42.4468],[1.7927,42.4817],[1.7122,42.4937],[1.707,42.5028],[1.7106,42.5277],[1.7171,42.5399],[1.7217,42.5485],[1.74,42.5616],[1.7651,42.5634],[1.7611,42.5676],[1.7527,42.5767],[1.7294,42.582],[1.7133,42.5895],[1.722,42.6099],[1.6083,42.6181],[1.5973,42.6219],[1.5431,42.6494],[1.5278,42.6485],[1.4984,42.6402],[1.4668,42.6415],[1.4514,42.6021],[1.4293,42.5954],[1.398,42.6436],[1.3611,42.6867],[1.3191,42.7134],[1.1959,42.7136],[1.1625,42.7057],[1.1343,42.716],[1.1067,42.7596],[1.0682,42.7761],[0.9829,42.7804],[0.9587,42.7937],[0.9211,42.7844],[0.8561,42.8128],[0.8129,42.8316],[0.7763,42.8325],[0.7243,42.8453],[0.6563,42.8384],[0.6537,42.8027],[0.6335,42.7448],[0.6665,42.7148],[0.6634,42.6962],[0.6436,42.6845],[0.6082,42.688],[0.4835,42.6853],[0.4669,42.6904],[0.3893,42.6851],[0.3542,42.7175],[0.336,42.7127],[0.2902,42.6703],[0.2754,42.6687],[0.2384,42.7104],[0.1692,42.7265],[0.1342,42.7152],[0.0728,42.7085],[-0.0043,42.6875],[-0.0389,42.6851],[-0.119,42.7169],[-0.1636,42.778],[-0.1614,42.7953],[-0.2084,42.7839],[-0.2351,42.7862],[-0.247,42.8048],[-0.3051,42.8308],[-0.3228,42.8425],[-0.4239,42.7907],[-0.4545,42.7889],[-0.5084,42.8075],[-0.5339,42.808],[-0.5356,42.7842],[-0.5787,42.7773],[-0.5829,42.7958],[-0.6095,42.8114],[-0.6483,42.8498],[-0.7004,42.8764],[-0.7301,42.8775],[-0.7459,42.8939],[-0.745,42.9187],[-0.7597,42.9465],[-0.7864,42.9533],[-0.8635,42.9431],[-0.9432,42.9479],[-0.9815,42.957],[-1.0285,42.9867],[-1.0797,42.9934],[-1.1124,43.0083],[-1.1499,43.0057],[-1.2169,43.0393],[-1.2749,43.0468],[-1.3106,43.0695],[-1.3086,43.1136],[-1.3483,43.0931],[-1.3576,43.0468],[-1.3831,43.0292],[-1.435,43.0357],[-1.4753,43.0601],[-1.4878,43.0818],[-1.4258,43.1353],[-1.3997,43.2067],[-1.4035,43.2433],[-1.4322,43.265],[-1.4664,43.2608],[-1.5081,43.2768],[-1.559,43.2841],[-1.5876,43.2516],[-1.639,43.2557],[-1.645,43.2924],[-1.6739,43.3042],[-1.7497,43.2948],[-1.7682,43.3309],[-1.7969,43.3411],[-1.7941,43.386],[-1.8006,43.3894],[-1.8006,43.4067],[-1.762,43.4067],[-1.762,43.4982],[-1.7614,43.4982],[-1.7614,43.5425],[-1.7997,43.5425],[-1.8381,43.4982],[-1.8393,43.4968],[-1.9028,43.4234],[-1.9938,43.4252],[-2.1803,43.4289],[-2.2735,43.4308],[-2.3201,43.4317],[-2.3668,43.4326],[-2.4134,43.4336],[-2.46,43.4345],[-2.5533,43.4364],[-2.7397,43.4401],[-2.7558,43.4503],[-2.8064,43.4441],[-2.8744,43.4547],[-2.8748,43.4547],[-2.9256,43.4437],[-2.9803,43.4448],[-3.0672,43.4465],[-3.1106,43.4474],[-3.1106,43.4012],[-3.1541,43.4012],[-3.1541,43.362],[-3.1506,43.3602],[-3.1495,43.3244],[-3.1602,43.3078],[-3.2035,43.2923],[-3.2352,43.2991],[-3.3229,43.3001],[-3.4309,43.2435],[-3.4416,43.2333],[-3.4409,43.1881],[-3.4238,43.1406],[-3.519,43.1438],[-3.6038,43.1618],[-3.6478,43.1762],[-3.7062,43.1297],[-3.7662,43.0934],[-3.8383,43.0847],[-3.8427,43.0573],[-3.8961,43.0332],[-3.9526,42.9992],[-3.9836,42.9403],[-3.9658,42.9073],[-3.9278,42.9088],[-3.8646,42.9479],[-3.8362,42.9279],[-3.8395,42.9142],[-3.8982,42.8986],[-3.9092,42.8803],[-3.8939,42.8514],[-3.8499,42.8766],[-3.8314,42.8723],[-3.8158,42.81],[-3.8309,42.7999],[-3.883,42.7971],[-3.9174,42.7735],[-3.9652,42.7625],[-4.0002,42.7698],[-4.0028,42.8236],[-4.0189,42.8163],[-4.0472,42.7701],[-4.0858,42.7631],[-4.1204,42.789],[-4.1586,42.7935],[-4.1847,42.8235],[-4.1416,42.8345],[-4.1502,42.8622],[-4.1966,42.8441],[-4.2214,42.8502],[-4.2399,42.9502],[-4.3566,42.9854],[-4.4008,43.0333],[-4.4629,43.0509],[-4.5524,43.0239],[-4.7269,43.0159],[-4.7892,42.9898],[-4.8134,42.9257],[-4.8476,42.9024],[-4.8657,42.8605],[-4.9019,42.8481],[-4.9037,42.7796],[-4.9321,42.74],[-4.8875,42.7116],[-4.8981,42.6691],[-4.8953,42.6216],[-4.9144,42.5448],[-4.888,42.5369],[-4.8881,42.518],[-4.9127,42.4006],[-4.9113,42.3815],[-4.9727,42.3743],[-4.9796,42.3379],[-4.9425,42.3465],[-4.9549,42.296],[-5.0022,42.2892],[-5.0383,42.2971],[-5.0417,42.2675],[-5.064,42.2737],[-5.0938,42.3094],[-5.124,42.3002],[-5.1704,42.2679],[-5.2382,42.2643],[-5.2653,42.2182],[-5.3217,42.2042],[-5.3612,42.225],[-5.3872,42.1952],[-5.3769,42.1343],[-5.3874,42.083],[-5.3763,42.0414],[-5.4216,42.0308],[-5.5208,42.097],[-5.5417,42.098],[-5.5534,42.063],[-5.6247,42.0836],[-5.6211,42.1022],[-5.6433,42.1287],[-5.6796,42.1402],[-5.6769,42.1203],[-5.7431,42.1135],[-5.7551,42.1368],[-5.8382,42.1186],[-5.8694,42.122],[-5.893,42.1505],[-5.9559,42.1258],[-6.045,42.1577],[-6.2037,42.1483],[-6.2795,42.1778],[-6.3115,42.2081],[-6.3395,42.2001],[-6.4278,42.202],[-6.4906,42.1842],[-6.5578,42.2071],[-6.6163,42.2056],[-6.6541,42.2168],[-6.7056,42.2172],[-6.7832,42.2529],[-6.8055,42.2179],[-6.8668,42.217],[-6.9329,42.1741],[-6.9556,42.1322],[-6.9869,42.1141],[-7.0247,42.0757],[-7.0127,42.0522],[-6.9848,42.0512],[-6.9653,42.0283],[-6.9877,41.9834],[-6.9835,41.963],[-6.9451,41.9434],[-6.855,41.9429],[-6.8312,41.954],[-6.8249,41.9838],[-6.7944,41.9797],[-6.7579,41.9376],[-6.728,41.9309],[-6.6568,41.9331],[-6.6228,41.941],[-6.6095,41.9623],[-6.5851,41.9547],[-6.5676,41.9261],[-6.5758,41.8829],[-6.5242,41.8674],[-6.5357,41.8486],[-6.5601,41.7669],[-6.5774,41.7397],[-6.5553,41.6749],[-6.5134,41.6509],[-6.4608,41.6766],[-6.3659,41.6636],[-6.3171,41.6501],[-6.2722,41.6282],[-6.2059,41.5703],[-6.2859,41.4869],[-6.2829,41.4656],[-6.321,41.4196],[-6.3762,41.3969],[-6.431,41.339],[-6.4821,41.303],[-6.5635,41.2707],[-6.6466,41.2676],[-6.6938,41.2174],[-6.7069,41.1943],[-6.759,41.1518],[-6.7648,41.1089],[-6.818,41.0541],[-6.9068,41.0561],[-6.9274,41.0481],[-6.9871,41.0527],[-7.0753,41.0867],[-7.099,41.124],[-7.0927,41.1491],[-7.1263,41.1643],[-7.1126,41.1922],[-7.1701,41.1576],[-7.2225,41.1643],[-7.3007,41.1593],[-7.3597,41.1661],[-7.4022,41.2075],[-7.4323,41.216],[-7.5502,41.1828],[-7.5968,41.1778],[-7.6586,41.1801],[-7.7021,41.1594],[-7.7379,41.1526],[-7.774,41.1571],[-7.8097,41.1819],[-7.8433,41.1844],[-7.896,41.1591],[-7.9402,41.138],[-8.0621,41.1059],[-8.1902,41.1091],[-8.2902,41.0834],[-8.2978,41.0696],[-8.3462,41.044],[-8.3923,41.0397],[-8.3863,41.0162],[-8.4157,41.0226],[-8.4481,41.0555],[-8.4768,41.0212],[-8.4946,41.0166],[-8.5261,41.0322],[-8.5855,41.0151],[-8.6019,41.0231],[-8.6552,41.0167],[-8.6569,41.0283],[-8.7818,41.0283],[-8.7761,40.9176],[-8.7681,40.7609],[-8.8162,40.6225],[-8.8419,40.5487],[-8.8675,40.4749],[-8.9188,40.3273],[-8.9701,40.1798],[-8.9769,40.1601],[-8.9865,40.106],[-8.9997,40.0322],[-9.0489,39.7556],[-9.0693,39.737],[-9.3934,39.4419],[-9.4485,39.3917],[-9.4603,39.2943],[-9.4693,39.2205],[-9.4782,39.1467],[-9.514,38.8516],[-9.5277,38.7384],[-9.5277,38.738]],[[-3.3042,43.2607],[-3.2861,43.2564],[-3.2674,43.2274],[-3.2992,43.2169],[-3.3042,43.2607]]],[[[-5.3483,42.2782],[-5.3372,42.2466],[-5.3193,42.245],[-5.3032,42.2521],[-5.3092,42.2932],[-5.3483,42.2782]]],[[[1.9456,42.4638],[1.9606,42.4437],[1.9995,42.4439],[1.968,42.4857],[1.9456,42.4638]]]]}},
{"type":"Feature","properties":{"entityId":"iberian-tribes","from":-227,"to":-219,"certainty":"estimated","source":"유럽 쪽은 Natural Earth 1:10m admin-1(v5.1.2) 현대 행정구역 조각을 그 시기 국경에 맞춰 묶고, 조각이 역사 경계와 다른 곳은 선을 그어 나눈 근사. 유럽 밖(시베리아·중앙아시아·극동)은 대략적인 추정. 운영자 검수 필요"},"geometry":{"type":"MultiPolygon","coordinates":[[[[-9.5277,38.738],[-9.5061,38.704],[-9.4247,38.5761],[-9.4122,38.5564],[-9.3953,38.5298],[-9.3443,38.4497],[-9.2865,38.3588],[-9.2108,38.343],[-9.0095,38.301],[-8.8401,38.2657],[-8.8203,38.1359],[-8.8771,37.9661],[-8.8948,37.9525],[-8.8668,37.9387],[-8.8221,37.8713],[-8.8214,37.868],[-8.8141,37.8326],[-8.8067,37.7972],[-8.817,37.7403],[-8.8087,37.7229],[-8.7946,37.7258],[-8.8002,37.6944],[-8.8265,37.6006],[-8.8184,37.5873],[-8.8157,37.4671],[-8.815,37.4371],[-8.8149,37.4308],[-8.825,37.407],[-8.8503,37.347],[-8.8828,37.3099],[-8.8739,37.2912],[-8.9075,37.2117],[-8.9227,37.1997],[-8.9185,37.1859],[-8.9265,37.1669],[-8.9752,37.0765],[-8.9856,37.0634],[-8.9896,37.0499],[-8.9985,37.0333],[-8.9983,37.0332],[-8.9985,37.0329],[-8.9949,37.0319],[-8.9979,37.0215],[-8.9829,37.0266],[-8.946,37.0079],[-8.8789,37.0472],[-8.8643,37.0424],[-8.8977,36.8698],[-8.8976,36.8698],[-8.8977,36.8694],[-8.8973,36.8695],[-8.8973,36.8694],[-8.3827,36.9794],[-7.8573,36.8389],[-7.8572,36.839],[-7.8569,36.8389],[-7.5462,37.0385],[-7.4617,37.0928],[-7.4538,37.0978],[-7.3772,37.0851],[-7.3349,37.078],[-7.3349,37.1366],[-7.3772,37.1366],[-7.3772,37.1659],[-7.4078,37.1659],[-7.4144,37.1928],[-7.4342,37.2593],[-7.445,37.3868],[-7.4623,37.4179],[-7.4629,37.4511],[-7.4759,37.4943],[-7.5146,37.5283],[-7.5297,37.5672],[-7.5143,37.6014],[-7.4716,37.6369],[-7.4575,37.7001],[-7.4263,37.7506],[-7.3344,37.8119],[-7.3069,37.8508],[-7.2686,37.9492],[-7.2727,37.977],[-7.2233,37.9938],[-7.1853,37.9887],[-7.1522,38.0007],[-7.1233,38.04],[-7.0494,38.0202],[-7.024,38.0226],[-6.9976,38.0896],[-6.9576,38.1682],[-6.9506,38.1984],[-6.9338,38.2093],[-6.7979,38.1729],[-6.7955,38.1514],[-6.8104,38.113],[-6.7488,38.0936],[-6.6446,38.0937],[-6.6173,38.0868],[-6.5844,38.0568],[-6.5717,38.0239],[-6.4848,38.0164],[-6.4496,38.0514],[-6.4131,38.0537],[-6.3724,38.0312],[-6.3563,38],[-6.2003,37.952],[-6.1833,37.939],[-6.1141,37.9786],[-5.976,37.9986],[-5.9411,38.0183],[-5.9107,38.0735],[-5.9228,38.0928],[-5.9154,38.1141],[-5.8745,38.1401],[-5.8371,38.1743],[-5.8072,38.183],[-5.7275,38.1883],[-5.698,38.1659],[-5.696,38.1485],[-5.7341,38.1297],[-5.7282,38.0954],[-5.6936,38.0913],[-5.6234,38.1369],[-5.581,38.1351],[-5.5382,38.1624],[-5.5197,38.2089],[-5.5213,38.2668],[-5.5503,38.3208],[-5.5671,38.3363],[-5.561,38.3773],[-5.5758,38.3943],[-5.5694,38.4253],[-5.5493,38.4408],[-5.4808,38.4692],[-5.4649,38.4891],[-5.4196,38.5158],[-5.4003,38.5491],[-5.3624,38.5839],[-5.3068,38.5855],[-5.2881,38.6125],[-5.2101,38.659],[-5.1808,38.666],[-5.1594,38.7179],[-5.0799,38.7194],[-5.0366,38.7284],[-4.9979,38.7358],[-4.9717,38.7692],[-4.9475,38.8394],[-4.9129,38.8823],[-4.8508,38.8867],[-4.8363,38.9285],[-4.8466,38.946],[-4.9138,38.9597],[-4.9443,39.0097],[-4.9541,39.0456],[-4.9378,39.0531],[-4.8773,39.0326],[-4.8347,39.0476],[-4.8402,39.0686],[-4.864,39.0816],[-4.8674,39.1061],[-4.847,39.1655],[-4.8068,39.1988],[-4.7273,39.1965],[-4.6584,39.1739],[-4.7106,39.2253],[-4.7536,39.2974],[-4.7568,39.3165],[-4.7109,39.3441],[-4.6779,39.4176],[-4.6927,39.4498],[-4.6182,39.4543],[-4.6002,39.4829],[-4.5678,39.4975],[-4.5538,39.5394],[-4.5122,39.5485],[-4.499,39.5027],[-4.4761,39.4862],[-4.4509,39.4893],[-4.4268,39.5088],[-4.2421,39.4779],[-4.1927,39.4982],[-4.1587,39.5768],[-4.1244,39.5637],[-4.0417,39.5754],[-4.0385,39.5468],[-4.0755,39.5221],[-4.0598,39.4838],[-4.0798,39.4519],[-4.1183,39.457],[-4.1278,39.409],[-4.144,39.3772],[-4.1403,39.359],[-4.0977,39.3454],[-4.0733,39.3654],[-3.9721,39.3523],[-3.9669,39.2985],[-3.9024,39.2803],[-3.876,39.2621],[-3.8416,39.2597],[-3.8143,39.2845],[-3.7804,39.2944],[-3.7358,39.2696],[-3.679,39.295],[-3.5867,39.3077],[-3.5561,39.2991],[-3.4769,39.3431],[-3.4703,39.3722],[-3.3988,39.405],[-3.3267,39.4102],[-3.3055,39.4625],[-3.2942,39.4707],[-3.1852,39.4742],[-3.1845,39.4879],[-3.1433,39.4954],[-3.0695,39.4501],[-3.0225,39.457],[-2.9779,39.4446],[-2.9312,39.4714],[-2.9072,39.4302],[-2.8698,39.3904],[-2.8966,39.3667],[-2.8825,39.351],[-2.8307,39.3551],[-2.7891,39.3976],[-2.7421,39.318],[-2.6622,39.3218],[-2.6193,39.34],[-2.5678,39.3269],[-2.5294,39.3276],[-2.5112,39.342],[-2.3739,39.2329],[-2.3492,39.2789],[-2.3211,39.2837],[-2.2888,39.2267],[-2.1684,39.281],[-2.049,39.2668],[-2.0907,39.3595],[-2.0208,39.352],[-2.029,39.3379],[-1.9899,39.2937],[-1.887,39.3046],[-1.8451,39.2861],[-1.77,39.2806],[-1.7394,39.3211],[-1.501,39.422],[-1.4524,39.3902],[-1.4457,39.3669],[-1.4062,39.3706],[-1.3397,39.3417],[-1.1777,39.3041],[-1.1703,39.2883],[-1.1786,39.2206],[-1.2018,39.1704],[-1.2269,39.1468],[-1.2621,39.0737],[-1.2484,39.0381],[-1.1515,38.9485],[-1.121,38.9326],[-1.0379,38.9373],[-0.9911,38.9512],[-0.9592,38.94],[-0.9209,38.8862],[-0.9262,38.8553],[-0.9133,38.8246],[-0.9306,38.7855],[-0.8979,38.77],[-0.8669,38.7743],[-0.8164,38.7408],[-0.7301,38.7527],[-0.6511,38.7176],[-0.6155,38.6938],[-0.5071,38.7429],[-0.5329,38.7626],[-0.5658,38.7556],[-0.5953,38.795],[-0.4166,38.8192],[-0.3108,38.8815],[-0.2305,38.8534],[-0.031,38.8828],[-0.014,38.8723],[-0.014,38.8925],[0.0052,38.8925],[-0.014,38.9208],[-0.0298,38.944],[-0.088,39.0296],[-0.1695,39.1495],[-0.2787,39.3102],[-0.2169,39.4408],[-0.148,39.5865],[-0.1136,39.6593],[-0.0963,39.6957],[-0.0791,39.7321],[0.0587,40.0234],[0.0662,40.0319],[0.117,40.0563],[0.1445,40.0788],[0.1728,40.122],[0.2485,40.1993],[0.2647,40.2098],[0.2988,40.2468],[0.3506,40.2849],[0.4203,40.3883],[0.4461,40.4084],[0.4513,40.4288],[0.4654,40.4469],[0.4977,40.4759],[0.5442,40.5178],[0.5553,40.5277],[0.5913,40.5601],[0.6024,40.5701],[0.6159,40.5535],[0.6771,40.5652],[0.707,40.5834],[0.7564,40.6422],[0.7624,40.6463],[0.8167,40.6683],[0.8483,40.6754],[0.8546,40.6837],[0.8588,40.6854],[0.8912,40.7219],[0.891,40.7221],[0.8912,40.7223],[0.7976,40.8039],[0.7582,40.813],[0.7705,40.8589],[0.7926,40.8762],[0.8156,40.892],[1.0133,41.0477],[1.149,41.0701],[1.1836,41.0626],[1.196,41.0779],[1.5509,41.1364],[1.5953,41.1438],[1.6841,41.1584],[1.7284,41.1657],[1.9058,41.195],[2.0936,41.226],[2.6155,41.5927],[2.6519,41.6053],[2.7785,41.6456],[2.792,41.669],[2.8511,41.6972],[2.933,41.7125],[2.9509,41.7343],[3.0403,41.7869],[3.0691,41.7991],[3.0735,41.8119],[3.1272,41.8469],[3.1502,41.8454],[3.1949,41.8883],[3.2099,41.9115],[3.2492,41.944],[3.2492,41.9444],[3.2384,42.0833],[3.224,42.1111],[3.1736,42.1354],[3.1521,42.163],[3.1658,42.2526],[3.2101,42.2397],[3.263,42.2399],[3.287,42.2629],[3.2993,42.2869],[3.3068,42.2895],[3.3067,42.2899],[3.3068,42.2899],[3.3044,42.297],[3.3177,42.323],[3.2933,42.3303],[3.2888,42.3437],[3.2384,42.368],[3.2253,42.4006],[3.2132,42.4305],[3.2108,42.4358],[3.1801,42.4358],[3.181,42.4315],[3.1117,42.425],[3.0656,42.432],[3.0296,42.4657],[2.9831,42.4693],[2.9661,42.461],[2.9337,42.4702],[2.9008,42.4513],[2.8508,42.4484],[2.7886,42.412],[2.7285,42.414],[2.6904,42.4062],[2.6403,42.3728],[2.6622,42.339],[2.6134,42.341],[2.5481,42.3522],[2.5253,42.3259],[2.4649,42.3406],[2.4225,42.3837],[2.3755,42.3893],[2.2774,42.4286],[2.1842,42.4118],[2.137,42.4162],[2.104,42.3848],[2.0517,42.3524],[1.9957,42.3487],[1.9637,42.3672],[1.9275,42.4369],[1.8698,42.4468],[1.7927,42.4817],[1.7122,42.4937],[1.707,42.5028],[1.7106,42.5277],[1.7171,42.5399],[1.7217,42.5485],[1.74,42.5616],[1.7651,42.5634],[1.7611,42.5676],[1.7527,42.5767],[1.7294,42.582],[1.7133,42.5895],[1.722,42.6099],[1.6083,42.6181],[1.5973,42.6219],[1.5431,42.6494],[1.5278,42.6485],[1.4984,42.6402],[1.4668,42.6415],[1.4514,42.6021],[1.4293,42.5954],[1.398,42.6436],[1.3611,42.6867],[1.3191,42.7134],[1.1959,42.7136],[1.1625,42.7057],[1.1343,42.716],[1.1067,42.7596],[1.0682,42.7761],[0.9829,42.7804],[0.9587,42.7937],[0.9211,42.7844],[0.8561,42.8128],[0.8129,42.8316],[0.7763,42.8325],[0.7243,42.8453],[0.6563,42.8384],[0.6537,42.8027],[0.6335,42.7448],[0.6665,42.7148],[0.6634,42.6962],[0.6436,42.6845],[0.6082,42.688],[0.4835,42.6853],[0.4669,42.6904],[0.3893,42.6851],[0.3542,42.7175],[0.336,42.7127],[0.2902,42.6703],[0.2754,42.6687],[0.2384,42.7104],[0.1692,42.7265],[0.1342,42.7152],[0.0728,42.7085],[-0.0043,42.6875],[-0.0389,42.6851],[-0.119,42.7169],[-0.1636,42.778],[-0.1614,42.7953],[-0.2084,42.7839],[-0.2351,42.7862],[-0.247,42.8048],[-0.3051,42.8308],[-0.3228,42.8425],[-0.4239,42.7907],[-0.4545,42.7889],[-0.5084,42.8075],[-0.5339,42.808],[-0.5356,42.7842],[-0.5787,42.7773],[-0.5829,42.7958],[-0.6095,42.8114],[-0.6483,42.8498],[-0.7004,42.8764],[-0.7301,42.8775],[-0.7459,42.8939],[-0.745,42.9187],[-0.7597,42.9465],[-0.7864,42.9533],[-0.8635,42.9431],[-0.9432,42.9479],[-0.9815,42.957],[-1.0285,42.9867],[-1.0797,42.9934],[-1.1124,43.0083],[-1.1499,43.0057],[-1.2169,43.0393],[-1.2749,43.0468],[-1.3106,43.0695],[-1.3086,43.1136],[-1.3483,43.0931],[-1.3576,43.0468],[-1.3831,43.0292],[-1.435,43.0357],[-1.4753,43.0601],[-1.4878,43.0818],[-1.4258,43.1353],[-1.3997,43.2067],[-1.4035,43.2433],[-1.4322,43.265],[-1.4664,43.2608],[-1.5081,43.2768],[-1.559,43.2841],[-1.5876,43.2516],[-1.639,43.2557],[-1.645,43.2924],[-1.6739,43.3042],[-1.7497,43.2948],[-1.7682,43.3309],[-1.7969,43.3411],[-1.7941,43.386],[-1.8006,43.3894],[-1.8006,43.4067],[-1.762,43.4067],[-1.762,43.4982],[-1.7614,43.4982],[-1.7614,43.5425],[-1.7997,43.5425],[-1.8381,43.4982],[-1.8393,43.4968],[-1.9028,43.4234],[-1.9938,43.4252],[-2.1803,43.4289],[-2.2735,43.4308],[-2.3201,43.4317],[-2.3668,43.4326],[-2.4134,43.4336],[-2.46,43.4345],[-2.5533,43.4364],[-2.7397,43.4401],[-2.7558,43.4503],[-2.8064,43.4441],[-2.8744,43.4547],[-2.8748,43.4547],[-2.9256,43.4437],[-2.9803,43.4448],[-3.0672,43.4465],[-3.1106,43.4474],[-3.1106,43.4012],[-3.1541,43.4012],[-3.1541,43.362],[-3.1506,43.3602],[-3.1495,43.3244],[-3.1602,43.3078],[-3.2035,43.2923],[-3.2352,43.2991],[-3.3229,43.3001],[-3.4309,43.2435],[-3.4416,43.2333],[-3.4409,43.1881],[-3.4238,43.1406],[-3.519,43.1438],[-3.6038,43.1618],[-3.6478,43.1762],[-3.7062,43.1297],[-3.7662,43.0934],[-3.8383,43.0847],[-3.8427,43.0573],[-3.8961,43.0332],[-3.9526,42.9992],[-3.9836,42.9403],[-3.9658,42.9073],[-3.9278,42.9088],[-3.8646,42.9479],[-3.8362,42.9279],[-3.8395,42.9142],[-3.8982,42.8986],[-3.9092,42.8803],[-3.8939,42.8514],[-3.8499,42.8766],[-3.8314,42.8723],[-3.8158,42.81],[-3.8309,42.7999],[-3.883,42.7971],[-3.9174,42.7735],[-3.9652,42.7625],[-4.0002,42.7698],[-4.0028,42.8236],[-4.0189,42.8163],[-4.0472,42.7701],[-4.0858,42.7631],[-4.1204,42.789],[-4.1586,42.7935],[-4.1847,42.8235],[-4.1416,42.8345],[-4.1502,42.8622],[-4.1966,42.8441],[-4.2214,42.8502],[-4.2399,42.9502],[-4.3566,42.9854],[-4.4008,43.0333],[-4.4629,43.0509],[-4.5524,43.0239],[-4.7269,43.0159],[-4.7892,42.9898],[-4.8134,42.9257],[-4.8476,42.9024],[-4.8657,42.8605],[-4.9019,42.8481],[-4.9037,42.7796],[-4.9321,42.74],[-4.8875,42.7116],[-4.8981,42.6691],[-4.8953,42.6216],[-4.9144,42.5448],[-4.888,42.5369],[-4.8881,42.518],[-4.9127,42.4006],[-4.9113,42.3815],[-4.9727,42.3743],[-4.9796,42.3379],[-4.9425,42.3465],[-4.9549,42.296],[-5.0022,42.2892],[-5.0383,42.2971],[-5.0417,42.2675],[-5.064,42.2737],[-5.0938,42.3094],[-5.124,42.3002],[-5.1704,42.2679],[-5.2382,42.2643],[-5.2653,42.2182],[-5.3217,42.2042],[-5.3612,42.225],[-5.3872,42.1952],[-5.3769,42.1343],[-5.3874,42.083],[-5.3763,42.0414],[-5.4216,42.0308],[-5.5208,42.097],[-5.5417,42.098],[-5.5534,42.063],[-5.6247,42.0836],[-5.6211,42.1022],[-5.6433,42.1287],[-5.6796,42.1402],[-5.6769,42.1203],[-5.7431,42.1135],[-5.7551,42.1368],[-5.8382,42.1186],[-5.8694,42.122],[-5.893,42.1505],[-5.9559,42.1258],[-6.045,42.1577],[-6.2037,42.1483],[-6.2795,42.1778],[-6.3115,42.2081],[-6.3395,42.2001],[-6.4278,42.202],[-6.4906,42.1842],[-6.5578,42.2071],[-6.6163,42.2056],[-6.6541,42.2168],[-6.7056,42.2172],[-6.7832,42.2529],[-6.8055,42.2179],[-6.8668,42.217],[-6.9329,42.1741],[-6.9556,42.1322],[-6.9869,42.1141],[-7.0247,42.0757],[-7.0127,42.0522],[-6.9848,42.0512],[-6.9653,42.0283],[-6.9877,41.9834],[-6.9835,41.963],[-6.9451,41.9434],[-6.855,41.9429],[-6.8312,41.954],[-6.8249,41.9838],[-6.7944,41.9797],[-6.7579,41.9376],[-6.728,41.9309],[-6.6568,41.9331],[-6.6228,41.941],[-6.6095,41.9623],[-6.5851,41.9547],[-6.5676,41.9261],[-6.5758,41.8829],[-6.5242,41.8674],[-6.5357,41.8486],[-6.5601,41.7669],[-6.5774,41.7397],[-6.5553,41.6749],[-6.5134,41.6509],[-6.4608,41.6766],[-6.3659,41.6636],[-6.3171,41.6501],[-6.2722,41.6282],[-6.2059,41.5703],[-6.2859,41.4869],[-6.2829,41.4656],[-6.321,41.4196],[-6.3762,41.3969],[-6.431,41.339],[-6.4821,41.303],[-6.5635,41.2707],[-6.6466,41.2676],[-6.6938,41.2174],[-6.7069,41.1943],[-6.759,41.1518],[-6.7648,41.1089],[-6.818,41.0541],[-6.9068,41.0561],[-6.9274,41.0481],[-6.9871,41.0527],[-7.0753,41.0867],[-7.099,41.124],[-7.0927,41.1491],[-7.1263,41.1643],[-7.1126,41.1922],[-7.1701,41.1576],[-7.2225,41.1643],[-7.3007,41.1593],[-7.3597,41.1661],[-7.4022,41.2075],[-7.4323,41.216],[-7.5502,41.1828],[-7.5968,41.1778],[-7.6586,41.1801],[-7.7021,41.1594],[-7.7379,41.1526],[-7.774,41.1571],[-7.8097,41.1819],[-7.8433,41.1844],[-7.896,41.1591],[-7.9402,41.138],[-8.0621,41.1059],[-8.1902,41.1091],[-8.2902,41.0834],[-8.2978,41.0696],[-8.3462,41.044],[-8.3923,41.0397],[-8.3863,41.0162],[-8.4157,41.0226],[-8.4481,41.0555],[-8.4768,41.0212],[-8.4946,41.0166],[-8.5261,41.0322],[-8.5855,41.0151],[-8.6019,41.0231],[-8.6552,41.0167],[-8.6569,41.0283],[-8.7818,41.0283],[-8.7761,40.9176],[-8.7681,40.7609],[-8.8162,40.6225],[-8.8419,40.5487],[-8.8675,40.4749],[-8.9188,40.3273],[-8.9701,40.1798],[-8.9769,40.1601],[-8.9865,40.106],[-8.9997,40.0322],[-9.0489,39.7556],[-9.0693,39.737],[-9.3934,39.4419],[-9.4485,39.3917],[-9.4603,39.2943],[-9.4693,39.2205],[-9.4782,39.1467],[-9.514,38.8516],[-9.5277,38.7384],[-9.5277,38.738]],[[-4.9444,39.3919],[-4.8985,39.517],[-4.8627,39.556],[-4.7749,39.5194],[-4.7421,39.4777],[-4.7661,39.4344],[-4.753,39.4182],[-4.767,39.4046],[-4.8801,39.3669],[-4.9444,39.3919]],[[-3.3042,43.2607],[-3.2861,43.2564],[-3.2674,43.2274],[-3.2992,43.2169],[-3.3042,43.2607]]],[[[-5.3483,42.2782],[-5.3372,42.2466],[-5.3193,42.245],[-5.3032,42.2521],[-5.3092,42.2932],[-5.3483,42.2782]]],[[[1.9456,42.4638],[1.9606,42.4437],[1.9995,42.4439],[1.968,42.4857],[1.9456,42.4638]]]]}},
{"type":"Feature","properties":{"entityId":"iberian-tribes","from":-219,"to":-218,"certainty":"estimated","source":"유럽 쪽은 Natural Earth 1:10m admin-1(v5.1.2) 현대 행정구역 조각을 그 시기 국경에 맞춰 묶고, 조각이 역사 경계와 다른 곳은 선을 그어 나눈 근사. 유럽 밖(시베리아·중앙아시아·극동)은 대략적인 추정. 운영자 검수 필요"},"geometry":{"type":"MultiPolygon","coordinates":[[[[-9.5277,38.738],[-9.5061,38.704],[-9.4247,38.5761],[-9.4122,38.5564],[-9.3953,38.5298],[-9.3443,38.4497],[-9.2865,38.3588],[-9.2108,38.343],[-9.0095,38.301],[-8.8401,38.2657],[-8.8203,38.1359],[-8.8771,37.9661],[-8.8948,37.9525],[-8.8668,37.9387],[-8.8221,37.8713],[-8.8214,37.868],[-8.8141,37.8326],[-8.8067,37.7972],[-8.817,37.7403],[-8.8087,37.7229],[-8.7946,37.7258],[-8.8002,37.6944],[-8.8265,37.6006],[-8.8184,37.5873],[-8.8157,37.4671],[-8.815,37.4371],[-8.8149,37.4308],[-8.825,37.407],[-8.8503,37.347],[-8.8828,37.3099],[-8.8739,37.2912],[-8.9075,37.2117],[-8.9227,37.1997],[-8.9185,37.1859],[-8.9265,37.1669],[-8.9752,37.0765],[-8.9856,37.0634],[-8.9896,37.0499],[-8.9985,37.0333],[-8.9983,37.0332],[-8.9985,37.0329],[-8.9949,37.0319],[-8.9979,37.0215],[-8.9829,37.0266],[-8.946,37.0079],[-8.8789,37.0472],[-8.8643,37.0424],[-8.8977,36.8698],[-8.8976,36.8698],[-8.8977,36.8694],[-8.8973,36.8695],[-8.8973,36.8694],[-8.3827,36.9794],[-7.8573,36.8389],[-7.8572,36.839],[-7.8569,36.8389],[-7.5462,37.0385],[-7.4617,37.0928],[-7.4538,37.0978],[-7.3772,37.0851],[-7.3349,37.078],[-7.3349,37.1366],[-7.3772,37.1366],[-7.3772,37.1659],[-7.4078,37.1659],[-7.4144,37.1928],[-7.4342,37.2593],[-7.445,37.3868],[-7.4623,37.4179],[-7.4629,37.4511],[-7.4759,37.4943],[-7.5146,37.5283],[-7.5297,37.5672],[-7.5143,37.6014],[-7.4716,37.6369],[-7.4575,37.7001],[-7.4263,37.7506],[-7.3344,37.8119],[-7.3069,37.8508],[-7.2686,37.9492],[-7.2727,37.977],[-7.2233,37.9938],[-7.1853,37.9887],[-7.1522,38.0007],[-7.1233,38.04],[-7.0494,38.0202],[-7.024,38.0226],[-6.9976,38.0896],[-6.9576,38.1682],[-6.9506,38.1984],[-6.9338,38.2093],[-6.7979,38.1729],[-6.7955,38.1514],[-6.8104,38.113],[-6.7488,38.0936],[-6.6446,38.0937],[-6.6173,38.0868],[-6.5844,38.0568],[-6.5717,38.0239],[-6.4848,38.0164],[-6.4496,38.0514],[-6.4131,38.0537],[-6.3724,38.0312],[-6.3563,38],[-6.2003,37.952],[-6.1833,37.939],[-6.1141,37.9786],[-5.976,37.9986],[-5.9411,38.0183],[-5.9107,38.0735],[-5.9228,38.0928],[-5.9154,38.1141],[-5.8745,38.1401],[-5.8371,38.1743],[-5.8072,38.183],[-5.7275,38.1883],[-5.698,38.1659],[-5.696,38.1485],[-5.7341,38.1297],[-5.7282,38.0954],[-5.6936,38.0913],[-5.6234,38.1369],[-5.581,38.1351],[-5.5382,38.1624],[-5.5197,38.2089],[-5.5213,38.2668],[-5.5503,38.3208],[-5.5671,38.3363],[-5.561,38.3773],[-5.5758,38.3943],[-5.5694,38.4253],[-5.5493,38.4408],[-5.4808,38.4692],[-5.4649,38.4891],[-5.4196,38.5158],[-5.4003,38.5491],[-5.3624,38.5839],[-5.3068,38.5855],[-5.2881,38.6125],[-5.2101,38.659],[-5.1808,38.666],[-5.1594,38.7179],[-5.0799,38.7194],[-5.0366,38.7284],[-4.9979,38.7358],[-4.9717,38.7692],[-4.9475,38.8394],[-4.9129,38.8823],[-4.8508,38.8867],[-4.8363,38.9285],[-4.8466,38.946],[-4.9138,38.9597],[-4.9443,39.0097],[-4.9541,39.0456],[-4.9378,39.0531],[-4.8773,39.0326],[-4.8347,39.0476],[-4.8402,39.0686],[-4.864,39.0816],[-4.8674,39.1061],[-4.847,39.1655],[-4.8068,39.1988],[-4.7273,39.1965],[-4.6584,39.1739],[-4.7106,39.2253],[-4.7536,39.2974],[-4.7568,39.3165],[-4.7109,39.3441],[-4.6779,39.4176],[-4.6927,39.4498],[-4.753,39.4182],[-4.767,39.4046],[-4.8801,39.3669],[-4.9444,39.3919],[-4.9714,39.4097],[-5.0392,39.4781],[-5.0792,39.4928],[-5.1594,39.5639],[-5.1964,39.5877],[-5.1976,39.5996],[-5.1518,39.663],[-5.1417,39.7203],[-5.1654,39.7472],[-5.1656,39.75],[-5.1681,39.7929],[-5.2087,39.7927],[-5.2603,39.7523],[-5.3081,39.7583],[-5.3169,39.7719],[-5.3078,39.8269],[-5.2893,39.8617],[-5.3302,39.8889],[-5.3862,39.881],[-5.391,39.9204],[-5.3741,39.9948],[-5.3704,40.0683],[-5.3576,40.1053],[-5.328,40.1159],[-5.2303,40.1065],[-5.1906,40.0894],[-5.1412,40.0948],[-5.0579,40.1486],[-5.0145,40.1509],[-5.0079,40.1225],[-4.9886,40.114],[-4.9224,40.1403],[-4.9035,40.174],[-4.8432,40.2066],[-4.815,40.2298],[-4.8008,40.2657],[-4.7,40.2756],[-4.6841,40.2171],[-4.6394,40.1971],[-4.5719,40.212],[-4.5298,40.2967],[-4.5376,40.3341],[-4.525,40.339],[-4.4964,40.3165],[-4.4576,40.3262],[-4.4403,40.3502],[-4.4315,40.3893],[-4.4073,40.4085],[-4.3749,40.4047],[-4.3248,40.4133],[-4.3287,40.4326],[-4.3152,40.4693],[-4.319,40.544],[-4.2845,40.5841],[-4.2903,40.6216],[-4.2421,40.6028],[-4.1844,40.6164],[-4.1713,40.6299],[-4.1613,40.6873],[-4.0901,40.7691],[-4.0598,40.7841],[-4.0187,40.7794],[-3.9841,40.7887],[-3.9529,40.8652],[-3.9531,40.8943],[-3.9348,40.9262],[-3.8919,40.9648],[-3.8057,40.9873],[-3.7871,40.9968],[-3.7528,41.043],[-3.6849,41.0847],[-3.6239,41.1394],[-3.5922,41.1541],[-3.5458,41.1618],[-3.5416,41.1442],[-3.4767,41.0908],[-3.4365,41.0774],[-3.4098,41.0122],[-3.4123,40.9892],[-3.4449,40.9235],[-3.4515,40.8751],[-3.4724,40.8582],[-3.4984,40.7962],[-3.4599,40.7788],[-3.4394,40.7309],[-3.4588,40.695],[-3.4343,40.6755],[-3.3892,40.6864],[-3.3668,40.6589],[-3.3182,40.6463],[-3.326,40.5978],[-3.2931,40.5685],[-3.2895,40.5331],[-3.2575,40.5428],[-3.2045,40.513],[-3.2002,40.4505],[-3.1571,40.4254],[-3.1387,40.3947],[-3.1531,40.3362],[-3.178,40.3126],[-3.1859,40.2495],[-3.1711,40.2425],[-3.1248,40.2749],[-3.1038,40.2699],[-3.0865,40.2393],[-3.0728,40.1576],[-3.0637,40.1684],[-3.0143,40.1553],[-3.0198,40.1931],[-2.9981,40.2092],[-2.947,40.1698],[-2.9128,40.1576],[-2.8852,40.1727],[-2.8662,40.1979],[-2.8163,40.2099],[-2.801,40.2665],[-2.8154,40.3254],[-2.8077,40.4069],[-2.7699,40.4213],[-2.7229,40.3973],[-2.6795,40.4332],[-2.6269,40.4531],[-2.5753,40.4479],[-2.5128,40.4197],[-2.5081,40.4511],[-2.535,40.4698],[-2.5287,40.4989],[-2.5454,40.5372],[-2.5278,40.5441],[-2.488,40.513],[-2.4321,40.5356],[-2.3979,40.5287],[-2.3901,40.5502],[-2.4161,40.5801],[-2.4078,40.6064],[-2.389,40.6108],[-2.3309,40.5733],[-2.2929,40.5948],[-2.2914,40.6333],[-2.2742,40.6462],[-2.2119,40.6234],[-2.1773,40.6286],[-2.157,40.6588],[-2.0857,40.6411],[-2.0311,40.5994],[-1.9828,40.5872],[-1.9555,40.5991],[-1.9299,40.5927],[-1.8916,40.533],[-1.8564,40.4288],[-1.8083,40.402],[-1.7793,40.3922],[-1.7206,40.3354],[-1.7136,40.2877],[-1.7,40.2948],[-1.6601,40.283],[-1.5551,40.2054],[-1.4444,40.1967],[-1.4485,40.1498],[-1.4523,40.1307],[-1.4169,40.1095],[-1.3783,40.0221],[-1.3695,40.0163],[-1.243,39.9974],[-1.1627,40.0115],[-1.1455,39.9723],[-1.1962,39.9506],[-1.2029,39.8633],[-1.2256,39.7963],[-1.267,39.7435],[-1.2655,39.6938],[-1.2922,39.6727],[-1.3204,39.6714],[-1.372,39.6836],[-1.4275,39.6452],[-1.4632,39.5902],[-1.4944,39.5673],[-1.5045,39.5455],[-1.4984,39.4961],[-1.5182,39.4518],[-1.501,39.422],[-1.4524,39.3902],[-1.4457,39.3669],[-1.4062,39.3706],[-1.3397,39.3417],[-1.1777,39.3041],[-1.1703,39.2883],[-1.1786,39.2206],[-1.2018,39.1704],[-1.2269,39.1468],[-1.2621,39.0737],[-1.2484,39.0381],[-1.1515,38.9485],[-1.121,38.9326],[-1.0379,38.9373],[-0.9911,38.9512],[-0.9592,38.94],[-0.9209,38.8862],[-0.9262,38.8553],[-0.9133,38.8246],[-0.9306,38.7855],[-0.8979,38.77],[-0.8669,38.7743],[-0.8164,38.7408],[-0.7301,38.7527],[-0.6511,38.7176],[-0.6155,38.6938],[-0.5071,38.7429],[-0.5329,38.7626],[-0.5658,38.7556],[-0.5953,38.795],[-0.4166,38.8192],[-0.3108,38.8815],[-0.2305,38.8534],[-0.031,38.8828],[-0.014,38.8723],[-0.014,38.8925],[0.0052,38.8925],[-0.014,38.9208],[-0.0298,38.944],[-0.088,39.0296],[-0.1695,39.1495],[-0.2787,39.3102],[-0.2169,39.4408],[-0.148,39.5865],[-0.1136,39.6593],[-0.0963,39.6957],[-0.0791,39.7321],[0.0587,40.0234],[0.0662,40.0319],[0.117,40.0563],[0.1445,40.0788],[0.1728,40.122],[0.2485,40.1993],[0.2647,40.2098],[0.2988,40.2468],[0.3506,40.2849],[0.4203,40.3883],[0.4461,40.4084],[0.4513,40.4288],[0.4654,40.4469],[0.4977,40.4759],[0.5442,40.5178],[0.5553,40.5277],[0.5913,40.5601],[0.6024,40.5701],[0.6159,40.5535],[0.6771,40.5652],[0.707,40.5834],[0.7564,40.6422],[0.7624,40.6463],[0.8167,40.6683],[0.8483,40.6754],[0.8546,40.6837],[0.8588,40.6854],[0.8912,40.7219],[0.891,40.7221],[0.8912,40.7223],[0.7976,40.8039],[0.7582,40.813],[0.7705,40.8589],[0.7926,40.8762],[0.8156,40.892],[1.0133,41.0477],[1.149,41.0701],[1.1836,41.0626],[1.196,41.0779],[1.5509,41.1364],[1.5953,41.1438],[1.6841,41.1584],[1.7284,41.1657],[1.9058,41.195],[2.0936,41.226],[2.6155,41.5927],[2.6519,41.6053],[2.7785,41.6456],[2.792,41.669],[2.8511,41.6972],[2.933,41.7125],[2.9509,41.7343],[3.0403,41.7869],[3.0691,41.7991],[3.0735,41.8119],[3.1272,41.8469],[3.1502,41.8454],[3.1949,41.8883],[3.2099,41.9115],[3.2492,41.944],[3.2492,41.9444],[3.2384,42.0833],[3.224,42.1111],[3.1736,42.1354],[3.1521,42.163],[3.1658,42.2526],[3.2101,42.2397],[3.263,42.2399],[3.287,42.2629],[3.2993,42.2869],[3.3068,42.2895],[3.3067,42.2899],[3.3068,42.2899],[3.3044,42.297],[3.3177,42.323],[3.2933,42.3303],[3.2888,42.3437],[3.2384,42.368],[3.2253,42.4006],[3.2132,42.4305],[3.2108,42.4358],[3.1801,42.4358],[3.181,42.4315],[3.1117,42.425],[3.0656,42.432],[3.0296,42.4657],[2.9831,42.4693],[2.9661,42.461],[2.9337,42.4702],[2.9008,42.4513],[2.8508,42.4484],[2.7886,42.412],[2.7285,42.414],[2.6904,42.4062],[2.6403,42.3728],[2.6622,42.339],[2.6134,42.341],[2.5481,42.3522],[2.5253,42.3259],[2.4649,42.3406],[2.4225,42.3837],[2.3755,42.3893],[2.2774,42.4286],[2.1842,42.4118],[2.137,42.4162],[2.104,42.3848],[2.0517,42.3524],[1.9957,42.3487],[1.9637,42.3672],[1.9275,42.4369],[1.8698,42.4468],[1.7927,42.4817],[1.7122,42.4937],[1.707,42.5028],[1.7106,42.5277],[1.7171,42.5399],[1.7217,42.5485],[1.74,42.5616],[1.7651,42.5634],[1.7611,42.5676],[1.7527,42.5767],[1.7294,42.582],[1.7133,42.5895],[1.722,42.6099],[1.6083,42.6181],[1.5973,42.6219],[1.5431,42.6494],[1.5278,42.6485],[1.4984,42.6402],[1.4668,42.6415],[1.4514,42.6021],[1.4293,42.5954],[1.398,42.6436],[1.3611,42.6867],[1.3191,42.7134],[1.1959,42.7136],[1.1625,42.7057],[1.1343,42.716],[1.1067,42.7596],[1.0682,42.7761],[0.9829,42.7804],[0.9587,42.7937],[0.9211,42.7844],[0.8561,42.8128],[0.8129,42.8316],[0.7763,42.8325],[0.7243,42.8453],[0.6563,42.8384],[0.6537,42.8027],[0.6335,42.7448],[0.6665,42.7148],[0.6634,42.6962],[0.6436,42.6845],[0.6082,42.688],[0.4835,42.6853],[0.4669,42.6904],[0.3893,42.6851],[0.3542,42.7175],[0.336,42.7127],[0.2902,42.6703],[0.2754,42.6687],[0.2384,42.7104],[0.1692,42.7265],[0.1342,42.7152],[0.0728,42.7085],[-0.0043,42.6875],[-0.0389,42.6851],[-0.119,42.7169],[-0.1636,42.778],[-0.1614,42.7953],[-0.2084,42.7839],[-0.2351,42.7862],[-0.247,42.8048],[-0.3051,42.8308],[-0.3228,42.8425],[-0.4239,42.7907],[-0.4545,42.7889],[-0.5084,42.8075],[-0.5339,42.808],[-0.5356,42.7842],[-0.5787,42.7773],[-0.5829,42.7958],[-0.6095,42.8114],[-0.6483,42.8498],[-0.7004,42.8764],[-0.7301,42.8775],[-0.7459,42.8939],[-0.745,42.9187],[-0.7597,42.9465],[-0.7864,42.9533],[-0.8635,42.9431],[-0.9432,42.9479],[-0.9815,42.957],[-1.0285,42.9867],[-1.0797,42.9934],[-1.1124,43.0083],[-1.1499,43.0057],[-1.2169,43.0393],[-1.2749,43.0468],[-1.3106,43.0695],[-1.3086,43.1136],[-1.3483,43.0931],[-1.3576,43.0468],[-1.3831,43.0292],[-1.435,43.0357],[-1.4753,43.0601],[-1.4878,43.0818],[-1.4258,43.1353],[-1.3997,43.2067],[-1.4035,43.2433],[-1.4322,43.265],[-1.4664,43.2608],[-1.5081,43.2768],[-1.559,43.2841],[-1.5876,43.2516],[-1.639,43.2557],[-1.645,43.2924],[-1.6739,43.3042],[-1.7497,43.2948],[-1.7682,43.3309],[-1.7969,43.3411],[-1.7941,43.386],[-1.8006,43.3894],[-1.8006,43.4067],[-1.762,43.4067],[-1.762,43.4982],[-1.7614,43.4982],[-1.7614,43.5425],[-1.7997,43.5425],[-1.8381,43.4982],[-1.8393,43.4968],[-1.9028,43.4234],[-1.9938,43.4252],[-2.1803,43.4289],[-2.2735,43.4308],[-2.3201,43.4317],[-2.3668,43.4326],[-2.4134,43.4336],[-2.46,43.4345],[-2.5533,43.4364],[-2.7397,43.4401],[-2.7558,43.4503],[-2.8064,43.4441],[-2.8744,43.4547],[-2.8748,43.4547],[-2.9256,43.4437],[-2.9803,43.4448],[-3.0672,43.4465],[-3.1106,43.4474],[-3.1106,43.4012],[-3.1541,43.4012],[-3.1541,43.362],[-3.1506,43.3602],[-3.1495,43.3244],[-3.1602,43.3078],[-3.2035,43.2923],[-3.2352,43.2991],[-3.3229,43.3001],[-3.4309,43.2435],[-3.4416,43.2333],[-3.4409,43.1881],[-3.4238,43.1406],[-3.519,43.1438],[-3.6038,43.1618],[-3.6478,43.1762],[-3.7062,43.1297],[-3.7662,43.0934],[-3.8383,43.0847],[-3.8427,43.0573],[-3.8961,43.0332],[-3.9526,42.9992],[-3.9836,42.9403],[-3.9658,42.9073],[-3.9278,42.9088],[-3.8646,42.9479],[-3.8362,42.9279],[-3.8395,42.9142],[-3.8982,42.8986],[-3.9092,42.8803],[-3.8939,42.8514],[-3.8499,42.8766],[-3.8314,42.8723],[-3.8158,42.81],[-3.8309,42.7999],[-3.883,42.7971],[-3.9174,42.7735],[-3.9652,42.7625],[-4.0002,42.7698],[-4.0028,42.8236],[-4.0189,42.8163],[-4.0472,42.7701],[-4.0858,42.7631],[-4.1204,42.789],[-4.1586,42.7935],[-4.1847,42.8235],[-4.1416,42.8345],[-4.1502,42.8622],[-4.1966,42.8441],[-4.2214,42.8502],[-4.2399,42.9502],[-4.3566,42.9854],[-4.4008,43.0333],[-4.4629,43.0509],[-4.5524,43.0239],[-4.7269,43.0159],[-4.7892,42.9898],[-4.8134,42.9257],[-4.8476,42.9024],[-4.8657,42.8605],[-4.9019,42.8481],[-4.9037,42.7796],[-4.9321,42.74],[-4.8875,42.7116],[-4.8981,42.6691],[-4.8953,42.6216],[-4.9144,42.5448],[-4.888,42.5369],[-4.8881,42.518],[-4.9127,42.4006],[-4.9113,42.3815],[-4.9727,42.3743],[-4.9796,42.3379],[-4.9425,42.3465],[-4.9549,42.296],[-5.0022,42.2892],[-5.0383,42.2971],[-5.0417,42.2675],[-5.064,42.2737],[-5.0938,42.3094],[-5.124,42.3002],[-5.1704,42.2679],[-5.2382,42.2643],[-5.2653,42.2182],[-5.3217,42.2042],[-5.3612,42.225],[-5.3872,42.1952],[-5.3769,42.1343],[-5.3874,42.083],[-5.3763,42.0414],[-5.4216,42.0308],[-5.5208,42.097],[-5.5417,42.098],[-5.5534,42.063],[-5.6247,42.0836],[-5.6211,42.1022],[-5.6433,42.1287],[-5.6796,42.1402],[-5.6769,42.1203],[-5.7431,42.1135],[-5.7551,42.1368],[-5.8382,42.1186],[-5.8694,42.122],[-5.893,42.1505],[-5.9559,42.1258],[-6.045,42.1577],[-6.2037,42.1483],[-6.2795,42.1778],[-6.3115,42.2081],[-6.3395,42.2001],[-6.4278,42.202],[-6.4906,42.1842],[-6.5578,42.2071],[-6.6163,42.2056],[-6.6541,42.2168],[-6.7056,42.2172],[-6.7832,42.2529],[-6.8055,42.2179],[-6.8668,42.217],[-6.9329,42.1741],[-6.9556,42.1322],[-6.9869,42.1141],[-7.0247,42.0757],[-7.0127,42.0522],[-6.9848,42.0512],[-6.9653,42.0283],[-6.9877,41.9834],[-6.9835,41.963],[-6.9451,41.9434],[-6.855,41.9429],[-6.8312,41.954],[-6.8249,41.9838],[-6.7944,41.9797],[-6.7579,41.9376],[-6.728,41.9309],[-6.6568,41.9331],[-6.6228,41.941],[-6.6095,41.9623],[-6.5851,41.9547],[-6.5676,41.9261],[-6.5758,41.8829],[-6.5242,41.8674],[-6.5357,41.8486],[-6.5601,41.7669],[-6.5774,41.7397],[-6.5553,41.6749],[-6.5134,41.6509],[-6.4608,41.6766],[-6.3659,41.6636],[-6.3171,41.6501],[-6.2722,41.6282],[-6.2059,41.5703],[-6.2859,41.4869],[-6.2829,41.4656],[-6.321,41.4196],[-6.3762,41.3969],[-6.431,41.339],[-6.4821,41.303],[-6.5635,41.2707],[-6.6466,41.2676],[-6.6938,41.2174],[-6.7069,41.1943],[-6.759,41.1518],[-6.7648,41.1089],[-6.818,41.0541],[-6.9068,41.0561],[-6.9274,41.0481],[-6.9871,41.0527],[-7.0753,41.0867],[-7.099,41.124],[-7.0927,41.1491],[-7.1263,41.1643],[-7.1126,41.1922],[-7.1701,41.1576],[-7.2225,41.1643],[-7.3007,41.1593],[-7.3597,41.1661],[-7.4022,41.2075],[-7.4323,41.216],[-7.5502,41.1828],[-7.5968,41.1778],[-7.6586,41.1801],[-7.7021,41.1594],[-7.7379,41.1526],[-7.774,41.1571],[-7.8097,41.1819],[-7.8433,41.1844],[-7.896,41.1591],[-7.9402,41.138],[-8.0621,41.1059],[-8.1902,41.1091],[-8.2902,41.0834],[-8.2978,41.0696],[-8.3462,41.044],[-8.3923,41.0397],[-8.3863,41.0162],[-8.4157,41.0226],[-8.4481,41.0555],[-8.4768,41.0212],[-8.4946,41.0166],[-8.5261,41.0322],[-8.5855,41.0151],[-8.6019,41.0231],[-8.6552,41.0167],[-8.6569,41.0283],[-8.7818,41.0283],[-8.7761,40.9176],[-8.7681,40.7609],[-8.8162,40.6225],[-8.8419,40.5487],[-8.8675,40.4749],[-8.9188,40.3273],[-8.9701,40.1798],[-8.9769,40.1601],[-8.9865,40.106],[-8.9997,40.0322],[-9.0489,39.7556],[-9.0693,39.737],[-9.3934,39.4419],[-9.4485,39.3917],[-9.4603,39.2943],[-9.4693,39.2205],[-9.4782,39.1467],[-9.514,38.8516],[-9.5277,38.7384],[-9.5277,38.738]],[[-4.3219,40.6579],[-4.3185,40.6824],[-4.2763,40.6927],[-4.2584,40.6616],[-4.3219,40.6579]],[[-3.3042,43.2607],[-3.2861,43.2564],[-3.2674,43.2274],[-3.2992,43.2169],[-3.3042,43.2607]]],[[[-5.3483,42.2782],[-5.3372,42.2466],[-5.3193,42.245],[-5.3032,42.2521],[-5.3092,42.2932],[-5.3483,42.2782]]],[[[1.9456,42.4638],[1.9606,42.4437],[1.9995,42.4439],[1.968,42.4857],[1.9456,42.4638]]]]}},
{"type":"Feature","properties":{"entityId":"iberian-tribes","from":-218,"to":-217,"certainty":"estimated","source":"유럽 쪽은 Natural Earth 1:10m admin-1(v5.1.2) 현대 행정구역 조각을 그 시기 국경에 맞춰 묶고, 조각이 역사 경계와 다른 곳은 선을 그어 나눈 근사. 유럽 밖(시베리아·중앙아시아·극동)은 대략적인 추정. 운영자 검수 필요"},"geometry":{"type":"MultiPolygon","coordinates":[[[[-9.5277,38.738],[-9.5061,38.704],[-9.4247,38.5761],[-9.4122,38.5564],[-9.3953,38.5298],[-9.3443,38.4497],[-9.2865,38.3588],[-9.2108,38.343],[-9.0095,38.301],[-8.8401,38.2657],[-8.8203,38.1359],[-8.8771,37.9661],[-8.8948,37.9525],[-8.8668,37.9387],[-8.8221,37.8713],[-8.8214,37.868],[-8.8141,37.8326],[-8.8067,37.7972],[-8.817,37.7403],[-8.8087,37.7229],[-8.7946,37.7258],[-8.8002,37.6944],[-8.8265,37.6006],[-8.8184,37.5873],[-8.8157,37.4671],[-8.815,37.4371],[-8.8149,37.4308],[-8.825,37.407],[-8.8503,37.347],[-8.8828,37.3099],[-8.8739,37.2912],[-8.9075,37.2117],[-8.9227,37.1997],[-8.9185,37.1859],[-8.9265,37.1669],[-8.9752,37.0765],[-8.9856,37.0634],[-8.9896,37.0499],[-8.9985,37.0333],[-8.9983,37.0332],[-8.9985,37.0329],[-8.9949,37.0319],[-8.9979,37.0215],[-8.9829,37.0266],[-8.946,37.0079],[-8.8789,37.0472],[-8.8643,37.0424],[-8.8977,36.8698],[-8.8976,36.8698],[-8.8977,36.8694],[-8.8973,36.8695],[-8.8973,36.8694],[-8.3827,36.9794],[-7.8573,36.8389],[-7.8572,36.839],[-7.8569,36.8389],[-7.5462,37.0385],[-7.4617,37.0928],[-7.4538,37.0978],[-7.3772,37.0851],[-7.3349,37.078],[-7.3349,37.1366],[-7.3772,37.1366],[-7.3772,37.1659],[-7.4078,37.1659],[-7.4144,37.1928],[-7.4342,37.2593],[-7.445,37.3868],[-7.4623,37.4179],[-7.4629,37.4511],[-7.4759,37.4943],[-7.5146,37.5283],[-7.5297,37.5672],[-7.5143,37.6014],[-7.4716,37.6369],[-7.4575,37.7001],[-7.4263,37.7506],[-7.3344,37.8119],[-7.3069,37.8508],[-7.2686,37.9492],[-7.2727,37.977],[-7.2233,37.9938],[-7.1853,37.9887],[-7.1522,38.0007],[-7.1233,38.04],[-7.0494,38.0202],[-7.024,38.0226],[-6.9976,38.0896],[-6.9576,38.1682],[-6.9506,38.1984],[-6.9338,38.2093],[-6.7979,38.1729],[-6.7955,38.1514],[-6.8104,38.113],[-6.7488,38.0936],[-6.6446,38.0937],[-6.6173,38.0868],[-6.5844,38.0568],[-6.5717,38.0239],[-6.4848,38.0164],[-6.4496,38.0514],[-6.4131,38.0537],[-6.3724,38.0312],[-6.3563,38],[-6.2003,37.952],[-6.1833,37.939],[-6.1141,37.9786],[-5.976,37.9986],[-5.9411,38.0183],[-5.9107,38.0735],[-5.9228,38.0928],[-5.9154,38.1141],[-5.8745,38.1401],[-5.8371,38.1743],[-5.8072,38.183],[-5.7275,38.1883],[-5.698,38.1659],[-5.696,38.1485],[-5.7341,38.1297],[-5.7282,38.0954],[-5.6936,38.0913],[-5.6234,38.1369],[-5.581,38.1351],[-5.5382,38.1624],[-5.5197,38.2089],[-5.5213,38.2668],[-5.5503,38.3208],[-5.5671,38.3363],[-5.561,38.3773],[-5.5758,38.3943],[-5.5694,38.4253],[-5.5493,38.4408],[-5.4808,38.4692],[-5.4649,38.4891],[-5.4196,38.5158],[-5.4003,38.5491],[-5.3624,38.5839],[-5.3068,38.5855],[-5.2881,38.6125],[-5.2101,38.659],[-5.1808,38.666],[-5.1594,38.7179],[-5.0799,38.7194],[-5.0366,38.7284],[-4.9979,38.7358],[-4.9717,38.7692],[-4.9475,38.8394],[-4.9129,38.8823],[-4.8508,38.8867],[-4.8363,38.9285],[-4.8466,38.946],[-4.9138,38.9597],[-4.9443,39.0097],[-4.9541,39.0456],[-4.9378,39.0531],[-4.8773,39.0326],[-4.8347,39.0476],[-4.8402,39.0686],[-4.864,39.0816],[-4.8674,39.1061],[-4.847,39.1655],[-4.8068,39.1988],[-4.7273,39.1965],[-4.6584,39.1739],[-4.7106,39.2253],[-4.7536,39.2974],[-4.7568,39.3165],[-4.7109,39.3441],[-4.6779,39.4176],[-4.6927,39.4498],[-4.753,39.4182],[-4.767,39.4046],[-4.8801,39.3669],[-4.9444,39.3919],[-4.9714,39.4097],[-5.0392,39.4781],[-5.0792,39.4928],[-5.1594,39.5639],[-5.1964,39.5877],[-5.1976,39.5996],[-5.1518,39.663],[-5.1417,39.7203],[-5.1654,39.7472],[-5.1656,39.75],[-5.1681,39.7929],[-5.2087,39.7927],[-5.2603,39.7523],[-5.3081,39.7583],[-5.3169,39.7719],[-5.3078,39.8269],[-5.2893,39.8617],[-5.3302,39.8889],[-5.3862,39.881],[-5.391,39.9204],[-5.3741,39.9948],[-5.3704,40.0683],[-5.3576,40.1053],[-5.328,40.1159],[-5.2303,40.1065],[-5.1906,40.0894],[-5.1412,40.0948],[-5.0579,40.1486],[-5.0145,40.1509],[-5.0079,40.1225],[-4.9886,40.114],[-4.9224,40.1403],[-4.9035,40.174],[-4.8432,40.2066],[-4.815,40.2298],[-4.8008,40.2657],[-4.7,40.2756],[-4.6841,40.2171],[-4.6394,40.1971],[-4.5719,40.212],[-4.5298,40.2967],[-4.5376,40.3341],[-4.525,40.339],[-4.4964,40.3165],[-4.4576,40.3262],[-4.4403,40.3502],[-4.4315,40.3893],[-4.4073,40.4085],[-4.3749,40.4047],[-4.3248,40.4133],[-4.3287,40.4326],[-4.3152,40.4693],[-4.319,40.544],[-4.2845,40.5841],[-4.2903,40.6216],[-4.2421,40.6028],[-4.1844,40.6164],[-4.1713,40.6299],[-4.1613,40.6873],[-4.0901,40.7691],[-4.0598,40.7841],[-4.0187,40.7794],[-3.9841,40.7887],[-3.9529,40.8652],[-3.9531,40.8943],[-3.9348,40.9262],[-3.8919,40.9648],[-3.8057,40.9873],[-3.7871,40.9968],[-3.7528,41.043],[-3.6849,41.0847],[-3.6239,41.1394],[-3.5922,41.1541],[-3.5458,41.1618],[-3.5416,41.1442],[-3.4767,41.0908],[-3.4365,41.0774],[-3.4098,41.0122],[-3.4123,40.9892],[-3.4449,40.9235],[-3.4515,40.8751],[-3.4724,40.8582],[-3.4984,40.7962],[-3.4599,40.7788],[-3.4394,40.7309],[-3.4588,40.695],[-3.4343,40.6755],[-3.3892,40.6864],[-3.3668,40.6589],[-3.3182,40.6463],[-3.326,40.5978],[-3.2931,40.5685],[-3.2895,40.5331],[-3.2575,40.5428],[-3.2045,40.513],[-3.2002,40.4505],[-3.1571,40.4254],[-3.1387,40.3947],[-3.1531,40.3362],[-3.178,40.3126],[-3.1859,40.2495],[-3.1711,40.2425],[-3.1248,40.2749],[-3.1038,40.2699],[-3.0865,40.2393],[-3.0728,40.1576],[-3.0637,40.1684],[-3.0143,40.1553],[-3.0198,40.1931],[-2.9981,40.2092],[-2.947,40.1698],[-2.9128,40.1576],[-2.8852,40.1727],[-2.8662,40.1979],[-2.8163,40.2099],[-2.801,40.2665],[-2.8154,40.3254],[-2.8077,40.4069],[-2.7699,40.4213],[-2.7229,40.3973],[-2.6795,40.4332],[-2.6269,40.4531],[-2.5753,40.4479],[-2.5128,40.4197],[-2.5081,40.4511],[-2.535,40.4698],[-2.5287,40.4989],[-2.5454,40.5372],[-2.5278,40.5441],[-2.488,40.513],[-2.4321,40.5356],[-2.3979,40.5287],[-2.3901,40.5502],[-2.4161,40.5801],[-2.4078,40.6064],[-2.389,40.6108],[-2.3309,40.5733],[-2.2929,40.5948],[-2.2914,40.6333],[-2.2742,40.6462],[-2.2119,40.6234],[-2.1773,40.6286],[-2.157,40.6588],[-2.0857,40.6411],[-2.0311,40.5994],[-1.9828,40.5872],[-1.9555,40.5991],[-1.9299,40.5927],[-1.8916,40.533],[-1.8564,40.4288],[-1.8083,40.402],[-1.7793,40.3922],[-1.7206,40.3354],[-1.7136,40.2877],[-1.7,40.2948],[-1.6601,40.283],[-1.5551,40.2054],[-1.4444,40.1967],[-1.4485,40.1498],[-1.3641,40.1396],[-1.3245,40.1493],[-1.3142,40.1953],[-1.2946,40.2016],[-1.2715,40.1627],[-1.2347,40.123],[-1.1511,40.1101],[-1.08,40.0658],[-1.0917,40.0346],[-1.1627,40.0115],[-1.1455,39.9723],[-1.1294,39.964],[-1.0535,39.9788],[-1.0003,39.9792],[-0.9231,39.956],[-0.9048,39.9346],[-0.9121,39.9064],[-0.9024,39.8654],[-0.8781,39.8522],[-0.847,39.8553],[-0.7913,39.8775],[-0.8238,39.9063],[-0.8391,39.9458],[-0.8244,39.9815],[-0.7662,40.0094],[-0.7467,40.0414],[-0.6839,40.0444],[-0.6143,40.0717],[-0.6134,40.1139],[-0.5832,40.1348],[-0.5523,40.2003],[-0.5442,40.2401],[-0.5011,40.2303],[-0.4423,40.2378],[-0.3914,40.2639],[-0.3909,40.2956],[-0.3317,40.3457],[-0.2921,40.3655],[-0.2891,40.3892],[-0.3355,40.4278],[-0.3237,40.457],[-0.2774,40.4718],[-0.2806,40.4999],[-0.2967,40.5079],[-0.2944,40.6058],[-0.3251,40.6042],[-0.3746,40.6182],[-0.3773,40.6602],[-0.3458,40.6739],[-0.313,40.6629],[-0.2341,40.6948],[-0.2234,40.7453],[-0.1948,40.776],[-0.1658,40.7799],[-0.0745,40.7308],[0.0182,40.7261],[0.045,40.6962],[0.0815,40.7164],[0.173,40.7309],[0.2193,40.7305],[0.2438,40.703],[0.2877,40.6838],[0.2762,40.6543],[0.2931,40.6321],[0.3875,40.6037],[0.4369,40.5774],[0.4561,40.5492],[0.5238,40.5262],[0.5193,40.5178],[0.5442,40.5178],[0.5553,40.5277],[0.5913,40.5601],[0.6024,40.5701],[0.6159,40.5535],[0.6771,40.5652],[0.707,40.5834],[0.7564,40.6422],[0.7624,40.6463],[0.8167,40.6683],[0.8483,40.6754],[0.8546,40.6837],[0.8588,40.6854],[0.8912,40.7219],[0.891,40.7221],[0.8912,40.7223],[0.7976,40.8039],[0.7582,40.813],[0.7705,40.8589],[0.7926,40.8762],[0.8156,40.892],[1.0133,41.0477],[1.149,41.0701],[1.1836,41.0626],[1.196,41.0779],[1.5509,41.1364],[1.5953,41.1438],[1.6841,41.1584],[1.7284,41.1657],[1.9058,41.195],[2.0936,41.226],[2.6155,41.5927],[2.6519,41.6053],[2.7785,41.6456],[2.792,41.669],[2.8511,41.6972],[2.933,41.7125],[2.9509,41.7343],[3.0403,41.7869],[3.0691,41.7991],[3.0735,41.8119],[3.1272,41.8469],[3.1502,41.8454],[3.1949,41.8883],[3.2099,41.9115],[3.2492,41.944],[3.2492,41.9444],[3.2384,42.0833],[3.224,42.1111],[3.1736,42.1354],[3.1521,42.163],[3.1658,42.2526],[3.2101,42.2397],[3.263,42.2399],[3.287,42.2629],[3.2993,42.2869],[3.3068,42.2895],[3.3067,42.2899],[3.3068,42.2899],[3.3044,42.297],[3.3177,42.323],[3.2933,42.3303],[3.2888,42.3437],[3.2384,42.368],[3.2253,42.4006],[3.2132,42.4305],[3.2108,42.4358],[3.1801,42.4358],[3.181,42.4315],[3.1117,42.425],[3.0656,42.432],[3.0296,42.4657],[2.9831,42.4693],[2.9661,42.461],[2.9337,42.4702],[2.9008,42.4513],[2.8508,42.4484],[2.7886,42.412],[2.7285,42.414],[2.6904,42.4062],[2.6403,42.3728],[2.6622,42.339],[2.6134,42.341],[2.5481,42.3522],[2.5253,42.3259],[2.4649,42.3406],[2.4225,42.3837],[2.3755,42.3893],[2.2774,42.4286],[2.1842,42.4118],[2.137,42.4162],[2.104,42.3848],[2.0517,42.3524],[1.9957,42.3487],[1.9637,42.3672],[1.9275,42.4369],[1.8698,42.4468],[1.7927,42.4817],[1.7122,42.4937],[1.707,42.5028],[1.7106,42.5277],[1.7171,42.5399],[1.7217,42.5485],[1.74,42.5616],[1.7651,42.5634],[1.7611,42.5676],[1.7527,42.5767],[1.7294,42.582],[1.7133,42.5895],[1.722,42.6099],[1.6083,42.6181],[1.5973,42.6219],[1.5431,42.6494],[1.5278,42.6485],[1.4984,42.6402],[1.4668,42.6415],[1.4514,42.6021],[1.4293,42.5954],[1.398,42.6436],[1.3611,42.6867],[1.3191,42.7134],[1.1959,42.7136],[1.1625,42.7057],[1.1343,42.716],[1.1067,42.7596],[1.0682,42.7761],[0.9829,42.7804],[0.9587,42.7937],[0.9211,42.7844],[0.8561,42.8128],[0.8129,42.8316],[0.7763,42.8325],[0.7243,42.8453],[0.6563,42.8384],[0.6537,42.8027],[0.6335,42.7448],[0.6665,42.7148],[0.6634,42.6962],[0.6436,42.6845],[0.6082,42.688],[0.4835,42.6853],[0.4669,42.6904],[0.3893,42.6851],[0.3542,42.7175],[0.336,42.7127],[0.2902,42.6703],[0.2754,42.6687],[0.2384,42.7104],[0.1692,42.7265],[0.1342,42.7152],[0.0728,42.7085],[-0.0043,42.6875],[-0.0389,42.6851],[-0.119,42.7169],[-0.1636,42.778],[-0.1614,42.7953],[-0.2084,42.7839],[-0.2351,42.7862],[-0.247,42.8048],[-0.3051,42.8308],[-0.3228,42.8425],[-0.4239,42.7907],[-0.4545,42.7889],[-0.5084,42.8075],[-0.5339,42.808],[-0.5356,42.7842],[-0.5787,42.7773],[-0.5829,42.7958],[-0.6095,42.8114],[-0.6483,42.8498],[-0.7004,42.8764],[-0.7301,42.8775],[-0.7459,42.8939],[-0.745,42.9187],[-0.7597,42.9465],[-0.7864,42.9533],[-0.8635,42.9431],[-0.9432,42.9479],[-0.9815,42.957],[-1.0285,42.9867],[-1.0797,42.9934],[-1.1124,43.0083],[-1.1499,43.0057],[-1.2169,43.0393],[-1.2749,43.0468],[-1.3106,43.0695],[-1.3086,43.1136],[-1.3483,43.0931],[-1.3576,43.0468],[-1.3831,43.0292],[-1.435,43.0357],[-1.4753,43.0601],[-1.4878,43.0818],[-1.4258,43.1353],[-1.3997,43.2067],[-1.4035,43.2433],[-1.4322,43.265],[-1.4664,43.2608],[-1.5081,43.2768],[-1.559,43.2841],[-1.5876,43.2516],[-1.639,43.2557],[-1.645,43.2924],[-1.6739,43.3042],[-1.7497,43.2948],[-1.7682,43.3309],[-1.7969,43.3411],[-1.7941,43.386],[-1.8006,43.3894],[-1.8006,43.4067],[-1.762,43.4067],[-1.762,43.4982],[-1.7614,43.4982],[-1.7614,43.5425],[-1.7997,43.5425],[-1.8381,43.4982],[-1.8393,43.4968],[-1.9028,43.4234],[-1.9938,43.4252],[-2.1803,43.4289],[-2.2735,43.4308],[-2.3201,43.4317],[-2.3668,43.4326],[-2.4134,43.4336],[-2.46,43.4345],[-2.5533,43.4364],[-2.7397,43.4401],[-2.7558,43.4503],[-2.8064,43.4441],[-2.8744,43.4547],[-2.8748,43.4547],[-2.9256,43.4437],[-2.9803,43.4448],[-3.0672,43.4465],[-3.1106,43.4474],[-3.1106,43.4012],[-3.1541,43.4012],[-3.1541,43.362],[-3.1506,43.3602],[-3.1495,43.3244],[-3.1602,43.3078],[-3.2035,43.2923],[-3.2352,43.2991],[-3.3229,43.3001],[-3.4309,43.2435],[-3.4416,43.2333],[-3.4409,43.1881],[-3.4238,43.1406],[-3.519,43.1438],[-3.6038,43.1618],[-3.6478,43.1762],[-3.7062,43.1297],[-3.7662,43.0934],[-3.8383,43.0847],[-3.8427,43.0573],[-3.8961,43.0332],[-3.9526,42.9992],[-3.9836,42.9403],[-3.9658,42.9073],[-3.9278,42.9088],[-3.8646,42.9479],[-3.8362,42.9279],[-3.8395,42.9142],[-3.8982,42.8986],[-3.9092,42.8803],[-3.8939,42.8514],[-3.8499,42.8766],[-3.8314,42.8723],[-3.8158,42.81],[-3.8309,42.7999],[-3.883,42.7971],[-3.9174,42.7735],[-3.9652,42.7625],[-4.0002,42.7698],[-4.0028,42.8236],[-4.0189,42.8163],[-4.0472,42.7701],[-4.0858,42.7631],[-4.1204,42.789],[-4.1586,42.7935],[-4.1847,42.8235],[-4.1416,42.8345],[-4.1502,42.8622],[-4.1966,42.8441],[-4.2214,42.8502],[-4.2399,42.9502],[-4.3566,42.9854],[-4.4008,43.0333],[-4.4629,43.0509],[-4.5524,43.0239],[-4.7269,43.0159],[-4.7892,42.9898],[-4.8134,42.9257],[-4.8476,42.9024],[-4.8657,42.8605],[-4.9019,42.8481],[-4.9037,42.7796],[-4.9321,42.74],[-4.8875,42.7116],[-4.8981,42.6691],[-4.8953,42.6216],[-4.9144,42.5448],[-4.888,42.5369],[-4.8881,42.518],[-4.9127,42.4006],[-4.9113,42.3815],[-4.9727,42.3743],[-4.9796,42.3379],[-4.9425,42.3465],[-4.9549,42.296],[-5.0022,42.2892],[-5.0383,42.2971],[-5.0417,42.2675],[-5.064,42.2737],[-5.0938,42.3094],[-5.124,42.3002],[-5.1704,42.2679],[-5.2382,42.2643],[-5.2653,42.2182],[-5.3217,42.2042],[-5.3612,42.225],[-5.3872,42.1952],[-5.3769,42.1343],[-5.3874,42.083],[-5.3763,42.0414],[-5.4216,42.0308],[-5.5208,42.097],[-5.5417,42.098],[-5.5534,42.063],[-5.6247,42.0836],[-5.6211,42.1022],[-5.6433,42.1287],[-5.6796,42.1402],[-5.6769,42.1203],[-5.7431,42.1135],[-5.7551,42.1368],[-5.8382,42.1186],[-5.8694,42.122],[-5.893,42.1505],[-5.9559,42.1258],[-6.045,42.1577],[-6.2037,42.1483],[-6.2795,42.1778],[-6.3115,42.2081],[-6.3395,42.2001],[-6.4278,42.202],[-6.4906,42.1842],[-6.5578,42.2071],[-6.6163,42.2056],[-6.6541,42.2168],[-6.7056,42.2172],[-6.7832,42.2529],[-6.8055,42.2179],[-6.8668,42.217],[-6.9329,42.1741],[-6.9556,42.1322],[-6.9869,42.1141],[-7.0247,42.0757],[-7.0127,42.0522],[-6.9848,42.0512],[-6.9653,42.0283],[-6.9877,41.9834],[-6.9835,41.963],[-6.9451,41.9434],[-6.855,41.9429],[-6.8312,41.954],[-6.8249,41.9838],[-6.7944,41.9797],[-6.7579,41.9376],[-6.728,41.9309],[-6.6568,41.9331],[-6.6228,41.941],[-6.6095,41.9623],[-6.5851,41.9547],[-6.5676,41.9261],[-6.5758,41.8829],[-6.5242,41.8674],[-6.5357,41.8486],[-6.5601,41.7669],[-6.5774,41.7397],[-6.5553,41.6749],[-6.5134,41.6509],[-6.4608,41.6766],[-6.3659,41.6636],[-6.3171,41.6501],[-6.2722,41.6282],[-6.2059,41.5703],[-6.2859,41.4869],[-6.2829,41.4656],[-6.321,41.4196],[-6.3762,41.3969],[-6.431,41.339],[-6.4821,41.303],[-6.5635,41.2707],[-6.6466,41.2676],[-6.6938,41.2174],[-6.7069,41.1943],[-6.759,41.1518],[-6.7648,41.1089],[-6.818,41.0541],[-6.9068,41.0561],[-6.9274,41.0481],[-6.9871,41.0527],[-7.0753,41.0867],[-7.099,41.124],[-7.0927,41.1491],[-7.1263,41.1643],[-7.1126,41.1922],[-7.1701,41.1576],[-7.2225,41.1643],[-7.3007,41.1593],[-7.3597,41.1661],[-7.4022,41.2075],[-7.4323,41.216],[-7.5502,41.1828],[-7.5968,41.1778],[-7.6586,41.1801],[-7.7021,41.1594],[-7.7379,41.1526],[-7.774,41.1571],[-7.8097,41.1819],[-7.8433,41.1844],[-7.896,41.1591],[-7.9402,41.138],[-8.0621,41.1059],[-8.1902,41.1091],[-8.2902,41.0834],[-8.2978,41.0696],[-8.3462,41.044],[-8.3923,41.0397],[-8.3863,41.0162],[-8.4157,41.0226],[-8.4481,41.0555],[-8.4768,41.0212],[-8.4946,41.0166],[-8.5261,41.0322],[-8.5855,41.0151],[-8.6019,41.0231],[-8.6552,41.0167],[-8.6569,41.0283],[-8.7818,41.0283],[-8.7761,40.9176],[-8.7681,40.7609],[-8.8162,40.6225],[-8.8419,40.5487],[-8.8675,40.4749],[-8.9188,40.3273],[-8.9701,40.1798],[-8.9769,40.1601],[-8.9865,40.106],[-8.9997,40.0322],[-9.0489,39.7556],[-9.0693,39.737],[-9.3934,39.4419],[-9.4485,39.3917],[-9.4603,39.2943],[-9.4693,39.2205],[-9.4782,39.1467],[-9.514,38.8516],[-9.5277,38.7384],[-9.5277,38.738]],[[-4.3219,40.6579],[-4.3185,40.6824],[-4.2763,40.6927],[-4.2584,40.6616],[-4.3219,40.6579]],[[-3.3042,43.2607],[-3.2861,43.2564],[-3.2674,43.2274],[-3.2992,43.2169],[-3.3042,43.2607]]],[[[-5.3483,42.2782],[-5.3372,42.2466],[-5.3193,42.245],[-5.3032,42.2521],[-5.3092,42.2932],[-5.3483,42.2782]]],[[[1.9456,42.4638],[1.9606,42.4437],[1.9995,42.4439],[1.968,42.4857],[1.9456,42.4638]]]]}},
{"type":"Feature","properties":{"entityId":"iberian-tribes","from":-217,"to":-205,"certainty":"estimated","source":"유럽 쪽은 Natural Earth 1:10m admin-1(v5.1.2) 현대 행정구역 조각을 그 시기 국경에 맞춰 묶고, 조각이 역사 경계와 다른 곳은 선을 그어 나눈 근사. 유럽 밖(시베리아·중앙아시아·극동)은 대략적인 추정. 운영자 검수 필요"},"geometry":{"type":"MultiPolygon","coordinates":[[[[-9.5277,38.738],[-9.5061,38.704],[-9.4247,38.5761],[-9.4122,38.5564],[-9.3953,38.5298],[-9.3443,38.4497],[-9.2865,38.3588],[-9.2108,38.343],[-9.0095,38.301],[-8.8401,38.2657],[-8.8203,38.1359],[-8.8771,37.9661],[-8.8948,37.9525],[-8.8668,37.9387],[-8.8221,37.8713],[-8.8214,37.868],[-8.8141,37.8326],[-8.8067,37.7972],[-8.817,37.7403],[-8.8087,37.7229],[-8.7946,37.7258],[-8.8002,37.6944],[-8.8265,37.6006],[-8.8184,37.5873],[-8.8157,37.4671],[-8.815,37.4371],[-8.8149,37.4308],[-8.825,37.407],[-8.8503,37.347],[-8.8828,37.3099],[-8.8739,37.2912],[-8.9075,37.2117],[-8.9227,37.1997],[-8.9185,37.1859],[-8.9265,37.1669],[-8.9752,37.0765],[-8.9856,37.0634],[-8.9896,37.0499],[-8.9985,37.0333],[-8.9983,37.0332],[-8.9985,37.0329],[-8.9949,37.0319],[-8.9979,37.0215],[-8.9829,37.0266],[-8.946,37.0079],[-8.8789,37.0472],[-8.8643,37.0424],[-8.8977,36.8698],[-8.8976,36.8698],[-8.8977,36.8694],[-8.8973,36.8695],[-8.8973,36.8694],[-8.3827,36.9794],[-7.8573,36.8389],[-7.8572,36.839],[-7.8569,36.8389],[-7.5462,37.0385],[-7.4617,37.0928],[-7.4538,37.0978],[-7.3772,37.0851],[-7.3349,37.078],[-7.3349,37.1366],[-7.3772,37.1366],[-7.3772,37.1659],[-7.4078,37.1659],[-7.4144,37.1928],[-7.4342,37.2593],[-7.445,37.3868],[-7.4623,37.4179],[-7.4629,37.4511],[-7.4759,37.4943],[-7.5146,37.5283],[-7.5297,37.5672],[-7.5143,37.6014],[-7.4716,37.6369],[-7.4575,37.7001],[-7.4263,37.7506],[-7.3344,37.8119],[-7.3069,37.8508],[-7.2686,37.9492],[-7.2727,37.977],[-7.2233,37.9938],[-7.1853,37.9887],[-7.1522,38.0007],[-7.1233,38.04],[-7.0494,38.0202],[-7.024,38.0226],[-6.9976,38.0896],[-6.9576,38.1682],[-6.9506,38.1984],[-6.9338,38.2093],[-6.7979,38.1729],[-6.7955,38.1514],[-6.8104,38.113],[-6.7488,38.0936],[-6.6446,38.0937],[-6.6173,38.0868],[-6.5844,38.0568],[-6.5717,38.0239],[-6.4848,38.0164],[-6.4496,38.0514],[-6.4131,38.0537],[-6.3724,38.0312],[-6.3563,38],[-6.2003,37.952],[-6.1833,37.939],[-6.1141,37.9786],[-5.976,37.9986],[-5.9411,38.0183],[-5.9107,38.0735],[-5.9228,38.0928],[-5.9154,38.1141],[-5.8745,38.1401],[-5.8371,38.1743],[-5.8072,38.183],[-5.7275,38.1883],[-5.698,38.1659],[-5.696,38.1485],[-5.7341,38.1297],[-5.7282,38.0954],[-5.6936,38.0913],[-5.6234,38.1369],[-5.581,38.1351],[-5.5382,38.1624],[-5.5197,38.2089],[-5.5213,38.2668],[-5.5503,38.3208],[-5.5671,38.3363],[-5.561,38.3773],[-5.5758,38.3943],[-5.5694,38.4253],[-5.5493,38.4408],[-5.4808,38.4692],[-5.4649,38.4891],[-5.4196,38.5158],[-5.4003,38.5491],[-5.3624,38.5839],[-5.3068,38.5855],[-5.2881,38.6125],[-5.2101,38.659],[-5.1808,38.666],[-5.1594,38.7179],[-5.0799,38.7194],[-5.0366,38.7284],[-4.9979,38.7358],[-4.9717,38.7692],[-4.9475,38.8394],[-4.9129,38.8823],[-4.8508,38.8867],[-4.8363,38.9285],[-4.8466,38.946],[-4.9138,38.9597],[-4.9443,39.0097],[-4.9541,39.0456],[-4.9378,39.0531],[-4.8773,39.0326],[-4.8347,39.0476],[-4.8402,39.0686],[-4.864,39.0816],[-4.8674,39.1061],[-4.847,39.1655],[-4.8068,39.1988],[-4.7273,39.1965],[-4.6584,39.1739],[-4.7106,39.2253],[-4.7536,39.2974],[-4.7568,39.3165],[-4.7109,39.3441],[-4.6779,39.4176],[-4.6927,39.4498],[-4.753,39.4182],[-4.767,39.4046],[-4.8801,39.3669],[-4.9444,39.3919],[-4.9714,39.4097],[-5.0392,39.4781],[-5.0792,39.4928],[-5.1594,39.5639],[-5.1964,39.5877],[-5.1976,39.5996],[-5.1518,39.663],[-5.1417,39.7203],[-5.1654,39.7472],[-5.1656,39.75],[-5.1681,39.7929],[-5.2087,39.7927],[-5.2603,39.7523],[-5.3081,39.7583],[-5.3169,39.7719],[-5.3078,39.8269],[-5.2893,39.8617],[-5.3302,39.8889],[-5.3862,39.881],[-5.391,39.9204],[-5.3741,39.9948],[-5.3704,40.0683],[-5.3576,40.1053],[-5.328,40.1159],[-5.2303,40.1065],[-5.1906,40.0894],[-5.1412,40.0948],[-5.0579,40.1486],[-5.0145,40.1509],[-5.0079,40.1225],[-4.9886,40.114],[-4.9224,40.1403],[-4.9035,40.174],[-4.8432,40.2066],[-4.815,40.2298],[-4.8008,40.2657],[-4.7,40.2756],[-4.6841,40.2171],[-4.6394,40.1971],[-4.5719,40.212],[-4.5298,40.2967],[-4.5376,40.3341],[-4.525,40.339],[-4.4964,40.3165],[-4.4576,40.3262],[-4.4403,40.3502],[-4.4315,40.3893],[-4.4073,40.4085],[-4.3749,40.4047],[-4.3248,40.4133],[-4.3287,40.4326],[-4.3152,40.4693],[-4.319,40.544],[-4.2845,40.5841],[-4.2903,40.6216],[-4.2421,40.6028],[-4.1844,40.6164],[-4.1713,40.6299],[-4.1613,40.6873],[-4.0901,40.7691],[-4.0598,40.7841],[-4.0187,40.7794],[-3.9841,40.7887],[-3.9529,40.8652],[-3.9531,40.8943],[-3.9348,40.9262],[-3.8919,40.9648],[-3.8057,40.9873],[-3.7871,40.9968],[-3.7528,41.043],[-3.6849,41.0847],[-3.6239,41.1394],[-3.5922,41.1541],[-3.5458,41.1618],[-3.5416,41.1442],[-3.4767,41.0908],[-3.4365,41.0774],[-3.4098,41.0122],[-3.4123,40.9892],[-3.4449,40.9235],[-3.4515,40.8751],[-3.4724,40.8582],[-3.4984,40.7962],[-3.4599,40.7788],[-3.4394,40.7309],[-3.4588,40.695],[-3.4343,40.6755],[-3.3892,40.6864],[-3.3668,40.6589],[-3.3182,40.6463],[-3.326,40.5978],[-3.2931,40.5685],[-3.2895,40.5331],[-3.2575,40.5428],[-3.2045,40.513],[-3.2002,40.4505],[-3.1571,40.4254],[-3.1387,40.3947],[-3.1531,40.3362],[-3.178,40.3126],[-3.1859,40.2495],[-3.1711,40.2425],[-3.1248,40.2749],[-3.1038,40.2699],[-3.0865,40.2393],[-3.0728,40.1576],[-3.0637,40.1684],[-3.0143,40.1553],[-3.0198,40.1931],[-2.9981,40.2092],[-2.947,40.1698],[-2.9128,40.1576],[-2.8852,40.1727],[-2.8662,40.1979],[-2.8163,40.2099],[-2.801,40.2665],[-2.8154,40.3254],[-2.8077,40.4069],[-2.7699,40.4213],[-2.7229,40.3973],[-2.6795,40.4332],[-2.6269,40.4531],[-2.5753,40.4479],[-2.5128,40.4197],[-2.5081,40.4511],[-2.535,40.4698],[-2.5287,40.4989],[-2.5454,40.5372],[-2.5278,40.5441],[-2.488,40.513],[-2.4321,40.5356],[-2.3979,40.5287],[-2.3901,40.5502],[-2.4161,40.5801],[-2.4078,40.6064],[-2.389,40.6108],[-2.3309,40.5733],[-2.2929,40.5948],[-2.2914,40.6333],[-2.2742,40.6462],[-2.2119,40.6234],[-2.1773,40.6286],[-2.157,40.6588],[-2.0857,40.6411],[-2.0311,40.5994],[-1.9828,40.5872],[-1.9555,40.5991],[-1.9299,40.5927],[-1.8916,40.533],[-1.8564,40.4288],[-1.8083,40.402],[-1.7793,40.3922],[-1.7206,40.3354],[-1.7136,40.2877],[-1.7,40.2948],[-1.6601,40.283],[-1.5551,40.2054],[-1.4444,40.1967],[-1.4485,40.1498],[-1.3641,40.1396],[-1.3245,40.1493],[-1.3142,40.1953],[-1.2946,40.2016],[-1.2715,40.1627],[-1.2347,40.123],[-1.1511,40.1101],[-1.08,40.0658],[-1.0917,40.0346],[-1.1627,40.0115],[-1.1455,39.9723],[-1.1294,39.964],[-1.0535,39.9788],[-1.0003,39.9792],[-0.9231,39.956],[-0.9048,39.9346],[-0.9121,39.9064],[-0.9024,39.8654],[-0.8781,39.8522],[-0.847,39.8553],[-0.7913,39.8775],[-0.8238,39.9063],[-0.8391,39.9458],[-0.8244,39.9815],[-0.7662,40.0094],[-0.7467,40.0414],[-0.6839,40.0444],[-0.6143,40.0717],[-0.6134,40.1139],[-0.5832,40.1348],[-0.5523,40.2003],[-0.5442,40.2401],[-0.5011,40.2303],[-0.4423,40.2378],[-0.3914,40.2639],[-0.3909,40.2956],[-0.3317,40.3457],[-0.2921,40.3655],[-0.2891,40.3892],[-0.3355,40.4278],[-0.3237,40.457],[-0.2774,40.4718],[-0.2806,40.4999],[-0.2967,40.5079],[-0.2944,40.6058],[-0.3251,40.6042],[-0.3746,40.6182],[-0.3773,40.6602],[-0.3458,40.6739],[-0.313,40.6629],[-0.2341,40.6948],[-0.2234,40.7453],[-0.1948,40.776],[-0.1658,40.7799],[-0.0745,40.7308],[0.0182,40.7261],[0.045,40.6962],[0.0815,40.7164],[0.173,40.7309],[0.1727,40.7471],[0.2274,40.7717],[0.2719,40.8292],[0.2496,40.8886],[0.2897,40.9825],[0.2742,41.0189],[0.2278,41.0432],[0.2165,41.0706],[0.2089,41.1196],[0.2997,41.1649],[0.3211,41.2139],[0.3604,41.2328],[0.3858,41.2789],[0.4332,41.2761],[0.4381,41.3248],[0.4728,41.3283],[0.5098,41.2885],[0.5314,41.2928],[0.5619,41.3239],[0.6208,41.2987],[0.7364,41.3184],[0.7585,41.3313],[0.805,41.3313],[0.8335,41.3585],[0.879,41.342],[0.9577,41.3545],[0.9895,41.3983],[1.0237,41.4063],[1.062,41.4516],[1.073,41.4827],[1.1172,41.4725],[1.1574,41.4802],[1.1702,41.4954],[1.178,41.5445],[1.2078,41.5723],[1.3718,41.5654],[1.3927,41.575],[1.4071,41.5905],[1.37,41.6029],[1.3894,41.6285],[1.4385,41.6435],[1.4068,41.7042],[1.4095,41.7825],[1.4208,41.7972],[1.4558,41.7988],[1.4822,41.7768],[1.5194,41.78],[1.5602,41.7678],[1.6302,41.8291],[1.6332,41.8487],[1.6156,41.8957],[1.6432,41.9292],[1.6534,41.9681],[1.6941,41.9701],[1.7144,41.996],[1.6938,42.0056],[1.6691,41.9976],[1.6609,42.0184],[1.6924,42.0516],[1.6894,42.0793],[1.7157,42.1048],[1.7068,42.1308],[1.7372,42.1683],[1.7321,42.1894],[1.6906,42.2124],[1.6863,42.2621],[1.7156,42.2881],[1.8425,42.3063],[1.833,42.3587],[1.8111,42.3836],[1.8072,42.4185],[1.7428,42.4362],[1.7194,42.4609],[1.7122,42.4937],[1.707,42.5028],[1.7106,42.5277],[1.7171,42.5399],[1.7217,42.5485],[1.74,42.5616],[1.7651,42.5634],[1.7611,42.5676],[1.7527,42.5767],[1.7294,42.582],[1.7133,42.5895],[1.722,42.6099],[1.6083,42.6181],[1.5973,42.6219],[1.5431,42.6494],[1.5278,42.6485],[1.4984,42.6402],[1.4668,42.6415],[1.4514,42.6021],[1.4293,42.5954],[1.398,42.6436],[1.3611,42.6867],[1.3191,42.7134],[1.1959,42.7136],[1.1625,42.7057],[1.1343,42.716],[1.1067,42.7596],[1.0682,42.7761],[0.9829,42.7804],[0.9587,42.7937],[0.9211,42.7844],[0.8561,42.8128],[0.8129,42.8316],[0.7763,42.8325],[0.7243,42.8453],[0.6563,42.8384],[0.6537,42.8027],[0.6335,42.7448],[0.6665,42.7148],[0.6634,42.6962],[0.6436,42.6845],[0.6082,42.688],[0.4835,42.6853],[0.4669,42.6904],[0.3893,42.6851],[0.3542,42.7175],[0.336,42.7127],[0.2902,42.6703],[0.2754,42.6687],[0.2384,42.7104],[0.1692,42.7265],[0.1342,42.7152],[0.0728,42.7085],[-0.0043,42.6875],[-0.0389,42.6851],[-0.119,42.7169],[-0.1636,42.778],[-0.1614,42.7953],[-0.2084,42.7839],[-0.2351,42.7862],[-0.247,42.8048],[-0.3051,42.8308],[-0.3228,42.8425],[-0.4239,42.7907],[-0.4545,42.7889],[-0.5084,42.8075],[-0.5339,42.808],[-0.5356,42.7842],[-0.5787,42.7773],[-0.5829,42.7958],[-0.6095,42.8114],[-0.6483,42.8498],[-0.7004,42.8764],[-0.7301,42.8775],[-0.7459,42.8939],[-0.745,42.9187],[-0.7597,42.9465],[-0.7864,42.9533],[-0.8635,42.9431],[-0.9432,42.9479],[-0.9815,42.957],[-1.0285,42.9867],[-1.0797,42.9934],[-1.1124,43.0083],[-1.1499,43.0057],[-1.2169,43.0393],[-1.2749,43.0468],[-1.3106,43.0695],[-1.3086,43.1136],[-1.3483,43.0931],[-1.3576,43.0468],[-1.3831,43.0292],[-1.435,43.0357],[-1.4753,43.0601],[-1.4878,43.0818],[-1.4258,43.1353],[-1.3997,43.2067],[-1.4035,43.2433],[-1.4322,43.265],[-1.4664,43.2608],[-1.5081,43.2768],[-1.559,43.2841],[-1.5876,43.2516],[-1.639,43.2557],[-1.645,43.2924],[-1.6739,43.3042],[-1.7497,43.2948],[-1.7682,43.3309],[-1.7969,43.3411],[-1.7941,43.386],[-1.8006,43.3894],[-1.8006,43.4067],[-1.762,43.4067],[-1.762,43.4982],[-1.7614,43.4982],[-1.7614,43.5425],[-1.7997,43.5425],[-1.8381,43.4982],[-1.8393,43.4968],[-1.9028,43.4234],[-1.9938,43.4252],[-2.1803,43.4289],[-2.2735,43.4308],[-2.3201,43.4317],[-2.3668,43.4326],[-2.4134,43.4336],[-2.46,43.4345],[-2.5533,43.4364],[-2.7397,43.4401],[-2.7558,43.4503],[-2.8064,43.4441],[-2.8744,43.4547],[-2.8748,43.4547],[-2.9256,43.4437],[-2.9803,43.4448],[-3.0672,43.4465],[-3.1106,43.4474],[-3.1106,43.4012],[-3.1541,43.4012],[-3.1541,43.362],[-3.1506,43.3602],[-3.1495,43.3244],[-3.1602,43.3078],[-3.2035,43.2923],[-3.2352,43.2991],[-3.3229,43.3001],[-3.4309,43.2435],[-3.4416,43.2333],[-3.4409,43.1881],[-3.4238,43.1406],[-3.519,43.1438],[-3.6038,43.1618],[-3.6478,43.1762],[-3.7062,43.1297],[-3.7662,43.0934],[-3.8383,43.0847],[-3.8427,43.0573],[-3.8961,43.0332],[-3.9526,42.9992],[-3.9836,42.9403],[-3.9658,42.9073],[-3.9278,42.9088],[-3.8646,42.9479],[-3.8362,42.9279],[-3.8395,42.9142],[-3.8982,42.8986],[-3.9092,42.8803],[-3.8939,42.8514],[-3.8499,42.8766],[-3.8314,42.8723],[-3.8158,42.81],[-3.8309,42.7999],[-3.883,42.7971],[-3.9174,42.7735],[-3.9652,42.7625],[-4.0002,42.7698],[-4.0028,42.8236],[-4.0189,42.8163],[-4.0472,42.7701],[-4.0858,42.7631],[-4.1204,42.789],[-4.1586,42.7935],[-4.1847,42.8235],[-4.1416,42.8345],[-4.1502,42.8622],[-4.1966,42.8441],[-4.2214,42.8502],[-4.2399,42.9502],[-4.3566,42.9854],[-4.4008,43.0333],[-4.4629,43.0509],[-4.5524,43.0239],[-4.7269,43.0159],[-4.7892,42.9898],[-4.8134,42.9257],[-4.8476,42.9024],[-4.8657,42.8605],[-4.9019,42.8481],[-4.9037,42.7796],[-4.9321,42.74],[-4.8875,42.7116],[-4.8981,42.6691],[-4.8953,42.6216],[-4.9144,42.5448],[-4.888,42.5369],[-4.8881,42.518],[-4.9127,42.4006],[-4.9113,42.3815],[-4.9727,42.3743],[-4.9796,42.3379],[-4.9425,42.3465],[-4.9549,42.296],[-5.0022,42.2892],[-5.0383,42.2971],[-5.0417,42.2675],[-5.064,42.2737],[-5.0938,42.3094],[-5.124,42.3002],[-5.1704,42.2679],[-5.2382,42.2643],[-5.2653,42.2182],[-5.3217,42.2042],[-5.3612,42.225],[-5.3872,42.1952],[-5.3769,42.1343],[-5.3874,42.083],[-5.3763,42.0414],[-5.4216,42.0308],[-5.5208,42.097],[-5.5417,42.098],[-5.5534,42.063],[-5.6247,42.0836],[-5.6211,42.1022],[-5.6433,42.1287],[-5.6796,42.1402],[-5.6769,42.1203],[-5.7431,42.1135],[-5.7551,42.1368],[-5.8382,42.1186],[-5.8694,42.122],[-5.893,42.1505],[-5.9559,42.1258],[-6.045,42.1577],[-6.2037,42.1483],[-6.2795,42.1778],[-6.3115,42.2081],[-6.3395,42.2001],[-6.4278,42.202],[-6.4906,42.1842],[-6.5578,42.2071],[-6.6163,42.2056],[-6.6541,42.2168],[-6.7056,42.2172],[-6.7832,42.2529],[-6.8055,42.2179],[-6.8668,42.217],[-6.9329,42.1741],[-6.9556,42.1322],[-6.9869,42.1141],[-7.0247,42.0757],[-7.0127,42.0522],[-6.9848,42.0512],[-6.9653,42.0283],[-6.9877,41.9834],[-6.9835,41.963],[-6.9451,41.9434],[-6.855,41.9429],[-6.8312,41.954],[-6.8249,41.9838],[-6.7944,41.9797],[-6.7579,41.9376],[-6.728,41.9309],[-6.6568,41.9331],[-6.6228,41.941],[-6.6095,41.9623],[-6.5851,41.9547],[-6.5676,41.9261],[-6.5758,41.8829],[-6.5242,41.8674],[-6.5357,41.8486],[-6.5601,41.7669],[-6.5774,41.7397],[-6.5553,41.6749],[-6.5134,41.6509],[-6.4608,41.6766],[-6.3659,41.6636],[-6.3171,41.6501],[-6.2722,41.6282],[-6.2059,41.5703],[-6.2859,41.4869],[-6.2829,41.4656],[-6.321,41.4196],[-6.3762,41.3969],[-6.431,41.339],[-6.4821,41.303],[-6.5635,41.2707],[-6.6466,41.2676],[-6.6938,41.2174],[-6.7069,41.1943],[-6.759,41.1518],[-6.7648,41.1089],[-6.818,41.0541],[-6.9068,41.0561],[-6.9274,41.0481],[-6.9871,41.0527],[-7.0753,41.0867],[-7.099,41.124],[-7.0927,41.1491],[-7.1263,41.1643],[-7.1126,41.1922],[-7.1701,41.1576],[-7.2225,41.1643],[-7.3007,41.1593],[-7.3597,41.1661],[-7.4022,41.2075],[-7.4323,41.216],[-7.5502,41.1828],[-7.5968,41.1778],[-7.6586,41.1801],[-7.7021,41.1594],[-7.7379,41.1526],[-7.774,41.1571],[-7.8097,41.1819],[-7.8433,41.1844],[-7.896,41.1591],[-7.9402,41.138],[-8.0621,41.1059],[-8.1902,41.1091],[-8.2902,41.0834],[-8.2978,41.0696],[-8.3462,41.044],[-8.3923,41.0397],[-8.3863,41.0162],[-8.4157,41.0226],[-8.4481,41.0555],[-8.4768,41.0212],[-8.4946,41.0166],[-8.5261,41.0322],[-8.5855,41.0151],[-8.6019,41.0231],[-8.6552,41.0167],[-8.6569,41.0283],[-8.7818,41.0283],[-8.7761,40.9176],[-8.7681,40.7609],[-8.8162,40.6225],[-8.8419,40.5487],[-8.8675,40.4749],[-8.9188,40.3273],[-8.9701,40.1798],[-8.9769,40.1601],[-8.9865,40.106],[-8.9997,40.0322],[-9.0489,39.7556],[-9.0693,39.737],[-9.3934,39.4419],[-9.4485,39.3917],[-9.4603,39.2943],[-9.4693,39.2205],[-9.4782,39.1467],[-9.514,38.8516],[-9.5277,38.7384],[-9.5277,38.738]],[[-4.3219,40.6579],[-4.3185,40.6824],[-4.2763,40.6927],[-4.2584,40.6616],[-4.3219,40.6579]],[[-3.3042,43.2607],[-3.2861,43.2564],[-3.2674,43.2274],[-3.2992,43.2169],[-3.3042,43.2607]]],[[[-5.3483,42.2782],[-5.3372,42.2466],[-5.3193,42.245],[-5.3032,42.2521],[-5.3092,42.2932],[-5.3483,42.2782]]]]}},
{"type":"Feature","properties":{"entityId":"iberian-tribes","from":-205,"to":-191,"certainty":"estimated","source":"유럽 쪽은 Natural Earth 1:10m admin-1(v5.1.2) 현대 행정구역 조각을 그 시기 국경에 맞춰 묶고, 조각이 역사 경계와 다른 곳은 선을 그어 나눈 근사. 유럽 밖(시베리아·중앙아시아·극동)은 대략적인 추정. 운영자 검수 필요"},"geometry":{"type":"MultiPolygon","coordinates":[[[[-9.5277,38.738],[-9.5061,38.704],[-9.4247,38.5761],[-9.4122,38.5564],[-9.3953,38.5298],[-9.3443,38.4497],[-9.2865,38.3588],[-9.2108,38.343],[-9.0095,38.301],[-8.8401,38.2657],[-8.8203,38.1359],[-8.8771,37.9661],[-8.8948,37.9525],[-8.8668,37.9387],[-8.8221,37.8713],[-8.8214,37.868],[-8.8141,37.8326],[-8.8067,37.7972],[-8.817,37.7403],[-8.8087,37.7229],[-8.7946,37.7258],[-8.8002,37.6944],[-8.8265,37.6006],[-8.8184,37.5873],[-8.8157,37.4671],[-8.815,37.4371],[-8.8149,37.4308],[-8.825,37.407],[-8.8503,37.347],[-8.8828,37.3099],[-8.8739,37.2912],[-8.9075,37.2117],[-8.9227,37.1997],[-8.9185,37.1859],[-8.9265,37.1669],[-8.9752,37.0765],[-8.9856,37.0634],[-8.9896,37.0499],[-8.9985,37.0333],[-8.9983,37.0332],[-8.9985,37.0329],[-8.9949,37.0319],[-8.9979,37.0215],[-8.9829,37.0266],[-8.946,37.0079],[-8.8789,37.0472],[-8.8643,37.0424],[-8.8977,36.8698],[-8.8976,36.8698],[-8.8977,36.8694],[-8.8973,36.8695],[-8.8973,36.8694],[-8.3827,36.9794],[-7.8573,36.8389],[-7.8572,36.839],[-7.8569,36.8389],[-7.5462,37.0385],[-7.4617,37.0928],[-7.4538,37.0978],[-7.3772,37.0851],[-7.3349,37.078],[-7.3349,37.1366],[-7.3772,37.1366],[-7.3772,37.1659],[-7.4078,37.1659],[-7.4144,37.1928],[-7.4342,37.2593],[-7.445,37.3868],[-7.4623,37.4179],[-7.4629,37.4511],[-7.4759,37.4943],[-7.5146,37.5283],[-7.5297,37.5672],[-7.5143,37.6014],[-7.4716,37.6369],[-7.4575,37.7001],[-7.4263,37.7506],[-7.3344,37.8119],[-7.3069,37.8508],[-7.2686,37.9492],[-7.2727,37.977],[-7.2233,37.9938],[-7.1853,37.9887],[-7.1522,38.0007],[-7.1233,38.04],[-7.0494,38.0202],[-7.024,38.0226],[-6.9976,38.0896],[-6.9576,38.1682],[-6.9506,38.1984],[-6.9338,38.2093],[-6.7979,38.1729],[-6.7955,38.1514],[-6.8104,38.113],[-6.7488,38.0936],[-6.6446,38.0937],[-6.6173,38.0868],[-6.5844,38.0568],[-6.5717,38.0239],[-6.4848,38.0164],[-6.4496,38.0514],[-6.4131,38.0537],[-6.3724,38.0312],[-6.3563,38],[-6.2003,37.952],[-6.1833,37.939],[-6.1141,37.9786],[-5.976,37.9986],[-5.9411,38.0183],[-5.9107,38.0735],[-5.9228,38.0928],[-5.9154,38.1141],[-5.8745,38.1401],[-5.8371,38.1743],[-5.8072,38.183],[-5.7275,38.1883],[-5.698,38.1659],[-5.696,38.1485],[-5.7341,38.1297],[-5.7282,38.0954],[-5.6936,38.0913],[-5.6234,38.1369],[-5.581,38.1351],[-5.5382,38.1624],[-5.5197,38.2089],[-5.5213,38.2668],[-5.5503,38.3208],[-5.5671,38.3363],[-5.561,38.3773],[-5.5758,38.3943],[-5.5694,38.4253],[-5.5493,38.4408],[-5.4808,38.4692],[-5.4649,38.4891],[-5.4196,38.5158],[-5.4003,38.5491],[-5.3624,38.5839],[-5.3068,38.5855],[-5.2881,38.6125],[-5.2101,38.659],[-5.1808,38.666],[-5.1594,38.7179],[-5.0799,38.7194],[-5.0366,38.7284],[-4.9979,38.7358],[-4.9717,38.7692],[-4.9475,38.8394],[-4.9129,38.8823],[-4.8508,38.8867],[-4.8363,38.9285],[-4.8466,38.946],[-4.9138,38.9597],[-4.9443,39.0097],[-4.9541,39.0456],[-4.9378,39.0531],[-4.8773,39.0326],[-4.8347,39.0476],[-4.8402,39.0686],[-4.864,39.0816],[-4.8674,39.1061],[-4.847,39.1655],[-4.8068,39.1988],[-4.7273,39.1965],[-4.6584,39.1739],[-4.7106,39.2253],[-4.7536,39.2974],[-4.7568,39.3165],[-4.7109,39.3441],[-4.6779,39.4176],[-4.6927,39.4498],[-4.6182,39.4543],[-4.6002,39.4829],[-4.5678,39.4975],[-4.5538,39.5394],[-4.5122,39.5485],[-4.499,39.5027],[-4.4761,39.4862],[-4.4509,39.4893],[-4.4268,39.5088],[-4.2421,39.4779],[-4.1927,39.4982],[-4.1587,39.5768],[-4.1244,39.5637],[-4.0417,39.5754],[-4.0385,39.5468],[-4.0755,39.5221],[-4.0598,39.4838],[-4.0798,39.4519],[-4.1183,39.457],[-4.1278,39.409],[-4.144,39.3772],[-4.1403,39.359],[-4.0977,39.3454],[-4.0733,39.3654],[-3.9721,39.3523],[-3.9669,39.2985],[-3.9024,39.2803],[-3.876,39.2621],[-3.8416,39.2597],[-3.8143,39.2845],[-3.7804,39.2944],[-3.7358,39.2696],[-3.679,39.295],[-3.5867,39.3077],[-3.5561,39.2991],[-3.4769,39.3431],[-3.4703,39.3722],[-3.3988,39.405],[-3.3267,39.4102],[-3.3055,39.4625],[-3.2942,39.4707],[-3.1852,39.4742],[-3.1845,39.4879],[-3.1433,39.4954],[-3.0695,39.4501],[-3.0225,39.457],[-2.9779,39.4446],[-2.9312,39.4714],[-2.9072,39.4302],[-2.8698,39.3904],[-2.8966,39.3667],[-2.8825,39.351],[-2.8307,39.3551],[-2.7891,39.3976],[-2.7421,39.318],[-2.6622,39.3218],[-2.6193,39.34],[-2.5678,39.3269],[-2.5294,39.3276],[-2.5112,39.342],[-2.3739,39.2329],[-2.3492,39.2789],[-2.3211,39.2837],[-2.2888,39.2267],[-2.1684,39.281],[-2.049,39.2668],[-2.0907,39.3595],[-2.0208,39.352],[-2.029,39.3379],[-1.9899,39.2937],[-1.887,39.3046],[-1.8451,39.2861],[-1.77,39.2806],[-1.7394,39.3211],[-1.501,39.422],[-1.5182,39.4518],[-1.4984,39.4961],[-1.5045,39.5455],[-1.4944,39.5673],[-1.4632,39.5902],[-1.4275,39.6452],[-1.372,39.6836],[-1.3204,39.6714],[-1.2922,39.6727],[-1.2655,39.6938],[-1.267,39.7435],[-1.2256,39.7963],[-1.2029,39.8633],[-1.1962,39.9506],[-1.1455,39.9723],[-1.1294,39.964],[-1.0535,39.9788],[-1.0003,39.9792],[-0.9231,39.956],[-0.9048,39.9346],[-0.9121,39.9064],[-0.9024,39.8654],[-0.8781,39.8522],[-0.847,39.8553],[-0.7913,39.8775],[-0.8238,39.9063],[-0.8391,39.9458],[-0.8244,39.9815],[-0.7662,40.0094],[-0.7467,40.0414],[-0.6839,40.0444],[-0.6143,40.0717],[-0.6134,40.1139],[-0.5832,40.1348],[-0.5523,40.2003],[-0.5442,40.2401],[-0.5011,40.2303],[-0.4423,40.2378],[-0.3914,40.2639],[-0.3909,40.2956],[-0.3317,40.3457],[-0.2921,40.3655],[-0.2891,40.3892],[-0.3355,40.4278],[-0.3237,40.457],[-0.2774,40.4718],[-0.2806,40.4999],[-0.2967,40.5079],[-0.2944,40.6058],[-0.3251,40.6042],[-0.3746,40.6182],[-0.3773,40.6602],[-0.3458,40.6739],[-0.313,40.6629],[-0.2341,40.6948],[-0.2234,40.7453],[-0.1948,40.776],[-0.1658,40.7799],[-0.0745,40.7308],[0.0182,40.7261],[0.045,40.6962],[0.0815,40.7164],[0.173,40.7309],[0.1727,40.7471],[0.2274,40.7717],[0.2719,40.8292],[0.2496,40.8886],[0.2897,40.9825],[0.2742,41.0189],[0.2278,41.0432],[0.2165,41.0706],[0.2089,41.1196],[0.2997,41.1649],[0.3211,41.2139],[0.3604,41.2328],[0.3524,41.2792],[0.3773,41.3214],[0.3517,41.3625],[0.3273,41.3701],[0.3383,41.4059],[0.3485,41.4721],[0.4004,41.4965],[0.4412,41.5461],[0.424,41.5929],[0.3652,41.5983],[0.3481,41.6152],[0.3285,41.6774],[0.406,41.753],[0.4542,41.7625],[0.4966,41.8088],[0.5422,41.8267],[0.5976,41.8744],[0.5896,41.9186],[0.5672,41.9327],[0.5762,41.9513],[0.6425,41.9923],[0.6843,42.09],[0.7031,42.1203],[0.7035,42.1679],[0.7194,42.2268],[0.7417,42.264],[0.7457,42.3],[0.7511,42.348],[0.7464,42.3905],[0.7329,42.4269],[0.7151,42.4431],[0.7014,42.4843],[0.7303,42.5007],[0.7306,42.5197],[0.7615,42.5693],[0.7655,42.6099],[0.7084,42.6342],[0.6756,42.6887],[0.6634,42.6962],[0.6436,42.6845],[0.6082,42.688],[0.4835,42.6853],[0.4669,42.6904],[0.3893,42.6851],[0.3542,42.7175],[0.336,42.7127],[0.2902,42.6703],[0.2754,42.6687],[0.2384,42.7104],[0.1692,42.7265],[0.1342,42.7152],[0.0728,42.7085],[-0.0043,42.6875],[-0.0389,42.6851],[-0.119,42.7169],[-0.1636,42.778],[-0.1614,42.7953],[-0.2084,42.7839],[-0.2351,42.7862],[-0.247,42.8048],[-0.3051,42.8308],[-0.3228,42.8425],[-0.4239,42.7907],[-0.4545,42.7889],[-0.5084,42.8075],[-0.5339,42.808],[-0.5356,42.7842],[-0.5787,42.7773],[-0.5829,42.7958],[-0.6095,42.8114],[-0.6483,42.8498],[-0.7004,42.8764],[-0.7301,42.8775],[-0.7459,42.8939],[-0.745,42.9187],[-0.7597,42.9465],[-0.7864,42.9533],[-0.8635,42.9431],[-0.9432,42.9479],[-0.9815,42.957],[-1.0285,42.9867],[-1.0797,42.9934],[-1.1124,43.0083],[-1.1499,43.0057],[-1.2169,43.0393],[-1.2749,43.0468],[-1.3106,43.0695],[-1.3086,43.1136],[-1.3483,43.0931],[-1.3576,43.0468],[-1.3831,43.0292],[-1.435,43.0357],[-1.4753,43.0601],[-1.4878,43.0818],[-1.4258,43.1353],[-1.3997,43.2067],[-1.4035,43.2433],[-1.4322,43.265],[-1.4664,43.2608],[-1.5081,43.2768],[-1.559,43.2841],[-1.5876,43.2516],[-1.639,43.2557],[-1.645,43.2924],[-1.6739,43.3042],[-1.7497,43.2948],[-1.7682,43.3309],[-1.7969,43.3411],[-1.7941,43.386],[-1.8006,43.3894],[-1.8006,43.4067],[-1.762,43.4067],[-1.762,43.4982],[-1.7614,43.4982],[-1.7614,43.5425],[-1.7997,43.5425],[-1.8381,43.4982],[-1.8393,43.4968],[-1.9028,43.4234],[-1.9938,43.4252],[-2.1803,43.4289],[-2.2735,43.4308],[-2.3201,43.4317],[-2.3668,43.4326],[-2.4134,43.4336],[-2.46,43.4345],[-2.5533,43.4364],[-2.7397,43.4401],[-2.7558,43.4503],[-2.8064,43.4441],[-2.8744,43.4547],[-2.8748,43.4547],[-2.9256,43.4437],[-2.9803,43.4448],[-3.0672,43.4465],[-3.1106,43.4474],[-3.1106,43.4012],[-3.1541,43.4012],[-3.1541,43.362],[-3.1506,43.3602],[-3.1495,43.3244],[-3.1602,43.3078],[-3.2035,43.2923],[-3.2352,43.2991],[-3.3229,43.3001],[-3.4309,43.2435],[-3.4416,43.2333],[-3.4409,43.1881],[-3.4238,43.1406],[-3.519,43.1438],[-3.6038,43.1618],[-3.6478,43.1762],[-3.7062,43.1297],[-3.7662,43.0934],[-3.8383,43.0847],[-3.8427,43.0573],[-3.8961,43.0332],[-3.9526,42.9992],[-3.9836,42.9403],[-3.9658,42.9073],[-3.9278,42.9088],[-3.8646,42.9479],[-3.8362,42.9279],[-3.8395,42.9142],[-3.8982,42.8986],[-3.9092,42.8803],[-3.8939,42.8514],[-3.8499,42.8766],[-3.8314,42.8723],[-3.8158,42.81],[-3.8309,42.7999],[-3.883,42.7971],[-3.9174,42.7735],[-3.9652,42.7625],[-4.0002,42.7698],[-4.0028,42.8236],[-4.0189,42.8163],[-4.0472,42.7701],[-4.0858,42.7631],[-4.1204,42.789],[-4.1586,42.7935],[-4.1847,42.8235],[-4.1416,42.8345],[-4.1502,42.8622],[-4.1966,42.8441],[-4.2214,42.8502],[-4.2399,42.9502],[-4.3566,42.9854],[-4.4008,43.0333],[-4.4629,43.0509],[-4.5524,43.0239],[-4.7269,43.0159],[-4.7892,42.9898],[-4.8134,42.9257],[-4.8476,42.9024],[-4.8657,42.8605],[-4.9019,42.8481],[-4.9037,42.7796],[-4.9321,42.74],[-4.8875,42.7116],[-4.8981,42.6691],[-4.8953,42.6216],[-4.9144,42.5448],[-4.888,42.5369],[-4.8881,42.518],[-4.9127,42.4006],[-4.9113,42.3815],[-4.9727,42.3743],[-4.9796,42.3379],[-4.9425,42.3465],[-4.9549,42.296],[-5.0022,42.2892],[-5.0383,42.2971],[-5.0417,42.2675],[-5.064,42.2737],[-5.0938,42.3094],[-5.124,42.3002],[-5.1704,42.2679],[-5.2382,42.2643],[-5.2653,42.2182],[-5.3217,42.2042],[-5.3612,42.225],[-5.3872,42.1952],[-5.3769,42.1343],[-5.3874,42.083],[-5.3763,42.0414],[-5.4216,42.0308],[-5.5208,42.097],[-5.5417,42.098],[-5.5534,42.063],[-5.6247,42.0836],[-5.6211,42.1022],[-5.6433,42.1287],[-5.6796,42.1402],[-5.6769,42.1203],[-5.7431,42.1135],[-5.7551,42.1368],[-5.8382,42.1186],[-5.8694,42.122],[-5.893,42.1505],[-5.9559,42.1258],[-6.045,42.1577],[-6.2037,42.1483],[-6.2795,42.1778],[-6.3115,42.2081],[-6.3395,42.2001],[-6.4278,42.202],[-6.4906,42.1842],[-6.5578,42.2071],[-6.6163,42.2056],[-6.6541,42.2168],[-6.7056,42.2172],[-6.7832,42.2529],[-6.8055,42.2179],[-6.8668,42.217],[-6.9329,42.1741],[-6.9556,42.1322],[-6.9869,42.1141],[-7.0247,42.0757],[-7.0127,42.0522],[-6.9848,42.0512],[-6.9653,42.0283],[-6.9877,41.9834],[-6.9835,41.963],[-6.9451,41.9434],[-6.855,41.9429],[-6.8312,41.954],[-6.8249,41.9838],[-6.7944,41.9797],[-6.7579,41.9376],[-6.728,41.9309],[-6.6568,41.9331],[-6.6228,41.941],[-6.6095,41.9623],[-6.5851,41.9547],[-6.5676,41.9261],[-6.5758,41.8829],[-6.5242,41.8674],[-6.5357,41.8486],[-6.5601,41.7669],[-6.5774,41.7397],[-6.5553,41.6749],[-6.5134,41.6509],[-6.4608,41.6766],[-6.3659,41.6636],[-6.3171,41.6501],[-6.2722,41.6282],[-6.2059,41.5703],[-6.2859,41.4869],[-6.2829,41.4656],[-6.321,41.4196],[-6.3762,41.3969],[-6.431,41.339],[-6.4821,41.303],[-6.5635,41.2707],[-6.6466,41.2676],[-6.6938,41.2174],[-6.7069,41.1943],[-6.759,41.1518],[-6.7648,41.1089],[-6.818,41.0541],[-6.9068,41.0561],[-6.9274,41.0481],[-6.9871,41.0527],[-7.0753,41.0867],[-7.099,41.124],[-7.0927,41.1491],[-7.1263,41.1643],[-7.1126,41.1922],[-7.1701,41.1576],[-7.2225,41.1643],[-7.3007,41.1593],[-7.3597,41.1661],[-7.4022,41.2075],[-7.4323,41.216],[-7.5502,41.1828],[-7.5968,41.1778],[-7.6586,41.1801],[-7.7021,41.1594],[-7.7379,41.1526],[-7.774,41.1571],[-7.8097,41.1819],[-7.8433,41.1844],[-7.896,41.1591],[-7.9402,41.138],[-8.0621,41.1059],[-8.1902,41.1091],[-8.2902,41.0834],[-8.2978,41.0696],[-8.3462,41.044],[-8.3923,41.0397],[-8.3863,41.0162],[-8.4157,41.0226],[-8.4481,41.0555],[-8.4768,41.0212],[-8.4946,41.0166],[-8.5261,41.0322],[-8.5855,41.0151],[-8.6019,41.0231],[-8.6552,41.0167],[-8.6569,41.0283],[-8.7818,41.0283],[-8.7761,40.9176],[-8.7681,40.7609],[-8.8162,40.6225],[-8.8419,40.5487],[-8.8675,40.4749],[-8.9188,40.3273],[-8.9701,40.1798],[-8.9769,40.1601],[-8.9865,40.106],[-8.9997,40.0322],[-9.0489,39.7556],[-9.0693,39.737],[-9.3934,39.4419],[-9.4485,39.3917],[-9.4603,39.2943],[-9.4693,39.2205],[-9.4782,39.1467],[-9.514,38.8516],[-9.5277,38.7384],[-9.5277,38.738]],[[-4.9444,39.3919],[-4.8985,39.517],[-4.8627,39.556],[-4.7749,39.5194],[-4.7421,39.4777],[-4.7661,39.4344],[-4.753,39.4182],[-4.767,39.4046],[-4.8801,39.3669],[-4.9444,39.3919]],[[-3.3042,43.2607],[-3.2861,43.2564],[-3.2674,43.2274],[-3.2992,43.2169],[-3.3042,43.2607]],[[-1.4523,40.1307],[-1.4485,40.1498],[-1.3641,40.1396],[-1.3245,40.1493],[-1.3142,40.1953],[-1.2946,40.2016],[-1.2715,40.1627],[-1.2347,40.123],[-1.1511,40.1101],[-1.08,40.0658],[-1.0917,40.0346],[-1.1627,40.0115],[-1.243,39.9974],[-1.3695,40.0163],[-1.3783,40.0221],[-1.4169,40.1095],[-1.4523,40.1307]]],[[[-5.3483,42.2782],[-5.3372,42.2466],[-5.3193,42.245],[-5.3032,42.2521],[-5.3092,42.2932],[-5.3483,42.2782]]]]}},
{"type":"Feature","properties":{"entityId":"iberian-tribes","from":-191,"to":-178,"certainty":"estimated","source":"유럽 쪽은 Natural Earth 1:10m admin-1(v5.1.2) 현대 행정구역 조각을 그 시기 국경에 맞춰 묶고, 조각이 역사 경계와 다른 곳은 선을 그어 나눈 근사. 유럽 밖(시베리아·중앙아시아·극동)은 대략적인 추정. 운영자 검수 필요"},"geometry":{"type":"MultiPolygon","coordinates":[[[[-9.5277,38.738],[-9.5061,38.704],[-9.4247,38.5761],[-9.4122,38.5564],[-9.3953,38.5298],[-9.3443,38.4497],[-9.2865,38.3588],[-9.2108,38.343],[-9.0095,38.301],[-8.8401,38.2657],[-8.8203,38.1359],[-8.8771,37.9661],[-8.8948,37.9525],[-8.8668,37.9387],[-8.8221,37.8713],[-8.8214,37.868],[-8.8141,37.8326],[-8.8067,37.7972],[-8.817,37.7403],[-8.8087,37.7229],[-8.7946,37.7258],[-8.8002,37.6944],[-8.8265,37.6006],[-8.8184,37.5873],[-8.8157,37.4671],[-8.815,37.4371],[-8.8149,37.4308],[-8.825,37.407],[-8.8503,37.347],[-8.8828,37.3099],[-8.8739,37.2912],[-8.9075,37.2117],[-8.9227,37.1997],[-8.9185,37.1859],[-8.9265,37.1669],[-8.9752,37.0765],[-8.9856,37.0634],[-8.9896,37.0499],[-8.9985,37.0333],[-8.9983,37.0332],[-8.9985,37.0329],[-8.9949,37.0319],[-8.9979,37.0215],[-8.9829,37.0266],[-8.946,37.0079],[-8.8789,37.0472],[-8.8643,37.0424],[-8.8977,36.8698],[-8.8976,36.8698],[-8.8977,36.8694],[-8.8973,36.8695],[-8.8973,36.8694],[-8.3827,36.9794],[-7.8573,36.8389],[-7.8572,36.839],[-7.8569,36.8389],[-7.5462,37.0385],[-7.4617,37.0928],[-7.4538,37.0978],[-7.3772,37.0851],[-7.3349,37.078],[-7.3349,37.1366],[-7.3772,37.1366],[-7.3772,37.1659],[-7.4078,37.1659],[-7.4144,37.1928],[-7.4342,37.2593],[-7.445,37.3868],[-7.4623,37.4179],[-7.4629,37.4511],[-7.4759,37.4943],[-7.5146,37.5283],[-7.5297,37.5672],[-7.5143,37.6014],[-7.4716,37.6369],[-7.4575,37.7001],[-7.4263,37.7506],[-7.3344,37.8119],[-7.3069,37.8508],[-7.2686,37.9492],[-7.2727,37.977],[-7.2233,37.9938],[-7.1853,37.9887],[-7.1522,38.0007],[-7.1233,38.04],[-7.0494,38.0202],[-7.024,38.0226],[-6.9976,38.0896],[-6.9576,38.1682],[-6.9506,38.1984],[-6.9338,38.2093],[-6.7979,38.1729],[-6.7955,38.1514],[-6.8104,38.113],[-6.7488,38.0936],[-6.6446,38.0937],[-6.6173,38.0868],[-6.5844,38.0568],[-6.5717,38.0239],[-6.4848,38.0164],[-6.4496,38.0514],[-6.4131,38.0537],[-6.3724,38.0312],[-6.3563,38],[-6.2003,37.952],[-6.1833,37.939],[-6.1141,37.9786],[-5.976,37.9986],[-5.9411,38.0183],[-5.9107,38.0735],[-5.9228,38.0928],[-5.9154,38.1141],[-5.8745,38.1401],[-5.8371,38.1743],[-5.8072,38.183],[-5.7275,38.1883],[-5.698,38.1659],[-5.696,38.1485],[-5.7341,38.1297],[-5.7282,38.0954],[-5.6936,38.0913],[-5.6234,38.1369],[-5.581,38.1351],[-5.5382,38.1624],[-5.5197,38.2089],[-5.5213,38.2668],[-5.5503,38.3208],[-5.5671,38.3363],[-5.561,38.3773],[-5.5758,38.3943],[-5.5694,38.4253],[-5.5493,38.4408],[-5.4808,38.4692],[-5.4649,38.4891],[-5.4196,38.5158],[-5.4003,38.5491],[-5.3624,38.5839],[-5.3068,38.5855],[-5.2881,38.6125],[-5.2101,38.659],[-5.1808,38.666],[-5.1594,38.7179],[-5.0799,38.7194],[-5.0366,38.7284],[-4.9979,38.7358],[-4.9717,38.7692],[-4.9475,38.8394],[-4.9129,38.8823],[-4.8508,38.8867],[-4.8363,38.9285],[-4.8466,38.946],[-4.9138,38.9597],[-4.9443,39.0097],[-4.9541,39.0456],[-4.9378,39.0531],[-4.8773,39.0326],[-4.8347,39.0476],[-4.8402,39.0686],[-4.864,39.0816],[-4.8674,39.1061],[-4.847,39.1655],[-4.8068,39.1988],[-4.7273,39.1965],[-4.6584,39.1739],[-4.7106,39.2253],[-4.7536,39.2974],[-4.7568,39.3165],[-4.7109,39.3441],[-4.6779,39.4176],[-4.6927,39.4498],[-4.753,39.4182],[-4.767,39.4046],[-4.8801,39.3669],[-4.9444,39.3919],[-4.9714,39.4097],[-5.0392,39.4781],[-5.0792,39.4928],[-5.1594,39.5639],[-5.1964,39.5877],[-5.1976,39.5996],[-5.1518,39.663],[-5.1417,39.7203],[-5.1654,39.7472],[-5.1656,39.75],[-5.1681,39.7929],[-5.2087,39.7927],[-5.2603,39.7523],[-5.3081,39.7583],[-5.3169,39.7719],[-5.3078,39.8269],[-5.2893,39.8617],[-5.3302,39.8889],[-5.3862,39.881],[-5.391,39.9204],[-5.3741,39.9948],[-5.3704,40.0683],[-5.3576,40.1053],[-5.328,40.1159],[-5.2303,40.1065],[-5.1906,40.0894],[-5.1412,40.0948],[-5.0579,40.1486],[-5.0145,40.1509],[-5.0079,40.1225],[-4.9886,40.114],[-4.9224,40.1403],[-4.9035,40.174],[-4.8432,40.2066],[-4.815,40.2298],[-4.8008,40.2657],[-4.7,40.2756],[-4.6841,40.2171],[-4.6394,40.1971],[-4.5719,40.212],[-4.5298,40.2967],[-4.5376,40.3341],[-4.525,40.339],[-4.4964,40.3165],[-4.4576,40.3262],[-4.4403,40.3502],[-4.4315,40.3893],[-4.4073,40.4085],[-4.3749,40.4047],[-4.3248,40.4133],[-4.3287,40.4326],[-4.3152,40.4693],[-4.319,40.544],[-4.2845,40.5841],[-4.2903,40.6216],[-4.2421,40.6028],[-4.1844,40.6164],[-4.1713,40.6299],[-4.1613,40.6873],[-4.0901,40.7691],[-4.0598,40.7841],[-4.0187,40.7794],[-3.9841,40.7887],[-3.9529,40.8652],[-3.9531,40.8943],[-3.9348,40.9262],[-3.8919,40.9648],[-3.8057,40.9873],[-3.7871,40.9968],[-3.7528,41.043],[-3.6849,41.0847],[-3.6239,41.1394],[-3.5922,41.1541],[-3.5458,41.1618],[-3.5416,41.1442],[-3.4767,41.0908],[-3.4365,41.0774],[-3.4098,41.0122],[-3.4123,40.9892],[-3.4449,40.9235],[-3.4515,40.8751],[-3.4724,40.8582],[-3.4984,40.7962],[-3.4599,40.7788],[-3.4394,40.7309],[-3.4588,40.695],[-3.4343,40.6755],[-3.3892,40.6864],[-3.3668,40.6589],[-3.3182,40.6463],[-3.326,40.5978],[-3.2931,40.5685],[-3.2895,40.5331],[-3.2575,40.5428],[-3.2045,40.513],[-3.2002,40.4505],[-3.1571,40.4254],[-3.1387,40.3947],[-3.1531,40.3362],[-3.178,40.3126],[-3.1859,40.2495],[-3.1711,40.2425],[-3.1248,40.2749],[-3.1038,40.2699],[-3.0865,40.2393],[-3.0728,40.1576],[-3.0857,40.1457],[-3.063,40.0981],[-3.0938,40.0726],[-3.1635,40.0662],[-3.1701,40.0483],[-3.1426,39.9851],[-3.0966,39.9868],[-3.097,39.9333],[-3.1251,39.8781],[-3.0963,39.8691],[-3.0596,39.8376],[-3.0407,39.7875],[-3.0153,39.7645],[-2.9995,39.7219],[-2.9082,39.6423],[-2.9254,39.6018],[-2.9312,39.4714],[-2.9072,39.4302],[-2.8698,39.3904],[-2.8966,39.3667],[-2.8825,39.351],[-2.8307,39.3551],[-2.7891,39.3976],[-2.7421,39.318],[-2.6622,39.3218],[-2.6193,39.34],[-2.5678,39.3269],[-2.5294,39.3276],[-2.5112,39.342],[-2.3739,39.2329],[-2.3492,39.2789],[-2.3211,39.2837],[-2.2888,39.2267],[-2.1684,39.281],[-2.049,39.2668],[-2.0907,39.3595],[-2.0208,39.352],[-2.029,39.3379],[-1.9899,39.2937],[-1.887,39.3046],[-1.8451,39.2861],[-1.77,39.2806],[-1.7394,39.3211],[-1.501,39.422],[-1.5182,39.4518],[-1.4984,39.4961],[-1.5045,39.5455],[-1.4944,39.5673],[-1.4632,39.5902],[-1.4275,39.6452],[-1.372,39.6836],[-1.3204,39.6714],[-1.2922,39.6727],[-1.2655,39.6938],[-1.267,39.7435],[-1.2256,39.7963],[-1.2029,39.8633],[-1.1962,39.9506],[-1.1455,39.9723],[-1.1294,39.964],[-1.0535,39.9788],[-1.0003,39.9792],[-0.9231,39.956],[-0.9048,39.9346],[-0.9121,39.9064],[-0.9024,39.8654],[-0.8781,39.8522],[-0.847,39.8553],[-0.7913,39.8775],[-0.8238,39.9063],[-0.8391,39.9458],[-0.8244,39.9815],[-0.7662,40.0094],[-0.7467,40.0414],[-0.6839,40.0444],[-0.6143,40.0717],[-0.6134,40.1139],[-0.5832,40.1348],[-0.5523,40.2003],[-0.5442,40.2401],[-0.5011,40.2303],[-0.4423,40.2378],[-0.3914,40.2639],[-0.3909,40.2956],[-0.3317,40.3457],[-0.2921,40.3655],[-0.2891,40.3892],[-0.3355,40.4278],[-0.3237,40.457],[-0.2774,40.4718],[-0.2806,40.4999],[-0.2967,40.5079],[-0.2944,40.6058],[-0.3251,40.6042],[-0.3746,40.6182],[-0.3773,40.6602],[-0.3458,40.6739],[-0.313,40.6629],[-0.2341,40.6948],[-0.2234,40.7453],[-0.1948,40.776],[-0.1658,40.7799],[-0.0745,40.7308],[0.0182,40.7261],[0.045,40.6962],[0.0815,40.7164],[0.173,40.7309],[0.1727,40.7471],[0.2274,40.7717],[0.2719,40.8292],[0.2496,40.8886],[0.2897,40.9825],[0.2742,41.0189],[0.2278,41.0432],[0.2165,41.0706],[0.2089,41.1196],[0.2997,41.1649],[0.3211,41.2139],[0.3604,41.2328],[0.3524,41.2792],[0.3773,41.3214],[0.3517,41.3625],[0.3273,41.3701],[0.3383,41.4059],[0.3485,41.4721],[0.4004,41.4965],[0.4412,41.5461],[0.424,41.5929],[0.3652,41.5983],[0.3481,41.6152],[0.3285,41.6774],[0.406,41.753],[0.4542,41.7625],[0.4966,41.8088],[0.5422,41.8267],[0.5976,41.8744],[0.5896,41.9186],[0.5672,41.9327],[0.5762,41.9513],[0.6425,41.9923],[0.6843,42.09],[0.7031,42.1203],[0.7035,42.1679],[0.7194,42.2268],[0.7417,42.264],[0.7457,42.3],[0.7511,42.348],[0.7464,42.3905],[0.7329,42.4269],[0.7151,42.4431],[0.7014,42.4843],[0.7303,42.5007],[0.7306,42.5197],[0.7615,42.5693],[0.7655,42.6099],[0.7084,42.6342],[0.6756,42.6887],[0.6634,42.6962],[0.6436,42.6845],[0.6082,42.688],[0.4835,42.6853],[0.4669,42.6904],[0.3893,42.6851],[0.3542,42.7175],[0.336,42.7127],[0.2902,42.6703],[0.2754,42.6687],[0.2384,42.7104],[0.1692,42.7265],[0.1342,42.7152],[0.0728,42.7085],[-0.0043,42.6875],[-0.0389,42.6851],[-0.119,42.7169],[-0.1636,42.778],[-0.1614,42.7953],[-0.2084,42.7839],[-0.2351,42.7862],[-0.247,42.8048],[-0.3051,42.8308],[-0.3228,42.8425],[-0.4239,42.7907],[-0.4545,42.7889],[-0.5084,42.8075],[-0.5339,42.808],[-0.5356,42.7842],[-0.5787,42.7773],[-0.5829,42.7958],[-0.6095,42.8114],[-0.6483,42.8498],[-0.7004,42.8764],[-0.7301,42.8775],[-0.7459,42.8939],[-0.745,42.9187],[-0.7597,42.9465],[-0.7864,42.9533],[-0.8635,42.9431],[-0.9432,42.9479],[-0.9815,42.957],[-1.0285,42.9867],[-1.0797,42.9934],[-1.1124,43.0083],[-1.1499,43.0057],[-1.2169,43.0393],[-1.2749,43.0468],[-1.3106,43.0695],[-1.3086,43.1136],[-1.3483,43.0931],[-1.3576,43.0468],[-1.3831,43.0292],[-1.435,43.0357],[-1.4753,43.0601],[-1.4878,43.0818],[-1.4258,43.1353],[-1.3997,43.2067],[-1.4035,43.2433],[-1.4322,43.265],[-1.4664,43.2608],[-1.5081,43.2768],[-1.559,43.2841],[-1.5876,43.2516],[-1.639,43.2557],[-1.645,43.2924],[-1.6739,43.3042],[-1.7497,43.2948],[-1.7682,43.3309],[-1.7969,43.3411],[-1.7941,43.386],[-1.8006,43.3894],[-1.8006,43.4067],[-1.762,43.4067],[-1.762,43.4982],[-1.7614,43.4982],[-1.7614,43.5425],[-1.7997,43.5425],[-1.8381,43.4982],[-1.8393,43.4968],[-1.9028,43.4234],[-1.9938,43.4252],[-2.1803,43.4289],[-2.2735,43.4308],[-2.3201,43.4317],[-2.3668,43.4326],[-2.4134,43.4336],[-2.46,43.4345],[-2.5533,43.4364],[-2.7397,43.4401],[-2.7558,43.4503],[-2.8064,43.4441],[-2.8744,43.4547],[-2.8748,43.4547],[-2.9256,43.4437],[-2.9803,43.4448],[-3.0672,43.4465],[-3.1106,43.4474],[-3.1106,43.4012],[-3.1541,43.4012],[-3.1541,43.362],[-3.1506,43.3602],[-3.1495,43.3244],[-3.1602,43.3078],[-3.2035,43.2923],[-3.2352,43.2991],[-3.3229,43.3001],[-3.4309,43.2435],[-3.4416,43.2333],[-3.4409,43.1881],[-3.4238,43.1406],[-3.519,43.1438],[-3.6038,43.1618],[-3.6478,43.1762],[-3.7062,43.1297],[-3.7662,43.0934],[-3.8383,43.0847],[-3.8427,43.0573],[-3.8961,43.0332],[-3.9526,42.9992],[-3.9836,42.9403],[-3.9658,42.9073],[-3.9278,42.9088],[-3.8646,42.9479],[-3.8362,42.9279],[-3.8395,42.9142],[-3.8982,42.8986],[-3.9092,42.8803],[-3.8939,42.8514],[-3.8499,42.8766],[-3.8314,42.8723],[-3.8158,42.81],[-3.8309,42.7999],[-3.883,42.7971],[-3.9174,42.7735],[-3.9652,42.7625],[-4.0002,42.7698],[-4.0028,42.8236],[-4.0189,42.8163],[-4.0472,42.7701],[-4.0858,42.7631],[-4.1204,42.789],[-4.1586,42.7935],[-4.1847,42.8235],[-4.1416,42.8345],[-4.1502,42.8622],[-4.1966,42.8441],[-4.2214,42.8502],[-4.2399,42.9502],[-4.3566,42.9854],[-4.4008,43.0333],[-4.4629,43.0509],[-4.5524,43.0239],[-4.7269,43.0159],[-4.7892,42.9898],[-4.8134,42.9257],[-4.8476,42.9024],[-4.8657,42.8605],[-4.9019,42.8481],[-4.9037,42.7796],[-4.9321,42.74],[-4.8875,42.7116],[-4.8981,42.6691],[-4.8953,42.6216],[-4.9144,42.5448],[-4.888,42.5369],[-4.8881,42.518],[-4.9127,42.4006],[-4.9113,42.3815],[-4.9727,42.3743],[-4.9796,42.3379],[-4.9425,42.3465],[-4.9549,42.296],[-5.0022,42.2892],[-5.0383,42.2971],[-5.0417,42.2675],[-5.064,42.2737],[-5.0938,42.3094],[-5.124,42.3002],[-5.1704,42.2679],[-5.2382,42.2643],[-5.2653,42.2182],[-5.3217,42.2042],[-5.3612,42.225],[-5.3872,42.1952],[-5.3769,42.1343],[-5.3874,42.083],[-5.3763,42.0414],[-5.4216,42.0308],[-5.5208,42.097],[-5.5417,42.098],[-5.5534,42.063],[-5.6247,42.0836],[-5.6211,42.1022],[-5.6433,42.1287],[-5.6796,42.1402],[-5.6769,42.1203],[-5.7431,42.1135],[-5.7551,42.1368],[-5.8382,42.1186],[-5.8694,42.122],[-5.893,42.1505],[-5.9559,42.1258],[-6.045,42.1577],[-6.2037,42.1483],[-6.2795,42.1778],[-6.3115,42.2081],[-6.3395,42.2001],[-6.4278,42.202],[-6.4906,42.1842],[-6.5578,42.2071],[-6.6163,42.2056],[-6.6541,42.2168],[-6.7056,42.2172],[-6.7832,42.2529],[-6.8055,42.2179],[-6.8668,42.217],[-6.9329,42.1741],[-6.9556,42.1322],[-6.9869,42.1141],[-7.0247,42.0757],[-7.0127,42.0522],[-6.9848,42.0512],[-6.9653,42.0283],[-6.9877,41.9834],[-6.9835,41.963],[-6.9451,41.9434],[-6.855,41.9429],[-6.8312,41.954],[-6.8249,41.9838],[-6.7944,41.9797],[-6.7579,41.9376],[-6.728,41.9309],[-6.6568,41.9331],[-6.6228,41.941],[-6.6095,41.9623],[-6.5851,41.9547],[-6.5676,41.9261],[-6.5758,41.8829],[-6.5242,41.8674],[-6.5357,41.8486],[-6.5601,41.7669],[-6.5774,41.7397],[-6.5553,41.6749],[-6.5134,41.6509],[-6.4608,41.6766],[-6.3659,41.6636],[-6.3171,41.6501],[-6.2722,41.6282],[-6.2059,41.5703],[-6.2859,41.4869],[-6.2829,41.4656],[-6.321,41.4196],[-6.3762,41.3969],[-6.431,41.339],[-6.4821,41.303],[-6.5635,41.2707],[-6.6466,41.2676],[-6.6938,41.2174],[-6.7069,41.1943],[-6.759,41.1518],[-6.7648,41.1089],[-6.818,41.0541],[-6.9068,41.0561],[-6.9274,41.0481],[-6.9871,41.0527],[-7.0753,41.0867],[-7.099,41.124],[-7.0927,41.1491],[-7.1263,41.1643],[-7.1126,41.1922],[-7.1701,41.1576],[-7.2225,41.1643],[-7.3007,41.1593],[-7.3597,41.1661],[-7.4022,41.2075],[-7.4323,41.216],[-7.5502,41.1828],[-7.5968,41.1778],[-7.6586,41.1801],[-7.7021,41.1594],[-7.7379,41.1526],[-7.774,41.1571],[-7.8097,41.1819],[-7.8433,41.1844],[-7.896,41.1591],[-7.9402,41.138],[-8.0621,41.1059],[-8.1902,41.1091],[-8.2902,41.0834],[-8.2978,41.0696],[-8.3462,41.044],[-8.3923,41.0397],[-8.3863,41.0162],[-8.4157,41.0226],[-8.4481,41.0555],[-8.4768,41.0212],[-8.4946,41.0166],[-8.5261,41.0322],[-8.5855,41.0151],[-8.6019,41.0231],[-8.6552,41.0167],[-8.6569,41.0283],[-8.7818,41.0283],[-8.7761,40.9176],[-8.7681,40.7609],[-8.8162,40.6225],[-8.8419,40.5487],[-8.8675,40.4749],[-8.9188,40.3273],[-8.9701,40.1798],[-8.9769,40.1601],[-8.9865,40.106],[-8.9997,40.0322],[-9.0489,39.7556],[-9.0693,39.737],[-9.3934,39.4419],[-9.4485,39.3917],[-9.4603,39.2943],[-9.4693,39.2205],[-9.4782,39.1467],[-9.514,38.8516],[-9.5277,38.7384],[-9.5277,38.738]],[[-4.3219,40.6579],[-4.3185,40.6824],[-4.2763,40.6927],[-4.2584,40.6616],[-4.3219,40.6579]],[[-3.3042,43.2607],[-3.2861,43.2564],[-3.2674,43.2274],[-3.2992,43.2169],[-3.3042,43.2607]],[[-1.4523,40.1307],[-1.4485,40.1498],[-1.3641,40.1396],[-1.3245,40.1493],[-1.3142,40.1953],[-1.2946,40.2016],[-1.2715,40.1627],[-1.2347,40.123],[-1.1511,40.1101],[-1.08,40.0658],[-1.0917,40.0346],[-1.1627,40.0115],[-1.243,39.9974],[-1.3695,40.0163],[-1.3783,40.0221],[-1.4169,40.1095],[-1.4523,40.1307]]],[[[-5.3483,42.2782],[-5.3372,42.2466],[-5.3193,42.245],[-5.3032,42.2521],[-5.3092,42.2932],[-5.3483,42.2782]]]]}},
{"type":"Feature","properties":{"entityId":"iberian-tribes","from":-178,"to":-138,"certainty":"estimated","source":"유럽 쪽은 Natural Earth 1:10m admin-1(v5.1.2) 현대 행정구역 조각을 그 시기 국경에 맞춰 묶고, 조각이 역사 경계와 다른 곳은 선을 그어 나눈 근사. 유럽 밖(시베리아·중앙아시아·극동)은 대략적인 추정. 운영자 검수 필요"},"geometry":{"type":"MultiPolygon","coordinates":[[[[-9.5277,38.738],[-9.5061,38.704],[-9.4247,38.5761],[-9.4122,38.5564],[-9.3953,38.5298],[-9.3443,38.4497],[-9.2865,38.3588],[-9.2108,38.343],[-9.0095,38.301],[-8.8401,38.2657],[-8.8203,38.1359],[-8.8771,37.9661],[-8.8948,37.9525],[-8.8668,37.9387],[-8.8221,37.8713],[-8.8214,37.868],[-8.8141,37.8326],[-8.8067,37.7972],[-8.817,37.7403],[-8.8087,37.7229],[-8.7946,37.7258],[-8.8002,37.6944],[-8.8265,37.6006],[-8.8184,37.5873],[-8.8157,37.4671],[-8.815,37.4371],[-8.8149,37.4308],[-8.825,37.407],[-8.8503,37.347],[-8.8828,37.3099],[-8.8739,37.2912],[-8.9075,37.2117],[-8.9227,37.1997],[-8.9185,37.1859],[-8.9265,37.1669],[-8.9752,37.0765],[-8.9856,37.0634],[-8.9896,37.0499],[-8.9985,37.0333],[-8.9983,37.0332],[-8.9985,37.0329],[-8.9949,37.0319],[-8.9979,37.0215],[-8.9829,37.0266],[-8.946,37.0079],[-8.8789,37.0472],[-8.8643,37.0424],[-8.8977,36.8698],[-8.8976,36.8698],[-8.8977,36.8694],[-8.8973,36.8695],[-8.8973,36.8694],[-8.3827,36.9794],[-7.8573,36.8389],[-7.8572,36.839],[-7.8569,36.8389],[-7.5462,37.0385],[-7.4617,37.0928],[-7.4538,37.0978],[-7.3772,37.0851],[-7.3349,37.078],[-7.3349,37.1366],[-7.3772,37.1366],[-7.3772,37.1659],[-7.4078,37.1659],[-7.4144,37.1928],[-7.4342,37.2593],[-7.445,37.3868],[-7.4623,37.4179],[-7.4629,37.4511],[-7.4759,37.4943],[-7.5146,37.5283],[-7.5297,37.5672],[-7.5143,37.6014],[-7.4716,37.6369],[-7.4575,37.7001],[-7.4263,37.7506],[-7.3344,37.8119],[-7.3069,37.8508],[-7.2686,37.9492],[-7.2727,37.977],[-7.2233,37.9938],[-7.1853,37.9887],[-7.1522,38.0007],[-7.1233,38.04],[-7.0494,38.0202],[-7.024,38.0226],[-6.9976,38.0896],[-6.9576,38.1682],[-6.9506,38.1984],[-6.9338,38.2093],[-6.7979,38.1729],[-6.7955,38.1514],[-6.8104,38.113],[-6.7488,38.0936],[-6.6446,38.0937],[-6.6173,38.0868],[-6.5844,38.0568],[-6.5717,38.0239],[-6.4848,38.0164],[-6.4496,38.0514],[-6.4131,38.0537],[-6.3724,38.0312],[-6.3563,38],[-6.2003,37.952],[-6.1833,37.939],[-6.1141,37.9786],[-5.976,37.9986],[-5.9411,38.0183],[-5.9107,38.0735],[-5.9228,38.0928],[-5.9154,38.1141],[-5.8745,38.1401],[-5.8371,38.1743],[-5.8072,38.183],[-5.7275,38.1883],[-5.698,38.1659],[-5.696,38.1485],[-5.7341,38.1297],[-5.7282,38.0954],[-5.6936,38.0913],[-5.6234,38.1369],[-5.581,38.1351],[-5.5382,38.1624],[-5.5197,38.2089],[-5.5213,38.2668],[-5.5503,38.3208],[-5.5671,38.3363],[-5.561,38.3773],[-5.5758,38.3943],[-5.5694,38.4253],[-5.5493,38.4408],[-5.4808,38.4692],[-5.4649,38.4891],[-5.4196,38.5158],[-5.4003,38.5491],[-5.3624,38.5839],[-5.3068,38.5855],[-5.2881,38.6125],[-5.2101,38.659],[-5.1808,38.666],[-5.1594,38.7179],[-5.0799,38.7194],[-5.0366,38.7284],[-4.9979,38.7358],[-4.9717,38.7692],[-4.9475,38.8394],[-4.9129,38.8823],[-4.8508,38.8867],[-4.8363,38.9285],[-4.8466,38.946],[-4.9138,38.9597],[-4.9443,39.0097],[-4.9541,39.0456],[-4.9378,39.0531],[-4.8773,39.0326],[-4.8347,39.0476],[-4.8402,39.0686],[-4.864,39.0816],[-4.8674,39.1061],[-4.847,39.1655],[-4.8068,39.1988],[-4.7273,39.1965],[-4.6584,39.1739],[-4.7106,39.2253],[-4.7536,39.2974],[-4.7568,39.3165],[-4.7109,39.3441],[-4.6779,39.4176],[-4.6927,39.4498],[-4.753,39.4182],[-4.767,39.4046],[-4.8801,39.3669],[-4.9444,39.3919],[-4.9714,39.4097],[-5.0392,39.4781],[-5.0792,39.4928],[-5.1594,39.5639],[-5.1964,39.5877],[-5.1976,39.5996],[-5.1518,39.663],[-5.1417,39.7203],[-5.1654,39.7472],[-5.1656,39.75],[-5.1681,39.7929],[-5.2087,39.7927],[-5.2603,39.7523],[-5.3081,39.7583],[-5.3169,39.7719],[-5.3078,39.8269],[-5.2893,39.8617],[-5.3302,39.8889],[-5.3862,39.881],[-5.391,39.9204],[-5.3741,39.9948],[-5.3704,40.0683],[-5.3576,40.1053],[-5.328,40.1159],[-5.2303,40.1065],[-5.1906,40.0894],[-5.1412,40.0948],[-5.0579,40.1486],[-5.0145,40.1509],[-5.0079,40.1225],[-4.9886,40.114],[-4.9224,40.1403],[-4.9035,40.174],[-4.8432,40.2066],[-4.815,40.2298],[-4.8008,40.2657],[-4.7,40.2756],[-4.6841,40.2171],[-4.6394,40.1971],[-4.5719,40.212],[-4.5298,40.2967],[-4.5376,40.3341],[-4.525,40.339],[-4.4964,40.3165],[-4.4576,40.3262],[-4.4403,40.3502],[-4.4315,40.3893],[-4.4073,40.4085],[-4.3749,40.4047],[-4.3248,40.4133],[-4.3287,40.4326],[-4.3152,40.4693],[-4.319,40.544],[-4.2845,40.5841],[-4.2903,40.6216],[-4.2421,40.6028],[-4.1844,40.6164],[-4.1713,40.6299],[-4.1613,40.6873],[-4.0901,40.7691],[-4.0598,40.7841],[-4.0187,40.7794],[-3.9841,40.7887],[-3.9529,40.8652],[-3.9531,40.8943],[-3.9348,40.9262],[-3.8919,40.9648],[-3.8057,40.9873],[-3.7871,40.9968],[-3.7528,41.043],[-3.6849,41.0847],[-3.6239,41.1394],[-3.5922,41.1541],[-3.5458,41.1618],[-3.5416,41.1442],[-3.4767,41.0908],[-3.4365,41.0774],[-3.4098,41.0122],[-3.4123,40.9892],[-3.4449,40.9235],[-3.4515,40.8751],[-3.4724,40.8582],[-3.4984,40.7962],[-3.4599,40.7788],[-3.4394,40.7309],[-3.4588,40.695],[-3.4343,40.6755],[-3.3892,40.6864],[-3.3668,40.6589],[-3.3182,40.6463],[-3.326,40.5978],[-3.2931,40.5685],[-3.2895,40.5331],[-3.2575,40.5428],[-3.2045,40.513],[-3.2002,40.4505],[-3.1571,40.4254],[-3.1387,40.3947],[-3.1531,40.3362],[-3.178,40.3126],[-3.1859,40.2495],[-3.1711,40.2425],[-3.1248,40.2749],[-3.1038,40.2699],[-3.0865,40.2393],[-3.0728,40.1576],[-3.0637,40.1684],[-3.0143,40.1553],[-3.0198,40.1931],[-2.9981,40.2092],[-2.947,40.1698],[-2.9128,40.1576],[-2.8852,40.1727],[-2.8662,40.1979],[-2.8163,40.2099],[-2.801,40.2665],[-2.8154,40.3254],[-2.8077,40.4069],[-2.7699,40.4213],[-2.7229,40.3973],[-2.6795,40.4332],[-2.6269,40.4531],[-2.5753,40.4479],[-2.5128,40.4197],[-2.5081,40.4511],[-2.535,40.4698],[-2.5287,40.4989],[-2.5454,40.5372],[-2.5278,40.5441],[-2.488,40.513],[-2.4321,40.5356],[-2.3979,40.5287],[-2.3901,40.5502],[-2.4161,40.5801],[-2.4078,40.6064],[-2.389,40.6108],[-2.3309,40.5733],[-2.2929,40.5948],[-2.2914,40.6333],[-2.2742,40.6462],[-2.2119,40.6234],[-2.1773,40.6286],[-2.157,40.6588],[-2.0857,40.6411],[-2.0311,40.5994],[-1.9828,40.5872],[-1.9555,40.5991],[-1.9299,40.5927],[-1.8916,40.533],[-1.8564,40.4288],[-1.8083,40.402],[-1.75,40.4592],[-1.6998,40.4933],[-1.6986,40.5424],[-1.6711,40.5893],[-1.5867,40.5706],[-1.5512,40.5951],[-1.5552,40.6142],[-1.5374,40.663],[-1.5397,40.6944],[-1.557,40.7252],[-1.5388,40.7768],[-1.5446,40.8174],[-1.601,40.8587],[-1.6141,40.8867],[-1.6102,40.9277],[-1.6219,40.9468],[-1.7328,41.026],[-1.7673,41.065],[-1.8169,41.097],[-1.9449,41.1644],[-1.9719,41.1699],[-2.0532,41.1504],[-2.0837,41.1719],[-2.1382,41.1815],[-2.1491,41.1939],[-2.1592,41.2692],[-2.1733,41.2946],[-2.1662,41.346],[-2.128,41.3768],[-2.1196,41.4237],[-2.0997,41.4426],[-2.0521,41.435],[-2.0408,41.3947],[-2.0141,41.3881],[-1.9459,41.4155],[-1.9528,41.4578],[-1.9787,41.5076],[-1.9759,41.5427],[-1.9883,41.5955],[-1.9695,41.6077],[-1.9235,41.603],[-1.894,41.6294],[-1.8073,41.6704],[-1.7855,41.7193],[-1.8085,41.7375],[-1.8459,41.7907],[-1.816,41.8517],[-1.8516,41.9061],[-1.8577,41.9548],[-1.9225,41.9257],[-1.9779,41.9205],[-1.9983,41.9335],[-2.0952,41.9527],[-2.1106,41.9634],[-2.1166,42.022],[-2.1462,42.0432],[-2.149,42.0648],[-2.1227,42.0907],[-2.1379,42.1016],[-2.1897,42.1041],[-2.2455,42.0895],[-2.2722,42.1019],[-2.2812,42.1299],[-2.3474,42.1422],[-2.4374,42.1319],[-2.4815,42.1082],[-2.5116,42.1051],[-2.5157,42.0688],[-2.5369,42.0526],[-2.5729,42.0002],[-2.6718,42.0005],[-2.7436,42.0225],[-2.7342,42.0641],[-2.7157,42.0799],[-2.7172,42.1142],[-2.7622,42.1181],[-2.7859,42.1011],[-2.7963,42.056],[-2.8128,42.0381],[-2.8709,42.0147],[-2.9102,42.0234],[-2.9342,42.0827],[-3.0108,42.0821],[-3.0263,42.088],[-3.0552,42.1253],[-3.0778,42.1377],[-3.1204,42.1963],[-3.1022,42.2178],[-3.0879,42.27],[-3.1079,42.349],[-3.0784,42.3555],[-3.056,42.3803],[-3.0582,42.4259],[-3.0492,42.4523],[-3.0832,42.4915],[-3.07,42.5291],[-3.1107,42.5368],[-3.1139,42.5484],[-3.0605,42.5994],[-3.0758,42.6257],[-3.0569,42.6373],[-3.0142,42.6409],[-2.9067,42.6263],[-2.8373,42.6441],[-2.8268,42.5902],[-2.78,42.5856],[-2.7697,42.6088],[-2.7474,42.6187],[-2.6994,42.5977],[-2.6856,42.5818],[-2.6847,42.5378],[-2.6179,42.5077],[-2.5851,42.512],[-2.5835,42.4967],[-2.5288,42.5172],[-2.5015,42.5377],[-2.462,42.5073],[-2.4061,42.4971],[-2.3433,42.483],[-2.2784,42.4899],[-2.2387,42.472],[-2.206,42.4464],[-2.172,42.4414],[-2.0765,42.4426],[-2.0553,42.4284],[-2.0696,42.4148],[-2.0324,42.393],[-1.9767,42.393],[-1.9013,42.3254],[-1.8635,42.3049],[-1.8619,42.2842],[-1.8293,42.2776],[-1.7958,42.2565],[-1.6971,42.2158],[-1.6858,42.149],[-1.7131,42.1361],[-1.7541,42.1464],[-1.7742,42.14],[-1.8234,42.1456],[-1.8358,42.1279],[-1.8961,42.0761],[-1.9013,42.0456],[-1.8906,42.0253],[-1.8524,42.0012],[-1.7766,41.993],[-1.7236,41.9606],[-1.6946,41.9533],[-1.6572,41.9622],[-1.6219,41.9512],[-1.5559,41.9116],[-1.4833,41.9222],[-1.4193,41.9089],[-1.3831,41.9437],[-1.3612,41.9838],[-1.316,42.0371],[-1.3239,42.0673],[-1.3507,42.0727],[-1.3942,42.1276],[-1.3966,42.178],[-1.4164,42.2206],[-1.384,42.3004],[-1.3345,42.3499],[-1.3504,42.3868],[-1.342,42.4148],[-1.2727,42.4876],[-1.2845,42.5166],[-1.2574,42.5532],[-1.2053,42.5581],[-1.185,42.5846],[-1.1533,42.6054],[-1.145,42.6414],[-1.0445,42.65],[-1.0246,42.6961],[-0.9771,42.7057],[-0.9044,42.7426],[-0.8569,42.7869],[-0.8462,42.8495],[-0.8192,42.8761],[-0.8062,42.9044],[-0.745,42.9187],[-0.7597,42.9465],[-0.7864,42.9533],[-0.8635,42.9431],[-0.9432,42.9479],[-0.9815,42.957],[-1.0285,42.9867],[-1.0797,42.9934],[-1.1124,43.0083],[-1.1499,43.0057],[-1.2169,43.0393],[-1.2749,43.0468],[-1.3106,43.0695],[-1.3086,43.1136],[-1.3483,43.0931],[-1.3576,43.0468],[-1.3831,43.0292],[-1.435,43.0357],[-1.4753,43.0601],[-1.4878,43.0818],[-1.4258,43.1353],[-1.3997,43.2067],[-1.4035,43.2433],[-1.4322,43.265],[-1.4664,43.2608],[-1.5081,43.2768],[-1.559,43.2841],[-1.5876,43.2516],[-1.639,43.2557],[-1.645,43.2924],[-1.6739,43.3042],[-1.7497,43.2948],[-1.7682,43.3309],[-1.7969,43.3411],[-1.7941,43.386],[-1.8006,43.3894],[-1.8006,43.4067],[-1.762,43.4067],[-1.762,43.4982],[-1.7614,43.4982],[-1.7614,43.5425],[-1.7997,43.5425],[-1.8381,43.4982],[-1.8393,43.4968],[-1.9028,43.4234],[-1.9938,43.4252],[-2.1803,43.4289],[-2.2735,43.4308],[-2.3201,43.4317],[-2.3668,43.4326],[-2.4134,43.4336],[-2.46,43.4345],[-2.5533,43.4364],[-2.7397,43.4401],[-2.7558,43.4503],[-2.8064,43.4441],[-2.8744,43.4547],[-2.8748,43.4547],[-2.9256,43.4437],[-2.9803,43.4448],[-3.0672,43.4465],[-3.1106,43.4474],[-3.1106,43.4012],[-3.1541,43.4012],[-3.1541,43.362],[-3.1506,43.3602],[-3.1495,43.3244],[-3.1602,43.3078],[-3.2035,43.2923],[-3.2352,43.2991],[-3.3229,43.3001],[-3.4309,43.2435],[-3.4416,43.2333],[-3.4409,43.1881],[-3.4238,43.1406],[-3.519,43.1438],[-3.6038,43.1618],[-3.6478,43.1762],[-3.7062,43.1297],[-3.7662,43.0934],[-3.8383,43.0847],[-3.8427,43.0573],[-3.8961,43.0332],[-3.9526,42.9992],[-3.9836,42.9403],[-3.9658,42.9073],[-3.9278,42.9088],[-3.8646,42.9479],[-3.8362,42.9279],[-3.8395,42.9142],[-3.8982,42.8986],[-3.9092,42.8803],[-3.8939,42.8514],[-3.8499,42.8766],[-3.8314,42.8723],[-3.8158,42.81],[-3.8309,42.7999],[-3.883,42.7971],[-3.9174,42.7735],[-3.9652,42.7625],[-4.0002,42.7698],[-4.0028,42.8236],[-4.0189,42.8163],[-4.0472,42.7701],[-4.0858,42.7631],[-4.1204,42.789],[-4.1586,42.7935],[-4.1847,42.8235],[-4.1416,42.8345],[-4.1502,42.8622],[-4.1966,42.8441],[-4.2214,42.8502],[-4.2399,42.9502],[-4.3566,42.9854],[-4.4008,43.0333],[-4.4629,43.0509],[-4.5524,43.0239],[-4.7269,43.0159],[-4.7892,42.9898],[-4.8134,42.9257],[-4.8476,42.9024],[-4.8657,42.8605],[-4.9019,42.8481],[-4.9037,42.7796],[-4.9321,42.74],[-4.8875,42.7116],[-4.8981,42.6691],[-4.8953,42.6216],[-4.9144,42.5448],[-4.888,42.5369],[-4.8881,42.518],[-4.9127,42.4006],[-4.9113,42.3815],[-4.9727,42.3743],[-4.9796,42.3379],[-4.9425,42.3465],[-4.9549,42.296],[-5.0022,42.2892],[-5.0383,42.2971],[-5.0417,42.2675],[-5.064,42.2737],[-5.0938,42.3094],[-5.124,42.3002],[-5.1704,42.2679],[-5.2382,42.2643],[-5.2653,42.2182],[-5.3217,42.2042],[-5.3612,42.225],[-5.3872,42.1952],[-5.3769,42.1343],[-5.3874,42.083],[-5.3763,42.0414],[-5.4216,42.0308],[-5.5208,42.097],[-5.5417,42.098],[-5.5534,42.063],[-5.6247,42.0836],[-5.6211,42.1022],[-5.6433,42.1287],[-5.6796,42.1402],[-5.6769,42.1203],[-5.7431,42.1135],[-5.7551,42.1368],[-5.8382,42.1186],[-5.8694,42.122],[-5.893,42.1505],[-5.9559,42.1258],[-6.045,42.1577],[-6.2037,42.1483],[-6.2795,42.1778],[-6.3115,42.2081],[-6.3395,42.2001],[-6.4278,42.202],[-6.4906,42.1842],[-6.5578,42.2071],[-6.6163,42.2056],[-6.6541,42.2168],[-6.7056,42.2172],[-6.7832,42.2529],[-6.8055,42.2179],[-6.8668,42.217],[-6.9329,42.1741],[-6.9556,42.1322],[-6.9869,42.1141],[-7.0247,42.0757],[-7.0127,42.0522],[-6.9848,42.0512],[-6.9653,42.0283],[-6.9877,41.9834],[-6.9835,41.963],[-6.9451,41.9434],[-6.855,41.9429],[-6.8312,41.954],[-6.8249,41.9838],[-6.7944,41.9797],[-6.7579,41.9376],[-6.728,41.9309],[-6.6568,41.9331],[-6.6228,41.941],[-6.6095,41.9623],[-6.5851,41.9547],[-6.5676,41.9261],[-6.5758,41.8829],[-6.5242,41.8674],[-6.5357,41.8486],[-6.5601,41.7669],[-6.5774,41.7397],[-6.5553,41.6749],[-6.5134,41.6509],[-6.4608,41.6766],[-6.3659,41.6636],[-6.3171,41.6501],[-6.2722,41.6282],[-6.2059,41.5703],[-6.2859,41.4869],[-6.2829,41.4656],[-6.321,41.4196],[-6.3762,41.3969],[-6.431,41.339],[-6.4821,41.303],[-6.5635,41.2707],[-6.6466,41.2676],[-6.6938,41.2174],[-6.7069,41.1943],[-6.759,41.1518],[-6.7648,41.1089],[-6.818,41.0541],[-6.9068,41.0561],[-6.9274,41.0481],[-6.9871,41.0527],[-7.0753,41.0867],[-7.099,41.124],[-7.0927,41.1491],[-7.1263,41.1643],[-7.1126,41.1922],[-7.1701,41.1576],[-7.2225,41.1643],[-7.3007,41.1593],[-7.3597,41.1661],[-7.4022,41.2075],[-7.4323,41.216],[-7.5502,41.1828],[-7.5968,41.1778],[-7.6586,41.1801],[-7.7021,41.1594],[-7.7379,41.1526],[-7.774,41.1571],[-7.8097,41.1819],[-7.8433,41.1844],[-7.896,41.1591],[-7.9402,41.138],[-8.0621,41.1059],[-8.1902,41.1091],[-8.2902,41.0834],[-8.2978,41.0696],[-8.3462,41.044],[-8.3923,41.0397],[-8.3863,41.0162],[-8.4157,41.0226],[-8.4481,41.0555],[-8.4768,41.0212],[-8.4946,41.0166],[-8.5261,41.0322],[-8.5855,41.0151],[-8.6019,41.0231],[-8.6552,41.0167],[-8.6569,41.0283],[-8.7818,41.0283],[-8.7761,40.9176],[-8.7681,40.7609],[-8.8162,40.6225],[-8.8419,40.5487],[-8.8675,40.4749],[-8.9188,40.3273],[-8.9701,40.1798],[-8.9769,40.1601],[-8.9865,40.106],[-8.9997,40.0322],[-9.0489,39.7556],[-9.0693,39.737],[-9.3934,39.4419],[-9.4485,39.3917],[-9.4603,39.2943],[-9.4693,39.2205],[-9.4782,39.1467],[-9.514,38.8516],[-9.5277,38.7384],[-9.5277,38.738]],[[-4.3219,40.6579],[-4.3185,40.6824],[-4.2763,40.6927],[-4.2584,40.6616],[-4.3219,40.6579]],[[-3.3042,43.2607],[-3.2861,43.2564],[-3.2674,43.2274],[-3.2992,43.2169],[-3.3042,43.2607]]],[[[-5.3483,42.2782],[-5.3372,42.2466],[-5.3193,42.245],[-5.3032,42.2521],[-5.3092,42.2932],[-5.3483,42.2782]]],[[[-1.1945,42.4243],[-1.1904,42.4028],[-1.1581,42.426],[-1.1639,42.4409],[-1.1945,42.4243]]],[[[-1.1342,42.4467],[-1.0755,42.4326],[-1.0672,42.4458],[-1.1061,42.483],[-1.1342,42.4467]]]]}},
{"type":"Feature","properties":{"entityId":"iberian-tribes","from":-138,"to":-132,"certainty":"estimated","source":"유럽 쪽은 Natural Earth 1:10m admin-1(v5.1.2) 현대 행정구역 조각을 그 시기 국경에 맞춰 묶고, 조각이 역사 경계와 다른 곳은 선을 그어 나눈 근사. 유럽 밖(시베리아·중앙아시아·극동)은 대략적인 추정. 운영자 검수 필요"},"geometry":{"type":"MultiPolygon","coordinates":[[[[-1.7497,43.2948],[-1.6739,43.3042],[-1.645,43.2924],[-1.639,43.2557],[-1.5876,43.2516],[-1.559,43.2841],[-1.5081,43.2768],[-1.4664,43.2608],[-1.4322,43.265],[-1.4035,43.2433],[-1.3997,43.2067],[-1.4258,43.1353],[-1.4878,43.0818],[-1.4753,43.0601],[-1.435,43.0357],[-1.3831,43.0292],[-1.3576,43.0468],[-1.3483,43.0931],[-1.3086,43.1136],[-1.3106,43.0695],[-1.2749,43.0468],[-1.2169,43.0393],[-1.1499,43.0057],[-1.1124,43.0083],[-1.0797,42.9934],[-1.0285,42.9867],[-0.9815,42.957],[-0.9432,42.9479],[-0.8635,42.9431],[-0.7864,42.9533],[-0.7597,42.9465],[-0.745,42.9187],[-0.8062,42.9044],[-0.8192,42.8761],[-0.8462,42.8495],[-0.8569,42.7869],[-0.9044,42.7426],[-0.9771,42.7057],[-1.0246,42.6961],[-1.0445,42.65],[-1.145,42.6414],[-1.1533,42.6054],[-1.185,42.5846],[-1.2053,42.5581],[-1.2574,42.5532],[-1.2845,42.5166],[-1.2727,42.4876],[-1.342,42.4148],[-1.3504,42.3868],[-1.3345,42.3499],[-1.384,42.3004],[-1.4164,42.2206],[-1.3966,42.178],[-1.3942,42.1276],[-1.3507,42.0727],[-1.3239,42.0673],[-1.316,42.0371],[-1.3612,41.9838],[-1.3831,41.9437],[-1.4193,41.9089],[-1.4833,41.9222],[-1.5559,41.9116],[-1.6219,41.9512],[-1.6572,41.9622],[-1.6946,41.9533],[-1.7236,41.9606],[-1.7766,41.993],[-1.8524,42.0012],[-1.8906,42.0253],[-1.9013,42.0456],[-1.8961,42.0761],[-1.8358,42.1279],[-1.8234,42.1456],[-1.7742,42.14],[-1.7541,42.1464],[-1.7131,42.1361],[-1.6858,42.149],[-1.6971,42.2158],[-1.7958,42.2565],[-1.8293,42.2776],[-1.8619,42.2842],[-1.8635,42.3049],[-1.9013,42.3254],[-1.9767,42.393],[-2.0324,42.393],[-2.0696,42.4148],[-2.0553,42.4284],[-2.0765,42.4426],[-2.172,42.4414],[-2.206,42.4464],[-2.2387,42.472],[-2.2784,42.4899],[-2.3433,42.483],[-2.4061,42.4971],[-2.462,42.5073],[-2.5015,42.5377],[-2.5288,42.5172],[-2.5835,42.4967],[-2.5851,42.512],[-2.6179,42.5077],[-2.6847,42.5378],[-2.6856,42.5818],[-2.6994,42.5977],[-2.7474,42.6187],[-2.7697,42.6088],[-2.78,42.5856],[-2.8268,42.5902],[-2.8373,42.6441],[-2.9067,42.6263],[-3.0142,42.6409],[-3.0569,42.6373],[-3.0758,42.6257],[-3.0605,42.5994],[-3.1139,42.5484],[-3.1107,42.5368],[-3.07,42.5291],[-3.0832,42.4915],[-3.0492,42.4523],[-3.0582,42.4259],[-3.056,42.3803],[-3.0784,42.3555],[-3.1079,42.349],[-3.0879,42.27],[-3.1022,42.2178],[-3.1204,42.1963],[-3.0778,42.1377],[-3.0552,42.1253],[-3.0263,42.088],[-3.0108,42.0821],[-2.9342,42.0827],[-2.9102,42.0234],[-2.8709,42.0147],[-2.8128,42.0381],[-2.7963,42.056],[-2.7859,42.1011],[-2.7622,42.1181],[-2.7172,42.1142],[-2.7157,42.0799],[-2.7342,42.0641],[-2.7436,42.0225],[-2.6718,42.0005],[-2.5729,42.0002],[-2.5369,42.0526],[-2.5157,42.0688],[-2.5116,42.1051],[-2.4815,42.1082],[-2.4374,42.1319],[-2.3474,42.1422],[-2.2812,42.1299],[-2.2722,42.1019],[-2.2455,42.0895],[-2.1897,42.1041],[-2.1379,42.1016],[-2.1227,42.0907],[-2.149,42.0648],[-2.1462,42.0432],[-2.1166,42.022],[-2.1106,41.9634],[-2.0952,41.9527],[-1.9983,41.9335],[-1.9779,41.9205],[-1.9225,41.9257],[-1.8577,41.9548],[-1.8516,41.9061],[-1.816,41.8517],[-1.8459,41.7907],[-1.8085,41.7375],[-1.7855,41.7193],[-1.8073,41.6704],[-1.894,41.6294],[-1.9235,41.603],[-1.9695,41.6077],[-1.9883,41.5955],[-1.9759,41.5427],[-1.9787,41.5076],[-1.9528,41.4578],[-1.9459,41.4155],[-2.0141,41.3881],[-2.0408,41.3947],[-2.0521,41.435],[-2.0997,41.4426],[-2.1196,41.4237],[-2.128,41.3768],[-2.1662,41.346],[-2.1733,41.2946],[-2.1592,41.2692],[-2.1491,41.1939],[-2.1382,41.1815],[-2.0837,41.1719],[-2.0532,41.1504],[-1.9719,41.1699],[-1.9449,41.1644],[-1.8169,41.097],[-1.7673,41.065],[-1.7328,41.026],[-1.6219,40.9468],[-1.6102,40.9277],[-1.6141,40.8867],[-1.601,40.8587],[-1.5446,40.8174],[-1.5388,40.7768],[-1.557,40.7252],[-1.5397,40.6944],[-1.5374,40.663],[-1.5552,40.6142],[-1.5512,40.5951],[-1.5867,40.5706],[-1.6711,40.5893],[-1.6986,40.5424],[-1.6998,40.4933],[-1.75,40.4592],[-1.8083,40.402],[-1.8564,40.4288],[-1.8916,40.533],[-1.9299,40.5927],[-1.9555,40.5991],[-1.9828,40.5872],[-2.0311,40.5994],[-2.0857,40.6411],[-2.157,40.6588],[-2.1773,40.6286],[-2.2119,40.6234],[-2.2742,40.6462],[-2.2914,40.6333],[-2.2929,40.5948],[-2.3309,40.5733],[-2.389,40.6108],[-2.4078,40.6064],[-2.4161,40.5801],[-2.3901,40.5502],[-2.3979,40.5287],[-2.4321,40.5356],[-2.488,40.513],[-2.5278,40.5441],[-2.5454,40.5372],[-2.5287,40.4989],[-2.535,40.4698],[-2.5081,40.4511],[-2.5128,40.4197],[-2.5753,40.4479],[-2.6269,40.4531],[-2.6795,40.4332],[-2.7229,40.3973],[-2.7699,40.4213],[-2.8077,40.4069],[-2.8154,40.3254],[-2.801,40.2665],[-2.8163,40.2099],[-2.8662,40.1979],[-2.8852,40.1727],[-2.9128,40.1576],[-2.947,40.1698],[-2.9981,40.2092],[-3.0198,40.1931],[-3.0143,40.1553],[-3.0637,40.1684],[-3.0728,40.1576],[-3.0865,40.2393],[-3.1038,40.2699],[-3.1248,40.2749],[-3.1711,40.2425],[-3.1859,40.2495],[-3.178,40.3126],[-3.1531,40.3362],[-3.1387,40.3947],[-3.1571,40.4254],[-3.2002,40.4505],[-3.2045,40.513],[-3.2575,40.5428],[-3.2895,40.5331],[-3.2931,40.5685],[-3.326,40.5978],[-3.3182,40.6463],[-3.3668,40.6589],[-3.3892,40.6864],[-3.4343,40.6755],[-3.4588,40.695],[-3.4394,40.7309],[-3.4599,40.7788],[-3.4984,40.7962],[-3.4724,40.8582],[-3.4515,40.8751],[-3.4449,40.9235],[-3.4123,40.9892],[-3.4098,41.0122],[-3.4365,41.0774],[-3.4767,41.0908],[-3.5416,41.1442],[-3.5458,41.1618],[-3.5922,41.1541],[-3.6239,41.1394],[-3.6849,41.0847],[-3.7528,41.043],[-3.7871,40.9968],[-3.8057,40.9873],[-3.8919,40.9648],[-3.9348,40.9262],[-3.9531,40.8943],[-3.9529,40.8652],[-3.9841,40.7887],[-4.0187,40.7794],[-4.0598,40.7841],[-4.0901,40.7691],[-4.1613,40.6873],[-4.2458,40.7008],[-4.2763,40.6927],[-4.3185,40.6824],[-4.3219,40.6579],[-4.3439,40.6469],[-4.4195,40.6334],[-4.4446,40.7514],[-4.4751,40.7831],[-4.4952,40.831],[-4.5467,40.824],[-4.561,40.8411],[-4.5455,40.8757],[-4.5636,40.9463],[-4.6112,40.9768],[-4.6427,41.029],[-4.6994,41.068],[-4.7139,41.0906],[-4.7015,41.155],[-4.7941,41.136],[-4.8367,41.104],[-4.8853,41.106],[-4.9747,41.1553],[-5.0187,41.1584],[-5.0599,41.1385],[-5.0937,41.1439],[-5.1251,41.132],[-5.1745,41.1654],[-5.2228,41.1703],[-5.2621,41.1959],[-5.2888,41.1821],[-5.3011,41.1199],[-5.3372,41.1221],[-5.3626,41.1439],[-5.4017,41.1478],[-5.4075,41.1855],[-5.4967,41.1773],[-5.5491,41.2067],[-5.6112,41.2087],[-5.6605,41.2441],[-5.7119,41.2285],[-5.8113,41.2166],[-5.8892,41.2353],[-5.9081,41.233],[-5.9208,41.2052],[-5.9147,41.1627],[-5.9468,41.1411],[-5.9697,41.1631],[-5.992,41.1504],[-6.0276,41.165],[-6.0226,41.19],[-6.0564,41.2084],[-6.1093,41.2126],[-6.1287,41.1972],[-6.3219,41.2805],[-6.4821,41.303],[-6.431,41.339],[-6.3762,41.3969],[-6.321,41.4196],[-6.2829,41.4656],[-6.2859,41.4869],[-6.2059,41.5703],[-6.2722,41.6282],[-6.3171,41.6501],[-6.3659,41.6636],[-6.4608,41.6766],[-6.5134,41.6509],[-6.5553,41.6749],[-6.5774,41.7397],[-6.5601,41.7669],[-6.5357,41.8486],[-6.5242,41.8674],[-6.5758,41.8829],[-6.5676,41.9261],[-6.5851,41.9547],[-6.6095,41.9623],[-6.6228,41.941],[-6.6568,41.9331],[-6.728,41.9309],[-6.7579,41.9376],[-6.7944,41.9797],[-6.8249,41.9838],[-6.8312,41.954],[-6.855,41.9429],[-6.9451,41.9434],[-6.9835,41.963],[-6.9877,41.9834],[-6.9653,42.0283],[-6.9848,42.0512],[-7.0127,42.0522],[-7.0247,42.0757],[-6.9869,42.1141],[-6.9556,42.1322],[-6.9329,42.1741],[-6.8668,42.217],[-6.8055,42.2179],[-6.7832,42.2529],[-6.7056,42.2172],[-6.6541,42.2168],[-6.6163,42.2056],[-6.5578,42.2071],[-6.4906,42.1842],[-6.4278,42.202],[-6.3395,42.2001],[-6.3115,42.2081],[-6.2795,42.1778],[-6.2037,42.1483],[-6.045,42.1577],[-5.9559,42.1258],[-5.893,42.1505],[-5.8694,42.122],[-5.8382,42.1186],[-5.7551,42.1368],[-5.7431,42.1135],[-5.6769,42.1203],[-5.6796,42.1402],[-5.6433,42.1287],[-5.6211,42.1022],[-5.6247,42.0836],[-5.5534,42.063],[-5.5417,42.098],[-5.5208,42.097],[-5.4216,42.0308],[-5.3763,42.0414],[-5.3874,42.083],[-5.3769,42.1343],[-5.3872,42.1952],[-5.3612,42.225],[-5.3217,42.2042],[-5.2653,42.2182],[-5.2382,42.2643],[-5.1704,42.2679],[-5.124,42.3002],[-5.0938,42.3094],[-5.064,42.2737],[-5.0417,42.2675],[-5.0383,42.2971],[-5.0022,42.2892],[-4.9549,42.296],[-4.9425,42.3465],[-4.9796,42.3379],[-4.9727,42.3743],[-4.9113,42.3815],[-4.9127,42.4006],[-4.8881,42.518],[-4.888,42.5369],[-4.9144,42.5448],[-4.8953,42.6216],[-4.8981,42.6691],[-4.8875,42.7116],[-4.9321,42.74],[-4.9037,42.7796],[-4.9019,42.8481],[-4.8657,42.8605],[-4.8476,42.9024],[-4.8134,42.9257],[-4.7892,42.9898],[-4.7269,43.0159],[-4.5524,43.0239],[-4.4629,43.0509],[-4.4008,43.0333],[-4.3566,42.9854],[-4.2399,42.9502],[-4.2214,42.8502],[-4.1966,42.8441],[-4.1502,42.8622],[-4.1416,42.8345],[-4.1847,42.8235],[-4.1586,42.7935],[-4.1204,42.789],[-4.0858,42.7631],[-4.0472,42.7701],[-4.0189,42.8163],[-4.0028,42.8236],[-4.0002,42.7698],[-3.9652,42.7625],[-3.9174,42.7735],[-3.883,42.7971],[-3.8309,42.7999],[-3.8158,42.81],[-3.8314,42.8723],[-3.8499,42.8766],[-3.8939,42.8514],[-3.9092,42.8803],[-3.8982,42.8986],[-3.8395,42.9142],[-3.8362,42.9279],[-3.8646,42.9479],[-3.9278,42.9088],[-3.9658,42.9073],[-3.9836,42.9403],[-3.9526,42.9992],[-3.8961,43.0332],[-3.8427,43.0573],[-3.8383,43.0847],[-3.7662,43.0934],[-3.7062,43.1297],[-3.6478,43.1762],[-3.6038,43.1618],[-3.519,43.1438],[-3.4238,43.1406],[-3.4409,43.1881],[-3.4416,43.2333],[-3.4309,43.2435],[-3.3229,43.3001],[-3.2352,43.2991],[-3.2035,43.2923],[-3.1602,43.3078],[-3.1495,43.3244],[-3.1506,43.3602],[-3.1541,43.362],[-3.1541,43.4012],[-3.1106,43.4012],[-3.1106,43.4474],[-3.0672,43.4465],[-2.9803,43.4448],[-2.9256,43.4437],[-2.8748,43.4547],[-2.8746,43.4547],[-2.8744,43.4547],[-2.8064,43.4441],[-2.7558,43.4503],[-2.7397,43.4401],[-2.5533,43.4364],[-2.46,43.4345],[-2.4134,43.4336],[-2.3668,43.4326],[-2.3201,43.4317],[-2.2735,43.4308],[-2.1803,43.4289],[-1.9938,43.4252],[-1.9028,43.4234],[-1.8393,43.4968],[-1.8381,43.4982],[-1.7997,43.5425],[-1.7614,43.5425],[-1.7614,43.4982],[-1.762,43.4982],[-1.762,43.4694],[-1.762,43.4677],[-1.762,43.4406],[-1.762,43.4372],[-1.762,43.4067],[-1.8006,43.4067],[-1.8006,43.3894],[-1.7941,43.386],[-1.7969,43.3411],[-1.7682,43.3309],[-1.7497,43.2948]],[[-3.2992,43.2169],[-3.2674,43.2274],[-3.2861,43.2564],[-3.3042,43.2607],[-3.2992,43.2169]]],[[[-1.1639,42.4409],[-1.1581,42.426],[-1.1904,42.4028],[-1.1945,42.4243],[-1.1639,42.4409]]],[[[-1.1061,42.483],[-1.0672,42.4458],[-1.0755,42.4326],[-1.1342,42.4467],[-1.1061,42.483]]],[[[-5.3193,42.245],[-5.3372,42.2466],[-5.3483,42.2782],[-5.3092,42.2932],[-5.3032,42.2521],[-5.3193,42.245]]]]}},
{"type":"Feature","properties":{"entityId":"iberian-tribes","from":-132,"to":-71,"certainty":"estimated","source":"유럽 쪽은 Natural Earth 1:10m admin-1(v5.1.2) 현대 행정구역 조각을 그 시기 국경에 맞춰 묶고, 조각이 역사 경계와 다른 곳은 선을 그어 나눈 근사. 유럽 밖(시베리아·중앙아시아·극동)은 대략적인 추정. 운영자 검수 필요"},"geometry":{"type":"MultiPolygon","coordinates":[[[[-1.7497,43.2948],[-1.6739,43.3042],[-1.645,43.2924],[-1.639,43.2557],[-1.5876,43.2516],[-1.559,43.2841],[-1.5081,43.2768],[-1.4664,43.2608],[-1.4322,43.265],[-1.4035,43.2433],[-1.3997,43.2067],[-1.4258,43.1353],[-1.4878,43.0818],[-1.4753,43.0601],[-1.435,43.0357],[-1.3831,43.0292],[-1.3576,43.0468],[-1.3483,43.0931],[-1.3086,43.1136],[-1.3106,43.0695],[-1.2749,43.0468],[-1.2169,43.0393],[-1.1499,43.0057],[-1.1124,43.0083],[-1.0797,42.9934],[-1.0285,42.9867],[-0.9815,42.957],[-0.9432,42.9479],[-0.8635,42.9431],[-0.7864,42.9533],[-0.7597,42.9465],[-0.745,42.9187],[-0.8062,42.9044],[-0.8192,42.8761],[-0.8462,42.8495],[-0.8569,42.7869],[-0.9044,42.7426],[-0.9771,42.7057],[-1.0246,42.6961],[-1.0445,42.65],[-1.145,42.6414],[-1.1533,42.6054],[-1.185,42.5846],[-1.2053,42.5581],[-1.2574,42.5532],[-1.2845,42.5166],[-1.2727,42.4876],[-1.342,42.4148],[-1.3504,42.3868],[-1.3345,42.3499],[-1.384,42.3004],[-1.4164,42.2206],[-1.3966,42.178],[-1.3942,42.1276],[-1.3507,42.0727],[-1.3239,42.0673],[-1.316,42.0371],[-1.3612,41.9838],[-1.3831,41.9437],[-1.4193,41.9089],[-1.4833,41.9222],[-1.5559,41.9116],[-1.6219,41.9512],[-1.6572,41.9622],[-1.6946,41.9533],[-1.7236,41.9606],[-1.7766,41.993],[-1.8524,42.0012],[-1.8906,42.0253],[-1.9013,42.0456],[-1.8961,42.0761],[-1.8358,42.1279],[-1.8234,42.1456],[-1.7742,42.14],[-1.7541,42.1464],[-1.7131,42.1361],[-1.6858,42.149],[-1.6971,42.2158],[-1.7958,42.2565],[-1.8293,42.2776],[-1.8619,42.2842],[-1.8635,42.3049],[-1.9013,42.3254],[-1.9767,42.393],[-2.0324,42.393],[-2.0696,42.4148],[-2.0553,42.4284],[-2.0765,42.4426],[-2.172,42.4414],[-2.206,42.4464],[-2.2387,42.472],[-2.2784,42.4899],[-2.3433,42.483],[-2.4061,42.4971],[-2.462,42.5073],[-2.5015,42.5377],[-2.5288,42.5172],[-2.5835,42.4967],[-2.5851,42.512],[-2.6179,42.5077],[-2.6847,42.5378],[-2.6856,42.5818],[-2.6994,42.5977],[-2.7474,42.6187],[-2.7697,42.6088],[-2.78,42.5856],[-2.8268,42.5902],[-2.8373,42.6441],[-2.9067,42.6263],[-3.0142,42.6409],[-3.0569,42.6373],[-3.0758,42.6257],[-3.0605,42.5994],[-3.1139,42.5484],[-3.1107,42.5368],[-3.07,42.5291],[-3.0832,42.4915],[-3.0492,42.4523],[-3.0582,42.4259],[-3.056,42.3803],[-3.0784,42.3555],[-3.1079,42.349],[-3.0879,42.27],[-3.1022,42.2178],[-3.1204,42.1963],[-3.0778,42.1377],[-3.0552,42.1253],[-3.0263,42.088],[-3.0108,42.0821],[-2.9342,42.0827],[-2.9102,42.0234],[-2.9323,42.0181],[-2.9643,41.9625],[-2.9738,41.9308],[-3.0026,41.9217],[-3.0168,41.8868],[-3.0754,41.8832],[-3.1714,41.7929],[-3.1948,41.8269],[-3.2287,41.8404],[-3.253,41.8637],[-3.2864,41.8552],[-3.2779,41.7714],[-3.321,41.7454],[-3.3543,41.7373],[-3.3585,41.6934],[-3.3935,41.6907],[-3.4597,41.5894],[-3.5277,41.6075],[-3.5417,41.5778],[-3.5729,41.5654],[-3.6233,41.5736],[-3.6728,41.5592],[-3.7296,41.505],[-3.7291,41.4577],[-3.7699,41.4601],[-3.786,41.5021],[-3.8358,41.4999],[-3.889,41.5471],[-3.9806,41.5832],[-3.9915,41.5402],[-4.0149,41.5139],[-4.1338,41.48],[-4.1663,41.4775],[-4.2524,41.452],[-4.3242,41.451],[-4.365,41.4388],[-4.4075,41.4419],[-4.4865,41.4089],[-4.5149,41.4096],[-4.4961,41.364],[-4.4956,41.3411],[-4.4714,41.2916],[-4.5342,41.3194],[-4.5575,41.3025],[-4.597,41.3207],[-4.607,41.298],[-4.5791,41.2788],[-4.6508,41.2216],[-4.6505,41.1999],[-4.7015,41.155],[-4.7941,41.136],[-4.8367,41.104],[-4.8853,41.106],[-4.9747,41.1553],[-5.0187,41.1584],[-5.0599,41.1385],[-5.0937,41.1439],[-5.1251,41.132],[-5.1745,41.1654],[-5.2228,41.1703],[-5.2621,41.1959],[-5.2888,41.1821],[-5.3011,41.1199],[-5.3372,41.1221],[-5.3626,41.1439],[-5.4017,41.1478],[-5.4075,41.1855],[-5.4967,41.1773],[-5.5491,41.2067],[-5.6112,41.2087],[-5.6605,41.2441],[-5.7119,41.2285],[-5.8113,41.2166],[-5.8892,41.2353],[-5.9081,41.233],[-5.9208,41.2052],[-5.9147,41.1627],[-5.9468,41.1411],[-5.9697,41.1631],[-5.992,41.1504],[-6.0276,41.165],[-6.0226,41.19],[-6.0564,41.2084],[-6.1093,41.2126],[-6.1287,41.1972],[-6.3219,41.2805],[-6.4821,41.303],[-6.431,41.339],[-6.3762,41.3969],[-6.321,41.4196],[-6.2829,41.4656],[-6.2859,41.4869],[-6.2059,41.5703],[-6.2722,41.6282],[-6.3171,41.6501],[-6.3659,41.6636],[-6.4608,41.6766],[-6.5134,41.6509],[-6.5553,41.6749],[-6.5774,41.7397],[-6.5601,41.7669],[-6.5357,41.8486],[-6.5242,41.8674],[-6.5758,41.8829],[-6.5676,41.9261],[-6.5851,41.9547],[-6.6095,41.9623],[-6.6228,41.941],[-6.6568,41.9331],[-6.728,41.9309],[-6.7579,41.9376],[-6.7944,41.9797],[-6.8249,41.9838],[-6.8312,41.954],[-6.855,41.9429],[-6.9451,41.9434],[-6.9835,41.963],[-6.9877,41.9834],[-6.9653,42.0283],[-6.9848,42.0512],[-7.0127,42.0522],[-7.0247,42.0757],[-6.9869,42.1141],[-6.9556,42.1322],[-6.9329,42.1741],[-6.8668,42.217],[-6.8055,42.2179],[-6.7832,42.2529],[-6.7056,42.2172],[-6.6541,42.2168],[-6.6163,42.2056],[-6.5578,42.2071],[-6.4906,42.1842],[-6.4278,42.202],[-6.3395,42.2001],[-6.3115,42.2081],[-6.2795,42.1778],[-6.2037,42.1483],[-6.045,42.1577],[-5.9559,42.1258],[-5.893,42.1505],[-5.8694,42.122],[-5.8382,42.1186],[-5.7551,42.1368],[-5.7431,42.1135],[-5.6769,42.1203],[-5.6796,42.1402],[-5.6433,42.1287],[-5.6211,42.1022],[-5.6247,42.0836],[-5.5534,42.063],[-5.5417,42.098],[-5.5208,42.097],[-5.4216,42.0308],[-5.3763,42.0414],[-5.3874,42.083],[-5.3769,42.1343],[-5.3872,42.1952],[-5.3612,42.225],[-5.3217,42.2042],[-5.2653,42.2182],[-5.2382,42.2643],[-5.1704,42.2679],[-5.124,42.3002],[-5.0938,42.3094],[-5.064,42.2737],[-5.0417,42.2675],[-5.0383,42.2971],[-5.0022,42.2892],[-4.9549,42.296],[-4.9425,42.3465],[-4.9796,42.3379],[-4.9727,42.3743],[-4.9113,42.3815],[-4.9127,42.4006],[-4.8881,42.518],[-4.888,42.5369],[-4.9144,42.5448],[-4.8953,42.6216],[-4.8981,42.6691],[-4.8875,42.7116],[-4.9321,42.74],[-4.9037,42.7796],[-4.9019,42.8481],[-4.8657,42.8605],[-4.8476,42.9024],[-4.8134,42.9257],[-4.7892,42.9898],[-4.7269,43.0159],[-4.5524,43.0239],[-4.4629,43.0509],[-4.4008,43.0333],[-4.3566,42.9854],[-4.2399,42.9502],[-4.2214,42.8502],[-4.1966,42.8441],[-4.1502,42.8622],[-4.1416,42.8345],[-4.1847,42.8235],[-4.1586,42.7935],[-4.1204,42.789],[-4.0858,42.7631],[-4.0472,42.7701],[-4.0189,42.8163],[-4.0028,42.8236],[-4.0002,42.7698],[-3.9652,42.7625],[-3.9174,42.7735],[-3.883,42.7971],[-3.8309,42.7999],[-3.8158,42.81],[-3.8314,42.8723],[-3.8499,42.8766],[-3.8939,42.8514],[-3.9092,42.8803],[-3.8982,42.8986],[-3.8395,42.9142],[-3.8362,42.9279],[-3.8646,42.9479],[-3.9278,42.9088],[-3.9658,42.9073],[-3.9836,42.9403],[-3.9526,42.9992],[-3.8961,43.0332],[-3.8427,43.0573],[-3.8383,43.0847],[-3.7662,43.0934],[-3.7062,43.1297],[-3.6478,43.1762],[-3.6038,43.1618],[-3.519,43.1438],[-3.4238,43.1406],[-3.4409,43.1881],[-3.4416,43.2333],[-3.4309,43.2435],[-3.3229,43.3001],[-3.2352,43.2991],[-3.2035,43.2923],[-3.1602,43.3078],[-3.1495,43.3244],[-3.1506,43.3602],[-3.1541,43.362],[-3.1541,43.4012],[-3.1106,43.4012],[-3.1106,43.4474],[-3.0672,43.4465],[-2.9803,43.4448],[-2.9256,43.4437],[-2.8748,43.4547],[-2.8746,43.4547],[-2.8744,43.4547],[-2.8064,43.4441],[-2.7558,43.4503],[-2.7397,43.4401],[-2.5533,43.4364],[-2.46,43.4345],[-2.4134,43.4336],[-2.3668,43.4326],[-2.3201,43.4317],[-2.2735,43.4308],[-2.1803,43.4289],[-1.9938,43.4252],[-1.9028,43.4234],[-1.8393,43.4968],[-1.8381,43.4982],[-1.7997,43.5425],[-1.7614,43.5425],[-1.7614,43.4982],[-1.762,43.4982],[-1.762,43.4694],[-1.762,43.4677],[-1.762,43.4406],[-1.762,43.4372],[-1.762,43.4067],[-1.8006,43.4067],[-1.8006,43.3894],[-1.7941,43.386],[-1.7969,43.3411],[-1.7682,43.3309],[-1.7497,43.2948]],[[-3.2992,43.2169],[-3.2674,43.2274],[-3.2861,43.2564],[-3.3042,43.2607],[-3.2992,43.2169]]],[[[-1.1639,42.4409],[-1.1581,42.426],[-1.1904,42.4028],[-1.1945,42.4243],[-1.1639,42.4409]]],[[[-1.1061,42.483],[-1.0672,42.4458],[-1.0755,42.4326],[-1.1342,42.4467],[-1.1061,42.483]]],[[[-5.3193,42.245],[-5.3372,42.2466],[-5.3483,42.2782],[-5.3092,42.2932],[-5.3032,42.2521],[-5.3193,42.245]]]]}},
{"type":"Feature","properties":{"entityId":"iberian-tribes","from":-71,"to":-26,"certainty":"estimated","source":"유럽 쪽은 Natural Earth 1:10m admin-1(v5.1.2) 현대 행정구역 조각을 그 시기 국경에 맞춰 묶고, 조각이 역사 경계와 다른 곳은 선을 그어 나눈 근사. 유럽 밖(시베리아·중앙아시아·극동)은 대략적인 추정. 운영자 검수 필요"},"geometry":{"type":"MultiPolygon","coordinates":[[[[-2.253,42.9001],[-2.2423,42.8392],[-2.2744,42.791],[-2.2849,42.7447],[-2.3207,42.721],[-2.312,42.6829],[-2.2927,42.6631],[-2.3284,42.643],[-2.3659,42.6379],[-2.4087,42.6602],[-2.4927,42.6093],[-2.4814,42.5859],[-2.4501,42.576],[-2.4213,42.5988],[-2.4059,42.5961],[-2.394,42.565],[-2.4061,42.4971],[-2.462,42.5073],[-2.5015,42.5377],[-2.5288,42.5172],[-2.5835,42.4967],[-2.5851,42.512],[-2.6179,42.5077],[-2.6847,42.5378],[-2.6856,42.5818],[-2.6994,42.5977],[-2.7474,42.6187],[-2.7697,42.6088],[-2.78,42.5856],[-2.8268,42.5902],[-2.8373,42.6441],[-2.9067,42.6263],[-3.0142,42.6409],[-3.0569,42.6373],[-3.0758,42.6257],[-3.0605,42.5994],[-3.1139,42.5484],[-3.1107,42.5368],[-3.07,42.5291],[-3.0832,42.4915],[-3.0492,42.4523],[-3.0582,42.4259],[-3.056,42.3803],[-3.0784,42.3555],[-3.1079,42.349],[-3.0879,42.27],[-3.1022,42.2178],[-3.1204,42.1963],[-3.0778,42.1377],[-3.0552,42.1253],[-3.0263,42.088],[-3.0108,42.0821],[-2.9342,42.0827],[-2.9102,42.0234],[-2.9323,42.0181],[-2.9643,41.9625],[-2.9738,41.9308],[-3.0026,41.9217],[-3.0168,41.8868],[-3.0754,41.8832],[-3.1714,41.7929],[-3.1948,41.8269],[-3.2287,41.8404],[-3.253,41.8637],[-3.2864,41.8552],[-3.2779,41.7714],[-3.321,41.7454],[-3.3543,41.7373],[-3.3585,41.6934],[-3.3935,41.6907],[-3.4597,41.5894],[-3.5277,41.6075],[-3.5417,41.5778],[-3.5729,41.5654],[-3.6233,41.5736],[-3.6728,41.5592],[-3.7296,41.505],[-3.7291,41.4577],[-3.7699,41.4601],[-3.786,41.5021],[-3.8358,41.4999],[-3.889,41.5471],[-3.9806,41.5832],[-3.9915,41.5402],[-4.0149,41.5139],[-4.1338,41.48],[-4.1663,41.4775],[-4.2524,41.452],[-4.3242,41.451],[-4.365,41.4388],[-4.4075,41.4419],[-4.4865,41.4089],[-4.5149,41.4096],[-4.4961,41.364],[-4.4956,41.3411],[-4.4714,41.2916],[-4.5342,41.3194],[-4.5575,41.3025],[-4.597,41.3207],[-4.607,41.298],[-4.5791,41.2788],[-4.6508,41.2216],[-4.6505,41.1999],[-4.7015,41.155],[-4.7941,41.136],[-4.8367,41.104],[-4.8853,41.106],[-4.9747,41.1553],[-5.0187,41.1584],[-5.0599,41.1385],[-5.0937,41.1439],[-5.1251,41.132],[-5.1745,41.1654],[-5.2228,41.1703],[-5.2621,41.1959],[-5.2888,41.1821],[-5.3011,41.1199],[-5.3372,41.1221],[-5.3626,41.1439],[-5.4017,41.1478],[-5.4075,41.1855],[-5.4967,41.1773],[-5.5491,41.2067],[-5.6112,41.2087],[-5.6605,41.2441],[-5.7119,41.2285],[-5.8113,41.2166],[-5.8892,41.2353],[-5.9081,41.233],[-5.9208,41.2052],[-5.9147,41.1627],[-5.9468,41.1411],[-5.9697,41.1631],[-5.992,41.1504],[-6.0276,41.165],[-6.0226,41.19],[-6.0564,41.2084],[-6.1093,41.2126],[-6.1287,41.1972],[-6.3219,41.2805],[-6.4821,41.303],[-6.431,41.339],[-6.3762,41.3969],[-6.321,41.4196],[-6.2829,41.4656],[-6.2859,41.4869],[-6.2059,41.5703],[-6.2722,41.6282],[-6.3171,41.6501],[-6.3659,41.6636],[-6.4608,41.6766],[-6.5134,41.6509],[-6.5553,41.6749],[-6.5774,41.7397],[-6.5601,41.7669],[-6.5357,41.8486],[-6.5242,41.8674],[-6.5758,41.8829],[-6.5676,41.9261],[-6.5851,41.9547],[-6.6095,41.9623],[-6.6228,41.941],[-6.6568,41.9331],[-6.728,41.9309],[-6.7579,41.9376],[-6.7944,41.9797],[-6.8249,41.9838],[-6.8312,41.954],[-6.855,41.9429],[-6.9451,41.9434],[-6.9835,41.963],[-6.9877,41.9834],[-6.9653,42.0283],[-6.9848,42.0512],[-7.0127,42.0522],[-7.0247,42.0757],[-6.9869,42.1141],[-6.9556,42.1322],[-6.9329,42.1741],[-6.8668,42.217],[-6.8055,42.2179],[-6.7832,42.2529],[-6.7056,42.2172],[-6.6541,42.2168],[-6.6163,42.2056],[-6.5578,42.2071],[-6.4906,42.1842],[-6.4278,42.202],[-6.3395,42.2001],[-6.3115,42.2081],[-6.2795,42.1778],[-6.2037,42.1483],[-6.045,42.1577],[-5.9559,42.1258],[-5.893,42.1505],[-5.8694,42.122],[-5.8382,42.1186],[-5.7551,42.1368],[-5.7431,42.1135],[-5.6769,42.1203],[-5.6796,42.1402],[-5.6433,42.1287],[-5.6211,42.1022],[-5.6247,42.0836],[-5.5534,42.063],[-5.5417,42.098],[-5.5208,42.097],[-5.4216,42.0308],[-5.3763,42.0414],[-5.3874,42.083],[-5.3769,42.1343],[-5.3872,42.1952],[-5.3612,42.225],[-5.3217,42.2042],[-5.2653,42.2182],[-5.2382,42.2643],[-5.1704,42.2679],[-5.124,42.3002],[-5.0938,42.3094],[-5.064,42.2737],[-5.0417,42.2675],[-5.0383,42.2971],[-5.0022,42.2892],[-4.9549,42.296],[-4.9425,42.3465],[-4.9796,42.3379],[-4.9727,42.3743],[-4.9113,42.3815],[-4.9127,42.4006],[-4.8881,42.518],[-4.888,42.5369],[-4.9144,42.5448],[-4.8953,42.6216],[-4.8981,42.6691],[-4.8875,42.7116],[-4.9321,42.74],[-4.9037,42.7796],[-4.9019,42.8481],[-4.8657,42.8605],[-4.8476,42.9024],[-4.8134,42.9257],[-4.7892,42.9898],[-4.7269,43.0159],[-4.5524,43.0239],[-4.4629,43.0509],[-4.4008,43.0333],[-4.3566,42.9854],[-4.2399,42.9502],[-4.2214,42.8502],[-4.1966,42.8441],[-4.1502,42.8622],[-4.1416,42.8345],[-4.1847,42.8235],[-4.1586,42.7935],[-4.1204,42.789],[-4.0858,42.7631],[-4.0472,42.7701],[-4.0189,42.8163],[-4.0028,42.8236],[-4.0002,42.7698],[-3.9652,42.7625],[-3.9174,42.7735],[-3.883,42.7971],[-3.8309,42.7999],[-3.8158,42.81],[-3.8314,42.8723],[-3.8499,42.8766],[-3.8939,42.8514],[-3.9092,42.8803],[-3.8982,42.8986],[-3.8395,42.9142],[-3.8362,42.9279],[-3.8646,42.9479],[-3.9278,42.9088],[-3.9658,42.9073],[-3.9836,42.9403],[-3.9526,42.9992],[-3.8961,43.0332],[-3.8427,43.0573],[-3.8383,43.0847],[-3.7662,43.0934],[-3.7062,43.1297],[-3.6478,43.1762],[-3.6038,43.1618],[-3.519,43.1438],[-3.4238,43.1406],[-3.4409,43.1881],[-3.4416,43.2333],[-3.4309,43.2435],[-3.3229,43.3001],[-3.2352,43.2991],[-3.2035,43.2923],[-3.1602,43.3078],[-3.1495,43.3244],[-3.1506,43.3602],[-3.1541,43.362],[-3.1541,43.4012],[-3.1106,43.4012],[-3.1106,43.4474],[-3.0672,43.4465],[-2.9803,43.4448],[-2.9256,43.4437],[-2.8748,43.4547],[-2.8746,43.4547],[-2.8744,43.4547],[-2.8064,43.4441],[-2.7558,43.4503],[-2.7397,43.4401],[-2.5533,43.4364],[-2.46,43.4345],[-2.4134,43.4336],[-2.3668,43.4326],[-2.3201,43.4317],[-2.2735,43.4308],[-2.1803,43.4289],[-1.9938,43.4252],[-1.9028,43.4234],[-1.8393,43.4968],[-1.8381,43.4982],[-1.7997,43.5425],[-1.7614,43.5425],[-1.7614,43.4982],[-1.762,43.4982],[-1.762,43.4694],[-1.762,43.4677],[-1.762,43.4406],[-1.762,43.4372],[-1.762,43.4067],[-1.8006,43.4067],[-1.8006,43.3894],[-1.7941,43.386],[-1.7969,43.3411],[-1.7682,43.3309],[-1.7497,43.2948],[-1.7913,43.2774],[-1.8211,43.2386],[-1.8893,43.2116],[-1.9085,43.2183],[-1.9187,43.1922],[-1.9125,43.1351],[-1.9267,43.1144],[-2.0146,43.067],[-2.0406,43.0276],[-2.0427,42.9945],[-2.0947,42.9755],[-2.1329,42.9469],[-2.2141,42.9496],[-2.253,42.9001]],[[-3.2992,43.2169],[-3.2674,43.2274],[-3.2861,43.2564],[-3.3042,43.2607],[-3.2992,43.2169]]],[[[-5.3193,42.245],[-5.3372,42.2466],[-5.3483,42.2782],[-5.3092,42.2932],[-5.3032,42.2521],[-5.3193,42.245]]]]}}
]}
