{"type":"FeatureCollection","features":[
{"type":"Feature","properties":{"entityId":"italic-tribes","from":-429,"to":-423,"certainty":"estimated","source":"유럽 쪽은 Natural Earth 1:10m admin-1(v5.1.2) 현대 행정구역 조각을 그 시기 국경에 맞춰 묶고, 조각이 역사 경계와 다른 곳은 선을 그어 나눈 근사. 유럽 밖(시베리아·중앙아시아·극동)은 대략적인 추정. 운영자 검수 필요"},"geometry":{"type":"MultiPolygon","coordinates":[[[[12.1022,43.759],[12.1253,43.7642],[12.1899,43.7436],[12.2067,43.7589],[12.2858,43.7689],[12.3576,43.7226],[12.3248,43.6834],[12.3099,43.7241],[12.297,43.724],[12.2777,43.6897],[12.2499,43.6824],[12.1958,43.6534],[12.2048,43.6168],[12.286,43.5916],[12.3108,43.6093],[12.3589,43.6194],[12.3478,43.5683],[12.3097,43.5667],[12.3199,43.5462],[12.3819,43.5246],[12.4317,43.5384],[12.5105,43.5125],[12.6047,43.4303],[12.6447,43.4439],[12.6911,43.4343],[12.7127,43.4539],[12.7582,43.4612],[12.7465,43.3788],[12.7889,43.3241],[12.7957,43.2785],[12.8517,43.2061],[12.8573,43.184],[12.8354,43.1494],[12.8374,43.1325],[12.8752,43.1158],[12.8953,43.0874],[12.891,43.0527],[12.9071,42.9715],[12.9619,42.9293],[12.9693,42.8918],[12.992,42.8966],[12.9949,42.9172],[13.0488,42.9178],[13.1372,42.8495],[13.1504,42.8236],[13.2243,42.8477],[13.2563,42.8025],[13.2489,42.7678],[13.2035,42.7598],[13.1945,42.7346],[13.1891,42.694],[13.1539,42.6451],[13.1188,42.646],[13.0593,42.6238],[13.0176,42.6316],[12.988,42.608],[12.902,42.6096],[12.8792,42.5903],[12.8801,42.5647],[12.78,42.5271],[12.7552,42.5003],[12.7161,42.4896],[12.7222,42.454],[12.6657,42.4435],[12.6121,42.4631],[12.6117,42.4338],[12.5926,42.401],[12.5284,42.3695],[12.504,42.3906],[12.4651,42.3869],[12.4534,42.3721],[12.4724,42.3184],[12.491,42.2983],[12.5204,42.2958],[12.5469,42.2935],[12.5605,42.2706],[12.5742,42.2911],[12.6022,42.2775],[12.6298,42.2414],[12.6111,42.2377],[12.6121,42.1949],[12.6247,42.1747],[12.6953,42.1465],[12.765,42.1873],[12.7978,42.1594],[12.8326,42.1476],[12.8656,42.1065],[12.8854,42.1001],[12.9205,42.1135],[12.9525,42.0983],[12.9975,42.125],[13.0296,42.1156],[13.0137,42.1085],[13.017,42.0546],[13.0284,42.0319],[13.0823,42.0189],[13.0971,42.0237],[13.2801,41.9468],[13.2979,41.947],[13.2393,41.8919],[13.1974,41.8676],[13.1844,41.8482],[13.1382,41.8455],[13.0826,41.858],[13.0614,41.8334],[13.0075,41.8149],[12.9976,41.7847],[13.0186,41.7529],[13.0931,41.7083],[13.0948,41.6846],[13.1471,41.6533],[13.1576,41.6354],[13.1569,41.5886],[13.1752,41.5836],[13.1037,41.5454],[13.0755,41.5685],[13.0201,41.5778],[13.0036,41.627],[12.9577,41.662],[12.9345,41.7096],[12.9124,41.7124],[12.8535,41.7013],[12.8476,41.6407],[12.8233,41.6235],[12.7902,41.6175],[12.747,41.5738],[12.6992,41.606],[12.6599,41.6036],[12.6498,41.6562],[12.6191,41.6651],[12.5797,41.6489],[12.56,41.6163],[12.5761,41.5825],[12.6028,41.5556],[12.6624,41.5307],[12.6825,41.5091],[12.722,41.4946],[12.7565,41.4634],[12.7744,41.4209],[12.778,41.4208],[12.778,41.3156],[12.8071,41.2988],[12.8861,41.2531],[13.04,41.2398],[13.0446,41.2275],[13.0905,41.2265],[13.0985,41.2347],[13.35,41.2129],[13.5754,41.1933],[13.6277,41.1888],[13.6351,41.1819],[13.65,41.168],[13.6828,41.1374],[13.6947,41.1374],[13.6947,41.1969],[13.7245,41.1969],[13.7245,41.2224],[13.7543,41.2224],[13.7543,41.2304],[13.7437,41.2376],[13.8049,41.2537],[13.8225,41.2806],[13.867,41.3056],[13.8726,41.3354],[13.8754,41.3936],[13.8597,41.4192],[13.9383,41.4644],[13.9618,41.4707],[13.9846,41.461],[14.0256,41.4038],[14.0393,41.3946],[14.1091,41.3927],[14.1058,41.4188],[14.083,41.4546],[14.1209,41.4957],[14.1637,41.4907],[14.2225,41.4948],[14.2665,41.4852],[14.2951,41.4694],[14.3827,41.442],[14.4619,41.4231],[14.4959,41.3904],[14.5138,41.389],[14.4533,41.3638],[14.4453,41.3457],[14.4881,41.307],[14.4504,41.2881],[14.4244,41.2562],[14.421,41.2302],[14.4472,41.2063],[14.4602,41.1775],[14.4214,41.1507],[14.3784,41.164],[14.3596,41.1605],[14.3645,41.1378],[14.4231,41.1119],[14.4347,41.0946],[14.422,41.0606],[14.4293,41.048],[14.4816,41.0522],[14.5159,41.0446],[14.5313,41.0134],[14.572,41.0095],[14.5826,40.9429],[14.6,40.9311],[14.6549,40.9214],[14.6691,40.9009],[14.6538,40.894],[14.5944,40.9033],[14.5782,40.8748],[14.6055,40.8476],[14.6525,40.8266],[14.677,40.8282],[14.7011,40.8489],[14.7381,40.8345],[14.7343,40.8164],[14.7623,40.8058],[14.8689,40.7991],[14.9078,40.807],[14.9856,40.7801],[15.1117,40.7658],[15.1317,40.7591],[15.1574,40.7191],[15.1724,40.7114],[15.2374,40.7235],[15.2525,40.7879],[15.2794,40.7994],[15.2984,40.8357],[15.3221,40.8375],[15.3443,40.8207],[15.3649,40.7924],[15.3785,40.7294],[15.4352,40.6794],[15.4876,40.6619],[15.481,40.6408],[15.4456,40.6057],[15.5176,40.5647],[15.5396,40.52],[15.5349,40.494],[15.5764,40.4575],[15.5922,40.4333],[15.6228,40.4234],[15.6561,40.3942],[15.7063,40.3743],[15.717,40.3184],[15.7485,40.3002],[15.7904,40.2565],[15.7755,40.2198],[15.7239,40.1909],[15.694,40.162],[15.6931,40.1305],[15.6498,40.0808],[15.6643,40.067],[15.6467,40.0469],[15.6645,40.0259],[15.6645,40.0237],[15.6195,40.0237],[15.6195,39.9895],[15.5741,39.9895],[15.5741,39.9012],[15.561,39.9012],[15.561,39.8571],[15.6195,39.8571],[15.6195,39.8528],[15.665,39.8528],[15.665,39.8955],[15.7283,39.8955],[15.7283,39.9382],[15.7397,39.9382],[15.7458,39.9246],[15.7765,39.9653],[15.8583,40.0082],[15.9035,39.9855],[15.9203,40.004],[15.9519,40.0044],[15.9769,39.9806],[16.0162,39.987],[16.0154,39.9484],[16.0689,39.9067],[16.1974,39.9145],[16.2149,39.929],[16.2627,39.9422],[16.3031,39.9372],[16.3543,39.9008],[16.3453,39.9326],[16.3653,39.9749],[16.3837,39.9934],[16.3988,40.0555],[16.3816,40.0651],[16.3557,40.1179],[16.363,40.1366],[16.3942,40.1577],[16.351,40.207],[16.3715,40.273],[16.3746,40.3099],[16.331,40.3065],[16.3193,40.2801],[16.2338,40.2651],[16.1983,40.2724],[16.1757,40.2988],[16.1529,40.3737],[16.109,40.4032],[16.1075,40.4162],[16.1365,40.4452],[16.1303,40.4723],[16.0958,40.5293],[16.0983,40.5548],[16.1192,40.5827],[16.0528,40.6323],[16.0562,40.6564],[16.1458,40.6957],[16.1492,40.7225],[16.1172,40.7699],[16.1215,40.7961],[16.1603,40.8047],[16.2454,40.8375],[16.3404,40.7521],[16.3964,40.713],[16.4351,40.7096],[16.4978,40.7578],[16.5157,40.7575],[16.5347,40.7336],[16.536,40.7547],[16.5693,40.7493],[16.5869,40.7623],[16.621,40.7585],[16.6946,40.7336],[16.7157,40.7154],[16.7862,40.7322],[16.8059,40.6966],[16.8234,40.6954],[16.8621,40.7215],[16.9231,40.7009],[16.9566,40.7513],[16.9868,40.7626],[17.0137,40.7554],[17.0246,40.7161],[17.0637,40.7209],[17.1249,40.7094],[17.1502,40.7136],[17.165,40.747],[17.2085,40.7634],[17.2576,40.7649],[17.3251,40.7425],[17.3537,40.7486],[17.3615,40.7292],[17.4114,40.6856],[17.4316,40.6314],[17.4573,40.6182],[17.465,40.593],[17.4519,40.5438],[17.4853,40.4875],[17.5177,40.4739],[17.5419,40.4439],[17.5678,40.4349],[17.592,40.4604],[17.6127,40.4642],[17.6573,40.4494],[17.7142,40.4063],[17.7809,40.3938],[17.7985,40.3796],[17.764,40.2934],[17.7725,40.2931],[17.7725,40.25],[17.8202,40.2098],[17.9889,40.0676],[17.9675,40.0573],[18.0051,40.0449],[18.0221,40.0217],[17.9954,40.0027],[18.0715,39.9115],[18.1306,39.8835],[18.1619,39.8605],[18.2113,39.8393],[18.2654,39.8346],[18.2934,39.811],[18.2935,39.8112],[18.2938,39.811],[18.2997,39.8223],[18.3304,39.8034],[18.3683,39.7966],[18.3865,39.8253],[18.4001,39.8786],[18.3948,39.9049],[18.4234,39.9875],[18.4459,40.0303],[18.4836,40.0552],[18.4919,40.0847],[18.5174,40.1142],[18.4373,40.2679],[18.4093,40.2976],[18.3766,40.3565],[18.2887,40.41],[18.2588,40.4307],[18.2383,40.4577],[18.2117,40.4647],[18.1538,40.492],[18.0381,40.5624],[18.0432,40.602],[18.0158,40.6252],[18.007,40.6507],[17.9617,40.6474],[17.9554,40.6546],[17.9552,40.6547],[17.9558,40.6705],[17.9219,40.683],[17.8577,40.6922],[17.8248,40.7049],[17.7484,40.7476],[17.7166,40.758],[17.5198,40.8778],[17.4995,40.8862],[17.4452,40.9086],[17.4181,40.9197],[17.3909,40.931],[17.2823,40.9757],[17.2764,40.9802],[17.2031,41.021],[17.0571,41.0819],[16.9779,41.1013],[16.7854,41.1807],[16.7063,41.2125],[16.6384,41.2398],[16.6045,41.2535],[16.5705,41.2671],[16.5026,41.2945],[16.4347,41.3218],[16.163,41.4311],[16.0279,41.4854],[16.0013,41.4961],[15.9029,41.5357],[15.9051,41.5523],[15.9241,41.5658],[16.163,41.7358],[16.1698,41.7406],[16.1696,41.7408],[16.1698,41.741],[16.163,41.7471],[16.1535,41.7556],[16.1929,41.7909],[16.1922,41.8214],[16.176,41.8774],[16.1688,41.886],[16.1662,41.8958],[16.1586,41.8982],[16.1405,41.9199],[16.0271,41.9441],[15.9685,41.9388],[15.9646,41.9392],[15.9642,41.9392],[15.95,41.9385],[15.925,41.961],[15.9246,41.961],[15.4408,41.9578],[15.177,41.9561],[15.1441,41.9559],[15.1438,41.9559],[15.1111,41.9796],[14.9131,42.123],[14.8618,42.1601],[14.848,42.1701],[14.6493,42.314],[14.3854,42.5052],[14.3782,42.5104],[14.3311,42.5445],[14.2841,42.5785],[14.19,42.6467],[14.1024,42.7101],[14.0313,42.7616],[13.9603,42.878],[13.9346,42.92],[13.909,42.962],[13.8577,43.046],[13.8535,43.0674],[13.8348,43.1273],[13.8102,43.1648],[13.8045,43.1804],[13.7831,43.2208],[13.7803,43.2365],[13.7457,43.2911],[13.6929,43.3905],[13.6909,43.3933],[13.647,43.4753],[13.617,43.5313],[13.6156,43.5605],[13.5692,43.5803],[13.5432,43.6132],[13.5044,43.6328],[13.4863,43.6206],[13.4293,43.6402],[13.2153,43.7551],[13.1815,43.7732],[13.0798,43.8278],[12.9443,43.9005],[12.9289,43.9158],[12.9032,43.9234],[12.8992,43.9247],[12.7714,43.9933],[12.7385,44.011],[12.7055,44.0287],[12.6396,44.064],[12.5877,44.0919],[12.5078,44.2162],[12.5078,44.2135],[12.4749,44.2135],[12.4749,44.1823],[12.4419,44.1823],[12.4419,44.1779],[12.458,44.1664],[12.4287,44.1473],[12.4469,44.1257],[12.4564,44.0943],[12.4008,44.071],[12.3654,44.0638],[12.3696,44.0436],[12.3948,44.0296],[12.3262,43.9586],[12.2449,43.9221],[12.1642,43.9282],[12.1623,43.8942],[12.1437,43.8325],[12.114,43.7938],[12.1022,43.759]],[[12.1708,43.8046],[12.1776,43.8217],[12.2267,43.8144],[12.2386,43.7988],[12.1993,43.7805],[12.1708,43.8046]],[[12.4103,43.621],[12.4298,43.6315],[12.4448,43.6011],[12.4212,43.5897],[12.4103,43.621]],[[15.9398,40.6381],[15.9733,40.6505],[15.9832,40.6468],[15.9845,40.6058],[15.9646,40.6083],[15.9398,40.6381]]],[[[14.0748,37.3747],[14.0901,37.346],[14.1303,37.3414],[14.1699,37.3252],[14.2426,37.344],[14.2673,37.3407],[14.3193,37.304],[14.3525,37.306],[14.405,37.2934],[14.4549,37.3037],[14.4373,37.3392],[14.4572,37.341],[14.4766,37.3213],[14.5177,37.3187],[14.5085,37.3474],[14.5266,37.3609],[14.5708,37.3618],[14.5867,37.372],[14.5823,37.4002],[14.6287,37.4212],[14.5788,37.4513],[14.5447,37.4481],[14.5147,37.4631],[14.5083,37.4855],[14.5181,37.5187],[14.5429,37.5425],[14.6263,37.5402],[14.6903,37.5559],[14.718,37.5435],[14.7721,37.5024],[14.799,37.537],[14.8029,37.5759],[14.8356,37.5966],[14.8179,37.638],[14.7919,37.6597],[14.7977,37.7128],[14.7459,37.6869],[14.7149,37.6974],[14.7157,37.7308],[14.7307,37.7487],[14.7158,37.7751],[14.7383,37.7894],[14.7422,37.8182],[14.6717,37.7995],[14.6029,37.8083],[14.5647,37.834],[14.5688,37.8753],[14.5356,37.8694],[14.4986,37.8423],[14.4933,37.8106],[14.4618,37.8044],[14.4476,37.8436],[14.4088,37.861],[14.3046,37.8366],[14.2799,37.8402],[14.2664,37.8289],[14.2613,37.7882],[14.292,37.7575],[14.2648,37.703],[14.2124,37.6797],[14.1738,37.6714],[14.1483,37.6238],[14.1349,37.6168],[14.1544,37.6094],[14.1537,37.5838],[14.1366,37.5738],[14.1284,37.5291],[14.1452,37.5048],[14.1424,37.4835],[14.077,37.4291],[14.0748,37.3747]]]]}},
{"type":"Feature","properties":{"entityId":"italic-tribes","from":-423,"to":-399,"certainty":"estimated","source":"유럽 쪽은 Natural Earth 1:10m admin-1(v5.1.2) 현대 행정구역 조각을 그 시기 국경에 맞춰 묶고, 조각이 역사 경계와 다른 곳은 선을 그어 나눈 근사. 유럽 밖(시베리아·중앙아시아·극동)은 대략적인 추정. 운영자 검수 필요"},"geometry":{"type":"MultiPolygon","coordinates":[[[[12.1022,43.759],[12.1253,43.7642],[12.1899,43.7436],[12.2067,43.7589],[12.2858,43.7689],[12.3576,43.7226],[12.3248,43.6834],[12.3099,43.7241],[12.297,43.724],[12.2777,43.6897],[12.2499,43.6824],[12.1958,43.6534],[12.2048,43.6168],[12.286,43.5916],[12.3108,43.6093],[12.3589,43.6194],[12.3478,43.5683],[12.3097,43.5667],[12.3199,43.5462],[12.3819,43.5246],[12.4317,43.5384],[12.5105,43.5125],[12.6047,43.4303],[12.6447,43.4439],[12.6911,43.4343],[12.7127,43.4539],[12.7582,43.4612],[12.7465,43.3788],[12.7889,43.3241],[12.7957,43.2785],[12.8517,43.2061],[12.8573,43.184],[12.8354,43.1494],[12.8374,43.1325],[12.8752,43.1158],[12.8953,43.0874],[12.891,43.0527],[12.9071,42.9715],[12.9619,42.9293],[12.9693,42.8918],[12.992,42.8966],[12.9949,42.9172],[13.0488,42.9178],[13.1372,42.8495],[13.1504,42.8236],[13.2243,42.8477],[13.2563,42.8025],[13.2489,42.7678],[13.2035,42.7598],[13.1945,42.7346],[13.1891,42.694],[13.1539,42.6451],[13.1188,42.646],[13.0593,42.6238],[13.0176,42.6316],[12.988,42.608],[12.902,42.6096],[12.8792,42.5903],[12.8801,42.5647],[12.78,42.5271],[12.7552,42.5003],[12.7161,42.4896],[12.7222,42.454],[12.6657,42.4435],[12.6121,42.4631],[12.6117,42.4338],[12.5926,42.401],[12.5284,42.3695],[12.504,42.3906],[12.4651,42.3869],[12.4534,42.3721],[12.4724,42.3184],[12.491,42.2983],[12.5204,42.2958],[12.5469,42.2935],[12.5605,42.2706],[12.5742,42.2911],[12.6022,42.2775],[12.6298,42.2414],[12.6111,42.2377],[12.6121,42.1949],[12.6247,42.1747],[12.6953,42.1465],[12.765,42.1873],[12.7978,42.1594],[12.8326,42.1476],[12.8656,42.1065],[12.8854,42.1001],[12.9205,42.1135],[12.9525,42.0983],[12.9975,42.125],[13.0296,42.1156],[13.0137,42.1085],[13.017,42.0546],[13.0284,42.0319],[13.0823,42.0189],[13.0971,42.0237],[13.2801,41.9468],[13.2979,41.947],[13.2393,41.8919],[13.1974,41.8676],[13.1844,41.8482],[13.1382,41.8455],[13.0826,41.858],[13.0614,41.8334],[13.0075,41.8149],[12.9976,41.7847],[13.0186,41.7529],[13.0931,41.7083],[13.0948,41.6846],[13.1471,41.6533],[13.1576,41.6354],[13.1569,41.5886],[13.1752,41.5836],[13.1037,41.5454],[13.0755,41.5685],[13.0201,41.5778],[13.0036,41.627],[12.9577,41.662],[12.9345,41.7096],[12.9124,41.7124],[12.8535,41.7013],[12.8476,41.6407],[12.8233,41.6235],[12.7902,41.6175],[12.747,41.5738],[12.6992,41.606],[12.6599,41.6036],[12.6498,41.6562],[12.6191,41.6651],[12.5797,41.6489],[12.56,41.6163],[12.5761,41.5825],[12.6028,41.5556],[12.6624,41.5307],[12.6825,41.5091],[12.722,41.4946],[12.7565,41.4634],[12.7744,41.4209],[12.778,41.4208],[12.778,41.3156],[12.8071,41.2988],[12.8861,41.2531],[13.04,41.2398],[13.0446,41.2275],[13.0905,41.2265],[13.0985,41.2347],[13.35,41.2129],[13.5754,41.1933],[13.6277,41.1888],[13.6351,41.1819],[13.65,41.168],[13.6828,41.1374],[13.8139,41.0152],[13.838,40.9927],[13.9184,40.9177],[13.9184,40.9427],[13.9452,40.9427],[13.9452,40.945],[14.0039,40.945],[14.0101,40.9368],[14.1404,40.9791],[14.1612,40.9518],[14.2459,40.9444],[14.2729,40.947],[14.2925,40.9689],[14.2935,40.9922],[14.3149,41.0048],[14.4736,40.9816],[14.5145,40.9855],[14.5313,41.0134],[14.572,41.0095],[14.5826,40.9429],[14.6,40.9311],[14.6549,40.9214],[14.6691,40.9009],[14.6538,40.894],[14.5944,40.9033],[14.5782,40.8748],[14.6055,40.8476],[14.6525,40.8266],[14.677,40.8282],[14.7011,40.8489],[14.7381,40.8345],[14.7343,40.8164],[14.7623,40.8058],[14.8689,40.7991],[14.9078,40.807],[14.9856,40.7801],[15.1117,40.7658],[15.1317,40.7591],[15.1574,40.7191],[15.1724,40.7114],[15.2374,40.7235],[15.2525,40.7879],[15.2794,40.7994],[15.2984,40.8357],[15.3221,40.8375],[15.3443,40.8207],[15.3649,40.7924],[15.3785,40.7294],[15.4352,40.6794],[15.4876,40.6619],[15.481,40.6408],[15.4456,40.6057],[15.5176,40.5647],[15.5396,40.52],[15.5349,40.494],[15.5764,40.4575],[15.5922,40.4333],[15.6228,40.4234],[15.6561,40.3942],[15.7063,40.3743],[15.717,40.3184],[15.7485,40.3002],[15.7904,40.2565],[15.7755,40.2198],[15.7239,40.1909],[15.694,40.162],[15.6931,40.1305],[15.6498,40.0808],[15.6643,40.067],[15.6467,40.0469],[15.6645,40.0259],[15.6645,40.0237],[15.6195,40.0237],[15.6195,39.9895],[15.5741,39.9895],[15.5741,39.9012],[15.561,39.9012],[15.561,39.8571],[15.6195,39.8571],[15.6195,39.8528],[15.665,39.8528],[15.665,39.8955],[15.7283,39.8955],[15.7283,39.9382],[15.7397,39.9382],[15.7458,39.9246],[15.7765,39.9653],[15.8583,40.0082],[15.9035,39.9855],[15.9203,40.004],[15.9519,40.0044],[15.9769,39.9806],[16.0162,39.987],[16.0154,39.9484],[16.0689,39.9067],[16.1974,39.9145],[16.2149,39.929],[16.2627,39.9422],[16.3031,39.9372],[16.3543,39.9008],[16.3453,39.9326],[16.3653,39.9749],[16.3837,39.9934],[16.3988,40.0555],[16.3816,40.0651],[16.3557,40.1179],[16.363,40.1366],[16.3942,40.1577],[16.351,40.207],[16.3715,40.273],[16.3746,40.3099],[16.331,40.3065],[16.3193,40.2801],[16.2338,40.2651],[16.1983,40.2724],[16.1757,40.2988],[16.1529,40.3737],[16.109,40.4032],[16.1075,40.4162],[16.1365,40.4452],[16.1303,40.4723],[16.0958,40.5293],[16.0983,40.5548],[16.1192,40.5827],[16.0528,40.6323],[16.0562,40.6564],[16.1458,40.6957],[16.1492,40.7225],[16.1172,40.7699],[16.1215,40.7961],[16.1603,40.8047],[16.2454,40.8375],[16.3404,40.7521],[16.3964,40.713],[16.4351,40.7096],[16.4978,40.7578],[16.5157,40.7575],[16.5347,40.7336],[16.536,40.7547],[16.5693,40.7493],[16.5869,40.7623],[16.621,40.7585],[16.6946,40.7336],[16.7157,40.7154],[16.7862,40.7322],[16.8059,40.6966],[16.8234,40.6954],[16.8621,40.7215],[16.9231,40.7009],[16.9566,40.7513],[16.9868,40.7626],[17.0137,40.7554],[17.0246,40.7161],[17.0637,40.7209],[17.1249,40.7094],[17.1502,40.7136],[17.165,40.747],[17.2085,40.7634],[17.2576,40.7649],[17.3251,40.7425],[17.3537,40.7486],[17.3615,40.7292],[17.4114,40.6856],[17.4316,40.6314],[17.4573,40.6182],[17.465,40.593],[17.4519,40.5438],[17.4853,40.4875],[17.5177,40.4739],[17.5419,40.4439],[17.5678,40.4349],[17.592,40.4604],[17.6127,40.4642],[17.6573,40.4494],[17.7142,40.4063],[17.7809,40.3938],[17.7985,40.3796],[17.764,40.2934],[17.7725,40.2931],[17.7725,40.25],[17.8202,40.2098],[17.9889,40.0676],[17.9675,40.0573],[18.0051,40.0449],[18.0221,40.0217],[17.9954,40.0027],[18.0715,39.9115],[18.1306,39.8835],[18.1619,39.8605],[18.2113,39.8393],[18.2654,39.8346],[18.2934,39.811],[18.2935,39.8112],[18.2938,39.811],[18.2997,39.8223],[18.3304,39.8034],[18.3683,39.7966],[18.3865,39.8253],[18.4001,39.8786],[18.3948,39.9049],[18.4234,39.9875],[18.4459,40.0303],[18.4836,40.0552],[18.4919,40.0847],[18.5174,40.1142],[18.4373,40.2679],[18.4093,40.2976],[18.3766,40.3565],[18.2887,40.41],[18.2588,40.4307],[18.2383,40.4577],[18.2117,40.4647],[18.1538,40.492],[18.0381,40.5624],[18.0432,40.602],[18.0158,40.6252],[18.007,40.6507],[17.9617,40.6474],[17.9554,40.6546],[17.9552,40.6547],[17.9558,40.6705],[17.9219,40.683],[17.8577,40.6922],[17.8248,40.7049],[17.7484,40.7476],[17.7166,40.758],[17.5198,40.8778],[17.4995,40.8862],[17.4452,40.9086],[17.4181,40.9197],[17.3909,40.931],[17.2823,40.9757],[17.2764,40.9802],[17.2031,41.021],[17.0571,41.0819],[16.9779,41.1013],[16.7854,41.1807],[16.7063,41.2125],[16.6384,41.2398],[16.6045,41.2535],[16.5705,41.2671],[16.5026,41.2945],[16.4347,41.3218],[16.163,41.4311],[16.0279,41.4854],[16.0013,41.4961],[15.9029,41.5357],[15.9051,41.5523],[15.9241,41.5658],[16.163,41.7358],[16.1698,41.7406],[16.1696,41.7408],[16.1698,41.741],[16.163,41.7471],[16.1535,41.7556],[16.1929,41.7909],[16.1922,41.8214],[16.176,41.8774],[16.1688,41.886],[16.1662,41.8958],[16.1586,41.8982],[16.1405,41.9199],[16.0271,41.9441],[15.9685,41.9388],[15.9646,41.9392],[15.9642,41.9392],[15.95,41.9385],[15.925,41.961],[15.9246,41.961],[15.4408,41.9578],[15.177,41.9561],[15.1441,41.9559],[15.1438,41.9559],[15.1111,41.9796],[14.9131,42.123],[14.8618,42.1601],[14.848,42.1701],[14.6493,42.314],[14.3854,42.5052],[14.3782,42.5104],[14.3311,42.5445],[14.2841,42.5785],[14.19,42.6467],[14.1024,42.7101],[14.0313,42.7616],[13.9603,42.878],[13.9346,42.92],[13.909,42.962],[13.8577,43.046],[13.8535,43.0674],[13.8348,43.1273],[13.8102,43.1648],[13.8045,43.1804],[13.7831,43.2208],[13.7803,43.2365],[13.7457,43.2911],[13.6929,43.3905],[13.6909,43.3933],[13.647,43.4753],[13.617,43.5313],[13.6156,43.5605],[13.5692,43.5803],[13.5432,43.6132],[13.5044,43.6328],[13.4863,43.6206],[13.4293,43.6402],[13.2153,43.7551],[13.1815,43.7732],[13.0798,43.8278],[12.9443,43.9005],[12.9289,43.9158],[12.9032,43.9234],[12.8992,43.9247],[12.7714,43.9933],[12.7385,44.011],[12.7055,44.0287],[12.6396,44.064],[12.5877,44.0919],[12.5078,44.2162],[12.5078,44.2135],[12.4749,44.2135],[12.4749,44.1823],[12.4419,44.1823],[12.4419,44.1779],[12.458,44.1664],[12.4287,44.1473],[12.4469,44.1257],[12.4564,44.0943],[12.4008,44.071],[12.3654,44.0638],[12.3696,44.0436],[12.3948,44.0296],[12.3262,43.9586],[12.2449,43.9221],[12.1642,43.9282],[12.1623,43.8942],[12.1437,43.8325],[12.114,43.7938],[12.1022,43.759]],[[12.1708,43.8046],[12.1776,43.8217],[12.2267,43.8144],[12.2386,43.7988],[12.1993,43.7805],[12.1708,43.8046]],[[12.4103,43.621],[12.4298,43.6315],[12.4448,43.6011],[12.4212,43.5897],[12.4103,43.621]],[[15.9398,40.6381],[15.9733,40.6505],[15.9832,40.6468],[15.9845,40.6058],[15.9646,40.6083],[15.9398,40.6381]]],[[[14.0748,37.3747],[14.0901,37.346],[14.1303,37.3414],[14.1699,37.3252],[14.2426,37.344],[14.2673,37.3407],[14.3193,37.304],[14.3525,37.306],[14.405,37.2934],[14.4549,37.3037],[14.4373,37.3392],[14.4572,37.341],[14.4766,37.3213],[14.5177,37.3187],[14.5085,37.3474],[14.5266,37.3609],[14.5708,37.3618],[14.5867,37.372],[14.5823,37.4002],[14.6287,37.4212],[14.5788,37.4513],[14.5447,37.4481],[14.5147,37.4631],[14.5083,37.4855],[14.5181,37.5187],[14.5429,37.5425],[14.6263,37.5402],[14.6903,37.5559],[14.718,37.5435],[14.7721,37.5024],[14.799,37.537],[14.8029,37.5759],[14.8356,37.5966],[14.8179,37.638],[14.7919,37.6597],[14.7977,37.7128],[14.7459,37.6869],[14.7149,37.6974],[14.7157,37.7308],[14.7307,37.7487],[14.7158,37.7751],[14.7383,37.7894],[14.7422,37.8182],[14.6717,37.7995],[14.6029,37.8083],[14.5647,37.834],[14.5688,37.8753],[14.5356,37.8694],[14.4986,37.8423],[14.4933,37.8106],[14.4618,37.8044],[14.4476,37.8436],[14.4088,37.861],[14.3046,37.8366],[14.2799,37.8402],[14.2664,37.8289],[14.2613,37.7882],[14.292,37.7575],[14.2648,37.703],[14.2124,37.6797],[14.1738,37.6714],[14.1483,37.6238],[14.1349,37.6168],[14.1544,37.6094],[14.1537,37.5838],[14.1366,37.5738],[14.1284,37.5291],[14.1452,37.5048],[14.1424,37.4835],[14.077,37.4291],[14.0748,37.3747]]]]}},
{"type":"Feature","properties":{"entityId":"italic-tribes","from":-399,"to":-395,"certainty":"estimated","source":"유럽 쪽은 Natural Earth 1:10m admin-1(v5.1.2) 현대 행정구역 조각을 그 시기 국경에 맞춰 묶고, 조각이 역사 경계와 다른 곳은 선을 그어 나눈 근사. 유럽 밖(시베리아·중앙아시아·극동)은 대략적인 추정. 운영자 검수 필요"},"geometry":{"type":"MultiPolygon","coordinates":[[[[12.1022,43.759],[12.1253,43.7642],[12.1899,43.7436],[12.2067,43.7589],[12.2858,43.7689],[12.3576,43.7226],[12.3248,43.6834],[12.3099,43.7241],[12.297,43.724],[12.2777,43.6897],[12.2499,43.6824],[12.1958,43.6534],[12.2048,43.6168],[12.286,43.5916],[12.3108,43.6093],[12.3589,43.6194],[12.3478,43.5683],[12.3097,43.5667],[12.3199,43.5462],[12.3819,43.5246],[12.4317,43.5384],[12.5105,43.5125],[12.6047,43.4303],[12.6447,43.4439],[12.6911,43.4343],[12.7127,43.4539],[12.7582,43.4612],[12.7465,43.3788],[12.7889,43.3241],[12.7957,43.2785],[12.8517,43.2061],[12.8573,43.184],[12.8354,43.1494],[12.8374,43.1325],[12.8752,43.1158],[12.8953,43.0874],[12.891,43.0527],[12.9071,42.9715],[12.9619,42.9293],[12.9693,42.8918],[12.992,42.8966],[12.9949,42.9172],[13.0488,42.9178],[13.1372,42.8495],[13.1504,42.8236],[13.2243,42.8477],[13.2563,42.8025],[13.2489,42.7678],[13.2035,42.7598],[13.1945,42.7346],[13.1891,42.694],[13.1539,42.6451],[13.1188,42.646],[13.0593,42.6238],[13.0176,42.6316],[12.988,42.608],[12.902,42.6096],[12.8792,42.5903],[12.8801,42.5647],[12.78,42.5271],[12.7552,42.5003],[12.7161,42.4896],[12.7222,42.454],[12.6657,42.4435],[12.6121,42.4631],[12.6117,42.4338],[12.5926,42.401],[12.5284,42.3695],[12.504,42.3906],[12.4651,42.3869],[12.4534,42.3721],[12.4724,42.3184],[12.491,42.2983],[12.5204,42.2958],[12.5469,42.2935],[12.5605,42.2706],[12.5742,42.2911],[12.6022,42.2775],[12.6298,42.2414],[12.6111,42.2377],[12.6121,42.1949],[12.6247,42.1747],[12.6953,42.1465],[12.765,42.1873],[12.7978,42.1594],[12.8326,42.1476],[12.8656,42.1065],[12.8854,42.1001],[12.9205,42.1135],[12.9525,42.0983],[12.9975,42.125],[13.0296,42.1156],[13.0137,42.1085],[13.017,42.0546],[13.0284,42.0319],[13.0823,42.0189],[13.0971,42.0237],[13.2801,41.9468],[13.2979,41.947],[13.2393,41.8919],[13.1974,41.8676],[13.1844,41.8482],[13.1382,41.8455],[13.0826,41.858],[13.0614,41.8334],[13.0075,41.8149],[12.9976,41.7847],[13.0186,41.7529],[13.0931,41.7083],[13.0948,41.6846],[13.1471,41.6533],[13.1576,41.6354],[13.1569,41.5886],[13.1752,41.5836],[13.1037,41.5454],[13.0755,41.5685],[13.0201,41.5778],[13.0036,41.627],[12.9577,41.662],[12.9345,41.7096],[12.9124,41.7124],[12.8535,41.7013],[12.8476,41.6407],[12.8233,41.6235],[12.7902,41.6175],[12.747,41.5738],[12.6992,41.606],[12.6599,41.6036],[12.6498,41.6562],[12.6191,41.6651],[12.5797,41.6489],[12.56,41.6163],[12.5761,41.5825],[12.6028,41.5556],[12.6624,41.5307],[12.6825,41.5091],[12.722,41.4946],[12.7565,41.4634],[12.7744,41.4209],[12.778,41.4208],[12.778,41.3156],[12.8071,41.2988],[12.8861,41.2531],[13.04,41.2398],[13.0446,41.2275],[13.0905,41.2265],[13.0985,41.2347],[13.35,41.2129],[13.5754,41.1933],[13.6277,41.1888],[13.6351,41.1819],[13.65,41.168],[13.6828,41.1374],[13.8139,41.0152],[13.838,40.9927],[13.9184,40.9177],[13.9184,40.9427],[13.9452,40.9427],[13.9452,40.945],[14.0039,40.945],[14.0101,40.9368],[14.1404,40.9791],[14.1612,40.9518],[14.2459,40.9444],[14.2729,40.947],[14.2925,40.9689],[14.2935,40.9922],[14.3149,41.0048],[14.4736,40.9816],[14.5145,40.9855],[14.5313,41.0134],[14.572,41.0095],[14.5826,40.9429],[14.6,40.9311],[14.6549,40.9214],[14.6691,40.9009],[14.6538,40.894],[14.5944,40.9033],[14.5782,40.8748],[14.6055,40.8476],[14.568,40.8311],[14.5793,40.795],[14.5253,40.7776],[14.5101,40.7566],[14.5261,40.7335],[14.5641,40.7274],[14.5822,40.6868],[14.5438,40.6455],[14.481,40.6448],[14.4714,40.6247],[14.4845,40.6315],[14.4914,40.631],[14.5442,40.6136],[14.5713,40.6177],[14.597,40.635],[14.7041,40.6049],[14.9265,40.2797],[14.9069,40.2586],[14.9111,40.2416],[14.9571,40.2316],[14.9605,40.23],[14.9993,40.1733],[15.2164,40.1076],[15.2354,40.0982],[15.2791,40.0477],[15.2612,40.0294],[15.3143,40.0338],[15.3432,40.0041],[15.4101,39.994],[15.4296,39.9998],[15.4378,40.0078],[15.5025,39.9012],[15.5292,39.8571],[15.6195,39.8571],[15.6195,39.8528],[15.665,39.8528],[15.665,39.8955],[15.7283,39.8955],[15.7283,39.9382],[15.7397,39.9382],[15.7458,39.9246],[15.7765,39.9653],[15.8583,40.0082],[15.9035,39.9855],[15.9203,40.004],[15.9519,40.0044],[15.9769,39.9806],[16.0162,39.987],[16.0154,39.9484],[16.0689,39.9067],[16.1974,39.9145],[16.2149,39.929],[16.2627,39.9422],[16.3031,39.9372],[16.3543,39.9008],[16.3453,39.9326],[16.3653,39.9749],[16.3837,39.9934],[16.3988,40.0555],[16.3816,40.0651],[16.3557,40.1179],[16.363,40.1366],[16.3942,40.1577],[16.351,40.207],[16.3715,40.273],[16.3746,40.3099],[16.331,40.3065],[16.3193,40.2801],[16.2338,40.2651],[16.1983,40.2724],[16.1757,40.2988],[16.1529,40.3737],[16.109,40.4032],[16.1075,40.4162],[16.1365,40.4452],[16.1303,40.4723],[16.0958,40.5293],[16.0983,40.5548],[16.1192,40.5827],[16.0528,40.6323],[16.0562,40.6564],[16.1458,40.6957],[16.1492,40.7225],[16.1172,40.7699],[16.1215,40.7961],[16.1603,40.8047],[16.2454,40.8375],[16.3404,40.7521],[16.3964,40.713],[16.4351,40.7096],[16.4978,40.7578],[16.5157,40.7575],[16.5347,40.7336],[16.536,40.7547],[16.5693,40.7493],[16.5869,40.7623],[16.621,40.7585],[16.6946,40.7336],[16.7157,40.7154],[16.7862,40.7322],[16.8059,40.6966],[16.8234,40.6954],[16.8621,40.7215],[16.9231,40.7009],[16.9566,40.7513],[16.9868,40.7626],[17.0137,40.7554],[17.0246,40.7161],[17.0637,40.7209],[17.1249,40.7094],[17.1502,40.7136],[17.165,40.747],[17.2085,40.7634],[17.2576,40.7649],[17.3251,40.7425],[17.3537,40.7486],[17.3615,40.7292],[17.4114,40.6856],[17.4316,40.6314],[17.4573,40.6182],[17.465,40.593],[17.4519,40.5438],[17.4853,40.4875],[17.5177,40.4739],[17.5419,40.4439],[17.5678,40.4349],[17.592,40.4604],[17.6127,40.4642],[17.6573,40.4494],[17.7142,40.4063],[17.7809,40.3938],[17.7985,40.3796],[17.764,40.2934],[17.7725,40.2931],[17.7725,40.25],[17.8202,40.2098],[17.9889,40.0676],[17.9675,40.0573],[18.0051,40.0449],[18.0221,40.0217],[17.9954,40.0027],[18.0715,39.9115],[18.1306,39.8835],[18.1619,39.8605],[18.2113,39.8393],[18.2654,39.8346],[18.2934,39.811],[18.2935,39.8112],[18.2938,39.811],[18.2997,39.8223],[18.3304,39.8034],[18.3683,39.7966],[18.3865,39.8253],[18.4001,39.8786],[18.3948,39.9049],[18.4234,39.9875],[18.4459,40.0303],[18.4836,40.0552],[18.4919,40.0847],[18.5174,40.1142],[18.4373,40.2679],[18.4093,40.2976],[18.3766,40.3565],[18.2887,40.41],[18.2588,40.4307],[18.2383,40.4577],[18.2117,40.4647],[18.1538,40.492],[18.0381,40.5624],[18.0432,40.602],[18.0158,40.6252],[18.007,40.6507],[17.9617,40.6474],[17.9554,40.6546],[17.9552,40.6547],[17.9558,40.6705],[17.9219,40.683],[17.8577,40.6922],[17.8248,40.7049],[17.7484,40.7476],[17.7166,40.758],[17.5198,40.8778],[17.4995,40.8862],[17.4452,40.9086],[17.4181,40.9197],[17.3909,40.931],[17.2823,40.9757],[17.2764,40.9802],[17.2031,41.021],[17.0571,41.0819],[16.9779,41.1013],[16.7854,41.1807],[16.7063,41.2125],[16.6384,41.2398],[16.6045,41.2535],[16.5705,41.2671],[16.5026,41.2945],[16.4347,41.3218],[16.163,41.4311],[16.0279,41.4854],[16.0013,41.4961],[15.9029,41.5357],[15.9051,41.5523],[15.9241,41.5658],[16.163,41.7358],[16.1698,41.7406],[16.1696,41.7408],[16.1698,41.741],[16.163,41.7471],[16.1535,41.7556],[16.1929,41.7909],[16.1922,41.8214],[16.176,41.8774],[16.1688,41.886],[16.1662,41.8958],[16.1586,41.8982],[16.1405,41.9199],[16.0271,41.9441],[15.9685,41.9388],[15.9646,41.9392],[15.9642,41.9392],[15.95,41.9385],[15.925,41.961],[15.9246,41.961],[15.4408,41.9578],[15.177,41.9561],[15.1441,41.9559],[15.1438,41.9559],[15.1111,41.9796],[14.9131,42.123],[14.8618,42.1601],[14.848,42.1701],[14.6493,42.314],[14.3854,42.5052],[14.3782,42.5104],[14.3311,42.5445],[14.2841,42.5785],[14.19,42.6467],[14.1024,42.7101],[14.0313,42.7616],[13.9603,42.878],[13.9346,42.92],[13.909,42.962],[13.8577,43.046],[13.8535,43.0674],[13.8348,43.1273],[13.8102,43.1648],[13.8045,43.1804],[13.7831,43.2208],[13.7803,43.2365],[13.7457,43.2911],[13.6929,43.3905],[13.6909,43.3933],[13.647,43.4753],[13.617,43.5313],[13.6156,43.5605],[13.5692,43.5803],[13.5432,43.6132],[13.5044,43.6328],[13.4863,43.6206],[13.4293,43.6402],[13.2153,43.7551],[13.1815,43.7732],[13.0798,43.8278],[12.9443,43.9005],[12.9289,43.9158],[12.9032,43.9234],[12.8992,43.9247],[12.7714,43.9933],[12.7385,44.011],[12.7055,44.0287],[12.6396,44.064],[12.5877,44.0919],[12.5078,44.2162],[12.5078,44.2135],[12.4749,44.2135],[12.4749,44.1823],[12.4419,44.1823],[12.4419,44.1779],[12.458,44.1664],[12.4287,44.1473],[12.4469,44.1257],[12.4564,44.0943],[12.4008,44.071],[12.3654,44.0638],[12.3696,44.0436],[12.3948,44.0296],[12.3262,43.9586],[12.2449,43.9221],[12.1642,43.9282],[12.1623,43.8942],[12.1437,43.8325],[12.114,43.7938],[12.1022,43.759]],[[12.1708,43.8046],[12.1776,43.8217],[12.2267,43.8144],[12.2386,43.7988],[12.1993,43.7805],[12.1708,43.8046]],[[12.4103,43.621],[12.4298,43.6315],[12.4448,43.6011],[12.4212,43.5897],[12.4103,43.621]],[[15.9398,40.6381],[15.9733,40.6505],[15.9832,40.6468],[15.9845,40.6058],[15.9646,40.6083],[15.9398,40.6381]]],[[[14.0748,37.3747],[14.0901,37.346],[14.1303,37.3414],[14.1699,37.3252],[14.2426,37.344],[14.2673,37.3407],[14.3193,37.304],[14.3525,37.306],[14.405,37.2934],[14.4549,37.3037],[14.4373,37.3392],[14.4572,37.341],[14.4766,37.3213],[14.5177,37.3187],[14.5085,37.3474],[14.5266,37.3609],[14.5708,37.3618],[14.5867,37.372],[14.5823,37.4002],[14.6287,37.4212],[14.5788,37.4513],[14.5447,37.4481],[14.5147,37.4631],[14.5083,37.4855],[14.5181,37.5187],[14.5429,37.5425],[14.6263,37.5402],[14.6903,37.5559],[14.718,37.5435],[14.7721,37.5024],[14.799,37.537],[14.8029,37.5759],[14.8356,37.5966],[14.8179,37.638],[14.7919,37.6597],[14.7977,37.7128],[14.7459,37.6869],[14.7149,37.6974],[14.7157,37.7308],[14.7307,37.7487],[14.7158,37.7751],[14.7383,37.7894],[14.7422,37.8182],[14.6717,37.7995],[14.6029,37.8083],[14.5647,37.834],[14.5688,37.8753],[14.5356,37.8694],[14.4986,37.8423],[14.4933,37.8106],[14.4618,37.8044],[14.4476,37.8436],[14.4088,37.861],[14.3046,37.8366],[14.2799,37.8402],[14.2664,37.8289],[14.2613,37.7882],[14.292,37.7575],[14.2648,37.703],[14.2124,37.6797],[14.1738,37.6714],[14.1483,37.6238],[14.1349,37.6168],[14.1544,37.6094],[14.1537,37.5838],[14.1366,37.5738],[14.1284,37.5291],[14.1452,37.5048],[14.1424,37.4835],[14.077,37.4291],[14.0748,37.3747]]]]}},
{"type":"Feature","properties":{"entityId":"italic-tribes","from":-395,"to":-391,"certainty":"estimated","source":"유럽 쪽은 Natural Earth 1:10m admin-1(v5.1.2) 현대 행정구역 조각을 그 시기 국경에 맞춰 묶고, 조각이 역사 경계와 다른 곳은 선을 그어 나눈 근사. 유럽 밖(시베리아·중앙아시아·극동)은 대략적인 추정. 운영자 검수 필요"},"geometry":{"type":"MultiPolygon","coordinates":[[[[12.4534,42.3721],[12.4724,42.3184],[12.491,42.2983],[12.5204,42.2958],[12.5469,42.2935],[12.5605,42.2706],[12.5742,42.2911],[12.6022,42.2775],[12.6298,42.2414],[12.6111,42.2377],[12.6121,42.1949],[12.6247,42.1747],[12.6953,42.1465],[12.765,42.1873],[12.7978,42.1594],[12.8326,42.1476],[12.8656,42.1065],[12.8854,42.1001],[12.9205,42.1135],[12.9525,42.0983],[12.9975,42.125],[13.0296,42.1156],[13.0137,42.1085],[13.017,42.0546],[13.0284,42.0319],[13.0823,42.0189],[13.0971,42.0237],[13.2801,41.9468],[13.2979,41.947],[13.2393,41.8919],[13.1974,41.8676],[13.1844,41.8482],[13.1382,41.8455],[13.0826,41.858],[13.0614,41.8334],[13.0075,41.8149],[12.9976,41.7847],[13.0186,41.7529],[13.0931,41.7083],[13.0948,41.6846],[13.1471,41.6533],[13.1576,41.6354],[13.1569,41.5886],[13.1752,41.5836],[13.1037,41.5454],[13.0755,41.5685],[13.0201,41.5778],[13.0036,41.627],[12.9577,41.662],[12.9345,41.7096],[12.9124,41.7124],[12.8535,41.7013],[12.8476,41.6407],[12.8233,41.6235],[12.7902,41.6175],[12.747,41.5738],[12.6992,41.606],[12.6599,41.6036],[12.6498,41.6562],[12.6191,41.6651],[12.5797,41.6489],[12.56,41.6163],[12.5761,41.5825],[12.6028,41.5556],[12.6624,41.5307],[12.6825,41.5091],[12.722,41.4946],[12.7565,41.4634],[12.7744,41.4209],[12.778,41.4208],[12.778,41.3156],[12.8071,41.2988],[12.8861,41.2531],[13.04,41.2398],[13.0446,41.2275],[13.0905,41.2265],[13.0985,41.2347],[13.35,41.2129],[13.5754,41.1933],[13.6277,41.1888],[13.6351,41.1819],[13.65,41.168],[13.6828,41.1374],[13.8139,41.0152],[13.838,40.9927],[13.9184,40.9177],[13.9184,40.9427],[13.9452,40.9427],[13.9452,40.945],[14.0039,40.945],[14.0101,40.9368],[14.1404,40.9791],[14.1612,40.9518],[14.2459,40.9444],[14.2729,40.947],[14.2925,40.9689],[14.2935,40.9922],[14.3149,41.0048],[14.4736,40.9816],[14.5145,40.9855],[14.5313,41.0134],[14.572,41.0095],[14.5826,40.9429],[14.6,40.9311],[14.6549,40.9214],[14.6691,40.9009],[14.6538,40.894],[14.5944,40.9033],[14.5782,40.8748],[14.6055,40.8476],[14.568,40.8311],[14.5793,40.795],[14.5253,40.7776],[14.5101,40.7566],[14.5261,40.7335],[14.5641,40.7274],[14.5822,40.6868],[14.5438,40.6455],[14.481,40.6448],[14.4714,40.6247],[14.4845,40.6315],[14.4914,40.631],[14.5442,40.6136],[14.5713,40.6177],[14.597,40.635],[14.7041,40.6049],[14.9265,40.2797],[14.9069,40.2586],[14.9111,40.2416],[14.9571,40.2316],[14.9605,40.23],[14.9993,40.1733],[15.2164,40.1076],[15.2354,40.0982],[15.2791,40.0477],[15.2612,40.0294],[15.3143,40.0338],[15.3432,40.0041],[15.4101,39.994],[15.4296,39.9998],[15.4378,40.0078],[15.5025,39.9012],[15.5292,39.8571],[15.6195,39.8571],[15.6195,39.8528],[15.665,39.8528],[15.665,39.8955],[15.7283,39.8955],[15.7283,39.9382],[15.7397,39.9382],[15.7458,39.9246],[15.7765,39.9653],[15.8583,40.0082],[15.9035,39.9855],[15.9203,40.004],[15.9519,40.0044],[15.9769,39.9806],[16.0162,39.987],[16.0154,39.9484],[16.0689,39.9067],[16.1974,39.9145],[16.2149,39.929],[16.2627,39.9422],[16.3031,39.9372],[16.3543,39.9008],[16.3453,39.9326],[16.3653,39.9749],[16.3837,39.9934],[16.3988,40.0555],[16.3816,40.0651],[16.3557,40.1179],[16.363,40.1366],[16.3942,40.1577],[16.351,40.207],[16.3715,40.273],[16.3746,40.3099],[16.331,40.3065],[16.3193,40.2801],[16.2338,40.2651],[16.1983,40.2724],[16.1757,40.2988],[16.1529,40.3737],[16.109,40.4032],[16.1075,40.4162],[16.1365,40.4452],[16.1303,40.4723],[16.0958,40.5293],[16.0983,40.5548],[16.1192,40.5827],[16.0528,40.6323],[16.0562,40.6564],[16.1458,40.6957],[16.1492,40.7225],[16.1172,40.7699],[16.1215,40.7961],[16.1603,40.8047],[16.2454,40.8375],[16.3404,40.7521],[16.3964,40.713],[16.4351,40.7096],[16.4978,40.7578],[16.5157,40.7575],[16.5347,40.7336],[16.536,40.7547],[16.5693,40.7493],[16.5869,40.7623],[16.621,40.7585],[16.6946,40.7336],[16.7157,40.7154],[16.7862,40.7322],[16.8059,40.6966],[16.8234,40.6954],[16.8621,40.7215],[16.9231,40.7009],[16.9566,40.7513],[16.9868,40.7626],[17.0137,40.7554],[17.0246,40.7161],[17.0637,40.7209],[17.1249,40.7094],[17.1502,40.7136],[17.165,40.747],[17.2085,40.7634],[17.2576,40.7649],[17.3251,40.7425],[17.3537,40.7486],[17.3615,40.7292],[17.4114,40.6856],[17.4316,40.6314],[17.4573,40.6182],[17.465,40.593],[17.4519,40.5438],[17.4853,40.4875],[17.5177,40.4739],[17.5419,40.4439],[17.5678,40.4349],[17.592,40.4604],[17.6127,40.4642],[17.6573,40.4494],[17.7142,40.4063],[17.7809,40.3938],[17.7985,40.3796],[17.764,40.2934],[17.7725,40.2931],[17.7725,40.25],[17.8202,40.2098],[17.9889,40.0676],[17.9675,40.0573],[18.0051,40.0449],[18.0221,40.0217],[17.9954,40.0027],[18.0715,39.9115],[18.1306,39.8835],[18.1619,39.8605],[18.2113,39.8393],[18.2654,39.8346],[18.2934,39.811],[18.2935,39.8112],[18.2938,39.811],[18.2997,39.8223],[18.3304,39.8034],[18.3683,39.7966],[18.3865,39.8253],[18.4001,39.8786],[18.3948,39.9049],[18.4234,39.9875],[18.4459,40.0303],[18.4836,40.0552],[18.4919,40.0847],[18.5174,40.1142],[18.4373,40.2679],[18.4093,40.2976],[18.3766,40.3565],[18.2887,40.41],[18.2588,40.4307],[18.2383,40.4577],[18.2117,40.4647],[18.1538,40.492],[18.0381,40.5624],[18.0432,40.602],[18.0158,40.6252],[18.007,40.6507],[17.9617,40.6474],[17.9554,40.6546],[17.9552,40.6547],[17.9558,40.6705],[17.9219,40.683],[17.8577,40.6922],[17.8248,40.7049],[17.7484,40.7476],[17.7166,40.758],[17.5198,40.8778],[17.4995,40.8862],[17.4452,40.9086],[17.4181,40.9197],[17.3909,40.931],[17.2823,40.9757],[17.2764,40.9802],[17.2031,41.021],[17.0571,41.0819],[16.9779,41.1013],[16.7854,41.1807],[16.7063,41.2125],[16.6384,41.2398],[16.6045,41.2535],[16.5705,41.2671],[16.5026,41.2945],[16.4347,41.3218],[16.163,41.4311],[16.0279,41.4854],[16.0013,41.4961],[15.9029,41.5357],[15.9051,41.5523],[15.9241,41.5658],[16.163,41.7358],[16.1698,41.7406],[16.1696,41.7408],[16.1698,41.741],[16.163,41.7471],[16.1535,41.7556],[16.1929,41.7909],[16.1922,41.8214],[16.176,41.8774],[16.1688,41.886],[16.1662,41.8958],[16.1586,41.8982],[16.1405,41.9199],[16.0271,41.9441],[15.9685,41.9388],[15.9646,41.9392],[15.9642,41.9392],[15.95,41.9385],[15.925,41.961],[15.9246,41.961],[15.4408,41.9578],[15.177,41.9561],[15.1441,41.9559],[15.1438,41.9559],[15.1111,41.9796],[14.9131,42.123],[14.8618,42.1601],[14.848,42.1701],[14.6493,42.314],[14.3854,42.5052],[14.3782,42.5104],[14.3311,42.5445],[14.2841,42.5785],[14.19,42.6467],[14.1024,42.7101],[14.0313,42.7616],[13.9603,42.878],[13.9346,42.92],[13.909,42.962],[13.8577,43.046],[13.8535,43.0674],[13.8348,43.1273],[13.8102,43.1648],[13.8045,43.1804],[13.7831,43.2208],[13.7803,43.2365],[13.7457,43.2911],[13.6929,43.3905],[13.6909,43.3933],[13.647,43.4753],[13.617,43.5313],[13.6156,43.5605],[13.5692,43.5803],[13.5432,43.6132],[13.5044,43.6328],[13.4863,43.6206],[13.4293,43.6402],[13.2153,43.7551],[13.1815,43.7732],[13.1815,43.7488],[13.1772,43.7515],[13.1165,43.7287],[13.0776,43.7272],[13.0541,43.6844],[13.0025,43.6576],[12.9691,43.6062],[12.9298,43.592],[12.908,43.5633],[12.7582,43.4612],[12.7465,43.3788],[12.7889,43.3241],[12.7957,43.2785],[12.8517,43.2061],[12.8573,43.184],[12.8354,43.1494],[12.8374,43.1325],[12.8752,43.1158],[12.8953,43.0874],[12.891,43.0527],[12.9071,42.9715],[12.9619,42.9293],[12.9693,42.8918],[12.992,42.8966],[12.9949,42.9172],[13.0488,42.9178],[13.1372,42.8495],[13.1504,42.8236],[13.2243,42.8477],[13.2563,42.8025],[13.2489,42.7678],[13.2035,42.7598],[13.1945,42.7346],[13.1891,42.694],[13.1539,42.6451],[13.1188,42.646],[13.0593,42.6238],[13.0176,42.6316],[12.988,42.608],[12.902,42.6096],[12.8792,42.5903],[12.8801,42.5647],[12.78,42.5271],[12.7552,42.5003],[12.7161,42.4896],[12.7222,42.454],[12.6657,42.4435],[12.6121,42.4631],[12.6117,42.4338],[12.5926,42.401],[12.5284,42.3695],[12.504,42.3906],[12.4651,42.3869],[12.4534,42.3721]],[[15.9398,40.6381],[15.9733,40.6505],[15.9832,40.6468],[15.9845,40.6058],[15.9646,40.6083],[15.9398,40.6381]]],[[[14.0748,37.3747],[14.0901,37.346],[14.1303,37.3414],[14.1699,37.3252],[14.2426,37.344],[14.2673,37.3407],[14.3193,37.304],[14.3525,37.306],[14.405,37.2934],[14.4549,37.3037],[14.4373,37.3392],[14.4572,37.341],[14.4766,37.3213],[14.5177,37.3187],[14.5085,37.3474],[14.5266,37.3609],[14.5708,37.3618],[14.5867,37.372],[14.5823,37.4002],[14.6287,37.4212],[14.5788,37.4513],[14.5447,37.4481],[14.5147,37.4631],[14.5083,37.4855],[14.5181,37.5187],[14.5429,37.5425],[14.6263,37.5402],[14.6903,37.5559],[14.718,37.5435],[14.7721,37.5024],[14.799,37.537],[14.8029,37.5759],[14.8356,37.5966],[14.8179,37.638],[14.7919,37.6597],[14.7977,37.7128],[14.7459,37.6869],[14.7149,37.6974],[14.7157,37.7308],[14.7307,37.7487],[14.7158,37.7751],[14.7383,37.7894],[14.7422,37.8182],[14.6717,37.7995],[14.6029,37.8083],[14.5647,37.834],[14.5688,37.8753],[14.5356,37.8694],[14.4986,37.8423],[14.4933,37.8106],[14.4618,37.8044],[14.4476,37.8436],[14.4088,37.861],[14.3046,37.8366],[14.2799,37.8402],[14.2664,37.8289],[14.2613,37.7882],[14.292,37.7575],[14.2648,37.703],[14.2124,37.6797],[14.1738,37.6714],[14.1483,37.6238],[14.1349,37.6168],[14.1544,37.6094],[14.1537,37.5838],[14.1366,37.5738],[14.1284,37.5291],[14.1452,37.5048],[14.1424,37.4835],[14.077,37.4291],[14.0748,37.3747]]]]}},
{"type":"Feature","properties":{"entityId":"italic-tribes","from":-391,"to":-349,"certainty":"estimated","source":"유럽 쪽은 Natural Earth 1:10m admin-1(v5.1.2) 현대 행정구역 조각을 그 시기 국경에 맞춰 묶고, 조각이 역사 경계와 다른 곳은 선을 그어 나눈 근사. 유럽 밖(시베리아·중앙아시아·극동)은 대략적인 추정. 운영자 검수 필요"},"geometry":{"type":"Polygon","coordinates":[[[12.4534,42.3721],[12.4724,42.3184],[12.491,42.2983],[12.5204,42.2958],[12.5469,42.2935],[12.5605,42.2706],[12.5742,42.2911],[12.6022,42.2775],[12.6298,42.2414],[12.6111,42.2377],[12.6121,42.1949],[12.6247,42.1747],[12.6953,42.1465],[12.765,42.1873],[12.7978,42.1594],[12.8326,42.1476],[12.8656,42.1065],[12.8854,42.1001],[12.9205,42.1135],[12.9525,42.0983],[12.9975,42.125],[13.0296,42.1156],[13.0137,42.1085],[13.017,42.0546],[13.0284,42.0319],[13.0823,42.0189],[13.0971,42.0237],[13.2801,41.9468],[13.2979,41.947],[13.2393,41.8919],[13.1974,41.8676],[13.1844,41.8482],[13.1382,41.8455],[13.0826,41.858],[13.0614,41.8334],[13.0075,41.8149],[12.9976,41.7847],[13.0186,41.7529],[13.0931,41.7083],[13.0948,41.6846],[13.1471,41.6533],[13.1576,41.6354],[13.1569,41.5886],[13.1752,41.5836],[13.1037,41.5454],[13.0755,41.5685],[13.0201,41.5778],[13.0036,41.627],[12.9577,41.662],[12.9345,41.7096],[12.9124,41.7124],[12.8535,41.7013],[12.8476,41.6407],[12.8233,41.6235],[12.7902,41.6175],[12.747,41.5738],[12.6992,41.606],[12.6599,41.6036],[12.6498,41.6562],[12.6191,41.6651],[12.5797,41.6489],[12.56,41.6163],[12.5761,41.5825],[12.6028,41.5556],[12.6624,41.5307],[12.6825,41.5091],[12.722,41.4946],[12.7565,41.4634],[12.7744,41.4209],[12.778,41.4208],[12.778,41.3156],[12.8071,41.2988],[12.8861,41.2531],[13.04,41.2398],[13.0446,41.2275],[13.0905,41.2265],[13.0985,41.2347],[13.35,41.2129],[13.5754,41.1933],[13.6277,41.1888],[13.6351,41.1819],[13.65,41.168],[13.6828,41.1374],[13.8139,41.0152],[13.838,40.9927],[13.9184,40.9177],[13.9184,40.9427],[13.9452,40.9427],[13.9452,40.945],[14.0039,40.945],[14.0101,40.9368],[14.1404,40.9791],[14.1612,40.9518],[14.2459,40.9444],[14.2729,40.947],[14.2925,40.9689],[14.2935,40.9922],[14.3149,41.0048],[14.4736,40.9816],[14.5145,40.9855],[14.5313,41.0134],[14.572,41.0095],[14.5826,40.9429],[14.6,40.9311],[14.6549,40.9214],[14.6691,40.9009],[14.6538,40.894],[14.5944,40.9033],[14.5782,40.8748],[14.6055,40.8476],[14.568,40.8311],[14.5793,40.795],[14.5253,40.7776],[14.5101,40.7566],[14.5261,40.7335],[14.5641,40.7274],[14.5822,40.6868],[14.5438,40.6455],[14.481,40.6448],[14.4714,40.6247],[14.4845,40.6315],[14.4914,40.631],[14.5442,40.6136],[14.5713,40.6177],[14.597,40.635],[14.7041,40.6049],[14.9265,40.2797],[14.9069,40.2586],[14.9111,40.2416],[14.9571,40.2316],[14.9605,40.23],[14.9993,40.1733],[15.2164,40.1076],[15.2354,40.0982],[15.2791,40.0477],[15.2612,40.0294],[15.3143,40.0338],[15.3432,40.0041],[15.4101,39.994],[15.4296,39.9998],[15.4378,40.0078],[15.5025,39.9012],[15.5292,39.8571],[15.6195,39.8571],[15.6195,39.8528],[15.665,39.8528],[15.665,39.8955],[15.7283,39.8955],[15.7283,39.9382],[15.7397,39.9382],[15.7458,39.9246],[15.7765,39.9653],[15.8583,40.0082],[15.9035,39.9855],[15.9203,40.004],[15.9519,40.0044],[15.9769,39.9806],[16.0162,39.987],[16.0154,39.9484],[16.0689,39.9067],[16.1974,39.9145],[16.2149,39.929],[16.2627,39.9422],[16.3031,39.9372],[16.3543,39.9008],[16.3453,39.9326],[16.3653,39.9749],[16.3837,39.9934],[16.3988,40.0555],[16.3816,40.0651],[16.3557,40.1179],[16.363,40.1366],[16.3942,40.1577],[16.351,40.207],[16.3715,40.273],[16.3746,40.3099],[16.331,40.3065],[16.3193,40.2801],[16.2338,40.2651],[16.1983,40.2724],[16.1757,40.2988],[16.1529,40.3737],[16.109,40.4032],[16.1075,40.4162],[16.1365,40.4452],[16.1303,40.4723],[16.0958,40.5293],[16.0983,40.5548],[16.1192,40.5827],[16.0528,40.6323],[16.0562,40.6564],[16.1458,40.6957],[16.1492,40.7225],[16.1172,40.7699],[16.1215,40.7961],[16.1603,40.8047],[16.2454,40.8375],[16.3404,40.7521],[16.3964,40.713],[16.4351,40.7096],[16.4978,40.7578],[16.5157,40.7575],[16.5347,40.7336],[16.536,40.7547],[16.5693,40.7493],[16.5869,40.7623],[16.621,40.7585],[16.6946,40.7336],[16.7157,40.7154],[16.7862,40.7322],[16.8059,40.6966],[16.8234,40.6954],[16.8621,40.7215],[16.9231,40.7009],[16.9566,40.7513],[16.9868,40.7626],[17.0137,40.7554],[17.0246,40.7161],[17.0637,40.7209],[17.1249,40.7094],[17.1502,40.7136],[17.165,40.747],[17.2085,40.7634],[17.2576,40.7649],[17.3251,40.7425],[17.3537,40.7486],[17.3615,40.7292],[17.4114,40.6856],[17.4316,40.6314],[17.4573,40.6182],[17.465,40.593],[17.4519,40.5438],[17.4853,40.4875],[17.5177,40.4739],[17.5419,40.4439],[17.5678,40.4349],[17.592,40.4604],[17.6127,40.4642],[17.6573,40.4494],[17.7142,40.4063],[17.7809,40.3938],[17.7985,40.3796],[17.764,40.2934],[17.7725,40.2931],[17.7725,40.25],[17.8202,40.2098],[17.9889,40.0676],[17.9675,40.0573],[18.0051,40.0449],[18.0221,40.0217],[17.9954,40.0027],[18.0715,39.9115],[18.1306,39.8835],[18.1619,39.8605],[18.2113,39.8393],[18.2654,39.8346],[18.2934,39.811],[18.2935,39.8112],[18.2938,39.811],[18.2997,39.8223],[18.3304,39.8034],[18.3683,39.7966],[18.3865,39.8253],[18.4001,39.8786],[18.3948,39.9049],[18.4234,39.9875],[18.4459,40.0303],[18.4836,40.0552],[18.4919,40.0847],[18.5174,40.1142],[18.4373,40.2679],[18.4093,40.2976],[18.3766,40.3565],[18.2887,40.41],[18.2588,40.4307],[18.2383,40.4577],[18.2117,40.4647],[18.1538,40.492],[18.0381,40.5624],[18.0432,40.602],[18.0158,40.6252],[18.007,40.6507],[17.9617,40.6474],[17.9554,40.6546],[17.9552,40.6547],[17.9558,40.6705],[17.9219,40.683],[17.8577,40.6922],[17.8248,40.7049],[17.7484,40.7476],[17.7166,40.758],[17.5198,40.8778],[17.4995,40.8862],[17.4452,40.9086],[17.4181,40.9197],[17.3909,40.931],[17.2823,40.9757],[17.2764,40.9802],[17.2031,41.021],[17.0571,41.0819],[16.9779,41.1013],[16.7854,41.1807],[16.7063,41.2125],[16.6384,41.2398],[16.6045,41.2535],[16.5705,41.2671],[16.5026,41.2945],[16.4347,41.3218],[16.163,41.4311],[16.0279,41.4854],[16.0013,41.4961],[15.9029,41.5357],[15.9051,41.5523],[15.9241,41.5658],[16.163,41.7358],[16.1698,41.7406],[16.1696,41.7408],[16.1698,41.741],[16.163,41.7471],[16.1535,41.7556],[16.1929,41.7909],[16.1922,41.8214],[16.176,41.8774],[16.1688,41.886],[16.1662,41.8958],[16.1586,41.8982],[16.1405,41.9199],[16.0271,41.9441],[15.9685,41.9388],[15.9646,41.9392],[15.9642,41.9392],[15.95,41.9385],[15.925,41.961],[15.9246,41.961],[15.4408,41.9578],[15.177,41.9561],[15.1441,41.9559],[15.1438,41.9559],[15.1111,41.9796],[14.9131,42.123],[14.8618,42.1601],[14.848,42.1701],[14.6493,42.314],[14.3854,42.5052],[14.3782,42.5104],[14.3311,42.5445],[14.2841,42.5785],[14.19,42.6467],[14.1024,42.7101],[14.0313,42.7616],[13.9603,42.878],[13.9346,42.92],[13.909,42.962],[13.8577,43.046],[13.8535,43.0674],[13.8348,43.1273],[13.8102,43.1648],[13.8045,43.1804],[13.7831,43.2208],[13.7803,43.2365],[13.7457,43.2911],[13.6929,43.3905],[13.6909,43.3933],[13.647,43.4753],[13.617,43.5313],[13.6156,43.5605],[13.5692,43.5803],[13.5432,43.6132],[13.5044,43.6328],[13.4863,43.6206],[13.4293,43.6402],[13.2153,43.7551],[13.1815,43.7732],[13.1815,43.7488],[13.1772,43.7515],[13.1165,43.7287],[13.0776,43.7272],[13.0541,43.6844],[13.0025,43.6576],[12.9691,43.6062],[12.9298,43.592],[12.908,43.5633],[12.7582,43.4612],[12.7465,43.3788],[12.7889,43.3241],[12.7957,43.2785],[12.8517,43.2061],[12.8573,43.184],[12.8354,43.1494],[12.8374,43.1325],[12.8752,43.1158],[12.8953,43.0874],[12.891,43.0527],[12.9071,42.9715],[12.9619,42.9293],[12.9693,42.8918],[12.992,42.8966],[12.9949,42.9172],[13.0488,42.9178],[13.1372,42.8495],[13.1504,42.8236],[13.2243,42.8477],[13.2563,42.8025],[13.2489,42.7678],[13.2035,42.7598],[13.1945,42.7346],[13.1891,42.694],[13.1539,42.6451],[13.1188,42.646],[13.0593,42.6238],[13.0176,42.6316],[12.988,42.608],[12.902,42.6096],[12.8792,42.5903],[12.8801,42.5647],[12.78,42.5271],[12.7552,42.5003],[12.7161,42.4896],[12.7222,42.454],[12.6657,42.4435],[12.6121,42.4631],[12.6117,42.4338],[12.5926,42.401],[12.5284,42.3695],[12.504,42.3906],[12.4651,42.3869],[12.4534,42.3721]],[[15.9398,40.6381],[15.9733,40.6505],[15.9832,40.6468],[15.9845,40.6058],[15.9646,40.6083],[15.9398,40.6381]]]}},
{"type":"Feature","properties":{"entityId":"italic-tribes","from":-349,"to":-343,"certainty":"estimated","source":"유럽 쪽은 Natural Earth 1:10m admin-1(v5.1.2) 현대 행정구역 조각을 그 시기 국경에 맞춰 묶고, 조각이 역사 경계와 다른 곳은 선을 그어 나눈 근사. 유럽 밖(시베리아·중앙아시아·극동)은 대략적인 추정. 운영자 검수 필요"},"geometry":{"type":"Polygon","coordinates":[[[12.4534,42.3721],[12.4724,42.3184],[12.491,42.2983],[12.5204,42.2958],[12.5469,42.2935],[12.5605,42.2706],[12.5742,42.2911],[12.6022,42.2775],[12.6298,42.2414],[12.6111,42.2377],[12.6121,42.1949],[12.6247,42.1747],[12.6953,42.1465],[12.765,42.1873],[12.7978,42.1594],[12.8326,42.1476],[12.8656,42.1065],[12.8854,42.1001],[12.9205,42.1135],[12.9525,42.0983],[12.9975,42.125],[13.0296,42.1156],[13.0137,42.1085],[13.017,42.0546],[13.0284,42.0319],[13.0823,42.0189],[13.0971,42.0237],[13.2801,41.9468],[13.2979,41.947],[13.2393,41.8919],[13.1974,41.8676],[13.1844,41.8482],[13.1382,41.8455],[13.0826,41.858],[13.0614,41.8334],[13.0075,41.8149],[12.9976,41.7847],[13.0186,41.7529],[13.0931,41.7083],[13.0948,41.6846],[13.1471,41.6533],[13.1576,41.6354],[13.1569,41.5886],[13.1752,41.5836],[13.1037,41.5454],[13.0755,41.5685],[13.0201,41.5778],[13.0036,41.627],[12.9577,41.662],[12.9345,41.7096],[12.9124,41.7124],[12.8535,41.7013],[12.8476,41.6407],[12.8233,41.6235],[12.7902,41.6175],[12.747,41.5738],[12.6992,41.606],[12.6599,41.6036],[12.6498,41.6562],[12.6191,41.6651],[12.5797,41.6489],[12.56,41.6163],[12.5761,41.5825],[12.6028,41.5556],[12.6624,41.5307],[12.6825,41.5091],[12.722,41.4946],[12.7565,41.4634],[12.7744,41.4209],[12.778,41.4208],[12.778,41.3156],[12.8071,41.2988],[12.8861,41.2531],[13.04,41.2398],[13.0446,41.2275],[13.0905,41.2265],[13.0985,41.2347],[13.35,41.2129],[13.5754,41.1933],[13.6277,41.1888],[13.6351,41.1819],[13.65,41.168],[13.6828,41.1374],[13.8139,41.0152],[13.838,40.9927],[13.9184,40.9177],[13.9184,40.9427],[13.9452,40.9427],[13.9452,40.945],[14.0039,40.945],[14.0101,40.9368],[14.1404,40.9791],[14.1612,40.9518],[14.2459,40.9444],[14.2729,40.947],[14.2925,40.9689],[14.2935,40.9922],[14.3149,41.0048],[14.4736,40.9816],[14.5145,40.9855],[14.5313,41.0134],[14.572,41.0095],[14.5826,40.9429],[14.6,40.9311],[14.6549,40.9214],[14.6691,40.9009],[14.6538,40.894],[14.5944,40.9033],[14.5782,40.8748],[14.6055,40.8476],[14.568,40.8311],[14.5793,40.795],[14.5253,40.7776],[14.5101,40.7566],[14.5261,40.7335],[14.5641,40.7274],[14.5822,40.6868],[14.5438,40.6455],[14.481,40.6448],[14.4714,40.6247],[14.4845,40.6315],[14.4914,40.631],[14.5442,40.6136],[14.5713,40.6177],[14.597,40.635],[14.7041,40.6049],[14.9265,40.2797],[14.9069,40.2586],[14.9111,40.2416],[14.9571,40.2316],[14.9605,40.23],[14.9993,40.1733],[15.2164,40.1076],[15.2354,40.0982],[15.2791,40.0477],[15.2612,40.0294],[15.3143,40.0338],[15.3432,40.0041],[15.4101,39.994],[15.4296,39.9998],[15.4378,40.0078],[15.5025,39.9012],[15.5292,39.8571],[15.556,39.8129],[15.6096,39.7246],[15.7194,39.5436],[15.8351,39.3714],[16.013,39.1065],[16.0646,39.0297],[16.0723,39.0182],[16.108,38.965],[16.0403,38.8981],[15.9813,38.8399],[15.9223,38.7816],[15.8922,38.7519],[15.8589,38.665],[15.8445,38.6604],[15.8355,38.6282],[15.8428,38.6226],[15.8074,38.5302],[15.8795,38.5302],[15.8795,38.484],[15.9079,38.484],[15.9144,38.5056],[15.9649,38.5218],[16.0312,38.5288],[16.0538,38.5507],[16.083,38.5547],[16.1845,38.5029],[16.2329,38.4969],[16.2614,38.4763],[16.2763,38.4412],[16.2972,38.4331],[16.365,38.4317],[16.3849,38.4404],[16.3862,38.4725],[16.3626,38.4882],[16.3504,38.5142],[16.3582,38.5424],[16.3847,38.568],[16.4199,38.554],[16.4343,38.5384],[16.4311,38.5103],[16.4593,38.5049],[16.5368,38.4651],[16.5735,38.4673],[16.577,38.5286],[16.5687,38.5593],[16.5586,38.715],[16.6162,38.8001],[16.6985,38.852],[16.797,38.866],[16.8616,38.8751],[16.8939,38.8797],[16.8939,38.93],[16.8922,38.9296],[16.9013,38.96],[16.8745,39.0151],[16.8128,39.0545],[16.7777,39.065],[16.7332,39.062],[16.6772,39.0948],[16.6632,39.1166],[16.661,39.1491],[16.6263,39.1692],[16.6132,39.1943],[16.643,39.2032],[16.7463,39.1902],[16.7656,39.2158],[16.7453,39.3017],[16.7085,39.3358],[16.7332,39.3592],[16.8572,39.3486],[16.8933,39.3682],[16.9013,39.4007],[16.9645,39.4039],[16.9791,39.449],[17.0192,39.4792],[17.028,39.4705],[17.0418,39.4705],[17.0418,39.4918],[17.0004,39.5131],[16.8302,39.6007],[16.5232,39.7588],[16.5298,39.8591],[16.5436,39.8864],[16.5892,39.9198],[16.6316,39.9662],[16.6097,40.0172],[16.6414,40.0799],[16.6572,40.1113],[16.6392,40.1113],[16.6392,40.1179],[16.64,40.1187],[16.5589,40.1268],[16.5167,40.1213],[16.45,40.1244],[16.4269,40.1366],[16.4103,40.1082],[16.3988,40.0555],[16.3816,40.0651],[16.3557,40.1179],[16.363,40.1366],[16.3942,40.1577],[16.351,40.207],[16.3715,40.273],[16.3746,40.3099],[16.331,40.3065],[16.3193,40.2801],[16.2338,40.2651],[16.1983,40.2724],[16.1757,40.2988],[16.1529,40.3737],[16.109,40.4032],[16.1075,40.4162],[16.1365,40.4452],[16.1303,40.4723],[16.0958,40.5293],[16.0983,40.5548],[16.1192,40.5827],[16.0528,40.6323],[16.0562,40.6564],[16.1458,40.6957],[16.1492,40.7225],[16.1172,40.7699],[16.1215,40.7961],[16.1603,40.8047],[16.2454,40.8375],[16.3404,40.7521],[16.3964,40.713],[16.4351,40.7096],[16.4978,40.7578],[16.5157,40.7575],[16.5347,40.7336],[16.536,40.7547],[16.5693,40.7493],[16.5869,40.7623],[16.621,40.7585],[16.6946,40.7336],[16.7157,40.7154],[16.7862,40.7322],[16.8059,40.6966],[16.8234,40.6954],[16.8621,40.7215],[16.9231,40.7009],[16.9566,40.7513],[16.9868,40.7626],[17.0137,40.7554],[17.0246,40.7161],[17.0637,40.7209],[17.1249,40.7094],[17.1502,40.7136],[17.165,40.747],[17.2085,40.7634],[17.2576,40.7649],[17.3251,40.7425],[17.3537,40.7486],[17.3615,40.7292],[17.4114,40.6856],[17.4316,40.6314],[17.4573,40.6182],[17.465,40.593],[17.4519,40.5438],[17.4853,40.4875],[17.5177,40.4739],[17.5419,40.4439],[17.5678,40.4349],[17.592,40.4604],[17.6127,40.4642],[17.6573,40.4494],[17.7142,40.4063],[17.7809,40.3938],[17.7985,40.3796],[17.764,40.2934],[17.7725,40.2931],[17.7725,40.25],[17.8202,40.2098],[17.9889,40.0676],[17.9675,40.0573],[18.0051,40.0449],[18.0221,40.0217],[17.9954,40.0027],[18.0715,39.9115],[18.1306,39.8835],[18.1619,39.8605],[18.2113,39.8393],[18.2654,39.8346],[18.2934,39.811],[18.2935,39.8112],[18.2938,39.811],[18.2997,39.8223],[18.3304,39.8034],[18.3683,39.7966],[18.3865,39.8253],[18.4001,39.8786],[18.3948,39.9049],[18.4234,39.9875],[18.4459,40.0303],[18.4836,40.0552],[18.4919,40.0847],[18.5174,40.1142],[18.4373,40.2679],[18.4093,40.2976],[18.3766,40.3565],[18.2887,40.41],[18.2588,40.4307],[18.2383,40.4577],[18.2117,40.4647],[18.1538,40.492],[18.0381,40.5624],[18.0432,40.602],[18.0158,40.6252],[18.007,40.6507],[17.9617,40.6474],[17.9554,40.6546],[17.9552,40.6547],[17.9558,40.6705],[17.9219,40.683],[17.8577,40.6922],[17.8248,40.7049],[17.7484,40.7476],[17.7166,40.758],[17.5198,40.8778],[17.4995,40.8862],[17.4452,40.9086],[17.4181,40.9197],[17.3909,40.931],[17.2823,40.9757],[17.2764,40.9802],[17.2031,41.021],[17.0571,41.0819],[16.9779,41.1013],[16.7854,41.1807],[16.7063,41.2125],[16.6384,41.2398],[16.6045,41.2535],[16.5705,41.2671],[16.5026,41.2945],[16.4347,41.3218],[16.163,41.4311],[16.0279,41.4854],[16.0013,41.4961],[15.9029,41.5357],[15.9051,41.5523],[15.9241,41.5658],[16.163,41.7358],[16.1698,41.7406],[16.1696,41.7408],[16.1698,41.741],[16.163,41.7471],[16.1535,41.7556],[16.1929,41.7909],[16.1922,41.8214],[16.176,41.8774],[16.1688,41.886],[16.1662,41.8958],[16.1586,41.8982],[16.1405,41.9199],[16.0271,41.9441],[15.9685,41.9388],[15.9646,41.9392],[15.9642,41.9392],[15.95,41.9385],[15.925,41.961],[15.9246,41.961],[15.4408,41.9578],[15.177,41.9561],[15.1441,41.9559],[15.1438,41.9559],[15.1111,41.9796],[14.9131,42.123],[14.8618,42.1601],[14.848,42.1701],[14.6493,42.314],[14.3854,42.5052],[14.3782,42.5104],[14.3311,42.5445],[14.2841,42.5785],[14.19,42.6467],[14.1024,42.7101],[14.0313,42.7616],[13.9603,42.878],[13.9346,42.92],[13.909,42.962],[13.8577,43.046],[13.8535,43.0674],[13.8348,43.1273],[13.8102,43.1648],[13.8045,43.1804],[13.7831,43.2208],[13.7803,43.2365],[13.7457,43.2911],[13.6929,43.3905],[13.6909,43.3933],[13.647,43.4753],[13.617,43.5313],[13.6156,43.5605],[13.5692,43.5803],[13.5432,43.6132],[13.5044,43.6328],[13.4863,43.6206],[13.4293,43.6402],[13.2153,43.7551],[13.1815,43.7732],[13.1815,43.7488],[13.1772,43.7515],[13.1165,43.7287],[13.0776,43.7272],[13.0541,43.6844],[13.0025,43.6576],[12.9691,43.6062],[12.9298,43.592],[12.908,43.5633],[12.7582,43.4612],[12.7465,43.3788],[12.7889,43.3241],[12.7957,43.2785],[12.8517,43.2061],[12.8573,43.184],[12.8354,43.1494],[12.8374,43.1325],[12.8752,43.1158],[12.8953,43.0874],[12.891,43.0527],[12.9071,42.9715],[12.9619,42.9293],[12.9693,42.8918],[12.992,42.8966],[12.9949,42.9172],[13.0488,42.9178],[13.1372,42.8495],[13.1504,42.8236],[13.2243,42.8477],[13.2563,42.8025],[13.2489,42.7678],[13.2035,42.7598],[13.1945,42.7346],[13.1891,42.694],[13.1539,42.6451],[13.1188,42.646],[13.0593,42.6238],[13.0176,42.6316],[12.988,42.608],[12.902,42.6096],[12.8792,42.5903],[12.8801,42.5647],[12.78,42.5271],[12.7552,42.5003],[12.7161,42.4896],[12.7222,42.454],[12.6657,42.4435],[12.6121,42.4631],[12.6117,42.4338],[12.5926,42.401],[12.5284,42.3695],[12.504,42.3906],[12.4651,42.3869],[12.4534,42.3721]],[[15.9398,40.6381],[15.9733,40.6505],[15.9832,40.6468],[15.9845,40.6058],[15.9646,40.6083],[15.9398,40.6381]]]}},
{"type":"Feature","properties":{"entityId":"italic-tribes","from":-343,"to":-337,"certainty":"estimated","source":"유럽 쪽은 Natural Earth 1:10m admin-1(v5.1.2) 현대 행정구역 조각을 그 시기 국경에 맞춰 묶고, 조각이 역사 경계와 다른 곳은 선을 그어 나눈 근사. 유럽 밖(시베리아·중앙아시아·극동)은 대략적인 추정. 운영자 검수 필요"},"geometry":{"type":"MultiPolygon","coordinates":[[[[12.4534,42.3721],[12.4724,42.3184],[12.491,42.2983],[12.5204,42.2958],[12.5469,42.2935],[12.5605,42.2706],[12.5742,42.2911],[12.6022,42.2775],[12.6298,42.2414],[12.6111,42.2377],[12.6121,42.1949],[12.6247,42.1747],[12.6953,42.1465],[12.765,42.1873],[12.7978,42.1594],[12.8326,42.1476],[12.8656,42.1065],[12.8854,42.1001],[12.9205,42.1135],[12.9525,42.0983],[12.9975,42.125],[13.0296,42.1156],[13.0137,42.1085],[13.017,42.0546],[13.0284,42.0319],[13.0823,42.0189],[13.0971,42.0237],[13.2801,41.9468],[13.2979,41.947],[13.2393,41.8919],[13.1974,41.8676],[13.1844,41.8482],[13.1382,41.8455],[13.0826,41.858],[13.0614,41.8334],[13.0075,41.8149],[12.9976,41.7847],[13.0186,41.7529],[13.0931,41.7083],[13.0948,41.6846],[13.1471,41.6533],[13.1576,41.6354],[13.1569,41.5886],[13.1752,41.5836],[13.1037,41.5454],[13.0755,41.5685],[13.0201,41.5778],[13.0036,41.627],[12.9577,41.662],[12.9345,41.7096],[12.9124,41.7124],[12.8535,41.7013],[12.8476,41.6407],[12.8233,41.6235],[12.7902,41.6175],[12.747,41.5738],[12.6992,41.606],[12.6599,41.6036],[12.6498,41.6562],[12.6191,41.6651],[12.5797,41.6489],[12.56,41.6163],[12.5761,41.5825],[12.6028,41.5556],[12.6624,41.5307],[12.6825,41.5091],[12.722,41.4946],[12.7565,41.4634],[12.7744,41.4209],[12.778,41.4208],[12.778,41.3156],[12.8071,41.2988],[12.8861,41.2531],[13.04,41.2398],[13.0446,41.2275],[13.0905,41.2265],[13.0985,41.2347],[13.35,41.2129],[13.5754,41.1933],[13.6277,41.1888],[13.6351,41.1819],[13.65,41.168],[13.6828,41.1374],[13.8139,41.0152],[13.838,40.9927],[13.9184,40.9177],[13.9184,40.9427],[13.9452,40.9427],[13.9452,40.945],[14.0039,40.945],[14.0101,40.9368],[14.1404,40.9791],[14.1612,40.9518],[14.2459,40.9444],[14.2729,40.947],[14.2925,40.9689],[14.2935,40.9922],[14.3149,41.0048],[14.4736,40.9816],[14.5145,40.9855],[14.5313,41.0134],[14.572,41.0095],[14.5826,40.9429],[14.6,40.9311],[14.6549,40.9214],[14.6691,40.9009],[14.6538,40.894],[14.5944,40.9033],[14.5782,40.8748],[14.6055,40.8476],[14.568,40.8311],[14.5793,40.795],[14.5253,40.7776],[14.5101,40.7566],[14.5261,40.7335],[14.5641,40.7274],[14.5822,40.6868],[14.5438,40.6455],[14.481,40.6448],[14.4714,40.6247],[14.4845,40.6315],[14.4914,40.631],[14.5442,40.6136],[14.5713,40.6177],[14.597,40.635],[14.7041,40.6049],[14.9265,40.2797],[14.9069,40.2586],[14.9111,40.2416],[14.9571,40.2316],[14.9605,40.23],[14.9993,40.1733],[15.2164,40.1076],[15.2354,40.0982],[15.2791,40.0477],[15.2612,40.0294],[15.3143,40.0338],[15.3432,40.0041],[15.4101,39.994],[15.4296,39.9998],[15.4378,40.0078],[15.5025,39.9012],[15.5292,39.8571],[15.556,39.8129],[15.6096,39.7246],[15.7194,39.5436],[15.8351,39.3714],[16.013,39.1065],[16.0646,39.0297],[16.0723,39.0182],[16.108,38.965],[16.0403,38.8981],[15.9813,38.8399],[15.9223,38.7816],[15.8922,38.7519],[15.8589,38.665],[15.8445,38.6604],[15.8355,38.6282],[15.8428,38.6226],[15.8074,38.5302],[15.8795,38.5302],[15.8795,38.484],[15.9079,38.484],[15.9144,38.5056],[15.9649,38.5218],[16.0312,38.5288],[16.0538,38.5507],[16.083,38.5547],[16.1845,38.5029],[16.2329,38.4969],[16.2614,38.4763],[16.2763,38.4412],[16.2972,38.4331],[16.365,38.4317],[16.3849,38.4404],[16.3862,38.4725],[16.3626,38.4882],[16.3504,38.5142],[16.3582,38.5424],[16.3847,38.568],[16.4199,38.554],[16.4343,38.5384],[16.4311,38.5103],[16.4593,38.5049],[16.5368,38.4651],[16.5735,38.4673],[16.577,38.5286],[16.5687,38.5593],[16.5586,38.715],[16.6162,38.8001],[16.6985,38.852],[16.797,38.866],[16.8616,38.8751],[16.8939,38.8797],[16.8939,38.93],[16.8922,38.9296],[16.9013,38.96],[16.8745,39.0151],[16.8128,39.0545],[16.7777,39.065],[16.7332,39.062],[16.6772,39.0948],[16.6632,39.1166],[16.661,39.1491],[16.6263,39.1692],[16.6132,39.1943],[16.643,39.2032],[16.7463,39.1902],[16.7656,39.2158],[16.7453,39.3017],[16.7085,39.3358],[16.7332,39.3592],[16.8572,39.3486],[16.8933,39.3682],[16.9013,39.4007],[16.9645,39.4039],[16.9791,39.449],[17.0192,39.4792],[17.028,39.4705],[17.0418,39.4705],[17.0418,39.4918],[17.0004,39.5131],[16.8302,39.6007],[16.5232,39.7588],[16.5298,39.8591],[16.5436,39.8864],[16.5892,39.9198],[16.6316,39.9662],[16.6097,40.0172],[16.6414,40.0799],[16.6572,40.1113],[16.6392,40.1113],[16.6392,40.1179],[16.64,40.1187],[16.5589,40.1268],[16.5167,40.1213],[16.45,40.1244],[16.4269,40.1366],[16.4103,40.1082],[16.3988,40.0555],[16.3816,40.0651],[16.3557,40.1179],[16.363,40.1366],[16.3942,40.1577],[16.351,40.207],[16.3715,40.273],[16.3746,40.3099],[16.331,40.3065],[16.3193,40.2801],[16.2338,40.2651],[16.1983,40.2724],[16.1757,40.2988],[16.1529,40.3737],[16.109,40.4032],[16.1075,40.4162],[16.1365,40.4452],[16.1303,40.4723],[16.0958,40.5293],[16.0983,40.5548],[16.1192,40.5827],[16.0528,40.6323],[16.0562,40.6564],[16.1458,40.6957],[16.1492,40.7225],[16.1172,40.7699],[16.1215,40.7961],[16.1603,40.8047],[16.2454,40.8375],[16.3404,40.7521],[16.3964,40.713],[16.4351,40.7096],[16.4978,40.7578],[16.5157,40.7575],[16.5347,40.7336],[16.536,40.7547],[16.5693,40.7493],[16.5869,40.7623],[16.621,40.7585],[16.6946,40.7336],[16.7157,40.7154],[16.7862,40.7322],[16.8059,40.6966],[16.8234,40.6954],[16.8621,40.7215],[16.9231,40.7009],[16.9566,40.7513],[16.9868,40.7626],[17.0137,40.7554],[17.0246,40.7161],[17.0637,40.7209],[17.1249,40.7094],[17.1502,40.7136],[17.165,40.747],[17.2085,40.7634],[17.2576,40.7649],[17.3251,40.7425],[17.3537,40.7486],[17.3615,40.7292],[17.4114,40.6856],[17.4316,40.6314],[17.4573,40.6182],[17.465,40.593],[17.4519,40.5438],[17.4853,40.4875],[17.5177,40.4739],[17.5419,40.4439],[17.5678,40.4349],[17.592,40.4604],[17.6127,40.4642],[17.6573,40.4494],[17.7142,40.4063],[17.7809,40.3938],[17.7985,40.3796],[17.764,40.2934],[17.7725,40.2931],[17.7725,40.25],[17.8202,40.2098],[17.9889,40.0676],[17.9675,40.0573],[18.0051,40.0449],[18.0221,40.0217],[17.9954,40.0027],[18.0715,39.9115],[18.1306,39.8835],[18.1619,39.8605],[18.2113,39.8393],[18.2654,39.8346],[18.2934,39.811],[18.2935,39.8112],[18.2938,39.811],[18.2997,39.8223],[18.3304,39.8034],[18.3683,39.7966],[18.3865,39.8253],[18.4001,39.8786],[18.3948,39.9049],[18.4234,39.9875],[18.4459,40.0303],[18.4836,40.0552],[18.4919,40.0847],[18.5174,40.1142],[18.4373,40.2679],[18.4093,40.2976],[18.3766,40.3565],[18.2887,40.41],[18.2588,40.4307],[18.2383,40.4577],[18.2117,40.4647],[18.1538,40.492],[18.0381,40.5624],[18.0432,40.602],[18.0158,40.6252],[18.007,40.6507],[17.9617,40.6474],[17.9554,40.6546],[17.9552,40.6547],[17.9558,40.6705],[17.9219,40.683],[17.8577,40.6922],[17.8248,40.7049],[17.7484,40.7476],[17.7166,40.758],[17.5198,40.8778],[17.4995,40.8862],[17.4452,40.9086],[17.4181,40.9197],[17.3909,40.931],[17.2823,40.9757],[17.2764,40.9802],[17.2031,41.021],[17.0571,41.0819],[16.9779,41.1013],[16.7854,41.1807],[16.7063,41.2125],[16.6384,41.2398],[16.6045,41.2535],[16.5705,41.2671],[16.5026,41.2945],[16.4347,41.3218],[16.163,41.4311],[16.0279,41.4854],[16.0013,41.4961],[15.9029,41.5357],[15.9051,41.5523],[15.9241,41.5658],[16.163,41.7358],[16.1698,41.7406],[16.1696,41.7408],[16.1698,41.741],[16.163,41.7471],[16.1535,41.7556],[16.1929,41.7909],[16.1922,41.8214],[16.176,41.8774],[16.1688,41.886],[16.1662,41.8958],[16.1586,41.8982],[16.1405,41.9199],[16.0271,41.9441],[15.9685,41.9388],[15.9646,41.9392],[15.9642,41.9392],[15.95,41.9385],[15.925,41.961],[15.9246,41.961],[15.4408,41.9578],[15.177,41.9561],[15.1441,41.9559],[15.1438,41.9559],[15.1111,41.9796],[14.9131,42.123],[14.8618,42.1601],[14.848,42.1701],[14.6493,42.314],[14.3854,42.5052],[14.3782,42.5104],[14.3311,42.5445],[14.2841,42.5785],[14.19,42.6467],[14.1024,42.7101],[14.0313,42.7616],[13.9603,42.878],[13.9346,42.92],[13.909,42.962],[13.8577,43.046],[13.8535,43.0674],[13.8348,43.1273],[13.8102,43.1648],[13.8045,43.1804],[13.7831,43.2208],[13.7803,43.2365],[13.7457,43.2911],[13.6929,43.3905],[13.6909,43.3933],[13.647,43.4753],[13.617,43.5313],[13.6156,43.5605],[13.5692,43.5803],[13.5432,43.6132],[13.5044,43.6328],[13.4863,43.6206],[13.4293,43.6402],[13.2153,43.7551],[13.1815,43.7732],[13.1815,43.7488],[13.1772,43.7515],[13.1165,43.7287],[13.0776,43.7272],[13.0541,43.6844],[13.0025,43.6576],[12.9691,43.6062],[12.9298,43.592],[12.908,43.5633],[12.7582,43.4612],[12.7465,43.3788],[12.7889,43.3241],[12.7957,43.2785],[12.8517,43.2061],[12.8573,43.184],[12.8354,43.1494],[12.8374,43.1325],[12.8752,43.1158],[12.8953,43.0874],[12.891,43.0527],[12.9071,42.9715],[12.9619,42.9293],[12.9693,42.8918],[12.992,42.8966],[12.9949,42.9172],[13.0488,42.9178],[13.1372,42.8495],[13.1504,42.8236],[13.2243,42.8477],[13.2563,42.8025],[13.2489,42.7678],[13.2035,42.7598],[13.1945,42.7346],[13.1891,42.694],[13.1539,42.6451],[13.1188,42.646],[13.0593,42.6238],[13.0176,42.6316],[12.988,42.608],[12.902,42.6096],[12.8792,42.5903],[12.8801,42.5647],[12.78,42.5271],[12.7552,42.5003],[12.7161,42.4896],[12.7222,42.454],[12.6657,42.4435],[12.6121,42.4631],[12.6117,42.4338],[12.5926,42.401],[12.5284,42.3695],[12.504,42.3906],[12.4651,42.3869],[12.4534,42.3721]],[[15.9398,40.6381],[15.9733,40.6505],[15.9832,40.6468],[15.9845,40.6058],[15.9646,40.6083],[15.9398,40.6381]]],[[[14.0748,37.3747],[14.0901,37.346],[14.1303,37.3414],[14.1699,37.3252],[14.2426,37.344],[14.2673,37.3407],[14.3193,37.304],[14.3525,37.306],[14.405,37.2934],[14.4549,37.3037],[14.4373,37.3392],[14.4572,37.341],[14.4766,37.3213],[14.5177,37.3187],[14.5085,37.3474],[14.5266,37.3609],[14.5708,37.3618],[14.5867,37.372],[14.5823,37.4002],[14.6287,37.4212],[14.5788,37.4513],[14.5447,37.4481],[14.5147,37.4631],[14.5083,37.4855],[14.5181,37.5187],[14.5429,37.5425],[14.6263,37.5402],[14.6903,37.5559],[14.718,37.5435],[14.7721,37.5024],[14.799,37.537],[14.8029,37.5759],[14.8356,37.5966],[14.8179,37.638],[14.7919,37.6597],[14.7977,37.7128],[14.7459,37.6869],[14.7149,37.6974],[14.7157,37.7308],[14.7307,37.7487],[14.7158,37.7751],[14.7383,37.7894],[14.7422,37.8182],[14.6717,37.7995],[14.6029,37.8083],[14.5647,37.834],[14.5688,37.8753],[14.5356,37.8694],[14.4986,37.8423],[14.4933,37.8106],[14.4618,37.8044],[14.4476,37.8436],[14.4088,37.861],[14.3046,37.8366],[14.2799,37.8402],[14.2664,37.8289],[14.2613,37.7882],[14.292,37.7575],[14.2648,37.703],[14.2124,37.6797],[14.1738,37.6714],[14.1483,37.6238],[14.1349,37.6168],[14.1544,37.6094],[14.1537,37.5838],[14.1366,37.5738],[14.1284,37.5291],[14.1452,37.5048],[14.1424,37.4835],[14.077,37.4291],[14.0748,37.3747]]]]}},
{"type":"Feature","properties":{"entityId":"italic-tribes","from":-337,"to":-316,"certainty":"estimated","source":"유럽 쪽은 Natural Earth 1:10m admin-1(v5.1.2) 현대 행정구역 조각을 그 시기 국경에 맞춰 묶고, 조각이 역사 경계와 다른 곳은 선을 그어 나눈 근사. 유럽 밖(시베리아·중앙아시아·극동)은 대략적인 추정. 운영자 검수 필요"},"geometry":{"type":"MultiPolygon","coordinates":[[[[14.2841,42.5785],[14.3311,42.5445],[14.3782,42.5104],[14.3854,42.5052],[14.6493,42.314],[14.848,42.1701],[14.8618,42.1601],[14.9131,42.123],[15.0451,42.0274],[15.1111,41.9796],[15.1438,41.9559],[15.1441,41.9559],[15.177,41.9561],[15.4408,41.9578],[15.9246,41.961],[15.925,41.961],[15.95,41.9385],[15.9642,41.9392],[15.9643,41.9392],[15.9646,41.9392],[15.9685,41.9388],[16.0271,41.9441],[16.1405,41.9199],[16.1586,41.8982],[16.1662,41.8958],[16.1688,41.886],[16.176,41.8774],[16.1922,41.8214],[16.1929,41.7909],[16.1535,41.7556],[16.163,41.7471],[16.1698,41.741],[16.1696,41.7408],[16.1698,41.7406],[16.163,41.7358],[15.9241,41.5658],[15.9051,41.5523],[15.9029,41.5357],[16.0013,41.4961],[16.0279,41.4854],[16.163,41.4311],[16.4347,41.3218],[16.5026,41.2945],[16.5705,41.2671],[16.6045,41.2535],[16.6384,41.2398],[16.7063,41.2125],[16.7854,41.1807],[16.9779,41.1013],[17.0571,41.0819],[17.2031,41.021],[17.2764,40.9802],[17.2823,40.9757],[17.3909,40.931],[17.4181,40.9197],[17.4452,40.9086],[17.4995,40.8862],[17.5198,40.8778],[17.7166,40.758],[17.7484,40.7476],[17.8248,40.7049],[17.8577,40.6922],[17.9219,40.683],[17.9558,40.6705],[17.9552,40.6547],[17.9554,40.6546],[17.9617,40.6474],[18.007,40.6507],[18.0158,40.6252],[18.0432,40.602],[18.0381,40.5624],[18.1538,40.492],[18.2117,40.4647],[18.2383,40.4577],[18.2588,40.4307],[18.2887,40.41],[18.3766,40.3565],[18.4093,40.2976],[18.4373,40.2679],[18.5174,40.1142],[18.4919,40.0847],[18.4836,40.0552],[18.4459,40.0303],[18.4234,39.9875],[18.3948,39.9049],[18.4001,39.8786],[18.3865,39.8253],[18.3683,39.7966],[18.3304,39.8034],[18.2997,39.8223],[18.2938,39.811],[18.2935,39.8112],[18.2934,39.811],[18.2654,39.8346],[18.2113,39.8393],[18.1619,39.8605],[18.1306,39.8835],[18.0715,39.9115],[17.9954,40.0027],[18.0221,40.0217],[18.0051,40.0449],[17.9675,40.0573],[17.9889,40.0676],[17.8202,40.2098],[17.7725,40.25],[17.7725,40.2931],[17.764,40.2934],[17.7985,40.3796],[17.7809,40.3938],[17.7142,40.4063],[17.6573,40.4494],[17.6127,40.4642],[17.592,40.4604],[17.5678,40.4349],[17.5419,40.4439],[17.5177,40.4739],[17.4853,40.4875],[17.4519,40.5438],[17.465,40.593],[17.4573,40.6182],[17.4316,40.6314],[17.4114,40.6856],[17.3615,40.7292],[17.3537,40.7486],[17.3251,40.7425],[17.2576,40.7649],[17.2085,40.7634],[17.165,40.747],[17.1502,40.7136],[17.1249,40.7094],[17.0637,40.7209],[17.0246,40.7161],[17.0137,40.7554],[16.9868,40.7626],[16.9566,40.7513],[16.9231,40.7009],[16.8621,40.7215],[16.8234,40.6954],[16.8059,40.6966],[16.7862,40.7322],[16.7157,40.7154],[16.6946,40.7336],[16.621,40.7585],[16.5869,40.7623],[16.5693,40.7493],[16.536,40.7547],[16.5347,40.7336],[16.5157,40.7575],[16.4978,40.7578],[16.4351,40.7096],[16.3964,40.713],[16.3404,40.7521],[16.2454,40.8375],[16.1603,40.8047],[16.1215,40.7961],[16.1172,40.7699],[16.1492,40.7225],[16.1458,40.6957],[16.0562,40.6564],[16.0528,40.6323],[16.1192,40.5827],[16.0983,40.5548],[16.0958,40.5293],[16.1303,40.4723],[16.1365,40.4452],[16.1075,40.4162],[16.109,40.4032],[16.1529,40.3737],[16.1757,40.2988],[16.1983,40.2724],[16.2338,40.2651],[16.3193,40.2801],[16.331,40.3065],[16.3746,40.3099],[16.3715,40.273],[16.351,40.207],[16.3942,40.1577],[16.363,40.1366],[16.3557,40.1179],[16.3816,40.0651],[16.3988,40.0555],[16.4103,40.1082],[16.4269,40.1366],[16.45,40.1244],[16.5167,40.1213],[16.5589,40.1268],[16.64,40.1187],[16.6392,40.1179],[16.6392,40.1113],[16.6572,40.1113],[16.6414,40.0799],[16.6097,40.0172],[16.6316,39.9662],[16.5892,39.9198],[16.5436,39.8864],[16.5298,39.8591],[16.5232,39.7588],[16.8302,39.6007],[17.0004,39.5131],[17.0418,39.4918],[17.0418,39.4705],[17.028,39.4705],[17.0192,39.4792],[16.9791,39.449],[16.9645,39.4039],[16.9013,39.4007],[16.8933,39.3682],[16.8572,39.3486],[16.7332,39.3592],[16.7085,39.3358],[16.7453,39.3017],[16.7656,39.2158],[16.7463,39.1902],[16.643,39.2032],[16.6132,39.1943],[16.6263,39.1692],[16.661,39.1491],[16.6632,39.1166],[16.6772,39.0948],[16.7332,39.062],[16.7777,39.065],[16.8128,39.0545],[16.8745,39.0151],[16.9013,38.96],[16.8922,38.9296],[16.8939,38.93],[16.8939,38.9082],[16.8939,38.9025],[16.8939,38.8797],[16.8616,38.8751],[16.797,38.866],[16.6985,38.852],[16.6162,38.8001],[16.5586,38.715],[16.5687,38.5593],[16.577,38.5286],[16.5735,38.4673],[16.5368,38.4651],[16.4593,38.5049],[16.4311,38.5103],[16.4343,38.5384],[16.4199,38.554],[16.3847,38.568],[16.3582,38.5424],[16.3504,38.5142],[16.3626,38.4882],[16.3862,38.4725],[16.3849,38.4404],[16.365,38.4317],[16.2972,38.4331],[16.2763,38.4412],[16.2614,38.4763],[16.2329,38.4969],[16.1845,38.5029],[16.083,38.5547],[16.0538,38.5507],[16.0312,38.5288],[15.9649,38.5218],[15.9144,38.5056],[15.9079,38.484],[15.8795,38.484],[15.8795,38.5302],[15.8437,38.5302],[15.8167,38.5302],[15.8074,38.5302],[15.8428,38.6226],[15.8355,38.6282],[15.8445,38.6604],[15.8589,38.665],[15.8922,38.7519],[15.9223,38.7816],[15.9813,38.8399],[16.0108,38.869],[16.0403,38.8981],[16.108,38.965],[16.0723,39.0182],[16.0646,39.0297],[16.0388,39.0681],[16.013,39.1065],[15.9537,39.1948],[15.8351,39.3714],[15.7194,39.5436],[15.6096,39.7246],[15.556,39.8129],[15.5292,39.8571],[15.5025,39.9012],[15.4378,40.0078],[15.4296,39.9998],[15.4101,39.994],[15.3432,40.0041],[15.3143,40.0338],[15.2612,40.0294],[15.2791,40.0477],[15.2354,40.0982],[15.2164,40.1076],[14.9993,40.1733],[14.9605,40.23],[14.9571,40.2316],[14.9111,40.2416],[14.9069,40.2586],[14.9265,40.2797],[14.7041,40.6049],[14.597,40.635],[14.5713,40.6177],[14.5442,40.6136],[14.4914,40.631],[14.4845,40.6315],[14.4714,40.6247],[14.481,40.6448],[14.5438,40.6455],[14.5822,40.6868],[14.5641,40.7274],[14.5261,40.7335],[14.5101,40.7566],[14.5253,40.7776],[14.5793,40.795],[14.568,40.8311],[14.6055,40.8476],[14.5782,40.8748],[14.5944,40.9033],[14.6538,40.894],[14.6691,40.9009],[14.6549,40.9214],[14.6,40.9311],[14.5826,40.9429],[14.572,41.0095],[14.5313,41.0134],[14.5159,41.0446],[14.4816,41.0522],[14.4293,41.048],[14.422,41.0606],[14.4347,41.0946],[14.4231,41.1119],[14.3645,41.1378],[14.3596,41.1605],[14.3784,41.164],[14.4214,41.1507],[14.4602,41.1775],[14.4472,41.2063],[14.421,41.2302],[14.4244,41.2562],[14.4504,41.2881],[14.4881,41.307],[14.4453,41.3457],[14.4533,41.3638],[14.5138,41.389],[14.4959,41.3904],[14.4619,41.4231],[14.3827,41.442],[14.2951,41.4694],[14.2665,41.4852],[14.2225,41.4948],[14.1637,41.4907],[14.1209,41.4957],[14.083,41.4546],[14.1058,41.4188],[14.1091,41.3927],[14.0393,41.3946],[14.0256,41.4038],[13.9846,41.461],[13.9618,41.4707],[13.9809,41.5043],[14.0101,41.5289],[13.9943,41.583],[13.9926,41.6283],[13.9457,41.6882],[13.8918,41.7237],[13.7939,41.7535],[13.7443,41.7546],[13.7148,41.7948],[13.6466,41.8105],[13.5788,41.7699],[13.5293,41.7708],[13.5014,41.796],[13.4052,41.8316],[13.3571,41.8308],[13.3554,41.8715],[13.3702,41.9031],[13.3532,41.9192],[13.2979,41.947],[13.2801,41.9468],[13.0971,42.0237],[13.0823,42.0189],[13.0284,42.0319],[13.017,42.0546],[13.0137,42.1085],[13.0296,42.1156],[12.9975,42.125],[12.9525,42.0983],[12.9205,42.1135],[12.8854,42.1001],[12.8656,42.1065],[12.8326,42.1476],[12.7978,42.1594],[12.765,42.1873],[12.6953,42.1465],[12.6247,42.1747],[12.6121,42.1949],[12.6111,42.2377],[12.6298,42.2414],[12.6022,42.2775],[12.5742,42.2911],[12.5605,42.2706],[12.5469,42.2935],[12.5204,42.2958],[12.491,42.2983],[12.4724,42.3184],[12.4534,42.3721],[12.4651,42.3869],[12.504,42.3906],[12.5284,42.3695],[12.5926,42.401],[12.6117,42.4338],[12.6121,42.4631],[12.6657,42.4435],[12.7222,42.454],[12.7161,42.4896],[12.7552,42.5003],[12.78,42.5271],[12.8801,42.5647],[12.8792,42.5903],[12.902,42.6096],[12.988,42.608],[13.0176,42.6316],[13.0593,42.6238],[13.1188,42.646],[13.1539,42.6451],[13.1891,42.694],[13.1945,42.7346],[13.2035,42.7598],[13.2489,42.7678],[13.2563,42.8025],[13.2243,42.8477],[13.1504,42.8236],[13.1372,42.8495],[13.0488,42.9178],[12.9949,42.9172],[12.992,42.8966],[12.9693,42.8918],[12.9619,42.9293],[12.9071,42.9715],[12.891,43.0527],[12.8953,43.0874],[12.8752,43.1158],[12.8374,43.1325],[12.8354,43.1494],[12.8573,43.184],[12.8517,43.2061],[12.7957,43.2785],[12.7889,43.3241],[12.7465,43.3788],[12.7582,43.4612],[12.908,43.5633],[12.9298,43.592],[12.9691,43.6062],[13.0025,43.6576],[13.0541,43.6844],[13.0776,43.7272],[13.1165,43.7287],[13.1772,43.7515],[13.1815,43.7488],[13.1815,43.7732],[13.2153,43.7551],[13.4293,43.6402],[13.4863,43.6206],[13.5044,43.6328],[13.5432,43.6132],[13.5692,43.5803],[13.6156,43.5605],[13.617,43.5313],[13.647,43.4753],[13.6909,43.3933],[13.6929,43.3905],[13.7457,43.2911],[13.7803,43.2365],[13.7831,43.2208],[13.8045,43.1804],[13.8102,43.1648],[13.8348,43.1273],[13.8535,43.0674],[13.8577,43.046],[13.909,42.962],[13.9346,42.92],[13.9603,42.878],[14.0313,42.7616],[14.1024,42.7101],[14.19,42.6467],[14.2841,42.5785]],[[15.9733,40.6505],[15.9398,40.6381],[15.9646,40.6083],[15.9845,40.6058],[15.9832,40.6468],[15.9733,40.6505]]],[[[14.7422,37.8182],[14.7383,37.7894],[14.7158,37.7751],[14.7307,37.7487],[14.7157,37.7308],[14.7149,37.6974],[14.7459,37.6869],[14.7977,37.7128],[14.7919,37.6597],[14.8179,37.638],[14.8356,37.5966],[14.8029,37.5759],[14.799,37.537],[14.7721,37.5024],[14.718,37.5435],[14.6903,37.5559],[14.6263,37.5402],[14.5429,37.5425],[14.5181,37.5187],[14.5083,37.4855],[14.5147,37.4631],[14.5447,37.4481],[14.5788,37.4513],[14.6287,37.4212],[14.5823,37.4002],[14.5867,37.372],[14.5708,37.3618],[14.5266,37.3609],[14.5085,37.3474],[14.5177,37.3187],[14.4766,37.3213],[14.4572,37.341],[14.4373,37.3392],[14.4549,37.3037],[14.405,37.2934],[14.3525,37.306],[14.3193,37.304],[14.2673,37.3407],[14.2426,37.344],[14.1699,37.3252],[14.1303,37.3414],[14.0901,37.346],[14.0748,37.3747],[14.077,37.4291],[14.1424,37.4835],[14.1452,37.5048],[14.1284,37.5291],[14.1366,37.5738],[14.1537,37.5838],[14.1544,37.6094],[14.1349,37.6168],[14.1483,37.6238],[14.1738,37.6714],[14.2124,37.6797],[14.2648,37.703],[14.292,37.7575],[14.2613,37.7882],[14.2664,37.8289],[14.2799,37.8402],[14.3046,37.8366],[14.4088,37.861],[14.4476,37.8436],[14.4618,37.8044],[14.4933,37.8106],[14.4986,37.8423],[14.5356,37.8694],[14.5688,37.8753],[14.5647,37.834],[14.6029,37.8083],[14.6717,37.7995],[14.7422,37.8182]]]]}},
{"type":"Feature","properties":{"entityId":"italic-tribes","from":-316,"to":-305,"certainty":"estimated","source":"유럽 쪽은 Natural Earth 1:10m admin-1(v5.1.2) 현대 행정구역 조각을 그 시기 국경에 맞춰 묶고, 조각이 역사 경계와 다른 곳은 선을 그어 나눈 근사. 유럽 밖(시베리아·중앙아시아·극동)은 대략적인 추정. 운영자 검수 필요"},"geometry":{"type":"MultiPolygon","coordinates":[[[[14.2841,42.5785],[14.3311,42.5445],[14.3782,42.5104],[14.3854,42.5052],[14.6493,42.314],[14.848,42.1701],[14.8618,42.1601],[14.9131,42.123],[15.0451,42.0274],[15.1111,41.9796],[15.1438,41.9559],[15.1441,41.9559],[15.1441,41.9312],[15.1435,41.9312],[15.132,41.8696],[15.1061,41.8298],[15.1032,41.7744],[15.1159,41.716],[15.1521,41.7091],[15.1447,41.6937],[15.1126,41.6856],[15.0176,41.6197],[14.9534,41.6342],[14.9339,41.6201],[14.939,41.5631],[14.935,41.526],[14.9953,41.4821],[15.0507,41.4607],[15.0936,41.4302],[15.1019,41.3906],[15.0667,41.3585],[15.0801,41.3263],[15.1282,41.3077],[15.1435,41.2746],[15.1787,41.2891],[15.2521,41.2588],[15.2676,41.2379],[15.2465,41.2288],[15.2476,41.2015],[15.203,41.1657],[15.2089,41.1494],[15.2553,41.1277],[15.2876,41.1025],[15.3826,41.0975],[15.4118,41.1039],[15.4554,41.0794],[15.5586,41.0551],[15.5617,41.0861],[15.5964,41.1094],[15.7532,41.1028],[15.7711,41.1046],[15.8583,41.1368],[15.9004,41.1011],[15.9533,41.0854],[16.0313,41.0169],[16.0165,40.9803],[15.9851,40.9645],[15.9876,40.9499],[16.119,40.9042],[16.1649,40.9228],[16.1966,40.9114],[16.2082,40.9035],[16.2454,40.8375],[16.1603,40.8047],[16.1215,40.7961],[16.1172,40.7699],[16.1492,40.7225],[16.1458,40.6957],[16.0562,40.6564],[16.0528,40.6323],[16.1192,40.5827],[16.0983,40.5548],[16.0958,40.5293],[16.1303,40.4723],[16.1365,40.4452],[16.1075,40.4162],[16.109,40.4032],[16.1529,40.3737],[16.1757,40.2988],[16.1983,40.2724],[16.2338,40.2651],[16.3193,40.2801],[16.331,40.3065],[16.3746,40.3099],[16.3715,40.273],[16.351,40.207],[16.3942,40.1577],[16.363,40.1366],[16.3557,40.1179],[16.3816,40.0651],[16.3988,40.0555],[16.4103,40.1082],[16.4269,40.1366],[16.45,40.1244],[16.5167,40.1213],[16.5589,40.1268],[16.64,40.1187],[16.6392,40.1179],[16.6392,40.1113],[16.6572,40.1113],[16.6414,40.0799],[16.6097,40.0172],[16.6316,39.9662],[16.5892,39.9198],[16.5436,39.8864],[16.5298,39.8591],[16.5232,39.7588],[16.8302,39.6007],[17.0004,39.5131],[17.0418,39.4918],[17.0418,39.4705],[17.028,39.4705],[17.0192,39.4792],[16.9791,39.449],[16.9645,39.4039],[16.9013,39.4007],[16.8933,39.3682],[16.8572,39.3486],[16.7332,39.3592],[16.7085,39.3358],[16.7453,39.3017],[16.7656,39.2158],[16.7463,39.1902],[16.643,39.2032],[16.6132,39.1943],[16.6263,39.1692],[16.661,39.1491],[16.6632,39.1166],[16.6772,39.0948],[16.7332,39.062],[16.7777,39.065],[16.8128,39.0545],[16.8745,39.0151],[16.9013,38.96],[16.8922,38.9296],[16.8939,38.93],[16.8939,38.9082],[16.8939,38.9025],[16.8939,38.8797],[16.8616,38.8751],[16.797,38.866],[16.6985,38.852],[16.6162,38.8001],[16.5586,38.715],[16.5687,38.5593],[16.577,38.5286],[16.5735,38.4673],[16.5368,38.4651],[16.4593,38.5049],[16.4311,38.5103],[16.4343,38.5384],[16.4199,38.554],[16.3847,38.568],[16.3582,38.5424],[16.3504,38.5142],[16.3626,38.4882],[16.3862,38.4725],[16.3849,38.4404],[16.365,38.4317],[16.2972,38.4331],[16.2763,38.4412],[16.2614,38.4763],[16.2329,38.4969],[16.1845,38.5029],[16.083,38.5547],[16.0538,38.5507],[16.0312,38.5288],[15.9649,38.5218],[15.9144,38.5056],[15.9079,38.484],[15.8795,38.484],[15.8795,38.5302],[15.8437,38.5302],[15.8167,38.5302],[15.8074,38.5302],[15.8428,38.6226],[15.8355,38.6282],[15.8445,38.6604],[15.8589,38.665],[15.8922,38.7519],[15.9223,38.7816],[15.9813,38.8399],[16.0108,38.869],[16.0403,38.8981],[16.108,38.965],[16.0723,39.0182],[16.0646,39.0297],[16.0388,39.0681],[16.013,39.1065],[15.9537,39.1948],[15.8351,39.3714],[15.7194,39.5436],[15.6096,39.7246],[15.556,39.8129],[15.5292,39.8571],[15.5025,39.9012],[15.4378,40.0078],[15.4296,39.9998],[15.4101,39.994],[15.3432,40.0041],[15.3143,40.0338],[15.2612,40.0294],[15.2791,40.0477],[15.2354,40.0982],[15.2164,40.1076],[14.9993,40.1733],[14.9605,40.23],[14.9571,40.2316],[14.9111,40.2416],[14.9069,40.2586],[14.9265,40.2797],[14.7041,40.6049],[14.597,40.635],[14.5713,40.6177],[14.5442,40.6136],[14.4914,40.631],[14.4845,40.6315],[14.4714,40.6247],[14.481,40.6448],[14.5438,40.6455],[14.5822,40.6868],[14.5641,40.7274],[14.5261,40.7335],[14.5101,40.7566],[14.5253,40.7776],[14.5793,40.795],[14.568,40.8311],[14.6055,40.8476],[14.5782,40.8748],[14.5944,40.9033],[14.6538,40.894],[14.6691,40.9009],[14.6549,40.9214],[14.6,40.9311],[14.5826,40.9429],[14.572,41.0095],[14.5313,41.0134],[14.5159,41.0446],[14.4816,41.0522],[14.4293,41.048],[14.422,41.0606],[14.4347,41.0946],[14.4231,41.1119],[14.3645,41.1378],[14.3596,41.1605],[14.3784,41.164],[14.4214,41.1507],[14.4602,41.1775],[14.4472,41.2063],[14.421,41.2302],[14.4244,41.2562],[14.4504,41.2881],[14.4881,41.307],[14.4453,41.3457],[14.4533,41.3638],[14.5138,41.389],[14.4959,41.3904],[14.4619,41.4231],[14.3827,41.442],[14.2951,41.4694],[14.2665,41.4852],[14.2225,41.4948],[14.1637,41.4907],[14.1209,41.4957],[14.083,41.4546],[14.1058,41.4188],[14.1091,41.3927],[14.0393,41.3946],[14.0256,41.4038],[13.9846,41.461],[13.9618,41.4707],[13.9809,41.5043],[14.0101,41.5289],[13.9943,41.583],[13.9926,41.6283],[13.9457,41.6882],[13.8918,41.7237],[13.7939,41.7535],[13.7443,41.7546],[13.7148,41.7948],[13.6466,41.8105],[13.5788,41.7699],[13.5293,41.7708],[13.5014,41.796],[13.4052,41.8316],[13.3571,41.8308],[13.3554,41.8715],[13.3702,41.9031],[13.3532,41.9192],[13.2979,41.947],[13.2801,41.9468],[13.0971,42.0237],[13.0823,42.0189],[13.0284,42.0319],[13.017,42.0546],[13.0137,42.1085],[13.0296,42.1156],[12.9975,42.125],[12.9525,42.0983],[12.9205,42.1135],[12.8854,42.1001],[12.8656,42.1065],[12.8326,42.1476],[12.7978,42.1594],[12.765,42.1873],[12.6953,42.1465],[12.6247,42.1747],[12.6121,42.1949],[12.6111,42.2377],[12.6298,42.2414],[12.6022,42.2775],[12.5742,42.2911],[12.5605,42.2706],[12.5469,42.2935],[12.5204,42.2958],[12.491,42.2983],[12.4724,42.3184],[12.4534,42.3721],[12.4651,42.3869],[12.504,42.3906],[12.5284,42.3695],[12.5926,42.401],[12.6117,42.4338],[12.6121,42.4631],[12.6657,42.4435],[12.7222,42.454],[12.7161,42.4896],[12.7552,42.5003],[12.78,42.5271],[12.8801,42.5647],[12.8792,42.5903],[12.902,42.6096],[12.988,42.608],[13.0176,42.6316],[13.0593,42.6238],[13.1188,42.646],[13.1539,42.6451],[13.1891,42.694],[13.1945,42.7346],[13.2035,42.7598],[13.2489,42.7678],[13.2563,42.8025],[13.2243,42.8477],[13.1504,42.8236],[13.1372,42.8495],[13.0488,42.9178],[12.9949,42.9172],[12.992,42.8966],[12.9693,42.8918],[12.9619,42.9293],[12.9071,42.9715],[12.891,43.0527],[12.8953,43.0874],[12.8752,43.1158],[12.8374,43.1325],[12.8354,43.1494],[12.8573,43.184],[12.8517,43.2061],[12.7957,43.2785],[12.7889,43.3241],[12.7465,43.3788],[12.7582,43.4612],[12.908,43.5633],[12.9298,43.592],[12.9691,43.6062],[13.0025,43.6576],[13.0541,43.6844],[13.0776,43.7272],[13.1165,43.7287],[13.1772,43.7515],[13.1815,43.7488],[13.1815,43.7732],[13.2153,43.7551],[13.4293,43.6402],[13.4863,43.6206],[13.5044,43.6328],[13.5432,43.6132],[13.5692,43.5803],[13.6156,43.5605],[13.617,43.5313],[13.647,43.4753],[13.6909,43.3933],[13.6929,43.3905],[13.7457,43.2911],[13.7803,43.2365],[13.7831,43.2208],[13.8045,43.1804],[13.8102,43.1648],[13.8348,43.1273],[13.8535,43.0674],[13.8577,43.046],[13.909,42.962],[13.9346,42.92],[13.9603,42.878],[14.0313,42.7616],[14.1024,42.7101],[14.19,42.6467],[14.2841,42.5785]],[[15.9733,40.6505],[15.9398,40.6381],[15.9646,40.6083],[15.9845,40.6058],[15.9832,40.6468],[15.9733,40.6505]]],[[[17.7725,40.25],[17.7725,40.2931],[17.764,40.2934],[17.7985,40.3796],[17.7809,40.3938],[17.7142,40.4063],[17.6573,40.4494],[17.6127,40.4642],[17.592,40.4604],[17.5678,40.4349],[17.5419,40.4439],[17.5177,40.4739],[17.4853,40.4875],[17.4519,40.5438],[17.465,40.593],[17.4573,40.6182],[17.4316,40.6314],[17.4114,40.6856],[17.3615,40.7292],[17.3537,40.7486],[17.3924,40.7554],[17.397,40.7864],[17.3245,40.8082],[17.3179,40.8328],[17.3456,40.8665],[17.3923,40.8937],[17.3909,40.8943],[17.3909,40.9035],[17.3909,40.931],[17.4181,40.9197],[17.4452,40.9086],[17.4995,40.8862],[17.5198,40.8778],[17.7166,40.758],[17.7484,40.7476],[17.8248,40.7049],[17.8577,40.6922],[17.9219,40.683],[17.9558,40.6705],[17.9552,40.6547],[17.9554,40.6546],[17.9617,40.6474],[18.007,40.6507],[18.0158,40.6252],[18.0432,40.602],[18.0381,40.5624],[18.1538,40.492],[18.2117,40.4647],[18.2383,40.4577],[18.2588,40.4307],[18.2887,40.41],[18.3766,40.3565],[18.4093,40.2976],[18.4373,40.2679],[18.5174,40.1142],[18.4919,40.0847],[18.4836,40.0552],[18.4459,40.0303],[18.4234,39.9875],[18.3948,39.9049],[18.4001,39.8786],[18.3865,39.8253],[18.3683,39.7966],[18.3304,39.8034],[18.2997,39.8223],[18.2938,39.811],[18.2935,39.8112],[18.2934,39.811],[18.2654,39.8346],[18.2113,39.8393],[18.1619,39.8605],[18.1306,39.8835],[18.0715,39.9115],[17.9954,40.0027],[18.0221,40.0217],[18.0051,40.0449],[17.9675,40.0573],[17.9889,40.0676],[17.8202,40.2098],[17.7725,40.25]]],[[[14.7422,37.8182],[14.7383,37.7894],[14.7158,37.7751],[14.7307,37.7487],[14.7157,37.7308],[14.7149,37.6974],[14.7459,37.6869],[14.7977,37.7128],[14.7919,37.6597],[14.8179,37.638],[14.8356,37.5966],[14.8029,37.5759],[14.799,37.537],[14.7721,37.5024],[14.718,37.5435],[14.6903,37.5559],[14.6263,37.5402],[14.5429,37.5425],[14.5181,37.5187],[14.5083,37.4855],[14.5147,37.4631],[14.5447,37.4481],[14.5788,37.4513],[14.6287,37.4212],[14.5823,37.4002],[14.5867,37.372],[14.5708,37.3618],[14.5266,37.3609],[14.5085,37.3474],[14.5177,37.3187],[14.4766,37.3213],[14.4572,37.341],[14.4373,37.3392],[14.4549,37.3037],[14.405,37.2934],[14.3525,37.306],[14.3193,37.304],[14.2673,37.3407],[14.2426,37.344],[14.1699,37.3252],[14.1303,37.3414],[14.0901,37.346],[14.0748,37.3747],[14.077,37.4291],[14.1424,37.4835],[14.1452,37.5048],[14.1284,37.5291],[14.1366,37.5738],[14.1537,37.5838],[14.1544,37.6094],[14.1349,37.6168],[14.1483,37.6238],[14.1738,37.6714],[14.2124,37.6797],[14.2648,37.703],[14.292,37.7575],[14.2613,37.7882],[14.2664,37.8289],[14.2799,37.8402],[14.3046,37.8366],[14.4088,37.861],[14.4476,37.8436],[14.4618,37.8044],[14.4933,37.8106],[14.4986,37.8423],[14.5356,37.8694],[14.5688,37.8753],[14.5647,37.834],[14.6029,37.8083],[14.6717,37.7995],[14.7422,37.8182]]]]}},
{"type":"Feature","properties":{"entityId":"italic-tribes","from":-305,"to":-289,"certainty":"estimated","source":"유럽 쪽은 Natural Earth 1:10m admin-1(v5.1.2) 현대 행정구역 조각을 그 시기 국경에 맞춰 묶고, 조각이 역사 경계와 다른 곳은 선을 그어 나눈 근사. 유럽 밖(시베리아·중앙아시아·극동)은 대략적인 추정. 운영자 검수 필요"},"geometry":{"type":"MultiPolygon","coordinates":[[[[14.2841,42.5785],[14.3311,42.5445],[14.3782,42.5104],[14.3854,42.5052],[14.6493,42.314],[14.848,42.1701],[14.8618,42.1601],[14.9131,42.123],[15.0451,42.0274],[15.1111,41.9796],[15.1438,41.9559],[15.1441,41.9559],[15.1441,41.9312],[15.1435,41.9312],[15.132,41.8696],[15.1061,41.8298],[15.1032,41.7744],[15.1159,41.716],[15.1521,41.7091],[15.1447,41.6937],[15.1126,41.6856],[15.0176,41.6197],[14.9534,41.6342],[14.9339,41.6201],[14.939,41.5631],[14.935,41.526],[14.9953,41.4821],[15.0507,41.4607],[15.0936,41.4302],[15.1019,41.3906],[15.0667,41.3585],[15.0801,41.3263],[15.1282,41.3077],[15.1435,41.2746],[15.1787,41.2891],[15.2521,41.2588],[15.2676,41.2379],[15.2465,41.2288],[15.2476,41.2015],[15.203,41.1657],[15.2089,41.1494],[15.2553,41.1277],[15.2876,41.1025],[15.3826,41.0975],[15.4118,41.1039],[15.4554,41.0794],[15.5586,41.0551],[15.5617,41.0861],[15.5964,41.1094],[15.7532,41.1028],[15.7711,41.1046],[15.8583,41.1368],[15.9004,41.1011],[15.9533,41.0854],[16.0313,41.0169],[16.0165,40.9803],[15.9851,40.9645],[15.9876,40.9499],[16.119,40.9042],[16.1649,40.9228],[16.1966,40.9114],[16.2082,40.9035],[16.2454,40.8375],[16.1603,40.8047],[16.1215,40.7961],[16.1172,40.7699],[16.1492,40.7225],[16.1458,40.6957],[16.0562,40.6564],[16.0528,40.6323],[16.1192,40.5827],[16.0983,40.5548],[16.0958,40.5293],[16.1303,40.4723],[16.1365,40.4452],[16.1075,40.4162],[16.109,40.4032],[16.1529,40.3737],[16.1757,40.2988],[16.1983,40.2724],[16.2338,40.2651],[16.3193,40.2801],[16.331,40.3065],[16.3746,40.3099],[16.3715,40.273],[16.351,40.207],[16.3942,40.1577],[16.363,40.1366],[16.3557,40.1179],[16.3816,40.0651],[16.3988,40.0555],[16.4103,40.1082],[16.4269,40.1366],[16.45,40.1244],[16.5167,40.1213],[16.5589,40.1268],[16.64,40.1187],[16.6392,40.1179],[16.6392,40.1113],[16.6572,40.1113],[16.6414,40.0799],[16.6097,40.0172],[16.6316,39.9662],[16.5892,39.9198],[16.5436,39.8864],[16.5298,39.8591],[16.5232,39.7588],[16.8302,39.6007],[17.0004,39.5131],[17.0418,39.4918],[17.0418,39.4705],[17.028,39.4705],[17.0192,39.4792],[16.9791,39.449],[16.9645,39.4039],[16.9013,39.4007],[16.8933,39.3682],[16.8572,39.3486],[16.7332,39.3592],[16.7085,39.3358],[16.7453,39.3017],[16.7656,39.2158],[16.7463,39.1902],[16.643,39.2032],[16.6132,39.1943],[16.6263,39.1692],[16.661,39.1491],[16.6632,39.1166],[16.6772,39.0948],[16.7332,39.062],[16.7777,39.065],[16.8128,39.0545],[16.8745,39.0151],[16.9013,38.96],[16.8922,38.9296],[16.8939,38.93],[16.8939,38.9082],[16.8939,38.9025],[16.8939,38.8797],[16.8616,38.8751],[16.797,38.866],[16.6985,38.852],[16.6162,38.8001],[16.5586,38.715],[16.5687,38.5593],[16.577,38.5286],[16.5735,38.4673],[16.5368,38.4651],[16.4593,38.5049],[16.4311,38.5103],[16.4343,38.5384],[16.4199,38.554],[16.3847,38.568],[16.3582,38.5424],[16.3504,38.5142],[16.3626,38.4882],[16.3862,38.4725],[16.3849,38.4404],[16.365,38.4317],[16.2972,38.4331],[16.2763,38.4412],[16.2614,38.4763],[16.2329,38.4969],[16.1845,38.5029],[16.083,38.5547],[16.0538,38.5507],[16.0312,38.5288],[15.9649,38.5218],[15.9144,38.5056],[15.9079,38.484],[15.8795,38.484],[15.8795,38.5302],[15.8437,38.5302],[15.8167,38.5302],[15.8074,38.5302],[15.8428,38.6226],[15.8355,38.6282],[15.8445,38.6604],[15.8589,38.665],[15.8922,38.7519],[15.9223,38.7816],[15.9813,38.8399],[16.0108,38.869],[16.0403,38.8981],[16.108,38.965],[16.0723,39.0182],[16.0646,39.0297],[16.0388,39.0681],[16.013,39.1065],[15.9537,39.1948],[15.8351,39.3714],[15.7194,39.5436],[15.6096,39.7246],[15.556,39.8129],[15.5292,39.8571],[15.5025,39.9012],[15.4378,40.0078],[15.4296,39.9998],[15.4101,39.994],[15.3432,40.0041],[15.3143,40.0338],[15.2612,40.0294],[15.2791,40.0477],[15.2354,40.0982],[15.2164,40.1076],[14.9993,40.1733],[14.9605,40.23],[14.9571,40.2316],[14.9111,40.2416],[14.9069,40.2586],[14.9265,40.2797],[14.7041,40.6049],[14.597,40.635],[14.5713,40.6177],[14.5442,40.6136],[14.4914,40.631],[14.4845,40.6315],[14.4714,40.6247],[14.481,40.6448],[14.5438,40.6455],[14.5822,40.6868],[14.5641,40.7274],[14.5261,40.7335],[14.5101,40.7566],[14.5253,40.7776],[14.5793,40.795],[14.568,40.8311],[14.6055,40.8476],[14.5782,40.8748],[14.5944,40.9033],[14.6538,40.894],[14.6691,40.9009],[14.6549,40.9214],[14.6,40.9311],[14.5826,40.9429],[14.572,41.0095],[14.5313,41.0134],[14.5159,41.0446],[14.4816,41.0522],[14.4293,41.048],[14.422,41.0606],[14.4347,41.0946],[14.4231,41.1119],[14.3645,41.1378],[14.3596,41.1605],[14.3784,41.164],[14.4214,41.1507],[14.4602,41.1775],[14.4472,41.2063],[14.421,41.2302],[14.4244,41.2562],[14.4504,41.2881],[14.4881,41.307],[14.4453,41.3457],[14.4533,41.3638],[14.5138,41.389],[14.4959,41.3904],[14.4619,41.4231],[14.3827,41.442],[14.2951,41.4694],[14.2665,41.4852],[14.2225,41.4948],[14.1637,41.4907],[14.1209,41.4957],[14.083,41.4546],[14.1058,41.4188],[14.1091,41.3927],[14.0393,41.3946],[14.0256,41.4038],[13.9846,41.461],[13.9618,41.4707],[13.9809,41.5043],[14.0101,41.5289],[13.9943,41.583],[13.9926,41.6283],[13.9457,41.6882],[13.8918,41.7237],[13.7939,41.7535],[13.7443,41.7546],[13.7148,41.7948],[13.6466,41.8105],[13.5788,41.7699],[13.5293,41.7708],[13.5014,41.796],[13.4052,41.8316],[13.3571,41.8308],[13.3554,41.8715],[13.3702,41.9031],[13.3532,41.9192],[13.2979,41.947],[13.2801,41.9468],[13.0971,42.0237],[13.0823,42.0189],[13.0284,42.0319],[13.017,42.0546],[13.0137,42.1085],[13.0296,42.1156],[12.9975,42.125],[12.9525,42.0983],[12.9205,42.1135],[12.8854,42.1001],[12.8656,42.1065],[12.8326,42.1476],[12.7978,42.1594],[12.765,42.1873],[12.6953,42.1465],[12.6247,42.1747],[12.6121,42.1949],[12.6111,42.2377],[12.6298,42.2414],[12.6022,42.2775],[12.5742,42.2911],[12.5605,42.2706],[12.5469,42.2935],[12.5204,42.2958],[12.491,42.2983],[12.4724,42.3184],[12.4534,42.3721],[12.4651,42.3869],[12.504,42.3906],[12.5284,42.3695],[12.5926,42.401],[12.6117,42.4338],[12.6121,42.4631],[12.6657,42.4435],[12.7222,42.454],[12.7161,42.4896],[12.7552,42.5003],[12.78,42.5271],[12.8801,42.5647],[12.8792,42.5903],[12.902,42.6096],[12.988,42.608],[13.0176,42.6316],[13.0593,42.6238],[13.1188,42.646],[13.1539,42.6451],[13.1891,42.694],[13.1945,42.7346],[13.2035,42.7598],[13.2489,42.7678],[13.2563,42.8025],[13.2243,42.8477],[13.1504,42.8236],[13.1372,42.8495],[13.0488,42.9178],[12.9949,42.9172],[12.992,42.8966],[12.9693,42.8918],[12.9619,42.9293],[12.9071,42.9715],[12.891,43.0527],[12.8953,43.0874],[12.8752,43.1158],[12.8374,43.1325],[12.8354,43.1494],[12.8573,43.184],[12.8517,43.2061],[12.7957,43.2785],[12.7889,43.3241],[12.7465,43.3788],[12.7582,43.4612],[12.908,43.5633],[12.9298,43.592],[12.9691,43.6062],[13.0025,43.6576],[13.0541,43.6844],[13.0776,43.7272],[13.1165,43.7287],[13.1772,43.7515],[13.1815,43.7488],[13.1815,43.7732],[13.2153,43.7551],[13.4293,43.6402],[13.4863,43.6206],[13.5044,43.6328],[13.5432,43.6132],[13.5692,43.5803],[13.6156,43.5605],[13.617,43.5313],[13.647,43.4753],[13.6909,43.3933],[13.6929,43.3905],[13.7457,43.2911],[13.7803,43.2365],[13.7831,43.2208],[13.8045,43.1804],[13.8102,43.1648],[13.8348,43.1273],[13.8535,43.0674],[13.8577,43.046],[13.909,42.962],[13.9346,42.92],[13.9603,42.878],[14.0313,42.7616],[14.1024,42.7101],[14.19,42.6467],[14.2841,42.5785]],[[15.9733,40.6505],[15.9398,40.6381],[15.9646,40.6083],[15.9845,40.6058],[15.9832,40.6468],[15.9733,40.6505]]],[[[17.7725,40.25],[17.7725,40.2931],[17.764,40.2934],[17.7985,40.3796],[17.7809,40.3938],[17.7142,40.4063],[17.6573,40.4494],[17.6127,40.4642],[17.592,40.4604],[17.5678,40.4349],[17.5419,40.4439],[17.5177,40.4739],[17.4853,40.4875],[17.4519,40.5438],[17.465,40.593],[17.4573,40.6182],[17.4316,40.6314],[17.4114,40.6856],[17.3615,40.7292],[17.3537,40.7486],[17.3924,40.7554],[17.397,40.7864],[17.3245,40.8082],[17.3179,40.8328],[17.3456,40.8665],[17.3923,40.8937],[17.3909,40.8943],[17.3909,40.9035],[17.3909,40.931],[17.4181,40.9197],[17.4452,40.9086],[17.4995,40.8862],[17.5198,40.8778],[17.7166,40.758],[17.7484,40.7476],[17.8248,40.7049],[17.8577,40.6922],[17.9219,40.683],[17.9558,40.6705],[17.9552,40.6547],[17.9554,40.6546],[17.9617,40.6474],[18.007,40.6507],[18.0158,40.6252],[18.0432,40.602],[18.0381,40.5624],[18.1538,40.492],[18.2117,40.4647],[18.2383,40.4577],[18.2588,40.4307],[18.2887,40.41],[18.3766,40.3565],[18.4093,40.2976],[18.4373,40.2679],[18.5174,40.1142],[18.4919,40.0847],[18.4836,40.0552],[18.4459,40.0303],[18.4234,39.9875],[18.3948,39.9049],[18.4001,39.8786],[18.3865,39.8253],[18.3683,39.7966],[18.3304,39.8034],[18.2997,39.8223],[18.2938,39.811],[18.2935,39.8112],[18.2934,39.811],[18.2654,39.8346],[18.2113,39.8393],[18.1619,39.8605],[18.1306,39.8835],[18.0715,39.9115],[17.9954,40.0027],[18.0221,40.0217],[18.0051,40.0449],[17.9675,40.0573],[17.9889,40.0676],[17.8202,40.2098],[17.7725,40.25]]]]}},
{"type":"Feature","properties":{"entityId":"italic-tribes","from":-289,"to":-288,"certainty":"estimated","source":"유럽 쪽은 Natural Earth 1:10m admin-1(v5.1.2) 현대 행정구역 조각을 그 시기 국경에 맞춰 묶고, 조각이 역사 경계와 다른 곳은 선을 그어 나눈 근사. 유럽 밖(시베리아·중앙아시아·극동)은 대략적인 추정. 운영자 검수 필요"},"geometry":{"type":"MultiPolygon","coordinates":[[[[17.7725,40.25],[17.7725,40.2931],[17.764,40.2934],[17.7985,40.3796],[17.7809,40.3938],[17.7142,40.4063],[17.6573,40.4494],[17.6127,40.4642],[17.592,40.4604],[17.5678,40.4349],[17.5419,40.4439],[17.5177,40.4739],[17.4853,40.4875],[17.4519,40.5438],[17.465,40.593],[17.4573,40.6182],[17.4316,40.6314],[17.4114,40.6856],[17.3615,40.7292],[17.3537,40.7486],[17.3924,40.7554],[17.397,40.7864],[17.3245,40.8082],[17.3179,40.8328],[17.3456,40.8665],[17.3923,40.8937],[17.3909,40.8943],[17.3909,40.9035],[17.3909,40.931],[17.4181,40.9197],[17.4452,40.9086],[17.4995,40.8862],[17.5198,40.8778],[17.7166,40.758],[17.7484,40.7476],[17.8248,40.7049],[17.8577,40.6922],[17.9219,40.683],[17.9558,40.6705],[17.9552,40.6547],[17.9554,40.6546],[17.9617,40.6474],[18.007,40.6507],[18.0158,40.6252],[18.0432,40.602],[18.0381,40.5624],[18.1538,40.492],[18.2117,40.4647],[18.2383,40.4577],[18.2588,40.4307],[18.2887,40.41],[18.3766,40.3565],[18.4093,40.2976],[18.4373,40.2679],[18.5174,40.1142],[18.4919,40.0847],[18.4836,40.0552],[18.4459,40.0303],[18.4234,39.9875],[18.3948,39.9049],[18.4001,39.8786],[18.3865,39.8253],[18.3683,39.7966],[18.3304,39.8034],[18.2997,39.8223],[18.2938,39.811],[18.2935,39.8112],[18.2934,39.811],[18.2654,39.8346],[18.2113,39.8393],[18.1619,39.8605],[18.1306,39.8835],[18.0715,39.9115],[17.9954,40.0027],[18.0221,40.0217],[18.0051,40.0449],[17.9675,40.0573],[17.9889,40.0676],[17.8202,40.2098],[17.7725,40.25]]],[[[15.8074,38.5302],[15.8428,38.6226],[15.8355,38.6282],[15.8445,38.6604],[15.8589,38.665],[15.8922,38.7519],[15.9223,38.7816],[15.9813,38.8399],[16.0108,38.869],[16.0403,38.8981],[16.108,38.965],[16.0723,39.0182],[16.0646,39.0297],[16.0388,39.0681],[16.013,39.1065],[15.9537,39.1948],[15.8351,39.3714],[15.7194,39.5436],[15.6096,39.7246],[15.556,39.8129],[15.5292,39.8571],[15.5025,39.9012],[15.4378,40.0078],[15.4296,39.9998],[15.4101,39.994],[15.3432,40.0041],[15.3143,40.0338],[15.2612,40.0294],[15.2791,40.0477],[15.2354,40.0982],[15.2164,40.1076],[14.9993,40.1733],[14.9605,40.23],[14.9571,40.2316],[14.9111,40.2416],[14.9069,40.2586],[14.9265,40.2797],[14.7041,40.6049],[14.597,40.635],[14.5713,40.6177],[14.5442,40.6136],[14.4914,40.631],[14.4845,40.6315],[14.4714,40.6247],[14.481,40.6448],[14.5438,40.6455],[14.5822,40.6868],[14.5641,40.7274],[14.5261,40.7335],[14.5101,40.7566],[14.5253,40.7776],[14.5793,40.795],[14.568,40.8311],[14.6055,40.8476],[14.6525,40.8266],[14.677,40.8282],[14.7011,40.8489],[14.7381,40.8345],[14.7343,40.8164],[14.7623,40.8058],[14.8689,40.7991],[14.9078,40.807],[14.9856,40.7801],[15.1117,40.7658],[15.1317,40.7591],[15.1574,40.7191],[15.1724,40.7114],[15.2374,40.7235],[15.2525,40.7879],[15.2794,40.7994],[15.2984,40.8357],[15.3221,40.8375],[15.3443,40.8207],[15.3658,40.8439],[15.3692,40.899],[15.4709,40.9018],[15.5239,40.9242],[15.544,40.9439],[15.5779,41.011],[15.5586,41.0551],[15.5617,41.0861],[15.5964,41.1094],[15.7532,41.1028],[15.7711,41.1046],[15.8583,41.1368],[15.9004,41.1011],[15.9533,41.0854],[16.0313,41.0169],[16.0165,40.9803],[15.9851,40.9645],[15.9876,40.9499],[16.119,40.9042],[16.1649,40.9228],[16.1966,40.9114],[16.2082,40.9035],[16.2454,40.8375],[16.1603,40.8047],[16.1215,40.7961],[16.1172,40.7699],[16.1492,40.7225],[16.1458,40.6957],[16.0562,40.6564],[16.0528,40.6323],[16.1192,40.5827],[16.0983,40.5548],[16.0958,40.5293],[16.1303,40.4723],[16.1365,40.4452],[16.1075,40.4162],[16.109,40.4032],[16.1529,40.3737],[16.1757,40.2988],[16.1983,40.2724],[16.2338,40.2651],[16.3193,40.2801],[16.331,40.3065],[16.3746,40.3099],[16.3715,40.273],[16.351,40.207],[16.3942,40.1577],[16.363,40.1366],[16.3557,40.1179],[16.3816,40.0651],[16.3988,40.0555],[16.4103,40.1082],[16.4269,40.1366],[16.45,40.1244],[16.5167,40.1213],[16.5589,40.1268],[16.64,40.1187],[16.6392,40.1179],[16.6392,40.1113],[16.6572,40.1113],[16.6414,40.0799],[16.6097,40.0172],[16.6316,39.9662],[16.5892,39.9198],[16.5436,39.8864],[16.5298,39.8591],[16.5232,39.7588],[16.8302,39.6007],[17.0004,39.5131],[17.0418,39.4918],[17.0418,39.4705],[17.028,39.4705],[17.0192,39.4792],[16.9791,39.449],[16.9645,39.4039],[16.9013,39.4007],[16.8933,39.3682],[16.8572,39.3486],[16.7332,39.3592],[16.7085,39.3358],[16.7453,39.3017],[16.7656,39.2158],[16.7463,39.1902],[16.643,39.2032],[16.6132,39.1943],[16.6263,39.1692],[16.661,39.1491],[16.6632,39.1166],[16.6772,39.0948],[16.7332,39.062],[16.7777,39.065],[16.8128,39.0545],[16.8745,39.0151],[16.9013,38.96],[16.8922,38.9296],[16.8939,38.93],[16.8939,38.9082],[16.8939,38.9025],[16.8939,38.8797],[16.8616,38.8751],[16.797,38.866],[16.6985,38.852],[16.6162,38.8001],[16.5586,38.715],[16.5687,38.5593],[16.577,38.5286],[16.5735,38.4673],[16.5368,38.4651],[16.4593,38.5049],[16.4311,38.5103],[16.4343,38.5384],[16.4199,38.554],[16.3847,38.568],[16.3582,38.5424],[16.3504,38.5142],[16.3626,38.4882],[16.3862,38.4725],[16.3849,38.4404],[16.365,38.4317],[16.2972,38.4331],[16.2763,38.4412],[16.2614,38.4763],[16.2329,38.4969],[16.1845,38.5029],[16.083,38.5547],[16.0538,38.5507],[16.0312,38.5288],[15.9649,38.5218],[15.9144,38.5056],[15.9079,38.484],[15.8795,38.484],[15.8795,38.5302],[15.8437,38.5302],[15.8167,38.5302],[15.8074,38.5302]],[[15.9733,40.6505],[15.9398,40.6381],[15.9646,40.6083],[15.9845,40.6058],[15.9832,40.6468],[15.9733,40.6505]]]]}},
{"type":"Feature","properties":{"entityId":"italic-tribes","from":-288,"to":-284,"certainty":"estimated","source":"유럽 쪽은 Natural Earth 1:10m admin-1(v5.1.2) 현대 행정구역 조각을 그 시기 국경에 맞춰 묶고, 조각이 역사 경계와 다른 곳은 선을 그어 나눈 근사. 유럽 밖(시베리아·중앙아시아·극동)은 대략적인 추정. 운영자 검수 필요"},"geometry":{"type":"MultiPolygon","coordinates":[[[[17.7725,40.25],[17.7725,40.2931],[17.764,40.2934],[17.7985,40.3796],[17.7809,40.3938],[17.7142,40.4063],[17.6573,40.4494],[17.6127,40.4642],[17.592,40.4604],[17.5678,40.4349],[17.5419,40.4439],[17.5177,40.4739],[17.4853,40.4875],[17.4519,40.5438],[17.465,40.593],[17.4573,40.6182],[17.4316,40.6314],[17.4114,40.6856],[17.3615,40.7292],[17.3537,40.7486],[17.3924,40.7554],[17.397,40.7864],[17.3245,40.8082],[17.3179,40.8328],[17.3456,40.8665],[17.3923,40.8937],[17.3909,40.8943],[17.3909,40.9035],[17.3909,40.931],[17.4181,40.9197],[17.4452,40.9086],[17.4995,40.8862],[17.5198,40.8778],[17.7166,40.758],[17.7484,40.7476],[17.8248,40.7049],[17.8577,40.6922],[17.9219,40.683],[17.9558,40.6705],[17.9552,40.6547],[17.9554,40.6546],[17.9617,40.6474],[18.007,40.6507],[18.0158,40.6252],[18.0432,40.602],[18.0381,40.5624],[18.1538,40.492],[18.2117,40.4647],[18.2383,40.4577],[18.2588,40.4307],[18.2887,40.41],[18.3766,40.3565],[18.4093,40.2976],[18.4373,40.2679],[18.5174,40.1142],[18.4919,40.0847],[18.4836,40.0552],[18.4459,40.0303],[18.4234,39.9875],[18.3948,39.9049],[18.4001,39.8786],[18.3865,39.8253],[18.3683,39.7966],[18.3304,39.8034],[18.2997,39.8223],[18.2938,39.811],[18.2935,39.8112],[18.2934,39.811],[18.2654,39.8346],[18.2113,39.8393],[18.1619,39.8605],[18.1306,39.8835],[18.0715,39.9115],[17.9954,40.0027],[18.0221,40.0217],[18.0051,40.0449],[17.9675,40.0573],[17.9889,40.0676],[17.8202,40.2098],[17.7725,40.25]]],[[[15.8074,38.5302],[15.8428,38.6226],[15.8355,38.6282],[15.8445,38.6604],[15.8589,38.665],[15.8922,38.7519],[15.9223,38.7816],[15.9813,38.8399],[16.0108,38.869],[16.0403,38.8981],[16.108,38.965],[16.0723,39.0182],[16.0646,39.0297],[16.0388,39.0681],[16.013,39.1065],[15.9537,39.1948],[15.8351,39.3714],[15.7194,39.5436],[15.6096,39.7246],[15.556,39.8129],[15.5292,39.8571],[15.5025,39.9012],[15.4378,40.0078],[15.4296,39.9998],[15.4101,39.994],[15.3432,40.0041],[15.3143,40.0338],[15.2612,40.0294],[15.2791,40.0477],[15.2354,40.0982],[15.2164,40.1076],[14.9993,40.1733],[14.9605,40.23],[14.9571,40.2316],[14.9111,40.2416],[14.9069,40.2586],[14.9265,40.2797],[14.7041,40.6049],[14.597,40.635],[14.5713,40.6177],[14.5442,40.6136],[14.4914,40.631],[14.4845,40.6315],[14.4714,40.6247],[14.481,40.6448],[14.5438,40.6455],[14.5822,40.6868],[14.5641,40.7274],[14.5261,40.7335],[14.5101,40.7566],[14.5253,40.7776],[14.5793,40.795],[14.568,40.8311],[14.6055,40.8476],[14.6525,40.8266],[14.677,40.8282],[14.7011,40.8489],[14.7381,40.8345],[14.7343,40.8164],[14.7623,40.8058],[14.8689,40.7991],[14.9078,40.807],[14.9856,40.7801],[15.1117,40.7658],[15.1317,40.7591],[15.1574,40.7191],[15.1724,40.7114],[15.2374,40.7235],[15.2525,40.7879],[15.2794,40.7994],[15.2984,40.8357],[15.3221,40.8375],[15.3443,40.8207],[15.3658,40.8439],[15.3692,40.899],[15.4709,40.9018],[15.5239,40.9242],[15.544,40.9439],[15.5779,41.011],[15.5586,41.0551],[15.5617,41.0861],[15.5964,41.1094],[15.7532,41.1028],[15.7711,41.1046],[15.8583,41.1368],[15.9004,41.1011],[15.9533,41.0854],[16.0313,41.0169],[16.0165,40.9803],[15.9851,40.9645],[15.9876,40.9499],[16.119,40.9042],[16.1649,40.9228],[16.1966,40.9114],[16.2082,40.9035],[16.2454,40.8375],[16.1603,40.8047],[16.1215,40.7961],[16.1172,40.7699],[16.1492,40.7225],[16.1458,40.6957],[16.0562,40.6564],[16.0528,40.6323],[16.1192,40.5827],[16.0983,40.5548],[16.0958,40.5293],[16.1303,40.4723],[16.1365,40.4452],[16.1075,40.4162],[16.109,40.4032],[16.1529,40.3737],[16.1757,40.2988],[16.1983,40.2724],[16.2338,40.2651],[16.3193,40.2801],[16.331,40.3065],[16.3746,40.3099],[16.3715,40.273],[16.351,40.207],[16.3942,40.1577],[16.363,40.1366],[16.3557,40.1179],[16.3816,40.0651],[16.3988,40.0555],[16.4103,40.1082],[16.4269,40.1366],[16.45,40.1244],[16.5167,40.1213],[16.5589,40.1268],[16.64,40.1187],[16.6392,40.1179],[16.6392,40.1113],[16.6572,40.1113],[16.6414,40.0799],[16.6097,40.0172],[16.6316,39.9662],[16.5892,39.9198],[16.5436,39.8864],[16.5298,39.8591],[16.5232,39.7588],[16.8302,39.6007],[17.0004,39.5131],[17.0418,39.4918],[17.0418,39.4705],[17.028,39.4705],[17.0192,39.4792],[16.9791,39.449],[16.9645,39.4039],[16.9013,39.4007],[16.8933,39.3682],[16.8572,39.3486],[16.7332,39.3592],[16.7085,39.3358],[16.7453,39.3017],[16.7656,39.2158],[16.7463,39.1902],[16.643,39.2032],[16.6132,39.1943],[16.6263,39.1692],[16.661,39.1491],[16.6632,39.1166],[16.6772,39.0948],[16.7332,39.062],[16.7777,39.065],[16.8128,39.0545],[16.8745,39.0151],[16.9013,38.96],[16.8922,38.9296],[16.8939,38.93],[16.8939,38.9082],[16.8939,38.9025],[16.8939,38.8797],[16.8616,38.8751],[16.797,38.866],[16.6985,38.852],[16.6162,38.8001],[16.5586,38.715],[16.5687,38.5593],[16.577,38.5286],[16.5735,38.4673],[16.5368,38.4651],[16.4593,38.5049],[16.4311,38.5103],[16.4343,38.5384],[16.4199,38.554],[16.3847,38.568],[16.3582,38.5424],[16.3504,38.5142],[16.3626,38.4882],[16.3862,38.4725],[16.3849,38.4404],[16.365,38.4317],[16.2972,38.4331],[16.2763,38.4412],[16.2614,38.4763],[16.2329,38.4969],[16.1845,38.5029],[16.083,38.5547],[16.0538,38.5507],[16.0312,38.5288],[15.9649,38.5218],[15.9144,38.5056],[15.9079,38.484],[15.8795,38.484],[15.8795,38.5302],[15.8437,38.5302],[15.8167,38.5302],[15.8074,38.5302]],[[15.9733,40.6505],[15.9398,40.6381],[15.9646,40.6083],[15.9845,40.6058],[15.9832,40.6468],[15.9733,40.6505]]],[[[14.7422,37.8182],[14.7383,37.7894],[14.7158,37.7751],[14.7307,37.7487],[14.7157,37.7308],[14.7149,37.6974],[14.7459,37.6869],[14.7977,37.7128],[14.7919,37.6597],[14.8179,37.638],[14.8356,37.5966],[14.8029,37.5759],[14.799,37.537],[14.7721,37.5024],[14.718,37.5435],[14.6903,37.5559],[14.6263,37.5402],[14.5429,37.5425],[14.5181,37.5187],[14.5083,37.4855],[14.5147,37.4631],[14.5447,37.4481],[14.5788,37.4513],[14.6287,37.4212],[14.5823,37.4002],[14.5867,37.372],[14.5708,37.3618],[14.5266,37.3609],[14.5085,37.3474],[14.5177,37.3187],[14.4766,37.3213],[14.4572,37.341],[14.4373,37.3392],[14.4549,37.3037],[14.405,37.2934],[14.3525,37.306],[14.3193,37.304],[14.2673,37.3407],[14.2426,37.344],[14.1699,37.3252],[14.1303,37.3414],[14.0901,37.346],[14.0748,37.3747],[14.077,37.4291],[14.1424,37.4835],[14.1452,37.5048],[14.1284,37.5291],[14.1366,37.5738],[14.1537,37.5838],[14.1544,37.6094],[14.1349,37.6168],[14.1483,37.6238],[14.1738,37.6714],[14.2124,37.6797],[14.2648,37.703],[14.292,37.7575],[14.2613,37.7882],[14.2664,37.8289],[14.2799,37.8402],[14.3046,37.8366],[14.4088,37.861],[14.4476,37.8436],[14.4618,37.8044],[14.4933,37.8106],[14.4986,37.8423],[14.5356,37.8694],[14.5688,37.8753],[14.5647,37.834],[14.6029,37.8083],[14.6717,37.7995],[14.7422,37.8182]]]]}},
{"type":"Feature","properties":{"entityId":"italic-tribes","from":-284,"to":-271,"certainty":"estimated","source":"유럽 쪽은 Natural Earth 1:10m admin-1(v5.1.2) 현대 행정구역 조각을 그 시기 국경에 맞춰 묶고, 조각이 역사 경계와 다른 곳은 선을 그어 나눈 근사. 유럽 밖(시베리아·중앙아시아·극동)은 대략적인 추정. 운영자 검수 필요"},"geometry":{"type":"MultiPolygon","coordinates":[[[[17.7725,40.25],[17.7725,40.2931],[17.764,40.2934],[17.7985,40.3796],[17.7809,40.3938],[17.7142,40.4063],[17.6573,40.4494],[17.6127,40.4642],[17.592,40.4604],[17.5678,40.4349],[17.5419,40.4439],[17.5177,40.4739],[17.4853,40.4875],[17.4519,40.5438],[17.465,40.593],[17.4573,40.6182],[17.4316,40.6314],[17.4114,40.6856],[17.3615,40.7292],[17.3537,40.7486],[17.3924,40.7554],[17.397,40.7864],[17.3245,40.8082],[17.3179,40.8328],[17.3456,40.8665],[17.3923,40.8937],[17.3909,40.8943],[17.3909,40.9035],[17.3909,40.931],[17.4181,40.9197],[17.4452,40.9086],[17.4995,40.8862],[17.5198,40.8778],[17.7166,40.758],[17.7484,40.7476],[17.8248,40.7049],[17.8577,40.6922],[17.9219,40.683],[17.9558,40.6705],[17.9552,40.6547],[17.9554,40.6546],[17.9617,40.6474],[18.007,40.6507],[18.0158,40.6252],[18.0432,40.602],[18.0381,40.5624],[18.1538,40.492],[18.2117,40.4647],[18.2383,40.4577],[18.2588,40.4307],[18.2887,40.41],[18.3766,40.3565],[18.4093,40.2976],[18.4373,40.2679],[18.5174,40.1142],[18.4919,40.0847],[18.4836,40.0552],[18.4459,40.0303],[18.4234,39.9875],[18.3948,39.9049],[18.4001,39.8786],[18.3865,39.8253],[18.3683,39.7966],[18.3304,39.8034],[18.2997,39.8223],[18.2938,39.811],[18.2935,39.8112],[18.2934,39.811],[18.2654,39.8346],[18.2113,39.8393],[18.1619,39.8605],[18.1306,39.8835],[18.0715,39.9115],[17.9954,40.0027],[18.0221,40.0217],[18.0051,40.0449],[17.9675,40.0573],[17.9889,40.0676],[17.8202,40.2098],[17.7725,40.25]]],[[[15.8074,38.5302],[15.8428,38.6226],[15.8355,38.6282],[15.8445,38.6604],[15.8589,38.665],[15.8922,38.7519],[15.9223,38.7816],[15.9813,38.8399],[16.0108,38.869],[16.0403,38.8981],[16.108,38.965],[16.0723,39.0182],[16.0646,39.0297],[16.0388,39.0681],[16.013,39.1065],[15.9537,39.1948],[15.8351,39.3714],[15.7194,39.5436],[15.6096,39.7246],[15.556,39.8129],[15.5292,39.8571],[15.5025,39.9012],[15.4378,40.0078],[15.4296,39.9998],[15.4101,39.994],[15.3432,40.0041],[15.3143,40.0338],[15.2612,40.0294],[15.2791,40.0477],[15.2354,40.0982],[15.2164,40.1076],[14.9993,40.1733],[14.9605,40.23],[14.9571,40.2316],[14.9111,40.2416],[14.9069,40.2586],[14.9265,40.2797],[14.7041,40.6049],[14.597,40.635],[14.5713,40.6177],[14.5442,40.6136],[14.4914,40.631],[14.4845,40.6315],[14.4714,40.6247],[14.481,40.6448],[14.5438,40.6455],[14.5822,40.6868],[14.5641,40.7274],[14.5261,40.7335],[14.5101,40.7566],[14.5253,40.7776],[14.5793,40.795],[14.568,40.8311],[14.6055,40.8476],[14.6525,40.8266],[14.677,40.8282],[14.7011,40.8489],[14.7381,40.8345],[14.7343,40.8164],[14.7623,40.8058],[14.8689,40.7991],[14.9078,40.807],[14.9856,40.7801],[15.1117,40.7658],[15.1317,40.7591],[15.1574,40.7191],[15.1724,40.7114],[15.2374,40.7235],[15.2525,40.7879],[15.2794,40.7994],[15.2984,40.8357],[15.3221,40.8375],[15.3443,40.8207],[15.3658,40.8439],[15.3692,40.899],[15.4709,40.9018],[15.5239,40.9242],[15.544,40.9439],[15.5779,41.011],[15.5586,41.0551],[15.5617,41.0861],[15.5964,41.1094],[15.7532,41.1028],[15.7711,41.1046],[15.8583,41.1368],[15.9004,41.1011],[15.9533,41.0854],[16.0313,41.0169],[16.0165,40.9803],[15.9851,40.9645],[15.9876,40.9499],[16.119,40.9042],[16.1649,40.9228],[16.1966,40.9114],[16.2082,40.9035],[16.2454,40.8375],[16.1603,40.8047],[16.1215,40.7961],[16.1172,40.7699],[16.1492,40.7225],[16.1458,40.6957],[16.0562,40.6564],[16.0528,40.6323],[16.1192,40.5827],[16.0983,40.5548],[16.0958,40.5293],[16.1303,40.4723],[16.1365,40.4452],[16.1075,40.4162],[16.109,40.4032],[16.1529,40.3737],[16.1757,40.2988],[16.1983,40.2724],[16.2338,40.2651],[16.3193,40.2801],[16.331,40.3065],[16.3746,40.3099],[16.3715,40.273],[16.351,40.207],[16.3942,40.1577],[16.363,40.1366],[16.3557,40.1179],[16.3816,40.0651],[16.3988,40.0555],[16.4103,40.1082],[16.4269,40.1366],[16.45,40.1244],[16.5167,40.1213],[16.5589,40.1268],[16.64,40.1187],[16.6392,40.1179],[16.6392,40.1113],[16.6572,40.1113],[16.6414,40.0799],[16.6097,40.0172],[16.6316,39.9662],[16.5892,39.9198],[16.5436,39.8864],[16.5298,39.8591],[16.5232,39.7588],[16.8302,39.6007],[17.0004,39.5131],[17.0418,39.4918],[17.0418,39.4705],[17.028,39.4705],[17.0192,39.4792],[16.9791,39.449],[16.9645,39.4039],[16.9013,39.4007],[16.8933,39.3682],[16.8572,39.3486],[16.7332,39.3592],[16.7085,39.3358],[16.7453,39.3017],[16.7656,39.2158],[16.7463,39.1902],[16.643,39.2032],[16.6132,39.1943],[16.6263,39.1692],[16.661,39.1491],[16.6632,39.1166],[16.6772,39.0948],[16.7332,39.062],[16.7777,39.065],[16.8128,39.0545],[16.8745,39.0151],[16.9013,38.96],[16.8922,38.9296],[16.8939,38.93],[16.8939,38.9082],[16.8939,38.9025],[16.8939,38.8797],[16.8616,38.8751],[16.797,38.866],[16.6985,38.852],[16.6162,38.8001],[16.5586,38.715],[16.5687,38.5593],[16.577,38.5286],[16.5735,38.4673],[16.5368,38.4651],[16.4593,38.5049],[16.4311,38.5103],[16.4343,38.5384],[16.4199,38.554],[16.3847,38.568],[16.3582,38.5424],[16.3504,38.5142],[16.3626,38.4882],[16.3862,38.4725],[16.3849,38.4404],[16.365,38.4317],[16.2972,38.4331],[16.2763,38.4412],[16.2614,38.4763],[16.2329,38.4969],[16.1845,38.5029],[16.083,38.5547],[16.0538,38.5507],[16.0312,38.5288],[15.9649,38.5218],[15.9144,38.5056],[15.9079,38.484],[15.8795,38.484],[15.8795,38.5302],[15.8437,38.5302],[15.8167,38.5302],[15.8074,38.5302]],[[15.9733,40.6505],[15.9398,40.6381],[15.9646,40.6083],[15.9845,40.6058],[15.9832,40.6468],[15.9733,40.6505]]],[[[14.2017,38.0849],[14.2747,38.0927],[14.4207,38.1081],[14.7127,38.139],[14.7337,38.1576],[14.7627,38.1588],[14.7905,38.1669],[14.8445,38.1721],[14.8448,38.1721],[14.8449,38.1721],[14.855,38.1718],[14.874,38.1757],[14.9071,38.1877],[14.945,38.1818],[14.9574,38.1692],[14.9769,38.1687],[15.2037,38.1945],[15.2207,38.2102],[15.2407,38.2412],[15.245,38.2194],[15.2802,38.2311],[15.2804,38.231],[15.2806,38.2311],[15.3382,38.218],[15.3481,38.2204],[15.4998,38.2919],[15.5056,38.2922],[15.5129,38.2976],[15.5593,38.3001],[15.616,38.2802],[15.6516,38.2753],[15.6292,38.2638],[15.5758,38.2203],[15.5636,38.1999],[15.5759,38.2002],[15.527,38.1368],[15.5003,38.0849],[15.454,38.0382],[15.4116,37.9893],[15.345,37.8436],[15.3227,37.795],[15.3004,37.7463],[15.2758,37.7463],[15.2758,37.7871],[15.2412,37.7871],[15.2351,37.7871],[15.2412,37.7956],[15.2599,37.8078],[15.187,37.8735],[15.144,37.8981],[15.097,37.904],[15.0207,37.8909],[14.9795,37.8927],[14.955,37.9124],[14.9466,37.9425],[14.929,37.9566],[14.8733,37.9331],[14.8309,37.9632],[14.811,37.9462],[14.7885,37.951],[14.761,37.9299],[14.7615,37.9048],[14.7381,37.8917],[14.7439,37.8553],[14.7751,37.8628],[14.7993,37.8354],[14.7893,37.8087],[14.7422,37.8182],[14.7383,37.7894],[14.7158,37.7751],[14.7307,37.7487],[14.7157,37.7308],[14.7149,37.6974],[14.7459,37.6869],[14.7977,37.7128],[14.7919,37.6597],[14.8179,37.638],[14.8356,37.5966],[14.8029,37.5759],[14.799,37.537],[14.7721,37.5024],[14.718,37.5435],[14.6903,37.5559],[14.6263,37.5402],[14.5429,37.5425],[14.5181,37.5187],[14.5083,37.4855],[14.5147,37.4631],[14.5447,37.4481],[14.5788,37.4513],[14.6287,37.4212],[14.5823,37.4002],[14.5867,37.372],[14.5708,37.3618],[14.5266,37.3609],[14.5085,37.3474],[14.5177,37.3187],[14.4766,37.3213],[14.4572,37.341],[14.4373,37.3392],[14.4549,37.3037],[14.405,37.2934],[14.3525,37.306],[14.3193,37.304],[14.2673,37.3407],[14.2426,37.344],[14.1699,37.3252],[14.1303,37.3414],[14.0901,37.346],[14.0748,37.3747],[14.077,37.4291],[14.1424,37.4835],[14.1452,37.5048],[14.1284,37.5291],[14.1366,37.5738],[14.1537,37.5838],[14.1544,37.6094],[14.1349,37.6168],[14.1483,37.6238],[14.1738,37.6714],[14.2124,37.6797],[14.2648,37.703],[14.292,37.7575],[14.2613,37.7882],[14.2664,37.8289],[14.2799,37.8402],[14.2691,37.8803],[14.2764,37.9208],[14.2389,37.9478],[14.1796,38.0257],[14.1652,38.0249],[14.1652,38.0541],[14.2017,38.0541],[14.2017,38.0849]]]]}},
{"type":"Feature","properties":{"entityId":"italic-tribes","from":-271,"to":-264,"certainty":"estimated","source":"유럽 쪽은 Natural Earth 1:10m admin-1(v5.1.2) 현대 행정구역 조각을 그 시기 국경에 맞춰 묶고, 조각이 역사 경계와 다른 곳은 선을 그어 나눈 근사. 유럽 밖(시베리아·중앙아시아·극동)은 대략적인 추정. 운영자 검수 필요"},"geometry":{"type":"MultiPolygon","coordinates":[[[[17.7725,40.25],[17.7725,40.2931],[17.764,40.2934],[17.7985,40.3796],[17.7809,40.3938],[17.7142,40.4063],[17.6573,40.4494],[17.6127,40.4642],[17.592,40.4604],[17.5678,40.4349],[17.5419,40.4439],[17.5177,40.4739],[17.4853,40.4875],[17.4519,40.5438],[17.465,40.593],[17.4573,40.6182],[17.4316,40.6314],[17.4114,40.6856],[17.3615,40.7292],[17.3537,40.7486],[17.3924,40.7554],[17.397,40.7864],[17.3245,40.8082],[17.3179,40.8328],[17.3456,40.8665],[17.3923,40.8937],[17.3909,40.8943],[17.3909,40.9035],[17.3909,40.931],[17.4181,40.9197],[17.4452,40.9086],[17.4995,40.8862],[17.5198,40.8778],[17.7166,40.758],[17.7484,40.7476],[17.8248,40.7049],[17.8577,40.6922],[17.9219,40.683],[17.9558,40.6705],[17.9552,40.6547],[17.9554,40.6546],[17.9617,40.6474],[18.007,40.6507],[18.0158,40.6252],[18.0432,40.602],[18.0381,40.5624],[18.1538,40.492],[18.2117,40.4647],[18.2383,40.4577],[18.2588,40.4307],[18.2887,40.41],[18.3766,40.3565],[18.4093,40.2976],[18.4373,40.2679],[18.5174,40.1142],[18.4919,40.0847],[18.4836,40.0552],[18.4459,40.0303],[18.4234,39.9875],[18.3948,39.9049],[18.4001,39.8786],[18.3865,39.8253],[18.3683,39.7966],[18.3304,39.8034],[18.2997,39.8223],[18.2938,39.811],[18.2935,39.8112],[18.2934,39.811],[18.2654,39.8346],[18.2113,39.8393],[18.1619,39.8605],[18.1306,39.8835],[18.0715,39.9115],[17.9954,40.0027],[18.0221,40.0217],[18.0051,40.0449],[17.9675,40.0573],[17.9889,40.0676],[17.8202,40.2098],[17.7725,40.25]]],[[[14.2017,38.0849],[14.2747,38.0927],[14.4207,38.1081],[14.7127,38.139],[14.7337,38.1576],[14.7627,38.1588],[14.7905,38.1669],[14.8445,38.1721],[14.8448,38.1721],[14.8449,38.1721],[14.855,38.1718],[14.874,38.1757],[14.9071,38.1877],[14.945,38.1818],[14.9574,38.1692],[14.9769,38.1687],[15.2037,38.1945],[15.2207,38.2102],[15.2407,38.2412],[15.245,38.2194],[15.2802,38.2311],[15.2804,38.231],[15.2806,38.2311],[15.3382,38.218],[15.3481,38.2204],[15.4998,38.2919],[15.5056,38.2922],[15.5129,38.2976],[15.5593,38.3001],[15.616,38.2802],[15.6516,38.2753],[15.6292,38.2638],[15.5758,38.2203],[15.5636,38.1999],[15.5759,38.2002],[15.527,38.1368],[15.5003,38.0849],[15.454,38.0382],[15.4116,37.9893],[15.345,37.8436],[15.3227,37.795],[15.3004,37.7463],[15.2758,37.7463],[15.2758,37.7871],[15.2412,37.7871],[15.2351,37.7871],[15.2412,37.7956],[15.2599,37.8078],[15.187,37.8735],[15.144,37.8981],[15.097,37.904],[15.0207,37.8909],[14.9795,37.8927],[14.955,37.9124],[14.9466,37.9425],[14.929,37.9566],[14.8733,37.9331],[14.8309,37.9632],[14.811,37.9462],[14.7885,37.951],[14.761,37.9299],[14.7615,37.9048],[14.7381,37.8917],[14.7439,37.8553],[14.7751,37.8628],[14.7993,37.8354],[14.7893,37.8087],[14.7422,37.8182],[14.6717,37.7995],[14.6029,37.8083],[14.5647,37.834],[14.5688,37.8753],[14.5356,37.8694],[14.4986,37.8423],[14.4933,37.8106],[14.4618,37.8044],[14.4476,37.8436],[14.4088,37.861],[14.3046,37.8366],[14.2799,37.8402],[14.2691,37.8803],[14.2764,37.9208],[14.2389,37.9478],[14.1796,38.0257],[14.1652,38.0249],[14.1652,38.0541],[14.2017,38.0541],[14.2017,38.0849]]]]}},
{"type":"Feature","properties":{"entityId":"italic-tribes","from":-264,"to":-263,"certainty":"estimated","source":"유럽 쪽은 Natural Earth 1:10m admin-1(v5.1.2) 현대 행정구역 조각을 그 시기 국경에 맞춰 묶고, 조각이 역사 경계와 다른 곳은 선을 그어 나눈 근사. 유럽 밖(시베리아·중앙아시아·극동)은 대략적인 추정. 운영자 검수 필요"},"geometry":{"type":"Polygon","coordinates":[[[14.2017,38.0849],[14.2747,38.0927],[14.4207,38.1081],[14.7127,38.139],[14.7337,38.1576],[14.7627,38.1588],[14.7905,38.1669],[14.8445,38.1721],[14.8448,38.1721],[14.8449,38.1721],[14.855,38.1718],[14.874,38.1757],[14.9071,38.1877],[14.945,38.1818],[14.9574,38.1692],[14.9769,38.1687],[15.2037,38.1945],[15.2207,38.2102],[15.2407,38.2412],[15.245,38.2194],[15.2802,38.2311],[15.2804,38.231],[15.2806,38.2311],[15.3382,38.218],[15.3481,38.2204],[15.4998,38.2919],[15.5056,38.2922],[15.5129,38.2976],[15.5593,38.3001],[15.616,38.2802],[15.6516,38.2753],[15.6292,38.2638],[15.5758,38.2203],[15.5636,38.1999],[15.5759,38.2002],[15.527,38.1368],[15.5003,38.0849],[15.454,38.0382],[15.4116,37.9893],[15.345,37.8436],[15.3227,37.795],[15.3004,37.7463],[15.2758,37.7463],[15.2758,37.7871],[15.2412,37.7871],[15.2351,37.7871],[15.2412,37.7956],[15.2599,37.8078],[15.187,37.8735],[15.144,37.8981],[15.097,37.904],[15.0207,37.8909],[14.9795,37.8927],[14.955,37.9124],[14.9466,37.9425],[14.929,37.9566],[14.8733,37.9331],[14.8309,37.9632],[14.811,37.9462],[14.7885,37.951],[14.761,37.9299],[14.7615,37.9048],[14.7381,37.8917],[14.7439,37.8553],[14.7751,37.8628],[14.7993,37.8354],[14.7893,37.8087],[14.7422,37.8182],[14.6717,37.7995],[14.6029,37.8083],[14.5647,37.834],[14.5688,37.8753],[14.5356,37.8694],[14.4986,37.8423],[14.4933,37.8106],[14.4618,37.8044],[14.4476,37.8436],[14.4088,37.861],[14.3046,37.8366],[14.2799,37.8402],[14.2691,37.8803],[14.2764,37.9208],[14.2389,37.9478],[14.1796,38.0257],[14.1652,38.0249],[14.1652,38.0541],[14.2017,38.0541],[14.2017,38.0849]]]}}
]}
