{"type":"FeatureCollection","features":[
{"type":"Feature","properties":{"entityId":"macedonia-kingdom","from":-699,"to":-478,"certainty":"estimated","source":"유럽 쪽은 Natural Earth 1:10m admin-1(v5.1.2) 현대 행정구역 조각을 그 시기 국경에 맞춰 묶고, 조각이 역사 경계와 다른 곳은 선을 그어 나눈 근사. 유럽 밖(시베리아·중앙아시아·극동)은 대략적인 추정. 운영자 검수 필요"},"geometry":{"type":"Polygon","coordinates":[[[21.6992,40.8268],[21.7349,40.7403],[21.7693,40.7307],[21.7458,40.6733],[21.8576,40.6515],[21.8795,40.6516],[21.8552,40.6079],[21.8564,40.5804],[21.883,40.5525],[21.8706,40.5129],[21.9237,40.4571],[21.9932,40.4266],[22.0103,40.4053],[22.0663,40.4121],[22.075,40.3699],[22.1084,40.3411],[22.1242,40.298],[22.1711,40.2812],[22.1552,40.2585],[22.1521,40.2287],[22.099,40.2025],[22.0948,40.1674],[22.1024,40.1527],[22.1324,40.1736],[22.1846,40.1643],[22.1716,40.1386],[22.172,40.1084],[22.1965,40.0888],[22.2549,40.139],[22.2973,40.1501],[22.3375,40.1203],[22.3348,40.0768],[22.3463,40.0479],[22.3765,40.0222],[22.4441,39.9861],[22.4662,39.9558],[22.4968,39.9327],[22.5343,39.9224],[22.6139,39.9394],[22.6471,39.9269],[22.7096,39.935],[22.7098,39.9378],[22.71,39.9475],[22.7105,39.9475],[22.7159,40.022],[22.7065,40.0471],[22.632,40.2463],[22.6283,40.2563],[22.7422,40.3901],[22.75,40.5],[22.75,40.75],[23.2,40.82],[23.65,40.85],[23.9373,40.8021],[23.9429,40.8031],[24.0161,40.8451],[24.0372,40.8696],[24.1077,40.9146],[24.1217,40.9539],[24.1178,40.9958],[24.0472,41.0362],[24.0064,41.0778],[23.9695,41.0775],[23.9511,41.0635],[23.9203,41.0871],[23.8676,41.0972],[23.816,41.1265],[23.7563,41.1816],[23.7089,41.213],[23.7016,41.2277],[23.7187,41.2804],[23.6341,41.3113],[23.6192,41.3547],[23.6248,41.3771],[23.579,41.372],[23.513,41.3977],[23.4145,41.3999],[23.3472,41.3712],[23.326,41.3693],[23.2877,41.3982],[23.2466,41.3897],[23.2098,41.3686],[23.1995,41.333],[23.1797,41.3214],[23.1152,41.3127],[22.917,41.3358],[22.826,41.341],[22.7968,41.337],[22.781,41.3349],[22.7623,41.3225],[22.7513,41.3152],[22.742,41.287],[22.7409,41.2836],[22.7367,41.2044],[22.7272,41.1658],[22.7158,41.1456],[22.7049,41.1397],[22.6919,41.1446],[22.6741,41.1566],[22.6572,41.177],[22.6445,41.1802],[22.6293,41.1771],[22.6259,41.1698],[22.6245,41.1526],[22.6073,41.136],[22.5866,41.1241],[22.5492,41.1185],[22.5007,41.1221],[22.4675,41.115],[22.4218,41.1146],[22.3802,41.1317],[22.3067,41.1284],[22.3026,41.1455],[22.2136,41.1607],[22.1603,41.1519],[22.1034,41.1215],[22.0482,41.1519],[22.0291,41.1386],[21.9651,41.1244],[21.9255,41.1068],[21.9012,41.0908],[21.8963,41.0647],[21.8807,41.0384],[21.845,41.0124],[21.8313,40.9935],[21.7837,40.9642],[21.7781,40.9337],[21.7571,40.9225],[21.7638,40.8876],[21.8131,40.8624],[21.7929,40.8375],[21.7354,40.8252],[21.6992,40.8268]]]}},
{"type":"Feature","properties":{"entityId":"macedonia-kingdom","from":-478,"to":-357,"certainty":"estimated","source":"유럽 쪽은 Natural Earth 1:10m admin-1(v5.1.2) 현대 행정구역 조각을 그 시기 국경에 맞춰 묶고, 조각이 역사 경계와 다른 곳은 선을 그어 나눈 근사. 유럽 밖(시베리아·중앙아시아·극동)은 대략적인 추정. 운영자 검수 필요"},"geometry":{"type":"Polygon","coordinates":[[[20.7396,40.3092],[20.7732,40.299],[20.8064,40.3199],[20.8439,40.3266],[20.8784,40.2653],[20.9208,40.225],[20.9479,40.1809],[20.9608,40.1384],[20.9323,40.087],[20.9482,40.077],[20.9611,40.0345],[20.9879,40.0068],[21.027,40.0215],[21.0429,40.0115],[21.0403,39.9817],[21.0139,39.941],[21.0453,39.9182],[21.0588,39.862],[21.0779,39.8325],[21.0949,39.8277],[21.1892,39.8496],[21.2249,39.8482],[21.2906,39.8186],[21.2912,39.8048],[21.3217,39.7958],[21.3834,39.8158],[21.4067,39.8404],[21.4655,39.8635],[21.6134,39.8485],[21.7133,39.8282],[21.7489,39.8266],[21.8237,39.8394],[21.8762,39.8329],[21.892,39.8556],[21.8792,39.9119],[21.8465,39.9269],[21.9144,39.9733],[21.9541,39.9903],[21.9841,40.0441],[22.0323,40.082],[22.0948,40.1674],[22.1024,40.1527],[22.1324,40.1736],[22.1846,40.1643],[22.1716,40.1386],[22.172,40.1084],[22.1965,40.0888],[22.2549,40.139],[22.2973,40.1501],[22.3375,40.1203],[22.3348,40.0768],[22.3463,40.0479],[22.3765,40.0222],[22.4441,39.9861],[22.4662,39.9558],[22.4968,39.9327],[22.5343,39.9224],[22.6139,39.9394],[22.6471,39.9269],[22.7096,39.935],[22.7098,39.9378],[22.71,39.9475],[22.7105,39.9475],[22.7159,40.022],[22.7065,40.0471],[22.632,40.2463],[22.6283,40.2563],[22.7422,40.3901],[22.75,40.5],[22.75,40.75],[23.2,40.82],[23.65,40.85],[23.9373,40.8021],[23.9429,40.8031],[24.0161,40.8451],[24.0372,40.8696],[24.1077,40.9146],[24.1217,40.9539],[24.1178,40.9958],[24.0472,41.0362],[24.0064,41.0778],[23.9695,41.0775],[23.9511,41.0635],[23.9203,41.0871],[23.8676,41.0972],[23.816,41.1265],[23.7563,41.1816],[23.7089,41.213],[23.7016,41.2277],[23.7187,41.2804],[23.6341,41.3113],[23.6192,41.3547],[23.6248,41.3771],[23.579,41.372],[23.513,41.3977],[23.4145,41.3999],[23.3472,41.3712],[23.326,41.3693],[23.2877,41.3982],[23.2466,41.3897],[23.2098,41.3686],[23.1995,41.333],[23.1797,41.3214],[23.1152,41.3127],[22.917,41.3358],[22.826,41.341],[22.7968,41.337],[22.781,41.3349],[22.7623,41.3225],[22.7513,41.3152],[22.742,41.287],[22.7409,41.2836],[22.7367,41.2044],[22.7272,41.1658],[22.7158,41.1456],[22.7049,41.1397],[22.6919,41.1446],[22.6741,41.1566],[22.6572,41.177],[22.6445,41.1802],[22.6293,41.1771],[22.6259,41.1698],[22.6245,41.1526],[22.6073,41.136],[22.5866,41.1241],[22.5492,41.1185],[22.5007,41.1221],[22.4675,41.115],[22.4218,41.1146],[22.3802,41.1317],[22.3067,41.1284],[22.3026,41.1455],[22.2136,41.1607],[22.1603,41.1519],[22.1034,41.1215],[22.0482,41.1519],[22.0291,41.1386],[21.9651,41.1244],[21.9255,41.1068],[21.9012,41.0908],[21.8963,41.0647],[21.8807,41.0384],[21.845,41.0124],[21.8313,40.9935],[21.7837,40.9642],[21.7781,40.9337],[21.7571,40.9225],[21.737,40.9192],[21.6851,40.928],[21.6569,40.9182],[21.6439,40.8945],[21.6237,40.8944],[21.5816,40.8663],[21.5537,40.8704],[21.5057,40.9009],[21.4294,40.909],[21.3813,40.9005],[21.3449,40.8731],[21.2954,40.8609],[21.2458,40.8632],[21.183,40.8702],[21.1121,40.8539],[20.9653,40.8494],[20.967,40.802],[20.9437,40.7653],[20.9635,40.7361],[21.0186,40.6909],[21.0367,40.6397],[21.0188,40.559],[20.9815,40.5233],[20.9579,40.5149],[20.9368,40.4725],[20.9119,40.4595],[20.8668,40.4721],[20.8267,40.4648],[20.8092,40.4366],[20.7795,40.429],[20.769,40.4126],[20.7739,40.3749],[20.7396,40.3092]]]}},
{"type":"Feature","properties":{"entityId":"macedonia-kingdom","from":-357,"to":-349,"certainty":"estimated","source":"유럽 쪽은 Natural Earth 1:10m admin-1(v5.1.2) 현대 행정구역 조각을 그 시기 국경에 맞춰 묶고, 조각이 역사 경계와 다른 곳은 선을 그어 나눈 근사. 유럽 밖(시베리아·중앙아시아·극동)은 대략적인 추정. 운영자 검수 필요"},"geometry":{"type":"Polygon","coordinates":[[[19.7319,40.812],[19.7383,40.7812],[19.7608,40.7552],[19.7562,40.7166],[19.7952,40.6976],[19.8322,40.6361],[19.8085,40.6202],[19.8489,40.5686],[19.8993,40.5451],[19.9049,40.5273],[19.9371,40.5119],[19.9805,40.5089],[20.0202,40.4935],[20.068,40.4892],[20.0723,40.5033],[20.1082,40.4813],[20.1484,40.4726],[20.2486,40.3724],[20.2978,40.3553],[20.3066,40.3763],[20.3704,40.3992],[20.3723,40.4331],[20.4426,40.4397],[20.4603,40.437],[20.4415,40.4145],[20.4702,40.3677],[20.4617,40.3245],[20.482,40.2728],[20.5126,40.2663],[20.496,40.2255],[20.5268,40.1581],[20.6154,40.081],[20.6476,40.094],[20.6682,40.1381],[20.6599,40.1727],[20.6853,40.1912],[20.6964,40.2151],[20.6946,40.2556],[20.707,40.2881],[20.7396,40.3092],[20.7732,40.299],[20.8064,40.3199],[20.8439,40.3266],[20.8784,40.2653],[20.9208,40.225],[20.9479,40.1809],[20.9608,40.1384],[20.9323,40.087],[20.9482,40.077],[20.9611,40.0345],[20.9879,40.0068],[21.027,40.0215],[21.0429,40.0115],[21.0403,39.9817],[21.0139,39.941],[21.0453,39.9182],[21.0588,39.862],[21.0779,39.8325],[21.0949,39.8277],[21.1892,39.8496],[21.2249,39.8482],[21.2906,39.8186],[21.2912,39.8048],[21.3217,39.7958],[21.3834,39.8158],[21.4067,39.8404],[21.4655,39.8635],[21.6134,39.8485],[21.7133,39.8282],[21.7489,39.8266],[21.8237,39.8394],[21.8762,39.8329],[21.892,39.8556],[21.8792,39.9119],[21.8465,39.9269],[21.9144,39.9733],[21.9541,39.9903],[21.9841,40.0441],[22.0323,40.082],[22.0948,40.1674],[22.1024,40.1527],[22.1324,40.1736],[22.1846,40.1643],[22.1716,40.1386],[22.172,40.1084],[22.1965,40.0888],[22.2549,40.139],[22.2973,40.1501],[22.3375,40.1203],[22.3348,40.0768],[22.3463,40.0479],[22.3765,40.0222],[22.4441,39.9861],[22.4662,39.9558],[22.4968,39.9327],[22.5343,39.9224],[22.6139,39.9394],[22.6471,39.9269],[22.7096,39.935],[22.7098,39.9378],[22.71,39.9475],[22.7105,39.9475],[22.7159,40.022],[22.7065,40.0471],[22.632,40.2463],[22.6283,40.2563],[22.7422,40.3901],[22.75,40.5],[22.75,40.75],[23.2,40.82],[23.65,40.85],[23.9373,40.8021],[23.9429,40.8031],[24.0161,40.8451],[24.0372,40.8696],[24.1077,40.9146],[24.1217,40.9539],[24.1178,40.9958],[24.0472,41.0362],[24.0064,41.0778],[23.9695,41.0775],[23.9511,41.0635],[23.9203,41.0871],[23.8676,41.0972],[23.816,41.1265],[23.7563,41.1816],[23.7089,41.213],[23.7016,41.2277],[23.7187,41.2804],[23.6341,41.3113],[23.6192,41.3547],[23.6248,41.3771],[23.579,41.372],[23.513,41.3977],[23.4145,41.3999],[23.3472,41.3712],[23.326,41.3693],[23.2877,41.3982],[23.2466,41.3897],[23.2098,41.3686],[23.1995,41.333],[23.1797,41.3214],[23.1152,41.3127],[22.917,41.3358],[22.826,41.341],[22.7968,41.337],[22.781,41.3349],[22.7623,41.3225],[22.7513,41.3152],[22.742,41.287],[22.7409,41.2836],[22.7367,41.2044],[22.7272,41.1658],[22.7158,41.1456],[22.7049,41.1397],[22.6919,41.1446],[22.6741,41.1566],[22.6572,41.177],[22.6445,41.1802],[22.6293,41.1771],[22.6259,41.1698],[22.6245,41.1526],[22.6073,41.136],[22.5866,41.1241],[22.5492,41.1185],[22.5007,41.1221],[22.4675,41.115],[22.4218,41.1146],[22.3802,41.1317],[22.3067,41.1284],[22.3026,41.1455],[22.2136,41.1607],[22.1603,41.1519],[22.1034,41.1215],[22.0482,41.1519],[22.0291,41.1386],[21.9651,41.1244],[21.9255,41.1068],[21.9012,41.0908],[21.8963,41.0647],[21.8807,41.0384],[21.845,41.0124],[21.8313,40.9935],[21.7837,40.9642],[21.7781,40.9337],[21.7571,40.9225],[21.737,40.9192],[21.6851,40.928],[21.6569,40.9182],[21.6439,40.8945],[21.6237,40.8944],[21.5816,40.8663],[21.5537,40.8704],[21.5057,40.9009],[21.4294,40.909],[21.3813,40.9005],[21.3449,40.8731],[21.2954,40.8609],[21.2458,40.8632],[21.183,40.8702],[21.1121,40.8539],[20.9653,40.8494],[20.9567,40.8948],[20.9399,40.9071],[20.8902,40.9183],[20.8365,40.9239],[20.817,40.9202],[20.7661,40.8937],[20.7409,40.898],[20.7172,40.9132],[20.7027,40.9363],[20.6641,41.0591],[20.6539,41.0753],[20.643,41.0816],[20.5974,41.0863],[20.6024,41.0458],[20.5901,41.0185],[20.5428,41.0296],[20.4229,40.9881],[20.406,40.9342],[20.3813,40.9247],[20.3985,40.8889],[20.4415,40.8441],[20.4685,40.7997],[20.4448,40.7658],[20.4157,40.7523],[20.3397,40.7453],[20.2932,40.726],[20.2219,40.7157],[20.2003,40.7323],[20.145,40.7433],[20.1543,40.7549],[20.093,40.7801],[20.0686,40.8112],[20.0131,40.8285],[20.0166,40.8737],[20.0021,40.8817],[19.969,40.8671],[19.8889,40.8743],[19.8672,40.8684],[19.8692,40.8502],[19.8267,40.8489],[19.8124,40.8606],[19.7743,40.8471],[19.7646,40.8125],[19.7319,40.812]]]}},
{"type":"Feature","properties":{"entityId":"macedonia-kingdom","from":-349,"to":-347,"certainty":"estimated","source":"유럽 쪽은 Natural Earth 1:10m admin-1(v5.1.2) 현대 행정구역 조각을 그 시기 국경에 맞춰 묶고, 조각이 역사 경계와 다른 곳은 선을 그어 나눈 근사. 유럽 밖(시베리아·중앙아시아·극동)은 대략적인 추정. 운영자 검수 필요"},"geometry":{"type":"MultiPolygon","coordinates":[[[[19.7319,40.812],[19.7383,40.7812],[19.7608,40.7552],[19.7562,40.7166],[19.7952,40.6976],[19.8322,40.6361],[19.8085,40.6202],[19.8489,40.5686],[19.8993,40.5451],[19.9049,40.5273],[19.9371,40.5119],[19.9805,40.5089],[20.0202,40.4935],[20.068,40.4892],[20.0723,40.5033],[20.1082,40.4813],[20.1484,40.4726],[20.2486,40.3724],[20.2978,40.3553],[20.3066,40.3763],[20.3704,40.3992],[20.3723,40.4331],[20.4426,40.4397],[20.4603,40.437],[20.4415,40.4145],[20.4702,40.3677],[20.4617,40.3245],[20.482,40.2728],[20.5126,40.2663],[20.496,40.2255],[20.5268,40.1581],[20.6154,40.081],[20.6476,40.094],[20.6682,40.1381],[20.6599,40.1727],[20.6853,40.1912],[20.6964,40.2151],[20.6946,40.2556],[20.707,40.2881],[20.7396,40.3092],[20.7732,40.299],[20.8064,40.3199],[20.8439,40.3266],[20.8784,40.2653],[20.9208,40.225],[20.9479,40.1809],[20.9608,40.1384],[20.9323,40.087],[20.9482,40.077],[20.9611,40.0345],[20.9879,40.0068],[21.027,40.0215],[21.0429,40.0115],[21.0403,39.9817],[21.0139,39.941],[21.0453,39.9182],[21.0588,39.862],[21.0779,39.8325],[21.0949,39.8277],[21.1892,39.8496],[21.2249,39.8482],[21.2906,39.8186],[21.2912,39.8048],[21.3217,39.7958],[21.3834,39.8158],[21.4067,39.8404],[21.4655,39.8635],[21.6134,39.8485],[21.7133,39.8282],[21.7489,39.8266],[21.8237,39.8394],[21.8762,39.8329],[21.892,39.8556],[21.8792,39.9119],[21.8465,39.9269],[21.9144,39.9733],[21.9541,39.9903],[21.9841,40.0441],[22.0323,40.082],[22.0948,40.1674],[22.1024,40.1527],[22.1324,40.1736],[22.1846,40.1643],[22.1716,40.1386],[22.172,40.1084],[22.1965,40.0888],[22.2549,40.139],[22.2973,40.1501],[22.3375,40.1203],[22.3348,40.0768],[22.3463,40.0479],[22.3765,40.0222],[22.4441,39.9861],[22.4662,39.9558],[22.4968,39.9327],[22.5343,39.9224],[22.6139,39.9394],[22.6471,39.9269],[22.7096,39.935],[22.7098,39.9378],[22.71,39.9475],[22.7105,39.9475],[22.7159,40.022],[22.7065,40.0471],[22.632,40.2463],[22.6283,40.2563],[22.7422,40.3901],[22.75,40.5],[22.75,40.75],[23.2,40.82],[23.65,40.85],[23.9373,40.8021],[23.9429,40.8031],[23.8572,40.7883],[23.8543,40.7812],[23.8635,40.7796],[23.8635,40.718],[23.8978,40.7254],[23.9665,40.7402],[23.9863,40.7322],[24.0731,40.7214],[24.1101,40.7279],[24.2959,40.8112],[24.6124,40.8794],[24.6287,40.8586],[24.6619,40.8791],[24.6798,40.8694],[24.6907,40.8682],[24.7284,40.8527],[24.7539,40.8614],[24.79,40.8575],[24.802,40.8535],[24.8297,40.8768],[24.8342,40.8791],[24.82,40.95],[24.8,41.08],[24.75,41.15],[24.7,41.25],[24.65,41.4],[24.6471,41.4172],[24.6382,41.4177],[24.6443,41.4277],[24.5958,41.4298],[24.5811,41.4602],[24.5494,41.4854],[24.5309,41.5475],[24.5102,41.5617],[24.4592,41.5495],[24.4388,41.5277],[24.3539,41.5191],[24.2868,41.5176],[24.2864,41.5404],[24.2507,41.5635],[24.1977,41.5477],[24.1628,41.512],[24.1463,41.5268],[24.0766,41.536],[24.0473,41.5257],[24.0525,41.4715],[24.0459,41.4555],[24.0007,41.4641],[23.9499,41.4376],[23.8948,41.4643],[23.8677,41.4455],[23.7771,41.429],[23.7544,41.4007],[23.7054,41.4032],[23.6529,41.3976],[23.6248,41.3771],[23.579,41.372],[23.513,41.3977],[23.4145,41.3999],[23.3472,41.3712],[23.326,41.3693],[23.2877,41.3982],[23.2466,41.3897],[23.2098,41.3686],[23.1995,41.333],[23.1797,41.3214],[23.1152,41.3127],[22.917,41.3358],[22.826,41.341],[22.7968,41.337],[22.781,41.3349],[22.7623,41.3225],[22.7513,41.3152],[22.742,41.287],[22.7409,41.2836],[22.7367,41.2044],[22.7272,41.1658],[22.7158,41.1456],[22.7049,41.1397],[22.6919,41.1446],[22.6741,41.1566],[22.6572,41.177],[22.6445,41.1802],[22.6293,41.1771],[22.6259,41.1698],[22.6245,41.1526],[22.6073,41.136],[22.5866,41.1241],[22.5492,41.1185],[22.5007,41.1221],[22.4675,41.115],[22.4218,41.1146],[22.3802,41.1317],[22.3067,41.1284],[22.3026,41.1455],[22.2136,41.1607],[22.1603,41.1519],[22.1034,41.1215],[22.0482,41.1519],[22.0291,41.1386],[21.9651,41.1244],[21.9255,41.1068],[21.9012,41.0908],[21.8963,41.0647],[21.8807,41.0384],[21.845,41.0124],[21.8313,40.9935],[21.7837,40.9642],[21.7781,40.9337],[21.7571,40.9225],[21.737,40.9192],[21.6851,40.928],[21.6569,40.9182],[21.6439,40.8945],[21.6237,40.8944],[21.5816,40.8663],[21.5537,40.8704],[21.5057,40.9009],[21.4294,40.909],[21.3813,40.9005],[21.3449,40.8731],[21.2954,40.8609],[21.2458,40.8632],[21.183,40.8702],[21.1121,40.8539],[20.9653,40.8494],[20.9567,40.8948],[20.9399,40.9071],[20.8902,40.9183],[20.8365,40.9239],[20.817,40.9202],[20.7661,40.8937],[20.7409,40.898],[20.7172,40.9132],[20.7027,40.9363],[20.6641,41.0591],[20.6539,41.0753],[20.643,41.0816],[20.5974,41.0863],[20.6024,41.0458],[20.5901,41.0185],[20.5428,41.0296],[20.4229,40.9881],[20.406,40.9342],[20.3813,40.9247],[20.3985,40.8889],[20.4415,40.8441],[20.4685,40.7997],[20.4448,40.7658],[20.4157,40.7523],[20.3397,40.7453],[20.2932,40.726],[20.2219,40.7157],[20.2003,40.7323],[20.145,40.7433],[20.1543,40.7549],[20.093,40.7801],[20.0686,40.8112],[20.0131,40.8285],[20.0166,40.8737],[20.0021,40.8817],[19.969,40.8671],[19.8889,40.8743],[19.8672,40.8684],[19.8692,40.8502],[19.8267,40.8489],[19.8124,40.8606],[19.7743,40.8471],[19.7646,40.8125],[19.7319,40.812]]],[[[24.512,40.6668],[24.5146,40.6519],[24.5142,40.6476],[24.5142,40.6472],[24.5155,40.6465],[24.5168,40.6391],[24.5402,40.634],[24.6114,40.5978],[24.6423,40.5706],[24.6639,40.5839],[24.7738,40.6142],[24.7738,40.6146],[24.7735,40.618],[24.7824,40.6202],[24.7705,40.6556],[24.7702,40.6595],[24.7789,40.6813],[24.7864,40.6879],[24.7831,40.6918],[24.7882,40.7045],[24.7881,40.7047],[24.7882,40.7049],[24.7738,40.7309],[24.7703,40.7345],[24.7864,40.7351],[24.7492,40.7562],[24.7412,40.7644],[24.7317,40.7835],[24.7213,40.785],[24.7198,40.7865],[24.702,40.7878],[24.6746,40.7917],[24.6423,40.8039],[24.6255,40.7932],[24.6226,40.7934],[24.6222,40.7934],[24.5862,40.7691],[24.5843,40.7669],[24.5667,40.7556],[24.5334,40.7182],[24.5234,40.6942],[24.5178,40.6875],[24.517,40.6789],[24.512,40.6668]]],[[[25.4435,40.4819],[25.4663,40.4558],[25.5326,40.415],[25.5661,40.405],[25.5727,40.4007],[25.573,40.4008],[25.5731,40.4007],[25.5772,40.4017],[25.5891,40.3981],[25.6826,40.4231],[25.6837,40.4265],[25.6847,40.4267],[25.6845,40.4271],[25.6847,40.4271],[25.6842,40.428],[25.6907,40.4477],[25.6887,40.475],[25.6565,40.4962],[25.5759,40.5147],[25.5715,40.5148],[25.5695,40.5157],[25.5692,40.5156],[25.5691,40.5157],[25.5661,40.5149],[25.5466,40.5153],[25.5021,40.4976],[25.4467,40.4827],[25.447,40.4825],[25.4469,40.4825],[25.4471,40.4824],[25.4467,40.4823],[25.4474,40.4818],[25.4435,40.4819]]]]}},
{"type":"Feature","properties":{"entityId":"macedonia-kingdom","from":-347,"to":-343,"certainty":"estimated","source":"유럽 쪽은 Natural Earth 1:10m admin-1(v5.1.2) 현대 행정구역 조각을 그 시기 국경에 맞춰 묶고, 조각이 역사 경계와 다른 곳은 선을 그어 나눈 근사. 유럽 밖(시베리아·중앙아시아·극동)은 대략적인 추정. 운영자 검수 필요"},"geometry":{"type":"MultiPolygon","coordinates":[[[[19.7319,40.812],[19.7383,40.7812],[19.7608,40.7552],[19.7562,40.7166],[19.7952,40.6976],[19.8322,40.6361],[19.8085,40.6202],[19.8489,40.5686],[19.8993,40.5451],[19.9049,40.5273],[19.9371,40.5119],[19.9805,40.5089],[20.0202,40.4935],[20.068,40.4892],[20.0723,40.5033],[20.1082,40.4813],[20.1484,40.4726],[20.2486,40.3724],[20.2978,40.3553],[20.3066,40.3763],[20.3704,40.3992],[20.3723,40.4331],[20.4426,40.4397],[20.4603,40.437],[20.4415,40.4145],[20.4702,40.3677],[20.4617,40.3245],[20.482,40.2728],[20.5126,40.2663],[20.496,40.2255],[20.5268,40.1581],[20.6154,40.081],[20.6476,40.094],[20.6682,40.1381],[20.6599,40.1727],[20.6853,40.1912],[20.6964,40.2151],[20.6946,40.2556],[20.707,40.2881],[20.7396,40.3092],[20.7732,40.299],[20.8064,40.3199],[20.8439,40.3266],[20.8784,40.2653],[20.9208,40.225],[20.9479,40.1809],[20.9608,40.1384],[20.9323,40.087],[20.9482,40.077],[20.9611,40.0345],[20.9879,40.0068],[21.027,40.0215],[21.0429,40.0115],[21.0403,39.9817],[21.0139,39.941],[21.0453,39.9182],[21.0588,39.862],[21.0779,39.8325],[21.0949,39.8277],[21.1892,39.8496],[21.2249,39.8482],[21.2906,39.8186],[21.2912,39.8048],[21.3217,39.7958],[21.3834,39.8158],[21.4067,39.8404],[21.4655,39.8635],[21.6134,39.8485],[21.7133,39.8282],[21.7489,39.8266],[21.8237,39.8394],[21.8762,39.8329],[21.892,39.8556],[21.8792,39.9119],[21.8465,39.9269],[21.9144,39.9733],[21.9541,39.9903],[21.9841,40.0441],[22.0323,40.082],[22.0948,40.1674],[22.1024,40.1527],[22.1324,40.1736],[22.1846,40.1643],[22.1716,40.1386],[22.172,40.1084],[22.1965,40.0888],[22.2549,40.139],[22.2973,40.1501],[22.3375,40.1203],[22.3348,40.0768],[22.3463,40.0479],[22.3765,40.0222],[22.4441,39.9861],[22.4662,39.9558],[22.4968,39.9327],[22.5343,39.9224],[22.6139,39.9394],[22.6471,39.9269],[22.7096,39.935],[22.7098,39.935],[22.7098,39.9378],[22.71,39.9475],[22.7437,39.9475],[22.7159,40.022],[22.7065,40.0471],[22.632,40.2463],[22.6283,40.2563],[22.7422,40.3901],[22.8152,40.476],[22.8953,40.3981],[22.8882,40.3863],[22.9064,40.3873],[23.3442,39.9617],[23.3608,39.9617],[23.3606,39.9611],[23.3644,39.9617],[23.4925,39.9617],[23.548,39.9461],[23.6165,39.9233],[23.7031,39.9127],[23.7479,39.9305],[23.6973,39.9405],[23.676,39.9611],[23.6759,39.9617],[23.899,39.9617],[23.9142,39.9666],[23.9197,39.9564],[23.9912,39.9536],[23.9728,39.9619],[23.9987,39.9748],[23.988,39.99],[23.9884,39.9903],[24.0511,40.0104],[24.14,40.0388],[24.1844,40.0531],[24.2289,40.0673],[24.4066,40.1242],[24.4063,40.1245],[24.4066,40.1246],[24.3815,40.145],[24.3938,40.1525],[24.3833,40.1791],[24.3206,40.228],[24.2663,40.289],[24.2334,40.3169],[24.2223,40.3171],[24.2122,40.3282],[24.1889,40.3388],[24.1799,40.3515],[24.1336,40.3638],[24.0855,40.3856],[24.0293,40.4313],[24.0288,40.4321],[24.0114,40.4492],[24.0076,40.4489],[24.0042,40.4517],[23.9154,40.5239],[23.9092,40.5289],[23.9149,40.5389],[23.8888,40.5638],[23.8663,40.5638],[23.8291,40.5941],[23.7704,40.6418],[23.7443,40.677],[23.7484,40.6932],[23.8291,40.7106],[23.8635,40.718],[23.8978,40.7254],[23.9665,40.7402],[23.9863,40.7322],[24.0731,40.7214],[24.1101,40.7279],[24.2959,40.8112],[24.6124,40.8794],[24.6287,40.8586],[24.6619,40.8791],[24.6798,40.8694],[24.6907,40.8682],[24.7284,40.8527],[24.7539,40.8614],[24.79,40.8575],[24.802,40.8535],[24.8297,40.8768],[24.8342,40.8791],[24.82,40.95],[24.8,41.08],[24.75,41.15],[24.7,41.25],[24.65,41.4],[24.6471,41.4172],[24.6382,41.4177],[24.6443,41.4277],[24.5958,41.4298],[24.5811,41.4602],[24.5494,41.4854],[24.5309,41.5475],[24.5102,41.5617],[24.4592,41.5495],[24.4388,41.5277],[24.3539,41.5191],[24.2868,41.5176],[24.2864,41.5404],[24.2507,41.5635],[24.1977,41.5477],[24.1628,41.512],[24.1463,41.5268],[24.0766,41.536],[24.0473,41.5257],[24.0525,41.4715],[24.0459,41.4555],[24.0007,41.4641],[23.9499,41.4376],[23.8948,41.4643],[23.8677,41.4455],[23.7771,41.429],[23.7544,41.4007],[23.7054,41.4032],[23.6529,41.3976],[23.6248,41.3771],[23.579,41.372],[23.513,41.3977],[23.4145,41.3999],[23.3472,41.3712],[23.326,41.3693],[23.2877,41.3982],[23.2466,41.3897],[23.2098,41.3686],[23.1995,41.333],[23.1797,41.3214],[23.1152,41.3127],[22.917,41.3358],[22.826,41.341],[22.7968,41.337],[22.781,41.3349],[22.7623,41.3225],[22.7513,41.3152],[22.742,41.287],[22.7409,41.2836],[22.7367,41.2044],[22.7272,41.1658],[22.7158,41.1456],[22.7049,41.1397],[22.6919,41.1446],[22.6741,41.1566],[22.6572,41.177],[22.6445,41.1802],[22.6293,41.1771],[22.6259,41.1698],[22.6245,41.1526],[22.6073,41.136],[22.5866,41.1241],[22.5492,41.1185],[22.5007,41.1221],[22.4675,41.115],[22.4218,41.1146],[22.3802,41.1317],[22.3067,41.1284],[22.3026,41.1455],[22.2136,41.1607],[22.1603,41.1519],[22.1034,41.1215],[22.0482,41.1519],[22.0291,41.1386],[21.9651,41.1244],[21.9255,41.1068],[21.9012,41.0908],[21.8963,41.0647],[21.8807,41.0384],[21.845,41.0124],[21.8313,40.9935],[21.7837,40.9642],[21.7781,40.9337],[21.7571,40.9225],[21.737,40.9192],[21.6851,40.928],[21.6569,40.9182],[21.6439,40.8945],[21.6237,40.8944],[21.5816,40.8663],[21.5537,40.8704],[21.5057,40.9009],[21.4294,40.909],[21.3813,40.9005],[21.3449,40.8731],[21.2954,40.8609],[21.2458,40.8632],[21.183,40.8702],[21.1121,40.8539],[20.9653,40.8494],[20.9567,40.8948],[20.9399,40.9071],[20.8902,40.9183],[20.8365,40.9239],[20.817,40.9202],[20.7661,40.8937],[20.7409,40.898],[20.7172,40.9132],[20.7027,40.9363],[20.6641,41.0591],[20.6539,41.0753],[20.643,41.0816],[20.5974,41.0863],[20.6024,41.0458],[20.5901,41.0185],[20.5428,41.0296],[20.4229,40.9881],[20.406,40.9342],[20.3813,40.9247],[20.3985,40.8889],[20.4415,40.8441],[20.4685,40.7997],[20.4448,40.7658],[20.4157,40.7523],[20.3397,40.7453],[20.2932,40.726],[20.2219,40.7157],[20.2003,40.7323],[20.145,40.7433],[20.1543,40.7549],[20.093,40.7801],[20.0686,40.8112],[20.0131,40.8285],[20.0166,40.8737],[20.0021,40.8817],[19.969,40.8671],[19.8889,40.8743],[19.8672,40.8684],[19.8692,40.8502],[19.8267,40.8489],[19.8124,40.8606],[19.7743,40.8471],[19.7646,40.8125],[19.7319,40.812]]],[[[24.512,40.6668],[24.5146,40.6519],[24.5142,40.6476],[24.5142,40.6472],[24.5155,40.6465],[24.5168,40.6391],[24.5402,40.634],[24.6114,40.5978],[24.6423,40.5706],[24.6639,40.5839],[24.7738,40.6142],[24.7738,40.6146],[24.7735,40.618],[24.7824,40.6202],[24.7705,40.6556],[24.7702,40.6595],[24.7789,40.6813],[24.7864,40.6879],[24.7831,40.6918],[24.7882,40.7045],[24.7881,40.7047],[24.7882,40.7049],[24.7738,40.7309],[24.7703,40.7345],[24.7864,40.7351],[24.7492,40.7562],[24.7412,40.7644],[24.7317,40.7835],[24.7213,40.785],[24.7198,40.7865],[24.702,40.7878],[24.6746,40.7917],[24.6423,40.8039],[24.6255,40.7932],[24.6226,40.7934],[24.6222,40.7934],[24.5862,40.7691],[24.5843,40.7669],[24.5667,40.7556],[24.5334,40.7182],[24.5234,40.6942],[24.5178,40.6875],[24.517,40.6789],[24.512,40.6668]]],[[[25.4435,40.4819],[25.4663,40.4558],[25.5326,40.415],[25.5661,40.405],[25.5727,40.4007],[25.573,40.4008],[25.5731,40.4007],[25.5772,40.4017],[25.5891,40.3981],[25.6826,40.4231],[25.6837,40.4265],[25.6847,40.4267],[25.6845,40.4271],[25.6847,40.4271],[25.6842,40.428],[25.6907,40.4477],[25.6887,40.475],[25.6565,40.4962],[25.5759,40.5147],[25.5715,40.5148],[25.5695,40.5157],[25.5692,40.5156],[25.5691,40.5157],[25.5661,40.5149],[25.5466,40.5153],[25.5021,40.4976],[25.4467,40.4827],[25.447,40.4825],[25.4469,40.4825],[25.4471,40.4824],[25.4467,40.4823],[25.4474,40.4818],[25.4435,40.4819]]]]}},
{"type":"Feature","properties":{"entityId":"macedonia-kingdom","from":-343,"to":-341,"certainty":"estimated","source":"유럽 쪽은 Natural Earth 1:10m admin-1(v5.1.2) 현대 행정구역 조각을 그 시기 국경에 맞춰 묶고, 조각이 역사 경계와 다른 곳은 선을 그어 나눈 근사. 유럽 밖(시베리아·중앙아시아·극동)은 대략적인 추정. 운영자 검수 필요"},"geometry":{"type":"MultiPolygon","coordinates":[[[[19.7319,40.812],[19.7383,40.7812],[19.7608,40.7552],[19.7562,40.7166],[19.7952,40.6976],[19.8322,40.6361],[19.8085,40.6202],[19.8489,40.5686],[19.8993,40.5451],[19.9049,40.5273],[19.9371,40.5119],[19.9805,40.5089],[20.0202,40.4935],[20.068,40.4892],[20.0723,40.5033],[20.1082,40.4813],[20.1484,40.4726],[20.2486,40.3724],[20.2978,40.3553],[20.3066,40.3763],[20.3704,40.3992],[20.3723,40.4331],[20.4426,40.4397],[20.4603,40.437],[20.4415,40.4145],[20.4702,40.3677],[20.4617,40.3245],[20.482,40.2728],[20.5126,40.2663],[20.496,40.2255],[20.5268,40.1581],[20.6154,40.081],[20.6476,40.094],[20.6682,40.1381],[20.6599,40.1727],[20.6853,40.1912],[20.6964,40.2151],[20.6946,40.2556],[20.707,40.2881],[20.7396,40.3092],[20.7732,40.299],[20.8064,40.3199],[20.8439,40.3266],[20.8784,40.2653],[20.9208,40.225],[20.9479,40.1809],[20.9608,40.1384],[20.9323,40.087],[20.9482,40.077],[20.9611,40.0345],[20.9879,40.0068],[21.027,40.0215],[21.0429,40.0115],[21.0403,39.9817],[21.0139,39.941],[21.0453,39.9182],[21.0588,39.862],[21.0779,39.8325],[21.0949,39.8277],[21.1892,39.8496],[21.2249,39.8482],[21.2906,39.8186],[21.2912,39.8048],[21.2639,39.8108],[21.2151,39.7837],[21.1984,39.7556],[21.2162,39.6687],[21.1432,39.68],[21.1104,39.6592],[21.1232,39.6003],[21.1661,39.5652],[21.169,39.5102],[21.1531,39.4847],[21.1749,39.4521],[21.1787,39.4189],[21.226,39.3888],[21.2403,39.3543],[21.2752,39.3337],[21.3459,39.3308],[21.3851,39.2797],[21.3331,39.2012],[21.3623,39.1539],[21.3757,39.1496],[21.4228,39.1877],[21.4776,39.2112],[21.5089,39.191],[21.5521,39.2268],[21.6377,39.2437],[21.6608,39.2191],[21.6662,39.1774],[21.6986,39.1624],[21.697,39.1216],[21.72,39.0969],[21.7564,39.1006],[21.813,39.1319],[21.8309,39.1324],[21.8991,39.1021],[21.9134,39.0866],[21.9157,39.0316],[21.97,39.0358],[22.0126,39.0523],[22.0392,39.0763],[22.0958,39.091],[22.1167,39.1048],[22.147,39.1611],[22.2359,39.2402],[22.2844,39.2175],[22.3547,39.1975],[22.4054,39.169],[22.413,39.1242],[22.4285,39.114],[22.4939,39.1192],[22.4926,39.0509],[22.516,39.0287],[22.5546,39.0263],[22.6308,39.0327],[22.7144,38.9942],[22.7863,38.9819],[22.8394,38.9803],[22.8694,38.957],[22.9271,38.9602],[22.966,38.9742],[22.9967,38.9634],[23.0144,38.9934],[23.1116,39.05],[23.2027,39.103],[23.2186,39.1039],[23.2855,39.148],[23.3013,39.1514],[23.3438,39.1796],[23.3432,39.1849],[23.3518,39.1899],[23.3515,39.1902],[23.3518,39.1903],[23.331,39.2098],[23.2957,39.2637],[23.287,39.2883],[23.2823,39.2945],[23.2713,39.3229],[23.2468,39.3413],[23.233,39.3595],[23.1441,39.45],[23.1074,39.4873],[23.1018,39.4974],[23.0559,39.5272],[23.024,39.5373],[22.9774,39.5643],[22.9198,39.6286],[22.8664,39.7393],[22.8587,39.7733],[22.8403,39.8034],[22.8011,39.8403],[22.7877,39.8479],[22.777,39.8583],[22.7623,39.8977],[22.7437,39.9475],[22.7159,40.022],[22.7065,40.0471],[22.632,40.2463],[22.6283,40.2563],[22.7422,40.3901],[22.8152,40.476],[22.8953,40.3981],[22.8882,40.3863],[22.9064,40.3873],[23.3442,39.9617],[23.3608,39.9617],[23.3606,39.9611],[23.3644,39.9617],[23.4925,39.9617],[23.548,39.9461],[23.6165,39.9233],[23.7031,39.9127],[23.7479,39.9305],[23.6973,39.9405],[23.676,39.9611],[23.6759,39.9617],[23.899,39.9617],[23.9142,39.9666],[23.9197,39.9564],[23.9912,39.9536],[23.9728,39.9619],[23.9987,39.9748],[23.988,39.99],[23.9884,39.9903],[24.0511,40.0104],[24.14,40.0388],[24.1844,40.0531],[24.2289,40.0673],[24.4066,40.1242],[24.4063,40.1245],[24.4066,40.1246],[24.3815,40.145],[24.3938,40.1525],[24.3833,40.1791],[24.3206,40.228],[24.2663,40.289],[24.2334,40.3169],[24.2223,40.3171],[24.2122,40.3282],[24.1889,40.3388],[24.1799,40.3515],[24.1336,40.3638],[24.0855,40.3856],[24.0293,40.4313],[24.0288,40.4321],[24.0114,40.4492],[24.0076,40.4489],[24.0042,40.4517],[23.9154,40.5239],[23.9092,40.5289],[23.9149,40.5389],[23.8888,40.5638],[23.8663,40.5638],[23.8291,40.5941],[23.7704,40.6418],[23.7443,40.677],[23.7484,40.6932],[23.8291,40.7106],[23.8635,40.718],[23.8978,40.7254],[23.9665,40.7402],[23.9863,40.7322],[24.0731,40.7214],[24.1101,40.7279],[24.2959,40.8112],[24.6124,40.8794],[24.6287,40.8586],[24.6619,40.8791],[24.6798,40.8694],[24.6907,40.8682],[24.7284,40.8527],[24.7539,40.8614],[24.79,40.8575],[24.802,40.8535],[24.8297,40.8768],[24.8342,40.8791],[24.82,40.95],[24.8,41.08],[24.75,41.15],[24.7,41.25],[24.65,41.4],[24.6471,41.4172],[24.6382,41.4177],[24.6443,41.4277],[24.5958,41.4298],[24.5811,41.4602],[24.5494,41.4854],[24.5309,41.5475],[24.5102,41.5617],[24.4592,41.5495],[24.4388,41.5277],[24.3539,41.5191],[24.2868,41.5176],[24.2864,41.5404],[24.2507,41.5635],[24.1977,41.5477],[24.1628,41.512],[24.1463,41.5268],[24.0766,41.536],[24.0473,41.5257],[24.0525,41.4715],[24.0459,41.4555],[24.0007,41.4641],[23.9499,41.4376],[23.8948,41.4643],[23.8677,41.4455],[23.7771,41.429],[23.7544,41.4007],[23.7054,41.4032],[23.6529,41.3976],[23.6248,41.3771],[23.579,41.372],[23.513,41.3977],[23.4145,41.3999],[23.3472,41.3712],[23.326,41.3693],[23.2877,41.3982],[23.2466,41.3897],[23.2098,41.3686],[23.1995,41.333],[23.1797,41.3214],[23.1152,41.3127],[22.917,41.3358],[22.826,41.341],[22.7968,41.337],[22.781,41.3349],[22.7623,41.3225],[22.7513,41.3152],[22.742,41.287],[22.7409,41.2836],[22.7367,41.2044],[22.7272,41.1658],[22.7158,41.1456],[22.7049,41.1397],[22.6919,41.1446],[22.6741,41.1566],[22.6572,41.177],[22.6445,41.1802],[22.6293,41.1771],[22.6259,41.1698],[22.6245,41.1526],[22.6073,41.136],[22.5866,41.1241],[22.5492,41.1185],[22.5007,41.1221],[22.4675,41.115],[22.4218,41.1146],[22.3802,41.1317],[22.3067,41.1284],[22.3026,41.1455],[22.2136,41.1607],[22.1603,41.1519],[22.1034,41.1215],[22.0482,41.1519],[22.0291,41.1386],[21.9651,41.1244],[21.9255,41.1068],[21.9012,41.0908],[21.8963,41.0647],[21.8807,41.0384],[21.845,41.0124],[21.8313,40.9935],[21.7837,40.9642],[21.7781,40.9337],[21.7571,40.9225],[21.737,40.9192],[21.6851,40.928],[21.6569,40.9182],[21.6439,40.8945],[21.6237,40.8944],[21.5816,40.8663],[21.5537,40.8704],[21.5057,40.9009],[21.4294,40.909],[21.3813,40.9005],[21.3449,40.8731],[21.2954,40.8609],[21.2458,40.8632],[21.183,40.8702],[21.1121,40.8539],[20.9653,40.8494],[20.9567,40.8948],[20.9399,40.9071],[20.8902,40.9183],[20.8365,40.9239],[20.817,40.9202],[20.7661,40.8937],[20.7409,40.898],[20.7172,40.9132],[20.7027,40.9363],[20.6641,41.0591],[20.6539,41.0753],[20.643,41.0816],[20.5974,41.0863],[20.6024,41.0458],[20.5901,41.0185],[20.5428,41.0296],[20.4229,40.9881],[20.406,40.9342],[20.3813,40.9247],[20.3985,40.8889],[20.4415,40.8441],[20.4685,40.7997],[20.4448,40.7658],[20.4157,40.7523],[20.3397,40.7453],[20.2932,40.726],[20.2219,40.7157],[20.2003,40.7323],[20.145,40.7433],[20.1543,40.7549],[20.093,40.7801],[20.0686,40.8112],[20.0131,40.8285],[20.0166,40.8737],[20.0021,40.8817],[19.969,40.8671],[19.8889,40.8743],[19.8672,40.8684],[19.8692,40.8502],[19.8267,40.8489],[19.8124,40.8606],[19.7743,40.8471],[19.7646,40.8125],[19.7319,40.812]]],[[[23.5872,39.2076],[23.6278,39.1473],[23.6342,39.1428],[23.6646,39.0952],[23.6663,39.0948],[23.666,39.0928],[23.7168,39.0772],[23.7295,39.0811],[23.7366,39.0796],[23.7367,39.0797],[23.737,39.0796],[23.7447,39.0858],[23.7603,39.0906],[23.7927,39.1182],[23.7727,39.1293],[23.7488,39.1304],[23.729,39.1404],[23.7305,39.1461],[23.6834,39.1632],[23.6522,39.1788],[23.6013,39.2138],[23.5872,39.2076]]],[[[23.8335,39.1461],[23.8645,39.144],[23.8958,39.1618],[23.8999,39.1677],[23.9386,39.2011],[23.9597,39.244],[23.967,39.2512],[23.971,39.2671],[23.9722,39.2719],[23.9398,39.2798],[23.9017,39.2328],[23.8878,39.2258],[23.8488,39.1592],[23.8335,39.1461]]],[[[24.512,40.6668],[24.5146,40.6519],[24.5142,40.6476],[24.5142,40.6472],[24.5155,40.6465],[24.5168,40.6391],[24.5402,40.634],[24.6114,40.5978],[24.6423,40.5706],[24.6639,40.5839],[24.7738,40.6142],[24.7738,40.6146],[24.7735,40.618],[24.7824,40.6202],[24.7705,40.6556],[24.7702,40.6595],[24.7789,40.6813],[24.7864,40.6879],[24.7831,40.6918],[24.7882,40.7045],[24.7881,40.7047],[24.7882,40.7049],[24.7738,40.7309],[24.7703,40.7345],[24.7864,40.7351],[24.7492,40.7562],[24.7412,40.7644],[24.7317,40.7835],[24.7213,40.785],[24.7198,40.7865],[24.702,40.7878],[24.6746,40.7917],[24.6423,40.8039],[24.6255,40.7932],[24.6226,40.7934],[24.6222,40.7934],[24.5862,40.7691],[24.5843,40.7669],[24.5667,40.7556],[24.5334,40.7182],[24.5234,40.6942],[24.5178,40.6875],[24.517,40.6789],[24.512,40.6668]]],[[[25.4435,40.4819],[25.4663,40.4558],[25.5326,40.415],[25.5661,40.405],[25.5727,40.4007],[25.573,40.4008],[25.5731,40.4007],[25.5772,40.4017],[25.5891,40.3981],[25.6826,40.4231],[25.6837,40.4265],[25.6847,40.4267],[25.6845,40.4271],[25.6847,40.4271],[25.6842,40.428],[25.6907,40.4477],[25.6887,40.475],[25.6565,40.4962],[25.5759,40.5147],[25.5715,40.5148],[25.5695,40.5157],[25.5692,40.5156],[25.5691,40.5157],[25.5661,40.5149],[25.5466,40.5153],[25.5021,40.4976],[25.4467,40.4827],[25.447,40.4825],[25.4469,40.4825],[25.4471,40.4824],[25.4467,40.4823],[25.4474,40.4818],[25.4435,40.4819]]]]}},
{"type":"Feature","properties":{"entityId":"macedonia-kingdom","from":-341,"to":-337,"certainty":"estimated","source":"유럽 쪽은 Natural Earth 1:10m admin-1(v5.1.2) 현대 행정구역 조각을 그 시기 국경에 맞춰 묶고, 조각이 역사 경계와 다른 곳은 선을 그어 나눈 근사. 유럽 밖(시베리아·중앙아시아·극동)은 대략적인 추정. 운영자 검수 필요"},"geometry":{"type":"MultiPolygon","coordinates":[[[[19.7319,40.812],[19.7383,40.7812],[19.7608,40.7552],[19.7562,40.7166],[19.7952,40.6976],[19.8322,40.6361],[19.8085,40.6202],[19.8489,40.5686],[19.8993,40.5451],[19.9049,40.5273],[19.9371,40.5119],[19.9805,40.5089],[20.0202,40.4935],[20.068,40.4892],[20.0723,40.5033],[20.1082,40.4813],[20.1484,40.4726],[20.2486,40.3724],[20.2978,40.3553],[20.3066,40.3763],[20.3704,40.3992],[20.3723,40.4331],[20.4426,40.4397],[20.4603,40.437],[20.4415,40.4145],[20.4702,40.3677],[20.4617,40.3245],[20.482,40.2728],[20.5126,40.2663],[20.496,40.2255],[20.5268,40.1581],[20.6154,40.081],[20.6476,40.094],[20.6682,40.1381],[20.6599,40.1727],[20.6853,40.1912],[20.6964,40.2151],[20.6946,40.2556],[20.707,40.2881],[20.7396,40.3092],[20.7732,40.299],[20.8064,40.3199],[20.8439,40.3266],[20.8784,40.2653],[20.9208,40.225],[20.9479,40.1809],[20.9608,40.1384],[20.9323,40.087],[20.9482,40.077],[20.9611,40.0345],[20.9879,40.0068],[21.027,40.0215],[21.0429,40.0115],[21.0403,39.9817],[21.0139,39.941],[21.0453,39.9182],[21.0588,39.862],[21.0779,39.8325],[21.0949,39.8277],[21.1892,39.8496],[21.2249,39.8482],[21.2906,39.8186],[21.2912,39.8048],[21.2639,39.8108],[21.2151,39.7837],[21.1984,39.7556],[21.2162,39.6687],[21.1432,39.68],[21.1104,39.6592],[21.1232,39.6003],[21.1661,39.5652],[21.169,39.5102],[21.1531,39.4847],[21.1749,39.4521],[21.1787,39.4189],[21.226,39.3888],[21.2403,39.3543],[21.2752,39.3337],[21.3459,39.3308],[21.3851,39.2797],[21.3331,39.2012],[21.3623,39.1539],[21.3757,39.1496],[21.4228,39.1877],[21.4776,39.2112],[21.5089,39.191],[21.5521,39.2268],[21.6377,39.2437],[21.6608,39.2191],[21.6662,39.1774],[21.6986,39.1624],[21.697,39.1216],[21.72,39.0969],[21.7564,39.1006],[21.813,39.1319],[21.8309,39.1324],[21.8991,39.1021],[21.9134,39.0866],[21.9157,39.0316],[21.97,39.0358],[22.0126,39.0523],[22.0392,39.0763],[22.0958,39.091],[22.1167,39.1048],[22.147,39.1611],[22.2359,39.2402],[22.2844,39.2175],[22.3547,39.1975],[22.4054,39.169],[22.413,39.1242],[22.4285,39.114],[22.4939,39.1192],[22.4926,39.0509],[22.516,39.0287],[22.5546,39.0263],[22.6308,39.0327],[22.7144,38.9942],[22.7863,38.9819],[22.8394,38.9803],[22.8694,38.957],[22.9271,38.9602],[22.966,38.9742],[22.9967,38.9634],[23.0144,38.9934],[23.1116,39.05],[23.2027,39.103],[23.2186,39.1039],[23.2855,39.148],[23.3013,39.1514],[23.3438,39.1796],[23.3432,39.1849],[23.3518,39.1899],[23.3515,39.1902],[23.3518,39.1903],[23.331,39.2098],[23.2957,39.2637],[23.287,39.2883],[23.2823,39.2945],[23.2713,39.3229],[23.2468,39.3413],[23.233,39.3595],[23.1441,39.45],[23.1074,39.4873],[23.1018,39.4974],[23.0559,39.5272],[23.024,39.5373],[22.9774,39.5643],[22.9198,39.6286],[22.8664,39.7393],[22.8587,39.7733],[22.8403,39.8034],[22.8011,39.8403],[22.7877,39.8479],[22.777,39.8583],[22.7623,39.8977],[22.7437,39.9475],[22.7159,40.022],[22.7065,40.0471],[22.632,40.2463],[22.6283,40.2563],[22.7422,40.3901],[22.8152,40.476],[22.8953,40.3981],[22.8882,40.3863],[22.9064,40.3873],[23.3442,39.9617],[23.3608,39.9617],[23.3606,39.9611],[23.3644,39.9617],[23.4925,39.9617],[23.548,39.9461],[23.6165,39.9233],[23.7031,39.9127],[23.7479,39.9305],[23.6973,39.9405],[23.676,39.9611],[23.6759,39.9617],[23.899,39.9617],[23.9142,39.9666],[23.9197,39.9564],[23.9912,39.9536],[23.9728,39.9619],[23.9987,39.9748],[23.988,39.99],[23.9884,39.9903],[24.0511,40.0104],[24.14,40.0388],[24.1844,40.0531],[24.2289,40.0673],[24.4066,40.1242],[24.4063,40.1245],[24.4066,40.1246],[24.3815,40.145],[24.3938,40.1525],[24.3833,40.1791],[24.3206,40.228],[24.2663,40.289],[24.2334,40.3169],[24.2223,40.3171],[24.2122,40.3282],[24.1889,40.3388],[24.1799,40.3515],[24.1336,40.3638],[24.0855,40.3856],[24.0293,40.4313],[24.0288,40.4321],[24.0114,40.4492],[24.0076,40.4489],[24.0042,40.4517],[23.9154,40.5239],[23.9092,40.5289],[23.9149,40.5389],[23.8888,40.5638],[23.8663,40.5638],[23.8291,40.5941],[23.7704,40.6418],[23.7443,40.677],[23.7484,40.6932],[23.8291,40.7106],[23.8635,40.718],[23.8978,40.7254],[23.9665,40.7402],[23.9863,40.7322],[24.0731,40.7214],[24.1101,40.7279],[24.2959,40.8112],[24.6124,40.8794],[24.6287,40.8586],[24.6619,40.8791],[24.6798,40.8694],[24.6907,40.8682],[24.7284,40.8527],[24.7539,40.8614],[24.79,40.8575],[24.802,40.8535],[24.8297,40.8768],[24.8342,40.8791],[24.9548,40.9411],[24.9555,40.9411],[25.4467,40.852],[25.8819,40.8314],[25.8922,40.8264],[25.9729,40.7875],[25.9901,40.7792],[26.0119,40.7687],[26.019,40.757],[26.0222,40.7517],[26.0371,40.7271],[26.0391,40.7241],[26.0491,40.7089],[26.0443,40.6171],[26.0443,40.6167],[26.0588,40.5951],[26.1343,40.483],[26.1531,40.455],[26.172,40.455],[26.172,40.483],[26.2097,40.483],[26.2097,40.4662],[26.2475,40.4662],[26.2475,40.4985],[26.3606,40.4985],[26.3606,40.5176],[26.4485,40.5176],[26.4485,40.543],[26.4777,40.543],[26.4777,40.5472],[26.5656,40.5472],[26.5656,40.5768],[26.5948,40.5768],[26.5948,40.5803],[26.6827,40.5803],[26.6827,40.6154],[26.7119,40.6154],[26.7119,40.6006],[26.7704,40.6006],[26.7704,40.6582],[26.7805,40.6594],[26.7864,40.7258],[26.9324,40.7149],[26.9319,40.6358],[26.9635,40.561],[26.9944,40.5686],[26.9944,40.5627],[27.0423,40.5937],[27.087,40.6131],[27.1152,40.6137],[27.1777,40.6326],[27.1983,40.6531],[27.2879,40.7036],[27.31,40.7332],[27.35,40.7686],[27.35,41.02],[27.95,41.12],[28.1505,41.2069],[28.1493,41.213],[28.163,41.2732],[28.193,41.3553],[28.1821,41.421],[28.1762,41.4369],[28.15,41.45],[28.1074,41.4883],[28.1557,41.4922],[28.203,41.5402],[28.222,41.5267],[28.222,41.5384],[28.254,41.5384],[28.254,41.5712],[28.222,41.583],[28.165,41.6039],[28.1523,41.6086],[28.1448,41.6174],[28.1,41.6702],[28.0883,41.7082],[28.0324,41.8897],[28.0449,41.8902],[28.0168,41.9726],[27.9659,41.9821],[27.917,41.9779],[27.8522,41.9954],[27.808,41.9935],[27.7898,41.9427],[27.7451,41.9596],[27.6,42.17],[27.45,42.42],[27.35,42.5],[27.45,42.62],[27.55,42.75],[27.8949,42.75],[27.8971,42.784],[27.8898,42.82],[27.8909,42.8609],[27.884,42.8484],[27.8315,42.8266],[27.8018,42.8221],[27.7189,42.855],[27.6733,42.8918],[27.6206,42.9094],[27.5832,42.892],[27.4952,42.8757],[27.4458,42.8837],[27.4001,42.9039],[27.3554,42.9114],[27.3242,42.9483],[27.2849,42.9767],[27.2365,42.9884],[27.1768,42.963],[27.1191,42.9537],[27.0237,42.9288],[26.9815,42.9402],[26.9092,42.934],[26.8776,42.9496],[26.801,42.9469],[26.7623,42.9084],[26.6897,42.8889],[26.6546,42.9],[26.6452,42.9372],[26.5724,42.9238],[26.5525,42.9577],[26.5743,42.9866],[26.4914,43.0199],[26.469,43.0094],[26.4187,43.0063],[26.3813,43.025],[26.3634,43.01],[26.3609,43.033],[26.3358,43.0415],[26.2747,43.0347],[26.2747,43.0048],[26.2243,42.9587],[26.172,42.9491],[26.1495,42.9098],[26.0823,42.8861],[26.0669,42.8683],[26.0691,42.8394],[26.0568,42.8172],[26.0103,42.8135],[25.9673,42.7842],[25.9016,42.7912],[25.8109,42.7828],[25.7317,42.7888],[25.6612,42.7574],[25.6201,42.767],[25.6127,42.7379],[25.5594,42.7727],[25.5357,42.753],[25.517,42.7585],[25.4839,42.7454],[25.4505,42.7516],[25.394,42.7358],[25.3418,42.7526],[25.2877,42.7604],[25.2472,42.7428],[25.2163,42.7726],[25.1661,42.7707],[25.1146,42.7525],[25.0629,42.7451],[25.0115,42.7483],[25.0112,42.7585],[24.98,42.7532],[24.9662,42.7321],[24.9247,42.714],[24.8787,42.7102],[24.8277,42.719],[24.7751,42.7191],[24.752,42.7094],[24.704,42.7167],[24.6644,42.7425],[24.6307,42.7753],[24.5853,42.7886],[24.5,42.792],[24.4376,42.7517],[24.3967,42.7549],[24.3602,42.7074],[24.3731,42.6617],[24.4163,42.645],[24.4472,42.6126],[24.473,42.5993],[24.4683,42.5771],[24.4418,42.5632],[24.4082,42.5621],[24.3504,42.5652],[24.3018,42.588],[24.285,42.6213],[24.2289,42.6297],[24.1575,42.6107],[24.1296,42.5816],[24.0815,42.5729],[24.0347,42.5534],[23.9614,42.5793],[23.904,42.5695],[23.8981,42.547],[23.9214,42.5075],[23.9881,42.4587],[24.0387,42.4649],[24.0547,42.445],[24.0384,42.408],[23.9594,42.3923],[23.9415,42.3468],[23.9741,42.2833],[23.9581,42.268],[23.9125,42.296],[23.8885,42.2907],[23.8806,42.2615],[23.8481,42.2257],[23.8009,42.2113],[23.7957,42.1887],[23.7631,42.1776],[23.7726,42.1582],[23.8096,42.1329],[23.8133,42.0962],[23.8013,42.0627],[23.8205,42.0453],[23.7919,42.0207],[23.7666,41.9765],[23.7625,41.9399],[23.7896,41.906],[23.7957,41.8609],[23.8217,41.8238],[23.8682,41.7954],[23.9055,41.7965],[23.9282,41.769],[24.042,41.7104],[24.0726,41.6863],[24.1023,41.7094],[24.0996,41.7421],[24.0664,41.7679],[24.0631,41.792],[24.0996,41.7971],[24.1496,41.7911],[24.1893,41.7641],[24.1772,41.7281],[24.2143,41.7407],[24.2713,41.7419],[24.3146,41.771],[24.3152,41.8174],[24.3577,41.8615],[24.424,41.8895],[24.4511,41.9494],[24.5626,41.8852],[24.6591,41.9253],[24.7602,41.9411],[24.8088,41.931],[24.8452,41.8958],[24.9144,41.8581],[24.9338,41.8314],[24.9938,41.8389],[25.0313,41.8009],[25.0671,41.795],[25.0911,41.7933],[25.1021,41.831],[25.1243,41.8445],[25.1494,41.8818],[25.1959,41.9086],[25.2226,41.9037],[25.2108,41.8785],[25.2472,41.817],[25.3,41.8097],[25.3304,41.8176],[25.3531,41.8385],[25.3893,41.8466],[25.4084,41.7978],[25.4708,41.77],[25.5316,41.7867],[25.5672,41.7615],[25.5858,41.7614],[25.634,41.7009],[25.6056,41.6337],[25.6391,41.6204],[25.6802,41.6304],[25.7147,41.6211],[25.747,41.6517],[25.7822,41.6646],[25.8172,41.6548],[25.8276,41.6148],[25.8731,41.5782],[25.9169,41.5627],[25.9569,41.592],[25.9642,41.6126],[25.9989,41.6191],[26.0098,41.6358],[26.0595,41.6438],[26.1067,41.6243],[26.1303,41.5827],[26.1294,41.5594],[26.1581,41.5423],[26.1645,41.5177],[26.1459,41.478],[26.1743,41.446],[26.1209,41.3578],[26.0219,41.3417],[25.9596,41.315],[25.9212,41.316],[25.882,41.304],[25.811,41.341],[25.7635,41.319],[25.7175,41.3141],[25.6912,41.2984],[25.6398,41.3111],[25.5515,41.3157],[25.5051,41.2806],[25.4535,41.2804],[25.2857,41.2394],[25.2197,41.2497],[25.1771,41.2939],[25.1538,41.3075],[25.0804,41.3341],[24.917,41.3864],[24.8864,41.4006],[24.8033,41.3927],[24.7943,41.3474],[24.7744,41.3481],[24.7187,41.3957],[24.6809,41.4155],[24.6471,41.4172],[24.6382,41.4177],[24.6443,41.4277],[24.5958,41.4298],[24.5811,41.4602],[24.5494,41.4854],[24.5309,41.5475],[24.5102,41.5617],[24.4592,41.5495],[24.4388,41.5277],[24.3539,41.5191],[24.2868,41.5176],[24.2864,41.5404],[24.2507,41.5635],[24.1977,41.5477],[24.1628,41.512],[24.1463,41.5268],[24.0766,41.536],[24.0473,41.5257],[24.0525,41.4715],[24.0459,41.4555],[24.0007,41.4641],[23.9499,41.4376],[23.8948,41.4643],[23.8677,41.4455],[23.7771,41.429],[23.7544,41.4007],[23.7054,41.4032],[23.6529,41.3976],[23.6248,41.3771],[23.579,41.372],[23.513,41.3977],[23.4145,41.3999],[23.3472,41.3712],[23.326,41.3693],[23.2877,41.3982],[23.2466,41.3897],[23.2098,41.3686],[23.1995,41.333],[23.1797,41.3214],[23.1152,41.3127],[22.917,41.3358],[22.826,41.341],[22.7968,41.337],[22.781,41.3349],[22.7623,41.3225],[22.7513,41.3152],[22.742,41.287],[22.7409,41.2836],[22.7367,41.2044],[22.7272,41.1658],[22.7158,41.1456],[22.7049,41.1397],[22.6919,41.1446],[22.6741,41.1566],[22.6572,41.177],[22.6445,41.1802],[22.6293,41.1771],[22.6259,41.1698],[22.6245,41.1526],[22.6073,41.136],[22.5866,41.1241],[22.5492,41.1185],[22.5007,41.1221],[22.4675,41.115],[22.4218,41.1146],[22.3802,41.1317],[22.3067,41.1284],[22.3026,41.1455],[22.2136,41.1607],[22.1603,41.1519],[22.1034,41.1215],[22.0482,41.1519],[22.0291,41.1386],[21.9651,41.1244],[21.9255,41.1068],[21.9012,41.0908],[21.8963,41.0647],[21.8807,41.0384],[21.845,41.0124],[21.8313,40.9935],[21.7837,40.9642],[21.7781,40.9337],[21.7571,40.9225],[21.737,40.9192],[21.6851,40.928],[21.6569,40.9182],[21.6439,40.8945],[21.6237,40.8944],[21.5816,40.8663],[21.5537,40.8704],[21.5057,40.9009],[21.4294,40.909],[21.3813,40.9005],[21.3449,40.8731],[21.2954,40.8609],[21.2458,40.8632],[21.183,40.8702],[21.1121,40.8539],[20.9653,40.8494],[20.9567,40.8948],[20.9399,40.9071],[20.8902,40.9183],[20.8365,40.9239],[20.817,40.9202],[20.7661,40.8937],[20.7409,40.898],[20.7172,40.9132],[20.7027,40.9363],[20.6641,41.0591],[20.6539,41.0753],[20.643,41.0816],[20.5974,41.0863],[20.6024,41.0458],[20.5901,41.0185],[20.5428,41.0296],[20.4229,40.9881],[20.406,40.9342],[20.3813,40.9247],[20.3985,40.8889],[20.4415,40.8441],[20.4685,40.7997],[20.4448,40.7658],[20.4157,40.7523],[20.3397,40.7453],[20.2932,40.726],[20.2219,40.7157],[20.2003,40.7323],[20.145,40.7433],[20.1543,40.7549],[20.093,40.7801],[20.0686,40.8112],[20.0131,40.8285],[20.0166,40.8737],[20.0021,40.8817],[19.969,40.8671],[19.8889,40.8743],[19.8672,40.8684],[19.8692,40.8502],[19.8267,40.8489],[19.8124,40.8606],[19.7743,40.8471],[19.7646,40.8125],[19.7319,40.812]]],[[[23.5872,39.2076],[23.6278,39.1473],[23.6342,39.1428],[23.6646,39.0952],[23.6663,39.0948],[23.666,39.0928],[23.7168,39.0772],[23.7295,39.0811],[23.7366,39.0796],[23.7367,39.0797],[23.737,39.0796],[23.7447,39.0858],[23.7603,39.0906],[23.7927,39.1182],[23.7727,39.1293],[23.7488,39.1304],[23.729,39.1404],[23.7305,39.1461],[23.6834,39.1632],[23.6522,39.1788],[23.6013,39.2138],[23.5872,39.2076]]],[[[23.8335,39.1461],[23.8645,39.144],[23.8958,39.1618],[23.8999,39.1677],[23.9386,39.2011],[23.9597,39.244],[23.967,39.2512],[23.971,39.2671],[23.9722,39.2719],[23.9398,39.2798],[23.9017,39.2328],[23.8878,39.2258],[23.8488,39.1592],[23.8335,39.1461]]],[[[24.512,40.6668],[24.5146,40.6519],[24.5142,40.6476],[24.5142,40.6472],[24.5155,40.6465],[24.5168,40.6391],[24.5402,40.634],[24.6114,40.5978],[24.6423,40.5706],[24.6639,40.5839],[24.7738,40.6142],[24.7738,40.6146],[24.7735,40.618],[24.7824,40.6202],[24.7705,40.6556],[24.7702,40.6595],[24.7789,40.6813],[24.7864,40.6879],[24.7831,40.6918],[24.7882,40.7045],[24.7881,40.7047],[24.7882,40.7049],[24.7738,40.7309],[24.7703,40.7345],[24.7864,40.7351],[24.7492,40.7562],[24.7412,40.7644],[24.7317,40.7835],[24.7213,40.785],[24.7198,40.7865],[24.702,40.7878],[24.6746,40.7917],[24.6423,40.8039],[24.6255,40.7932],[24.6226,40.7934],[24.6222,40.7934],[24.5862,40.7691],[24.5843,40.7669],[24.5667,40.7556],[24.5334,40.7182],[24.5234,40.6942],[24.5178,40.6875],[24.517,40.6789],[24.512,40.6668]]],[[[25.4435,40.4819],[25.4663,40.4558],[25.5326,40.415],[25.5661,40.405],[25.5727,40.4007],[25.573,40.4008],[25.5731,40.4007],[25.5772,40.4017],[25.5891,40.3981],[25.6826,40.4231],[25.6837,40.4265],[25.6847,40.4267],[25.6845,40.4271],[25.6847,40.4271],[25.6842,40.428],[25.6907,40.4477],[25.6887,40.475],[25.6565,40.4962],[25.5759,40.5147],[25.5715,40.5148],[25.5695,40.5157],[25.5692,40.5156],[25.5691,40.5157],[25.5661,40.5149],[25.5466,40.5153],[25.5021,40.4976],[25.4467,40.4827],[25.447,40.4825],[25.4469,40.4825],[25.4471,40.4824],[25.4467,40.4823],[25.4474,40.4818],[25.4435,40.4819]]]]}},
{"type":"Feature","properties":{"entityId":"macedonia-kingdom","from":-337,"to":-333,"certainty":"estimated","source":"유럽 쪽은 Natural Earth 1:10m admin-1(v5.1.2) 현대 행정구역 조각을 그 시기 국경에 맞춰 묶고, 조각이 역사 경계와 다른 곳은 선을 그어 나눈 근사. 유럽 밖(시베리아·중앙아시아·극동)은 대략적인 추정. 운영자 검수 필요"},"geometry":{"type":"MultiPolygon","coordinates":[[[[19.7319,40.812],[19.7383,40.7812],[19.7608,40.7552],[19.7562,40.7166],[19.7952,40.6976],[19.8322,40.6361],[19.8085,40.6202],[19.8489,40.5686],[19.8993,40.5451],[19.9049,40.5273],[19.9371,40.5119],[19.9805,40.5089],[20.0202,40.4935],[20.068,40.4892],[20.0723,40.5033],[20.1082,40.4813],[20.1484,40.4726],[20.2486,40.3724],[20.2978,40.3553],[20.3066,40.3763],[20.3704,40.3992],[20.3723,40.4331],[20.4426,40.4397],[20.4603,40.437],[20.4415,40.4145],[20.4702,40.3677],[20.4617,40.3245],[20.482,40.2728],[20.5126,40.2663],[20.496,40.2255],[20.5268,40.1581],[20.6154,40.081],[20.6476,40.094],[20.6682,40.1381],[20.6599,40.1727],[20.6853,40.1912],[20.6964,40.2151],[20.6946,40.2556],[20.707,40.2881],[20.7396,40.3092],[20.7732,40.299],[20.8064,40.3199],[20.8439,40.3266],[20.8784,40.2653],[20.9208,40.225],[20.9479,40.1809],[20.9608,40.1384],[20.9323,40.087],[20.9482,40.077],[20.9611,40.0345],[20.9879,40.0068],[21.027,40.0215],[21.0429,40.0115],[21.0403,39.9817],[21.0139,39.941],[21.0453,39.9182],[21.0588,39.862],[21.0779,39.8325],[21.0949,39.8277],[21.1892,39.8496],[21.2249,39.8482],[21.2906,39.8186],[21.2912,39.8048],[21.2639,39.8108],[21.2151,39.7837],[21.1984,39.7556],[21.2162,39.6687],[21.1432,39.68],[21.1104,39.6592],[21.1232,39.6003],[21.1661,39.5652],[21.169,39.5102],[21.1531,39.4847],[21.1749,39.4521],[21.1787,39.4189],[21.226,39.3888],[21.2403,39.3543],[21.2752,39.3337],[21.3459,39.3308],[21.3851,39.2797],[21.3331,39.2012],[21.3623,39.1539],[21.3757,39.1496],[21.4228,39.1877],[21.4776,39.2112],[21.5089,39.191],[21.5521,39.2268],[21.6377,39.2437],[21.6608,39.2191],[21.6662,39.1774],[21.6986,39.1624],[21.697,39.1216],[21.72,39.0969],[21.7564,39.1006],[21.813,39.1319],[21.8309,39.1324],[21.8991,39.1021],[21.9134,39.0866],[21.9157,39.0316],[21.97,39.0358],[22.0126,39.0523],[22.0392,39.0763],[22.0958,39.091],[22.1167,39.1048],[22.147,39.1611],[22.2359,39.2402],[22.2844,39.2175],[22.3547,39.1975],[22.4054,39.169],[22.413,39.1242],[22.4285,39.114],[22.4939,39.1192],[22.4926,39.0509],[22.516,39.0287],[22.5546,39.0263],[22.6308,39.0327],[22.7144,38.9942],[22.7863,38.9819],[22.8394,38.9803],[22.8694,38.957],[22.9271,38.9602],[22.966,38.9742],[22.9967,38.9634],[23.0144,38.9934],[23.1116,39.05],[23.2027,39.103],[23.2186,39.1039],[23.2855,39.148],[23.3013,39.1514],[23.3438,39.1796],[23.3432,39.1849],[23.3518,39.1899],[23.3515,39.1902],[23.3518,39.1903],[23.331,39.2098],[23.2957,39.2637],[23.287,39.2883],[23.2823,39.2945],[23.2713,39.3229],[23.2468,39.3413],[23.233,39.3595],[23.1441,39.45],[23.1074,39.4873],[23.1018,39.4974],[23.0559,39.5272],[23.024,39.5373],[22.9774,39.5643],[22.9198,39.6286],[22.8664,39.7393],[22.8587,39.7733],[22.8403,39.8034],[22.8011,39.8403],[22.7877,39.8479],[22.777,39.8583],[22.7623,39.8977],[22.7437,39.9475],[22.7159,40.022],[22.7065,40.0471],[22.632,40.2463],[22.6283,40.2563],[22.7422,40.3901],[22.8152,40.476],[22.8953,40.3981],[22.8882,40.3863],[22.9064,40.3873],[23.3442,39.9617],[23.3608,39.9617],[23.3606,39.9611],[23.3644,39.9617],[23.4925,39.9617],[23.548,39.9461],[23.6165,39.9233],[23.7031,39.9127],[23.7479,39.9305],[23.6973,39.9405],[23.676,39.9611],[23.6759,39.9617],[23.899,39.9617],[23.9142,39.9666],[23.9197,39.9564],[23.9912,39.9536],[23.9728,39.9619],[23.9987,39.9748],[23.988,39.99],[23.9884,39.9903],[24.0511,40.0104],[24.14,40.0388],[24.1844,40.0531],[24.2289,40.0673],[24.4066,40.1242],[24.4063,40.1245],[24.4066,40.1246],[24.3815,40.145],[24.3938,40.1525],[24.3833,40.1791],[24.3206,40.228],[24.2663,40.289],[24.2334,40.3169],[24.2223,40.3171],[24.2122,40.3282],[24.1889,40.3388],[24.1799,40.3515],[24.1336,40.3638],[24.0855,40.3856],[24.0293,40.4313],[24.0288,40.4321],[24.0114,40.4492],[24.0076,40.4489],[24.0042,40.4517],[23.9154,40.5239],[23.9092,40.5289],[23.9149,40.5389],[23.8888,40.5638],[23.8663,40.5638],[23.8291,40.5941],[23.7704,40.6418],[23.7443,40.677],[23.7484,40.6932],[23.8291,40.7106],[23.8635,40.718],[23.8978,40.7254],[23.9665,40.7402],[23.9863,40.7322],[24.0731,40.7214],[24.1101,40.7279],[24.2959,40.8112],[24.6124,40.8794],[24.6287,40.8586],[24.6619,40.8791],[24.6798,40.8694],[24.6907,40.8682],[24.7284,40.8527],[24.7539,40.8614],[24.79,40.8575],[24.802,40.8535],[24.8297,40.8768],[24.8342,40.8791],[24.9548,40.9411],[24.9555,40.9411],[25.4467,40.852],[25.8819,40.8314],[25.8922,40.8264],[25.9729,40.7875],[25.9901,40.7792],[26.0119,40.7687],[26.019,40.757],[26.0222,40.7517],[26.0371,40.7271],[26.0391,40.7241],[26.0491,40.7089],[26.0443,40.6171],[26.0443,40.6167],[26.0588,40.5951],[26.1343,40.483],[26.1531,40.455],[26.172,40.4269],[26.2097,40.3709],[26.2323,40.3372],[26.21,40.3219],[26.2181,40.2969],[26.2531,40.2689],[26.2531,40.2479],[26.2602,40.2031],[26.247,40.1808],[26.2147,40.1461],[26.1902,40.0942],[26.1575,40.0553],[26.1776,40.0507],[26.2306,40.0649],[26.2731,40.0926],[26.328,40.1187],[26.3758,40.1535],[26.3702,40.1593],[26.3992,40.178],[26.3963,40.1728],[26.3982,40.164],[26.44,40.21],[26.52,40.27],[26.62,40.33],[26.69,40.38],[26.7534,40.403],[26.7477,40.4032],[26.9017,40.5028],[26.9481,40.5328],[26.9944,40.5627],[27.0423,40.5937],[27.087,40.6131],[27.1152,40.6137],[27.1777,40.6326],[27.1983,40.6531],[27.2879,40.7036],[27.31,40.7332],[27.35,40.7686],[27.35,41.02],[27.95,41.12],[28.1505,41.2069],[28.1493,41.213],[28.163,41.2732],[28.193,41.3553],[28.1821,41.421],[28.1762,41.4369],[28.15,41.45],[28.1074,41.4883],[28.1557,41.4922],[28.203,41.5402],[28.222,41.5267],[28.222,41.5384],[28.254,41.5384],[28.254,41.5712],[28.222,41.583],[28.165,41.6039],[28.1523,41.6086],[28.1448,41.6174],[28.1,41.6702],[28.0883,41.7082],[28.0324,41.8897],[28.0449,41.8902],[28.0168,41.9726],[27.9659,41.9821],[27.917,41.9779],[27.8522,41.9954],[27.808,41.9935],[27.7898,41.9427],[27.7451,41.9596],[27.6,42.17],[27.45,42.42],[27.35,42.5],[27.45,42.62],[27.55,42.75],[27.8949,42.75],[27.8971,42.784],[27.8898,42.82],[27.8909,42.8609],[27.884,42.8484],[27.8315,42.8266],[27.8018,42.8221],[27.7189,42.855],[27.6733,42.8918],[27.6206,42.9094],[27.5832,42.892],[27.4952,42.8757],[27.4458,42.8837],[27.4001,42.9039],[27.3554,42.9114],[27.3242,42.9483],[27.2849,42.9767],[27.2365,42.9884],[27.1768,42.963],[27.1191,42.9537],[27.0237,42.9288],[26.9815,42.9402],[26.9092,42.934],[26.8776,42.9496],[26.801,42.9469],[26.7623,42.9084],[26.6897,42.8889],[26.6546,42.9],[26.6452,42.9372],[26.5724,42.9238],[26.5525,42.9577],[26.5743,42.9866],[26.4914,43.0199],[26.469,43.0094],[26.4187,43.0063],[26.3813,43.025],[26.3634,43.01],[26.3609,43.033],[26.3358,43.0415],[26.2747,43.0347],[26.2747,43.0048],[26.2243,42.9587],[26.172,42.9491],[26.1495,42.9098],[26.0823,42.8861],[26.0669,42.8683],[26.0691,42.8394],[26.0568,42.8172],[26.0103,42.8135],[25.9673,42.7842],[25.9016,42.7912],[25.8109,42.7828],[25.7317,42.7888],[25.6612,42.7574],[25.6201,42.767],[25.6127,42.7379],[25.5594,42.7727],[25.5357,42.753],[25.517,42.7585],[25.4839,42.7454],[25.4505,42.7516],[25.394,42.7358],[25.3418,42.7526],[25.2877,42.7604],[25.2472,42.7428],[25.2163,42.7726],[25.1661,42.7707],[25.1146,42.7525],[25.0629,42.7451],[25.0115,42.7483],[25.0112,42.7585],[24.98,42.7532],[24.9662,42.7321],[24.9247,42.714],[24.8787,42.7102],[24.8277,42.719],[24.7751,42.7191],[24.752,42.7094],[24.704,42.7167],[24.6644,42.7425],[24.6307,42.7753],[24.5853,42.7886],[24.5,42.792],[24.4376,42.7517],[24.3967,42.7549],[24.3602,42.7074],[24.3731,42.6617],[24.4163,42.645],[24.4472,42.6126],[24.473,42.5993],[24.4683,42.5771],[24.4418,42.5632],[24.4082,42.5621],[24.3504,42.5652],[24.3018,42.588],[24.285,42.6213],[24.2289,42.6297],[24.1575,42.6107],[24.1296,42.5816],[24.0815,42.5729],[24.0347,42.5534],[23.9614,42.5793],[23.904,42.5695],[23.8981,42.547],[23.9214,42.5075],[23.9881,42.4587],[24.0387,42.4649],[24.0547,42.445],[24.0384,42.408],[23.9594,42.3923],[23.9415,42.3468],[23.9741,42.2833],[23.9581,42.268],[23.9125,42.296],[23.8885,42.2907],[23.8806,42.2615],[23.8481,42.2257],[23.8009,42.2113],[23.7957,42.1887],[23.7631,42.1776],[23.7726,42.1582],[23.8096,42.1329],[23.8133,42.0962],[23.8013,42.0627],[23.8205,42.0453],[23.7919,42.0207],[23.7666,41.9765],[23.7625,41.9399],[23.7896,41.906],[23.7957,41.8609],[23.8217,41.8238],[23.8682,41.7954],[23.9055,41.7965],[23.9282,41.769],[24.042,41.7104],[24.0726,41.6863],[24.1023,41.7094],[24.0996,41.7421],[24.0664,41.7679],[24.0631,41.792],[24.0996,41.7971],[24.1496,41.7911],[24.1893,41.7641],[24.1772,41.7281],[24.2143,41.7407],[24.2713,41.7419],[24.3146,41.771],[24.3152,41.8174],[24.3577,41.8615],[24.424,41.8895],[24.4511,41.9494],[24.5626,41.8852],[24.6591,41.9253],[24.7602,41.9411],[24.8088,41.931],[24.8452,41.8958],[24.9144,41.8581],[24.9338,41.8314],[24.9938,41.8389],[25.0313,41.8009],[25.0671,41.795],[25.0911,41.7933],[25.1021,41.831],[25.1243,41.8445],[25.1494,41.8818],[25.1959,41.9086],[25.2226,41.9037],[25.2108,41.8785],[25.2472,41.817],[25.3,41.8097],[25.3304,41.8176],[25.3531,41.8385],[25.3893,41.8466],[25.4084,41.7978],[25.4708,41.77],[25.5316,41.7867],[25.5672,41.7615],[25.5858,41.7614],[25.634,41.7009],[25.6056,41.6337],[25.6391,41.6204],[25.6802,41.6304],[25.7147,41.6211],[25.747,41.6517],[25.7822,41.6646],[25.8172,41.6548],[25.8276,41.6148],[25.8731,41.5782],[25.9169,41.5627],[25.9569,41.592],[25.9642,41.6126],[25.9989,41.6191],[26.0098,41.6358],[26.0595,41.6438],[26.1067,41.6243],[26.1303,41.5827],[26.1294,41.5594],[26.1581,41.5423],[26.1645,41.5177],[26.1459,41.478],[26.1743,41.446],[26.1209,41.3578],[26.0219,41.3417],[25.9596,41.315],[25.9212,41.316],[25.882,41.304],[25.811,41.341],[25.7635,41.319],[25.7175,41.3141],[25.6912,41.2984],[25.6398,41.3111],[25.5515,41.3157],[25.5051,41.2806],[25.4535,41.2804],[25.2857,41.2394],[25.2197,41.2497],[25.1771,41.2939],[25.1538,41.3075],[25.0804,41.3341],[24.917,41.3864],[24.8864,41.4006],[24.8033,41.3927],[24.7943,41.3474],[24.7744,41.3481],[24.7187,41.3957],[24.6809,41.4155],[24.6471,41.4172],[24.6382,41.4177],[24.6443,41.4277],[24.5958,41.4298],[24.5811,41.4602],[24.5494,41.4854],[24.5309,41.5475],[24.5102,41.5617],[24.4592,41.5495],[24.4388,41.5277],[24.3539,41.5191],[24.2868,41.5176],[24.2864,41.5404],[24.2507,41.5635],[24.1977,41.5477],[24.1628,41.512],[24.1463,41.5268],[24.0766,41.536],[24.0473,41.5257],[24.0525,41.4715],[24.0459,41.4555],[24.0007,41.4641],[23.9499,41.4376],[23.8948,41.4643],[23.8677,41.4455],[23.7771,41.429],[23.7544,41.4007],[23.7054,41.4032],[23.6529,41.3976],[23.6248,41.3771],[23.579,41.372],[23.513,41.3977],[23.4145,41.3999],[23.3472,41.3712],[23.326,41.3693],[23.2877,41.3982],[23.2466,41.3897],[23.2098,41.3686],[23.1995,41.333],[23.1797,41.3214],[23.1152,41.3127],[22.917,41.3358],[22.826,41.341],[22.7968,41.337],[22.781,41.3349],[22.7623,41.3225],[22.7513,41.3152],[22.742,41.287],[22.7409,41.2836],[22.7367,41.2044],[22.7272,41.1658],[22.7158,41.1456],[22.7049,41.1397],[22.6919,41.1446],[22.6741,41.1566],[22.6572,41.177],[22.6445,41.1802],[22.6293,41.1771],[22.6259,41.1698],[22.6245,41.1526],[22.6073,41.136],[22.5866,41.1241],[22.5492,41.1185],[22.5007,41.1221],[22.4675,41.115],[22.4218,41.1146],[22.3802,41.1317],[22.3067,41.1284],[22.3026,41.1455],[22.2136,41.1607],[22.1603,41.1519],[22.1034,41.1215],[22.0482,41.1519],[22.0291,41.1386],[21.9651,41.1244],[21.9255,41.1068],[21.9012,41.0908],[21.8963,41.0647],[21.8807,41.0384],[21.845,41.0124],[21.8313,40.9935],[21.7837,40.9642],[21.7781,40.9337],[21.7571,40.9225],[21.737,40.9192],[21.6851,40.928],[21.6569,40.9182],[21.6439,40.8945],[21.6237,40.8944],[21.5816,40.8663],[21.5537,40.8704],[21.5057,40.9009],[21.4294,40.909],[21.3813,40.9005],[21.3449,40.8731],[21.2954,40.8609],[21.2458,40.8632],[21.183,40.8702],[21.1121,40.8539],[20.9653,40.8494],[20.9567,40.8948],[20.9399,40.9071],[20.8902,40.9183],[20.8365,40.9239],[20.817,40.9202],[20.7661,40.8937],[20.7409,40.898],[20.7172,40.9132],[20.7027,40.9363],[20.6641,41.0591],[20.6539,41.0753],[20.643,41.0816],[20.5974,41.0863],[20.6024,41.0458],[20.5901,41.0185],[20.5428,41.0296],[20.4229,40.9881],[20.406,40.9342],[20.3813,40.9247],[20.3985,40.8889],[20.4415,40.8441],[20.4685,40.7997],[20.4448,40.7658],[20.4157,40.7523],[20.3397,40.7453],[20.2932,40.726],[20.2219,40.7157],[20.2003,40.7323],[20.145,40.7433],[20.1543,40.7549],[20.093,40.7801],[20.0686,40.8112],[20.0131,40.8285],[20.0166,40.8737],[20.0021,40.8817],[19.969,40.8671],[19.8889,40.8743],[19.8672,40.8684],[19.8692,40.8502],[19.8267,40.8489],[19.8124,40.8606],[19.7743,40.8471],[19.7646,40.8125],[19.7319,40.812]]],[[[23.5872,39.2076],[23.6278,39.1473],[23.6342,39.1428],[23.6646,39.0952],[23.6663,39.0948],[23.666,39.0928],[23.7168,39.0772],[23.7295,39.0811],[23.7366,39.0796],[23.7367,39.0797],[23.737,39.0796],[23.7447,39.0858],[23.7603,39.0906],[23.7927,39.1182],[23.7727,39.1293],[23.7488,39.1304],[23.729,39.1404],[23.7305,39.1461],[23.6834,39.1632],[23.6522,39.1788],[23.6013,39.2138],[23.5872,39.2076]]],[[[23.8335,39.1461],[23.8645,39.144],[23.8958,39.1618],[23.8999,39.1677],[23.9386,39.2011],[23.9597,39.244],[23.967,39.2512],[23.971,39.2671],[23.9722,39.2719],[23.9398,39.2798],[23.9017,39.2328],[23.8878,39.2258],[23.8488,39.1592],[23.8335,39.1461]]],[[[24.512,40.6668],[24.5146,40.6519],[24.5142,40.6476],[24.5142,40.6472],[24.5155,40.6465],[24.5168,40.6391],[24.5402,40.634],[24.6114,40.5978],[24.6423,40.5706],[24.6639,40.5839],[24.7738,40.6142],[24.7738,40.6146],[24.7735,40.618],[24.7824,40.6202],[24.7705,40.6556],[24.7702,40.6595],[24.7789,40.6813],[24.7864,40.6879],[24.7831,40.6918],[24.7882,40.7045],[24.7881,40.7047],[24.7882,40.7049],[24.7738,40.7309],[24.7703,40.7345],[24.7864,40.7351],[24.7492,40.7562],[24.7412,40.7644],[24.7317,40.7835],[24.7213,40.785],[24.7198,40.7865],[24.702,40.7878],[24.6746,40.7917],[24.6423,40.8039],[24.6255,40.7932],[24.6226,40.7934],[24.6222,40.7934],[24.5862,40.7691],[24.5843,40.7669],[24.5667,40.7556],[24.5334,40.7182],[24.5234,40.6942],[24.5178,40.6875],[24.517,40.6789],[24.512,40.6668]]],[[[25.4435,40.4819],[25.4663,40.4558],[25.5326,40.415],[25.5661,40.405],[25.5727,40.4007],[25.573,40.4008],[25.5731,40.4007],[25.5772,40.4017],[25.5891,40.3981],[25.6826,40.4231],[25.6837,40.4265],[25.6847,40.4267],[25.6845,40.4271],[25.6847,40.4271],[25.6842,40.428],[25.6907,40.4477],[25.6887,40.475],[25.6565,40.4962],[25.5759,40.5147],[25.5715,40.5148],[25.5695,40.5157],[25.5692,40.5156],[25.5691,40.5157],[25.5661,40.5149],[25.5466,40.5153],[25.5021,40.4976],[25.4467,40.4827],[25.447,40.4825],[25.4469,40.4825],[25.4471,40.4824],[25.4467,40.4823],[25.4474,40.4818],[25.4435,40.4819]]],[[[25.6633,40.1262],[25.7212,40.1048],[25.766,40.0972],[25.8563,40.1079],[25.9004,40.1227],[25.9678,40.1308],[26.0122,40.1461],[26.0122,40.1666],[25.9729,40.1532],[25.9728,40.1584],[25.9763,40.1785],[25.9762,40.1786],[25.9763,40.1789],[25.9725,40.1828],[25.9719,40.2211],[25.9382,40.2416],[25.9133,40.2413],[25.8947,40.236],[25.8751,40.2344],[25.7983,40.2124],[25.759,40.2067],[25.719,40.1872],[25.6862,40.1608],[25.6633,40.1262]]]]}},
{"type":"Feature","properties":{"entityId":"macedonia-kingdom","from":-333,"to":-332,"certainty":"estimated","source":"유럽 쪽은 Natural Earth 1:10m admin-1(v5.1.2) 현대 행정구역 조각을 그 시기 국경에 맞춰 묶고, 조각이 역사 경계와 다른 곳은 선을 그어 나눈 근사. 유럽 밖(시베리아·중앙아시아·극동)은 대략적인 추정. 운영자 검수 필요"},"geometry":{"type":"MultiPolygon","coordinates":[[[[19.7319,40.812],[19.7383,40.7812],[19.7608,40.7552],[19.7562,40.7166],[19.7952,40.6976],[19.8322,40.6361],[19.8085,40.6202],[19.8489,40.5686],[19.8993,40.5451],[19.9049,40.5273],[19.9371,40.5119],[19.9805,40.5089],[20.0202,40.4935],[20.068,40.4892],[20.0723,40.5033],[20.1082,40.4813],[20.1484,40.4726],[20.2486,40.3724],[20.2978,40.3553],[20.3066,40.3763],[20.3704,40.3992],[20.3723,40.4331],[20.4426,40.4397],[20.4603,40.437],[20.4415,40.4145],[20.4702,40.3677],[20.4617,40.3245],[20.482,40.2728],[20.5126,40.2663],[20.496,40.2255],[20.5268,40.1581],[20.6154,40.081],[20.6476,40.094],[20.6682,40.1381],[20.6599,40.1727],[20.6853,40.1912],[20.6964,40.2151],[20.6946,40.2556],[20.707,40.2881],[20.7396,40.3092],[20.7732,40.299],[20.8064,40.3199],[20.8439,40.3266],[20.8784,40.2653],[20.9208,40.225],[20.9479,40.1809],[20.9608,40.1384],[20.9323,40.087],[20.9482,40.077],[20.9611,40.0345],[20.9879,40.0068],[21.027,40.0215],[21.0429,40.0115],[21.0403,39.9817],[21.0139,39.941],[21.0453,39.9182],[21.0588,39.862],[21.0779,39.8325],[21.0949,39.8277],[21.1892,39.8496],[21.2249,39.8482],[21.2906,39.8186],[21.2912,39.8048],[21.2639,39.8108],[21.2151,39.7837],[21.1984,39.7556],[21.2162,39.6687],[21.1432,39.68],[21.1104,39.6592],[21.1232,39.6003],[21.1661,39.5652],[21.169,39.5102],[21.1531,39.4847],[21.1749,39.4521],[21.1787,39.4189],[21.226,39.3888],[21.2403,39.3543],[21.2752,39.3337],[21.3459,39.3308],[21.3851,39.2797],[21.3331,39.2012],[21.3623,39.1539],[21.3757,39.1496],[21.4228,39.1877],[21.4776,39.2112],[21.5089,39.191],[21.5521,39.2268],[21.6377,39.2437],[21.6608,39.2191],[21.6662,39.1774],[21.6986,39.1624],[21.697,39.1216],[21.72,39.0969],[21.7564,39.1006],[21.813,39.1319],[21.8309,39.1324],[21.8991,39.1021],[21.9134,39.0866],[21.9157,39.0316],[21.97,39.0358],[22.0126,39.0523],[22.0392,39.0763],[22.0958,39.091],[22.1167,39.1048],[22.147,39.1611],[22.2359,39.2402],[22.2844,39.2175],[22.3547,39.1975],[22.4054,39.169],[22.413,39.1242],[22.4285,39.114],[22.4939,39.1192],[22.4926,39.0509],[22.516,39.0287],[22.5546,39.0263],[22.6308,39.0327],[22.7144,38.9942],[22.7863,38.9819],[22.8394,38.9803],[22.8694,38.957],[22.9271,38.9602],[22.966,38.9742],[22.9967,38.9634],[23.0144,38.9934],[23.1116,39.05],[23.2027,39.103],[23.2186,39.1039],[23.2855,39.148],[23.3013,39.1514],[23.3438,39.1796],[23.3432,39.1849],[23.3518,39.1899],[23.3515,39.1902],[23.3518,39.1903],[23.331,39.2098],[23.2957,39.2637],[23.287,39.2883],[23.2823,39.2945],[23.2713,39.3229],[23.2468,39.3413],[23.233,39.3595],[23.1441,39.45],[23.1074,39.4873],[23.1018,39.4974],[23.0559,39.5272],[23.024,39.5373],[22.9774,39.5643],[22.9198,39.6286],[22.8664,39.7393],[22.8587,39.7733],[22.8403,39.8034],[22.8011,39.8403],[22.7877,39.8479],[22.777,39.8583],[22.7623,39.8977],[22.7437,39.9475],[22.7159,40.022],[22.7065,40.0471],[22.632,40.2463],[22.6283,40.2563],[22.7422,40.3901],[22.8152,40.476],[22.8953,40.3981],[22.8882,40.3863],[22.9064,40.3873],[23.3442,39.9617],[23.3608,39.9617],[23.3606,39.9611],[23.3644,39.9617],[23.4925,39.9617],[23.548,39.9461],[23.6165,39.9233],[23.7031,39.9127],[23.7479,39.9305],[23.6973,39.9405],[23.676,39.9611],[23.6759,39.9617],[23.899,39.9617],[23.9142,39.9666],[23.9197,39.9564],[23.9912,39.9536],[23.9728,39.9619],[23.9987,39.9748],[23.988,39.99],[23.9884,39.9903],[24.0511,40.0104],[24.14,40.0388],[24.1844,40.0531],[24.2289,40.0673],[24.4066,40.1242],[24.4063,40.1245],[24.4066,40.1246],[24.3815,40.145],[24.3938,40.1525],[24.3833,40.1791],[24.3206,40.228],[24.2663,40.289],[24.2334,40.3169],[24.2223,40.3171],[24.2122,40.3282],[24.1889,40.3388],[24.1799,40.3515],[24.1336,40.3638],[24.0855,40.3856],[24.0293,40.4313],[24.0288,40.4321],[24.0114,40.4492],[24.0076,40.4489],[24.0042,40.4517],[23.9154,40.5239],[23.9092,40.5289],[23.9149,40.5389],[23.8888,40.5638],[23.8663,40.5638],[23.8291,40.5941],[23.7704,40.6418],[23.7443,40.677],[23.7484,40.6932],[23.8291,40.7106],[23.8635,40.718],[23.8978,40.7254],[23.9665,40.7402],[23.9863,40.7322],[24.0731,40.7214],[24.1101,40.7279],[24.2959,40.8112],[24.6124,40.8794],[24.6287,40.8586],[24.6619,40.8791],[24.6798,40.8694],[24.6907,40.8682],[24.7284,40.8527],[24.7539,40.8614],[24.79,40.8575],[24.802,40.8535],[24.8297,40.8768],[24.8342,40.8791],[24.9548,40.9411],[24.9555,40.9411],[25.4467,40.852],[25.8819,40.8314],[25.8922,40.8264],[25.9729,40.7875],[25.9901,40.7792],[26.0119,40.7687],[26.019,40.757],[26.0222,40.7517],[26.0371,40.7271],[26.0391,40.7241],[26.0491,40.7089],[26.0443,40.6171],[26.0443,40.6167],[26.0588,40.5951],[26.1343,40.483],[26.1531,40.455],[26.172,40.4269],[26.2097,40.3709],[26.2323,40.3372],[26.21,40.3219],[26.2181,40.2969],[26.2531,40.2689],[26.2531,40.2479],[26.2602,40.2031],[26.247,40.1808],[26.2147,40.1461],[26.1902,40.0942],[26.1575,40.0553],[26.1776,40.0507],[26.2306,40.0649],[26.2731,40.0926],[26.328,40.1187],[26.3758,40.1535],[26.3702,40.1593],[26.3992,40.178],[26.3963,40.1728],[26.3982,40.164],[26.4035,40.139],[26.3936,40.1094],[26.3923,40.108],[26.3694,40.1029],[26.365,40.0787],[26.3143,40.0244],[26.2262,40.0015],[26.1978,40.0089],[26.1815,39.9898],[26.1811,39.9897],[26.1809,39.9891],[26.1677,39.9736],[26.1526,39.9426],[26.1565,39.9013],[26.1512,39.8823],[26.1364,39.8376],[26.1502,39.8292],[26.151,39.8031],[26.1406,39.7427],[26.1538,39.7207],[26.1556,39.6638],[26.1534,39.6524],[26.1272,39.6103],[26.1107,39.5979],[26.095,39.5486],[26.07,39.4963],[26.0742,39.4745],[26.113,39.4592],[26.1528,39.4592],[26.1717,39.4631],[26.22,39.4265],[26.22,39.4364],[26.2683,39.4364],[26.2683,39.4205],[26.365,39.4205],[26.365,39.4375],[26.4617,39.4375],[26.4617,39.3987],[26.5101,39.3987],[26.5101,39.2619],[26.5584,39.2619],[26.5584,39.2264],[26.599,39.2264],[26.599,39.1967],[26.6396,39.1967],[26.6396,39.1669],[26.6421,39.1669],[26.6421,39.1372],[26.6815,39.1372],[26.6815,39.1074],[26.7208,39.1074],[26.7208,39.0479],[26.8009,38.9874],[26.8017,38.982],[26.6753,38.78],[26.561,38.5972],[26.5558,38.6054],[26.5056,38.6527],[26.4656,38.6727],[26.4141,38.6794],[26.3563,38.6617],[26.3486,38.6213],[26.3758,38.5286],[26.4038,38.4875],[26.3879,38.4543],[26.4181,38.4649],[26.4294,38.4409],[26.4151,38.3682],[26.3435,38.37],[26.3431,38.37],[26.3219,38.3339],[26.3143,38.3367],[26.3211,38.3777],[26.3076,38.3579],[26.2941,38.3699],[26.2889,38.3406],[26.3076,38.3231],[26.2859,38.3187],[26.2654,38.2867],[26.2388,38.2958],[26.2346,38.2738],[26.2866,38.2611],[26.3286,38.2351],[26.3344,38.2351],[26.3179,38.2086],[26.3181,38.2085],[26.3179,38.2082],[26.5572,38.0264],[26.6768,37.9356],[26.6768,37.9377],[26.7964,37.9377],[26.7964,37.922],[27.0306,37.922],[27.0306,37.8922],[27.1185,37.8922],[27.1185,37.8324],[27.1477,37.8324],[27.1477,37.8025],[27.173,37.8025],[27.173,37.7753],[27.1445,37.7753],[27.1445,37.7428],[27.1161,37.7428],[27.1161,37.7157],[27.0876,37.7157],[27.0876,37.6892],[27.0591,37.6897],[27.0591,37.7067],[27.0306,37.7066],[27.0048,37.7066],[27.0048,37.6863],[27.0208,37.6742],[27.0115,37.6657],[27.0488,37.6501],[27.0507,37.6497],[27.206,37.3898],[27.2075,37.3764],[27.1908,37.3573],[27.2119,37.3573],[27.2334,37.344],[27.2801,37.266],[27.302,37.2293],[27.3239,37.1927],[27.3579,37.1358],[27.349,37.1301],[27.3218,37.1587],[27.3218,37.1254],[27.3011,37.127],[27.3007,37.127],[27.2998,37.1262],[27.2717,37.1289],[27.2604,37.1103],[27.2828,37.1103],[27.2696,37.0981],[27.2391,37.083],[27.2288,37.0618],[27.2527,36.9783],[27.2632,36.9634],[27.3081,36.9594],[27.3006,36.9731],[27.3327,36.9971],[27.3314,37.0023],[27.3436,37.0146],[27.4059,37.0167],[27.4296,37.0158],[27.5784,36.7671],[27.5614,36.7609],[27.4832,36.754],[27.4588,36.7557],[27.4273,36.7357],[27.4143,36.7093],[27.3558,36.7124],[27.3628,36.6851],[27.4557,36.6629],[27.4727,36.6509],[27.4863,36.6652],[27.5486,36.6834],[27.5556,36.6829],[27.5597,36.6746],[27.603,36.6789],[27.6374,36.6682],[27.6427,36.6595],[27.6431,36.6595],[27.6646,36.6598],[27.6712,36.6578],[27.6716,36.6599],[28.0144,36.6653],[28.0207,36.6336],[28.0211,36.6337],[28.0211,36.6336],[28.0881,36.6426],[28.054,36.6096],[28.0344,36.6025],[27.9592,36.6025],[27.9661,36.5759],[27.9909,36.5598],[28.0138,36.5759],[28.048,36.569],[28.0617,36.5963],[28.0881,36.5891],[28.1115,36.6042],[28.1584,36.6675],[28.7335,36.6764],[28.8293,36.6235],[28.8186,36.6117],[28.8587,36.6013],[28.8614,36.6057],[29.106,36.4706],[29.1242,36.4536],[29.1304,36.4114],[29.0964,36.3909],[29.1447,36.3772],[29.1447,36.3493],[29.2186,36.3288],[29.2231,36.3246],[29.2437,36.3138],[29.2612,36.2936],[29.3223,36.2469],[29.3571,36.2357],[29.3702,36.2522],[29.4187,36.2375],[29.4204,36.2306],[29.4262,36.2353],[29.4725,36.2213],[29.4945,36.211],[29.5215,36.206],[29.5229,36.206],[29.585,36.1872],[29.5835,36.1855],[29.5887,36.1861],[29.6342,36.1723],[29.634,36.1571],[29.6682,36.1438],[29.6724,36.1234],[29.6944,36.1455],[29.6983,36.1433],[29.6986,36.1434],[29.6987,36.1433],[29.7457,36.1515],[29.7617,36.137],[29.7953,36.1452],[29.823,36.1649],[30.3566,36.2576],[30.3859,36.243],[30.3861,36.2431],[30.3863,36.243],[30.4,36.2488],[30.4004,36.2481],[30.3986,36.206],[30.4408,36.2393],[30.4517,36.2618],[30.488,36.2878],[30.4668,36.2878],[30.473,36.2985],[30.4835,36.3107],[30.4838,36.3127],[30.5199,36.3419],[30.4942,36.3493],[30.5016,36.3636],[30.4927,36.3708],[30.5046,36.4478],[30.5088,36.4543],[30.5101,36.4583],[30.5487,36.5115],[30.5698,36.528],[30.5811,36.5752],[30.5724,36.5919],[30.6028,36.6465],[30.6,36.75],[30.35,36.86],[30,36.95],[29.7653,36.95],[29.7445,36.9308],[29.6889,36.9143],[29.604,37.0086],[29.4834,36.9959],[29.435,36.9474],[29.3967,36.9597],[29.4134,37.0176],[29.3904,37.0686],[29.3426,37.038],[29.3357,36.973],[29.3044,36.9258],[29.2704,36.9116],[29.1699,36.9549],[29.1151,36.9581],[29.0902,36.9779],[29.0754,37.0655],[29.0618,37.1029],[29.0019,37.1497],[28.9283,37.1766],[28.8861,37.2249],[28.8115,37.2335],[28.7779,37.2721],[28.765,37.3185],[28.7353,37.3599],[28.688,37.3747],[28.6273,37.3825],[28.6174,37.4112],[28.6208,37.4605],[28.6089,37.4775],[28.5956,37.5061],[28.5754,37.5146],[28.5628,37.553],[28.5832,37.5897],[28.6531,37.6063],[28.7303,37.5984],[28.7833,37.6385],[28.8302,37.6911],[28.869,37.6925],[28.8996,37.7097],[28.8929,37.7603],[28.8292,37.7705],[28.7706,37.8452],[28.7734,37.8711],[28.8043,37.9051],[28.7884,37.9652],[28.7905,37.9994],[28.7777,38.0288],[28.7222,38.0591],[28.698,38.1038],[28.743,38.1043],[28.7844,38.1199],[28.7984,38.1436],[28.7936,38.1705],[28.8381,38.2388],[28.931,38.2551],[28.9905,38.2452],[29.0449,38.2193],[29.1011,38.2192],[29.1515,38.2464],[29.1876,38.2412],[29.2191,38.2133],[29.2522,38.2122],[29.3119,38.2313],[29.3483,38.2198],[29.3619,38.2517],[29.4123,38.2827],[29.4833,38.2768],[29.5592,38.2783],[29.5958,38.2871],[29.6277,38.3096],[29.6199,38.3683],[29.6286,38.4288],[29.7533,38.4502],[29.7508,38.4777],[29.7739,38.5007],[29.8071,38.5812],[29.8681,38.6277],[29.8832,38.6654],[29.8881,38.7069],[29.8888,38.8103],[29.8413,38.8525],[29.8118,38.862],[29.6881,38.8851],[29.6244,38.8838],[29.5714,38.8652],[29.5543,38.8092],[29.5293,38.763],[29.4712,38.7596],[29.3457,38.7316],[29.2735,38.7291],[29.2067,38.7368],[29.1455,38.7667],[29.0868,38.7672],[29.0323,38.7301],[29.0363,38.7933],[29.0153,38.84],[28.982,38.8867],[28.9909,38.948],[28.9743,38.9816],[28.9099,39.0596],[28.881,39.0753],[28.7304,39.1008],[28.6595,39.1566],[28.6578,39.204],[28.6667,39.238],[28.7787,39.2722],[28.8114,39.2906],[28.8497,39.3479],[28.896,39.3997],[28.9088,39.4707],[28.9408,39.5211],[28.947,39.5599],[28.9672,39.5891],[29.0048,39.5661],[29.1193,39.5516],[29.1908,39.5521],[29.2461,39.5793],[29.2525,39.6458],[29.2742,39.6909],[29.3202,39.7172],[29.3478,39.7969],[29.3682,39.8133],[29.3995,39.8959],[29.4502,39.9235],[29.5544,39.8919],[29.6183,39.8924],[29.6777,39.9063],[29.6617,39.8211],[29.6658,39.7788],[29.7163,39.7093],[29.7911,39.6771],[29.902,39.6166],[29.9455,39.6076],[30.0241,39.6242],[30.1361,39.6388],[30.1917,39.6885],[30.235,39.7477],[30.2452,39.8497],[30.3016,39.8791],[30.3339,39.9197],[30.3852,39.9367],[30.4395,39.9362],[30.4907,39.9653],[30.5242,40.0116],[30.5554,40.1146],[30.6361,40.1646],[30.7386,40.1678],[30.7011,40.204],[30.64,40.2872],[30.626,40.3315],[30.5736,40.341],[30.4985,40.3396],[30.4577,40.3791],[30.4263,40.394],[30.3507,40.4021],[30.3075,40.399],[30.1691,40.371],[30.081,40.3914],[30.0046,40.4477],[29.9688,40.4887],[29.9408,40.5335],[29.9262,40.577],[29.7889,40.6147],[29.7204,40.6043],[29.5353,40.5524],[29.4771,40.5498],[29.4207,40.5632],[29.3581,40.5729],[29.2939,40.5222],[29.2305,40.5116],[29.0784,40.5632],[29.0475,40.5602],[28.978,40.5732],[28.9803,40.4645],[28.9956,40.4732],[28.9956,40.4182],[28.9177,40.4182],[28.9177,40.4416],[28.8397,40.4416],[28.8397,40.4441],[28.8008,40.4441],[28.8008,40.4592],[28.7618,40.4582],[28.6838,40.4563],[28.5278,40.4523],[28.2159,40.4444],[28.177,40.4434],[28.138,40.4425],[28.06,40.4405],[27.985,40.4386],[28.0168,40.4511],[28.0344,40.4744],[28.0142,40.4912],[27.9699,40.503],[27.8047,40.5228],[27.7894,40.5142],[27.76,40.5371],[27.7332,40.5306],[27.6843,40.5023],[27.7258,40.4614],[27.7502,40.4576],[27.7563,40.4328],[27.589,40.4286],[27.5522,40.4276],[27.5154,40.4267],[27.4417,40.4248],[27.324,40.4219],[27.3034,40.4584],[27.2715,40.4678],[27.2377,40.4557],[27.1451,40.4537],[27.1431,40.4539],[27.126,40.4533],[27.1207,40.4532],[27.1206,40.4531],[27.0964,40.4523],[27.0333,40.4068],[27.0127,40.3959],[26.9204,40.3977],[26.8972,40.4062],[26.863,40.3999],[26.7534,40.403],[26.7477,40.4032],[26.9017,40.5028],[26.9481,40.5328],[26.9944,40.5627],[27.0423,40.5937],[27.087,40.6131],[27.1152,40.6137],[27.1777,40.6326],[27.1983,40.6531],[27.2879,40.7036],[27.31,40.7332],[27.35,40.7686],[27.35,41.02],[27.95,41.12],[28.1505,41.2069],[28.1493,41.213],[28.163,41.2732],[28.193,41.3553],[28.1821,41.421],[28.1762,41.4369],[28.15,41.45],[28.1074,41.4883],[28.1557,41.4922],[28.203,41.5402],[28.222,41.5267],[28.222,41.5384],[28.254,41.5384],[28.254,41.5712],[28.222,41.583],[28.165,41.6039],[28.1523,41.6086],[28.1448,41.6174],[28.1,41.6702],[28.0883,41.7082],[28.0324,41.8897],[28.0449,41.8902],[28.0168,41.9726],[27.9659,41.9821],[27.917,41.9779],[27.8522,41.9954],[27.808,41.9935],[27.7898,41.9427],[27.7451,41.9596],[27.6,42.17],[27.45,42.42],[27.35,42.5],[27.45,42.62],[27.55,42.75],[27.8949,42.75],[27.8971,42.784],[27.8898,42.82],[27.8909,42.8609],[27.884,42.8484],[27.8315,42.8266],[27.8018,42.8221],[27.7189,42.855],[27.6733,42.8918],[27.6206,42.9094],[27.5832,42.892],[27.4952,42.8757],[27.4458,42.8837],[27.4001,42.9039],[27.3554,42.9114],[27.3242,42.9483],[27.2849,42.9767],[27.2365,42.9884],[27.1768,42.963],[27.1191,42.9537],[27.0237,42.9288],[26.9815,42.9402],[26.9092,42.934],[26.8776,42.9496],[26.801,42.9469],[26.7623,42.9084],[26.6897,42.8889],[26.6546,42.9],[26.6452,42.9372],[26.5724,42.9238],[26.5525,42.9577],[26.5743,42.9866],[26.4914,43.0199],[26.469,43.0094],[26.4187,43.0063],[26.3813,43.025],[26.3634,43.01],[26.3609,43.033],[26.3358,43.0415],[26.2747,43.0347],[26.2747,43.0048],[26.2243,42.9587],[26.172,42.9491],[26.1495,42.9098],[26.0823,42.8861],[26.0669,42.8683],[26.0691,42.8394],[26.0568,42.8172],[26.0103,42.8135],[25.9673,42.7842],[25.9016,42.7912],[25.8109,42.7828],[25.7317,42.7888],[25.6612,42.7574],[25.6201,42.767],[25.6127,42.7379],[25.5594,42.7727],[25.5357,42.753],[25.517,42.7585],[25.4839,42.7454],[25.4505,42.7516],[25.394,42.7358],[25.3418,42.7526],[25.2877,42.7604],[25.2472,42.7428],[25.2163,42.7726],[25.1661,42.7707],[25.1146,42.7525],[25.0629,42.7451],[25.0115,42.7483],[25.0112,42.7585],[24.98,42.7532],[24.9662,42.7321],[24.9247,42.714],[24.8787,42.7102],[24.8277,42.719],[24.7751,42.7191],[24.752,42.7094],[24.704,42.7167],[24.6644,42.7425],[24.6307,42.7753],[24.5853,42.7886],[24.5,42.792],[24.4376,42.7517],[24.3967,42.7549],[24.3602,42.7074],[24.3731,42.6617],[24.4163,42.645],[24.4472,42.6126],[24.473,42.5993],[24.4683,42.5771],[24.4418,42.5632],[24.4082,42.5621],[24.3504,42.5652],[24.3018,42.588],[24.285,42.6213],[24.2289,42.6297],[24.1575,42.6107],[24.1296,42.5816],[24.0815,42.5729],[24.0347,42.5534],[23.9614,42.5793],[23.904,42.5695],[23.8981,42.547],[23.9214,42.5075],[23.9881,42.4587],[24.0387,42.4649],[24.0547,42.445],[24.0384,42.408],[23.9594,42.3923],[23.9415,42.3468],[23.9741,42.2833],[23.9581,42.268],[23.9125,42.296],[23.8885,42.2907],[23.8806,42.2615],[23.8481,42.2257],[23.8009,42.2113],[23.7957,42.1887],[23.7631,42.1776],[23.7726,42.1582],[23.8096,42.1329],[23.8133,42.0962],[23.8013,42.0627],[23.8205,42.0453],[23.7919,42.0207],[23.7666,41.9765],[23.7625,41.9399],[23.7896,41.906],[23.7957,41.8609],[23.8217,41.8238],[23.8682,41.7954],[23.9055,41.7965],[23.9282,41.769],[24.042,41.7104],[24.0726,41.6863],[24.1023,41.7094],[24.0996,41.7421],[24.0664,41.7679],[24.0631,41.792],[24.0996,41.7971],[24.1496,41.7911],[24.1893,41.7641],[24.1772,41.7281],[24.2143,41.7407],[24.2713,41.7419],[24.3146,41.771],[24.3152,41.8174],[24.3577,41.8615],[24.424,41.8895],[24.4511,41.9494],[24.5626,41.8852],[24.6591,41.9253],[24.7602,41.9411],[24.8088,41.931],[24.8452,41.8958],[24.9144,41.8581],[24.9338,41.8314],[24.9938,41.8389],[25.0313,41.8009],[25.0671,41.795],[25.0911,41.7933],[25.1021,41.831],[25.1243,41.8445],[25.1494,41.8818],[25.1959,41.9086],[25.2226,41.9037],[25.2108,41.8785],[25.2472,41.817],[25.3,41.8097],[25.3304,41.8176],[25.3531,41.8385],[25.3893,41.8466],[25.4084,41.7978],[25.4708,41.77],[25.5316,41.7867],[25.5672,41.7615],[25.5858,41.7614],[25.634,41.7009],[25.6056,41.6337],[25.6391,41.6204],[25.6802,41.6304],[25.7147,41.6211],[25.747,41.6517],[25.7822,41.6646],[25.8172,41.6548],[25.8276,41.6148],[25.8731,41.5782],[25.9169,41.5627],[25.9569,41.592],[25.9642,41.6126],[25.9989,41.6191],[26.0098,41.6358],[26.0595,41.6438],[26.1067,41.6243],[26.1303,41.5827],[26.1294,41.5594],[26.1581,41.5423],[26.1645,41.5177],[26.1459,41.478],[26.1743,41.446],[26.1209,41.3578],[26.0219,41.3417],[25.9596,41.315],[25.9212,41.316],[25.882,41.304],[25.811,41.341],[25.7635,41.319],[25.7175,41.3141],[25.6912,41.2984],[25.6398,41.3111],[25.5515,41.3157],[25.5051,41.2806],[25.4535,41.2804],[25.2857,41.2394],[25.2197,41.2497],[25.1771,41.2939],[25.1538,41.3075],[25.0804,41.3341],[24.917,41.3864],[24.8864,41.4006],[24.8033,41.3927],[24.7943,41.3474],[24.7744,41.3481],[24.7187,41.3957],[24.6809,41.4155],[24.6471,41.4172],[24.6382,41.4177],[24.6443,41.4277],[24.5958,41.4298],[24.5811,41.4602],[24.5494,41.4854],[24.5309,41.5475],[24.5102,41.5617],[24.4592,41.5495],[24.4388,41.5277],[24.3539,41.5191],[24.2868,41.5176],[24.2864,41.5404],[24.2507,41.5635],[24.1977,41.5477],[24.1628,41.512],[24.1463,41.5268],[24.0766,41.536],[24.0473,41.5257],[24.0525,41.4715],[24.0459,41.4555],[24.0007,41.4641],[23.9499,41.4376],[23.8948,41.4643],[23.8677,41.4455],[23.7771,41.429],[23.7544,41.4007],[23.7054,41.4032],[23.6529,41.3976],[23.6248,41.3771],[23.579,41.372],[23.513,41.3977],[23.4145,41.3999],[23.3472,41.3712],[23.326,41.3693],[23.2877,41.3982],[23.2466,41.3897],[23.2098,41.3686],[23.1995,41.333],[23.1797,41.3214],[23.1152,41.3127],[22.917,41.3358],[22.826,41.341],[22.7968,41.337],[22.781,41.3349],[22.7623,41.3225],[22.7513,41.3152],[22.742,41.287],[22.7409,41.2836],[22.7367,41.2044],[22.7272,41.1658],[22.7158,41.1456],[22.7049,41.1397],[22.6919,41.1446],[22.6741,41.1566],[22.6572,41.177],[22.6445,41.1802],[22.6293,41.1771],[22.6259,41.1698],[22.6245,41.1526],[22.6073,41.136],[22.5866,41.1241],[22.5492,41.1185],[22.5007,41.1221],[22.4675,41.115],[22.4218,41.1146],[22.3802,41.1317],[22.3067,41.1284],[22.3026,41.1455],[22.2136,41.1607],[22.1603,41.1519],[22.1034,41.1215],[22.0482,41.1519],[22.0291,41.1386],[21.9651,41.1244],[21.9255,41.1068],[21.9012,41.0908],[21.8963,41.0647],[21.8807,41.0384],[21.845,41.0124],[21.8313,40.9935],[21.7837,40.9642],[21.7781,40.9337],[21.7571,40.9225],[21.737,40.9192],[21.6851,40.928],[21.6569,40.9182],[21.6439,40.8945],[21.6237,40.8944],[21.5816,40.8663],[21.5537,40.8704],[21.5057,40.9009],[21.4294,40.909],[21.3813,40.9005],[21.3449,40.8731],[21.2954,40.8609],[21.2458,40.8632],[21.183,40.8702],[21.1121,40.8539],[20.9653,40.8494],[20.9567,40.8948],[20.9399,40.9071],[20.8902,40.9183],[20.8365,40.9239],[20.817,40.9202],[20.7661,40.8937],[20.7409,40.898],[20.7172,40.9132],[20.7027,40.9363],[20.6641,41.0591],[20.6539,41.0753],[20.643,41.0816],[20.5974,41.0863],[20.6024,41.0458],[20.5901,41.0185],[20.5428,41.0296],[20.4229,40.9881],[20.406,40.9342],[20.3813,40.9247],[20.3985,40.8889],[20.4415,40.8441],[20.4685,40.7997],[20.4448,40.7658],[20.4157,40.7523],[20.3397,40.7453],[20.2932,40.726],[20.2219,40.7157],[20.2003,40.7323],[20.145,40.7433],[20.1543,40.7549],[20.093,40.7801],[20.0686,40.8112],[20.0131,40.8285],[20.0166,40.8737],[20.0021,40.8817],[19.969,40.8671],[19.8889,40.8743],[19.8672,40.8684],[19.8692,40.8502],[19.8267,40.8489],[19.8124,40.8606],[19.7743,40.8471],[19.7646,40.8125],[19.7319,40.812]]],[[[23.5872,39.2076],[23.6278,39.1473],[23.6342,39.1428],[23.6646,39.0952],[23.6663,39.0948],[23.666,39.0928],[23.7168,39.0772],[23.7295,39.0811],[23.7366,39.0796],[23.7367,39.0797],[23.737,39.0796],[23.7447,39.0858],[23.7603,39.0906],[23.7927,39.1182],[23.7727,39.1293],[23.7488,39.1304],[23.729,39.1404],[23.7305,39.1461],[23.6834,39.1632],[23.6522,39.1788],[23.6013,39.2138],[23.5872,39.2076]]],[[[23.8335,39.1461],[23.8645,39.144],[23.8958,39.1618],[23.8999,39.1677],[23.9386,39.2011],[23.9597,39.244],[23.967,39.2512],[23.971,39.2671],[23.9722,39.2719],[23.9398,39.2798],[23.9017,39.2328],[23.8878,39.2258],[23.8488,39.1592],[23.8335,39.1461]]],[[[24.512,40.6668],[24.5146,40.6519],[24.5142,40.6476],[24.5142,40.6472],[24.5155,40.6465],[24.5168,40.6391],[24.5402,40.634],[24.6114,40.5978],[24.6423,40.5706],[24.6639,40.5839],[24.7738,40.6142],[24.7738,40.6146],[24.7735,40.618],[24.7824,40.6202],[24.7705,40.6556],[24.7702,40.6595],[24.7789,40.6813],[24.7864,40.6879],[24.7831,40.6918],[24.7882,40.7045],[24.7881,40.7047],[24.7882,40.7049],[24.7738,40.7309],[24.7703,40.7345],[24.7864,40.7351],[24.7492,40.7562],[24.7412,40.7644],[24.7317,40.7835],[24.7213,40.785],[24.7198,40.7865],[24.702,40.7878],[24.6746,40.7917],[24.6423,40.8039],[24.6255,40.7932],[24.6226,40.7934],[24.6222,40.7934],[24.5862,40.7691],[24.5843,40.7669],[24.5667,40.7556],[24.5334,40.7182],[24.5234,40.6942],[24.5178,40.6875],[24.517,40.6789],[24.512,40.6668]]],[[[25.4435,40.4819],[25.4663,40.4558],[25.5326,40.415],[25.5661,40.405],[25.5727,40.4007],[25.573,40.4008],[25.5731,40.4007],[25.5772,40.4017],[25.5891,40.3981],[25.6826,40.4231],[25.6837,40.4265],[25.6847,40.4267],[25.6845,40.4271],[25.6847,40.4271],[25.6842,40.428],[25.6907,40.4477],[25.6887,40.475],[25.6565,40.4962],[25.5759,40.5147],[25.5715,40.5148],[25.5695,40.5157],[25.5692,40.5156],[25.5691,40.5157],[25.5661,40.5149],[25.5466,40.5153],[25.5021,40.4976],[25.4467,40.4827],[25.447,40.4825],[25.4469,40.4825],[25.4471,40.4824],[25.4467,40.4823],[25.4474,40.4818],[25.4435,40.4819]]],[[[25.6633,40.1262],[25.7212,40.1048],[25.766,40.0972],[25.8563,40.1079],[25.9004,40.1227],[25.9678,40.1308],[26.0122,40.1461],[26.0122,40.1666],[25.9729,40.1532],[25.9728,40.1584],[25.9763,40.1785],[25.9762,40.1786],[25.9763,40.1789],[25.9725,40.1828],[25.9719,40.2211],[25.9382,40.2416],[25.9133,40.2413],[25.8947,40.236],[25.8751,40.2344],[25.7983,40.2124],[25.759,40.2067],[25.719,40.1872],[25.6862,40.1608],[25.6633,40.1262]]]]}},
{"type":"Feature","properties":{"entityId":"macedonia-kingdom","from":-332,"to":-330,"certainty":"estimated","source":"유럽 쪽은 Natural Earth 1:10m admin-1(v5.1.2) 현대 행정구역 조각을 그 시기 국경에 맞춰 묶고, 조각이 역사 경계와 다른 곳은 선을 그어 나눈 근사. 유럽 밖(시베리아·중앙아시아·극동)은 대략적인 추정. 운영자 검수 필요"},"geometry":{"type":"MultiPolygon","coordinates":[[[[19.7319,40.812],[19.7383,40.7812],[19.7608,40.7552],[19.7562,40.7166],[19.7952,40.6976],[19.8322,40.6361],[19.8085,40.6202],[19.8489,40.5686],[19.8993,40.5451],[19.9049,40.5273],[19.9371,40.5119],[19.9805,40.5089],[20.0202,40.4935],[20.068,40.4892],[20.0723,40.5033],[20.1082,40.4813],[20.1484,40.4726],[20.2486,40.3724],[20.2978,40.3553],[20.3066,40.3763],[20.3704,40.3992],[20.3723,40.4331],[20.4426,40.4397],[20.4603,40.437],[20.4415,40.4145],[20.4702,40.3677],[20.4617,40.3245],[20.482,40.2728],[20.5126,40.2663],[20.496,40.2255],[20.5268,40.1581],[20.6154,40.081],[20.6476,40.094],[20.6682,40.1381],[20.6599,40.1727],[20.6853,40.1912],[20.6964,40.2151],[20.6946,40.2556],[20.707,40.2881],[20.7396,40.3092],[20.7732,40.299],[20.8064,40.3199],[20.8439,40.3266],[20.8784,40.2653],[20.9208,40.225],[20.9479,40.1809],[20.9608,40.1384],[20.9323,40.087],[20.9482,40.077],[20.9611,40.0345],[20.9879,40.0068],[21.027,40.0215],[21.0429,40.0115],[21.0403,39.9817],[21.0139,39.941],[21.0453,39.9182],[21.0588,39.862],[21.0779,39.8325],[21.0949,39.8277],[21.1892,39.8496],[21.2249,39.8482],[21.2906,39.8186],[21.2912,39.8048],[21.2639,39.8108],[21.2151,39.7837],[21.1984,39.7556],[21.2162,39.6687],[21.1432,39.68],[21.1104,39.6592],[21.1232,39.6003],[21.1661,39.5652],[21.169,39.5102],[21.1531,39.4847],[21.1749,39.4521],[21.1787,39.4189],[21.226,39.3888],[21.2403,39.3543],[21.2752,39.3337],[21.3459,39.3308],[21.3851,39.2797],[21.3331,39.2012],[21.3623,39.1539],[21.3757,39.1496],[21.4228,39.1877],[21.4776,39.2112],[21.5089,39.191],[21.5521,39.2268],[21.6377,39.2437],[21.6608,39.2191],[21.6662,39.1774],[21.6986,39.1624],[21.697,39.1216],[21.72,39.0969],[21.7564,39.1006],[21.813,39.1319],[21.8309,39.1324],[21.8991,39.1021],[21.9134,39.0866],[21.9157,39.0316],[21.97,39.0358],[22.0126,39.0523],[22.0392,39.0763],[22.0958,39.091],[22.1167,39.1048],[22.147,39.1611],[22.2359,39.2402],[22.2844,39.2175],[22.3547,39.1975],[22.4054,39.169],[22.413,39.1242],[22.4285,39.114],[22.4939,39.1192],[22.4926,39.0509],[22.516,39.0287],[22.5546,39.0263],[22.6308,39.0327],[22.7144,38.9942],[22.7863,38.9819],[22.8394,38.9803],[22.8694,38.957],[22.9271,38.9602],[22.966,38.9742],[22.9967,38.9634],[23.0144,38.9934],[23.1116,39.05],[23.2027,39.103],[23.2186,39.1039],[23.2855,39.148],[23.3013,39.1514],[23.3438,39.1796],[23.3432,39.1849],[23.3518,39.1899],[23.3515,39.1902],[23.3518,39.1903],[23.331,39.2098],[23.2957,39.2637],[23.287,39.2883],[23.2823,39.2945],[23.2713,39.3229],[23.2468,39.3413],[23.233,39.3595],[23.1441,39.45],[23.1074,39.4873],[23.1018,39.4974],[23.0559,39.5272],[23.024,39.5373],[22.9774,39.5643],[22.9198,39.6286],[22.8664,39.7393],[22.8587,39.7733],[22.8403,39.8034],[22.8011,39.8403],[22.7877,39.8479],[22.777,39.8583],[22.7623,39.8977],[22.7437,39.9475],[22.7159,40.022],[22.7065,40.0471],[22.632,40.2463],[22.6283,40.2563],[22.7422,40.3901],[22.8152,40.476],[22.8953,40.3981],[22.8882,40.3863],[22.9064,40.3873],[23.3442,39.9617],[23.3608,39.9617],[23.3606,39.9611],[23.3644,39.9617],[23.4925,39.9617],[23.548,39.9461],[23.6165,39.9233],[23.7031,39.9127],[23.7479,39.9305],[23.6973,39.9405],[23.676,39.9611],[23.6759,39.9617],[23.899,39.9617],[23.9142,39.9666],[23.9197,39.9564],[23.9912,39.9536],[23.9728,39.9619],[23.9987,39.9748],[23.988,39.99],[23.9884,39.9903],[24.0511,40.0104],[24.14,40.0388],[24.1844,40.0531],[24.2289,40.0673],[24.4066,40.1242],[24.4063,40.1245],[24.4066,40.1246],[24.3815,40.145],[24.3938,40.1525],[24.3833,40.1791],[24.3206,40.228],[24.2663,40.289],[24.2334,40.3169],[24.2223,40.3171],[24.2122,40.3282],[24.1889,40.3388],[24.1799,40.3515],[24.1336,40.3638],[24.0855,40.3856],[24.0293,40.4313],[24.0288,40.4321],[24.0114,40.4492],[24.0076,40.4489],[24.0042,40.4517],[23.9154,40.5239],[23.9092,40.5289],[23.9149,40.5389],[23.8888,40.5638],[23.8663,40.5638],[23.8291,40.5941],[23.7704,40.6418],[23.7443,40.677],[23.7484,40.6932],[23.8291,40.7106],[23.8635,40.718],[23.8978,40.7254],[23.9665,40.7402],[23.9863,40.7322],[24.0731,40.7214],[24.1101,40.7279],[24.2959,40.8112],[24.6124,40.8794],[24.6287,40.8586],[24.6619,40.8791],[24.6798,40.8694],[24.6907,40.8682],[24.7284,40.8527],[24.7539,40.8614],[24.79,40.8575],[24.802,40.8535],[24.8297,40.8768],[24.8342,40.8791],[24.9548,40.9411],[24.9555,40.9411],[25.4467,40.852],[25.8819,40.8314],[25.8922,40.8264],[25.9729,40.7875],[25.9901,40.7792],[26.0119,40.7687],[26.019,40.757],[26.0222,40.7517],[26.0371,40.7271],[26.0391,40.7241],[26.0491,40.7089],[26.0443,40.6171],[26.0443,40.6167],[26.0588,40.5951],[26.1343,40.483],[26.1531,40.455],[26.172,40.4269],[26.2097,40.3709],[26.2323,40.3372],[26.21,40.3219],[26.2181,40.2969],[26.2531,40.2689],[26.2531,40.2479],[26.2602,40.2031],[26.247,40.1808],[26.2147,40.1461],[26.1902,40.0942],[26.1575,40.0553],[26.1776,40.0507],[26.2306,40.0649],[26.2731,40.0926],[26.328,40.1187],[26.3758,40.1535],[26.3702,40.1593],[26.3992,40.178],[26.3963,40.1728],[26.3982,40.164],[26.4035,40.139],[26.3936,40.1094],[26.3923,40.108],[26.3694,40.1029],[26.365,40.0787],[26.3143,40.0244],[26.2262,40.0015],[26.1978,40.0089],[26.1815,39.9898],[26.1811,39.9897],[26.1809,39.9891],[26.1677,39.9736],[26.1526,39.9426],[26.1565,39.9013],[26.1512,39.8823],[26.1364,39.8376],[26.1502,39.8292],[26.151,39.8031],[26.1406,39.7427],[26.1538,39.7207],[26.1556,39.6638],[26.1534,39.6524],[26.1272,39.6103],[26.1107,39.5979],[26.095,39.5486],[26.07,39.4963],[26.0742,39.4745],[26.113,39.4592],[26.1528,39.4592],[26.1717,39.4631],[26.22,39.4265],[26.22,39.4364],[26.2683,39.4364],[26.2683,39.4205],[26.365,39.4205],[26.365,39.4375],[26.4617,39.4375],[26.4617,39.3987],[26.5101,39.3987],[26.5101,39.2619],[26.5584,39.2619],[26.5584,39.2264],[26.599,39.2264],[26.599,39.1967],[26.6396,39.1967],[26.6396,39.1669],[26.6421,39.1669],[26.6421,39.1372],[26.6815,39.1372],[26.6815,39.1074],[26.7208,39.1074],[26.7208,39.0479],[26.8009,38.9874],[26.8017,38.982],[26.6753,38.78],[26.561,38.5972],[26.5558,38.6054],[26.5056,38.6527],[26.4656,38.6727],[26.4141,38.6794],[26.3563,38.6617],[26.3486,38.6213],[26.3758,38.5286],[26.4038,38.4875],[26.3879,38.4543],[26.4181,38.4649],[26.4294,38.4409],[26.4151,38.3682],[26.3435,38.37],[26.3431,38.37],[26.3219,38.3339],[26.3143,38.3367],[26.3211,38.3777],[26.3076,38.3579],[26.2941,38.3699],[26.2889,38.3406],[26.3076,38.3231],[26.2859,38.3187],[26.2654,38.2867],[26.2388,38.2958],[26.2346,38.2738],[26.2866,38.2611],[26.3286,38.2351],[26.3344,38.2351],[26.3179,38.2086],[26.3181,38.2085],[26.3179,38.2082],[26.5572,38.0264],[26.6768,37.9356],[26.6768,37.9377],[26.7964,37.9377],[26.7964,37.922],[27.0306,37.922],[27.0306,37.8922],[27.1185,37.8922],[27.1185,37.8324],[27.1477,37.8324],[27.1477,37.8025],[27.173,37.8025],[27.173,37.7753],[27.1445,37.7753],[27.1445,37.7428],[27.1161,37.7428],[27.1161,37.7157],[27.0876,37.7157],[27.0876,37.6892],[27.0591,37.6897],[27.0591,37.7067],[27.0306,37.7066],[27.0048,37.7066],[27.0048,37.6863],[27.0208,37.6742],[27.0115,37.6657],[27.0488,37.6501],[27.0507,37.6497],[27.206,37.3898],[27.2075,37.3764],[27.1908,37.3573],[27.2119,37.3573],[27.2334,37.344],[27.2801,37.266],[27.302,37.2293],[27.3239,37.1927],[27.3579,37.1358],[27.349,37.1301],[27.3218,37.1587],[27.3218,37.1254],[27.3011,37.127],[27.3007,37.127],[27.2998,37.1262],[27.2717,37.1289],[27.2604,37.1103],[27.2828,37.1103],[27.2696,37.0981],[27.2391,37.083],[27.2288,37.0618],[27.2527,36.9783],[27.2632,36.9634],[27.3081,36.9594],[27.3006,36.9731],[27.3327,36.9971],[27.3314,37.0023],[27.3436,37.0146],[27.4059,37.0167],[27.4296,37.0158],[27.5784,36.7671],[27.5614,36.7609],[27.4832,36.754],[27.4588,36.7557],[27.4273,36.7357],[27.4143,36.7093],[27.3558,36.7124],[27.3628,36.6851],[27.4557,36.6629],[27.4727,36.6509],[27.4863,36.6652],[27.5486,36.6834],[27.5556,36.6829],[27.5597,36.6746],[27.603,36.6789],[27.6374,36.6682],[27.6427,36.6595],[27.6431,36.6595],[27.6646,36.6598],[27.6712,36.6578],[27.6716,36.6599],[28.0144,36.6653],[28.0207,36.6336],[28.0211,36.6337],[28.0211,36.6336],[28.0881,36.6426],[28.054,36.6096],[28.0344,36.6025],[27.9592,36.6025],[27.9661,36.5759],[27.9909,36.5598],[28.0138,36.5759],[28.048,36.569],[28.0617,36.5963],[28.0881,36.5891],[28.1115,36.6042],[28.1584,36.6675],[28.7335,36.6764],[28.8293,36.6235],[28.8186,36.6117],[28.8587,36.6013],[28.8614,36.6057],[29.106,36.4706],[29.1242,36.4536],[29.1304,36.4114],[29.0964,36.3909],[29.1447,36.3772],[29.1447,36.3493],[29.2186,36.3288],[29.2231,36.3246],[29.2437,36.3138],[29.2612,36.2936],[29.3223,36.2469],[29.3571,36.2357],[29.3702,36.2522],[29.4187,36.2375],[29.4204,36.2306],[29.4262,36.2353],[29.4725,36.2213],[29.4945,36.211],[29.5215,36.206],[29.5229,36.206],[29.585,36.1872],[29.5835,36.1855],[29.5887,36.1861],[29.6342,36.1723],[29.634,36.1571],[29.6682,36.1438],[29.6724,36.1234],[29.6944,36.1455],[29.6983,36.1433],[29.6986,36.1434],[29.6987,36.1433],[29.7457,36.1515],[29.7617,36.137],[29.7953,36.1452],[29.823,36.1649],[30.3566,36.2576],[30.3859,36.243],[30.3861,36.2431],[30.3863,36.243],[30.4,36.2488],[30.4004,36.2481],[30.3986,36.206],[30.4408,36.2393],[30.4517,36.2618],[30.488,36.2878],[30.4668,36.2878],[30.473,36.2985],[30.4835,36.3107],[30.4838,36.3127],[30.5199,36.3419],[30.4942,36.3493],[30.5016,36.3636],[30.4927,36.3708],[30.5046,36.4478],[30.5088,36.4543],[30.5101,36.4583],[30.5487,36.5115],[30.5698,36.528],[30.5811,36.5752],[30.5724,36.5919],[30.6028,36.6465],[30.6203,36.6781],[31.6999,36.6443],[31.8,36.578],[32.2814,36.2591],[32.283,36.2506],[32.3187,36.2286],[32.3655,36.178],[32.4196,36.1595],[32.4373,36.1387],[32.5134,36.103],[32.5452,36.0981],[32.5826,36.0888],[32.6707,36.0467],[32.7606,36.0295],[32.8037,36.0272],[32.8655,36.0678],[32.9279,36.0954],[32.9826,36.0976],[33.0877,36.0828],[33.1071,36.1033],[33.3004,36.1318],[33.3084,36.1322],[33.3093,36.1331],[33.3662,36.1415],[33.3865,36.137],[33.4371,36.1519],[33.4425,36.1527],[33.5215,36.144],[33.5219,36.144],[33.5325,36.1463],[33.5442,36.1445],[33.5523,36.1275],[33.5888,36.1588],[33.661,36.1747],[33.6853,36.1432],[33.7053,36.1817],[33.7177,36.1922],[33.7302,36.1976],[33.9451,36.2134],[33.959,36.2136],[33.9593,36.2145],[34.0259,36.2194],[34.2,36.3651],[34.7134,36.7948],[34.9056,36.7421],[34.9079,36.7404],[34.9004,36.7199],[34.9333,36.7275],[34.9423,36.7263],[34.9435,36.7256],[35.1174,36.6585],[35.2947,36.5725],[35.348,36.5444],[35.409,36.5769],[35.4717,36.5868],[35.552,36.5647],[35.5524,36.5647],[35.8126,36.6016],[35.8379,36.6052],[35.8631,36.6088],[35.8883,36.6123],[35.9639,36.6231],[36.0144,36.6302],[36.1599,36.6509],[36.0328,36.5246],[36.0308,36.5229],[36.0144,36.51],[35.966,36.4719],[35.9424,36.4643],[35.9187,36.4482],[35.9124,36.4296],[35.8832,36.4066],[35.879,36.4009],[35.8735,36.3977],[35.8676,36.3856],[35.8572,36.3714],[35.8159,36.353],[35.7887,36.3203],[35.7965,36.2898],[35.7824,36.2757],[35.7826,36.2755],[35.7824,36.2753],[35.8986,36.1317],[35.9246,36.0704],[35.9551,35.9985],[35.9268,35.9607],[35.9137,35.9433],[35.894,35.917],[35.8851,35.9058],[35.9015,35.9058],[35.9113,35.9178],[35.9803,35.9269],[35.9928,35.9153],[35.9924,35.8773],[36.0803,35.8542],[36.1385,35.8198],[36.1553,35.8222],[36.1688,35.8521],[36.1749,35.9227],[36.1969,35.9517],[36.229,35.9612],[36.269,35.9587],[36.2775,35.9942],[36.2974,36.0007],[36.3367,35.9882],[36.358,35.994],[36.3555,36.0224],[36.3586,36.167],[36.3758,36.2045],[36.373,36.2276],[36.4119,36.2045],[36.4507,36.1999],[36.4689,36.2224],[36.4986,36.2279],[36.5935,36.2181],[36.6643,36.229],[36.6691,36.2599],[36.6488,36.3057],[36.6207,36.322],[36.5878,36.3248],[36.5943,36.3571],[36.5857,36.387],[36.5527,36.4082],[36.5338,36.4625],[36.5355,36.494],[36.5653,36.5325],[36.5693,36.6201],[36.5947,36.6858],[36.6033,36.747],[36.6433,36.8036],[36.6399,36.8281],[36.6596,36.8272],[36.8437,36.7758],[36.9068,36.7726],[36.9647,36.7538],[37.0106,36.7195],[37.0195,36.6858],[37.0145,36.6423],[37.0531,36.6199],[37.1044,36.651],[37.1561,36.6439],[37.2419,36.6586],[37.4045,36.6345],[37.4461,36.6342],[37.5221,36.6736],[37.5934,36.7105],[37.6541,36.7321],[37.8197,36.7605],[38.026,36.835],[38.0212,36.8711],[38.0406,36.8804],[38.0187,36.9042],[38.0079,36.9571],[37.9669,36.9904],[37.9641,37.014],[37.9788,37.05],[37.9226,37.0419],[37.8682,37.0776],[37.8762,37.1308],[37.8435,37.1866],[37.8525,37.2265],[37.8747,37.2133],[37.8669,37.2493],[37.8406,37.2679],[37.8577,37.3129],[37.879,37.3251],[37.8856,37.3506],[37.9744,37.4354],[37.9897,37.4447],[38.0399,37.446],[38.0655,37.4368],[38.0945,37.4535],[38.1256,37.4337],[38.1702,37.4255],[38.1857,37.4129],[38.2068,37.4535],[38.2499,37.4485],[38.272,37.4764],[38.3408,37.4944],[38.3723,37.4839],[38.4948,37.5006],[38.5154,37.5111],[38.6456,37.6242],[38.8685,37.6514],[38.8005,37.697],[38.836,37.6947],[38.8824,37.7149],[38.9231,37.7135],[38.8889,37.7408],[38.9018,37.7527],[38.9647,37.7613],[38.9539,37.8014],[38.9306,37.8075],[38.8889,37.7886],[38.9085,37.8168],[38.9368,37.8296],[38.9709,37.8228],[38.9709,37.8507],[38.9892,37.878],[38.9783,37.906],[39.0272,37.918],[39.0505,37.9397],[39.0603,37.9879],[39.0896,38.007],[39.1499,38.0207],[39.189,38.0431],[39.2346,38.0761],[39.2247,38.0903],[39.2563,38.1531],[39.2526,38.1797],[39.2219,38.205],[39.1413,38.1786],[39.1149,38.1927],[39.0695,38.1515],[39.0156,38.1308],[38.932,38.1073],[38.8032,38.0903],[38.7334,38.0984],[38.6631,38.0982],[38.6035,38.1104],[38.5714,38.1259],[38.5639,38.1467],[38.6228,38.1866],[38.6187,38.2191],[38.5609,38.2284],[38.5009,38.2146],[38.4309,38.2141],[38.3579,38.149],[38.295,38.0738],[38.2173,38.0405],[38.1909,38.0008],[38.1892,37.9485],[38.1276,37.905],[38.0444,37.8887],[37.9735,37.8657],[37.888,37.881],[37.796,37.8712],[37.7076,37.842],[37.5653,37.8205],[37.6069,37.8795],[37.6582,38.0267],[37.7152,38.0927],[37.7213,38.1226],[37.7762,38.2372],[37.7823,38.2784],[37.7336,38.3462],[37.6552,38.3747],[37.5872,38.39],[37.4597,38.4496],[37.3107,38.4749],[37.2371,38.4672],[37.2259,38.5263],[37.2844,38.6036],[37.0597,38.5881],[37.0088,38.6105],[36.8789,38.625],[36.7475,38.5994],[36.7137,38.583],[36.694,38.5523],[36.682,38.4999],[36.65,38.4591],[36.5055,38.3229],[36.4626,38.358],[36.4373,38.4097],[36.4001,38.4566],[36.348,38.4747],[36.2669,38.4578],[36.19,38.4235],[36.1459,38.3951],[36.1033,38.3122],[36.0756,38.2819],[36.0331,38.2133],[35.979,38.155],[35.6077,37.9538],[35.6296,37.7702],[35.5772,37.7505],[35.4536,37.7888],[35.3632,37.8073],[35.1906,37.8181],[35.0597,37.7135],[35,37.7057],[34.9619,37.7007],[34.9106,37.7136],[34.8597,37.7166],[34.8278,37.6802],[34.8326,37.6299],[34.8652,37.553],[34.8499,37.5106],[34.7946,37.4572],[34.7916,37.3877],[34.7215,37.4014],[34.5875,37.3533],[34.5122,37.352],[34.4891,37.3949],[34.4272,37.4432],[34.3891,37.4865],[34.3941,37.5611],[34.4329,37.6086],[34.4568,37.6603],[34.4455,37.7171],[34.4128,37.7531],[34.3733,37.7835],[34.3005,37.8753],[34.2063,37.9099],[34.1731,37.9506],[34.1598,38.0023],[34.0849,38.0118],[34.0094,37.9981],[33.9321,37.9736],[33.8538,37.9578],[33.7746,37.9608],[33.6189,37.9521],[33.4997,37.9318],[33.4561,37.9332],[33.4155,37.9637],[33.3485,38.0292],[33.3251,38.1088],[33.3012,38.1271],[33.2647,38.2045],[33.2721,38.286],[33.294,38.3571],[33.3177,38.4098],[33.353,38.4526],[33.3675,38.5315],[33.3895,38.5649],[33.4474,38.6161],[33.4666,38.6436],[33.5535,38.662],[33.6354,38.6987],[33.7224,38.7176],[33.8116,38.7154],[33.8497,38.7301],[33.9333,38.7923],[33.9366,38.8504],[33.8967,38.935],[33.9301,39.0011],[33.9374,39.0347],[33.8753,39.0526],[33.8288,39.0745],[33.7761,39.0777],[33.7393,39.1089],[33.6575,39.1556],[33.545,39.2109],[33.5245,39.2668],[33.6366,39.4187],[33.7989,39.5204],[33.8676,39.6042],[33.9128,39.7069],[34.0733,39.8257],[34.0525,39.9076],[34.0509,39.9586],[34.0976,40.0243],[34.1013,40.0569],[34.0845,40.1091],[34.0164,40.1467],[33.9752,40.218],[33.9642,40.2655],[34.043,40.2999],[34.0818,40.3102],[34.1336,40.3897],[34.1502,40.423],[34.1316,40.4749],[34.0914,40.5311],[34.0787,40.5687],[34.0746,40.6391],[34.0505,40.6763],[34.0442,40.7191],[34.0766,40.7982],[34.0272,40.8608],[34.1145,40.8747],[34.2564,40.9194],[34.2802,40.9691],[34.2264,41.0021],[34.2077,41.0393],[34.2522,41.0913],[34.2871,41.1572],[34.3574,41.2094],[34.3852,41.2643],[34.4194,41.302],[34.4719,41.3108],[34.4798,41.4416],[34.4629,41.4798],[34.472,41.5185],[34.4918,41.5523],[34.5533,41.5912],[34.5879,41.6575],[34.5325,41.7132],[34.4661,41.7275],[34.3443,41.7325],[34.2842,41.7453],[34.2051,41.7478],[34.1404,41.7671],[34.1422,41.8002],[34.1926,41.8451],[34.2209,41.9035],[34.2161,41.9601],[34.1995,41.9619],[34.1995,42.0276],[34.1518,42.027],[33.5143,42.0185],[33.4818,42.0106],[33.3895,42.0168],[33.3609,42.0207],[33.3245,42.019],[33.2916,42.0062],[33.2839,42.0052],[33.0586,41.93],[33.0081,41.9173],[32.9667,41.8994],[32.9455,41.8923],[32.7903,41.8596],[32.7554,41.8591],[32.6792,41.8363],[32.6126,41.8395],[32.5836,41.816],[32.5681,41.8127],[32.5484,41.8157],[32.4685,41.783],[32.3785,41.7534],[32.3772,41.7541],[32.3754,41.7524],[32.3047,41.7291],[32.296,41.7236],[32.2634,41.7202],[32.2434,41.6929],[32.2322,41.6833],[32.1274,41.617],[32.0604,41.5809],[32.1341,41.5994],[32.1901,41.5571],[32.2507,41.5369],[32.2709,41.4843],[32.3072,41.4156],[32.287,41.3308],[32.1981,41.2419],[32.182,41.1893],[32.1496,41.1085],[32.1494,41.0192],[32.1983,41.0181],[32.284,41.0039],[32.2783,40.9486],[32.3303,40.9328],[32.3769,40.9106],[32.4922,40.8678],[32.5295,40.8152],[32.5262,40.7887],[32.5071,40.7052],[32.4713,40.6939],[32.4427,40.673],[32.439,40.619],[32.4767,40.539],[32.4239,40.4856],[32.3961,40.4483],[32.3154,40.4152],[32.1768,40.4313],[32.1349,40.421],[32.0931,40.3989],[31.9751,40.3771],[31.9061,40.3534],[31.8214,40.3384],[31.6965,40.34],[31.6577,40.3361],[31.5679,40.3085],[31.5356,40.3116],[31.4524,40.332],[31.4197,40.3597],[31.2509,40.346],[31.163,40.3869],[31.0692,40.4113],[31.0439,40.3899],[31.0341,40.3524],[31.0382,40.2922],[31.0072,40.2416],[30.9254,40.2057],[30.8636,40.1428],[30.7988,40.1509],[30.7386,40.1678],[30.7011,40.204],[30.64,40.2872],[30.626,40.3315],[30.5736,40.341],[30.4985,40.3396],[30.4577,40.3791],[30.4263,40.394],[30.3507,40.4021],[30.3075,40.399],[30.1691,40.371],[30.081,40.3914],[30.0046,40.4477],[29.9688,40.4887],[29.9408,40.5335],[29.9262,40.577],[29.7889,40.6147],[29.7204,40.6043],[29.5353,40.5524],[29.4771,40.5498],[29.4207,40.5632],[29.3581,40.5729],[29.2939,40.5222],[29.2305,40.5116],[29.0784,40.5632],[29.0475,40.5602],[28.978,40.5732],[28.9803,40.4645],[28.9956,40.4732],[28.9956,40.4182],[28.9177,40.4182],[28.9177,40.4416],[28.8397,40.4416],[28.8397,40.4441],[28.8008,40.4441],[28.8008,40.4592],[28.7618,40.4582],[28.6838,40.4563],[28.5278,40.4523],[28.2159,40.4444],[28.177,40.4434],[28.138,40.4425],[28.06,40.4405],[27.985,40.4386],[28.0168,40.4511],[28.0344,40.4744],[28.0142,40.4912],[27.9699,40.503],[27.8047,40.5228],[27.7894,40.5142],[27.76,40.5371],[27.7332,40.5306],[27.6843,40.5023],[27.7258,40.4614],[27.7502,40.4576],[27.7563,40.4328],[27.589,40.4286],[27.5522,40.4276],[27.5154,40.4267],[27.4417,40.4248],[27.324,40.4219],[27.3034,40.4584],[27.2715,40.4678],[27.2377,40.4557],[27.1451,40.4537],[27.1431,40.4539],[27.126,40.4533],[27.1207,40.4532],[27.1206,40.4531],[27.0964,40.4523],[27.0333,40.4068],[27.0127,40.3959],[26.9204,40.3977],[26.8972,40.4062],[26.863,40.3999],[26.7534,40.403],[26.7477,40.4032],[26.9017,40.5028],[26.9481,40.5328],[26.9944,40.5627],[27.0423,40.5937],[27.087,40.6131],[27.1152,40.6137],[27.1777,40.6326],[27.1983,40.6531],[27.2879,40.7036],[27.31,40.7332],[27.35,40.7686],[27.35,41.02],[27.95,41.12],[28.1505,41.2069],[28.1493,41.213],[28.163,41.2732],[28.193,41.3553],[28.1821,41.421],[28.1762,41.4369],[28.15,41.45],[28.1074,41.4883],[28.1557,41.4922],[28.203,41.5402],[28.222,41.5267],[28.222,41.5384],[28.254,41.5384],[28.254,41.5712],[28.222,41.583],[28.165,41.6039],[28.1523,41.6086],[28.1448,41.6174],[28.1,41.6702],[28.0883,41.7082],[28.0324,41.8897],[28.0449,41.8902],[28.0168,41.9726],[27.9659,41.9821],[27.917,41.9779],[27.8522,41.9954],[27.808,41.9935],[27.7898,41.9427],[27.7451,41.9596],[27.6,42.17],[27.45,42.42],[27.35,42.5],[27.45,42.62],[27.55,42.75],[27.8949,42.75],[27.8971,42.784],[27.8898,42.82],[27.8909,42.8609],[27.884,42.8484],[27.8315,42.8266],[27.8018,42.8221],[27.7189,42.855],[27.6733,42.8918],[27.6206,42.9094],[27.5832,42.892],[27.4952,42.8757],[27.4458,42.8837],[27.4001,42.9039],[27.3554,42.9114],[27.3242,42.9483],[27.2849,42.9767],[27.2365,42.9884],[27.1768,42.963],[27.1191,42.9537],[27.0237,42.9288],[26.9815,42.9402],[26.9092,42.934],[26.8776,42.9496],[26.801,42.9469],[26.7623,42.9084],[26.6897,42.8889],[26.6546,42.9],[26.6452,42.9372],[26.5724,42.9238],[26.5525,42.9577],[26.5743,42.9866],[26.4914,43.0199],[26.469,43.0094],[26.4187,43.0063],[26.3813,43.025],[26.3634,43.01],[26.3609,43.033],[26.3358,43.0415],[26.2747,43.0347],[26.2747,43.0048],[26.2243,42.9587],[26.172,42.9491],[26.1495,42.9098],[26.0823,42.8861],[26.0669,42.8683],[26.0691,42.8394],[26.0568,42.8172],[26.0103,42.8135],[25.9673,42.7842],[25.9016,42.7912],[25.8109,42.7828],[25.7317,42.7888],[25.6612,42.7574],[25.6201,42.767],[25.6127,42.7379],[25.5594,42.7727],[25.5357,42.753],[25.517,42.7585],[25.4839,42.7454],[25.4505,42.7516],[25.394,42.7358],[25.3418,42.7526],[25.2877,42.7604],[25.2472,42.7428],[25.2163,42.7726],[25.1661,42.7707],[25.1146,42.7525],[25.0629,42.7451],[25.0115,42.7483],[25.0112,42.7585],[24.98,42.7532],[24.9662,42.7321],[24.9247,42.714],[24.8787,42.7102],[24.8277,42.719],[24.7751,42.7191],[24.752,42.7094],[24.704,42.7167],[24.6644,42.7425],[24.6307,42.7753],[24.5853,42.7886],[24.5,42.792],[24.4376,42.7517],[24.3967,42.7549],[24.3602,42.7074],[24.3731,42.6617],[24.4163,42.645],[24.4472,42.6126],[24.473,42.5993],[24.4683,42.5771],[24.4418,42.5632],[24.4082,42.5621],[24.3504,42.5652],[24.3018,42.588],[24.285,42.6213],[24.2289,42.6297],[24.1575,42.6107],[24.1296,42.5816],[24.0815,42.5729],[24.0347,42.5534],[23.9614,42.5793],[23.904,42.5695],[23.8981,42.547],[23.9214,42.5075],[23.9881,42.4587],[24.0387,42.4649],[24.0547,42.445],[24.0384,42.408],[23.9594,42.3923],[23.9415,42.3468],[23.9741,42.2833],[23.9581,42.268],[23.9125,42.296],[23.8885,42.2907],[23.8806,42.2615],[23.8481,42.2257],[23.8009,42.2113],[23.7957,42.1887],[23.7631,42.1776],[23.7726,42.1582],[23.8096,42.1329],[23.8133,42.0962],[23.8013,42.0627],[23.8205,42.0453],[23.7919,42.0207],[23.7666,41.9765],[23.7625,41.9399],[23.7896,41.906],[23.7957,41.8609],[23.8217,41.8238],[23.8682,41.7954],[23.9055,41.7965],[23.9282,41.769],[24.042,41.7104],[24.0726,41.6863],[24.1023,41.7094],[24.0996,41.7421],[24.0664,41.7679],[24.0631,41.792],[24.0996,41.7971],[24.1496,41.7911],[24.1893,41.7641],[24.1772,41.7281],[24.2143,41.7407],[24.2713,41.7419],[24.3146,41.771],[24.3152,41.8174],[24.3577,41.8615],[24.424,41.8895],[24.4511,41.9494],[24.5626,41.8852],[24.6591,41.9253],[24.7602,41.9411],[24.8088,41.931],[24.8452,41.8958],[24.9144,41.8581],[24.9338,41.8314],[24.9938,41.8389],[25.0313,41.8009],[25.0671,41.795],[25.0911,41.7933],[25.1021,41.831],[25.1243,41.8445],[25.1494,41.8818],[25.1959,41.9086],[25.2226,41.9037],[25.2108,41.8785],[25.2472,41.817],[25.3,41.8097],[25.3304,41.8176],[25.3531,41.8385],[25.3893,41.8466],[25.4084,41.7978],[25.4708,41.77],[25.5316,41.7867],[25.5672,41.7615],[25.5858,41.7614],[25.634,41.7009],[25.6056,41.6337],[25.6391,41.6204],[25.6802,41.6304],[25.7147,41.6211],[25.747,41.6517],[25.7822,41.6646],[25.8172,41.6548],[25.8276,41.6148],[25.8731,41.5782],[25.9169,41.5627],[25.9569,41.592],[25.9642,41.6126],[25.9989,41.6191],[26.0098,41.6358],[26.0595,41.6438],[26.1067,41.6243],[26.1303,41.5827],[26.1294,41.5594],[26.1581,41.5423],[26.1645,41.5177],[26.1459,41.478],[26.1743,41.446],[26.1209,41.3578],[26.0219,41.3417],[25.9596,41.315],[25.9212,41.316],[25.882,41.304],[25.811,41.341],[25.7635,41.319],[25.7175,41.3141],[25.6912,41.2984],[25.6398,41.3111],[25.5515,41.3157],[25.5051,41.2806],[25.4535,41.2804],[25.2857,41.2394],[25.2197,41.2497],[25.1771,41.2939],[25.1538,41.3075],[25.0804,41.3341],[24.917,41.3864],[24.8864,41.4006],[24.8033,41.3927],[24.7943,41.3474],[24.7744,41.3481],[24.7187,41.3957],[24.6809,41.4155],[24.6471,41.4172],[24.6382,41.4177],[24.6443,41.4277],[24.5958,41.4298],[24.5811,41.4602],[24.5494,41.4854],[24.5309,41.5475],[24.5102,41.5617],[24.4592,41.5495],[24.4388,41.5277],[24.3539,41.5191],[24.2868,41.5176],[24.2864,41.5404],[24.2507,41.5635],[24.1977,41.5477],[24.1628,41.512],[24.1463,41.5268],[24.0766,41.536],[24.0473,41.5257],[24.0525,41.4715],[24.0459,41.4555],[24.0007,41.4641],[23.9499,41.4376],[23.8948,41.4643],[23.8677,41.4455],[23.7771,41.429],[23.7544,41.4007],[23.7054,41.4032],[23.6529,41.3976],[23.6248,41.3771],[23.579,41.372],[23.513,41.3977],[23.4145,41.3999],[23.3472,41.3712],[23.326,41.3693],[23.2877,41.3982],[23.2466,41.3897],[23.2098,41.3686],[23.1995,41.333],[23.1797,41.3214],[23.1152,41.3127],[22.917,41.3358],[22.826,41.341],[22.7968,41.337],[22.781,41.3349],[22.7623,41.3225],[22.7513,41.3152],[22.742,41.287],[22.7409,41.2836],[22.7367,41.2044],[22.7272,41.1658],[22.7158,41.1456],[22.7049,41.1397],[22.6919,41.1446],[22.6741,41.1566],[22.6572,41.177],[22.6445,41.1802],[22.6293,41.1771],[22.6259,41.1698],[22.6245,41.1526],[22.6073,41.136],[22.5866,41.1241],[22.5492,41.1185],[22.5007,41.1221],[22.4675,41.115],[22.4218,41.1146],[22.3802,41.1317],[22.3067,41.1284],[22.3026,41.1455],[22.2136,41.1607],[22.1603,41.1519],[22.1034,41.1215],[22.0482,41.1519],[22.0291,41.1386],[21.9651,41.1244],[21.9255,41.1068],[21.9012,41.0908],[21.8963,41.0647],[21.8807,41.0384],[21.845,41.0124],[21.8313,40.9935],[21.7837,40.9642],[21.7781,40.9337],[21.7571,40.9225],[21.737,40.9192],[21.6851,40.928],[21.6569,40.9182],[21.6439,40.8945],[21.6237,40.8944],[21.5816,40.8663],[21.5537,40.8704],[21.5057,40.9009],[21.4294,40.909],[21.3813,40.9005],[21.3449,40.8731],[21.2954,40.8609],[21.2458,40.8632],[21.183,40.8702],[21.1121,40.8539],[20.9653,40.8494],[20.9567,40.8948],[20.9399,40.9071],[20.8902,40.9183],[20.8365,40.9239],[20.817,40.9202],[20.7661,40.8937],[20.7409,40.898],[20.7172,40.9132],[20.7027,40.9363],[20.6641,41.0591],[20.6539,41.0753],[20.643,41.0816],[20.5974,41.0863],[20.6024,41.0458],[20.5901,41.0185],[20.5428,41.0296],[20.4229,40.9881],[20.406,40.9342],[20.3813,40.9247],[20.3985,40.8889],[20.4415,40.8441],[20.4685,40.7997],[20.4448,40.7658],[20.4157,40.7523],[20.3397,40.7453],[20.2932,40.726],[20.2219,40.7157],[20.2003,40.7323],[20.145,40.7433],[20.1543,40.7549],[20.093,40.7801],[20.0686,40.8112],[20.0131,40.8285],[20.0166,40.8737],[20.0021,40.8817],[19.969,40.8671],[19.8889,40.8743],[19.8672,40.8684],[19.8692,40.8502],[19.8267,40.8489],[19.8124,40.8606],[19.7743,40.8471],[19.7646,40.8125],[19.7319,40.812]]],[[[23.5872,39.2076],[23.6278,39.1473],[23.6342,39.1428],[23.6646,39.0952],[23.6663,39.0948],[23.666,39.0928],[23.7168,39.0772],[23.7295,39.0811],[23.7366,39.0796],[23.7367,39.0797],[23.737,39.0796],[23.7447,39.0858],[23.7603,39.0906],[23.7927,39.1182],[23.7727,39.1293],[23.7488,39.1304],[23.729,39.1404],[23.7305,39.1461],[23.6834,39.1632],[23.6522,39.1788],[23.6013,39.2138],[23.5872,39.2076]]],[[[23.8335,39.1461],[23.8645,39.144],[23.8958,39.1618],[23.8999,39.1677],[23.9386,39.2011],[23.9597,39.244],[23.967,39.2512],[23.971,39.2671],[23.9722,39.2719],[23.9398,39.2798],[23.9017,39.2328],[23.8878,39.2258],[23.8488,39.1592],[23.8335,39.1461]]],[[[24.512,40.6668],[24.5146,40.6519],[24.5142,40.6476],[24.5142,40.6472],[24.5155,40.6465],[24.5168,40.6391],[24.5402,40.634],[24.6114,40.5978],[24.6423,40.5706],[24.6639,40.5839],[24.7738,40.6142],[24.7738,40.6146],[24.7735,40.618],[24.7824,40.6202],[24.7705,40.6556],[24.7702,40.6595],[24.7789,40.6813],[24.7864,40.6879],[24.7831,40.6918],[24.7882,40.7045],[24.7881,40.7047],[24.7882,40.7049],[24.7738,40.7309],[24.7703,40.7345],[24.7864,40.7351],[24.7492,40.7562],[24.7412,40.7644],[24.7317,40.7835],[24.7213,40.785],[24.7198,40.7865],[24.702,40.7878],[24.6746,40.7917],[24.6423,40.8039],[24.6255,40.7932],[24.6226,40.7934],[24.6222,40.7934],[24.5862,40.7691],[24.5843,40.7669],[24.5667,40.7556],[24.5334,40.7182],[24.5234,40.6942],[24.5178,40.6875],[24.517,40.6789],[24.512,40.6668]]],[[[25.4435,40.4819],[25.4663,40.4558],[25.5326,40.415],[25.5661,40.405],[25.5727,40.4007],[25.573,40.4008],[25.5731,40.4007],[25.5772,40.4017],[25.5891,40.3981],[25.6826,40.4231],[25.6837,40.4265],[25.6847,40.4267],[25.6845,40.4271],[25.6847,40.4271],[25.6842,40.428],[25.6907,40.4477],[25.6887,40.475],[25.6565,40.4962],[25.5759,40.5147],[25.5715,40.5148],[25.5695,40.5157],[25.5692,40.5156],[25.5691,40.5157],[25.5661,40.5149],[25.5466,40.5153],[25.5021,40.4976],[25.4467,40.4827],[25.447,40.4825],[25.4469,40.4825],[25.4471,40.4824],[25.4467,40.4823],[25.4474,40.4818],[25.4435,40.4819]]],[[[25.6633,40.1262],[25.7212,40.1048],[25.766,40.0972],[25.8563,40.1079],[25.9004,40.1227],[25.9678,40.1308],[26.0122,40.1461],[26.0122,40.1666],[25.9729,40.1532],[25.9728,40.1584],[25.9763,40.1785],[25.9762,40.1786],[25.9763,40.1789],[25.9725,40.1828],[25.9719,40.2211],[25.9382,40.2416],[25.9133,40.2413],[25.8947,40.236],[25.8751,40.2344],[25.7983,40.2124],[25.759,40.2067],[25.719,40.1872],[25.6862,40.1608],[25.6633,40.1262]]]]}},
{"type":"Feature","properties":{"entityId":"macedonia-kingdom","from":-330,"to":-322,"certainty":"estimated","source":"유럽 쪽은 Natural Earth 1:10m admin-1(v5.1.2) 현대 행정구역 조각을 그 시기 국경에 맞춰 묶고, 조각이 역사 경계와 다른 곳은 선을 그어 나눈 근사. 유럽 밖(시베리아·중앙아시아·극동)은 대략적인 추정. 운영자 검수 필요"},"geometry":{"type":"MultiPolygon","coordinates":[[[[19.7319,40.812],[19.7383,40.7812],[19.7608,40.7552],[19.7562,40.7166],[19.7952,40.6976],[19.8322,40.6361],[19.8085,40.6202],[19.8489,40.5686],[19.8993,40.5451],[19.9049,40.5273],[19.9371,40.5119],[19.9805,40.5089],[20.0202,40.4935],[20.068,40.4892],[20.0723,40.5033],[20.1082,40.4813],[20.1484,40.4726],[20.2486,40.3724],[20.2978,40.3553],[20.3066,40.3763],[20.3704,40.3992],[20.3723,40.4331],[20.4426,40.4397],[20.4603,40.437],[20.4415,40.4145],[20.4702,40.3677],[20.4617,40.3245],[20.482,40.2728],[20.5126,40.2663],[20.496,40.2255],[20.5268,40.1581],[20.6154,40.081],[20.6476,40.094],[20.6682,40.1381],[20.6599,40.1727],[20.6853,40.1912],[20.6964,40.2151],[20.6946,40.2556],[20.707,40.2881],[20.7396,40.3092],[20.7732,40.299],[20.8064,40.3199],[20.8439,40.3266],[20.8784,40.2653],[20.9208,40.225],[20.9479,40.1809],[20.9608,40.1384],[20.9323,40.087],[20.9482,40.077],[20.9611,40.0345],[20.9879,40.0068],[21.027,40.0215],[21.0429,40.0115],[21.0403,39.9817],[21.0139,39.941],[21.0453,39.9182],[21.0588,39.862],[21.0779,39.8325],[21.0949,39.8277],[21.1892,39.8496],[21.2249,39.8482],[21.2906,39.8186],[21.2912,39.8048],[21.2639,39.8108],[21.2151,39.7837],[21.1984,39.7556],[21.2162,39.6687],[21.1432,39.68],[21.1104,39.6592],[21.1232,39.6003],[21.1661,39.5652],[21.169,39.5102],[21.1531,39.4847],[21.1749,39.4521],[21.1787,39.4189],[21.226,39.3888],[21.2403,39.3543],[21.2752,39.3337],[21.3459,39.3308],[21.3851,39.2797],[21.3331,39.2012],[21.3623,39.1539],[21.3757,39.1496],[21.4228,39.1877],[21.4776,39.2112],[21.5089,39.191],[21.5521,39.2268],[21.6377,39.2437],[21.6608,39.2191],[21.6662,39.1774],[21.6986,39.1624],[21.697,39.1216],[21.72,39.0969],[21.7564,39.1006],[21.813,39.1319],[21.8309,39.1324],[21.8991,39.1021],[21.9134,39.0866],[21.9157,39.0316],[21.97,39.0358],[22.0126,39.0523],[22.0392,39.0763],[22.0958,39.091],[22.1167,39.1048],[22.147,39.1611],[22.2359,39.2402],[22.2844,39.2175],[22.3547,39.1975],[22.4054,39.169],[22.413,39.1242],[22.4285,39.114],[22.4939,39.1192],[22.4926,39.0509],[22.516,39.0287],[22.5546,39.0263],[22.6308,39.0327],[22.7144,38.9942],[22.7863,38.9819],[22.8394,38.9803],[22.8694,38.957],[22.9271,38.9602],[22.966,38.9742],[22.9967,38.9634],[23.0144,38.9934],[23.1116,39.05],[23.2027,39.103],[23.2186,39.1039],[23.2855,39.148],[23.3013,39.1514],[23.3438,39.1796],[23.3432,39.1849],[23.3518,39.1899],[23.3515,39.1902],[23.3518,39.1903],[23.331,39.2098],[23.2957,39.2637],[23.287,39.2883],[23.2823,39.2945],[23.2713,39.3229],[23.2468,39.3413],[23.233,39.3595],[23.1441,39.45],[23.1074,39.4873],[23.1018,39.4974],[23.0559,39.5272],[23.024,39.5373],[22.9774,39.5643],[22.9198,39.6286],[22.8664,39.7393],[22.8587,39.7733],[22.8403,39.8034],[22.8011,39.8403],[22.7877,39.8479],[22.777,39.8583],[22.7623,39.8977],[22.7437,39.9475],[22.7159,40.022],[22.7065,40.0471],[22.632,40.2463],[22.6283,40.2563],[22.7422,40.3901],[22.8152,40.476],[22.8953,40.3981],[22.8882,40.3863],[22.9064,40.3873],[23.3442,39.9617],[23.3608,39.9617],[23.3606,39.9611],[23.3644,39.9617],[23.4925,39.9617],[23.548,39.9461],[23.6165,39.9233],[23.7031,39.9127],[23.7479,39.9305],[23.6973,39.9405],[23.676,39.9611],[23.6759,39.9617],[23.899,39.9617],[23.9142,39.9666],[23.9197,39.9564],[23.9912,39.9536],[23.9728,39.9619],[23.9987,39.9748],[23.988,39.99],[23.9884,39.9903],[24.0511,40.0104],[24.14,40.0388],[24.1844,40.0531],[24.2289,40.0673],[24.4066,40.1242],[24.4063,40.1245],[24.4066,40.1246],[24.3815,40.145],[24.3938,40.1525],[24.3833,40.1791],[24.3206,40.228],[24.2663,40.289],[24.2334,40.3169],[24.2223,40.3171],[24.2122,40.3282],[24.1889,40.3388],[24.1799,40.3515],[24.1336,40.3638],[24.0855,40.3856],[24.0293,40.4313],[24.0288,40.4321],[24.0114,40.4492],[24.0076,40.4489],[24.0042,40.4517],[23.9154,40.5239],[23.9092,40.5289],[23.9149,40.5389],[23.8888,40.5638],[23.8663,40.5638],[23.8291,40.5941],[23.7704,40.6418],[23.7443,40.677],[23.7484,40.6932],[23.8291,40.7106],[23.8635,40.718],[23.8978,40.7254],[23.9665,40.7402],[23.9863,40.7322],[24.0731,40.7214],[24.1101,40.7279],[24.2959,40.8112],[24.6124,40.8794],[24.6287,40.8586],[24.6619,40.8791],[24.6798,40.8694],[24.6907,40.8682],[24.7284,40.8527],[24.7539,40.8614],[24.79,40.8575],[24.802,40.8535],[24.8297,40.8768],[24.8342,40.8791],[24.9548,40.9411],[24.9555,40.9411],[25.4467,40.852],[25.8819,40.8314],[25.8922,40.8264],[25.9729,40.7875],[25.9901,40.7792],[26.0119,40.7687],[26.019,40.757],[26.0222,40.7517],[26.0371,40.7271],[26.0391,40.7241],[26.0491,40.7089],[26.0443,40.6171],[26.0443,40.6167],[26.0588,40.5951],[26.1343,40.483],[26.1531,40.455],[26.172,40.4269],[26.2097,40.3709],[26.2323,40.3372],[26.21,40.3219],[26.2181,40.2969],[26.2531,40.2689],[26.2531,40.2479],[26.2602,40.2031],[26.247,40.1808],[26.2147,40.1461],[26.1902,40.0942],[26.1575,40.0553],[26.1776,40.0507],[26.2306,40.0649],[26.2731,40.0926],[26.328,40.1187],[26.3758,40.1535],[26.3702,40.1593],[26.3992,40.178],[26.3963,40.1728],[26.3982,40.164],[26.4035,40.139],[26.3936,40.1094],[26.3923,40.108],[26.3694,40.1029],[26.365,40.0787],[26.3143,40.0244],[26.2262,40.0015],[26.1978,40.0089],[26.1815,39.9898],[26.1811,39.9897],[26.1809,39.9891],[26.1677,39.9736],[26.1526,39.9426],[26.1565,39.9013],[26.1512,39.8823],[26.1364,39.8376],[26.1502,39.8292],[26.151,39.8031],[26.1406,39.7427],[26.1538,39.7207],[26.1556,39.6638],[26.1534,39.6524],[26.1272,39.6103],[26.1107,39.5979],[26.095,39.5486],[26.07,39.4963],[26.0742,39.4745],[26.113,39.4592],[26.1528,39.4592],[26.1717,39.4631],[26.22,39.4265],[26.22,39.4364],[26.2683,39.4364],[26.2683,39.4205],[26.365,39.4205],[26.365,39.4375],[26.4617,39.4375],[26.4617,39.3987],[26.5101,39.3987],[26.5101,39.2619],[26.5584,39.2619],[26.5584,39.2264],[26.599,39.2264],[26.599,39.1967],[26.6396,39.1967],[26.6396,39.1669],[26.6421,39.1669],[26.6421,39.1372],[26.6815,39.1372],[26.6815,39.1074],[26.7208,39.1074],[26.7208,39.0479],[26.8009,38.9874],[26.8017,38.982],[26.6753,38.78],[26.561,38.5972],[26.5558,38.6054],[26.5056,38.6527],[26.4656,38.6727],[26.4141,38.6794],[26.3563,38.6617],[26.3486,38.6213],[26.3758,38.5286],[26.4038,38.4875],[26.3879,38.4543],[26.4181,38.4649],[26.4294,38.4409],[26.4151,38.3682],[26.3435,38.37],[26.3431,38.37],[26.3219,38.3339],[26.3143,38.3367],[26.3211,38.3777],[26.3076,38.3579],[26.2941,38.3699],[26.2889,38.3406],[26.3076,38.3231],[26.2859,38.3187],[26.2654,38.2867],[26.2388,38.2958],[26.2346,38.2738],[26.2866,38.2611],[26.3286,38.2351],[26.3344,38.2351],[26.3179,38.2086],[26.3181,38.2085],[26.3179,38.2082],[26.5572,38.0264],[26.6768,37.9356],[26.6768,37.9377],[26.7964,37.9377],[26.7964,37.922],[27.0306,37.922],[27.0306,37.8922],[27.1185,37.8922],[27.1185,37.8324],[27.1477,37.8324],[27.1477,37.8025],[27.173,37.8025],[27.173,37.7753],[27.1445,37.7753],[27.1445,37.7428],[27.1161,37.7428],[27.1161,37.7157],[27.0876,37.7157],[27.0876,37.6892],[27.0591,37.6897],[27.0591,37.7067],[27.0306,37.7066],[27.0048,37.7066],[27.0048,37.6863],[27.0208,37.6742],[27.0115,37.6657],[27.0488,37.6501],[27.0507,37.6497],[27.206,37.3898],[27.2075,37.3764],[27.1908,37.3573],[27.2119,37.3573],[27.2334,37.344],[27.2801,37.266],[27.302,37.2293],[27.3239,37.1927],[27.3579,37.1358],[27.349,37.1301],[27.3218,37.1587],[27.3218,37.1254],[27.3011,37.127],[27.3007,37.127],[27.2998,37.1262],[27.2717,37.1289],[27.2604,37.1103],[27.2828,37.1103],[27.2696,37.0981],[27.2391,37.083],[27.2288,37.0618],[27.2527,36.9783],[27.2632,36.9634],[27.3081,36.9594],[27.3006,36.9731],[27.3327,36.9971],[27.3314,37.0023],[27.3436,37.0146],[27.4059,37.0167],[27.4296,37.0158],[27.5784,36.7671],[27.5614,36.7609],[27.4832,36.754],[27.4588,36.7557],[27.4273,36.7357],[27.4143,36.7093],[27.3558,36.7124],[27.3628,36.6851],[27.4557,36.6629],[27.4727,36.6509],[27.4863,36.6652],[27.5486,36.6834],[27.5556,36.6829],[27.5597,36.6746],[27.603,36.6789],[27.6374,36.6682],[27.6427,36.6595],[27.6431,36.6595],[27.6646,36.6598],[27.6712,36.6578],[27.6716,36.6599],[28.0144,36.6653],[28.0207,36.6336],[28.0211,36.6337],[28.0211,36.6336],[28.0881,36.6426],[28.054,36.6096],[28.0344,36.6025],[27.9592,36.6025],[27.9661,36.5759],[27.9909,36.5598],[28.0138,36.5759],[28.048,36.569],[28.0617,36.5963],[28.0881,36.5891],[28.1115,36.6042],[28.1584,36.6675],[28.7335,36.6764],[28.8293,36.6235],[28.8186,36.6117],[28.8587,36.6013],[28.8614,36.6057],[29.106,36.4706],[29.1242,36.4536],[29.1304,36.4114],[29.0964,36.3909],[29.1447,36.3772],[29.1447,36.3493],[29.2186,36.3288],[29.2231,36.3246],[29.2437,36.3138],[29.2612,36.2936],[29.3223,36.2469],[29.3571,36.2357],[29.3702,36.2522],[29.4187,36.2375],[29.4204,36.2306],[29.4262,36.2353],[29.4725,36.2213],[29.4945,36.211],[29.5215,36.206],[29.5229,36.206],[29.585,36.1872],[29.5835,36.1855],[29.5887,36.1861],[29.6342,36.1723],[29.634,36.1571],[29.6682,36.1438],[29.6724,36.1234],[29.6944,36.1455],[29.6983,36.1433],[29.6986,36.1434],[29.6987,36.1433],[29.7457,36.1515],[29.7617,36.137],[29.7953,36.1452],[29.823,36.1649],[30.3566,36.2576],[30.3859,36.243],[30.3861,36.2431],[30.3863,36.243],[30.4,36.2488],[30.4004,36.2481],[30.3986,36.206],[30.4408,36.2393],[30.4517,36.2618],[30.488,36.2878],[30.4668,36.2878],[30.473,36.2985],[30.4835,36.3107],[30.4838,36.3127],[30.5199,36.3419],[30.4942,36.3493],[30.5016,36.3636],[30.4927,36.3708],[30.5046,36.4478],[30.5088,36.4543],[30.5101,36.4583],[30.5487,36.5115],[30.5698,36.528],[30.5811,36.5752],[30.5724,36.5919],[30.6028,36.6465],[30.6203,36.6781],[31.6999,36.6443],[31.8,36.578],[32.2814,36.2591],[32.283,36.2506],[32.3187,36.2286],[32.3655,36.178],[32.4196,36.1595],[32.4373,36.1387],[32.5134,36.103],[32.5452,36.0981],[32.5826,36.0888],[32.6707,36.0467],[32.7606,36.0295],[32.8037,36.0272],[32.8655,36.0678],[32.9279,36.0954],[32.9826,36.0976],[33.0877,36.0828],[33.1071,36.1033],[33.3004,36.1318],[33.3084,36.1322],[33.3093,36.1331],[33.3662,36.1415],[33.3865,36.137],[33.4371,36.1519],[33.4425,36.1527],[33.5215,36.144],[33.5219,36.144],[33.5325,36.1463],[33.5442,36.1445],[33.5523,36.1275],[33.5888,36.1588],[33.661,36.1747],[33.6853,36.1432],[33.7053,36.1817],[33.7177,36.1922],[33.7302,36.1976],[33.9451,36.2134],[33.959,36.2136],[33.9593,36.2145],[34.0259,36.2194],[34.2,36.3651],[34.7134,36.7948],[34.9056,36.7421],[34.9079,36.7404],[34.9004,36.7199],[34.9333,36.7275],[34.9423,36.7263],[34.9435,36.7256],[35.1174,36.6585],[35.2947,36.5725],[35.348,36.5444],[35.409,36.5769],[35.4717,36.5868],[35.552,36.5647],[35.5524,36.5647],[35.8126,36.6016],[35.8379,36.6052],[35.8631,36.6088],[35.8883,36.6123],[35.9639,36.6231],[36.0144,36.6302],[36.1599,36.6509],[36.0328,36.5246],[36.0308,36.5229],[36.0144,36.51],[35.966,36.4719],[35.9424,36.4643],[35.9187,36.4482],[35.9124,36.4296],[35.8832,36.4066],[35.879,36.4009],[35.8735,36.3977],[35.8676,36.3856],[35.8572,36.3714],[35.8159,36.353],[35.7887,36.3203],[35.7965,36.2898],[35.7824,36.2757],[35.7826,36.2755],[35.7824,36.2753],[35.8986,36.1317],[35.9246,36.0704],[35.9551,35.9985],[35.9268,35.9607],[35.9137,35.9433],[35.894,35.917],[35.8851,35.9058],[35.9015,35.9058],[35.9113,35.9178],[35.9803,35.9269],[35.9928,35.9153],[35.9924,35.8773],[36.0803,35.8542],[36.1385,35.8198],[36.1553,35.8222],[36.1688,35.8521],[36.1749,35.9227],[36.1969,35.9517],[36.229,35.9612],[36.269,35.9587],[36.2775,35.9942],[36.2974,36.0007],[36.3367,35.9882],[36.358,35.994],[36.3555,36.0224],[36.3586,36.167],[36.3758,36.2045],[36.373,36.2276],[36.4119,36.2045],[36.4507,36.1999],[36.4689,36.2224],[36.4986,36.2279],[36.5935,36.2181],[36.6643,36.229],[36.6691,36.2599],[36.6488,36.3057],[36.6207,36.322],[36.5878,36.3248],[36.5943,36.3571],[36.5857,36.387],[36.5527,36.4082],[36.5338,36.4625],[36.5355,36.494],[36.5653,36.5325],[36.5693,36.6201],[36.5947,36.6858],[36.6033,36.747],[36.6433,36.8036],[36.6399,36.8281],[36.6596,36.8272],[36.8437,36.7758],[36.9068,36.7726],[36.9647,36.7538],[37.0106,36.7195],[37.0195,36.6858],[37.0145,36.6423],[37.0531,36.6199],[37.1044,36.651],[37.1561,36.6439],[37.2419,36.6586],[37.4045,36.6345],[37.4461,36.6342],[37.5221,36.6736],[37.5934,36.7105],[37.6541,36.7321],[37.8197,36.7605],[38.026,36.835],[38.123,36.8846],[38.1901,36.9055],[38.2243,36.9084],[38.2899,36.9017],[38.48,36.8557],[38.5294,36.8337],[38.6352,36.744],[38.6641,36.7195],[38.725,36.6939],[38.7954,36.6867],[38.958,36.6929],[39.0322,36.7012],[39.1859,36.6595],[39.2396,36.6613],[39.4417,36.6924],[39.7653,36.7422],[39.9798,36.807],[40.0792,36.8549],[40.1527,36.8704],[40.1901,36.8844],[40.2614,36.9228],[40.3937,36.994],[40.4352,37.0106],[40.5257,37.0259],[40.6595,37.0853],[40.709,37.1005],[40.8964,37.1227],[41.1351,37.0842],[41.2013,37.065],[41.4798,37.0756],[41.8964,37.1543],[41.876,37.2168],[41.814,37.2581],[41.6983,37.2871],[41.6818,37.3284],[41.7231,37.3656],[41.8926,37.4359],[41.905,37.502],[41.876,37.5888],[41.8169,37.7138],[41.6322,37.6094],[41.5206,37.5433],[41.3677,37.5185],[41.2603,37.5722],[41.19,37.688],[41.1197,37.7582],[41.0752,37.7649],[41.0118,37.7414],[40.662,37.7484],[40.5516,37.7299],[40.5392,37.7073],[40.492,37.657],[40.4122,37.6524],[40.3009,37.5842],[40.2518,37.5693],[40.1426,37.5087],[40.0978,37.4758],[40,37.3757],[39.9537,37.4174],[39.9202,37.4695],[39.8843,37.5501],[39.8567,37.6694],[39.8632,37.7777],[39.8486,37.8019],[39.8128,37.8136],[39.7592,37.8424],[39.7385,37.8172],[39.6913,37.8339],[39.6527,37.8621],[39.5888,37.883],[39.5233,37.9261],[39.4626,37.9767],[39.4079,37.997],[39.3486,37.9989],[39.2675,38.0091],[39.189,38.0431],[39.2346,38.0761],[39.2247,38.0903],[39.2563,38.1531],[39.2526,38.1797],[39.2219,38.205],[39.1413,38.1786],[39.1149,38.1927],[39.0695,38.1515],[39.0156,38.1308],[38.932,38.1073],[38.8032,38.0903],[38.7334,38.0984],[38.6631,38.0982],[38.6035,38.1104],[38.5714,38.1259],[38.5639,38.1467],[38.6228,38.1866],[38.6187,38.2191],[38.5609,38.2284],[38.5009,38.2146],[38.4309,38.2141],[38.3579,38.149],[38.295,38.0738],[38.2173,38.0405],[38.1909,38.0008],[38.1892,37.9485],[38.1276,37.905],[38.0444,37.8887],[37.9735,37.8657],[37.888,37.881],[37.796,37.8712],[37.7076,37.842],[37.5653,37.8205],[37.6069,37.8795],[37.6582,38.0267],[37.7152,38.0927],[37.7213,38.1226],[37.7762,38.2372],[37.7823,38.2784],[37.7336,38.3462],[37.6552,38.3747],[37.5872,38.39],[37.4597,38.4496],[37.3107,38.4749],[37.2371,38.4672],[37.2259,38.5263],[37.2844,38.6036],[37.0597,38.5881],[37.0088,38.6105],[36.8789,38.625],[36.7475,38.5994],[36.7137,38.583],[36.694,38.5523],[36.682,38.4999],[36.65,38.4591],[36.5055,38.3229],[36.4626,38.358],[36.4373,38.4097],[36.4001,38.4566],[36.348,38.4747],[36.2669,38.4578],[36.19,38.4235],[36.1459,38.3951],[36.1033,38.3122],[36.0756,38.2819],[36.0331,38.2133],[35.979,38.155],[35.6077,37.9538],[35.6296,37.7702],[35.5772,37.7505],[35.4536,37.7888],[35.3632,37.8073],[35.1906,37.8181],[35.0597,37.7135],[35,37.7057],[34.9619,37.7007],[34.9106,37.7136],[34.8597,37.7166],[34.8278,37.6802],[34.8326,37.6299],[34.8652,37.553],[34.8499,37.5106],[34.7946,37.4572],[34.7916,37.3877],[34.7215,37.4014],[34.5875,37.3533],[34.5122,37.352],[34.4891,37.3949],[34.4272,37.4432],[34.3891,37.4865],[34.3941,37.5611],[34.4329,37.6086],[34.4568,37.6603],[34.4455,37.7171],[34.4128,37.7531],[34.3733,37.7835],[34.3005,37.8753],[34.2063,37.9099],[34.1731,37.9506],[34.1598,38.0023],[34.0849,38.0118],[34.0094,37.9981],[33.9321,37.9736],[33.8538,37.9578],[33.7746,37.9608],[33.6189,37.9521],[33.4997,37.9318],[33.4561,37.9332],[33.4155,37.9637],[33.3485,38.0292],[33.3251,38.1088],[33.3012,38.1271],[33.2647,38.2045],[33.2721,38.286],[33.294,38.3571],[33.3177,38.4098],[33.353,38.4526],[33.3675,38.5315],[33.3895,38.5649],[33.4474,38.6161],[33.4666,38.6436],[33.5535,38.662],[33.6354,38.6987],[33.7224,38.7176],[33.8116,38.7154],[33.8497,38.7301],[33.9333,38.7923],[33.9366,38.8504],[33.8967,38.935],[33.9301,39.0011],[33.9374,39.0347],[33.8753,39.0526],[33.8288,39.0745],[33.7761,39.0777],[33.7393,39.1089],[33.6575,39.1556],[33.545,39.2109],[33.5245,39.2668],[33.6366,39.4187],[33.7989,39.5204],[33.8676,39.6042],[33.9128,39.7069],[34.0733,39.8257],[34.0525,39.9076],[34.0509,39.9586],[34.0976,40.0243],[34.1013,40.0569],[34.0845,40.1091],[34.0164,40.1467],[33.9752,40.218],[33.9642,40.2655],[34.043,40.2999],[34.0818,40.3102],[34.1336,40.3897],[34.1502,40.423],[34.1316,40.4749],[34.0914,40.5311],[34.0787,40.5687],[34.0746,40.6391],[34.0505,40.6763],[34.0442,40.7191],[34.0766,40.7982],[34.0272,40.8608],[34.1145,40.8747],[34.2564,40.9194],[34.2802,40.9691],[34.2264,41.0021],[34.2077,41.0393],[34.2522,41.0913],[34.2871,41.1572],[34.3574,41.2094],[34.3852,41.2643],[34.4194,41.302],[34.4719,41.3108],[34.4798,41.4416],[34.4629,41.4798],[34.472,41.5185],[34.4918,41.5523],[34.5533,41.5912],[34.5879,41.6575],[34.5325,41.7132],[34.4661,41.7275],[34.3443,41.7325],[34.2842,41.7453],[34.2051,41.7478],[34.1404,41.7671],[34.1422,41.8002],[34.1926,41.8451],[34.2209,41.9035],[34.2161,41.9601],[34.1995,41.9619],[34.1995,42.0276],[34.1518,42.027],[33.5143,42.0185],[33.4818,42.0106],[33.3895,42.0168],[33.3609,42.0207],[33.3245,42.019],[33.2916,42.0062],[33.2839,42.0052],[33.0586,41.93],[33.0081,41.9173],[32.9667,41.8994],[32.9455,41.8923],[32.7903,41.8596],[32.7554,41.8591],[32.6792,41.8363],[32.6126,41.8395],[32.5836,41.816],[32.5681,41.8127],[32.5484,41.8157],[32.4685,41.783],[32.3785,41.7534],[32.3772,41.7541],[32.3754,41.7524],[32.3047,41.7291],[32.296,41.7236],[32.2634,41.7202],[32.2434,41.6929],[32.2322,41.6833],[32.1274,41.617],[32.0604,41.5809],[32.1341,41.5994],[32.1901,41.5571],[32.2507,41.5369],[32.2709,41.4843],[32.3072,41.4156],[32.287,41.3308],[32.1981,41.2419],[32.182,41.1893],[32.1496,41.1085],[32.1494,41.0192],[32.1983,41.0181],[32.284,41.0039],[32.2783,40.9486],[32.3303,40.9328],[32.3769,40.9106],[32.4922,40.8678],[32.5295,40.8152],[32.5262,40.7887],[32.5071,40.7052],[32.4713,40.6939],[32.4427,40.673],[32.439,40.619],[32.4767,40.539],[32.4239,40.4856],[32.3961,40.4483],[32.3154,40.4152],[32.1768,40.4313],[32.1349,40.421],[32.0931,40.3989],[31.9751,40.3771],[31.9061,40.3534],[31.8214,40.3384],[31.6965,40.34],[31.6577,40.3361],[31.5679,40.3085],[31.5356,40.3116],[31.4524,40.332],[31.4197,40.3597],[31.2509,40.346],[31.163,40.3869],[31.0692,40.4113],[31.0439,40.3899],[31.0341,40.3524],[31.0382,40.2922],[31.0072,40.2416],[30.9254,40.2057],[30.8636,40.1428],[30.7988,40.1509],[30.7386,40.1678],[30.7011,40.204],[30.64,40.2872],[30.626,40.3315],[30.5736,40.341],[30.4985,40.3396],[30.4577,40.3791],[30.4263,40.394],[30.3507,40.4021],[30.3075,40.399],[30.1691,40.371],[30.081,40.3914],[30.0046,40.4477],[29.9688,40.4887],[29.9408,40.5335],[29.9262,40.577],[29.7889,40.6147],[29.7204,40.6043],[29.5353,40.5524],[29.4771,40.5498],[29.4207,40.5632],[29.3581,40.5729],[29.2939,40.5222],[29.2305,40.5116],[29.0784,40.5632],[29.0475,40.5602],[28.978,40.5732],[28.9803,40.4645],[28.9956,40.4732],[28.9956,40.4182],[28.9177,40.4182],[28.9177,40.4416],[28.8397,40.4416],[28.8397,40.4441],[28.8008,40.4441],[28.8008,40.4592],[28.7618,40.4582],[28.6838,40.4563],[28.5278,40.4523],[28.2159,40.4444],[28.177,40.4434],[28.138,40.4425],[28.06,40.4405],[27.985,40.4386],[28.0168,40.4511],[28.0344,40.4744],[28.0142,40.4912],[27.9699,40.503],[27.8047,40.5228],[27.7894,40.5142],[27.76,40.5371],[27.7332,40.5306],[27.6843,40.5023],[27.7258,40.4614],[27.7502,40.4576],[27.7563,40.4328],[27.589,40.4286],[27.5522,40.4276],[27.5154,40.4267],[27.4417,40.4248],[27.324,40.4219],[27.3034,40.4584],[27.2715,40.4678],[27.2377,40.4557],[27.1451,40.4537],[27.1431,40.4539],[27.126,40.4533],[27.1207,40.4532],[27.1206,40.4531],[27.0964,40.4523],[27.0333,40.4068],[27.0127,40.3959],[26.9204,40.3977],[26.8972,40.4062],[26.863,40.3999],[26.7534,40.403],[26.7477,40.4032],[26.9017,40.5028],[26.9481,40.5328],[26.9944,40.5627],[27.0423,40.5937],[27.087,40.6131],[27.1152,40.6137],[27.1777,40.6326],[27.1983,40.6531],[27.2879,40.7036],[27.31,40.7332],[27.35,40.7686],[27.35,41.02],[27.95,41.12],[28.1505,41.2069],[28.1493,41.213],[28.163,41.2732],[28.193,41.3553],[28.1821,41.421],[28.1762,41.4369],[28.15,41.45],[28.1074,41.4883],[28.1557,41.4922],[28.203,41.5402],[28.222,41.5267],[28.222,41.5384],[28.254,41.5384],[28.254,41.5712],[28.222,41.583],[28.165,41.6039],[28.1523,41.6086],[28.1448,41.6174],[28.1,41.6702],[28.0883,41.7082],[28.0324,41.8897],[28.0449,41.8902],[28.0168,41.9726],[27.9659,41.9821],[27.917,41.9779],[27.8522,41.9954],[27.808,41.9935],[27.7898,41.9427],[27.7451,41.9596],[27.6,42.17],[27.45,42.42],[27.35,42.5],[27.45,42.62],[27.55,42.75],[27.8949,42.75],[27.8971,42.784],[27.8898,42.82],[27.8909,42.8609],[27.884,42.8484],[27.8315,42.8266],[27.8018,42.8221],[27.7189,42.855],[27.6733,42.8918],[27.6206,42.9094],[27.5832,42.892],[27.4952,42.8757],[27.4458,42.8837],[27.4001,42.9039],[27.3554,42.9114],[27.3242,42.9483],[27.2849,42.9767],[27.2365,42.9884],[27.1768,42.963],[27.1191,42.9537],[27.0237,42.9288],[26.9815,42.9402],[26.9092,42.934],[26.8776,42.9496],[26.801,42.9469],[26.7623,42.9084],[26.6897,42.8889],[26.6546,42.9],[26.6452,42.9372],[26.5724,42.9238],[26.5525,42.9577],[26.5743,42.9866],[26.4914,43.0199],[26.469,43.0094],[26.4187,43.0063],[26.3813,43.025],[26.3634,43.01],[26.3609,43.033],[26.3358,43.0415],[26.2747,43.0347],[26.2747,43.0048],[26.2243,42.9587],[26.172,42.9491],[26.1495,42.9098],[26.0823,42.8861],[26.0669,42.8683],[26.0691,42.8394],[26.0568,42.8172],[26.0103,42.8135],[25.9673,42.7842],[25.9016,42.7912],[25.8109,42.7828],[25.7317,42.7888],[25.6612,42.7574],[25.6201,42.767],[25.6127,42.7379],[25.5594,42.7727],[25.5357,42.753],[25.517,42.7585],[25.4839,42.7454],[25.4505,42.7516],[25.394,42.7358],[25.3418,42.7526],[25.2877,42.7604],[25.2472,42.7428],[25.2163,42.7726],[25.1661,42.7707],[25.1146,42.7525],[25.0629,42.7451],[25.0115,42.7483],[25.0112,42.7585],[24.98,42.7532],[24.9662,42.7321],[24.9247,42.714],[24.8787,42.7102],[24.8277,42.719],[24.7751,42.7191],[24.752,42.7094],[24.704,42.7167],[24.6644,42.7425],[24.6307,42.7753],[24.5853,42.7886],[24.5,42.792],[24.4376,42.7517],[24.3967,42.7549],[24.3602,42.7074],[24.3731,42.6617],[24.4163,42.645],[24.4472,42.6126],[24.473,42.5993],[24.4683,42.5771],[24.4418,42.5632],[24.4082,42.5621],[24.3504,42.5652],[24.3018,42.588],[24.285,42.6213],[24.2289,42.6297],[24.1575,42.6107],[24.1296,42.5816],[24.0815,42.5729],[24.0347,42.5534],[23.9614,42.5793],[23.904,42.5695],[23.8981,42.547],[23.9214,42.5075],[23.9881,42.4587],[24.0387,42.4649],[24.0547,42.445],[24.0384,42.408],[23.9594,42.3923],[23.9415,42.3468],[23.9741,42.2833],[23.9581,42.268],[23.9125,42.296],[23.8885,42.2907],[23.8806,42.2615],[23.8481,42.2257],[23.8009,42.2113],[23.7957,42.1887],[23.7631,42.1776],[23.7726,42.1582],[23.8096,42.1329],[23.8133,42.0962],[23.8013,42.0627],[23.8205,42.0453],[23.7919,42.0207],[23.7666,41.9765],[23.7625,41.9399],[23.7896,41.906],[23.7957,41.8609],[23.8217,41.8238],[23.8682,41.7954],[23.9055,41.7965],[23.9282,41.769],[24.042,41.7104],[24.0726,41.6863],[24.1023,41.7094],[24.0996,41.7421],[24.0664,41.7679],[24.0631,41.792],[24.0996,41.7971],[24.1496,41.7911],[24.1893,41.7641],[24.1772,41.7281],[24.2143,41.7407],[24.2713,41.7419],[24.3146,41.771],[24.3152,41.8174],[24.3577,41.8615],[24.424,41.8895],[24.4511,41.9494],[24.5626,41.8852],[24.6591,41.9253],[24.7602,41.9411],[24.8088,41.931],[24.8452,41.8958],[24.9144,41.8581],[24.9338,41.8314],[24.9938,41.8389],[25.0313,41.8009],[25.0671,41.795],[25.0911,41.7933],[25.1021,41.831],[25.1243,41.8445],[25.1494,41.8818],[25.1959,41.9086],[25.2226,41.9037],[25.2108,41.8785],[25.2472,41.817],[25.3,41.8097],[25.3304,41.8176],[25.3531,41.8385],[25.3893,41.8466],[25.4084,41.7978],[25.4708,41.77],[25.5316,41.7867],[25.5672,41.7615],[25.5858,41.7614],[25.634,41.7009],[25.6056,41.6337],[25.6391,41.6204],[25.6802,41.6304],[25.7147,41.6211],[25.747,41.6517],[25.7822,41.6646],[25.8172,41.6548],[25.8276,41.6148],[25.8731,41.5782],[25.9169,41.5627],[25.9569,41.592],[25.9642,41.6126],[25.9989,41.6191],[26.0098,41.6358],[26.0595,41.6438],[26.1067,41.6243],[26.1303,41.5827],[26.1294,41.5594],[26.1581,41.5423],[26.1645,41.5177],[26.1459,41.478],[26.1743,41.446],[26.1209,41.3578],[26.0219,41.3417],[25.9596,41.315],[25.9212,41.316],[25.882,41.304],[25.811,41.341],[25.7635,41.319],[25.7175,41.3141],[25.6912,41.2984],[25.6398,41.3111],[25.5515,41.3157],[25.5051,41.2806],[25.4535,41.2804],[25.2857,41.2394],[25.2197,41.2497],[25.1771,41.2939],[25.1538,41.3075],[25.0804,41.3341],[24.917,41.3864],[24.8864,41.4006],[24.8033,41.3927],[24.7943,41.3474],[24.7744,41.3481],[24.7187,41.3957],[24.6809,41.4155],[24.6471,41.4172],[24.6382,41.4177],[24.6443,41.4277],[24.5958,41.4298],[24.5811,41.4602],[24.5494,41.4854],[24.5309,41.5475],[24.5102,41.5617],[24.4592,41.5495],[24.4388,41.5277],[24.3539,41.5191],[24.2868,41.5176],[24.2864,41.5404],[24.2507,41.5635],[24.1977,41.5477],[24.1628,41.512],[24.1463,41.5268],[24.0766,41.536],[24.0473,41.5257],[24.0525,41.4715],[24.0459,41.4555],[24.0007,41.4641],[23.9499,41.4376],[23.8948,41.4643],[23.8677,41.4455],[23.7771,41.429],[23.7544,41.4007],[23.7054,41.4032],[23.6529,41.3976],[23.6248,41.3771],[23.579,41.372],[23.513,41.3977],[23.4145,41.3999],[23.3472,41.3712],[23.326,41.3693],[23.2877,41.3982],[23.2466,41.3897],[23.2098,41.3686],[23.1995,41.333],[23.1797,41.3214],[23.1152,41.3127],[22.917,41.3358],[22.826,41.341],[22.7968,41.337],[22.781,41.3349],[22.7623,41.3225],[22.7513,41.3152],[22.742,41.287],[22.7409,41.2836],[22.7367,41.2044],[22.7272,41.1658],[22.7158,41.1456],[22.7049,41.1397],[22.6919,41.1446],[22.6741,41.1566],[22.6572,41.177],[22.6445,41.1802],[22.6293,41.1771],[22.6259,41.1698],[22.6245,41.1526],[22.6073,41.136],[22.5866,41.1241],[22.5492,41.1185],[22.5007,41.1221],[22.4675,41.115],[22.4218,41.1146],[22.3802,41.1317],[22.3067,41.1284],[22.3026,41.1455],[22.2136,41.1607],[22.1603,41.1519],[22.1034,41.1215],[22.0482,41.1519],[22.0291,41.1386],[21.9651,41.1244],[21.9255,41.1068],[21.9012,41.0908],[21.8963,41.0647],[21.8807,41.0384],[21.845,41.0124],[21.8313,40.9935],[21.7837,40.9642],[21.7781,40.9337],[21.7571,40.9225],[21.737,40.9192],[21.6851,40.928],[21.6569,40.9182],[21.6439,40.8945],[21.6237,40.8944],[21.5816,40.8663],[21.5537,40.8704],[21.5057,40.9009],[21.4294,40.909],[21.3813,40.9005],[21.3449,40.8731],[21.2954,40.8609],[21.2458,40.8632],[21.183,40.8702],[21.1121,40.8539],[20.9653,40.8494],[20.9567,40.8948],[20.9399,40.9071],[20.8902,40.9183],[20.8365,40.9239],[20.817,40.9202],[20.7661,40.8937],[20.7409,40.898],[20.7172,40.9132],[20.7027,40.9363],[20.6641,41.0591],[20.6539,41.0753],[20.643,41.0816],[20.5974,41.0863],[20.6024,41.0458],[20.5901,41.0185],[20.5428,41.0296],[20.4229,40.9881],[20.406,40.9342],[20.3813,40.9247],[20.3985,40.8889],[20.4415,40.8441],[20.4685,40.7997],[20.4448,40.7658],[20.4157,40.7523],[20.3397,40.7453],[20.2932,40.726],[20.2219,40.7157],[20.2003,40.7323],[20.145,40.7433],[20.1543,40.7549],[20.093,40.7801],[20.0686,40.8112],[20.0131,40.8285],[20.0166,40.8737],[20.0021,40.8817],[19.969,40.8671],[19.8889,40.8743],[19.8672,40.8684],[19.8692,40.8502],[19.8267,40.8489],[19.8124,40.8606],[19.7743,40.8471],[19.7646,40.8125],[19.7319,40.812]]],[[[23.5872,39.2076],[23.6278,39.1473],[23.6342,39.1428],[23.6646,39.0952],[23.6663,39.0948],[23.666,39.0928],[23.7168,39.0772],[23.7295,39.0811],[23.7366,39.0796],[23.7367,39.0797],[23.737,39.0796],[23.7447,39.0858],[23.7603,39.0906],[23.7927,39.1182],[23.7727,39.1293],[23.7488,39.1304],[23.729,39.1404],[23.7305,39.1461],[23.6834,39.1632],[23.6522,39.1788],[23.6013,39.2138],[23.5872,39.2076]]],[[[23.8335,39.1461],[23.8645,39.144],[23.8958,39.1618],[23.8999,39.1677],[23.9386,39.2011],[23.9597,39.244],[23.967,39.2512],[23.971,39.2671],[23.9722,39.2719],[23.9398,39.2798],[23.9017,39.2328],[23.8878,39.2258],[23.8488,39.1592],[23.8335,39.1461]]],[[[24.512,40.6668],[24.5146,40.6519],[24.5142,40.6476],[24.5142,40.6472],[24.5155,40.6465],[24.5168,40.6391],[24.5402,40.634],[24.6114,40.5978],[24.6423,40.5706],[24.6639,40.5839],[24.7738,40.6142],[24.7738,40.6146],[24.7735,40.618],[24.7824,40.6202],[24.7705,40.6556],[24.7702,40.6595],[24.7789,40.6813],[24.7864,40.6879],[24.7831,40.6918],[24.7882,40.7045],[24.7881,40.7047],[24.7882,40.7049],[24.7738,40.7309],[24.7703,40.7345],[24.7864,40.7351],[24.7492,40.7562],[24.7412,40.7644],[24.7317,40.7835],[24.7213,40.785],[24.7198,40.7865],[24.702,40.7878],[24.6746,40.7917],[24.6423,40.8039],[24.6255,40.7932],[24.6226,40.7934],[24.6222,40.7934],[24.5862,40.7691],[24.5843,40.7669],[24.5667,40.7556],[24.5334,40.7182],[24.5234,40.6942],[24.5178,40.6875],[24.517,40.6789],[24.512,40.6668]]],[[[25.4435,40.4819],[25.4663,40.4558],[25.5326,40.415],[25.5661,40.405],[25.5727,40.4007],[25.573,40.4008],[25.5731,40.4007],[25.5772,40.4017],[25.5891,40.3981],[25.6826,40.4231],[25.6837,40.4265],[25.6847,40.4267],[25.6845,40.4271],[25.6847,40.4271],[25.6842,40.428],[25.6907,40.4477],[25.6887,40.475],[25.6565,40.4962],[25.5759,40.5147],[25.5715,40.5148],[25.5695,40.5157],[25.5692,40.5156],[25.5691,40.5157],[25.5661,40.5149],[25.5466,40.5153],[25.5021,40.4976],[25.4467,40.4827],[25.447,40.4825],[25.4469,40.4825],[25.4471,40.4824],[25.4467,40.4823],[25.4474,40.4818],[25.4435,40.4819]]],[[[25.6633,40.1262],[25.7212,40.1048],[25.766,40.0972],[25.8563,40.1079],[25.9004,40.1227],[25.9678,40.1308],[26.0122,40.1461],[26.0122,40.1666],[25.9729,40.1532],[25.9728,40.1584],[25.9763,40.1785],[25.9762,40.1786],[25.9763,40.1789],[25.9725,40.1828],[25.9719,40.2211],[25.9382,40.2416],[25.9133,40.2413],[25.8947,40.236],[25.8751,40.2344],[25.7983,40.2124],[25.759,40.2067],[25.719,40.1872],[25.6862,40.1608],[25.6633,40.1262]]]]}},
{"type":"Feature","properties":{"entityId":"macedonia-kingdom","from":-322,"to":-321,"certainty":"estimated","source":"유럽 쪽은 Natural Earth 1:10m admin-1(v5.1.2) 현대 행정구역 조각을 그 시기 국경에 맞춰 묶고, 조각이 역사 경계와 다른 곳은 선을 그어 나눈 근사. 유럽 밖(시베리아·중앙아시아·극동)은 대략적인 추정. 운영자 검수 필요"},"geometry":{"type":"MultiPolygon","coordinates":[[[[19.7319,40.812],[19.7383,40.7812],[19.7608,40.7552],[19.7562,40.7166],[19.7952,40.6976],[19.8322,40.6361],[19.8085,40.6202],[19.8489,40.5686],[19.8993,40.5451],[19.9049,40.5273],[19.9371,40.5119],[19.9805,40.5089],[20.0202,40.4935],[20.068,40.4892],[20.0723,40.5033],[20.1082,40.4813],[20.1484,40.4726],[20.2486,40.3724],[20.2978,40.3553],[20.3066,40.3763],[20.3704,40.3992],[20.3723,40.4331],[20.4426,40.4397],[20.4603,40.437],[20.4415,40.4145],[20.4702,40.3677],[20.4617,40.3245],[20.482,40.2728],[20.5126,40.2663],[20.496,40.2255],[20.5268,40.1581],[20.6154,40.081],[20.6476,40.094],[20.6682,40.1381],[20.6599,40.1727],[20.6853,40.1912],[20.6964,40.2151],[20.6946,40.2556],[20.707,40.2881],[20.7396,40.3092],[20.7732,40.299],[20.8064,40.3199],[20.8439,40.3266],[20.8784,40.2653],[20.9208,40.225],[20.9479,40.1809],[20.9608,40.1384],[20.9323,40.087],[20.9482,40.077],[20.9611,40.0345],[20.9879,40.0068],[21.027,40.0215],[21.0429,40.0115],[21.0403,39.9817],[21.0139,39.941],[21.0453,39.9182],[21.0588,39.862],[21.0779,39.8325],[21.0949,39.8277],[21.1892,39.8496],[21.2249,39.8482],[21.2906,39.8186],[21.2912,39.8048],[21.2639,39.8108],[21.2151,39.7837],[21.1984,39.7556],[21.2162,39.6687],[21.1432,39.68],[21.1104,39.6592],[21.1232,39.6003],[21.1661,39.5652],[21.169,39.5102],[21.1531,39.4847],[21.1749,39.4521],[21.1787,39.4189],[21.226,39.3888],[21.2403,39.3543],[21.2752,39.3337],[21.3459,39.3308],[21.3851,39.2797],[21.3331,39.2012],[21.3623,39.1539],[21.3757,39.1496],[21.4228,39.1877],[21.4776,39.2112],[21.5089,39.191],[21.5521,39.2268],[21.6377,39.2437],[21.6608,39.2191],[21.6662,39.1774],[21.6986,39.1624],[21.697,39.1216],[21.72,39.0969],[21.7564,39.1006],[21.813,39.1319],[21.8309,39.1324],[21.8991,39.1021],[21.9134,39.0866],[21.9157,39.0316],[21.97,39.0358],[22.0126,39.0523],[22.0392,39.0763],[22.0958,39.091],[22.1167,39.1048],[22.147,39.1611],[22.2359,39.2402],[22.2844,39.2175],[22.3547,39.1975],[22.4054,39.169],[22.413,39.1242],[22.4285,39.114],[22.4939,39.1192],[22.4926,39.0509],[22.516,39.0287],[22.5546,39.0263],[22.6308,39.0327],[22.7144,38.9942],[22.7863,38.9819],[22.8394,38.9803],[22.8694,38.957],[22.9271,38.9602],[22.966,38.9742],[22.9967,38.9634],[23.0144,38.9934],[23.1116,39.05],[23.2027,39.103],[23.2186,39.1039],[23.2855,39.148],[23.3013,39.1514],[23.3438,39.1796],[23.3432,39.1849],[23.3518,39.1899],[23.3515,39.1902],[23.3518,39.1903],[23.331,39.2098],[23.2957,39.2637],[23.287,39.2883],[23.2823,39.2945],[23.2713,39.3229],[23.2468,39.3413],[23.233,39.3595],[23.1441,39.45],[23.1074,39.4873],[23.1018,39.4974],[23.0559,39.5272],[23.024,39.5373],[22.9774,39.5643],[22.9198,39.6286],[22.8664,39.7393],[22.8587,39.7733],[22.8403,39.8034],[22.8011,39.8403],[22.7877,39.8479],[22.777,39.8583],[22.7623,39.8977],[22.7437,39.9475],[22.7159,40.022],[22.7065,40.0471],[22.632,40.2463],[22.6283,40.2563],[22.7422,40.3901],[22.8152,40.476],[22.8953,40.3981],[22.8882,40.3863],[22.9064,40.3873],[23.3442,39.9617],[23.3608,39.9617],[23.3606,39.9611],[23.3644,39.9617],[23.4925,39.9617],[23.548,39.9461],[23.6165,39.9233],[23.7031,39.9127],[23.7479,39.9305],[23.6973,39.9405],[23.676,39.9611],[23.6759,39.9617],[23.899,39.9617],[23.9142,39.9666],[23.9197,39.9564],[23.9912,39.9536],[23.9728,39.9619],[23.9987,39.9748],[23.988,39.99],[23.9884,39.9903],[24.0511,40.0104],[24.14,40.0388],[24.1844,40.0531],[24.2289,40.0673],[24.4066,40.1242],[24.4063,40.1245],[24.4066,40.1246],[24.3815,40.145],[24.3938,40.1525],[24.3833,40.1791],[24.3206,40.228],[24.2663,40.289],[24.2334,40.3169],[24.2223,40.3171],[24.2122,40.3282],[24.1889,40.3388],[24.1799,40.3515],[24.1336,40.3638],[24.0855,40.3856],[24.0293,40.4313],[24.0288,40.4321],[24.0114,40.4492],[24.0076,40.4489],[24.0042,40.4517],[23.9154,40.5239],[23.9092,40.5289],[23.9149,40.5389],[23.8888,40.5638],[23.8663,40.5638],[23.8291,40.5941],[23.7704,40.6418],[23.7443,40.677],[23.7484,40.6932],[23.8291,40.7106],[23.8635,40.718],[23.8978,40.7254],[23.9665,40.7402],[23.9863,40.7322],[24.0731,40.7214],[24.1101,40.7279],[24.2959,40.8112],[24.6124,40.8794],[24.6287,40.8586],[24.6619,40.8791],[24.6798,40.8694],[24.6907,40.8682],[24.7284,40.8527],[24.7539,40.8614],[24.79,40.8575],[24.802,40.8535],[24.8297,40.8768],[24.8342,40.8791],[24.82,40.95],[24.8,41.08],[24.75,41.15],[24.7,41.25],[24.65,41.4],[24.6471,41.4172],[24.6382,41.4177],[24.6443,41.4277],[24.5958,41.4298],[24.5811,41.4602],[24.5494,41.4854],[24.5309,41.5475],[24.5102,41.5617],[24.4592,41.5495],[24.4388,41.5277],[24.3539,41.5191],[24.2868,41.5176],[24.2864,41.5404],[24.2507,41.5635],[24.1977,41.5477],[24.1628,41.512],[24.1463,41.5268],[24.0766,41.536],[24.0473,41.5257],[24.0525,41.4715],[24.0459,41.4555],[24.0007,41.4641],[23.9499,41.4376],[23.8948,41.4643],[23.8677,41.4455],[23.7771,41.429],[23.7544,41.4007],[23.7054,41.4032],[23.6529,41.3976],[23.6248,41.3771],[23.579,41.372],[23.513,41.3977],[23.4145,41.3999],[23.3472,41.3712],[23.326,41.3693],[23.2877,41.3982],[23.2466,41.3897],[23.2098,41.3686],[23.1995,41.333],[23.1797,41.3214],[23.1152,41.3127],[22.917,41.3358],[22.826,41.341],[22.7968,41.337],[22.781,41.3349],[22.7623,41.3225],[22.7513,41.3152],[22.742,41.287],[22.7409,41.2836],[22.7367,41.2044],[22.7272,41.1658],[22.7158,41.1456],[22.7049,41.1397],[22.6919,41.1446],[22.6741,41.1566],[22.6572,41.177],[22.6445,41.1802],[22.6293,41.1771],[22.6259,41.1698],[22.6245,41.1526],[22.6073,41.136],[22.5866,41.1241],[22.5492,41.1185],[22.5007,41.1221],[22.4675,41.115],[22.4218,41.1146],[22.3802,41.1317],[22.3067,41.1284],[22.3026,41.1455],[22.2136,41.1607],[22.1603,41.1519],[22.1034,41.1215],[22.0482,41.1519],[22.0291,41.1386],[21.9651,41.1244],[21.9255,41.1068],[21.9012,41.0908],[21.8963,41.0647],[21.8807,41.0384],[21.845,41.0124],[21.8313,40.9935],[21.7837,40.9642],[21.7781,40.9337],[21.7571,40.9225],[21.737,40.9192],[21.6851,40.928],[21.6569,40.9182],[21.6439,40.8945],[21.6237,40.8944],[21.5816,40.8663],[21.5537,40.8704],[21.5057,40.9009],[21.4294,40.909],[21.3813,40.9005],[21.3449,40.8731],[21.2954,40.8609],[21.2458,40.8632],[21.183,40.8702],[21.1121,40.8539],[20.9653,40.8494],[20.9567,40.8948],[20.9399,40.9071],[20.8902,40.9183],[20.8365,40.9239],[20.817,40.9202],[20.7661,40.8937],[20.7409,40.898],[20.7172,40.9132],[20.7027,40.9363],[20.6641,41.0591],[20.6539,41.0753],[20.643,41.0816],[20.5974,41.0863],[20.6024,41.0458],[20.5901,41.0185],[20.5428,41.0296],[20.4229,40.9881],[20.406,40.9342],[20.3813,40.9247],[20.3985,40.8889],[20.4415,40.8441],[20.4685,40.7997],[20.4448,40.7658],[20.4157,40.7523],[20.3397,40.7453],[20.2932,40.726],[20.2219,40.7157],[20.2003,40.7323],[20.145,40.7433],[20.1543,40.7549],[20.093,40.7801],[20.0686,40.8112],[20.0131,40.8285],[20.0166,40.8737],[20.0021,40.8817],[19.969,40.8671],[19.8889,40.8743],[19.8672,40.8684],[19.8692,40.8502],[19.8267,40.8489],[19.8124,40.8606],[19.7743,40.8471],[19.7646,40.8125],[19.7319,40.812]]],[[[23.5872,39.2076],[23.6278,39.1473],[23.6342,39.1428],[23.6646,39.0952],[23.6663,39.0948],[23.666,39.0928],[23.7168,39.0772],[23.7295,39.0811],[23.7366,39.0796],[23.7367,39.0797],[23.737,39.0796],[23.7447,39.0858],[23.7603,39.0906],[23.7927,39.1182],[23.7727,39.1293],[23.7488,39.1304],[23.729,39.1404],[23.7305,39.1461],[23.6834,39.1632],[23.6522,39.1788],[23.6013,39.2138],[23.5872,39.2076]]],[[[23.8335,39.1461],[23.8645,39.144],[23.8958,39.1618],[23.8999,39.1677],[23.9386,39.2011],[23.9597,39.244],[23.967,39.2512],[23.971,39.2671],[23.9722,39.2719],[23.9398,39.2798],[23.9017,39.2328],[23.8878,39.2258],[23.8488,39.1592],[23.8335,39.1461]]],[[[24.512,40.6668],[24.5146,40.6519],[24.5142,40.6476],[24.5142,40.6472],[24.5155,40.6465],[24.5168,40.6391],[24.5402,40.634],[24.6114,40.5978],[24.6423,40.5706],[24.6639,40.5839],[24.7738,40.6142],[24.7738,40.6146],[24.7735,40.618],[24.7824,40.6202],[24.7705,40.6556],[24.7702,40.6595],[24.7789,40.6813],[24.7864,40.6879],[24.7831,40.6918],[24.7882,40.7045],[24.7881,40.7047],[24.7882,40.7049],[24.7738,40.7309],[24.7703,40.7345],[24.7864,40.7351],[24.7492,40.7562],[24.7412,40.7644],[24.7317,40.7835],[24.7213,40.785],[24.7198,40.7865],[24.702,40.7878],[24.6746,40.7917],[24.6423,40.8039],[24.6255,40.7932],[24.6226,40.7934],[24.6222,40.7934],[24.5862,40.7691],[24.5843,40.7669],[24.5667,40.7556],[24.5334,40.7182],[24.5234,40.6942],[24.5178,40.6875],[24.517,40.6789],[24.512,40.6668]]],[[[25.4435,40.4819],[25.4663,40.4558],[25.5326,40.415],[25.5661,40.405],[25.5727,40.4007],[25.573,40.4008],[25.5731,40.4007],[25.5772,40.4017],[25.5891,40.3981],[25.6826,40.4231],[25.6837,40.4265],[25.6847,40.4267],[25.6845,40.4271],[25.6847,40.4271],[25.6842,40.428],[25.6907,40.4477],[25.6887,40.475],[25.6565,40.4962],[25.5759,40.5147],[25.5715,40.5148],[25.5695,40.5157],[25.5692,40.5156],[25.5691,40.5157],[25.5661,40.5149],[25.5466,40.5153],[25.5021,40.4976],[25.4467,40.4827],[25.447,40.4825],[25.4469,40.4825],[25.4471,40.4824],[25.4467,40.4823],[25.4474,40.4818],[25.4435,40.4819]]],[[[26.07,39.4963],[26.0742,39.4745],[26.113,39.4592],[26.1528,39.4592],[26.1717,39.4631],[26.22,39.4265],[26.22,39.4364],[26.2683,39.4364],[26.2683,39.4205],[26.365,39.4205],[26.365,39.4375],[26.4617,39.4375],[26.4617,39.3987],[26.5101,39.3987],[26.5101,39.2619],[26.5584,39.2619],[26.5584,39.2264],[26.599,39.2264],[26.599,39.1967],[26.6396,39.1967],[26.6396,39.1669],[26.6421,39.1669],[26.6421,39.1372],[26.6815,39.1372],[26.6815,39.1074],[26.7208,39.1074],[26.7208,39.0479],[26.8009,38.9874],[26.8017,38.982],[26.6753,38.78],[26.561,38.5972],[26.5558,38.6054],[26.5056,38.6527],[26.4656,38.6727],[26.4141,38.6794],[26.3563,38.6617],[26.3486,38.6213],[26.3758,38.5286],[26.4038,38.4875],[26.3879,38.4543],[26.4181,38.4649],[26.4294,38.4409],[26.4151,38.3682],[26.3435,38.37],[26.3431,38.37],[26.3219,38.3339],[26.3143,38.3367],[26.3211,38.3777],[26.3076,38.3579],[26.2941,38.3699],[26.2889,38.3406],[26.3076,38.3231],[26.2859,38.3187],[26.2654,38.2867],[26.2388,38.2958],[26.2346,38.2738],[26.2866,38.2611],[26.3286,38.2351],[26.3344,38.2351],[26.3179,38.2086],[26.3181,38.2085],[26.3179,38.2082],[26.5572,38.0264],[26.6768,37.9356],[26.6768,37.9377],[26.7964,37.9377],[26.7964,37.922],[27.0306,37.922],[27.0306,37.8922],[27.1185,37.8922],[27.1185,37.8324],[27.1477,37.8324],[27.1477,37.8025],[27.173,37.8025],[27.173,37.7753],[27.1445,37.7753],[27.1445,37.7428],[27.1161,37.7428],[27.1161,37.7157],[27.0876,37.7157],[27.0876,37.6892],[27.0591,37.6897],[27.0591,37.7067],[27.0306,37.7066],[27.0048,37.7066],[27.0048,37.6863],[27.0208,37.6742],[27.0115,37.6657],[27.0488,37.6501],[27.0507,37.6497],[27.206,37.3898],[27.2075,37.3764],[27.1908,37.3573],[27.2119,37.3573],[27.2334,37.344],[27.2801,37.266],[27.302,37.2293],[27.3239,37.1927],[27.3579,37.1358],[27.349,37.1301],[27.3218,37.1587],[27.3218,37.1254],[27.3011,37.127],[27.3007,37.127],[27.2998,37.1262],[27.2717,37.1289],[27.2604,37.1103],[27.2828,37.1103],[27.2696,37.0981],[27.2391,37.083],[27.2288,37.0618],[27.2527,36.9783],[27.2632,36.9634],[27.3081,36.9594],[27.3006,36.9731],[27.3327,36.9971],[27.3314,37.0023],[27.3436,37.0146],[27.4059,37.0167],[27.4296,37.0158],[27.5784,36.7671],[27.5614,36.7609],[27.4832,36.754],[27.4588,36.7557],[27.4273,36.7357],[27.4143,36.7093],[27.3558,36.7124],[27.3628,36.6851],[27.4557,36.6629],[27.4727,36.6509],[27.4863,36.6652],[27.5486,36.6834],[27.5556,36.6829],[27.5597,36.6746],[27.603,36.6789],[27.6374,36.6682],[27.6427,36.6595],[27.6431,36.6595],[27.6646,36.6598],[27.6712,36.6578],[27.6716,36.6599],[28.0144,36.6653],[28.0207,36.6336],[28.0211,36.6337],[28.0211,36.6336],[28.0881,36.6426],[28.054,36.6096],[28.0344,36.6025],[27.9592,36.6025],[27.9661,36.5759],[27.9909,36.5598],[28.0138,36.5759],[28.048,36.569],[28.0617,36.5963],[28.0881,36.5891],[28.1115,36.6042],[28.1584,36.6675],[28.7335,36.6764],[28.8293,36.6235],[28.8186,36.6117],[28.8587,36.6013],[28.8614,36.6057],[29.106,36.4706],[29.1242,36.4536],[29.1304,36.4114],[29.0964,36.3909],[29.1447,36.3772],[29.1447,36.3493],[29.2186,36.3288],[29.2231,36.3246],[29.2437,36.3138],[29.2612,36.2936],[29.3223,36.2469],[29.3571,36.2357],[29.3702,36.2522],[29.4187,36.2375],[29.4204,36.2306],[29.4262,36.2353],[29.4725,36.2213],[29.4945,36.211],[29.5215,36.206],[29.5229,36.206],[29.585,36.1872],[29.5835,36.1855],[29.5887,36.1861],[29.6342,36.1723],[29.634,36.1571],[29.6682,36.1438],[29.6724,36.1234],[29.6944,36.1455],[29.6983,36.1433],[29.6986,36.1434],[29.6987,36.1433],[29.7457,36.1515],[29.7617,36.137],[29.7953,36.1452],[29.823,36.1649],[30.3566,36.2576],[30.3859,36.243],[30.3861,36.2431],[30.3863,36.243],[30.4,36.2488],[30.4004,36.2481],[30.3986,36.206],[30.4408,36.2393],[30.4517,36.2618],[30.488,36.2878],[30.4668,36.2878],[30.473,36.2985],[30.4835,36.3107],[30.4838,36.3127],[30.5199,36.3419],[30.4942,36.3493],[30.5016,36.3636],[30.4927,36.3708],[30.5046,36.4478],[30.5088,36.4543],[30.5101,36.4583],[30.5487,36.5115],[30.5698,36.528],[30.5811,36.5752],[30.5724,36.5919],[30.6028,36.6465],[30.6203,36.6781],[31.6999,36.6443],[31.8,36.578],[32.2814,36.2591],[32.283,36.2506],[32.3187,36.2286],[32.3655,36.178],[32.4196,36.1595],[32.4373,36.1387],[32.5134,36.103],[32.5452,36.0981],[32.5826,36.0888],[32.6707,36.0467],[32.7606,36.0295],[32.8037,36.0272],[32.8655,36.0678],[32.9279,36.0954],[32.9826,36.0976],[33.0877,36.0828],[33.1071,36.1033],[33.3004,36.1318],[33.3084,36.1322],[33.3093,36.1331],[33.3662,36.1415],[33.3865,36.137],[33.4371,36.1519],[33.4425,36.1527],[33.5215,36.144],[33.5219,36.144],[33.5325,36.1463],[33.5442,36.1445],[33.5523,36.1275],[33.5888,36.1588],[33.661,36.1747],[33.6853,36.1432],[33.7053,36.1817],[33.7177,36.1922],[33.7302,36.1976],[33.9451,36.2134],[33.959,36.2136],[33.9593,36.2145],[34.0259,36.2194],[34.2,36.3651],[34.7134,36.7948],[34.9056,36.7421],[34.9079,36.7404],[34.9004,36.7199],[34.9333,36.7275],[34.9423,36.7263],[34.9435,36.7256],[35.1174,36.6585],[35.2947,36.5725],[35.348,36.5444],[35.409,36.5769],[35.4717,36.5868],[35.552,36.5647],[35.5524,36.5647],[35.8126,36.6016],[35.8379,36.6052],[35.8631,36.6088],[35.8883,36.6123],[35.9639,36.6231],[36.0144,36.6302],[36.1599,36.6509],[36.0328,36.5246],[36.0308,36.5229],[36.0144,36.51],[35.966,36.4719],[35.9424,36.4643],[35.9187,36.4482],[35.9124,36.4296],[35.8832,36.4066],[35.879,36.4009],[35.8735,36.3977],[35.8676,36.3856],[35.8572,36.3714],[35.8159,36.353],[35.7887,36.3203],[35.7965,36.2898],[35.7824,36.2757],[35.7826,36.2755],[35.7824,36.2753],[35.8986,36.1317],[35.9246,36.0704],[35.9551,35.9985],[35.9268,35.9607],[35.9137,35.9433],[35.894,35.917],[35.8851,35.9058],[35.9015,35.9058],[35.9113,35.9178],[35.9803,35.9269],[35.9928,35.9153],[35.9924,35.8773],[36.0803,35.8542],[36.1385,35.8198],[36.1553,35.8222],[36.1688,35.8521],[36.1749,35.9227],[36.1969,35.9517],[36.229,35.9612],[36.269,35.9587],[36.2775,35.9942],[36.2974,36.0007],[36.3367,35.9882],[36.358,35.994],[36.3555,36.0224],[36.3586,36.167],[36.3758,36.2045],[36.373,36.2276],[36.4119,36.2045],[36.4507,36.1999],[36.4689,36.2224],[36.4986,36.2279],[36.5935,36.2181],[36.6643,36.229],[36.6691,36.2599],[36.6488,36.3057],[36.6207,36.322],[36.5878,36.3248],[36.5943,36.3571],[36.5857,36.387],[36.5527,36.4082],[36.5338,36.4625],[36.5355,36.494],[36.5653,36.5325],[36.5693,36.6201],[36.5947,36.6858],[36.6033,36.747],[36.6433,36.8036],[36.6399,36.8281],[36.6596,36.8272],[36.8437,36.7758],[36.9068,36.7726],[36.9647,36.7538],[37.0106,36.7195],[37.0195,36.6858],[37.0145,36.6423],[37.0531,36.6199],[37.1044,36.651],[37.1561,36.6439],[37.2419,36.6586],[37.4045,36.6345],[37.4461,36.6342],[37.5221,36.6736],[37.5934,36.7105],[37.6541,36.7321],[37.8197,36.7605],[38.026,36.835],[38.123,36.8846],[38.1901,36.9055],[38.2243,36.9084],[38.2899,36.9017],[38.48,36.8557],[38.5294,36.8337],[38.6352,36.744],[38.6641,36.7195],[38.725,36.6939],[38.7954,36.6867],[38.958,36.6929],[39.0322,36.7012],[39.1859,36.6595],[39.2396,36.6613],[39.4417,36.6924],[39.7653,36.7422],[39.9798,36.807],[40.0792,36.8549],[40.1527,36.8704],[40.1901,36.8844],[40.2614,36.9228],[40.3937,36.994],[40.4352,37.0106],[40.5257,37.0259],[40.6595,37.0853],[40.709,37.1005],[40.8964,37.1227],[41.1351,37.0842],[41.2013,37.065],[41.4798,37.0756],[41.8964,37.1543],[41.876,37.2168],[41.814,37.2581],[41.6983,37.2871],[41.6818,37.3284],[41.7231,37.3656],[41.8926,37.4359],[41.905,37.502],[41.876,37.5888],[41.8169,37.7138],[41.6322,37.6094],[41.5206,37.5433],[41.3677,37.5185],[41.2603,37.5722],[41.19,37.688],[41.1197,37.7582],[41.0752,37.7649],[41.0118,37.7414],[40.662,37.7484],[40.5516,37.7299],[40.5392,37.7073],[40.492,37.657],[40.4122,37.6524],[40.3009,37.5842],[40.2518,37.5693],[40.1426,37.5087],[40.0978,37.4758],[40,37.3757],[39.9537,37.4174],[39.9202,37.4695],[39.8843,37.5501],[39.8567,37.6694],[39.8632,37.7777],[39.8486,37.8019],[39.8128,37.8136],[39.7592,37.8424],[39.7385,37.8172],[39.6913,37.8339],[39.6527,37.8621],[39.5888,37.883],[39.5233,37.9261],[39.4626,37.9767],[39.4079,37.997],[39.3486,37.9989],[39.2675,38.0091],[39.189,38.0431],[39.2346,38.0761],[39.2247,38.0903],[39.2563,38.1531],[39.2526,38.1797],[39.2219,38.205],[39.1413,38.1786],[39.1149,38.1927],[39.0695,38.1515],[39.0156,38.1308],[38.932,38.1073],[38.8032,38.0903],[38.7334,38.0984],[38.6631,38.0982],[38.6035,38.1104],[38.5714,38.1259],[38.5639,38.1467],[38.6228,38.1866],[38.6187,38.2191],[38.5609,38.2284],[38.5009,38.2146],[38.4309,38.2141],[38.3579,38.149],[38.295,38.0738],[38.2173,38.0405],[38.1909,38.0008],[38.1892,37.9485],[38.1276,37.905],[38.0444,37.8887],[37.9735,37.8657],[37.888,37.881],[37.796,37.8712],[37.7076,37.842],[37.5653,37.8205],[37.6069,37.8795],[37.6582,38.0267],[37.7152,38.0927],[37.7213,38.1226],[37.7762,38.2372],[37.7823,38.2784],[37.7336,38.3462],[37.6552,38.3747],[37.5872,38.39],[37.4597,38.4496],[37.3107,38.4749],[37.2371,38.4672],[37.2259,38.5263],[37.2844,38.6036],[37.0597,38.5881],[37.0088,38.6105],[36.8789,38.625],[36.7475,38.5994],[36.7137,38.583],[36.694,38.5523],[36.682,38.4999],[36.65,38.4591],[36.5055,38.3229],[36.4626,38.358],[36.4373,38.4097],[36.4001,38.4566],[36.348,38.4747],[36.2669,38.4578],[36.19,38.4235],[36.1459,38.3951],[36.1033,38.3122],[36.0756,38.2819],[36.0331,38.2133],[35.979,38.155],[35.6077,37.9538],[35.6296,37.7702],[35.5772,37.7505],[35.4536,37.7888],[35.3632,37.8073],[35.1906,37.8181],[35.0597,37.7135],[35,37.7057],[34.9619,37.7007],[34.9106,37.7136],[34.8597,37.7166],[34.8278,37.6802],[34.8326,37.6299],[34.8652,37.553],[34.8499,37.5106],[34.7946,37.4572],[34.7916,37.3877],[34.7215,37.4014],[34.5875,37.3533],[34.5122,37.352],[34.4891,37.3949],[34.4272,37.4432],[34.3891,37.4865],[34.3941,37.5611],[34.4329,37.6086],[34.4568,37.6603],[34.4455,37.7171],[34.4128,37.7531],[34.3733,37.7835],[34.3005,37.8753],[34.2063,37.9099],[34.1731,37.9506],[34.1598,38.0023],[34.0849,38.0118],[34.0094,37.9981],[33.9321,37.9736],[33.8538,37.9578],[33.7746,37.9608],[33.6189,37.9521],[33.4997,37.9318],[33.4561,37.9332],[33.4155,37.9637],[33.3485,38.0292],[33.3251,38.1088],[33.3012,38.1271],[33.2647,38.2045],[33.2721,38.286],[33.294,38.3571],[33.3177,38.4098],[33.353,38.4526],[33.3675,38.5315],[33.3895,38.5649],[33.4474,38.6161],[33.4666,38.6436],[33.5535,38.662],[33.6354,38.6987],[33.7224,38.7176],[33.8116,38.7154],[33.8497,38.7301],[33.9333,38.7923],[33.9366,38.8504],[33.8967,38.935],[33.9301,39.0011],[33.9374,39.0347],[33.8753,39.0526],[33.8288,39.0745],[33.7761,39.0777],[33.7393,39.1089],[33.6575,39.1556],[33.545,39.2109],[33.5245,39.2668],[33.6366,39.4187],[33.7989,39.5204],[33.8676,39.6042],[33.9128,39.7069],[34.0733,39.8257],[34.0525,39.9076],[34.0509,39.9586],[34.0976,40.0243],[34.1013,40.0569],[34.0845,40.1091],[34.0164,40.1467],[33.9752,40.218],[33.9642,40.2655],[34.043,40.2999],[34.0818,40.3102],[34.1336,40.3897],[34.1502,40.423],[34.1316,40.4749],[34.0914,40.5311],[34.0787,40.5687],[34.0746,40.6391],[34.0505,40.6763],[34.0442,40.7191],[34.0766,40.7982],[34.0272,40.8608],[34.1145,40.8747],[34.2564,40.9194],[34.2802,40.9691],[34.2264,41.0021],[34.2077,41.0393],[34.2522,41.0913],[34.2871,41.1572],[34.3574,41.2094],[34.3852,41.2643],[34.4194,41.302],[34.4719,41.3108],[34.4798,41.4416],[34.4629,41.4798],[34.472,41.5185],[34.4918,41.5523],[34.5533,41.5912],[34.5879,41.6575],[34.5325,41.7132],[34.4661,41.7275],[34.3443,41.7325],[34.2842,41.7453],[34.2051,41.7478],[34.1404,41.7671],[34.1422,41.8002],[34.1926,41.8451],[34.2209,41.9035],[34.2161,41.9601],[34.1995,41.9619],[34.1995,42.0276],[34.1518,42.027],[33.5143,42.0185],[33.4818,42.0106],[33.3895,42.0168],[33.3609,42.0207],[33.3245,42.019],[33.2916,42.0062],[33.2839,42.0052],[33.0586,41.93],[33.0081,41.9173],[32.9667,41.8994],[32.9455,41.8923],[32.7903,41.8596],[32.7554,41.8591],[32.6792,41.8363],[32.6126,41.8395],[32.5836,41.816],[32.5681,41.8127],[32.5484,41.8157],[32.4685,41.783],[32.3785,41.7534],[32.3772,41.7541],[32.3754,41.7524],[32.3047,41.7291],[32.296,41.7236],[32.2634,41.7202],[32.2434,41.6929],[32.2322,41.6833],[32.1274,41.617],[32.0604,41.5809],[32.1341,41.5994],[32.1901,41.5571],[32.2507,41.5369],[32.2709,41.4843],[32.3072,41.4156],[32.287,41.3308],[32.1981,41.2419],[32.182,41.1893],[32.1496,41.1085],[32.1494,41.0192],[32.1983,41.0181],[32.284,41.0039],[32.2783,40.9486],[32.3303,40.9328],[32.3769,40.9106],[32.4922,40.8678],[32.5295,40.8152],[32.5262,40.7887],[32.5071,40.7052],[32.4713,40.6939],[32.4427,40.673],[32.439,40.619],[32.4767,40.539],[32.4239,40.4856],[32.3961,40.4483],[32.3154,40.4152],[32.1768,40.4313],[32.1349,40.421],[32.0931,40.3989],[31.9751,40.3771],[31.9061,40.3534],[31.8214,40.3384],[31.6965,40.34],[31.6577,40.3361],[31.5679,40.3085],[31.5356,40.3116],[31.4524,40.332],[31.4197,40.3597],[31.2509,40.346],[31.163,40.3869],[31.0692,40.4113],[31.0439,40.3899],[31.0341,40.3524],[31.0382,40.2922],[31.0072,40.2416],[30.9254,40.2057],[30.8636,40.1428],[30.7988,40.1509],[30.7386,40.1678],[30.7011,40.204],[30.64,40.2872],[30.626,40.3315],[30.5736,40.341],[30.4985,40.3396],[30.4577,40.3791],[30.4263,40.394],[30.3507,40.4021],[30.3075,40.399],[30.1691,40.371],[30.081,40.3914],[30.0046,40.4477],[29.9688,40.4887],[29.9408,40.5335],[29.9262,40.577],[29.7889,40.6147],[29.7204,40.6043],[29.5353,40.5524],[29.4771,40.5498],[29.4207,40.5632],[29.3581,40.5729],[29.2939,40.5222],[29.2305,40.5116],[29.0784,40.5632],[29.0475,40.5602],[28.978,40.5732],[28.9803,40.4645],[28.9956,40.4732],[28.9956,40.4182],[28.9177,40.4182],[28.9177,40.4416],[28.8397,40.4416],[28.8397,40.4441],[28.8008,40.4441],[28.8008,40.4592],[28.7618,40.4582],[28.6838,40.4563],[28.5278,40.4523],[28.2159,40.4444],[28.177,40.4434],[28.138,40.4425],[28.06,40.4405],[27.985,40.4386],[28.0168,40.4511],[28.0344,40.4744],[28.0142,40.4912],[27.9699,40.503],[27.8047,40.5228],[27.7894,40.5142],[27.76,40.5371],[27.7332,40.5306],[27.6843,40.5023],[27.7258,40.4614],[27.7502,40.4576],[27.7563,40.4328],[27.589,40.4286],[27.5522,40.4276],[27.5154,40.4267],[27.4417,40.4248],[27.324,40.4219],[27.3034,40.4584],[27.2715,40.4678],[27.2377,40.4557],[27.1451,40.4537],[27.1431,40.4539],[27.126,40.4533],[27.1207,40.4532],[27.1206,40.4531],[27.0964,40.4523],[27.0333,40.4068],[27.0127,40.3959],[26.9204,40.3977],[26.8972,40.4062],[26.863,40.3999],[26.7534,40.403],[26.69,40.38],[26.62,40.33],[26.52,40.27],[26.44,40.21],[26.3982,40.164],[26.4035,40.139],[26.3936,40.1094],[26.3923,40.108],[26.3694,40.1029],[26.365,40.0787],[26.3143,40.0244],[26.2262,40.0015],[26.1978,40.0089],[26.1815,39.9898],[26.1811,39.9897],[26.1809,39.9891],[26.1677,39.9736],[26.1526,39.9426],[26.1565,39.9013],[26.1512,39.8823],[26.1364,39.8376],[26.1502,39.8292],[26.151,39.8031],[26.1406,39.7427],[26.1538,39.7207],[26.1556,39.6638],[26.1534,39.6524],[26.1272,39.6103],[26.1107,39.5979],[26.095,39.5486],[26.07,39.4963]]]]}},
{"type":"Feature","properties":{"entityId":"macedonia-kingdom","from":-321,"to":-319,"certainty":"estimated","source":"유럽 쪽은 Natural Earth 1:10m admin-1(v5.1.2) 현대 행정구역 조각을 그 시기 국경에 맞춰 묶고, 조각이 역사 경계와 다른 곳은 선을 그어 나눈 근사. 유럽 밖(시베리아·중앙아시아·극동)은 대략적인 추정. 운영자 검수 필요"},"geometry":{"type":"MultiPolygon","coordinates":[[[[19.7319,40.812],[19.7383,40.7812],[19.7608,40.7552],[19.7562,40.7166],[19.7952,40.6976],[19.8322,40.6361],[19.8085,40.6202],[19.8489,40.5686],[19.8993,40.5451],[19.9049,40.5273],[19.9371,40.5119],[19.9805,40.5089],[20.0202,40.4935],[20.068,40.4892],[20.0723,40.5033],[20.1082,40.4813],[20.1484,40.4726],[20.2486,40.3724],[20.2978,40.3553],[20.3066,40.3763],[20.3704,40.3992],[20.3723,40.4331],[20.4426,40.4397],[20.4603,40.437],[20.4415,40.4145],[20.4702,40.3677],[20.4617,40.3245],[20.482,40.2728],[20.5126,40.2663],[20.496,40.2255],[20.5268,40.1581],[20.6154,40.081],[20.6476,40.094],[20.6682,40.1381],[20.6599,40.1727],[20.6853,40.1912],[20.6964,40.2151],[20.6946,40.2556],[20.707,40.2881],[20.7396,40.3092],[20.7732,40.299],[20.8064,40.3199],[20.8439,40.3266],[20.8784,40.2653],[20.9208,40.225],[20.9479,40.1809],[20.9608,40.1384],[20.9323,40.087],[20.9482,40.077],[20.9611,40.0345],[20.9879,40.0068],[21.027,40.0215],[21.0429,40.0115],[21.0403,39.9817],[21.0139,39.941],[21.0453,39.9182],[21.0588,39.862],[21.0779,39.8325],[21.0949,39.8277],[21.1892,39.8496],[21.2249,39.8482],[21.2906,39.8186],[21.2912,39.8048],[21.2639,39.8108],[21.2151,39.7837],[21.1984,39.7556],[21.2162,39.6687],[21.1432,39.68],[21.1104,39.6592],[21.1232,39.6003],[21.1661,39.5652],[21.169,39.5102],[21.1531,39.4847],[21.1749,39.4521],[21.1787,39.4189],[21.226,39.3888],[21.2403,39.3543],[21.2752,39.3337],[21.3459,39.3308],[21.3851,39.2797],[21.3331,39.2012],[21.3623,39.1539],[21.3757,39.1496],[21.4228,39.1877],[21.4776,39.2112],[21.5089,39.191],[21.5521,39.2268],[21.6377,39.2437],[21.6608,39.2191],[21.6662,39.1774],[21.6986,39.1624],[21.697,39.1216],[21.72,39.0969],[21.7564,39.1006],[21.813,39.1319],[21.8309,39.1324],[21.8991,39.1021],[21.9134,39.0866],[21.9157,39.0316],[21.97,39.0358],[22.0126,39.0523],[22.0392,39.0763],[22.0958,39.091],[22.1167,39.1048],[22.147,39.1611],[22.2359,39.2402],[22.2844,39.2175],[22.3547,39.1975],[22.4054,39.169],[22.413,39.1242],[22.4285,39.114],[22.4939,39.1192],[22.4926,39.0509],[22.516,39.0287],[22.5546,39.0263],[22.6308,39.0327],[22.7144,38.9942],[22.7863,38.9819],[22.8394,38.9803],[22.8694,38.957],[22.9271,38.9602],[22.966,38.9742],[22.9967,38.9634],[23.0144,38.9934],[23.1116,39.05],[23.2027,39.103],[23.2186,39.1039],[23.2855,39.148],[23.3013,39.1514],[23.3438,39.1796],[23.3432,39.1849],[23.3518,39.1899],[23.3515,39.1902],[23.3518,39.1903],[23.331,39.2098],[23.2957,39.2637],[23.287,39.2883],[23.2823,39.2945],[23.2713,39.3229],[23.2468,39.3413],[23.233,39.3595],[23.1441,39.45],[23.1074,39.4873],[23.1018,39.4974],[23.0559,39.5272],[23.024,39.5373],[22.9774,39.5643],[22.9198,39.6286],[22.8664,39.7393],[22.8587,39.7733],[22.8403,39.8034],[22.8011,39.8403],[22.7877,39.8479],[22.777,39.8583],[22.7623,39.8977],[22.7437,39.9475],[22.7159,40.022],[22.7065,40.0471],[22.632,40.2463],[22.6283,40.2563],[22.7422,40.3901],[22.8152,40.476],[22.8953,40.3981],[22.8882,40.3863],[22.9064,40.3873],[23.3442,39.9617],[23.3608,39.9617],[23.3606,39.9611],[23.3644,39.9617],[23.4925,39.9617],[23.548,39.9461],[23.6165,39.9233],[23.7031,39.9127],[23.7479,39.9305],[23.6973,39.9405],[23.676,39.9611],[23.6759,39.9617],[23.899,39.9617],[23.9142,39.9666],[23.9197,39.9564],[23.9912,39.9536],[23.9728,39.9619],[23.9987,39.9748],[23.988,39.99],[23.9884,39.9903],[24.0511,40.0104],[24.14,40.0388],[24.1844,40.0531],[24.2289,40.0673],[24.4066,40.1242],[24.4063,40.1245],[24.4066,40.1246],[24.3815,40.145],[24.3938,40.1525],[24.3833,40.1791],[24.3206,40.228],[24.2663,40.289],[24.2334,40.3169],[24.2223,40.3171],[24.2122,40.3282],[24.1889,40.3388],[24.1799,40.3515],[24.1336,40.3638],[24.0855,40.3856],[24.0293,40.4313],[24.0288,40.4321],[24.0114,40.4492],[24.0076,40.4489],[24.0042,40.4517],[23.9154,40.5239],[23.9092,40.5289],[23.9149,40.5389],[23.8888,40.5638],[23.8663,40.5638],[23.8291,40.5941],[23.7704,40.6418],[23.7443,40.677],[23.7484,40.6932],[23.8291,40.7106],[23.8635,40.718],[23.8978,40.7254],[23.9665,40.7402],[23.9863,40.7322],[24.0731,40.7214],[24.1101,40.7279],[24.2959,40.8112],[24.6124,40.8794],[24.6287,40.8586],[24.6619,40.8791],[24.6798,40.8694],[24.6907,40.8682],[24.7284,40.8527],[24.7539,40.8614],[24.79,40.8575],[24.802,40.8535],[24.8297,40.8768],[24.8342,40.8791],[24.82,40.95],[24.8,41.08],[24.75,41.15],[24.7,41.25],[24.65,41.4],[24.6471,41.4172],[24.6382,41.4177],[24.6443,41.4277],[24.5958,41.4298],[24.5811,41.4602],[24.5494,41.4854],[24.5309,41.5475],[24.5102,41.5617],[24.4592,41.5495],[24.4388,41.5277],[24.3539,41.5191],[24.2868,41.5176],[24.2864,41.5404],[24.2507,41.5635],[24.1977,41.5477],[24.1628,41.512],[24.1463,41.5268],[24.0766,41.536],[24.0473,41.5257],[24.0525,41.4715],[24.0459,41.4555],[24.0007,41.4641],[23.9499,41.4376],[23.8948,41.4643],[23.8677,41.4455],[23.7771,41.429],[23.7544,41.4007],[23.7054,41.4032],[23.6529,41.3976],[23.6248,41.3771],[23.579,41.372],[23.513,41.3977],[23.4145,41.3999],[23.3472,41.3712],[23.326,41.3693],[23.2877,41.3982],[23.2466,41.3897],[23.2098,41.3686],[23.1995,41.333],[23.1797,41.3214],[23.1152,41.3127],[22.917,41.3358],[22.826,41.341],[22.7968,41.337],[22.781,41.3349],[22.7623,41.3225],[22.7513,41.3152],[22.742,41.287],[22.7409,41.2836],[22.7367,41.2044],[22.7272,41.1658],[22.7158,41.1456],[22.7049,41.1397],[22.6919,41.1446],[22.6741,41.1566],[22.6572,41.177],[22.6445,41.1802],[22.6293,41.1771],[22.6259,41.1698],[22.6245,41.1526],[22.6073,41.136],[22.5866,41.1241],[22.5492,41.1185],[22.5007,41.1221],[22.4675,41.115],[22.4218,41.1146],[22.3802,41.1317],[22.3067,41.1284],[22.3026,41.1455],[22.2136,41.1607],[22.1603,41.1519],[22.1034,41.1215],[22.0482,41.1519],[22.0291,41.1386],[21.9651,41.1244],[21.9255,41.1068],[21.9012,41.0908],[21.8963,41.0647],[21.8807,41.0384],[21.845,41.0124],[21.8313,40.9935],[21.7837,40.9642],[21.7781,40.9337],[21.7571,40.9225],[21.737,40.9192],[21.6851,40.928],[21.6569,40.9182],[21.6439,40.8945],[21.6237,40.8944],[21.5816,40.8663],[21.5537,40.8704],[21.5057,40.9009],[21.4294,40.909],[21.3813,40.9005],[21.3449,40.8731],[21.2954,40.8609],[21.2458,40.8632],[21.183,40.8702],[21.1121,40.8539],[20.9653,40.8494],[20.9567,40.8948],[20.9399,40.9071],[20.8902,40.9183],[20.8365,40.9239],[20.817,40.9202],[20.7661,40.8937],[20.7409,40.898],[20.7172,40.9132],[20.7027,40.9363],[20.6641,41.0591],[20.6539,41.0753],[20.643,41.0816],[20.5974,41.0863],[20.6024,41.0458],[20.5901,41.0185],[20.5428,41.0296],[20.4229,40.9881],[20.406,40.9342],[20.3813,40.9247],[20.3985,40.8889],[20.4415,40.8441],[20.4685,40.7997],[20.4448,40.7658],[20.4157,40.7523],[20.3397,40.7453],[20.2932,40.726],[20.2219,40.7157],[20.2003,40.7323],[20.145,40.7433],[20.1543,40.7549],[20.093,40.7801],[20.0686,40.8112],[20.0131,40.8285],[20.0166,40.8737],[20.0021,40.8817],[19.969,40.8671],[19.8889,40.8743],[19.8672,40.8684],[19.8692,40.8502],[19.8267,40.8489],[19.8124,40.8606],[19.7743,40.8471],[19.7646,40.8125],[19.7319,40.812]]],[[[23.5872,39.2076],[23.6278,39.1473],[23.6342,39.1428],[23.6646,39.0952],[23.6663,39.0948],[23.666,39.0928],[23.7168,39.0772],[23.7295,39.0811],[23.7366,39.0796],[23.7367,39.0797],[23.737,39.0796],[23.7447,39.0858],[23.7603,39.0906],[23.7927,39.1182],[23.7727,39.1293],[23.7488,39.1304],[23.729,39.1404],[23.7305,39.1461],[23.6834,39.1632],[23.6522,39.1788],[23.6013,39.2138],[23.5872,39.2076]]],[[[23.8335,39.1461],[23.8645,39.144],[23.8958,39.1618],[23.8999,39.1677],[23.9386,39.2011],[23.9597,39.244],[23.967,39.2512],[23.971,39.2671],[23.9722,39.2719],[23.9398,39.2798],[23.9017,39.2328],[23.8878,39.2258],[23.8488,39.1592],[23.8335,39.1461]]],[[[24.512,40.6668],[24.5146,40.6519],[24.5142,40.6476],[24.5142,40.6472],[24.5155,40.6465],[24.5168,40.6391],[24.5402,40.634],[24.6114,40.5978],[24.6423,40.5706],[24.6639,40.5839],[24.7738,40.6142],[24.7738,40.6146],[24.7735,40.618],[24.7824,40.6202],[24.7705,40.6556],[24.7702,40.6595],[24.7789,40.6813],[24.7864,40.6879],[24.7831,40.6918],[24.7882,40.7045],[24.7881,40.7047],[24.7882,40.7049],[24.7738,40.7309],[24.7703,40.7345],[24.7864,40.7351],[24.7492,40.7562],[24.7412,40.7644],[24.7317,40.7835],[24.7213,40.785],[24.7198,40.7865],[24.702,40.7878],[24.6746,40.7917],[24.6423,40.8039],[24.6255,40.7932],[24.6226,40.7934],[24.6222,40.7934],[24.5862,40.7691],[24.5843,40.7669],[24.5667,40.7556],[24.5334,40.7182],[24.5234,40.6942],[24.5178,40.6875],[24.517,40.6789],[24.512,40.6668]]],[[[25.4435,40.4819],[25.4663,40.4558],[25.5326,40.415],[25.5661,40.405],[25.5727,40.4007],[25.573,40.4008],[25.5731,40.4007],[25.5772,40.4017],[25.5891,40.3981],[25.6826,40.4231],[25.6837,40.4265],[25.6847,40.4267],[25.6845,40.4271],[25.6847,40.4271],[25.6842,40.428],[25.6907,40.4477],[25.6887,40.475],[25.6565,40.4962],[25.5759,40.5147],[25.5715,40.5148],[25.5695,40.5157],[25.5692,40.5156],[25.5691,40.5157],[25.5661,40.5149],[25.5466,40.5153],[25.5021,40.4976],[25.4467,40.4827],[25.447,40.4825],[25.4469,40.4825],[25.4471,40.4824],[25.4467,40.4823],[25.4474,40.4818],[25.4435,40.4819]]],[[[26.07,39.4963],[26.0742,39.4745],[26.113,39.4592],[26.1528,39.4592],[26.1717,39.4631],[26.22,39.4265],[26.22,39.4364],[26.2683,39.4364],[26.2683,39.4205],[26.365,39.4205],[26.365,39.4375],[26.4617,39.4375],[26.4617,39.3987],[26.5101,39.3987],[26.5101,39.2619],[26.5584,39.2619],[26.5584,39.2264],[26.599,39.2264],[26.599,39.1967],[26.6396,39.1967],[26.6396,39.1669],[26.6421,39.1669],[26.6421,39.1372],[26.6815,39.1372],[26.6815,39.1074],[26.7208,39.1074],[26.7208,39.0479],[26.8009,38.9874],[26.8017,38.982],[26.6753,38.78],[26.561,38.5972],[26.5558,38.6054],[26.5056,38.6527],[26.4656,38.6727],[26.4141,38.6794],[26.3563,38.6617],[26.3486,38.6213],[26.3758,38.5286],[26.4038,38.4875],[26.3879,38.4543],[26.4181,38.4649],[26.4294,38.4409],[26.4151,38.3682],[26.3435,38.37],[26.3431,38.37],[26.3219,38.3339],[26.3143,38.3367],[26.3211,38.3777],[26.3076,38.3579],[26.2941,38.3699],[26.2889,38.3406],[26.3076,38.3231],[26.2859,38.3187],[26.2654,38.2867],[26.2388,38.2958],[26.2346,38.2738],[26.2866,38.2611],[26.3286,38.2351],[26.3344,38.2351],[26.3179,38.2086],[26.3181,38.2085],[26.3179,38.2082],[26.5572,38.0264],[26.6768,37.9356],[26.6768,37.9377],[26.7964,37.9377],[26.7964,37.922],[27.0306,37.922],[27.0306,37.8922],[27.1185,37.8922],[27.1185,37.8324],[27.1477,37.8324],[27.1477,37.8025],[27.173,37.8025],[27.173,37.7753],[27.1445,37.7753],[27.1445,37.7428],[27.1161,37.7428],[27.1161,37.7157],[27.0876,37.7157],[27.0876,37.6892],[27.0591,37.6897],[27.0591,37.7067],[27.0306,37.7066],[27.0048,37.7066],[27.0048,37.6863],[27.0208,37.6742],[27.0115,37.6657],[27.0488,37.6501],[27.0507,37.6497],[27.206,37.3898],[27.2075,37.3764],[27.1908,37.3573],[27.2119,37.3573],[27.2334,37.344],[27.2801,37.266],[27.302,37.2293],[27.3239,37.1927],[27.3579,37.1358],[27.349,37.1301],[27.3218,37.1587],[27.3218,37.1254],[27.3011,37.127],[27.3007,37.127],[27.2998,37.1262],[27.2717,37.1289],[27.2604,37.1103],[27.2828,37.1103],[27.2696,37.0981],[27.2391,37.083],[27.2288,37.0618],[27.2527,36.9783],[27.2632,36.9634],[27.3081,36.9594],[27.3006,36.9731],[27.3327,36.9971],[27.3314,37.0023],[27.3436,37.0146],[27.4059,37.0167],[27.4296,37.0158],[27.5784,36.7671],[27.5614,36.7609],[27.4832,36.754],[27.4588,36.7557],[27.4273,36.7357],[27.4143,36.7093],[27.3558,36.7124],[27.3628,36.6851],[27.4557,36.6629],[27.4727,36.6509],[27.4863,36.6652],[27.5486,36.6834],[27.5556,36.6829],[27.5597,36.6746],[27.603,36.6789],[27.6374,36.6682],[27.6427,36.6595],[27.6431,36.6595],[27.6646,36.6598],[27.6712,36.6578],[27.6716,36.6599],[28.0144,36.6653],[28.0207,36.6336],[28.0211,36.6337],[28.0211,36.6336],[28.0881,36.6426],[28.054,36.6096],[28.0344,36.6025],[27.9592,36.6025],[27.9661,36.5759],[27.9909,36.5598],[28.0138,36.5759],[28.048,36.569],[28.0617,36.5963],[28.0881,36.5891],[28.1115,36.6042],[28.1584,36.6675],[28.7335,36.6764],[28.8293,36.6235],[28.8186,36.6117],[28.8587,36.6013],[28.8614,36.6057],[29.106,36.4706],[29.1242,36.4536],[29.1304,36.4114],[29.0964,36.3909],[29.1447,36.3772],[29.1447,36.3493],[29.2186,36.3288],[29.2231,36.3246],[29.2437,36.3138],[29.2612,36.2936],[29.3223,36.2469],[29.3571,36.2357],[29.3702,36.2522],[29.4187,36.2375],[29.4204,36.2306],[29.4262,36.2353],[29.4725,36.2213],[29.4945,36.211],[29.5215,36.206],[29.5229,36.206],[29.585,36.1872],[29.5835,36.1855],[29.5887,36.1861],[29.6342,36.1723],[29.634,36.1571],[29.6682,36.1438],[29.6724,36.1234],[29.6944,36.1455],[29.6983,36.1433],[29.6986,36.1434],[29.6987,36.1433],[29.7457,36.1515],[29.7617,36.137],[29.7953,36.1452],[29.823,36.1649],[30.3566,36.2576],[30.3859,36.243],[30.3861,36.2431],[30.3863,36.243],[30.4,36.2488],[30.4004,36.2481],[30.3986,36.206],[30.4408,36.2393],[30.4517,36.2618],[30.488,36.2878],[30.4668,36.2878],[30.473,36.2985],[30.4835,36.3107],[30.4838,36.3127],[30.5199,36.3419],[30.4942,36.3493],[30.5016,36.3636],[30.4927,36.3708],[30.5046,36.4478],[30.5088,36.4543],[30.5101,36.4583],[30.5487,36.5115],[30.5698,36.528],[30.5811,36.5752],[30.5724,36.5919],[30.6028,36.6465],[30.6203,36.6781],[31.6999,36.6443],[31.8,36.578],[32.2814,36.2591],[32.283,36.2506],[32.3187,36.2286],[32.3655,36.178],[32.4196,36.1595],[32.4373,36.1387],[32.5134,36.103],[32.5452,36.0981],[32.5826,36.0888],[32.6707,36.0467],[32.7606,36.0295],[32.8037,36.0272],[32.8655,36.0678],[32.9279,36.0954],[32.9826,36.0976],[33.0877,36.0828],[33.1071,36.1033],[33.3004,36.1318],[33.3084,36.1322],[33.3093,36.1331],[33.3662,36.1415],[33.3865,36.137],[33.4371,36.1519],[33.4425,36.1527],[33.5215,36.144],[33.5219,36.144],[33.5325,36.1463],[33.5442,36.1445],[33.5523,36.1275],[33.5888,36.1588],[33.661,36.1747],[33.6853,36.1432],[33.7053,36.1817],[33.7177,36.1922],[33.7302,36.1976],[33.9451,36.2134],[33.959,36.2136],[33.9593,36.2145],[34.0259,36.2194],[34.2,36.3651],[34.7134,36.7948],[34.9056,36.7421],[34.9079,36.7404],[34.9004,36.7199],[34.9333,36.7275],[34.9423,36.7263],[34.9435,36.7256],[35.1174,36.6585],[35.2947,36.5725],[35.348,36.5444],[35.409,36.5769],[35.4717,36.5868],[35.552,36.5647],[35.5524,36.5647],[35.8126,36.6016],[35.8379,36.6052],[35.8631,36.6088],[35.8883,36.6123],[35.9639,36.6231],[36.0144,36.6302],[36.1599,36.6509],[36.0328,36.5246],[36.0308,36.5229],[36.0144,36.51],[35.966,36.4719],[35.9424,36.4643],[35.9187,36.4482],[35.9124,36.4296],[35.8832,36.4066],[35.879,36.4009],[35.8735,36.3977],[35.8676,36.3856],[35.8572,36.3714],[35.8159,36.353],[35.7887,36.3203],[35.7965,36.2898],[35.7824,36.2757],[35.7826,36.2755],[35.7824,36.2753],[35.8986,36.1317],[35.9246,36.0704],[35.9551,35.9985],[35.9268,35.9607],[35.9137,35.9433],[35.894,35.917],[35.8851,35.9058],[35.9015,35.9058],[35.9113,35.9178],[35.9803,35.9269],[35.9928,35.9153],[35.9924,35.8773],[36.0803,35.8542],[36.1385,35.8198],[36.1553,35.8222],[36.1688,35.8521],[36.1749,35.9227],[36.1969,35.9517],[36.229,35.9612],[36.269,35.9587],[36.2775,35.9942],[36.2974,36.0007],[36.3367,35.9882],[36.358,35.994],[36.3555,36.0224],[36.3586,36.167],[36.3758,36.2045],[36.373,36.2276],[36.4119,36.2045],[36.4507,36.1999],[36.4689,36.2224],[36.4986,36.2279],[36.5935,36.2181],[36.6643,36.229],[36.6691,36.2599],[36.6488,36.3057],[36.6207,36.322],[36.5878,36.3248],[36.5943,36.3571],[36.5857,36.387],[36.5527,36.4082],[36.5338,36.4625],[36.5355,36.494],[36.5653,36.5325],[36.5693,36.6201],[36.5947,36.6858],[36.6033,36.747],[36.6433,36.8036],[36.6399,36.8281],[36.6596,36.8272],[36.8437,36.7758],[36.9068,36.7726],[36.9647,36.7538],[37.0106,36.7195],[37.0195,36.6858],[37.0145,36.6423],[37.0531,36.6199],[37.1044,36.651],[37.1561,36.6439],[37.2419,36.6586],[37.4045,36.6345],[37.4461,36.6342],[37.5221,36.6736],[37.5934,36.7105],[37.6541,36.7321],[37.8197,36.7605],[38.026,36.835],[38.123,36.8846],[38.1901,36.9055],[38.2243,36.9084],[38.2899,36.9017],[38.48,36.8557],[38.5294,36.8337],[38.6352,36.744],[38.6641,36.7195],[38.725,36.6939],[38.7954,36.6867],[38.958,36.6929],[39.0322,36.7012],[39.1859,36.6595],[39.2396,36.6613],[39.4417,36.6924],[39.7653,36.7422],[39.9798,36.807],[40.0792,36.8549],[40.1527,36.8704],[40.1901,36.8844],[40.2614,36.9228],[40.3937,36.994],[40.4352,37.0106],[40.5257,37.0259],[40.6595,37.0853],[40.709,37.1005],[40.8964,37.1227],[41.1351,37.0842],[41.2013,37.065],[41.4798,37.0756],[41.8964,37.1543],[41.876,37.2168],[41.814,37.2581],[41.6983,37.2871],[41.6818,37.3284],[41.7231,37.3656],[41.8926,37.4359],[41.905,37.502],[41.876,37.5888],[41.8169,37.7138],[41.6322,37.6094],[41.5206,37.5433],[41.3677,37.5185],[41.2603,37.5722],[41.19,37.688],[41.1197,37.7582],[41.0752,37.7649],[41.0118,37.7414],[40.662,37.7484],[40.5516,37.7299],[40.5392,37.7073],[40.492,37.657],[40.4122,37.6524],[40.3009,37.5842],[40.2518,37.5693],[40.1426,37.5087],[40.0978,37.4758],[40,37.3757],[39.9537,37.4174],[39.9202,37.4695],[39.8843,37.5501],[39.8567,37.6694],[39.8632,37.7777],[39.8486,37.8019],[39.8128,37.8136],[39.7592,37.8424],[39.7385,37.8172],[39.6913,37.8339],[39.6527,37.8621],[39.5888,37.883],[39.5233,37.9261],[39.4626,37.9767],[39.4079,37.997],[39.3486,37.9989],[39.2675,38.0091],[39.189,38.0431],[39.2346,38.0761],[39.2247,38.0903],[39.2563,38.1531],[39.2526,38.1797],[39.2219,38.205],[39.1413,38.1786],[39.1149,38.1927],[39.1485,38.2842],[39.145,38.3078],[39.1149,38.3435],[39.0734,38.3479],[38.9922,38.326],[38.9572,38.3305],[38.9111,38.3607],[38.8855,38.364],[38.861,38.3988],[38.8269,38.4186],[38.8105,38.4403],[38.7177,38.4186],[38.6889,38.4207],[38.6078,38.4534],[38.5667,38.4646],[38.4817,38.4759],[38.4566,38.4849],[38.4256,38.5124],[38.403,38.508],[38.3735,38.5365],[38.3489,38.5956],[38.3757,38.6452],[38.4024,38.6734],[38.4604,38.6924],[38.4781,38.7254],[38.4713,38.7408],[38.5089,38.7568],[38.6187,38.7482],[38.6357,38.7817],[38.6239,38.8126],[38.6194,38.8959],[38.5899,38.9508],[38.5893,38.9922],[38.6168,39.0203],[38.6879,39.023],[38.6236,39.0822],[38.5356,39.1159],[38.4409,39.1195],[38.3617,39.1503],[38.2839,39.1297],[38.2123,39.0876],[38.1477,39.0726],[38.0802,39.0802],[38.01,39.0637],[37.932,39.0623],[37.7858,38.9983],[37.7022,38.9843],[37.6176,39.017],[37.5736,39.0082],[37.5516,38.9694],[37.5614,38.9222],[37.5969,38.8343],[37.5805,38.7968],[37.5098,38.7366],[37.4447,38.7082],[37.3936,38.6613],[37.3429,38.6249],[37.3,38.6093],[37.3,40.2532],[37.3508,40.259],[37.4221,40.2955],[37.5241,40.317],[37.5841,40.382],[37.6349,40.4612],[37.617,40.5212],[37.5841,40.5694],[37.4488,40.5759],[37.2197,40.6977],[37.1525,40.7019],[37.0846,40.6943],[37.0134,40.6989],[36.9468,40.7203],[36.8954,40.7447],[36.8118,40.7661],[36.7565,40.792],[36.6989,40.8068],[36.6875,40.836],[36.7052,40.8625],[36.746,40.875],[36.8284,40.8878],[36.8807,40.9124],[36.9203,40.9458],[36.9991,40.9797],[37.0423,41.0418],[37.0984,41.0866],[37.1517,41.1468],[37.1489,41.1468],[37.1489,41.2497],[37.1739,41.2497],[37.1739,41.2661],[37.1489,41.2728],[37.1238,41.2796],[37.0736,41.2931],[36.9132,41.3364],[36.8731,41.3526],[36.071,41.676],[36.0449,41.7015],[36.0387,41.689],[36.033,41.6914],[35.9779,41.7297],[35.9627,41.7197],[35.9466,41.7262],[35.9568,41.7363],[35.9403,41.7287],[35.7284,41.8142],[35.6225,41.8569],[35.5961,41.8675],[35.5696,41.8782],[35.5696,41.7646],[35.5431,41.7646],[35.5431,41.7309],[35.5166,41.7309],[35.5166,41.639],[35.5001,41.6416],[35.4608,41.5742],[35.456,41.5236],[35.4723,41.4755],[35.4709,41.4171],[35.4895,41.3735],[35.5048,41.2845],[35.4851,41.2728],[35.4338,41.2833],[35.3831,41.2602],[35.3399,41.2545],[35.2963,41.2583],[35.2397,41.2892],[35.1944,41.2934],[35.1958,41.311],[35.1406,41.3415],[35.1328,41.3771],[35.1133,41.3998],[35.1024,41.3853],[35.0239,41.3588],[34.9913,41.3348],[34.9345,41.3179],[34.9418,41.2999],[34.888,41.2698],[34.8761,41.233],[34.8373,41.2016],[34.7239,41.2293],[34.6704,41.2661],[34.641,41.2721],[34.5741,41.2705],[34.5575,41.2846],[34.4985,41.2859],[34.4719,41.3108],[34.4798,41.4416],[34.4629,41.4798],[34.472,41.5185],[34.4918,41.5523],[34.5533,41.5912],[34.5879,41.6575],[34.5325,41.7132],[34.4661,41.7275],[34.3443,41.7325],[34.2842,41.7453],[34.2051,41.7478],[34.1404,41.7671],[34.1422,41.8002],[34.1926,41.8451],[34.2209,41.9035],[34.2161,41.9601],[34.1995,41.9619],[34.1995,42.0276],[34.1518,42.027],[33.5143,42.0185],[33.4818,42.0106],[33.3895,42.0168],[33.3609,42.0207],[33.3245,42.019],[33.2916,42.0062],[33.2839,42.0052],[33.0586,41.93],[33.0081,41.9173],[32.9667,41.8994],[32.9455,41.8923],[32.7903,41.8596],[32.7554,41.8591],[32.6792,41.8363],[32.6126,41.8395],[32.5836,41.816],[32.5681,41.8127],[32.5484,41.8157],[32.4685,41.783],[32.3785,41.7534],[32.3772,41.7541],[32.3754,41.7524],[32.3047,41.7291],[32.296,41.7236],[32.2634,41.7202],[32.2434,41.6929],[32.2322,41.6833],[32.1274,41.617],[32.0604,41.5809],[32.1341,41.5994],[32.1901,41.5571],[32.2507,41.5369],[32.2709,41.4843],[32.3072,41.4156],[32.287,41.3308],[32.1981,41.2419],[32.182,41.1893],[32.1496,41.1085],[32.1494,41.0192],[32.1983,41.0181],[32.284,41.0039],[32.2783,40.9486],[32.3303,40.9328],[32.3769,40.9106],[32.4922,40.8678],[32.5295,40.8152],[32.5262,40.7887],[32.5071,40.7052],[32.4713,40.6939],[32.4427,40.673],[32.439,40.619],[32.4767,40.539],[32.4239,40.4856],[32.3961,40.4483],[32.3154,40.4152],[32.1768,40.4313],[32.1349,40.421],[32.0931,40.3989],[31.9751,40.3771],[31.9061,40.3534],[31.8214,40.3384],[31.6965,40.34],[31.6577,40.3361],[31.5679,40.3085],[31.5356,40.3116],[31.4524,40.332],[31.4197,40.3597],[31.2509,40.346],[31.163,40.3869],[31.0692,40.4113],[31.0439,40.3899],[31.0341,40.3524],[31.0382,40.2922],[31.0072,40.2416],[30.9254,40.2057],[30.8636,40.1428],[30.7988,40.1509],[30.7386,40.1678],[30.7011,40.204],[30.64,40.2872],[30.626,40.3315],[30.5736,40.341],[30.4985,40.3396],[30.4577,40.3791],[30.4263,40.394],[30.3507,40.4021],[30.3075,40.399],[30.1691,40.371],[30.081,40.3914],[30.0046,40.4477],[29.9688,40.4887],[29.9408,40.5335],[29.9262,40.577],[29.7889,40.6147],[29.7204,40.6043],[29.5353,40.5524],[29.4771,40.5498],[29.4207,40.5632],[29.3581,40.5729],[29.2939,40.5222],[29.2305,40.5116],[29.0784,40.5632],[29.0475,40.5602],[28.978,40.5732],[28.9803,40.4645],[28.9956,40.4732],[28.9956,40.4182],[28.9177,40.4182],[28.9177,40.4416],[28.8397,40.4416],[28.8397,40.4441],[28.8008,40.4441],[28.8008,40.4592],[28.7618,40.4582],[28.6838,40.4563],[28.5278,40.4523],[28.2159,40.4444],[28.177,40.4434],[28.138,40.4425],[28.06,40.4405],[27.985,40.4386],[28.0168,40.4511],[28.0344,40.4744],[28.0142,40.4912],[27.9699,40.503],[27.8047,40.5228],[27.7894,40.5142],[27.76,40.5371],[27.7332,40.5306],[27.6843,40.5023],[27.7258,40.4614],[27.7502,40.4576],[27.7563,40.4328],[27.589,40.4286],[27.5522,40.4276],[27.5154,40.4267],[27.4417,40.4248],[27.324,40.4219],[27.3034,40.4584],[27.2715,40.4678],[27.2377,40.4557],[27.1451,40.4537],[27.1431,40.4539],[27.126,40.4533],[27.1207,40.4532],[27.1206,40.4531],[27.0964,40.4523],[27.0333,40.4068],[27.0127,40.3959],[26.9204,40.3977],[26.8972,40.4062],[26.863,40.3999],[26.7534,40.403],[26.69,40.38],[26.62,40.33],[26.52,40.27],[26.44,40.21],[26.3982,40.164],[26.4035,40.139],[26.3936,40.1094],[26.3923,40.108],[26.3694,40.1029],[26.365,40.0787],[26.3143,40.0244],[26.2262,40.0015],[26.1978,40.0089],[26.1815,39.9898],[26.1811,39.9897],[26.1809,39.9891],[26.1677,39.9736],[26.1526,39.9426],[26.1565,39.9013],[26.1512,39.8823],[26.1364,39.8376],[26.1502,39.8292],[26.151,39.8031],[26.1406,39.7427],[26.1538,39.7207],[26.1556,39.6638],[26.1534,39.6524],[26.1272,39.6103],[26.1107,39.5979],[26.095,39.5486],[26.07,39.4963]]]]}},
{"type":"Feature","properties":{"entityId":"macedonia-kingdom","from":-319,"to":-316,"certainty":"estimated","source":"유럽 쪽은 Natural Earth 1:10m admin-1(v5.1.2) 현대 행정구역 조각을 그 시기 국경에 맞춰 묶고, 조각이 역사 경계와 다른 곳은 선을 그어 나눈 근사. 유럽 밖(시베리아·중앙아시아·극동)은 대략적인 추정. 운영자 검수 필요"},"geometry":{"type":"MultiPolygon","coordinates":[[[[19.7319,40.812],[19.7383,40.7812],[19.7608,40.7552],[19.7562,40.7166],[19.7952,40.6976],[19.8322,40.6361],[19.8085,40.6202],[19.8489,40.5686],[19.8993,40.5451],[19.9049,40.5273],[19.9371,40.5119],[19.9805,40.5089],[20.0202,40.4935],[20.068,40.4892],[20.0723,40.5033],[20.1082,40.4813],[20.1484,40.4726],[20.2486,40.3724],[20.2978,40.3553],[20.3066,40.3763],[20.3704,40.3992],[20.3723,40.4331],[20.4426,40.4397],[20.4603,40.437],[20.4415,40.4145],[20.4702,40.3677],[20.4617,40.3245],[20.482,40.2728],[20.5126,40.2663],[20.496,40.2255],[20.5268,40.1581],[20.6154,40.081],[20.6476,40.094],[20.6682,40.1381],[20.6599,40.1727],[20.6853,40.1912],[20.6964,40.2151],[20.6946,40.2556],[20.707,40.2881],[20.7396,40.3092],[20.7732,40.299],[20.8064,40.3199],[20.8439,40.3266],[20.8784,40.2653],[20.9208,40.225],[20.9479,40.1809],[20.9608,40.1384],[20.9323,40.087],[20.9482,40.077],[20.9611,40.0345],[20.9879,40.0068],[21.027,40.0215],[21.0429,40.0115],[21.0403,39.9817],[21.0139,39.941],[21.0453,39.9182],[21.0588,39.862],[21.0779,39.8325],[21.0949,39.8277],[21.1892,39.8496],[21.2249,39.8482],[21.2906,39.8186],[21.2912,39.8048],[21.2639,39.8108],[21.2151,39.7837],[21.1984,39.7556],[21.2162,39.6687],[21.1432,39.68],[21.1104,39.6592],[21.1232,39.6003],[21.1661,39.5652],[21.169,39.5102],[21.1531,39.4847],[21.1749,39.4521],[21.1787,39.4189],[21.226,39.3888],[21.2403,39.3543],[21.2752,39.3337],[21.3459,39.3308],[21.3851,39.2797],[21.3331,39.2012],[21.3623,39.1539],[21.3757,39.1496],[21.4228,39.1877],[21.4776,39.2112],[21.5089,39.191],[21.5521,39.2268],[21.6377,39.2437],[21.6608,39.2191],[21.6662,39.1774],[21.6986,39.1624],[21.697,39.1216],[21.72,39.0969],[21.7564,39.1006],[21.813,39.1319],[21.8309,39.1324],[21.8991,39.1021],[21.9134,39.0866],[21.9157,39.0316],[21.97,39.0358],[22.0126,39.0523],[22.0392,39.0763],[22.0958,39.091],[22.1167,39.1048],[22.147,39.1611],[22.2359,39.2402],[22.2844,39.2175],[22.3547,39.1975],[22.4054,39.169],[22.413,39.1242],[22.4285,39.114],[22.4939,39.1192],[22.4926,39.0509],[22.516,39.0287],[22.5546,39.0263],[22.6308,39.0327],[22.7144,38.9942],[22.7863,38.9819],[22.8394,38.9803],[22.8694,38.957],[22.9271,38.9602],[22.966,38.9742],[22.9967,38.9634],[23.0144,38.9934],[23.1116,39.05],[23.2027,39.103],[23.2186,39.1039],[23.2855,39.148],[23.3013,39.1514],[23.3438,39.1796],[23.3432,39.1849],[23.3518,39.1899],[23.3515,39.1902],[23.3518,39.1903],[23.331,39.2098],[23.2957,39.2637],[23.287,39.2883],[23.2823,39.2945],[23.2713,39.3229],[23.2468,39.3413],[23.233,39.3595],[23.1441,39.45],[23.1074,39.4873],[23.1018,39.4974],[23.0559,39.5272],[23.024,39.5373],[22.9774,39.5643],[22.9198,39.6286],[22.8664,39.7393],[22.8587,39.7733],[22.8403,39.8034],[22.8011,39.8403],[22.7877,39.8479],[22.777,39.8583],[22.7623,39.8977],[22.7437,39.9475],[22.7159,40.022],[22.7065,40.0471],[22.632,40.2463],[22.6283,40.2563],[22.7422,40.3901],[22.8152,40.476],[22.8953,40.3981],[22.8882,40.3863],[22.9064,40.3873],[23.3442,39.9617],[23.3608,39.9617],[23.3606,39.9611],[23.3644,39.9617],[23.4925,39.9617],[23.548,39.9461],[23.6165,39.9233],[23.7031,39.9127],[23.7479,39.9305],[23.6973,39.9405],[23.676,39.9611],[23.6759,39.9617],[23.899,39.9617],[23.9142,39.9666],[23.9197,39.9564],[23.9912,39.9536],[23.9728,39.9619],[23.9987,39.9748],[23.988,39.99],[23.9884,39.9903],[24.0511,40.0104],[24.14,40.0388],[24.1844,40.0531],[24.2289,40.0673],[24.4066,40.1242],[24.4063,40.1245],[24.4066,40.1246],[24.3815,40.145],[24.3938,40.1525],[24.3833,40.1791],[24.3206,40.228],[24.2663,40.289],[24.2334,40.3169],[24.2223,40.3171],[24.2122,40.3282],[24.1889,40.3388],[24.1799,40.3515],[24.1336,40.3638],[24.0855,40.3856],[24.0293,40.4313],[24.0288,40.4321],[24.0114,40.4492],[24.0076,40.4489],[24.0042,40.4517],[23.9154,40.5239],[23.9092,40.5289],[23.9149,40.5389],[23.8888,40.5638],[23.8663,40.5638],[23.8291,40.5941],[23.7704,40.6418],[23.7443,40.677],[23.7484,40.6932],[23.8291,40.7106],[23.8635,40.718],[23.8978,40.7254],[23.9665,40.7402],[23.9863,40.7322],[24.0731,40.7214],[24.1101,40.7279],[24.2959,40.8112],[24.6124,40.8794],[24.6287,40.8586],[24.6619,40.8791],[24.6798,40.8694],[24.6907,40.8682],[24.7284,40.8527],[24.7539,40.8614],[24.79,40.8575],[24.802,40.8535],[24.8297,40.8768],[24.8342,40.8791],[24.82,40.95],[24.8,41.08],[24.75,41.15],[24.7,41.25],[24.65,41.4],[24.6471,41.4172],[24.6382,41.4177],[24.6443,41.4277],[24.5958,41.4298],[24.5811,41.4602],[24.5494,41.4854],[24.5309,41.5475],[24.5102,41.5617],[24.4592,41.5495],[24.4388,41.5277],[24.3539,41.5191],[24.2868,41.5176],[24.2864,41.5404],[24.2507,41.5635],[24.1977,41.5477],[24.1628,41.512],[24.1463,41.5268],[24.0766,41.536],[24.0473,41.5257],[24.0525,41.4715],[24.0459,41.4555],[24.0007,41.4641],[23.9499,41.4376],[23.8948,41.4643],[23.8677,41.4455],[23.7771,41.429],[23.7544,41.4007],[23.7054,41.4032],[23.6529,41.3976],[23.6248,41.3771],[23.579,41.372],[23.513,41.3977],[23.4145,41.3999],[23.3472,41.3712],[23.326,41.3693],[23.2877,41.3982],[23.2466,41.3897],[23.2098,41.3686],[23.1995,41.333],[23.1797,41.3214],[23.1152,41.3127],[22.917,41.3358],[22.826,41.341],[22.7968,41.337],[22.781,41.3349],[22.7623,41.3225],[22.7513,41.3152],[22.742,41.287],[22.7409,41.2836],[22.7367,41.2044],[22.7272,41.1658],[22.7158,41.1456],[22.7049,41.1397],[22.6919,41.1446],[22.6741,41.1566],[22.6572,41.177],[22.6445,41.1802],[22.6293,41.1771],[22.6259,41.1698],[22.6245,41.1526],[22.6073,41.136],[22.5866,41.1241],[22.5492,41.1185],[22.5007,41.1221],[22.4675,41.115],[22.4218,41.1146],[22.3802,41.1317],[22.3067,41.1284],[22.3026,41.1455],[22.2136,41.1607],[22.1603,41.1519],[22.1034,41.1215],[22.0482,41.1519],[22.0291,41.1386],[21.9651,41.1244],[21.9255,41.1068],[21.9012,41.0908],[21.8963,41.0647],[21.8807,41.0384],[21.845,41.0124],[21.8313,40.9935],[21.7837,40.9642],[21.7781,40.9337],[21.7571,40.9225],[21.737,40.9192],[21.6851,40.928],[21.6569,40.9182],[21.6439,40.8945],[21.6237,40.8944],[21.5816,40.8663],[21.5537,40.8704],[21.5057,40.9009],[21.4294,40.909],[21.3813,40.9005],[21.3449,40.8731],[21.2954,40.8609],[21.2458,40.8632],[21.183,40.8702],[21.1121,40.8539],[20.9653,40.8494],[20.9567,40.8948],[20.9399,40.9071],[20.8902,40.9183],[20.8365,40.9239],[20.817,40.9202],[20.7661,40.8937],[20.7409,40.898],[20.7172,40.9132],[20.7027,40.9363],[20.6641,41.0591],[20.6539,41.0753],[20.643,41.0816],[20.5974,41.0863],[20.6024,41.0458],[20.5901,41.0185],[20.5428,41.0296],[20.4229,40.9881],[20.406,40.9342],[20.3813,40.9247],[20.3985,40.8889],[20.4415,40.8441],[20.4685,40.7997],[20.4448,40.7658],[20.4157,40.7523],[20.3397,40.7453],[20.2932,40.726],[20.2219,40.7157],[20.2003,40.7323],[20.145,40.7433],[20.1543,40.7549],[20.093,40.7801],[20.0686,40.8112],[20.0131,40.8285],[20.0166,40.8737],[20.0021,40.8817],[19.969,40.8671],[19.8889,40.8743],[19.8672,40.8684],[19.8692,40.8502],[19.8267,40.8489],[19.8124,40.8606],[19.7743,40.8471],[19.7646,40.8125],[19.7319,40.812]]],[[[23.5872,39.2076],[23.6278,39.1473],[23.6342,39.1428],[23.6646,39.0952],[23.6663,39.0948],[23.666,39.0928],[23.7168,39.0772],[23.7295,39.0811],[23.7366,39.0796],[23.7367,39.0797],[23.737,39.0796],[23.7447,39.0858],[23.7603,39.0906],[23.7927,39.1182],[23.7727,39.1293],[23.7488,39.1304],[23.729,39.1404],[23.7305,39.1461],[23.6834,39.1632],[23.6522,39.1788],[23.6013,39.2138],[23.5872,39.2076]]],[[[23.8335,39.1461],[23.8645,39.144],[23.8958,39.1618],[23.8999,39.1677],[23.9386,39.2011],[23.9597,39.244],[23.967,39.2512],[23.971,39.2671],[23.9722,39.2719],[23.9398,39.2798],[23.9017,39.2328],[23.8878,39.2258],[23.8488,39.1592],[23.8335,39.1461]]],[[[24.512,40.6668],[24.5146,40.6519],[24.5142,40.6476],[24.5142,40.6472],[24.5155,40.6465],[24.5168,40.6391],[24.5402,40.634],[24.6114,40.5978],[24.6423,40.5706],[24.6639,40.5839],[24.7738,40.6142],[24.7738,40.6146],[24.7735,40.618],[24.7824,40.6202],[24.7705,40.6556],[24.7702,40.6595],[24.7789,40.6813],[24.7864,40.6879],[24.7831,40.6918],[24.7882,40.7045],[24.7881,40.7047],[24.7882,40.7049],[24.7738,40.7309],[24.7703,40.7345],[24.7864,40.7351],[24.7492,40.7562],[24.7412,40.7644],[24.7317,40.7835],[24.7213,40.785],[24.7198,40.7865],[24.702,40.7878],[24.6746,40.7917],[24.6423,40.8039],[24.6255,40.7932],[24.6226,40.7934],[24.6222,40.7934],[24.5862,40.7691],[24.5843,40.7669],[24.5667,40.7556],[24.5334,40.7182],[24.5234,40.6942],[24.5178,40.6875],[24.517,40.6789],[24.512,40.6668]]],[[[25.4435,40.4819],[25.4663,40.4558],[25.5326,40.415],[25.5661,40.405],[25.5727,40.4007],[25.573,40.4008],[25.5731,40.4007],[25.5772,40.4017],[25.5891,40.3981],[25.6826,40.4231],[25.6837,40.4265],[25.6847,40.4267],[25.6845,40.4271],[25.6847,40.4271],[25.6842,40.428],[25.6907,40.4477],[25.6887,40.475],[25.6565,40.4962],[25.5759,40.5147],[25.5715,40.5148],[25.5695,40.5157],[25.5692,40.5156],[25.5691,40.5157],[25.5661,40.5149],[25.5466,40.5153],[25.5021,40.4976],[25.4467,40.4827],[25.447,40.4825],[25.4469,40.4825],[25.4471,40.4824],[25.4467,40.4823],[25.4474,40.4818],[25.4435,40.4819]]],[[[31.8,36.578],[32.2814,36.2591],[32.283,36.2506],[32.3187,36.2286],[32.3655,36.178],[32.4196,36.1595],[32.4373,36.1387],[32.5134,36.103],[32.5452,36.0981],[32.5826,36.0888],[32.6707,36.0467],[32.7606,36.0295],[32.8037,36.0272],[32.8655,36.0678],[32.9279,36.0954],[32.9826,36.0976],[33.0877,36.0828],[33.1071,36.1033],[33.3004,36.1318],[33.3084,36.1322],[33.3093,36.1331],[33.3662,36.1415],[33.3865,36.137],[33.4371,36.1519],[33.4425,36.1527],[33.5215,36.144],[33.5219,36.144],[33.5325,36.1463],[33.5442,36.1445],[33.5523,36.1275],[33.5888,36.1588],[33.661,36.1747],[33.6853,36.1432],[33.7053,36.1817],[33.7177,36.1922],[33.7302,36.1976],[33.9451,36.2134],[33.959,36.2136],[33.9593,36.2145],[34.0259,36.2194],[34.2,36.3651],[34.7134,36.7948],[34.9056,36.7421],[34.9079,36.7404],[34.9004,36.7199],[34.9333,36.7275],[34.9423,36.7263],[34.9435,36.7256],[35.1174,36.6585],[35.2947,36.5725],[35.348,36.5444],[35.409,36.5769],[35.4717,36.5868],[35.552,36.5647],[35.5524,36.5647],[35.8126,36.6016],[35.8379,36.6052],[35.8631,36.6088],[35.8883,36.6123],[35.9639,36.6231],[36.0144,36.6302],[36.1599,36.6509],[36.0328,36.5246],[36.0308,36.5229],[36.0144,36.51],[35.966,36.4719],[35.9424,36.4643],[35.9187,36.4482],[35.9124,36.4296],[35.8832,36.4066],[35.879,36.4009],[35.8735,36.3977],[35.8676,36.3856],[35.8572,36.3714],[35.8159,36.353],[35.7887,36.3203],[35.7965,36.2898],[35.7824,36.2757],[35.7826,36.2755],[35.7824,36.2753],[35.8986,36.1317],[35.9246,36.0704],[35.9551,35.9985],[35.9268,35.9607],[35.9137,35.9433],[35.894,35.917],[35.8851,35.9058],[35.9015,35.9058],[35.9113,35.9178],[35.9803,35.9269],[35.9928,35.9153],[35.9924,35.8773],[36.0803,35.8542],[36.1385,35.8198],[36.1553,35.8222],[36.1688,35.8521],[36.1749,35.9227],[36.1969,35.9517],[36.229,35.9612],[36.269,35.9587],[36.2775,35.9942],[36.2974,36.0007],[36.3367,35.9882],[36.358,35.994],[36.3555,36.0224],[36.3586,36.167],[36.3758,36.2045],[36.373,36.2276],[36.4119,36.2045],[36.4507,36.1999],[36.4689,36.2224],[36.4986,36.2279],[36.5935,36.2181],[36.6643,36.229],[36.6691,36.2599],[36.6488,36.3057],[36.6207,36.322],[36.5878,36.3248],[36.5943,36.3571],[36.5857,36.387],[36.5527,36.4082],[36.5338,36.4625],[36.5355,36.494],[36.5653,36.5325],[36.5693,36.6201],[36.5947,36.6858],[36.6033,36.747],[36.6433,36.8036],[36.6399,36.8281],[36.6596,36.8272],[36.8437,36.7758],[36.9068,36.7726],[36.9647,36.7538],[37.0106,36.7195],[37.0195,36.6858],[37.0145,36.6423],[37.0531,36.6199],[37.1044,36.651],[37.1561,36.6439],[37.2419,36.6586],[37.4045,36.6345],[37.4461,36.6342],[37.5221,36.6736],[37.5934,36.7105],[37.6541,36.7321],[37.8197,36.7605],[38.026,36.835],[38.123,36.8846],[38.1901,36.9055],[38.2243,36.9084],[38.2899,36.9017],[38.48,36.8557],[38.5294,36.8337],[38.6352,36.744],[38.6641,36.7195],[38.725,36.6939],[38.7954,36.6867],[38.958,36.6929],[39.0322,36.7012],[39.1859,36.6595],[39.2396,36.6613],[39.4417,36.6924],[39.7653,36.7422],[39.9798,36.807],[40.0792,36.8549],[40.1527,36.8704],[40.1901,36.8844],[40.2614,36.9228],[40.3937,36.994],[40.4352,37.0106],[40.5257,37.0259],[40.6595,37.0853],[40.709,37.1005],[40.8964,37.1227],[41.1351,37.0842],[41.2013,37.065],[41.4798,37.0756],[41.8964,37.1543],[41.876,37.2168],[41.814,37.2581],[41.6983,37.2871],[41.6818,37.3284],[41.7231,37.3656],[41.8926,37.4359],[41.905,37.502],[41.876,37.5888],[41.8169,37.7138],[41.6322,37.6094],[41.5206,37.5433],[41.3677,37.5185],[41.2603,37.5722],[41.19,37.688],[41.1197,37.7582],[41.0752,37.7649],[41.0118,37.7414],[40.662,37.7484],[40.5516,37.7299],[40.5392,37.7073],[40.492,37.657],[40.4122,37.6524],[40.3009,37.5842],[40.2518,37.5693],[40.1426,37.5087],[40.0978,37.4758],[40,37.3757],[39.9537,37.4174],[39.9202,37.4695],[39.8843,37.5501],[39.8567,37.6694],[39.8632,37.7777],[39.8486,37.8019],[39.8128,37.8136],[39.7592,37.8424],[39.7385,37.8172],[39.6913,37.8339],[39.6527,37.8621],[39.5888,37.883],[39.5233,37.9261],[39.4626,37.9767],[39.4079,37.997],[39.3486,37.9989],[39.2675,38.0091],[39.189,38.0431],[39.2346,38.0761],[39.2247,38.0903],[39.2563,38.1531],[39.2526,38.1797],[39.2219,38.205],[39.1413,38.1786],[39.1149,38.1927],[39.0695,38.1515],[39.0156,38.1308],[38.932,38.1073],[38.8032,38.0903],[38.7334,38.0984],[38.6631,38.0982],[38.6035,38.1104],[38.5714,38.1259],[38.5639,38.1467],[38.6228,38.1866],[38.6187,38.2191],[38.5609,38.2284],[38.5009,38.2146],[38.4309,38.2141],[38.3579,38.149],[38.295,38.0738],[38.2173,38.0405],[38.1909,38.0008],[38.1892,37.9485],[38.1276,37.905],[38.0444,37.8887],[37.9735,37.8657],[37.888,37.881],[37.796,37.8712],[37.7076,37.842],[37.5653,37.8205],[37.6069,37.8795],[37.6582,38.0267],[37.7152,38.0927],[37.7213,38.1226],[37.7762,38.2372],[37.7823,38.2784],[37.7336,38.3462],[37.6552,38.3747],[37.5872,38.39],[37.4597,38.4496],[37.3107,38.4749],[37.2371,38.4672],[37.2259,38.5263],[37.2844,38.6036],[37.0597,38.5881],[37.0088,38.6105],[36.8789,38.625],[36.7475,38.5994],[36.7137,38.583],[36.694,38.5523],[36.682,38.4999],[36.65,38.4591],[36.5055,38.3229],[36.4626,38.358],[36.4373,38.4097],[36.4001,38.4566],[36.348,38.4747],[36.2669,38.4578],[36.19,38.4235],[36.1459,38.3951],[36.1033,38.3122],[36.0756,38.2819],[36.0331,38.2133],[35.979,38.155],[35.6077,37.9538],[35.6296,37.7702],[35.5772,37.7505],[35.4536,37.7888],[35.3632,37.8073],[35.1906,37.8181],[35.0597,37.7135],[35,37.7057],[34.9619,37.7007],[34.9106,37.7136],[34.8597,37.7166],[34.8278,37.6802],[34.8326,37.6299],[34.8652,37.553],[34.8499,37.5106],[34.7946,37.4572],[34.7916,37.3877],[34.7215,37.4014],[34.5875,37.3533],[34.5122,37.352],[34.5001,37.3199],[34.4819,37.3089],[34.3986,37.2822],[34.3539,37.248],[34.2979,37.2254],[34.2105,37.2013],[34.2,37.1961],[34.1832,37.1879],[34.149,37.155],[34.0786,37.133],[34.0027,37.1288],[33.9668,37.1162],[33.8706,37.0577],[33.7975,37.0471],[33.7366,37.0287],[33.7021,37.0372],[33.6194,37.0318],[33.54,37.0066],[33.4132,36.9972],[33.3719,36.988],[33.27,36.928],[33.2327,36.918],[33.2007,36.8871],[33.1888,36.8426],[33.1673,36.8134],[33.1312,36.8211],[33.1079,36.8464],[33.0336,36.8141],[32.9795,36.8038],[32.982,36.7716],[33.0193,36.7283],[33.0435,36.6727],[33.0684,36.6632],[33.1084,36.6296],[33.1612,36.6185],[33.2068,36.5909],[33.231,36.5607],[33.2048,36.5344],[33.1318,36.5613],[33.1022,36.5535],[33.0762,36.4855],[33.0524,36.4666],[32.9582,36.4644],[32.8994,36.4533],[32.8425,36.4328],[32.7824,36.4316],[32.7173,36.445],[32.6517,36.438],[32.632,36.4703],[32.5587,36.5062],[32.5316,36.5338],[32.4906,36.6016],[32.4562,36.6734],[32.4632,36.7416],[32.4475,36.8083],[32.4264,36.8321],[32.3487,36.8412],[32.3053,36.8542],[32.2903,36.8814],[32.3016,36.9116],[32.3272,36.9276],[32.3235,36.9582],[32.2531,36.9869],[32.1279,37.0762],[32.0832,37.1266],[32.0331,37.1686],[31.963,37.2076],[31.8987,37.2552],[31.8154,37.2985],[31.8,37.301],[31.8,36.578]]]]}},
{"type":"Feature","properties":{"entityId":"macedonia-kingdom","from":-316,"to":-284,"certainty":"estimated","source":"유럽 쪽은 Natural Earth 1:10m admin-1(v5.1.2) 현대 행정구역 조각을 그 시기 국경에 맞춰 묶고, 조각이 역사 경계와 다른 곳은 선을 그어 나눈 근사. 유럽 밖(시베리아·중앙아시아·극동)은 대략적인 추정. 운영자 검수 필요"},"geometry":{"type":"MultiPolygon","coordinates":[[[[19.7319,40.812],[19.7383,40.7812],[19.7608,40.7552],[19.7562,40.7166],[19.7952,40.6976],[19.8322,40.6361],[19.8085,40.6202],[19.8489,40.5686],[19.8993,40.5451],[19.9049,40.5273],[19.9371,40.5119],[19.9805,40.5089],[20.0202,40.4935],[20.068,40.4892],[20.0723,40.5033],[20.1082,40.4813],[20.1484,40.4726],[20.2486,40.3724],[20.2978,40.3553],[20.3066,40.3763],[20.3704,40.3992],[20.3723,40.4331],[20.4426,40.4397],[20.4603,40.437],[20.4415,40.4145],[20.4702,40.3677],[20.4617,40.3245],[20.482,40.2728],[20.5126,40.2663],[20.496,40.2255],[20.5268,40.1581],[20.6154,40.081],[20.6476,40.094],[20.6682,40.1381],[20.6599,40.1727],[20.6853,40.1912],[20.6964,40.2151],[20.6946,40.2556],[20.707,40.2881],[20.7396,40.3092],[20.7732,40.299],[20.8064,40.3199],[20.8439,40.3266],[20.8784,40.2653],[20.9208,40.225],[20.9479,40.1809],[20.9608,40.1384],[20.9323,40.087],[20.9482,40.077],[20.9611,40.0345],[20.9879,40.0068],[21.027,40.0215],[21.0429,40.0115],[21.0403,39.9817],[21.0139,39.941],[21.0453,39.9182],[21.0588,39.862],[21.0779,39.8325],[21.0949,39.8277],[21.1892,39.8496],[21.2249,39.8482],[21.2906,39.8186],[21.2912,39.8048],[21.2639,39.8108],[21.2151,39.7837],[21.1984,39.7556],[21.2162,39.6687],[21.1432,39.68],[21.1104,39.6592],[21.1232,39.6003],[21.1661,39.5652],[21.169,39.5102],[21.1531,39.4847],[21.1749,39.4521],[21.1787,39.4189],[21.226,39.3888],[21.2403,39.3543],[21.2752,39.3337],[21.3459,39.3308],[21.3851,39.2797],[21.3331,39.2012],[21.3623,39.1539],[21.3757,39.1496],[21.4228,39.1877],[21.4776,39.2112],[21.5089,39.191],[21.5521,39.2268],[21.6377,39.2437],[21.6608,39.2191],[21.6662,39.1774],[21.6986,39.1624],[21.697,39.1216],[21.72,39.0969],[21.7564,39.1006],[21.813,39.1319],[21.8309,39.1324],[21.8991,39.1021],[21.9134,39.0866],[21.9157,39.0316],[21.97,39.0358],[22.0126,39.0523],[22.0392,39.0763],[22.0958,39.091],[22.1167,39.1048],[22.147,39.1611],[22.2359,39.2402],[22.2844,39.2175],[22.3547,39.1975],[22.4054,39.169],[22.413,39.1242],[22.4285,39.114],[22.4939,39.1192],[22.4926,39.0509],[22.516,39.0287],[22.5546,39.0263],[22.6308,39.0327],[22.7144,38.9942],[22.7863,38.9819],[22.8394,38.9803],[22.8694,38.957],[22.9271,38.9602],[22.966,38.9742],[22.9967,38.9634],[23.0144,38.9934],[23.1116,39.05],[23.2027,39.103],[23.2186,39.1039],[23.2855,39.148],[23.3013,39.1514],[23.3438,39.1796],[23.3432,39.1849],[23.3518,39.1899],[23.3515,39.1902],[23.3518,39.1903],[23.331,39.2098],[23.2957,39.2637],[23.287,39.2883],[23.2823,39.2945],[23.2713,39.3229],[23.2468,39.3413],[23.233,39.3595],[23.1441,39.45],[23.1074,39.4873],[23.1018,39.4974],[23.0559,39.5272],[23.024,39.5373],[22.9774,39.5643],[22.9198,39.6286],[22.8664,39.7393],[22.8587,39.7733],[22.8403,39.8034],[22.8011,39.8403],[22.7877,39.8479],[22.777,39.8583],[22.7623,39.8977],[22.7437,39.9475],[22.7159,40.022],[22.7065,40.0471],[22.632,40.2463],[22.6283,40.2563],[22.7422,40.3901],[22.8152,40.476],[22.8953,40.3981],[22.8882,40.3863],[22.9064,40.3873],[23.3442,39.9617],[23.3608,39.9617],[23.3606,39.9611],[23.3644,39.9617],[23.4925,39.9617],[23.548,39.9461],[23.6165,39.9233],[23.7031,39.9127],[23.7479,39.9305],[23.6973,39.9405],[23.676,39.9611],[23.6759,39.9617],[23.899,39.9617],[23.9142,39.9666],[23.9197,39.9564],[23.9912,39.9536],[23.9728,39.9619],[23.9987,39.9748],[23.988,39.99],[23.9884,39.9903],[24.0511,40.0104],[24.14,40.0388],[24.1844,40.0531],[24.2289,40.0673],[24.4066,40.1242],[24.4063,40.1245],[24.4066,40.1246],[24.3815,40.145],[24.3938,40.1525],[24.3833,40.1791],[24.3206,40.228],[24.2663,40.289],[24.2334,40.3169],[24.2223,40.3171],[24.2122,40.3282],[24.1889,40.3388],[24.1799,40.3515],[24.1336,40.3638],[24.0855,40.3856],[24.0293,40.4313],[24.0288,40.4321],[24.0114,40.4492],[24.0076,40.4489],[24.0042,40.4517],[23.9154,40.5239],[23.9092,40.5289],[23.9149,40.5389],[23.8888,40.5638],[23.8663,40.5638],[23.8291,40.5941],[23.7704,40.6418],[23.7443,40.677],[23.7484,40.6932],[23.8291,40.7106],[23.8635,40.718],[23.8978,40.7254],[23.9665,40.7402],[23.9863,40.7322],[24.0731,40.7214],[24.1101,40.7279],[24.2959,40.8112],[24.6124,40.8794],[24.6287,40.8586],[24.6619,40.8791],[24.6798,40.8694],[24.6907,40.8682],[24.7284,40.8527],[24.7539,40.8614],[24.79,40.8575],[24.802,40.8535],[24.8297,40.8768],[24.8342,40.8791],[24.82,40.95],[24.8,41.08],[24.75,41.15],[24.7,41.25],[24.65,41.4],[24.6471,41.4172],[24.6382,41.4177],[24.6443,41.4277],[24.5958,41.4298],[24.5811,41.4602],[24.5494,41.4854],[24.5309,41.5475],[24.5102,41.5617],[24.4592,41.5495],[24.4388,41.5277],[24.3539,41.5191],[24.2868,41.5176],[24.2864,41.5404],[24.2507,41.5635],[24.1977,41.5477],[24.1628,41.512],[24.1463,41.5268],[24.0766,41.536],[24.0473,41.5257],[24.0525,41.4715],[24.0459,41.4555],[24.0007,41.4641],[23.9499,41.4376],[23.8948,41.4643],[23.8677,41.4455],[23.7771,41.429],[23.7544,41.4007],[23.7054,41.4032],[23.6529,41.3976],[23.6248,41.3771],[23.579,41.372],[23.513,41.3977],[23.4145,41.3999],[23.3472,41.3712],[23.326,41.3693],[23.2877,41.3982],[23.2466,41.3897],[23.2098,41.3686],[23.1995,41.333],[23.1797,41.3214],[23.1152,41.3127],[22.917,41.3358],[22.826,41.341],[22.7968,41.337],[22.781,41.3349],[22.7623,41.3225],[22.7513,41.3152],[22.742,41.287],[22.7409,41.2836],[22.7367,41.2044],[22.7272,41.1658],[22.7158,41.1456],[22.7049,41.1397],[22.6919,41.1446],[22.6741,41.1566],[22.6572,41.177],[22.6445,41.1802],[22.6293,41.1771],[22.6259,41.1698],[22.6245,41.1526],[22.6073,41.136],[22.5866,41.1241],[22.5492,41.1185],[22.5007,41.1221],[22.4675,41.115],[22.4218,41.1146],[22.3802,41.1317],[22.3067,41.1284],[22.3026,41.1455],[22.2136,41.1607],[22.1603,41.1519],[22.1034,41.1215],[22.0482,41.1519],[22.0291,41.1386],[21.9651,41.1244],[21.9255,41.1068],[21.9012,41.0908],[21.8963,41.0647],[21.8807,41.0384],[21.845,41.0124],[21.8313,40.9935],[21.7837,40.9642],[21.7781,40.9337],[21.7571,40.9225],[21.737,40.9192],[21.6851,40.928],[21.6569,40.9182],[21.6439,40.8945],[21.6237,40.8944],[21.5816,40.8663],[21.5537,40.8704],[21.5057,40.9009],[21.4294,40.909],[21.3813,40.9005],[21.3449,40.8731],[21.2954,40.8609],[21.2458,40.8632],[21.183,40.8702],[21.1121,40.8539],[20.9653,40.8494],[20.9567,40.8948],[20.9399,40.9071],[20.8902,40.9183],[20.8365,40.9239],[20.817,40.9202],[20.7661,40.8937],[20.7409,40.898],[20.7172,40.9132],[20.7027,40.9363],[20.6641,41.0591],[20.6539,41.0753],[20.643,41.0816],[20.5974,41.0863],[20.6024,41.0458],[20.5901,41.0185],[20.5428,41.0296],[20.4229,40.9881],[20.406,40.9342],[20.3813,40.9247],[20.3985,40.8889],[20.4415,40.8441],[20.4685,40.7997],[20.4448,40.7658],[20.4157,40.7523],[20.3397,40.7453],[20.2932,40.726],[20.2219,40.7157],[20.2003,40.7323],[20.145,40.7433],[20.1543,40.7549],[20.093,40.7801],[20.0686,40.8112],[20.0131,40.8285],[20.0166,40.8737],[20.0021,40.8817],[19.969,40.8671],[19.8889,40.8743],[19.8672,40.8684],[19.8692,40.8502],[19.8267,40.8489],[19.8124,40.8606],[19.7743,40.8471],[19.7646,40.8125],[19.7319,40.812]]],[[[23.5872,39.2076],[23.6278,39.1473],[23.6342,39.1428],[23.6646,39.0952],[23.6663,39.0948],[23.666,39.0928],[23.7168,39.0772],[23.7295,39.0811],[23.7366,39.0796],[23.7367,39.0797],[23.737,39.0796],[23.7447,39.0858],[23.7603,39.0906],[23.7927,39.1182],[23.7727,39.1293],[23.7488,39.1304],[23.729,39.1404],[23.7305,39.1461],[23.6834,39.1632],[23.6522,39.1788],[23.6013,39.2138],[23.5872,39.2076]]],[[[23.8335,39.1461],[23.8645,39.144],[23.8958,39.1618],[23.8999,39.1677],[23.9386,39.2011],[23.9597,39.244],[23.967,39.2512],[23.971,39.2671],[23.9722,39.2719],[23.9398,39.2798],[23.9017,39.2328],[23.8878,39.2258],[23.8488,39.1592],[23.8335,39.1461]]],[[[24.512,40.6668],[24.5146,40.6519],[24.5142,40.6476],[24.5142,40.6472],[24.5155,40.6465],[24.5168,40.6391],[24.5402,40.634],[24.6114,40.5978],[24.6423,40.5706],[24.6639,40.5839],[24.7738,40.6142],[24.7738,40.6146],[24.7735,40.618],[24.7824,40.6202],[24.7705,40.6556],[24.7702,40.6595],[24.7789,40.6813],[24.7864,40.6879],[24.7831,40.6918],[24.7882,40.7045],[24.7881,40.7047],[24.7882,40.7049],[24.7738,40.7309],[24.7703,40.7345],[24.7864,40.7351],[24.7492,40.7562],[24.7412,40.7644],[24.7317,40.7835],[24.7213,40.785],[24.7198,40.7865],[24.702,40.7878],[24.6746,40.7917],[24.6423,40.8039],[24.6255,40.7932],[24.6226,40.7934],[24.6222,40.7934],[24.5862,40.7691],[24.5843,40.7669],[24.5667,40.7556],[24.5334,40.7182],[24.5234,40.6942],[24.5178,40.6875],[24.517,40.6789],[24.512,40.6668]]],[[[25.4435,40.4819],[25.4663,40.4558],[25.5326,40.415],[25.5661,40.405],[25.5727,40.4007],[25.573,40.4008],[25.5731,40.4007],[25.5772,40.4017],[25.5891,40.3981],[25.6826,40.4231],[25.6837,40.4265],[25.6847,40.4267],[25.6845,40.4271],[25.6847,40.4271],[25.6842,40.428],[25.6907,40.4477],[25.6887,40.475],[25.6565,40.4962],[25.5759,40.5147],[25.5715,40.5148],[25.5695,40.5157],[25.5692,40.5156],[25.5691,40.5157],[25.5661,40.5149],[25.5466,40.5153],[25.5021,40.4976],[25.4467,40.4827],[25.447,40.4825],[25.4469,40.4825],[25.4471,40.4824],[25.4467,40.4823],[25.4474,40.4818],[25.4435,40.4819]]]]}},
{"type":"Feature","properties":{"entityId":"macedonia-kingdom","from":-284,"to":-280,"certainty":"estimated","source":"유럽 쪽은 Natural Earth 1:10m admin-1(v5.1.2) 현대 행정구역 조각을 그 시기 국경에 맞춰 묶고, 조각이 역사 경계와 다른 곳은 선을 그어 나눈 근사. 유럽 밖(시베리아·중앙아시아·극동)은 대략적인 추정. 운영자 검수 필요"},"geometry":{"type":"MultiPolygon","coordinates":[[[[19.7319,40.812],[19.7383,40.7812],[19.7608,40.7552],[19.7562,40.7166],[19.7952,40.6976],[19.8322,40.6361],[19.8085,40.6202],[19.8489,40.5686],[19.8993,40.5451],[19.9049,40.5273],[19.9371,40.5119],[19.9805,40.5089],[20.0202,40.4935],[20.068,40.4892],[20.0723,40.5033],[20.1082,40.4813],[20.1484,40.4726],[20.2486,40.3724],[20.2978,40.3553],[20.3066,40.3763],[20.3704,40.3992],[20.3723,40.4331],[20.4426,40.4397],[20.4603,40.437],[20.4415,40.4145],[20.4702,40.3677],[20.4617,40.3245],[20.482,40.2728],[20.5126,40.2663],[20.496,40.2255],[20.5268,40.1581],[20.6154,40.081],[20.6476,40.094],[20.6682,40.1381],[20.6599,40.1727],[20.6853,40.1912],[20.6964,40.2151],[20.6946,40.2556],[20.707,40.2881],[20.7396,40.3092],[20.7732,40.299],[20.8064,40.3199],[20.8439,40.3266],[20.8784,40.2653],[20.9208,40.225],[20.9479,40.1809],[20.9608,40.1384],[20.9323,40.087],[20.9482,40.077],[20.9611,40.0345],[20.9879,40.0068],[21.027,40.0215],[21.0429,40.0115],[21.0403,39.9817],[21.0139,39.941],[21.0453,39.9182],[21.0588,39.862],[21.0779,39.8325],[21.0949,39.8277],[21.1892,39.8496],[21.2249,39.8482],[21.2906,39.8186],[21.2912,39.8048],[21.2639,39.8108],[21.2151,39.7837],[21.1984,39.7556],[21.2162,39.6687],[21.1432,39.68],[21.1104,39.6592],[21.1232,39.6003],[21.1661,39.5652],[21.169,39.5102],[21.1531,39.4847],[21.1749,39.4521],[21.1787,39.4189],[21.226,39.3888],[21.2403,39.3543],[21.2752,39.3337],[21.3459,39.3308],[21.3851,39.2797],[21.3331,39.2012],[21.3623,39.1539],[21.3757,39.1496],[21.4228,39.1877],[21.4776,39.2112],[21.5089,39.191],[21.5521,39.2268],[21.6377,39.2437],[21.6608,39.2191],[21.6662,39.1774],[21.6986,39.1624],[21.697,39.1216],[21.72,39.0969],[21.7564,39.1006],[21.813,39.1319],[21.8309,39.1324],[21.8991,39.1021],[21.9134,39.0866],[21.9157,39.0316],[21.97,39.0358],[22.0126,39.0523],[22.0392,39.0763],[22.0958,39.091],[22.1167,39.1048],[22.147,39.1611],[22.2359,39.2402],[22.2844,39.2175],[22.3547,39.1975],[22.4054,39.169],[22.413,39.1242],[22.4285,39.114],[22.4939,39.1192],[22.4926,39.0509],[22.516,39.0287],[22.5546,39.0263],[22.6308,39.0327],[22.7144,38.9942],[22.7863,38.9819],[22.8394,38.9803],[22.8694,38.957],[22.9271,38.9602],[22.966,38.9742],[22.9967,38.9634],[23.0144,38.9934],[23.1116,39.05],[23.2027,39.103],[23.2186,39.1039],[23.2855,39.148],[23.3013,39.1514],[23.3438,39.1796],[23.3432,39.1849],[23.3518,39.1899],[23.3515,39.1902],[23.3518,39.1903],[23.331,39.2098],[23.2957,39.2637],[23.287,39.2883],[23.2823,39.2945],[23.2713,39.3229],[23.2468,39.3413],[23.233,39.3595],[23.1441,39.45],[23.1074,39.4873],[23.1018,39.4974],[23.0559,39.5272],[23.024,39.5373],[22.9774,39.5643],[22.9198,39.6286],[22.8664,39.7393],[22.8587,39.7733],[22.8403,39.8034],[22.8011,39.8403],[22.7877,39.8479],[22.777,39.8583],[22.7623,39.8977],[22.7437,39.9475],[22.7159,40.022],[22.7065,40.0471],[22.632,40.2463],[22.6283,40.2563],[22.7422,40.3901],[22.8152,40.476],[22.8953,40.3981],[22.8882,40.3863],[22.9064,40.3873],[23.3442,39.9617],[23.3608,39.9617],[23.3606,39.9611],[23.3644,39.9617],[23.4925,39.9617],[23.548,39.9461],[23.6165,39.9233],[23.7031,39.9127],[23.7479,39.9305],[23.6973,39.9405],[23.676,39.9611],[23.6759,39.9617],[23.899,39.9617],[23.9142,39.9666],[23.9197,39.9564],[23.9912,39.9536],[23.9728,39.9619],[23.9987,39.9748],[23.988,39.99],[23.9884,39.9903],[24.0511,40.0104],[24.14,40.0388],[24.1844,40.0531],[24.2289,40.0673],[24.4066,40.1242],[24.4063,40.1245],[24.4066,40.1246],[24.3815,40.145],[24.3938,40.1525],[24.3833,40.1791],[24.3206,40.228],[24.2663,40.289],[24.2334,40.3169],[24.2223,40.3171],[24.2122,40.3282],[24.1889,40.3388],[24.1799,40.3515],[24.1336,40.3638],[24.0855,40.3856],[24.0293,40.4313],[24.0288,40.4321],[24.0114,40.4492],[24.0076,40.4489],[24.0042,40.4517],[23.9154,40.5239],[23.9092,40.5289],[23.9149,40.5389],[23.8888,40.5638],[23.8663,40.5638],[23.8291,40.5941],[23.7704,40.6418],[23.7443,40.677],[23.7484,40.6932],[23.8291,40.7106],[23.8635,40.718],[23.8978,40.7254],[23.9665,40.7402],[23.9863,40.7322],[24.0731,40.7214],[24.1101,40.7279],[24.2959,40.8112],[24.6124,40.8794],[24.6287,40.8586],[24.6619,40.8791],[24.6798,40.8694],[24.6907,40.8682],[24.7284,40.8527],[24.7539,40.8614],[24.79,40.8575],[24.802,40.8535],[24.8297,40.8768],[24.8342,40.8791],[24.82,40.95],[24.8,41.08],[24.75,41.15],[24.7,41.25],[24.65,41.4],[24.6471,41.4172],[24.6382,41.4177],[24.6443,41.4277],[24.5958,41.4298],[24.5811,41.4602],[24.5494,41.4854],[24.5309,41.5475],[24.5102,41.5617],[24.4592,41.5495],[24.4388,41.5277],[24.3539,41.5191],[24.2868,41.5176],[24.2864,41.5404],[24.2507,41.5635],[24.1977,41.5477],[24.0779,41.624],[24.1231,41.6546],[24.0726,41.6863],[24.042,41.7104],[23.9282,41.769],[23.9055,41.7965],[23.8682,41.7954],[23.8217,41.8238],[23.7957,41.8609],[23.7896,41.906],[23.7625,41.9399],[23.7666,41.9765],[23.7919,42.0207],[23.8205,42.0453],[23.8013,42.0627],[23.8133,42.0962],[23.8096,42.1329],[23.7726,42.1582],[23.7631,42.1776],[23.718,42.1605],[23.6984,42.1668],[23.6002,42.1509],[23.5808,42.1144],[23.5475,42.0841],[23.4936,42.0991],[23.4443,42.0697],[23.3872,42.0623],[23.2605,42.0929],[23.2006,42.0917],[23.1227,42.0576],[23.0607,42.0487],[23.0051,42.0699],[22.9762,42.0683],[22.959,42.0871],[22.9336,42.086],[22.8969,42.0304],[22.8754,42.0331],[22.8456,42.0074],[22.827,42.0251],[22.7989,42.0212],[22.7809,42.0432],[22.7251,42.0425],[22.7057,42.0559],[22.6759,42.0606],[22.6272,42.0791],[22.6178,42.0827],[22.5311,42.1291],[22.5069,42.1489],[22.4814,42.1933],[22.4436,42.2144],[22.345,42.3134],[22.3076,42.3193],[22.2769,42.3412],[22.2733,42.3655],[22.2598,42.3691],[22.2334,42.3489],[22.1381,42.3191],[22.0955,42.3058],[22.0609,42.3011],[22.0454,42.3024],[21.995,42.3126],[21.9415,42.3331],[21.9183,42.3313],[21.8844,42.3095],[21.8172,42.3051],[21.7195,42.261],[21.6769,42.2349],[21.6247,42.2428],[21.575,42.242],[21.5641,42.2463],[21.5199,42.239],[21.4993,42.2387],[21.4815,42.2478],[21.472,42.2391],[21.4572,42.237],[21.4363,42.2469],[21.4199,42.2401],[21.4298,42.2158],[21.4191,42.215],[21.3843,42.2249],[21.3606,42.2201],[21.3538,42.216],[21.295,42.149],[21.3003,42.1209],[21.3008,42.0984],[21.2993,42.0914],[21.2889,42.0897],[21.2457,42.0962],[21.2293,42.1038],[21.1999,42.1412],[21.1644,42.167],[21.1264,42.1889],[21.0985,42.196],[21.0744,42.1845],[21.0409,42.16],[21.0292,42.1514],[21.0039,42.142],[20.9751,42.1347],[20.9042,42.1167],[20.8105,42.0929],[20.7849,42.082],[20.7654,42.0643],[20.7554,42.0428],[20.7431,41.9935],[20.7418,41.9708],[20.7514,41.9403],[20.7544,41.9309],[20.7511,41.9102],[20.74,41.888],[20.7233,41.8666],[20.7144,41.8592],[20.6815,41.844],[20.6528,41.8693],[20.637,41.8704],[20.6187,41.8505],[20.5903,41.8547],[20.5671,41.8732],[20.5417,41.8616],[20.5408,41.8449],[20.5501,41.8001],[20.5444,41.7848],[20.5113,41.7579],[20.5004,41.7341],[20.5083,41.6617],[20.5347,41.5873],[20.5293,41.5749],[20.5208,41.5684],[20.4929,41.5577],[20.4442,41.5497],[20.4479,41.5355],[20.445,41.5085],[20.452,41.4936],[20.4708,41.4838],[20.4816,41.4683],[20.4868,41.4578],[20.4909,41.436],[20.498,41.4315],[20.5222,41.4257],[20.539,41.4029],[20.5329,41.3704],[20.5104,41.3444],[20.4817,41.3412],[20.4781,41.3216],[20.4954,41.2503],[20.5001,41.2355],[20.5127,41.2101],[20.5497,41.1706],[20.5655,41.1474],[20.577,41.0935],[20.5974,41.0863],[20.6024,41.0458],[20.5901,41.0185],[20.5428,41.0296],[20.4229,40.9881],[20.406,40.9342],[20.3813,40.9247],[20.3985,40.8889],[20.4415,40.8441],[20.4685,40.7997],[20.4448,40.7658],[20.4157,40.7523],[20.3397,40.7453],[20.2932,40.726],[20.2219,40.7157],[20.2003,40.7323],[20.145,40.7433],[20.1543,40.7549],[20.093,40.7801],[20.0686,40.8112],[20.0131,40.8285],[20.0166,40.8737],[20.0021,40.8817],[19.969,40.8671],[19.8889,40.8743],[19.8672,40.8684],[19.8692,40.8502],[19.8267,40.8489],[19.8124,40.8606],[19.7743,40.8471],[19.7646,40.8125],[19.7319,40.812]]],[[[23.5872,39.2076],[23.6278,39.1473],[23.6342,39.1428],[23.6646,39.0952],[23.6663,39.0948],[23.666,39.0928],[23.7168,39.0772],[23.7295,39.0811],[23.7366,39.0796],[23.7367,39.0797],[23.737,39.0796],[23.7447,39.0858],[23.7603,39.0906],[23.7927,39.1182],[23.7727,39.1293],[23.7488,39.1304],[23.729,39.1404],[23.7305,39.1461],[23.6834,39.1632],[23.6522,39.1788],[23.6013,39.2138],[23.5872,39.2076]]],[[[23.8335,39.1461],[23.8645,39.144],[23.8958,39.1618],[23.8999,39.1677],[23.9386,39.2011],[23.9597,39.244],[23.967,39.2512],[23.971,39.2671],[23.9722,39.2719],[23.9398,39.2798],[23.9017,39.2328],[23.8878,39.2258],[23.8488,39.1592],[23.8335,39.1461]]],[[[24.512,40.6668],[24.5146,40.6519],[24.5142,40.6476],[24.5142,40.6472],[24.5155,40.6465],[24.5168,40.6391],[24.5402,40.634],[24.6114,40.5978],[24.6423,40.5706],[24.6639,40.5839],[24.7738,40.6142],[24.7738,40.6146],[24.7735,40.618],[24.7824,40.6202],[24.7705,40.6556],[24.7702,40.6595],[24.7789,40.6813],[24.7864,40.6879],[24.7831,40.6918],[24.7882,40.7045],[24.7881,40.7047],[24.7882,40.7049],[24.7738,40.7309],[24.7703,40.7345],[24.7864,40.7351],[24.7492,40.7562],[24.7412,40.7644],[24.7317,40.7835],[24.7213,40.785],[24.7198,40.7865],[24.702,40.7878],[24.6746,40.7917],[24.6423,40.8039],[24.6255,40.7932],[24.6226,40.7934],[24.6222,40.7934],[24.5862,40.7691],[24.5843,40.7669],[24.5667,40.7556],[24.5334,40.7182],[24.5234,40.6942],[24.5178,40.6875],[24.517,40.6789],[24.512,40.6668]]],[[[25.4435,40.4819],[25.4663,40.4558],[25.5326,40.415],[25.5661,40.405],[25.5727,40.4007],[25.573,40.4008],[25.5731,40.4007],[25.5772,40.4017],[25.5891,40.3981],[25.6826,40.4231],[25.6837,40.4265],[25.6847,40.4267],[25.6845,40.4271],[25.6847,40.4271],[25.6842,40.428],[25.6907,40.4477],[25.6887,40.475],[25.6565,40.4962],[25.5759,40.5147],[25.5715,40.5148],[25.5695,40.5157],[25.5692,40.5156],[25.5691,40.5157],[25.5661,40.5149],[25.5466,40.5153],[25.5021,40.4976],[25.4467,40.4827],[25.447,40.4825],[25.4469,40.4825],[25.4471,40.4824],[25.4467,40.4823],[25.4474,40.4818],[25.4435,40.4819]]]]}},
{"type":"Feature","properties":{"entityId":"macedonia-kingdom","from":-280,"to":-278,"certainty":"estimated","source":"유럽 쪽은 Natural Earth 1:10m admin-1(v5.1.2) 현대 행정구역 조각을 그 시기 국경에 맞춰 묶고, 조각이 역사 경계와 다른 곳은 선을 그어 나눈 근사. 유럽 밖(시베리아·중앙아시아·극동)은 대략적인 추정. 운영자 검수 필요"},"geometry":{"type":"MultiPolygon","coordinates":[[[[19.7319,40.812],[19.7383,40.7812],[19.7608,40.7552],[19.7562,40.7166],[19.7952,40.6976],[19.8322,40.6361],[19.8085,40.6202],[19.8489,40.5686],[19.8993,40.5451],[19.9049,40.5273],[19.9371,40.5119],[19.9805,40.5089],[20.0202,40.4935],[20.068,40.4892],[20.0723,40.5033],[20.1082,40.4813],[20.1484,40.4726],[20.2486,40.3724],[20.2978,40.3553],[20.3066,40.3763],[20.3704,40.3992],[20.3723,40.4331],[20.4426,40.4397],[20.4603,40.437],[20.4415,40.4145],[20.4702,40.3677],[20.4617,40.3245],[20.482,40.2728],[20.5126,40.2663],[20.496,40.2255],[20.5268,40.1581],[20.6154,40.081],[20.6476,40.094],[20.6682,40.1381],[20.6599,40.1727],[20.6853,40.1912],[20.6964,40.2151],[20.6946,40.2556],[20.707,40.2881],[20.7396,40.3092],[20.7732,40.299],[20.8064,40.3199],[20.8439,40.3266],[20.8784,40.2653],[20.9208,40.225],[20.9479,40.1809],[20.9608,40.1384],[20.9323,40.087],[20.9482,40.077],[20.9611,40.0345],[20.9879,40.0068],[21.027,40.0215],[21.0429,40.0115],[21.0403,39.9817],[21.0139,39.941],[21.0453,39.9182],[21.0588,39.862],[21.0779,39.8325],[21.0949,39.8277],[21.1892,39.8496],[21.2249,39.8482],[21.2906,39.8186],[21.2912,39.8048],[21.2639,39.8108],[21.2151,39.7837],[21.1984,39.7556],[21.2162,39.6687],[21.1432,39.68],[21.1104,39.6592],[21.1232,39.6003],[21.1661,39.5652],[21.169,39.5102],[21.1531,39.4847],[21.1749,39.4521],[21.1787,39.4189],[21.226,39.3888],[21.2403,39.3543],[21.2752,39.3337],[21.3459,39.3308],[21.3851,39.2797],[21.3331,39.2012],[21.3623,39.1539],[21.3757,39.1496],[21.4228,39.1877],[21.4776,39.2112],[21.5089,39.191],[21.5521,39.2268],[21.6377,39.2437],[21.6608,39.2191],[21.6662,39.1774],[21.6986,39.1624],[21.697,39.1216],[21.72,39.0969],[21.7564,39.1006],[21.813,39.1319],[21.8309,39.1324],[21.8991,39.1021],[21.9134,39.0866],[21.9157,39.0316],[21.97,39.0358],[22.0126,39.0523],[22.0392,39.0763],[22.0958,39.091],[22.1167,39.1048],[22.147,39.1611],[22.2359,39.2402],[22.2844,39.2175],[22.3547,39.1975],[22.4054,39.169],[22.413,39.1242],[22.4285,39.114],[22.4939,39.1192],[22.4926,39.0509],[22.516,39.0287],[22.5546,39.0263],[22.6308,39.0327],[22.7144,38.9942],[22.7863,38.9819],[22.8394,38.9803],[22.8694,38.957],[22.9271,38.9602],[22.966,38.9742],[22.9967,38.9634],[23.0144,38.9934],[23.1116,39.05],[23.2027,39.103],[23.2186,39.1039],[23.2855,39.148],[23.3013,39.1514],[23.3438,39.1796],[23.3432,39.1849],[23.3518,39.1899],[23.3515,39.1902],[23.3518,39.1903],[23.331,39.2098],[23.2957,39.2637],[23.287,39.2883],[23.2823,39.2945],[23.2713,39.3229],[23.2468,39.3413],[23.233,39.3595],[23.1441,39.45],[23.1074,39.4873],[23.1018,39.4974],[23.0559,39.5272],[23.024,39.5373],[22.9774,39.5643],[22.9198,39.6286],[22.8664,39.7393],[22.8587,39.7733],[22.8403,39.8034],[22.8011,39.8403],[22.7877,39.8479],[22.777,39.8583],[22.7623,39.8977],[22.7437,39.9475],[22.7159,40.022],[22.7065,40.0471],[22.632,40.2463],[22.6283,40.2563],[22.7422,40.3901],[22.8152,40.476],[22.8953,40.3981],[22.8882,40.3863],[22.9064,40.3873],[23.3442,39.9617],[23.3608,39.9617],[23.3606,39.9611],[23.3644,39.9617],[23.4925,39.9617],[23.548,39.9461],[23.6165,39.9233],[23.7031,39.9127],[23.7479,39.9305],[23.6973,39.9405],[23.676,39.9611],[23.6759,39.9617],[23.899,39.9617],[23.9142,39.9666],[23.9197,39.9564],[23.9912,39.9536],[23.9728,39.9619],[23.9987,39.9748],[23.988,39.99],[23.9884,39.9903],[24.0511,40.0104],[24.14,40.0388],[24.1844,40.0531],[24.2289,40.0673],[24.4066,40.1242],[24.4063,40.1245],[24.4066,40.1246],[24.3815,40.145],[24.3938,40.1525],[24.3833,40.1791],[24.3206,40.228],[24.2663,40.289],[24.2334,40.3169],[24.2223,40.3171],[24.2122,40.3282],[24.1889,40.3388],[24.1799,40.3515],[24.1336,40.3638],[24.0855,40.3856],[24.0293,40.4313],[24.0288,40.4321],[24.0114,40.4492],[24.0076,40.4489],[24.0042,40.4517],[23.9154,40.5239],[23.9092,40.5289],[23.9149,40.5389],[23.8888,40.5638],[23.8663,40.5638],[23.8291,40.5941],[23.7704,40.6418],[23.7443,40.677],[23.7484,40.6932],[23.8291,40.7106],[23.8635,40.718],[23.8978,40.7254],[23.9665,40.7402],[23.9863,40.7322],[24.0731,40.7214],[24.1101,40.7279],[24.2959,40.8112],[24.6124,40.8794],[24.6287,40.8586],[24.6619,40.8791],[24.6798,40.8694],[24.6907,40.8682],[24.7284,40.8527],[24.7539,40.8614],[24.79,40.8575],[24.802,40.8535],[24.8297,40.8768],[24.8342,40.8791],[24.9548,40.9411],[24.9555,40.9411],[25.4467,40.852],[25.8819,40.8314],[25.8922,40.8264],[25.9729,40.7875],[25.9901,40.7792],[26.0119,40.7687],[26.019,40.757],[26.0222,40.7517],[26.0371,40.7271],[26.0391,40.7241],[26.0491,40.7089],[26.0443,40.6171],[26.0443,40.6167],[26.0588,40.5951],[26.1343,40.483],[26.1531,40.455],[26.172,40.4269],[26.2097,40.3709],[26.2323,40.3372],[26.21,40.3219],[26.2181,40.2969],[26.2531,40.2689],[26.2531,40.2479],[26.2602,40.2031],[26.247,40.1808],[26.2147,40.1461],[26.1902,40.0942],[26.1575,40.0553],[26.1776,40.0507],[26.2306,40.0649],[26.2731,40.0926],[26.328,40.1187],[26.3758,40.1535],[26.3702,40.1593],[26.3992,40.178],[26.3963,40.1728],[26.3982,40.164],[26.44,40.21],[26.52,40.27],[26.62,40.33],[26.69,40.38],[26.7534,40.403],[26.7477,40.4032],[26.9017,40.5028],[26.9481,40.5328],[26.9944,40.5627],[27.0423,40.5937],[27.087,40.6131],[27.1152,40.6137],[27.1777,40.6326],[27.1983,40.6531],[27.2879,40.7036],[27.31,40.7332],[27.35,40.7686],[27.4,40.8128],[27.4248,40.8313],[27.4465,40.8617],[27.4519,40.8789],[27.6063,40.9908],[27.6754,41.0019],[27.7819,41.0069],[27.8153,41.0026],[27.8607,40.9785],[27.9413,40.9711],[27.9826,41.0161],[27.9833,41.0164],[28.0974,41.0218],[28.1548,41.0245],[28.1835,41.0258],[28.1835,41.0814],[28.1747,41.0808],[28.1505,41.2069],[28.1493,41.213],[28.163,41.2732],[28.193,41.3553],[28.1821,41.421],[28.1762,41.4369],[28.1557,41.4922],[28.203,41.5402],[28.222,41.5267],[28.222,41.5384],[28.254,41.5384],[28.254,41.5712],[28.222,41.583],[28.165,41.6039],[28.1523,41.6086],[28.1448,41.6174],[28.1,41.6702],[28.0883,41.7082],[28.0324,41.8897],[28.0449,41.8902],[28.0168,41.9726],[27.9659,41.9821],[27.917,41.9779],[27.8522,41.9954],[27.808,41.9935],[27.7898,41.9427],[27.7451,41.9596],[27.6,42.17],[27.45,42.42],[27.35,42.5],[27.45,42.62],[27.55,42.75],[27.8949,42.75],[27.8971,42.784],[27.8898,42.82],[27.8909,42.8609],[27.884,42.8484],[27.8315,42.8266],[27.8018,42.8221],[27.7189,42.855],[27.6733,42.8918],[27.6206,42.9094],[27.5832,42.892],[27.4952,42.8757],[27.4458,42.8837],[27.4001,42.9039],[27.3554,42.9114],[27.3242,42.9483],[27.2849,42.9767],[27.2365,42.9884],[27.1768,42.963],[27.1191,42.9537],[27.0237,42.9288],[26.9815,42.9402],[26.9092,42.934],[26.8776,42.9496],[26.801,42.9469],[26.7623,42.9084],[26.6897,42.8889],[26.6546,42.9],[26.6452,42.9372],[26.5724,42.9238],[26.5525,42.9577],[26.5743,42.9866],[26.4914,43.0199],[26.469,43.0094],[26.4187,43.0063],[26.3813,43.025],[26.3634,43.01],[26.3609,43.033],[26.3358,43.0415],[26.2747,43.0347],[26.2747,43.0048],[26.2243,42.9587],[26.172,42.9491],[26.1495,42.9098],[26.0823,42.8861],[26.0669,42.8683],[26.0691,42.8394],[26.0568,42.8172],[26.0103,42.8135],[25.9673,42.7842],[25.9016,42.7912],[25.8109,42.7828],[25.8219,42.7149],[25.8505,42.6442],[25.8787,42.604],[25.883,42.5683],[25.831,42.5386],[25.8647,42.5177],[25.8819,42.4938],[25.8727,42.4498],[25.9006,42.4118],[25.9127,42.3641],[25.9589,42.3162],[25.9792,42.2709],[25.9744,42.1976],[26.0246,42.1527],[26.0844,42.161],[26.1301,42.157],[26.1296,42.1006],[26.1428,42.0457],[26.057,42.0196],[25.9498,42.1081],[25.87,42.1273],[25.8035,42.0783],[25.7566,42.0615],[25.7329,42.0864],[25.6637,42.1358],[25.6326,42.1246],[25.6076,42.13],[25.6226,42.1455],[25.623,42.1802],[25.5889,42.1927],[25.5405,42.1673],[25.5068,42.1763],[25.4739,42.1665],[25.4498,42.0987],[25.3982,42.1131],[25.3295,42.1245],[25.3045,42.1516],[25.2356,42.1768],[25.1822,42.1683],[25.1674,42.144],[25.1529,42.1605],[25.088,42.188],[25.0731,42.229],[25.0858,42.2632],[25.1491,42.2862],[25.1158,42.3413],[25.1084,42.4011],[25.1364,42.4159],[25.1911,42.4025],[25.1974,42.4169],[25.1563,42.4541],[25.1759,42.4895],[25.1595,42.5097],[25.0816,42.5025],[25.026,42.5413],[25.0187,42.5767],[24.9944,42.617],[25.0229,42.6416],[25.0064,42.7131],[25.0115,42.7483],[25.0112,42.7585],[24.98,42.7532],[24.9662,42.7321],[24.9247,42.714],[24.8787,42.7102],[24.8277,42.719],[24.7751,42.7191],[24.752,42.7094],[24.704,42.7167],[24.6644,42.7425],[24.6307,42.7753],[24.5853,42.7886],[24.5,42.792],[24.4376,42.7517],[24.3967,42.7549],[24.3602,42.7074],[24.3731,42.6617],[24.4163,42.645],[24.4472,42.6126],[24.473,42.5993],[24.4683,42.5771],[24.4418,42.5632],[24.4082,42.5621],[24.3504,42.5652],[24.3018,42.588],[24.285,42.6213],[24.2289,42.6297],[24.1575,42.6107],[24.1296,42.5816],[24.0815,42.5729],[24.0347,42.5534],[23.9614,42.5793],[23.904,42.5695],[23.8981,42.547],[23.9214,42.5075],[23.9881,42.4587],[24.0387,42.4649],[24.0547,42.445],[24.0384,42.408],[23.9594,42.3923],[23.9415,42.3468],[23.9741,42.2833],[23.9581,42.268],[23.9125,42.296],[23.8885,42.2907],[23.8806,42.2615],[23.8481,42.2257],[23.8009,42.2113],[23.7957,42.1887],[23.7631,42.1776],[23.718,42.1605],[23.6984,42.1668],[23.6002,42.1509],[23.5808,42.1144],[23.5475,42.0841],[23.4936,42.0991],[23.4443,42.0697],[23.3872,42.0623],[23.2605,42.0929],[23.2006,42.0917],[23.1227,42.0576],[23.0607,42.0487],[23.0051,42.0699],[22.9762,42.0683],[22.959,42.0871],[22.9336,42.086],[22.8969,42.0304],[22.8754,42.0331],[22.8456,42.0074],[22.827,42.0251],[22.7989,42.0212],[22.7809,42.0432],[22.7251,42.0425],[22.7057,42.0559],[22.6759,42.0606],[22.6272,42.0791],[22.6178,42.0827],[22.5311,42.1291],[22.5069,42.1489],[22.4814,42.1933],[22.4436,42.2144],[22.345,42.3134],[22.3076,42.3193],[22.2769,42.3412],[22.2733,42.3655],[22.2598,42.3691],[22.2334,42.3489],[22.1381,42.3191],[22.0955,42.3058],[22.0609,42.3011],[22.0454,42.3024],[21.995,42.3126],[21.9415,42.3331],[21.9183,42.3313],[21.8844,42.3095],[21.8172,42.3051],[21.7195,42.261],[21.6769,42.2349],[21.6247,42.2428],[21.575,42.242],[21.5641,42.2463],[21.5199,42.239],[21.4993,42.2387],[21.4815,42.2478],[21.472,42.2391],[21.4572,42.237],[21.4363,42.2469],[21.4199,42.2401],[21.4298,42.2158],[21.4191,42.215],[21.3843,42.2249],[21.3606,42.2201],[21.3538,42.216],[21.295,42.149],[21.3003,42.1209],[21.3008,42.0984],[21.2993,42.0914],[21.2889,42.0897],[21.2457,42.0962],[21.2293,42.1038],[21.1999,42.1412],[21.1644,42.167],[21.1264,42.1889],[21.0985,42.196],[21.0744,42.1845],[21.0409,42.16],[21.0292,42.1514],[21.0039,42.142],[20.9751,42.1347],[20.9042,42.1167],[20.8105,42.0929],[20.7849,42.082],[20.7654,42.0643],[20.7554,42.0428],[20.7431,41.9935],[20.7418,41.9708],[20.7514,41.9403],[20.7544,41.9309],[20.7511,41.9102],[20.74,41.888],[20.7233,41.8666],[20.7144,41.8592],[20.6815,41.844],[20.6528,41.8693],[20.637,41.8704],[20.6187,41.8505],[20.5903,41.8547],[20.5671,41.8732],[20.5417,41.8616],[20.5408,41.8449],[20.5501,41.8001],[20.5444,41.7848],[20.5113,41.7579],[20.5004,41.7341],[20.5083,41.6617],[20.5347,41.5873],[20.5293,41.5749],[20.5208,41.5684],[20.4929,41.5577],[20.4442,41.5497],[20.4479,41.5355],[20.445,41.5085],[20.452,41.4936],[20.4708,41.4838],[20.4816,41.4683],[20.4868,41.4578],[20.4909,41.436],[20.498,41.4315],[20.5222,41.4257],[20.539,41.4029],[20.5329,41.3704],[20.5104,41.3444],[20.4817,41.3412],[20.4781,41.3216],[20.4954,41.2503],[20.5001,41.2355],[20.5127,41.2101],[20.5497,41.1706],[20.5655,41.1474],[20.577,41.0935],[20.5974,41.0863],[20.6024,41.0458],[20.5901,41.0185],[20.5428,41.0296],[20.4229,40.9881],[20.406,40.9342],[20.3813,40.9247],[20.3985,40.8889],[20.4415,40.8441],[20.4685,40.7997],[20.4448,40.7658],[20.4157,40.7523],[20.3397,40.7453],[20.2932,40.726],[20.2219,40.7157],[20.2003,40.7323],[20.145,40.7433],[20.1543,40.7549],[20.093,40.7801],[20.0686,40.8112],[20.0131,40.8285],[20.0166,40.8737],[20.0021,40.8817],[19.969,40.8671],[19.8889,40.8743],[19.8672,40.8684],[19.8692,40.8502],[19.8267,40.8489],[19.8124,40.8606],[19.7743,40.8471],[19.7646,40.8125],[19.7319,40.812]],[[24.0631,41.792],[24.0996,41.7971],[24.1496,41.7911],[24.1893,41.7641],[24.1772,41.7281],[24.2143,41.7407],[24.2713,41.7419],[24.3146,41.771],[24.3152,41.8174],[24.3577,41.8615],[24.424,41.8895],[24.4511,41.9494],[24.5626,41.8852],[24.6591,41.9253],[24.7602,41.9411],[24.8088,41.931],[24.8452,41.8958],[24.9144,41.8581],[24.9338,41.8314],[24.9938,41.8389],[25.0313,41.8009],[25.0671,41.795],[25.0911,41.7933],[25.1021,41.831],[25.1243,41.8445],[25.1494,41.8818],[25.1959,41.9086],[25.2226,41.9037],[25.2108,41.8785],[25.2472,41.817],[25.3,41.8097],[25.3304,41.8176],[25.3531,41.8385],[25.3893,41.8466],[25.4084,41.7978],[25.4708,41.77],[25.5316,41.7867],[25.5672,41.7615],[25.5858,41.7614],[25.634,41.7009],[25.6056,41.6337],[25.6391,41.6204],[25.6802,41.6304],[25.7147,41.6211],[25.747,41.6517],[25.7822,41.6646],[25.8172,41.6548],[25.8276,41.6148],[25.8731,41.5782],[25.9169,41.5627],[25.9569,41.592],[25.9642,41.6126],[25.9989,41.6191],[26.0098,41.6358],[26.0595,41.6438],[26.1067,41.6243],[26.1303,41.5827],[26.1294,41.5594],[26.1581,41.5423],[26.1645,41.5177],[26.1459,41.478],[26.1743,41.446],[26.1209,41.3578],[26.0219,41.3417],[25.9596,41.315],[25.9212,41.316],[25.882,41.304],[25.811,41.341],[25.7635,41.319],[25.7175,41.3141],[25.6912,41.2984],[25.6398,41.3111],[25.5515,41.3157],[25.5051,41.2806],[25.4535,41.2804],[25.2857,41.2394],[25.2197,41.2497],[25.1771,41.2939],[25.1538,41.3075],[25.0804,41.3341],[24.917,41.3864],[24.8864,41.4006],[24.8033,41.3927],[24.7943,41.3474],[24.7744,41.3481],[24.7187,41.3957],[24.6809,41.4155],[24.6471,41.4172],[24.6382,41.4177],[24.6443,41.4277],[24.5958,41.4298],[24.5811,41.4602],[24.5494,41.4854],[24.5309,41.5475],[24.5102,41.5617],[24.4592,41.5495],[24.4388,41.5277],[24.3539,41.5191],[24.2868,41.5176],[24.2864,41.5404],[24.2507,41.5635],[24.1977,41.5477],[24.0779,41.624],[24.1231,41.6546],[24.0726,41.6863],[24.1023,41.7094],[24.0996,41.7421],[24.0664,41.7679],[24.0631,41.792]]],[[[23.5872,39.2076],[23.6278,39.1473],[23.6342,39.1428],[23.6646,39.0952],[23.6663,39.0948],[23.666,39.0928],[23.7168,39.0772],[23.7295,39.0811],[23.7366,39.0796],[23.7367,39.0797],[23.737,39.0796],[23.7447,39.0858],[23.7603,39.0906],[23.7927,39.1182],[23.7727,39.1293],[23.7488,39.1304],[23.729,39.1404],[23.7305,39.1461],[23.6834,39.1632],[23.6522,39.1788],[23.6013,39.2138],[23.5872,39.2076]]],[[[23.8335,39.1461],[23.8645,39.144],[23.8958,39.1618],[23.8999,39.1677],[23.9386,39.2011],[23.9597,39.244],[23.967,39.2512],[23.971,39.2671],[23.9722,39.2719],[23.9398,39.2798],[23.9017,39.2328],[23.8878,39.2258],[23.8488,39.1592],[23.8335,39.1461]]],[[[24.512,40.6668],[24.5146,40.6519],[24.5142,40.6476],[24.5142,40.6472],[24.5155,40.6465],[24.5168,40.6391],[24.5402,40.634],[24.6114,40.5978],[24.6423,40.5706],[24.6639,40.5839],[24.7738,40.6142],[24.7738,40.6146],[24.7735,40.618],[24.7824,40.6202],[24.7705,40.6556],[24.7702,40.6595],[24.7789,40.6813],[24.7864,40.6879],[24.7831,40.6918],[24.7882,40.7045],[24.7881,40.7047],[24.7882,40.7049],[24.7738,40.7309],[24.7703,40.7345],[24.7864,40.7351],[24.7492,40.7562],[24.7412,40.7644],[24.7317,40.7835],[24.7213,40.785],[24.7198,40.7865],[24.702,40.7878],[24.6746,40.7917],[24.6423,40.8039],[24.6255,40.7932],[24.6226,40.7934],[24.6222,40.7934],[24.5862,40.7691],[24.5843,40.7669],[24.5667,40.7556],[24.5334,40.7182],[24.5234,40.6942],[24.5178,40.6875],[24.517,40.6789],[24.512,40.6668]]],[[[25.4435,40.4819],[25.4663,40.4558],[25.5326,40.415],[25.5661,40.405],[25.5727,40.4007],[25.573,40.4008],[25.5731,40.4007],[25.5772,40.4017],[25.5891,40.3981],[25.6826,40.4231],[25.6837,40.4265],[25.6847,40.4267],[25.6845,40.4271],[25.6847,40.4271],[25.6842,40.428],[25.6907,40.4477],[25.6887,40.475],[25.6565,40.4962],[25.5759,40.5147],[25.5715,40.5148],[25.5695,40.5157],[25.5692,40.5156],[25.5691,40.5157],[25.5661,40.5149],[25.5466,40.5153],[25.5021,40.4976],[25.4467,40.4827],[25.447,40.4825],[25.4469,40.4825],[25.4471,40.4824],[25.4467,40.4823],[25.4474,40.4818],[25.4435,40.4819]]],[[[25.6633,40.1262],[25.7212,40.1048],[25.766,40.0972],[25.8563,40.1079],[25.9004,40.1227],[25.9678,40.1308],[26.0122,40.1461],[26.0122,40.1666],[25.9729,40.1532],[25.9728,40.1584],[25.9763,40.1785],[25.9762,40.1786],[25.9763,40.1789],[25.9725,40.1828],[25.9719,40.2211],[25.9382,40.2416],[25.9133,40.2413],[25.8947,40.236],[25.8751,40.2344],[25.7983,40.2124],[25.759,40.2067],[25.719,40.1872],[25.6862,40.1608],[25.6633,40.1262]]]]}},
{"type":"Feature","properties":{"entityId":"macedonia-kingdom","from":-278,"to":-195,"certainty":"estimated","source":"유럽 쪽은 Natural Earth 1:10m admin-1(v5.1.2) 현대 행정구역 조각을 그 시기 국경에 맞춰 묶고, 조각이 역사 경계와 다른 곳은 선을 그어 나눈 근사. 유럽 밖(시베리아·중앙아시아·극동)은 대략적인 추정. 운영자 검수 필요"},"geometry":{"type":"MultiPolygon","coordinates":[[[[19.7319,40.812],[19.7383,40.7812],[19.7608,40.7552],[19.7562,40.7166],[19.7952,40.6976],[19.8322,40.6361],[19.8085,40.6202],[19.8489,40.5686],[19.8993,40.5451],[19.9049,40.5273],[19.9371,40.5119],[19.9805,40.5089],[20.0202,40.4935],[20.068,40.4892],[20.0723,40.5033],[20.1082,40.4813],[20.1484,40.4726],[20.2486,40.3724],[20.2978,40.3553],[20.3066,40.3763],[20.3704,40.3992],[20.3723,40.4331],[20.4426,40.4397],[20.4603,40.437],[20.4415,40.4145],[20.4702,40.3677],[20.4617,40.3245],[20.482,40.2728],[20.5126,40.2663],[20.496,40.2255],[20.5268,40.1581],[20.6154,40.081],[20.6476,40.094],[20.6682,40.1381],[20.6599,40.1727],[20.6853,40.1912],[20.6964,40.2151],[20.6946,40.2556],[20.707,40.2881],[20.7396,40.3092],[20.7732,40.299],[20.8064,40.3199],[20.8439,40.3266],[20.8784,40.2653],[20.9208,40.225],[20.9479,40.1809],[20.9608,40.1384],[20.9323,40.087],[20.9482,40.077],[20.9611,40.0345],[20.9879,40.0068],[21.027,40.0215],[21.0429,40.0115],[21.0403,39.9817],[21.0139,39.941],[21.0453,39.9182],[21.0588,39.862],[21.0779,39.8325],[21.0949,39.8277],[21.1892,39.8496],[21.2249,39.8482],[21.2906,39.8186],[21.2912,39.8048],[21.2639,39.8108],[21.2151,39.7837],[21.1984,39.7556],[21.2162,39.6687],[21.1432,39.68],[21.1104,39.6592],[21.1232,39.6003],[21.1661,39.5652],[21.169,39.5102],[21.1531,39.4847],[21.1749,39.4521],[21.1787,39.4189],[21.226,39.3888],[21.2403,39.3543],[21.2752,39.3337],[21.3459,39.3308],[21.3851,39.2797],[21.3331,39.2012],[21.3623,39.1539],[21.3757,39.1496],[21.4228,39.1877],[21.4776,39.2112],[21.5089,39.191],[21.5521,39.2268],[21.6377,39.2437],[21.6608,39.2191],[21.6662,39.1774],[21.6986,39.1624],[21.697,39.1216],[21.72,39.0969],[21.7564,39.1006],[21.813,39.1319],[21.8309,39.1324],[21.8991,39.1021],[21.9134,39.0866],[21.9157,39.0316],[21.97,39.0358],[22.0126,39.0523],[22.0392,39.0763],[22.0958,39.091],[22.1167,39.1048],[22.147,39.1611],[22.2359,39.2402],[22.2844,39.2175],[22.3547,39.1975],[22.4054,39.169],[22.413,39.1242],[22.4285,39.114],[22.4939,39.1192],[22.4926,39.0509],[22.516,39.0287],[22.5546,39.0263],[22.6308,39.0327],[22.7144,38.9942],[22.7863,38.9819],[22.8394,38.9803],[22.8694,38.957],[22.9271,38.9602],[22.966,38.9742],[22.9967,38.9634],[23.0144,38.9934],[23.1116,39.05],[23.2027,39.103],[23.2186,39.1039],[23.2855,39.148],[23.3013,39.1514],[23.3438,39.1796],[23.3432,39.1849],[23.3518,39.1899],[23.3515,39.1902],[23.3518,39.1903],[23.331,39.2098],[23.2957,39.2637],[23.287,39.2883],[23.2823,39.2945],[23.2713,39.3229],[23.2468,39.3413],[23.233,39.3595],[23.1441,39.45],[23.1074,39.4873],[23.1018,39.4974],[23.0559,39.5272],[23.024,39.5373],[22.9774,39.5643],[22.9198,39.6286],[22.8664,39.7393],[22.8587,39.7733],[22.8403,39.8034],[22.8011,39.8403],[22.7877,39.8479],[22.777,39.8583],[22.7623,39.8977],[22.7437,39.9475],[22.7159,40.022],[22.7065,40.0471],[22.632,40.2463],[22.6283,40.2563],[22.7422,40.3901],[22.8152,40.476],[22.8953,40.3981],[22.8882,40.3863],[22.9064,40.3873],[23.3442,39.9617],[23.3608,39.9617],[23.3606,39.9611],[23.3644,39.9617],[23.4925,39.9617],[23.548,39.9461],[23.6165,39.9233],[23.7031,39.9127],[23.7479,39.9305],[23.6973,39.9405],[23.676,39.9611],[23.6759,39.9617],[23.899,39.9617],[23.9142,39.9666],[23.9197,39.9564],[23.9912,39.9536],[23.9728,39.9619],[23.9987,39.9748],[23.988,39.99],[23.9884,39.9903],[24.0511,40.0104],[24.14,40.0388],[24.1844,40.0531],[24.2289,40.0673],[24.4066,40.1242],[24.4063,40.1245],[24.4066,40.1246],[24.3815,40.145],[24.3938,40.1525],[24.3833,40.1791],[24.3206,40.228],[24.2663,40.289],[24.2334,40.3169],[24.2223,40.3171],[24.2122,40.3282],[24.1889,40.3388],[24.1799,40.3515],[24.1336,40.3638],[24.0855,40.3856],[24.0293,40.4313],[24.0288,40.4321],[24.0114,40.4492],[24.0076,40.4489],[24.0042,40.4517],[23.9154,40.5239],[23.9092,40.5289],[23.9149,40.5389],[23.8888,40.5638],[23.8663,40.5638],[23.8291,40.5941],[23.7704,40.6418],[23.7443,40.677],[23.7484,40.6932],[23.8291,40.7106],[23.8635,40.718],[23.8978,40.7254],[23.9665,40.7402],[23.9863,40.7322],[24.0731,40.7214],[24.1101,40.7279],[24.2959,40.8112],[24.6124,40.8794],[24.6287,40.8586],[24.6619,40.8791],[24.6798,40.8694],[24.6907,40.8682],[24.7284,40.8527],[24.7539,40.8614],[24.79,40.8575],[24.802,40.8535],[24.8297,40.8768],[24.8342,40.8791],[24.82,40.95],[24.8,41.08],[24.75,41.15],[24.7,41.25],[24.65,41.4],[24.6471,41.4172],[24.6382,41.4177],[24.6443,41.4277],[24.5958,41.4298],[24.5811,41.4602],[24.5494,41.4854],[24.5309,41.5475],[24.5102,41.5617],[24.4592,41.5495],[24.4388,41.5277],[24.3539,41.5191],[24.2868,41.5176],[24.2864,41.5404],[24.2507,41.5635],[24.1977,41.5477],[24.0779,41.624],[24.1231,41.6546],[24.0726,41.6863],[24.042,41.7104],[23.9282,41.769],[23.9055,41.7965],[23.8682,41.7954],[23.8217,41.8238],[23.7957,41.8609],[23.7896,41.906],[23.7625,41.9399],[23.7666,41.9765],[23.7919,42.0207],[23.8205,42.0453],[23.8013,42.0627],[23.8133,42.0962],[23.8096,42.1329],[23.7726,42.1582],[23.7631,42.1776],[23.718,42.1605],[23.6984,42.1668],[23.6002,42.1509],[23.5808,42.1144],[23.5475,42.0841],[23.4936,42.0991],[23.4443,42.0697],[23.3872,42.0623],[23.2605,42.0929],[23.2006,42.0917],[23.1227,42.0576],[23.0607,42.0487],[23.0051,42.0699],[22.9762,42.0683],[22.959,42.0871],[22.9336,42.086],[22.8969,42.0304],[22.8754,42.0331],[22.8456,42.0074],[22.827,42.0251],[22.7989,42.0212],[22.7809,42.0432],[22.7251,42.0425],[22.7057,42.0559],[22.6759,42.0606],[22.6272,42.0791],[22.6178,42.0827],[22.5311,42.1291],[22.5069,42.1489],[22.4814,42.1933],[22.4436,42.2144],[22.345,42.3134],[22.3076,42.3193],[22.2769,42.3412],[22.2733,42.3655],[22.2598,42.3691],[22.2334,42.3489],[22.1381,42.3191],[22.0955,42.3058],[22.0609,42.3011],[22.0454,42.3024],[21.995,42.3126],[21.9415,42.3331],[21.9183,42.3313],[21.8844,42.3095],[21.8172,42.3051],[21.7195,42.261],[21.6769,42.2349],[21.6247,42.2428],[21.575,42.242],[21.5641,42.2463],[21.5199,42.239],[21.4993,42.2387],[21.4815,42.2478],[21.472,42.2391],[21.4572,42.237],[21.4363,42.2469],[21.4199,42.2401],[21.4298,42.2158],[21.4191,42.215],[21.3843,42.2249],[21.3606,42.2201],[21.3538,42.216],[21.295,42.149],[21.3003,42.1209],[21.3008,42.0984],[21.2993,42.0914],[21.2889,42.0897],[21.2457,42.0962],[21.2293,42.1038],[21.1999,42.1412],[21.1644,42.167],[21.1264,42.1889],[21.0985,42.196],[21.0744,42.1845],[21.0409,42.16],[21.0292,42.1514],[21.0039,42.142],[20.9751,42.1347],[20.9042,42.1167],[20.8105,42.0929],[20.7849,42.082],[20.7654,42.0643],[20.7554,42.0428],[20.7431,41.9935],[20.7418,41.9708],[20.7514,41.9403],[20.7544,41.9309],[20.7511,41.9102],[20.74,41.888],[20.7233,41.8666],[20.7144,41.8592],[20.6815,41.844],[20.6528,41.8693],[20.637,41.8704],[20.6187,41.8505],[20.5903,41.8547],[20.5671,41.8732],[20.5417,41.8616],[20.5408,41.8449],[20.5501,41.8001],[20.5444,41.7848],[20.5113,41.7579],[20.5004,41.7341],[20.5083,41.6617],[20.5347,41.5873],[20.5293,41.5749],[20.5208,41.5684],[20.4929,41.5577],[20.4442,41.5497],[20.4479,41.5355],[20.445,41.5085],[20.452,41.4936],[20.4708,41.4838],[20.4816,41.4683],[20.4868,41.4578],[20.4909,41.436],[20.498,41.4315],[20.5222,41.4257],[20.539,41.4029],[20.5329,41.3704],[20.5104,41.3444],[20.4817,41.3412],[20.4781,41.3216],[20.4954,41.2503],[20.5001,41.2355],[20.5127,41.2101],[20.5497,41.1706],[20.5655,41.1474],[20.577,41.0935],[20.5974,41.0863],[20.6024,41.0458],[20.5901,41.0185],[20.5428,41.0296],[20.4229,40.9881],[20.406,40.9342],[20.3813,40.9247],[20.3985,40.8889],[20.4415,40.8441],[20.4685,40.7997],[20.4448,40.7658],[20.4157,40.7523],[20.3397,40.7453],[20.2932,40.726],[20.2219,40.7157],[20.2003,40.7323],[20.145,40.7433],[20.1543,40.7549],[20.093,40.7801],[20.0686,40.8112],[20.0131,40.8285],[20.0166,40.8737],[20.0021,40.8817],[19.969,40.8671],[19.8889,40.8743],[19.8672,40.8684],[19.8692,40.8502],[19.8267,40.8489],[19.8124,40.8606],[19.7743,40.8471],[19.7646,40.8125],[19.7319,40.812]]],[[[23.5872,39.2076],[23.6278,39.1473],[23.6342,39.1428],[23.6646,39.0952],[23.6663,39.0948],[23.666,39.0928],[23.7168,39.0772],[23.7295,39.0811],[23.7366,39.0796],[23.7367,39.0797],[23.737,39.0796],[23.7447,39.0858],[23.7603,39.0906],[23.7927,39.1182],[23.7727,39.1293],[23.7488,39.1304],[23.729,39.1404],[23.7305,39.1461],[23.6834,39.1632],[23.6522,39.1788],[23.6013,39.2138],[23.5872,39.2076]]],[[[23.8335,39.1461],[23.8645,39.144],[23.8958,39.1618],[23.8999,39.1677],[23.9386,39.2011],[23.9597,39.244],[23.967,39.2512],[23.971,39.2671],[23.9722,39.2719],[23.9398,39.2798],[23.9017,39.2328],[23.8878,39.2258],[23.8488,39.1592],[23.8335,39.1461]]],[[[24.512,40.6668],[24.5146,40.6519],[24.5142,40.6476],[24.5142,40.6472],[24.5155,40.6465],[24.5168,40.6391],[24.5402,40.634],[24.6114,40.5978],[24.6423,40.5706],[24.6639,40.5839],[24.7738,40.6142],[24.7738,40.6146],[24.7735,40.618],[24.7824,40.6202],[24.7705,40.6556],[24.7702,40.6595],[24.7789,40.6813],[24.7864,40.6879],[24.7831,40.6918],[24.7882,40.7045],[24.7881,40.7047],[24.7882,40.7049],[24.7738,40.7309],[24.7703,40.7345],[24.7864,40.7351],[24.7492,40.7562],[24.7412,40.7644],[24.7317,40.7835],[24.7213,40.785],[24.7198,40.7865],[24.702,40.7878],[24.6746,40.7917],[24.6423,40.8039],[24.6255,40.7932],[24.6226,40.7934],[24.6222,40.7934],[24.5862,40.7691],[24.5843,40.7669],[24.5667,40.7556],[24.5334,40.7182],[24.5234,40.6942],[24.5178,40.6875],[24.517,40.6789],[24.512,40.6668]]],[[[25.4435,40.4819],[25.4663,40.4558],[25.5326,40.415],[25.5661,40.405],[25.5727,40.4007],[25.573,40.4008],[25.5731,40.4007],[25.5772,40.4017],[25.5891,40.3981],[25.6826,40.4231],[25.6837,40.4265],[25.6847,40.4267],[25.6845,40.4271],[25.6847,40.4271],[25.6842,40.428],[25.6907,40.4477],[25.6887,40.475],[25.6565,40.4962],[25.5759,40.5147],[25.5715,40.5148],[25.5695,40.5157],[25.5692,40.5156],[25.5691,40.5157],[25.5661,40.5149],[25.5466,40.5153],[25.5021,40.4976],[25.4467,40.4827],[25.447,40.4825],[25.4469,40.4825],[25.4471,40.4824],[25.4467,40.4823],[25.4474,40.4818],[25.4435,40.4819]]]]}},
{"type":"Feature","properties":{"entityId":"macedonia-kingdom","from":-195,"to":-166,"certainty":"estimated","source":"유럽 쪽은 Natural Earth 1:10m admin-1(v5.1.2) 현대 행정구역 조각을 그 시기 국경에 맞춰 묶고, 조각이 역사 경계와 다른 곳은 선을 그어 나눈 근사. 유럽 밖(시베리아·중앙아시아·극동)은 대략적인 추정. 운영자 검수 필요"},"geometry":{"type":"MultiPolygon","coordinates":[[[[19.7319,40.812],[19.7383,40.7812],[19.7608,40.7552],[19.7562,40.7166],[19.7952,40.6976],[19.8322,40.6361],[19.8085,40.6202],[19.8489,40.5686],[19.8993,40.5451],[19.9049,40.5273],[19.9371,40.5119],[19.9805,40.5089],[20.0202,40.4935],[20.068,40.4892],[20.0723,40.5033],[20.1082,40.4813],[20.1484,40.4726],[20.2486,40.3724],[20.2978,40.3553],[20.3066,40.3763],[20.3704,40.3992],[20.3723,40.4331],[20.4426,40.4397],[20.4603,40.437],[20.4415,40.4145],[20.4702,40.3677],[20.4617,40.3245],[20.482,40.2728],[20.5126,40.2663],[20.496,40.2255],[20.5268,40.1581],[20.6154,40.081],[20.6476,40.094],[20.6682,40.1381],[20.6599,40.1727],[20.6853,40.1912],[20.6964,40.2151],[20.6946,40.2556],[20.707,40.2881],[20.7396,40.3092],[20.7732,40.299],[20.8064,40.3199],[20.8439,40.3266],[20.8784,40.2653],[20.9208,40.225],[20.9479,40.1809],[20.9608,40.1384],[20.9323,40.087],[20.9482,40.077],[20.9611,40.0345],[20.9879,40.0068],[21.027,40.0215],[21.0429,40.0115],[21.0403,39.9817],[21.0139,39.941],[21.0453,39.9182],[21.0588,39.862],[21.0779,39.8325],[21.0949,39.8277],[21.1892,39.8496],[21.2249,39.8482],[21.2906,39.8186],[21.2912,39.8048],[21.3217,39.7958],[21.3834,39.8158],[21.4067,39.8404],[21.4655,39.8635],[21.6134,39.8485],[21.7133,39.8282],[21.7489,39.8266],[21.8237,39.8394],[21.8762,39.8329],[21.892,39.8556],[21.8792,39.9119],[21.8465,39.9269],[21.9144,39.9733],[21.9541,39.9903],[21.9841,40.0441],[22.0323,40.082],[22.0948,40.1674],[22.1024,40.1527],[22.1324,40.1736],[22.1846,40.1643],[22.1716,40.1386],[22.172,40.1084],[22.1965,40.0888],[22.2549,40.139],[22.2973,40.1501],[22.3375,40.1203],[22.3348,40.0768],[22.3463,40.0479],[22.3765,40.0222],[22.4441,39.9861],[22.4662,39.9558],[22.4968,39.9327],[22.5343,39.9224],[22.6139,39.9394],[22.6471,39.9269],[22.7096,39.935],[22.7098,39.935],[22.7098,39.9378],[22.71,39.9475],[22.7437,39.9475],[22.7159,40.022],[22.7065,40.0471],[22.632,40.2463],[22.6283,40.2563],[22.7422,40.3901],[22.8152,40.476],[22.8953,40.3981],[22.8882,40.3863],[22.9064,40.3873],[23.3442,39.9617],[23.3608,39.9617],[23.3606,39.9611],[23.3644,39.9617],[23.4925,39.9617],[23.548,39.9461],[23.6165,39.9233],[23.7031,39.9127],[23.7479,39.9305],[23.6973,39.9405],[23.676,39.9611],[23.6759,39.9617],[23.899,39.9617],[23.9142,39.9666],[23.9197,39.9564],[23.9912,39.9536],[23.9728,39.9619],[23.9987,39.9748],[23.988,39.99],[23.9884,39.9903],[24.0511,40.0104],[24.14,40.0388],[24.1844,40.0531],[24.2289,40.0673],[24.4066,40.1242],[24.4063,40.1245],[24.4066,40.1246],[24.3815,40.145],[24.3938,40.1525],[24.3833,40.1791],[24.3206,40.228],[24.2663,40.289],[24.2334,40.3169],[24.2223,40.3171],[24.2122,40.3282],[24.1889,40.3388],[24.1799,40.3515],[24.1336,40.3638],[24.0855,40.3856],[24.0293,40.4313],[24.0288,40.4321],[24.0114,40.4492],[24.0076,40.4489],[24.0042,40.4517],[23.9154,40.5239],[23.9092,40.5289],[23.9149,40.5389],[23.8888,40.5638],[23.8663,40.5638],[23.8291,40.5941],[23.7704,40.6418],[23.7443,40.677],[23.7484,40.6932],[23.8291,40.7106],[23.8635,40.718],[23.8978,40.7254],[23.9665,40.7402],[23.9863,40.7322],[24.0731,40.7214],[24.1101,40.7279],[24.2959,40.8112],[24.6124,40.8794],[24.6287,40.8586],[24.6619,40.8791],[24.6798,40.8694],[24.6907,40.8682],[24.7284,40.8527],[24.7539,40.8614],[24.79,40.8575],[24.802,40.8535],[24.8297,40.8768],[24.8342,40.8791],[24.82,40.95],[24.8,41.08],[24.75,41.15],[24.7,41.25],[24.65,41.4],[24.6471,41.4172],[24.6382,41.4177],[24.6443,41.4277],[24.5958,41.4298],[24.5811,41.4602],[24.5494,41.4854],[24.5309,41.5475],[24.5102,41.5617],[24.4592,41.5495],[24.4388,41.5277],[24.3539,41.5191],[24.2868,41.5176],[24.2864,41.5404],[24.2507,41.5635],[24.1977,41.5477],[24.0779,41.624],[24.1231,41.6546],[24.0726,41.6863],[24.042,41.7104],[23.9282,41.769],[23.9055,41.7965],[23.8682,41.7954],[23.8217,41.8238],[23.7957,41.8609],[23.7896,41.906],[23.7625,41.9399],[23.7666,41.9765],[23.7919,42.0207],[23.8205,42.0453],[23.8013,42.0627],[23.8133,42.0962],[23.8096,42.1329],[23.7726,42.1582],[23.7631,42.1776],[23.718,42.1605],[23.6984,42.1668],[23.6002,42.1509],[23.5808,42.1144],[23.5475,42.0841],[23.4936,42.0991],[23.4443,42.0697],[23.3872,42.0623],[23.2605,42.0929],[23.2006,42.0917],[23.1227,42.0576],[23.0607,42.0487],[23.0051,42.0699],[22.9762,42.0683],[22.959,42.0871],[22.9336,42.086],[22.8969,42.0304],[22.8754,42.0331],[22.8456,42.0074],[22.827,42.0251],[22.7989,42.0212],[22.7809,42.0432],[22.7251,42.0425],[22.7057,42.0559],[22.6759,42.0606],[22.6272,42.0791],[22.6178,42.0827],[22.5311,42.1291],[22.5069,42.1489],[22.4814,42.1933],[22.4436,42.2144],[22.345,42.3134],[22.3076,42.3193],[22.2769,42.3412],[22.2733,42.3655],[22.2598,42.3691],[22.2334,42.3489],[22.1381,42.3191],[22.0955,42.3058],[22.0609,42.3011],[22.0454,42.3024],[21.995,42.3126],[21.9415,42.3331],[21.9183,42.3313],[21.8844,42.3095],[21.8172,42.3051],[21.7195,42.261],[21.6769,42.2349],[21.6247,42.2428],[21.575,42.242],[21.5641,42.2463],[21.5199,42.239],[21.4993,42.2387],[21.4815,42.2478],[21.472,42.2391],[21.4572,42.237],[21.4363,42.2469],[21.4199,42.2401],[21.4298,42.2158],[21.4191,42.215],[21.3843,42.2249],[21.3606,42.2201],[21.3538,42.216],[21.295,42.149],[21.3003,42.1209],[21.3008,42.0984],[21.2993,42.0914],[21.2889,42.0897],[21.2457,42.0962],[21.2293,42.1038],[21.1999,42.1412],[21.1644,42.167],[21.1264,42.1889],[21.0985,42.196],[21.0744,42.1845],[21.0409,42.16],[21.0292,42.1514],[21.0039,42.142],[20.9751,42.1347],[20.9042,42.1167],[20.8105,42.0929],[20.7849,42.082],[20.7654,42.0643],[20.7554,42.0428],[20.7431,41.9935],[20.7418,41.9708],[20.7514,41.9403],[20.7544,41.9309],[20.7511,41.9102],[20.74,41.888],[20.7233,41.8666],[20.7144,41.8592],[20.6815,41.844],[20.6528,41.8693],[20.637,41.8704],[20.6187,41.8505],[20.5903,41.8547],[20.5671,41.8732],[20.5417,41.8616],[20.5408,41.8449],[20.5501,41.8001],[20.5444,41.7848],[20.5113,41.7579],[20.5004,41.7341],[20.5083,41.6617],[20.5347,41.5873],[20.5293,41.5749],[20.5208,41.5684],[20.4929,41.5577],[20.4442,41.5497],[20.4479,41.5355],[20.445,41.5085],[20.452,41.4936],[20.4708,41.4838],[20.4816,41.4683],[20.4868,41.4578],[20.4909,41.436],[20.498,41.4315],[20.5222,41.4257],[20.539,41.4029],[20.5329,41.3704],[20.5104,41.3444],[20.4817,41.3412],[20.4781,41.3216],[20.4954,41.2503],[20.5001,41.2355],[20.5127,41.2101],[20.5497,41.1706],[20.5655,41.1474],[20.577,41.0935],[20.5974,41.0863],[20.6024,41.0458],[20.5901,41.0185],[20.5428,41.0296],[20.4229,40.9881],[20.406,40.9342],[20.3813,40.9247],[20.3985,40.8889],[20.4415,40.8441],[20.4685,40.7997],[20.4448,40.7658],[20.4157,40.7523],[20.3397,40.7453],[20.2932,40.726],[20.2219,40.7157],[20.2003,40.7323],[20.145,40.7433],[20.1543,40.7549],[20.093,40.7801],[20.0686,40.8112],[20.0131,40.8285],[20.0166,40.8737],[20.0021,40.8817],[19.969,40.8671],[19.8889,40.8743],[19.8672,40.8684],[19.8692,40.8502],[19.8267,40.8489],[19.8124,40.8606],[19.7743,40.8471],[19.7646,40.8125],[19.7319,40.812]]],[[[24.512,40.6668],[24.5146,40.6519],[24.5142,40.6476],[24.5142,40.6472],[24.5155,40.6465],[24.5168,40.6391],[24.5402,40.634],[24.6114,40.5978],[24.6423,40.5706],[24.6639,40.5839],[24.7738,40.6142],[24.7738,40.6146],[24.7735,40.618],[24.7824,40.6202],[24.7705,40.6556],[24.7702,40.6595],[24.7789,40.6813],[24.7864,40.6879],[24.7831,40.6918],[24.7882,40.7045],[24.7881,40.7047],[24.7882,40.7049],[24.7738,40.7309],[24.7703,40.7345],[24.7864,40.7351],[24.7492,40.7562],[24.7412,40.7644],[24.7317,40.7835],[24.7213,40.785],[24.7198,40.7865],[24.702,40.7878],[24.6746,40.7917],[24.6423,40.8039],[24.6255,40.7932],[24.6226,40.7934],[24.6222,40.7934],[24.5862,40.7691],[24.5843,40.7669],[24.5667,40.7556],[24.5334,40.7182],[24.5234,40.6942],[24.5178,40.6875],[24.517,40.6789],[24.512,40.6668]]],[[[25.4435,40.4819],[25.4663,40.4558],[25.5326,40.415],[25.5661,40.405],[25.5727,40.4007],[25.573,40.4008],[25.5731,40.4007],[25.5772,40.4017],[25.5891,40.3981],[25.6826,40.4231],[25.6837,40.4265],[25.6847,40.4267],[25.6845,40.4271],[25.6847,40.4271],[25.6842,40.428],[25.6907,40.4477],[25.6887,40.475],[25.6565,40.4962],[25.5759,40.5147],[25.5715,40.5148],[25.5695,40.5157],[25.5692,40.5156],[25.5691,40.5157],[25.5661,40.5149],[25.5466,40.5153],[25.5021,40.4976],[25.4467,40.4827],[25.447,40.4825],[25.4469,40.4825],[25.4471,40.4824],[25.4467,40.4823],[25.4474,40.4818],[25.4435,40.4819]]]]}}
]}
