{"type":"FeatureCollection","features":[
{"type":"Feature","properties":{"entityId":"norway","from":1905,"to":1925,"certainty":"estimated","source":"유럽 쪽은 Natural Earth 1:10m admin-1(v5.1.2) 현대 행정구역 조각을 그 시기 국경에 맞춰 묶고, 조각이 역사 경계와 다른 곳은 선을 그어 나눈 근사. 유럽 밖(시베리아·중앙아시아·극동)은 대략적인 추정. 운영자 검수 필요"},"geometry":{"type":"MultiPolygon","coordinates":[[[[4.7946,61.1538],[4.797,61.0628],[4.8032,61.0465],[4.8206,61.0775],[4.8221,61.0784],[4.8688,61.0713],[4.8692,61.0713],[4.8805,61.073],[4.8938,61.0561],[4.944,61.0829],[4.9592,61.0852],[4.9607,61.0917],[4.9854,61.1049],[4.9873,61.1197],[4.9608,61.1774],[4.9435,61.1753],[4.916,61.2002],[4.9156,61.2002],[4.8726,61.1946],[4.8447,61.1973],[4.8497,61.188],[4.8256,61.1776],[4.8211,61.1607],[4.7946,61.1538]]],[[[4.8032,61.8416],[4.8294,61.8342],[4.9144,61.8287],[4.9101,61.8151],[4.9001,61.8074],[4.8708,61.8134],[4.8897,61.7851],[4.9134,61.7814],[4.9264,61.7101],[4.9474,61.6899],[4.9461,61.6875],[4.9441,61.6672],[4.9683,61.6361],[4.9927,61.6304],[5.0382,61.6301],[5.0636,61.4447],[5.0571,61.4443],[5.0372,61.4392],[5.0021,61.4345],[5.0012,61.43],[4.9479,61.4164],[4.9479,61.4102],[4.9981,61.4137],[4.9912,61.3772],[4.9912,61.3768],[5.0127,61.2824],[4.98,61.2753],[4.9546,61.2526],[4.9828,61.257],[5.013,61.2366],[5.0337,61.2403],[5.0442,61.2326],[4.9888,61.2246],[5.0208,61.2165],[5.0626,61.2193],[5.098,61.1937],[5.099,61.1867],[5.0593,61.188],[5.0441,61.1632],[5.104,61.1498],[5.1142,61.0757],[5.0686,61.0736],[5.0161,61.0465],[5.0136,61.0404],[5.0093,61.0387],[5.0094,61.0383],[5.0093,61.0383],[5.0102,61.0318],[5.0039,61.0161],[5.0127,60.9819],[5.0173,60.9812],[5.0198,60.9637],[5.012,60.965],[4.9819,60.9509],[5.0093,60.9267],[5.0183,60.9071],[5.0093,60.8582],[5.0093,60.8578],[5.0159,60.8328],[5.026,60.7941],[5.0104,60.8018],[4.9517,60.8087],[4.9268,60.8001],[4.9851,60.7799],[5.033,60.7417],[5.0405,60.7389],[5.0489,60.7067],[5.0924,60.6615],[5.085,60.6629],[5.0977,60.6491],[5.1116,60.6416],[5.1173,60.6356],[5.176,60.6048],[5.1791,60.6028],[5.1939,60.4947],[5.1719,60.4865],[5.1502,60.5014],[5.0264,60.5229],[4.9608,60.5599],[4.9778,60.5243],[5.0059,60.4984],[5.0537,60.5021],[5.0645,60.4649],[5.1328,60.4438],[5.1157,60.428],[5.125,60.4024],[5.1478,60.408],[5.1587,60.3761],[5.1465,60.3681],[5.1472,60.3437],[5.1706,60.3413],[5.1785,60.3182],[5.1616,60.295],[5.1707,60.2787],[5.2176,60.2726],[5.2255,60.2649],[5.2322,60.2159],[5.2228,60.2111],[5.2331,60.2098],[5.2485,60.0971],[5.2478,60.0985],[5.2175,60.1185],[5.2049,60.1071],[5.2197,60.0874],[5.2073,60.0874],[5.2052,60.0847],[5.2036,60.0883],[5.1799,60.0682],[5.1738,60.0461],[5.1754,60.0445],[5.218,59.9795],[5.1989,59.9364],[5.1857,59.9068],[5.1546,59.8737],[5.154,59.8747],[5.1048,59.8685],[5.1303,59.8478],[5.1173,59.8339],[5.1159,59.8209],[5.0986,59.8275],[5.0762,59.7946],[5.0762,59.7663],[5.1113,59.7769],[5.1065,59.7315],[5.1065,59.7311],[5.1101,59.6669],[5.1152,59.663],[5.1117,59.6524],[5.1243,59.6214],[5.1551,59.5917],[5.2017,59.6146],[5.1943,59.6506],[5.2365,59.6912],[5.2653,59.7103],[5.2987,59.7289],[5.2992,59.7279],[5.3031,59.6996],[5.27,59.6828],[5.3045,59.6891],[5.3081,59.6631],[5.3143,59.6442],[5.3045,59.643],[5.2433,59.5648],[5.2425,59.5633],[5.2378,59.5596],[5.2017,59.5395],[5.226,59.5314],[5.2228,59.5252],[5.1997,59.5246],[5.1823,59.5112],[5.19,59.4802],[5.1929,59.4676],[5.1857,59.4537],[5.1317,59.2263],[5.1318,59.2262],[5.1317,59.2259],[5.1713,59.1617],[5.1717,59.1617],[5.1856,59.1621],[5.1884,59.1572],[5.2359,59.1411],[5.2882,59.1649],[5.3625,59.1669],[5.4096,59.1834],[5.4432,59.1589],[5.4646,59.1831],[5.4636,59.1939],[5.529,58.9968],[5.5232,58.9914],[5.5309,58.9911],[5.5433,58.9534],[5.5371,58.9561],[5.5464,58.9279],[5.534,58.8701],[5.5305,58.8687],[5.532,58.8603],[5.5241,58.8236],[5.5209,58.7806],[5.478,58.7547],[5.5069,58.7299],[5.5715,58.6283],[5.6524,58.5627],[5.6463,58.5487],[5.7042,58.5208],[5.7106,58.5218],[5.7939,58.494],[5.7967,58.4892],[5.8244,58.4838],[5.973,58.4342],[5.978,58.4145],[6.0015,58.3901],[6.0466,58.3804],[6.0533,58.3753],[6.0779,58.3674],[6.1403,58.3397],[6.1701,58.3377],[6.3881,58.2676],[6.4925,58.259],[6.4929,58.259],[6.5089,58.2599],[6.5623,58.2431],[6.6009,58.2441],[6.6778,58.2159],[6.6062,58.1772],[6.597,58.1765],[6.5818,58.153],[6.5585,58.1289],[6.5305,58.1206],[6.542,58.1077],[6.6185,58.0683],[6.7227,58.066],[6.7541,58.0581],[6.7832,58.0698],[6.7631,58.0806],[6.7665,58.0819],[6.7692,58.1202],[6.808,58.1206],[6.8128,58.1282],[6.7976,58.1514],[6.8025,58.1548],[6.8445,58.1528],[6.8738,58.1348],[6.904,58.131],[6.8957,58.1205],[6.8954,58.1197],[6.8708,58.1192],[6.8042,58.1001],[6.8322,58.0843],[6.8664,58.0796],[6.8929,58.0927],[6.9029,58.0697],[6.9033,58.0695],[6.9006,58.0523],[6.9171,58.0633],[6.9425,58.052],[6.9353,58.0455],[6.9578,58.0451],[6.9991,58.0266],[6.9972,57.9971],[7.0231,57.9948],[7.076,58.0065],[7.0821,58.0338],[7.1626,58.0434],[7.175,58.0312],[7.2137,58.0453],[7.2641,58.0405],[7.2676,58.036],[7.3906,58.0175],[7.5789,58.0175],[7.5789,58.0375],[7.5846,58.0383],[7.5941,58.0264],[7.6292,58.0312],[7.6276,58.0445],[7.6497,58.0477],[7.6609,58.0455],[7.6595,58.0491],[7.8567,58.0775],[7.9158,58.0819],[7.9563,58.0932],[7.9381,58.1065],[8.0373,58.1479],[8.0421,58.1478],[8.0246,58.1411],[8.047,58.1169],[8.1229,58.102],[8.158,58.1445],[8.2019,58.123],[8.2232,58.1348],[8.2246,58.1569],[8.2717,58.1963],[8.264,58.1982],[8.2875,58.2113],[8.2953,58.2127],[8.3263,58.2297],[8.3675,58.2446],[8.4063,58.2442],[8.4028,58.2573],[8.4339,58.2685],[8.5012,58.2572],[8.5064,58.2831],[8.535,58.3084],[8.584,58.3407],[8.5884,58.3342],[8.6194,58.3387],[8.6416,58.3639],[8.7073,58.3789],[8.7541,58.4276],[8.8235,58.4528],[8.9094,58.5009],[8.9439,58.526],[8.9487,58.5776],[8.9755,58.589],[8.9777,58.5884],[8.9811,58.5914],[8.9994,58.5992],[9.0338,58.5948],[9.1522,58.6433],[9.2005,58.6723],[9.1801,58.6797],[9.1848,58.6916],[9.1867,58.6916],[9.2163,58.7028],[9.2147,58.7216],[9.2109,58.7221],[9.2334,58.7346],[9.2493,58.7336],[9.3065,58.7387],[9.3405,58.7512],[9.3866,58.7848],[9.4087,58.7996],[9.3809,58.7947],[9.3886,58.801],[9.4362,58.8203],[9.4504,58.8332],[9.4032,58.8441],[9.3542,58.84],[9.3447,58.8365],[9.3121,58.8563],[9.3364,58.864],[9.3395,58.8626],[9.3989,58.8742],[9.3991,58.8838],[9.4218,58.891],[9.4504,58.8815],[9.4559,58.8977],[9.5239,58.9001],[9.4965,58.9147],[9.5284,58.9247],[9.5759,58.9215],[9.6079,58.9287],[9.5955,58.9416],[9.6177,58.9464],[9.6228,58.9495],[9.6633,58.9588],[9.6898,58.9567],[9.6641,58.9773],[9.6708,58.9837],[9.6847,58.9835],[9.7035,58.9982],[9.724,58.984],[9.7268,59.0152],[9.67,59.0325],[9.6457,59.0535],[9.6619,59.063],[9.6831,59.046],[9.6869,59.0776],[9.6943,59.082],[9.7061,59.0643],[9.7581,59.0324],[9.7712,59.0428],[9.8009,59.0263],[9.8362,58.971],[9.8122,58.9634],[9.8462,58.9556],[9.9574,58.9567],[10.0148,58.9731],[10.0334,58.9935],[10.0299,59.0021],[10.0706,59.0223],[10.0844,59.0275],[10.1391,59.0167],[10.1145,59.0051],[10.175,59.0053],[10.2278,59.029],[10.2198,59.0472],[10.2441,59.061],[10.2513,59.0694],[10.2601,59.05],[10.2695,59.0478],[10.2713,59.0927],[10.2783,59.101],[10.2927,59.0701],[10.3069,59.0597],[10.288,59.1122],[10.3038,59.1307],[10.3137,59.128],[10.3147,59.1435],[10.4182,59.2644],[10.4696,59.2478],[10.4871,59.2841],[10.5142,59.3029],[10.4987,59.3198],[10.4486,59.3467],[10.4527,59.3621],[10.4602,59.3744],[10.5347,59.3064],[10.5696,59.2745],[10.5757,59.269],[10.6743,59.179],[10.679,59.1747],[10.8686,59.0016],[10.884,58.9876],[10.9275,58.9479],[10.9276,58.9478],[10.9711,58.9478],[10.9711,58.9408],[11.0147,58.9408],[11.0147,58.9876],[11.0582,58.9876],[11.0582,58.9905],[11.1057,58.9905],[11.1057,59.0826],[11.1531,59.0826],[11.1531,59.112],[11.2068,59.112],[11.2166,59.1104],[11.2479,59.1119],[11.2953,59.1143],[11.3138,59.1152],[11.3427,59.1078],[11.3705,59.1007],[11.3893,59.0808],[11.39,59.0788],[11.3602,59.0788],[11.3727,59.0498],[11.3998,59.0498],[11.4036,59.0386],[11.4051,59.0365],[11.4051,59.0107],[11.4141,59.0011],[11.4375,58.9917],[11.4532,58.9605],[11.452,58.896],[11.4826,58.8869],[11.5471,58.8847],[11.6116,58.8932],[11.6644,58.9201],[11.6937,58.9735],[11.7089,59.0216],[11.7453,59.0922],[11.7485,59.1401],[11.7756,59.2025],[11.8111,59.2487],[11.8068,59.2936],[11.784,59.3606],[11.6774,59.5591],[11.6749,59.6071],[11.6937,59.6223],[11.8284,59.6597],[11.8917,59.7058],[11.9035,59.77],[11.8837,59.8054],[11.843,59.8384],[11.8496,59.8724],[11.8746,59.8849],[11.9422,59.902],[12.1027,59.894],[12.1437,59.8984],[12.2906,59.9587],[12.4468,60.0511],[12.4832,60.0812],[12.5109,60.118],[12.5247,60.1617],[12.5216,60.1976],[12.4873,60.2959],[12.5047,60.3256],[12.5586,60.3599],[12.5936,60.395],[12.6126,60.4554],[12.5944,60.5149],[12.4825,60.6573],[12.377,60.7541],[12.35,60.7933],[12.3132,60.9019],[12.2948,60.9353],[12.2561,60.9813],[12.2533,61.0017],[12.281,61.0152],[12.5118,61.0491],[12.5697,61.0506],[12.6825,61.0403],[12.7108,61.057],[12.7329,61.1291],[12.7467,61.1515],[12.8197,61.2049],[12.8547,61.2553],[12.8882,61.3496],[12.8771,61.371],[12.6138,61.547],[12.5509,61.5669],[12.4825,61.5691],[12.4165,61.5823],[12.3378,61.633],[12.2913,61.6511],[12.1756,61.7115],[12.1617,61.7248],[12.3175,62.234],[12.3151,62.2718],[12.3143,62.2861],[12.2795,62.3442],[12.0912,62.5863],[12.1031,62.634],[12.1541,62.7105],[12.1562,62.7337],[12.097,62.8866],[12.1044,62.9233],[12.2227,63.0015],[12.0598,63.2048],[11.9924,63.2889],[12.2049,63.4546],[12.2195,63.4966],[12.1703,63.5981],[12.2932,63.657],[12.4825,63.8095],[12.6819,63.9564],[12.7553,63.9914],[12.9824,64.0588],[13.2341,64.0909],[13.9394,64.0095],[13.9823,64.0195],[14.1478,64.169],[14.1614,64.2054],[14.1156,64.4412],[14.0969,64.4653],[14.0609,64.4766],[13.9401,64.4913],[13.6428,64.584],[14.1724,64.9914],[14.3107,65.0841],[14.3321,65.114],[14.3329,65.115],[14.366,65.2158],[14.4005,65.2555],[14.4821,65.2887],[14.5143,65.3181],[14.5183,65.3645],[14.5104,65.4647],[14.5607,65.7011],[14.5702,65.7167],[14.6371,65.7812],[14.6489,65.8024],[14.6444,65.8429],[14.5405,66.1254],[15.0534,66.1533],[15.4819,66.2749],[15.4918,66.288],[15.4761,66.3549],[15.4299,66.4636],[15.4263,66.4912],[15.6695,66.5994],[16.0388,66.8875],[16.1257,66.9344],[16.3106,67.0099],[16.3997,67.036],[16.4156,67.0527],[16.4438,67.1826],[16.4379,67.2003],[16.1271,67.4228],[16.1807,67.4964],[16.1996,67.5083],[16.367,67.5217],[16.4286,67.534],[16.483,67.5578],[16.5872,67.6259],[16.6087,67.6473],[16.7619,67.8772],[16.808,67.9106],[17.2201,68.0401],[17.3,68.0979],[17.3215,68.1053],[17.8954,67.9697],[17.921,67.9729],[17.9819,68.0162],[18.1667,68.1585],[18.1886,68.1987],[18.1357,68.3957],[18.1368,68.4263],[18.1615,68.5302],[18.1893,68.5384],[18.4362,68.5739],[18.4818,68.562],[18.6446,68.5012],[18.7003,68.4956],[19.0381,68.5056],[19.4817,68.424],[19.931,68.3502],[19.9712,68.3513],[20.0103,68.3639],[20.2459,68.4774],[19.9622,68.5412],[20.1518,68.6068],[20.2366,68.6591],[20.3388,68.7655],[20.3565,68.8046],[20.3488,68.8931],[20.3411,68.9101],[20.1023,69.0221],[20.6232,69.0364],[20.7166,69.0988],[20.7444,69.1044],[21.0325,69.041],[21.099,69.0438],[21.1564,69.0876],[21.0336,69.1812],[21.0797,69.2301],[21.0984,69.2395],[21.3136,69.2914],[21.6388,69.2714],[21.6629,69.2632],[21.9461,69.0657],[22.0231,69.012],[22.1607,68.9561],[22.2002,68.9085],[22.2772,68.8575],[22.3568,68.8328],[22.3714,68.8226],[22.3967,68.7318],[22.4287,68.7101],[22.5429,68.726],[22.5965,68.7246],[22.8517,68.6757],[23.0193,68.6867],[23.0715,68.6809],[23.0979,68.6701],[23.1754,68.6217],[23.1976,68.618],[23.4816,68.6856],[23.6416,68.695],[23.7348,68.7154],[23.768,68.756],[23.7872,68.7998],[23.8526,68.8167],[23.929,68.8162],[24.1312,68.7762],[24.1869,68.7445],[24.3325,68.7086],[24.6634,68.6661],[24.7542,68.6379],[24.8296,68.5941],[24.8609,68.5634],[24.9052,68.557],[24.9271,68.5704],[24.9518,68.6051],[25.071,68.6314],[25.1176,68.6377],[25.1442,68.668],[25.1496,68.7646],[25.1627,68.7846],[25.2013,68.8126],[25.3872,68.8746],[25.4811,68.8877],[25.6024,68.8721],[25.6516,68.8835],[25.6948,68.9256],[25.7264,68.9425],[25.7539,68.9784],[25.7958,68.9933],[25.8011,69.0132],[25.7658,69.0307],[25.7502,69.0592],[25.7683,69.1421],[25.7341,69.1913],[25.7372,69.2182],[25.7745,69.2988],[25.7866,69.3128],[25.8774,69.3708],[25.8414,69.4178],[25.8867,69.4552],[25.8857,69.4791],[25.9064,69.5019],[25.8867,69.5209],[25.9002,69.532],[25.9603,69.5487],[26.004,69.5872],[26.0051,69.6108],[25.9617,69.6525],[25.9813,69.6749],[26.032,69.6967],[26.1983,69.7154],[26.2682,69.7583],[26.3168,69.7949],[26.4187,69.8356],[26.4479,69.856],[26.4359,69.8742],[26.5007,69.9183],[26.5339,69.9252],[26.707,69.9351],[26.7719,69.9284],[26.8646,69.9381],[26.9511,69.9202],[27.0075,69.9225],[27.1003,69.9018],[27.3118,69.9295],[27.3524,69.9487],[27.3232,69.9597],[27.3809,69.9743],[27.4452,70.0032],[27.5633,70.0236],[27.5709,70.0409],[27.6126,70.0621],[27.6651,70.0683],[27.7922,70.0589],[27.8669,70.0753],[27.8973,70.0707],[27.981,70.0096],[28.1674,69.8943],[28.1893,69.886],[28.3812,69.8562],[28.3797,69.8224],[28.4046,69.8023],[28.4809,69.7857],[29.1312,69.6742],[29.1471,69.6639],[29.2032,69.586],[29.3445,69.4644],[29.2293,69.3769],[28.8648,69.2166],[28.8441,69.1813],[28.827,69.1068],[28.8396,69.0803],[28.9541,69.0273],[29.0081,69.0369],[29.0648,69.0347],[29.1203,69.0468],[29.173,69.0694],[29.2405,69.1151],[29.2688,69.1667],[29.3023,69.2008],[29.3345,69.2774],[29.3768,69.3016],[29.4346,69.3118],[29.6043,69.3152],[29.6618,69.325],[29.7514,69.3572],[29.9007,69.3582],[29.9481,69.3656],[30.0018,69.3946],[30.1234,69.4419],[30.1374,69.453],[30.145,69.4911],[30.164,69.5118],[30.2247,69.5408],[30.2287,69.5821],[30.2088,69.6087],[30.1486,69.6185],[30.1191,69.6346],[30.1861,69.6413],[30.2307,69.6373],[30.2944,69.6202],[30.4807,69.5441],[30.5117,69.5363],[30.7553,69.5215],[30.853,69.5274],[30.8982,69.5442],[30.927,69.5784],[30.9277,69.6721],[30.8843,69.7024],[30.8771,69.7376],[30.844,69.7662],[30.841,69.8058],[30.7883,69.7893],[30.7184,69.7947],[30.7206,69.7976],[30.6987,69.8085],[30.6621,69.8101],[30.1637,70.0952],[30.3171,70.1174],[30.3552,70.1297],[30.3843,70.1539],[30.3719,70.163],[30.4691,70.1975],[30.8647,70.261],[30.9336,70.2637],[31.0412,70.2849],[31.077,70.2842],[31.0664,70.3005],[31.0217,70.3251],[31.0194,70.3399],[31.0633,70.3668],[31.0222,70.3969],[31.2935,70.4531],[31.293,70.4532],[31.2933,70.4533],[31.2929,70.4534],[31.2935,70.4535],[28.1651,71.1864],[28.1647,71.1864],[26.3684,70.9867],[26.1142,70.9928],[26.1347,70.996],[26.1351,70.9977],[26.1799,71.0027],[26.2181,71.0316],[26.2085,71.0496],[26.1455,71.0393],[26.1455,71.0394],[26.1454,71.0394],[26.1455,71.0398],[26.1451,71.0398],[26.077,71.0329],[26.0028,71.0726],[26.0337,71.0872],[26.0298,71.1165],[26.0064,71.1252],[25.9605,71.1075],[25.937,71.1097],[25.9121,71.1041],[25.8811,71.1041],[25.8831,71.1135],[25.8591,71.1133],[25.8379,71.1064],[25.7849,71.114],[25.8074,71.1544],[25.6841,71.1447],[25.6673,71.1653],[25.6071,71.145],[25.5653,71.1522],[25.5534,71.1408],[25.5656,71.1363],[25.4215,71.0971],[25.3908,71.0848],[25.3138,71.0725],[25.3449,71.0663],[25.3135,71.0537],[25.3135,71.0528],[25.2933,71.0452],[25.2942,71.0203],[25.3139,71.0122],[24.547,71.0307],[24.5466,71.0307],[23.9555,70.7094],[23.891,70.7094],[23.8522,70.7152],[23.8452,70.722],[23.8472,70.723],[23.8157,70.7512],[23.7092,70.7486],[23.6401,70.7022],[23.6428,70.6852],[23.6655,70.6769],[23.6646,70.6753],[23.6646,70.6749],[23.6656,70.6535],[23.656,70.6479],[23.6663,70.6383],[23.6673,70.6162],[23.6418,70.5995],[23.6681,70.5995],[23.6682,70.5967],[23.6951,70.5768],[23.697,70.5716],[23.6989,70.5699],[23.6229,70.5287],[23.6146,70.5503],[23.597,70.5715],[23.6013,70.579],[23.5754,70.5961],[23.5594,70.6081],[23.5567,70.6189],[23.5477,70.6169],[23.5462,70.618],[23.5459,70.6179],[23.5458,70.618],[23.5361,70.6143],[23.5188,70.6105],[23.4845,70.6247],[23.391,70.618],[23.4574,70.6064],[23.4363,70.5853],[23.4497,70.5817],[23.3525,70.545],[23.3333,70.5517],[23.3076,70.5504],[23.3236,70.534],[23.2698,70.5137],[23.2717,70.5207],[23.2396,70.5456],[23.1963,70.5517],[23.181,70.5385],[23.2234,70.5238],[23.1894,70.5119],[23.1574,70.5156],[23.157,70.5156],[23.1357,70.5112],[23.1243,70.5206],[23.0186,70.4971],[22.9981,70.4766],[22.8972,70.451],[22.9197,70.4309],[22.9273,70.4293],[22.9158,70.4166],[22.9158,70.4162],[22.9165,70.4099],[22.8809,70.4141],[22.8713,70.4023],[22.9496,70.3593],[22.9917,70.3574],[23.0058,70.352],[23.006,70.3521],[23.0062,70.352],[23.0079,70.3525],[23.0389,70.341],[23.075,70.3601],[23.0914,70.3751],[23.1066,70.3589],[23.1052,70.3475],[23.0874,70.3284],[23.082,70.3017],[23.1047,70.2833],[23.155,70.2773],[23.1616,70.2779],[23.0238,70.203],[23,70.2038],[22.9846,70.2378],[22.9769,70.2499],[23.0015,70.2492],[23.0191,70.265],[22.9885,70.293],[22.9444,70.3008],[22.9414,70.3055],[22.9306,70.3096],[22.9564,70.3251],[22.8767,70.3304],[22.8514,70.3402],[22.8008,70.3508],[22.7805,70.3862],[22.7564,70.395],[22.7305,70.3872],[22.7372,70.3651],[22.7365,70.3643],[22.6953,70.3729],[22.6945,70.3856],[22.6747,70.3989],[22.6509,70.3863],[22.6057,70.3801],[22.6003,70.3668],[22.5752,70.382],[22.5298,70.3642],[22.4851,70.3845],[22.4699,70.3531],[22.4784,70.3462],[22.4618,70.3439],[22.4211,70.3618],[22.3787,70.347],[22.3737,70.332],[22.4063,70.3135],[22.383,70.2777],[22.3221,70.2657],[22.3117,70.2701],[22.3151,70.2727],[22.3058,70.2873],[22.2674,70.2951],[22.256,70.2941],[22.2214,70.309],[22.2211,70.3089],[22.221,70.309],[22.1057,70.286],[22.1048,70.3041],[22.072,70.3047],[22.0138,70.2879],[21.9978,70.2924],[21.9915,70.2957],[22.0316,70.3183],[21.9868,70.3234],[21.8218,70.2686],[21.8057,70.2572],[21.8167,70.2416],[21.7204,70.2446],[21.7095,70.2501],[21.6361,70.2615],[21.5891,70.2873],[21.5859,70.3122],[21.5339,70.3168],[21.5117,70.2934],[21.5103,70.2569],[21.508,70.2547],[21.4881,70.252],[21.4422,70.2535],[21.4393,70.2695],[21.4071,70.2673],[21.3396,70.2501],[21.2704,70.2386],[21.246,70.229],[20.8421,70.1484],[20.8318,70.1509],[20.8245,70.1449],[20.7965,70.1393],[20.8116,70.1795],[20.8242,70.1946],[20.82,70.2017],[20.821,70.2044],[20.8209,70.2045],[20.821,70.2048],[20.8171,70.2065],[20.8088,70.2204],[20.7339,70.2367],[20.5877,70.2362],[20.5477,70.2248],[20.5453,70.212],[20.493,70.2031],[20.4865,70.1993],[20.4626,70.1955],[20.4157,70.1715],[20.3997,70.1504],[20.3899,70.1027],[20.4317,70.0681],[20.4365,70.0675],[19.8285,69.9461],[19.8347,69.9497],[19.8565,69.9731],[19.8133,70.0026],[19.7743,70.0048],[19.6926,69.9636],[19.533,69.9194],[19.5099,69.8937],[19.4754,69.8756],[19.4317,69.8669],[19.4341,69.8696],[19.5166,69.9143],[19.5372,69.9468],[19.5549,69.9541],[19.6475,69.97],[19.6831,69.9858],[19.6848,70.0068],[19.6526,70.0214],[19.6192,70.0168],[19.6044,70.0074],[19.6078,70.0187],[19.6077,70.0187],[19.6078,70.0191],[19.5786,70.0271],[19.5825,70.0338],[19.5569,70.0571],[19.4681,70.0466],[19.4596,70.0409],[19.4454,70.0382],[19.4238,70.0173],[19.3504,70.0125],[19.3397,70.0177],[19.3319,70.0199],[19.2936,70.0428],[19.2942,70.0476],[19.3249,70.0788],[19.2991,70.0858],[19.2559,70.0673],[19.2549,70.0675],[19.2514,70.1788],[19.2462,70.188],[19.2424,70.2009],[19.2305,70.2344],[19.2128,70.2464],[19.2118,70.2482],[19.2103,70.2482],[19.1973,70.257],[19.1683,70.2549],[19.1599,70.2459],[19.1322,70.2447],[19.1274,70.2394],[19.1052,70.2412],[19.1157,70.2268],[19.0636,70.1702],[18.9959,70.1521],[19.0497,70.1344],[19.0745,70.0866],[19.0701,70.0781],[19.0642,70.0788],[19.0659,70.0701],[19.0494,70.0382],[18.9706,70.0434],[18.9702,70.0434],[18.9354,70.0301],[18.9338,70.0303],[18.8449,70.015],[18.8314,69.9997],[18.8447,69.9821],[18.8482,69.9811],[18.8226,69.96],[18.804,69.9506],[18.7693,69.9553],[18.7289,69.9478],[18.7334,69.9313],[18.7493,69.9228],[18.6858,69.8906],[18.6836,69.8852],[18.6789,69.8861],[18.6668,69.8597],[18.6887,69.8355],[18.6912,69.8342],[18.6965,69.8244],[18.6751,69.7814],[18.6512,69.7962],[18.6532,69.8044],[18.6384,69.8042],[18.625,69.8125],[18.6246,69.8125],[18.585,69.8073],[18.5407,69.7838],[18.5332,69.7805],[18.5324,69.7794],[18.5131,69.7691],[18.4821,69.7726],[18.4819,69.7771],[18.4474,69.7765],[18.4326,69.7782],[18.3949,69.7961],[18.3568,69.7929],[18.3269,69.7654],[18.3371,69.7508],[18.315,69.7153],[18.2933,69.7089],[18.2144,69.7142],[18.1865,69.7088],[18.2331,69.6777],[18.2322,69.6771],[18.2286,69.6354],[18.188,69.6329],[18.135,69.6369],[18.0996,69.6276],[18.0846,69.6267],[18.0811,69.6227],[18.0809,69.6227],[18.0295,69.6331],[18.0374,69.6195],[17.9954,69.5921],[18.0208,69.5766],[18.1052,69.5717],[18.1177,69.5659],[18.1314,69.5569],[18.1399,69.5557],[18.194,69.5307],[18.262,69.5306],[18.4856,69.5586],[18.5604,69.5581],[18.5855,69.5657],[18.6402,69.5695],[18.543,69.5251],[18.4976,69.522],[18.4685,69.5041],[18.477,69.495],[18.3671,69.4448],[18.3628,69.4466],[18.3415,69.4677],[18.301,69.4868],[18.2634,69.4881],[18.2417,69.4761],[18.155,69.4576],[18.1743,69.4196],[18.0779,69.3252],[18.0454,69.3174],[18.0031,69.2857],[18.0033,69.2787],[17.9647,69.261],[17.9675,69.2631],[17.9264,69.2837],[17.9246,69.2868],[17.941,69.3277],[18.0202,69.3486],[18.025,69.3525],[18.0847,69.3525],[18.0986,69.3761],[18.0811,69.3876],[18.0708,69.4379],[18.0598,69.4404],[18.0526,69.4583],[18.027,69.484],[18.0505,69.4959],[17.9727,69.52],[17.9441,69.5233],[17.9186,69.5114],[17.8842,69.5308],[17.8928,69.5369],[17.8739,69.5731],[17.8374,69.5921],[17.7998,69.5751],[17.7827,69.5625],[17.7822,69.5625],[17.7332,69.5601],[17.7074,69.5854],[17.6738,69.6035],[17.653,69.5941],[17.6643,69.553],[17.624,69.54],[17.5589,69.5705],[17.554,69.5749],[17.5169,69.597],[17.4676,69.5996],[17.4602,69.5717],[17.4751,69.5584],[17.4546,69.5312],[17.393,69.5291],[17.3718,69.5339],[17.3171,69.535],[17.325,69.5208],[17.253,69.5035],[17.2466,69.4958],[17.2464,69.496],[17.1865,69.5028],[17.2429,69.4547],[17.3255,69.4394],[17.3743,69.4362],[17.3932,69.4165],[17.3911,69.4142],[17.2822,69.414],[17.3306,69.3935],[17.3647,69.3859],[17.361,69.3819],[17.3038,69.3855],[17.2761,69.3935],[17.1419,69.4003],[17.1254,69.3967],[17.0842,69.3993],[17.0838,69.3993],[17.0623,69.3898],[17.0217,69.4003],[17.0042,69.3883],[16.9385,69.3984],[16.9339,69.3799],[16.8787,69.3594],[16.9714,69.3565],[17.0006,69.3592],[16.9974,69.3299],[16.9893,69.3153],[16.9153,69.3176],[16.8976,69.3117],[16.9255,69.2934],[16.9787,69.2963],[16.9722,69.2847],[16.9723,69.2844],[16.9722,69.2843],[16.9856,69.2343],[16.9448,69.2365],[16.8787,69.2222],[16.9191,69.2154],[16.8986,69.1949],[16.9743,69.1949],[16.9972,69.1905],[16.9722,69.1389],[16.9499,69.1344],[16.8923,69.1267],[16.893,69.123],[16.8462,69.1136],[16.8167,69.1192],[16.7865,69.1081],[16.7796,69.0701],[16.8233,69.0544],[16.9617,69.069],[17.0766,69.0465],[17.0777,69.0416],[17.0583,69.0392],[17.042,69.0168],[17.073,69.0081],[17.1294,69.0115],[17.1851,69.0244],[17.2139,69.0441],[17.1928,69.0465],[17.3254,69.1298],[17.4872,69.1957],[17.5141,69.1833],[17.4883,69.154],[17.5191,69.1579],[17.6111,69.154],[17.6682,69.1652],[17.7675,69.171],[17.5417,69.0679],[17.5471,69.0921],[17.4515,69.0849],[17.3865,69.0635],[17.3526,69.0347],[17.3519,68.9958],[17.3767,68.9925],[17.1594,68.8933],[17.1045,68.925],[17.0872,68.8985],[17.129,68.8794],[17.0359,68.8369],[17.0156,68.86],[16.9743,68.8454],[16.911,68.7971],[16.8442,68.7733],[16.818,68.7374],[16.7917,68.7254],[16.6403,68.6563],[16.5646,68.6217],[16.5267,68.6044],[16.4942,68.5896],[16.4911,68.6058],[16.5247,68.6226],[16.5589,68.6552],[16.5609,68.6717],[16.5354,68.6808],[16.5357,68.6815],[16.577,68.7077],[16.5477,68.7164],[16.5478,68.7167],[16.5477,68.7168],[16.5478,68.7171],[16.5272,68.7432],[16.5261,68.761],[16.5559,68.7703],[16.5306,68.789],[16.4945,68.7902],[16.5055,68.8032],[16.5559,68.8249],[16.4623,68.8159],[16.4516,68.8235],[16.4388,68.8496],[16.3746,68.8602],[16.3282,68.8768],[16.3278,68.8768],[16.3082,68.8736],[16.2546,68.9032],[16.2625,68.8667],[16.2655,68.8656],[16.2282,68.8546],[16.2246,68.856],[16.1917,68.8572],[16.1074,68.8361],[16.0889,68.8149],[16.1208,68.7868],[16.1262,68.7466],[16.1152,68.7403],[16.1074,68.7407],[16.0762,68.7356],[16.0332,68.7114],[16.0606,68.6891],[16.0578,68.6806],[16.0264,68.6743],[16.0051,68.6776],[15.9502,68.6591],[15.9102,68.6511],[15.9021,68.6453],[15.8586,68.6342],[15.8167,68.6108],[15.8164,68.5845],[15.7736,68.554],[15.7702,68.5556],[15.7778,68.5622],[15.7819,68.5786],[15.7766,68.5908],[15.7918,68.6177],[15.8272,68.6474],[15.8708,68.653],[15.9048,68.6776],[15.9331,68.6841],[15.9837,68.7456],[15.9896,68.7635],[15.9556,68.7917],[15.9267,68.7792],[15.925,68.8195],[15.9144,68.8718],[15.9241,68.8864],[15.9073,68.9063],[15.907,68.908],[15.9042,68.91],[15.898,68.9174],[15.9079,68.9575],[15.8576,68.9702],[15.8332,68.9654],[15.8147,69.0203],[15.8479,69.0292],[15.8662,69.0499],[15.9934,69.1125],[16.0186,69.134],[16.0608,69.1446],[16.0892,69.1715],[16.0962,69.2],[16.1158,69.2166],[16.1212,69.2382],[16.1467,69.2692],[16.1499,69.2908],[16.1315,69.311],[16.1016,69.3153],[16.0422,69.3021],[15.9642,69.3021],[15.8922,69.2778],[15.741,69.1701],[15.668,69.1392],[15.6599,69.1385],[15.6107,69.1257],[15.5697,69.1055],[15.5353,69.0714],[15.4818,69.0434],[15.4629,69.0153],[15.4598,69.0131],[15.4251,68.9621],[15.4188,68.9138],[15.4315,68.8842],[15.464,68.8821],[15.5269,68.9129],[15.5286,68.9128],[15.5617,68.8761],[15.5532,68.8723],[15.5554,68.8651],[15.489,68.8056],[15.4889,68.8053],[15.4523,68.8113],[15.4598,68.756],[15.4681,68.7534],[15.4585,68.7292],[15.4496,68.7292],[15.4387,68.7077],[15.4447,68.6947],[15.4134,68.6164],[15.3929,68.605],[15.3916,68.6052],[15.3923,68.6047],[15.3506,68.5816],[15.3089,68.5786],[15.3115,68.56],[15.3096,68.559],[15.2388,68.5643],[15.2173,68.5569],[15.1786,68.5233],[15.2369,68.5187],[15.1154,68.4514],[15.0633,68.4487],[15.03,68.4358],[14.9778,68.4317],[14.9299,68.4373],[14.8975,68.4339],[14.8944,68.4252],[14.8089,68.4185],[14.7964,68.4267],[14.7264,68.43],[14.7057,68.4135],[14.7059,68.4105],[14.6692,68.4076],[14.6535,68.4285],[14.5418,68.406],[14.5636,68.3924],[14.5281,68.3782],[14.4934,68.3856],[14.3836,68.3725],[14.4382,68.3588],[14.4358,68.3443],[14.4434,68.3444],[14.4377,68.3421],[14.3698,68.31],[14.3579,68.3205],[14.3283,68.324],[14.3034,68.312],[14.3056,68.2796],[14.2577,68.257],[14.2577,68.2512],[14.2532,68.2496],[14.2577,68.2469],[14.2577,68.2242],[14.2349,68.22],[14.1985,68.2012],[14.219,68.1807],[14.1985,68.1528],[14.3283,68.1733],[14.3244,68.1816],[14.3477,68.1785],[14.3481,68.1785],[14.3823,68.1808],[14.3836,68.1807],[14.3843,68.181],[14.6289,68.1976],[14.8152,68.2658],[14.7956,68.2462],[14.8138,68.2318],[14.8724,68.2227],[14.9531,68.2774],[14.9401,68.3022],[14.9126,68.3015],[14.9276,68.3069],[15.0077,68.2895],[15.0073,68.2831],[14.9868,68.2695],[15.0005,68.2533],[15.0409,68.257],[15.0858,68.2712],[15.1154,68.2938],[15.187,68.3104],[15.2236,68.3348],[15.2332,68.3377],[15.2308,68.3396],[15.2806,68.3729],[15.3378,68.3781],[15.3395,68.3531],[15.3226,68.3514],[15.3384,68.332],[15.3409,68.3317],[15.3414,68.3243],[15.4386,68.3122],[15.439,68.3122],[15.5451,68.331],[15.5754,68.3194],[15.5828,68.3042],[15.6244,68.3005],[15.6401,68.3174],[15.6913,68.343],[15.7063,68.3588],[15.6914,68.3608],[15.7053,68.3702],[15.7267,68.3725],[15.7234,68.3825],[15.763,68.4094],[15.7704,68.4094],[15.7927,68.3936],[15.8162,68.393],[15.7934,68.4094],[15.8382,68.4094],[15.8718,68.3948],[15.8762,68.3691],[15.904,68.3699],[15.9663,68.393],[15.974,68.4021],[15.9754,68.4024],[16.045,68.4612],[16.0534,68.4648],[16.0546,68.4668],[16.195,68.5378],[16.2592,68.551],[16.3465,68.5595],[16.4194,68.5574],[16.4225,68.5569],[16.3656,68.5314],[16.3436,68.537],[16.2217,68.5237],[16.1921,68.515],[16.1377,68.4687],[16.1177,68.4339],[16.1422,68.4311],[16.1114,68.4173],[15.4311,68.1119],[15.4036,68.1046],[15.3545,68.08],[15.3528,68.0768],[15.3524,68.0766],[15.3162,68.0695],[15.3055,68.0555],[15.2402,68.0262],[15.2303,68.0367],[15.1895,68.019],[15.1597,67.9957],[15.1628,67.9915],[15.1176,67.9712],[15.1089,67.9762],[15.1057,68.0007],[15.0521,67.9682],[14.9782,67.9719],[14.9612,67.9416],[14.9722,67.9165],[14.9819,67.917],[14.933,67.8883],[14.7617,67.8114],[13.6735,66.9376],[13.5897,66.9382],[13.565,66.9324],[13.5208,66.9057],[13.5475,66.8996],[13.6057,66.9069],[13.6274,66.9005],[13.4001,66.718],[13.256,66.7241],[13.2254,66.714],[13.2669,66.7016],[13.3034,66.6971],[13.2336,66.655],[13.1912,66.6666],[13.1707,66.6519],[13.2123,66.6421],[13.2101,66.6408],[13.195,66.5533],[13.1751,66.5373],[13.1141,66.5398],[13.1026,66.5427],[12.972,66.5222],[13.0171,66.5053],[13.0818,66.498],[13.0898,66.4919],[13.0795,66.4605],[13.0266,66.418],[12.8634,66.287],[12.7928,66.295],[12.7147,66.2591],[12.7002,66.2432],[12.741,66.2416],[12.7608,66.2219],[12.7801,66.2201],[12.6466,66.1129],[12.6467,66.1132],[12.6139,66.1121],[12.6237,66.1231],[12.6237,66.1235],[12.6201,66.1773],[12.6026,66.1835],[12.5952,66.205],[12.5617,66.2211],[12.5448,66.2038],[12.5265,66.2103],[12.5263,66.2102],[12.5261,66.2103],[12.4613,66.186],[12.4589,66.1801],[12.4309,66.1728],[12.4563,66.1738],[12.4469,66.1512],[12.4181,66.1235],[12.3513,66.0866],[12.3421,66.0834],[12.3442,66.0827],[12.3425,66.0818],[12.3286,66.0383],[12.2942,66.0151],[12.5334,66.0607],[12.5469,66.0657],[12.5769,66.071],[12.5869,66.0821],[12.6003,66.0887],[12.6173,66.0894],[12.496,65.992],[12.4912,65.9906],[12.4724,65.9809],[12.4552,65.9608],[12.4289,65.9394],[12.4289,65.9381],[12.3815,65.9],[12.3688,65.8916],[12.3713,65.8918],[12.3569,65.8802],[12.132,65.7087],[11.9185,65.5459],[11.718,65.393],[11.6177,65.3165],[11.5926,65.2973],[11.5676,65.2783],[11.5174,65.24],[11.4632,65.1986],[11.1544,64.9631],[11.1333,64.976],[11.1024,64.9769],[11.0593,64.9904],[11.0414,64.9788],[11.0217,64.9794],[11.0213,64.9794],[10.8183,64.9254],[10.7839,64.924],[10.7505,64.904],[10.7305,64.8722],[10.7381,64.8501],[10.7754,64.86],[10.8104,64.8502],[10.8341,64.8436],[10.8345,64.8436],[11.0159,64.8575],[10.8104,64.7009],[10.5949,64.5365],[10.5334,64.4896],[10.5281,64.4856],[10.4988,64.4703],[10.4642,64.4523],[10.3949,64.4161],[10.2564,64.3439],[9.7023,64.0549],[9.1483,63.766],[8.931,63.6527],[8.8682,63.6462],[8.8662,63.6422],[8.8437,63.6462],[8.8433,63.6462],[8.7963,63.6399],[8.7883,63.64],[8.7636,63.6356],[8.6741,63.6236],[8.616,63.6101],[8.5647,63.6119],[8.5453,63.6025],[8.5625,63.5957],[8.4761,63.5641],[8.4354,63.5622],[8.4133,63.5578],[8.3172,63.5132],[8.2778,63.4665],[8.2993,63.4455],[8.3249,63.4569],[8.3903,63.4338],[8.4329,63.434],[8.4557,63.4289],[8.4643,63.427],[8.4557,63.4242],[8.3865,63.4022],[8.3518,63.3912],[8.3172,63.3802],[8.0402,63.2921],[7.4862,63.1158],[6.3781,62.7633],[5.9129,62.6153],[5.8241,62.5533],[5.5553,62.3657],[5.5474,62.3679],[5.5099,62.364],[5.5191,62.3405],[5.4135,62.2668],[5.2799,62.1736],[5.2741,62.1696],[5.2672,62.1723],[5.2401,62.1897],[5.2398,62.1896],[5.2397,62.1897],[5.2297,62.1867],[5.2102,62.1942],[5.1818,62.2127],[5.1465,62.2047],[5.1465,62.1911],[5.0962,62.1935],[5.0918,62.1706],[5.0706,62.1638],[5.126,62.1296],[5.0918,62.1227],[5.1091,62.1091],[5.1242,62.1081],[5.1042,62.051],[5.0519,62.0145],[4.9851,62.0339],[4.9985,61.9962],[5.0154,61.989],[4.9912,61.9721],[4.9913,61.9717],[4.9912,61.9717],[5.0011,61.8996],[4.9844,61.9015],[4.984,61.9015],[4.9672,61.8945],[4.953,61.897],[4.9095,61.8982],[4.8652,61.8894],[4.8649,61.873],[4.8032,61.8416]]],[[[4.93,60.4116],[4.9516,60.3405],[4.9464,60.2918],[4.9414,60.2912],[4.9446,60.2752],[4.9444,60.2731],[4.9444,60.2727],[4.946,60.2683],[4.9479,60.2589],[4.95,60.2573],[4.9552,60.2432],[4.9984,60.1981],[5.0885,60.1894],[5.0889,60.1894],[5.0889,60.1898],[5.0888,60.1916],[5.1032,60.1907],[5.1117,60.2005],[5.0986,60.2514],[5.0868,60.2599],[5.0857,60.2944],[5.0938,60.3202],[5.0706,60.3476],[5.0663,60.3509],[5.0493,60.3894],[4.9916,60.4519],[4.9912,60.4518],[4.9912,60.4519],[4.9552,60.4467],[4.93,60.412],[4.9301,60.4117],[4.93,60.4116]]],[[[7.7782,63.4113],[7.7868,63.3828],[7.8063,63.3713],[7.8602,63.3651],[7.8893,63.3524],[7.9624,63.3425],[7.9147,63.3425],[7.994,63.3156],[8.0383,63.3288],[8.0867,63.3288],[8.0943,63.3368],[8.1021,63.3368],[8.1139,63.3456],[8.1384,63.3509],[8.1817,63.3902],[8.172,63.4061],[8.1387,63.42],[8.1381,63.4309],[8.111,63.4476],[8.1008,63.4641],[8.0706,63.4733],[8.0041,63.4728],[7.9754,63.4652],[7.9504,63.4517],[7.9397,63.45],[7.8732,63.4323],[7.8377,63.4288],[7.7782,63.4113]]],[[[8.2717,63.685],[8.3135,63.6682],[8.3408,63.6701],[8.3573,63.6649],[8.3577,63.6649],[8.4693,63.6666],[8.4758,63.6643],[8.5158,63.672],[8.5808,63.6794],[8.7434,63.6879],[8.792,63.6981],[8.8259,63.7198],[8.8107,63.7816],[8.7918,63.8017],[8.8054,63.8154],[8.7596,63.8037],[8.7507,63.8028],[8.7372,63.8091],[8.6823,63.7801],[8.7123,63.7773],[8.7101,63.7746],[8.4509,63.7312],[8.3429,63.7029],[8.3316,63.7018],[8.2717,63.685]]],[[[11.7593,65.6179],[11.775,65.6096],[11.7773,65.604],[11.9033,65.5953],[11.9037,65.5953],[11.9053,65.5961],[11.9168,65.59],[11.9588,65.6219],[11.9685,65.6266],[12.0045,65.6786],[12.0043,65.6787],[12.0045,65.679],[12.0013,65.6812],[12.0051,65.6896],[11.9979,65.7001],[11.9768,65.6983],[11.9721,65.7016],[11.9383,65.7034],[11.9261,65.7087],[11.9038,65.7053],[11.8749,65.7068],[11.8745,65.7068],[11.8321,65.6942],[11.8245,65.693],[11.8229,65.6914],[11.7989,65.6843],[11.7752,65.6448],[11.7651,65.635],[11.7593,65.6179]]],[[[12.7871,67.8101],[12.8709,67.8251],[12.8864,67.8432],[12.9503,67.8665],[13.0137,67.8791],[13.0466,67.9155],[13.0446,67.9167],[13.0737,67.9337],[13.0813,67.9405],[13.1058,67.9405],[13.1309,67.9526],[13.1114,68.0264],[13.1176,68.038],[13.1206,68.0382],[13.1366,68.0504],[13.1241,68.0504],[13.1067,68.0567],[13.157,68.0851],[13.0796,68.1042],[13.0547,68.0981],[13.075,68.0851],[13.0623,68.0709],[13.0137,68.0572],[12.9792,68.0365],[12.9583,68.0158],[12.9581,68.0157],[12.9578,68.0153],[12.9312,67.989],[12.9271,67.9777],[12.9126,67.9598],[12.9002,67.9578],[12.8909,67.9333],[12.8789,67.9185],[12.8782,67.9172],[12.8416,67.8791],[12.8468,67.8607],[12.8401,67.8487],[12.7871,67.8101]]],[[[13.1663,68.0154],[13.1843,68.0094],[13.197,68.0334],[13.2149,68.0366],[13.2281,67.9945],[13.2285,67.9945],[13.2342,67.9952],[13.2386,67.9855],[13.2638,67.999],[13.3509,68.0101],[13.3554,68.0113],[13.3567,68.0106],[13.3574,68.0118],[13.3905,68.0205],[13.4049,68.0604],[13.4228,68.0829],[13.4825,68.057],[13.5129,68.0405],[13.5272,68.0434],[13.5648,68.0818],[13.563,68.0833],[13.5849,68.0934],[13.6241,68.0991],[13.6232,68.0851],[13.6437,68.0709],[13.699,68.0703],[13.7188,68.0776],[13.6983,68.0981],[13.7046,68.1045],[13.7701,68.1055],[13.7741,68.102],[13.8257,68.1068],[13.846,68.1206],[13.8361,68.131],[13.8873,68.1681],[13.9036,68.1703],[13.9104,68.1677],[13.9374,68.1749],[13.9613,68.1782],[14.034,68.1807],[14.062,68.2012],[14.1107,68.2071],[14.1589,68.2553],[14.125,68.2748],[14.0873,68.2826],[14.0278,68.2626],[13.9935,68.2579],[13.9675,68.2696],[14.0078,68.2943],[13.9831,68.3373],[13.9193,68.3412],[13.8737,68.3256],[13.7999,68.2741],[13.7829,68.2761],[13.7825,68.2761],[13.7692,68.2759],[13.75,68.2826],[13.7163,68.2749],[13.7144,68.2749],[13.6864,68.2878],[13.6367,68.2943],[13.5,68.2423],[13.5255,68.2403],[13.4297,68.1633],[13.3689,68.1667],[13.3685,68.1667],[13.3001,68.1598],[13.2569,68.1216],[13.1993,68.0869],[13.1994,68.0866],[13.1993,68.0865],[13.2035,68.0731],[13.178,68.0595],[13.1663,68.0154]]],[[[14.3699,68.6872],[14.3972,68.6605],[14.4073,68.6623],[14.4262,68.6574],[14.4133,68.6364],[14.4351,68.6121],[14.5207,68.609],[14.5583,68.6273],[14.617,68.6257],[14.6255,68.6427],[14.7319,68.6732],[14.7605,68.6738],[14.7941,68.668],[14.8049,68.6385],[14.815,68.6352],[14.8081,68.6147],[14.8633,68.6052],[14.8428,68.5915],[14.8732,68.5845],[15.0627,68.5785],[15.195,68.6145],[15.223,68.616],[15.2593,68.632],[15.3362,68.6529],[15.3753,68.6699],[15.3977,68.694],[15.3942,68.7311],[15.3772,68.7383],[15.3958,68.7826],[15.3957,68.7827],[15.3958,68.783],[15.3612,68.8184],[15.384,68.8523],[15.3478,68.8469],[15.3259,68.8587],[15.3209,68.8554],[15.287,68.8818],[15.2953,68.9069],[15.2715,68.9197],[15.2536,68.9078],[15.2086,68.9427],[15.1762,68.9809],[15.1665,68.9856],[15.1682,68.9883],[15.1377,69.0131],[15.0845,69.0112],[15.0657,69.0038],[15.039,69],[15.039,68.9933],[15.0077,68.981],[15.0278,68.9342],[15.039,68.9261],[15.039,68.8941],[14.9953,68.8992],[14.9966,68.9016],[14.9587,68.9261],[14.8997,68.9309],[14.8519,68.9188],[14.8455,68.8931],[14.8373,68.8872],[14.8374,68.8869],[14.8373,68.8868],[14.848,68.8472],[14.8013,68.7917],[14.7261,68.8004],[14.6908,68.814],[14.6858,68.8249],[14.6487,68.833],[14.6135,68.8212],[14.6118,68.8173],[14.5533,68.8195],[14.5529,68.8195],[14.5357,68.8055],[14.5239,68.8071],[14.4553,68.776],[14.4382,68.756],[14.4552,68.7527],[14.3729,68.7118],[14.3731,68.7115],[14.3729,68.7114],[14.3844,68.6942],[14.3699,68.6872]]],[[[19.5371,70.2501],[19.5593,70.2312],[19.6133,70.2225],[19.6146,70.2183],[19.7118,70.1645],[19.7478,70.1107],[19.7485,70.11],[19.7494,70.0856],[19.7761,70.0673],[19.8195,70.0602],[19.9782,70.0601],[20.0364,70.0831],[20.0391,70.0859],[20.0902,70.102],[20.0901,70.1024],[20.0902,70.1024],[20.0893,70.1055],[20.1541,70.1129],[20.0834,70.1269],[20.083,70.1284],[19.993,70.1493],[19.94,70.1826],[19.9412,70.1955],[19.8914,70.2139],[19.8725,70.2113],[19.8706,70.2118],[19.8702,70.2118],[19.82,70.2048],[19.7823,70.2134],[19.7612,70.2205],[19.6899,70.2697],[19.6777,70.2904],[19.5884,70.2684],[19.5916,70.2501],[19.5371,70.2501]]],[[[21.9504,70.6479],[22.0088,70.6335],[22.0267,70.6336],[22.0462,70.6192],[22.0112,70.5995],[22.0686,70.5927],[22.084,70.5995],[22.167,70.562],[22.216,70.55],[22.2029,70.5441],[22.1609,70.5114],[22.1409,70.4829],[22.1865,70.4731],[22.2433,70.4897],[22.2798,70.5343],[22.3082,70.5274],[22.2928,70.5145],[22.3423,70.4992],[22.3914,70.5121],[22.4279,70.5087],[22.4684,70.4949],[22.4773,70.5107],[22.5436,70.5145],[22.5661,70.5033],[22.587,70.5258],[22.5945,70.5283],[22.6316,70.5263],[22.6272,70.5432],[22.6569,70.5586],[22.7751,70.5467],[22.7651,70.5311],[22.7886,70.5238],[22.8183,70.5423],[22.8294,70.5412],[22.8298,70.5412],[22.8509,70.5459],[22.8709,70.5394],[22.9138,70.5438],[22.936,70.5585],[22.9095,70.5648],[22.9276,70.5729],[22.9526,70.5665],[22.9978,70.5728],[23.0056,70.5847],[23.063,70.5927],[23.0889,70.5862],[23.1141,70.6132],[23.1072,70.6148],[23.1283,70.6262],[23.1414,70.6262],[23.1824,70.6541],[23.1808,70.6546],[23.2377,70.6853],[23.2717,70.6815],[23.2533,70.6938],[23.2586,70.6966],[23.3196,70.7094],[23.3239,70.7288],[23.3755,70.7484],[23.4021,70.7436],[23.4253,70.7665],[23.4096,70.774],[23.4202,70.7842],[23.4225,70.7875],[23.4605,70.7908],[23.4431,70.8288],[23.3965,70.8426],[23.3581,70.8641],[23.313,70.8616],[23.3202,70.8228],[23.2795,70.8124],[23.2042,70.8159],[23.2038,70.8159],[23.1935,70.8115],[23.1619,70.8254],[23.1826,70.8068],[23.1533,70.7941],[23.0925,70.8137],[23.0907,70.7995],[23.03,70.7908],[23.0527,70.7739],[23.0888,70.7662],[22.9627,70.7117],[22.9302,70.7172],[22.9056,70.7277],[22.8806,70.7254],[22.8586,70.7291],[22.8582,70.7291],[22.8531,70.7286],[22.8511,70.7419],[22.792,70.7504],[22.8057,70.764],[22.723,70.7485],[22.7305,70.7299],[22.7516,70.7175],[22.6015,70.7012],[22.541,70.7175],[22.5015,70.7081],[22.4994,70.7002],[22.4214,70.7029],[22.4146,70.708],[22.3739,70.6982],[22.3843,70.6801],[22.3506,70.6579],[22.3245,70.6598],[22.3206,70.6613],[22.2659,70.675],[22.2297,70.6746],[22.242,70.6659],[22.2322,70.6666],[22.2318,70.6666],[22.1706,70.6562],[22.0583,70.6573],[22.0442,70.6599],[21.9865,70.6625],[21.9504,70.6479]]]]}},
{"type":"Feature","properties":{"entityId":"norway","from":1925,"to":1929,"certainty":"estimated","source":"유럽 쪽은 Natural Earth 1:10m admin-1(v5.1.2) 현대 행정구역 조각을 그 시기 국경에 맞춰 묶고, 조각이 역사 경계와 다른 곳은 선을 그어 나눈 근사. 유럽 밖(시베리아·중앙아시아·극동)은 대략적인 추정. 운영자 검수 필요"},"geometry":{"type":"MultiPolygon","coordinates":[[[[4.7946,61.1538],[4.797,61.0628],[4.8032,61.0465],[4.8206,61.0775],[4.8221,61.0784],[4.8688,61.0713],[4.8692,61.0713],[4.8805,61.073],[4.8938,61.0561],[4.944,61.0829],[4.9592,61.0852],[4.9607,61.0917],[4.9854,61.1049],[4.9873,61.1197],[4.9608,61.1774],[4.9435,61.1753],[4.916,61.2002],[4.9156,61.2002],[4.8726,61.1946],[4.8447,61.1973],[4.8497,61.188],[4.8256,61.1776],[4.8211,61.1607],[4.7946,61.1538]]],[[[4.8032,61.8416],[4.8294,61.8342],[4.9144,61.8287],[4.9101,61.8151],[4.9001,61.8074],[4.8708,61.8134],[4.8897,61.7851],[4.9134,61.7814],[4.9264,61.7101],[4.9474,61.6899],[4.9461,61.6875],[4.9441,61.6672],[4.9683,61.6361],[4.9927,61.6304],[5.0382,61.6301],[5.0636,61.4447],[5.0571,61.4443],[5.0372,61.4392],[5.0021,61.4345],[5.0012,61.43],[4.9479,61.4164],[4.9479,61.4102],[4.9981,61.4137],[4.9912,61.3772],[4.9912,61.3768],[5.0127,61.2824],[4.98,61.2753],[4.9546,61.2526],[4.9828,61.257],[5.013,61.2366],[5.0337,61.2403],[5.0442,61.2326],[4.9888,61.2246],[5.0208,61.2165],[5.0626,61.2193],[5.098,61.1937],[5.099,61.1867],[5.0593,61.188],[5.0441,61.1632],[5.104,61.1498],[5.1142,61.0757],[5.0686,61.0736],[5.0161,61.0465],[5.0136,61.0404],[5.0093,61.0387],[5.0094,61.0383],[5.0093,61.0383],[5.0102,61.0318],[5.0039,61.0161],[5.0127,60.9819],[5.0173,60.9812],[5.0198,60.9637],[5.012,60.965],[4.9819,60.9509],[5.0093,60.9267],[5.0183,60.9071],[5.0093,60.8582],[5.0093,60.8578],[5.0159,60.8328],[5.026,60.7941],[5.0104,60.8018],[4.9517,60.8087],[4.9268,60.8001],[4.9851,60.7799],[5.033,60.7417],[5.0405,60.7389],[5.0489,60.7067],[5.0924,60.6615],[5.085,60.6629],[5.0977,60.6491],[5.1116,60.6416],[5.1173,60.6356],[5.176,60.6048],[5.1791,60.6028],[5.1939,60.4947],[5.1719,60.4865],[5.1502,60.5014],[5.0264,60.5229],[4.9608,60.5599],[4.9778,60.5243],[5.0059,60.4984],[5.0537,60.5021],[5.0645,60.4649],[5.1328,60.4438],[5.1157,60.428],[5.125,60.4024],[5.1478,60.408],[5.1587,60.3761],[5.1465,60.3681],[5.1472,60.3437],[5.1706,60.3413],[5.1785,60.3182],[5.1616,60.295],[5.1707,60.2787],[5.2176,60.2726],[5.2255,60.2649],[5.2322,60.2159],[5.2228,60.2111],[5.2331,60.2098],[5.2485,60.0971],[5.2478,60.0985],[5.2175,60.1185],[5.2049,60.1071],[5.2197,60.0874],[5.2073,60.0874],[5.2052,60.0847],[5.2036,60.0883],[5.1799,60.0682],[5.1738,60.0461],[5.1754,60.0445],[5.218,59.9795],[5.1989,59.9364],[5.1857,59.9068],[5.1546,59.8737],[5.154,59.8747],[5.1048,59.8685],[5.1303,59.8478],[5.1173,59.8339],[5.1159,59.8209],[5.0986,59.8275],[5.0762,59.7946],[5.0762,59.7663],[5.1113,59.7769],[5.1065,59.7315],[5.1065,59.7311],[5.1101,59.6669],[5.1152,59.663],[5.1117,59.6524],[5.1243,59.6214],[5.1551,59.5917],[5.2017,59.6146],[5.1943,59.6506],[5.2365,59.6912],[5.2653,59.7103],[5.2987,59.7289],[5.2992,59.7279],[5.3031,59.6996],[5.27,59.6828],[5.3045,59.6891],[5.3081,59.6631],[5.3143,59.6442],[5.3045,59.643],[5.2433,59.5648],[5.2425,59.5633],[5.2378,59.5596],[5.2017,59.5395],[5.226,59.5314],[5.2228,59.5252],[5.1997,59.5246],[5.1823,59.5112],[5.19,59.4802],[5.1929,59.4676],[5.1857,59.4537],[5.1317,59.2263],[5.1318,59.2262],[5.1317,59.2259],[5.1713,59.1617],[5.1717,59.1617],[5.1856,59.1621],[5.1884,59.1572],[5.2359,59.1411],[5.2882,59.1649],[5.3625,59.1669],[5.4096,59.1834],[5.4432,59.1589],[5.4646,59.1831],[5.4636,59.1939],[5.529,58.9968],[5.5232,58.9914],[5.5309,58.9911],[5.5433,58.9534],[5.5371,58.9561],[5.5464,58.9279],[5.534,58.8701],[5.5305,58.8687],[5.532,58.8603],[5.5241,58.8236],[5.5209,58.7806],[5.478,58.7547],[5.5069,58.7299],[5.5715,58.6283],[5.6524,58.5627],[5.6463,58.5487],[5.7042,58.5208],[5.7106,58.5218],[5.7939,58.494],[5.7967,58.4892],[5.8244,58.4838],[5.973,58.4342],[5.978,58.4145],[6.0015,58.3901],[6.0466,58.3804],[6.0533,58.3753],[6.0779,58.3674],[6.1403,58.3397],[6.1701,58.3377],[6.3881,58.2676],[6.4925,58.259],[6.4929,58.259],[6.5089,58.2599],[6.5623,58.2431],[6.6009,58.2441],[6.6778,58.2159],[6.6062,58.1772],[6.597,58.1765],[6.5818,58.153],[6.5585,58.1289],[6.5305,58.1206],[6.542,58.1077],[6.6185,58.0683],[6.7227,58.066],[6.7541,58.0581],[6.7832,58.0698],[6.7631,58.0806],[6.7665,58.0819],[6.7692,58.1202],[6.808,58.1206],[6.8128,58.1282],[6.7976,58.1514],[6.8025,58.1548],[6.8445,58.1528],[6.8738,58.1348],[6.904,58.131],[6.8957,58.1205],[6.8954,58.1197],[6.8708,58.1192],[6.8042,58.1001],[6.8322,58.0843],[6.8664,58.0796],[6.8929,58.0927],[6.9029,58.0697],[6.9033,58.0695],[6.9006,58.0523],[6.9171,58.0633],[6.9425,58.052],[6.9353,58.0455],[6.9578,58.0451],[6.9991,58.0266],[6.9972,57.9971],[7.0231,57.9948],[7.076,58.0065],[7.0821,58.0338],[7.1626,58.0434],[7.175,58.0312],[7.2137,58.0453],[7.2641,58.0405],[7.2676,58.036],[7.3906,58.0175],[7.5789,58.0175],[7.5789,58.0375],[7.5846,58.0383],[7.5941,58.0264],[7.6292,58.0312],[7.6276,58.0445],[7.6497,58.0477],[7.6609,58.0455],[7.6595,58.0491],[7.8567,58.0775],[7.9158,58.0819],[7.9563,58.0932],[7.9381,58.1065],[8.0373,58.1479],[8.0421,58.1478],[8.0246,58.1411],[8.047,58.1169],[8.1229,58.102],[8.158,58.1445],[8.2019,58.123],[8.2232,58.1348],[8.2246,58.1569],[8.2717,58.1963],[8.264,58.1982],[8.2875,58.2113],[8.2953,58.2127],[8.3263,58.2297],[8.3675,58.2446],[8.4063,58.2442],[8.4028,58.2573],[8.4339,58.2685],[8.5012,58.2572],[8.5064,58.2831],[8.535,58.3084],[8.584,58.3407],[8.5884,58.3342],[8.6194,58.3387],[8.6416,58.3639],[8.7073,58.3789],[8.7541,58.4276],[8.8235,58.4528],[8.9094,58.5009],[8.9439,58.526],[8.9487,58.5776],[8.9755,58.589],[8.9777,58.5884],[8.9811,58.5914],[8.9994,58.5992],[9.0338,58.5948],[9.1522,58.6433],[9.2005,58.6723],[9.1801,58.6797],[9.1848,58.6916],[9.1867,58.6916],[9.2163,58.7028],[9.2147,58.7216],[9.2109,58.7221],[9.2334,58.7346],[9.2493,58.7336],[9.3065,58.7387],[9.3405,58.7512],[9.3866,58.7848],[9.4087,58.7996],[9.3809,58.7947],[9.3886,58.801],[9.4362,58.8203],[9.4504,58.8332],[9.4032,58.8441],[9.3542,58.84],[9.3447,58.8365],[9.3121,58.8563],[9.3364,58.864],[9.3395,58.8626],[9.3989,58.8742],[9.3991,58.8838],[9.4218,58.891],[9.4504,58.8815],[9.4559,58.8977],[9.5239,58.9001],[9.4965,58.9147],[9.5284,58.9247],[9.5759,58.9215],[9.6079,58.9287],[9.5955,58.9416],[9.6177,58.9464],[9.6228,58.9495],[9.6633,58.9588],[9.6898,58.9567],[9.6641,58.9773],[9.6708,58.9837],[9.6847,58.9835],[9.7035,58.9982],[9.724,58.984],[9.7268,59.0152],[9.67,59.0325],[9.6457,59.0535],[9.6619,59.063],[9.6831,59.046],[9.6869,59.0776],[9.6943,59.082],[9.7061,59.0643],[9.7581,59.0324],[9.7712,59.0428],[9.8009,59.0263],[9.8362,58.971],[9.8122,58.9634],[9.8462,58.9556],[9.9574,58.9567],[10.0148,58.9731],[10.0334,58.9935],[10.0299,59.0021],[10.0706,59.0223],[10.0844,59.0275],[10.1391,59.0167],[10.1145,59.0051],[10.175,59.0053],[10.2278,59.029],[10.2198,59.0472],[10.2441,59.061],[10.2513,59.0694],[10.2601,59.05],[10.2695,59.0478],[10.2713,59.0927],[10.2783,59.101],[10.2927,59.0701],[10.3069,59.0597],[10.288,59.1122],[10.3038,59.1307],[10.3137,59.128],[10.3147,59.1435],[10.4182,59.2644],[10.4696,59.2478],[10.4871,59.2841],[10.5142,59.3029],[10.4987,59.3198],[10.4486,59.3467],[10.4527,59.3621],[10.4602,59.3744],[10.5347,59.3064],[10.5696,59.2745],[10.5757,59.269],[10.6743,59.179],[10.679,59.1747],[10.8686,59.0016],[10.884,58.9876],[10.9275,58.9479],[10.9276,58.9478],[10.9711,58.9478],[10.9711,58.9408],[11.0147,58.9408],[11.0147,58.9876],[11.0582,58.9876],[11.0582,58.9905],[11.1057,58.9905],[11.1057,59.0826],[11.1531,59.0826],[11.1531,59.112],[11.2068,59.112],[11.2166,59.1104],[11.2479,59.1119],[11.2953,59.1143],[11.3138,59.1152],[11.3427,59.1078],[11.3705,59.1007],[11.3893,59.0808],[11.39,59.0788],[11.3602,59.0788],[11.3727,59.0498],[11.3998,59.0498],[11.4036,59.0386],[11.4051,59.0365],[11.4051,59.0107],[11.4141,59.0011],[11.4375,58.9917],[11.4532,58.9605],[11.452,58.896],[11.4826,58.8869],[11.5471,58.8847],[11.6116,58.8932],[11.6644,58.9201],[11.6937,58.9735],[11.7089,59.0216],[11.7453,59.0922],[11.7485,59.1401],[11.7756,59.2025],[11.8111,59.2487],[11.8068,59.2936],[11.784,59.3606],[11.6774,59.5591],[11.6749,59.6071],[11.6937,59.6223],[11.8284,59.6597],[11.8917,59.7058],[11.9035,59.77],[11.8837,59.8054],[11.843,59.8384],[11.8496,59.8724],[11.8746,59.8849],[11.9422,59.902],[12.1027,59.894],[12.1437,59.8984],[12.2906,59.9587],[12.4468,60.0511],[12.4832,60.0812],[12.5109,60.118],[12.5247,60.1617],[12.5216,60.1976],[12.4873,60.2959],[12.5047,60.3256],[12.5586,60.3599],[12.5936,60.395],[12.6126,60.4554],[12.5944,60.5149],[12.4825,60.6573],[12.377,60.7541],[12.35,60.7933],[12.3132,60.9019],[12.2948,60.9353],[12.2561,60.9813],[12.2533,61.0017],[12.281,61.0152],[12.5118,61.0491],[12.5697,61.0506],[12.6825,61.0403],[12.7108,61.057],[12.7329,61.1291],[12.7467,61.1515],[12.8197,61.2049],[12.8547,61.2553],[12.8882,61.3496],[12.8771,61.371],[12.6138,61.547],[12.5509,61.5669],[12.4825,61.5691],[12.4165,61.5823],[12.3378,61.633],[12.2913,61.6511],[12.1756,61.7115],[12.1617,61.7248],[12.3175,62.234],[12.3151,62.2718],[12.3143,62.2861],[12.2795,62.3442],[12.0912,62.5863],[12.1031,62.634],[12.1541,62.7105],[12.1562,62.7337],[12.097,62.8866],[12.1044,62.9233],[12.2227,63.0015],[12.0598,63.2048],[11.9924,63.2889],[12.2049,63.4546],[12.2195,63.4966],[12.1703,63.5981],[12.2932,63.657],[12.4825,63.8095],[12.6819,63.9564],[12.7553,63.9914],[12.9824,64.0588],[13.2341,64.0909],[13.9394,64.0095],[13.9823,64.0195],[14.1478,64.169],[14.1614,64.2054],[14.1156,64.4412],[14.0969,64.4653],[14.0609,64.4766],[13.9401,64.4913],[13.6428,64.584],[14.1724,64.9914],[14.3107,65.0841],[14.3321,65.114],[14.3329,65.115],[14.366,65.2158],[14.4005,65.2555],[14.4821,65.2887],[14.5143,65.3181],[14.5183,65.3645],[14.5104,65.4647],[14.5607,65.7011],[14.5702,65.7167],[14.6371,65.7812],[14.6489,65.8024],[14.6444,65.8429],[14.5405,66.1254],[15.0534,66.1533],[15.4819,66.2749],[15.4918,66.288],[15.4761,66.3549],[15.4299,66.4636],[15.4263,66.4912],[15.6695,66.5994],[16.0388,66.8875],[16.1257,66.9344],[16.3106,67.0099],[16.3997,67.036],[16.4156,67.0527],[16.4438,67.1826],[16.4379,67.2003],[16.1271,67.4228],[16.1807,67.4964],[16.1996,67.5083],[16.367,67.5217],[16.4286,67.534],[16.483,67.5578],[16.5872,67.6259],[16.6087,67.6473],[16.7619,67.8772],[16.808,67.9106],[17.2201,68.0401],[17.3,68.0979],[17.3215,68.1053],[17.8954,67.9697],[17.921,67.9729],[17.9819,68.0162],[18.1667,68.1585],[18.1886,68.1987],[18.1357,68.3957],[18.1368,68.4263],[18.1615,68.5302],[18.1893,68.5384],[18.4362,68.5739],[18.4818,68.562],[18.6446,68.5012],[18.7003,68.4956],[19.0381,68.5056],[19.4817,68.424],[19.931,68.3502],[19.9712,68.3513],[20.0103,68.3639],[20.2459,68.4774],[19.9622,68.5412],[20.1518,68.6068],[20.2366,68.6591],[20.3388,68.7655],[20.3565,68.8046],[20.3488,68.8931],[20.3411,68.9101],[20.1023,69.0221],[20.6232,69.0364],[20.7166,69.0988],[20.7444,69.1044],[21.0325,69.041],[21.099,69.0438],[21.1564,69.0876],[21.0336,69.1812],[21.0797,69.2301],[21.0984,69.2395],[21.3136,69.2914],[21.6388,69.2714],[21.6629,69.2632],[21.9461,69.0657],[22.0231,69.012],[22.1607,68.9561],[22.2002,68.9085],[22.2772,68.8575],[22.3568,68.8328],[22.3714,68.8226],[22.3967,68.7318],[22.4287,68.7101],[22.5429,68.726],[22.5965,68.7246],[22.8517,68.6757],[23.0193,68.6867],[23.0715,68.6809],[23.0979,68.6701],[23.1754,68.6217],[23.1976,68.618],[23.4816,68.6856],[23.6416,68.695],[23.7348,68.7154],[23.768,68.756],[23.7872,68.7998],[23.8526,68.8167],[23.929,68.8162],[24.1312,68.7762],[24.1869,68.7445],[24.3325,68.7086],[24.6634,68.6661],[24.7542,68.6379],[24.8296,68.5941],[24.8609,68.5634],[24.9052,68.557],[24.9271,68.5704],[24.9518,68.6051],[25.071,68.6314],[25.1176,68.6377],[25.1442,68.668],[25.1496,68.7646],[25.1627,68.7846],[25.2013,68.8126],[25.3872,68.8746],[25.4811,68.8877],[25.6024,68.8721],[25.6516,68.8835],[25.6948,68.9256],[25.7264,68.9425],[25.7539,68.9784],[25.7958,68.9933],[25.8011,69.0132],[25.7658,69.0307],[25.7502,69.0592],[25.7683,69.1421],[25.7341,69.1913],[25.7372,69.2182],[25.7745,69.2988],[25.7866,69.3128],[25.8774,69.3708],[25.8414,69.4178],[25.8867,69.4552],[25.8857,69.4791],[25.9064,69.5019],[25.8867,69.5209],[25.9002,69.532],[25.9603,69.5487],[26.004,69.5872],[26.0051,69.6108],[25.9617,69.6525],[25.9813,69.6749],[26.032,69.6967],[26.1983,69.7154],[26.2682,69.7583],[26.3168,69.7949],[26.4187,69.8356],[26.4479,69.856],[26.4359,69.8742],[26.5007,69.9183],[26.5339,69.9252],[26.707,69.9351],[26.7719,69.9284],[26.8646,69.9381],[26.9511,69.9202],[27.0075,69.9225],[27.1003,69.9018],[27.3118,69.9295],[27.3524,69.9487],[27.3232,69.9597],[27.3809,69.9743],[27.4452,70.0032],[27.5633,70.0236],[27.5709,70.0409],[27.6126,70.0621],[27.6651,70.0683],[27.7922,70.0589],[27.8669,70.0753],[27.8973,70.0707],[27.981,70.0096],[28.1674,69.8943],[28.1893,69.886],[28.3812,69.8562],[28.3797,69.8224],[28.4046,69.8023],[28.4809,69.7857],[29.1312,69.6742],[29.1471,69.6639],[29.2032,69.586],[29.3445,69.4644],[29.2293,69.3769],[28.8648,69.2166],[28.8441,69.1813],[28.827,69.1068],[28.8396,69.0803],[28.9541,69.0273],[29.0081,69.0369],[29.0648,69.0347],[29.1203,69.0468],[29.173,69.0694],[29.2405,69.1151],[29.2688,69.1667],[29.3023,69.2008],[29.3345,69.2774],[29.3768,69.3016],[29.4346,69.3118],[29.6043,69.3152],[29.6618,69.325],[29.7514,69.3572],[29.9007,69.3582],[29.9481,69.3656],[30.0018,69.3946],[30.1234,69.4419],[30.1374,69.453],[30.145,69.4911],[30.164,69.5118],[30.2247,69.5408],[30.2287,69.5821],[30.2088,69.6087],[30.1486,69.6185],[30.1191,69.6346],[30.1861,69.6413],[30.2307,69.6373],[30.2944,69.6202],[30.4807,69.5441],[30.5117,69.5363],[30.7553,69.5215],[30.853,69.5274],[30.8982,69.5442],[30.927,69.5784],[30.9277,69.6721],[30.8843,69.7024],[30.8771,69.7376],[30.844,69.7662],[30.841,69.8058],[30.7883,69.7893],[30.7184,69.7947],[30.7206,69.7976],[30.6987,69.8085],[30.6621,69.8101],[30.1637,70.0952],[30.3171,70.1174],[30.3552,70.1297],[30.3843,70.1539],[30.3719,70.163],[30.4691,70.1975],[30.8647,70.261],[30.9336,70.2637],[31.0412,70.2849],[31.077,70.2842],[31.0664,70.3005],[31.0217,70.3251],[31.0194,70.3399],[31.0633,70.3668],[31.0222,70.3969],[31.2935,70.4531],[31.293,70.4532],[31.2933,70.4533],[31.2929,70.4534],[31.2935,70.4535],[28.1651,71.1864],[28.1647,71.1864],[26.3684,70.9867],[26.1142,70.9928],[26.1347,70.996],[26.1351,70.9977],[26.1799,71.0027],[26.2181,71.0316],[26.2085,71.0496],[26.1455,71.0393],[26.1455,71.0394],[26.1454,71.0394],[26.1455,71.0398],[26.1451,71.0398],[26.077,71.0329],[26.0028,71.0726],[26.0337,71.0872],[26.0298,71.1165],[26.0064,71.1252],[25.9605,71.1075],[25.937,71.1097],[25.9121,71.1041],[25.8811,71.1041],[25.8831,71.1135],[25.8591,71.1133],[25.8379,71.1064],[25.7849,71.114],[25.8074,71.1544],[25.6841,71.1447],[25.6673,71.1653],[25.6071,71.145],[25.5653,71.1522],[25.5534,71.1408],[25.5656,71.1363],[25.4215,71.0971],[25.3908,71.0848],[25.3138,71.0725],[25.3449,71.0663],[25.3135,71.0537],[25.3135,71.0528],[25.2933,71.0452],[25.2942,71.0203],[25.3139,71.0122],[24.547,71.0307],[24.5466,71.0307],[23.9555,70.7094],[23.891,70.7094],[23.8522,70.7152],[23.8452,70.722],[23.8472,70.723],[23.8157,70.7512],[23.7092,70.7486],[23.6401,70.7022],[23.6428,70.6852],[23.6655,70.6769],[23.6646,70.6753],[23.6646,70.6749],[23.6656,70.6535],[23.656,70.6479],[23.6663,70.6383],[23.6673,70.6162],[23.6418,70.5995],[23.6681,70.5995],[23.6682,70.5967],[23.6951,70.5768],[23.697,70.5716],[23.6989,70.5699],[23.6229,70.5287],[23.6146,70.5503],[23.597,70.5715],[23.6013,70.579],[23.5754,70.5961],[23.5594,70.6081],[23.5567,70.6189],[23.5477,70.6169],[23.5462,70.618],[23.5459,70.6179],[23.5458,70.618],[23.5361,70.6143],[23.5188,70.6105],[23.4845,70.6247],[23.391,70.618],[23.4574,70.6064],[23.4363,70.5853],[23.4497,70.5817],[23.3525,70.545],[23.3333,70.5517],[23.3076,70.5504],[23.3236,70.534],[23.2698,70.5137],[23.2717,70.5207],[23.2396,70.5456],[23.1963,70.5517],[23.181,70.5385],[23.2234,70.5238],[23.1894,70.5119],[23.1574,70.5156],[23.157,70.5156],[23.1357,70.5112],[23.1243,70.5206],[23.0186,70.4971],[22.9981,70.4766],[22.8972,70.451],[22.9197,70.4309],[22.9273,70.4293],[22.9158,70.4166],[22.9158,70.4162],[22.9165,70.4099],[22.8809,70.4141],[22.8713,70.4023],[22.9496,70.3593],[22.9917,70.3574],[23.0058,70.352],[23.006,70.3521],[23.0062,70.352],[23.0079,70.3525],[23.0389,70.341],[23.075,70.3601],[23.0914,70.3751],[23.1066,70.3589],[23.1052,70.3475],[23.0874,70.3284],[23.082,70.3017],[23.1047,70.2833],[23.155,70.2773],[23.1616,70.2779],[23.0238,70.203],[23,70.2038],[22.9846,70.2378],[22.9769,70.2499],[23.0015,70.2492],[23.0191,70.265],[22.9885,70.293],[22.9444,70.3008],[22.9414,70.3055],[22.9306,70.3096],[22.9564,70.3251],[22.8767,70.3304],[22.8514,70.3402],[22.8008,70.3508],[22.7805,70.3862],[22.7564,70.395],[22.7305,70.3872],[22.7372,70.3651],[22.7365,70.3643],[22.6953,70.3729],[22.6945,70.3856],[22.6747,70.3989],[22.6509,70.3863],[22.6057,70.3801],[22.6003,70.3668],[22.5752,70.382],[22.5298,70.3642],[22.4851,70.3845],[22.4699,70.3531],[22.4784,70.3462],[22.4618,70.3439],[22.4211,70.3618],[22.3787,70.347],[22.3737,70.332],[22.4063,70.3135],[22.383,70.2777],[22.3221,70.2657],[22.3117,70.2701],[22.3151,70.2727],[22.3058,70.2873],[22.2674,70.2951],[22.256,70.2941],[22.2214,70.309],[22.2211,70.3089],[22.221,70.309],[22.1057,70.286],[22.1048,70.3041],[22.072,70.3047],[22.0138,70.2879],[21.9978,70.2924],[21.9915,70.2957],[22.0316,70.3183],[21.9868,70.3234],[21.8218,70.2686],[21.8057,70.2572],[21.8167,70.2416],[21.7204,70.2446],[21.7095,70.2501],[21.6361,70.2615],[21.5891,70.2873],[21.5859,70.3122],[21.5339,70.3168],[21.5117,70.2934],[21.5103,70.2569],[21.508,70.2547],[21.4881,70.252],[21.4422,70.2535],[21.4393,70.2695],[21.4071,70.2673],[21.3396,70.2501],[21.2704,70.2386],[21.246,70.229],[20.8421,70.1484],[20.8318,70.1509],[20.8245,70.1449],[20.7965,70.1393],[20.8116,70.1795],[20.8242,70.1946],[20.82,70.2017],[20.821,70.2044],[20.8209,70.2045],[20.821,70.2048],[20.8171,70.2065],[20.8088,70.2204],[20.7339,70.2367],[20.5877,70.2362],[20.5477,70.2248],[20.5453,70.212],[20.493,70.2031],[20.4865,70.1993],[20.4626,70.1955],[20.4157,70.1715],[20.3997,70.1504],[20.3899,70.1027],[20.4317,70.0681],[20.4365,70.0675],[19.8285,69.9461],[19.8347,69.9497],[19.8565,69.9731],[19.8133,70.0026],[19.7743,70.0048],[19.6926,69.9636],[19.533,69.9194],[19.5099,69.8937],[19.4754,69.8756],[19.4317,69.8669],[19.4341,69.8696],[19.5166,69.9143],[19.5372,69.9468],[19.5549,69.9541],[19.6475,69.97],[19.6831,69.9858],[19.6848,70.0068],[19.6526,70.0214],[19.6192,70.0168],[19.6044,70.0074],[19.6078,70.0187],[19.6077,70.0187],[19.6078,70.0191],[19.5786,70.0271],[19.5825,70.0338],[19.5569,70.0571],[19.4681,70.0466],[19.4596,70.0409],[19.4454,70.0382],[19.4238,70.0173],[19.3504,70.0125],[19.3397,70.0177],[19.3319,70.0199],[19.2936,70.0428],[19.2942,70.0476],[19.3249,70.0788],[19.2991,70.0858],[19.2559,70.0673],[19.2549,70.0675],[19.2514,70.1788],[19.2462,70.188],[19.2424,70.2009],[19.2305,70.2344],[19.2128,70.2464],[19.2118,70.2482],[19.2103,70.2482],[19.1973,70.257],[19.1683,70.2549],[19.1599,70.2459],[19.1322,70.2447],[19.1274,70.2394],[19.1052,70.2412],[19.1157,70.2268],[19.0636,70.1702],[18.9959,70.1521],[19.0497,70.1344],[19.0745,70.0866],[19.0701,70.0781],[19.0642,70.0788],[19.0659,70.0701],[19.0494,70.0382],[18.9706,70.0434],[18.9702,70.0434],[18.9354,70.0301],[18.9338,70.0303],[18.8449,70.015],[18.8314,69.9997],[18.8447,69.9821],[18.8482,69.9811],[18.8226,69.96],[18.804,69.9506],[18.7693,69.9553],[18.7289,69.9478],[18.7334,69.9313],[18.7493,69.9228],[18.6858,69.8906],[18.6836,69.8852],[18.6789,69.8861],[18.6668,69.8597],[18.6887,69.8355],[18.6912,69.8342],[18.6965,69.8244],[18.6751,69.7814],[18.6512,69.7962],[18.6532,69.8044],[18.6384,69.8042],[18.625,69.8125],[18.6246,69.8125],[18.585,69.8073],[18.5407,69.7838],[18.5332,69.7805],[18.5324,69.7794],[18.5131,69.7691],[18.4821,69.7726],[18.4819,69.7771],[18.4474,69.7765],[18.4326,69.7782],[18.3949,69.7961],[18.3568,69.7929],[18.3269,69.7654],[18.3371,69.7508],[18.315,69.7153],[18.2933,69.7089],[18.2144,69.7142],[18.1865,69.7088],[18.2331,69.6777],[18.2322,69.6771],[18.2286,69.6354],[18.188,69.6329],[18.135,69.6369],[18.0996,69.6276],[18.0846,69.6267],[18.0811,69.6227],[18.0809,69.6227],[18.0295,69.6331],[18.0374,69.6195],[17.9954,69.5921],[18.0208,69.5766],[18.1052,69.5717],[18.1177,69.5659],[18.1314,69.5569],[18.1399,69.5557],[18.194,69.5307],[18.262,69.5306],[18.4856,69.5586],[18.5604,69.5581],[18.5855,69.5657],[18.6402,69.5695],[18.543,69.5251],[18.4976,69.522],[18.4685,69.5041],[18.477,69.495],[18.3671,69.4448],[18.3628,69.4466],[18.3415,69.4677],[18.301,69.4868],[18.2634,69.4881],[18.2417,69.4761],[18.155,69.4576],[18.1743,69.4196],[18.0779,69.3252],[18.0454,69.3174],[18.0031,69.2857],[18.0033,69.2787],[17.9647,69.261],[17.9675,69.2631],[17.9264,69.2837],[17.9246,69.2868],[17.941,69.3277],[18.0202,69.3486],[18.025,69.3525],[18.0847,69.3525],[18.0986,69.3761],[18.0811,69.3876],[18.0708,69.4379],[18.0598,69.4404],[18.0526,69.4583],[18.027,69.484],[18.0505,69.4959],[17.9727,69.52],[17.9441,69.5233],[17.9186,69.5114],[17.8842,69.5308],[17.8928,69.5369],[17.8739,69.5731],[17.8374,69.5921],[17.7998,69.5751],[17.7827,69.5625],[17.7822,69.5625],[17.7332,69.5601],[17.7074,69.5854],[17.6738,69.6035],[17.653,69.5941],[17.6643,69.553],[17.624,69.54],[17.5589,69.5705],[17.554,69.5749],[17.5169,69.597],[17.4676,69.5996],[17.4602,69.5717],[17.4751,69.5584],[17.4546,69.5312],[17.393,69.5291],[17.3718,69.5339],[17.3171,69.535],[17.325,69.5208],[17.253,69.5035],[17.2466,69.4958],[17.2464,69.496],[17.1865,69.5028],[17.2429,69.4547],[17.3255,69.4394],[17.3743,69.4362],[17.3932,69.4165],[17.3911,69.4142],[17.2822,69.414],[17.3306,69.3935],[17.3647,69.3859],[17.361,69.3819],[17.3038,69.3855],[17.2761,69.3935],[17.1419,69.4003],[17.1254,69.3967],[17.0842,69.3993],[17.0838,69.3993],[17.0623,69.3898],[17.0217,69.4003],[17.0042,69.3883],[16.9385,69.3984],[16.9339,69.3799],[16.8787,69.3594],[16.9714,69.3565],[17.0006,69.3592],[16.9974,69.3299],[16.9893,69.3153],[16.9153,69.3176],[16.8976,69.3117],[16.9255,69.2934],[16.9787,69.2963],[16.9722,69.2847],[16.9723,69.2844],[16.9722,69.2843],[16.9856,69.2343],[16.9448,69.2365],[16.8787,69.2222],[16.9191,69.2154],[16.8986,69.1949],[16.9743,69.1949],[16.9972,69.1905],[16.9722,69.1389],[16.9499,69.1344],[16.8923,69.1267],[16.893,69.123],[16.8462,69.1136],[16.8167,69.1192],[16.7865,69.1081],[16.7796,69.0701],[16.8233,69.0544],[16.9617,69.069],[17.0766,69.0465],[17.0777,69.0416],[17.0583,69.0392],[17.042,69.0168],[17.073,69.0081],[17.1294,69.0115],[17.1851,69.0244],[17.2139,69.0441],[17.1928,69.0465],[17.3254,69.1298],[17.4872,69.1957],[17.5141,69.1833],[17.4883,69.154],[17.5191,69.1579],[17.6111,69.154],[17.6682,69.1652],[17.7675,69.171],[17.5417,69.0679],[17.5471,69.0921],[17.4515,69.0849],[17.3865,69.0635],[17.3526,69.0347],[17.3519,68.9958],[17.3767,68.9925],[17.1594,68.8933],[17.1045,68.925],[17.0872,68.8985],[17.129,68.8794],[17.0359,68.8369],[17.0156,68.86],[16.9743,68.8454],[16.911,68.7971],[16.8442,68.7733],[16.818,68.7374],[16.7917,68.7254],[16.6403,68.6563],[16.5646,68.6217],[16.5267,68.6044],[16.4942,68.5896],[16.4911,68.6058],[16.5247,68.6226],[16.5589,68.6552],[16.5609,68.6717],[16.5354,68.6808],[16.5357,68.6815],[16.577,68.7077],[16.5477,68.7164],[16.5478,68.7167],[16.5477,68.7168],[16.5478,68.7171],[16.5272,68.7432],[16.5261,68.761],[16.5559,68.7703],[16.5306,68.789],[16.4945,68.7902],[16.5055,68.8032],[16.5559,68.8249],[16.4623,68.8159],[16.4516,68.8235],[16.4388,68.8496],[16.3746,68.8602],[16.3282,68.8768],[16.3278,68.8768],[16.3082,68.8736],[16.2546,68.9032],[16.2625,68.8667],[16.2655,68.8656],[16.2282,68.8546],[16.2246,68.856],[16.1917,68.8572],[16.1074,68.8361],[16.0889,68.8149],[16.1208,68.7868],[16.1262,68.7466],[16.1152,68.7403],[16.1074,68.7407],[16.0762,68.7356],[16.0332,68.7114],[16.0606,68.6891],[16.0578,68.6806],[16.0264,68.6743],[16.0051,68.6776],[15.9502,68.6591],[15.9102,68.6511],[15.9021,68.6453],[15.8586,68.6342],[15.8167,68.6108],[15.8164,68.5845],[15.7736,68.554],[15.7702,68.5556],[15.7778,68.5622],[15.7819,68.5786],[15.7766,68.5908],[15.7918,68.6177],[15.8272,68.6474],[15.8708,68.653],[15.9048,68.6776],[15.9331,68.6841],[15.9837,68.7456],[15.9896,68.7635],[15.9556,68.7917],[15.9267,68.7792],[15.925,68.8195],[15.9144,68.8718],[15.9241,68.8864],[15.9073,68.9063],[15.907,68.908],[15.9042,68.91],[15.898,68.9174],[15.9079,68.9575],[15.8576,68.9702],[15.8332,68.9654],[15.8147,69.0203],[15.8479,69.0292],[15.8662,69.0499],[15.9934,69.1125],[16.0186,69.134],[16.0608,69.1446],[16.0892,69.1715],[16.0962,69.2],[16.1158,69.2166],[16.1212,69.2382],[16.1467,69.2692],[16.1499,69.2908],[16.1315,69.311],[16.1016,69.3153],[16.0422,69.3021],[15.9642,69.3021],[15.8922,69.2778],[15.741,69.1701],[15.668,69.1392],[15.6599,69.1385],[15.6107,69.1257],[15.5697,69.1055],[15.5353,69.0714],[15.4818,69.0434],[15.4629,69.0153],[15.4598,69.0131],[15.4251,68.9621],[15.4188,68.9138],[15.4315,68.8842],[15.464,68.8821],[15.5269,68.9129],[15.5286,68.9128],[15.5617,68.8761],[15.5532,68.8723],[15.5554,68.8651],[15.489,68.8056],[15.4889,68.8053],[15.4523,68.8113],[15.4598,68.756],[15.4681,68.7534],[15.4585,68.7292],[15.4496,68.7292],[15.4387,68.7077],[15.4447,68.6947],[15.4134,68.6164],[15.3929,68.605],[15.3916,68.6052],[15.3923,68.6047],[15.3506,68.5816],[15.3089,68.5786],[15.3115,68.56],[15.3096,68.559],[15.2388,68.5643],[15.2173,68.5569],[15.1786,68.5233],[15.2369,68.5187],[15.1154,68.4514],[15.0633,68.4487],[15.03,68.4358],[14.9778,68.4317],[14.9299,68.4373],[14.8975,68.4339],[14.8944,68.4252],[14.8089,68.4185],[14.7964,68.4267],[14.7264,68.43],[14.7057,68.4135],[14.7059,68.4105],[14.6692,68.4076],[14.6535,68.4285],[14.5418,68.406],[14.5636,68.3924],[14.5281,68.3782],[14.4934,68.3856],[14.3836,68.3725],[14.4382,68.3588],[14.4358,68.3443],[14.4434,68.3444],[14.4377,68.3421],[14.3698,68.31],[14.3579,68.3205],[14.3283,68.324],[14.3034,68.312],[14.3056,68.2796],[14.2577,68.257],[14.2577,68.2512],[14.2532,68.2496],[14.2577,68.2469],[14.2577,68.2242],[14.2349,68.22],[14.1985,68.2012],[14.219,68.1807],[14.1985,68.1528],[14.3283,68.1733],[14.3244,68.1816],[14.3477,68.1785],[14.3481,68.1785],[14.3823,68.1808],[14.3836,68.1807],[14.3843,68.181],[14.6289,68.1976],[14.8152,68.2658],[14.7956,68.2462],[14.8138,68.2318],[14.8724,68.2227],[14.9531,68.2774],[14.9401,68.3022],[14.9126,68.3015],[14.9276,68.3069],[15.0077,68.2895],[15.0073,68.2831],[14.9868,68.2695],[15.0005,68.2533],[15.0409,68.257],[15.0858,68.2712],[15.1154,68.2938],[15.187,68.3104],[15.2236,68.3348],[15.2332,68.3377],[15.2308,68.3396],[15.2806,68.3729],[15.3378,68.3781],[15.3395,68.3531],[15.3226,68.3514],[15.3384,68.332],[15.3409,68.3317],[15.3414,68.3243],[15.4386,68.3122],[15.439,68.3122],[15.5451,68.331],[15.5754,68.3194],[15.5828,68.3042],[15.6244,68.3005],[15.6401,68.3174],[15.6913,68.343],[15.7063,68.3588],[15.6914,68.3608],[15.7053,68.3702],[15.7267,68.3725],[15.7234,68.3825],[15.763,68.4094],[15.7704,68.4094],[15.7927,68.3936],[15.8162,68.393],[15.7934,68.4094],[15.8382,68.4094],[15.8718,68.3948],[15.8762,68.3691],[15.904,68.3699],[15.9663,68.393],[15.974,68.4021],[15.9754,68.4024],[16.045,68.4612],[16.0534,68.4648],[16.0546,68.4668],[16.195,68.5378],[16.2592,68.551],[16.3465,68.5595],[16.4194,68.5574],[16.4225,68.5569],[16.3656,68.5314],[16.3436,68.537],[16.2217,68.5237],[16.1921,68.515],[16.1377,68.4687],[16.1177,68.4339],[16.1422,68.4311],[16.1114,68.4173],[15.4311,68.1119],[15.4036,68.1046],[15.3545,68.08],[15.3528,68.0768],[15.3524,68.0766],[15.3162,68.0695],[15.3055,68.0555],[15.2402,68.0262],[15.2303,68.0367],[15.1895,68.019],[15.1597,67.9957],[15.1628,67.9915],[15.1176,67.9712],[15.1089,67.9762],[15.1057,68.0007],[15.0521,67.9682],[14.9782,67.9719],[14.9612,67.9416],[14.9722,67.9165],[14.9819,67.917],[14.933,67.8883],[14.7617,67.8114],[13.6735,66.9376],[13.5897,66.9382],[13.565,66.9324],[13.5208,66.9057],[13.5475,66.8996],[13.6057,66.9069],[13.6274,66.9005],[13.4001,66.718],[13.256,66.7241],[13.2254,66.714],[13.2669,66.7016],[13.3034,66.6971],[13.2336,66.655],[13.1912,66.6666],[13.1707,66.6519],[13.2123,66.6421],[13.2101,66.6408],[13.195,66.5533],[13.1751,66.5373],[13.1141,66.5398],[13.1026,66.5427],[12.972,66.5222],[13.0171,66.5053],[13.0818,66.498],[13.0898,66.4919],[13.0795,66.4605],[13.0266,66.418],[12.8634,66.287],[12.7928,66.295],[12.7147,66.2591],[12.7002,66.2432],[12.741,66.2416],[12.7608,66.2219],[12.7801,66.2201],[12.6466,66.1129],[12.6467,66.1132],[12.6139,66.1121],[12.6237,66.1231],[12.6237,66.1235],[12.6201,66.1773],[12.6026,66.1835],[12.5952,66.205],[12.5617,66.2211],[12.5448,66.2038],[12.5265,66.2103],[12.5263,66.2102],[12.5261,66.2103],[12.4613,66.186],[12.4589,66.1801],[12.4309,66.1728],[12.4563,66.1738],[12.4469,66.1512],[12.4181,66.1235],[12.3513,66.0866],[12.3421,66.0834],[12.3442,66.0827],[12.3425,66.0818],[12.3286,66.0383],[12.2942,66.0151],[12.5334,66.0607],[12.5469,66.0657],[12.5769,66.071],[12.5869,66.0821],[12.6003,66.0887],[12.6173,66.0894],[12.496,65.992],[12.4912,65.9906],[12.4724,65.9809],[12.4552,65.9608],[12.4289,65.9394],[12.4289,65.9381],[12.3815,65.9],[12.3688,65.8916],[12.3713,65.8918],[12.3569,65.8802],[12.132,65.7087],[11.9185,65.5459],[11.718,65.393],[11.6177,65.3165],[11.5926,65.2973],[11.5676,65.2783],[11.5174,65.24],[11.4632,65.1986],[11.1544,64.9631],[11.1333,64.976],[11.1024,64.9769],[11.0593,64.9904],[11.0414,64.9788],[11.0217,64.9794],[11.0213,64.9794],[10.8183,64.9254],[10.7839,64.924],[10.7505,64.904],[10.7305,64.8722],[10.7381,64.8501],[10.7754,64.86],[10.8104,64.8502],[10.8341,64.8436],[10.8345,64.8436],[11.0159,64.8575],[10.8104,64.7009],[10.5949,64.5365],[10.5334,64.4896],[10.5281,64.4856],[10.4988,64.4703],[10.4642,64.4523],[10.3949,64.4161],[10.2564,64.3439],[9.7023,64.0549],[9.1483,63.766],[8.931,63.6527],[8.8682,63.6462],[8.8662,63.6422],[8.8437,63.6462],[8.8433,63.6462],[8.7963,63.6399],[8.7883,63.64],[8.7636,63.6356],[8.6741,63.6236],[8.616,63.6101],[8.5647,63.6119],[8.5453,63.6025],[8.5625,63.5957],[8.4761,63.5641],[8.4354,63.5622],[8.4133,63.5578],[8.3172,63.5132],[8.2778,63.4665],[8.2993,63.4455],[8.3249,63.4569],[8.3903,63.4338],[8.4329,63.434],[8.4557,63.4289],[8.4643,63.427],[8.4557,63.4242],[8.3865,63.4022],[8.3518,63.3912],[8.3172,63.3802],[8.0402,63.2921],[7.4862,63.1158],[6.3781,62.7633],[5.9129,62.6153],[5.8241,62.5533],[5.5553,62.3657],[5.5474,62.3679],[5.5099,62.364],[5.5191,62.3405],[5.4135,62.2668],[5.2799,62.1736],[5.2741,62.1696],[5.2672,62.1723],[5.2401,62.1897],[5.2398,62.1896],[5.2397,62.1897],[5.2297,62.1867],[5.2102,62.1942],[5.1818,62.2127],[5.1465,62.2047],[5.1465,62.1911],[5.0962,62.1935],[5.0918,62.1706],[5.0706,62.1638],[5.126,62.1296],[5.0918,62.1227],[5.1091,62.1091],[5.1242,62.1081],[5.1042,62.051],[5.0519,62.0145],[4.9851,62.0339],[4.9985,61.9962],[5.0154,61.989],[4.9912,61.9721],[4.9913,61.9717],[4.9912,61.9717],[5.0011,61.8996],[4.9844,61.9015],[4.984,61.9015],[4.9672,61.8945],[4.953,61.897],[4.9095,61.8982],[4.8652,61.8894],[4.8649,61.873],[4.8032,61.8416]]],[[[4.93,60.4116],[4.9516,60.3405],[4.9464,60.2918],[4.9414,60.2912],[4.9446,60.2752],[4.9444,60.2731],[4.9444,60.2727],[4.946,60.2683],[4.9479,60.2589],[4.95,60.2573],[4.9552,60.2432],[4.9984,60.1981],[5.0885,60.1894],[5.0889,60.1894],[5.0889,60.1898],[5.0888,60.1916],[5.1032,60.1907],[5.1117,60.2005],[5.0986,60.2514],[5.0868,60.2599],[5.0857,60.2944],[5.0938,60.3202],[5.0706,60.3476],[5.0663,60.3509],[5.0493,60.3894],[4.9916,60.4519],[4.9912,60.4518],[4.9912,60.4519],[4.9552,60.4467],[4.93,60.412],[4.9301,60.4117],[4.93,60.4116]]],[[[7.7782,63.4113],[7.7868,63.3828],[7.8063,63.3713],[7.8602,63.3651],[7.8893,63.3524],[7.9624,63.3425],[7.9147,63.3425],[7.994,63.3156],[8.0383,63.3288],[8.0867,63.3288],[8.0943,63.3368],[8.1021,63.3368],[8.1139,63.3456],[8.1384,63.3509],[8.1817,63.3902],[8.172,63.4061],[8.1387,63.42],[8.1381,63.4309],[8.111,63.4476],[8.1008,63.4641],[8.0706,63.4733],[8.0041,63.4728],[7.9754,63.4652],[7.9504,63.4517],[7.9397,63.45],[7.8732,63.4323],[7.8377,63.4288],[7.7782,63.4113]]],[[[8.2717,63.685],[8.3135,63.6682],[8.3408,63.6701],[8.3573,63.6649],[8.3577,63.6649],[8.4693,63.6666],[8.4758,63.6643],[8.5158,63.672],[8.5808,63.6794],[8.7434,63.6879],[8.792,63.6981],[8.8259,63.7198],[8.8107,63.7816],[8.7918,63.8017],[8.8054,63.8154],[8.7596,63.8037],[8.7507,63.8028],[8.7372,63.8091],[8.6823,63.7801],[8.7123,63.7773],[8.7101,63.7746],[8.4509,63.7312],[8.3429,63.7029],[8.3316,63.7018],[8.2717,63.685]]],[[[10.4453,79.6522],[11.2229,78.8685],[13.1705,78.0239],[13.6473,77.9323],[13.6707,77.894],[13.6657,77.8603],[13.6511,77.8498],[13.7857,77.8271],[13.8218,77.8014],[13.7744,77.7753],[13.7188,77.7679],[13.7529,77.7394],[13.7976,77.7331],[13.8855,77.7445],[13.957,77.7199],[14.0116,77.7341],[14.1034,77.7715],[14.2379,77.7701],[14.2611,77.7598],[14.3566,77.7679],[14.4578,77.758],[14.5489,77.7591],[14.6674,77.7363],[14.2622,77.5776],[14.0757,77.5686],[13.9524,77.5386],[13.9107,77.5345],[13.918,77.4997],[13.9999,77.4795],[14.0006,77.4751],[13.7609,77.3812],[13.7613,77.3811],[13.7611,77.381],[13.7613,77.3809],[13.7609,77.3808],[14.3601,77.2108],[14.3737,77.1987],[14.473,77.1782],[14.4745,77.1783],[15.5087,76.8848],[15.5015,76.8765],[15.5727,76.8666],[15.9138,76.7698],[15.9142,76.7698],[15.9245,76.7701],[15.9416,76.7607],[16.0008,76.7485],[16.1209,76.7386],[16.1321,76.7355],[16.2378,76.7005],[16.2904,76.6735],[16.2891,76.6711],[16.3025,76.6673],[16.3335,76.6513],[16.3244,76.6345],[16.3368,76.6164],[16.2959,76.596],[16.3171,76.5793],[16.3635,76.5737],[16.4058,76.6164],[16.4231,76.6205],[16.461,76.6085],[16.5642,76.5957],[16.5648,76.5833],[16.5907,76.578],[16.8096,76.5668],[16.9079,76.5903],[16.9922,76.6],[17.0112,76.6345],[17.104,76.6506],[17.0903,76.6711],[17.1602,76.6845],[17.1921,76.6968],[17.2002,76.7189],[17.1361,76.7512],[17.082,76.7654],[16.9828,76.776],[16.9798,76.7791],[16.977,76.8041],[17.1202,76.8087],[17.178,76.9096],[17.2874,76.9529],[17.3237,76.9789],[17.2651,76.9941],[17.2336,77.0066],[17.2566,77.0468],[17.322,77.0435],[17.346,77.0563],[17.3306,77.0751],[17.3646,77.0922],[17.3716,77.1162],[17.4304,77.1365],[17.4473,77.1509],[17.4238,77.1943],[17.4338,77.2143],[17.4948,77.2485],[17.502,77.2707],[17.4985,77.2772],[17.5871,77.3626],[17.5941,77.3666],[17.6026,77.3776],[17.6242,77.3984],[17.8474,77.4974],[17.977,77.5012],[17.9927,77.496],[18.0325,77.4926],[18.0965,77.5004],[18.1941,77.4902],[18.2401,77.4951],[18.2998,77.5202],[18.3107,77.5549],[18.2913,77.5738],[18.2974,77.5789],[18.3144,77.6057],[18.3615,77.6406],[18.3556,77.671],[18.3622,77.6814],[18.3666,77.693],[18.4452,77.7563],[18.453,77.7924],[18.4394,77.8193],[18.4702,77.8259],[18.6359,78.0446],[18.7029,78.0411],[18.8112,78.0285],[19.0628,78.0869],[19.0983,78.103],[19.0692,78.1259],[19.0055,78.1375],[18.9563,78.1834],[18.9638,78.1964],[19.03,78.1992],[19.0852,78.2299],[19.0785,78.2426],[19.0092,78.262],[19.057,78.3185],[19.1506,78.3792],[19.381,78.4799],[19.4318,78.4974],[19.6812,78.5146],[19.6024,78.547],[19.5982,78.5545],[19.6186,78.5615],[19.6546,78.598],[19.6762,78.6101],[19.7698,78.6223],[19.7824,78.6227],[20.0305,78.6039],[20.0319,78.6198],[20.0791,78.6327],[20.1379,78.6347],[20.1807,78.6309],[20.2041,78.6369],[20.389,78.6431],[20.4055,78.6445],[20.4448,78.6442],[20.5034,78.6306],[20.6052,78.6339],[20.6337,78.6647],[20.7238,78.6726],[20.9049,78.6743],[20.9402,78.6579],[20.9889,78.6585],[21.0374,78.6442],[21.0988,78.6398],[21.1258,78.6452],[21.1267,78.6654],[21.2682,78.6743],[21.3366,78.6584],[21.3833,78.6586],[21.3942,78.6716],[21.3601,78.6989],[21.436,78.7304],[21.5083,78.747],[21.5519,78.7752],[21.5085,78.794],[21.5103,78.8088],[21.5454,78.8341],[21.5221,78.8537],[21.4406,78.8554],[21.3909,78.8674],[21.1207,78.8901],[21.5446,78.9565],[21.544,78.9566],[21.5444,78.9567],[21.544,78.9568],[21.5446,78.9569],[19.8307,79.3444],[20.0349,79.3562],[20.0646,79.3534],[20.1099,79.3352],[20.1727,79.3426],[20.1551,79.3644],[20.0579,79.3773],[19.8662,79.3915],[19.8045,79.4052],[19.7136,79.4078],[19.6677,79.4042],[19.6265,79.3916],[19.6549,79.3842],[18.2506,79.7017],[17.8002,79.8263],[17.6917,79.8598],[17.6684,79.8628],[17.6026,79.881],[17.5625,79.8979],[17.5293,79.9013],[16.9906,80.0503],[16.9902,80.0503],[16.548,80.0402],[16.5415,80.0475],[16.3679,80.0565],[16.2947,80.0674],[16.2546,80.0618],[16.1411,80.0321],[16.1301,80.0306],[15.5214,80.0165],[15.1434,79.6746],[15.0684,79.6738],[14.9246,79.7513],[14.8579,79.7737],[14.5486,79.8115],[14.5275,79.8093],[14.4035,79.7389],[14.2765,79.6937],[14.2463,79.6789],[14.2835,79.6752],[14.2668,79.6663],[13.7181,79.661],[13.6509,79.7041],[13.7383,79.7064],[13.7775,79.7141],[13.7793,79.7142],[13.7822,79.715],[13.8971,79.7377],[13.9727,79.7752],[13.9608,79.7852],[13.9502,79.8373],[13.8856,79.8665],[13.797,79.8819],[13.5832,79.8575],[13.4101,79.8583],[13.1709,80.0114],[13.1705,80.0114],[11.8381,79.836],[11.8223,79.845],[11.7774,79.8469],[11.6696,79.8358],[11.6277,79.8162],[11.5599,79.8123],[11.5503,79.8137],[11.5344,79.8108],[11.3417,79.7997],[11.2728,79.7891],[11.2273,79.788],[11.1901,79.7752],[11.2288,79.7638],[11.2192,79.7545],[11.0994,79.7387],[11.0505,79.7598],[10.8669,79.7962],[10.8057,79.7997],[10.8053,79.7997],[10.7477,79.7893],[10.7328,79.7821],[10.7129,79.7825],[10.6458,79.7611],[10.654,79.7506],[10.6846,79.7463],[10.6865,79.7333],[10.7505,79.6927],[10.4453,79.6526],[10.4457,79.6522],[10.4453,79.6522]]],[[[10.4844,78.8907],[10.5313,78.8737],[10.5569,78.852],[10.5569,78.8376],[10.5724,78.8197],[10.5254,78.7883],[10.5768,78.7583],[10.6515,78.7298],[10.7815,78.6887],[10.7824,78.6886],[10.7873,78.6865],[10.7988,78.6776],[10.7866,78.6654],[10.8341,78.6505],[10.8413,78.6449],[10.9511,78.5736],[10.9685,78.5553],[10.9849,78.5517],[10.9995,78.5422],[11.0037,78.5196],[11.0393,78.4848],[11.1218,78.4389],[11.1639,78.4362],[11.2103,78.4415],[11.3705,78.4383],[11.4403,78.422],[11.4558,78.4158],[11.506,78.4067],[11.5846,78.3884],[11.6235,78.366],[11.7588,78.3274],[11.8389,78.2874],[11.8138,78.2744],[11.8652,78.2451],[11.9237,78.2265],[11.9634,78.2253],[11.9645,78.2247],[11.9649,78.2247],[11.9715,78.225],[12.0519,78.2225],[12.099,78.2031],[12.1405,78.1992],[12.1629,78.2109],[12.1428,78.237],[12.0969,78.2736],[12.1013,78.2954],[12.0503,78.3104],[11.9358,78.3706],[11.9289,78.3744],[11.8857,78.4092],[11.8778,78.4128],[11.9002,78.4357],[11.8722,78.4479],[11.7752,78.4459],[11.6157,78.4751],[11.4744,78.5291],[11.4639,78.5425],[11.4471,78.548],[11.426,78.5476],[11.4249,78.548],[11.4245,78.548],[11.4031,78.5471],[11.3553,78.5461],[11.348,78.5447],[11.2736,78.5416],[11.298,78.564],[11.2673,78.5742],[11.257,78.5996],[11.2726,78.6102],[11.2438,78.6202],[11.1983,78.6268],[11.161,78.6382],[11.1538,78.6626],[11.0804,78.6862],[11.0797,78.6867],[11.151,78.7228],[11.1838,78.7336],[11.1328,78.7668],[11.0991,78.7788],[11.0751,78.7803],[10.9978,78.825],[10.9998,78.8342],[10.9644,78.8443],[10.9605,78.8466],[10.9426,78.8506],[10.8438,78.8789],[10.7896,78.8847],[10.7733,78.8883],[10.7181,78.8923],[10.5602,78.9091],[10.5161,78.9065],[10.4844,78.8907]]],[[[11.7593,65.6179],[11.775,65.6096],[11.7773,65.604],[11.9033,65.5953],[11.9037,65.5953],[11.9053,65.5961],[11.9168,65.59],[11.9588,65.6219],[11.9685,65.6266],[12.0045,65.6786],[12.0043,65.6787],[12.0045,65.679],[12.0013,65.6812],[12.0051,65.6896],[11.9979,65.7001],[11.9768,65.6983],[11.9721,65.7016],[11.9383,65.7034],[11.9261,65.7087],[11.9038,65.7053],[11.8749,65.7068],[11.8745,65.7068],[11.8321,65.6942],[11.8245,65.693],[11.8229,65.6914],[11.7989,65.6843],[11.7752,65.6448],[11.7651,65.635],[11.7593,65.6179]]],[[[12.7871,67.8101],[12.8709,67.8251],[12.8864,67.8432],[12.9503,67.8665],[13.0137,67.8791],[13.0466,67.9155],[13.0446,67.9167],[13.0737,67.9337],[13.0813,67.9405],[13.1058,67.9405],[13.1309,67.9526],[13.1114,68.0264],[13.1176,68.038],[13.1206,68.0382],[13.1366,68.0504],[13.1241,68.0504],[13.1067,68.0567],[13.157,68.0851],[13.0796,68.1042],[13.0547,68.0981],[13.075,68.0851],[13.0623,68.0709],[13.0137,68.0572],[12.9792,68.0365],[12.9583,68.0158],[12.9581,68.0157],[12.9578,68.0153],[12.9312,67.989],[12.9271,67.9777],[12.9126,67.9598],[12.9002,67.9578],[12.8909,67.9333],[12.8789,67.9185],[12.8782,67.9172],[12.8416,67.8791],[12.8468,67.8607],[12.8401,67.8487],[12.7871,67.8101]]],[[[13.1663,68.0154],[13.1843,68.0094],[13.197,68.0334],[13.2149,68.0366],[13.2281,67.9945],[13.2285,67.9945],[13.2342,67.9952],[13.2386,67.9855],[13.2638,67.999],[13.3509,68.0101],[13.3554,68.0113],[13.3567,68.0106],[13.3574,68.0118],[13.3905,68.0205],[13.4049,68.0604],[13.4228,68.0829],[13.4825,68.057],[13.5129,68.0405],[13.5272,68.0434],[13.5648,68.0818],[13.563,68.0833],[13.5849,68.0934],[13.6241,68.0991],[13.6232,68.0851],[13.6437,68.0709],[13.699,68.0703],[13.7188,68.0776],[13.6983,68.0981],[13.7046,68.1045],[13.7701,68.1055],[13.7741,68.102],[13.8257,68.1068],[13.846,68.1206],[13.8361,68.131],[13.8873,68.1681],[13.9036,68.1703],[13.9104,68.1677],[13.9374,68.1749],[13.9613,68.1782],[14.034,68.1807],[14.062,68.2012],[14.1107,68.2071],[14.1589,68.2553],[14.125,68.2748],[14.0873,68.2826],[14.0278,68.2626],[13.9935,68.2579],[13.9675,68.2696],[14.0078,68.2943],[13.9831,68.3373],[13.9193,68.3412],[13.8737,68.3256],[13.7999,68.2741],[13.7829,68.2761],[13.7825,68.2761],[13.7692,68.2759],[13.75,68.2826],[13.7163,68.2749],[13.7144,68.2749],[13.6864,68.2878],[13.6367,68.2943],[13.5,68.2423],[13.5255,68.2403],[13.4297,68.1633],[13.3689,68.1667],[13.3685,68.1667],[13.3001,68.1598],[13.2569,68.1216],[13.1993,68.0869],[13.1994,68.0866],[13.1993,68.0865],[13.2035,68.0731],[13.178,68.0595],[13.1663,68.0154]]],[[[14.3699,68.6872],[14.3972,68.6605],[14.4073,68.6623],[14.4262,68.6574],[14.4133,68.6364],[14.4351,68.6121],[14.5207,68.609],[14.5583,68.6273],[14.617,68.6257],[14.6255,68.6427],[14.7319,68.6732],[14.7605,68.6738],[14.7941,68.668],[14.8049,68.6385],[14.815,68.6352],[14.8081,68.6147],[14.8633,68.6052],[14.8428,68.5915],[14.8732,68.5845],[15.0627,68.5785],[15.195,68.6145],[15.223,68.616],[15.2593,68.632],[15.3362,68.6529],[15.3753,68.6699],[15.3977,68.694],[15.3942,68.7311],[15.3772,68.7383],[15.3958,68.7826],[15.3957,68.7827],[15.3958,68.783],[15.3612,68.8184],[15.384,68.8523],[15.3478,68.8469],[15.3259,68.8587],[15.3209,68.8554],[15.287,68.8818],[15.2953,68.9069],[15.2715,68.9197],[15.2536,68.9078],[15.2086,68.9427],[15.1762,68.9809],[15.1665,68.9856],[15.1682,68.9883],[15.1377,69.0131],[15.0845,69.0112],[15.0657,69.0038],[15.039,69],[15.039,68.9933],[15.0077,68.981],[15.0278,68.9342],[15.039,68.9261],[15.039,68.8941],[14.9953,68.8992],[14.9966,68.9016],[14.9587,68.9261],[14.8997,68.9309],[14.8519,68.9188],[14.8455,68.8931],[14.8373,68.8872],[14.8374,68.8869],[14.8373,68.8868],[14.848,68.8472],[14.8013,68.7917],[14.7261,68.8004],[14.6908,68.814],[14.6858,68.8249],[14.6487,68.833],[14.6135,68.8212],[14.6118,68.8173],[14.5533,68.8195],[14.5529,68.8195],[14.5357,68.8055],[14.5239,68.8071],[14.4553,68.776],[14.4382,68.756],[14.4552,68.7527],[14.3729,68.7118],[14.3731,68.7115],[14.3729,68.7114],[14.3844,68.6942],[14.3699,68.6872]]],[[[17.3682,80.3191],[17.8093,80.1342],[17.8016,80.1287],[17.8218,80.129],[18.2714,79.9405],[18.1467,79.9164],[18.112,79.9055],[18.1943,79.9001],[18.2691,79.8745],[18.3223,79.8422],[18.4199,79.8236],[18.45,79.7955],[18.4802,79.786],[18.581,79.7913],[18.7209,79.762],[18.7194,79.7471],[18.7625,79.7416],[18.742,79.7274],[18.7839,79.7231],[18.9528,79.7362],[19.2435,79.7279],[19.2535,79.7297],[19.3986,79.7264],[19.399,79.7264],[19.4504,79.7268],[19.4856,79.718],[19.7324,79.726],[19.7651,79.7357],[19.8994,79.7437],[19.9332,79.749],[19.956,79.7489],[20.0264,79.6409],[19.8166,79.6357],[19.6333,79.6113],[19.6631,79.5679],[19.6853,79.5539],[19.9943,79.515],[20.0263,79.5088],[20.0767,79.4905],[20.1968,79.4688],[20.3682,79.4655],[20.3994,79.4625],[20.7519,79.4421],[20.7637,79.4334],[20.7772,79.4291],[20.8062,79.4087],[20.8397,79.4023],[20.7915,79.3916],[20.8169,79.3781],[21.2856,79.3913],[21.5928,79.3862],[21.7118,79.3718],[21.8882,79.3813],[21.9114,79.3809],[21.9118,79.3809],[22.4781,79.3995],[22.5134,79.3936],[22.7141,79.4072],[22.8289,79.411],[22.8522,79.4096],[22.655,79.3642],[22.6447,79.3096],[22.7367,79.2674],[22.9256,79.2228],[24.0531,79.1889],[24.2385,79.2311],[24.2723,79.2544],[24.2675,79.2665],[24.385,79.3011],[24.501,79.3208],[24.5625,79.324],[24.6986,79.3545],[24.7522,79.3636],[24.8419,79.367],[24.957,79.3565],[24.9749,79.3345],[25.1833,79.3362],[25.3667,79.36],[25.3856,79.3661],[25.506,79.3837],[25.6457,79.3977],[25.7834,79.4333],[25.8291,79.4422],[25.8231,79.465],[25.8532,79.4779],[25.929,79.4959],[25.9688,79.5154],[25.9651,79.5262],[25.9594,79.5306],[26.4876,79.7223],[26.4951,79.7233],[26.5275,79.7351],[26.5281,79.737],[26.5792,79.7556],[26.5863,79.7557],[26.6322,79.7674],[26.75,79.793],[26.7901,79.7955],[26.8097,79.806],[26.9959,79.8466],[27.1497,79.855],[27.2074,79.8737],[27.2391,79.9055],[27.2249,79.9249],[27.1907,79.9364],[27.1786,79.973],[27.4091,80.0567],[27.4086,80.0568],[27.4089,80.0569],[27.4087,80.0569],[27.4091,80.0571],[27.2205,80.0908],[27.2391,80.0973],[27.1919,80.1096],[27.1109,80.1103],[26.9924,80.1315],[26.9066,80.1508],[26.9035,80.1519],[26.8071,80.1743],[26.7484,80.1751],[25.4471,80.4075],[22.9198,80.658],[22.9194,80.658],[21.9079,80.3584],[20.4574,80.5987],[20.457,80.5987],[17.3682,80.3195],[17.3686,80.3193],[17.3684,80.3193],[17.3688,80.3192],[17.3682,80.3191]]],[[[18.7898,74.4782],[18.8655,74.4304],[18.9141,74.412],[18.9162,74.4107],[18.9256,74.4077],[18.9319,74.4053],[18.9631,74.3861],[19.0266,74.373],[19.047,74.3513],[19.0737,74.3474],[19.1677,74.3609],[19.2349,74.3991],[19.236,74.4106],[19.2513,74.4277],[19.2845,74.4484],[19.2974,74.4811],[19.2508,74.4895],[19.2022,74.5091],[19.183,74.5188],[19.1826,74.5188],[19.1783,74.5187],[19.1603,74.526],[19.1148,74.5273],[19.05,74.5166],[19.0064,74.5159],[18.9816,74.5198],[18.8748,74.5162],[18.8632,74.5136],[18.8622,74.5136],[18.8612,74.5132],[18.8205,74.5041],[18.8003,74.487],[18.7974,74.4858],[18.7977,74.4856],[18.7976,74.4856],[18.7977,74.4855],[18.7974,74.4854],[18.7979,74.4851],[18.7898,74.4782]]],[[[19.5371,70.2501],[19.5593,70.2312],[19.6133,70.2225],[19.6146,70.2183],[19.7118,70.1645],[19.7478,70.1107],[19.7485,70.11],[19.7494,70.0856],[19.7761,70.0673],[19.8195,70.0602],[19.9782,70.0601],[20.0364,70.0831],[20.0391,70.0859],[20.0902,70.102],[20.0901,70.1024],[20.0902,70.1024],[20.0893,70.1055],[20.1541,70.1129],[20.0834,70.1269],[20.083,70.1284],[19.993,70.1493],[19.94,70.1826],[19.9412,70.1955],[19.8914,70.2139],[19.8725,70.2113],[19.8706,70.2118],[19.8702,70.2118],[19.82,70.2048],[19.7823,70.2134],[19.7612,70.2205],[19.6899,70.2697],[19.6777,70.2904],[19.5884,70.2684],[19.5916,70.2501],[19.5371,70.2501]]],[[[20.1536,78.4754],[20.2607,78.463],[20.3742,78.4122],[20.3746,78.4122],[20.5343,78.4182],[20.5586,78.4114],[20.5339,78.3399],[20.5078,78.3364],[20.4688,78.3153],[20.5812,78.3105],[20.7483,78.2628],[20.7131,78.2534],[20.7158,78.2333],[20.6673,78.2265],[20.6741,78.2143],[20.6277,78.2067],[20.673,78.1903],[20.7225,78.1992],[20.7376,78.2129],[20.7977,78.2265],[20.8031,78.2263],[20.8458,78.1657],[20.9288,78.1196],[20.9006,78.1112],[20.8801,78.0854],[21.2435,77.9921],[21.3163,77.9831],[21.3349,77.9766],[21.4142,77.9344],[20.727,77.6774],[20.7275,77.6773],[20.7272,77.6772],[20.7274,77.6772],[20.727,77.677],[21.186,77.6166],[20.9288,77.5744],[20.8735,77.5686],[20.8755,77.5656],[20.8746,77.5655],[20.8748,77.5651],[20.8746,77.5651],[20.8843,77.5461],[20.8599,77.5277],[20.9016,77.5122],[20.9118,77.4922],[20.8633,77.4669],[20.8655,77.4562],[20.9217,77.4424],[21.0249,77.4442],[21.051,77.4401],[21.0514,77.4401],[21.0701,77.4413],[21.0925,77.4392],[21.3117,77.4575],[21.7322,77.4855],[22.0772,77.4995],[22.4763,77.447],[22.4388,77.4389],[22.4141,77.4145],[22.4675,77.3897],[22.4873,77.3604],[22.4694,77.3311],[22.4515,77.3247],[22.4263,77.3193],[22.3909,77.3039],[22.4297,77.2637],[22.4751,77.2622],[22.7039,77.2373],[22.9222,77.2563],[23.2345,77.2637],[23.2891,77.2909],[23.2685,77.3266],[23.3543,77.3769],[23.3909,77.3801],[23.3998,77.3828],[23.5066,77.4019],[23.6711,77.4452],[23.7349,77.4554],[23.8928,77.5084],[23.9181,77.5245],[23.9435,77.5512],[23.9566,77.5581],[24.061,77.631],[24.1294,77.6588],[24.9034,77.756],[24.9028,77.7561],[24.9032,77.7562],[24.9027,77.7563],[24.9034,77.7564],[24.5942,77.8294],[24.7234,77.853],[24.7227,77.8531],[24.7232,77.8532],[24.7227,77.8533],[24.7234,77.8534],[23.2798,78.0802],[23.2575,78.1013],[23.3501,78.1049],[23.3753,78.1129],[23.3747,78.1235],[23.433,78.1434],[23.4705,78.1514],[23.3278,78.2001],[23.1971,78.2214],[23.1178,78.239],[23.1118,78.2397],[22.8838,78.4559],[22.8834,78.4559],[22.226,78.3919],[22.2254,78.4139],[22.1956,78.4389],[22.2306,78.4642],[22.2354,78.4879],[22.2068,78.5048],[22.1556,78.5126],[22.1326,78.5272],[22.092,78.5893],[22.0446,78.5938],[22.0028,78.5769],[21.896,78.575],[21.8784,78.5857],[21.8262,78.576],[21.8057,78.5971],[21.6743,78.6005],[21.6363,78.5918],[21.6094,78.5966],[21.4546,78.5984],[21.4542,78.5984],[21.4502,78.598],[21.4231,78.6144],[21.304,78.6278],[21.1782,78.6232],[21.1062,78.5971],[21.1267,78.5834],[21.0929,78.5614],[21.0474,78.5567],[20.926,78.5493],[20.8714,78.5566],[20.4959,78.5232],[20.3634,78.5151],[20.3423,78.5095],[20.1831,78.4953],[20.1536,78.4754]]],[[[21.9504,70.6479],[22.0088,70.6335],[22.0267,70.6336],[22.0462,70.6192],[22.0112,70.5995],[22.0686,70.5927],[22.084,70.5995],[22.167,70.562],[22.216,70.55],[22.2029,70.5441],[22.1609,70.5114],[22.1409,70.4829],[22.1865,70.4731],[22.2433,70.4897],[22.2798,70.5343],[22.3082,70.5274],[22.2928,70.5145],[22.3423,70.4992],[22.3914,70.5121],[22.4279,70.5087],[22.4684,70.4949],[22.4773,70.5107],[22.5436,70.5145],[22.5661,70.5033],[22.587,70.5258],[22.5945,70.5283],[22.6316,70.5263],[22.6272,70.5432],[22.6569,70.5586],[22.7751,70.5467],[22.7651,70.5311],[22.7886,70.5238],[22.8183,70.5423],[22.8294,70.5412],[22.8298,70.5412],[22.8509,70.5459],[22.8709,70.5394],[22.9138,70.5438],[22.936,70.5585],[22.9095,70.5648],[22.9276,70.5729],[22.9526,70.5665],[22.9978,70.5728],[23.0056,70.5847],[23.063,70.5927],[23.0889,70.5862],[23.1141,70.6132],[23.1072,70.6148],[23.1283,70.6262],[23.1414,70.6262],[23.1824,70.6541],[23.1808,70.6546],[23.2377,70.6853],[23.2717,70.6815],[23.2533,70.6938],[23.2586,70.6966],[23.3196,70.7094],[23.3239,70.7288],[23.3755,70.7484],[23.4021,70.7436],[23.4253,70.7665],[23.4096,70.774],[23.4202,70.7842],[23.4225,70.7875],[23.4605,70.7908],[23.4431,70.8288],[23.3965,70.8426],[23.3581,70.8641],[23.313,70.8616],[23.3202,70.8228],[23.2795,70.8124],[23.2042,70.8159],[23.2038,70.8159],[23.1935,70.8115],[23.1619,70.8254],[23.1826,70.8068],[23.1533,70.7941],[23.0925,70.8137],[23.0907,70.7995],[23.03,70.7908],[23.0527,70.7739],[23.0888,70.7662],[22.9627,70.7117],[22.9302,70.7172],[22.9056,70.7277],[22.8806,70.7254],[22.8586,70.7291],[22.8582,70.7291],[22.8531,70.7286],[22.8511,70.7419],[22.792,70.7504],[22.8057,70.764],[22.723,70.7485],[22.7305,70.7299],[22.7516,70.7175],[22.6015,70.7012],[22.541,70.7175],[22.5015,70.7081],[22.4994,70.7002],[22.4214,70.7029],[22.4146,70.708],[22.3739,70.6982],[22.3843,70.6801],[22.3506,70.6579],[22.3245,70.6598],[22.3206,70.6613],[22.2659,70.675],[22.2297,70.6746],[22.242,70.6659],[22.2322,70.6666],[22.2318,70.6666],[22.1706,70.6562],[22.0583,70.6573],[22.0442,70.6599],[21.9865,70.6625],[21.9504,70.6479]]],[[[26.3963,78.7752],[26.4358,78.7482],[26.4583,78.7195],[26.4633,78.7182],[26.466,78.7095],[26.6334,78.6722],[26.6949,78.6556],[26.6912,78.6442],[26.7376,78.6265],[26.7747,78.6407],[26.9098,78.6502],[26.9519,78.6579],[26.9482,78.6745],[26.9957,78.6919],[27.0208,78.6989],[26.9653,78.7026],[26.7899,78.7234],[26.7619,78.7355],[26.7458,78.7473],[26.6688,78.7756],[26.6468,78.7851],[26.6155,78.8088],[26.5883,78.8104],[26.5847,78.8119],[26.5843,78.8119],[26.5658,78.8117],[26.4972,78.8156],[26.4614,78.8103],[26.4547,78.8102],[26.4525,78.809],[26.4419,78.8074],[26.4127,78.7868],[26.4079,78.7841],[26.4081,78.7838],[26.4079,78.7837],[26.4081,78.7835],[26.3963,78.7752]]],[[[27.842,78.8435],[28.0873,78.822],[28.1033,78.8225],[28.2802,78.8591],[28.4962,78.8862],[28.8811,78.8792],[29.1965,78.8587],[29.2365,78.8532],[29.3353,78.8503],[29.3332,78.8547],[29.5217,78.881],[29.707,78.8981],[29.694,78.9051],[29.6951,78.9053],[29.6946,78.9055],[29.6949,78.9055],[29.6945,78.9056],[29.6951,78.9057],[29.6902,78.9072],[29.6655,78.9206],[29.647,78.9206],[29.6447,78.9213],[29.6443,78.9213],[29.6309,78.9206],[29.584,78.9206],[29.5398,78.9158],[29.3456,78.9057],[29.0471,78.9126],[29.0305,78.9175],[28.9939,78.9316],[28.9682,78.9357],[28.8455,78.9716],[28.8451,78.9716],[28.5103,78.9682],[28.4865,78.9665],[28.4186,78.967],[28.4209,78.9618],[28.4131,78.9612],[28.3735,78.9265],[28.2823,78.9202],[28.1511,78.9186],[28.1345,78.91],[28.1215,78.9091],[27.9072,78.8566],[27.8606,78.8501],[27.842,78.8435]]],[[[31.4771,80.1039],[31.5771,80.0806],[31.5775,80.0805],[31.5776,80.0805],[31.6111,80.0727],[32.8311,80.1332],[32.9136,80.1488],[33.4651,80.1914],[33.5435,80.1951],[33.5962,80.2032],[33.6404,80.2208],[33.4474,80.2362],[33.3851,80.2424],[33.3847,80.2424],[33.3755,80.242],[33.2986,80.2481],[33.1152,80.2294],[33.0967,80.2285],[33.0276,80.2194],[32.9956,80.2189],[32.9804,80.2155],[32.1887,80.1591],[31.4963,80.1157],[31.4855,80.1091],[31.4803,80.1087],[31.4809,80.1085],[31.4805,80.1085],[31.481,80.1084],[31.4803,80.1083],[31.483,80.1075],[31.4771,80.1039]]]]}},
{"type":"Feature","properties":{"entityId":"norway","from":1929,"to":null,"certainty":"estimated","source":"유럽 쪽은 Natural Earth 1:10m admin-1(v5.1.2) 현대 행정구역 조각을 그 시기 국경에 맞춰 묶고, 조각이 역사 경계와 다른 곳은 선을 그어 나눈 근사. 유럽 밖(시베리아·중앙아시아·극동)은 대략적인 추정. 운영자 검수 필요"},"geometry":{"type":"MultiPolygon","coordinates":[[[[-9.1174,70.8749],[-9.0961,70.8572],[-9.0993,70.8558],[-9.099,70.8557],[-9.0991,70.8556],[-9.099,70.8555],[-9.0993,70.8554],[-9.0884,70.8509],[-9.0661,70.8323],[-9.0797,70.8124],[-9.0201,70.8067],[-8.9631,70.818],[-8.9289,70.8459],[-8.8603,70.863],[-8.8158,70.8835],[-8.6345,70.9405],[-8.4241,70.9658],[-8.4014,70.9626],[-8.006,71.0325],[-7.983,71.0452],[-7.9931,71.0687],[-7.9804,71.1135],[-7.9579,71.1201],[-7.9385,71.1566],[-7.9626,71.1749],[-8.0037,71.1804],[-8.0456,71.1749],[-8.1474,71.1749],[-8.1782,71.1589],[-8.2454,71.1514],[-8.3257,71.1476],[-8.34,71.1409],[-8.3433,71.1405],[-8.3511,71.1356],[-8.3978,71.1137],[-8.4218,71.0918],[-8.5197,71.0311],[-8.8994,70.9337],[-8.9163,70.9328],[-8.9407,70.9231],[-8.9661,70.9166],[-9.0256,70.8894],[-9.032,70.8869],[-9.1174,70.8749]]],[[[4.7946,61.1538],[4.797,61.0628],[4.8032,61.0465],[4.8206,61.0775],[4.8221,61.0784],[4.8688,61.0713],[4.8692,61.0713],[4.8805,61.073],[4.8938,61.0561],[4.944,61.0829],[4.9592,61.0852],[4.9607,61.0917],[4.9854,61.1049],[4.9873,61.1197],[4.9608,61.1774],[4.9435,61.1753],[4.916,61.2002],[4.9156,61.2002],[4.8726,61.1946],[4.8447,61.1973],[4.8497,61.188],[4.8256,61.1776],[4.8211,61.1607],[4.7946,61.1538]]],[[[4.8032,61.8416],[4.8294,61.8342],[4.9144,61.8287],[4.9101,61.8151],[4.9001,61.8074],[4.8708,61.8134],[4.8897,61.7851],[4.9134,61.7814],[4.9264,61.7101],[4.9474,61.6899],[4.9461,61.6875],[4.9441,61.6672],[4.9683,61.6361],[4.9927,61.6304],[5.0382,61.6301],[5.0636,61.4447],[5.0571,61.4443],[5.0372,61.4392],[5.0021,61.4345],[5.0012,61.43],[4.9479,61.4164],[4.9479,61.4102],[4.9981,61.4137],[4.9912,61.3772],[4.9912,61.3768],[5.0127,61.2824],[4.98,61.2753],[4.9546,61.2526],[4.9828,61.257],[5.013,61.2366],[5.0337,61.2403],[5.0442,61.2326],[4.9888,61.2246],[5.0208,61.2165],[5.0626,61.2193],[5.098,61.1937],[5.099,61.1867],[5.0593,61.188],[5.0441,61.1632],[5.104,61.1498],[5.1142,61.0757],[5.0686,61.0736],[5.0161,61.0465],[5.0136,61.0404],[5.0093,61.0387],[5.0094,61.0383],[5.0093,61.0383],[5.0102,61.0318],[5.0039,61.0161],[5.0127,60.9819],[5.0173,60.9812],[5.0198,60.9637],[5.012,60.965],[4.9819,60.9509],[5.0093,60.9267],[5.0183,60.9071],[5.0093,60.8582],[5.0093,60.8578],[5.0159,60.8328],[5.026,60.7941],[5.0104,60.8018],[4.9517,60.8087],[4.9268,60.8001],[4.9851,60.7799],[5.033,60.7417],[5.0405,60.7389],[5.0489,60.7067],[5.0924,60.6615],[5.085,60.6629],[5.0977,60.6491],[5.1116,60.6416],[5.1173,60.6356],[5.176,60.6048],[5.1791,60.6028],[5.1939,60.4947],[5.1719,60.4865],[5.1502,60.5014],[5.0264,60.5229],[4.9608,60.5599],[4.9778,60.5243],[5.0059,60.4984],[5.0537,60.5021],[5.0645,60.4649],[5.1328,60.4438],[5.1157,60.428],[5.125,60.4024],[5.1478,60.408],[5.1587,60.3761],[5.1465,60.3681],[5.1472,60.3437],[5.1706,60.3413],[5.1785,60.3182],[5.1616,60.295],[5.1707,60.2787],[5.2176,60.2726],[5.2255,60.2649],[5.2322,60.2159],[5.2228,60.2111],[5.2331,60.2098],[5.2485,60.0971],[5.2478,60.0985],[5.2175,60.1185],[5.2049,60.1071],[5.2197,60.0874],[5.2073,60.0874],[5.2052,60.0847],[5.2036,60.0883],[5.1799,60.0682],[5.1738,60.0461],[5.1754,60.0445],[5.218,59.9795],[5.1989,59.9364],[5.1857,59.9068],[5.1546,59.8737],[5.154,59.8747],[5.1048,59.8685],[5.1303,59.8478],[5.1173,59.8339],[5.1159,59.8209],[5.0986,59.8275],[5.0762,59.7946],[5.0762,59.7663],[5.1113,59.7769],[5.1065,59.7315],[5.1065,59.7311],[5.1101,59.6669],[5.1152,59.663],[5.1117,59.6524],[5.1243,59.6214],[5.1551,59.5917],[5.2017,59.6146],[5.1943,59.6506],[5.2365,59.6912],[5.2653,59.7103],[5.2987,59.7289],[5.2992,59.7279],[5.3031,59.6996],[5.27,59.6828],[5.3045,59.6891],[5.3081,59.6631],[5.3143,59.6442],[5.3045,59.643],[5.2433,59.5648],[5.2425,59.5633],[5.2378,59.5596],[5.2017,59.5395],[5.226,59.5314],[5.2228,59.5252],[5.1997,59.5246],[5.1823,59.5112],[5.19,59.4802],[5.1929,59.4676],[5.1857,59.4537],[5.1317,59.2263],[5.1318,59.2262],[5.1317,59.2259],[5.1713,59.1617],[5.1717,59.1617],[5.1856,59.1621],[5.1884,59.1572],[5.2359,59.1411],[5.2882,59.1649],[5.3625,59.1669],[5.4096,59.1834],[5.4432,59.1589],[5.4646,59.1831],[5.4636,59.1939],[5.529,58.9968],[5.5232,58.9914],[5.5309,58.9911],[5.5433,58.9534],[5.5371,58.9561],[5.5464,58.9279],[5.534,58.8701],[5.5305,58.8687],[5.532,58.8603],[5.5241,58.8236],[5.5209,58.7806],[5.478,58.7547],[5.5069,58.7299],[5.5715,58.6283],[5.6524,58.5627],[5.6463,58.5487],[5.7042,58.5208],[5.7106,58.5218],[5.7939,58.494],[5.7967,58.4892],[5.8244,58.4838],[5.973,58.4342],[5.978,58.4145],[6.0015,58.3901],[6.0466,58.3804],[6.0533,58.3753],[6.0779,58.3674],[6.1403,58.3397],[6.1701,58.3377],[6.3881,58.2676],[6.4925,58.259],[6.4929,58.259],[6.5089,58.2599],[6.5623,58.2431],[6.6009,58.2441],[6.6778,58.2159],[6.6062,58.1772],[6.597,58.1765],[6.5818,58.153],[6.5585,58.1289],[6.5305,58.1206],[6.542,58.1077],[6.6185,58.0683],[6.7227,58.066],[6.7541,58.0581],[6.7832,58.0698],[6.7631,58.0806],[6.7665,58.0819],[6.7692,58.1202],[6.808,58.1206],[6.8128,58.1282],[6.7976,58.1514],[6.8025,58.1548],[6.8445,58.1528],[6.8738,58.1348],[6.904,58.131],[6.8957,58.1205],[6.8954,58.1197],[6.8708,58.1192],[6.8042,58.1001],[6.8322,58.0843],[6.8664,58.0796],[6.8929,58.0927],[6.9029,58.0697],[6.9033,58.0695],[6.9006,58.0523],[6.9171,58.0633],[6.9425,58.052],[6.9353,58.0455],[6.9578,58.0451],[6.9991,58.0266],[6.9972,57.9971],[7.0231,57.9948],[7.076,58.0065],[7.0821,58.0338],[7.1626,58.0434],[7.175,58.0312],[7.2137,58.0453],[7.2641,58.0405],[7.2676,58.036],[7.3906,58.0175],[7.5789,58.0175],[7.5789,58.0375],[7.5846,58.0383],[7.5941,58.0264],[7.6292,58.0312],[7.6276,58.0445],[7.6497,58.0477],[7.6609,58.0455],[7.6595,58.0491],[7.8567,58.0775],[7.9158,58.0819],[7.9563,58.0932],[7.9381,58.1065],[8.0373,58.1479],[8.0421,58.1478],[8.0246,58.1411],[8.047,58.1169],[8.1229,58.102],[8.158,58.1445],[8.2019,58.123],[8.2232,58.1348],[8.2246,58.1569],[8.2717,58.1963],[8.264,58.1982],[8.2875,58.2113],[8.2953,58.2127],[8.3263,58.2297],[8.3675,58.2446],[8.4063,58.2442],[8.4028,58.2573],[8.4339,58.2685],[8.5012,58.2572],[8.5064,58.2831],[8.535,58.3084],[8.584,58.3407],[8.5884,58.3342],[8.6194,58.3387],[8.6416,58.3639],[8.7073,58.3789],[8.7541,58.4276],[8.8235,58.4528],[8.9094,58.5009],[8.9439,58.526],[8.9487,58.5776],[8.9755,58.589],[8.9777,58.5884],[8.9811,58.5914],[8.9994,58.5992],[9.0338,58.5948],[9.1522,58.6433],[9.2005,58.6723],[9.1801,58.6797],[9.1848,58.6916],[9.1867,58.6916],[9.2163,58.7028],[9.2147,58.7216],[9.2109,58.7221],[9.2334,58.7346],[9.2493,58.7336],[9.3065,58.7387],[9.3405,58.7512],[9.3866,58.7848],[9.4087,58.7996],[9.3809,58.7947],[9.3886,58.801],[9.4362,58.8203],[9.4504,58.8332],[9.4032,58.8441],[9.3542,58.84],[9.3447,58.8365],[9.3121,58.8563],[9.3364,58.864],[9.3395,58.8626],[9.3989,58.8742],[9.3991,58.8838],[9.4218,58.891],[9.4504,58.8815],[9.4559,58.8977],[9.5239,58.9001],[9.4965,58.9147],[9.5284,58.9247],[9.5759,58.9215],[9.6079,58.9287],[9.5955,58.9416],[9.6177,58.9464],[9.6228,58.9495],[9.6633,58.9588],[9.6898,58.9567],[9.6641,58.9773],[9.6708,58.9837],[9.6847,58.9835],[9.7035,58.9982],[9.724,58.984],[9.7268,59.0152],[9.67,59.0325],[9.6457,59.0535],[9.6619,59.063],[9.6831,59.046],[9.6869,59.0776],[9.6943,59.082],[9.7061,59.0643],[9.7581,59.0324],[9.7712,59.0428],[9.8009,59.0263],[9.8362,58.971],[9.8122,58.9634],[9.8462,58.9556],[9.9574,58.9567],[10.0148,58.9731],[10.0334,58.9935],[10.0299,59.0021],[10.0706,59.0223],[10.0844,59.0275],[10.1391,59.0167],[10.1145,59.0051],[10.175,59.0053],[10.2278,59.029],[10.2198,59.0472],[10.2441,59.061],[10.2513,59.0694],[10.2601,59.05],[10.2695,59.0478],[10.2713,59.0927],[10.2783,59.101],[10.2927,59.0701],[10.3069,59.0597],[10.288,59.1122],[10.3038,59.1307],[10.3137,59.128],[10.3147,59.1435],[10.4182,59.2644],[10.4696,59.2478],[10.4871,59.2841],[10.5142,59.3029],[10.4987,59.3198],[10.4486,59.3467],[10.4527,59.3621],[10.4602,59.3744],[10.5347,59.3064],[10.5696,59.2745],[10.5757,59.269],[10.6743,59.179],[10.679,59.1747],[10.8686,59.0016],[10.884,58.9876],[10.9275,58.9479],[10.9276,58.9478],[10.9711,58.9478],[10.9711,58.9408],[11.0147,58.9408],[11.0147,58.9876],[11.0582,58.9876],[11.0582,58.9905],[11.1057,58.9905],[11.1057,59.0826],[11.1531,59.0826],[11.1531,59.112],[11.2068,59.112],[11.2166,59.1104],[11.2479,59.1119],[11.2953,59.1143],[11.3138,59.1152],[11.3427,59.1078],[11.3705,59.1007],[11.3893,59.0808],[11.39,59.0788],[11.3602,59.0788],[11.3727,59.0498],[11.3998,59.0498],[11.4036,59.0386],[11.4051,59.0365],[11.4051,59.0107],[11.4141,59.0011],[11.4375,58.9917],[11.4532,58.9605],[11.452,58.896],[11.4826,58.8869],[11.5471,58.8847],[11.6116,58.8932],[11.6644,58.9201],[11.6937,58.9735],[11.7089,59.0216],[11.7453,59.0922],[11.7485,59.1401],[11.7756,59.2025],[11.8111,59.2487],[11.8068,59.2936],[11.784,59.3606],[11.6774,59.5591],[11.6749,59.6071],[11.6937,59.6223],[11.8284,59.6597],[11.8917,59.7058],[11.9035,59.77],[11.8837,59.8054],[11.843,59.8384],[11.8496,59.8724],[11.8746,59.8849],[11.9422,59.902],[12.1027,59.894],[12.1437,59.8984],[12.2906,59.9587],[12.4468,60.0511],[12.4832,60.0812],[12.5109,60.118],[12.5247,60.1617],[12.5216,60.1976],[12.4873,60.2959],[12.5047,60.3256],[12.5586,60.3599],[12.5936,60.395],[12.6126,60.4554],[12.5944,60.5149],[12.4825,60.6573],[12.377,60.7541],[12.35,60.7933],[12.3132,60.9019],[12.2948,60.9353],[12.2561,60.9813],[12.2533,61.0017],[12.281,61.0152],[12.5118,61.0491],[12.5697,61.0506],[12.6825,61.0403],[12.7108,61.057],[12.7329,61.1291],[12.7467,61.1515],[12.8197,61.2049],[12.8547,61.2553],[12.8882,61.3496],[12.8771,61.371],[12.6138,61.547],[12.5509,61.5669],[12.4825,61.5691],[12.4165,61.5823],[12.3378,61.633],[12.2913,61.6511],[12.1756,61.7115],[12.1617,61.7248],[12.3175,62.234],[12.3151,62.2718],[12.3143,62.2861],[12.2795,62.3442],[12.0912,62.5863],[12.1031,62.634],[12.1541,62.7105],[12.1562,62.7337],[12.097,62.8866],[12.1044,62.9233],[12.2227,63.0015],[12.0598,63.2048],[11.9924,63.2889],[12.2049,63.4546],[12.2195,63.4966],[12.1703,63.5981],[12.2932,63.657],[12.4825,63.8095],[12.6819,63.9564],[12.7553,63.9914],[12.9824,64.0588],[13.2341,64.0909],[13.9394,64.0095],[13.9823,64.0195],[14.1478,64.169],[14.1614,64.2054],[14.1156,64.4412],[14.0969,64.4653],[14.0609,64.4766],[13.9401,64.4913],[13.6428,64.584],[14.1724,64.9914],[14.3107,65.0841],[14.3321,65.114],[14.3329,65.115],[14.366,65.2158],[14.4005,65.2555],[14.4821,65.2887],[14.5143,65.3181],[14.5183,65.3645],[14.5104,65.4647],[14.5607,65.7011],[14.5702,65.7167],[14.6371,65.7812],[14.6489,65.8024],[14.6444,65.8429],[14.5405,66.1254],[15.0534,66.1533],[15.4819,66.2749],[15.4918,66.288],[15.4761,66.3549],[15.4299,66.4636],[15.4263,66.4912],[15.6695,66.5994],[16.0388,66.8875],[16.1257,66.9344],[16.3106,67.0099],[16.3997,67.036],[16.4156,67.0527],[16.4438,67.1826],[16.4379,67.2003],[16.1271,67.4228],[16.1807,67.4964],[16.1996,67.5083],[16.367,67.5217],[16.4286,67.534],[16.483,67.5578],[16.5872,67.6259],[16.6087,67.6473],[16.7619,67.8772],[16.808,67.9106],[17.2201,68.0401],[17.3,68.0979],[17.3215,68.1053],[17.8954,67.9697],[17.921,67.9729],[17.9819,68.0162],[18.1667,68.1585],[18.1886,68.1987],[18.1357,68.3957],[18.1368,68.4263],[18.1615,68.5302],[18.1893,68.5384],[18.4362,68.5739],[18.4818,68.562],[18.6446,68.5012],[18.7003,68.4956],[19.0381,68.5056],[19.4817,68.424],[19.931,68.3502],[19.9712,68.3513],[20.0103,68.3639],[20.2459,68.4774],[19.9622,68.5412],[20.1518,68.6068],[20.2366,68.6591],[20.3388,68.7655],[20.3565,68.8046],[20.3488,68.8931],[20.3411,68.9101],[20.1023,69.0221],[20.6232,69.0364],[20.7166,69.0988],[20.7444,69.1044],[21.0325,69.041],[21.099,69.0438],[21.1564,69.0876],[21.0336,69.1812],[21.0797,69.2301],[21.0984,69.2395],[21.3136,69.2914],[21.6388,69.2714],[21.6629,69.2632],[21.9461,69.0657],[22.0231,69.012],[22.1607,68.9561],[22.2002,68.9085],[22.2772,68.8575],[22.3568,68.8328],[22.3714,68.8226],[22.3967,68.7318],[22.4287,68.7101],[22.5429,68.726],[22.5965,68.7246],[22.8517,68.6757],[23.0193,68.6867],[23.0715,68.6809],[23.0979,68.6701],[23.1754,68.6217],[23.1976,68.618],[23.4816,68.6856],[23.6416,68.695],[23.7348,68.7154],[23.768,68.756],[23.7872,68.7998],[23.8526,68.8167],[23.929,68.8162],[24.1312,68.7762],[24.1869,68.7445],[24.3325,68.7086],[24.6634,68.6661],[24.7542,68.6379],[24.8296,68.5941],[24.8609,68.5634],[24.9052,68.557],[24.9271,68.5704],[24.9518,68.6051],[25.071,68.6314],[25.1176,68.6377],[25.1442,68.668],[25.1496,68.7646],[25.1627,68.7846],[25.2013,68.8126],[25.3872,68.8746],[25.4811,68.8877],[25.6024,68.8721],[25.6516,68.8835],[25.6948,68.9256],[25.7264,68.9425],[25.7539,68.9784],[25.7958,68.9933],[25.8011,69.0132],[25.7658,69.0307],[25.7502,69.0592],[25.7683,69.1421],[25.7341,69.1913],[25.7372,69.2182],[25.7745,69.2988],[25.7866,69.3128],[25.8774,69.3708],[25.8414,69.4178],[25.8867,69.4552],[25.8857,69.4791],[25.9064,69.5019],[25.8867,69.5209],[25.9002,69.532],[25.9603,69.5487],[26.004,69.5872],[26.0051,69.6108],[25.9617,69.6525],[25.9813,69.6749],[26.032,69.6967],[26.1983,69.7154],[26.2682,69.7583],[26.3168,69.7949],[26.4187,69.8356],[26.4479,69.856],[26.4359,69.8742],[26.5007,69.9183],[26.5339,69.9252],[26.707,69.9351],[26.7719,69.9284],[26.8646,69.9381],[26.9511,69.9202],[27.0075,69.9225],[27.1003,69.9018],[27.3118,69.9295],[27.3524,69.9487],[27.3232,69.9597],[27.3809,69.9743],[27.4452,70.0032],[27.5633,70.0236],[27.5709,70.0409],[27.6126,70.0621],[27.6651,70.0683],[27.7922,70.0589],[27.8669,70.0753],[27.8973,70.0707],[27.981,70.0096],[28.1674,69.8943],[28.1893,69.886],[28.3812,69.8562],[28.3797,69.8224],[28.4046,69.8023],[28.4809,69.7857],[29.1312,69.6742],[29.1471,69.6639],[29.2032,69.586],[29.3445,69.4644],[29.2293,69.3769],[28.8648,69.2166],[28.8441,69.1813],[28.827,69.1068],[28.8396,69.0803],[28.9541,69.0273],[29.0081,69.0369],[29.0648,69.0347],[29.1203,69.0468],[29.173,69.0694],[29.2405,69.1151],[29.2688,69.1667],[29.3023,69.2008],[29.3345,69.2774],[29.3768,69.3016],[29.4346,69.3118],[29.6043,69.3152],[29.6618,69.325],[29.7514,69.3572],[29.9007,69.3582],[29.9481,69.3656],[30.0018,69.3946],[30.1234,69.4419],[30.1374,69.453],[30.145,69.4911],[30.164,69.5118],[30.2247,69.5408],[30.2287,69.5821],[30.2088,69.6087],[30.1486,69.6185],[30.1191,69.6346],[30.1861,69.6413],[30.2307,69.6373],[30.2944,69.6202],[30.4807,69.5441],[30.5117,69.5363],[30.7553,69.5215],[30.853,69.5274],[30.8982,69.5442],[30.927,69.5784],[30.9277,69.6721],[30.8843,69.7024],[30.8771,69.7376],[30.844,69.7662],[30.841,69.8058],[30.7883,69.7893],[30.7184,69.7947],[30.7206,69.7976],[30.6987,69.8085],[30.6621,69.8101],[30.1637,70.0952],[30.3171,70.1174],[30.3552,70.1297],[30.3843,70.1539],[30.3719,70.163],[30.4691,70.1975],[30.8647,70.261],[30.9336,70.2637],[31.0412,70.2849],[31.077,70.2842],[31.0664,70.3005],[31.0217,70.3251],[31.0194,70.3399],[31.0633,70.3668],[31.0222,70.3969],[31.2935,70.4531],[31.293,70.4532],[31.2933,70.4533],[31.2929,70.4534],[31.2935,70.4535],[28.1651,71.1864],[28.1647,71.1864],[26.3684,70.9867],[26.1142,70.9928],[26.1347,70.996],[26.1351,70.9977],[26.1799,71.0027],[26.2181,71.0316],[26.2085,71.0496],[26.1455,71.0393],[26.1455,71.0394],[26.1454,71.0394],[26.1455,71.0398],[26.1451,71.0398],[26.077,71.0329],[26.0028,71.0726],[26.0337,71.0872],[26.0298,71.1165],[26.0064,71.1252],[25.9605,71.1075],[25.937,71.1097],[25.9121,71.1041],[25.8811,71.1041],[25.8831,71.1135],[25.8591,71.1133],[25.8379,71.1064],[25.7849,71.114],[25.8074,71.1544],[25.6841,71.1447],[25.6673,71.1653],[25.6071,71.145],[25.5653,71.1522],[25.5534,71.1408],[25.5656,71.1363],[25.4215,71.0971],[25.3908,71.0848],[25.3138,71.0725],[25.3449,71.0663],[25.3135,71.0537],[25.3135,71.0528],[25.2933,71.0452],[25.2942,71.0203],[25.3139,71.0122],[24.547,71.0307],[24.5466,71.0307],[23.9555,70.7094],[23.891,70.7094],[23.8522,70.7152],[23.8452,70.722],[23.8472,70.723],[23.8157,70.7512],[23.7092,70.7486],[23.6401,70.7022],[23.6428,70.6852],[23.6655,70.6769],[23.6646,70.6753],[23.6646,70.6749],[23.6656,70.6535],[23.656,70.6479],[23.6663,70.6383],[23.6673,70.6162],[23.6418,70.5995],[23.6681,70.5995],[23.6682,70.5967],[23.6951,70.5768],[23.697,70.5716],[23.6989,70.5699],[23.6229,70.5287],[23.6146,70.5503],[23.597,70.5715],[23.6013,70.579],[23.5754,70.5961],[23.5594,70.6081],[23.5567,70.6189],[23.5477,70.6169],[23.5462,70.618],[23.5459,70.6179],[23.5458,70.618],[23.5361,70.6143],[23.5188,70.6105],[23.4845,70.6247],[23.391,70.618],[23.4574,70.6064],[23.4363,70.5853],[23.4497,70.5817],[23.3525,70.545],[23.3333,70.5517],[23.3076,70.5504],[23.3236,70.534],[23.2698,70.5137],[23.2717,70.5207],[23.2396,70.5456],[23.1963,70.5517],[23.181,70.5385],[23.2234,70.5238],[23.1894,70.5119],[23.1574,70.5156],[23.157,70.5156],[23.1357,70.5112],[23.1243,70.5206],[23.0186,70.4971],[22.9981,70.4766],[22.8972,70.451],[22.9197,70.4309],[22.9273,70.4293],[22.9158,70.4166],[22.9158,70.4162],[22.9165,70.4099],[22.8809,70.4141],[22.8713,70.4023],[22.9496,70.3593],[22.9917,70.3574],[23.0058,70.352],[23.006,70.3521],[23.0062,70.352],[23.0079,70.3525],[23.0389,70.341],[23.075,70.3601],[23.0914,70.3751],[23.1066,70.3589],[23.1052,70.3475],[23.0874,70.3284],[23.082,70.3017],[23.1047,70.2833],[23.155,70.2773],[23.1616,70.2779],[23.0238,70.203],[23,70.2038],[22.9846,70.2378],[22.9769,70.2499],[23.0015,70.2492],[23.0191,70.265],[22.9885,70.293],[22.9444,70.3008],[22.9414,70.3055],[22.9306,70.3096],[22.9564,70.3251],[22.8767,70.3304],[22.8514,70.3402],[22.8008,70.3508],[22.7805,70.3862],[22.7564,70.395],[22.7305,70.3872],[22.7372,70.3651],[22.7365,70.3643],[22.6953,70.3729],[22.6945,70.3856],[22.6747,70.3989],[22.6509,70.3863],[22.6057,70.3801],[22.6003,70.3668],[22.5752,70.382],[22.5298,70.3642],[22.4851,70.3845],[22.4699,70.3531],[22.4784,70.3462],[22.4618,70.3439],[22.4211,70.3618],[22.3787,70.347],[22.3737,70.332],[22.4063,70.3135],[22.383,70.2777],[22.3221,70.2657],[22.3117,70.2701],[22.3151,70.2727],[22.3058,70.2873],[22.2674,70.2951],[22.256,70.2941],[22.2214,70.309],[22.2211,70.3089],[22.221,70.309],[22.1057,70.286],[22.1048,70.3041],[22.072,70.3047],[22.0138,70.2879],[21.9978,70.2924],[21.9915,70.2957],[22.0316,70.3183],[21.9868,70.3234],[21.8218,70.2686],[21.8057,70.2572],[21.8167,70.2416],[21.7204,70.2446],[21.7095,70.2501],[21.6361,70.2615],[21.5891,70.2873],[21.5859,70.3122],[21.5339,70.3168],[21.5117,70.2934],[21.5103,70.2569],[21.508,70.2547],[21.4881,70.252],[21.4422,70.2535],[21.4393,70.2695],[21.4071,70.2673],[21.3396,70.2501],[21.2704,70.2386],[21.246,70.229],[20.8421,70.1484],[20.8318,70.1509],[20.8245,70.1449],[20.7965,70.1393],[20.8116,70.1795],[20.8242,70.1946],[20.82,70.2017],[20.821,70.2044],[20.8209,70.2045],[20.821,70.2048],[20.8171,70.2065],[20.8088,70.2204],[20.7339,70.2367],[20.5877,70.2362],[20.5477,70.2248],[20.5453,70.212],[20.493,70.2031],[20.4865,70.1993],[20.4626,70.1955],[20.4157,70.1715],[20.3997,70.1504],[20.3899,70.1027],[20.4317,70.0681],[20.4365,70.0675],[19.8285,69.9461],[19.8347,69.9497],[19.8565,69.9731],[19.8133,70.0026],[19.7743,70.0048],[19.6926,69.9636],[19.533,69.9194],[19.5099,69.8937],[19.4754,69.8756],[19.4317,69.8669],[19.4341,69.8696],[19.5166,69.9143],[19.5372,69.9468],[19.5549,69.9541],[19.6475,69.97],[19.6831,69.9858],[19.6848,70.0068],[19.6526,70.0214],[19.6192,70.0168],[19.6044,70.0074],[19.6078,70.0187],[19.6077,70.0187],[19.6078,70.0191],[19.5786,70.0271],[19.5825,70.0338],[19.5569,70.0571],[19.4681,70.0466],[19.4596,70.0409],[19.4454,70.0382],[19.4238,70.0173],[19.3504,70.0125],[19.3397,70.0177],[19.3319,70.0199],[19.2936,70.0428],[19.2942,70.0476],[19.3249,70.0788],[19.2991,70.0858],[19.2559,70.0673],[19.2549,70.0675],[19.2514,70.1788],[19.2462,70.188],[19.2424,70.2009],[19.2305,70.2344],[19.2128,70.2464],[19.2118,70.2482],[19.2103,70.2482],[19.1973,70.257],[19.1683,70.2549],[19.1599,70.2459],[19.1322,70.2447],[19.1274,70.2394],[19.1052,70.2412],[19.1157,70.2268],[19.0636,70.1702],[18.9959,70.1521],[19.0497,70.1344],[19.0745,70.0866],[19.0701,70.0781],[19.0642,70.0788],[19.0659,70.0701],[19.0494,70.0382],[18.9706,70.0434],[18.9702,70.0434],[18.9354,70.0301],[18.9338,70.0303],[18.8449,70.015],[18.8314,69.9997],[18.8447,69.9821],[18.8482,69.9811],[18.8226,69.96],[18.804,69.9506],[18.7693,69.9553],[18.7289,69.9478],[18.7334,69.9313],[18.7493,69.9228],[18.6858,69.8906],[18.6836,69.8852],[18.6789,69.8861],[18.6668,69.8597],[18.6887,69.8355],[18.6912,69.8342],[18.6965,69.8244],[18.6751,69.7814],[18.6512,69.7962],[18.6532,69.8044],[18.6384,69.8042],[18.625,69.8125],[18.6246,69.8125],[18.585,69.8073],[18.5407,69.7838],[18.5332,69.7805],[18.5324,69.7794],[18.5131,69.7691],[18.4821,69.7726],[18.4819,69.7771],[18.4474,69.7765],[18.4326,69.7782],[18.3949,69.7961],[18.3568,69.7929],[18.3269,69.7654],[18.3371,69.7508],[18.315,69.7153],[18.2933,69.7089],[18.2144,69.7142],[18.1865,69.7088],[18.2331,69.6777],[18.2322,69.6771],[18.2286,69.6354],[18.188,69.6329],[18.135,69.6369],[18.0996,69.6276],[18.0846,69.6267],[18.0811,69.6227],[18.0809,69.6227],[18.0295,69.6331],[18.0374,69.6195],[17.9954,69.5921],[18.0208,69.5766],[18.1052,69.5717],[18.1177,69.5659],[18.1314,69.5569],[18.1399,69.5557],[18.194,69.5307],[18.262,69.5306],[18.4856,69.5586],[18.5604,69.5581],[18.5855,69.5657],[18.6402,69.5695],[18.543,69.5251],[18.4976,69.522],[18.4685,69.5041],[18.477,69.495],[18.3671,69.4448],[18.3628,69.4466],[18.3415,69.4677],[18.301,69.4868],[18.2634,69.4881],[18.2417,69.4761],[18.155,69.4576],[18.1743,69.4196],[18.0779,69.3252],[18.0454,69.3174],[18.0031,69.2857],[18.0033,69.2787],[17.9647,69.261],[17.9675,69.2631],[17.9264,69.2837],[17.9246,69.2868],[17.941,69.3277],[18.0202,69.3486],[18.025,69.3525],[18.0847,69.3525],[18.0986,69.3761],[18.0811,69.3876],[18.0708,69.4379],[18.0598,69.4404],[18.0526,69.4583],[18.027,69.484],[18.0505,69.4959],[17.9727,69.52],[17.9441,69.5233],[17.9186,69.5114],[17.8842,69.5308],[17.8928,69.5369],[17.8739,69.5731],[17.8374,69.5921],[17.7998,69.5751],[17.7827,69.5625],[17.7822,69.5625],[17.7332,69.5601],[17.7074,69.5854],[17.6738,69.6035],[17.653,69.5941],[17.6643,69.553],[17.624,69.54],[17.5589,69.5705],[17.554,69.5749],[17.5169,69.597],[17.4676,69.5996],[17.4602,69.5717],[17.4751,69.5584],[17.4546,69.5312],[17.393,69.5291],[17.3718,69.5339],[17.3171,69.535],[17.325,69.5208],[17.253,69.5035],[17.2466,69.4958],[17.2464,69.496],[17.1865,69.5028],[17.2429,69.4547],[17.3255,69.4394],[17.3743,69.4362],[17.3932,69.4165],[17.3911,69.4142],[17.2822,69.414],[17.3306,69.3935],[17.3647,69.3859],[17.361,69.3819],[17.3038,69.3855],[17.2761,69.3935],[17.1419,69.4003],[17.1254,69.3967],[17.0842,69.3993],[17.0838,69.3993],[17.0623,69.3898],[17.0217,69.4003],[17.0042,69.3883],[16.9385,69.3984],[16.9339,69.3799],[16.8787,69.3594],[16.9714,69.3565],[17.0006,69.3592],[16.9974,69.3299],[16.9893,69.3153],[16.9153,69.3176],[16.8976,69.3117],[16.9255,69.2934],[16.9787,69.2963],[16.9722,69.2847],[16.9723,69.2844],[16.9722,69.2843],[16.9856,69.2343],[16.9448,69.2365],[16.8787,69.2222],[16.9191,69.2154],[16.8986,69.1949],[16.9743,69.1949],[16.9972,69.1905],[16.9722,69.1389],[16.9499,69.1344],[16.8923,69.1267],[16.893,69.123],[16.8462,69.1136],[16.8167,69.1192],[16.7865,69.1081],[16.7796,69.0701],[16.8233,69.0544],[16.9617,69.069],[17.0766,69.0465],[17.0777,69.0416],[17.0583,69.0392],[17.042,69.0168],[17.073,69.0081],[17.1294,69.0115],[17.1851,69.0244],[17.2139,69.0441],[17.1928,69.0465],[17.3254,69.1298],[17.4872,69.1957],[17.5141,69.1833],[17.4883,69.154],[17.5191,69.1579],[17.6111,69.154],[17.6682,69.1652],[17.7675,69.171],[17.5417,69.0679],[17.5471,69.0921],[17.4515,69.0849],[17.3865,69.0635],[17.3526,69.0347],[17.3519,68.9958],[17.3767,68.9925],[17.1594,68.8933],[17.1045,68.925],[17.0872,68.8985],[17.129,68.8794],[17.0359,68.8369],[17.0156,68.86],[16.9743,68.8454],[16.911,68.7971],[16.8442,68.7733],[16.818,68.7374],[16.7917,68.7254],[16.6403,68.6563],[16.5646,68.6217],[16.5267,68.6044],[16.4942,68.5896],[16.4911,68.6058],[16.5247,68.6226],[16.5589,68.6552],[16.5609,68.6717],[16.5354,68.6808],[16.5357,68.6815],[16.577,68.7077],[16.5477,68.7164],[16.5478,68.7167],[16.5477,68.7168],[16.5478,68.7171],[16.5272,68.7432],[16.5261,68.761],[16.5559,68.7703],[16.5306,68.789],[16.4945,68.7902],[16.5055,68.8032],[16.5559,68.8249],[16.4623,68.8159],[16.4516,68.8235],[16.4388,68.8496],[16.3746,68.8602],[16.3282,68.8768],[16.3278,68.8768],[16.3082,68.8736],[16.2546,68.9032],[16.2625,68.8667],[16.2655,68.8656],[16.2282,68.8546],[16.2246,68.856],[16.1917,68.8572],[16.1074,68.8361],[16.0889,68.8149],[16.1208,68.7868],[16.1262,68.7466],[16.1152,68.7403],[16.1074,68.7407],[16.0762,68.7356],[16.0332,68.7114],[16.0606,68.6891],[16.0578,68.6806],[16.0264,68.6743],[16.0051,68.6776],[15.9502,68.6591],[15.9102,68.6511],[15.9021,68.6453],[15.8586,68.6342],[15.8167,68.6108],[15.8164,68.5845],[15.7736,68.554],[15.7702,68.5556],[15.7778,68.5622],[15.7819,68.5786],[15.7766,68.5908],[15.7918,68.6177],[15.8272,68.6474],[15.8708,68.653],[15.9048,68.6776],[15.9331,68.6841],[15.9837,68.7456],[15.9896,68.7635],[15.9556,68.7917],[15.9267,68.7792],[15.925,68.8195],[15.9144,68.8718],[15.9241,68.8864],[15.9073,68.9063],[15.907,68.908],[15.9042,68.91],[15.898,68.9174],[15.9079,68.9575],[15.8576,68.9702],[15.8332,68.9654],[15.8147,69.0203],[15.8479,69.0292],[15.8662,69.0499],[15.9934,69.1125],[16.0186,69.134],[16.0608,69.1446],[16.0892,69.1715],[16.0962,69.2],[16.1158,69.2166],[16.1212,69.2382],[16.1467,69.2692],[16.1499,69.2908],[16.1315,69.311],[16.1016,69.3153],[16.0422,69.3021],[15.9642,69.3021],[15.8922,69.2778],[15.741,69.1701],[15.668,69.1392],[15.6599,69.1385],[15.6107,69.1257],[15.5697,69.1055],[15.5353,69.0714],[15.4818,69.0434],[15.4629,69.0153],[15.4598,69.0131],[15.4251,68.9621],[15.4188,68.9138],[15.4315,68.8842],[15.464,68.8821],[15.5269,68.9129],[15.5286,68.9128],[15.5617,68.8761],[15.5532,68.8723],[15.5554,68.8651],[15.489,68.8056],[15.4889,68.8053],[15.4523,68.8113],[15.4598,68.756],[15.4681,68.7534],[15.4585,68.7292],[15.4496,68.7292],[15.4387,68.7077],[15.4447,68.6947],[15.4134,68.6164],[15.3929,68.605],[15.3916,68.6052],[15.3923,68.6047],[15.3506,68.5816],[15.3089,68.5786],[15.3115,68.56],[15.3096,68.559],[15.2388,68.5643],[15.2173,68.5569],[15.1786,68.5233],[15.2369,68.5187],[15.1154,68.4514],[15.0633,68.4487],[15.03,68.4358],[14.9778,68.4317],[14.9299,68.4373],[14.8975,68.4339],[14.8944,68.4252],[14.8089,68.4185],[14.7964,68.4267],[14.7264,68.43],[14.7057,68.4135],[14.7059,68.4105],[14.6692,68.4076],[14.6535,68.4285],[14.5418,68.406],[14.5636,68.3924],[14.5281,68.3782],[14.4934,68.3856],[14.3836,68.3725],[14.4382,68.3588],[14.4358,68.3443],[14.4434,68.3444],[14.4377,68.3421],[14.3698,68.31],[14.3579,68.3205],[14.3283,68.324],[14.3034,68.312],[14.3056,68.2796],[14.2577,68.257],[14.2577,68.2512],[14.2532,68.2496],[14.2577,68.2469],[14.2577,68.2242],[14.2349,68.22],[14.1985,68.2012],[14.219,68.1807],[14.1985,68.1528],[14.3283,68.1733],[14.3244,68.1816],[14.3477,68.1785],[14.3481,68.1785],[14.3823,68.1808],[14.3836,68.1807],[14.3843,68.181],[14.6289,68.1976],[14.8152,68.2658],[14.7956,68.2462],[14.8138,68.2318],[14.8724,68.2227],[14.9531,68.2774],[14.9401,68.3022],[14.9126,68.3015],[14.9276,68.3069],[15.0077,68.2895],[15.0073,68.2831],[14.9868,68.2695],[15.0005,68.2533],[15.0409,68.257],[15.0858,68.2712],[15.1154,68.2938],[15.187,68.3104],[15.2236,68.3348],[15.2332,68.3377],[15.2308,68.3396],[15.2806,68.3729],[15.3378,68.3781],[15.3395,68.3531],[15.3226,68.3514],[15.3384,68.332],[15.3409,68.3317],[15.3414,68.3243],[15.4386,68.3122],[15.439,68.3122],[15.5451,68.331],[15.5754,68.3194],[15.5828,68.3042],[15.6244,68.3005],[15.6401,68.3174],[15.6913,68.343],[15.7063,68.3588],[15.6914,68.3608],[15.7053,68.3702],[15.7267,68.3725],[15.7234,68.3825],[15.763,68.4094],[15.7704,68.4094],[15.7927,68.3936],[15.8162,68.393],[15.7934,68.4094],[15.8382,68.4094],[15.8718,68.3948],[15.8762,68.3691],[15.904,68.3699],[15.9663,68.393],[15.974,68.4021],[15.9754,68.4024],[16.045,68.4612],[16.0534,68.4648],[16.0546,68.4668],[16.195,68.5378],[16.2592,68.551],[16.3465,68.5595],[16.4194,68.5574],[16.4225,68.5569],[16.3656,68.5314],[16.3436,68.537],[16.2217,68.5237],[16.1921,68.515],[16.1377,68.4687],[16.1177,68.4339],[16.1422,68.4311],[16.1114,68.4173],[15.4311,68.1119],[15.4036,68.1046],[15.3545,68.08],[15.3528,68.0768],[15.3524,68.0766],[15.3162,68.0695],[15.3055,68.0555],[15.2402,68.0262],[15.2303,68.0367],[15.1895,68.019],[15.1597,67.9957],[15.1628,67.9915],[15.1176,67.9712],[15.1089,67.9762],[15.1057,68.0007],[15.0521,67.9682],[14.9782,67.9719],[14.9612,67.9416],[14.9722,67.9165],[14.9819,67.917],[14.933,67.8883],[14.7617,67.8114],[13.6735,66.9376],[13.5897,66.9382],[13.565,66.9324],[13.5208,66.9057],[13.5475,66.8996],[13.6057,66.9069],[13.6274,66.9005],[13.4001,66.718],[13.256,66.7241],[13.2254,66.714],[13.2669,66.7016],[13.3034,66.6971],[13.2336,66.655],[13.1912,66.6666],[13.1707,66.6519],[13.2123,66.6421],[13.2101,66.6408],[13.195,66.5533],[13.1751,66.5373],[13.1141,66.5398],[13.1026,66.5427],[12.972,66.5222],[13.0171,66.5053],[13.0818,66.498],[13.0898,66.4919],[13.0795,66.4605],[13.0266,66.418],[12.8634,66.287],[12.7928,66.295],[12.7147,66.2591],[12.7002,66.2432],[12.741,66.2416],[12.7608,66.2219],[12.7801,66.2201],[12.6466,66.1129],[12.6467,66.1132],[12.6139,66.1121],[12.6237,66.1231],[12.6237,66.1235],[12.6201,66.1773],[12.6026,66.1835],[12.5952,66.205],[12.5617,66.2211],[12.5448,66.2038],[12.5265,66.2103],[12.5263,66.2102],[12.5261,66.2103],[12.4613,66.186],[12.4589,66.1801],[12.4309,66.1728],[12.4563,66.1738],[12.4469,66.1512],[12.4181,66.1235],[12.3513,66.0866],[12.3421,66.0834],[12.3442,66.0827],[12.3425,66.0818],[12.3286,66.0383],[12.2942,66.0151],[12.5334,66.0607],[12.5469,66.0657],[12.5769,66.071],[12.5869,66.0821],[12.6003,66.0887],[12.6173,66.0894],[12.496,65.992],[12.4912,65.9906],[12.4724,65.9809],[12.4552,65.9608],[12.4289,65.9394],[12.4289,65.9381],[12.3815,65.9],[12.3688,65.8916],[12.3713,65.8918],[12.3569,65.8802],[12.132,65.7087],[11.9185,65.5459],[11.718,65.393],[11.6177,65.3165],[11.5926,65.2973],[11.5676,65.2783],[11.5174,65.24],[11.4632,65.1986],[11.1544,64.9631],[11.1333,64.976],[11.1024,64.9769],[11.0593,64.9904],[11.0414,64.9788],[11.0217,64.9794],[11.0213,64.9794],[10.8183,64.9254],[10.7839,64.924],[10.7505,64.904],[10.7305,64.8722],[10.7381,64.8501],[10.7754,64.86],[10.8104,64.8502],[10.8341,64.8436],[10.8345,64.8436],[11.0159,64.8575],[10.8104,64.7009],[10.5949,64.5365],[10.5334,64.4896],[10.5281,64.4856],[10.4988,64.4703],[10.4642,64.4523],[10.3949,64.4161],[10.2564,64.3439],[9.7023,64.0549],[9.1483,63.766],[8.931,63.6527],[8.8682,63.6462],[8.8662,63.6422],[8.8437,63.6462],[8.8433,63.6462],[8.7963,63.6399],[8.7883,63.64],[8.7636,63.6356],[8.6741,63.6236],[8.616,63.6101],[8.5647,63.6119],[8.5453,63.6025],[8.5625,63.5957],[8.4761,63.5641],[8.4354,63.5622],[8.4133,63.5578],[8.3172,63.5132],[8.2778,63.4665],[8.2993,63.4455],[8.3249,63.4569],[8.3903,63.4338],[8.4329,63.434],[8.4557,63.4289],[8.4643,63.427],[8.4557,63.4242],[8.3865,63.4022],[8.3518,63.3912],[8.3172,63.3802],[8.0402,63.2921],[7.4862,63.1158],[6.3781,62.7633],[5.9129,62.6153],[5.8241,62.5533],[5.5553,62.3657],[5.5474,62.3679],[5.5099,62.364],[5.5191,62.3405],[5.4135,62.2668],[5.2799,62.1736],[5.2741,62.1696],[5.2672,62.1723],[5.2401,62.1897],[5.2398,62.1896],[5.2397,62.1897],[5.2297,62.1867],[5.2102,62.1942],[5.1818,62.2127],[5.1465,62.2047],[5.1465,62.1911],[5.0962,62.1935],[5.0918,62.1706],[5.0706,62.1638],[5.126,62.1296],[5.0918,62.1227],[5.1091,62.1091],[5.1242,62.1081],[5.1042,62.051],[5.0519,62.0145],[4.9851,62.0339],[4.9985,61.9962],[5.0154,61.989],[4.9912,61.9721],[4.9913,61.9717],[4.9912,61.9717],[5.0011,61.8996],[4.9844,61.9015],[4.984,61.9015],[4.9672,61.8945],[4.953,61.897],[4.9095,61.8982],[4.8652,61.8894],[4.8649,61.873],[4.8032,61.8416]]],[[[4.93,60.4116],[4.9516,60.3405],[4.9464,60.2918],[4.9414,60.2912],[4.9446,60.2752],[4.9444,60.2731],[4.9444,60.2727],[4.946,60.2683],[4.9479,60.2589],[4.95,60.2573],[4.9552,60.2432],[4.9984,60.1981],[5.0885,60.1894],[5.0889,60.1894],[5.0889,60.1898],[5.0888,60.1916],[5.1032,60.1907],[5.1117,60.2005],[5.0986,60.2514],[5.0868,60.2599],[5.0857,60.2944],[5.0938,60.3202],[5.0706,60.3476],[5.0663,60.3509],[5.0493,60.3894],[4.9916,60.4519],[4.9912,60.4518],[4.9912,60.4519],[4.9552,60.4467],[4.93,60.412],[4.9301,60.4117],[4.93,60.4116]]],[[[7.7782,63.4113],[7.7868,63.3828],[7.8063,63.3713],[7.8602,63.3651],[7.8893,63.3524],[7.9624,63.3425],[7.9147,63.3425],[7.994,63.3156],[8.0383,63.3288],[8.0867,63.3288],[8.0943,63.3368],[8.1021,63.3368],[8.1139,63.3456],[8.1384,63.3509],[8.1817,63.3902],[8.172,63.4061],[8.1387,63.42],[8.1381,63.4309],[8.111,63.4476],[8.1008,63.4641],[8.0706,63.4733],[8.0041,63.4728],[7.9754,63.4652],[7.9504,63.4517],[7.9397,63.45],[7.8732,63.4323],[7.8377,63.4288],[7.7782,63.4113]]],[[[8.2717,63.685],[8.3135,63.6682],[8.3408,63.6701],[8.3573,63.6649],[8.3577,63.6649],[8.4693,63.6666],[8.4758,63.6643],[8.5158,63.672],[8.5808,63.6794],[8.7434,63.6879],[8.792,63.6981],[8.8259,63.7198],[8.8107,63.7816],[8.7918,63.8017],[8.8054,63.8154],[8.7596,63.8037],[8.7507,63.8028],[8.7372,63.8091],[8.6823,63.7801],[8.7123,63.7773],[8.7101,63.7746],[8.4509,63.7312],[8.3429,63.7029],[8.3316,63.7018],[8.2717,63.685]]],[[[10.4453,79.6522],[11.2229,78.8685],[13.1705,78.0239],[13.6473,77.9323],[13.6707,77.894],[13.6657,77.8603],[13.6511,77.8498],[13.7857,77.8271],[13.8218,77.8014],[13.7744,77.7753],[13.7188,77.7679],[13.7529,77.7394],[13.7976,77.7331],[13.8855,77.7445],[13.957,77.7199],[14.0116,77.7341],[14.1034,77.7715],[14.2379,77.7701],[14.2611,77.7598],[14.3566,77.7679],[14.4578,77.758],[14.5489,77.7591],[14.6674,77.7363],[14.2622,77.5776],[14.0757,77.5686],[13.9524,77.5386],[13.9107,77.5345],[13.918,77.4997],[13.9999,77.4795],[14.0006,77.4751],[13.7609,77.3812],[13.7613,77.3811],[13.7611,77.381],[13.7613,77.3809],[13.7609,77.3808],[14.3601,77.2108],[14.3737,77.1987],[14.473,77.1782],[14.4745,77.1783],[15.5087,76.8848],[15.5015,76.8765],[15.5727,76.8666],[15.9138,76.7698],[15.9142,76.7698],[15.9245,76.7701],[15.9416,76.7607],[16.0008,76.7485],[16.1209,76.7386],[16.1321,76.7355],[16.2378,76.7005],[16.2904,76.6735],[16.2891,76.6711],[16.3025,76.6673],[16.3335,76.6513],[16.3244,76.6345],[16.3368,76.6164],[16.2959,76.596],[16.3171,76.5793],[16.3635,76.5737],[16.4058,76.6164],[16.4231,76.6205],[16.461,76.6085],[16.5642,76.5957],[16.5648,76.5833],[16.5907,76.578],[16.8096,76.5668],[16.9079,76.5903],[16.9922,76.6],[17.0112,76.6345],[17.104,76.6506],[17.0903,76.6711],[17.1602,76.6845],[17.1921,76.6968],[17.2002,76.7189],[17.1361,76.7512],[17.082,76.7654],[16.9828,76.776],[16.9798,76.7791],[16.977,76.8041],[17.1202,76.8087],[17.178,76.9096],[17.2874,76.9529],[17.3237,76.9789],[17.2651,76.9941],[17.2336,77.0066],[17.2566,77.0468],[17.322,77.0435],[17.346,77.0563],[17.3306,77.0751],[17.3646,77.0922],[17.3716,77.1162],[17.4304,77.1365],[17.4473,77.1509],[17.4238,77.1943],[17.4338,77.2143],[17.4948,77.2485],[17.502,77.2707],[17.4985,77.2772],[17.5871,77.3626],[17.5941,77.3666],[17.6026,77.3776],[17.6242,77.3984],[17.8474,77.4974],[17.977,77.5012],[17.9927,77.496],[18.0325,77.4926],[18.0965,77.5004],[18.1941,77.4902],[18.2401,77.4951],[18.2998,77.5202],[18.3107,77.5549],[18.2913,77.5738],[18.2974,77.5789],[18.3144,77.6057],[18.3615,77.6406],[18.3556,77.671],[18.3622,77.6814],[18.3666,77.693],[18.4452,77.7563],[18.453,77.7924],[18.4394,77.8193],[18.4702,77.8259],[18.6359,78.0446],[18.7029,78.0411],[18.8112,78.0285],[19.0628,78.0869],[19.0983,78.103],[19.0692,78.1259],[19.0055,78.1375],[18.9563,78.1834],[18.9638,78.1964],[19.03,78.1992],[19.0852,78.2299],[19.0785,78.2426],[19.0092,78.262],[19.057,78.3185],[19.1506,78.3792],[19.381,78.4799],[19.4318,78.4974],[19.6812,78.5146],[19.6024,78.547],[19.5982,78.5545],[19.6186,78.5615],[19.6546,78.598],[19.6762,78.6101],[19.7698,78.6223],[19.7824,78.6227],[20.0305,78.6039],[20.0319,78.6198],[20.0791,78.6327],[20.1379,78.6347],[20.1807,78.6309],[20.2041,78.6369],[20.389,78.6431],[20.4055,78.6445],[20.4448,78.6442],[20.5034,78.6306],[20.6052,78.6339],[20.6337,78.6647],[20.7238,78.6726],[20.9049,78.6743],[20.9402,78.6579],[20.9889,78.6585],[21.0374,78.6442],[21.0988,78.6398],[21.1258,78.6452],[21.1267,78.6654],[21.2682,78.6743],[21.3366,78.6584],[21.3833,78.6586],[21.3942,78.6716],[21.3601,78.6989],[21.436,78.7304],[21.5083,78.747],[21.5519,78.7752],[21.5085,78.794],[21.5103,78.8088],[21.5454,78.8341],[21.5221,78.8537],[21.4406,78.8554],[21.3909,78.8674],[21.1207,78.8901],[21.5446,78.9565],[21.544,78.9566],[21.5444,78.9567],[21.544,78.9568],[21.5446,78.9569],[19.8307,79.3444],[20.0349,79.3562],[20.0646,79.3534],[20.1099,79.3352],[20.1727,79.3426],[20.1551,79.3644],[20.0579,79.3773],[19.8662,79.3915],[19.8045,79.4052],[19.7136,79.4078],[19.6677,79.4042],[19.6265,79.3916],[19.6549,79.3842],[18.2506,79.7017],[17.8002,79.8263],[17.6917,79.8598],[17.6684,79.8628],[17.6026,79.881],[17.5625,79.8979],[17.5293,79.9013],[16.9906,80.0503],[16.9902,80.0503],[16.548,80.0402],[16.5415,80.0475],[16.3679,80.0565],[16.2947,80.0674],[16.2546,80.0618],[16.1411,80.0321],[16.1301,80.0306],[15.5214,80.0165],[15.1434,79.6746],[15.0684,79.6738],[14.9246,79.7513],[14.8579,79.7737],[14.5486,79.8115],[14.5275,79.8093],[14.4035,79.7389],[14.2765,79.6937],[14.2463,79.6789],[14.2835,79.6752],[14.2668,79.6663],[13.7181,79.661],[13.6509,79.7041],[13.7383,79.7064],[13.7775,79.7141],[13.7793,79.7142],[13.7822,79.715],[13.8971,79.7377],[13.9727,79.7752],[13.9608,79.7852],[13.9502,79.8373],[13.8856,79.8665],[13.797,79.8819],[13.5832,79.8575],[13.4101,79.8583],[13.1709,80.0114],[13.1705,80.0114],[11.8381,79.836],[11.8223,79.845],[11.7774,79.8469],[11.6696,79.8358],[11.6277,79.8162],[11.5599,79.8123],[11.5503,79.8137],[11.5344,79.8108],[11.3417,79.7997],[11.2728,79.7891],[11.2273,79.788],[11.1901,79.7752],[11.2288,79.7638],[11.2192,79.7545],[11.0994,79.7387],[11.0505,79.7598],[10.8669,79.7962],[10.8057,79.7997],[10.8053,79.7997],[10.7477,79.7893],[10.7328,79.7821],[10.7129,79.7825],[10.6458,79.7611],[10.654,79.7506],[10.6846,79.7463],[10.6865,79.7333],[10.7505,79.6927],[10.4453,79.6526],[10.4457,79.6522],[10.4453,79.6522]]],[[[10.4844,78.8907],[10.5313,78.8737],[10.5569,78.852],[10.5569,78.8376],[10.5724,78.8197],[10.5254,78.7883],[10.5768,78.7583],[10.6515,78.7298],[10.7815,78.6887],[10.7824,78.6886],[10.7873,78.6865],[10.7988,78.6776],[10.7866,78.6654],[10.8341,78.6505],[10.8413,78.6449],[10.9511,78.5736],[10.9685,78.5553],[10.9849,78.5517],[10.9995,78.5422],[11.0037,78.5196],[11.0393,78.4848],[11.1218,78.4389],[11.1639,78.4362],[11.2103,78.4415],[11.3705,78.4383],[11.4403,78.422],[11.4558,78.4158],[11.506,78.4067],[11.5846,78.3884],[11.6235,78.366],[11.7588,78.3274],[11.8389,78.2874],[11.8138,78.2744],[11.8652,78.2451],[11.9237,78.2265],[11.9634,78.2253],[11.9645,78.2247],[11.9649,78.2247],[11.9715,78.225],[12.0519,78.2225],[12.099,78.2031],[12.1405,78.1992],[12.1629,78.2109],[12.1428,78.237],[12.0969,78.2736],[12.1013,78.2954],[12.0503,78.3104],[11.9358,78.3706],[11.9289,78.3744],[11.8857,78.4092],[11.8778,78.4128],[11.9002,78.4357],[11.8722,78.4479],[11.7752,78.4459],[11.6157,78.4751],[11.4744,78.5291],[11.4639,78.5425],[11.4471,78.548],[11.426,78.5476],[11.4249,78.548],[11.4245,78.548],[11.4031,78.5471],[11.3553,78.5461],[11.348,78.5447],[11.2736,78.5416],[11.298,78.564],[11.2673,78.5742],[11.257,78.5996],[11.2726,78.6102],[11.2438,78.6202],[11.1983,78.6268],[11.161,78.6382],[11.1538,78.6626],[11.0804,78.6862],[11.0797,78.6867],[11.151,78.7228],[11.1838,78.7336],[11.1328,78.7668],[11.0991,78.7788],[11.0751,78.7803],[10.9978,78.825],[10.9998,78.8342],[10.9644,78.8443],[10.9605,78.8466],[10.9426,78.8506],[10.8438,78.8789],[10.7896,78.8847],[10.7733,78.8883],[10.7181,78.8923],[10.5602,78.9091],[10.5161,78.9065],[10.4844,78.8907]]],[[[11.7593,65.6179],[11.775,65.6096],[11.7773,65.604],[11.9033,65.5953],[11.9037,65.5953],[11.9053,65.5961],[11.9168,65.59],[11.9588,65.6219],[11.9685,65.6266],[12.0045,65.6786],[12.0043,65.6787],[12.0045,65.679],[12.0013,65.6812],[12.0051,65.6896],[11.9979,65.7001],[11.9768,65.6983],[11.9721,65.7016],[11.9383,65.7034],[11.9261,65.7087],[11.9038,65.7053],[11.8749,65.7068],[11.8745,65.7068],[11.8321,65.6942],[11.8245,65.693],[11.8229,65.6914],[11.7989,65.6843],[11.7752,65.6448],[11.7651,65.635],[11.7593,65.6179]]],[[[12.7871,67.8101],[12.8709,67.8251],[12.8864,67.8432],[12.9503,67.8665],[13.0137,67.8791],[13.0466,67.9155],[13.0446,67.9167],[13.0737,67.9337],[13.0813,67.9405],[13.1058,67.9405],[13.1309,67.9526],[13.1114,68.0264],[13.1176,68.038],[13.1206,68.0382],[13.1366,68.0504],[13.1241,68.0504],[13.1067,68.0567],[13.157,68.0851],[13.0796,68.1042],[13.0547,68.0981],[13.075,68.0851],[13.0623,68.0709],[13.0137,68.0572],[12.9792,68.0365],[12.9583,68.0158],[12.9581,68.0157],[12.9578,68.0153],[12.9312,67.989],[12.9271,67.9777],[12.9126,67.9598],[12.9002,67.9578],[12.8909,67.9333],[12.8789,67.9185],[12.8782,67.9172],[12.8416,67.8791],[12.8468,67.8607],[12.8401,67.8487],[12.7871,67.8101]]],[[[13.1663,68.0154],[13.1843,68.0094],[13.197,68.0334],[13.2149,68.0366],[13.2281,67.9945],[13.2285,67.9945],[13.2342,67.9952],[13.2386,67.9855],[13.2638,67.999],[13.3509,68.0101],[13.3554,68.0113],[13.3567,68.0106],[13.3574,68.0118],[13.3905,68.0205],[13.4049,68.0604],[13.4228,68.0829],[13.4825,68.057],[13.5129,68.0405],[13.5272,68.0434],[13.5648,68.0818],[13.563,68.0833],[13.5849,68.0934],[13.6241,68.0991],[13.6232,68.0851],[13.6437,68.0709],[13.699,68.0703],[13.7188,68.0776],[13.6983,68.0981],[13.7046,68.1045],[13.7701,68.1055],[13.7741,68.102],[13.8257,68.1068],[13.846,68.1206],[13.8361,68.131],[13.8873,68.1681],[13.9036,68.1703],[13.9104,68.1677],[13.9374,68.1749],[13.9613,68.1782],[14.034,68.1807],[14.062,68.2012],[14.1107,68.2071],[14.1589,68.2553],[14.125,68.2748],[14.0873,68.2826],[14.0278,68.2626],[13.9935,68.2579],[13.9675,68.2696],[14.0078,68.2943],[13.9831,68.3373],[13.9193,68.3412],[13.8737,68.3256],[13.7999,68.2741],[13.7829,68.2761],[13.7825,68.2761],[13.7692,68.2759],[13.75,68.2826],[13.7163,68.2749],[13.7144,68.2749],[13.6864,68.2878],[13.6367,68.2943],[13.5,68.2423],[13.5255,68.2403],[13.4297,68.1633],[13.3689,68.1667],[13.3685,68.1667],[13.3001,68.1598],[13.2569,68.1216],[13.1993,68.0869],[13.1994,68.0866],[13.1993,68.0865],[13.2035,68.0731],[13.178,68.0595],[13.1663,68.0154]]],[[[14.3699,68.6872],[14.3972,68.6605],[14.4073,68.6623],[14.4262,68.6574],[14.4133,68.6364],[14.4351,68.6121],[14.5207,68.609],[14.5583,68.6273],[14.617,68.6257],[14.6255,68.6427],[14.7319,68.6732],[14.7605,68.6738],[14.7941,68.668],[14.8049,68.6385],[14.815,68.6352],[14.8081,68.6147],[14.8633,68.6052],[14.8428,68.5915],[14.8732,68.5845],[15.0627,68.5785],[15.195,68.6145],[15.223,68.616],[15.2593,68.632],[15.3362,68.6529],[15.3753,68.6699],[15.3977,68.694],[15.3942,68.7311],[15.3772,68.7383],[15.3958,68.7826],[15.3957,68.7827],[15.3958,68.783],[15.3612,68.8184],[15.384,68.8523],[15.3478,68.8469],[15.3259,68.8587],[15.3209,68.8554],[15.287,68.8818],[15.2953,68.9069],[15.2715,68.9197],[15.2536,68.9078],[15.2086,68.9427],[15.1762,68.9809],[15.1665,68.9856],[15.1682,68.9883],[15.1377,69.0131],[15.0845,69.0112],[15.0657,69.0038],[15.039,69],[15.039,68.9933],[15.0077,68.981],[15.0278,68.9342],[15.039,68.9261],[15.039,68.8941],[14.9953,68.8992],[14.9966,68.9016],[14.9587,68.9261],[14.8997,68.9309],[14.8519,68.9188],[14.8455,68.8931],[14.8373,68.8872],[14.8374,68.8869],[14.8373,68.8868],[14.848,68.8472],[14.8013,68.7917],[14.7261,68.8004],[14.6908,68.814],[14.6858,68.8249],[14.6487,68.833],[14.6135,68.8212],[14.6118,68.8173],[14.5533,68.8195],[14.5529,68.8195],[14.5357,68.8055],[14.5239,68.8071],[14.4553,68.776],[14.4382,68.756],[14.4552,68.7527],[14.3729,68.7118],[14.3731,68.7115],[14.3729,68.7114],[14.3844,68.6942],[14.3699,68.6872]]],[[[17.3682,80.3191],[17.8093,80.1342],[17.8016,80.1287],[17.8218,80.129],[18.2714,79.9405],[18.1467,79.9164],[18.112,79.9055],[18.1943,79.9001],[18.2691,79.8745],[18.3223,79.8422],[18.4199,79.8236],[18.45,79.7955],[18.4802,79.786],[18.581,79.7913],[18.7209,79.762],[18.7194,79.7471],[18.7625,79.7416],[18.742,79.7274],[18.7839,79.7231],[18.9528,79.7362],[19.2435,79.7279],[19.2535,79.7297],[19.3986,79.7264],[19.399,79.7264],[19.4504,79.7268],[19.4856,79.718],[19.7324,79.726],[19.7651,79.7357],[19.8994,79.7437],[19.9332,79.749],[19.956,79.7489],[20.0264,79.6409],[19.8166,79.6357],[19.6333,79.6113],[19.6631,79.5679],[19.6853,79.5539],[19.9943,79.515],[20.0263,79.5088],[20.0767,79.4905],[20.1968,79.4688],[20.3682,79.4655],[20.3994,79.4625],[20.7519,79.4421],[20.7637,79.4334],[20.7772,79.4291],[20.8062,79.4087],[20.8397,79.4023],[20.7915,79.3916],[20.8169,79.3781],[21.2856,79.3913],[21.5928,79.3862],[21.7118,79.3718],[21.8882,79.3813],[21.9114,79.3809],[21.9118,79.3809],[22.4781,79.3995],[22.5134,79.3936],[22.7141,79.4072],[22.8289,79.411],[22.8522,79.4096],[22.655,79.3642],[22.6447,79.3096],[22.7367,79.2674],[22.9256,79.2228],[24.0531,79.1889],[24.2385,79.2311],[24.2723,79.2544],[24.2675,79.2665],[24.385,79.3011],[24.501,79.3208],[24.5625,79.324],[24.6986,79.3545],[24.7522,79.3636],[24.8419,79.367],[24.957,79.3565],[24.9749,79.3345],[25.1833,79.3362],[25.3667,79.36],[25.3856,79.3661],[25.506,79.3837],[25.6457,79.3977],[25.7834,79.4333],[25.8291,79.4422],[25.8231,79.465],[25.8532,79.4779],[25.929,79.4959],[25.9688,79.5154],[25.9651,79.5262],[25.9594,79.5306],[26.4876,79.7223],[26.4951,79.7233],[26.5275,79.7351],[26.5281,79.737],[26.5792,79.7556],[26.5863,79.7557],[26.6322,79.7674],[26.75,79.793],[26.7901,79.7955],[26.8097,79.806],[26.9959,79.8466],[27.1497,79.855],[27.2074,79.8737],[27.2391,79.9055],[27.2249,79.9249],[27.1907,79.9364],[27.1786,79.973],[27.4091,80.0567],[27.4086,80.0568],[27.4089,80.0569],[27.4087,80.0569],[27.4091,80.0571],[27.2205,80.0908],[27.2391,80.0973],[27.1919,80.1096],[27.1109,80.1103],[26.9924,80.1315],[26.9066,80.1508],[26.9035,80.1519],[26.8071,80.1743],[26.7484,80.1751],[25.4471,80.4075],[22.9198,80.658],[22.9194,80.658],[21.9079,80.3584],[20.4574,80.5987],[20.457,80.5987],[17.3682,80.3195],[17.3686,80.3193],[17.3684,80.3193],[17.3688,80.3192],[17.3682,80.3191]]],[[[18.7898,74.4782],[18.8655,74.4304],[18.9141,74.412],[18.9162,74.4107],[18.9256,74.4077],[18.9319,74.4053],[18.9631,74.3861],[19.0266,74.373],[19.047,74.3513],[19.0737,74.3474],[19.1677,74.3609],[19.2349,74.3991],[19.236,74.4106],[19.2513,74.4277],[19.2845,74.4484],[19.2974,74.4811],[19.2508,74.4895],[19.2022,74.5091],[19.183,74.5188],[19.1826,74.5188],[19.1783,74.5187],[19.1603,74.526],[19.1148,74.5273],[19.05,74.5166],[19.0064,74.5159],[18.9816,74.5198],[18.8748,74.5162],[18.8632,74.5136],[18.8622,74.5136],[18.8612,74.5132],[18.8205,74.5041],[18.8003,74.487],[18.7974,74.4858],[18.7977,74.4856],[18.7976,74.4856],[18.7977,74.4855],[18.7974,74.4854],[18.7979,74.4851],[18.7898,74.4782]]],[[[19.5371,70.2501],[19.5593,70.2312],[19.6133,70.2225],[19.6146,70.2183],[19.7118,70.1645],[19.7478,70.1107],[19.7485,70.11],[19.7494,70.0856],[19.7761,70.0673],[19.8195,70.0602],[19.9782,70.0601],[20.0364,70.0831],[20.0391,70.0859],[20.0902,70.102],[20.0901,70.1024],[20.0902,70.1024],[20.0893,70.1055],[20.1541,70.1129],[20.0834,70.1269],[20.083,70.1284],[19.993,70.1493],[19.94,70.1826],[19.9412,70.1955],[19.8914,70.2139],[19.8725,70.2113],[19.8706,70.2118],[19.8702,70.2118],[19.82,70.2048],[19.7823,70.2134],[19.7612,70.2205],[19.6899,70.2697],[19.6777,70.2904],[19.5884,70.2684],[19.5916,70.2501],[19.5371,70.2501]]],[[[20.1536,78.4754],[20.2607,78.463],[20.3742,78.4122],[20.3746,78.4122],[20.5343,78.4182],[20.5586,78.4114],[20.5339,78.3399],[20.5078,78.3364],[20.4688,78.3153],[20.5812,78.3105],[20.7483,78.2628],[20.7131,78.2534],[20.7158,78.2333],[20.6673,78.2265],[20.6741,78.2143],[20.6277,78.2067],[20.673,78.1903],[20.7225,78.1992],[20.7376,78.2129],[20.7977,78.2265],[20.8031,78.2263],[20.8458,78.1657],[20.9288,78.1196],[20.9006,78.1112],[20.8801,78.0854],[21.2435,77.9921],[21.3163,77.9831],[21.3349,77.9766],[21.4142,77.9344],[20.727,77.6774],[20.7275,77.6773],[20.7272,77.6772],[20.7274,77.6772],[20.727,77.677],[21.186,77.6166],[20.9288,77.5744],[20.8735,77.5686],[20.8755,77.5656],[20.8746,77.5655],[20.8748,77.5651],[20.8746,77.5651],[20.8843,77.5461],[20.8599,77.5277],[20.9016,77.5122],[20.9118,77.4922],[20.8633,77.4669],[20.8655,77.4562],[20.9217,77.4424],[21.0249,77.4442],[21.051,77.4401],[21.0514,77.4401],[21.0701,77.4413],[21.0925,77.4392],[21.3117,77.4575],[21.7322,77.4855],[22.0772,77.4995],[22.4763,77.447],[22.4388,77.4389],[22.4141,77.4145],[22.4675,77.3897],[22.4873,77.3604],[22.4694,77.3311],[22.4515,77.3247],[22.4263,77.3193],[22.3909,77.3039],[22.4297,77.2637],[22.4751,77.2622],[22.7039,77.2373],[22.9222,77.2563],[23.2345,77.2637],[23.2891,77.2909],[23.2685,77.3266],[23.3543,77.3769],[23.3909,77.3801],[23.3998,77.3828],[23.5066,77.4019],[23.6711,77.4452],[23.7349,77.4554],[23.8928,77.5084],[23.9181,77.5245],[23.9435,77.5512],[23.9566,77.5581],[24.061,77.631],[24.1294,77.6588],[24.9034,77.756],[24.9028,77.7561],[24.9032,77.7562],[24.9027,77.7563],[24.9034,77.7564],[24.5942,77.8294],[24.7234,77.853],[24.7227,77.8531],[24.7232,77.8532],[24.7227,77.8533],[24.7234,77.8534],[23.2798,78.0802],[23.2575,78.1013],[23.3501,78.1049],[23.3753,78.1129],[23.3747,78.1235],[23.433,78.1434],[23.4705,78.1514],[23.3278,78.2001],[23.1971,78.2214],[23.1178,78.239],[23.1118,78.2397],[22.8838,78.4559],[22.8834,78.4559],[22.226,78.3919],[22.2254,78.4139],[22.1956,78.4389],[22.2306,78.4642],[22.2354,78.4879],[22.2068,78.5048],[22.1556,78.5126],[22.1326,78.5272],[22.092,78.5893],[22.0446,78.5938],[22.0028,78.5769],[21.896,78.575],[21.8784,78.5857],[21.8262,78.576],[21.8057,78.5971],[21.6743,78.6005],[21.6363,78.5918],[21.6094,78.5966],[21.4546,78.5984],[21.4542,78.5984],[21.4502,78.598],[21.4231,78.6144],[21.304,78.6278],[21.1782,78.6232],[21.1062,78.5971],[21.1267,78.5834],[21.0929,78.5614],[21.0474,78.5567],[20.926,78.5493],[20.8714,78.5566],[20.4959,78.5232],[20.3634,78.5151],[20.3423,78.5095],[20.1831,78.4953],[20.1536,78.4754]]],[[[21.9504,70.6479],[22.0088,70.6335],[22.0267,70.6336],[22.0462,70.6192],[22.0112,70.5995],[22.0686,70.5927],[22.084,70.5995],[22.167,70.562],[22.216,70.55],[22.2029,70.5441],[22.1609,70.5114],[22.1409,70.4829],[22.1865,70.4731],[22.2433,70.4897],[22.2798,70.5343],[22.3082,70.5274],[22.2928,70.5145],[22.3423,70.4992],[22.3914,70.5121],[22.4279,70.5087],[22.4684,70.4949],[22.4773,70.5107],[22.5436,70.5145],[22.5661,70.5033],[22.587,70.5258],[22.5945,70.5283],[22.6316,70.5263],[22.6272,70.5432],[22.6569,70.5586],[22.7751,70.5467],[22.7651,70.5311],[22.7886,70.5238],[22.8183,70.5423],[22.8294,70.5412],[22.8298,70.5412],[22.8509,70.5459],[22.8709,70.5394],[22.9138,70.5438],[22.936,70.5585],[22.9095,70.5648],[22.9276,70.5729],[22.9526,70.5665],[22.9978,70.5728],[23.0056,70.5847],[23.063,70.5927],[23.0889,70.5862],[23.1141,70.6132],[23.1072,70.6148],[23.1283,70.6262],[23.1414,70.6262],[23.1824,70.6541],[23.1808,70.6546],[23.2377,70.6853],[23.2717,70.6815],[23.2533,70.6938],[23.2586,70.6966],[23.3196,70.7094],[23.3239,70.7288],[23.3755,70.7484],[23.4021,70.7436],[23.4253,70.7665],[23.4096,70.774],[23.4202,70.7842],[23.4225,70.7875],[23.4605,70.7908],[23.4431,70.8288],[23.3965,70.8426],[23.3581,70.8641],[23.313,70.8616],[23.3202,70.8228],[23.2795,70.8124],[23.2042,70.8159],[23.2038,70.8159],[23.1935,70.8115],[23.1619,70.8254],[23.1826,70.8068],[23.1533,70.7941],[23.0925,70.8137],[23.0907,70.7995],[23.03,70.7908],[23.0527,70.7739],[23.0888,70.7662],[22.9627,70.7117],[22.9302,70.7172],[22.9056,70.7277],[22.8806,70.7254],[22.8586,70.7291],[22.8582,70.7291],[22.8531,70.7286],[22.8511,70.7419],[22.792,70.7504],[22.8057,70.764],[22.723,70.7485],[22.7305,70.7299],[22.7516,70.7175],[22.6015,70.7012],[22.541,70.7175],[22.5015,70.7081],[22.4994,70.7002],[22.4214,70.7029],[22.4146,70.708],[22.3739,70.6982],[22.3843,70.6801],[22.3506,70.6579],[22.3245,70.6598],[22.3206,70.6613],[22.2659,70.675],[22.2297,70.6746],[22.242,70.6659],[22.2322,70.6666],[22.2318,70.6666],[22.1706,70.6562],[22.0583,70.6573],[22.0442,70.6599],[21.9865,70.6625],[21.9504,70.6479]]],[[[26.3963,78.7752],[26.4358,78.7482],[26.4583,78.7195],[26.4633,78.7182],[26.466,78.7095],[26.6334,78.6722],[26.6949,78.6556],[26.6912,78.6442],[26.7376,78.6265],[26.7747,78.6407],[26.9098,78.6502],[26.9519,78.6579],[26.9482,78.6745],[26.9957,78.6919],[27.0208,78.6989],[26.9653,78.7026],[26.7899,78.7234],[26.7619,78.7355],[26.7458,78.7473],[26.6688,78.7756],[26.6468,78.7851],[26.6155,78.8088],[26.5883,78.8104],[26.5847,78.8119],[26.5843,78.8119],[26.5658,78.8117],[26.4972,78.8156],[26.4614,78.8103],[26.4547,78.8102],[26.4525,78.809],[26.4419,78.8074],[26.4127,78.7868],[26.4079,78.7841],[26.4081,78.7838],[26.4079,78.7837],[26.4081,78.7835],[26.3963,78.7752]]],[[[27.842,78.8435],[28.0873,78.822],[28.1033,78.8225],[28.2802,78.8591],[28.4962,78.8862],[28.8811,78.8792],[29.1965,78.8587],[29.2365,78.8532],[29.3353,78.8503],[29.3332,78.8547],[29.5217,78.881],[29.707,78.8981],[29.694,78.9051],[29.6951,78.9053],[29.6946,78.9055],[29.6949,78.9055],[29.6945,78.9056],[29.6951,78.9057],[29.6902,78.9072],[29.6655,78.9206],[29.647,78.9206],[29.6447,78.9213],[29.6443,78.9213],[29.6309,78.9206],[29.584,78.9206],[29.5398,78.9158],[29.3456,78.9057],[29.0471,78.9126],[29.0305,78.9175],[28.9939,78.9316],[28.9682,78.9357],[28.8455,78.9716],[28.8451,78.9716],[28.5103,78.9682],[28.4865,78.9665],[28.4186,78.967],[28.4209,78.9618],[28.4131,78.9612],[28.3735,78.9265],[28.2823,78.9202],[28.1511,78.9186],[28.1345,78.91],[28.1215,78.9091],[27.9072,78.8566],[27.8606,78.8501],[27.842,78.8435]]],[[[31.4771,80.1039],[31.5771,80.0806],[31.5775,80.0805],[31.5776,80.0805],[31.6111,80.0727],[32.8311,80.1332],[32.9136,80.1488],[33.4651,80.1914],[33.5435,80.1951],[33.5962,80.2032],[33.6404,80.2208],[33.4474,80.2362],[33.3851,80.2424],[33.3847,80.2424],[33.3755,80.242],[33.2986,80.2481],[33.1152,80.2294],[33.0967,80.2285],[33.0276,80.2194],[32.9956,80.2189],[32.9804,80.2155],[32.1887,80.1591],[31.4963,80.1157],[31.4855,80.1091],[31.4803,80.1087],[31.4809,80.1085],[31.4805,80.1085],[31.481,80.1084],[31.4803,80.1083],[31.483,80.1075],[31.4771,80.1039]]]]}}
]}
