{"type":"FeatureCollection","features":[
{"type":"Feature","properties":{"entityId":"portugal","from":1139,"to":1147,"certainty":"estimated","source":"유럽 쪽은 Natural Earth 1:10m admin-1(v5.1.2) 현대 행정구역 조각을 그 시기 국경에 맞춰 묶고, 조각이 역사 경계와 다른 곳은 선을 그어 나눈 근사. 유럽 밖(시베리아·중앙아시아·극동)은 대략적인 추정. 운영자 검수 필요"},"geometry":{"type":"MultiPolygon","coordinates":[[[[-8.9511,41.471],[-8.9719,41.5079],[-8.9913,41.5425],[-8.9916,41.5448],[-8.9963,41.5817],[-9.001,41.6186],[-9.0057,41.6555],[-9.0246,41.8031],[-9.0293,41.84],[-9.034,41.8769],[-8.9994,41.8769],[-8.9648,41.8769],[-8.9302,41.8769],[-8.8956,41.8769],[-8.8673,41.8769],[-8.8609,41.8769],[-8.8389,41.8769],[-8.8262,41.8848],[-8.8262,41.9138],[-8.8262,41.9167],[-8.7915,41.9312],[-8.7915,41.9076],[-8.7628,41.932],[-8.7568,41.9506],[-8.7508,41.969],[-8.6708,41.9998],[-8.6526,42.0314],[-8.6269,42.051],[-8.5728,42.0544],[-8.5012,42.0831],[-8.3467,42.1017],[-8.2954,42.1301],[-8.2523,42.1376],[-8.2224,42.1536],[-8.2043,42.1288],[-8.2074,42.0858],[-8.1913,42.0621],[-8.1376,42.0729],[-8.0951,42.0409],[-8.108,42.0109],[-8.1821,41.9654],[-8.2207,41.9227],[-8.2317,41.886],[-8.2204,41.8682],[-8.1846,41.8577],[-8.1793,41.8126],[-8.0935,41.8067],[-8.0504,41.816],[-7.9936,41.8637],[-7.9448,41.867],[-7.9258,41.9082],[-7.9061,41.9139],[-7.8966,41.8579],[-7.8648,41.8579],[-7.8497,41.8758],[-7.7501,41.8884],[-7.722,41.8993],[-7.6612,41.8749],[-7.6074,41.8732],[-7.6222,41.8323],[-7.5884,41.8242],[-7.5316,41.8402],[-7.5081,41.8649],[-7.4694,41.8525],[-7.4427,41.806],[-7.4054,41.8352],[-7.3768,41.844],[-7.3225,41.8454],[-7.2515,41.8637],[-7.2093,41.8892],[-7.1957,41.9174],[-7.1999,41.9637],[-7.1454,41.9875],[-7.0827,41.9528],[-7.0513,41.942],[-6.9924,41.9664],[-6.9835,41.963],[-6.9451,41.9434],[-6.855,41.9429],[-6.8312,41.954],[-6.8249,41.9838],[-6.7944,41.9797],[-6.7579,41.9376],[-6.728,41.9309],[-6.6568,41.9331],[-6.6228,41.941],[-6.6095,41.9623],[-6.5851,41.9547],[-6.5676,41.9261],[-6.5758,41.8829],[-6.5242,41.8674],[-6.5357,41.8486],[-6.5601,41.7669],[-6.5774,41.7397],[-6.5553,41.6749],[-6.5134,41.6509],[-6.4608,41.6766],[-6.3659,41.6636],[-6.3171,41.6501],[-6.2722,41.6282],[-6.2059,41.5703],[-6.2859,41.4869],[-6.2829,41.4656],[-6.321,41.4196],[-6.3762,41.3969],[-6.431,41.339],[-6.4821,41.303],[-6.5635,41.2707],[-6.6466,41.2676],[-6.6938,41.2174],[-6.7069,41.1943],[-6.759,41.1518],[-6.7648,41.1089],[-6.818,41.0541],[-6.9068,41.0561],[-6.9274,41.0481],[-6.9425,41.016],[-6.9306,40.9921],[-6.8852,40.9489],[-6.847,40.8789],[-6.8212,40.8701],[-6.8203,40.8442],[-6.8367,40.8402],[-6.837,40.7433],[-6.8162,40.6772],[-6.8143,40.6472],[-6.8445,40.5978],[-6.8484,40.5648],[-6.8181,40.5319],[-6.8153,40.5025],[-6.8571,40.4421],[-6.8513,40.4095],[-6.8281,40.3806],[-6.7944,40.3564],[-6.812,40.3323],[-6.8639,40.301],[-6.8745,40.2792],[-6.8964,40.2555],[-6.9421,40.255],[-6.9975,40.2856],[-7.0754,40.2863],[-7.1103,40.3193],[-7.1538,40.28],[-7.2016,40.28],[-7.2466,40.2673],[-7.3203,40.2854],[-7.2798,40.3505],[-7.2712,40.4098],[-7.3261,40.4098],[-7.3477,40.3906],[-7.3909,40.3828],[-7.4535,40.4134],[-7.5039,40.3766],[-7.5267,40.3376],[-7.5769,40.3192],[-7.6019,40.3268],[-7.6432,40.2867],[-7.7339,40.2442],[-7.7821,40.232],[-7.8069,40.185],[-7.7965,40.1657],[-7.7419,40.1283],[-7.7401,40.0945],[-7.7687,40.0775],[-7.806,40.0775],[-7.8072,40.0407],[-7.8449,40.0582],[-7.8949,40.0469],[-7.9173,40.0045],[-7.9444,40.0031],[-7.9695,39.9817],[-8.0257,39.9754],[-8.0322,39.9609],[-8.0715,39.9567],[-8.1263,39.9212],[-8.1284,39.944],[-8.108,39.9653],[-8.1494,40.017],[-8.1455,40.0624],[-8.1746,40.0863],[-8.2052,40.0551],[-8.2351,40.064],[-8.2931,40.016],[-8.271,39.9848],[-8.2877,39.9708],[-8.314,39.9751],[-8.3491,39.9445],[-8.4048,39.9343],[-8.3853,39.9566],[-8.4127,40.0103],[-8.4509,40.0121],[-8.51,39.9782],[-8.5355,39.956],[-8.5538,40.0201],[-8.5948,40.0209],[-8.629,39.9963],[-8.6772,40.0281],[-8.7689,40.0373],[-8.8154,40.0211],[-8.8476,40.0262],[-8.9025,40.0474],[-8.8929,40.0691],[-8.9194,40.0691],[-8.946,40.0691],[-8.9728,40.0691],[-8.9931,40.0691],[-8.9865,40.106],[-8.9769,40.1601],[-8.9701,40.1798],[-8.9188,40.3273],[-8.8675,40.4749],[-8.8547,40.5118],[-8.8419,40.5487],[-8.8162,40.6225],[-8.7681,40.7609],[-8.7761,40.9176],[-8.7799,40.9914],[-8.7818,41.0283],[-8.7837,41.0652],[-8.7897,41.1837],[-8.8061,41.2128],[-8.8889,41.3603],[-8.9304,41.4341],[-8.9511,41.471]]],[[[-25.1623,36.9469],[-25.1691,36.946],[-25.2016,36.9904],[-25.197,36.9941],[-25.1987,36.9964],[-25.1985,36.9965],[-25.1987,36.9968],[-25.1753,37.0115],[-25.1703,37.0155],[-25.1682,37.0159],[-25.1627,37.0194],[-25.1458,37.0205],[-25.1336,37.023],[-25.1144,37.0226],[-25.0835,37.0246],[-25.0831,37.0246],[-25.0785,37.0218],[-25.0668,37.0215],[-25.0292,36.9924],[-25.0122,36.9492],[-25.0271,36.9343],[-25.098,36.9484],[-25.1587,36.9426],[-25.1591,36.9426],[-25.1623,36.9469]]],[[[-25.3333,37.7259],[-25.3724,37.7174],[-25.4372,37.7153],[-25.4395,37.7151],[-25.4397,37.7151],[-25.4399,37.7151],[-25.4407,37.7152],[-25.4883,37.7137],[-25.5057,37.7067],[-25.5591,37.7291],[-25.6155,37.7409],[-25.7043,37.744],[-25.7346,37.7619],[-25.7351,37.762],[-25.738,37.7639],[-25.8251,37.8154],[-25.8595,37.8539],[-25.8467,37.8909],[-25.8467,37.8943],[-25.8454,37.8947],[-25.8415,37.906],[-25.7932,37.9095],[-25.7855,37.9117],[-25.7854,37.9116],[-25.7851,37.9117],[-25.7824,37.9103],[-25.7646,37.9116],[-25.7391,37.906],[-25.7042,37.8826],[-25.6929,37.8637],[-25.6483,37.8405],[-25.5872,37.8336],[-25.5305,37.8364],[-25.4899,37.848],[-25.4746,37.8391],[-25.4126,37.8421],[-25.3398,37.8618],[-25.1978,37.8644],[-25.1592,37.852],[-25.1352,37.8223],[-25.1323,37.7862],[-25.1568,37.7545],[-25.1947,37.7407],[-25.2506,37.735],[-25.2523,37.7342],[-25.3333,37.7259]]],[[[-28.1737,38.4054],[-28.1946,38.402],[-28.2295,38.3852],[-28.2296,38.3852],[-28.2419,38.3776],[-28.2601,38.3932],[-28.3298,38.4118],[-28.3529,38.4122],[-28.4527,38.4078],[-28.4531,38.4078],[-28.4535,38.408],[-28.4595,38.4057],[-28.5254,38.4539],[-28.5303,38.4602],[-28.5323,38.4616],[-28.533,38.4637],[-28.5489,38.4844],[-28.5489,38.5144],[-28.5503,38.5189],[-28.5502,38.519],[-28.5503,38.5193],[-28.5489,38.5205],[-28.5489,38.5286],[-28.5187,38.5501],[-28.5139,38.5512],[-28.5107,38.554],[-28.5018,38.554],[-28.4853,38.5578],[-28.4276,38.554],[-28.4023,38.554],[-28.3972,38.552],[-28.3745,38.5505],[-28.2805,38.506],[-28.1652,38.4606],[-28.1095,38.4466],[-28.0638,38.4428],[-28.0406,38.4091],[-28.0542,38.3985],[-28.1559,38.4067],[-28.1737,38.4054]]],[[[-28.6397,38.5243],[-28.6362,38.5155],[-28.6718,38.5224],[-28.727,38.5149],[-28.7496,38.5235],[-28.7616,38.5356],[-28.8419,38.5987],[-28.8416,38.5988],[-28.8417,38.5989],[-28.8418,38.599],[-28.8424,38.5994],[-28.8392,38.5998],[-28.7369,38.6283],[-28.7196,38.6452],[-28.7005,38.6384],[-28.6979,38.6391],[-28.6978,38.639],[-28.6975,38.6391],[-28.6885,38.6341],[-28.6326,38.614],[-28.6097,38.5974],[-28.5961,38.5527],[-28.6046,38.5496],[-28.6397,38.5243]]],[[[-27.8276,38.5435],[-27.8358,38.5428],[-27.9152,38.5652],[-27.9356,38.5744],[-27.997,38.5921],[-28.0345,38.5901],[-28.066,38.6118],[-28.0931,38.6196],[-28.1172,38.629],[-28.1779,38.6451],[-28.1955,38.6624],[-28.2243,38.6832],[-28.2472,38.6862],[-28.3121,38.7353],[-28.3155,38.7551],[-28.2645,38.7315],[-28.2325,38.7256],[-28.0343,38.6663],[-27.9783,38.642],[-27.9631,38.6373],[-27.8817,38.6011],[-27.7789,38.5671],[-27.7606,38.549],[-27.8241,38.5438],[-27.8263,38.5432],[-27.8265,38.5433],[-27.8267,38.5432],[-27.8276,38.5435]]],[[[-27.0571,38.6619],[-27.0603,38.6414],[-27.0891,38.631],[-27.0972,38.6336],[-27.1391,38.6391],[-27.1817,38.6394],[-27.1937,38.6464],[-27.2123,38.6489],[-27.2284,38.6411],[-27.2529,38.6527],[-27.2857,38.6587],[-27.3047,38.6612],[-27.3068,38.6625],[-27.3276,38.6663],[-27.3734,38.707],[-27.3917,38.7589],[-27.3869,38.7639],[-27.3875,38.7654],[-27.3874,38.7655],[-27.3875,38.7658],[-27.3813,38.7697],[-27.3688,38.7827],[-27.3533,38.7873],[-27.3515,38.7884],[-27.3472,38.7891],[-27.2982,38.8035],[-27.2638,38.8018],[-27.2615,38.8022],[-27.2612,38.8022],[-27.2611,38.8022],[-27.2498,38.8012],[-27.1443,38.7961],[-27.1306,38.7903],[-27.1279,38.7901],[-27.1216,38.7865],[-27.0751,38.767],[-27.0426,38.7445],[-27.0425,38.742],[-27.0415,38.7415],[-27.0415,38.725],[-27.0409,38.7144],[-27.0201,38.6937],[-27.0415,38.6848],[-27.0415,38.6786],[-27.0571,38.6619]]],[[[-31.1383,39.4731],[-31.1327,39.4655],[-31.1316,39.423],[-31.1383,39.4095],[-31.1383,39.406],[-31.1421,39.4019],[-31.1566,39.3726],[-31.1772,39.3556],[-31.2688,39.3647],[-31.2847,39.3979],[-31.2809,39.4431],[-31.2623,39.4907],[-31.2611,39.4966],[-31.2599,39.4971],[-31.2558,39.5075],[-31.2005,39.5222],[-31.2016,39.5202],[-31.1999,39.5209],[-31.1998,39.5208],[-31.1995,39.5209],[-31.1688,39.5],[-31.1595,39.5018],[-31.1475,39.4856],[-31.1383,39.4793],[-31.1383,39.4731]]],[[[-17.1734,32.7247],[-17.2145,32.7506],[-17.2412,32.7791],[-17.2521,32.8145],[-17.2003,32.8685],[-17.1923,32.8685],[-17.1922,32.8686],[-17.1919,32.8685],[-17.1918,32.8686],[-17.1915,32.8685],[-17.1661,32.8685],[-17.1459,32.8511],[-17.0551,32.8166],[-16.9877,32.8296],[-16.98,32.8332],[-16.9441,32.838],[-16.9294,32.8408],[-16.9293,32.8407],[-16.929,32.8408],[-16.9275,32.8402],[-16.9197,32.8412],[-16.8607,32.8132],[-16.8494,32.806],[-16.7802,32.7757],[-16.7475,32.7708],[-16.7316,32.7651],[-16.7083,32.7607],[-16.693,32.7667],[-16.6727,32.7586],[-16.7096,32.7452],[-16.7634,32.7102],[-16.7803,32.6962],[-16.7887,32.6867],[-16.8064,32.6568],[-16.8478,32.644],[-16.8959,32.6416],[-16.9768,32.6472],[-17.143,32.7056],[-17.1682,32.7215],[-17.1706,32.7224],[-17.1734,32.7247]]]]}},
{"type":"Feature","properties":{"entityId":"portugal","from":1147,"to":1160,"certainty":"estimated","source":"유럽 쪽은 Natural Earth 1:10m admin-1(v5.1.2) 현대 행정구역 조각을 그 시기 국경에 맞춰 묶고, 조각이 역사 경계와 다른 곳은 선을 그어 나눈 근사. 유럽 밖(시베리아·중앙아시아·극동)은 대략적인 추정. 운영자 검수 필요"},"geometry":{"type":"MultiPolygon","coordinates":[[[[-8.9511,41.471],[-8.9719,41.5079],[-8.9913,41.5425],[-8.9916,41.5448],[-8.9963,41.5817],[-9.001,41.6186],[-9.0057,41.6555],[-9.0246,41.8031],[-9.0293,41.84],[-9.034,41.8769],[-8.9994,41.8769],[-8.9648,41.8769],[-8.9302,41.8769],[-8.8956,41.8769],[-8.8673,41.8769],[-8.8609,41.8769],[-8.8389,41.8769],[-8.8262,41.8848],[-8.8262,41.9138],[-8.8262,41.9167],[-8.7915,41.9312],[-8.7915,41.9076],[-8.7628,41.932],[-8.7568,41.9506],[-8.7508,41.969],[-8.6708,41.9998],[-8.6526,42.0314],[-8.6269,42.051],[-8.5728,42.0544],[-8.5012,42.0831],[-8.3467,42.1017],[-8.2954,42.1301],[-8.2523,42.1376],[-8.2224,42.1536],[-8.2043,42.1288],[-8.2074,42.0858],[-8.1913,42.0621],[-8.1376,42.0729],[-8.0951,42.0409],[-8.108,42.0109],[-8.1821,41.9654],[-8.2207,41.9227],[-8.2317,41.886],[-8.2204,41.8682],[-8.1846,41.8577],[-8.1793,41.8126],[-8.0935,41.8067],[-8.0504,41.816],[-7.9936,41.8637],[-7.9448,41.867],[-7.9258,41.9082],[-7.9061,41.9139],[-7.8966,41.8579],[-7.8648,41.8579],[-7.8497,41.8758],[-7.7501,41.8884],[-7.722,41.8993],[-7.6612,41.8749],[-7.6074,41.8732],[-7.6222,41.8323],[-7.5884,41.8242],[-7.5316,41.8402],[-7.5081,41.8649],[-7.4694,41.8525],[-7.4427,41.806],[-7.4054,41.8352],[-7.3768,41.844],[-7.3225,41.8454],[-7.2515,41.8637],[-7.2093,41.8892],[-7.1957,41.9174],[-7.1999,41.9637],[-7.1454,41.9875],[-7.0827,41.9528],[-7.0513,41.942],[-6.9924,41.9664],[-6.9835,41.963],[-6.9451,41.9434],[-6.855,41.9429],[-6.8312,41.954],[-6.8249,41.9838],[-6.7944,41.9797],[-6.7579,41.9376],[-6.728,41.9309],[-6.6568,41.9331],[-6.6228,41.941],[-6.6095,41.9623],[-6.5851,41.9547],[-6.5676,41.9261],[-6.5758,41.8829],[-6.5242,41.8674],[-6.5357,41.8486],[-6.5601,41.7669],[-6.5774,41.7397],[-6.5553,41.6749],[-6.5134,41.6509],[-6.4608,41.6766],[-6.3659,41.6636],[-6.3171,41.6501],[-6.2722,41.6282],[-6.2059,41.5703],[-6.2859,41.4869],[-6.2829,41.4656],[-6.321,41.4196],[-6.3762,41.3969],[-6.431,41.339],[-6.4821,41.303],[-6.5635,41.2707],[-6.6466,41.2676],[-6.6938,41.2174],[-6.7069,41.1943],[-6.759,41.1518],[-6.7648,41.1089],[-6.818,41.0541],[-6.9068,41.0561],[-6.9274,41.0481],[-6.9425,41.016],[-6.9306,40.9921],[-6.8852,40.9489],[-6.847,40.8789],[-6.8212,40.8701],[-6.8203,40.8442],[-6.8367,40.8402],[-6.837,40.7433],[-6.8162,40.6772],[-6.8143,40.6472],[-6.8445,40.5978],[-6.8484,40.5648],[-6.8181,40.5319],[-6.8153,40.5025],[-6.8571,40.4421],[-6.8513,40.4095],[-6.8281,40.3806],[-6.7944,40.3564],[-6.812,40.3323],[-6.8639,40.301],[-6.8745,40.2792],[-6.8964,40.2555],[-6.9421,40.255],[-7.0248,40.2162],[-7.0431,40.1814],[-7.0158,40.1191],[-6.9557,40.1029],[-6.9199,40.0649],[-6.8797,40.0092],[-6.8969,39.9871],[-6.9095,39.932],[-6.9223,39.9224],[-6.9242,39.8716],[-6.9528,39.8329],[-6.9852,39.8211],[-7.0003,39.8025],[-6.993,39.7742],[-7.0133,39.7389],[-7.0096,39.7155],[-7.0358,39.6893],[-7.1829,39.6751],[-7.2358,39.6865],[-7.2928,39.6833],[-7.3414,39.6718],[-7.5573,39.6798],[-7.5559,39.6772],[-7.6032,39.6658],[-7.6389,39.6422],[-7.6955,39.6527],[-7.7401,39.6043],[-7.7597,39.5985],[-7.8047,39.5571],[-7.8618,39.5202],[-7.9366,39.5533],[-7.968,39.5369],[-8.0102,39.4687],[-7.9549,39.4279],[-7.9689,39.3902],[-8.024,39.3598],[-8.0461,39.3217],[-8.0854,39.2853],[-8.1194,39.2854],[-8.1527,39.2523],[-8.2357,39.1945],[-8.2912,39.1638],[-8.3336,39.117],[-8.3341,39.1007],[-8.291,39.0796],[-8.2547,39.0214],[-8.1969,39.0009],[-8.2301,38.983],[-8.2451,38.9322],[-8.2601,38.914],[-8.2429,38.897],[-8.1699,38.8666],[-8.1756,38.8418],[-8.1289,38.8014],[-8.1516,38.7745],[-8.2021,38.8168],[-8.25,38.8301],[-8.2857,38.8574],[-8.3381,38.847],[-8.3746,38.8527],[-8.3884,38.833],[-8.4235,38.8278],[-8.4542,38.8056],[-8.4987,38.7988],[-8.5466,38.767],[-8.5932,38.7725],[-8.6045,38.7836],[-8.6078,38.8304],[-8.6437,38.8153],[-8.7032,38.8344],[-8.762,38.7381],[-8.7856,38.7342],[-8.8422,38.7562],[-8.8898,38.7415],[-8.9194,38.7501],[-8.9231,38.7778],[-8.9426,38.7756],[-8.946,38.783],[-8.9697,38.783],[-8.9967,38.783],[-9.0237,38.783],[-9.0508,38.783],[-9.0508,38.7648],[-9.0508,38.7392],[-9.0508,38.7231],[-9.0779,38.7231],[-9.1049,38.7231],[-9.1049,38.6928],[-9.1319,38.6928],[-9.159,38.6928],[-9.159,38.6799],[-9.2051,38.6759],[-9.2051,38.6967],[-9.2202,38.6939],[-9.2512,38.6962],[-9.2512,38.6661],[-9.2527,38.6655],[-9.2513,38.6632],[-9.2973,38.6632],[-9.2973,38.6276],[-9.2973,38.592],[-9.3434,38.592],[-9.3434,38.5564],[-9.3618,38.5564],[-9.3618,38.5298],[-9.387,38.5298],[-9.3953,38.5298],[-9.4122,38.5564],[-9.4247,38.5761],[-9.5061,38.704],[-9.5277,38.738],[-9.5277,38.7383],[-9.5277,38.7384],[-9.514,38.8516],[-9.4782,39.1467],[-9.4693,39.2205],[-9.4648,39.2574],[-9.4603,39.2943],[-9.4485,39.3917],[-9.3934,39.4419],[-9.0693,39.737],[-9.0489,39.7556],[-8.9997,40.0322],[-8.9931,40.0691],[-8.9865,40.106],[-8.9769,40.1601],[-8.9701,40.1798],[-8.9188,40.3273],[-8.8675,40.4749],[-8.8547,40.5118],[-8.8419,40.5487],[-8.8162,40.6225],[-8.7681,40.7609],[-8.7761,40.9176],[-8.7799,40.9914],[-8.7818,41.0283],[-8.7837,41.0652],[-8.7897,41.1837],[-8.8061,41.2128],[-8.8889,41.3603],[-8.9304,41.4341],[-8.9511,41.471]]],[[[-25.1623,36.9469],[-25.1691,36.946],[-25.2016,36.9904],[-25.197,36.9941],[-25.1987,36.9964],[-25.1985,36.9965],[-25.1987,36.9968],[-25.1753,37.0115],[-25.1703,37.0155],[-25.1682,37.0159],[-25.1627,37.0194],[-25.1458,37.0205],[-25.1336,37.023],[-25.1144,37.0226],[-25.0835,37.0246],[-25.0831,37.0246],[-25.0785,37.0218],[-25.0668,37.0215],[-25.0292,36.9924],[-25.0122,36.9492],[-25.0271,36.9343],[-25.098,36.9484],[-25.1587,36.9426],[-25.1591,36.9426],[-25.1623,36.9469]]],[[[-25.3333,37.7259],[-25.3724,37.7174],[-25.4372,37.7153],[-25.4395,37.7151],[-25.4397,37.7151],[-25.4399,37.7151],[-25.4407,37.7152],[-25.4883,37.7137],[-25.5057,37.7067],[-25.5591,37.7291],[-25.6155,37.7409],[-25.7043,37.744],[-25.7346,37.7619],[-25.7351,37.762],[-25.738,37.7639],[-25.8251,37.8154],[-25.8595,37.8539],[-25.8467,37.8909],[-25.8467,37.8943],[-25.8454,37.8947],[-25.8415,37.906],[-25.7932,37.9095],[-25.7855,37.9117],[-25.7854,37.9116],[-25.7851,37.9117],[-25.7824,37.9103],[-25.7646,37.9116],[-25.7391,37.906],[-25.7042,37.8826],[-25.6929,37.8637],[-25.6483,37.8405],[-25.5872,37.8336],[-25.5305,37.8364],[-25.4899,37.848],[-25.4746,37.8391],[-25.4126,37.8421],[-25.3398,37.8618],[-25.1978,37.8644],[-25.1592,37.852],[-25.1352,37.8223],[-25.1323,37.7862],[-25.1568,37.7545],[-25.1947,37.7407],[-25.2506,37.735],[-25.2523,37.7342],[-25.3333,37.7259]]],[[[-28.1737,38.4054],[-28.1946,38.402],[-28.2295,38.3852],[-28.2296,38.3852],[-28.2419,38.3776],[-28.2601,38.3932],[-28.3298,38.4118],[-28.3529,38.4122],[-28.4527,38.4078],[-28.4531,38.4078],[-28.4535,38.408],[-28.4595,38.4057],[-28.5254,38.4539],[-28.5303,38.4602],[-28.5323,38.4616],[-28.533,38.4637],[-28.5489,38.4844],[-28.5489,38.5144],[-28.5503,38.5189],[-28.5502,38.519],[-28.5503,38.5193],[-28.5489,38.5205],[-28.5489,38.5286],[-28.5187,38.5501],[-28.5139,38.5512],[-28.5107,38.554],[-28.5018,38.554],[-28.4853,38.5578],[-28.4276,38.554],[-28.4023,38.554],[-28.3972,38.552],[-28.3745,38.5505],[-28.2805,38.506],[-28.1652,38.4606],[-28.1095,38.4466],[-28.0638,38.4428],[-28.0406,38.4091],[-28.0542,38.3985],[-28.1559,38.4067],[-28.1737,38.4054]]],[[[-28.6397,38.5243],[-28.6362,38.5155],[-28.6718,38.5224],[-28.727,38.5149],[-28.7496,38.5235],[-28.7616,38.5356],[-28.8419,38.5987],[-28.8416,38.5988],[-28.8417,38.5989],[-28.8418,38.599],[-28.8424,38.5994],[-28.8392,38.5998],[-28.7369,38.6283],[-28.7196,38.6452],[-28.7005,38.6384],[-28.6979,38.6391],[-28.6978,38.639],[-28.6975,38.6391],[-28.6885,38.6341],[-28.6326,38.614],[-28.6097,38.5974],[-28.5961,38.5527],[-28.6046,38.5496],[-28.6397,38.5243]]],[[[-27.8276,38.5435],[-27.8358,38.5428],[-27.9152,38.5652],[-27.9356,38.5744],[-27.997,38.5921],[-28.0345,38.5901],[-28.066,38.6118],[-28.0931,38.6196],[-28.1172,38.629],[-28.1779,38.6451],[-28.1955,38.6624],[-28.2243,38.6832],[-28.2472,38.6862],[-28.3121,38.7353],[-28.3155,38.7551],[-28.2645,38.7315],[-28.2325,38.7256],[-28.0343,38.6663],[-27.9783,38.642],[-27.9631,38.6373],[-27.8817,38.6011],[-27.7789,38.5671],[-27.7606,38.549],[-27.8241,38.5438],[-27.8263,38.5432],[-27.8265,38.5433],[-27.8267,38.5432],[-27.8276,38.5435]]],[[[-27.0571,38.6619],[-27.0603,38.6414],[-27.0891,38.631],[-27.0972,38.6336],[-27.1391,38.6391],[-27.1817,38.6394],[-27.1937,38.6464],[-27.2123,38.6489],[-27.2284,38.6411],[-27.2529,38.6527],[-27.2857,38.6587],[-27.3047,38.6612],[-27.3068,38.6625],[-27.3276,38.6663],[-27.3734,38.707],[-27.3917,38.7589],[-27.3869,38.7639],[-27.3875,38.7654],[-27.3874,38.7655],[-27.3875,38.7658],[-27.3813,38.7697],[-27.3688,38.7827],[-27.3533,38.7873],[-27.3515,38.7884],[-27.3472,38.7891],[-27.2982,38.8035],[-27.2638,38.8018],[-27.2615,38.8022],[-27.2612,38.8022],[-27.2611,38.8022],[-27.2498,38.8012],[-27.1443,38.7961],[-27.1306,38.7903],[-27.1279,38.7901],[-27.1216,38.7865],[-27.0751,38.767],[-27.0426,38.7445],[-27.0425,38.742],[-27.0415,38.7415],[-27.0415,38.725],[-27.0409,38.7144],[-27.0201,38.6937],[-27.0415,38.6848],[-27.0415,38.6786],[-27.0571,38.6619]]],[[[-31.1383,39.4731],[-31.1327,39.4655],[-31.1316,39.423],[-31.1383,39.4095],[-31.1383,39.406],[-31.1421,39.4019],[-31.1566,39.3726],[-31.1772,39.3556],[-31.2688,39.3647],[-31.2847,39.3979],[-31.2809,39.4431],[-31.2623,39.4907],[-31.2611,39.4966],[-31.2599,39.4971],[-31.2558,39.5075],[-31.2005,39.5222],[-31.2016,39.5202],[-31.1999,39.5209],[-31.1998,39.5208],[-31.1995,39.5209],[-31.1688,39.5],[-31.1595,39.5018],[-31.1475,39.4856],[-31.1383,39.4793],[-31.1383,39.4731]]],[[[-17.1734,32.7247],[-17.2145,32.7506],[-17.2412,32.7791],[-17.2521,32.8145],[-17.2003,32.8685],[-17.1923,32.8685],[-17.1922,32.8686],[-17.1919,32.8685],[-17.1918,32.8686],[-17.1915,32.8685],[-17.1661,32.8685],[-17.1459,32.8511],[-17.0551,32.8166],[-16.9877,32.8296],[-16.98,32.8332],[-16.9441,32.838],[-16.9294,32.8408],[-16.9293,32.8407],[-16.929,32.8408],[-16.9275,32.8402],[-16.9197,32.8412],[-16.8607,32.8132],[-16.8494,32.806],[-16.7802,32.7757],[-16.7475,32.7708],[-16.7316,32.7651],[-16.7083,32.7607],[-16.693,32.7667],[-16.6727,32.7586],[-16.7096,32.7452],[-16.7634,32.7102],[-16.7803,32.6962],[-16.7887,32.6867],[-16.8064,32.6568],[-16.8478,32.644],[-16.8959,32.6416],[-16.9768,32.6472],[-17.143,32.7056],[-17.1682,32.7215],[-17.1706,32.7224],[-17.1734,32.7247]]]]}},
{"type":"Feature","properties":{"entityId":"portugal","from":1160,"to":1166,"certainty":"estimated","source":"유럽 쪽은 Natural Earth 1:10m admin-1(v5.1.2) 현대 행정구역 조각을 그 시기 국경에 맞춰 묶고, 조각이 역사 경계와 다른 곳은 선을 그어 나눈 근사. 유럽 밖(시베리아·중앙아시아·극동)은 대략적인 추정. 운영자 검수 필요"},"geometry":{"type":"MultiPolygon","coordinates":[[[[-8.9511,41.471],[-8.9719,41.5079],[-8.9913,41.5425],[-8.9916,41.5448],[-8.9963,41.5817],[-9.001,41.6186],[-9.0057,41.6555],[-9.0246,41.8031],[-9.0293,41.84],[-9.034,41.8769],[-8.9994,41.8769],[-8.9648,41.8769],[-8.9302,41.8769],[-8.8956,41.8769],[-8.8673,41.8769],[-8.8609,41.8769],[-8.8389,41.8769],[-8.8262,41.8848],[-8.8262,41.9138],[-8.8262,41.9167],[-8.7915,41.9312],[-8.7915,41.9076],[-8.7628,41.932],[-8.7568,41.9506],[-8.7508,41.969],[-8.6708,41.9998],[-8.6526,42.0314],[-8.6269,42.051],[-8.5728,42.0544],[-8.5012,42.0831],[-8.3467,42.1017],[-8.2954,42.1301],[-8.2523,42.1376],[-8.2224,42.1536],[-8.2043,42.1288],[-8.2074,42.0858],[-8.1913,42.0621],[-8.1376,42.0729],[-8.0951,42.0409],[-8.108,42.0109],[-8.1821,41.9654],[-8.2207,41.9227],[-8.2317,41.886],[-8.2204,41.8682],[-8.1846,41.8577],[-8.1793,41.8126],[-8.0935,41.8067],[-8.0504,41.816],[-7.9936,41.8637],[-7.9448,41.867],[-7.9258,41.9082],[-7.9061,41.9139],[-7.8966,41.8579],[-7.8648,41.8579],[-7.8497,41.8758],[-7.7501,41.8884],[-7.722,41.8993],[-7.6612,41.8749],[-7.6074,41.8732],[-7.6222,41.8323],[-7.5884,41.8242],[-7.5316,41.8402],[-7.5081,41.8649],[-7.4694,41.8525],[-7.4427,41.806],[-7.4054,41.8352],[-7.3768,41.844],[-7.3225,41.8454],[-7.2515,41.8637],[-7.2093,41.8892],[-7.1957,41.9174],[-7.1999,41.9637],[-7.1454,41.9875],[-7.0827,41.9528],[-7.0513,41.942],[-6.9924,41.9664],[-6.9835,41.963],[-6.9451,41.9434],[-6.855,41.9429],[-6.8312,41.954],[-6.8249,41.9838],[-6.7944,41.9797],[-6.7579,41.9376],[-6.728,41.9309],[-6.6568,41.9331],[-6.6228,41.941],[-6.6095,41.9623],[-6.5851,41.9547],[-6.5676,41.9261],[-6.5758,41.8829],[-6.5242,41.8674],[-6.5357,41.8486],[-6.5601,41.7669],[-6.5774,41.7397],[-6.5553,41.6749],[-6.5134,41.6509],[-6.4608,41.6766],[-6.3659,41.6636],[-6.3171,41.6501],[-6.2722,41.6282],[-6.2059,41.5703],[-6.2859,41.4869],[-6.2829,41.4656],[-6.321,41.4196],[-6.3762,41.3969],[-6.431,41.339],[-6.4821,41.303],[-6.5635,41.2707],[-6.6466,41.2676],[-6.6938,41.2174],[-6.7069,41.1943],[-6.759,41.1518],[-6.7648,41.1089],[-6.818,41.0541],[-6.9068,41.0561],[-6.9274,41.0481],[-6.9425,41.016],[-6.9306,40.9921],[-6.8852,40.9489],[-6.847,40.8789],[-6.8212,40.8701],[-6.8203,40.8442],[-6.8367,40.8402],[-6.837,40.7433],[-6.8162,40.6772],[-6.8143,40.6472],[-6.8445,40.5978],[-6.8484,40.5648],[-6.8181,40.5319],[-6.8153,40.5025],[-6.8571,40.4421],[-6.8513,40.4095],[-6.8281,40.3806],[-6.7944,40.3564],[-6.812,40.3323],[-6.8639,40.301],[-6.8745,40.2792],[-6.8964,40.2555],[-6.9421,40.255],[-7.0248,40.2162],[-7.0431,40.1814],[-7.0158,40.1191],[-6.9557,40.1029],[-6.9199,40.0649],[-6.8797,40.0092],[-6.8969,39.9871],[-6.9095,39.932],[-6.9223,39.9224],[-6.9242,39.8716],[-6.9528,39.8329],[-6.9852,39.8211],[-7.0003,39.8025],[-6.993,39.7742],[-7.0133,39.7389],[-7.0096,39.7155],[-7.0358,39.6893],[-7.1829,39.6751],[-7.2358,39.6865],[-7.2928,39.6833],[-7.3414,39.6718],[-7.5573,39.6798],[-7.5559,39.6772],[-7.6032,39.6658],[-7.6389,39.6422],[-7.6955,39.6527],[-7.7401,39.6043],[-7.7597,39.5985],[-7.8047,39.5571],[-7.8618,39.5202],[-7.9366,39.5533],[-7.968,39.5369],[-8.0102,39.4687],[-7.9549,39.4279],[-7.9689,39.3902],[-8.024,39.3598],[-8.0461,39.3217],[-8.0854,39.2853],[-8.1194,39.2854],[-8.1527,39.2523],[-8.2357,39.1945],[-8.2912,39.1638],[-8.3336,39.117],[-8.3341,39.1007],[-8.291,39.0796],[-8.2547,39.0214],[-8.1969,39.0009],[-8.2301,38.983],[-8.2451,38.9322],[-8.2601,38.914],[-8.2429,38.897],[-8.1699,38.8666],[-8.1756,38.8418],[-8.1289,38.8014],[-8.1516,38.7745],[-8.2021,38.8168],[-8.25,38.8301],[-8.2857,38.8574],[-8.3381,38.847],[-8.3746,38.8527],[-8.3884,38.833],[-8.4235,38.8278],[-8.4542,38.8056],[-8.4987,38.7988],[-8.5466,38.767],[-8.5048,38.7609],[-8.4963,38.7477],[-8.5078,38.7128],[-8.5317,38.6883],[-8.6155,38.6423],[-8.6516,38.6062],[-8.6381,38.5504],[-8.6086,38.5472],[-8.5699,38.5289],[-8.5166,38.5194],[-8.5086,38.5426],[-8.4619,38.5191],[-8.4333,38.5201],[-8.3958,38.5356],[-8.3685,38.5357],[-8.3313,38.5008],[-8.32,38.4479],[-8.2936,38.4328],[-8.2922,38.4073],[-8.3084,38.377],[-8.2461,38.3493],[-8.1999,38.3405],[-8.1621,38.3176],[-8.1301,38.2507],[-8.1351,38.2232],[-8.2308,38.1982],[-8.2417,38.1794],[-8.2847,38.1764],[-8.2957,38.1444],[-8.3478,38.1432],[-8.3629,38.1073],[-8.3858,38.1107],[-8.4013,38.076],[-8.3941,38.0551],[-8.3598,38.029],[-8.3095,38.0128],[-8.2934,37.9815],[-8.2995,37.9087],[-8.3286,37.8467],[-8.3581,37.8594],[-8.4325,37.8666],[-8.5217,37.853],[-8.549,37.8395],[-8.5728,37.8109],[-8.5958,37.759],[-8.6236,37.7551],[-8.6564,37.7692],[-8.6835,37.7575],[-8.7341,37.8135],[-8.7811,37.8101],[-8.8014,37.8268],[-8.8017,37.8326],[-8.8141,37.8326],[-8.8214,37.868],[-8.8221,37.8713],[-8.8668,37.9387],[-8.8948,37.9525],[-8.8771,37.9661],[-8.8203,38.1359],[-8.8401,38.2657],[-9.0095,38.301],[-9.2108,38.343],[-9.2865,38.3588],[-9.3443,38.4497],[-9.3783,38.5031],[-9.3953,38.5298],[-9.4122,38.5564],[-9.4247,38.5761],[-9.5061,38.704],[-9.5277,38.738],[-9.5277,38.7383],[-9.5277,38.7384],[-9.514,38.8516],[-9.4782,39.1467],[-9.4693,39.2205],[-9.4648,39.2574],[-9.4603,39.2943],[-9.4485,39.3917],[-9.3934,39.4419],[-9.0693,39.737],[-9.0489,39.7556],[-8.9997,40.0322],[-8.9931,40.0691],[-8.9865,40.106],[-8.9769,40.1601],[-8.9701,40.1798],[-8.9188,40.3273],[-8.8675,40.4749],[-8.8547,40.5118],[-8.8419,40.5487],[-8.8162,40.6225],[-8.7681,40.7609],[-8.7761,40.9176],[-8.7799,40.9914],[-8.7818,41.0283],[-8.7837,41.0652],[-8.7897,41.1837],[-8.8061,41.2128],[-8.8889,41.3603],[-8.9304,41.4341],[-8.9511,41.471]]],[[[-25.1623,36.9469],[-25.1691,36.946],[-25.2016,36.9904],[-25.197,36.9941],[-25.1987,36.9964],[-25.1985,36.9965],[-25.1987,36.9968],[-25.1753,37.0115],[-25.1703,37.0155],[-25.1682,37.0159],[-25.1627,37.0194],[-25.1458,37.0205],[-25.1336,37.023],[-25.1144,37.0226],[-25.0835,37.0246],[-25.0831,37.0246],[-25.0785,37.0218],[-25.0668,37.0215],[-25.0292,36.9924],[-25.0122,36.9492],[-25.0271,36.9343],[-25.098,36.9484],[-25.1587,36.9426],[-25.1591,36.9426],[-25.1623,36.9469]]],[[[-25.3333,37.7259],[-25.3724,37.7174],[-25.4372,37.7153],[-25.4395,37.7151],[-25.4397,37.7151],[-25.4399,37.7151],[-25.4407,37.7152],[-25.4883,37.7137],[-25.5057,37.7067],[-25.5591,37.7291],[-25.6155,37.7409],[-25.7043,37.744],[-25.7346,37.7619],[-25.7351,37.762],[-25.738,37.7639],[-25.8251,37.8154],[-25.8595,37.8539],[-25.8467,37.8909],[-25.8467,37.8943],[-25.8454,37.8947],[-25.8415,37.906],[-25.7932,37.9095],[-25.7855,37.9117],[-25.7854,37.9116],[-25.7851,37.9117],[-25.7824,37.9103],[-25.7646,37.9116],[-25.7391,37.906],[-25.7042,37.8826],[-25.6929,37.8637],[-25.6483,37.8405],[-25.5872,37.8336],[-25.5305,37.8364],[-25.4899,37.848],[-25.4746,37.8391],[-25.4126,37.8421],[-25.3398,37.8618],[-25.1978,37.8644],[-25.1592,37.852],[-25.1352,37.8223],[-25.1323,37.7862],[-25.1568,37.7545],[-25.1947,37.7407],[-25.2506,37.735],[-25.2523,37.7342],[-25.3333,37.7259]]],[[[-28.1737,38.4054],[-28.1946,38.402],[-28.2295,38.3852],[-28.2296,38.3852],[-28.2419,38.3776],[-28.2601,38.3932],[-28.3298,38.4118],[-28.3529,38.4122],[-28.4527,38.4078],[-28.4531,38.4078],[-28.4535,38.408],[-28.4595,38.4057],[-28.5254,38.4539],[-28.5303,38.4602],[-28.5323,38.4616],[-28.533,38.4637],[-28.5489,38.4844],[-28.5489,38.5144],[-28.5503,38.5189],[-28.5502,38.519],[-28.5503,38.5193],[-28.5489,38.5205],[-28.5489,38.5286],[-28.5187,38.5501],[-28.5139,38.5512],[-28.5107,38.554],[-28.5018,38.554],[-28.4853,38.5578],[-28.4276,38.554],[-28.4023,38.554],[-28.3972,38.552],[-28.3745,38.5505],[-28.2805,38.506],[-28.1652,38.4606],[-28.1095,38.4466],[-28.0638,38.4428],[-28.0406,38.4091],[-28.0542,38.3985],[-28.1559,38.4067],[-28.1737,38.4054]]],[[[-28.6397,38.5243],[-28.6362,38.5155],[-28.6718,38.5224],[-28.727,38.5149],[-28.7496,38.5235],[-28.7616,38.5356],[-28.8419,38.5987],[-28.8416,38.5988],[-28.8417,38.5989],[-28.8418,38.599],[-28.8424,38.5994],[-28.8392,38.5998],[-28.7369,38.6283],[-28.7196,38.6452],[-28.7005,38.6384],[-28.6979,38.6391],[-28.6978,38.639],[-28.6975,38.6391],[-28.6885,38.6341],[-28.6326,38.614],[-28.6097,38.5974],[-28.5961,38.5527],[-28.6046,38.5496],[-28.6397,38.5243]]],[[[-27.8276,38.5435],[-27.8358,38.5428],[-27.9152,38.5652],[-27.9356,38.5744],[-27.997,38.5921],[-28.0345,38.5901],[-28.066,38.6118],[-28.0931,38.6196],[-28.1172,38.629],[-28.1779,38.6451],[-28.1955,38.6624],[-28.2243,38.6832],[-28.2472,38.6862],[-28.3121,38.7353],[-28.3155,38.7551],[-28.2645,38.7315],[-28.2325,38.7256],[-28.0343,38.6663],[-27.9783,38.642],[-27.9631,38.6373],[-27.8817,38.6011],[-27.7789,38.5671],[-27.7606,38.549],[-27.8241,38.5438],[-27.8263,38.5432],[-27.8265,38.5433],[-27.8267,38.5432],[-27.8276,38.5435]]],[[[-27.0571,38.6619],[-27.0603,38.6414],[-27.0891,38.631],[-27.0972,38.6336],[-27.1391,38.6391],[-27.1817,38.6394],[-27.1937,38.6464],[-27.2123,38.6489],[-27.2284,38.6411],[-27.2529,38.6527],[-27.2857,38.6587],[-27.3047,38.6612],[-27.3068,38.6625],[-27.3276,38.6663],[-27.3734,38.707],[-27.3917,38.7589],[-27.3869,38.7639],[-27.3875,38.7654],[-27.3874,38.7655],[-27.3875,38.7658],[-27.3813,38.7697],[-27.3688,38.7827],[-27.3533,38.7873],[-27.3515,38.7884],[-27.3472,38.7891],[-27.2982,38.8035],[-27.2638,38.8018],[-27.2615,38.8022],[-27.2612,38.8022],[-27.2611,38.8022],[-27.2498,38.8012],[-27.1443,38.7961],[-27.1306,38.7903],[-27.1279,38.7901],[-27.1216,38.7865],[-27.0751,38.767],[-27.0426,38.7445],[-27.0425,38.742],[-27.0415,38.7415],[-27.0415,38.725],[-27.0409,38.7144],[-27.0201,38.6937],[-27.0415,38.6848],[-27.0415,38.6786],[-27.0571,38.6619]]],[[[-31.1383,39.4731],[-31.1327,39.4655],[-31.1316,39.423],[-31.1383,39.4095],[-31.1383,39.406],[-31.1421,39.4019],[-31.1566,39.3726],[-31.1772,39.3556],[-31.2688,39.3647],[-31.2847,39.3979],[-31.2809,39.4431],[-31.2623,39.4907],[-31.2611,39.4966],[-31.2599,39.4971],[-31.2558,39.5075],[-31.2005,39.5222],[-31.2016,39.5202],[-31.1999,39.5209],[-31.1998,39.5208],[-31.1995,39.5209],[-31.1688,39.5],[-31.1595,39.5018],[-31.1475,39.4856],[-31.1383,39.4793],[-31.1383,39.4731]]],[[[-17.1734,32.7247],[-17.2145,32.7506],[-17.2412,32.7791],[-17.2521,32.8145],[-17.2003,32.8685],[-17.1923,32.8685],[-17.1922,32.8686],[-17.1919,32.8685],[-17.1918,32.8686],[-17.1915,32.8685],[-17.1661,32.8685],[-17.1459,32.8511],[-17.0551,32.8166],[-16.9877,32.8296],[-16.98,32.8332],[-16.9441,32.838],[-16.9294,32.8408],[-16.9293,32.8407],[-16.929,32.8408],[-16.9275,32.8402],[-16.9197,32.8412],[-16.8607,32.8132],[-16.8494,32.806],[-16.7802,32.7757],[-16.7475,32.7708],[-16.7316,32.7651],[-16.7083,32.7607],[-16.693,32.7667],[-16.6727,32.7586],[-16.7096,32.7452],[-16.7634,32.7102],[-16.7803,32.6962],[-16.7887,32.6867],[-16.8064,32.6568],[-16.8478,32.644],[-16.8959,32.6416],[-16.9768,32.6472],[-17.143,32.7056],[-17.1682,32.7215],[-17.1706,32.7224],[-17.1734,32.7247]]]]}},
{"type":"Feature","properties":{"entityId":"portugal","from":1166,"to":1192,"certainty":"estimated","source":"유럽 쪽은 Natural Earth 1:10m admin-1(v5.1.2) 현대 행정구역 조각을 그 시기 국경에 맞춰 묶고, 조각이 역사 경계와 다른 곳은 선을 그어 나눈 근사. 유럽 밖(시베리아·중앙아시아·극동)은 대략적인 추정. 운영자 검수 필요"},"geometry":{"type":"MultiPolygon","coordinates":[[[[-8.9511,41.471],[-8.9719,41.5079],[-8.9913,41.5425],[-8.9916,41.5448],[-8.9963,41.5817],[-9.001,41.6186],[-9.0057,41.6555],[-9.0246,41.8031],[-9.0293,41.84],[-9.034,41.8769],[-8.9994,41.8769],[-8.9648,41.8769],[-8.9302,41.8769],[-8.8956,41.8769],[-8.8673,41.8769],[-8.8609,41.8769],[-8.8389,41.8769],[-8.8262,41.8848],[-8.8262,41.9138],[-8.8262,41.9167],[-8.7915,41.9312],[-8.7915,41.9076],[-8.7628,41.932],[-8.7568,41.9506],[-8.7508,41.969],[-8.6708,41.9998],[-8.6526,42.0314],[-8.6269,42.051],[-8.5728,42.0544],[-8.5012,42.0831],[-8.3467,42.1017],[-8.2954,42.1301],[-8.2523,42.1376],[-8.2224,42.1536],[-8.2043,42.1288],[-8.2074,42.0858],[-8.1913,42.0621],[-8.1376,42.0729],[-8.0951,42.0409],[-8.108,42.0109],[-8.1821,41.9654],[-8.2207,41.9227],[-8.2317,41.886],[-8.2204,41.8682],[-8.1846,41.8577],[-8.1793,41.8126],[-8.0935,41.8067],[-8.0504,41.816],[-7.9936,41.8637],[-7.9448,41.867],[-7.9258,41.9082],[-7.9061,41.9139],[-7.8966,41.8579],[-7.8648,41.8579],[-7.8497,41.8758],[-7.7501,41.8884],[-7.722,41.8993],[-7.6612,41.8749],[-7.6074,41.8732],[-7.6222,41.8323],[-7.5884,41.8242],[-7.5316,41.8402],[-7.5081,41.8649],[-7.4694,41.8525],[-7.4427,41.806],[-7.4054,41.8352],[-7.3768,41.844],[-7.3225,41.8454],[-7.2515,41.8637],[-7.2093,41.8892],[-7.1957,41.9174],[-7.1999,41.9637],[-7.1454,41.9875],[-7.0827,41.9528],[-7.0513,41.942],[-6.9924,41.9664],[-6.9835,41.963],[-6.9451,41.9434],[-6.855,41.9429],[-6.8312,41.954],[-6.8249,41.9838],[-6.7944,41.9797],[-6.7579,41.9376],[-6.728,41.9309],[-6.6568,41.9331],[-6.6228,41.941],[-6.6095,41.9623],[-6.5851,41.9547],[-6.5676,41.9261],[-6.5758,41.8829],[-6.5242,41.8674],[-6.5357,41.8486],[-6.5601,41.7669],[-6.5774,41.7397],[-6.5553,41.6749],[-6.5134,41.6509],[-6.4608,41.6766],[-6.3659,41.6636],[-6.3171,41.6501],[-6.2722,41.6282],[-6.2059,41.5703],[-6.2859,41.4869],[-6.2829,41.4656],[-6.321,41.4196],[-6.3762,41.3969],[-6.431,41.339],[-6.4821,41.303],[-6.5635,41.2707],[-6.6466,41.2676],[-6.6938,41.2174],[-6.7069,41.1943],[-6.759,41.1518],[-6.7648,41.1089],[-6.818,41.0541],[-6.9068,41.0561],[-6.9274,41.0481],[-6.9425,41.016],[-6.9306,40.9921],[-6.8852,40.9489],[-6.847,40.8789],[-6.8212,40.8701],[-6.8203,40.8442],[-6.8367,40.8402],[-6.837,40.7433],[-6.8162,40.6772],[-6.8143,40.6472],[-6.8445,40.5978],[-6.8484,40.5648],[-6.8181,40.5319],[-6.8153,40.5025],[-6.8571,40.4421],[-6.8513,40.4095],[-6.8281,40.3806],[-6.7944,40.3564],[-6.812,40.3323],[-6.8639,40.301],[-6.8745,40.2792],[-6.8964,40.2555],[-6.9421,40.255],[-7.0248,40.2162],[-7.0431,40.1814],[-7.0158,40.1191],[-6.9557,40.1029],[-6.9199,40.0649],[-6.8797,40.0092],[-6.8969,39.9871],[-6.9095,39.932],[-6.9223,39.9224],[-6.9242,39.8716],[-6.9528,39.8329],[-6.9852,39.8211],[-7.0003,39.8025],[-6.993,39.7742],[-7.0133,39.7389],[-7.0096,39.7155],[-7.0358,39.6893],[-7.1829,39.6751],[-7.2358,39.6865],[-7.2928,39.6833],[-7.3414,39.6718],[-7.5573,39.6798],[-7.5559,39.6772],[-7.6032,39.6658],[-7.6389,39.6422],[-7.6955,39.6527],[-7.7401,39.6043],[-7.7597,39.5985],[-7.8047,39.5571],[-7.8618,39.5202],[-7.9366,39.5533],[-7.968,39.5369],[-8.0102,39.4687],[-7.9549,39.4279],[-7.9689,39.3902],[-8.024,39.3598],[-8.0461,39.3217],[-8.0854,39.2853],[-8.1194,39.2854],[-8.1527,39.2523],[-8.2357,39.1945],[-8.2912,39.1638],[-8.3336,39.117],[-8.3341,39.1007],[-8.291,39.0796],[-8.2547,39.0214],[-8.1969,39.0009],[-8.1458,39.0255],[-8.1028,39.0221],[-8.1093,38.9972],[-8.0923,38.9795],[-8.0853,39.0006],[-8.0585,39.006],[-8.0212,38.9821],[-8.0185,38.9476],[-7.9818,38.9444],[-7.9447,38.9671],[-7.9116,38.9634],[-7.8668,38.9153],[-7.8385,38.9002],[-7.7873,38.8991],[-7.7549,38.9082],[-7.7294,38.9315],[-7.6977,38.922],[-7.6328,38.9211],[-7.6023,38.9489],[-7.5425,38.9662],[-7.5491,38.9926],[-7.4819,38.9779],[-7.4597,38.9559],[-7.4542,38.9218],[-7.4324,38.9063],[-7.4076,38.8571],[-7.4134,38.8418],[-7.3691,38.8015],[-7.332,38.8038],[-7.2902,38.835],[-7.2425,38.8434],[-7.2183,38.8327],[-7.2156,38.8055],[-7.2306,38.7876],[-7.2259,38.7661],[-7.2704,38.7375],[-7.2841,38.7132],[-7.2909,38.6382],[-7.2735,38.6254],[-7.2759,38.6038],[-7.3177,38.5563],[-7.3456,38.4941],[-7.3352,38.4694],[-7.3592,38.4464],[-7.3171,38.4246],[-7.1672,38.2721],[-7.1269,38.1909],[-7.1171,38.1836],[-7.1521,38.1765],[-7.173,38.1903],[-7.2061,38.2513],[-7.2525,38.277],[-7.281,38.3308],[-7.3365,38.3206],[-7.4005,38.2998],[-7.4142,38.2679],[-7.4746,38.2356],[-7.5064,38.1983],[-7.5622,38.1973],[-7.6036,38.2062],[-7.6694,38.2075],[-7.7734,38.2469],[-7.8239,38.2511],[-7.9086,38.2812],[-7.9312,38.3025],[-7.9804,38.3145],[-8.02,38.3075],[-8.0425,38.3238],[-8.1583,38.3265],[-8.1621,38.3176],[-8.1301,38.2507],[-8.1351,38.2232],[-8.2308,38.1982],[-8.2417,38.1794],[-8.2847,38.1764],[-8.2957,38.1444],[-8.3478,38.1432],[-8.3629,38.1073],[-8.3858,38.1107],[-8.4013,38.076],[-8.3941,38.0551],[-8.3598,38.029],[-8.3095,38.0128],[-8.2934,37.9815],[-8.2995,37.9087],[-8.3286,37.8467],[-8.3581,37.8594],[-8.4325,37.8666],[-8.5217,37.853],[-8.549,37.8395],[-8.5728,37.8109],[-8.5958,37.759],[-8.6236,37.7551],[-8.6564,37.7692],[-8.6835,37.7575],[-8.7341,37.8135],[-8.7811,37.8101],[-8.8014,37.8268],[-8.8017,37.8326],[-8.8141,37.8326],[-8.8214,37.868],[-8.8221,37.8713],[-8.8668,37.9387],[-8.8948,37.9525],[-8.8771,37.9661],[-8.8203,38.1359],[-8.8401,38.2657],[-9.0095,38.301],[-9.2108,38.343],[-9.2865,38.3588],[-9.3443,38.4497],[-9.3783,38.5031],[-9.3953,38.5298],[-9.4122,38.5564],[-9.4247,38.5761],[-9.5061,38.704],[-9.5277,38.738],[-9.5277,38.7383],[-9.5277,38.7384],[-9.514,38.8516],[-9.4782,39.1467],[-9.4693,39.2205],[-9.4648,39.2574],[-9.4603,39.2943],[-9.4485,39.3917],[-9.3934,39.4419],[-9.0693,39.737],[-9.0489,39.7556],[-8.9997,40.0322],[-8.9931,40.0691],[-8.9865,40.106],[-8.9769,40.1601],[-8.9701,40.1798],[-8.9188,40.3273],[-8.8675,40.4749],[-8.8547,40.5118],[-8.8419,40.5487],[-8.8162,40.6225],[-8.7681,40.7609],[-8.7761,40.9176],[-8.7799,40.9914],[-8.7818,41.0283],[-8.7837,41.0652],[-8.7897,41.1837],[-8.8061,41.2128],[-8.8889,41.3603],[-8.9304,41.4341],[-8.9511,41.471]]],[[[-25.1623,36.9469],[-25.1691,36.946],[-25.2016,36.9904],[-25.197,36.9941],[-25.1987,36.9964],[-25.1985,36.9965],[-25.1987,36.9968],[-25.1753,37.0115],[-25.1703,37.0155],[-25.1682,37.0159],[-25.1627,37.0194],[-25.1458,37.0205],[-25.1336,37.023],[-25.1144,37.0226],[-25.0835,37.0246],[-25.0831,37.0246],[-25.0785,37.0218],[-25.0668,37.0215],[-25.0292,36.9924],[-25.0122,36.9492],[-25.0271,36.9343],[-25.098,36.9484],[-25.1587,36.9426],[-25.1591,36.9426],[-25.1623,36.9469]]],[[[-25.3333,37.7259],[-25.3724,37.7174],[-25.4372,37.7153],[-25.4395,37.7151],[-25.4397,37.7151],[-25.4399,37.7151],[-25.4407,37.7152],[-25.4883,37.7137],[-25.5057,37.7067],[-25.5591,37.7291],[-25.6155,37.7409],[-25.7043,37.744],[-25.7346,37.7619],[-25.7351,37.762],[-25.738,37.7639],[-25.8251,37.8154],[-25.8595,37.8539],[-25.8467,37.8909],[-25.8467,37.8943],[-25.8454,37.8947],[-25.8415,37.906],[-25.7932,37.9095],[-25.7855,37.9117],[-25.7854,37.9116],[-25.7851,37.9117],[-25.7824,37.9103],[-25.7646,37.9116],[-25.7391,37.906],[-25.7042,37.8826],[-25.6929,37.8637],[-25.6483,37.8405],[-25.5872,37.8336],[-25.5305,37.8364],[-25.4899,37.848],[-25.4746,37.8391],[-25.4126,37.8421],[-25.3398,37.8618],[-25.1978,37.8644],[-25.1592,37.852],[-25.1352,37.8223],[-25.1323,37.7862],[-25.1568,37.7545],[-25.1947,37.7407],[-25.2506,37.735],[-25.2523,37.7342],[-25.3333,37.7259]]],[[[-28.1737,38.4054],[-28.1946,38.402],[-28.2295,38.3852],[-28.2296,38.3852],[-28.2419,38.3776],[-28.2601,38.3932],[-28.3298,38.4118],[-28.3529,38.4122],[-28.4527,38.4078],[-28.4531,38.4078],[-28.4535,38.408],[-28.4595,38.4057],[-28.5254,38.4539],[-28.5303,38.4602],[-28.5323,38.4616],[-28.533,38.4637],[-28.5489,38.4844],[-28.5489,38.5144],[-28.5503,38.5189],[-28.5502,38.519],[-28.5503,38.5193],[-28.5489,38.5205],[-28.5489,38.5286],[-28.5187,38.5501],[-28.5139,38.5512],[-28.5107,38.554],[-28.5018,38.554],[-28.4853,38.5578],[-28.4276,38.554],[-28.4023,38.554],[-28.3972,38.552],[-28.3745,38.5505],[-28.2805,38.506],[-28.1652,38.4606],[-28.1095,38.4466],[-28.0638,38.4428],[-28.0406,38.4091],[-28.0542,38.3985],[-28.1559,38.4067],[-28.1737,38.4054]]],[[[-28.6397,38.5243],[-28.6362,38.5155],[-28.6718,38.5224],[-28.727,38.5149],[-28.7496,38.5235],[-28.7616,38.5356],[-28.8419,38.5987],[-28.8416,38.5988],[-28.8417,38.5989],[-28.8418,38.599],[-28.8424,38.5994],[-28.8392,38.5998],[-28.7369,38.6283],[-28.7196,38.6452],[-28.7005,38.6384],[-28.6979,38.6391],[-28.6978,38.639],[-28.6975,38.6391],[-28.6885,38.6341],[-28.6326,38.614],[-28.6097,38.5974],[-28.5961,38.5527],[-28.6046,38.5496],[-28.6397,38.5243]]],[[[-27.8276,38.5435],[-27.8358,38.5428],[-27.9152,38.5652],[-27.9356,38.5744],[-27.997,38.5921],[-28.0345,38.5901],[-28.066,38.6118],[-28.0931,38.6196],[-28.1172,38.629],[-28.1779,38.6451],[-28.1955,38.6624],[-28.2243,38.6832],[-28.2472,38.6862],[-28.3121,38.7353],[-28.3155,38.7551],[-28.2645,38.7315],[-28.2325,38.7256],[-28.0343,38.6663],[-27.9783,38.642],[-27.9631,38.6373],[-27.8817,38.6011],[-27.7789,38.5671],[-27.7606,38.549],[-27.8241,38.5438],[-27.8263,38.5432],[-27.8265,38.5433],[-27.8267,38.5432],[-27.8276,38.5435]]],[[[-27.0571,38.6619],[-27.0603,38.6414],[-27.0891,38.631],[-27.0972,38.6336],[-27.1391,38.6391],[-27.1817,38.6394],[-27.1937,38.6464],[-27.2123,38.6489],[-27.2284,38.6411],[-27.2529,38.6527],[-27.2857,38.6587],[-27.3047,38.6612],[-27.3068,38.6625],[-27.3276,38.6663],[-27.3734,38.707],[-27.3917,38.7589],[-27.3869,38.7639],[-27.3875,38.7654],[-27.3874,38.7655],[-27.3875,38.7658],[-27.3813,38.7697],[-27.3688,38.7827],[-27.3533,38.7873],[-27.3515,38.7884],[-27.3472,38.7891],[-27.2982,38.8035],[-27.2638,38.8018],[-27.2615,38.8022],[-27.2612,38.8022],[-27.2611,38.8022],[-27.2498,38.8012],[-27.1443,38.7961],[-27.1306,38.7903],[-27.1279,38.7901],[-27.1216,38.7865],[-27.0751,38.767],[-27.0426,38.7445],[-27.0425,38.742],[-27.0415,38.7415],[-27.0415,38.725],[-27.0409,38.7144],[-27.0201,38.6937],[-27.0415,38.6848],[-27.0415,38.6786],[-27.0571,38.6619]]],[[[-31.1383,39.4731],[-31.1327,39.4655],[-31.1316,39.423],[-31.1383,39.4095],[-31.1383,39.406],[-31.1421,39.4019],[-31.1566,39.3726],[-31.1772,39.3556],[-31.2688,39.3647],[-31.2847,39.3979],[-31.2809,39.4431],[-31.2623,39.4907],[-31.2611,39.4966],[-31.2599,39.4971],[-31.2558,39.5075],[-31.2005,39.5222],[-31.2016,39.5202],[-31.1999,39.5209],[-31.1998,39.5208],[-31.1995,39.5209],[-31.1688,39.5],[-31.1595,39.5018],[-31.1475,39.4856],[-31.1383,39.4793],[-31.1383,39.4731]]],[[[-17.1734,32.7247],[-17.2145,32.7506],[-17.2412,32.7791],[-17.2521,32.8145],[-17.2003,32.8685],[-17.1923,32.8685],[-17.1922,32.8686],[-17.1919,32.8685],[-17.1918,32.8686],[-17.1915,32.8685],[-17.1661,32.8685],[-17.1459,32.8511],[-17.0551,32.8166],[-16.9877,32.8296],[-16.98,32.8332],[-16.9441,32.838],[-16.9294,32.8408],[-16.9293,32.8407],[-16.929,32.8408],[-16.9275,32.8402],[-16.9197,32.8412],[-16.8607,32.8132],[-16.8494,32.806],[-16.7802,32.7757],[-16.7475,32.7708],[-16.7316,32.7651],[-16.7083,32.7607],[-16.693,32.7667],[-16.6727,32.7586],[-16.7096,32.7452],[-16.7634,32.7102],[-16.7803,32.6962],[-16.7887,32.6867],[-16.8064,32.6568],[-16.8478,32.644],[-16.8959,32.6416],[-16.9768,32.6472],[-17.143,32.7056],[-17.1682,32.7215],[-17.1706,32.7224],[-17.1734,32.7247]]]]}},
{"type":"Feature","properties":{"entityId":"portugal","from":1192,"to":1217,"certainty":"estimated","source":"유럽 쪽은 Natural Earth 1:10m admin-1(v5.1.2) 현대 행정구역 조각을 그 시기 국경에 맞춰 묶고, 조각이 역사 경계와 다른 곳은 선을 그어 나눈 근사. 유럽 밖(시베리아·중앙아시아·극동)은 대략적인 추정. 운영자 검수 필요"},"geometry":{"type":"MultiPolygon","coordinates":[[[[-8.9511,41.471],[-8.9719,41.5079],[-8.9913,41.5425],[-8.9916,41.5448],[-8.9963,41.5817],[-9.001,41.6186],[-9.0057,41.6555],[-9.0246,41.8031],[-9.0293,41.84],[-9.034,41.8769],[-8.9994,41.8769],[-8.9648,41.8769],[-8.9302,41.8769],[-8.8956,41.8769],[-8.8673,41.8769],[-8.8609,41.8769],[-8.8389,41.8769],[-8.8262,41.8848],[-8.8262,41.9138],[-8.8262,41.9167],[-8.7915,41.9312],[-8.7915,41.9076],[-8.7628,41.932],[-8.7568,41.9506],[-8.7508,41.969],[-8.6708,41.9998],[-8.6526,42.0314],[-8.6269,42.051],[-8.5728,42.0544],[-8.5012,42.0831],[-8.3467,42.1017],[-8.2954,42.1301],[-8.2523,42.1376],[-8.2224,42.1536],[-8.2043,42.1288],[-8.2074,42.0858],[-8.1913,42.0621],[-8.1376,42.0729],[-8.0951,42.0409],[-8.108,42.0109],[-8.1821,41.9654],[-8.2207,41.9227],[-8.2317,41.886],[-8.2204,41.8682],[-8.1846,41.8577],[-8.1793,41.8126],[-8.0935,41.8067],[-8.0504,41.816],[-7.9936,41.8637],[-7.9448,41.867],[-7.9258,41.9082],[-7.9061,41.9139],[-7.8966,41.8579],[-7.8648,41.8579],[-7.8497,41.8758],[-7.7501,41.8884],[-7.722,41.8993],[-7.6612,41.8749],[-7.6074,41.8732],[-7.6222,41.8323],[-7.5884,41.8242],[-7.5316,41.8402],[-7.5081,41.8649],[-7.4694,41.8525],[-7.4427,41.806],[-7.4054,41.8352],[-7.3768,41.844],[-7.3225,41.8454],[-7.2515,41.8637],[-7.2093,41.8892],[-7.1957,41.9174],[-7.1999,41.9637],[-7.1454,41.9875],[-7.0827,41.9528],[-7.0513,41.942],[-6.9924,41.9664],[-6.9835,41.963],[-6.9451,41.9434],[-6.855,41.9429],[-6.8312,41.954],[-6.8249,41.9838],[-6.7944,41.9797],[-6.7579,41.9376],[-6.728,41.9309],[-6.6568,41.9331],[-6.6228,41.941],[-6.6095,41.9623],[-6.5851,41.9547],[-6.5676,41.9261],[-6.5758,41.8829],[-6.5242,41.8674],[-6.5357,41.8486],[-6.5601,41.7669],[-6.5774,41.7397],[-6.5553,41.6749],[-6.5134,41.6509],[-6.4608,41.6766],[-6.3659,41.6636],[-6.3171,41.6501],[-6.2722,41.6282],[-6.2059,41.5703],[-6.2859,41.4869],[-6.2829,41.4656],[-6.321,41.4196],[-6.3762,41.3969],[-6.431,41.339],[-6.4821,41.303],[-6.5635,41.2707],[-6.6466,41.2676],[-6.6938,41.2174],[-6.7069,41.1943],[-6.759,41.1518],[-6.7648,41.1089],[-6.818,41.0541],[-6.9068,41.0561],[-6.9274,41.0481],[-6.9425,41.016],[-6.9306,40.9921],[-6.8852,40.9489],[-6.847,40.8789],[-6.8212,40.8701],[-6.8203,40.8442],[-6.8367,40.8402],[-6.837,40.7433],[-6.8162,40.6772],[-6.8143,40.6472],[-6.8445,40.5978],[-6.8484,40.5648],[-6.8181,40.5319],[-6.8153,40.5025],[-6.8571,40.4421],[-6.8513,40.4095],[-6.8281,40.3806],[-6.7944,40.3564],[-6.812,40.3323],[-6.8639,40.301],[-6.8745,40.2792],[-6.8964,40.2555],[-6.9421,40.255],[-7.0248,40.2162],[-7.0431,40.1814],[-7.0158,40.1191],[-6.9557,40.1029],[-6.9199,40.0649],[-6.8797,40.0092],[-6.8969,39.9871],[-6.9095,39.932],[-6.9223,39.9224],[-6.9242,39.8716],[-6.9528,39.8329],[-6.9852,39.8211],[-7.0003,39.8025],[-6.993,39.7742],[-7.0133,39.7389],[-7.0096,39.7155],[-7.0358,39.6893],[-7.1829,39.6751],[-7.2358,39.6865],[-7.2928,39.6833],[-7.3414,39.6718],[-7.5573,39.6798],[-7.5559,39.6772],[-7.6032,39.6658],[-7.6389,39.6422],[-7.6955,39.6527],[-7.7401,39.6043],[-7.7597,39.5985],[-7.8047,39.5571],[-7.8618,39.5202],[-7.9366,39.5533],[-7.968,39.5369],[-8.0102,39.4687],[-7.9549,39.4279],[-7.9689,39.3902],[-8.024,39.3598],[-8.0461,39.3217],[-8.0854,39.2853],[-8.1194,39.2854],[-8.1527,39.2523],[-8.2357,39.1945],[-8.2912,39.1638],[-8.3336,39.117],[-8.3341,39.1007],[-8.291,39.0796],[-8.2547,39.0214],[-8.1969,39.0009],[-8.1458,39.0255],[-8.1028,39.0221],[-8.1093,38.9972],[-8.0923,38.9795],[-8.0853,39.0006],[-8.0585,39.006],[-8.0212,38.9821],[-8.0185,38.9476],[-7.9818,38.9444],[-7.9447,38.9671],[-7.9116,38.9634],[-7.8668,38.9153],[-7.8385,38.9002],[-7.7873,38.8991],[-7.7549,38.9082],[-7.7294,38.9315],[-7.6977,38.922],[-7.6328,38.9211],[-7.6023,38.9489],[-7.5425,38.9662],[-7.5491,38.9926],[-7.4819,38.9779],[-7.4597,38.9559],[-7.4542,38.9218],[-7.4324,38.9063],[-7.4076,38.8571],[-7.4134,38.8418],[-7.3691,38.8015],[-7.332,38.8038],[-7.2902,38.835],[-7.2425,38.8434],[-7.2183,38.8327],[-7.2156,38.8055],[-7.2306,38.7876],[-7.2259,38.7661],[-7.2704,38.7375],[-7.2841,38.7132],[-7.2909,38.6382],[-7.2735,38.6254],[-7.2759,38.6038],[-7.3177,38.5563],[-7.3456,38.4941],[-7.3352,38.4694],[-7.3592,38.4464],[-7.3171,38.4246],[-7.1672,38.2721],[-7.1269,38.1909],[-7.1171,38.1836],[-7.1521,38.1765],[-7.173,38.1903],[-7.2061,38.2513],[-7.2525,38.277],[-7.281,38.3308],[-7.3365,38.3206],[-7.4005,38.2998],[-7.4142,38.2679],[-7.4746,38.2356],[-7.5064,38.1983],[-7.5622,38.1973],[-7.6036,38.2062],[-7.6694,38.2075],[-7.7734,38.2469],[-7.8239,38.2511],[-7.9086,38.2812],[-7.9312,38.3025],[-7.9804,38.3145],[-8.02,38.3075],[-8.0425,38.3238],[-8.1583,38.3265],[-8.1621,38.3176],[-8.1999,38.3405],[-8.2461,38.3493],[-8.3084,38.377],[-8.2922,38.4073],[-8.2936,38.4328],[-8.32,38.4479],[-8.3313,38.5008],[-8.3685,38.5357],[-8.3958,38.5356],[-8.4333,38.5201],[-8.4619,38.5191],[-8.5086,38.5426],[-8.5166,38.5194],[-8.5699,38.5289],[-8.6086,38.5472],[-8.6381,38.5504],[-8.6516,38.6062],[-8.6155,38.6423],[-8.5317,38.6883],[-8.5078,38.7128],[-8.4963,38.7477],[-8.5048,38.7609],[-8.5466,38.767],[-8.5932,38.7725],[-8.6045,38.7836],[-8.6078,38.8304],[-8.6437,38.8153],[-8.7032,38.8344],[-8.762,38.7381],[-8.7856,38.7342],[-8.8422,38.7562],[-8.8898,38.7415],[-8.9194,38.7501],[-8.9231,38.7778],[-8.9426,38.7756],[-8.946,38.783],[-8.9697,38.783],[-8.9967,38.783],[-9.0237,38.783],[-9.0508,38.783],[-9.0508,38.7648],[-9.0508,38.7392],[-9.0508,38.7231],[-9.0779,38.7231],[-9.1049,38.7231],[-9.1049,38.6928],[-9.1319,38.6928],[-9.159,38.6928],[-9.159,38.6799],[-9.2051,38.6759],[-9.2051,38.6967],[-9.2202,38.6939],[-9.2512,38.6962],[-9.2512,38.6661],[-9.2527,38.6655],[-9.2513,38.6632],[-9.2973,38.6632],[-9.2973,38.6276],[-9.2973,38.592],[-9.3434,38.592],[-9.3434,38.5564],[-9.3618,38.5564],[-9.3618,38.5298],[-9.387,38.5298],[-9.3953,38.5298],[-9.4122,38.5564],[-9.4247,38.5761],[-9.5061,38.704],[-9.5277,38.738],[-9.5277,38.7383],[-9.5277,38.7384],[-9.514,38.8516],[-9.4782,39.1467],[-9.4693,39.2205],[-9.4648,39.2574],[-9.4603,39.2943],[-9.4485,39.3917],[-9.3934,39.4419],[-9.0693,39.737],[-9.0489,39.7556],[-8.9997,40.0322],[-8.9931,40.0691],[-8.9865,40.106],[-8.9769,40.1601],[-8.9701,40.1798],[-8.9188,40.3273],[-8.8675,40.4749],[-8.8547,40.5118],[-8.8419,40.5487],[-8.8162,40.6225],[-8.7681,40.7609],[-8.7761,40.9176],[-8.7799,40.9914],[-8.7818,41.0283],[-8.7837,41.0652],[-8.7897,41.1837],[-8.8061,41.2128],[-8.8889,41.3603],[-8.9304,41.4341],[-8.9511,41.471]]],[[[-25.1623,36.9469],[-25.1691,36.946],[-25.2016,36.9904],[-25.197,36.9941],[-25.1987,36.9964],[-25.1985,36.9965],[-25.1987,36.9968],[-25.1753,37.0115],[-25.1703,37.0155],[-25.1682,37.0159],[-25.1627,37.0194],[-25.1458,37.0205],[-25.1336,37.023],[-25.1144,37.0226],[-25.0835,37.0246],[-25.0831,37.0246],[-25.0785,37.0218],[-25.0668,37.0215],[-25.0292,36.9924],[-25.0122,36.9492],[-25.0271,36.9343],[-25.098,36.9484],[-25.1587,36.9426],[-25.1591,36.9426],[-25.1623,36.9469]]],[[[-25.3333,37.7259],[-25.3724,37.7174],[-25.4372,37.7153],[-25.4395,37.7151],[-25.4397,37.7151],[-25.4399,37.7151],[-25.4407,37.7152],[-25.4883,37.7137],[-25.5057,37.7067],[-25.5591,37.7291],[-25.6155,37.7409],[-25.7043,37.744],[-25.7346,37.7619],[-25.7351,37.762],[-25.738,37.7639],[-25.8251,37.8154],[-25.8595,37.8539],[-25.8467,37.8909],[-25.8467,37.8943],[-25.8454,37.8947],[-25.8415,37.906],[-25.7932,37.9095],[-25.7855,37.9117],[-25.7854,37.9116],[-25.7851,37.9117],[-25.7824,37.9103],[-25.7646,37.9116],[-25.7391,37.906],[-25.7042,37.8826],[-25.6929,37.8637],[-25.6483,37.8405],[-25.5872,37.8336],[-25.5305,37.8364],[-25.4899,37.848],[-25.4746,37.8391],[-25.4126,37.8421],[-25.3398,37.8618],[-25.1978,37.8644],[-25.1592,37.852],[-25.1352,37.8223],[-25.1323,37.7862],[-25.1568,37.7545],[-25.1947,37.7407],[-25.2506,37.735],[-25.2523,37.7342],[-25.3333,37.7259]]],[[[-28.1737,38.4054],[-28.1946,38.402],[-28.2295,38.3852],[-28.2296,38.3852],[-28.2419,38.3776],[-28.2601,38.3932],[-28.3298,38.4118],[-28.3529,38.4122],[-28.4527,38.4078],[-28.4531,38.4078],[-28.4535,38.408],[-28.4595,38.4057],[-28.5254,38.4539],[-28.5303,38.4602],[-28.5323,38.4616],[-28.533,38.4637],[-28.5489,38.4844],[-28.5489,38.5144],[-28.5503,38.5189],[-28.5502,38.519],[-28.5503,38.5193],[-28.5489,38.5205],[-28.5489,38.5286],[-28.5187,38.5501],[-28.5139,38.5512],[-28.5107,38.554],[-28.5018,38.554],[-28.4853,38.5578],[-28.4276,38.554],[-28.4023,38.554],[-28.3972,38.552],[-28.3745,38.5505],[-28.2805,38.506],[-28.1652,38.4606],[-28.1095,38.4466],[-28.0638,38.4428],[-28.0406,38.4091],[-28.0542,38.3985],[-28.1559,38.4067],[-28.1737,38.4054]]],[[[-28.6397,38.5243],[-28.6362,38.5155],[-28.6718,38.5224],[-28.727,38.5149],[-28.7496,38.5235],[-28.7616,38.5356],[-28.8419,38.5987],[-28.8416,38.5988],[-28.8417,38.5989],[-28.8418,38.599],[-28.8424,38.5994],[-28.8392,38.5998],[-28.7369,38.6283],[-28.7196,38.6452],[-28.7005,38.6384],[-28.6979,38.6391],[-28.6978,38.639],[-28.6975,38.6391],[-28.6885,38.6341],[-28.6326,38.614],[-28.6097,38.5974],[-28.5961,38.5527],[-28.6046,38.5496],[-28.6397,38.5243]]],[[[-27.8276,38.5435],[-27.8358,38.5428],[-27.9152,38.5652],[-27.9356,38.5744],[-27.997,38.5921],[-28.0345,38.5901],[-28.066,38.6118],[-28.0931,38.6196],[-28.1172,38.629],[-28.1779,38.6451],[-28.1955,38.6624],[-28.2243,38.6832],[-28.2472,38.6862],[-28.3121,38.7353],[-28.3155,38.7551],[-28.2645,38.7315],[-28.2325,38.7256],[-28.0343,38.6663],[-27.9783,38.642],[-27.9631,38.6373],[-27.8817,38.6011],[-27.7789,38.5671],[-27.7606,38.549],[-27.8241,38.5438],[-27.8263,38.5432],[-27.8265,38.5433],[-27.8267,38.5432],[-27.8276,38.5435]]],[[[-27.0571,38.6619],[-27.0603,38.6414],[-27.0891,38.631],[-27.0972,38.6336],[-27.1391,38.6391],[-27.1817,38.6394],[-27.1937,38.6464],[-27.2123,38.6489],[-27.2284,38.6411],[-27.2529,38.6527],[-27.2857,38.6587],[-27.3047,38.6612],[-27.3068,38.6625],[-27.3276,38.6663],[-27.3734,38.707],[-27.3917,38.7589],[-27.3869,38.7639],[-27.3875,38.7654],[-27.3874,38.7655],[-27.3875,38.7658],[-27.3813,38.7697],[-27.3688,38.7827],[-27.3533,38.7873],[-27.3515,38.7884],[-27.3472,38.7891],[-27.2982,38.8035],[-27.2638,38.8018],[-27.2615,38.8022],[-27.2612,38.8022],[-27.2611,38.8022],[-27.2498,38.8012],[-27.1443,38.7961],[-27.1306,38.7903],[-27.1279,38.7901],[-27.1216,38.7865],[-27.0751,38.767],[-27.0426,38.7445],[-27.0425,38.742],[-27.0415,38.7415],[-27.0415,38.725],[-27.0409,38.7144],[-27.0201,38.6937],[-27.0415,38.6848],[-27.0415,38.6786],[-27.0571,38.6619]]],[[[-31.1383,39.4731],[-31.1327,39.4655],[-31.1316,39.423],[-31.1383,39.4095],[-31.1383,39.406],[-31.1421,39.4019],[-31.1566,39.3726],[-31.1772,39.3556],[-31.2688,39.3647],[-31.2847,39.3979],[-31.2809,39.4431],[-31.2623,39.4907],[-31.2611,39.4966],[-31.2599,39.4971],[-31.2558,39.5075],[-31.2005,39.5222],[-31.2016,39.5202],[-31.1999,39.5209],[-31.1998,39.5208],[-31.1995,39.5209],[-31.1688,39.5],[-31.1595,39.5018],[-31.1475,39.4856],[-31.1383,39.4793],[-31.1383,39.4731]]],[[[-17.1734,32.7247],[-17.2145,32.7506],[-17.2412,32.7791],[-17.2521,32.8145],[-17.2003,32.8685],[-17.1923,32.8685],[-17.1922,32.8686],[-17.1919,32.8685],[-17.1918,32.8686],[-17.1915,32.8685],[-17.1661,32.8685],[-17.1459,32.8511],[-17.0551,32.8166],[-16.9877,32.8296],[-16.98,32.8332],[-16.9441,32.838],[-16.9294,32.8408],[-16.9293,32.8407],[-16.929,32.8408],[-16.9275,32.8402],[-16.9197,32.8412],[-16.8607,32.8132],[-16.8494,32.806],[-16.7802,32.7757],[-16.7475,32.7708],[-16.7316,32.7651],[-16.7083,32.7607],[-16.693,32.7667],[-16.6727,32.7586],[-16.7096,32.7452],[-16.7634,32.7102],[-16.7803,32.6962],[-16.7887,32.6867],[-16.8064,32.6568],[-16.8478,32.644],[-16.8959,32.6416],[-16.9768,32.6472],[-17.143,32.7056],[-17.1682,32.7215],[-17.1706,32.7224],[-17.1734,32.7247]]]]}},
{"type":"Feature","properties":{"entityId":"portugal","from":1217,"to":1230,"certainty":"estimated","source":"유럽 쪽은 Natural Earth 1:10m admin-1(v5.1.2) 현대 행정구역 조각을 그 시기 국경에 맞춰 묶고, 조각이 역사 경계와 다른 곳은 선을 그어 나눈 근사. 유럽 밖(시베리아·중앙아시아·극동)은 대략적인 추정. 운영자 검수 필요"},"geometry":{"type":"MultiPolygon","coordinates":[[[[-8.9511,41.471],[-8.9719,41.5079],[-8.9913,41.5425],[-8.9916,41.5448],[-8.9963,41.5817],[-9.001,41.6186],[-9.0057,41.6555],[-9.0246,41.8031],[-9.0293,41.84],[-9.034,41.8769],[-8.9994,41.8769],[-8.9648,41.8769],[-8.9302,41.8769],[-8.8956,41.8769],[-8.8673,41.8769],[-8.8609,41.8769],[-8.8389,41.8769],[-8.8262,41.8848],[-8.8262,41.9138],[-8.8262,41.9167],[-8.7915,41.9312],[-8.7915,41.9076],[-8.7628,41.932],[-8.7568,41.9506],[-8.7508,41.969],[-8.6708,41.9998],[-8.6526,42.0314],[-8.6269,42.051],[-8.5728,42.0544],[-8.5012,42.0831],[-8.3467,42.1017],[-8.2954,42.1301],[-8.2523,42.1376],[-8.2224,42.1536],[-8.2043,42.1288],[-8.2074,42.0858],[-8.1913,42.0621],[-8.1376,42.0729],[-8.0951,42.0409],[-8.108,42.0109],[-8.1821,41.9654],[-8.2207,41.9227],[-8.2317,41.886],[-8.2204,41.8682],[-8.1846,41.8577],[-8.1793,41.8126],[-8.0935,41.8067],[-8.0504,41.816],[-7.9936,41.8637],[-7.9448,41.867],[-7.9258,41.9082],[-7.9061,41.9139],[-7.8966,41.8579],[-7.8648,41.8579],[-7.8497,41.8758],[-7.7501,41.8884],[-7.722,41.8993],[-7.6612,41.8749],[-7.6074,41.8732],[-7.6222,41.8323],[-7.5884,41.8242],[-7.5316,41.8402],[-7.5081,41.8649],[-7.4694,41.8525],[-7.4427,41.806],[-7.4054,41.8352],[-7.3768,41.844],[-7.3225,41.8454],[-7.2515,41.8637],[-7.2093,41.8892],[-7.1957,41.9174],[-7.1999,41.9637],[-7.1454,41.9875],[-7.0827,41.9528],[-7.0513,41.942],[-6.9924,41.9664],[-6.9835,41.963],[-6.9451,41.9434],[-6.855,41.9429],[-6.8312,41.954],[-6.8249,41.9838],[-6.7944,41.9797],[-6.7579,41.9376],[-6.728,41.9309],[-6.6568,41.9331],[-6.6228,41.941],[-6.6095,41.9623],[-6.5851,41.9547],[-6.5676,41.9261],[-6.5758,41.8829],[-6.5242,41.8674],[-6.5357,41.8486],[-6.5601,41.7669],[-6.5774,41.7397],[-6.5553,41.6749],[-6.5134,41.6509],[-6.4608,41.6766],[-6.3659,41.6636],[-6.3171,41.6501],[-6.2722,41.6282],[-6.2059,41.5703],[-6.2859,41.4869],[-6.2829,41.4656],[-6.321,41.4196],[-6.3762,41.3969],[-6.431,41.339],[-6.4821,41.303],[-6.5635,41.2707],[-6.6466,41.2676],[-6.6938,41.2174],[-6.7069,41.1943],[-6.759,41.1518],[-6.7648,41.1089],[-6.818,41.0541],[-6.9068,41.0561],[-6.9274,41.0481],[-6.9425,41.016],[-6.9306,40.9921],[-6.8852,40.9489],[-6.847,40.8789],[-6.8212,40.8701],[-6.8203,40.8442],[-6.8367,40.8402],[-6.837,40.7433],[-6.8162,40.6772],[-6.8143,40.6472],[-6.8445,40.5978],[-6.8484,40.5648],[-6.8181,40.5319],[-6.8153,40.5025],[-6.8571,40.4421],[-6.8513,40.4095],[-6.8281,40.3806],[-6.7944,40.3564],[-6.812,40.3323],[-6.8639,40.301],[-6.8745,40.2792],[-6.8964,40.2555],[-6.9421,40.255],[-7.0248,40.2162],[-7.0431,40.1814],[-7.0158,40.1191],[-6.9557,40.1029],[-6.9199,40.0649],[-6.8797,40.0092],[-6.8969,39.9871],[-6.9095,39.932],[-6.9223,39.9224],[-6.9242,39.8716],[-6.9528,39.8329],[-6.9852,39.8211],[-7.0003,39.8025],[-6.993,39.7742],[-7.0133,39.7389],[-7.0096,39.7155],[-7.0358,39.6893],[-7.1829,39.6751],[-7.2358,39.6865],[-7.2928,39.6833],[-7.3414,39.6718],[-7.5573,39.6798],[-7.5559,39.6772],[-7.6032,39.6658],[-7.6389,39.6422],[-7.6955,39.6527],[-7.7401,39.6043],[-7.7597,39.5985],[-7.8047,39.5571],[-7.8618,39.5202],[-7.9366,39.5533],[-7.968,39.5369],[-8.0102,39.4687],[-7.9549,39.4279],[-7.9689,39.3902],[-8.024,39.3598],[-8.0461,39.3217],[-8.0854,39.2853],[-8.1194,39.2854],[-8.1527,39.2523],[-8.2357,39.1945],[-8.2912,39.1638],[-8.3336,39.117],[-8.3341,39.1007],[-8.291,39.0796],[-8.2547,39.0214],[-8.1969,39.0009],[-8.1458,39.0255],[-8.1028,39.0221],[-8.1093,38.9972],[-8.0923,38.9795],[-8.0853,39.0006],[-8.0585,39.006],[-8.0212,38.9821],[-8.0185,38.9476],[-7.9818,38.9444],[-7.9447,38.9671],[-7.9116,38.9634],[-7.8668,38.9153],[-7.8385,38.9002],[-7.7873,38.8991],[-7.7549,38.9082],[-7.7294,38.9315],[-7.6977,38.922],[-7.6328,38.9211],[-7.6023,38.9489],[-7.5425,38.9662],[-7.5491,38.9926],[-7.4819,38.9779],[-7.4597,38.9559],[-7.4542,38.9218],[-7.4324,38.9063],[-7.4076,38.8571],[-7.4134,38.8418],[-7.3691,38.8015],[-7.332,38.8038],[-7.2902,38.835],[-7.2425,38.8434],[-7.2183,38.8327],[-7.2156,38.8055],[-7.2306,38.7876],[-7.2259,38.7661],[-7.2704,38.7375],[-7.2841,38.7132],[-7.2909,38.6382],[-7.2735,38.6254],[-7.2759,38.6038],[-7.3177,38.5563],[-7.3456,38.4941],[-7.3352,38.4694],[-7.3592,38.4464],[-7.3171,38.4246],[-7.1672,38.2721],[-7.1269,38.1909],[-7.1171,38.1836],[-7.1521,38.1765],[-7.173,38.1903],[-7.2061,38.2513],[-7.2525,38.277],[-7.281,38.3308],[-7.3365,38.3206],[-7.4005,38.2998],[-7.4142,38.2679],[-7.4746,38.2356],[-7.5064,38.1983],[-7.5622,38.1973],[-7.6036,38.2062],[-7.6694,38.2075],[-7.7734,38.2469],[-7.8239,38.2511],[-7.9086,38.2812],[-7.9312,38.3025],[-7.9804,38.3145],[-8.02,38.3075],[-8.0425,38.3238],[-8.1583,38.3265],[-8.1621,38.3176],[-8.1301,38.2507],[-8.1351,38.2232],[-8.2308,38.1982],[-8.2417,38.1794],[-8.2847,38.1764],[-8.2957,38.1444],[-8.3478,38.1432],[-8.3629,38.1073],[-8.3858,38.1107],[-8.4013,38.076],[-8.3941,38.0551],[-8.3598,38.029],[-8.3095,38.0128],[-8.2934,37.9815],[-8.2995,37.9087],[-8.3286,37.8467],[-8.3581,37.8594],[-8.4325,37.8666],[-8.5217,37.853],[-8.549,37.8395],[-8.5728,37.8109],[-8.5958,37.759],[-8.6236,37.7551],[-8.6564,37.7692],[-8.6835,37.7575],[-8.7341,37.8135],[-8.7811,37.8101],[-8.8014,37.8268],[-8.8017,37.8326],[-8.8141,37.8326],[-8.8214,37.868],[-8.8221,37.8713],[-8.8668,37.9387],[-8.8948,37.9525],[-8.8771,37.9661],[-8.8203,38.1359],[-8.8401,38.2657],[-9.0095,38.301],[-9.2108,38.343],[-9.2865,38.3588],[-9.3443,38.4497],[-9.3783,38.5031],[-9.3953,38.5298],[-9.4122,38.5564],[-9.4247,38.5761],[-9.5061,38.704],[-9.5277,38.738],[-9.5277,38.7383],[-9.5277,38.7384],[-9.514,38.8516],[-9.4782,39.1467],[-9.4693,39.2205],[-9.4648,39.2574],[-9.4603,39.2943],[-9.4485,39.3917],[-9.3934,39.4419],[-9.0693,39.737],[-9.0489,39.7556],[-8.9997,40.0322],[-8.9931,40.0691],[-8.9865,40.106],[-8.9769,40.1601],[-8.9701,40.1798],[-8.9188,40.3273],[-8.8675,40.4749],[-8.8547,40.5118],[-8.8419,40.5487],[-8.8162,40.6225],[-8.7681,40.7609],[-8.7761,40.9176],[-8.7799,40.9914],[-8.7818,41.0283],[-8.7837,41.0652],[-8.7897,41.1837],[-8.8061,41.2128],[-8.8889,41.3603],[-8.9304,41.4341],[-8.9511,41.471]]],[[[-25.1623,36.9469],[-25.1691,36.946],[-25.2016,36.9904],[-25.197,36.9941],[-25.1987,36.9964],[-25.1985,36.9965],[-25.1987,36.9968],[-25.1753,37.0115],[-25.1703,37.0155],[-25.1682,37.0159],[-25.1627,37.0194],[-25.1458,37.0205],[-25.1336,37.023],[-25.1144,37.0226],[-25.0835,37.0246],[-25.0831,37.0246],[-25.0785,37.0218],[-25.0668,37.0215],[-25.0292,36.9924],[-25.0122,36.9492],[-25.0271,36.9343],[-25.098,36.9484],[-25.1587,36.9426],[-25.1591,36.9426],[-25.1623,36.9469]]],[[[-25.3333,37.7259],[-25.3724,37.7174],[-25.4372,37.7153],[-25.4395,37.7151],[-25.4397,37.7151],[-25.4399,37.7151],[-25.4407,37.7152],[-25.4883,37.7137],[-25.5057,37.7067],[-25.5591,37.7291],[-25.6155,37.7409],[-25.7043,37.744],[-25.7346,37.7619],[-25.7351,37.762],[-25.738,37.7639],[-25.8251,37.8154],[-25.8595,37.8539],[-25.8467,37.8909],[-25.8467,37.8943],[-25.8454,37.8947],[-25.8415,37.906],[-25.7932,37.9095],[-25.7855,37.9117],[-25.7854,37.9116],[-25.7851,37.9117],[-25.7824,37.9103],[-25.7646,37.9116],[-25.7391,37.906],[-25.7042,37.8826],[-25.6929,37.8637],[-25.6483,37.8405],[-25.5872,37.8336],[-25.5305,37.8364],[-25.4899,37.848],[-25.4746,37.8391],[-25.4126,37.8421],[-25.3398,37.8618],[-25.1978,37.8644],[-25.1592,37.852],[-25.1352,37.8223],[-25.1323,37.7862],[-25.1568,37.7545],[-25.1947,37.7407],[-25.2506,37.735],[-25.2523,37.7342],[-25.3333,37.7259]]],[[[-28.1737,38.4054],[-28.1946,38.402],[-28.2295,38.3852],[-28.2296,38.3852],[-28.2419,38.3776],[-28.2601,38.3932],[-28.3298,38.4118],[-28.3529,38.4122],[-28.4527,38.4078],[-28.4531,38.4078],[-28.4535,38.408],[-28.4595,38.4057],[-28.5254,38.4539],[-28.5303,38.4602],[-28.5323,38.4616],[-28.533,38.4637],[-28.5489,38.4844],[-28.5489,38.5144],[-28.5503,38.5189],[-28.5502,38.519],[-28.5503,38.5193],[-28.5489,38.5205],[-28.5489,38.5286],[-28.5187,38.5501],[-28.5139,38.5512],[-28.5107,38.554],[-28.5018,38.554],[-28.4853,38.5578],[-28.4276,38.554],[-28.4023,38.554],[-28.3972,38.552],[-28.3745,38.5505],[-28.2805,38.506],[-28.1652,38.4606],[-28.1095,38.4466],[-28.0638,38.4428],[-28.0406,38.4091],[-28.0542,38.3985],[-28.1559,38.4067],[-28.1737,38.4054]]],[[[-28.6397,38.5243],[-28.6362,38.5155],[-28.6718,38.5224],[-28.727,38.5149],[-28.7496,38.5235],[-28.7616,38.5356],[-28.8419,38.5987],[-28.8416,38.5988],[-28.8417,38.5989],[-28.8418,38.599],[-28.8424,38.5994],[-28.8392,38.5998],[-28.7369,38.6283],[-28.7196,38.6452],[-28.7005,38.6384],[-28.6979,38.6391],[-28.6978,38.639],[-28.6975,38.6391],[-28.6885,38.6341],[-28.6326,38.614],[-28.6097,38.5974],[-28.5961,38.5527],[-28.6046,38.5496],[-28.6397,38.5243]]],[[[-27.8276,38.5435],[-27.8358,38.5428],[-27.9152,38.5652],[-27.9356,38.5744],[-27.997,38.5921],[-28.0345,38.5901],[-28.066,38.6118],[-28.0931,38.6196],[-28.1172,38.629],[-28.1779,38.6451],[-28.1955,38.6624],[-28.2243,38.6832],[-28.2472,38.6862],[-28.3121,38.7353],[-28.3155,38.7551],[-28.2645,38.7315],[-28.2325,38.7256],[-28.0343,38.6663],[-27.9783,38.642],[-27.9631,38.6373],[-27.8817,38.6011],[-27.7789,38.5671],[-27.7606,38.549],[-27.8241,38.5438],[-27.8263,38.5432],[-27.8265,38.5433],[-27.8267,38.5432],[-27.8276,38.5435]]],[[[-27.0571,38.6619],[-27.0603,38.6414],[-27.0891,38.631],[-27.0972,38.6336],[-27.1391,38.6391],[-27.1817,38.6394],[-27.1937,38.6464],[-27.2123,38.6489],[-27.2284,38.6411],[-27.2529,38.6527],[-27.2857,38.6587],[-27.3047,38.6612],[-27.3068,38.6625],[-27.3276,38.6663],[-27.3734,38.707],[-27.3917,38.7589],[-27.3869,38.7639],[-27.3875,38.7654],[-27.3874,38.7655],[-27.3875,38.7658],[-27.3813,38.7697],[-27.3688,38.7827],[-27.3533,38.7873],[-27.3515,38.7884],[-27.3472,38.7891],[-27.2982,38.8035],[-27.2638,38.8018],[-27.2615,38.8022],[-27.2612,38.8022],[-27.2611,38.8022],[-27.2498,38.8012],[-27.1443,38.7961],[-27.1306,38.7903],[-27.1279,38.7901],[-27.1216,38.7865],[-27.0751,38.767],[-27.0426,38.7445],[-27.0425,38.742],[-27.0415,38.7415],[-27.0415,38.725],[-27.0409,38.7144],[-27.0201,38.6937],[-27.0415,38.6848],[-27.0415,38.6786],[-27.0571,38.6619]]],[[[-31.1383,39.4731],[-31.1327,39.4655],[-31.1316,39.423],[-31.1383,39.4095],[-31.1383,39.406],[-31.1421,39.4019],[-31.1566,39.3726],[-31.1772,39.3556],[-31.2688,39.3647],[-31.2847,39.3979],[-31.2809,39.4431],[-31.2623,39.4907],[-31.2611,39.4966],[-31.2599,39.4971],[-31.2558,39.5075],[-31.2005,39.5222],[-31.2016,39.5202],[-31.1999,39.5209],[-31.1998,39.5208],[-31.1995,39.5209],[-31.1688,39.5],[-31.1595,39.5018],[-31.1475,39.4856],[-31.1383,39.4793],[-31.1383,39.4731]]],[[[-17.1734,32.7247],[-17.2145,32.7506],[-17.2412,32.7791],[-17.2521,32.8145],[-17.2003,32.8685],[-17.1923,32.8685],[-17.1922,32.8686],[-17.1919,32.8685],[-17.1918,32.8686],[-17.1915,32.8685],[-17.1661,32.8685],[-17.1459,32.8511],[-17.0551,32.8166],[-16.9877,32.8296],[-16.98,32.8332],[-16.9441,32.838],[-16.9294,32.8408],[-16.9293,32.8407],[-16.929,32.8408],[-16.9275,32.8402],[-16.9197,32.8412],[-16.8607,32.8132],[-16.8494,32.806],[-16.7802,32.7757],[-16.7475,32.7708],[-16.7316,32.7651],[-16.7083,32.7607],[-16.693,32.7667],[-16.6727,32.7586],[-16.7096,32.7452],[-16.7634,32.7102],[-16.7803,32.6962],[-16.7887,32.6867],[-16.8064,32.6568],[-16.8478,32.644],[-16.8959,32.6416],[-16.9768,32.6472],[-17.143,32.7056],[-17.1682,32.7215],[-17.1706,32.7224],[-17.1734,32.7247]]]]}},
{"type":"Feature","properties":{"entityId":"portugal","from":1230,"to":1235,"certainty":"estimated","source":"유럽 쪽은 Natural Earth 1:10m admin-1(v5.1.2) 현대 행정구역 조각을 그 시기 국경에 맞춰 묶고, 조각이 역사 경계와 다른 곳은 선을 그어 나눈 근사. 유럽 밖(시베리아·중앙아시아·극동)은 대략적인 추정. 운영자 검수 필요"},"geometry":{"type":"MultiPolygon","coordinates":[[[[-8.9511,41.471],[-8.9719,41.5079],[-8.9913,41.5425],[-8.9916,41.5448],[-8.9963,41.5817],[-9.001,41.6186],[-9.0057,41.6555],[-9.0246,41.8031],[-9.0293,41.84],[-9.034,41.8769],[-8.9994,41.8769],[-8.9648,41.8769],[-8.9302,41.8769],[-8.8956,41.8769],[-8.8673,41.8769],[-8.8609,41.8769],[-8.8389,41.8769],[-8.8262,41.8848],[-8.8262,41.9138],[-8.8262,41.9167],[-8.7915,41.9312],[-8.7915,41.9076],[-8.7628,41.932],[-8.7568,41.9506],[-8.7508,41.969],[-8.6708,41.9998],[-8.6526,42.0314],[-8.6269,42.051],[-8.5728,42.0544],[-8.5012,42.0831],[-8.3467,42.1017],[-8.2954,42.1301],[-8.2523,42.1376],[-8.2224,42.1536],[-8.2043,42.1288],[-8.2074,42.0858],[-8.1913,42.0621],[-8.1376,42.0729],[-8.0951,42.0409],[-8.108,42.0109],[-8.1821,41.9654],[-8.2207,41.9227],[-8.2317,41.886],[-8.2204,41.8682],[-8.1846,41.8577],[-8.1793,41.8126],[-8.0935,41.8067],[-8.0504,41.816],[-7.9936,41.8637],[-7.9448,41.867],[-7.9258,41.9082],[-7.9061,41.9139],[-7.8966,41.8579],[-7.8648,41.8579],[-7.8497,41.8758],[-7.7501,41.8884],[-7.722,41.8993],[-7.6612,41.8749],[-7.6074,41.8732],[-7.6222,41.8323],[-7.5884,41.8242],[-7.5316,41.8402],[-7.5081,41.8649],[-7.4694,41.8525],[-7.4427,41.806],[-7.4054,41.8352],[-7.3768,41.844],[-7.3225,41.8454],[-7.2515,41.8637],[-7.2093,41.8892],[-7.1957,41.9174],[-7.1999,41.9637],[-7.1454,41.9875],[-7.0827,41.9528],[-7.0513,41.942],[-6.9924,41.9664],[-6.9835,41.963],[-6.9451,41.9434],[-6.855,41.9429],[-6.8312,41.954],[-6.8249,41.9838],[-6.7944,41.9797],[-6.7579,41.9376],[-6.728,41.9309],[-6.6568,41.9331],[-6.6228,41.941],[-6.6095,41.9623],[-6.5851,41.9547],[-6.5676,41.9261],[-6.5758,41.8829],[-6.5242,41.8674],[-6.5357,41.8486],[-6.5601,41.7669],[-6.5774,41.7397],[-6.5553,41.6749],[-6.5134,41.6509],[-6.4608,41.6766],[-6.3659,41.6636],[-6.3171,41.6501],[-6.2722,41.6282],[-6.2059,41.5703],[-6.2859,41.4869],[-6.2829,41.4656],[-6.321,41.4196],[-6.3762,41.3969],[-6.431,41.339],[-6.4821,41.303],[-6.5635,41.2707],[-6.6466,41.2676],[-6.6938,41.2174],[-6.7069,41.1943],[-6.759,41.1518],[-6.7648,41.1089],[-6.818,41.0541],[-6.9068,41.0561],[-6.9274,41.0481],[-6.9425,41.016],[-6.9306,40.9921],[-6.8852,40.9489],[-6.847,40.8789],[-6.8212,40.8701],[-6.8203,40.8442],[-6.8367,40.8402],[-6.837,40.7433],[-6.8162,40.6772],[-6.8143,40.6472],[-6.8445,40.5978],[-6.8484,40.5648],[-6.8181,40.5319],[-6.8153,40.5025],[-6.8571,40.4421],[-6.8513,40.4095],[-6.8281,40.3806],[-6.7944,40.3564],[-6.812,40.3323],[-6.8639,40.301],[-6.8745,40.2792],[-6.8964,40.2555],[-6.9421,40.255],[-7.0248,40.2162],[-7.0431,40.1814],[-7.0158,40.1191],[-6.9557,40.1029],[-6.9199,40.0649],[-6.8797,40.0092],[-6.8969,39.9871],[-6.9095,39.932],[-6.9223,39.9224],[-6.9242,39.8716],[-6.9528,39.8329],[-6.9852,39.8211],[-7.0003,39.8025],[-6.993,39.7742],[-7.0133,39.7389],[-7.0096,39.7155],[-7.0358,39.6893],[-7.1829,39.6751],[-7.2358,39.6865],[-7.2928,39.6833],[-7.3414,39.6718],[-7.5573,39.6798],[-7.5559,39.6772],[-7.5158,39.5938],[-7.4513,39.5378],[-7.4176,39.5242],[-7.3994,39.4937],[-7.3135,39.4574],[-7.3189,39.4133],[-7.3319,39.3847],[-7.3267,39.3413],[-7.2508,39.2706],[-7.2658,39.2314],[-7.2441,39.1956],[-7.1681,39.1706],[-7.1558,39.1515],[-7.1675,39.1135],[-7.1273,39.0975],[-7.0913,39.1124],[-7.0388,39.1091],[-6.9997,39.0847],[-6.9794,39.0472],[-6.9733,39.014],[-7.0221,38.9429],[-7.066,38.9046],[-7.0522,38.885],[-7.0561,38.8551],[-7.1049,38.8272],[-7.151,38.8193],[-7.1797,38.7909],[-7.2259,38.7661],[-7.2704,38.7375],[-7.2841,38.7132],[-7.2909,38.6382],[-7.2735,38.6254],[-7.2759,38.6038],[-7.3177,38.5563],[-7.3456,38.4941],[-7.3352,38.4694],[-7.3592,38.4464],[-7.3171,38.4246],[-7.1672,38.2721],[-7.1269,38.1909],[-7.1171,38.1836],[-7.1521,38.1765],[-7.173,38.1903],[-7.2061,38.2513],[-7.2525,38.277],[-7.281,38.3308],[-7.3365,38.3206],[-7.4005,38.2998],[-7.4142,38.2679],[-7.4746,38.2356],[-7.5064,38.1983],[-7.5622,38.1973],[-7.6036,38.2062],[-7.6694,38.2075],[-7.7734,38.2469],[-7.8239,38.2511],[-7.9086,38.2812],[-7.9312,38.3025],[-7.9804,38.3145],[-8.02,38.3075],[-8.0425,38.3238],[-8.1583,38.3265],[-8.1621,38.3176],[-8.1301,38.2507],[-8.1351,38.2232],[-8.2308,38.1982],[-8.2417,38.1794],[-8.2847,38.1764],[-8.2957,38.1444],[-8.3478,38.1432],[-8.3629,38.1073],[-8.3858,38.1107],[-8.4013,38.076],[-8.3941,38.0551],[-8.3598,38.029],[-8.3095,38.0128],[-8.2934,37.9815],[-8.2995,37.9087],[-8.3286,37.8467],[-8.3581,37.8594],[-8.4325,37.8666],[-8.5217,37.853],[-8.549,37.8395],[-8.5728,37.8109],[-8.5958,37.759],[-8.6236,37.7551],[-8.6564,37.7692],[-8.6835,37.7575],[-8.7341,37.8135],[-8.7811,37.8101],[-8.8014,37.8268],[-8.8017,37.8326],[-8.8141,37.8326],[-8.8214,37.868],[-8.8221,37.8713],[-8.8668,37.9387],[-8.8948,37.9525],[-8.8771,37.9661],[-8.8203,38.1359],[-8.8401,38.2657],[-9.0095,38.301],[-9.2108,38.343],[-9.2865,38.3588],[-9.3443,38.4497],[-9.3783,38.5031],[-9.3953,38.5298],[-9.4122,38.5564],[-9.4247,38.5761],[-9.5061,38.704],[-9.5277,38.738],[-9.5277,38.7383],[-9.5277,38.7384],[-9.514,38.8516],[-9.4782,39.1467],[-9.4693,39.2205],[-9.4648,39.2574],[-9.4603,39.2943],[-9.4485,39.3917],[-9.3934,39.4419],[-9.0693,39.737],[-9.0489,39.7556],[-8.9997,40.0322],[-8.9931,40.0691],[-8.9865,40.106],[-8.9769,40.1601],[-8.9701,40.1798],[-8.9188,40.3273],[-8.8675,40.4749],[-8.8547,40.5118],[-8.8419,40.5487],[-8.8162,40.6225],[-8.7681,40.7609],[-8.7761,40.9176],[-8.7799,40.9914],[-8.7818,41.0283],[-8.7837,41.0652],[-8.7897,41.1837],[-8.8061,41.2128],[-8.8889,41.3603],[-8.9304,41.4341],[-8.9511,41.471]]],[[[-25.1623,36.9469],[-25.1691,36.946],[-25.2016,36.9904],[-25.197,36.9941],[-25.1987,36.9964],[-25.1985,36.9965],[-25.1987,36.9968],[-25.1753,37.0115],[-25.1703,37.0155],[-25.1682,37.0159],[-25.1627,37.0194],[-25.1458,37.0205],[-25.1336,37.023],[-25.1144,37.0226],[-25.0835,37.0246],[-25.0831,37.0246],[-25.0785,37.0218],[-25.0668,37.0215],[-25.0292,36.9924],[-25.0122,36.9492],[-25.0271,36.9343],[-25.098,36.9484],[-25.1587,36.9426],[-25.1591,36.9426],[-25.1623,36.9469]]],[[[-25.3333,37.7259],[-25.3724,37.7174],[-25.4372,37.7153],[-25.4395,37.7151],[-25.4397,37.7151],[-25.4399,37.7151],[-25.4407,37.7152],[-25.4883,37.7137],[-25.5057,37.7067],[-25.5591,37.7291],[-25.6155,37.7409],[-25.7043,37.744],[-25.7346,37.7619],[-25.7351,37.762],[-25.738,37.7639],[-25.8251,37.8154],[-25.8595,37.8539],[-25.8467,37.8909],[-25.8467,37.8943],[-25.8454,37.8947],[-25.8415,37.906],[-25.7932,37.9095],[-25.7855,37.9117],[-25.7854,37.9116],[-25.7851,37.9117],[-25.7824,37.9103],[-25.7646,37.9116],[-25.7391,37.906],[-25.7042,37.8826],[-25.6929,37.8637],[-25.6483,37.8405],[-25.5872,37.8336],[-25.5305,37.8364],[-25.4899,37.848],[-25.4746,37.8391],[-25.4126,37.8421],[-25.3398,37.8618],[-25.1978,37.8644],[-25.1592,37.852],[-25.1352,37.8223],[-25.1323,37.7862],[-25.1568,37.7545],[-25.1947,37.7407],[-25.2506,37.735],[-25.2523,37.7342],[-25.3333,37.7259]]],[[[-28.1737,38.4054],[-28.1946,38.402],[-28.2295,38.3852],[-28.2296,38.3852],[-28.2419,38.3776],[-28.2601,38.3932],[-28.3298,38.4118],[-28.3529,38.4122],[-28.4527,38.4078],[-28.4531,38.4078],[-28.4535,38.408],[-28.4595,38.4057],[-28.5254,38.4539],[-28.5303,38.4602],[-28.5323,38.4616],[-28.533,38.4637],[-28.5489,38.4844],[-28.5489,38.5144],[-28.5503,38.5189],[-28.5502,38.519],[-28.5503,38.5193],[-28.5489,38.5205],[-28.5489,38.5286],[-28.5187,38.5501],[-28.5139,38.5512],[-28.5107,38.554],[-28.5018,38.554],[-28.4853,38.5578],[-28.4276,38.554],[-28.4023,38.554],[-28.3972,38.552],[-28.3745,38.5505],[-28.2805,38.506],[-28.1652,38.4606],[-28.1095,38.4466],[-28.0638,38.4428],[-28.0406,38.4091],[-28.0542,38.3985],[-28.1559,38.4067],[-28.1737,38.4054]]],[[[-28.6397,38.5243],[-28.6362,38.5155],[-28.6718,38.5224],[-28.727,38.5149],[-28.7496,38.5235],[-28.7616,38.5356],[-28.8419,38.5987],[-28.8416,38.5988],[-28.8417,38.5989],[-28.8418,38.599],[-28.8424,38.5994],[-28.8392,38.5998],[-28.7369,38.6283],[-28.7196,38.6452],[-28.7005,38.6384],[-28.6979,38.6391],[-28.6978,38.639],[-28.6975,38.6391],[-28.6885,38.6341],[-28.6326,38.614],[-28.6097,38.5974],[-28.5961,38.5527],[-28.6046,38.5496],[-28.6397,38.5243]]],[[[-27.8276,38.5435],[-27.8358,38.5428],[-27.9152,38.5652],[-27.9356,38.5744],[-27.997,38.5921],[-28.0345,38.5901],[-28.066,38.6118],[-28.0931,38.6196],[-28.1172,38.629],[-28.1779,38.6451],[-28.1955,38.6624],[-28.2243,38.6832],[-28.2472,38.6862],[-28.3121,38.7353],[-28.3155,38.7551],[-28.2645,38.7315],[-28.2325,38.7256],[-28.0343,38.6663],[-27.9783,38.642],[-27.9631,38.6373],[-27.8817,38.6011],[-27.7789,38.5671],[-27.7606,38.549],[-27.8241,38.5438],[-27.8263,38.5432],[-27.8265,38.5433],[-27.8267,38.5432],[-27.8276,38.5435]]],[[[-27.0571,38.6619],[-27.0603,38.6414],[-27.0891,38.631],[-27.0972,38.6336],[-27.1391,38.6391],[-27.1817,38.6394],[-27.1937,38.6464],[-27.2123,38.6489],[-27.2284,38.6411],[-27.2529,38.6527],[-27.2857,38.6587],[-27.3047,38.6612],[-27.3068,38.6625],[-27.3276,38.6663],[-27.3734,38.707],[-27.3917,38.7589],[-27.3869,38.7639],[-27.3875,38.7654],[-27.3874,38.7655],[-27.3875,38.7658],[-27.3813,38.7697],[-27.3688,38.7827],[-27.3533,38.7873],[-27.3515,38.7884],[-27.3472,38.7891],[-27.2982,38.8035],[-27.2638,38.8018],[-27.2615,38.8022],[-27.2612,38.8022],[-27.2611,38.8022],[-27.2498,38.8012],[-27.1443,38.7961],[-27.1306,38.7903],[-27.1279,38.7901],[-27.1216,38.7865],[-27.0751,38.767],[-27.0426,38.7445],[-27.0425,38.742],[-27.0415,38.7415],[-27.0415,38.725],[-27.0409,38.7144],[-27.0201,38.6937],[-27.0415,38.6848],[-27.0415,38.6786],[-27.0571,38.6619]]],[[[-31.1383,39.4731],[-31.1327,39.4655],[-31.1316,39.423],[-31.1383,39.4095],[-31.1383,39.406],[-31.1421,39.4019],[-31.1566,39.3726],[-31.1772,39.3556],[-31.2688,39.3647],[-31.2847,39.3979],[-31.2809,39.4431],[-31.2623,39.4907],[-31.2611,39.4966],[-31.2599,39.4971],[-31.2558,39.5075],[-31.2005,39.5222],[-31.2016,39.5202],[-31.1999,39.5209],[-31.1998,39.5208],[-31.1995,39.5209],[-31.1688,39.5],[-31.1595,39.5018],[-31.1475,39.4856],[-31.1383,39.4793],[-31.1383,39.4731]]],[[[-17.1734,32.7247],[-17.2145,32.7506],[-17.2412,32.7791],[-17.2521,32.8145],[-17.2003,32.8685],[-17.1923,32.8685],[-17.1922,32.8686],[-17.1919,32.8685],[-17.1918,32.8686],[-17.1915,32.8685],[-17.1661,32.8685],[-17.1459,32.8511],[-17.0551,32.8166],[-16.9877,32.8296],[-16.98,32.8332],[-16.9441,32.838],[-16.9294,32.8408],[-16.9293,32.8407],[-16.929,32.8408],[-16.9275,32.8402],[-16.9197,32.8412],[-16.8607,32.8132],[-16.8494,32.806],[-16.7802,32.7757],[-16.7475,32.7708],[-16.7316,32.7651],[-16.7083,32.7607],[-16.693,32.7667],[-16.6727,32.7586],[-16.7096,32.7452],[-16.7634,32.7102],[-16.7803,32.6962],[-16.7887,32.6867],[-16.8064,32.6568],[-16.8478,32.644],[-16.8959,32.6416],[-16.9768,32.6472],[-17.143,32.7056],[-17.1682,32.7215],[-17.1706,32.7224],[-17.1734,32.7247]]]]}},
{"type":"Feature","properties":{"entityId":"portugal","from":1235,"to":1249,"certainty":"estimated","source":"유럽 쪽은 Natural Earth 1:10m admin-1(v5.1.2) 현대 행정구역 조각을 그 시기 국경에 맞춰 묶고, 조각이 역사 경계와 다른 곳은 선을 그어 나눈 근사. 유럽 밖(시베리아·중앙아시아·극동)은 대략적인 추정. 운영자 검수 필요"},"geometry":{"type":"MultiPolygon","coordinates":[[[[-8.9511,41.471],[-8.9719,41.5079],[-8.9913,41.5425],[-8.9916,41.5448],[-8.9963,41.5817],[-9.001,41.6186],[-9.0057,41.6555],[-9.0246,41.8031],[-9.0293,41.84],[-9.034,41.8769],[-8.9994,41.8769],[-8.9648,41.8769],[-8.9302,41.8769],[-8.8956,41.8769],[-8.8673,41.8769],[-8.8609,41.8769],[-8.8389,41.8769],[-8.8262,41.8848],[-8.8262,41.9138],[-8.8262,41.9167],[-8.7915,41.9312],[-8.7915,41.9076],[-8.7628,41.932],[-8.7568,41.9506],[-8.7508,41.969],[-8.6708,41.9998],[-8.6526,42.0314],[-8.6269,42.051],[-8.5728,42.0544],[-8.5012,42.0831],[-8.3467,42.1017],[-8.2954,42.1301],[-8.2523,42.1376],[-8.2224,42.1536],[-8.2043,42.1288],[-8.2074,42.0858],[-8.1913,42.0621],[-8.1376,42.0729],[-8.0951,42.0409],[-8.108,42.0109],[-8.1821,41.9654],[-8.2207,41.9227],[-8.2317,41.886],[-8.2204,41.8682],[-8.1846,41.8577],[-8.1793,41.8126],[-8.0935,41.8067],[-8.0504,41.816],[-7.9936,41.8637],[-7.9448,41.867],[-7.9258,41.9082],[-7.9061,41.9139],[-7.8966,41.8579],[-7.8648,41.8579],[-7.8497,41.8758],[-7.7501,41.8884],[-7.722,41.8993],[-7.6612,41.8749],[-7.6074,41.8732],[-7.6222,41.8323],[-7.5884,41.8242],[-7.5316,41.8402],[-7.5081,41.8649],[-7.4694,41.8525],[-7.4427,41.806],[-7.4054,41.8352],[-7.3768,41.844],[-7.3225,41.8454],[-7.2515,41.8637],[-7.2093,41.8892],[-7.1957,41.9174],[-7.1999,41.9637],[-7.1454,41.9875],[-7.0827,41.9528],[-7.0513,41.942],[-6.9924,41.9664],[-6.9835,41.963],[-6.9451,41.9434],[-6.855,41.9429],[-6.8312,41.954],[-6.8249,41.9838],[-6.7944,41.9797],[-6.7579,41.9376],[-6.728,41.9309],[-6.6568,41.9331],[-6.6228,41.941],[-6.6095,41.9623],[-6.5851,41.9547],[-6.5676,41.9261],[-6.5758,41.8829],[-6.5242,41.8674],[-6.5357,41.8486],[-6.5601,41.7669],[-6.5774,41.7397],[-6.5553,41.6749],[-6.5134,41.6509],[-6.4608,41.6766],[-6.3659,41.6636],[-6.3171,41.6501],[-6.2722,41.6282],[-6.2059,41.5703],[-6.2859,41.4869],[-6.2829,41.4656],[-6.321,41.4196],[-6.3762,41.3969],[-6.431,41.339],[-6.4821,41.303],[-6.5635,41.2707],[-6.6466,41.2676],[-6.6938,41.2174],[-6.7069,41.1943],[-6.759,41.1518],[-6.7648,41.1089],[-6.818,41.0541],[-6.9068,41.0561],[-6.9274,41.0481],[-6.9425,41.016],[-6.9306,40.9921],[-6.8852,40.9489],[-6.847,40.8789],[-6.8212,40.8701],[-6.8203,40.8442],[-6.8367,40.8402],[-6.837,40.7433],[-6.8162,40.6772],[-6.8143,40.6472],[-6.8445,40.5978],[-6.8484,40.5648],[-6.8181,40.5319],[-6.8153,40.5025],[-6.8571,40.4421],[-6.8513,40.4095],[-6.8281,40.3806],[-6.7944,40.3564],[-6.812,40.3323],[-6.8639,40.301],[-6.8745,40.2792],[-6.8964,40.2555],[-6.9421,40.255],[-7.0248,40.2162],[-7.0431,40.1814],[-7.0158,40.1191],[-6.9557,40.1029],[-6.9199,40.0649],[-6.8797,40.0092],[-6.8969,39.9871],[-6.9095,39.932],[-6.9223,39.9224],[-6.9242,39.8716],[-6.9528,39.8329],[-6.9852,39.8211],[-7.0003,39.8025],[-6.993,39.7742],[-7.0133,39.7389],[-7.0096,39.7155],[-7.0358,39.6893],[-7.1829,39.6751],[-7.2358,39.6865],[-7.2928,39.6833],[-7.3414,39.6718],[-7.5573,39.6798],[-7.5559,39.6772],[-7.5158,39.5938],[-7.4513,39.5378],[-7.4176,39.5242],[-7.3994,39.4937],[-7.3135,39.4574],[-7.3189,39.4133],[-7.3319,39.3847],[-7.3267,39.3413],[-7.2508,39.2706],[-7.2658,39.2314],[-7.2441,39.1956],[-7.1681,39.1706],[-7.1558,39.1515],[-7.1675,39.1135],[-7.1273,39.0975],[-7.0913,39.1124],[-7.0388,39.1091],[-6.9997,39.0847],[-6.9794,39.0472],[-6.9733,39.014],[-7.0221,38.9429],[-7.066,38.9046],[-7.0522,38.885],[-7.0561,38.8551],[-7.1049,38.8272],[-7.151,38.8193],[-7.1797,38.7909],[-7.2259,38.7661],[-7.2704,38.7375],[-7.2841,38.7132],[-7.2909,38.6382],[-7.2735,38.6254],[-7.2759,38.6038],[-7.3177,38.5563],[-7.3456,38.4941],[-7.3352,38.4694],[-7.3592,38.4464],[-7.3171,38.4246],[-7.1672,38.2721],[-7.1269,38.1909],[-7.1171,38.1836],[-7.1035,38.1736],[-7.0631,38.1775],[-7.0264,38.1996],[-6.9642,38.2061],[-6.9506,38.1984],[-6.9576,38.1682],[-6.9976,38.0896],[-7.024,38.0226],[-7.0494,38.0202],[-7.1233,38.04],[-7.1522,38.0007],[-7.1853,37.9887],[-7.2233,37.9938],[-7.2727,37.977],[-7.2686,37.9492],[-7.3069,37.8508],[-7.3344,37.8119],[-7.4263,37.7506],[-7.4575,37.7001],[-7.4716,37.6369],[-7.5143,37.6014],[-7.5297,37.5672],[-7.5146,37.5283],[-7.5684,37.5244],[-7.6197,37.4945],[-7.7073,37.5004],[-7.7856,37.4741],[-7.8882,37.4282],[-7.9086,37.4093],[-7.9824,37.4014],[-8.0012,37.3806],[-7.9907,37.3639],[-8.0707,37.3267],[-8.1708,37.337],[-8.2684,37.3963],[-8.2807,37.4283],[-8.3057,37.4339],[-8.3541,37.4287],[-8.414,37.4139],[-8.4314,37.3872],[-8.466,37.3754],[-8.5091,37.3809],[-8.5622,37.4045],[-8.6209,37.398],[-8.6367,37.3836],[-8.6785,37.3991],[-8.7193,37.4003],[-8.7609,37.4295],[-8.8076,37.4494],[-8.8119,37.4371],[-8.815,37.4371],[-8.8157,37.4671],[-8.8184,37.5873],[-8.8265,37.6006],[-8.8002,37.6944],[-8.7946,37.7258],[-8.8087,37.7229],[-8.817,37.7403],[-8.8067,37.7972],[-8.8141,37.8326],[-8.8214,37.868],[-8.8221,37.8713],[-8.8668,37.9387],[-8.8948,37.9525],[-8.8771,37.9661],[-8.8203,38.1359],[-8.8401,38.2657],[-9.0095,38.301],[-9.2108,38.343],[-9.2865,38.3588],[-9.3443,38.4497],[-9.3783,38.5031],[-9.3953,38.5298],[-9.4122,38.5564],[-9.4247,38.5761],[-9.5061,38.704],[-9.5277,38.738],[-9.5277,38.7383],[-9.5277,38.7384],[-9.514,38.8516],[-9.4782,39.1467],[-9.4693,39.2205],[-9.4648,39.2574],[-9.4603,39.2943],[-9.4485,39.3917],[-9.3934,39.4419],[-9.0693,39.737],[-9.0489,39.7556],[-8.9997,40.0322],[-8.9931,40.0691],[-8.9865,40.106],[-8.9769,40.1601],[-8.9701,40.1798],[-8.9188,40.3273],[-8.8675,40.4749],[-8.8547,40.5118],[-8.8419,40.5487],[-8.8162,40.6225],[-8.7681,40.7609],[-8.7761,40.9176],[-8.7799,40.9914],[-8.7818,41.0283],[-8.7837,41.0652],[-8.7897,41.1837],[-8.8061,41.2128],[-8.8889,41.3603],[-8.9304,41.4341],[-8.9511,41.471]]],[[[-25.1623,36.9469],[-25.1691,36.946],[-25.2016,36.9904],[-25.197,36.9941],[-25.1987,36.9964],[-25.1985,36.9965],[-25.1987,36.9968],[-25.1753,37.0115],[-25.1703,37.0155],[-25.1682,37.0159],[-25.1627,37.0194],[-25.1458,37.0205],[-25.1336,37.023],[-25.1144,37.0226],[-25.0835,37.0246],[-25.0831,37.0246],[-25.0785,37.0218],[-25.0668,37.0215],[-25.0292,36.9924],[-25.0122,36.9492],[-25.0271,36.9343],[-25.098,36.9484],[-25.1587,36.9426],[-25.1591,36.9426],[-25.1623,36.9469]]],[[[-25.3333,37.7259],[-25.3724,37.7174],[-25.4372,37.7153],[-25.4395,37.7151],[-25.4397,37.7151],[-25.4399,37.7151],[-25.4407,37.7152],[-25.4883,37.7137],[-25.5057,37.7067],[-25.5591,37.7291],[-25.6155,37.7409],[-25.7043,37.744],[-25.7346,37.7619],[-25.7351,37.762],[-25.738,37.7639],[-25.8251,37.8154],[-25.8595,37.8539],[-25.8467,37.8909],[-25.8467,37.8943],[-25.8454,37.8947],[-25.8415,37.906],[-25.7932,37.9095],[-25.7855,37.9117],[-25.7854,37.9116],[-25.7851,37.9117],[-25.7824,37.9103],[-25.7646,37.9116],[-25.7391,37.906],[-25.7042,37.8826],[-25.6929,37.8637],[-25.6483,37.8405],[-25.5872,37.8336],[-25.5305,37.8364],[-25.4899,37.848],[-25.4746,37.8391],[-25.4126,37.8421],[-25.3398,37.8618],[-25.1978,37.8644],[-25.1592,37.852],[-25.1352,37.8223],[-25.1323,37.7862],[-25.1568,37.7545],[-25.1947,37.7407],[-25.2506,37.735],[-25.2523,37.7342],[-25.3333,37.7259]]],[[[-28.1737,38.4054],[-28.1946,38.402],[-28.2295,38.3852],[-28.2296,38.3852],[-28.2419,38.3776],[-28.2601,38.3932],[-28.3298,38.4118],[-28.3529,38.4122],[-28.4527,38.4078],[-28.4531,38.4078],[-28.4535,38.408],[-28.4595,38.4057],[-28.5254,38.4539],[-28.5303,38.4602],[-28.5323,38.4616],[-28.533,38.4637],[-28.5489,38.4844],[-28.5489,38.5144],[-28.5503,38.5189],[-28.5502,38.519],[-28.5503,38.5193],[-28.5489,38.5205],[-28.5489,38.5286],[-28.5187,38.5501],[-28.5139,38.5512],[-28.5107,38.554],[-28.5018,38.554],[-28.4853,38.5578],[-28.4276,38.554],[-28.4023,38.554],[-28.3972,38.552],[-28.3745,38.5505],[-28.2805,38.506],[-28.1652,38.4606],[-28.1095,38.4466],[-28.0638,38.4428],[-28.0406,38.4091],[-28.0542,38.3985],[-28.1559,38.4067],[-28.1737,38.4054]]],[[[-28.6397,38.5243],[-28.6362,38.5155],[-28.6718,38.5224],[-28.727,38.5149],[-28.7496,38.5235],[-28.7616,38.5356],[-28.8419,38.5987],[-28.8416,38.5988],[-28.8417,38.5989],[-28.8418,38.599],[-28.8424,38.5994],[-28.8392,38.5998],[-28.7369,38.6283],[-28.7196,38.6452],[-28.7005,38.6384],[-28.6979,38.6391],[-28.6978,38.639],[-28.6975,38.6391],[-28.6885,38.6341],[-28.6326,38.614],[-28.6097,38.5974],[-28.5961,38.5527],[-28.6046,38.5496],[-28.6397,38.5243]]],[[[-27.8276,38.5435],[-27.8358,38.5428],[-27.9152,38.5652],[-27.9356,38.5744],[-27.997,38.5921],[-28.0345,38.5901],[-28.066,38.6118],[-28.0931,38.6196],[-28.1172,38.629],[-28.1779,38.6451],[-28.1955,38.6624],[-28.2243,38.6832],[-28.2472,38.6862],[-28.3121,38.7353],[-28.3155,38.7551],[-28.2645,38.7315],[-28.2325,38.7256],[-28.0343,38.6663],[-27.9783,38.642],[-27.9631,38.6373],[-27.8817,38.6011],[-27.7789,38.5671],[-27.7606,38.549],[-27.8241,38.5438],[-27.8263,38.5432],[-27.8265,38.5433],[-27.8267,38.5432],[-27.8276,38.5435]]],[[[-27.0571,38.6619],[-27.0603,38.6414],[-27.0891,38.631],[-27.0972,38.6336],[-27.1391,38.6391],[-27.1817,38.6394],[-27.1937,38.6464],[-27.2123,38.6489],[-27.2284,38.6411],[-27.2529,38.6527],[-27.2857,38.6587],[-27.3047,38.6612],[-27.3068,38.6625],[-27.3276,38.6663],[-27.3734,38.707],[-27.3917,38.7589],[-27.3869,38.7639],[-27.3875,38.7654],[-27.3874,38.7655],[-27.3875,38.7658],[-27.3813,38.7697],[-27.3688,38.7827],[-27.3533,38.7873],[-27.3515,38.7884],[-27.3472,38.7891],[-27.2982,38.8035],[-27.2638,38.8018],[-27.2615,38.8022],[-27.2612,38.8022],[-27.2611,38.8022],[-27.2498,38.8012],[-27.1443,38.7961],[-27.1306,38.7903],[-27.1279,38.7901],[-27.1216,38.7865],[-27.0751,38.767],[-27.0426,38.7445],[-27.0425,38.742],[-27.0415,38.7415],[-27.0415,38.725],[-27.0409,38.7144],[-27.0201,38.6937],[-27.0415,38.6848],[-27.0415,38.6786],[-27.0571,38.6619]]],[[[-31.1383,39.4731],[-31.1327,39.4655],[-31.1316,39.423],[-31.1383,39.4095],[-31.1383,39.406],[-31.1421,39.4019],[-31.1566,39.3726],[-31.1772,39.3556],[-31.2688,39.3647],[-31.2847,39.3979],[-31.2809,39.4431],[-31.2623,39.4907],[-31.2611,39.4966],[-31.2599,39.4971],[-31.2558,39.5075],[-31.2005,39.5222],[-31.2016,39.5202],[-31.1999,39.5209],[-31.1998,39.5208],[-31.1995,39.5209],[-31.1688,39.5],[-31.1595,39.5018],[-31.1475,39.4856],[-31.1383,39.4793],[-31.1383,39.4731]]],[[[-17.1734,32.7247],[-17.2145,32.7506],[-17.2412,32.7791],[-17.2521,32.8145],[-17.2003,32.8685],[-17.1923,32.8685],[-17.1922,32.8686],[-17.1919,32.8685],[-17.1918,32.8686],[-17.1915,32.8685],[-17.1661,32.8685],[-17.1459,32.8511],[-17.0551,32.8166],[-16.9877,32.8296],[-16.98,32.8332],[-16.9441,32.838],[-16.9294,32.8408],[-16.9293,32.8407],[-16.929,32.8408],[-16.9275,32.8402],[-16.9197,32.8412],[-16.8607,32.8132],[-16.8494,32.806],[-16.7802,32.7757],[-16.7475,32.7708],[-16.7316,32.7651],[-16.7083,32.7607],[-16.693,32.7667],[-16.6727,32.7586],[-16.7096,32.7452],[-16.7634,32.7102],[-16.7803,32.6962],[-16.7887,32.6867],[-16.8064,32.6568],[-16.8478,32.644],[-16.8959,32.6416],[-16.9768,32.6472],[-17.143,32.7056],[-17.1682,32.7215],[-17.1706,32.7224],[-17.1734,32.7247]]]]}},
{"type":"Feature","properties":{"entityId":"portugal","from":1249,"to":1415,"certainty":"estimated","source":"유럽 쪽은 Natural Earth 1:10m admin-1(v5.1.2) 현대 행정구역 조각을 그 시기 국경에 맞춰 묶고, 조각이 역사 경계와 다른 곳은 선을 그어 나눈 근사. 유럽 밖(시베리아·중앙아시아·극동)은 대략적인 추정. 운영자 검수 필요"},"geometry":{"type":"MultiPolygon","coordinates":[[[[-8.9511,41.471],[-8.9719,41.5079],[-8.9913,41.5425],[-8.9916,41.5448],[-8.9963,41.5817],[-9.001,41.6186],[-9.0057,41.6555],[-9.0246,41.8031],[-9.0293,41.84],[-9.034,41.8769],[-8.9994,41.8769],[-8.9648,41.8769],[-8.9302,41.8769],[-8.8956,41.8769],[-8.8673,41.8769],[-8.8609,41.8769],[-8.8389,41.8769],[-8.8262,41.8848],[-8.8262,41.9138],[-8.8262,41.9167],[-8.7915,41.9312],[-8.7915,41.9076],[-8.7628,41.932],[-8.7568,41.9506],[-8.7508,41.969],[-8.6708,41.9998],[-8.6526,42.0314],[-8.6269,42.051],[-8.5728,42.0544],[-8.5012,42.0831],[-8.3467,42.1017],[-8.2954,42.1301],[-8.2523,42.1376],[-8.2224,42.1536],[-8.2043,42.1288],[-8.2074,42.0858],[-8.1913,42.0621],[-8.1376,42.0729],[-8.0951,42.0409],[-8.108,42.0109],[-8.1821,41.9654],[-8.2207,41.9227],[-8.2317,41.886],[-8.2204,41.8682],[-8.1846,41.8577],[-8.1793,41.8126],[-8.0935,41.8067],[-8.0504,41.816],[-7.9936,41.8637],[-7.9448,41.867],[-7.9258,41.9082],[-7.9061,41.9139],[-7.8966,41.8579],[-7.8648,41.8579],[-7.8497,41.8758],[-7.7501,41.8884],[-7.722,41.8993],[-7.6612,41.8749],[-7.6074,41.8732],[-7.6222,41.8323],[-7.5884,41.8242],[-7.5316,41.8402],[-7.5081,41.8649],[-7.4694,41.8525],[-7.4427,41.806],[-7.4054,41.8352],[-7.3768,41.844],[-7.3225,41.8454],[-7.2515,41.8637],[-7.2093,41.8892],[-7.1957,41.9174],[-7.1999,41.9637],[-7.1454,41.9875],[-7.0827,41.9528],[-7.0513,41.942],[-6.9924,41.9664],[-6.9835,41.963],[-6.9451,41.9434],[-6.855,41.9429],[-6.8312,41.954],[-6.8249,41.9838],[-6.7944,41.9797],[-6.7579,41.9376],[-6.728,41.9309],[-6.6568,41.9331],[-6.6228,41.941],[-6.6095,41.9623],[-6.5851,41.9547],[-6.5676,41.9261],[-6.5758,41.8829],[-6.5242,41.8674],[-6.5357,41.8486],[-6.5601,41.7669],[-6.5774,41.7397],[-6.5553,41.6749],[-6.5134,41.6509],[-6.4608,41.6766],[-6.3659,41.6636],[-6.3171,41.6501],[-6.2722,41.6282],[-6.2059,41.5703],[-6.2859,41.4869],[-6.2829,41.4656],[-6.321,41.4196],[-6.3762,41.3969],[-6.431,41.339],[-6.4821,41.303],[-6.5635,41.2707],[-6.6466,41.2676],[-6.6938,41.2174],[-6.7069,41.1943],[-6.759,41.1518],[-6.7648,41.1089],[-6.818,41.0541],[-6.9068,41.0561],[-6.9274,41.0481],[-6.9425,41.016],[-6.9306,40.9921],[-6.8852,40.9489],[-6.847,40.8789],[-6.8212,40.8701],[-6.8203,40.8442],[-6.8367,40.8402],[-6.837,40.7433],[-6.8162,40.6772],[-6.8143,40.6472],[-6.8445,40.5978],[-6.8484,40.5648],[-6.8181,40.5319],[-6.8153,40.5025],[-6.8571,40.4421],[-6.8513,40.4095],[-6.8281,40.3806],[-6.7944,40.3564],[-6.812,40.3323],[-6.8639,40.301],[-6.8745,40.2792],[-6.8964,40.2555],[-6.9421,40.255],[-7.0248,40.2162],[-7.0431,40.1814],[-7.0158,40.1191],[-6.9557,40.1029],[-6.9199,40.0649],[-6.8797,40.0092],[-6.8969,39.9871],[-6.9095,39.932],[-6.9223,39.9224],[-6.9242,39.8716],[-6.9528,39.8329],[-6.9852,39.8211],[-7.0003,39.8025],[-6.993,39.7742],[-7.0133,39.7389],[-7.0096,39.7155],[-7.0358,39.6893],[-7.1829,39.6751],[-7.2358,39.6865],[-7.2928,39.6833],[-7.3414,39.6718],[-7.5573,39.6798],[-7.5559,39.6772],[-7.5158,39.5938],[-7.4513,39.5378],[-7.4176,39.5242],[-7.3994,39.4937],[-7.3135,39.4574],[-7.3189,39.4133],[-7.3319,39.3847],[-7.3267,39.3413],[-7.2508,39.2706],[-7.2658,39.2314],[-7.2441,39.1956],[-7.1681,39.1706],[-7.1558,39.1515],[-7.1675,39.1135],[-7.1273,39.0975],[-7.0913,39.1124],[-7.0388,39.1091],[-6.9997,39.0847],[-6.9794,39.0472],[-6.9733,39.014],[-7.0221,38.9429],[-7.066,38.9046],[-7.0522,38.885],[-7.0561,38.8551],[-7.1049,38.8272],[-7.151,38.8193],[-7.1797,38.7909],[-7.2259,38.7661],[-7.2704,38.7375],[-7.2841,38.7132],[-7.2909,38.6382],[-7.2735,38.6254],[-7.2759,38.6038],[-7.3177,38.5563],[-7.3456,38.4941],[-7.3352,38.4694],[-7.3592,38.4464],[-7.3171,38.4246],[-7.1672,38.2721],[-7.1269,38.1909],[-7.1171,38.1836],[-7.1035,38.1736],[-7.0631,38.1775],[-7.0264,38.1996],[-6.9642,38.2061],[-6.9506,38.1984],[-6.9576,38.1682],[-6.9976,38.0896],[-7.024,38.0226],[-7.0494,38.0202],[-7.1233,38.04],[-7.1522,38.0007],[-7.1853,37.9887],[-7.2233,37.9938],[-7.2727,37.977],[-7.2686,37.9492],[-7.3069,37.8508],[-7.3344,37.8119],[-7.4263,37.7506],[-7.4575,37.7001],[-7.4716,37.6369],[-7.5143,37.6014],[-7.5297,37.5672],[-7.5146,37.5283],[-7.4759,37.4943],[-7.4629,37.4511],[-7.4623,37.4179],[-7.445,37.3868],[-7.4342,37.2593],[-7.4144,37.1928],[-7.4078,37.1659],[-7.3772,37.1659],[-7.3772,37.1389],[-7.3772,37.1366],[-7.3349,37.1366],[-7.3349,37.1073],[-7.3349,37.1038],[-7.3349,37.078],[-7.3772,37.0851],[-7.4538,37.0978],[-7.4617,37.0928],[-7.5462,37.0385],[-7.8569,36.8389],[-7.8572,36.839],[-7.8573,36.8389],[-8.3827,36.9794],[-8.8973,36.8694],[-8.8973,36.8695],[-8.8977,36.8694],[-8.8976,36.8698],[-8.8977,36.8698],[-8.8643,37.0424],[-8.8789,37.0472],[-8.946,37.0079],[-8.9829,37.0266],[-8.9979,37.0215],[-8.9949,37.0319],[-8.9985,37.0329],[-8.9983,37.0332],[-8.9985,37.0333],[-8.9896,37.0499],[-8.9856,37.0634],[-8.9752,37.0765],[-8.9265,37.1669],[-8.9185,37.1859],[-8.9227,37.1997],[-8.9075,37.2117],[-8.8739,37.2912],[-8.8828,37.3099],[-8.8503,37.347],[-8.825,37.407],[-8.8149,37.4308],[-8.815,37.4371],[-8.8157,37.4671],[-8.8184,37.5873],[-8.8265,37.6006],[-8.8002,37.6944],[-8.7946,37.7258],[-8.8087,37.7229],[-8.817,37.7403],[-8.8067,37.7972],[-8.8141,37.8326],[-8.8214,37.868],[-8.8221,37.8713],[-8.8668,37.9387],[-8.8948,37.9525],[-8.8771,37.9661],[-8.8203,38.1359],[-8.8401,38.2657],[-9.0095,38.301],[-9.2108,38.343],[-9.2865,38.3588],[-9.3443,38.4497],[-9.3783,38.5031],[-9.3953,38.5298],[-9.4122,38.5564],[-9.4247,38.5761],[-9.5061,38.704],[-9.5277,38.738],[-9.5277,38.7383],[-9.5277,38.7384],[-9.514,38.8516],[-9.4782,39.1467],[-9.4693,39.2205],[-9.4648,39.2574],[-9.4603,39.2943],[-9.4485,39.3917],[-9.3934,39.4419],[-9.0693,39.737],[-9.0489,39.7556],[-8.9997,40.0322],[-8.9931,40.0691],[-8.9865,40.106],[-8.9769,40.1601],[-8.9701,40.1798],[-8.9188,40.3273],[-8.8675,40.4749],[-8.8547,40.5118],[-8.8419,40.5487],[-8.8162,40.6225],[-8.7681,40.7609],[-8.7761,40.9176],[-8.7799,40.9914],[-8.7818,41.0283],[-8.7837,41.0652],[-8.7897,41.1837],[-8.8061,41.2128],[-8.8889,41.3603],[-8.9304,41.4341],[-8.9511,41.471]]],[[[-25.1623,36.9469],[-25.1691,36.946],[-25.2016,36.9904],[-25.197,36.9941],[-25.1987,36.9964],[-25.1985,36.9965],[-25.1987,36.9968],[-25.1753,37.0115],[-25.1703,37.0155],[-25.1682,37.0159],[-25.1627,37.0194],[-25.1458,37.0205],[-25.1336,37.023],[-25.1144,37.0226],[-25.0835,37.0246],[-25.0831,37.0246],[-25.0785,37.0218],[-25.0668,37.0215],[-25.0292,36.9924],[-25.0122,36.9492],[-25.0271,36.9343],[-25.098,36.9484],[-25.1587,36.9426],[-25.1591,36.9426],[-25.1623,36.9469]]],[[[-25.3333,37.7259],[-25.3724,37.7174],[-25.4372,37.7153],[-25.4395,37.7151],[-25.4397,37.7151],[-25.4399,37.7151],[-25.4407,37.7152],[-25.4883,37.7137],[-25.5057,37.7067],[-25.5591,37.7291],[-25.6155,37.7409],[-25.7043,37.744],[-25.7346,37.7619],[-25.7351,37.762],[-25.738,37.7639],[-25.8251,37.8154],[-25.8595,37.8539],[-25.8467,37.8909],[-25.8467,37.8943],[-25.8454,37.8947],[-25.8415,37.906],[-25.7932,37.9095],[-25.7855,37.9117],[-25.7854,37.9116],[-25.7851,37.9117],[-25.7824,37.9103],[-25.7646,37.9116],[-25.7391,37.906],[-25.7042,37.8826],[-25.6929,37.8637],[-25.6483,37.8405],[-25.5872,37.8336],[-25.5305,37.8364],[-25.4899,37.848],[-25.4746,37.8391],[-25.4126,37.8421],[-25.3398,37.8618],[-25.1978,37.8644],[-25.1592,37.852],[-25.1352,37.8223],[-25.1323,37.7862],[-25.1568,37.7545],[-25.1947,37.7407],[-25.2506,37.735],[-25.2523,37.7342],[-25.3333,37.7259]]],[[[-28.1737,38.4054],[-28.1946,38.402],[-28.2295,38.3852],[-28.2296,38.3852],[-28.2419,38.3776],[-28.2601,38.3932],[-28.3298,38.4118],[-28.3529,38.4122],[-28.4527,38.4078],[-28.4531,38.4078],[-28.4535,38.408],[-28.4595,38.4057],[-28.5254,38.4539],[-28.5303,38.4602],[-28.5323,38.4616],[-28.533,38.4637],[-28.5489,38.4844],[-28.5489,38.5144],[-28.5503,38.5189],[-28.5502,38.519],[-28.5503,38.5193],[-28.5489,38.5205],[-28.5489,38.5286],[-28.5187,38.5501],[-28.5139,38.5512],[-28.5107,38.554],[-28.5018,38.554],[-28.4853,38.5578],[-28.4276,38.554],[-28.4023,38.554],[-28.3972,38.552],[-28.3745,38.5505],[-28.2805,38.506],[-28.1652,38.4606],[-28.1095,38.4466],[-28.0638,38.4428],[-28.0406,38.4091],[-28.0542,38.3985],[-28.1559,38.4067],[-28.1737,38.4054]]],[[[-28.6397,38.5243],[-28.6362,38.5155],[-28.6718,38.5224],[-28.727,38.5149],[-28.7496,38.5235],[-28.7616,38.5356],[-28.8419,38.5987],[-28.8416,38.5988],[-28.8417,38.5989],[-28.8418,38.599],[-28.8424,38.5994],[-28.8392,38.5998],[-28.7369,38.6283],[-28.7196,38.6452],[-28.7005,38.6384],[-28.6979,38.6391],[-28.6978,38.639],[-28.6975,38.6391],[-28.6885,38.6341],[-28.6326,38.614],[-28.6097,38.5974],[-28.5961,38.5527],[-28.6046,38.5496],[-28.6397,38.5243]]],[[[-27.8276,38.5435],[-27.8358,38.5428],[-27.9152,38.5652],[-27.9356,38.5744],[-27.997,38.5921],[-28.0345,38.5901],[-28.066,38.6118],[-28.0931,38.6196],[-28.1172,38.629],[-28.1779,38.6451],[-28.1955,38.6624],[-28.2243,38.6832],[-28.2472,38.6862],[-28.3121,38.7353],[-28.3155,38.7551],[-28.2645,38.7315],[-28.2325,38.7256],[-28.0343,38.6663],[-27.9783,38.642],[-27.9631,38.6373],[-27.8817,38.6011],[-27.7789,38.5671],[-27.7606,38.549],[-27.8241,38.5438],[-27.8263,38.5432],[-27.8265,38.5433],[-27.8267,38.5432],[-27.8276,38.5435]]],[[[-27.0571,38.6619],[-27.0603,38.6414],[-27.0891,38.631],[-27.0972,38.6336],[-27.1391,38.6391],[-27.1817,38.6394],[-27.1937,38.6464],[-27.2123,38.6489],[-27.2284,38.6411],[-27.2529,38.6527],[-27.2857,38.6587],[-27.3047,38.6612],[-27.3068,38.6625],[-27.3276,38.6663],[-27.3734,38.707],[-27.3917,38.7589],[-27.3869,38.7639],[-27.3875,38.7654],[-27.3874,38.7655],[-27.3875,38.7658],[-27.3813,38.7697],[-27.3688,38.7827],[-27.3533,38.7873],[-27.3515,38.7884],[-27.3472,38.7891],[-27.2982,38.8035],[-27.2638,38.8018],[-27.2615,38.8022],[-27.2612,38.8022],[-27.2611,38.8022],[-27.2498,38.8012],[-27.1443,38.7961],[-27.1306,38.7903],[-27.1279,38.7901],[-27.1216,38.7865],[-27.0751,38.767],[-27.0426,38.7445],[-27.0425,38.742],[-27.0415,38.7415],[-27.0415,38.725],[-27.0409,38.7144],[-27.0201,38.6937],[-27.0415,38.6848],[-27.0415,38.6786],[-27.0571,38.6619]]],[[[-31.1383,39.4731],[-31.1327,39.4655],[-31.1316,39.423],[-31.1383,39.4095],[-31.1383,39.406],[-31.1421,39.4019],[-31.1566,39.3726],[-31.1772,39.3556],[-31.2688,39.3647],[-31.2847,39.3979],[-31.2809,39.4431],[-31.2623,39.4907],[-31.2611,39.4966],[-31.2599,39.4971],[-31.2558,39.5075],[-31.2005,39.5222],[-31.2016,39.5202],[-31.1999,39.5209],[-31.1998,39.5208],[-31.1995,39.5209],[-31.1688,39.5],[-31.1595,39.5018],[-31.1475,39.4856],[-31.1383,39.4793],[-31.1383,39.4731]]],[[[-17.1734,32.7247],[-17.2145,32.7506],[-17.2412,32.7791],[-17.2521,32.8145],[-17.2003,32.8685],[-17.1923,32.8685],[-17.1922,32.8686],[-17.1919,32.8685],[-17.1918,32.8686],[-17.1915,32.8685],[-17.1661,32.8685],[-17.1459,32.8511],[-17.0551,32.8166],[-16.9877,32.8296],[-16.98,32.8332],[-16.9441,32.838],[-16.9294,32.8408],[-16.9293,32.8407],[-16.929,32.8408],[-16.9275,32.8402],[-16.9197,32.8412],[-16.8607,32.8132],[-16.8494,32.806],[-16.7802,32.7757],[-16.7475,32.7708],[-16.7316,32.7651],[-16.7083,32.7607],[-16.693,32.7667],[-16.6727,32.7586],[-16.7096,32.7452],[-16.7634,32.7102],[-16.7803,32.6962],[-16.7887,32.6867],[-16.8064,32.6568],[-16.8478,32.644],[-16.8959,32.6416],[-16.9768,32.6472],[-17.143,32.7056],[-17.1682,32.7215],[-17.1706,32.7224],[-17.1734,32.7247]]]]}},
{"type":"Feature","properties":{"entityId":"portugal","from":1415,"to":1668,"certainty":"estimated","source":"유럽 쪽은 Natural Earth 1:10m admin-1(v5.1.2) 현대 행정구역 조각을 그 시기 국경에 맞춰 묶고, 조각이 역사 경계와 다른 곳은 선을 그어 나눈 근사. 유럽 밖(시베리아·중앙아시아·극동)은 대략적인 추정. 운영자 검수 필요"},"geometry":{"type":"MultiPolygon","coordinates":[[[[-5.295,35.9068],[-5.2831,35.9117],[-5.286,35.9047],[-5.2793,35.9031],[-5.2795,35.9029],[-5.2796,35.9028],[-5.2793,35.9027],[-5.2907,35.8934],[-5.2919,35.8905],[-5.3356,35.8624],[-5.3407,35.8474],[-5.3629,35.8638],[-5.3784,35.8817],[-5.3897,35.902],[-5.3989,35.9245],[-5.3852,35.9262],[-5.3662,35.9248],[-5.3601,35.922],[-5.295,35.9068]]],[[[-5.3255,36.0078],[-5.3255,35.9973],[-5.3445,35.9785],[-5.3742,35.9492],[-5.3765,35.9469],[-5.3768,35.947],[-5.3769,35.9469],[-5.423,35.9547],[-5.423,35.9774],[-5.423,35.9832],[-5.423,36.0078],[-5.3742,36.0078],[-5.3255,36.0078]]],[[[-8.9511,41.471],[-8.9719,41.5079],[-8.9913,41.5425],[-8.9916,41.5448],[-8.9963,41.5817],[-9.001,41.6186],[-9.0057,41.6555],[-9.0246,41.8031],[-9.0293,41.84],[-9.034,41.8769],[-8.9994,41.8769],[-8.9648,41.8769],[-8.9302,41.8769],[-8.8956,41.8769],[-8.8673,41.8769],[-8.8609,41.8769],[-8.8389,41.8769],[-8.8262,41.8848],[-8.8262,41.9138],[-8.8262,41.9167],[-8.7915,41.9312],[-8.7915,41.9076],[-8.7628,41.932],[-8.7568,41.9506],[-8.7508,41.969],[-8.6708,41.9998],[-8.6526,42.0314],[-8.6269,42.051],[-8.5728,42.0544],[-8.5012,42.0831],[-8.3467,42.1017],[-8.2954,42.1301],[-8.2523,42.1376],[-8.2224,42.1536],[-8.2043,42.1288],[-8.2074,42.0858],[-8.1913,42.0621],[-8.1376,42.0729],[-8.0951,42.0409],[-8.108,42.0109],[-8.1821,41.9654],[-8.2207,41.9227],[-8.2317,41.886],[-8.2204,41.8682],[-8.1846,41.8577],[-8.1793,41.8126],[-8.0935,41.8067],[-8.0504,41.816],[-7.9936,41.8637],[-7.9448,41.867],[-7.9258,41.9082],[-7.9061,41.9139],[-7.8966,41.8579],[-7.8648,41.8579],[-7.8497,41.8758],[-7.7501,41.8884],[-7.722,41.8993],[-7.6612,41.8749],[-7.6074,41.8732],[-7.6222,41.8323],[-7.5884,41.8242],[-7.5316,41.8402],[-7.5081,41.8649],[-7.4694,41.8525],[-7.4427,41.806],[-7.4054,41.8352],[-7.3768,41.844],[-7.3225,41.8454],[-7.2515,41.8637],[-7.2093,41.8892],[-7.1957,41.9174],[-7.1999,41.9637],[-7.1454,41.9875],[-7.0827,41.9528],[-7.0513,41.942],[-6.9924,41.9664],[-6.9835,41.963],[-6.9451,41.9434],[-6.855,41.9429],[-6.8312,41.954],[-6.8249,41.9838],[-6.7944,41.9797],[-6.7579,41.9376],[-6.728,41.9309],[-6.6568,41.9331],[-6.6228,41.941],[-6.6095,41.9623],[-6.5851,41.9547],[-6.5676,41.9261],[-6.5758,41.8829],[-6.5242,41.8674],[-6.5357,41.8486],[-6.5601,41.7669],[-6.5774,41.7397],[-6.5553,41.6749],[-6.5134,41.6509],[-6.4608,41.6766],[-6.3659,41.6636],[-6.3171,41.6501],[-6.2722,41.6282],[-6.2059,41.5703],[-6.2859,41.4869],[-6.2829,41.4656],[-6.321,41.4196],[-6.3762,41.3969],[-6.431,41.339],[-6.4821,41.303],[-6.5635,41.2707],[-6.6466,41.2676],[-6.6938,41.2174],[-6.7069,41.1943],[-6.759,41.1518],[-6.7648,41.1089],[-6.818,41.0541],[-6.9068,41.0561],[-6.9274,41.0481],[-6.9425,41.016],[-6.9306,40.9921],[-6.8852,40.9489],[-6.847,40.8789],[-6.8212,40.8701],[-6.8203,40.8442],[-6.8367,40.8402],[-6.837,40.7433],[-6.8162,40.6772],[-6.8143,40.6472],[-6.8445,40.5978],[-6.8484,40.5648],[-6.8181,40.5319],[-6.8153,40.5025],[-6.8571,40.4421],[-6.8513,40.4095],[-6.8281,40.3806],[-6.7944,40.3564],[-6.812,40.3323],[-6.8639,40.301],[-6.8745,40.2792],[-6.8964,40.2555],[-6.9421,40.255],[-7.0248,40.2162],[-7.0431,40.1814],[-7.0158,40.1191],[-6.9557,40.1029],[-6.9199,40.0649],[-6.8797,40.0092],[-6.8969,39.9871],[-6.9095,39.932],[-6.9223,39.9224],[-6.9242,39.8716],[-6.9528,39.8329],[-6.9852,39.8211],[-7.0003,39.8025],[-6.993,39.7742],[-7.0133,39.7389],[-7.0096,39.7155],[-7.0358,39.6893],[-7.1829,39.6751],[-7.2358,39.6865],[-7.2928,39.6833],[-7.3414,39.6718],[-7.5573,39.6798],[-7.5559,39.6772],[-7.5158,39.5938],[-7.4513,39.5378],[-7.4176,39.5242],[-7.3994,39.4937],[-7.3135,39.4574],[-7.3189,39.4133],[-7.3319,39.3847],[-7.3267,39.3413],[-7.2508,39.2706],[-7.2658,39.2314],[-7.2441,39.1956],[-7.1681,39.1706],[-7.1558,39.1515],[-7.1675,39.1135],[-7.1273,39.0975],[-7.0913,39.1124],[-7.0388,39.1091],[-6.9997,39.0847],[-6.9794,39.0472],[-6.9733,39.014],[-7.0221,38.9429],[-7.066,38.9046],[-7.0522,38.885],[-7.0561,38.8551],[-7.1049,38.8272],[-7.151,38.8193],[-7.1797,38.7909],[-7.2259,38.7661],[-7.2704,38.7375],[-7.2841,38.7132],[-7.2909,38.6382],[-7.2735,38.6254],[-7.2759,38.6038],[-7.3177,38.5563],[-7.3456,38.4941],[-7.3352,38.4694],[-7.3592,38.4464],[-7.3171,38.4246],[-7.1672,38.2721],[-7.1269,38.1909],[-7.1171,38.1836],[-7.1035,38.1736],[-7.0631,38.1775],[-7.0264,38.1996],[-6.9642,38.2061],[-6.9506,38.1984],[-6.9576,38.1682],[-6.9976,38.0896],[-7.024,38.0226],[-7.0494,38.0202],[-7.1233,38.04],[-7.1522,38.0007],[-7.1853,37.9887],[-7.2233,37.9938],[-7.2727,37.977],[-7.2686,37.9492],[-7.3069,37.8508],[-7.3344,37.8119],[-7.4263,37.7506],[-7.4575,37.7001],[-7.4716,37.6369],[-7.5143,37.6014],[-7.5297,37.5672],[-7.5146,37.5283],[-7.4759,37.4943],[-7.4629,37.4511],[-7.4623,37.4179],[-7.445,37.3868],[-7.4342,37.2593],[-7.4144,37.1928],[-7.4078,37.1659],[-7.3772,37.1659],[-7.3772,37.1389],[-7.3772,37.1366],[-7.3349,37.1366],[-7.3349,37.1073],[-7.3349,37.1038],[-7.3349,37.078],[-7.3772,37.0851],[-7.4538,37.0978],[-7.4617,37.0928],[-7.5462,37.0385],[-7.8569,36.8389],[-7.8572,36.839],[-7.8573,36.8389],[-8.3827,36.9794],[-8.8973,36.8694],[-8.8973,36.8695],[-8.8977,36.8694],[-8.8976,36.8698],[-8.8977,36.8698],[-8.8643,37.0424],[-8.8789,37.0472],[-8.946,37.0079],[-8.9829,37.0266],[-8.9979,37.0215],[-8.9949,37.0319],[-8.9985,37.0329],[-8.9983,37.0332],[-8.9985,37.0333],[-8.9896,37.0499],[-8.9856,37.0634],[-8.9752,37.0765],[-8.9265,37.1669],[-8.9185,37.1859],[-8.9227,37.1997],[-8.9075,37.2117],[-8.8739,37.2912],[-8.8828,37.3099],[-8.8503,37.347],[-8.825,37.407],[-8.8149,37.4308],[-8.815,37.4371],[-8.8157,37.4671],[-8.8184,37.5873],[-8.8265,37.6006],[-8.8002,37.6944],[-8.7946,37.7258],[-8.8087,37.7229],[-8.817,37.7403],[-8.8067,37.7972],[-8.8141,37.8326],[-8.8214,37.868],[-8.8221,37.8713],[-8.8668,37.9387],[-8.8948,37.9525],[-8.8771,37.9661],[-8.8203,38.1359],[-8.8401,38.2657],[-9.0095,38.301],[-9.2108,38.343],[-9.2865,38.3588],[-9.3443,38.4497],[-9.3783,38.5031],[-9.3953,38.5298],[-9.4122,38.5564],[-9.4247,38.5761],[-9.5061,38.704],[-9.5277,38.738],[-9.5277,38.7383],[-9.5277,38.7384],[-9.514,38.8516],[-9.4782,39.1467],[-9.4693,39.2205],[-9.4648,39.2574],[-9.4603,39.2943],[-9.4485,39.3917],[-9.3934,39.4419],[-9.0693,39.737],[-9.0489,39.7556],[-8.9997,40.0322],[-8.9931,40.0691],[-8.9865,40.106],[-8.9769,40.1601],[-8.9701,40.1798],[-8.9188,40.3273],[-8.8675,40.4749],[-8.8547,40.5118],[-8.8419,40.5487],[-8.8162,40.6225],[-8.7681,40.7609],[-8.7761,40.9176],[-8.7799,40.9914],[-8.7818,41.0283],[-8.7837,41.0652],[-8.7897,41.1837],[-8.8061,41.2128],[-8.8889,41.3603],[-8.9304,41.4341],[-8.9511,41.471]]],[[[-25.1623,36.9469],[-25.1691,36.946],[-25.2016,36.9904],[-25.197,36.9941],[-25.1987,36.9964],[-25.1985,36.9965],[-25.1987,36.9968],[-25.1753,37.0115],[-25.1703,37.0155],[-25.1682,37.0159],[-25.1627,37.0194],[-25.1458,37.0205],[-25.1336,37.023],[-25.1144,37.0226],[-25.0835,37.0246],[-25.0831,37.0246],[-25.0785,37.0218],[-25.0668,37.0215],[-25.0292,36.9924],[-25.0122,36.9492],[-25.0271,36.9343],[-25.098,36.9484],[-25.1587,36.9426],[-25.1591,36.9426],[-25.1623,36.9469]]],[[[-25.3333,37.7259],[-25.3724,37.7174],[-25.4372,37.7153],[-25.4395,37.7151],[-25.4397,37.7151],[-25.4399,37.7151],[-25.4407,37.7152],[-25.4883,37.7137],[-25.5057,37.7067],[-25.5591,37.7291],[-25.6155,37.7409],[-25.7043,37.744],[-25.7346,37.7619],[-25.7351,37.762],[-25.738,37.7639],[-25.8251,37.8154],[-25.8595,37.8539],[-25.8467,37.8909],[-25.8467,37.8943],[-25.8454,37.8947],[-25.8415,37.906],[-25.7932,37.9095],[-25.7855,37.9117],[-25.7854,37.9116],[-25.7851,37.9117],[-25.7824,37.9103],[-25.7646,37.9116],[-25.7391,37.906],[-25.7042,37.8826],[-25.6929,37.8637],[-25.6483,37.8405],[-25.5872,37.8336],[-25.5305,37.8364],[-25.4899,37.848],[-25.4746,37.8391],[-25.4126,37.8421],[-25.3398,37.8618],[-25.1978,37.8644],[-25.1592,37.852],[-25.1352,37.8223],[-25.1323,37.7862],[-25.1568,37.7545],[-25.1947,37.7407],[-25.2506,37.735],[-25.2523,37.7342],[-25.3333,37.7259]]],[[[-28.1737,38.4054],[-28.1946,38.402],[-28.2295,38.3852],[-28.2296,38.3852],[-28.2419,38.3776],[-28.2601,38.3932],[-28.3298,38.4118],[-28.3529,38.4122],[-28.4527,38.4078],[-28.4531,38.4078],[-28.4535,38.408],[-28.4595,38.4057],[-28.5254,38.4539],[-28.5303,38.4602],[-28.5323,38.4616],[-28.533,38.4637],[-28.5489,38.4844],[-28.5489,38.5144],[-28.5503,38.5189],[-28.5502,38.519],[-28.5503,38.5193],[-28.5489,38.5205],[-28.5489,38.5286],[-28.5187,38.5501],[-28.5139,38.5512],[-28.5107,38.554],[-28.5018,38.554],[-28.4853,38.5578],[-28.4276,38.554],[-28.4023,38.554],[-28.3972,38.552],[-28.3745,38.5505],[-28.2805,38.506],[-28.1652,38.4606],[-28.1095,38.4466],[-28.0638,38.4428],[-28.0406,38.4091],[-28.0542,38.3985],[-28.1559,38.4067],[-28.1737,38.4054]]],[[[-28.6397,38.5243],[-28.6362,38.5155],[-28.6718,38.5224],[-28.727,38.5149],[-28.7496,38.5235],[-28.7616,38.5356],[-28.8419,38.5987],[-28.8416,38.5988],[-28.8417,38.5989],[-28.8418,38.599],[-28.8424,38.5994],[-28.8392,38.5998],[-28.7369,38.6283],[-28.7196,38.6452],[-28.7005,38.6384],[-28.6979,38.6391],[-28.6978,38.639],[-28.6975,38.6391],[-28.6885,38.6341],[-28.6326,38.614],[-28.6097,38.5974],[-28.5961,38.5527],[-28.6046,38.5496],[-28.6397,38.5243]]],[[[-27.8276,38.5435],[-27.8358,38.5428],[-27.9152,38.5652],[-27.9356,38.5744],[-27.997,38.5921],[-28.0345,38.5901],[-28.066,38.6118],[-28.0931,38.6196],[-28.1172,38.629],[-28.1779,38.6451],[-28.1955,38.6624],[-28.2243,38.6832],[-28.2472,38.6862],[-28.3121,38.7353],[-28.3155,38.7551],[-28.2645,38.7315],[-28.2325,38.7256],[-28.0343,38.6663],[-27.9783,38.642],[-27.9631,38.6373],[-27.8817,38.6011],[-27.7789,38.5671],[-27.7606,38.549],[-27.8241,38.5438],[-27.8263,38.5432],[-27.8265,38.5433],[-27.8267,38.5432],[-27.8276,38.5435]]],[[[-27.0571,38.6619],[-27.0603,38.6414],[-27.0891,38.631],[-27.0972,38.6336],[-27.1391,38.6391],[-27.1817,38.6394],[-27.1937,38.6464],[-27.2123,38.6489],[-27.2284,38.6411],[-27.2529,38.6527],[-27.2857,38.6587],[-27.3047,38.6612],[-27.3068,38.6625],[-27.3276,38.6663],[-27.3734,38.707],[-27.3917,38.7589],[-27.3869,38.7639],[-27.3875,38.7654],[-27.3874,38.7655],[-27.3875,38.7658],[-27.3813,38.7697],[-27.3688,38.7827],[-27.3533,38.7873],[-27.3515,38.7884],[-27.3472,38.7891],[-27.2982,38.8035],[-27.2638,38.8018],[-27.2615,38.8022],[-27.2612,38.8022],[-27.2611,38.8022],[-27.2498,38.8012],[-27.1443,38.7961],[-27.1306,38.7903],[-27.1279,38.7901],[-27.1216,38.7865],[-27.0751,38.767],[-27.0426,38.7445],[-27.0425,38.742],[-27.0415,38.7415],[-27.0415,38.725],[-27.0409,38.7144],[-27.0201,38.6937],[-27.0415,38.6848],[-27.0415,38.6786],[-27.0571,38.6619]]],[[[-31.1383,39.4731],[-31.1327,39.4655],[-31.1316,39.423],[-31.1383,39.4095],[-31.1383,39.406],[-31.1421,39.4019],[-31.1566,39.3726],[-31.1772,39.3556],[-31.2688,39.3647],[-31.2847,39.3979],[-31.2809,39.4431],[-31.2623,39.4907],[-31.2611,39.4966],[-31.2599,39.4971],[-31.2558,39.5075],[-31.2005,39.5222],[-31.2016,39.5202],[-31.1999,39.5209],[-31.1998,39.5208],[-31.1995,39.5209],[-31.1688,39.5],[-31.1595,39.5018],[-31.1475,39.4856],[-31.1383,39.4793],[-31.1383,39.4731]]],[[[-17.1734,32.7247],[-17.2145,32.7506],[-17.2412,32.7791],[-17.2521,32.8145],[-17.2003,32.8685],[-17.1923,32.8685],[-17.1922,32.8686],[-17.1919,32.8685],[-17.1918,32.8686],[-17.1915,32.8685],[-17.1661,32.8685],[-17.1459,32.8511],[-17.0551,32.8166],[-16.9877,32.8296],[-16.98,32.8332],[-16.9441,32.838],[-16.9294,32.8408],[-16.9293,32.8407],[-16.929,32.8408],[-16.9275,32.8402],[-16.9197,32.8412],[-16.8607,32.8132],[-16.8494,32.806],[-16.7802,32.7757],[-16.7475,32.7708],[-16.7316,32.7651],[-16.7083,32.7607],[-16.693,32.7667],[-16.6727,32.7586],[-16.7096,32.7452],[-16.7634,32.7102],[-16.7803,32.6962],[-16.7887,32.6867],[-16.8064,32.6568],[-16.8478,32.644],[-16.8959,32.6416],[-16.9768,32.6472],[-17.143,32.7056],[-17.1682,32.7215],[-17.1706,32.7224],[-17.1734,32.7247]]]]}},
{"type":"Feature","properties":{"entityId":"portugal","from":1668,"to":null,"certainty":"estimated","source":"유럽 쪽은 Natural Earth 1:10m admin-1(v5.1.2) 현대 행정구역 조각을 그 시기 국경에 맞춰 묶고, 조각이 역사 경계와 다른 곳은 선을 그어 나눈 근사. 유럽 밖(시베리아·중앙아시아·극동)은 대략적인 추정. 운영자 검수 필요"},"geometry":{"type":"MultiPolygon","coordinates":[[[[-8.9511,41.471],[-8.9719,41.5079],[-8.9913,41.5425],[-8.9916,41.5448],[-8.9963,41.5817],[-9.001,41.6186],[-9.0057,41.6555],[-9.0246,41.8031],[-9.0293,41.84],[-9.034,41.8769],[-8.9994,41.8769],[-8.9648,41.8769],[-8.9302,41.8769],[-8.8956,41.8769],[-8.8673,41.8769],[-8.8609,41.8769],[-8.8389,41.8769],[-8.8262,41.8848],[-8.8262,41.9138],[-8.8262,41.9167],[-8.7915,41.9312],[-8.7915,41.9076],[-8.7628,41.932],[-8.7568,41.9506],[-8.7508,41.969],[-8.6708,41.9998],[-8.6526,42.0314],[-8.6269,42.051],[-8.5728,42.0544],[-8.5012,42.0831],[-8.3467,42.1017],[-8.2954,42.1301],[-8.2523,42.1376],[-8.2224,42.1536],[-8.2043,42.1288],[-8.2074,42.0858],[-8.1913,42.0621],[-8.1376,42.0729],[-8.0951,42.0409],[-8.108,42.0109],[-8.1821,41.9654],[-8.2207,41.9227],[-8.2317,41.886],[-8.2204,41.8682],[-8.1846,41.8577],[-8.1793,41.8126],[-8.0935,41.8067],[-8.0504,41.816],[-7.9936,41.8637],[-7.9448,41.867],[-7.9258,41.9082],[-7.9061,41.9139],[-7.8966,41.8579],[-7.8648,41.8579],[-7.8497,41.8758],[-7.7501,41.8884],[-7.722,41.8993],[-7.6612,41.8749],[-7.6074,41.8732],[-7.6222,41.8323],[-7.5884,41.8242],[-7.5316,41.8402],[-7.5081,41.8649],[-7.4694,41.8525],[-7.4427,41.806],[-7.4054,41.8352],[-7.3768,41.844],[-7.3225,41.8454],[-7.2515,41.8637],[-7.2093,41.8892],[-7.1957,41.9174],[-7.1999,41.9637],[-7.1454,41.9875],[-7.0827,41.9528],[-7.0513,41.942],[-6.9924,41.9664],[-6.9835,41.963],[-6.9451,41.9434],[-6.855,41.9429],[-6.8312,41.954],[-6.8249,41.9838],[-6.7944,41.9797],[-6.7579,41.9376],[-6.728,41.9309],[-6.6568,41.9331],[-6.6228,41.941],[-6.6095,41.9623],[-6.5851,41.9547],[-6.5676,41.9261],[-6.5758,41.8829],[-6.5242,41.8674],[-6.5357,41.8486],[-6.5601,41.7669],[-6.5774,41.7397],[-6.5553,41.6749],[-6.5134,41.6509],[-6.4608,41.6766],[-6.3659,41.6636],[-6.3171,41.6501],[-6.2722,41.6282],[-6.2059,41.5703],[-6.2859,41.4869],[-6.2829,41.4656],[-6.321,41.4196],[-6.3762,41.3969],[-6.431,41.339],[-6.4821,41.303],[-6.5635,41.2707],[-6.6466,41.2676],[-6.6938,41.2174],[-6.7069,41.1943],[-6.759,41.1518],[-6.7648,41.1089],[-6.818,41.0541],[-6.9068,41.0561],[-6.9274,41.0481],[-6.9425,41.016],[-6.9306,40.9921],[-6.8852,40.9489],[-6.847,40.8789],[-6.8212,40.8701],[-6.8203,40.8442],[-6.8367,40.8402],[-6.837,40.7433],[-6.8162,40.6772],[-6.8143,40.6472],[-6.8445,40.5978],[-6.8484,40.5648],[-6.8181,40.5319],[-6.8153,40.5025],[-6.8571,40.4421],[-6.8513,40.4095],[-6.8281,40.3806],[-6.7944,40.3564],[-6.812,40.3323],[-6.8639,40.301],[-6.8745,40.2792],[-6.8964,40.2555],[-6.9421,40.255],[-7.0248,40.2162],[-7.0431,40.1814],[-7.0158,40.1191],[-6.9557,40.1029],[-6.9199,40.0649],[-6.8797,40.0092],[-6.8969,39.9871],[-6.9095,39.932],[-6.9223,39.9224],[-6.9242,39.8716],[-6.9528,39.8329],[-6.9852,39.8211],[-7.0003,39.8025],[-6.993,39.7742],[-7.0133,39.7389],[-7.0096,39.7155],[-7.0358,39.6893],[-7.1829,39.6751],[-7.2358,39.6865],[-7.2928,39.6833],[-7.3414,39.6718],[-7.5573,39.6798],[-7.5559,39.6772],[-7.5158,39.5938],[-7.4513,39.5378],[-7.4176,39.5242],[-7.3994,39.4937],[-7.3135,39.4574],[-7.3189,39.4133],[-7.3319,39.3847],[-7.3267,39.3413],[-7.2508,39.2706],[-7.2658,39.2314],[-7.2441,39.1956],[-7.1681,39.1706],[-7.1558,39.1515],[-7.1675,39.1135],[-7.1273,39.0975],[-7.0913,39.1124],[-7.0388,39.1091],[-6.9997,39.0847],[-6.9794,39.0472],[-6.9733,39.014],[-7.0221,38.9429],[-7.066,38.9046],[-7.0522,38.885],[-7.0561,38.8551],[-7.1049,38.8272],[-7.151,38.8193],[-7.1797,38.7909],[-7.2259,38.7661],[-7.2704,38.7375],[-7.2841,38.7132],[-7.2909,38.6382],[-7.2735,38.6254],[-7.2759,38.6038],[-7.3177,38.5563],[-7.3456,38.4941],[-7.3352,38.4694],[-7.3592,38.4464],[-7.3171,38.4246],[-7.1672,38.2721],[-7.1269,38.1909],[-7.1171,38.1836],[-7.1035,38.1736],[-7.0631,38.1775],[-7.0264,38.1996],[-6.9642,38.2061],[-6.9506,38.1984],[-6.9576,38.1682],[-6.9976,38.0896],[-7.024,38.0226],[-7.0494,38.0202],[-7.1233,38.04],[-7.1522,38.0007],[-7.1853,37.9887],[-7.2233,37.9938],[-7.2727,37.977],[-7.2686,37.9492],[-7.3069,37.8508],[-7.3344,37.8119],[-7.4263,37.7506],[-7.4575,37.7001],[-7.4716,37.6369],[-7.5143,37.6014],[-7.5297,37.5672],[-7.5146,37.5283],[-7.4759,37.4943],[-7.4629,37.4511],[-7.4623,37.4179],[-7.445,37.3868],[-7.4342,37.2593],[-7.4144,37.1928],[-7.4078,37.1659],[-7.3772,37.1659],[-7.3772,37.1389],[-7.3772,37.1366],[-7.3349,37.1366],[-7.3349,37.1073],[-7.3349,37.1038],[-7.3349,37.078],[-7.3772,37.0851],[-7.4538,37.0978],[-7.4617,37.0928],[-7.5462,37.0385],[-7.8569,36.8389],[-7.8572,36.839],[-7.8573,36.8389],[-8.3827,36.9794],[-8.8973,36.8694],[-8.8973,36.8695],[-8.8977,36.8694],[-8.8976,36.8698],[-8.8977,36.8698],[-8.8643,37.0424],[-8.8789,37.0472],[-8.946,37.0079],[-8.9829,37.0266],[-8.9979,37.0215],[-8.9949,37.0319],[-8.9985,37.0329],[-8.9983,37.0332],[-8.9985,37.0333],[-8.9896,37.0499],[-8.9856,37.0634],[-8.9752,37.0765],[-8.9265,37.1669],[-8.9185,37.1859],[-8.9227,37.1997],[-8.9075,37.2117],[-8.8739,37.2912],[-8.8828,37.3099],[-8.8503,37.347],[-8.825,37.407],[-8.8149,37.4308],[-8.815,37.4371],[-8.8157,37.4671],[-8.8184,37.5873],[-8.8265,37.6006],[-8.8002,37.6944],[-8.7946,37.7258],[-8.8087,37.7229],[-8.817,37.7403],[-8.8067,37.7972],[-8.8141,37.8326],[-8.8214,37.868],[-8.8221,37.8713],[-8.8668,37.9387],[-8.8948,37.9525],[-8.8771,37.9661],[-8.8203,38.1359],[-8.8401,38.2657],[-9.0095,38.301],[-9.2108,38.343],[-9.2865,38.3588],[-9.3443,38.4497],[-9.3783,38.5031],[-9.3953,38.5298],[-9.4122,38.5564],[-9.4247,38.5761],[-9.5061,38.704],[-9.5277,38.738],[-9.5277,38.7383],[-9.5277,38.7384],[-9.514,38.8516],[-9.4782,39.1467],[-9.4693,39.2205],[-9.4648,39.2574],[-9.4603,39.2943],[-9.4485,39.3917],[-9.3934,39.4419],[-9.0693,39.737],[-9.0489,39.7556],[-8.9997,40.0322],[-8.9931,40.0691],[-8.9865,40.106],[-8.9769,40.1601],[-8.9701,40.1798],[-8.9188,40.3273],[-8.8675,40.4749],[-8.8547,40.5118],[-8.8419,40.5487],[-8.8162,40.6225],[-8.7681,40.7609],[-8.7761,40.9176],[-8.7799,40.9914],[-8.7818,41.0283],[-8.7837,41.0652],[-8.7897,41.1837],[-8.8061,41.2128],[-8.8889,41.3603],[-8.9304,41.4341],[-8.9511,41.471]]],[[[-25.1623,36.9469],[-25.1691,36.946],[-25.2016,36.9904],[-25.197,36.9941],[-25.1987,36.9964],[-25.1985,36.9965],[-25.1987,36.9968],[-25.1753,37.0115],[-25.1703,37.0155],[-25.1682,37.0159],[-25.1627,37.0194],[-25.1458,37.0205],[-25.1336,37.023],[-25.1144,37.0226],[-25.0835,37.0246],[-25.0831,37.0246],[-25.0785,37.0218],[-25.0668,37.0215],[-25.0292,36.9924],[-25.0122,36.9492],[-25.0271,36.9343],[-25.098,36.9484],[-25.1587,36.9426],[-25.1591,36.9426],[-25.1623,36.9469]]],[[[-25.3333,37.7259],[-25.3724,37.7174],[-25.4372,37.7153],[-25.4395,37.7151],[-25.4397,37.7151],[-25.4399,37.7151],[-25.4407,37.7152],[-25.4883,37.7137],[-25.5057,37.7067],[-25.5591,37.7291],[-25.6155,37.7409],[-25.7043,37.744],[-25.7346,37.7619],[-25.7351,37.762],[-25.738,37.7639],[-25.8251,37.8154],[-25.8595,37.8539],[-25.8467,37.8909],[-25.8467,37.8943],[-25.8454,37.8947],[-25.8415,37.906],[-25.7932,37.9095],[-25.7855,37.9117],[-25.7854,37.9116],[-25.7851,37.9117],[-25.7824,37.9103],[-25.7646,37.9116],[-25.7391,37.906],[-25.7042,37.8826],[-25.6929,37.8637],[-25.6483,37.8405],[-25.5872,37.8336],[-25.5305,37.8364],[-25.4899,37.848],[-25.4746,37.8391],[-25.4126,37.8421],[-25.3398,37.8618],[-25.1978,37.8644],[-25.1592,37.852],[-25.1352,37.8223],[-25.1323,37.7862],[-25.1568,37.7545],[-25.1947,37.7407],[-25.2506,37.735],[-25.2523,37.7342],[-25.3333,37.7259]]],[[[-28.1737,38.4054],[-28.1946,38.402],[-28.2295,38.3852],[-28.2296,38.3852],[-28.2419,38.3776],[-28.2601,38.3932],[-28.3298,38.4118],[-28.3529,38.4122],[-28.4527,38.4078],[-28.4531,38.4078],[-28.4535,38.408],[-28.4595,38.4057],[-28.5254,38.4539],[-28.5303,38.4602],[-28.5323,38.4616],[-28.533,38.4637],[-28.5489,38.4844],[-28.5489,38.5144],[-28.5503,38.5189],[-28.5502,38.519],[-28.5503,38.5193],[-28.5489,38.5205],[-28.5489,38.5286],[-28.5187,38.5501],[-28.5139,38.5512],[-28.5107,38.554],[-28.5018,38.554],[-28.4853,38.5578],[-28.4276,38.554],[-28.4023,38.554],[-28.3972,38.552],[-28.3745,38.5505],[-28.2805,38.506],[-28.1652,38.4606],[-28.1095,38.4466],[-28.0638,38.4428],[-28.0406,38.4091],[-28.0542,38.3985],[-28.1559,38.4067],[-28.1737,38.4054]]],[[[-28.6397,38.5243],[-28.6362,38.5155],[-28.6718,38.5224],[-28.727,38.5149],[-28.7496,38.5235],[-28.7616,38.5356],[-28.8419,38.5987],[-28.8416,38.5988],[-28.8417,38.5989],[-28.8418,38.599],[-28.8424,38.5994],[-28.8392,38.5998],[-28.7369,38.6283],[-28.7196,38.6452],[-28.7005,38.6384],[-28.6979,38.6391],[-28.6978,38.639],[-28.6975,38.6391],[-28.6885,38.6341],[-28.6326,38.614],[-28.6097,38.5974],[-28.5961,38.5527],[-28.6046,38.5496],[-28.6397,38.5243]]],[[[-27.8276,38.5435],[-27.8358,38.5428],[-27.9152,38.5652],[-27.9356,38.5744],[-27.997,38.5921],[-28.0345,38.5901],[-28.066,38.6118],[-28.0931,38.6196],[-28.1172,38.629],[-28.1779,38.6451],[-28.1955,38.6624],[-28.2243,38.6832],[-28.2472,38.6862],[-28.3121,38.7353],[-28.3155,38.7551],[-28.2645,38.7315],[-28.2325,38.7256],[-28.0343,38.6663],[-27.9783,38.642],[-27.9631,38.6373],[-27.8817,38.6011],[-27.7789,38.5671],[-27.7606,38.549],[-27.8241,38.5438],[-27.8263,38.5432],[-27.8265,38.5433],[-27.8267,38.5432],[-27.8276,38.5435]]],[[[-27.0571,38.6619],[-27.0603,38.6414],[-27.0891,38.631],[-27.0972,38.6336],[-27.1391,38.6391],[-27.1817,38.6394],[-27.1937,38.6464],[-27.2123,38.6489],[-27.2284,38.6411],[-27.2529,38.6527],[-27.2857,38.6587],[-27.3047,38.6612],[-27.3068,38.6625],[-27.3276,38.6663],[-27.3734,38.707],[-27.3917,38.7589],[-27.3869,38.7639],[-27.3875,38.7654],[-27.3874,38.7655],[-27.3875,38.7658],[-27.3813,38.7697],[-27.3688,38.7827],[-27.3533,38.7873],[-27.3515,38.7884],[-27.3472,38.7891],[-27.2982,38.8035],[-27.2638,38.8018],[-27.2615,38.8022],[-27.2612,38.8022],[-27.2611,38.8022],[-27.2498,38.8012],[-27.1443,38.7961],[-27.1306,38.7903],[-27.1279,38.7901],[-27.1216,38.7865],[-27.0751,38.767],[-27.0426,38.7445],[-27.0425,38.742],[-27.0415,38.7415],[-27.0415,38.725],[-27.0409,38.7144],[-27.0201,38.6937],[-27.0415,38.6848],[-27.0415,38.6786],[-27.0571,38.6619]]],[[[-31.1383,39.4731],[-31.1327,39.4655],[-31.1316,39.423],[-31.1383,39.4095],[-31.1383,39.406],[-31.1421,39.4019],[-31.1566,39.3726],[-31.1772,39.3556],[-31.2688,39.3647],[-31.2847,39.3979],[-31.2809,39.4431],[-31.2623,39.4907],[-31.2611,39.4966],[-31.2599,39.4971],[-31.2558,39.5075],[-31.2005,39.5222],[-31.2016,39.5202],[-31.1999,39.5209],[-31.1998,39.5208],[-31.1995,39.5209],[-31.1688,39.5],[-31.1595,39.5018],[-31.1475,39.4856],[-31.1383,39.4793],[-31.1383,39.4731]]],[[[-17.1734,32.7247],[-17.2145,32.7506],[-17.2412,32.7791],[-17.2521,32.8145],[-17.2003,32.8685],[-17.1923,32.8685],[-17.1922,32.8686],[-17.1919,32.8685],[-17.1918,32.8686],[-17.1915,32.8685],[-17.1661,32.8685],[-17.1459,32.8511],[-17.0551,32.8166],[-16.9877,32.8296],[-16.98,32.8332],[-16.9441,32.838],[-16.9294,32.8408],[-16.9293,32.8407],[-16.929,32.8408],[-16.9275,32.8402],[-16.9197,32.8412],[-16.8607,32.8132],[-16.8494,32.806],[-16.7802,32.7757],[-16.7475,32.7708],[-16.7316,32.7651],[-16.7083,32.7607],[-16.693,32.7667],[-16.6727,32.7586],[-16.7096,32.7452],[-16.7634,32.7102],[-16.7803,32.6962],[-16.7887,32.6867],[-16.8064,32.6568],[-16.8478,32.644],[-16.8959,32.6416],[-16.9768,32.6472],[-17.143,32.7056],[-17.1682,32.7215],[-17.1706,32.7224],[-17.1734,32.7247]]]]}}
]}
