{"type":"FeatureCollection","features":[
{"type":"Feature","properties":{"entityId":"rus-principalities","from":1132,"to":1136,"certainty":"estimated","source":"유럽 쪽은 Natural Earth 1:10m admin-1(v5.1.2) 현대 행정구역 조각을 그 시기 국경에 맞춰 묶고, 조각이 역사 경계와 다른 곳은 선을 그어 나눈 근사. 유럽 밖(시베리아·중앙아시아·극동)은 대략적인 추정. 운영자 검수 필요"},"geometry":{"type":"MultiPolygon","coordinates":[[[[22.3942,52.7413],[22.3997,52.695],[22.4118,52.6597],[22.4119,52.6006],[22.5176,52.5294],[22.5114,52.4946],[22.5198,52.4733],[22.5448,52.4625],[22.5388,52.4294],[22.5627,52.4041],[22.6119,52.3873],[22.689,52.3854],[22.8446,52.3656],[22.9228,52.3723],[22.9751,52.3528],[22.9845,52.3301],[23.0058,52.337],[23.0521,52.3096],[23.039,52.2892],[23.087,52.2923],[23.1502,52.2816],[23.1761,52.2851],[23.1945,52.2715],[23.1897,52.2405],[23.2123,52.2317],[23.3958,52.1996],[23.3885,52.1842],[23.4367,52.1757],[23.4505,52.1859],[23.4847,52.1586],[23.5125,52.1244],[23.5794,52.1215],[23.6375,52.0845],[23.6764,51.9941],[23.6476,51.9741],[23.6222,51.9279],[23.6214,51.8956],[23.5946,51.8433],[23.6287,51.8098],[23.6175,51.7865],[23.5604,51.7545],[23.5466,51.7136],[23.5604,51.672],[23.5324,51.659],[23.5438,51.6438],[23.5399,51.6071],[23.574,51.5553],[23.5728,51.5397],[23.6062,51.5174],[23.6148,51.4972],[23.6628,51.4802],[23.6487,51.454],[23.6976,51.4044],[23.6789,51.3941],[23.6839,51.3703],[23.634,51.3393],[23.6352,51.3047],[23.6873,51.2924],[23.7427,51.2163],[23.7652,51.199],[23.816,51.1788],[23.8747,51.1361],[23.8545,51.1215],[23.9042,51.0627],[23.9117,51.0068],[23.9551,50.9836],[23.9793,50.9375],[24.0469,50.898],[24.1302,50.8689],[24.1309,50.8391],[24.0469,50.8291],[24.0205,50.8386],[23.9699,50.8252],[23.9576,50.808],[23.9743,50.7762],[24.0259,50.767],[24.0128,50.7433],[24.0269,50.728],[24.081,50.713],[24.0749,50.6902],[24.1082,50.6303],[24.0853,50.6044],[24.0954,50.5569],[24.1077,50.5408],[24.075,50.5143],[24.0107,50.4928],[24.0032,50.4377],[23.9813,50.4048],[23.9287,50.3908],[23.7475,50.3894],[23.6957,50.3768],[23.6587,50.327],[23.5653,50.2578],[23.4364,50.1935],[23.2079,50.034],[23.1778,50.004],[23.1015,49.9571],[22.993,49.8544],[22.9512,49.8266],[22.9244,49.7854],[22.8882,49.7697],[22.8266,49.6974],[22.7773,49.6805],[22.7417,49.6337],[22.6658,49.5674],[22.6409,49.5288],[22.6669,49.4784],[22.6796,49.4189],[22.7142,49.3906],[22.7242,49.3671],[22.7378,49.2754],[22.7029,49.195],[22.6817,49.1612],[22.7057,49.1688],[22.7488,49.1456],[22.7781,49.1203],[22.8534,49.0848],[22.8475,49.0337],[22.865,49.0132],[22.9024,48.9833],[22.892,48.9354],[22.926,48.9041],[22.9612,48.8843],[22.9821,48.859],[23.0117,48.8547],[23.105,48.8713],[23.1376,48.8522],[23.1798,48.7903],[23.2016,48.7771],[23.2576,48.7722],[23.2982,48.7812],[23.3085,48.7502],[23.3505,48.772],[23.378,48.7371],[23.4458,48.7267],[23.4985,48.7312],[23.5329,48.7237],[23.6124,48.7038],[23.6745,48.6545],[23.709,48.643],[23.7715,48.6447],[23.7817,48.6034],[23.8471,48.5628],[23.8949,48.5496],[23.9168,48.5154],[23.9074,48.4887],[23.9427,48.4704],[24.0015,48.5001],[24.0462,48.5051],[24.1138,48.5322],[24.137,48.5275],[24.1407,48.4712],[24.1312,48.4345],[24.1408,48.3799],[24.1777,48.3546],[24.2341,48.3505],[24.2707,48.3572],[24.3054,48.3883],[24.3317,48.3748],[24.3458,48.3402],[24.3916,48.3311],[24.4949,48.2666],[24.5415,48.2128],[24.5216,48.1711],[24.5384,48.1345],[24.6068,48.0886],[24.6393,48.0476],[24.5882,47.9959],[24.5698,47.9373],[24.6085,47.9219],[24.6493,47.8952],[24.6615,47.8539],[24.7128,47.8259],[24.7937,47.8045],[24.8207,47.7841],[24.8778,47.7187],[24.9289,47.7139],[24.9424,47.7156],[25.0174,47.7246],[25.0799,47.7429],[25.1219,47.7703],[25.219,47.8785],[25.2617,47.8986],[25.7525,47.9346],[25.8184,47.9526],[25.9181,47.9682],[25.9657,47.9649],[26.0293,47.9778],[26.1025,47.9783],[26.1731,47.9931],[26.2048,48.0374],[26.2553,48.0723],[26.287,48.1247],[26.3035,48.212],[26.3303,48.2085],[26.3739,48.22],[26.3974,48.2262],[26.4447,48.2277],[26.5874,48.2494],[26.6179,48.259],[26.6361,48.2949],[26.6691,48.3088],[26.6798,48.3302],[26.6994,48.3251],[26.7359,48.2918],[26.7546,48.2861],[26.7857,48.2941],[26.7894,48.3259],[26.7775,48.3662],[26.7881,48.376],[26.8169,48.3717],[26.8428,48.3937],[26.876,48.384],[26.9432,48.3513],[26.9906,48.3624],[27.0331,48.3602],[27.0263,48.3971],[27.1758,48.3618],[27.2086,48.3606],[27.2519,48.3783],[27.306,48.4237],[27.3422,48.4361],[27.3898,48.415],[27.4202,48.4171],[27.4809,48.4514],[27.5038,48.4724],[27.5571,48.4744],[27.583,48.486],[27.6048,48.4841],[27.6069,48.4578],[27.627,48.4513],[27.7518,48.452],[27.7853,48.4416],[27.8499,48.4096],[27.8854,48.3784],[27.9264,48.3394],[28.0032,48.3259],[28.0559,48.3215],[28.0928,48.3021],[28.0983,48.2841],[28.0787,48.2449],[28.1311,48.2396],[28.1785,48.2589],[28.1999,48.2117],[28.2403,48.2116],[28.2945,48.2365],[28.3406,48.2401],[28.3682,48.2306],[28.3634,48.191],[28.3222,48.1632],[28.3174,48.1354],[28.3496,48.1297],[28.3886,48.1686],[28.4116,48.1707],[28.4369,48.1499],[28.419,48.1222],[28.4474,48.0828],[28.49,48.0655],[28.4998,48.1089],[28.5434,48.088],[28.5191,48.0523],[28.4813,48.0332],[28.4666,47.9972],[28.4965,47.9878],[28.5055,47.9587],[28.4962,47.9155],[28.478,47.8886],[28.504,47.8833],[28.5305,47.8929],[28.5692,47.8871],[28.637,47.8421],[28.6692,47.8581],[28.6568,47.8772],[28.6579,47.8987],[28.6832,47.9339],[28.7204,47.9527],[28.7556,47.9572],[28.7848,47.9828],[28.8128,47.9654],[28.8303,47.9411],[28.8289,47.9171],[28.861,47.8997],[28.9421,47.8832],[28.9803,47.8755],[29.0181,47.8535],[29.0175,47.8269],[28.9803,47.7656],[28.9756,47.7434],[28.9803,47.6874],[28.9954,47.6509],[28.9865,47.6223],[29.0157,47.5821],[29.0267,47.5295],[29.0486,47.5062],[29.0928,47.4874],[29.108,47.4694],[29.1268,47.4656],[29.1372,47.484],[29.1174,47.5333],[29.1305,47.5596],[29.1821,47.6132],[29.1924,47.6509],[29.197,47.7175],[29.2386,47.756],[29.222,47.7748],[29.1778,47.7897],[29.1867,47.8182],[29.2328,47.8571],[29.236,47.8707],[29.1866,47.8836],[29.1646,47.9056],[29.148,47.9554],[29.124,47.976],[29.0927,47.9802],[29.061,47.9698],[29.0172,47.9311],[28.9808,47.9264],[28.9361,47.9422],[28.8826,47.9768],[28.8621,48.0005],[28.8798,48.0106],[28.9642,48.0358],[29.0461,48.0831],[29.0412,48.1282],[29.0783,48.1445],[29.104,48.1436],[29.1699,48.1057],[29.2463,48.0845],[29.3384,48.0862],[29.4347,48.1131],[29.4972,48.0928],[29.5855,48.0871],[29.6798,48.0922],[29.6975,48.1364],[29.6659,48.1689],[29.6825,48.1821],[29.7172,48.1817],[29.7748,48.2031],[29.7866,48.25],[29.7382,48.2701],[29.7754,48.3169],[29.7771,48.3476],[29.8586,48.4172],[29.8834,48.4326],[29.9124,48.4319],[29.9401,48.3756],[30.0046,48.4244],[30.0388,48.4277],[30.0761,48.4551],[30.1208,48.4564],[30.1744,48.4892],[30.2135,48.4819],[30.2552,48.4853],[30.3849,48.5305],[30.393,48.5555],[30.4147,48.5719],[30.4565,48.5708],[30.4844,48.5535],[30.5741,48.5652],[30.5775,48.6011],[30.5409,48.6193],[30.6014,48.6639],[30.6154,48.7222],[30.7023,48.7652],[30.7991,48.7604],[30.8122,48.7509],[30.9381,48.7562],[31.0205,48.7435],[31.0548,48.7282],[31.116,48.7283],[31.1799,48.751],[31.2237,48.7539],[31.3091,48.7428],[31.3329,48.7238],[31.4417,48.751],[31.4623,48.7611],[31.4812,48.8035],[31.5273,48.8352],[31.5295,48.904],[31.5441,48.9242],[31.6511,48.9174],[31.6895,48.9445],[31.7323,48.9426],[31.8102,48.9239],[31.8541,48.8983],[31.8748,48.8616],[31.8949,48.8618],[31.9528,48.9021],[32.0316,48.9278],[32.0518,48.9162],[32.1292,48.9125],[32.146,48.948],[32.1343,48.9583],[32.1494,48.9801],[32.1925,48.9998],[32.2414,49.052],[32.2795,49.0471],[32.3013,49.0779],[32.3319,49.0898],[32.3691,49.0458],[32.4208,49.0438],[32.4529,49.0561],[32.463,49.0098],[32.5015,48.9755],[32.5152,48.9313],[32.5513,48.9328],[32.5737,48.9576],[32.6003,48.9456],[32.6343,48.946],[32.683,48.9863],[32.7439,48.9656],[32.7824,48.9637],[32.8449,49.0012],[32.8491,49.023],[32.8247,49.0304],[32.8013,49.074],[32.7895,49.1468],[32.7527,49.1882],[32.7546,49.192],[32.7887,49.2618],[33.0382,49.182],[33.142,49.1302],[33.2041,49.0709],[33.2971,49.0649],[33.346,49.0327],[33.3226,49.0273],[33.2994,48.9955],[33.3757,48.9413],[33.401,48.9535],[33.4564,48.9417],[33.5427,48.903],[33.597,48.9224],[33.6516,48.8993],[33.6735,48.8691],[33.6946,48.9058],[33.7785,48.9225],[33.8074,48.9034],[33.876,48.8974],[33.9195,48.8658],[34.0402,48.8078],[34.0749,48.805],[34.1097,48.7902],[34.162,48.7844],[34.2375,48.7463],[34.2951,48.7844],[34.2782,48.8132],[34.3159,48.8396],[34.3127,48.8613],[34.2766,48.8884],[34.2743,48.9143],[34.3012,48.9639],[34.3252,48.9809],[34.3567,48.9861],[34.3505,49.0144],[34.4028,49.0501],[34.4083,49.0765],[34.4304,49.0746],[34.6098,49.1265],[34.7265,49.146],[34.7841,49.1746],[34.8367,49.1807],[34.8713,49.1687],[34.8573,49.1496],[34.8911,49.1483],[34.9262,49.183],[34.9839,49.1637],[34.9897,49.1775],[34.9746,49.217],[34.9549,49.2396],[34.9729,49.2806],[35.0246,49.3172],[35.053,49.3162],[35.0902,49.2972],[35.1885,49.292],[35.2633,49.3117],[35.309,49.3421],[35.3606,49.392],[35.3514,49.4266],[35.3306,49.4347],[35.3137,49.4678],[35.3267,49.4854],[35.3627,49.4907],[35.4194,49.4809],[35.4693,49.5005],[35.3962,49.5407],[35.3984,49.5548],[35.4751,49.5604],[35.4198,49.6373],[35.4282,49.6639],[35.4197,49.6863],[35.3813,49.6881],[35.3598,49.6684],[35.2913,49.6793],[35.2769,49.6962],[35.239,49.7045],[35.2303,49.7315],[35.206,49.7429],[35.1913,49.7747],[35.1911,49.832],[35.1483,49.8553],[35.103,49.8477],[35.0407,49.868],[35.0086,49.8889],[34.9546,49.8901],[34.8882,49.9177],[34.864,49.9423],[34.8415,50],[34.8621,50.0216],[34.9132,50.0557],[34.9172,50.1324],[34.9082,50.146],[34.9573,50.1669],[34.9794,50.192],[35.0159,50.1721],[35.0339,50.1747],[35.0376,50.1985],[35.0672,50.215],[35.0887,50.2071],[35.1354,50.245],[35.1947,50.2323],[35.2547,50.2442],[35.2526,50.2689],[35.269,50.2783],[35.3089,50.2764],[35.3292,50.3047],[35.3804,50.2922],[35.4029,50.3337],[35.4938,50.3022],[35.4957,50.3189],[35.5618,50.3189],[35.5955,50.3259],[35.671,50.3199],[35.6922,50.3442],[35.6316,50.345],[35.5702,50.3765],[35.5547,50.4333],[35.5227,50.4595],[35.4464,50.476],[35.4253,50.5005],[35.3777,50.6218],[35.3916,50.6464],[35.4689,50.6685],[35.4454,50.6875],[35.4471,50.7343],[35.4385,50.7624],[35.3791,50.7972],[35.3777,50.8337],[35.3414,50.8765],[35.3417,50.9159],[35.2936,50.9376],[35.2822,50.9611],[35.401,50.9533],[35.4494,50.963],[35.5124,50.9471],[35.5042,50.9182],[35.5464,50.9057],[35.5923,50.9211],[35.6129,50.9393],[35.6331,50.924],[35.6772,50.9193],[35.7176,50.9376],[35.7212,50.9672],[35.7457,50.9671],[35.7668,50.9482],[35.8042,50.9382],[35.8556,50.9794],[35.8769,51.0124],[35.9149,51.011],[35.9542,51.0455],[35.9996,51.0577],[35.9525,51.0922],[35.9397,51.1161],[35.9763,51.1575],[36.0406,51.1603],[36.0986,51.1296],[36.2075,51.1251],[36.2443,51.1063],[36.3136,51.1033],[36.3591,51.1258],[36.4037,51.1179],[36.4762,51.0863],[36.4999,51.122],[36.5996,51.0795],[36.6175,51.0798],[36.6526,51.1089],[36.6887,51.1274],[36.8558,51.1858],[36.9302,51.181],[36.9896,51.2004],[37.054,51.2469],[37.0849,51.2504],[37.0984,51.2299],[37.1304,51.2428],[37.1187,51.3015],[37.1442,51.3429],[37.1894,51.3288],[37.2491,51.331],[37.3417,51.3644],[37.3616,51.3844],[37.447,51.3723],[37.4628,51.381],[37.5386,51.3943],[37.581,51.3708],[37.6667,51.3657],[37.7593,51.3885],[37.8286,51.4205],[37.8777,51.4009],[37.9,51.4007],[37.9319,51.4197],[38.0465,51.4197],[38.0518,51.3909],[38.0273,51.3662],[38.1551,51.3293],[38.2011,51.3067],[38.2915,51.2925],[38.3122,51.3094],[38.3234,51.3408],[38.3511,51.3629],[38.3448,51.3731],[38.3012,51.3626],[38.2729,51.4529],[38.2848,51.4739],[38.2693,51.4988],[38.2764,51.5264],[38.221,51.5543],[38.1888,51.587],[38.1402,51.6207],[38.1492,51.6444],[38.2189,51.6318],[38.2015,51.685],[38.2195,51.7078],[38.3396,51.6889],[38.4098,51.6878],[38.5051,51.7319],[38.4751,51.7448],[38.4141,51.7545],[38.3875,51.7851],[38.4264,51.8146],[38.4135,51.854],[38.4098,51.9202],[38.362,51.9301],[38.3039,51.9151],[38.2988,51.961],[38.2322,51.9453],[38.1921,51.9122],[38.1454,51.9278],[38.1015,51.927],[38.0321,51.9011],[37.997,51.879],[37.8911,51.8842],[37.8662,51.9239],[37.8208,51.9122],[37.779,51.952],[37.7778,51.9875],[37.7471,52.0169],[37.7776,52.1615],[37.8322,52.2024],[37.948,52.2456],[38.017,52.2517],[37.9948,52.271],[37.9998,52.2954],[38.0384,52.3445],[37.9907,52.3801],[37.9614,52.4144],[37.909,52.4148],[37.8769,52.4345],[37.88,52.4512],[37.9108,52.4729],[37.8375,52.501],[37.7828,52.5084],[37.7886,52.5417],[37.8122,52.5477],[37.7866,52.5803],[37.7641,52.5746],[37.7118,52.613],[37.7295,52.6136],[37.7509,52.6381],[37.7884,52.6363],[37.8127,52.6484],[37.7766,52.7185],[37.7937,52.7359],[37.8348,52.7462],[37.8707,52.7718],[37.8737,52.7953],[37.8112,52.829],[37.7927,52.8539],[37.8388,52.8905],[37.7949,52.9121],[37.8165,52.9349],[37.8217,52.9678],[37.841,53.0085],[37.8038,53.0739],[37.7874,53.0889],[37.696,53.1364],[37.6631,53.1183],[37.6113,53.1127],[37.5613,53.1688],[37.5543,53.1977],[37.5683,53.289],[37.5557,53.2957],[37.4924,53.2765],[37.4736,53.2776],[37.4271,53.3031],[37.382,53.3089],[37.3272,53.3032],[37.2761,53.2723],[37.1969,53.2507],[37.0882,53.28],[37.0095,53.2835],[36.9908,53.307],[36.9592,53.2921],[36.9171,53.2861],[36.8073,53.2966],[36.7742,53.3072],[36.7151,53.3447],[36.6772,53.3896],[36.6668,53.4159],[36.6142,53.4233],[36.5716,53.3965],[36.5128,53.3951],[36.4445,53.4215],[36.398,53.4285],[36.3716,53.4524],[36.3082,53.4847],[36.3124,53.5088],[36.2316,53.5741],[36.1409,53.5563],[36.0983,53.5559],[36.0556,53.5787],[36.0146,53.5863],[36.0096,53.6183],[35.9902,53.6537],[36.04,53.6839],[36.0564,53.7079],[36.0169,53.7237],[35.9654,53.7221],[35.9315,53.7861],[35.9661,53.8049],[35.9549,53.8311],[35.9138,53.8523],[35.9769,53.8655],[35.9887,53.9163],[36.0271,53.9401],[36.1113,53.961],[36.107,54.0095],[36.1459,54.0463],[36.1908,54.0547],[36.2164,54.0699],[36.2007,54.0982],[36.1545,54.1086],[36.1013,54.0976],[36.0784,54.1222],[36.111,54.1239],[36.113,54.1364],[36.0224,54.1768],[36.031,54.1908],[36.0669,54.2005],[36.1084,54.1955],[36.1481,54.1681],[36.1969,54.1585],[36.2366,54.1948],[36.2372,54.2291],[36.2517,54.2362],[36.2836,54.2207],[36.3538,54.2233],[36.4,54.2095],[36.4158,54.2371],[36.4588,54.2556],[36.4615,54.2882],[36.5548,54.2924],[36.7145,54.3172],[36.741,54.3075],[36.7249,54.2818],[36.7766,54.2805],[36.8342,54.2935],[36.8914,54.2832],[36.926,54.2936],[36.9463,54.3197],[36.9314,54.3605],[36.9654,54.3958],[36.9258,54.4482],[36.9029,54.4616],[36.8635,54.4578],[36.8484,54.4722],[36.8479,54.4753],[36.8405,54.5222],[36.8048,54.553],[36.805,54.6099],[36.8302,54.6167],[36.8855,54.6063],[36.919,54.5863],[36.9951,54.5854],[37.0421,54.5667],[37.0721,54.5361],[37.0886,54.5488],[37.2076,54.6877],[37.2118,54.7109],[37.1833,54.7184],[37.2164,54.7641],[37.2284,54.8081],[37.259,54.8358],[37.3841,54.8224],[37.4325,54.8312],[37.4608,54.8223],[37.4848,54.7892],[37.5485,54.7584],[37.5643,54.7365],[37.6713,54.7135],[37.7583,54.7362],[37.7697,54.7774],[37.7499,54.8203],[37.7956,54.8247],[37.8437,54.8383],[37.9386,54.8323],[37.9574,54.8035],[37.9583,54.7767],[37.9966,54.77],[38.0355,54.7497],[38.0393,54.7137],[38.1049,54.7036],[38.1368,54.6825],[38.1786,54.6899],[38.2188,54.6596],[38.3404,54.6495],[38.3639,54.6567],[38.3935,54.6443],[38.4716,54.6384],[38.4942,54.6226],[38.5166,54.5859],[38.49,54.5797],[38.441,54.5293],[38.3772,54.5148],[38.3904,54.4686],[38.4597,54.4062],[38.4993,54.3931],[38.5138,54.364],[38.5212,54.2888],[38.5951,54.2716],[38.6751,54.2447],[38.7121,54.2717],[38.7245,54.33],[38.7369,54.3451],[38.8257,54.3805],[38.8555,54.3733],[38.9088,54.3977],[38.919,54.4121],[38.8874,54.4266],[38.7977,54.4512],[38.7876,54.4777],[38.7943,54.5001],[38.7814,54.5538],[38.8204,54.6019],[38.9091,54.618],[38.9325,54.616],[38.9567,54.5934],[39.0401,54.6246],[39.14,54.6281],[39.1765,54.6355],[39.2321,54.6353],[39.2445,54.6564],[39.2379,54.711],[39.2649,54.7197],[39.3287,54.7175],[39.3559,54.7396],[39.3284,54.7484],[39.3714,54.8028],[39.3742,54.8406],[39.3977,54.8761],[39.449,54.8978],[39.4884,54.9408],[39.5444,54.9695],[39.5914,54.9822],[39.6026,55.0059],[39.6845,55.0207],[39.7558,55.0165],[39.8128,54.9975],[39.8882,55.0813],[39.8858,55.1015],[39.8446,55.1219],[39.8097,55.1183],[39.7749,55.1012],[39.7419,55.1078],[39.7202,55.126],[39.7565,55.1394],[39.827,55.1826],[39.9198,55.1868],[40.0014,55.2004],[40.1311,55.2544],[40.2065,55.3093],[40.2439,55.3365],[40.2946,55.3324],[40.3454,55.34],[40.358,55.3238],[40.3277,55.315],[40.3227,55.2938],[40.4001,55.2873],[40.5168,55.3277],[40.5454,55.3093],[40.5322,55.2926],[40.5645,55.269],[40.5539,55.2546],[40.6211,55.2052],[40.6774,55.2134],[40.7294,55.2039],[40.786,55.2222],[40.8435,55.2263],[40.8789,55.2409],[40.891,55.2606],[40.9646,55.2604],[41.0042,55.2335],[41.0365,55.2219],[41.0466,55.1832],[41.0809,55.1474],[41.0955,55.1481],[41.0874,55.1915],[41.11,55.2044],[41.1871,55.221],[41.2634,55.213],[41.2989,55.2032],[41.3652,55.1731],[41.4116,55.131],[41.4413,55.1312],[41.4966,55.157],[41.5823,55.1414],[41.6583,55.1089],[41.7185,55.1249],[41.7832,55.1191],[41.8702,55.1576],[41.9007,55.2045],[41.8587,55.2409],[41.9541,55.2777],[41.9564,55.2964],[41.933,55.3299],[41.9527,55.3386],[42.0006,55.3373],[42.0134,55.3731],[42.0756,55.3932],[42.117,55.4217],[42.1336,55.4587],[42.0684,55.4813],[42.0688,55.55],[46.1083,55.55],[46.1038,55.5727],[46.0485,55.6167],[46.0126,55.6266],[45.9753,55.6191],[45.9572,55.6326],[45.9201,55.688],[45.9679,55.7427],[46.0013,55.7348],[46.0077,55.7495],[45.9883,55.7768],[46.0167,55.7785],[46.0938,55.808],[46.1004,55.8327],[46.088,55.8597],[46.1341,55.8939],[46.0988,55.9408],[46.1502,55.9735],[46.2008,56.0246],[46.214,56.0498],[46.1564,56.0412],[46.1299,56.0598],[46.0922,56.0564],[46.0953,56.0934],[46.0674,56.1092],[46.0795,56.136],[46.0677,56.1819],[46.0264,56.1798],[45.91,56.2338],[45.8738,56.2588],[45.88,56.3077],[45.9354,56.316],[45.9461,56.325],[45.9224,56.3803],[45.9486,56.4082],[45.949,56.4332],[45.876,56.4402],[45.7887,56.4248],[45.7609,56.4606],[45.6627,56.4609],[45.6299,56.5148],[45.6498,56.5455],[45.6385,56.5711],[45.651,56.5908],[45.6951,56.6016],[45.7392,56.6256],[45.8589,56.6291],[45.9218,56.6523],[45.9276,56.6629],[45.896,56.6897],[45.9127,56.7363],[45.9145,56.792],[45.9381,56.8227],[45.9586,56.8721],[46.0382,56.8696],[46.095,56.8812],[46.2199,56.8932],[46.268,56.9047],[46.3127,56.907],[46.3188,56.9436],[46.336,56.9521],[46.5129,56.9401],[46.5342,56.9198],[46.5585,56.9286],[46.601,56.92],[46.6627,56.9391],[46.6682,56.965],[46.7149,56.9663],[46.7514,56.9783],[46.7131,57.0124],[46.7626,57.0302],[46.7561,57.0742],[46.7605,57.1293],[46.7312,57.1907],[46.7422,57.2046],[46.8344,57.1997],[46.8448,57.2291],[46.8083,57.2424],[46.7898,57.2813],[46.6952,57.3205],[46.6867,57.3631],[46.748,57.3807],[46.7292,57.3974],[46.6952,57.4001],[46.7072,57.4237],[46.7382,57.4276],[46.7904,57.4512],[46.7501,57.5173],[46.7876,57.5273],[46.8224,57.512],[46.9123,57.5149],[47.0007,57.4935],[47.0542,57.4983],[47.1368,57.5304],[47.2153,57.5508],[47.2487,57.5673],[47.3584,57.5543],[47.386,57.5351],[47.471,57.5285],[47.4865,57.5758],[47.5212,57.5861],[47.5449,57.6567],[47.5302,57.6999],[47.5727,57.7441],[47.5589,57.7707],[47.5721,57.8104],[47.6121,57.8385],[47.6647,57.8512],[47.7149,57.8715],[47.7623,57.876],[47.7638,57.9121],[47.7031,57.9584],[47.6425,57.9562],[47.4515,57.9874],[47.3884,58.0195],[47.3542,58.0255],[46.9916,58.0244],[46.5964,58.0264],[46.5067,58.035],[46.4784,58.0235],[46.4299,58.0205],[46.3814,58.0558],[46.3413,58.0746],[46.3425,58.0989],[46.313,58.1112],[46.3627,58.1884],[46.4069,58.2087],[46.4157,58.2289],[46.4088,58.2762],[46.4219,58.3146],[46.4773,58.3339],[46.4739,58.3487],[46.4113,58.3536],[46.4583,58.381],[46.541,58.3973],[46.5841,58.4304],[46.5933,58.4514],[46.5565,58.4732],[46.5541,58.4877],[46.5869,58.5177],[46.5931,58.5606],[46.6325,58.5807],[46.6873,58.5669],[46.8142,58.5846],[46.8854,58.6051],[46.9857,58.6138],[47.0102,58.629],[47.0039,58.6845],[47.02,58.7038],[47.0816,58.7386],[47.1199,58.775],[47.1624,58.7696],[47.1955,58.753],[47.2596,58.7563],[47.3165,58.7978],[47.2866,58.8166],[47.2995,58.8594],[47.2819,58.893],[47.3193,58.9156],[47.3843,58.907],[47.4524,58.9211],[47.4772,58.8862],[47.6022,58.9067],[47.6016,58.9217],[47.5704,58.9565],[47.5499,58.998],[47.5709,59.0599],[47.5288,59.078],[47.4512,59.1317],[47.442,59.1642],[47.4016,59.1507],[47.3787,59.1531],[47.2392,59.2202],[47.2315,59.247],[47.2524,59.3555],[47.0563,59.3785],[47.1135,59.6113],[47.1367,59.6979],[47.1339,59.725],[47.1126,59.7527],[47.0572,59.7687],[46.9573,59.7818],[46.9349,59.7891],[46.9226,59.8439],[47.0364,60.0995],[47.0213,60.1219],[46.909,60.1253],[46.8465,60.079],[46.809,60.0708],[46.7458,60.0783],[46.7344,60.0649],[46.6833,60.0625],[46.6627,60.0774],[46.6085,60.0673],[46.5059,60.1053],[46.4661,60.1131],[46.4041,60.1068],[46.3656,60.1252],[46.3755,60.1389],[46.3491,60.2144],[46.3017,60.2419],[46.3126,60.2547],[46.3546,60.2508],[46.4408,60.2714],[46.4915,60.2626],[46.5555,60.2622],[46.6367,60.2736],[46.7281,60.2557],[46.7495,60.2611],[46.8071,60.3183],[46.8093,60.3485],[46.8258,60.369],[46.821,60.3925],[46.8526,60.4275],[46.8768,60.4874],[46.8625,60.5073],[46.9403,60.5382],[46.9665,60.5593],[47.0488,60.5752],[47.0244,60.6012],[47.0209,60.6393],[46.9635,60.6539],[47.0423,60.7479],[47.0838,60.8186],[47.0429,60.8538],[46.9465,60.857],[46.898,60.8858],[46.7766,60.8966],[46.7533,60.9071],[46.7526,60.9692],[46.7365,60.9861],[46.6251,60.9913],[46.5816,61],[46.5541,61.0151],[46.5271,61.0513],[46.5016,61.0644],[46.4807,61.039],[46.4437,61.0343],[46.3906,61.0095],[46.332,61.0076],[46.2851,60.9678],[45.8782,61.0163],[45.805,61.0367],[45.7666,61.0546],[45.7918,61.1545],[45.7867,61.1668],[45.7227,61.1794],[45.3788,61.2055],[45.3324,61.1893],[45.2291,60.9039],[44.4553,60.947],[44.2058,60.9718],[44.1575,60.9948],[44.1687,61.0657],[44.1585,61.0824],[44.053,61.0792],[44.0177,61.0528],[43.9584,61.0487],[43.8753,61.0229],[43.8351,61.0319],[43.776,61.0208],[43.7541,60.946],[43.7289,60.911],[43.746,60.9],[43.7154,60.8845],[43.6488,60.878],[43.5361,60.8531],[43.5204,60.8293],[43.5223,60.7791],[43.5109,60.7675],[43.2266,60.7848],[43.1499,60.806],[43.1353,60.8006],[43.0488,60.7402],[42.9799,60.7369],[42.9765,60.7561],[42.9439,60.7897],[42.9137,60.7789],[42.907,60.8137],[42.8231,60.8553],[42.6505,60.8631],[42.6149,60.8576],[42.5642,60.8357],[42.5616,60.7973],[42.5287,60.7793],[42.4672,60.7912],[42.4239,60.7721],[42.3948,60.7694],[42.0239,60.8358],[41.9668,60.8311],[41.9265,60.8455],[41.9154,60.8594],[41.9606,60.886],[41.9424,60.9121],[41.9165,60.9149],[41.9014,60.897],[41.868,60.9112],[41.8009,60.899],[41.7563,60.8582],[41.7194,60.8402],[41.6681,60.8479],[41.6508,60.8863],[41.6374,60.8911],[41.5185,60.8992],[41.3822,60.8511],[41.4119,60.8072],[41.4121,60.7912],[41.3577,60.7222],[41.3399,60.676],[41.343,60.646],[41.2803,60.664],[41.2295,60.6556],[41.0593,60.6497],[41.0123,60.667],[40.8191,60.711],[40.7626,60.7388],[40.7465,60.7797],[40.7128,60.7585],[40.679,60.7547],[40.6213,60.7282],[40.5551,60.7198],[40.5344,60.7246],[40.5035,60.7557],[40.4655,60.7746],[40.4076,60.784],[40.3754,60.766],[40.3865,60.7319],[40.3515,60.708],[40.2224,60.6951],[40.1564,60.6726],[40.0721,60.6831],[40.0393,60.6809],[40.0049,60.6578],[39.9235,60.6519],[39.764,60.7369],[39.6938,60.7327],[39.6482,60.746],[39.5975,60.7333],[39.4244,60.709],[39.3849,60.6886],[39.3382,60.684],[39.2893,60.7052],[39.1861,60.7148],[39.1706,60.702],[39.1956,60.6732],[39.1906,60.6529],[39.1695,60.6858],[39.0682,60.7141],[39.033,60.7311],[39.0093,60.7621],[38.9829,60.7727],[38.967,60.8002],[38.9477,60.8027],[38.9231,60.7727],[38.8695,60.7738],[38.8303,60.7434],[38.8114,60.7179],[38.7895,60.7128],[38.6613,60.7114],[38.6327,60.7232],[38.5995,60.7835],[38.5742,60.7991],[38.4301,60.8047],[38.4209,60.8112],[38.4185,60.874],[38.3857,60.9382],[38.3617,60.9551],[38.3286,60.9102],[38.2454,60.9132],[38.213,60.924],[38.1705,60.9753],[38.1981,61.026],[38.1449,61.073],[38.1504,61.0985],[38.177,61.1208],[38.1663,61.1331],[38.0891,61.1559],[38.0405,61.1401],[37.9806,61.1407],[37.9645,61.1484],[37.973,61.2047],[37.9425,61.2161],[37.9014,61.2632],[37.9,61.2639],[37.9,60.45],[35.2515,60.45],[35.2517,60.4454],[35.2497,60.4841],[35.2586,60.5853],[35.2276,60.683],[35.2067,60.6951],[35.1951,60.7309],[35.1441,60.7598],[35.1541,60.7873],[35.2028,60.8084],[35.2316,60.8335],[35.2809,60.85],[35.4399,60.8616],[35.4716,60.8777],[35.5135,60.9288],[35.4893,60.9595],[35.5362,61.0096],[35.5568,61.0106],[35.6283,61.0579],[35.6397,61.0902],[35.6918,61.1281],[35.6794,61.1523],[35.6039,61.1883],[36.4668,61.4066],[36.5031,61.4512],[36.5776,61.5295],[36.6107,61.5486],[36.6551,61.5549],[36.8335,61.5404],[36.8734,61.5449],[36.9636,61.5885],[36.9964,61.5944],[37.1817,61.5445],[37.2637,61.5368],[37.2783,61.5005],[37.7729,61.5221],[37.761,61.5997],[37.762,61.6482],[37.7838,61.6706],[37.8573,61.6977],[37.8859,61.7316],[37.8744,61.762],[37.9134,61.8682],[37.9409,61.891],[37.9252,61.9329],[37.9266,61.9683],[37.8307,61.9875],[37.8077,61.9976],[37.7881,62.0998],[37.7503,62.142],[37.737,62.1944],[37.7188,62.2034],[37.5136,62.2153],[37.4794,62.2041],[37.4399,62.2032],[37.4299,62.2372],[37.4658,62.2796],[37.4992,62.2956],[37.5726,62.3606],[37.5668,62.3884],[37.5859,62.4331],[37.5875,62.4727],[37.5543,62.5128],[37.5336,62.5984],[37.5049,62.6453],[37.4427,62.6669],[37.3523,62.6838],[37.2374,62.6812],[37.1777,62.6545],[37.134,62.6491],[37.0808,62.6561],[36.7595,62.7177],[36.6962,62.7485],[36.5005,62.826],[36.4275,62.8908],[36.2835,62.9963],[36.2589,63.0318],[36.2687,63.0628],[36.314,63.1154],[36.3202,63.1613],[36.3758,63.1762],[36.4157,63.2009],[36.3965,63.2124],[36.3049,63.2198],[36.262,63.2355],[36.2697,63.2824],[36.2653,63.3116],[36.2428,63.3441],[36.2198,63.4165],[36.195,63.4279],[36.058,63.4601],[36.0019,63.4885],[35.8823,63.5734],[35.8609,63.6055],[35.9446,63.6197],[36.375,63.645],[36.4693,63.6755],[36.5066,63.7045],[36.5547,63.764],[36.5557,63.7808],[36.5293,63.8205],[36.5178,63.8716],[36.5172,63.9139],[36.5064,63.9409],[36.5234,63.9714],[36.5204,63.9715],[36.5204,64.0145],[36.4859,64.0259],[36.2328,64.1098],[36.2242,64.1118],[36.2222,64.1138],[36.2353,64.1248],[36.1729,64.1631],[36.1464,64.1896],[35.8949,64.2957],[35.8949,64.2958],[35.8601,64.3223],[35.8108,64.342],[35.7254,64.3594],[35.6386,64.3837],[35.5825,64.4113],[35.5657,64.4063],[35.5937,64.3712],[35.4334,64.3475],[35.3196,64.3596],[35.3215,64.3619],[35.28,64.3766],[35.2386,64.3779],[35.034,64.4413],[34.9939,64.4703],[34.9974,64.4719],[35.009,64.4939],[34.9348,64.52],[34.9282,64.5954],[34.9776,64.6119],[34.9734,64.625],[34.9361,64.6366],[34.9234,64.6507],[34.9172,64.7215],[34.9704,64.7276],[35.009,64.7432],[34.9753,64.7705],[34.9297,64.7636],[34.9129,64.77],[34.9082,64.8236],[34.9126,64.8262],[34.9421,64.8576],[34.9041,64.8707],[34.8279,65.7445],[34.9004,65.706],[34.9253,65.7018],[34.9686,65.7277],[34.8936,65.7551],[34.8706,65.7745],[34.8982,65.8097],[34.8936,65.8301],[34.8386,65.8281],[34.8254,65.8432],[34.8662,65.8779],[34.8524,65.9003],[34.812,65.9052],[34.7776,65.9196],[34.7736,65.9188],[34.6805,65.9607],[34.7173,65.9751],[34.7229,65.9878],[34.6668,66.0236],[34.6355,66.0346],[34.6104,66.0577],[34.5702,66.0681],[34.553,66.0937],[34.5373,66.0902],[34.4968,66.1162],[34.3299,66.1646],[34.2908,66.1656],[34.1591,66.2101],[34.1673,66.2212],[34.0873,66.2489],[34.0394,66.2488],[33.6712,66.4142],[33.6847,66.4135],[33.7354,66.426],[33.7046,66.4438],[33.6214,66.4513],[33.5852,66.4602],[33.6336,66.4741],[33.6022,66.5017],[33.5414,66.4726],[33.5038,66.4895],[33.4663,66.5063],[33.4663,66.4958],[33.4287,66.4958],[33.4287,66.5062],[33.3912,66.5062],[33.3912,66.5163],[33.3162,66.5163],[33.3162,66.5323],[33.2411,66.5323],[33.2411,66.5307],[33.2287,66.5329],[33.2036,66.5317],[33.2036,66.5529],[33.1661,66.5529],[33.1661,66.5447],[33.1286,66.5447],[33.1286,66.5513],[33.1658,66.5559],[33.0459,66.5762],[32.9014,66.5748],[32.8836,66.5862],[32.5936,66.5823],[32.5742,66.5774],[32.5589,66.545],[32.5514,66.5011],[32.531,66.489],[32.3807,66.4736],[32.3627,66.4667],[32.3414,66.3669],[32.3287,66.3592],[31.9015,66.3564],[31.8396,66.3755],[31.8224,66.404],[31.8167,66.4703],[31.7847,66.5029],[31.6524,66.5371],[31.6056,66.5773],[31.589,66.6342],[31.5553,66.6552],[31.1206,66.6748],[31.0733,66.6841],[29.3854,66.6283],[29.3625,66.6266],[29.3924,66.6053],[29.4095,66.5685],[29.5245,66.4912],[29.5462,66.432],[29.5697,66.3782],[29.5932,66.3459],[29.6509,66.2879],[29.7924,66.1809],[29.8754,66.1336],[29.9002,66.1081],[29.9205,66.0686],[29.9585,65.9739],[30.0097,65.9157],[30.0393,65.8654],[30.0751,65.8228],[30.1117,65.712],[30.1139,65.6655],[30.0985,65.6564],[30.003,65.6781],[29.7643,65.6481],[29.7029,65.6294],[29.7323,65.6087],[29.8067,65.5849],[29.8386,65.5649],[29.8258,65.552],[29.7455,65.5114],[29.7315,65.4969],[29.7182,65.4542],[29.7306,65.3654],[29.7201,65.3291],[29.6151,65.2694],[29.5801,65.2354],[29.6267,65.2152],[29.7668,65.2174],[29.8332,65.205],[29.8393,65.1669],[29.8091,65.1452],[29.8203,65.1265],[29.8502,65.1215],[29.8205,65.0937],[29.6678,65.0779],[29.6273,65.0622],[29.5984,65.0344],[29.5881,64.9914],[29.6336,64.9072],[29.6983,64.8391],[29.7803,64.7956],[29.8778,64.7848],[30.0625,64.7842],[30.1189,64.7679],[30.1091,64.7201],[30.1705,64.6817],[30.1878,64.6624],[30.1808,64.6428],[30.1364,64.6154],[29.9658,64.5786],[29.97,64.5454],[29.9905,64.5042],[30.0358,64.4915],[30.0704,64.4719],[30.0325,64.3969],[30.053,64.3781],[30.0931,64.3612],[30.1644,64.3419],[30.3211,64.3177],[30.3705,64.3008],[30.446,64.2508],[30.5034,64.2438],[30.5585,64.2197],[30.5325,64.1792],[30.5328,64.1625],[30.5864,64.0847],[30.5805,64.0511],[30.5523,64.0217],[30.5093,63.9914],[30.3286,63.896],[30.2656,63.8307],[30.2015,63.7926],[30.0513,63.7638],[29.9984,63.7471],[29.9808,63.7415],[30.0011,63.7153],[30.2425,63.5818],[30.3805,63.5325],[30.4887,63.4621],[30.8209,63.3757],[30.9749,63.2892],[31.1778,63.2252],[31.2257,63.196],[31.2476,63.1257],[31.2508,63.1155],[31.2885,63.0847],[31.3803,63.0479],[31.4445,63.0019],[31.5054,62.9682],[31.5358,62.9195],[31.5695,62.9059],[31.4413,62.7887],[31.4106,62.7465],[31.3633,62.6516],[31.347,62.6293],[31.3028,62.596],[31.2438,62.5033],[31.153,62.4674],[31.1234,62.4348],[30.9806,62.3588],[30.9419,62.3146],[30.9076,62.2929],[30.7938,62.253],[30.7038,62.2104],[30.635,62.184],[30.6072,62.1513],[30.4807,62.0677],[30.3396,61.9917],[30.1456,61.8505],[29.9777,61.7282],[29.8422,61.6602],[29.7791,61.5931],[29.6351,61.5111],[29.5397,61.485],[29.4991,61.4592],[29.4634,61.4138],[29.3184,61.3384],[29.2771,61.3046],[29.2032,61.2459],[29.1301,61.2134],[28.9808,61.1681],[28.9264,61.1479],[28.8947,61.1321],[29.1,61.05],[29.45,60.85],[29.7,60.6],[29.8,60.35],[29.95,60.12],[29.0631,60.0539],[29.1183,60.0289],[28.9772,59.9602],[28.6761,59.8137],[28.5819,59.8341],[28.5529,59.8536],[28.5173,59.8623],[28.4761,59.8518],[28.4275,59.8134],[28.4186,59.7896],[28.4212,59.7353],[28.4206,59.7335],[28.334,59.6934],[28.2119,59.7246],[28.1988,59.735],[28.1852,59.7586],[28.1239,59.7923],[28.0869,59.7994],[28.007,59.7582],[27.9934,59.7033],[28.0159,59.6597],[28.05,59.6266],[28.0638,59.5543],[28.0406,59.5223],[28.0206,59.4948],[28.0048,59.4871],[28.0233,59.4871],[28.0191,59.4818],[28.0386,59.463],[28.1048,59.4392],[28.1284,59.4095],[28.1865,59.3749],[28.1818,59.3561],[28.1575,59.364],[28.1136,59.3454],[28.0324,59.342],[28.0006,59.3337],[28.0732,59.319],[28.0766,59.3053],[27.9597,59.3065],[27.9039,59.2904],[27.8823,59.2757],[27.8908,59.258],[27.8735,59.2365],[27.8424,59.1612],[27.7672,59.0559],[27.7244,59.0144],[27.6959,58.9772],[27.4778,58.8754],[27.4463,58.8189],[27.4106,58.7549],[27.4288,58.7094],[27.5549,58.3952],[27.4941,58.3195],[27.4828,58.2686],[27.4954,58.2215],[27.5196,58.1945],[27.5797,58.1259],[27.6304,58.0883],[27.6366,58.0592],[27.6316,58.0042],[27.6691,57.992],[27.6752,57.9678],[27.6594,57.9325],[27.6731,57.9128],[27.7744,57.8907],[27.7993,57.8611],[27.7635,57.8387],[27.7007,57.8248],[27.5563,57.8131],[27.5246,57.8073],[27.5539,57.7948],[27.5024,57.7725],[27.5078,57.7148],[27.4904,57.7046],[27.4077,57.689],[27.377,57.6567],[27.387,57.6276],[27.3748,57.5979],[27.328,57.5832],[27.3529,57.5276],[27.5282,57.5285],[27.5256,57.4684],[27.5113,57.4304],[27.5363,57.4157],[27.6408,57.389],[27.6944,57.3564],[27.708,57.3481],[27.8091,57.3139],[27.8403,57.2906],[27.8461,57.2673],[27.8412,57.2112],[27.8243,57.1591],[27.794,57.1434],[27.701,57.1188],[27.6822,57.1037],[27.6961,57.0855],[27.7455,57.068],[27.7458,57.0315],[27.7234,56.9988],[27.7151,56.9574],[27.6487,56.8793],[27.6284,56.8442],[27.6444,56.8418],[27.6612,56.8393],[27.7441,56.8648],[27.7864,56.8713],[27.8308,56.8643],[27.9135,56.8202],[27.9189,56.8059],[27.8761,56.7594],[27.8655,56.7427],[27.8826,56.7255],[27.981,56.687],[27.9913,56.67],[27.9922,56.625],[27.9923,56.6245],[27.9974,56.6038],[28.0287,56.5768],[28.1087,56.5552],[28.1322,56.536],[28.0992,56.5134],[28.0933,56.5016],[28.1045,56.4831],[28.1565,56.4462],[28.1679,56.4271],[28.1643,56.3928],[28.1744,56.3496],[28.2148,56.2814],[28.2153,56.256],[28.1931,56.231],[28.1691,56.1617],[28.1489,56.1424],[28.111,56.1568],[28.0682,56.1476],[28.0511,56.1407],[27.981,56.118],[27.9397,56.1131],[27.9115,56.1002],[27.8807,56.0639],[27.7812,56.0164],[27.7601,55.9754],[27.7444,55.9597],[27.645,55.9228],[27.6172,55.8786],[27.6101,55.831],[27.5927,55.7942],[27.5925,55.7942],[27.5646,55.7922],[27.4388,55.7987],[27.3746,55.8148],[27.361,55.8237],[27.3496,55.8312],[27.3444,55.8282],[27.2824,55.7919],[27.263,55.7872],[27.1732,55.8257],[27.1108,55.8363],[26.9794,55.8263],[26.9578,55.8186],[26.9001,55.7787],[26.8428,55.7193],[26.8228,55.7061],[26.743,55.6829],[26.6401,55.6956],[26.5945,55.667],[26.6077,55.6165],[26.5956,55.568],[26.5321,55.5163],[26.5277,55.4922],[26.5433,55.4596],[26.5078,55.4391],[26.486,55.3908],[26.4455,55.3375],[26.4658,55.3209],[26.5423,55.3076],[26.6027,55.3169],[26.7686,55.3002],[26.8007,55.2733],[26.7897,55.2572],[26.7399,55.2428],[26.7011,55.2368],[26.657,55.2153],[26.6339,55.1922],[26.6163,55.1354],[26.5789,55.1185],[26.4734,55.1457],[26.4203,55.1281],[26.3095,55.1446],[26.2644,55.1401],[26.233,55.1116],[26.2246,55.0549],[26.1703,54.9933],[26.1386,54.9689],[26.1026,54.957],[25.9811,54.9427],[25.9079,54.9481],[25.8585,54.933],[25.8467,54.9062],[25.7827,54.8697],[25.7723,54.8509],[25.7785,54.8053],[25.7243,54.7801],[25.7246,54.7157],[25.7095,54.6756],[25.7151,54.6432],[25.7399,54.6077],[25.7404,54.5685],[25.7074,54.5415],[25.6462,54.5204],[25.6199,54.4881],[25.6126,54.4218],[25.5947,54.4001],[25.53,54.3461],[25.5287,54.321],[25.564,54.3031],[25.6074,54.3049],[25.6674,54.3233],[25.696,54.321],[25.7154,54.2852],[25.7578,54.269],[25.7868,54.2318],[25.7719,54.2179],[25.771,54.1721],[25.74,54.1463],[25.6906,54.1482],[25.6535,54.1287],[25.543,54.137],[25.4933,54.1575],[25.4858,54.1754],[25.5217,54.1882],[25.5017,54.2218],[25.554,54.2313],[25.4721,54.2972],[25.4341,54.2918],[25.394,54.2572],[25.3697,54.2479],[25.2876,54.2452],[25.2241,54.2586],[25.1935,54.2437],[25.1565,54.1757],[25.1156,54.1488],[25.072,54.1322],[25.0271,54.1279],[24.9483,54.1459],[24.9023,54.1498],[24.851,54.145],[24.8216,54.1345],[24.8182,54.1101],[24.7825,54.0929],[24.8214,54.0199],[24.8194,53.9926],[24.7887,53.9697],[24.7239,53.9634],[24.6908,53.9728],[24.6779,53.9923],[24.5791,53.9756],[24.5287,53.9584],[24.414,53.8977],[24.3779,53.8868],[24.2571,53.894],[24.2291,53.9324],[24.2011,53.9525],[24.1367,53.9554],[24.0454,53.9309],[23.9813,53.9304],[23.9198,53.9478],[23.8283,53.9201],[23.7872,53.9279],[23.7544,53.9168],[23.6919,53.9115],[23.6426,53.899],[23.61,53.9018],[23.5201,53.934],[23.4856,53.9393],[23.4863,53.9227],[23.4,53.75],[23.1,53.68],[22.74,53.49],[22.42,53.19],[22.5,53.05],[22.4,52.75],[22.3942,52.7413]],[[30.7681,54.8299],[30.8261,54.8775],[30.8148,54.928],[30.8386,54.9392],[30.8995,54.9464],[30.9361,54.9732],[30.9066,55.0126],[30.9132,55.0246],[30.9806,55.0187],[31.0056,55.023],[31.0064,55.0424],[30.9703,55.1014],[30.984,55.1309],[30.9588,55.1444],[30.9598,55.1626],[30.8865,55.2045],[30.8568,55.2535],[30.8041,55.273],[30.7943,55.2855],[30.8112,55.3231],[30.8456,55.3511],[30.9059,55.376],[30.9186,55.4076],[30.8891,55.4334],[30.8872,55.4681],[30.9194,55.4923],[30.8994,55.4991],[30.9197,55.5345],[30.9071,55.5778],[30.9263,55.6025],[30.9529,55.6597],[31.0366,55.7081],[31.0473,55.7685],[31.1869,55.7372],[31.2118,55.7182],[31.2257,55.7275],[31.2924,55.7367],[31.3256,55.7227],[31.3552,55.7319],[31.4,55.733],[31.4,55.9065],[31.3897,55.92],[31.38,55.92],[31.38,55.9327],[31.3786,55.9345],[31.3447,55.964],[31.38,55.9761],[31.38,56.3073],[31.3414,56.3094],[31.2978,56.3475],[31.2311,56.3462],[31.2154,56.4354],[31.187,56.4512],[31.1442,56.4514],[31.0622,56.4731],[31.0266,56.4747],[31.0126,56.4939],[31.0166,56.5191],[31.0693,56.6002],[31.0793,56.6344],[31.0637,56.6738],[31.0412,56.6844],[30.9756,56.6701],[30.935,56.6836],[30.9131,56.6564],[30.8794,56.6553],[30.8617,56.6666],[30.8168,56.7203],[30.8217,56.7578],[30.7834,56.7656],[30.7976,56.8002],[30.8372,56.8085],[30.8828,56.8028],[30.9043,56.849],[30.8963,56.8967],[30.9449,56.9013],[30.9781,56.9169],[30.9932,56.95],[31.0804,56.95],[31.0728,56.9539],[31.1175,56.931],[31.2562,56.9629],[31.2001,56.95],[31.3593,56.95],[31.3726,56.9452],[31.4444,56.9353],[31.4733,56.9422],[31.5456,56.9398],[31.5585,56.95],[32.4,56.95],[32.4,56.15],[33.5,56.15],[33.5,55.7539],[33.5053,55.7552],[33.5694,55.8163],[33.6379,55.8374],[33.67,55.8653],[33.678,55.9081],[33.6504,55.9355],[33.66,55.9462],[33.7362,55.9474],[33.8056,55.9283],[33.8274,55.9298],[33.8381,55.9495],[33.826,55.9756],[33.8452,56.0077],[33.8906,56.0426],[33.8921,56.0657],[33.9166,56.0731],[33.9712,56.0555],[34.0809,56.0553],[34.2007,56.0745],[34.2354,56.0714],[34.2799,56.045],[34.302,56.0054],[34.3232,55.9956],[34.374,56.0145],[34.422,55.9937],[34.5148,55.9632],[34.5513,55.9439],[34.6309,55.9179],[34.6798,55.921],[34.7604,55.9678],[34.8246,55.9521],[35.0315,55.9844],[35.054,55.9831],[35.1015,55.9579],[35.1741,55.9483],[35.207,55.9379],[35.2199,55.9037],[35.249,55.9104],[35.2481,55.876],[35.2786,55.8548],[35.3125,55.8069],[35.3535,55.7794],[35.3338,55.7553],[35.344,55.737],[35.3161,55.7269],[35.3474,55.6653],[35.3971,55.6171],[35.3926,55.5747],[35.3724,55.5622],[35.3031,55.5712],[35.2861,55.5515],[35.3144,55.5311],[35.3165,55.4875],[35.2963,55.4686],[35.3141,55.4318],[35.292,55.3809],[35.3012,55.2991],[35.3697,55.2388],[35.3487,55.2066],[35.3004,55.1859],[35.3096,55.1677],[35.2824,55.1514],[35.2845,55.1121],[35.2257,55.055],[35.144,55.0217],[35.1249,55.0018],[35.1441,54.9844],[35.1313,54.9616],[35.0649,54.9571],[35.0222,54.925],[34.9921,54.882],[34.9435,54.8941],[34.8658,54.8838],[34.8528,54.8144],[34.8719,54.8024],[34.921,54.7716],[34.8444,54.7328],[34.8173,54.7094],[34.7089,54.6861],[34.654,54.6629],[34.5811,54.6766],[34.5159,54.6767],[34.4667,54.6861],[34.4245,54.6854],[34.415,54.6753],[34.4866,54.6558],[34.4996,54.632],[34.4653,54.5854],[34.4357,54.5119],[34.3868,54.499],[34.4158,54.4508],[34.3746,54.4217],[34.3261,54.4296],[34.2125,54.5051],[34.1075,54.5503],[34.0257,54.5521],[33.9268,54.5723],[33.8888,54.5587],[33.8281,54.5642],[33.804,54.5571],[33.7287,54.5617],[33.6756,54.5007],[33.6427,54.4855],[33.6428,54.4689],[33.67,54.4631],[33.6691,54.441],[33.6379,54.4231],[33.6167,54.381],[33.6298,54.3595],[33.6837,54.3213],[33.673,54.2962],[33.6465,54.2838],[33.6273,54.2597],[33.587,54.2483],[33.619,54.2335],[33.6137,54.1791],[33.562,54.1562],[33.5586,54.1292],[33.5265,54.1112],[33.5501,54.101],[33.4646,54.0852],[33.4242,54.0489],[33.4403,54.0374],[33.4874,54.0362],[33.5012,54.0158],[33.445,53.9991],[33.4746,53.9718],[33.3884,53.9538],[33.4091,53.9812],[33.3491,53.9824],[33.3055,53.9583],[33.2457,53.9513],[33.2663,53.9163],[33.2475,53.8897],[33.2824,53.8566],[33.289,53.8217],[33.2531,53.8035],[33.2039,53.7925],[33.2134,53.7685],[33.1985,53.732],[33.1303,53.7185],[33.0568,53.6763],[33.008,53.6317],[32.956,53.6102],[32.899,53.5687],[32.8904,53.5408],[32.9081,53.4935],[32.8471,53.4318],[32.8262,53.4443],[32.7662,53.4144],[32.7365,53.4383],[32.7178,53.4311],[32.7012,53.4621],[32.6582,53.4557],[32.6417,53.469],[32.6503,53.4876],[32.6006,53.4924],[32.5768,53.486],[32.5543,53.5108],[32.4529,53.5464],[32.4115,53.5824],[32.3991,53.6354],[32.4806,53.6624],[32.4878,53.6847],[32.4616,53.7068],[32.4216,53.7158],[32.3718,53.7144],[32.2904,53.7609],[32.1648,53.7817],[32.106,53.8069],[32.0836,53.8096],[31.8732,53.7771],[31.7873,53.7944],[31.7447,53.7949],[31.7538,53.8196],[31.8101,53.8826],[31.8465,53.9923],[31.8139,54.0571],[31.7713,54.0485],[31.7481,54.0863],[31.7258,54.0975],[31.6669,54.1019],[31.5831,54.1295],[31.5064,54.1439],[31.3247,54.2292],[31.2992,54.2726],[31.2848,54.3474],[31.2487,54.3768],[31.209,54.448],[31.179,54.4534],[31.1679,54.4671],[31.0936,54.4794],[31.0646,54.4923],[31.0896,54.5359],[31.1395,54.5829],[31.1679,54.6216],[31.1286,54.6404],[31.1052,54.6683],[30.999,54.6713],[30.9806,54.7057],[30.8273,54.771],[30.7706,54.786],[30.7681,54.8299]]],[[[35.5052,65.0956],[35.5633,65.0521],[35.6033,65.038],[35.6891,65.0339],[35.7175,65.0277],[35.7238,65.0225],[35.7302,64.9728],[35.7642,64.9637],[35.8237,64.9838],[35.8582,65.0045],[35.8669,65.0313],[35.8592,65.0449],[35.838,65.0517],[35.8535,65.0717],[35.8669,65.076],[35.856,65.0925],[35.8476,65.1426],[35.8152,65.1825],[35.7288,65.1982],[35.7284,65.1982],[35.6098,65.1566],[35.5848,65.1669],[35.5846,65.1668],[35.5844,65.1669],[35.5304,65.1513],[35.5306,65.151],[35.5304,65.1509],[35.533,65.1456],[35.5241,65.1445],[35.5061,65.1213],[35.5052,65.0956]]]]}},
{"type":"Feature","properties":{"entityId":"rus-principalities","from":1136,"to":1178,"certainty":"estimated","source":"유럽 쪽은 Natural Earth 1:10m admin-1(v5.1.2) 현대 행정구역 조각을 그 시기 국경에 맞춰 묶고, 조각이 역사 경계와 다른 곳은 선을 그어 나눈 근사. 유럽 밖(시베리아·중앙아시아·극동)은 대략적인 추정. 운영자 검수 필요"},"geometry":{"type":"MultiPolygon","coordinates":[[[[22.3942,52.7413],[22.3997,52.695],[22.4118,52.6597],[22.4119,52.6006],[22.5176,52.5294],[22.5114,52.4946],[22.5198,52.4733],[22.5448,52.4625],[22.5388,52.4294],[22.5627,52.4041],[22.6119,52.3873],[22.689,52.3854],[22.8446,52.3656],[22.9228,52.3723],[22.9751,52.3528],[22.9845,52.3301],[23.0058,52.337],[23.0521,52.3096],[23.039,52.2892],[23.087,52.2923],[23.1502,52.2816],[23.1761,52.2851],[23.1945,52.2715],[23.1897,52.2405],[23.2123,52.2317],[23.3958,52.1996],[23.3885,52.1842],[23.4367,52.1757],[23.4505,52.1859],[23.4847,52.1586],[23.5125,52.1244],[23.5794,52.1215],[23.6375,52.0845],[23.6764,51.9941],[23.6476,51.9741],[23.6222,51.9279],[23.6214,51.8956],[23.5946,51.8433],[23.6287,51.8098],[23.6175,51.7865],[23.5604,51.7545],[23.5466,51.7136],[23.5604,51.672],[23.5324,51.659],[23.5438,51.6438],[23.5399,51.6071],[23.574,51.5553],[23.5728,51.5397],[23.6062,51.5174],[23.6148,51.4972],[23.6628,51.4802],[23.6487,51.454],[23.6976,51.4044],[23.6789,51.3941],[23.6839,51.3703],[23.634,51.3393],[23.6352,51.3047],[23.6873,51.2924],[23.7427,51.2163],[23.7652,51.199],[23.816,51.1788],[23.8747,51.1361],[23.8545,51.1215],[23.9042,51.0627],[23.9117,51.0068],[23.9551,50.9836],[23.9793,50.9375],[24.0469,50.898],[24.1302,50.8689],[24.1309,50.8391],[24.0469,50.8291],[24.0205,50.8386],[23.9699,50.8252],[23.9576,50.808],[23.9743,50.7762],[24.0259,50.767],[24.0128,50.7433],[24.0269,50.728],[24.081,50.713],[24.0749,50.6902],[24.1082,50.6303],[24.0853,50.6044],[24.0954,50.5569],[24.1077,50.5408],[24.075,50.5143],[24.0107,50.4928],[24.0032,50.4377],[23.9813,50.4048],[23.9287,50.3908],[23.7475,50.3894],[23.6957,50.3768],[23.6587,50.327],[23.5653,50.2578],[23.4364,50.1935],[23.2079,50.034],[23.1778,50.004],[23.1015,49.9571],[22.993,49.8544],[22.9512,49.8266],[22.9244,49.7854],[22.8882,49.7697],[22.8266,49.6974],[22.7773,49.6805],[22.7417,49.6337],[22.6658,49.5674],[22.6409,49.5288],[22.6669,49.4784],[22.6796,49.4189],[22.7142,49.3906],[22.7242,49.3671],[22.7378,49.2754],[22.7029,49.195],[22.6817,49.1612],[22.7057,49.1688],[22.7488,49.1456],[22.7781,49.1203],[22.8534,49.0848],[22.8475,49.0337],[22.865,49.0132],[22.9024,48.9833],[22.892,48.9354],[22.926,48.9041],[22.9612,48.8843],[22.9821,48.859],[23.0117,48.8547],[23.105,48.8713],[23.1376,48.8522],[23.1798,48.7903],[23.2016,48.7771],[23.2576,48.7722],[23.2982,48.7812],[23.3085,48.7502],[23.3505,48.772],[23.378,48.7371],[23.4458,48.7267],[23.4985,48.7312],[23.5329,48.7237],[23.6124,48.7038],[23.6745,48.6545],[23.709,48.643],[23.7715,48.6447],[23.7817,48.6034],[23.8471,48.5628],[23.8949,48.5496],[23.9168,48.5154],[23.9074,48.4887],[23.9427,48.4704],[24.0015,48.5001],[24.0462,48.5051],[24.1138,48.5322],[24.137,48.5275],[24.1407,48.4712],[24.1312,48.4345],[24.1408,48.3799],[24.1777,48.3546],[24.2341,48.3505],[24.2707,48.3572],[24.3054,48.3883],[24.3317,48.3748],[24.3458,48.3402],[24.3916,48.3311],[24.4949,48.2666],[24.5415,48.2128],[24.5216,48.1711],[24.5384,48.1345],[24.6068,48.0886],[24.6393,48.0476],[24.5882,47.9959],[24.5698,47.9373],[24.6085,47.9219],[24.6493,47.8952],[24.6615,47.8539],[24.7128,47.8259],[24.7937,47.8045],[24.8207,47.7841],[24.8778,47.7187],[24.9289,47.7139],[24.9424,47.7156],[25.0174,47.7246],[25.0799,47.7429],[25.1219,47.7703],[25.219,47.8785],[25.2617,47.8986],[25.7525,47.9346],[25.8184,47.9526],[25.9181,47.9682],[25.9657,47.9649],[26.0293,47.9778],[26.1025,47.9783],[26.1731,47.9931],[26.2048,48.0374],[26.2553,48.0723],[26.287,48.1247],[26.3035,48.212],[26.3303,48.2085],[26.3739,48.22],[26.3974,48.2262],[26.4447,48.2277],[26.5874,48.2494],[26.6179,48.259],[26.6361,48.2949],[26.6691,48.3088],[26.6798,48.3302],[26.6994,48.3251],[26.7359,48.2918],[26.7546,48.2861],[26.7857,48.2941],[26.7894,48.3259],[26.7775,48.3662],[26.7881,48.376],[26.8169,48.3717],[26.8428,48.3937],[26.876,48.384],[26.9432,48.3513],[26.9906,48.3624],[27.0331,48.3602],[27.0263,48.3971],[27.1758,48.3618],[27.2086,48.3606],[27.2519,48.3783],[27.306,48.4237],[27.3422,48.4361],[27.3898,48.415],[27.4202,48.4171],[27.4809,48.4514],[27.5038,48.4724],[27.5571,48.4744],[27.583,48.486],[27.6048,48.4841],[27.6069,48.4578],[27.627,48.4513],[27.7518,48.452],[27.7853,48.4416],[27.8499,48.4096],[27.8854,48.3784],[27.9264,48.3394],[28.0032,48.3259],[28.0559,48.3215],[28.0928,48.3021],[28.0983,48.2841],[28.0787,48.2449],[28.1311,48.2396],[28.1785,48.2589],[28.1999,48.2117],[28.2403,48.2116],[28.2945,48.2365],[28.3406,48.2401],[28.3682,48.2306],[28.3634,48.191],[28.3222,48.1632],[28.3174,48.1354],[28.3496,48.1297],[28.3886,48.1686],[28.4116,48.1707],[28.4369,48.1499],[28.419,48.1222],[28.4474,48.0828],[28.49,48.0655],[28.4998,48.1089],[28.5434,48.088],[28.5191,48.0523],[28.4813,48.0332],[28.4666,47.9972],[28.4965,47.9878],[28.5055,47.9587],[28.4962,47.9155],[28.478,47.8886],[28.504,47.8833],[28.5305,47.8929],[28.5692,47.8871],[28.637,47.8421],[28.6692,47.8581],[28.6568,47.8772],[28.6579,47.8987],[28.6832,47.9339],[28.7204,47.9527],[28.7556,47.9572],[28.7848,47.9828],[28.8128,47.9654],[28.8303,47.9411],[28.8289,47.9171],[28.861,47.8997],[28.9421,47.8832],[28.9803,47.8755],[29.0181,47.8535],[29.0175,47.8269],[28.9803,47.7656],[28.9756,47.7434],[28.9803,47.6874],[28.9954,47.6509],[28.9865,47.6223],[29.0157,47.5821],[29.0267,47.5295],[29.0486,47.5062],[29.0928,47.4874],[29.108,47.4694],[29.1268,47.4656],[29.1372,47.484],[29.1174,47.5333],[29.1305,47.5596],[29.1821,47.6132],[29.1924,47.6509],[29.197,47.7175],[29.2386,47.756],[29.222,47.7748],[29.1778,47.7897],[29.1867,47.8182],[29.2328,47.8571],[29.236,47.8707],[29.1866,47.8836],[29.1646,47.9056],[29.148,47.9554],[29.124,47.976],[29.0927,47.9802],[29.061,47.9698],[29.0172,47.9311],[28.9808,47.9264],[28.9361,47.9422],[28.8826,47.9768],[28.8621,48.0005],[28.8798,48.0106],[28.9642,48.0358],[29.0461,48.0831],[29.0412,48.1282],[29.0783,48.1445],[29.104,48.1436],[29.1699,48.1057],[29.2463,48.0845],[29.3384,48.0862],[29.4347,48.1131],[29.4972,48.0928],[29.5855,48.0871],[29.6798,48.0922],[29.6975,48.1364],[29.6659,48.1689],[29.6825,48.1821],[29.7172,48.1817],[29.7748,48.2031],[29.7866,48.25],[29.7382,48.2701],[29.7754,48.3169],[29.7771,48.3476],[29.8586,48.4172],[29.8834,48.4326],[29.9124,48.4319],[29.9401,48.3756],[30.0046,48.4244],[30.0388,48.4277],[30.0761,48.4551],[30.1208,48.4564],[30.1744,48.4892],[30.2135,48.4819],[30.2552,48.4853],[30.3849,48.5305],[30.393,48.5555],[30.4147,48.5719],[30.4565,48.5708],[30.4844,48.5535],[30.5741,48.5652],[30.5775,48.6011],[30.5409,48.6193],[30.6014,48.6639],[30.6154,48.7222],[30.7023,48.7652],[30.7991,48.7604],[30.8122,48.7509],[30.9381,48.7562],[31.0205,48.7435],[31.0548,48.7282],[31.116,48.7283],[31.1799,48.751],[31.2237,48.7539],[31.3091,48.7428],[31.3329,48.7238],[31.4417,48.751],[31.4623,48.7611],[31.4812,48.8035],[31.5273,48.8352],[31.5295,48.904],[31.5441,48.9242],[31.6511,48.9174],[31.6895,48.9445],[31.7323,48.9426],[31.8102,48.9239],[31.8541,48.8983],[31.8748,48.8616],[31.8949,48.8618],[31.9528,48.9021],[32.0316,48.9278],[32.0518,48.9162],[32.1292,48.9125],[32.146,48.948],[32.1343,48.9583],[32.1494,48.9801],[32.1925,48.9998],[32.2414,49.052],[32.2795,49.0471],[32.3013,49.0779],[32.3319,49.0898],[32.3691,49.0458],[32.4208,49.0438],[32.4529,49.0561],[32.463,49.0098],[32.5015,48.9755],[32.5152,48.9313],[32.5513,48.9328],[32.5737,48.9576],[32.6003,48.9456],[32.6343,48.946],[32.683,48.9863],[32.7439,48.9656],[32.7824,48.9637],[32.8449,49.0012],[32.8491,49.023],[32.8247,49.0304],[32.8013,49.074],[32.7895,49.1468],[32.7527,49.1882],[32.7546,49.192],[32.7887,49.2618],[33.0382,49.182],[33.142,49.1302],[33.2041,49.0709],[33.2971,49.0649],[33.346,49.0327],[33.3226,49.0273],[33.2994,48.9955],[33.3757,48.9413],[33.401,48.9535],[33.4564,48.9417],[33.5427,48.903],[33.597,48.9224],[33.6516,48.8993],[33.6735,48.8691],[33.6946,48.9058],[33.7785,48.9225],[33.8074,48.9034],[33.876,48.8974],[33.9195,48.8658],[34.0402,48.8078],[34.0749,48.805],[34.1097,48.7902],[34.162,48.7844],[34.2375,48.7463],[34.2951,48.7844],[34.2782,48.8132],[34.3159,48.8396],[34.3127,48.8613],[34.2766,48.8884],[34.2743,48.9143],[34.3012,48.9639],[34.3252,48.9809],[34.3567,48.9861],[34.3505,49.0144],[34.4028,49.0501],[34.4083,49.0765],[34.4304,49.0746],[34.6098,49.1265],[34.7265,49.146],[34.7841,49.1746],[34.8367,49.1807],[34.8713,49.1687],[34.8573,49.1496],[34.8911,49.1483],[34.9262,49.183],[34.9839,49.1637],[34.9897,49.1775],[34.9746,49.217],[34.9549,49.2396],[34.9729,49.2806],[35.0246,49.3172],[35.053,49.3162],[35.0902,49.2972],[35.1885,49.292],[35.2633,49.3117],[35.309,49.3421],[35.3606,49.392],[35.3514,49.4266],[35.3306,49.4347],[35.3137,49.4678],[35.3267,49.4854],[35.3627,49.4907],[35.4194,49.4809],[35.4693,49.5005],[35.3962,49.5407],[35.3984,49.5548],[35.4751,49.5604],[35.4198,49.6373],[35.4282,49.6639],[35.4197,49.6863],[35.3813,49.6881],[35.3598,49.6684],[35.2913,49.6793],[35.2769,49.6962],[35.239,49.7045],[35.2303,49.7315],[35.206,49.7429],[35.1913,49.7747],[35.1911,49.832],[35.1483,49.8553],[35.103,49.8477],[35.0407,49.868],[35.0086,49.8889],[34.9546,49.8901],[34.8882,49.9177],[34.864,49.9423],[34.8415,50],[34.8621,50.0216],[34.9132,50.0557],[34.9172,50.1324],[34.9082,50.146],[34.9573,50.1669],[34.9794,50.192],[35.0159,50.1721],[35.0339,50.1747],[35.0376,50.1985],[35.0672,50.215],[35.0887,50.2071],[35.1354,50.245],[35.1947,50.2323],[35.2547,50.2442],[35.2526,50.2689],[35.269,50.2783],[35.3089,50.2764],[35.3292,50.3047],[35.3804,50.2922],[35.4029,50.3337],[35.4938,50.3022],[35.4957,50.3189],[35.5618,50.3189],[35.5955,50.3259],[35.671,50.3199],[35.6922,50.3442],[35.6316,50.345],[35.5702,50.3765],[35.5547,50.4333],[35.5227,50.4595],[35.4464,50.476],[35.4253,50.5005],[35.3777,50.6218],[35.3916,50.6464],[35.4689,50.6685],[35.4454,50.6875],[35.4471,50.7343],[35.4385,50.7624],[35.3791,50.7972],[35.3777,50.8337],[35.3414,50.8765],[35.3417,50.9159],[35.2936,50.9376],[35.2822,50.9611],[35.401,50.9533],[35.4494,50.963],[35.5124,50.9471],[35.5042,50.9182],[35.5464,50.9057],[35.5923,50.9211],[35.6129,50.9393],[35.6331,50.924],[35.6772,50.9193],[35.7176,50.9376],[35.7212,50.9672],[35.7457,50.9671],[35.7668,50.9482],[35.8042,50.9382],[35.8556,50.9794],[35.8769,51.0124],[35.9149,51.011],[35.9542,51.0455],[35.9996,51.0577],[35.9525,51.0922],[35.9397,51.1161],[35.9763,51.1575],[36.0406,51.1603],[36.0986,51.1296],[36.2075,51.1251],[36.2443,51.1063],[36.3136,51.1033],[36.3591,51.1258],[36.4037,51.1179],[36.4762,51.0863],[36.4999,51.122],[36.5996,51.0795],[36.6175,51.0798],[36.6526,51.1089],[36.6887,51.1274],[36.8558,51.1858],[36.9302,51.181],[36.9896,51.2004],[37.054,51.2469],[37.0849,51.2504],[37.0984,51.2299],[37.1304,51.2428],[37.1187,51.3015],[37.1442,51.3429],[37.1894,51.3288],[37.2491,51.331],[37.3417,51.3644],[37.3616,51.3844],[37.447,51.3723],[37.4628,51.381],[37.5386,51.3943],[37.581,51.3708],[37.6667,51.3657],[37.7593,51.3885],[37.8286,51.4205],[37.8777,51.4009],[37.9,51.4007],[37.9319,51.4197],[38.0465,51.4197],[38.0518,51.3909],[38.0273,51.3662],[38.1551,51.3293],[38.2011,51.3067],[38.2915,51.2925],[38.3122,51.3094],[38.3234,51.3408],[38.3511,51.3629],[38.3448,51.3731],[38.3012,51.3626],[38.2729,51.4529],[38.2848,51.4739],[38.2693,51.4988],[38.2764,51.5264],[38.221,51.5543],[38.1888,51.587],[38.1402,51.6207],[38.1492,51.6444],[38.2189,51.6318],[38.2015,51.685],[38.2195,51.7078],[38.3396,51.6889],[38.4098,51.6878],[38.5051,51.7319],[38.4751,51.7448],[38.4141,51.7545],[38.3875,51.7851],[38.4264,51.8146],[38.4135,51.854],[38.4098,51.9202],[38.362,51.9301],[38.3039,51.9151],[38.2988,51.961],[38.2322,51.9453],[38.1921,51.9122],[38.1454,51.9278],[38.1015,51.927],[38.0321,51.9011],[37.997,51.879],[37.8911,51.8842],[37.8662,51.9239],[37.8208,51.9122],[37.779,51.952],[37.7778,51.9875],[37.7471,52.0169],[37.7776,52.1615],[37.8322,52.2024],[37.948,52.2456],[38.017,52.2517],[37.9948,52.271],[37.9998,52.2954],[38.0384,52.3445],[37.9907,52.3801],[37.9614,52.4144],[37.909,52.4148],[37.8769,52.4345],[37.88,52.4512],[37.9108,52.4729],[37.8375,52.501],[37.7828,52.5084],[37.7886,52.5417],[37.8122,52.5477],[37.7866,52.5803],[37.7641,52.5746],[37.7118,52.613],[37.7295,52.6136],[37.7509,52.6381],[37.7884,52.6363],[37.8127,52.6484],[37.7766,52.7185],[37.7937,52.7359],[37.8348,52.7462],[37.8707,52.7718],[37.8737,52.7953],[37.8112,52.829],[37.7927,52.8539],[37.8388,52.8905],[37.7949,52.9121],[37.8165,52.9349],[37.8217,52.9678],[37.841,53.0085],[37.8038,53.0739],[37.7874,53.0889],[37.696,53.1364],[37.6631,53.1183],[37.6113,53.1127],[37.5613,53.1688],[37.5543,53.1977],[37.5683,53.289],[37.5557,53.2957],[37.4924,53.2765],[37.4736,53.2776],[37.4271,53.3031],[37.382,53.3089],[37.3272,53.3032],[37.2761,53.2723],[37.1969,53.2507],[37.0882,53.28],[37.0095,53.2835],[36.9908,53.307],[36.9592,53.2921],[36.9171,53.2861],[36.8073,53.2966],[36.7742,53.3072],[36.7151,53.3447],[36.6772,53.3896],[36.6668,53.4159],[36.6142,53.4233],[36.5716,53.3965],[36.5128,53.3951],[36.4445,53.4215],[36.398,53.4285],[36.3716,53.4524],[36.3082,53.4847],[36.3124,53.5088],[36.2316,53.5741],[36.1409,53.5563],[36.0983,53.5559],[36.0556,53.5787],[36.0146,53.5863],[36.0096,53.6183],[35.9902,53.6537],[36.04,53.6839],[36.0564,53.7079],[36.0169,53.7237],[35.9654,53.7221],[35.9315,53.7861],[35.9661,53.8049],[35.9549,53.8311],[35.9138,53.8523],[35.9769,53.8655],[35.9887,53.9163],[36.0271,53.9401],[36.1113,53.961],[36.107,54.0095],[36.1459,54.0463],[36.1908,54.0547],[36.2164,54.0699],[36.2007,54.0982],[36.1545,54.1086],[36.1013,54.0976],[36.0784,54.1222],[36.111,54.1239],[36.113,54.1364],[36.0224,54.1768],[36.031,54.1908],[36.0669,54.2005],[36.1084,54.1955],[36.1481,54.1681],[36.1969,54.1585],[36.2366,54.1948],[36.2372,54.2291],[36.2517,54.2362],[36.2836,54.2207],[36.3538,54.2233],[36.4,54.2095],[36.4158,54.2371],[36.4588,54.2556],[36.4615,54.2882],[36.5548,54.2924],[36.7145,54.3172],[36.741,54.3075],[36.7249,54.2818],[36.7766,54.2805],[36.8342,54.2935],[36.8914,54.2832],[36.926,54.2936],[36.9463,54.3197],[36.9314,54.3605],[36.9654,54.3958],[36.9258,54.4482],[36.9029,54.4616],[36.8635,54.4578],[36.8484,54.4722],[36.8479,54.4753],[36.8405,54.5222],[36.8048,54.553],[36.805,54.6099],[36.8302,54.6167],[36.8855,54.6063],[36.919,54.5863],[36.9951,54.5854],[37.0421,54.5667],[37.0721,54.5361],[37.0886,54.5488],[37.2076,54.6877],[37.2118,54.7109],[37.1833,54.7184],[37.2164,54.7641],[37.2284,54.8081],[37.259,54.8358],[37.3841,54.8224],[37.4325,54.8312],[37.4608,54.8223],[37.4848,54.7892],[37.5485,54.7584],[37.5643,54.7365],[37.6713,54.7135],[37.7583,54.7362],[37.7697,54.7774],[37.7499,54.8203],[37.7956,54.8247],[37.8437,54.8383],[37.9386,54.8323],[37.9574,54.8035],[37.9583,54.7767],[37.9966,54.77],[38.0355,54.7497],[38.0393,54.7137],[38.1049,54.7036],[38.1368,54.6825],[38.1786,54.6899],[38.2188,54.6596],[38.3404,54.6495],[38.3639,54.6567],[38.3935,54.6443],[38.4716,54.6384],[38.4942,54.6226],[38.5166,54.5859],[38.49,54.5797],[38.441,54.5293],[38.3772,54.5148],[38.3904,54.4686],[38.4597,54.4062],[38.4993,54.3931],[38.5138,54.364],[38.5212,54.2888],[38.5951,54.2716],[38.6751,54.2447],[38.7121,54.2717],[38.7245,54.33],[38.7369,54.3451],[38.8257,54.3805],[38.8555,54.3733],[38.9088,54.3977],[38.919,54.4121],[38.8874,54.4266],[38.7977,54.4512],[38.7876,54.4777],[38.7943,54.5001],[38.7814,54.5538],[38.8204,54.6019],[38.9091,54.618],[38.9325,54.616],[38.9567,54.5934],[39.0401,54.6246],[39.14,54.6281],[39.1765,54.6355],[39.2321,54.6353],[39.2445,54.6564],[39.2379,54.711],[39.2649,54.7197],[39.3287,54.7175],[39.3559,54.7396],[39.3284,54.7484],[39.3714,54.8028],[39.3742,54.8406],[39.3977,54.8761],[39.449,54.8978],[39.4884,54.9408],[39.5444,54.9695],[39.5914,54.9822],[39.6026,55.0059],[39.6845,55.0207],[39.7558,55.0165],[39.8128,54.9975],[39.8882,55.0813],[39.8858,55.1015],[39.8446,55.1219],[39.8097,55.1183],[39.7749,55.1012],[39.7419,55.1078],[39.7202,55.126],[39.7565,55.1394],[39.827,55.1826],[39.9198,55.1868],[40.0014,55.2004],[40.1311,55.2544],[40.2065,55.3093],[40.2439,55.3365],[40.2946,55.3324],[40.3454,55.34],[40.358,55.3238],[40.3277,55.315],[40.3227,55.2938],[40.4001,55.2873],[40.5168,55.3277],[40.5454,55.3093],[40.5322,55.2926],[40.5645,55.269],[40.5539,55.2546],[40.6211,55.2052],[40.6774,55.2134],[40.7294,55.2039],[40.786,55.2222],[40.8435,55.2263],[40.8789,55.2409],[40.891,55.2606],[40.9646,55.2604],[41.0042,55.2335],[41.0365,55.2219],[41.0466,55.1832],[41.0809,55.1474],[41.0955,55.1481],[41.0874,55.1915],[41.11,55.2044],[41.1871,55.221],[41.2634,55.213],[41.2989,55.2032],[41.3652,55.1731],[41.4116,55.131],[41.4413,55.1312],[41.4966,55.157],[41.5823,55.1414],[41.6583,55.1089],[41.7185,55.1249],[41.7832,55.1191],[41.8702,55.1576],[41.9007,55.2045],[41.8587,55.2409],[41.9541,55.2777],[41.9564,55.2964],[41.933,55.3299],[41.9527,55.3386],[42.0006,55.3373],[42.0134,55.3731],[42.0756,55.3932],[42.117,55.4217],[42.1336,55.4587],[42.0684,55.4813],[42.0688,55.55],[46.1083,55.55],[46.1038,55.5727],[46.0485,55.6167],[46.0126,55.6266],[45.9753,55.6191],[45.9572,55.6326],[45.9201,55.688],[45.9679,55.7427],[46.0013,55.7348],[46.0077,55.7495],[45.9883,55.7768],[46.0167,55.7785],[46.0938,55.808],[46.1004,55.8327],[46.088,55.8597],[46.1341,55.8939],[46.0988,55.9408],[46.1502,55.9735],[46.2008,56.0246],[46.214,56.0498],[46.1564,56.0412],[46.1299,56.0598],[46.0922,56.0564],[46.0953,56.0934],[46.0674,56.1092],[46.0795,56.136],[46.0677,56.1819],[46.0264,56.1798],[45.91,56.2338],[45.8738,56.2588],[45.88,56.3077],[45.9354,56.316],[45.9461,56.325],[45.9224,56.3803],[45.9486,56.4082],[45.949,56.4332],[45.876,56.4402],[45.7887,56.4248],[45.7609,56.4606],[45.6627,56.4609],[45.6299,56.5148],[45.6498,56.5455],[45.6385,56.5711],[45.651,56.5908],[45.6951,56.6016],[45.7392,56.6256],[45.8589,56.6291],[45.9218,56.6523],[45.9276,56.6629],[45.896,56.6897],[45.9127,56.7363],[45.9145,56.792],[45.9381,56.8227],[45.9586,56.8721],[46.0382,56.8696],[46.095,56.8812],[46.2199,56.8932],[46.268,56.9047],[46.3127,56.907],[46.3188,56.9436],[46.336,56.9521],[46.5129,56.9401],[46.5342,56.9198],[46.5585,56.9286],[46.601,56.92],[46.6627,56.9391],[46.6682,56.965],[46.7149,56.9663],[46.7514,56.9783],[46.7131,57.0124],[46.7626,57.0302],[46.7561,57.0742],[46.7605,57.1293],[46.7312,57.1907],[46.7422,57.2046],[46.8344,57.1997],[46.8448,57.2291],[46.8083,57.2424],[46.7898,57.2813],[46.6952,57.3205],[46.6867,57.3631],[46.748,57.3807],[46.7292,57.3974],[46.6952,57.4001],[46.7072,57.4237],[46.7382,57.4276],[46.7904,57.4512],[46.7501,57.5173],[46.7876,57.5273],[46.8224,57.512],[46.9123,57.5149],[47.0007,57.4935],[47.0542,57.4983],[47.1368,57.5304],[47.2153,57.5508],[47.2487,57.5673],[47.3584,57.5543],[47.386,57.5351],[47.471,57.5285],[47.4865,57.5758],[47.5212,57.5861],[47.5449,57.6567],[47.5302,57.6999],[47.5727,57.7441],[47.5589,57.7707],[47.5721,57.8104],[47.6121,57.8385],[47.6647,57.8512],[47.7149,57.8715],[47.7623,57.876],[47.7638,57.9121],[47.7031,57.9584],[47.6425,57.9562],[47.4515,57.9874],[47.3884,58.0195],[47.3542,58.0255],[46.9916,58.0244],[46.5964,58.0264],[46.5067,58.035],[46.4784,58.0235],[46.4299,58.0205],[46.3814,58.0558],[46.3413,58.0746],[46.3425,58.0989],[46.313,58.1112],[46.3627,58.1884],[46.4069,58.2087],[46.4157,58.2289],[46.4088,58.2762],[46.4219,58.3146],[46.4773,58.3339],[46.4739,58.3487],[46.4113,58.3536],[46.4583,58.381],[46.541,58.3973],[46.5841,58.4304],[46.5933,58.4514],[46.5565,58.4732],[46.5541,58.4877],[46.5869,58.5177],[46.5931,58.5606],[46.6325,58.5807],[46.6873,58.5669],[46.8142,58.5846],[46.8854,58.6051],[46.9857,58.6138],[47.0102,58.629],[47.0039,58.6845],[47.02,58.7038],[47.0816,58.7386],[47.1199,58.775],[47.1624,58.7696],[47.1955,58.753],[47.2596,58.7563],[47.3165,58.7978],[47.2866,58.8166],[47.2995,58.8594],[47.2819,58.893],[47.3193,58.9156],[47.3843,58.907],[47.4524,58.9211],[47.4772,58.8862],[47.6022,58.9067],[47.6016,58.9217],[47.5704,58.9565],[47.5499,58.998],[47.5709,59.0599],[47.5288,59.078],[47.4512,59.1317],[47.442,59.1642],[47.4016,59.1507],[47.3787,59.1531],[47.2392,59.2202],[47.2315,59.247],[47.2524,59.3555],[47.0563,59.3785],[47.1135,59.6113],[47.1367,59.6979],[47.1339,59.725],[47.1126,59.7527],[47.0572,59.7687],[46.9573,59.7818],[46.9349,59.7891],[46.9226,59.8439],[47.0364,60.0995],[47.0213,60.1219],[46.909,60.1253],[46.8465,60.079],[46.809,60.0708],[46.7458,60.0783],[46.7344,60.0649],[46.6833,60.0625],[46.6627,60.0774],[46.6085,60.0673],[46.5059,60.1053],[46.4661,60.1131],[46.4041,60.1068],[46.3656,60.1252],[46.3755,60.1389],[46.3491,60.2144],[46.3017,60.2419],[46.3126,60.2547],[46.3546,60.2508],[46.4408,60.2714],[46.4915,60.2626],[46.5555,60.2622],[46.6367,60.2736],[46.7281,60.2557],[46.7495,60.2611],[46.8071,60.3183],[46.8093,60.3485],[46.8258,60.369],[46.821,60.3925],[46.8526,60.4275],[46.8768,60.4874],[46.8625,60.5073],[46.9403,60.5382],[46.9665,60.5593],[47.0488,60.5752],[47.0244,60.6012],[47.0209,60.6393],[46.9635,60.6539],[47.0423,60.7479],[47.0838,60.8186],[47.0429,60.8538],[46.9465,60.857],[46.898,60.8858],[46.7766,60.8966],[46.7533,60.9071],[46.7526,60.9692],[46.7365,60.9861],[46.6251,60.9913],[46.5816,61],[46.5541,61.0151],[46.5271,61.0513],[46.5016,61.0644],[46.4807,61.039],[46.4437,61.0343],[46.3906,61.0095],[46.332,61.0076],[46.2851,60.9678],[45.8782,61.0163],[45.805,61.0367],[45.7666,61.0546],[45.7918,61.1545],[45.7867,61.1668],[45.7227,61.1794],[45.3788,61.2055],[45.3324,61.1893],[45.2291,60.9039],[44.4553,60.947],[44.2058,60.9718],[44.1575,60.9948],[44.1687,61.0657],[44.1585,61.0824],[44.053,61.0792],[44.0177,61.0528],[43.9584,61.0487],[43.8753,61.0229],[43.8351,61.0319],[43.776,61.0208],[43.7541,60.946],[43.7289,60.911],[43.746,60.9],[43.7154,60.8845],[43.6488,60.878],[43.5361,60.8531],[43.5204,60.8293],[43.5223,60.7791],[43.5109,60.7675],[43.2266,60.7848],[43.1499,60.806],[43.1353,60.8006],[43.0488,60.7402],[42.9799,60.7369],[42.9765,60.7561],[42.9439,60.7897],[42.9137,60.7789],[42.907,60.8137],[42.8231,60.8553],[42.6505,60.8631],[42.6149,60.8576],[42.5642,60.8357],[42.5616,60.7973],[42.5287,60.7793],[42.4672,60.7912],[42.4239,60.7721],[42.3948,60.7694],[42.0239,60.8358],[41.9668,60.8311],[41.9265,60.8455],[41.9154,60.8594],[41.9606,60.886],[41.9424,60.9121],[41.9165,60.9149],[41.9014,60.897],[41.868,60.9112],[41.8009,60.899],[41.7563,60.8582],[41.7194,60.8402],[41.6681,60.8479],[41.6508,60.8863],[41.6374,60.8911],[41.5185,60.8992],[41.3822,60.8511],[41.4119,60.8072],[41.4121,60.7912],[41.3577,60.7222],[41.3399,60.676],[41.343,60.646],[41.2803,60.664],[41.2295,60.6556],[41.0593,60.6497],[41.0123,60.667],[40.8191,60.711],[40.7626,60.7388],[40.7465,60.7797],[40.7128,60.7585],[40.679,60.7547],[40.6213,60.7282],[40.5551,60.7198],[40.5344,60.7246],[40.5035,60.7557],[40.4655,60.7746],[40.4076,60.784],[40.3754,60.766],[40.3865,60.7319],[40.3515,60.708],[40.2224,60.6951],[40.1564,60.6726],[40.0721,60.6831],[40.0393,60.6809],[40.0049,60.6578],[39.9235,60.6519],[39.764,60.7369],[39.6938,60.7327],[39.6482,60.746],[39.5975,60.7333],[39.4244,60.709],[39.3849,60.6886],[39.3382,60.684],[39.2893,60.7052],[39.1861,60.7148],[39.1706,60.702],[39.1956,60.6732],[39.1906,60.6529],[39.1695,60.6858],[39.0682,60.7141],[39.033,60.7311],[39.0093,60.7621],[38.9829,60.7727],[38.967,60.8002],[38.9477,60.8027],[38.9231,60.7727],[38.8695,60.7738],[38.8303,60.7434],[38.8114,60.7179],[38.7895,60.7128],[38.6613,60.7114],[38.6327,60.7232],[38.5995,60.7835],[38.5742,60.7991],[38.4301,60.8047],[38.4209,60.8112],[38.4185,60.874],[38.3857,60.9382],[38.3617,60.9551],[38.3286,60.9102],[38.2454,60.9132],[38.213,60.924],[38.1705,60.9753],[38.1981,61.026],[38.1449,61.073],[38.1504,61.0985],[38.177,61.1208],[38.1663,61.1331],[38.0891,61.1559],[38.0405,61.1401],[37.9806,61.1407],[37.9645,61.1484],[37.973,61.2047],[37.9425,61.2161],[37.9014,61.2632],[37.9,61.2639],[37.9,60.45],[35.2515,60.45],[35.2517,60.4454],[35.2341,60.3793],[35.2311,60.3412],[35.1827,60.2888],[35.1474,60.2688],[35.1521,60.2083],[35.1466,60.1307],[35.1765,60.1054],[35.1571,60.067],[35.0872,60.0409],[35.0973,60.0161],[35.1622,60.0108],[35.2379,59.9855],[35.2926,59.9846],[35.3229,59.973],[35.4037,59.9743],[35.4742,59.9229],[35.4114,59.9041],[35.3825,59.8754],[35.3854,59.7969],[35.3979,59.7295],[35.4236,59.7011],[35.4649,59.6944],[35.5318,59.6986],[35.6075,59.7124],[35.6387,59.7003],[35.6342,59.6402],[35.5929,59.6228],[35.5046,59.652],[35.4958,59.5535],[35.4832,59.5381],[35.4369,59.5293],[35.5018,59.501],[35.4615,59.4823],[35.3237,59.5067],[35.2889,59.4993],[35.3046,59.4844],[35.3676,59.4718],[35.4028,59.4432],[35.4485,59.4277],[35.4445,59.4082],[35.3937,59.3621],[35.329,59.349],[35.3189,59.328],[35.3755,59.3148],[35.3819,59.3003],[35.3012,59.301],[35.2437,59.2943],[35.193,59.269],[35.1347,59.2544],[35.038,59.2513],[34.9575,59.2267],[34.9327,59.2458],[34.9005,59.2379],[34.8723,59.2099],[34.8572,59.1803],[34.812,59.1463],[34.7981,59.1024],[34.7299,59.1032],[34.7364,59.0668],[34.7959,59.0486],[34.8724,59.0535],[34.8785,59.0434],[34.8315,58.991],[34.8377,58.9851],[34.9485,58.9659],[34.964,58.9443],[35.0255,58.942],[35.0243,58.9241],[35.062,58.9174],[35.1308,58.9373],[35.1716,58.9228],[35.1401,58.8888],[35.1246,58.815],[35.1809,58.8264],[35.2201,58.8248],[35.2125,58.7979],[35.2657,58.7648],[35.288,58.7638],[35.3106,58.803],[35.3985,58.8435],[35.5025,58.841],[35.5386,58.831],[35.6117,58.8298],[35.6166,58.8169],[35.6798,58.8159],[35.7141,58.8324],[35.7512,58.8265],[35.8101,58.7948],[35.8172,58.7804],[35.7653,58.7774],[35.7749,58.7543],[35.8361,58.7447],[35.8863,58.7533],[35.9568,58.7522],[35.979,58.7292],[36.0276,58.7215],[36.0607,58.7069],[36.1263,58.6955],[36.1472,58.6433],[36.1394,58.6168],[36.2196,58.6122],[36.2349,58.5908],[36.1938,58.5712],[36.1733,58.525],[36.23,58.5138],[36.24,58.5338],[36.2749,58.5355],[36.3148,58.5187],[36.3236,58.4998],[36.4465,58.529],[36.4892,58.5309],[36.5206,58.5585],[36.5182,58.5899],[36.5882,58.6038],[36.6453,58.6448],[36.6804,58.6944],[36.7141,58.696],[36.7049,58.734],[36.7724,58.7207],[36.8129,58.7438],[36.8156,58.7582],[36.7838,58.8065],[36.8324,58.8365],[36.8642,58.8428],[36.9434,58.8344],[37.0115,58.839],[37.063,58.8642],[37.1222,58.866],[37.1752,58.8263],[37.1804,58.7786],[37.3696,58.6444],[37.4454,58.5947],[37.4986,58.5798],[37.5398,58.5397],[37.5927,58.5146],[37.6263,58.4902],[37.6543,58.4497],[37.644,58.4294],[37.5881,58.417],[37.5345,58.3968],[37.4962,58.3992],[37.4775,58.4151],[37.4491,58.4075],[37.3698,58.3494],[37.4172,58.3269],[37.42,58.3083],[37.3907,58.2877],[37.3497,58.239],[37.3751,58.2008],[37.4435,58.1828],[37.4968,58.1853],[37.5621,58.1653],[37.5896,58.1351],[37.6344,58.1166],[37.6735,58.083],[37.6617,58.068],[37.6235,58.0697],[37.5487,58.0528],[37.525,58.0296],[37.5425,58.0069],[37.5152,57.9871],[37.4844,57.9808],[37.428,57.9833],[37.3665,57.9771],[37.3709,57.9494],[37.4532,57.9229],[37.4949,57.9174],[37.4955,57.8936],[37.4541,57.8924],[37.3941,57.9036],[37.3509,57.8966],[37.3569,57.8774],[37.4027,57.8735],[37.4167,57.8614],[37.3774,57.8437],[37.3909,57.828],[37.4573,57.828],[37.5234,57.7713],[37.5398,57.7383],[37.6123,57.7227],[37.6507,57.7029],[37.6468,57.686],[37.6682,57.67],[37.7146,57.6587],[37.7641,57.6311],[37.8276,57.6307],[37.81,57.608],[37.8161,57.5506],[37.7984,57.5037],[37.8159,57.55],[35.6,57.55],[35.6,57.7],[35.4,57.5],[34.8,57.35],[34.2,57.25],[33.3,56.95],[32.4,56.95],[32.4,56.15],[33.5,56.15],[33.5,55.7539],[33.5053,55.7552],[33.5694,55.8163],[33.6379,55.8374],[33.67,55.8653],[33.678,55.9081],[33.6504,55.9355],[33.66,55.9462],[33.7362,55.9474],[33.8056,55.9283],[33.8274,55.9298],[33.8381,55.9495],[33.826,55.9756],[33.8452,56.0077],[33.8906,56.0426],[33.8921,56.0657],[33.9166,56.0731],[33.9712,56.0555],[34.0809,56.0553],[34.2007,56.0745],[34.2354,56.0714],[34.2799,56.045],[34.302,56.0054],[34.3232,55.9956],[34.374,56.0145],[34.422,55.9937],[34.5148,55.9632],[34.5513,55.9439],[34.6309,55.9179],[34.6798,55.921],[34.7604,55.9678],[34.8246,55.9521],[35.0315,55.9844],[35.054,55.9831],[35.1015,55.9579],[35.1741,55.9483],[35.207,55.9379],[35.2199,55.9037],[35.249,55.9104],[35.2481,55.876],[35.2786,55.8548],[35.3125,55.8069],[35.3535,55.7794],[35.3338,55.7553],[35.344,55.737],[35.3161,55.7269],[35.3474,55.6653],[35.3971,55.6171],[35.3926,55.5747],[35.3724,55.5622],[35.3031,55.5712],[35.2861,55.5515],[35.3144,55.5311],[35.3165,55.4875],[35.2963,55.4686],[35.3141,55.4318],[35.292,55.3809],[35.3012,55.2991],[35.3697,55.2388],[35.3487,55.2066],[35.3004,55.1859],[35.3096,55.1677],[35.2824,55.1514],[35.2845,55.1121],[35.2257,55.055],[35.144,55.0217],[35.1249,55.0018],[35.1441,54.9844],[35.1313,54.9616],[35.0649,54.9571],[35.0222,54.925],[34.9921,54.882],[34.9435,54.8941],[34.8658,54.8838],[34.8528,54.8144],[34.8719,54.8024],[34.921,54.7716],[34.8444,54.7328],[34.8173,54.7094],[34.7089,54.6861],[34.654,54.6629],[34.5811,54.6766],[34.5159,54.6767],[34.4667,54.6861],[34.4245,54.6854],[34.415,54.6753],[34.4866,54.6558],[34.4996,54.632],[34.4653,54.5854],[34.4357,54.5119],[34.3868,54.499],[34.4158,54.4508],[34.3746,54.4217],[34.3261,54.4296],[34.2125,54.5051],[34.1075,54.5503],[34.0257,54.5521],[33.9268,54.5723],[33.8888,54.5587],[33.8281,54.5642],[33.804,54.5571],[33.7287,54.5617],[33.6756,54.5007],[33.6427,54.4855],[33.6428,54.4689],[33.67,54.4631],[33.6691,54.441],[33.6379,54.4231],[33.6167,54.381],[33.6298,54.3595],[33.6837,54.3213],[33.673,54.2962],[33.6465,54.2838],[33.6273,54.2597],[33.587,54.2483],[33.619,54.2335],[33.6137,54.1791],[33.562,54.1562],[33.5586,54.1292],[33.5265,54.1112],[33.5501,54.101],[33.4646,54.0852],[33.4242,54.0489],[33.4403,54.0374],[33.4874,54.0362],[33.5012,54.0158],[33.445,53.9991],[33.4746,53.9718],[33.3884,53.9538],[33.4091,53.9812],[33.3491,53.9824],[33.3055,53.9583],[33.2457,53.9513],[33.2663,53.9163],[33.2475,53.8897],[33.2824,53.8566],[33.289,53.8217],[33.2531,53.8035],[33.2039,53.7925],[33.2134,53.7685],[33.1985,53.732],[33.1303,53.7185],[33.0568,53.6763],[33.008,53.6317],[32.956,53.6102],[32.899,53.5687],[32.8904,53.5408],[32.9081,53.4935],[32.8471,53.4318],[32.8262,53.4443],[32.7662,53.4144],[32.7365,53.4383],[32.7178,53.4311],[32.7012,53.4621],[32.6582,53.4557],[32.6417,53.469],[32.6503,53.4876],[32.6006,53.4924],[32.5768,53.486],[32.5543,53.5108],[32.4529,53.5464],[32.4115,53.5824],[32.3991,53.6354],[32.4806,53.6624],[32.4878,53.6847],[32.4616,53.7068],[32.4216,53.7158],[32.3718,53.7144],[32.2904,53.7609],[32.1648,53.7817],[32.106,53.8069],[32.0836,53.8096],[31.8732,53.7771],[31.7873,53.7944],[31.7447,53.7949],[31.7538,53.8196],[31.8101,53.8826],[31.8465,53.9923],[31.8139,54.0571],[31.7713,54.0485],[31.7481,54.0863],[31.7258,54.0975],[31.6669,54.1019],[31.5831,54.1295],[31.5064,54.1439],[31.3247,54.2292],[31.2992,54.2726],[31.2848,54.3474],[31.2487,54.3768],[31.209,54.448],[31.179,54.4534],[31.1679,54.4671],[31.0936,54.4794],[31.0646,54.4923],[31.0896,54.5359],[31.1395,54.5829],[31.1679,54.6216],[31.1286,54.6404],[31.1052,54.6683],[30.999,54.6713],[30.9806,54.7057],[30.8273,54.771],[30.7706,54.786],[30.7681,54.8299],[30.8261,54.8775],[30.8148,54.928],[30.8386,54.9392],[30.8995,54.9464],[30.9361,54.9732],[30.9066,55.0126],[30.9132,55.0246],[30.9806,55.0187],[31.0056,55.023],[31.0064,55.0424],[30.9703,55.1014],[30.984,55.1309],[30.9588,55.1444],[30.9598,55.1626],[30.8865,55.2045],[30.8568,55.2535],[30.8041,55.273],[30.7943,55.2855],[30.8112,55.3231],[30.8456,55.3511],[30.9059,55.376],[30.9186,55.4076],[30.8891,55.4334],[30.8872,55.4681],[30.9194,55.4923],[30.8994,55.4991],[30.9197,55.5345],[30.9071,55.5778],[30.9263,55.6025],[30.9529,55.6597],[31.0366,55.7081],[31.0473,55.7685],[31.1869,55.7372],[31.2118,55.7182],[31.2257,55.7275],[31.2924,55.7367],[31.3256,55.7227],[31.3552,55.7319],[31.4,55.733],[31.4,55.9065],[31.3897,55.92],[31.24,55.92],[31.2,56],[30.6,56.1],[29.6,56.4],[29,56.55],[28.4,56.65],[27.9923,56.6245],[27.9974,56.6038],[28.0287,56.5768],[28.1087,56.5552],[28.1322,56.536],[28.0992,56.5134],[28.0933,56.5016],[28.1045,56.4831],[28.1565,56.4462],[28.1679,56.4271],[28.1643,56.3928],[28.1744,56.3496],[28.2148,56.2814],[28.2153,56.256],[28.1931,56.231],[28.1691,56.1617],[28.1489,56.1424],[28.111,56.1568],[28.0682,56.1476],[28.0511,56.1407],[27.981,56.118],[27.9397,56.1131],[27.9115,56.1002],[27.8807,56.0639],[27.7812,56.0164],[27.7601,55.9754],[27.7444,55.9597],[27.645,55.9228],[27.6172,55.8786],[27.6101,55.831],[27.5927,55.7942],[27.5925,55.7942],[27.5646,55.7922],[27.4388,55.7987],[27.3746,55.8148],[27.361,55.8237],[27.3496,55.8312],[27.3444,55.8282],[27.2824,55.7919],[27.263,55.7872],[27.1732,55.8257],[27.1108,55.8363],[26.9794,55.8263],[26.9578,55.8186],[26.9001,55.7787],[26.8428,55.7193],[26.8228,55.7061],[26.743,55.6829],[26.6401,55.6956],[26.5945,55.667],[26.6077,55.6165],[26.5956,55.568],[26.5321,55.5163],[26.5277,55.4922],[26.5433,55.4596],[26.5078,55.4391],[26.486,55.3908],[26.4455,55.3375],[26.4658,55.3209],[26.5423,55.3076],[26.6027,55.3169],[26.7686,55.3002],[26.8007,55.2733],[26.7897,55.2572],[26.7399,55.2428],[26.7011,55.2368],[26.657,55.2153],[26.6339,55.1922],[26.6163,55.1354],[26.5789,55.1185],[26.4734,55.1457],[26.4203,55.1281],[26.3095,55.1446],[26.2644,55.1401],[26.233,55.1116],[26.2246,55.0549],[26.1703,54.9933],[26.1386,54.9689],[26.1026,54.957],[25.9811,54.9427],[25.9079,54.9481],[25.8585,54.933],[25.8467,54.9062],[25.7827,54.8697],[25.7723,54.8509],[25.7785,54.8053],[25.7243,54.7801],[25.7246,54.7157],[25.7095,54.6756],[25.7151,54.6432],[25.7399,54.6077],[25.7404,54.5685],[25.7074,54.5415],[25.6462,54.5204],[25.6199,54.4881],[25.6126,54.4218],[25.5947,54.4001],[25.53,54.3461],[25.5287,54.321],[25.564,54.3031],[25.6074,54.3049],[25.6674,54.3233],[25.696,54.321],[25.7154,54.2852],[25.7578,54.269],[25.7868,54.2318],[25.7719,54.2179],[25.771,54.1721],[25.74,54.1463],[25.6906,54.1482],[25.6535,54.1287],[25.543,54.137],[25.4933,54.1575],[25.4858,54.1754],[25.5217,54.1882],[25.5017,54.2218],[25.554,54.2313],[25.4721,54.2972],[25.4341,54.2918],[25.394,54.2572],[25.3697,54.2479],[25.2876,54.2452],[25.2241,54.2586],[25.1935,54.2437],[25.1565,54.1757],[25.1156,54.1488],[25.072,54.1322],[25.0271,54.1279],[24.9483,54.1459],[24.9023,54.1498],[24.851,54.145],[24.8216,54.1345],[24.8182,54.1101],[24.7825,54.0929],[24.8214,54.0199],[24.8194,53.9926],[24.7887,53.9697],[24.7239,53.9634],[24.6908,53.9728],[24.6779,53.9923],[24.5791,53.9756],[24.5287,53.9584],[24.414,53.8977],[24.3779,53.8868],[24.2571,53.894],[24.2291,53.9324],[24.2011,53.9525],[24.1367,53.9554],[24.0454,53.9309],[23.9813,53.9304],[23.9198,53.9478],[23.8283,53.9201],[23.7872,53.9279],[23.7544,53.9168],[23.6919,53.9115],[23.6426,53.899],[23.61,53.9018],[23.5201,53.934],[23.4856,53.9393],[23.4863,53.9227],[23.4,53.75],[23.1,53.68],[22.74,53.49],[22.42,53.19],[22.5,53.05],[22.4,52.75],[22.3942,52.7413]],[[38.0226,61.0419],[38.0415,61.0497],[38.0875,61.0416],[38.1248,61.0174],[38.0452,61.0184],[38.0226,61.0419]]],[[[30.9932,56.95],[31,56.95],[31,56.965],[30.9932,56.95]]]]}},
{"type":"Feature","properties":{"entityId":"rus-principalities","from":1178,"to":1188,"certainty":"estimated","source":"유럽 쪽은 Natural Earth 1:10m admin-1(v5.1.2) 현대 행정구역 조각을 그 시기 국경에 맞춰 묶고, 조각이 역사 경계와 다른 곳은 선을 그어 나눈 근사. 유럽 밖(시베리아·중앙아시아·극동)은 대략적인 추정. 운영자 검수 필요"},"geometry":{"type":"MultiPolygon","coordinates":[[[[22.3942,52.7413],[22.3997,52.695],[22.4118,52.6597],[22.4119,52.6006],[22.5176,52.5294],[22.5114,52.4946],[22.5198,52.4733],[22.5448,52.4625],[22.5388,52.4294],[22.5627,52.4041],[22.6119,52.3873],[22.689,52.3854],[22.8446,52.3656],[22.9228,52.3723],[22.9751,52.3528],[22.9845,52.3301],[23.0058,52.337],[23.0521,52.3096],[23.039,52.2892],[23.087,52.2923],[23.1502,52.2816],[23.1761,52.2851],[23.1945,52.2715],[23.1897,52.2405],[23.2123,52.2317],[23.3958,52.1996],[23.3885,52.1842],[23.4367,52.1757],[23.4505,52.1859],[23.4847,52.1586],[23.5125,52.1244],[23.5794,52.1215],[23.6375,52.0845],[23.6764,51.9941],[23.6476,51.9741],[23.6222,51.9279],[23.6214,51.8956],[23.5946,51.8433],[23.6287,51.8098],[23.6175,51.7865],[23.5604,51.7545],[23.5466,51.7136],[23.5604,51.672],[23.5324,51.659],[23.5438,51.6438],[23.5399,51.6071],[23.574,51.5553],[23.5728,51.5397],[23.6062,51.5174],[23.6148,51.4972],[23.6628,51.4802],[23.6487,51.454],[23.6976,51.4044],[23.6789,51.3941],[23.6839,51.3703],[23.634,51.3393],[23.6352,51.3047],[23.6873,51.2924],[23.7427,51.2163],[23.7652,51.199],[23.816,51.1788],[23.8747,51.1361],[23.8545,51.1215],[23.9042,51.0627],[23.9117,51.0068],[23.9551,50.9836],[23.9793,50.9375],[24.0469,50.898],[24.1302,50.8689],[24.1309,50.8391],[24.0469,50.8291],[24.0205,50.8386],[23.9699,50.8252],[23.9576,50.808],[23.9743,50.7762],[24.0259,50.767],[24.0128,50.7433],[24.0269,50.728],[24.081,50.713],[24.0749,50.6902],[24.1082,50.6303],[24.0853,50.6044],[24.0954,50.5569],[24.1077,50.5408],[24.075,50.5143],[24.0107,50.4928],[24.0032,50.4377],[23.9813,50.4048],[23.9287,50.3908],[23.7475,50.3894],[23.6957,50.3768],[23.6587,50.327],[23.5653,50.2578],[23.4364,50.1935],[23.2079,50.034],[23.1778,50.004],[23.1015,49.9571],[22.993,49.8544],[22.9512,49.8266],[22.9244,49.7854],[22.8882,49.7697],[22.8266,49.6974],[22.7773,49.6805],[22.7417,49.6337],[22.6658,49.5674],[22.6409,49.5288],[22.6669,49.4784],[22.6796,49.4189],[22.7142,49.3906],[22.7242,49.3671],[22.7378,49.2754],[22.7029,49.195],[22.6817,49.1612],[22.7057,49.1688],[22.7488,49.1456],[22.7781,49.1203],[22.8534,49.0848],[22.8475,49.0337],[22.865,49.0132],[22.9024,48.9833],[22.892,48.9354],[22.926,48.9041],[22.9612,48.8843],[22.9821,48.859],[23.0117,48.8547],[23.105,48.8713],[23.1376,48.8522],[23.1798,48.7903],[23.2016,48.7771],[23.2576,48.7722],[23.2982,48.7812],[23.3085,48.7502],[23.3505,48.772],[23.378,48.7371],[23.4458,48.7267],[23.4985,48.7312],[23.5329,48.7237],[23.6124,48.7038],[23.6745,48.6545],[23.709,48.643],[23.7715,48.6447],[23.7817,48.6034],[23.8471,48.5628],[23.8949,48.5496],[23.9168,48.5154],[23.9074,48.4887],[23.9427,48.4704],[24.0015,48.5001],[24.0462,48.5051],[24.1138,48.5322],[24.137,48.5275],[24.1407,48.4712],[24.1312,48.4345],[24.1408,48.3799],[24.1777,48.3546],[24.2341,48.3505],[24.2707,48.3572],[24.3054,48.3883],[24.3317,48.3748],[24.3458,48.3402],[24.3916,48.3311],[24.4949,48.2666],[24.5415,48.2128],[24.5216,48.1711],[24.5384,48.1345],[24.6068,48.0886],[24.6393,48.0476],[24.5882,47.9959],[24.5698,47.9373],[24.6085,47.9219],[24.6493,47.8952],[24.6615,47.8539],[24.7128,47.8259],[24.7937,47.8045],[24.8207,47.7841],[24.8778,47.7187],[24.9289,47.7139],[24.9424,47.7156],[25.0174,47.7246],[25.0799,47.7429],[25.1219,47.7703],[25.219,47.8785],[25.2617,47.8986],[25.7525,47.9346],[25.8184,47.9526],[25.9181,47.9682],[25.9657,47.9649],[26.0293,47.9778],[26.1025,47.9783],[26.1731,47.9931],[26.2048,48.0374],[26.2553,48.0723],[26.287,48.1247],[26.3035,48.212],[26.3303,48.2085],[26.3739,48.22],[26.3974,48.2262],[26.4447,48.2277],[26.5874,48.2494],[26.6179,48.259],[26.6361,48.2949],[26.6691,48.3088],[26.6798,48.3302],[26.6994,48.3251],[26.7359,48.2918],[26.7546,48.2861],[26.7857,48.2941],[26.7894,48.3259],[26.7775,48.3662],[26.7881,48.376],[26.8169,48.3717],[26.8428,48.3937],[26.876,48.384],[26.9432,48.3513],[26.9906,48.3624],[27.0331,48.3602],[27.0263,48.3971],[27.1758,48.3618],[27.2086,48.3606],[27.2519,48.3783],[27.306,48.4237],[27.3422,48.4361],[27.3898,48.415],[27.4202,48.4171],[27.4809,48.4514],[27.5038,48.4724],[27.5571,48.4744],[27.583,48.486],[27.6048,48.4841],[27.6069,48.4578],[27.627,48.4513],[27.7518,48.452],[27.7853,48.4416],[27.8499,48.4096],[27.8854,48.3784],[27.9264,48.3394],[28.0032,48.3259],[28.0559,48.3215],[28.0928,48.3021],[28.0983,48.2841],[28.0787,48.2449],[28.1311,48.2396],[28.1785,48.2589],[28.1999,48.2117],[28.2403,48.2116],[28.2945,48.2365],[28.3406,48.2401],[28.3682,48.2306],[28.3634,48.191],[28.3222,48.1632],[28.3174,48.1354],[28.3496,48.1297],[28.3886,48.1686],[28.4116,48.1707],[28.4369,48.1499],[28.419,48.1222],[28.4474,48.0828],[28.49,48.0655],[28.4998,48.1089],[28.5434,48.088],[28.5191,48.0523],[28.4813,48.0332],[28.4666,47.9972],[28.4965,47.9878],[28.5055,47.9587],[28.4962,47.9155],[28.478,47.8886],[28.504,47.8833],[28.5305,47.8929],[28.5692,47.8871],[28.637,47.8421],[28.6692,47.8581],[28.6568,47.8772],[28.6579,47.8987],[28.6832,47.9339],[28.7204,47.9527],[28.7556,47.9572],[28.7848,47.9828],[28.8128,47.9654],[28.8303,47.9411],[28.8289,47.9171],[28.861,47.8997],[28.9421,47.8832],[28.9803,47.8755],[29.0181,47.8535],[29.0175,47.8269],[28.9803,47.7656],[28.9756,47.7434],[28.9803,47.6874],[28.9954,47.6509],[28.9865,47.6223],[29.0157,47.5821],[29.0267,47.5295],[29.0486,47.5062],[29.0928,47.4874],[29.108,47.4694],[29.1268,47.4656],[29.1372,47.484],[29.1174,47.5333],[29.1305,47.5596],[29.1821,47.6132],[29.1924,47.6509],[29.197,47.7175],[29.2386,47.756],[29.222,47.7748],[29.1778,47.7897],[29.1867,47.8182],[29.2328,47.8571],[29.236,47.8707],[29.1866,47.8836],[29.1646,47.9056],[29.148,47.9554],[29.124,47.976],[29.0927,47.9802],[29.061,47.9698],[29.0172,47.9311],[28.9808,47.9264],[28.9361,47.9422],[28.8826,47.9768],[28.8621,48.0005],[28.8798,48.0106],[28.9642,48.0358],[29.0461,48.0831],[29.0412,48.1282],[29.0783,48.1445],[29.104,48.1436],[29.1699,48.1057],[29.2463,48.0845],[29.3384,48.0862],[29.4347,48.1131],[29.4972,48.0928],[29.5855,48.0871],[29.6798,48.0922],[29.6975,48.1364],[29.6659,48.1689],[29.6825,48.1821],[29.7172,48.1817],[29.7748,48.2031],[29.7866,48.25],[29.7382,48.2701],[29.7754,48.3169],[29.7771,48.3476],[29.8586,48.4172],[29.8834,48.4326],[29.9124,48.4319],[29.9401,48.3756],[30.0046,48.4244],[30.0388,48.4277],[30.0761,48.4551],[30.1208,48.4564],[30.1744,48.4892],[30.2135,48.4819],[30.2552,48.4853],[30.3849,48.5305],[30.393,48.5555],[30.4147,48.5719],[30.4565,48.5708],[30.4844,48.5535],[30.5741,48.5652],[30.5775,48.6011],[30.5409,48.6193],[30.6014,48.6639],[30.6154,48.7222],[30.7023,48.7652],[30.7991,48.7604],[30.8122,48.7509],[30.9381,48.7562],[31.0205,48.7435],[31.0548,48.7282],[31.116,48.7283],[31.1799,48.751],[31.2237,48.7539],[31.3091,48.7428],[31.3329,48.7238],[31.4417,48.751],[31.4623,48.7611],[31.4812,48.8035],[31.5273,48.8352],[31.5295,48.904],[31.5441,48.9242],[31.6511,48.9174],[31.6895,48.9445],[31.7323,48.9426],[31.8102,48.9239],[31.8541,48.8983],[31.8748,48.8616],[31.8949,48.8618],[31.9528,48.9021],[32.0316,48.9278],[32.0518,48.9162],[32.1292,48.9125],[32.146,48.948],[32.1343,48.9583],[32.1494,48.9801],[32.1925,48.9998],[32.2414,49.052],[32.2795,49.0471],[32.3013,49.0779],[32.3319,49.0898],[32.3691,49.0458],[32.4208,49.0438],[32.4529,49.0561],[32.463,49.0098],[32.5015,48.9755],[32.5152,48.9313],[32.5513,48.9328],[32.5737,48.9576],[32.6003,48.9456],[32.6343,48.946],[32.683,48.9863],[32.7439,48.9656],[32.7824,48.9637],[32.8449,49.0012],[32.8491,49.023],[32.8247,49.0304],[32.8013,49.074],[32.7895,49.1468],[32.7527,49.1882],[32.7546,49.192],[32.7887,49.2618],[33.0382,49.182],[33.142,49.1302],[33.2041,49.0709],[33.2971,49.0649],[33.346,49.0327],[33.3226,49.0273],[33.2994,48.9955],[33.3757,48.9413],[33.401,48.9535],[33.4564,48.9417],[33.5427,48.903],[33.597,48.9224],[33.6516,48.8993],[33.6735,48.8691],[33.6946,48.9058],[33.7785,48.9225],[33.8074,48.9034],[33.876,48.8974],[33.9195,48.8658],[34.0402,48.8078],[34.0749,48.805],[34.1097,48.7902],[34.162,48.7844],[34.2375,48.7463],[34.2951,48.7844],[34.2782,48.8132],[34.3159,48.8396],[34.3127,48.8613],[34.2766,48.8884],[34.2743,48.9143],[34.3012,48.9639],[34.3252,48.9809],[34.3567,48.9861],[34.3505,49.0144],[34.4028,49.0501],[34.4083,49.0765],[34.4304,49.0746],[34.6098,49.1265],[34.7265,49.146],[34.7841,49.1746],[34.8367,49.1807],[34.8713,49.1687],[34.8573,49.1496],[34.8911,49.1483],[34.9262,49.183],[34.9839,49.1637],[34.9897,49.1775],[34.9746,49.217],[34.9549,49.2396],[34.9729,49.2806],[35.0246,49.3172],[35.053,49.3162],[35.0902,49.2972],[35.1885,49.292],[35.2633,49.3117],[35.309,49.3421],[35.3606,49.392],[35.3514,49.4266],[35.3306,49.4347],[35.3137,49.4678],[35.3267,49.4854],[35.3627,49.4907],[35.4194,49.4809],[35.4693,49.5005],[35.3962,49.5407],[35.3984,49.5548],[35.4751,49.5604],[35.4198,49.6373],[35.4282,49.6639],[35.4197,49.6863],[35.3813,49.6881],[35.3598,49.6684],[35.2913,49.6793],[35.2769,49.6962],[35.239,49.7045],[35.2303,49.7315],[35.206,49.7429],[35.1913,49.7747],[35.1911,49.832],[35.1483,49.8553],[35.103,49.8477],[35.0407,49.868],[35.0086,49.8889],[34.9546,49.8901],[34.8882,49.9177],[34.864,49.9423],[34.8415,50],[34.8621,50.0216],[34.9132,50.0557],[34.9172,50.1324],[34.9082,50.146],[34.9573,50.1669],[34.9794,50.192],[35.0159,50.1721],[35.0339,50.1747],[35.0376,50.1985],[35.0672,50.215],[35.0887,50.2071],[35.1354,50.245],[35.1947,50.2323],[35.2547,50.2442],[35.2526,50.2689],[35.269,50.2783],[35.3089,50.2764],[35.3292,50.3047],[35.3804,50.2922],[35.4029,50.3337],[35.4938,50.3022],[35.4957,50.3189],[35.5618,50.3189],[35.5955,50.3259],[35.671,50.3199],[35.6922,50.3442],[35.6316,50.345],[35.5702,50.3765],[35.5547,50.4333],[35.5227,50.4595],[35.4464,50.476],[35.4253,50.5005],[35.3777,50.6218],[35.3916,50.6464],[35.4689,50.6685],[35.4454,50.6875],[35.4471,50.7343],[35.4385,50.7624],[35.3791,50.7972],[35.3777,50.8337],[35.3414,50.8765],[35.3417,50.9159],[35.2936,50.9376],[35.2822,50.9611],[35.401,50.9533],[35.4494,50.963],[35.5124,50.9471],[35.5042,50.9182],[35.5464,50.9057],[35.5923,50.9211],[35.6129,50.9393],[35.6331,50.924],[35.6772,50.9193],[35.7176,50.9376],[35.7212,50.9672],[35.7457,50.9671],[35.7668,50.9482],[35.8042,50.9382],[35.8556,50.9794],[35.8769,51.0124],[35.9149,51.011],[35.9542,51.0455],[35.9996,51.0577],[35.9525,51.0922],[35.9397,51.1161],[35.9763,51.1575],[36.0406,51.1603],[36.0986,51.1296],[36.2075,51.1251],[36.2443,51.1063],[36.3136,51.1033],[36.3591,51.1258],[36.4037,51.1179],[36.4762,51.0863],[36.4999,51.122],[36.5996,51.0795],[36.6175,51.0798],[36.6526,51.1089],[36.6887,51.1274],[36.8558,51.1858],[36.9302,51.181],[36.9896,51.2004],[37.054,51.2469],[37.0849,51.2504],[37.0984,51.2299],[37.1304,51.2428],[37.1187,51.3015],[37.1442,51.3429],[37.1894,51.3288],[37.2491,51.331],[37.3417,51.3644],[37.3616,51.3844],[37.447,51.3723],[37.4628,51.381],[37.5386,51.3943],[37.581,51.3708],[37.6667,51.3657],[37.7593,51.3885],[37.8286,51.4205],[37.8777,51.4009],[37.9,51.4007],[37.9319,51.4197],[38.0465,51.4197],[38.0518,51.3909],[38.0273,51.3662],[38.1551,51.3293],[38.2011,51.3067],[38.2915,51.2925],[38.3122,51.3094],[38.3234,51.3408],[38.3511,51.3629],[38.3448,51.3731],[38.3012,51.3626],[38.2729,51.4529],[38.2848,51.4739],[38.2693,51.4988],[38.2764,51.5264],[38.221,51.5543],[38.1888,51.587],[38.1402,51.6207],[38.1492,51.6444],[38.2189,51.6318],[38.2015,51.685],[38.2195,51.7078],[38.3396,51.6889],[38.4098,51.6878],[38.5051,51.7319],[38.4751,51.7448],[38.4141,51.7545],[38.3875,51.7851],[38.4264,51.8146],[38.4135,51.854],[38.4098,51.9202],[38.362,51.9301],[38.3039,51.9151],[38.2988,51.961],[38.2322,51.9453],[38.1921,51.9122],[38.1454,51.9278],[38.1015,51.927],[38.0321,51.9011],[37.997,51.879],[37.8911,51.8842],[37.8662,51.9239],[37.8208,51.9122],[37.779,51.952],[37.7778,51.9875],[37.7471,52.0169],[37.7776,52.1615],[37.8322,52.2024],[37.948,52.2456],[38.017,52.2517],[37.9948,52.271],[37.9998,52.2954],[38.0384,52.3445],[37.9907,52.3801],[37.9614,52.4144],[37.909,52.4148],[37.8769,52.4345],[37.88,52.4512],[37.9108,52.4729],[37.8375,52.501],[37.7828,52.5084],[37.7886,52.5417],[37.8122,52.5477],[37.7866,52.5803],[37.7641,52.5746],[37.7118,52.613],[37.7295,52.6136],[37.7509,52.6381],[37.7884,52.6363],[37.8127,52.6484],[37.7766,52.7185],[37.7937,52.7359],[37.8348,52.7462],[37.8707,52.7718],[37.8737,52.7953],[37.8112,52.829],[37.7927,52.8539],[37.8388,52.8905],[37.7949,52.9121],[37.8165,52.9349],[37.8217,52.9678],[37.841,53.0085],[37.8038,53.0739],[37.7874,53.0889],[37.696,53.1364],[37.6631,53.1183],[37.6113,53.1127],[37.5613,53.1688],[37.5543,53.1977],[37.5683,53.289],[37.5557,53.2957],[37.4924,53.2765],[37.4736,53.2776],[37.4271,53.3031],[37.382,53.3089],[37.3272,53.3032],[37.2761,53.2723],[37.1969,53.2507],[37.0882,53.28],[37.0095,53.2835],[36.9908,53.307],[36.9592,53.2921],[36.9171,53.2861],[36.8073,53.2966],[36.7742,53.3072],[36.7151,53.3447],[36.6772,53.3896],[36.6668,53.4159],[36.6142,53.4233],[36.5716,53.3965],[36.5128,53.3951],[36.4445,53.4215],[36.398,53.4285],[36.3716,53.4524],[36.3082,53.4847],[36.3124,53.5088],[36.2316,53.5741],[36.1409,53.5563],[36.0983,53.5559],[36.0556,53.5787],[36.0146,53.5863],[36.0096,53.6183],[35.9902,53.6537],[36.04,53.6839],[36.0564,53.7079],[36.0169,53.7237],[35.9654,53.7221],[35.9315,53.7861],[35.9661,53.8049],[35.9549,53.8311],[35.9138,53.8523],[35.9769,53.8655],[35.9887,53.9163],[36.0271,53.9401],[36.1113,53.961],[36.107,54.0095],[36.1459,54.0463],[36.1908,54.0547],[36.2164,54.0699],[36.2007,54.0982],[36.1545,54.1086],[36.1013,54.0976],[36.0784,54.1222],[36.111,54.1239],[36.113,54.1364],[36.0224,54.1768],[36.031,54.1908],[36.0669,54.2005],[36.1084,54.1955],[36.1481,54.1681],[36.1969,54.1585],[36.2366,54.1948],[36.2372,54.2291],[36.2517,54.2362],[36.2836,54.2207],[36.3538,54.2233],[36.4,54.2095],[36.4158,54.2371],[36.4588,54.2556],[36.4615,54.2882],[36.5548,54.2924],[36.7145,54.3172],[36.741,54.3075],[36.7249,54.2818],[36.7766,54.2805],[36.8342,54.2935],[36.8914,54.2832],[36.926,54.2936],[36.9463,54.3197],[36.9314,54.3605],[36.9654,54.3958],[36.9258,54.4482],[36.9029,54.4616],[36.8635,54.4578],[36.8484,54.4722],[36.8479,54.4753],[36.8405,54.5222],[36.8048,54.553],[36.805,54.6099],[36.8302,54.6167],[36.8855,54.6063],[36.919,54.5863],[36.9951,54.5854],[37.0421,54.5667],[37.0721,54.5361],[37.0886,54.5488],[37.2076,54.6877],[37.2118,54.7109],[37.1833,54.7184],[37.2164,54.7641],[37.2284,54.8081],[37.259,54.8358],[37.3841,54.8224],[37.4325,54.8312],[37.4608,54.8223],[37.4848,54.7892],[37.5485,54.7584],[37.5643,54.7365],[37.6713,54.7135],[37.7583,54.7362],[37.7697,54.7774],[37.7499,54.8203],[37.7956,54.8247],[37.8437,54.8383],[37.9386,54.8323],[37.9574,54.8035],[37.9583,54.7767],[37.9966,54.77],[38.0355,54.7497],[38.0393,54.7137],[38.1049,54.7036],[38.1368,54.6825],[38.1786,54.6899],[38.2188,54.6596],[38.3404,54.6495],[38.3639,54.6567],[38.3935,54.6443],[38.4716,54.6384],[38.4942,54.6226],[38.5166,54.5859],[38.49,54.5797],[38.441,54.5293],[38.3772,54.5148],[38.3904,54.4686],[38.4597,54.4062],[38.4993,54.3931],[38.5138,54.364],[38.5212,54.2888],[38.5951,54.2716],[38.6751,54.2447],[38.7121,54.2717],[38.7245,54.33],[38.7369,54.3451],[38.8257,54.3805],[38.8555,54.3733],[38.9088,54.3977],[38.919,54.4121],[38.8874,54.4266],[38.7977,54.4512],[38.7876,54.4777],[38.7943,54.5001],[38.7814,54.5538],[38.8204,54.6019],[38.9091,54.618],[38.9325,54.616],[38.9567,54.5934],[39.0401,54.6246],[39.14,54.6281],[39.1765,54.6355],[39.2321,54.6353],[39.2445,54.6564],[39.2379,54.711],[39.2649,54.7197],[39.3287,54.7175],[39.3559,54.7396],[39.3284,54.7484],[39.3714,54.8028],[39.3742,54.8406],[39.3977,54.8761],[39.449,54.8978],[39.4884,54.9408],[39.5444,54.9695],[39.5914,54.9822],[39.6026,55.0059],[39.6845,55.0207],[39.7558,55.0165],[39.8128,54.9975],[39.8882,55.0813],[39.8858,55.1015],[39.8446,55.1219],[39.8097,55.1183],[39.7749,55.1012],[39.7419,55.1078],[39.7202,55.126],[39.7565,55.1394],[39.827,55.1826],[39.9198,55.1868],[40.0014,55.2004],[40.1311,55.2544],[40.2065,55.3093],[40.2439,55.3365],[40.2946,55.3324],[40.3454,55.34],[40.358,55.3238],[40.3277,55.315],[40.3227,55.2938],[40.4001,55.2873],[40.5168,55.3277],[40.5454,55.3093],[40.5322,55.2926],[40.5645,55.269],[40.5539,55.2546],[40.6211,55.2052],[40.6774,55.2134],[40.7294,55.2039],[40.786,55.2222],[40.8435,55.2263],[40.8789,55.2409],[40.891,55.2606],[40.9646,55.2604],[41.0042,55.2335],[41.0365,55.2219],[41.0466,55.1832],[41.0809,55.1474],[41.0955,55.1481],[41.0874,55.1915],[41.11,55.2044],[41.1871,55.221],[41.2634,55.213],[41.2989,55.2032],[41.3652,55.1731],[41.4116,55.131],[41.4413,55.1312],[41.4966,55.157],[41.5823,55.1414],[41.6583,55.1089],[41.7185,55.1249],[41.7832,55.1191],[41.8702,55.1576],[41.9007,55.2045],[41.8587,55.2409],[41.9541,55.2777],[41.9564,55.2964],[41.933,55.3299],[41.9527,55.3386],[42.0006,55.3373],[42.0134,55.3731],[42.0756,55.3932],[42.117,55.4217],[42.1336,55.4587],[42.0684,55.4813],[42.0688,55.55],[46.1083,55.55],[46.1038,55.5727],[46.0485,55.6167],[46.0126,55.6266],[45.9753,55.6191],[45.9572,55.6326],[45.9201,55.688],[45.9679,55.7427],[46.0013,55.7348],[46.0077,55.7495],[45.9883,55.7768],[46.0167,55.7785],[46.0938,55.808],[46.1004,55.8327],[46.088,55.8597],[46.1341,55.8939],[46.0988,55.9408],[46.1502,55.9735],[46.2008,56.0246],[46.214,56.0498],[46.1564,56.0412],[46.1299,56.0598],[46.0922,56.0564],[46.0953,56.0934],[46.0674,56.1092],[46.0795,56.136],[46.0677,56.1819],[46.0264,56.1798],[45.91,56.2338],[45.8738,56.2588],[45.88,56.3077],[45.9354,56.316],[45.9461,56.325],[45.9224,56.3803],[45.9486,56.4082],[45.949,56.4332],[45.876,56.4402],[45.7887,56.4248],[45.7609,56.4606],[45.6627,56.4609],[45.6299,56.5148],[45.6498,56.5455],[45.6385,56.5711],[45.651,56.5908],[45.6951,56.6016],[45.7392,56.6256],[45.8589,56.6291],[45.9218,56.6523],[45.9276,56.6629],[45.896,56.6897],[45.9127,56.7363],[45.9145,56.792],[45.9381,56.8227],[45.9586,56.8721],[46.0382,56.8696],[46.095,56.8812],[46.2199,56.8932],[46.268,56.9047],[46.3127,56.907],[46.3188,56.9436],[46.336,56.9521],[46.5129,56.9401],[46.5342,56.9198],[46.5585,56.9286],[46.601,56.92],[46.6627,56.9391],[46.6682,56.965],[46.7149,56.9663],[46.7514,56.9783],[46.7131,57.0124],[46.7626,57.0302],[46.7561,57.0742],[46.7605,57.1293],[46.7312,57.1907],[46.7422,57.2046],[46.8344,57.1997],[46.8448,57.2291],[46.8083,57.2424],[46.7898,57.2813],[46.6952,57.3205],[46.6867,57.3631],[46.748,57.3807],[46.7292,57.3974],[46.6952,57.4001],[46.7072,57.4237],[46.7382,57.4276],[46.7904,57.4512],[46.7501,57.5173],[46.7876,57.5273],[46.8224,57.512],[46.9123,57.5149],[47.0007,57.4935],[47.0542,57.4983],[47.1368,57.5304],[47.2153,57.5508],[47.2487,57.5673],[47.3584,57.5543],[47.386,57.5351],[47.471,57.5285],[47.4865,57.5758],[47.5212,57.5861],[47.5449,57.6567],[47.5302,57.6999],[47.5727,57.7441],[47.5589,57.7707],[47.5721,57.8104],[47.6121,57.8385],[47.6647,57.8512],[47.7149,57.8715],[47.7623,57.876],[47.7638,57.9121],[47.7031,57.9584],[47.6425,57.9562],[47.4515,57.9874],[47.3884,58.0195],[47.3542,58.0255],[46.9916,58.0244],[46.5964,58.0264],[46.5067,58.035],[46.4784,58.0235],[46.4299,58.0205],[46.3814,58.0558],[46.3413,58.0746],[46.3425,58.0989],[46.313,58.1112],[46.3627,58.1884],[46.4069,58.2087],[46.4157,58.2289],[46.4088,58.2762],[46.4219,58.3146],[46.4773,58.3339],[46.4739,58.3487],[46.4113,58.3536],[46.4583,58.381],[46.541,58.3973],[46.5841,58.4304],[46.5933,58.4514],[46.5565,58.4732],[46.5541,58.4877],[46.5869,58.5177],[46.5931,58.5606],[46.6325,58.5807],[46.6873,58.5669],[46.8142,58.5846],[46.8854,58.6051],[46.9857,58.6138],[47.0102,58.629],[47.0039,58.6845],[47.02,58.7038],[47.0816,58.7386],[47.1199,58.775],[47.1624,58.7696],[47.1955,58.753],[47.2596,58.7563],[47.3165,58.7978],[47.2866,58.8166],[47.2995,58.8594],[47.2819,58.893],[47.3193,58.9156],[47.3843,58.907],[47.4524,58.9211],[47.4772,58.8862],[47.6022,58.9067],[47.6016,58.9217],[47.5704,58.9565],[47.5499,58.998],[47.5709,59.0599],[47.5288,59.078],[47.4512,59.1317],[47.442,59.1642],[47.4016,59.1507],[47.3787,59.1531],[47.2392,59.2202],[47.2315,59.247],[47.2524,59.3555],[47.0563,59.3785],[47.1135,59.6113],[47.1367,59.6979],[47.1339,59.725],[47.1126,59.7527],[47.0572,59.7687],[46.9573,59.7818],[46.9349,59.7891],[46.9226,59.8439],[47.0364,60.0995],[47.0213,60.1219],[46.909,60.1253],[46.8465,60.079],[46.809,60.0708],[46.7458,60.0783],[46.7344,60.0649],[46.6833,60.0625],[46.6627,60.0774],[46.6085,60.0673],[46.5059,60.1053],[46.4661,60.1131],[46.4041,60.1068],[46.3656,60.1252],[46.3755,60.1389],[46.3491,60.2144],[46.3017,60.2419],[46.3126,60.2547],[46.3546,60.2508],[46.4408,60.2714],[46.4915,60.2626],[46.5555,60.2622],[46.6367,60.2736],[46.7281,60.2557],[46.7495,60.2611],[46.8071,60.3183],[46.8093,60.3485],[46.8258,60.369],[46.821,60.3925],[46.8526,60.4275],[46.8768,60.4874],[46.8625,60.5073],[46.9403,60.5382],[46.9665,60.5593],[47.0488,60.5752],[47.0244,60.6012],[47.0209,60.6393],[46.9635,60.6539],[47.0423,60.7479],[47.0838,60.8186],[47.0429,60.8538],[47.0832,60.8751],[47.0965,60.9378],[47.1176,60.967],[47.1841,60.9924],[47.2018,61.0198],[47.1961,61.0483],[47.2448,61.0562],[47.4896,61.047],[47.5685,61.0591],[47.6187,61.0536],[47.6642,61.0347],[47.766,61.0287],[47.8733,61.0018],[47.942,61.0081],[47.9655,60.9994],[47.9698,60.9343],[47.9842,60.8965],[48.06,60.8828],[48.419,60.8538],[48.4465,60.9841],[48.4843,61.0338],[48.5093,61.0477],[48.8887,61.1412],[48.9098,61.1408],[48.9494,61.1199],[49.0979,61.175],[49.1815,61.1813],[49.2805,61.1737],[49.3022,61.1762],[49.322,61.2029],[49.4223,61.455],[49.4614,61.5861],[49.4173,61.6183],[49.3628,61.6238],[49.0968,61.6581],[49.0516,61.691],[49.2127,62.0911],[49.2209,62.1012],[49.2734,62.1095],[49.2595,62.1371],[49.2744,62.1421],[49.3616,62.1396],[49.3694,62.1494],[49.609,62.7702],[48.8751,62.8291],[48.7145,62.8155],[48.6808,62.7318],[48.657,62.7071],[48.6286,62.7058],[48.3661,62.7293],[48.3339,62.7044],[48.2368,62.473],[48.2364,62.4519],[48.2574,62.429],[48.3045,62.3968],[48.3042,62.3506],[48.2908,62.3216],[48.2247,62.317],[47.7511,62.3218],[47.6498,62.2967],[47.6377,62.2116],[47.621,62.1855],[47.5938,62.1823],[47.4781,62.1847],[47.4134,62.1928],[47.3985,62.2213],[47.405,62.2896],[47.3863,62.3204],[47.2349,62.3515],[47.2271,62.3796],[47.2314,62.4389],[46.5,62],[44.5,61.7],[44.5,60.9445],[44.4553,60.947],[44.2058,60.9718],[44.1575,60.9948],[44.1687,61.0657],[44.1585,61.0824],[44.053,61.0792],[44.0177,61.0528],[43.9584,61.0487],[43.8753,61.0229],[43.8351,61.0319],[43.776,61.0208],[43.7541,60.946],[43.7289,60.911],[43.746,60.9],[43.7154,60.8845],[43.6488,60.878],[43.5361,60.8531],[43.5204,60.8293],[43.5223,60.7791],[43.5109,60.7675],[43.2266,60.7848],[43.1499,60.806],[43.1353,60.8006],[43.0488,60.7402],[42.9799,60.7369],[42.9765,60.7561],[42.9439,60.7897],[42.9137,60.7789],[42.907,60.8137],[42.8231,60.8553],[42.6505,60.8631],[42.6149,60.8576],[42.5642,60.8357],[42.5616,60.7973],[42.5287,60.7793],[42.4672,60.7912],[42.4239,60.7721],[42.3948,60.7694],[42.0239,60.8358],[41.9668,60.8311],[41.9265,60.8455],[41.9154,60.8594],[41.9606,60.886],[41.9424,60.9121],[41.9165,60.9149],[41.9014,60.897],[41.868,60.9112],[41.8009,60.899],[41.7563,60.8582],[41.7194,60.8402],[41.6681,60.8479],[41.6508,60.8863],[41.6374,60.8911],[41.5185,60.8992],[41.3822,60.8511],[41.4119,60.8072],[41.4121,60.7912],[41.3577,60.7222],[41.3399,60.676],[41.343,60.646],[41.2803,60.664],[41.2295,60.6556],[41.0593,60.6497],[41.0123,60.667],[40.8191,60.711],[40.7626,60.7388],[40.7465,60.7797],[40.7128,60.7585],[40.679,60.7547],[40.6213,60.7282],[40.5551,60.7198],[40.5344,60.7246],[40.5035,60.7557],[40.4655,60.7746],[40.4076,60.784],[40.3754,60.766],[40.3865,60.7319],[40.3515,60.708],[40.2224,60.6951],[40.1564,60.6726],[40.0721,60.6831],[40.0393,60.6809],[40.0049,60.6578],[39.9235,60.6519],[39.764,60.7369],[39.6938,60.7327],[39.6482,60.746],[39.5975,60.7333],[39.4244,60.709],[39.3849,60.6886],[39.3382,60.684],[39.2893,60.7052],[39.1861,60.7148],[39.1706,60.702],[39.1956,60.6732],[39.1906,60.6529],[39.1695,60.6858],[39.0682,60.7141],[39.033,60.7311],[39.0093,60.7621],[38.9829,60.7727],[38.967,60.8002],[38.9477,60.8027],[38.9231,60.7727],[38.8695,60.7738],[38.8303,60.7434],[38.8114,60.7179],[38.7895,60.7128],[38.6613,60.7114],[38.6327,60.7232],[38.5995,60.7835],[38.5742,60.7991],[38.4301,60.8047],[38.4209,60.8112],[38.4185,60.874],[38.3857,60.9382],[38.3617,60.9551],[38.3286,60.9102],[38.2454,60.9132],[38.213,60.924],[38.1705,60.9753],[38.1981,61.026],[38.1449,61.073],[38.1504,61.0985],[38.177,61.1208],[38.1663,61.1331],[38.0891,61.1559],[38.0405,61.1401],[37.9806,61.1407],[37.9645,61.1484],[37.973,61.2047],[37.9425,61.2161],[37.9014,61.2632],[37.9,61.2639],[37.9,60.45],[35.2515,60.45],[35.2517,60.4454],[35.2341,60.3793],[35.2311,60.3412],[35.1827,60.2888],[35.1474,60.2688],[35.1521,60.2083],[35.1466,60.1307],[35.1765,60.1054],[35.1571,60.067],[35.0872,60.0409],[35.0973,60.0161],[35.1622,60.0108],[35.2379,59.9855],[35.2926,59.9846],[35.3229,59.973],[35.4037,59.9743],[35.4742,59.9229],[35.4114,59.9041],[35.3825,59.8754],[35.3854,59.7969],[35.3979,59.7295],[35.4236,59.7011],[35.4649,59.6944],[35.5318,59.6986],[35.6075,59.7124],[35.6387,59.7003],[35.6342,59.6402],[35.5929,59.6228],[35.5046,59.652],[35.4958,59.5535],[35.4832,59.5381],[35.4369,59.5293],[35.5018,59.501],[35.4615,59.4823],[35.3237,59.5067],[35.2889,59.4993],[35.3046,59.4844],[35.3676,59.4718],[35.4028,59.4432],[35.4485,59.4277],[35.4445,59.4082],[35.3937,59.3621],[35.329,59.349],[35.3189,59.328],[35.3755,59.3148],[35.3819,59.3003],[35.3012,59.301],[35.2437,59.2943],[35.193,59.269],[35.1347,59.2544],[35.038,59.2513],[34.9575,59.2267],[34.9327,59.2458],[34.9005,59.2379],[34.8723,59.2099],[34.8572,59.1803],[34.812,59.1463],[34.7981,59.1024],[34.7299,59.1032],[34.7364,59.0668],[34.7959,59.0486],[34.8724,59.0535],[34.8785,59.0434],[34.8315,58.991],[34.8377,58.9851],[34.9485,58.9659],[34.964,58.9443],[35.0255,58.942],[35.0243,58.9241],[35.062,58.9174],[35.1308,58.9373],[35.1716,58.9228],[35.1401,58.8888],[35.1246,58.815],[35.1809,58.8264],[35.2201,58.8248],[35.2125,58.7979],[35.2657,58.7648],[35.288,58.7638],[35.3106,58.803],[35.3985,58.8435],[35.5025,58.841],[35.5386,58.831],[35.6117,58.8298],[35.6166,58.8169],[35.6798,58.8159],[35.7141,58.8324],[35.7512,58.8265],[35.8101,58.7948],[35.8172,58.7804],[35.7653,58.7774],[35.7749,58.7543],[35.8361,58.7447],[35.8863,58.7533],[35.9568,58.7522],[35.979,58.7292],[36.0276,58.7215],[36.0607,58.7069],[36.1263,58.6955],[36.1472,58.6433],[36.1394,58.6168],[36.2196,58.6122],[36.2349,58.5908],[36.1938,58.5712],[36.1733,58.525],[36.23,58.5138],[36.24,58.5338],[36.2749,58.5355],[36.3148,58.5187],[36.3236,58.4998],[36.4465,58.529],[36.4892,58.5309],[36.5206,58.5585],[36.5182,58.5899],[36.5882,58.6038],[36.6453,58.6448],[36.6804,58.6944],[36.7141,58.696],[36.7049,58.734],[36.7724,58.7207],[36.8129,58.7438],[36.8156,58.7582],[36.7838,58.8065],[36.8324,58.8365],[36.8642,58.8428],[36.9434,58.8344],[37.0115,58.839],[37.063,58.8642],[37.1222,58.866],[37.1752,58.8263],[37.1804,58.7786],[37.3696,58.6444],[37.4454,58.5947],[37.4986,58.5798],[37.5398,58.5397],[37.5927,58.5146],[37.6263,58.4902],[37.6543,58.4497],[37.644,58.4294],[37.5881,58.417],[37.5345,58.3968],[37.4962,58.3992],[37.4775,58.4151],[37.4491,58.4075],[37.3698,58.3494],[37.4172,58.3269],[37.42,58.3083],[37.3907,58.2877],[37.3497,58.239],[37.3751,58.2008],[37.4435,58.1828],[37.4968,58.1853],[37.5621,58.1653],[37.5896,58.1351],[37.6344,58.1166],[37.6735,58.083],[37.6617,58.068],[37.6235,58.0697],[37.5487,58.0528],[37.525,58.0296],[37.5425,58.0069],[37.5152,57.9871],[37.4844,57.9808],[37.428,57.9833],[37.3665,57.9771],[37.3709,57.9494],[37.4532,57.9229],[37.4949,57.9174],[37.4955,57.8936],[37.4541,57.8924],[37.3941,57.9036],[37.3509,57.8966],[37.3569,57.8774],[37.4027,57.8735],[37.4167,57.8614],[37.3774,57.8437],[37.3909,57.828],[37.4573,57.828],[37.5234,57.7713],[37.5398,57.7383],[37.6123,57.7227],[37.6507,57.7029],[37.6468,57.686],[37.6682,57.67],[37.7146,57.6587],[37.7641,57.6311],[37.8276,57.6307],[37.81,57.608],[37.8161,57.5506],[37.7984,57.5037],[37.8159,57.55],[35.6,57.55],[35.6,57.7],[35.4,57.5],[34.8,57.35],[34.2,57.25],[33.3,56.95],[32.4,56.95],[32.4,56.15],[33.5,56.15],[33.5,55.7539],[33.5053,55.7552],[33.5694,55.8163],[33.6379,55.8374],[33.67,55.8653],[33.678,55.9081],[33.6504,55.9355],[33.66,55.9462],[33.7362,55.9474],[33.8056,55.9283],[33.8274,55.9298],[33.8381,55.9495],[33.826,55.9756],[33.8452,56.0077],[33.8906,56.0426],[33.8921,56.0657],[33.9166,56.0731],[33.9712,56.0555],[34.0809,56.0553],[34.2007,56.0745],[34.2354,56.0714],[34.2799,56.045],[34.302,56.0054],[34.3232,55.9956],[34.374,56.0145],[34.422,55.9937],[34.5148,55.9632],[34.5513,55.9439],[34.6309,55.9179],[34.6798,55.921],[34.7604,55.9678],[34.8246,55.9521],[35.0315,55.9844],[35.054,55.9831],[35.1015,55.9579],[35.1741,55.9483],[35.207,55.9379],[35.2199,55.9037],[35.249,55.9104],[35.2481,55.876],[35.2786,55.8548],[35.3125,55.8069],[35.3535,55.7794],[35.3338,55.7553],[35.344,55.737],[35.3161,55.7269],[35.3474,55.6653],[35.3971,55.6171],[35.3926,55.5747],[35.3724,55.5622],[35.3031,55.5712],[35.2861,55.5515],[35.3144,55.5311],[35.3165,55.4875],[35.2963,55.4686],[35.3141,55.4318],[35.292,55.3809],[35.3012,55.2991],[35.3697,55.2388],[35.3487,55.2066],[35.3004,55.1859],[35.3096,55.1677],[35.2824,55.1514],[35.2845,55.1121],[35.2257,55.055],[35.144,55.0217],[35.1249,55.0018],[35.1441,54.9844],[35.1313,54.9616],[35.0649,54.9571],[35.0222,54.925],[34.9921,54.882],[34.9435,54.8941],[34.8658,54.8838],[34.8528,54.8144],[34.8719,54.8024],[34.921,54.7716],[34.8444,54.7328],[34.8173,54.7094],[34.7089,54.6861],[34.654,54.6629],[34.5811,54.6766],[34.5159,54.6767],[34.4667,54.6861],[34.4245,54.6854],[34.415,54.6753],[34.4866,54.6558],[34.4996,54.632],[34.4653,54.5854],[34.4357,54.5119],[34.3868,54.499],[34.4158,54.4508],[34.3746,54.4217],[34.3261,54.4296],[34.2125,54.5051],[34.1075,54.5503],[34.0257,54.5521],[33.9268,54.5723],[33.8888,54.5587],[33.8281,54.5642],[33.804,54.5571],[33.7287,54.5617],[33.6756,54.5007],[33.6427,54.4855],[33.6428,54.4689],[33.67,54.4631],[33.6691,54.441],[33.6379,54.4231],[33.6167,54.381],[33.6298,54.3595],[33.6837,54.3213],[33.673,54.2962],[33.6465,54.2838],[33.6273,54.2597],[33.587,54.2483],[33.619,54.2335],[33.6137,54.1791],[33.562,54.1562],[33.5586,54.1292],[33.5265,54.1112],[33.5501,54.101],[33.4646,54.0852],[33.4242,54.0489],[33.4403,54.0374],[33.4874,54.0362],[33.5012,54.0158],[33.445,53.9991],[33.4746,53.9718],[33.3884,53.9538],[33.4091,53.9812],[33.3491,53.9824],[33.3055,53.9583],[33.2457,53.9513],[33.2663,53.9163],[33.2475,53.8897],[33.2824,53.8566],[33.289,53.8217],[33.2531,53.8035],[33.2039,53.7925],[33.2134,53.7685],[33.1985,53.732],[33.1303,53.7185],[33.0568,53.6763],[33.008,53.6317],[32.956,53.6102],[32.899,53.5687],[32.8904,53.5408],[32.9081,53.4935],[32.8471,53.4318],[32.8262,53.4443],[32.7662,53.4144],[32.7365,53.4383],[32.7178,53.4311],[32.7012,53.4621],[32.6582,53.4557],[32.6417,53.469],[32.6503,53.4876],[32.6006,53.4924],[32.5768,53.486],[32.5543,53.5108],[32.4529,53.5464],[32.4115,53.5824],[32.3991,53.6354],[32.4806,53.6624],[32.4878,53.6847],[32.4616,53.7068],[32.4216,53.7158],[32.3718,53.7144],[32.2904,53.7609],[32.1648,53.7817],[32.106,53.8069],[32.0836,53.8096],[31.8732,53.7771],[31.7873,53.7944],[31.7447,53.7949],[31.7538,53.8196],[31.8101,53.8826],[31.8465,53.9923],[31.8139,54.0571],[31.7713,54.0485],[31.7481,54.0863],[31.7258,54.0975],[31.6669,54.1019],[31.5831,54.1295],[31.5064,54.1439],[31.3247,54.2292],[31.2992,54.2726],[31.2848,54.3474],[31.2487,54.3768],[31.209,54.448],[31.179,54.4534],[31.1679,54.4671],[31.0936,54.4794],[31.0646,54.4923],[31.0896,54.5359],[31.1395,54.5829],[31.1679,54.6216],[31.1286,54.6404],[31.1052,54.6683],[30.999,54.6713],[30.9806,54.7057],[30.8273,54.771],[30.7706,54.786],[30.7681,54.8299],[30.8261,54.8775],[30.8148,54.928],[30.8386,54.9392],[30.8995,54.9464],[30.9361,54.9732],[30.9066,55.0126],[30.9132,55.0246],[30.9806,55.0187],[31.0056,55.023],[31.0064,55.0424],[30.9703,55.1014],[30.984,55.1309],[30.9588,55.1444],[30.9598,55.1626],[30.8865,55.2045],[30.8568,55.2535],[30.8041,55.273],[30.7943,55.2855],[30.8112,55.3231],[30.8456,55.3511],[30.9059,55.376],[30.9186,55.4076],[30.8891,55.4334],[30.8872,55.4681],[30.9194,55.4923],[30.8994,55.4991],[30.9197,55.5345],[30.9071,55.5778],[30.9263,55.6025],[30.9529,55.6597],[31.0366,55.7081],[31.0473,55.7685],[31.1869,55.7372],[31.2118,55.7182],[31.2257,55.7275],[31.2924,55.7367],[31.3256,55.7227],[31.3552,55.7319],[31.4,55.733],[31.4,55.9065],[31.3897,55.92],[31.24,55.92],[31.2,56],[30.6,56.1],[29.6,56.4],[29,56.55],[28.4,56.65],[27.9923,56.6245],[27.9974,56.6038],[28.0287,56.5768],[28.1087,56.5552],[28.1322,56.536],[28.0992,56.5134],[28.0933,56.5016],[28.1045,56.4831],[28.1565,56.4462],[28.1679,56.4271],[28.1643,56.3928],[28.1744,56.3496],[28.2148,56.2814],[28.2153,56.256],[28.1931,56.231],[28.1691,56.1617],[28.1489,56.1424],[28.111,56.1568],[28.0682,56.1476],[28.0511,56.1407],[27.981,56.118],[27.9397,56.1131],[27.9115,56.1002],[27.8807,56.0639],[27.7812,56.0164],[27.7601,55.9754],[27.7444,55.9597],[27.645,55.9228],[27.6172,55.8786],[27.6101,55.831],[27.5927,55.7942],[27.5925,55.7942],[27.5646,55.7922],[27.4388,55.7987],[27.3746,55.8148],[27.361,55.8237],[27.3496,55.8312],[27.3444,55.8282],[27.2824,55.7919],[27.263,55.7872],[27.1732,55.8257],[27.1108,55.8363],[26.9794,55.8263],[26.9578,55.8186],[26.9001,55.7787],[26.8428,55.7193],[26.8228,55.7061],[26.743,55.6829],[26.6401,55.6956],[26.5945,55.667],[26.6077,55.6165],[26.5956,55.568],[26.5321,55.5163],[26.5277,55.4922],[26.5433,55.4596],[26.5078,55.4391],[26.486,55.3908],[26.4455,55.3375],[26.4658,55.3209],[26.5423,55.3076],[26.6027,55.3169],[26.7686,55.3002],[26.8007,55.2733],[26.7897,55.2572],[26.7399,55.2428],[26.7011,55.2368],[26.657,55.2153],[26.6339,55.1922],[26.6163,55.1354],[26.5789,55.1185],[26.4734,55.1457],[26.4203,55.1281],[26.3095,55.1446],[26.2644,55.1401],[26.233,55.1116],[26.2246,55.0549],[26.1703,54.9933],[26.1386,54.9689],[26.1026,54.957],[25.9811,54.9427],[25.9079,54.9481],[25.8585,54.933],[25.8467,54.9062],[25.7827,54.8697],[25.7723,54.8509],[25.7785,54.8053],[25.7243,54.7801],[25.7246,54.7157],[25.7095,54.6756],[25.7151,54.6432],[25.7399,54.6077],[25.7404,54.5685],[25.7074,54.5415],[25.6462,54.5204],[25.6199,54.4881],[25.6126,54.4218],[25.5947,54.4001],[25.53,54.3461],[25.5287,54.321],[25.564,54.3031],[25.6074,54.3049],[25.6674,54.3233],[25.696,54.321],[25.7154,54.2852],[25.7578,54.269],[25.7868,54.2318],[25.7719,54.2179],[25.771,54.1721],[25.74,54.1463],[25.6906,54.1482],[25.6535,54.1287],[25.543,54.137],[25.4933,54.1575],[25.4858,54.1754],[25.5217,54.1882],[25.5017,54.2218],[25.554,54.2313],[25.4721,54.2972],[25.4341,54.2918],[25.394,54.2572],[25.3697,54.2479],[25.2876,54.2452],[25.2241,54.2586],[25.1935,54.2437],[25.1565,54.1757],[25.1156,54.1488],[25.072,54.1322],[25.0271,54.1279],[24.9483,54.1459],[24.9023,54.1498],[24.851,54.145],[24.8216,54.1345],[24.8182,54.1101],[24.7825,54.0929],[24.8214,54.0199],[24.8194,53.9926],[24.7887,53.9697],[24.7239,53.9634],[24.6908,53.9728],[24.6779,53.9923],[24.5791,53.9756],[24.5287,53.9584],[24.414,53.8977],[24.3779,53.8868],[24.2571,53.894],[24.2291,53.9324],[24.2011,53.9525],[24.1367,53.9554],[24.0454,53.9309],[23.9813,53.9304],[23.9198,53.9478],[23.8283,53.9201],[23.7872,53.9279],[23.7544,53.9168],[23.6919,53.9115],[23.6426,53.899],[23.61,53.9018],[23.5201,53.934],[23.4856,53.9393],[23.4863,53.9227],[23.4,53.75],[23.1,53.68],[22.74,53.49],[22.42,53.19],[22.5,53.05],[22.4,52.75],[22.3942,52.7413]],[[38.0226,61.0419],[38.0415,61.0497],[38.0875,61.0416],[38.1248,61.0174],[38.0452,61.0184],[38.0226,61.0419]]],[[[30.9932,56.95],[31,56.95],[31,56.965],[30.9932,56.95]]],[[[47.5,63.0242],[47.5158,63.0368],[47.5546,63.1212],[47.5546,63.1485],[47.5,63.1506],[47.5,63.0242]]]]}},
{"type":"Feature","properties":{"entityId":"rus-principalities","from":1188,"to":1189,"certainty":"estimated","source":"유럽 쪽은 Natural Earth 1:10m admin-1(v5.1.2) 현대 행정구역 조각을 그 시기 국경에 맞춰 묶고, 조각이 역사 경계와 다른 곳은 선을 그어 나눈 근사. 유럽 밖(시베리아·중앙아시아·극동)은 대략적인 추정. 운영자 검수 필요"},"geometry":{"type":"MultiPolygon","coordinates":[[[[22.3942,52.7413],[22.3997,52.695],[22.4118,52.6597],[22.4119,52.6006],[22.5176,52.5294],[22.5114,52.4946],[22.5198,52.4733],[22.5448,52.4625],[22.5388,52.4294],[22.5627,52.4041],[22.6119,52.3873],[22.689,52.3854],[22.8446,52.3656],[22.9228,52.3723],[22.9751,52.3528],[22.9845,52.3301],[23.0058,52.337],[23.0521,52.3096],[23.039,52.2892],[23.087,52.2923],[23.1502,52.2816],[23.1761,52.2851],[23.1945,52.2715],[23.1897,52.2405],[23.2123,52.2317],[23.3958,52.1996],[23.3885,52.1842],[23.4367,52.1757],[23.4505,52.1859],[23.4847,52.1586],[23.5125,52.1244],[23.5794,52.1215],[23.6375,52.0845],[23.6764,51.9941],[23.6476,51.9741],[23.6222,51.9279],[23.6214,51.8956],[23.5946,51.8433],[23.6287,51.8098],[23.6175,51.7865],[23.5604,51.7545],[23.5466,51.7136],[23.5604,51.672],[23.5324,51.659],[23.5438,51.6438],[23.5399,51.6071],[23.574,51.5553],[23.5728,51.5397],[23.6062,51.5174],[23.6148,51.4972],[23.6628,51.4802],[23.6487,51.454],[23.6976,51.4044],[23.6789,51.3941],[23.6839,51.3703],[23.634,51.3393],[23.6352,51.3047],[23.6873,51.2924],[23.7427,51.2163],[23.7652,51.199],[23.816,51.1788],[23.8747,51.1361],[23.8545,51.1215],[23.9042,51.0627],[23.9117,51.0068],[23.9551,50.9836],[23.9793,50.9375],[24.0469,50.898],[24.1302,50.8689],[24.1309,50.8391],[24.0469,50.8291],[24.0205,50.8386],[23.9699,50.8252],[23.9576,50.808],[23.9743,50.7762],[24.0259,50.767],[24.0128,50.7433],[24.0269,50.728],[24.081,50.713],[24.0749,50.6902],[24.1082,50.6303],[24.1259,50.6418],[24.1647,50.6402],[24.2179,50.5892],[24.2479,50.5818],[24.3214,50.5926],[24.3459,50.6089],[24.3795,50.6009],[24.4054,50.5674],[24.4343,50.549],[24.5008,50.5455],[24.5306,50.5241],[24.5354,50.5001],[24.5132,50.4867],[24.4634,50.4788],[24.4567,50.4614],[24.4988,50.4397],[24.5042,50.4106],[24.5418,50.4109],[24.5526,50.4384],[24.591,50.417],[24.6342,50.4134],[24.6394,50.3974],[24.6882,50.3767],[24.7052,50.3496],[24.773,50.3405],[24.8484,50.3549],[24.9114,50.3481],[24.9319,50.3702],[25.0039,50.3457],[25.0489,50.3473],[25.0638,50.3345],[25.0635,50.2948],[25.1041,50.2794],[25.1529,50.2925],[25.1957,50.288],[25.2075,50.2501],[25.1677,50.22],[25.1929,50.1816],[25.1854,50.128],[25.2023,50.095],[25.2959,50.0413],[25.3676,50.0131],[25.3727,49.9965],[25.3898,49.9873],[25.6,49.92],[25.8,49.85],[26,49.75],[26.2,49.62],[26.2239,49.62],[26.2087,49.5669],[26.1643,49.544],[26.1484,49.5165],[26.1985,49.4153],[26.2291,49.397],[26.2391,49.342],[26.2344,49.3195],[26.2563,49.2936],[26.2417,49.2412],[26.2078,49.2273],[26.1992,49.1746],[26.2218,49.148],[26.2109,49.1191],[26.2284,49.0669],[26.1995,49.0413],[26.2212,49.0007],[26.1985,48.9845],[26.1891,48.953],[26.2023,48.935],[26.1954,48.9],[26.2229,48.8972],[26.2143,48.847],[26.2387,48.8188],[26.2642,48.8082],[26.2285,48.7792],[26.2513,48.7524],[26.2355,48.685],[26.2819,48.6616],[26.285,48.6412],[26.3163,48.6428],[26.3067,48.6056],[26.3689,48.5761],[26.354,48.5616],[26.3805,48.5171],[26.404,48.5341],[26.4706,48.5381],[26.5153,48.5149],[26.5399,48.4789],[26.5664,48.4574],[26.6219,48.4583],[26.607,48.4923],[26.6273,48.5084],[26.6436,48.4925],[26.709,48.4969],[26.6709,48.5267],[26.6144,48.5402],[26.6328,48.5624],[26.7218,48.5352],[26.7392,48.5577],[26.7161,48.5778],[26.7172,48.5948],[26.7406,48.5889],[26.7497,48.5616],[26.7728,48.551],[26.7876,48.5683],[26.7831,48.5935],[26.8081,48.6091],[26.8292,48.6018],[26.8226,48.5812],[26.8414,48.5463],[26.885,48.5435],[26.9247,48.5751],[26.9453,48.5814],[27.1134,48.5593],[27.147,48.5819],[27.1814,48.5819],[27.2141,48.5701],[27.2476,48.5704],[27.2618,48.5957],[27.2344,48.6185],[27.2947,48.6161],[27.3218,48.6009],[27.3704,48.6297],[27.4097,48.6207],[27.4382,48.6025],[27.4728,48.5472],[27.5038,48.4724],[27.5571,48.4744],[27.583,48.486],[27.6048,48.4841],[27.6069,48.4578],[27.627,48.4513],[27.7518,48.452],[27.7853,48.4416],[27.8499,48.4096],[27.8854,48.3784],[27.9264,48.3394],[28.0032,48.3259],[28.0559,48.3215],[28.0928,48.3021],[28.0983,48.2841],[28.0787,48.2449],[28.1311,48.2396],[28.1785,48.2589],[28.1999,48.2117],[28.2403,48.2116],[28.2945,48.2365],[28.3406,48.2401],[28.3682,48.2306],[28.3634,48.191],[28.3222,48.1632],[28.3174,48.1354],[28.3496,48.1297],[28.3886,48.1686],[28.4116,48.1707],[28.4369,48.1499],[28.419,48.1222],[28.4474,48.0828],[28.49,48.0655],[28.4998,48.1089],[28.5434,48.088],[28.5191,48.0523],[28.4813,48.0332],[28.4666,47.9972],[28.4965,47.9878],[28.5055,47.9587],[28.4962,47.9155],[28.478,47.8886],[28.504,47.8833],[28.5305,47.8929],[28.5692,47.8871],[28.637,47.8421],[28.6692,47.8581],[28.6568,47.8772],[28.6579,47.8987],[28.6832,47.9339],[28.7204,47.9527],[28.7556,47.9572],[28.7848,47.9828],[28.8128,47.9654],[28.8303,47.9411],[28.8289,47.9171],[28.861,47.8997],[28.9421,47.8832],[28.9803,47.8755],[29.0181,47.8535],[29.0175,47.8269],[28.9803,47.7656],[28.9756,47.7434],[28.9803,47.6874],[28.9954,47.6509],[28.9865,47.6223],[29.0157,47.5821],[29.0267,47.5295],[29.0486,47.5062],[29.0928,47.4874],[29.108,47.4694],[29.1268,47.4656],[29.1372,47.484],[29.1174,47.5333],[29.1305,47.5596],[29.1821,47.6132],[29.1924,47.6509],[29.197,47.7175],[29.2386,47.756],[29.222,47.7748],[29.1778,47.7897],[29.1867,47.8182],[29.2328,47.8571],[29.236,47.8707],[29.1866,47.8836],[29.1646,47.9056],[29.148,47.9554],[29.124,47.976],[29.0927,47.9802],[29.061,47.9698],[29.0172,47.9311],[28.9808,47.9264],[28.9361,47.9422],[28.8826,47.9768],[28.8621,48.0005],[28.8798,48.0106],[28.9642,48.0358],[29.0461,48.0831],[29.0412,48.1282],[29.0783,48.1445],[29.104,48.1436],[29.1699,48.1057],[29.2463,48.0845],[29.3384,48.0862],[29.4347,48.1131],[29.4972,48.0928],[29.5855,48.0871],[29.6798,48.0922],[29.6975,48.1364],[29.6659,48.1689],[29.6825,48.1821],[29.7172,48.1817],[29.7748,48.2031],[29.7866,48.25],[29.7382,48.2701],[29.7754,48.3169],[29.7771,48.3476],[29.8586,48.4172],[29.8834,48.4326],[29.9124,48.4319],[29.9401,48.3756],[30.0046,48.4244],[30.0388,48.4277],[30.0761,48.4551],[30.1208,48.4564],[30.1744,48.4892],[30.2135,48.4819],[30.2552,48.4853],[30.3849,48.5305],[30.393,48.5555],[30.4147,48.5719],[30.4565,48.5708],[30.4844,48.5535],[30.5741,48.5652],[30.5775,48.6011],[30.5409,48.6193],[30.6014,48.6639],[30.6154,48.7222],[30.7023,48.7652],[30.7991,48.7604],[30.8122,48.7509],[30.9381,48.7562],[31.0205,48.7435],[31.0548,48.7282],[31.116,48.7283],[31.1799,48.751],[31.2237,48.7539],[31.3091,48.7428],[31.3329,48.7238],[31.4417,48.751],[31.4623,48.7611],[31.4812,48.8035],[31.5273,48.8352],[31.5295,48.904],[31.5441,48.9242],[31.6511,48.9174],[31.6895,48.9445],[31.7323,48.9426],[31.8102,48.9239],[31.8541,48.8983],[31.8748,48.8616],[31.8949,48.8618],[31.9528,48.9021],[32.0316,48.9278],[32.0518,48.9162],[32.1292,48.9125],[32.146,48.948],[32.1343,48.9583],[32.1494,48.9801],[32.1925,48.9998],[32.2414,49.052],[32.2795,49.0471],[32.3013,49.0779],[32.3319,49.0898],[32.3691,49.0458],[32.4208,49.0438],[32.4529,49.0561],[32.463,49.0098],[32.5015,48.9755],[32.5152,48.9313],[32.5513,48.9328],[32.5737,48.9576],[32.6003,48.9456],[32.6343,48.946],[32.683,48.9863],[32.7439,48.9656],[32.7824,48.9637],[32.8449,49.0012],[32.8491,49.023],[32.8247,49.0304],[32.8013,49.074],[32.7895,49.1468],[32.7527,49.1882],[32.7546,49.192],[32.7887,49.2618],[33.0382,49.182],[33.142,49.1302],[33.2041,49.0709],[33.2971,49.0649],[33.346,49.0327],[33.3226,49.0273],[33.2994,48.9955],[33.3757,48.9413],[33.401,48.9535],[33.4564,48.9417],[33.5427,48.903],[33.597,48.9224],[33.6516,48.8993],[33.6735,48.8691],[33.6946,48.9058],[33.7785,48.9225],[33.8074,48.9034],[33.876,48.8974],[33.9195,48.8658],[34.0402,48.8078],[34.0749,48.805],[34.1097,48.7902],[34.162,48.7844],[34.2375,48.7463],[34.2951,48.7844],[34.2782,48.8132],[34.3159,48.8396],[34.3127,48.8613],[34.2766,48.8884],[34.2743,48.9143],[34.3012,48.9639],[34.3252,48.9809],[34.3567,48.9861],[34.3505,49.0144],[34.4028,49.0501],[34.4083,49.0765],[34.4304,49.0746],[34.6098,49.1265],[34.7265,49.146],[34.7841,49.1746],[34.8367,49.1807],[34.8713,49.1687],[34.8573,49.1496],[34.8911,49.1483],[34.9262,49.183],[34.9839,49.1637],[34.9897,49.1775],[34.9746,49.217],[34.9549,49.2396],[34.9729,49.2806],[35.0246,49.3172],[35.053,49.3162],[35.0902,49.2972],[35.1885,49.292],[35.2633,49.3117],[35.309,49.3421],[35.3606,49.392],[35.3514,49.4266],[35.3306,49.4347],[35.3137,49.4678],[35.3267,49.4854],[35.3627,49.4907],[35.4194,49.4809],[35.4693,49.5005],[35.3962,49.5407],[35.3984,49.5548],[35.4751,49.5604],[35.4198,49.6373],[35.4282,49.6639],[35.4197,49.6863],[35.3813,49.6881],[35.3598,49.6684],[35.2913,49.6793],[35.2769,49.6962],[35.239,49.7045],[35.2303,49.7315],[35.206,49.7429],[35.1913,49.7747],[35.1911,49.832],[35.1483,49.8553],[35.103,49.8477],[35.0407,49.868],[35.0086,49.8889],[34.9546,49.8901],[34.8882,49.9177],[34.864,49.9423],[34.8415,50],[34.8621,50.0216],[34.9132,50.0557],[34.9172,50.1324],[34.9082,50.146],[34.9573,50.1669],[34.9794,50.192],[35.0159,50.1721],[35.0339,50.1747],[35.0376,50.1985],[35.0672,50.215],[35.0887,50.2071],[35.1354,50.245],[35.1947,50.2323],[35.2547,50.2442],[35.2526,50.2689],[35.269,50.2783],[35.3089,50.2764],[35.3292,50.3047],[35.3804,50.2922],[35.4029,50.3337],[35.4938,50.3022],[35.4957,50.3189],[35.5618,50.3189],[35.5955,50.3259],[35.671,50.3199],[35.6922,50.3442],[35.6316,50.345],[35.5702,50.3765],[35.5547,50.4333],[35.5227,50.4595],[35.4464,50.476],[35.4253,50.5005],[35.3777,50.6218],[35.3916,50.6464],[35.4689,50.6685],[35.4454,50.6875],[35.4471,50.7343],[35.4385,50.7624],[35.3791,50.7972],[35.3777,50.8337],[35.3414,50.8765],[35.3417,50.9159],[35.2936,50.9376],[35.2822,50.9611],[35.401,50.9533],[35.4494,50.963],[35.5124,50.9471],[35.5042,50.9182],[35.5464,50.9057],[35.5923,50.9211],[35.6129,50.9393],[35.6331,50.924],[35.6772,50.9193],[35.7176,50.9376],[35.7212,50.9672],[35.7457,50.9671],[35.7668,50.9482],[35.8042,50.9382],[35.8556,50.9794],[35.8769,51.0124],[35.9149,51.011],[35.9542,51.0455],[35.9996,51.0577],[35.9525,51.0922],[35.9397,51.1161],[35.9763,51.1575],[36.0406,51.1603],[36.0986,51.1296],[36.2075,51.1251],[36.2443,51.1063],[36.3136,51.1033],[36.3591,51.1258],[36.4037,51.1179],[36.4762,51.0863],[36.4999,51.122],[36.5996,51.0795],[36.6175,51.0798],[36.6526,51.1089],[36.6887,51.1274],[36.8558,51.1858],[36.9302,51.181],[36.9896,51.2004],[37.054,51.2469],[37.0849,51.2504],[37.0984,51.2299],[37.1304,51.2428],[37.1187,51.3015],[37.1442,51.3429],[37.1894,51.3288],[37.2491,51.331],[37.3417,51.3644],[37.3616,51.3844],[37.447,51.3723],[37.4628,51.381],[37.5386,51.3943],[37.581,51.3708],[37.6667,51.3657],[37.7593,51.3885],[37.8286,51.4205],[37.8777,51.4009],[37.9,51.4007],[37.9319,51.4197],[38.0465,51.4197],[38.0518,51.3909],[38.0273,51.3662],[38.1551,51.3293],[38.2011,51.3067],[38.2915,51.2925],[38.3122,51.3094],[38.3234,51.3408],[38.3511,51.3629],[38.3448,51.3731],[38.3012,51.3626],[38.2729,51.4529],[38.2848,51.4739],[38.2693,51.4988],[38.2764,51.5264],[38.221,51.5543],[38.1888,51.587],[38.1402,51.6207],[38.1492,51.6444],[38.2189,51.6318],[38.2015,51.685],[38.2195,51.7078],[38.3396,51.6889],[38.4098,51.6878],[38.5051,51.7319],[38.4751,51.7448],[38.4141,51.7545],[38.3875,51.7851],[38.4264,51.8146],[38.4135,51.854],[38.4098,51.9202],[38.362,51.9301],[38.3039,51.9151],[38.2988,51.961],[38.2322,51.9453],[38.1921,51.9122],[38.1454,51.9278],[38.1015,51.927],[38.0321,51.9011],[37.997,51.879],[37.8911,51.8842],[37.8662,51.9239],[37.8208,51.9122],[37.779,51.952],[37.7778,51.9875],[37.7471,52.0169],[37.7776,52.1615],[37.8322,52.2024],[37.948,52.2456],[38.017,52.2517],[37.9948,52.271],[37.9998,52.2954],[38.0384,52.3445],[37.9907,52.3801],[37.9614,52.4144],[37.909,52.4148],[37.8769,52.4345],[37.88,52.4512],[37.9108,52.4729],[37.8375,52.501],[37.7828,52.5084],[37.7886,52.5417],[37.8122,52.5477],[37.7866,52.5803],[37.7641,52.5746],[37.7118,52.613],[37.7295,52.6136],[37.7509,52.6381],[37.7884,52.6363],[37.8127,52.6484],[37.7766,52.7185],[37.7937,52.7359],[37.8348,52.7462],[37.8707,52.7718],[37.8737,52.7953],[37.8112,52.829],[37.7927,52.8539],[37.8388,52.8905],[37.7949,52.9121],[37.8165,52.9349],[37.8217,52.9678],[37.841,53.0085],[37.8038,53.0739],[37.7874,53.0889],[37.696,53.1364],[37.6631,53.1183],[37.6113,53.1127],[37.5613,53.1688],[37.5543,53.1977],[37.5683,53.289],[37.5557,53.2957],[37.4924,53.2765],[37.4736,53.2776],[37.4271,53.3031],[37.382,53.3089],[37.3272,53.3032],[37.2761,53.2723],[37.1969,53.2507],[37.0882,53.28],[37.0095,53.2835],[36.9908,53.307],[36.9592,53.2921],[36.9171,53.2861],[36.8073,53.2966],[36.7742,53.3072],[36.7151,53.3447],[36.6772,53.3896],[36.6668,53.4159],[36.6142,53.4233],[36.5716,53.3965],[36.5128,53.3951],[36.4445,53.4215],[36.398,53.4285],[36.3716,53.4524],[36.3082,53.4847],[36.3124,53.5088],[36.2316,53.5741],[36.1409,53.5563],[36.0983,53.5559],[36.0556,53.5787],[36.0146,53.5863],[36.0096,53.6183],[35.9902,53.6537],[36.04,53.6839],[36.0564,53.7079],[36.0169,53.7237],[35.9654,53.7221],[35.9315,53.7861],[35.9661,53.8049],[35.9549,53.8311],[35.9138,53.8523],[35.9769,53.8655],[35.9887,53.9163],[36.0271,53.9401],[36.1113,53.961],[36.107,54.0095],[36.1459,54.0463],[36.1908,54.0547],[36.2164,54.0699],[36.2007,54.0982],[36.1545,54.1086],[36.1013,54.0976],[36.0784,54.1222],[36.111,54.1239],[36.113,54.1364],[36.0224,54.1768],[36.031,54.1908],[36.0669,54.2005],[36.1084,54.1955],[36.1481,54.1681],[36.1969,54.1585],[36.2366,54.1948],[36.2372,54.2291],[36.2517,54.2362],[36.2836,54.2207],[36.3538,54.2233],[36.4,54.2095],[36.4158,54.2371],[36.4588,54.2556],[36.4615,54.2882],[36.5548,54.2924],[36.7145,54.3172],[36.741,54.3075],[36.7249,54.2818],[36.7766,54.2805],[36.8342,54.2935],[36.8914,54.2832],[36.926,54.2936],[36.9463,54.3197],[36.9314,54.3605],[36.9654,54.3958],[36.9258,54.4482],[36.9029,54.4616],[36.8635,54.4578],[36.8484,54.4722],[36.8479,54.4753],[36.8405,54.5222],[36.8048,54.553],[36.805,54.6099],[36.8302,54.6167],[36.8855,54.6063],[36.919,54.5863],[36.9951,54.5854],[37.0421,54.5667],[37.0721,54.5361],[37.0886,54.5488],[37.2076,54.6877],[37.2118,54.7109],[37.1833,54.7184],[37.2164,54.7641],[37.2284,54.8081],[37.259,54.8358],[37.3841,54.8224],[37.4325,54.8312],[37.4608,54.8223],[37.4848,54.7892],[37.5485,54.7584],[37.5643,54.7365],[37.6713,54.7135],[37.7583,54.7362],[37.7697,54.7774],[37.7499,54.8203],[37.7956,54.8247],[37.8437,54.8383],[37.9386,54.8323],[37.9574,54.8035],[37.9583,54.7767],[37.9966,54.77],[38.0355,54.7497],[38.0393,54.7137],[38.1049,54.7036],[38.1368,54.6825],[38.1786,54.6899],[38.2188,54.6596],[38.3404,54.6495],[38.3639,54.6567],[38.3935,54.6443],[38.4716,54.6384],[38.4942,54.6226],[38.5166,54.5859],[38.49,54.5797],[38.441,54.5293],[38.3772,54.5148],[38.3904,54.4686],[38.4597,54.4062],[38.4993,54.3931],[38.5138,54.364],[38.5212,54.2888],[38.5951,54.2716],[38.6751,54.2447],[38.7121,54.2717],[38.7245,54.33],[38.7369,54.3451],[38.8257,54.3805],[38.8555,54.3733],[38.9088,54.3977],[38.919,54.4121],[38.8874,54.4266],[38.7977,54.4512],[38.7876,54.4777],[38.7943,54.5001],[38.7814,54.5538],[38.8204,54.6019],[38.9091,54.618],[38.9325,54.616],[38.9567,54.5934],[39.0401,54.6246],[39.14,54.6281],[39.1765,54.6355],[39.2321,54.6353],[39.2445,54.6564],[39.2379,54.711],[39.2649,54.7197],[39.3287,54.7175],[39.3559,54.7396],[39.3284,54.7484],[39.3714,54.8028],[39.3742,54.8406],[39.3977,54.8761],[39.449,54.8978],[39.4884,54.9408],[39.5444,54.9695],[39.5914,54.9822],[39.6026,55.0059],[39.6845,55.0207],[39.7558,55.0165],[39.8128,54.9975],[39.8882,55.0813],[39.8858,55.1015],[39.8446,55.1219],[39.8097,55.1183],[39.7749,55.1012],[39.7419,55.1078],[39.7202,55.126],[39.7565,55.1394],[39.827,55.1826],[39.9198,55.1868],[40.0014,55.2004],[40.1311,55.2544],[40.2065,55.3093],[40.2439,55.3365],[40.2946,55.3324],[40.3454,55.34],[40.358,55.3238],[40.3277,55.315],[40.3227,55.2938],[40.4001,55.2873],[40.5168,55.3277],[40.5454,55.3093],[40.5322,55.2926],[40.5645,55.269],[40.5539,55.2546],[40.6211,55.2052],[40.6774,55.2134],[40.7294,55.2039],[40.786,55.2222],[40.8435,55.2263],[40.8789,55.2409],[40.891,55.2606],[40.9646,55.2604],[41.0042,55.2335],[41.0365,55.2219],[41.0466,55.1832],[41.0809,55.1474],[41.0955,55.1481],[41.0874,55.1915],[41.11,55.2044],[41.1871,55.221],[41.2634,55.213],[41.2989,55.2032],[41.3652,55.1731],[41.4116,55.131],[41.4413,55.1312],[41.4966,55.157],[41.5823,55.1414],[41.6583,55.1089],[41.7185,55.1249],[41.7832,55.1191],[41.8702,55.1576],[41.9007,55.2045],[41.8587,55.2409],[41.9541,55.2777],[41.9564,55.2964],[41.933,55.3299],[41.9527,55.3386],[42.0006,55.3373],[42.0134,55.3731],[42.0756,55.3932],[42.117,55.4217],[42.1336,55.4587],[42.0684,55.4813],[42.0688,55.55],[46.1083,55.55],[46.1038,55.5727],[46.0485,55.6167],[46.0126,55.6266],[45.9753,55.6191],[45.9572,55.6326],[45.9201,55.688],[45.9679,55.7427],[46.0013,55.7348],[46.0077,55.7495],[45.9883,55.7768],[46.0167,55.7785],[46.0938,55.808],[46.1004,55.8327],[46.088,55.8597],[46.1341,55.8939],[46.0988,55.9408],[46.1502,55.9735],[46.2008,56.0246],[46.214,56.0498],[46.1564,56.0412],[46.1299,56.0598],[46.0922,56.0564],[46.0953,56.0934],[46.0674,56.1092],[46.0795,56.136],[46.0677,56.1819],[46.0264,56.1798],[45.91,56.2338],[45.8738,56.2588],[45.88,56.3077],[45.9354,56.316],[45.9461,56.325],[45.9224,56.3803],[45.9486,56.4082],[45.949,56.4332],[45.876,56.4402],[45.7887,56.4248],[45.7609,56.4606],[45.6627,56.4609],[45.6299,56.5148],[45.6498,56.5455],[45.6385,56.5711],[45.651,56.5908],[45.6951,56.6016],[45.7392,56.6256],[45.8589,56.6291],[45.9218,56.6523],[45.9276,56.6629],[45.896,56.6897],[45.9127,56.7363],[45.9145,56.792],[45.9381,56.8227],[45.9586,56.8721],[46.0382,56.8696],[46.095,56.8812],[46.2199,56.8932],[46.268,56.9047],[46.3127,56.907],[46.3188,56.9436],[46.336,56.9521],[46.5129,56.9401],[46.5342,56.9198],[46.5585,56.9286],[46.601,56.92],[46.6627,56.9391],[46.6682,56.965],[46.7149,56.9663],[46.7514,56.9783],[46.7131,57.0124],[46.7626,57.0302],[46.7561,57.0742],[46.7605,57.1293],[46.7312,57.1907],[46.7422,57.2046],[46.8344,57.1997],[46.8448,57.2291],[46.8083,57.2424],[46.7898,57.2813],[46.6952,57.3205],[46.6867,57.3631],[46.748,57.3807],[46.7292,57.3974],[46.6952,57.4001],[46.7072,57.4237],[46.7382,57.4276],[46.7904,57.4512],[46.7501,57.5173],[46.7876,57.5273],[46.8224,57.512],[46.9123,57.5149],[47.0007,57.4935],[47.0542,57.4983],[47.1368,57.5304],[47.2153,57.5508],[47.2487,57.5673],[47.3584,57.5543],[47.386,57.5351],[47.471,57.5285],[47.4865,57.5758],[47.5212,57.5861],[47.5449,57.6567],[47.5302,57.6999],[47.5727,57.7441],[47.5589,57.7707],[47.5721,57.8104],[47.6121,57.8385],[47.6647,57.8512],[47.7149,57.8715],[47.7623,57.876],[47.7638,57.9121],[47.7031,57.9584],[47.6425,57.9562],[47.4515,57.9874],[47.3884,58.0195],[47.3542,58.0255],[46.9916,58.0244],[46.5964,58.0264],[46.5067,58.035],[46.4784,58.0235],[46.4299,58.0205],[46.3814,58.0558],[46.3413,58.0746],[46.3425,58.0989],[46.313,58.1112],[46.3627,58.1884],[46.4069,58.2087],[46.4157,58.2289],[46.4088,58.2762],[46.4219,58.3146],[46.4773,58.3339],[46.4739,58.3487],[46.4113,58.3536],[46.4583,58.381],[46.541,58.3973],[46.5841,58.4304],[46.5933,58.4514],[46.5565,58.4732],[46.5541,58.4877],[46.5869,58.5177],[46.5931,58.5606],[46.6325,58.5807],[46.6873,58.5669],[46.8142,58.5846],[46.8854,58.6051],[46.9857,58.6138],[47.0102,58.629],[47.0039,58.6845],[47.02,58.7038],[47.0816,58.7386],[47.1199,58.775],[47.1624,58.7696],[47.1955,58.753],[47.2596,58.7563],[47.3165,58.7978],[47.2866,58.8166],[47.2995,58.8594],[47.2819,58.893],[47.3193,58.9156],[47.3843,58.907],[47.4524,58.9211],[47.4772,58.8862],[47.6022,58.9067],[47.6016,58.9217],[47.5704,58.9565],[47.5499,58.998],[47.5709,59.0599],[47.5288,59.078],[47.4512,59.1317],[47.442,59.1642],[47.4016,59.1507],[47.3787,59.1531],[47.2392,59.2202],[47.2315,59.247],[47.2524,59.3555],[47.0563,59.3785],[47.1135,59.6113],[47.1367,59.6979],[47.1339,59.725],[47.1126,59.7527],[47.0572,59.7687],[46.9573,59.7818],[46.9349,59.7891],[46.9226,59.8439],[47.0364,60.0995],[47.0213,60.1219],[46.909,60.1253],[46.8465,60.079],[46.809,60.0708],[46.7458,60.0783],[46.7344,60.0649],[46.6833,60.0625],[46.6627,60.0774],[46.6085,60.0673],[46.5059,60.1053],[46.4661,60.1131],[46.4041,60.1068],[46.3656,60.1252],[46.3755,60.1389],[46.3491,60.2144],[46.3017,60.2419],[46.3126,60.2547],[46.3546,60.2508],[46.4408,60.2714],[46.4915,60.2626],[46.5555,60.2622],[46.6367,60.2736],[46.7281,60.2557],[46.7495,60.2611],[46.8071,60.3183],[46.8093,60.3485],[46.8258,60.369],[46.821,60.3925],[46.8526,60.4275],[46.8768,60.4874],[46.8625,60.5073],[46.9403,60.5382],[46.9665,60.5593],[47.0488,60.5752],[47.0244,60.6012],[47.0209,60.6393],[46.9635,60.6539],[47.0423,60.7479],[47.0838,60.8186],[47.0429,60.8538],[47.0832,60.8751],[47.0965,60.9378],[47.1176,60.967],[47.1841,60.9924],[47.2018,61.0198],[47.1961,61.0483],[47.2448,61.0562],[47.4896,61.047],[47.5685,61.0591],[47.6187,61.0536],[47.6642,61.0347],[47.766,61.0287],[47.8733,61.0018],[47.942,61.0081],[47.9655,60.9994],[47.9698,60.9343],[47.9842,60.8965],[48.06,60.8828],[48.419,60.8538],[48.4465,60.9841],[48.4843,61.0338],[48.5093,61.0477],[48.8887,61.1412],[48.9098,61.1408],[48.9494,61.1199],[49.0979,61.175],[49.1815,61.1813],[49.2805,61.1737],[49.3022,61.1762],[49.322,61.2029],[49.4223,61.455],[49.4614,61.5861],[49.4173,61.6183],[49.3628,61.6238],[49.0968,61.6581],[49.0516,61.691],[49.2127,62.0911],[49.2209,62.1012],[49.2734,62.1095],[49.2595,62.1371],[49.2744,62.1421],[49.3616,62.1396],[49.3694,62.1494],[49.609,62.7702],[48.8751,62.8291],[48.7145,62.8155],[48.6808,62.7318],[48.657,62.7071],[48.6286,62.7058],[48.3661,62.7293],[48.3339,62.7044],[48.2368,62.473],[48.2364,62.4519],[48.2574,62.429],[48.3045,62.3968],[48.3042,62.3506],[48.2908,62.3216],[48.2247,62.317],[47.7511,62.3218],[47.6498,62.2967],[47.6377,62.2116],[47.621,62.1855],[47.5938,62.1823],[47.4781,62.1847],[47.4134,62.1928],[47.3985,62.2213],[47.405,62.2896],[47.3863,62.3204],[47.2349,62.3515],[47.2271,62.3796],[47.2314,62.4389],[46.5,62],[44.5,61.7],[44.5,60.9445],[44.4553,60.947],[44.2058,60.9718],[44.1575,60.9948],[44.1687,61.0657],[44.1585,61.0824],[44.053,61.0792],[44.0177,61.0528],[43.9584,61.0487],[43.8753,61.0229],[43.8351,61.0319],[43.776,61.0208],[43.7541,60.946],[43.7289,60.911],[43.746,60.9],[43.7154,60.8845],[43.6488,60.878],[43.5361,60.8531],[43.5204,60.8293],[43.5223,60.7791],[43.5109,60.7675],[43.2266,60.7848],[43.1499,60.806],[43.1353,60.8006],[43.0488,60.7402],[42.9799,60.7369],[42.9765,60.7561],[42.9439,60.7897],[42.9137,60.7789],[42.907,60.8137],[42.8231,60.8553],[42.6505,60.8631],[42.6149,60.8576],[42.5642,60.8357],[42.5616,60.7973],[42.5287,60.7793],[42.4672,60.7912],[42.4239,60.7721],[42.3948,60.7694],[42.0239,60.8358],[41.9668,60.8311],[41.9265,60.8455],[41.9154,60.8594],[41.9606,60.886],[41.9424,60.9121],[41.9165,60.9149],[41.9014,60.897],[41.868,60.9112],[41.8009,60.899],[41.7563,60.8582],[41.7194,60.8402],[41.6681,60.8479],[41.6508,60.8863],[41.6374,60.8911],[41.5185,60.8992],[41.3822,60.8511],[41.4119,60.8072],[41.4121,60.7912],[41.3577,60.7222],[41.3399,60.676],[41.343,60.646],[41.2803,60.664],[41.2295,60.6556],[41.0593,60.6497],[41.0123,60.667],[40.8191,60.711],[40.7626,60.7388],[40.7465,60.7797],[40.7128,60.7585],[40.679,60.7547],[40.6213,60.7282],[40.5551,60.7198],[40.5344,60.7246],[40.5035,60.7557],[40.4655,60.7746],[40.4076,60.784],[40.3754,60.766],[40.3865,60.7319],[40.3515,60.708],[40.2224,60.6951],[40.1564,60.6726],[40.0721,60.6831],[40.0393,60.6809],[40.0049,60.6578],[39.9235,60.6519],[39.764,60.7369],[39.6938,60.7327],[39.6482,60.746],[39.5975,60.7333],[39.4244,60.709],[39.3849,60.6886],[39.3382,60.684],[39.2893,60.7052],[39.1861,60.7148],[39.1706,60.702],[39.1956,60.6732],[39.1906,60.6529],[39.1695,60.6858],[39.0682,60.7141],[39.033,60.7311],[39.0093,60.7621],[38.9829,60.7727],[38.967,60.8002],[38.9477,60.8027],[38.9231,60.7727],[38.8695,60.7738],[38.8303,60.7434],[38.8114,60.7179],[38.7895,60.7128],[38.6613,60.7114],[38.6327,60.7232],[38.5995,60.7835],[38.5742,60.7991],[38.4301,60.8047],[38.4209,60.8112],[38.4185,60.874],[38.3857,60.9382],[38.3617,60.9551],[38.3286,60.9102],[38.2454,60.9132],[38.213,60.924],[38.1705,60.9753],[38.1981,61.026],[38.1449,61.073],[38.1504,61.0985],[38.177,61.1208],[38.1663,61.1331],[38.0891,61.1559],[38.0405,61.1401],[37.9806,61.1407],[37.9645,61.1484],[37.973,61.2047],[37.9425,61.2161],[37.9014,61.2632],[37.9,61.2639],[37.9,60.45],[35.2515,60.45],[35.2517,60.4454],[35.2341,60.3793],[35.2311,60.3412],[35.1827,60.2888],[35.1474,60.2688],[35.1521,60.2083],[35.1466,60.1307],[35.1765,60.1054],[35.1571,60.067],[35.0872,60.0409],[35.0973,60.0161],[35.1622,60.0108],[35.2379,59.9855],[35.2926,59.9846],[35.3229,59.973],[35.4037,59.9743],[35.4742,59.9229],[35.4114,59.9041],[35.3825,59.8754],[35.3854,59.7969],[35.3979,59.7295],[35.4236,59.7011],[35.4649,59.6944],[35.5318,59.6986],[35.6075,59.7124],[35.6387,59.7003],[35.6342,59.6402],[35.5929,59.6228],[35.5046,59.652],[35.4958,59.5535],[35.4832,59.5381],[35.4369,59.5293],[35.5018,59.501],[35.4615,59.4823],[35.3237,59.5067],[35.2889,59.4993],[35.3046,59.4844],[35.3676,59.4718],[35.4028,59.4432],[35.4485,59.4277],[35.4445,59.4082],[35.3937,59.3621],[35.329,59.349],[35.3189,59.328],[35.3755,59.3148],[35.3819,59.3003],[35.3012,59.301],[35.2437,59.2943],[35.193,59.269],[35.1347,59.2544],[35.038,59.2513],[34.9575,59.2267],[34.9327,59.2458],[34.9005,59.2379],[34.8723,59.2099],[34.8572,59.1803],[34.812,59.1463],[34.7981,59.1024],[34.7299,59.1032],[34.7364,59.0668],[34.7959,59.0486],[34.8724,59.0535],[34.8785,59.0434],[34.8315,58.991],[34.8377,58.9851],[34.9485,58.9659],[34.964,58.9443],[35.0255,58.942],[35.0243,58.9241],[35.062,58.9174],[35.1308,58.9373],[35.1716,58.9228],[35.1401,58.8888],[35.1246,58.815],[35.1809,58.8264],[35.2201,58.8248],[35.2125,58.7979],[35.2657,58.7648],[35.288,58.7638],[35.3106,58.803],[35.3985,58.8435],[35.5025,58.841],[35.5386,58.831],[35.6117,58.8298],[35.6166,58.8169],[35.6798,58.8159],[35.7141,58.8324],[35.7512,58.8265],[35.8101,58.7948],[35.8172,58.7804],[35.7653,58.7774],[35.7749,58.7543],[35.8361,58.7447],[35.8863,58.7533],[35.9568,58.7522],[35.979,58.7292],[36.0276,58.7215],[36.0607,58.7069],[36.1263,58.6955],[36.1472,58.6433],[36.1394,58.6168],[36.2196,58.6122],[36.2349,58.5908],[36.1938,58.5712],[36.1733,58.525],[36.23,58.5138],[36.24,58.5338],[36.2749,58.5355],[36.3148,58.5187],[36.3236,58.4998],[36.4465,58.529],[36.4892,58.5309],[36.5206,58.5585],[36.5182,58.5899],[36.5882,58.6038],[36.6453,58.6448],[36.6804,58.6944],[36.7141,58.696],[36.7049,58.734],[36.7724,58.7207],[36.8129,58.7438],[36.8156,58.7582],[36.7838,58.8065],[36.8324,58.8365],[36.8642,58.8428],[36.9434,58.8344],[37.0115,58.839],[37.063,58.8642],[37.1222,58.866],[37.1752,58.8263],[37.1804,58.7786],[37.3696,58.6444],[37.4454,58.5947],[37.4986,58.5798],[37.5398,58.5397],[37.5927,58.5146],[37.6263,58.4902],[37.6543,58.4497],[37.644,58.4294],[37.5881,58.417],[37.5345,58.3968],[37.4962,58.3992],[37.4775,58.4151],[37.4491,58.4075],[37.3698,58.3494],[37.4172,58.3269],[37.42,58.3083],[37.3907,58.2877],[37.3497,58.239],[37.3751,58.2008],[37.4435,58.1828],[37.4968,58.1853],[37.5621,58.1653],[37.5896,58.1351],[37.6344,58.1166],[37.6735,58.083],[37.6617,58.068],[37.6235,58.0697],[37.5487,58.0528],[37.525,58.0296],[37.5425,58.0069],[37.5152,57.9871],[37.4844,57.9808],[37.428,57.9833],[37.3665,57.9771],[37.3709,57.9494],[37.4532,57.9229],[37.4949,57.9174],[37.4955,57.8936],[37.4541,57.8924],[37.3941,57.9036],[37.3509,57.8966],[37.3569,57.8774],[37.4027,57.8735],[37.4167,57.8614],[37.3774,57.8437],[37.3909,57.828],[37.4573,57.828],[37.5234,57.7713],[37.5398,57.7383],[37.6123,57.7227],[37.6507,57.7029],[37.6468,57.686],[37.6682,57.67],[37.7146,57.6587],[37.7641,57.6311],[37.8276,57.6307],[37.81,57.608],[37.8161,57.5506],[37.7984,57.5037],[37.8159,57.55],[35.6,57.55],[35.6,57.7],[35.4,57.5],[34.8,57.35],[34.2,57.25],[33.3,56.95],[32.4,56.95],[32.4,56.15],[33.5,56.15],[33.5,55.7539],[33.5053,55.7552],[33.5694,55.8163],[33.6379,55.8374],[33.67,55.8653],[33.678,55.9081],[33.6504,55.9355],[33.66,55.9462],[33.7362,55.9474],[33.8056,55.9283],[33.8274,55.9298],[33.8381,55.9495],[33.826,55.9756],[33.8452,56.0077],[33.8906,56.0426],[33.8921,56.0657],[33.9166,56.0731],[33.9712,56.0555],[34.0809,56.0553],[34.2007,56.0745],[34.2354,56.0714],[34.2799,56.045],[34.302,56.0054],[34.3232,55.9956],[34.374,56.0145],[34.422,55.9937],[34.5148,55.9632],[34.5513,55.9439],[34.6309,55.9179],[34.6798,55.921],[34.7604,55.9678],[34.8246,55.9521],[35.0315,55.9844],[35.054,55.9831],[35.1015,55.9579],[35.1741,55.9483],[35.207,55.9379],[35.2199,55.9037],[35.249,55.9104],[35.2481,55.876],[35.2786,55.8548],[35.3125,55.8069],[35.3535,55.7794],[35.3338,55.7553],[35.344,55.737],[35.3161,55.7269],[35.3474,55.6653],[35.3971,55.6171],[35.3926,55.5747],[35.3724,55.5622],[35.3031,55.5712],[35.2861,55.5515],[35.3144,55.5311],[35.3165,55.4875],[35.2963,55.4686],[35.3141,55.4318],[35.292,55.3809],[35.3012,55.2991],[35.3697,55.2388],[35.3487,55.2066],[35.3004,55.1859],[35.3096,55.1677],[35.2824,55.1514],[35.2845,55.1121],[35.2257,55.055],[35.144,55.0217],[35.1249,55.0018],[35.1441,54.9844],[35.1313,54.9616],[35.0649,54.9571],[35.0222,54.925],[34.9921,54.882],[34.9435,54.8941],[34.8658,54.8838],[34.8528,54.8144],[34.8719,54.8024],[34.921,54.7716],[34.8444,54.7328],[34.8173,54.7094],[34.7089,54.6861],[34.654,54.6629],[34.5811,54.6766],[34.5159,54.6767],[34.4667,54.6861],[34.4245,54.6854],[34.415,54.6753],[34.4866,54.6558],[34.4996,54.632],[34.4653,54.5854],[34.4357,54.5119],[34.3868,54.499],[34.4158,54.4508],[34.3746,54.4217],[34.3261,54.4296],[34.2125,54.5051],[34.1075,54.5503],[34.0257,54.5521],[33.9268,54.5723],[33.8888,54.5587],[33.8281,54.5642],[33.804,54.5571],[33.7287,54.5617],[33.6756,54.5007],[33.6427,54.4855],[33.6428,54.4689],[33.67,54.4631],[33.6691,54.441],[33.6379,54.4231],[33.6167,54.381],[33.6298,54.3595],[33.6837,54.3213],[33.673,54.2962],[33.6465,54.2838],[33.6273,54.2597],[33.587,54.2483],[33.619,54.2335],[33.6137,54.1791],[33.562,54.1562],[33.5586,54.1292],[33.5265,54.1112],[33.5501,54.101],[33.4646,54.0852],[33.4242,54.0489],[33.4403,54.0374],[33.4874,54.0362],[33.5012,54.0158],[33.445,53.9991],[33.4746,53.9718],[33.3884,53.9538],[33.4091,53.9812],[33.3491,53.9824],[33.3055,53.9583],[33.2457,53.9513],[33.2663,53.9163],[33.2475,53.8897],[33.2824,53.8566],[33.289,53.8217],[33.2531,53.8035],[33.2039,53.7925],[33.2134,53.7685],[33.1985,53.732],[33.1303,53.7185],[33.0568,53.6763],[33.008,53.6317],[32.956,53.6102],[32.899,53.5687],[32.8904,53.5408],[32.9081,53.4935],[32.8471,53.4318],[32.8262,53.4443],[32.7662,53.4144],[32.7365,53.4383],[32.7178,53.4311],[32.7012,53.4621],[32.6582,53.4557],[32.6417,53.469],[32.6503,53.4876],[32.6006,53.4924],[32.5768,53.486],[32.5543,53.5108],[32.4529,53.5464],[32.4115,53.5824],[32.3991,53.6354],[32.4806,53.6624],[32.4878,53.6847],[32.4616,53.7068],[32.4216,53.7158],[32.3718,53.7144],[32.2904,53.7609],[32.1648,53.7817],[32.106,53.8069],[32.0836,53.8096],[31.8732,53.7771],[31.7873,53.7944],[31.7447,53.7949],[31.7538,53.8196],[31.8101,53.8826],[31.8465,53.9923],[31.8139,54.0571],[31.7713,54.0485],[31.7481,54.0863],[31.7258,54.0975],[31.6669,54.1019],[31.5831,54.1295],[31.5064,54.1439],[31.3247,54.2292],[31.2992,54.2726],[31.2848,54.3474],[31.2487,54.3768],[31.209,54.448],[31.179,54.4534],[31.1679,54.4671],[31.0936,54.4794],[31.0646,54.4923],[31.0896,54.5359],[31.1395,54.5829],[31.1679,54.6216],[31.1286,54.6404],[31.1052,54.6683],[30.999,54.6713],[30.9806,54.7057],[30.8273,54.771],[30.7706,54.786],[30.7681,54.8299],[30.8261,54.8775],[30.8148,54.928],[30.8386,54.9392],[30.8995,54.9464],[30.9361,54.9732],[30.9066,55.0126],[30.9132,55.0246],[30.9806,55.0187],[31.0056,55.023],[31.0064,55.0424],[30.9703,55.1014],[30.984,55.1309],[30.9588,55.1444],[30.9598,55.1626],[30.8865,55.2045],[30.8568,55.2535],[30.8041,55.273],[30.7943,55.2855],[30.8112,55.3231],[30.8456,55.3511],[30.9059,55.376],[30.9186,55.4076],[30.8891,55.4334],[30.8872,55.4681],[30.9194,55.4923],[30.8994,55.4991],[30.9197,55.5345],[30.9071,55.5778],[30.9263,55.6025],[30.9529,55.6597],[31.0366,55.7081],[31.0473,55.7685],[31.1869,55.7372],[31.2118,55.7182],[31.2257,55.7275],[31.2924,55.7367],[31.3256,55.7227],[31.3552,55.7319],[31.4,55.733],[31.4,55.9065],[31.3897,55.92],[31.24,55.92],[31.2,56],[30.6,56.1],[29.6,56.4],[29,56.55],[28.4,56.65],[27.9923,56.6245],[27.9974,56.6038],[28.0287,56.5768],[28.1087,56.5552],[28.1322,56.536],[28.0992,56.5134],[28.0933,56.5016],[28.1045,56.4831],[28.1565,56.4462],[28.1679,56.4271],[28.1643,56.3928],[28.1744,56.3496],[28.2148,56.2814],[28.2153,56.256],[28.1931,56.231],[28.1691,56.1617],[28.1489,56.1424],[28.111,56.1568],[28.0682,56.1476],[28.0511,56.1407],[27.981,56.118],[27.9397,56.1131],[27.9115,56.1002],[27.8807,56.0639],[27.7812,56.0164],[27.7601,55.9754],[27.7444,55.9597],[27.645,55.9228],[27.6172,55.8786],[27.6101,55.831],[27.5927,55.7942],[27.5925,55.7942],[27.5646,55.7922],[27.4388,55.7987],[27.3746,55.8148],[27.361,55.8237],[27.3496,55.8312],[27.3444,55.8282],[27.2824,55.7919],[27.263,55.7872],[27.1732,55.8257],[27.1108,55.8363],[26.9794,55.8263],[26.9578,55.8186],[26.9001,55.7787],[26.8428,55.7193],[26.8228,55.7061],[26.743,55.6829],[26.6401,55.6956],[26.5945,55.667],[26.6077,55.6165],[26.5956,55.568],[26.5321,55.5163],[26.5277,55.4922],[26.5433,55.4596],[26.5078,55.4391],[26.486,55.3908],[26.4455,55.3375],[26.4658,55.3209],[26.5423,55.3076],[26.6027,55.3169],[26.7686,55.3002],[26.8007,55.2733],[26.7897,55.2572],[26.7399,55.2428],[26.7011,55.2368],[26.657,55.2153],[26.6339,55.1922],[26.6163,55.1354],[26.5789,55.1185],[26.4734,55.1457],[26.4203,55.1281],[26.3095,55.1446],[26.2644,55.1401],[26.233,55.1116],[26.2246,55.0549],[26.1703,54.9933],[26.1386,54.9689],[26.1026,54.957],[25.9811,54.9427],[25.9079,54.9481],[25.8585,54.933],[25.8467,54.9062],[25.7827,54.8697],[25.7723,54.8509],[25.7785,54.8053],[25.7243,54.7801],[25.7246,54.7157],[25.7095,54.6756],[25.7151,54.6432],[25.7399,54.6077],[25.7404,54.5685],[25.7074,54.5415],[25.6462,54.5204],[25.6199,54.4881],[25.6126,54.4218],[25.5947,54.4001],[25.53,54.3461],[25.5287,54.321],[25.564,54.3031],[25.6074,54.3049],[25.6674,54.3233],[25.696,54.321],[25.7154,54.2852],[25.7578,54.269],[25.7868,54.2318],[25.7719,54.2179],[25.771,54.1721],[25.74,54.1463],[25.6906,54.1482],[25.6535,54.1287],[25.543,54.137],[25.4933,54.1575],[25.4858,54.1754],[25.5217,54.1882],[25.5017,54.2218],[25.554,54.2313],[25.4721,54.2972],[25.4341,54.2918],[25.394,54.2572],[25.3697,54.2479],[25.2876,54.2452],[25.2241,54.2586],[25.1935,54.2437],[25.1565,54.1757],[25.1156,54.1488],[25.072,54.1322],[25.0271,54.1279],[24.9483,54.1459],[24.9023,54.1498],[24.851,54.145],[24.8216,54.1345],[24.8182,54.1101],[24.7825,54.0929],[24.8214,54.0199],[24.8194,53.9926],[24.7887,53.9697],[24.7239,53.9634],[24.6908,53.9728],[24.6779,53.9923],[24.5791,53.9756],[24.5287,53.9584],[24.414,53.8977],[24.3779,53.8868],[24.2571,53.894],[24.2291,53.9324],[24.2011,53.9525],[24.1367,53.9554],[24.0454,53.9309],[23.9813,53.9304],[23.9198,53.9478],[23.8283,53.9201],[23.7872,53.9279],[23.7544,53.9168],[23.6919,53.9115],[23.6426,53.899],[23.61,53.9018],[23.5201,53.934],[23.4856,53.9393],[23.4863,53.9227],[23.4,53.75],[23.1,53.68],[22.74,53.49],[22.42,53.19],[22.5,53.05],[22.4,52.75],[22.3942,52.7413]],[[38.0226,61.0419],[38.0415,61.0497],[38.0875,61.0416],[38.1248,61.0174],[38.0452,61.0184],[38.0226,61.0419]]],[[[30.9932,56.95],[31,56.95],[31,56.965],[30.9932,56.95]]],[[[47.5,63.0242],[47.5158,63.0368],[47.5546,63.1212],[47.5546,63.1485],[47.5,63.1506],[47.5,63.0242]]]]}},
{"type":"Feature","properties":{"entityId":"rus-principalities","from":1189,"to":1199,"certainty":"estimated","source":"유럽 쪽은 Natural Earth 1:10m admin-1(v5.1.2) 현대 행정구역 조각을 그 시기 국경에 맞춰 묶고, 조각이 역사 경계와 다른 곳은 선을 그어 나눈 근사. 유럽 밖(시베리아·중앙아시아·극동)은 대략적인 추정. 운영자 검수 필요"},"geometry":{"type":"MultiPolygon","coordinates":[[[[22.3942,52.7413],[22.3997,52.695],[22.4118,52.6597],[22.4119,52.6006],[22.5176,52.5294],[22.5114,52.4946],[22.5198,52.4733],[22.5448,52.4625],[22.5388,52.4294],[22.5627,52.4041],[22.6119,52.3873],[22.689,52.3854],[22.8446,52.3656],[22.9228,52.3723],[22.9751,52.3528],[22.9845,52.3301],[23.0058,52.337],[23.0521,52.3096],[23.039,52.2892],[23.087,52.2923],[23.1502,52.2816],[23.1761,52.2851],[23.1945,52.2715],[23.1897,52.2405],[23.2123,52.2317],[23.3958,52.1996],[23.3885,52.1842],[23.4367,52.1757],[23.4505,52.1859],[23.4847,52.1586],[23.5125,52.1244],[23.5794,52.1215],[23.6375,52.0845],[23.6764,51.9941],[23.6476,51.9741],[23.6222,51.9279],[23.6214,51.8956],[23.5946,51.8433],[23.6287,51.8098],[23.6175,51.7865],[23.5604,51.7545],[23.5466,51.7136],[23.5604,51.672],[23.5324,51.659],[23.5438,51.6438],[23.5399,51.6071],[23.574,51.5553],[23.5728,51.5397],[23.6062,51.5174],[23.6148,51.4972],[23.6628,51.4802],[23.6487,51.454],[23.6976,51.4044],[23.6789,51.3941],[23.6839,51.3703],[23.634,51.3393],[23.6352,51.3047],[23.6873,51.2924],[23.7427,51.2163],[23.7652,51.199],[23.816,51.1788],[23.8747,51.1361],[23.8545,51.1215],[23.9042,51.0627],[23.9117,51.0068],[23.9551,50.9836],[23.9793,50.9375],[24.0469,50.898],[24.1302,50.8689],[24.1309,50.8391],[24.0469,50.8291],[24.0205,50.8386],[23.9699,50.8252],[23.9576,50.808],[23.9743,50.7762],[24.0259,50.767],[24.0128,50.7433],[24.0269,50.728],[24.081,50.713],[24.0749,50.6902],[24.1082,50.6303],[24.0853,50.6044],[24.0954,50.5569],[24.1077,50.5408],[24.075,50.5143],[24.0107,50.4928],[24.0032,50.4377],[23.9813,50.4048],[23.9287,50.3908],[23.7475,50.3894],[23.6957,50.3768],[23.6587,50.327],[23.5653,50.2578],[23.4364,50.1935],[23.2079,50.034],[23.1778,50.004],[23.1015,49.9571],[22.993,49.8544],[22.9512,49.8266],[22.9244,49.7854],[22.8882,49.7697],[22.8266,49.6974],[22.7773,49.6805],[22.7417,49.6337],[22.6658,49.5674],[22.6409,49.5288],[22.6669,49.4784],[22.6796,49.4189],[22.7142,49.3906],[22.7242,49.3671],[22.7378,49.2754],[22.7029,49.195],[22.6817,49.1612],[22.7057,49.1688],[22.7488,49.1456],[22.7781,49.1203],[22.8534,49.0848],[22.8475,49.0337],[22.865,49.0132],[22.9024,48.9833],[22.892,48.9354],[22.926,48.9041],[22.9612,48.8843],[22.9821,48.859],[23.0117,48.8547],[23.105,48.8713],[23.1376,48.8522],[23.1798,48.7903],[23.2016,48.7771],[23.2576,48.7722],[23.2982,48.7812],[23.3085,48.7502],[23.3505,48.772],[23.378,48.7371],[23.4458,48.7267],[23.4985,48.7312],[23.5329,48.7237],[23.6124,48.7038],[23.6745,48.6545],[23.709,48.643],[23.7715,48.6447],[23.7817,48.6034],[23.8471,48.5628],[23.8949,48.5496],[23.9168,48.5154],[23.9074,48.4887],[23.9427,48.4704],[24.0015,48.5001],[24.0462,48.5051],[24.1138,48.5322],[24.137,48.5275],[24.1407,48.4712],[24.1312,48.4345],[24.1408,48.3799],[24.1777,48.3546],[24.2341,48.3505],[24.2707,48.3572],[24.3054,48.3883],[24.3317,48.3748],[24.3458,48.3402],[24.3916,48.3311],[24.4949,48.2666],[24.5415,48.2128],[24.5216,48.1711],[24.5384,48.1345],[24.6068,48.0886],[24.6393,48.0476],[24.5882,47.9959],[24.5698,47.9373],[24.6085,47.9219],[24.6493,47.8952],[24.6615,47.8539],[24.7128,47.8259],[24.7937,47.8045],[24.8207,47.7841],[24.8778,47.7187],[24.9289,47.7139],[24.9424,47.7156],[25.0174,47.7246],[25.0799,47.7429],[25.1219,47.7703],[25.219,47.8785],[25.2617,47.8986],[25.7525,47.9346],[25.8184,47.9526],[25.9181,47.9682],[25.9657,47.9649],[26.0293,47.9778],[26.1025,47.9783],[26.1731,47.9931],[26.2048,48.0374],[26.2553,48.0723],[26.287,48.1247],[26.3035,48.212],[26.3303,48.2085],[26.3739,48.22],[26.3974,48.2262],[26.4447,48.2277],[26.5874,48.2494],[26.6179,48.259],[26.6361,48.2949],[26.6691,48.3088],[26.6798,48.3302],[26.6994,48.3251],[26.7359,48.2918],[26.7546,48.2861],[26.7857,48.2941],[26.7894,48.3259],[26.7775,48.3662],[26.7881,48.376],[26.8169,48.3717],[26.8428,48.3937],[26.876,48.384],[26.9432,48.3513],[26.9906,48.3624],[27.0331,48.3602],[27.0263,48.3971],[27.1758,48.3618],[27.2086,48.3606],[27.2519,48.3783],[27.306,48.4237],[27.3422,48.4361],[27.3898,48.415],[27.4202,48.4171],[27.4809,48.4514],[27.5038,48.4724],[27.5571,48.4744],[27.583,48.486],[27.6048,48.4841],[27.6069,48.4578],[27.627,48.4513],[27.7518,48.452],[27.7853,48.4416],[27.8499,48.4096],[27.8854,48.3784],[27.9264,48.3394],[28.0032,48.3259],[28.0559,48.3215],[28.0928,48.3021],[28.0983,48.2841],[28.0787,48.2449],[28.1311,48.2396],[28.1785,48.2589],[28.1999,48.2117],[28.2403,48.2116],[28.2945,48.2365],[28.3406,48.2401],[28.3682,48.2306],[28.3634,48.191],[28.3222,48.1632],[28.3174,48.1354],[28.3496,48.1297],[28.3886,48.1686],[28.4116,48.1707],[28.4369,48.1499],[28.419,48.1222],[28.4474,48.0828],[28.49,48.0655],[28.4998,48.1089],[28.5434,48.088],[28.5191,48.0523],[28.4813,48.0332],[28.4666,47.9972],[28.4965,47.9878],[28.5055,47.9587],[28.4962,47.9155],[28.478,47.8886],[28.504,47.8833],[28.5305,47.8929],[28.5692,47.8871],[28.637,47.8421],[28.6692,47.8581],[28.6568,47.8772],[28.6579,47.8987],[28.6832,47.9339],[28.7204,47.9527],[28.7556,47.9572],[28.7848,47.9828],[28.8128,47.9654],[28.8303,47.9411],[28.8289,47.9171],[28.861,47.8997],[28.9421,47.8832],[28.9803,47.8755],[29.0181,47.8535],[29.0175,47.8269],[28.9803,47.7656],[28.9756,47.7434],[28.9803,47.6874],[28.9954,47.6509],[28.9865,47.6223],[29.0157,47.5821],[29.0267,47.5295],[29.0486,47.5062],[29.0928,47.4874],[29.108,47.4694],[29.1268,47.4656],[29.1372,47.484],[29.1174,47.5333],[29.1305,47.5596],[29.1821,47.6132],[29.1924,47.6509],[29.197,47.7175],[29.2386,47.756],[29.222,47.7748],[29.1778,47.7897],[29.1867,47.8182],[29.2328,47.8571],[29.236,47.8707],[29.1866,47.8836],[29.1646,47.9056],[29.148,47.9554],[29.124,47.976],[29.0927,47.9802],[29.061,47.9698],[29.0172,47.9311],[28.9808,47.9264],[28.9361,47.9422],[28.8826,47.9768],[28.8621,48.0005],[28.8798,48.0106],[28.9642,48.0358],[29.0461,48.0831],[29.0412,48.1282],[29.0783,48.1445],[29.104,48.1436],[29.1699,48.1057],[29.2463,48.0845],[29.3384,48.0862],[29.4347,48.1131],[29.4972,48.0928],[29.5855,48.0871],[29.6798,48.0922],[29.6975,48.1364],[29.6659,48.1689],[29.6825,48.1821],[29.7172,48.1817],[29.7748,48.2031],[29.7866,48.25],[29.7382,48.2701],[29.7754,48.3169],[29.7771,48.3476],[29.8586,48.4172],[29.8834,48.4326],[29.9124,48.4319],[29.9401,48.3756],[30.0046,48.4244],[30.0388,48.4277],[30.0761,48.4551],[30.1208,48.4564],[30.1744,48.4892],[30.2135,48.4819],[30.2552,48.4853],[30.3849,48.5305],[30.393,48.5555],[30.4147,48.5719],[30.4565,48.5708],[30.4844,48.5535],[30.5741,48.5652],[30.5775,48.6011],[30.5409,48.6193],[30.6014,48.6639],[30.6154,48.7222],[30.7023,48.7652],[30.7991,48.7604],[30.8122,48.7509],[30.9381,48.7562],[31.0205,48.7435],[31.0548,48.7282],[31.116,48.7283],[31.1799,48.751],[31.2237,48.7539],[31.3091,48.7428],[31.3329,48.7238],[31.4417,48.751],[31.4623,48.7611],[31.4812,48.8035],[31.5273,48.8352],[31.5295,48.904],[31.5441,48.9242],[31.6511,48.9174],[31.6895,48.9445],[31.7323,48.9426],[31.8102,48.9239],[31.8541,48.8983],[31.8748,48.8616],[31.8949,48.8618],[31.9528,48.9021],[32.0316,48.9278],[32.0518,48.9162],[32.1292,48.9125],[32.146,48.948],[32.1343,48.9583],[32.1494,48.9801],[32.1925,48.9998],[32.2414,49.052],[32.2795,49.0471],[32.3013,49.0779],[32.3319,49.0898],[32.3691,49.0458],[32.4208,49.0438],[32.4529,49.0561],[32.463,49.0098],[32.5015,48.9755],[32.5152,48.9313],[32.5513,48.9328],[32.5737,48.9576],[32.6003,48.9456],[32.6343,48.946],[32.683,48.9863],[32.7439,48.9656],[32.7824,48.9637],[32.8449,49.0012],[32.8491,49.023],[32.8247,49.0304],[32.8013,49.074],[32.7895,49.1468],[32.7527,49.1882],[32.7546,49.192],[32.7887,49.2618],[33.0382,49.182],[33.142,49.1302],[33.2041,49.0709],[33.2971,49.0649],[33.346,49.0327],[33.3226,49.0273],[33.2994,48.9955],[33.3757,48.9413],[33.401,48.9535],[33.4564,48.9417],[33.5427,48.903],[33.597,48.9224],[33.6516,48.8993],[33.6735,48.8691],[33.6946,48.9058],[33.7785,48.9225],[33.8074,48.9034],[33.876,48.8974],[33.9195,48.8658],[34.0402,48.8078],[34.0749,48.805],[34.1097,48.7902],[34.162,48.7844],[34.2375,48.7463],[34.2951,48.7844],[34.2782,48.8132],[34.3159,48.8396],[34.3127,48.8613],[34.2766,48.8884],[34.2743,48.9143],[34.3012,48.9639],[34.3252,48.9809],[34.3567,48.9861],[34.3505,49.0144],[34.4028,49.0501],[34.4083,49.0765],[34.4304,49.0746],[34.6098,49.1265],[34.7265,49.146],[34.7841,49.1746],[34.8367,49.1807],[34.8713,49.1687],[34.8573,49.1496],[34.8911,49.1483],[34.9262,49.183],[34.9839,49.1637],[34.9897,49.1775],[34.9746,49.217],[34.9549,49.2396],[34.9729,49.2806],[35.0246,49.3172],[35.053,49.3162],[35.0902,49.2972],[35.1885,49.292],[35.2633,49.3117],[35.309,49.3421],[35.3606,49.392],[35.3514,49.4266],[35.3306,49.4347],[35.3137,49.4678],[35.3267,49.4854],[35.3627,49.4907],[35.4194,49.4809],[35.4693,49.5005],[35.3962,49.5407],[35.3984,49.5548],[35.4751,49.5604],[35.4198,49.6373],[35.4282,49.6639],[35.4197,49.6863],[35.3813,49.6881],[35.3598,49.6684],[35.2913,49.6793],[35.2769,49.6962],[35.239,49.7045],[35.2303,49.7315],[35.206,49.7429],[35.1913,49.7747],[35.1911,49.832],[35.1483,49.8553],[35.103,49.8477],[35.0407,49.868],[35.0086,49.8889],[34.9546,49.8901],[34.8882,49.9177],[34.864,49.9423],[34.8415,50],[34.8621,50.0216],[34.9132,50.0557],[34.9172,50.1324],[34.9082,50.146],[34.9573,50.1669],[34.9794,50.192],[35.0159,50.1721],[35.0339,50.1747],[35.0376,50.1985],[35.0672,50.215],[35.0887,50.2071],[35.1354,50.245],[35.1947,50.2323],[35.2547,50.2442],[35.2526,50.2689],[35.269,50.2783],[35.3089,50.2764],[35.3292,50.3047],[35.3804,50.2922],[35.4029,50.3337],[35.4938,50.3022],[35.4957,50.3189],[35.5618,50.3189],[35.5955,50.3259],[35.671,50.3199],[35.6922,50.3442],[35.6316,50.345],[35.5702,50.3765],[35.5547,50.4333],[35.5227,50.4595],[35.4464,50.476],[35.4253,50.5005],[35.3777,50.6218],[35.3916,50.6464],[35.4689,50.6685],[35.4454,50.6875],[35.4471,50.7343],[35.4385,50.7624],[35.3791,50.7972],[35.3777,50.8337],[35.3414,50.8765],[35.3417,50.9159],[35.2936,50.9376],[35.2822,50.9611],[35.401,50.9533],[35.4494,50.963],[35.5124,50.9471],[35.5042,50.9182],[35.5464,50.9057],[35.5923,50.9211],[35.6129,50.9393],[35.6331,50.924],[35.6772,50.9193],[35.7176,50.9376],[35.7212,50.9672],[35.7457,50.9671],[35.7668,50.9482],[35.8042,50.9382],[35.8556,50.9794],[35.8769,51.0124],[35.9149,51.011],[35.9542,51.0455],[35.9996,51.0577],[35.9525,51.0922],[35.9397,51.1161],[35.9763,51.1575],[36.0406,51.1603],[36.0986,51.1296],[36.2075,51.1251],[36.2443,51.1063],[36.3136,51.1033],[36.3591,51.1258],[36.4037,51.1179],[36.4762,51.0863],[36.4999,51.122],[36.5996,51.0795],[36.6175,51.0798],[36.6526,51.1089],[36.6887,51.1274],[36.8558,51.1858],[36.9302,51.181],[36.9896,51.2004],[37.054,51.2469],[37.0849,51.2504],[37.0984,51.2299],[37.1304,51.2428],[37.1187,51.3015],[37.1442,51.3429],[37.1894,51.3288],[37.2491,51.331],[37.3417,51.3644],[37.3616,51.3844],[37.447,51.3723],[37.4628,51.381],[37.5386,51.3943],[37.581,51.3708],[37.6667,51.3657],[37.7593,51.3885],[37.8286,51.4205],[37.8777,51.4009],[37.9,51.4007],[37.9319,51.4197],[38.0465,51.4197],[38.0518,51.3909],[38.0273,51.3662],[38.1551,51.3293],[38.2011,51.3067],[38.2915,51.2925],[38.3122,51.3094],[38.3234,51.3408],[38.3511,51.3629],[38.3448,51.3731],[38.3012,51.3626],[38.2729,51.4529],[38.2848,51.4739],[38.2693,51.4988],[38.2764,51.5264],[38.221,51.5543],[38.1888,51.587],[38.1402,51.6207],[38.1492,51.6444],[38.2189,51.6318],[38.2015,51.685],[38.2195,51.7078],[38.3396,51.6889],[38.4098,51.6878],[38.5051,51.7319],[38.4751,51.7448],[38.4141,51.7545],[38.3875,51.7851],[38.4264,51.8146],[38.4135,51.854],[38.4098,51.9202],[38.362,51.9301],[38.3039,51.9151],[38.2988,51.961],[38.2322,51.9453],[38.1921,51.9122],[38.1454,51.9278],[38.1015,51.927],[38.0321,51.9011],[37.997,51.879],[37.8911,51.8842],[37.8662,51.9239],[37.8208,51.9122],[37.779,51.952],[37.7778,51.9875],[37.7471,52.0169],[37.7776,52.1615],[37.8322,52.2024],[37.948,52.2456],[38.017,52.2517],[37.9948,52.271],[37.9998,52.2954],[38.0384,52.3445],[37.9907,52.3801],[37.9614,52.4144],[37.909,52.4148],[37.8769,52.4345],[37.88,52.4512],[37.9108,52.4729],[37.8375,52.501],[37.7828,52.5084],[37.7886,52.5417],[37.8122,52.5477],[37.7866,52.5803],[37.7641,52.5746],[37.7118,52.613],[37.7295,52.6136],[37.7509,52.6381],[37.7884,52.6363],[37.8127,52.6484],[37.7766,52.7185],[37.7937,52.7359],[37.8348,52.7462],[37.8707,52.7718],[37.8737,52.7953],[37.8112,52.829],[37.7927,52.8539],[37.8388,52.8905],[37.7949,52.9121],[37.8165,52.9349],[37.8217,52.9678],[37.841,53.0085],[37.8038,53.0739],[37.7874,53.0889],[37.696,53.1364],[37.6631,53.1183],[37.6113,53.1127],[37.5613,53.1688],[37.5543,53.1977],[37.5683,53.289],[37.5557,53.2957],[37.4924,53.2765],[37.4736,53.2776],[37.4271,53.3031],[37.382,53.3089],[37.3272,53.3032],[37.2761,53.2723],[37.1969,53.2507],[37.0882,53.28],[37.0095,53.2835],[36.9908,53.307],[36.9592,53.2921],[36.9171,53.2861],[36.8073,53.2966],[36.7742,53.3072],[36.7151,53.3447],[36.6772,53.3896],[36.6668,53.4159],[36.6142,53.4233],[36.5716,53.3965],[36.5128,53.3951],[36.4445,53.4215],[36.398,53.4285],[36.3716,53.4524],[36.3082,53.4847],[36.3124,53.5088],[36.2316,53.5741],[36.1409,53.5563],[36.0983,53.5559],[36.0556,53.5787],[36.0146,53.5863],[36.0096,53.6183],[35.9902,53.6537],[36.04,53.6839],[36.0564,53.7079],[36.0169,53.7237],[35.9654,53.7221],[35.9315,53.7861],[35.9661,53.8049],[35.9549,53.8311],[35.9138,53.8523],[35.9769,53.8655],[35.9887,53.9163],[36.0271,53.9401],[36.1113,53.961],[36.107,54.0095],[36.1459,54.0463],[36.1908,54.0547],[36.2164,54.0699],[36.2007,54.0982],[36.1545,54.1086],[36.1013,54.0976],[36.0784,54.1222],[36.111,54.1239],[36.113,54.1364],[36.0224,54.1768],[36.031,54.1908],[36.0669,54.2005],[36.1084,54.1955],[36.1481,54.1681],[36.1969,54.1585],[36.2366,54.1948],[36.2372,54.2291],[36.2517,54.2362],[36.2836,54.2207],[36.3538,54.2233],[36.4,54.2095],[36.4158,54.2371],[36.4588,54.2556],[36.4615,54.2882],[36.5548,54.2924],[36.7145,54.3172],[36.741,54.3075],[36.7249,54.2818],[36.7766,54.2805],[36.8342,54.2935],[36.8914,54.2832],[36.926,54.2936],[36.9463,54.3197],[36.9314,54.3605],[36.9654,54.3958],[36.9258,54.4482],[36.9029,54.4616],[36.8635,54.4578],[36.8484,54.4722],[36.8479,54.4753],[36.8405,54.5222],[36.8048,54.553],[36.805,54.6099],[36.8302,54.6167],[36.8855,54.6063],[36.919,54.5863],[36.9951,54.5854],[37.0421,54.5667],[37.0721,54.5361],[37.0886,54.5488],[37.2076,54.6877],[37.2118,54.7109],[37.1833,54.7184],[37.2164,54.7641],[37.2284,54.8081],[37.259,54.8358],[37.3841,54.8224],[37.4325,54.8312],[37.4608,54.8223],[37.4848,54.7892],[37.5485,54.7584],[37.5643,54.7365],[37.6713,54.7135],[37.7583,54.7362],[37.7697,54.7774],[37.7499,54.8203],[37.7956,54.8247],[37.8437,54.8383],[37.9386,54.8323],[37.9574,54.8035],[37.9583,54.7767],[37.9966,54.77],[38.0355,54.7497],[38.0393,54.7137],[38.1049,54.7036],[38.1368,54.6825],[38.1786,54.6899],[38.2188,54.6596],[38.3404,54.6495],[38.3639,54.6567],[38.3935,54.6443],[38.4716,54.6384],[38.4942,54.6226],[38.5166,54.5859],[38.49,54.5797],[38.441,54.5293],[38.3772,54.5148],[38.3904,54.4686],[38.4597,54.4062],[38.4993,54.3931],[38.5138,54.364],[38.5212,54.2888],[38.5951,54.2716],[38.6751,54.2447],[38.7121,54.2717],[38.7245,54.33],[38.7369,54.3451],[38.8257,54.3805],[38.8555,54.3733],[38.9088,54.3977],[38.919,54.4121],[38.8874,54.4266],[38.7977,54.4512],[38.7876,54.4777],[38.7943,54.5001],[38.7814,54.5538],[38.8204,54.6019],[38.9091,54.618],[38.9325,54.616],[38.9567,54.5934],[39.0401,54.6246],[39.14,54.6281],[39.1765,54.6355],[39.2321,54.6353],[39.2445,54.6564],[39.2379,54.711],[39.2649,54.7197],[39.3287,54.7175],[39.3559,54.7396],[39.3284,54.7484],[39.3714,54.8028],[39.3742,54.8406],[39.3977,54.8761],[39.449,54.8978],[39.4884,54.9408],[39.5444,54.9695],[39.5914,54.9822],[39.6026,55.0059],[39.6845,55.0207],[39.7558,55.0165],[39.8128,54.9975],[39.8882,55.0813],[39.8858,55.1015],[39.8446,55.1219],[39.8097,55.1183],[39.7749,55.1012],[39.7419,55.1078],[39.7202,55.126],[39.7565,55.1394],[39.827,55.1826],[39.9198,55.1868],[40.0014,55.2004],[40.1311,55.2544],[40.2065,55.3093],[40.2439,55.3365],[40.2946,55.3324],[40.3454,55.34],[40.358,55.3238],[40.3277,55.315],[40.3227,55.2938],[40.4001,55.2873],[40.5168,55.3277],[40.5454,55.3093],[40.5322,55.2926],[40.5645,55.269],[40.5539,55.2546],[40.6211,55.2052],[40.6774,55.2134],[40.7294,55.2039],[40.786,55.2222],[40.8435,55.2263],[40.8789,55.2409],[40.891,55.2606],[40.9646,55.2604],[41.0042,55.2335],[41.0365,55.2219],[41.0466,55.1832],[41.0809,55.1474],[41.0955,55.1481],[41.0874,55.1915],[41.11,55.2044],[41.1871,55.221],[41.2634,55.213],[41.2989,55.2032],[41.3652,55.1731],[41.4116,55.131],[41.4413,55.1312],[41.4966,55.157],[41.5823,55.1414],[41.6583,55.1089],[41.7185,55.1249],[41.7832,55.1191],[41.8702,55.1576],[41.9007,55.2045],[41.8587,55.2409],[41.9541,55.2777],[41.9564,55.2964],[41.933,55.3299],[41.9527,55.3386],[42.0006,55.3373],[42.0134,55.3731],[42.0756,55.3932],[42.117,55.4217],[42.1336,55.4587],[42.0684,55.4813],[42.0688,55.55],[46.1083,55.55],[46.1038,55.5727],[46.0485,55.6167],[46.0126,55.6266],[45.9753,55.6191],[45.9572,55.6326],[45.9201,55.688],[45.9679,55.7427],[46.0013,55.7348],[46.0077,55.7495],[45.9883,55.7768],[46.0167,55.7785],[46.0938,55.808],[46.1004,55.8327],[46.088,55.8597],[46.1341,55.8939],[46.0988,55.9408],[46.1502,55.9735],[46.2008,56.0246],[46.214,56.0498],[46.1564,56.0412],[46.1299,56.0598],[46.0922,56.0564],[46.0953,56.0934],[46.0674,56.1092],[46.0795,56.136],[46.0677,56.1819],[46.0264,56.1798],[45.91,56.2338],[45.8738,56.2588],[45.88,56.3077],[45.9354,56.316],[45.9461,56.325],[45.9224,56.3803],[45.9486,56.4082],[45.949,56.4332],[45.876,56.4402],[45.7887,56.4248],[45.7609,56.4606],[45.6627,56.4609],[45.6299,56.5148],[45.6498,56.5455],[45.6385,56.5711],[45.651,56.5908],[45.6951,56.6016],[45.7392,56.6256],[45.8589,56.6291],[45.9218,56.6523],[45.9276,56.6629],[45.896,56.6897],[45.9127,56.7363],[45.9145,56.792],[45.9381,56.8227],[45.9586,56.8721],[46.0382,56.8696],[46.095,56.8812],[46.2199,56.8932],[46.268,56.9047],[46.3127,56.907],[46.3188,56.9436],[46.336,56.9521],[46.5129,56.9401],[46.5342,56.9198],[46.5585,56.9286],[46.601,56.92],[46.6627,56.9391],[46.6682,56.965],[46.7149,56.9663],[46.7514,56.9783],[46.7131,57.0124],[46.7626,57.0302],[46.7561,57.0742],[46.7605,57.1293],[46.7312,57.1907],[46.7422,57.2046],[46.8344,57.1997],[46.8448,57.2291],[46.8083,57.2424],[46.7898,57.2813],[46.6952,57.3205],[46.6867,57.3631],[46.748,57.3807],[46.7292,57.3974],[46.6952,57.4001],[46.7072,57.4237],[46.7382,57.4276],[46.7904,57.4512],[46.7501,57.5173],[46.7876,57.5273],[46.8224,57.512],[46.9123,57.5149],[47.0007,57.4935],[47.0542,57.4983],[47.1368,57.5304],[47.2153,57.5508],[47.2487,57.5673],[47.3584,57.5543],[47.386,57.5351],[47.471,57.5285],[47.4865,57.5758],[47.5212,57.5861],[47.5449,57.6567],[47.5302,57.6999],[47.5727,57.7441],[47.5589,57.7707],[47.5721,57.8104],[47.6121,57.8385],[47.6647,57.8512],[47.7149,57.8715],[47.7623,57.876],[47.7638,57.9121],[47.7031,57.9584],[47.6425,57.9562],[47.4515,57.9874],[47.3884,58.0195],[47.3542,58.0255],[46.9916,58.0244],[46.5964,58.0264],[46.5067,58.035],[46.4784,58.0235],[46.4299,58.0205],[46.3814,58.0558],[46.3413,58.0746],[46.3425,58.0989],[46.313,58.1112],[46.3627,58.1884],[46.4069,58.2087],[46.4157,58.2289],[46.4088,58.2762],[46.4219,58.3146],[46.4773,58.3339],[46.4739,58.3487],[46.4113,58.3536],[46.4583,58.381],[46.541,58.3973],[46.5841,58.4304],[46.5933,58.4514],[46.5565,58.4732],[46.5541,58.4877],[46.5869,58.5177],[46.5931,58.5606],[46.6325,58.5807],[46.6873,58.5669],[46.8142,58.5846],[46.8854,58.6051],[46.9857,58.6138],[47.0102,58.629],[47.0039,58.6845],[47.02,58.7038],[47.0816,58.7386],[47.1199,58.775],[47.1624,58.7696],[47.1955,58.753],[47.2596,58.7563],[47.3165,58.7978],[47.2866,58.8166],[47.2995,58.8594],[47.2819,58.893],[47.3193,58.9156],[47.3843,58.907],[47.4524,58.9211],[47.4772,58.8862],[47.6022,58.9067],[47.6016,58.9217],[47.5704,58.9565],[47.5499,58.998],[47.5709,59.0599],[47.5288,59.078],[47.4512,59.1317],[47.442,59.1642],[47.4016,59.1507],[47.3787,59.1531],[47.2392,59.2202],[47.2315,59.247],[47.2524,59.3555],[47.0563,59.3785],[47.1135,59.6113],[47.1367,59.6979],[47.1339,59.725],[47.1126,59.7527],[47.0572,59.7687],[46.9573,59.7818],[46.9349,59.7891],[46.9226,59.8439],[47.0364,60.0995],[47.0213,60.1219],[46.909,60.1253],[46.8465,60.079],[46.809,60.0708],[46.7458,60.0783],[46.7344,60.0649],[46.6833,60.0625],[46.6627,60.0774],[46.6085,60.0673],[46.5059,60.1053],[46.4661,60.1131],[46.4041,60.1068],[46.3656,60.1252],[46.3755,60.1389],[46.3491,60.2144],[46.3017,60.2419],[46.3126,60.2547],[46.3546,60.2508],[46.4408,60.2714],[46.4915,60.2626],[46.5555,60.2622],[46.6367,60.2736],[46.7281,60.2557],[46.7495,60.2611],[46.8071,60.3183],[46.8093,60.3485],[46.8258,60.369],[46.821,60.3925],[46.8526,60.4275],[46.8768,60.4874],[46.8625,60.5073],[46.9403,60.5382],[46.9665,60.5593],[47.0488,60.5752],[47.0244,60.6012],[47.0209,60.6393],[46.9635,60.6539],[47.0423,60.7479],[47.0838,60.8186],[47.0429,60.8538],[47.0832,60.8751],[47.0965,60.9378],[47.1176,60.967],[47.1841,60.9924],[47.2018,61.0198],[47.1961,61.0483],[47.2448,61.0562],[47.4896,61.047],[47.5685,61.0591],[47.6187,61.0536],[47.6642,61.0347],[47.766,61.0287],[47.8733,61.0018],[47.942,61.0081],[47.9655,60.9994],[47.9698,60.9343],[47.9842,60.8965],[48.06,60.8828],[48.419,60.8538],[48.4465,60.9841],[48.4843,61.0338],[48.5093,61.0477],[48.8887,61.1412],[48.9098,61.1408],[48.9494,61.1199],[49.0979,61.175],[49.1815,61.1813],[49.2805,61.1737],[49.3022,61.1762],[49.322,61.2029],[49.4223,61.455],[49.4614,61.5861],[49.4173,61.6183],[49.3628,61.6238],[49.0968,61.6581],[49.0516,61.691],[49.2127,62.0911],[49.2209,62.1012],[49.2734,62.1095],[49.2595,62.1371],[49.2744,62.1421],[49.3616,62.1396],[49.3694,62.1494],[49.609,62.7702],[48.8751,62.8291],[48.7145,62.8155],[48.6808,62.7318],[48.657,62.7071],[48.6286,62.7058],[48.3661,62.7293],[48.3339,62.7044],[48.2368,62.473],[48.2364,62.4519],[48.2574,62.429],[48.3045,62.3968],[48.3042,62.3506],[48.2908,62.3216],[48.2247,62.317],[47.7511,62.3218],[47.6498,62.2967],[47.6377,62.2116],[47.621,62.1855],[47.5938,62.1823],[47.4781,62.1847],[47.4134,62.1928],[47.3985,62.2213],[47.405,62.2896],[47.3863,62.3204],[47.2349,62.3515],[47.2271,62.3796],[47.2314,62.4389],[46.5,62],[44.5,61.7],[44.5,60.9445],[44.4553,60.947],[44.2058,60.9718],[44.1575,60.9948],[44.1687,61.0657],[44.1585,61.0824],[44.053,61.0792],[44.0177,61.0528],[43.9584,61.0487],[43.8753,61.0229],[43.8351,61.0319],[43.776,61.0208],[43.7541,60.946],[43.7289,60.911],[43.746,60.9],[43.7154,60.8845],[43.6488,60.878],[43.5361,60.8531],[43.5204,60.8293],[43.5223,60.7791],[43.5109,60.7675],[43.2266,60.7848],[43.1499,60.806],[43.1353,60.8006],[43.0488,60.7402],[42.9799,60.7369],[42.9765,60.7561],[42.9439,60.7897],[42.9137,60.7789],[42.907,60.8137],[42.8231,60.8553],[42.6505,60.8631],[42.6149,60.8576],[42.5642,60.8357],[42.5616,60.7973],[42.5287,60.7793],[42.4672,60.7912],[42.4239,60.7721],[42.3948,60.7694],[42.0239,60.8358],[41.9668,60.8311],[41.9265,60.8455],[41.9154,60.8594],[41.9606,60.886],[41.9424,60.9121],[41.9165,60.9149],[41.9014,60.897],[41.868,60.9112],[41.8009,60.899],[41.7563,60.8582],[41.7194,60.8402],[41.6681,60.8479],[41.6508,60.8863],[41.6374,60.8911],[41.5185,60.8992],[41.3822,60.8511],[41.4119,60.8072],[41.4121,60.7912],[41.3577,60.7222],[41.3399,60.676],[41.343,60.646],[41.2803,60.664],[41.2295,60.6556],[41.0593,60.6497],[41.0123,60.667],[40.8191,60.711],[40.7626,60.7388],[40.7465,60.7797],[40.7128,60.7585],[40.679,60.7547],[40.6213,60.7282],[40.5551,60.7198],[40.5344,60.7246],[40.5035,60.7557],[40.4655,60.7746],[40.4076,60.784],[40.3754,60.766],[40.3865,60.7319],[40.3515,60.708],[40.2224,60.6951],[40.1564,60.6726],[40.0721,60.6831],[40.0393,60.6809],[40.0049,60.6578],[39.9235,60.6519],[39.764,60.7369],[39.6938,60.7327],[39.6482,60.746],[39.5975,60.7333],[39.4244,60.709],[39.3849,60.6886],[39.3382,60.684],[39.2893,60.7052],[39.1861,60.7148],[39.1706,60.702],[39.1956,60.6732],[39.1906,60.6529],[39.1695,60.6858],[39.0682,60.7141],[39.033,60.7311],[39.0093,60.7621],[38.9829,60.7727],[38.967,60.8002],[38.9477,60.8027],[38.9231,60.7727],[38.8695,60.7738],[38.8303,60.7434],[38.8114,60.7179],[38.7895,60.7128],[38.6613,60.7114],[38.6327,60.7232],[38.5995,60.7835],[38.5742,60.7991],[38.4301,60.8047],[38.4209,60.8112],[38.4185,60.874],[38.3857,60.9382],[38.3617,60.9551],[38.3286,60.9102],[38.2454,60.9132],[38.213,60.924],[38.1705,60.9753],[38.1981,61.026],[38.1449,61.073],[38.1504,61.0985],[38.177,61.1208],[38.1663,61.1331],[38.0891,61.1559],[38.0405,61.1401],[37.9806,61.1407],[37.9645,61.1484],[37.973,61.2047],[37.9425,61.2161],[37.9014,61.2632],[37.9,61.2639],[37.9,60.45],[35.2515,60.45],[35.2517,60.4454],[35.2341,60.3793],[35.2311,60.3412],[35.1827,60.2888],[35.1474,60.2688],[35.1521,60.2083],[35.1466,60.1307],[35.1765,60.1054],[35.1571,60.067],[35.0872,60.0409],[35.0973,60.0161],[35.1622,60.0108],[35.2379,59.9855],[35.2926,59.9846],[35.3229,59.973],[35.4037,59.9743],[35.4742,59.9229],[35.4114,59.9041],[35.3825,59.8754],[35.3854,59.7969],[35.3979,59.7295],[35.4236,59.7011],[35.4649,59.6944],[35.5318,59.6986],[35.6075,59.7124],[35.6387,59.7003],[35.6342,59.6402],[35.5929,59.6228],[35.5046,59.652],[35.4958,59.5535],[35.4832,59.5381],[35.4369,59.5293],[35.5018,59.501],[35.4615,59.4823],[35.3237,59.5067],[35.2889,59.4993],[35.3046,59.4844],[35.3676,59.4718],[35.4028,59.4432],[35.4485,59.4277],[35.4445,59.4082],[35.3937,59.3621],[35.329,59.349],[35.3189,59.328],[35.3755,59.3148],[35.3819,59.3003],[35.3012,59.301],[35.2437,59.2943],[35.193,59.269],[35.1347,59.2544],[35.038,59.2513],[34.9575,59.2267],[34.9327,59.2458],[34.9005,59.2379],[34.8723,59.2099],[34.8572,59.1803],[34.812,59.1463],[34.7981,59.1024],[34.7299,59.1032],[34.7364,59.0668],[34.7959,59.0486],[34.8724,59.0535],[34.8785,59.0434],[34.8315,58.991],[34.8377,58.9851],[34.9485,58.9659],[34.964,58.9443],[35.0255,58.942],[35.0243,58.9241],[35.062,58.9174],[35.1308,58.9373],[35.1716,58.9228],[35.1401,58.8888],[35.1246,58.815],[35.1809,58.8264],[35.2201,58.8248],[35.2125,58.7979],[35.2657,58.7648],[35.288,58.7638],[35.3106,58.803],[35.3985,58.8435],[35.5025,58.841],[35.5386,58.831],[35.6117,58.8298],[35.6166,58.8169],[35.6798,58.8159],[35.7141,58.8324],[35.7512,58.8265],[35.8101,58.7948],[35.8172,58.7804],[35.7653,58.7774],[35.7749,58.7543],[35.8361,58.7447],[35.8863,58.7533],[35.9568,58.7522],[35.979,58.7292],[36.0276,58.7215],[36.0607,58.7069],[36.1263,58.6955],[36.1472,58.6433],[36.1394,58.6168],[36.2196,58.6122],[36.2349,58.5908],[36.1938,58.5712],[36.1733,58.525],[36.23,58.5138],[36.24,58.5338],[36.2749,58.5355],[36.3148,58.5187],[36.3236,58.4998],[36.4465,58.529],[36.4892,58.5309],[36.5206,58.5585],[36.5182,58.5899],[36.5882,58.6038],[36.6453,58.6448],[36.6804,58.6944],[36.7141,58.696],[36.7049,58.734],[36.7724,58.7207],[36.8129,58.7438],[36.8156,58.7582],[36.7838,58.8065],[36.8324,58.8365],[36.8642,58.8428],[36.9434,58.8344],[37.0115,58.839],[37.063,58.8642],[37.1222,58.866],[37.1752,58.8263],[37.1804,58.7786],[37.3696,58.6444],[37.4454,58.5947],[37.4986,58.5798],[37.5398,58.5397],[37.5927,58.5146],[37.6263,58.4902],[37.6543,58.4497],[37.644,58.4294],[37.5881,58.417],[37.5345,58.3968],[37.4962,58.3992],[37.4775,58.4151],[37.4491,58.4075],[37.3698,58.3494],[37.4172,58.3269],[37.42,58.3083],[37.3907,58.2877],[37.3497,58.239],[37.3751,58.2008],[37.4435,58.1828],[37.4968,58.1853],[37.5621,58.1653],[37.5896,58.1351],[37.6344,58.1166],[37.6735,58.083],[37.6617,58.068],[37.6235,58.0697],[37.5487,58.0528],[37.525,58.0296],[37.5425,58.0069],[37.5152,57.9871],[37.4844,57.9808],[37.428,57.9833],[37.3665,57.9771],[37.3709,57.9494],[37.4532,57.9229],[37.4949,57.9174],[37.4955,57.8936],[37.4541,57.8924],[37.3941,57.9036],[37.3509,57.8966],[37.3569,57.8774],[37.4027,57.8735],[37.4167,57.8614],[37.3774,57.8437],[37.3909,57.828],[37.4573,57.828],[37.5234,57.7713],[37.5398,57.7383],[37.6123,57.7227],[37.6507,57.7029],[37.6468,57.686],[37.6682,57.67],[37.7146,57.6587],[37.7641,57.6311],[37.8276,57.6307],[37.81,57.608],[37.8161,57.5506],[37.7984,57.5037],[37.8159,57.55],[35.6,57.55],[35.6,57.7],[35.4,57.5],[34.8,57.35],[34.2,57.25],[33.3,56.95],[32.4,56.95],[32.4,56.15],[33.5,56.15],[33.5,55.7539],[33.5053,55.7552],[33.5694,55.8163],[33.6379,55.8374],[33.67,55.8653],[33.678,55.9081],[33.6504,55.9355],[33.66,55.9462],[33.7362,55.9474],[33.8056,55.9283],[33.8274,55.9298],[33.8381,55.9495],[33.826,55.9756],[33.8452,56.0077],[33.8906,56.0426],[33.8921,56.0657],[33.9166,56.0731],[33.9712,56.0555],[34.0809,56.0553],[34.2007,56.0745],[34.2354,56.0714],[34.2799,56.045],[34.302,56.0054],[34.3232,55.9956],[34.374,56.0145],[34.422,55.9937],[34.5148,55.9632],[34.5513,55.9439],[34.6309,55.9179],[34.6798,55.921],[34.7604,55.9678],[34.8246,55.9521],[35.0315,55.9844],[35.054,55.9831],[35.1015,55.9579],[35.1741,55.9483],[35.207,55.9379],[35.2199,55.9037],[35.249,55.9104],[35.2481,55.876],[35.2786,55.8548],[35.3125,55.8069],[35.3535,55.7794],[35.3338,55.7553],[35.344,55.737],[35.3161,55.7269],[35.3474,55.6653],[35.3971,55.6171],[35.3926,55.5747],[35.3724,55.5622],[35.3031,55.5712],[35.2861,55.5515],[35.3144,55.5311],[35.3165,55.4875],[35.2963,55.4686],[35.3141,55.4318],[35.292,55.3809],[35.3012,55.2991],[35.3697,55.2388],[35.3487,55.2066],[35.3004,55.1859],[35.3096,55.1677],[35.2824,55.1514],[35.2845,55.1121],[35.2257,55.055],[35.144,55.0217],[35.1249,55.0018],[35.1441,54.9844],[35.1313,54.9616],[35.0649,54.9571],[35.0222,54.925],[34.9921,54.882],[34.9435,54.8941],[34.8658,54.8838],[34.8528,54.8144],[34.8719,54.8024],[34.921,54.7716],[34.8444,54.7328],[34.8173,54.7094],[34.7089,54.6861],[34.654,54.6629],[34.5811,54.6766],[34.5159,54.6767],[34.4667,54.6861],[34.4245,54.6854],[34.415,54.6753],[34.4866,54.6558],[34.4996,54.632],[34.4653,54.5854],[34.4357,54.5119],[34.3868,54.499],[34.4158,54.4508],[34.3746,54.4217],[34.3261,54.4296],[34.2125,54.5051],[34.1075,54.5503],[34.0257,54.5521],[33.9268,54.5723],[33.8888,54.5587],[33.8281,54.5642],[33.804,54.5571],[33.7287,54.5617],[33.6756,54.5007],[33.6427,54.4855],[33.6428,54.4689],[33.67,54.4631],[33.6691,54.441],[33.6379,54.4231],[33.6167,54.381],[33.6298,54.3595],[33.6837,54.3213],[33.673,54.2962],[33.6465,54.2838],[33.6273,54.2597],[33.587,54.2483],[33.619,54.2335],[33.6137,54.1791],[33.562,54.1562],[33.5586,54.1292],[33.5265,54.1112],[33.5501,54.101],[33.4646,54.0852],[33.4242,54.0489],[33.4403,54.0374],[33.4874,54.0362],[33.5012,54.0158],[33.445,53.9991],[33.4746,53.9718],[33.3884,53.9538],[33.4091,53.9812],[33.3491,53.9824],[33.3055,53.9583],[33.2457,53.9513],[33.2663,53.9163],[33.2475,53.8897],[33.2824,53.8566],[33.289,53.8217],[33.2531,53.8035],[33.2039,53.7925],[33.2134,53.7685],[33.1985,53.732],[33.1303,53.7185],[33.0568,53.6763],[33.008,53.6317],[32.956,53.6102],[32.899,53.5687],[32.8904,53.5408],[32.9081,53.4935],[32.8471,53.4318],[32.8262,53.4443],[32.7662,53.4144],[32.7365,53.4383],[32.7178,53.4311],[32.7012,53.4621],[32.6582,53.4557],[32.6417,53.469],[32.6503,53.4876],[32.6006,53.4924],[32.5768,53.486],[32.5543,53.5108],[32.4529,53.5464],[32.4115,53.5824],[32.3991,53.6354],[32.4806,53.6624],[32.4878,53.6847],[32.4616,53.7068],[32.4216,53.7158],[32.3718,53.7144],[32.2904,53.7609],[32.1648,53.7817],[32.106,53.8069],[32.0836,53.8096],[31.8732,53.7771],[31.7873,53.7944],[31.7447,53.7949],[31.7538,53.8196],[31.8101,53.8826],[31.8465,53.9923],[31.8139,54.0571],[31.7713,54.0485],[31.7481,54.0863],[31.7258,54.0975],[31.6669,54.1019],[31.5831,54.1295],[31.5064,54.1439],[31.3247,54.2292],[31.2992,54.2726],[31.2848,54.3474],[31.2487,54.3768],[31.209,54.448],[31.179,54.4534],[31.1679,54.4671],[31.0936,54.4794],[31.0646,54.4923],[31.0896,54.5359],[31.1395,54.5829],[31.1679,54.6216],[31.1286,54.6404],[31.1052,54.6683],[30.999,54.6713],[30.9806,54.7057],[30.8273,54.771],[30.7706,54.786],[30.7681,54.8299],[30.8261,54.8775],[30.8148,54.928],[30.8386,54.9392],[30.8995,54.9464],[30.9361,54.9732],[30.9066,55.0126],[30.9132,55.0246],[30.9806,55.0187],[31.0056,55.023],[31.0064,55.0424],[30.9703,55.1014],[30.984,55.1309],[30.9588,55.1444],[30.9598,55.1626],[30.8865,55.2045],[30.8568,55.2535],[30.8041,55.273],[30.7943,55.2855],[30.8112,55.3231],[30.8456,55.3511],[30.9059,55.376],[30.9186,55.4076],[30.8891,55.4334],[30.8872,55.4681],[30.9194,55.4923],[30.8994,55.4991],[30.9197,55.5345],[30.9071,55.5778],[30.9263,55.6025],[30.9529,55.6597],[31.0366,55.7081],[31.0473,55.7685],[31.1869,55.7372],[31.2118,55.7182],[31.2257,55.7275],[31.2924,55.7367],[31.3256,55.7227],[31.3552,55.7319],[31.4,55.733],[31.4,55.9065],[31.3897,55.92],[31.24,55.92],[31.2,56],[30.6,56.1],[29.6,56.4],[29,56.55],[28.4,56.65],[27.9923,56.6245],[27.9974,56.6038],[28.0287,56.5768],[28.1087,56.5552],[28.1322,56.536],[28.0992,56.5134],[28.0933,56.5016],[28.1045,56.4831],[28.1565,56.4462],[28.1679,56.4271],[28.1643,56.3928],[28.1744,56.3496],[28.2148,56.2814],[28.2153,56.256],[28.1931,56.231],[28.1691,56.1617],[28.1489,56.1424],[28.111,56.1568],[28.0682,56.1476],[28.0511,56.1407],[27.981,56.118],[27.9397,56.1131],[27.9115,56.1002],[27.8807,56.0639],[27.7812,56.0164],[27.7601,55.9754],[27.7444,55.9597],[27.645,55.9228],[27.6172,55.8786],[27.6101,55.831],[27.5927,55.7942],[27.5925,55.7942],[27.5646,55.7922],[27.4388,55.7987],[27.3746,55.8148],[27.361,55.8237],[27.3496,55.8312],[27.3444,55.8282],[27.2824,55.7919],[27.263,55.7872],[27.1732,55.8257],[27.1108,55.8363],[26.9794,55.8263],[26.9578,55.8186],[26.9001,55.7787],[26.8428,55.7193],[26.8228,55.7061],[26.743,55.6829],[26.6401,55.6956],[26.5945,55.667],[26.6077,55.6165],[26.5956,55.568],[26.5321,55.5163],[26.5277,55.4922],[26.5433,55.4596],[26.5078,55.4391],[26.486,55.3908],[26.4455,55.3375],[26.4658,55.3209],[26.5423,55.3076],[26.6027,55.3169],[26.7686,55.3002],[26.8007,55.2733],[26.7897,55.2572],[26.7399,55.2428],[26.7011,55.2368],[26.657,55.2153],[26.6339,55.1922],[26.6163,55.1354],[26.5789,55.1185],[26.4734,55.1457],[26.4203,55.1281],[26.3095,55.1446],[26.2644,55.1401],[26.233,55.1116],[26.2246,55.0549],[26.1703,54.9933],[26.1386,54.9689],[26.1026,54.957],[25.9811,54.9427],[25.9079,54.9481],[25.8585,54.933],[25.8467,54.9062],[25.7827,54.8697],[25.7723,54.8509],[25.7785,54.8053],[25.7243,54.7801],[25.7246,54.7157],[25.7095,54.6756],[25.7151,54.6432],[25.7399,54.6077],[25.7404,54.5685],[25.7074,54.5415],[25.6462,54.5204],[25.6199,54.4881],[25.6126,54.4218],[25.5947,54.4001],[25.53,54.3461],[25.5287,54.321],[25.564,54.3031],[25.6074,54.3049],[25.6674,54.3233],[25.696,54.321],[25.7154,54.2852],[25.7578,54.269],[25.7868,54.2318],[25.7719,54.2179],[25.771,54.1721],[25.74,54.1463],[25.6906,54.1482],[25.6535,54.1287],[25.543,54.137],[25.4933,54.1575],[25.4858,54.1754],[25.5217,54.1882],[25.5017,54.2218],[25.554,54.2313],[25.4721,54.2972],[25.4341,54.2918],[25.394,54.2572],[25.3697,54.2479],[25.2876,54.2452],[25.2241,54.2586],[25.1935,54.2437],[25.1565,54.1757],[25.1156,54.1488],[25.072,54.1322],[25.0271,54.1279],[24.9483,54.1459],[24.9023,54.1498],[24.851,54.145],[24.8216,54.1345],[24.8182,54.1101],[24.7825,54.0929],[24.8214,54.0199],[24.8194,53.9926],[24.7887,53.9697],[24.7239,53.9634],[24.6908,53.9728],[24.6779,53.9923],[24.5791,53.9756],[24.5287,53.9584],[24.414,53.8977],[24.3779,53.8868],[24.2571,53.894],[24.2291,53.9324],[24.2011,53.9525],[24.1367,53.9554],[24.0454,53.9309],[23.9813,53.9304],[23.9198,53.9478],[23.8283,53.9201],[23.7872,53.9279],[23.7544,53.9168],[23.6919,53.9115],[23.6426,53.899],[23.61,53.9018],[23.5201,53.934],[23.4856,53.9393],[23.4863,53.9227],[23.4,53.75],[23.1,53.68],[22.74,53.49],[22.42,53.19],[22.5,53.05],[22.4,52.75],[22.3942,52.7413]],[[38.0226,61.0419],[38.0415,61.0497],[38.0875,61.0416],[38.1248,61.0174],[38.0452,61.0184],[38.0226,61.0419]]],[[[30.9932,56.95],[31,56.95],[31,56.965],[30.9932,56.95]]],[[[47.5,63.0242],[47.5158,63.0368],[47.5546,63.1212],[47.5546,63.1485],[47.5,63.1506],[47.5,63.0242]]]]}},
{"type":"Feature","properties":{"entityId":"rus-principalities","from":1199,"to":1242,"certainty":"estimated","source":"유럽 쪽은 Natural Earth 1:10m admin-1(v5.1.2) 현대 행정구역 조각을 그 시기 국경에 맞춰 묶고, 조각이 역사 경계와 다른 곳은 선을 그어 나눈 근사. 유럽 밖(시베리아·중앙아시아·극동)은 대략적인 추정. 운영자 검수 필요"},"geometry":{"type":"MultiPolygon","coordinates":[[[[22.3942,52.7413],[22.3997,52.695],[22.4118,52.6597],[22.4119,52.6006],[22.5176,52.5294],[22.5114,52.4946],[22.5198,52.4733],[22.5448,52.4625],[22.5388,52.4294],[22.5627,52.4041],[22.6119,52.3873],[22.689,52.3854],[22.8446,52.3656],[22.9228,52.3723],[22.9751,52.3528],[22.9845,52.3301],[23.0058,52.337],[23.0521,52.3096],[23.039,52.2892],[23.087,52.2923],[23.1502,52.2816],[23.1761,52.2851],[23.1656,52.2894],[23.2121,52.3475],[23.2705,52.3951],[23.3923,52.5096],[23.4805,52.5544],[23.569,52.5859],[23.7362,52.6149],[23.869,52.67],[23.9088,52.6999],[23.9225,52.7426],[23.9204,52.7726],[23.9386,52.7749],[24.0714,52.7682],[24.1444,52.7982],[24.1771,52.7817],[24.2505,52.7716],[24.3054,52.7807],[24.316,52.7656],[24.3882,52.7749],[24.4685,52.7411],[24.5186,52.7393],[24.5526,52.7478],[24.5548,52.7746],[24.541,52.7953],[24.5871,52.8441],[24.5709,52.8654],[24.6015,52.887],[24.6517,52.9077],[24.6526,52.9188],[24.607,52.9283],[24.6138,52.9394],[24.6859,52.9598],[24.7478,52.9406],[24.8014,52.9327],[24.8515,52.9369],[24.8771,52.9646],[24.9289,52.9605],[24.9609,52.9258],[24.9564,52.9043],[25.004,52.8896],[25.0271,52.8921],[25.0483,52.9129],[25.0661,52.9087],[25.0511,52.8759],[25.0528,52.8411],[25.0832,52.8334],[25.1381,52.8496],[25.1919,52.8476],[25.259,52.8651],[25.2688,52.849],[25.3232,52.8408],[25.3311,52.8612],[25.3078,52.884],[25.3223,52.8927],[25.297,52.9207],[25.3268,52.9373],[25.364,52.9328],[25.4051,52.942],[25.4627,52.9997],[25.5248,53.0245],[25.5993,53.1272],[25.5974,53.1461],[25.5499,53.1841],[25.601,53.2116],[25.5689,53.2442],[25.5837,53.271],[25.6356,53.2866],[25.6479,53.3318],[25.6927,53.3813],[25.7202,53.3947],[25.7884,53.3959],[25.8221,53.3874],[25.8729,53.3888],[25.8981,53.3763],[26.0392,53.3693],[26.0825,53.3736],[26.1357,53.3659],[26.2212,53.3629],[26.2731,53.3506],[26.3765,53.3645],[26.3723,53.3193],[26.3911,53.3],[25.75,53.3],[25.75,51.9263],[25.7679,51.9285],[25.9811,51.9035],[26.0808,51.9007],[26.1454,51.8648],[26.1753,51.8567],[26.4078,51.8506],[26.4192,51.8209],[26.4456,51.8056],[26.6657,51.8014],[26.8548,51.7493],[26.9208,51.7425],[27.0216,51.7645],[27.11,51.7624],[27.1779,51.7471],[27.1811,51.6834],[27.2036,51.6551],[27.2775,51.6511],[27.254,51.5954],[27.2675,51.5875],[27.3291,51.597],[27.3884,51.5907],[27.431,51.5984],[27.4773,51.6237],[27.5,51.6233],[27.5,52.245],[27.5231,52.2368],[27.5406,52.2214],[27.5208,52.1835],[27.5267,52.0727],[27.533,52.0603],[27.5991,52.0185],[27.585,51.9902],[27.5256,51.9426],[27.5319,51.9006],[27.5031,51.8445],[27.5563,51.8059],[27.555,51.7503],[27.5095,51.7056],[27.5124,51.6231],[27.6206,51.5959],[27.6768,51.5948],[27.7052,51.5684],[27.6661,51.4902],[27.5859,51.4723],[27.5757,51.4379],[27.5999,51.4091],[27.5836,51.3937],[27.5439,51.4155],[27.52,51.441],[27.5021,51.4402],[27.4903,51.3671],[27.5113,51.3527],[27.4779,51.3153],[27.4221,51.3073],[27.4182,51.2977],[27.4503,51.2556],[27.4491,51.2279],[27.3976,51.1922],[27.3582,51.142],[27.3496,51.0998],[27.2945,51.0437],[27.2323,51.0304],[27.1982,50.9909],[27.2328,50.9249],[27.216,50.9159],[27.2399,50.8904],[27.2241,50.8245],[27.2292,50.7908],[27.2717,50.7374],[27.2435,50.6818],[27.2152,50.6575],[27.1924,50.6185],[27.1969,50.6052],[27.2356,50.583],[27.1923,50.5412],[27.2458,50.5098],[27.2604,50.4901],[27.3046,50.478],[27.2484,50.4413],[27.2289,50.3949],[27.235,50.3797],[27.2792,50.3713],[27.3193,50.3341],[27.4038,50.2982],[27.4036,50.2747],[27.4317,50.2718],[27.4719,50.2518],[27.4885,50.2238],[27.554,50.2203],[27.5825,50.2546],[27.6075,50.2493],[27.6059,50.2067],[27.646,50.1691],[27.6496,50.1527],[27.6272,50.1379],[27.6463,50.1198],[27.6212,50.0793],[27.657,50.0612],[27.6637,50.0326],[27.5977,50.0027],[27.5478,50.0075],[27.5801,49.9485],[27.5487,49.9436],[27.5409,49.9151],[27.5881,49.8979],[27.6042,49.8608],[27.6423,49.8266],[27.6607,49.799],[27.868,49.7601],[27.8501,49.7451],[27.8119,49.7392],[27.8364,49.7218],[27.8144,49.704],[27.769,49.7044],[27.7515,49.6735],[27.7625,49.693],[27.6,49.68],[27.2,49.62],[26.6,49.66],[26.2336,49.6356],[26.2249,49.6234],[26.2087,49.5669],[26.1643,49.544],[26.1484,49.5165],[26.1985,49.4153],[26.2291,49.397],[26.2391,49.342],[26.2344,49.3195],[26.2563,49.2936],[26.2417,49.2412],[26.2078,49.2273],[26.1992,49.1746],[26.2218,49.148],[26.2109,49.1191],[26.2284,49.0669],[26.1995,49.0413],[26.2212,49.0007],[26.1985,48.9845],[26.1891,48.953],[26.2023,48.935],[26.1954,48.9],[26.2229,48.8972],[26.2143,48.847],[26.2387,48.8188],[26.2642,48.8082],[26.2285,48.7792],[26.2513,48.7524],[26.2355,48.685],[26.2819,48.6616],[26.285,48.6412],[26.3163,48.6428],[26.3067,48.6056],[26.3689,48.5761],[26.354,48.5616],[26.3805,48.5171],[26.404,48.5341],[26.4706,48.5381],[26.5153,48.5149],[26.5399,48.4789],[26.5664,48.4574],[26.6219,48.4583],[26.607,48.4923],[26.6273,48.5084],[26.6436,48.4925],[26.709,48.4969],[26.6709,48.5267],[26.6144,48.5402],[26.6328,48.5624],[26.7218,48.5352],[26.7392,48.5577],[26.7161,48.5778],[26.7172,48.5948],[26.7406,48.5889],[26.7497,48.5616],[26.7728,48.551],[26.7876,48.5683],[26.7831,48.5935],[26.8081,48.6091],[26.8292,48.6018],[26.8226,48.5812],[26.8414,48.5463],[26.885,48.5435],[26.9247,48.5751],[26.9453,48.5814],[27.1134,48.5593],[27.147,48.5819],[27.1814,48.5819],[27.2141,48.5701],[27.2476,48.5704],[27.2618,48.5957],[27.2344,48.6185],[27.2947,48.6161],[27.3218,48.6009],[27.3704,48.6297],[27.4097,48.6207],[27.4382,48.6025],[27.4728,48.5472],[27.5038,48.4724],[27.5571,48.4744],[27.583,48.486],[27.6048,48.4841],[27.6069,48.4578],[27.627,48.4513],[27.7518,48.452],[27.7853,48.4416],[27.8499,48.4096],[27.8854,48.3784],[27.9264,48.3394],[28.0032,48.3259],[28.0559,48.3215],[28.0928,48.3021],[28.0983,48.2841],[28.0787,48.2449],[28.1311,48.2396],[28.1785,48.2589],[28.1999,48.2117],[28.2403,48.2116],[28.2945,48.2365],[28.3406,48.2401],[28.3682,48.2306],[28.3634,48.191],[28.3222,48.1632],[28.3174,48.1354],[28.3496,48.1297],[28.3886,48.1686],[28.4116,48.1707],[28.4369,48.1499],[28.419,48.1222],[28.4474,48.0828],[28.49,48.0655],[28.4998,48.1089],[28.5434,48.088],[28.5191,48.0523],[28.4813,48.0332],[28.4666,47.9972],[28.4965,47.9878],[28.5055,47.9587],[28.4962,47.9155],[28.478,47.8886],[28.504,47.8833],[28.5305,47.8929],[28.5692,47.8871],[28.637,47.8421],[28.6692,47.8581],[28.6568,47.8772],[28.6579,47.8987],[28.6832,47.9339],[28.7204,47.9527],[28.7556,47.9572],[28.7848,47.9828],[28.8128,47.9654],[28.8303,47.9411],[28.8289,47.9171],[28.861,47.8997],[28.9421,47.8832],[28.9803,47.8755],[29.0181,47.8535],[29.0175,47.8269],[28.9803,47.7656],[28.9756,47.7434],[28.9803,47.6874],[28.9954,47.6509],[28.9865,47.6223],[29.0157,47.5821],[29.0267,47.5295],[29.0486,47.5062],[29.0928,47.4874],[29.108,47.4694],[29.1268,47.4656],[29.1372,47.484],[29.1174,47.5333],[29.1305,47.5596],[29.1821,47.6132],[29.1924,47.6509],[29.197,47.7175],[29.2386,47.756],[29.222,47.7748],[29.1778,47.7897],[29.1867,47.8182],[29.2328,47.8571],[29.236,47.8707],[29.1866,47.8836],[29.1646,47.9056],[29.148,47.9554],[29.124,47.976],[29.0927,47.9802],[29.061,47.9698],[29.0172,47.9311],[28.9808,47.9264],[28.9361,47.9422],[28.8826,47.9768],[28.8621,48.0005],[28.8798,48.0106],[28.9642,48.0358],[29.0461,48.0831],[29.0412,48.1282],[29.0783,48.1445],[29.104,48.1436],[29.1699,48.1057],[29.2463,48.0845],[29.3384,48.0862],[29.4347,48.1131],[29.4972,48.0928],[29.5855,48.0871],[29.6798,48.0922],[29.6975,48.1364],[29.6659,48.1689],[29.6825,48.1821],[29.7172,48.1817],[29.7748,48.2031],[29.7866,48.25],[29.7382,48.2701],[29.7754,48.3169],[29.7771,48.3476],[29.8586,48.4172],[29.8834,48.4326],[29.9124,48.4319],[29.9401,48.3756],[30.0046,48.4244],[30.0388,48.4277],[30.0761,48.4551],[30.1208,48.4564],[30.1744,48.4892],[30.2135,48.4819],[30.2552,48.4853],[30.3849,48.5305],[30.393,48.5555],[30.4147,48.5719],[30.4565,48.5708],[30.4844,48.5535],[30.5741,48.5652],[30.5775,48.6011],[30.5409,48.6193],[30.6014,48.6639],[30.6154,48.7222],[30.7023,48.7652],[30.7991,48.7604],[30.8122,48.7509],[30.9381,48.7562],[31.0205,48.7435],[31.0548,48.7282],[31.116,48.7283],[31.1799,48.751],[31.2237,48.7539],[31.3091,48.7428],[31.3329,48.7238],[31.4417,48.751],[31.4623,48.7611],[31.4812,48.8035],[31.5273,48.8352],[31.5295,48.904],[31.5441,48.9242],[31.6511,48.9174],[31.6895,48.9445],[31.7323,48.9426],[31.8102,48.9239],[31.8541,48.8983],[31.8748,48.8616],[31.8949,48.8618],[31.9528,48.9021],[32.0316,48.9278],[32.0518,48.9162],[32.1292,48.9125],[32.146,48.948],[32.1343,48.9583],[32.1494,48.9801],[32.1925,48.9998],[32.2414,49.052],[32.2795,49.0471],[32.3013,49.0779],[32.3319,49.0898],[32.3691,49.0458],[32.4208,49.0438],[32.4529,49.0561],[32.463,49.0098],[32.5015,48.9755],[32.5152,48.9313],[32.5513,48.9328],[32.5737,48.9576],[32.6003,48.9456],[32.6343,48.946],[32.683,48.9863],[32.7439,48.9656],[32.7824,48.9637],[32.8449,49.0012],[32.8491,49.023],[32.8247,49.0304],[32.8013,49.074],[32.7895,49.1468],[32.7527,49.1882],[32.7546,49.192],[32.7887,49.2618],[33.0382,49.182],[33.142,49.1302],[33.2041,49.0709],[33.2971,49.0649],[33.346,49.0327],[33.3226,49.0273],[33.2994,48.9955],[33.3757,48.9413],[33.401,48.9535],[33.4564,48.9417],[33.5427,48.903],[33.597,48.9224],[33.6516,48.8993],[33.6735,48.8691],[33.6946,48.9058],[33.7785,48.9225],[33.8074,48.9034],[33.876,48.8974],[33.9195,48.8658],[34.0402,48.8078],[34.0749,48.805],[34.1097,48.7902],[34.162,48.7844],[34.2375,48.7463],[34.2951,48.7844],[34.2782,48.8132],[34.3159,48.8396],[34.3127,48.8613],[34.2766,48.8884],[34.2743,48.9143],[34.3012,48.9639],[34.3252,48.9809],[34.3567,48.9861],[34.3505,49.0144],[34.4028,49.0501],[34.4083,49.0765],[34.4304,49.0746],[34.6098,49.1265],[34.7265,49.146],[34.7841,49.1746],[34.8367,49.1807],[34.8713,49.1687],[34.8573,49.1496],[34.8911,49.1483],[34.9262,49.183],[34.9839,49.1637],[34.9897,49.1775],[34.9746,49.217],[34.9549,49.2396],[34.9729,49.2806],[35.0246,49.3172],[35.053,49.3162],[35.0902,49.2972],[35.1885,49.292],[35.2633,49.3117],[35.309,49.3421],[35.3606,49.392],[35.3514,49.4266],[35.3306,49.4347],[35.3137,49.4678],[35.3267,49.4854],[35.3627,49.4907],[35.4194,49.4809],[35.4693,49.5005],[35.3962,49.5407],[35.3984,49.5548],[35.4751,49.5604],[35.4198,49.6373],[35.4282,49.6639],[35.4197,49.6863],[35.3813,49.6881],[35.3598,49.6684],[35.2913,49.6793],[35.2769,49.6962],[35.239,49.7045],[35.2303,49.7315],[35.206,49.7429],[35.1913,49.7747],[35.1911,49.832],[35.1483,49.8553],[35.103,49.8477],[35.0407,49.868],[35.0086,49.8889],[34.9546,49.8901],[34.8882,49.9177],[34.864,49.9423],[34.8415,50],[34.8621,50.0216],[34.9132,50.0557],[34.9172,50.1324],[34.9082,50.146],[34.9573,50.1669],[34.9794,50.192],[35.0159,50.1721],[35.0339,50.1747],[35.0376,50.1985],[35.0672,50.215],[35.0887,50.2071],[35.1354,50.245],[35.1947,50.2323],[35.2547,50.2442],[35.2526,50.2689],[35.269,50.2783],[35.3089,50.2764],[35.3292,50.3047],[35.3804,50.2922],[35.4029,50.3337],[35.4938,50.3022],[35.4957,50.3189],[35.5618,50.3189],[35.5955,50.3259],[35.671,50.3199],[35.6922,50.3442],[35.6316,50.345],[35.5702,50.3765],[35.5547,50.4333],[35.5227,50.4595],[35.4464,50.476],[35.4253,50.5005],[35.3777,50.6218],[35.3916,50.6464],[35.4689,50.6685],[35.4454,50.6875],[35.4471,50.7343],[35.4385,50.7624],[35.3791,50.7972],[35.3777,50.8337],[35.3414,50.8765],[35.3417,50.9159],[35.2936,50.9376],[35.2822,50.9611],[35.401,50.9533],[35.4494,50.963],[35.5124,50.9471],[35.5042,50.9182],[35.5464,50.9057],[35.5923,50.9211],[35.6129,50.9393],[35.6331,50.924],[35.6772,50.9193],[35.7176,50.9376],[35.7212,50.9672],[35.7457,50.9671],[35.7668,50.9482],[35.8042,50.9382],[35.8556,50.9794],[35.8769,51.0124],[35.9149,51.011],[35.9542,51.0455],[35.9996,51.0577],[35.9525,51.0922],[35.9397,51.1161],[35.9763,51.1575],[36.0406,51.1603],[36.0986,51.1296],[36.2075,51.1251],[36.2443,51.1063],[36.3136,51.1033],[36.3591,51.1258],[36.4037,51.1179],[36.4762,51.0863],[36.4999,51.122],[36.5996,51.0795],[36.6175,51.0798],[36.6526,51.1089],[36.6887,51.1274],[36.8558,51.1858],[36.9302,51.181],[36.9896,51.2004],[37.054,51.2469],[37.0849,51.2504],[37.0984,51.2299],[37.1304,51.2428],[37.1187,51.3015],[37.1442,51.3429],[37.1894,51.3288],[37.2491,51.331],[37.3417,51.3644],[37.3616,51.3844],[37.447,51.3723],[37.4628,51.381],[37.5386,51.3943],[37.581,51.3708],[37.6667,51.3657],[37.7593,51.3885],[37.8286,51.4205],[37.8777,51.4009],[37.9,51.4007],[37.9319,51.4197],[38.0465,51.4197],[38.0518,51.3909],[38.0273,51.3662],[38.1551,51.3293],[38.2011,51.3067],[38.2915,51.2925],[38.3122,51.3094],[38.3234,51.3408],[38.3511,51.3629],[38.3448,51.3731],[38.3012,51.3626],[38.2729,51.4529],[38.2848,51.4739],[38.2693,51.4988],[38.2764,51.5264],[38.221,51.5543],[38.1888,51.587],[38.1402,51.6207],[38.1492,51.6444],[38.2189,51.6318],[38.2015,51.685],[38.2195,51.7078],[38.3396,51.6889],[38.4098,51.6878],[38.5051,51.7319],[38.4751,51.7448],[38.4141,51.7545],[38.3875,51.7851],[38.4264,51.8146],[38.4135,51.854],[38.4098,51.9202],[38.362,51.9301],[38.3039,51.9151],[38.2988,51.961],[38.2322,51.9453],[38.1921,51.9122],[38.1454,51.9278],[38.1015,51.927],[38.0321,51.9011],[37.997,51.879],[37.8911,51.8842],[37.8662,51.9239],[37.8208,51.9122],[37.779,51.952],[37.7778,51.9875],[37.7471,52.0169],[37.7776,52.1615],[37.8322,52.2024],[37.948,52.2456],[38.017,52.2517],[37.9948,52.271],[37.9998,52.2954],[38.0384,52.3445],[37.9907,52.3801],[37.9614,52.4144],[37.909,52.4148],[37.8769,52.4345],[37.88,52.4512],[37.9108,52.4729],[37.8375,52.501],[37.7828,52.5084],[37.7886,52.5417],[37.8122,52.5477],[37.7866,52.5803],[37.7641,52.5746],[37.7118,52.613],[37.7295,52.6136],[37.7509,52.6381],[37.7884,52.6363],[37.8127,52.6484],[37.7766,52.7185],[37.7937,52.7359],[37.8348,52.7462],[37.8707,52.7718],[37.8737,52.7953],[37.8112,52.829],[37.7927,52.8539],[37.8388,52.8905],[37.7949,52.9121],[37.8165,52.9349],[37.8217,52.9678],[37.841,53.0085],[37.8038,53.0739],[37.7874,53.0889],[37.696,53.1364],[37.6631,53.1183],[37.6113,53.1127],[37.5613,53.1688],[37.5543,53.1977],[37.5683,53.289],[37.5557,53.2957],[37.4924,53.2765],[37.4736,53.2776],[37.4271,53.3031],[37.382,53.3089],[37.3272,53.3032],[37.2761,53.2723],[37.1969,53.2507],[37.0882,53.28],[37.0095,53.2835],[36.9908,53.307],[36.9592,53.2921],[36.9171,53.2861],[36.8073,53.2966],[36.7742,53.3072],[36.7151,53.3447],[36.6772,53.3896],[36.6668,53.4159],[36.6142,53.4233],[36.5716,53.3965],[36.5128,53.3951],[36.4445,53.4215],[36.398,53.4285],[36.3716,53.4524],[36.3082,53.4847],[36.3124,53.5088],[36.2316,53.5741],[36.1409,53.5563],[36.0983,53.5559],[36.0556,53.5787],[36.0146,53.5863],[36.0096,53.6183],[35.9902,53.6537],[36.04,53.6839],[36.0564,53.7079],[36.0169,53.7237],[35.9654,53.7221],[35.9315,53.7861],[35.9661,53.8049],[35.9549,53.8311],[35.9138,53.8523],[35.9769,53.8655],[35.9887,53.9163],[36.0271,53.9401],[36.1113,53.961],[36.107,54.0095],[36.1459,54.0463],[36.1908,54.0547],[36.2164,54.0699],[36.2007,54.0982],[36.1545,54.1086],[36.1013,54.0976],[36.0784,54.1222],[36.111,54.1239],[36.113,54.1364],[36.0224,54.1768],[36.031,54.1908],[36.0669,54.2005],[36.1084,54.1955],[36.1481,54.1681],[36.1969,54.1585],[36.2366,54.1948],[36.2372,54.2291],[36.2517,54.2362],[36.2836,54.2207],[36.3538,54.2233],[36.4,54.2095],[36.4158,54.2371],[36.4588,54.2556],[36.4615,54.2882],[36.5548,54.2924],[36.7145,54.3172],[36.741,54.3075],[36.7249,54.2818],[36.7766,54.2805],[36.8342,54.2935],[36.8914,54.2832],[36.926,54.2936],[36.9463,54.3197],[36.9314,54.3605],[36.9654,54.3958],[36.9258,54.4482],[36.9029,54.4616],[36.8635,54.4578],[36.8484,54.4722],[36.8479,54.4753],[36.8405,54.5222],[36.8048,54.553],[36.805,54.6099],[36.8302,54.6167],[36.8855,54.6063],[36.919,54.5863],[36.9951,54.5854],[37.0421,54.5667],[37.0721,54.5361],[37.0886,54.5488],[37.2076,54.6877],[37.2118,54.7109],[37.1833,54.7184],[37.2164,54.7641],[37.2284,54.8081],[37.259,54.8358],[37.3841,54.8224],[37.4325,54.8312],[37.4608,54.8223],[37.4848,54.7892],[37.5485,54.7584],[37.5643,54.7365],[37.6713,54.7135],[37.7583,54.7362],[37.7697,54.7774],[37.7499,54.8203],[37.7956,54.8247],[37.8437,54.8383],[37.9386,54.8323],[37.9574,54.8035],[37.9583,54.7767],[37.9966,54.77],[38.0355,54.7497],[38.0393,54.7137],[38.1049,54.7036],[38.1368,54.6825],[38.1786,54.6899],[38.2188,54.6596],[38.3404,54.6495],[38.3639,54.6567],[38.3935,54.6443],[38.4716,54.6384],[38.4942,54.6226],[38.5166,54.5859],[38.49,54.5797],[38.441,54.5293],[38.3772,54.5148],[38.3904,54.4686],[38.4597,54.4062],[38.4993,54.3931],[38.5138,54.364],[38.5212,54.2888],[38.5951,54.2716],[38.6751,54.2447],[38.7121,54.2717],[38.7245,54.33],[38.7369,54.3451],[38.8257,54.3805],[38.8555,54.3733],[38.9088,54.3977],[38.919,54.4121],[38.8874,54.4266],[38.7977,54.4512],[38.7876,54.4777],[38.7943,54.5001],[38.7814,54.5538],[38.8204,54.6019],[38.9091,54.618],[38.9325,54.616],[38.9567,54.5934],[39.0401,54.6246],[39.14,54.6281],[39.1765,54.6355],[39.2321,54.6353],[39.2445,54.6564],[39.2379,54.711],[39.2649,54.7197],[39.3287,54.7175],[39.3559,54.7396],[39.3284,54.7484],[39.3714,54.8028],[39.3742,54.8406],[39.3977,54.8761],[39.449,54.8978],[39.4884,54.9408],[39.5444,54.9695],[39.5914,54.9822],[39.6026,55.0059],[39.6845,55.0207],[39.7558,55.0165],[39.8128,54.9975],[39.8882,55.0813],[39.8858,55.1015],[39.8446,55.1219],[39.8097,55.1183],[39.7749,55.1012],[39.7419,55.1078],[39.7202,55.126],[39.7565,55.1394],[39.827,55.1826],[39.9198,55.1868],[40.0014,55.2004],[40.1311,55.2544],[40.2065,55.3093],[40.2439,55.3365],[40.2946,55.3324],[40.3454,55.34],[40.358,55.3238],[40.3277,55.315],[40.3227,55.2938],[40.4001,55.2873],[40.5168,55.3277],[40.5454,55.3093],[40.5322,55.2926],[40.5645,55.269],[40.5539,55.2546],[40.6211,55.2052],[40.6774,55.2134],[40.7294,55.2039],[40.786,55.2222],[40.8435,55.2263],[40.8789,55.2409],[40.891,55.2606],[40.9646,55.2604],[41.0042,55.2335],[41.0365,55.2219],[41.0466,55.1832],[41.0809,55.1474],[41.0955,55.1481],[41.0874,55.1915],[41.11,55.2044],[41.1871,55.221],[41.2634,55.213],[41.2989,55.2032],[41.3652,55.1731],[41.4116,55.131],[41.4413,55.1312],[41.4966,55.157],[41.5823,55.1414],[41.6583,55.1089],[41.7185,55.1249],[41.7832,55.1191],[41.8702,55.1576],[41.9007,55.2045],[41.8587,55.2409],[41.9541,55.2777],[41.9564,55.2964],[41.933,55.3299],[41.9527,55.3386],[42.0006,55.3373],[42.0134,55.3731],[42.0756,55.3932],[42.117,55.4217],[42.1336,55.4587],[42.0684,55.4813],[42.0688,55.55],[46.1083,55.55],[46.1038,55.5727],[46.0485,55.6167],[46.0126,55.6266],[45.9753,55.6191],[45.9572,55.6326],[45.9201,55.688],[45.9679,55.7427],[46.0013,55.7348],[46.0077,55.7495],[45.9883,55.7768],[46.0167,55.7785],[46.0938,55.808],[46.1004,55.8327],[46.088,55.8597],[46.1341,55.8939],[46.0988,55.9408],[46.1502,55.9735],[46.2008,56.0246],[46.214,56.0498],[46.1564,56.0412],[46.1299,56.0598],[46.0922,56.0564],[46.0953,56.0934],[46.0674,56.1092],[46.0795,56.136],[46.0677,56.1819],[46.0264,56.1798],[45.91,56.2338],[45.8738,56.2588],[45.88,56.3077],[45.9354,56.316],[45.9461,56.325],[45.9224,56.3803],[45.9486,56.4082],[45.949,56.4332],[45.876,56.4402],[45.7887,56.4248],[45.7609,56.4606],[45.6627,56.4609],[45.6299,56.5148],[45.6498,56.5455],[45.6385,56.5711],[45.651,56.5908],[45.6951,56.6016],[45.7392,56.6256],[45.8589,56.6291],[45.9218,56.6523],[45.9276,56.6629],[45.896,56.6897],[45.9127,56.7363],[45.9145,56.792],[45.9381,56.8227],[45.9586,56.8721],[46.0382,56.8696],[46.095,56.8812],[46.2199,56.8932],[46.268,56.9047],[46.3127,56.907],[46.3188,56.9436],[46.336,56.9521],[46.5129,56.9401],[46.5342,56.9198],[46.5585,56.9286],[46.601,56.92],[46.6627,56.9391],[46.6682,56.965],[46.7149,56.9663],[46.7514,56.9783],[46.7131,57.0124],[46.7626,57.0302],[46.7561,57.0742],[46.7605,57.1293],[46.7312,57.1907],[46.7422,57.2046],[46.8344,57.1997],[46.8448,57.2291],[46.8083,57.2424],[46.7898,57.2813],[46.6952,57.3205],[46.6867,57.3631],[46.748,57.3807],[46.7292,57.3974],[46.6952,57.4001],[46.7072,57.4237],[46.7382,57.4276],[46.7904,57.4512],[46.7501,57.5173],[46.7876,57.5273],[46.8224,57.512],[46.9123,57.5149],[47.0007,57.4935],[47.0542,57.4983],[47.1368,57.5304],[47.2153,57.5508],[47.2487,57.5673],[47.3584,57.5543],[47.386,57.5351],[47.471,57.5285],[47.4865,57.5758],[47.5212,57.5861],[47.5449,57.6567],[47.5302,57.6999],[47.5727,57.7441],[47.5589,57.7707],[47.5721,57.8104],[47.6121,57.8385],[47.6647,57.8512],[47.7149,57.8715],[47.7623,57.876],[47.7638,57.9121],[47.7031,57.9584],[47.6425,57.9562],[47.4515,57.9874],[47.3884,58.0195],[47.3542,58.0255],[46.9916,58.0244],[46.5964,58.0264],[46.5067,58.035],[46.4784,58.0235],[46.4299,58.0205],[46.3814,58.0558],[46.3413,58.0746],[46.3425,58.0989],[46.313,58.1112],[46.3627,58.1884],[46.4069,58.2087],[46.4157,58.2289],[46.4088,58.2762],[46.4219,58.3146],[46.4773,58.3339],[46.4739,58.3487],[46.4113,58.3536],[46.4583,58.381],[46.541,58.3973],[46.5841,58.4304],[46.5933,58.4514],[46.5565,58.4732],[46.5541,58.4877],[46.5869,58.5177],[46.5931,58.5606],[46.6325,58.5807],[46.6873,58.5669],[46.8142,58.5846],[46.8854,58.6051],[46.9857,58.6138],[47.0102,58.629],[47.0039,58.6845],[47.02,58.7038],[47.0816,58.7386],[47.1199,58.775],[47.1624,58.7696],[47.1955,58.753],[47.2596,58.7563],[47.3165,58.7978],[47.2866,58.8166],[47.2995,58.8594],[47.2819,58.893],[47.3193,58.9156],[47.3843,58.907],[47.4524,58.9211],[47.4772,58.8862],[47.6022,58.9067],[47.6016,58.9217],[47.5704,58.9565],[47.5499,58.998],[47.5709,59.0599],[47.5288,59.078],[47.4512,59.1317],[47.442,59.1642],[47.4016,59.1507],[47.3787,59.1531],[47.2392,59.2202],[47.2315,59.247],[47.2524,59.3555],[47.0563,59.3785],[47.1135,59.6113],[47.1367,59.6979],[47.1339,59.725],[47.1126,59.7527],[47.0572,59.7687],[46.9573,59.7818],[46.9349,59.7891],[46.9226,59.8439],[47.0364,60.0995],[47.0213,60.1219],[46.909,60.1253],[46.8465,60.079],[46.809,60.0708],[46.7458,60.0783],[46.7344,60.0649],[46.6833,60.0625],[46.6627,60.0774],[46.6085,60.0673],[46.5059,60.1053],[46.4661,60.1131],[46.4041,60.1068],[46.3656,60.1252],[46.3755,60.1389],[46.3491,60.2144],[46.3017,60.2419],[46.3126,60.2547],[46.3546,60.2508],[46.4408,60.2714],[46.4915,60.2626],[46.5555,60.2622],[46.6367,60.2736],[46.7281,60.2557],[46.7495,60.2611],[46.8071,60.3183],[46.8093,60.3485],[46.8258,60.369],[46.821,60.3925],[46.8526,60.4275],[46.8768,60.4874],[46.8625,60.5073],[46.9403,60.5382],[46.9665,60.5593],[47.0488,60.5752],[47.0244,60.6012],[47.0209,60.6393],[46.9635,60.6539],[47.0423,60.7479],[47.0838,60.8186],[47.0429,60.8538],[47.0832,60.8751],[47.0965,60.9378],[47.1176,60.967],[47.1841,60.9924],[47.2018,61.0198],[47.1961,61.0483],[47.2448,61.0562],[47.4896,61.047],[47.5685,61.0591],[47.6187,61.0536],[47.6642,61.0347],[47.766,61.0287],[47.8733,61.0018],[47.942,61.0081],[47.9655,60.9994],[47.9698,60.9343],[47.9842,60.8965],[48.06,60.8828],[48.419,60.8538],[48.4465,60.9841],[48.4843,61.0338],[48.5093,61.0477],[48.8887,61.1412],[48.9098,61.1408],[48.9494,61.1199],[49.0979,61.175],[49.1815,61.1813],[49.2805,61.1737],[49.3022,61.1762],[49.322,61.2029],[49.4223,61.455],[49.4614,61.5861],[49.4173,61.6183],[49.3628,61.6238],[49.0968,61.6581],[49.0516,61.691],[49.2127,62.0911],[49.2209,62.1012],[49.2734,62.1095],[49.2595,62.1371],[49.2744,62.1421],[49.3616,62.1396],[49.3694,62.1494],[49.609,62.7702],[48.8751,62.8291],[48.7145,62.8155],[48.6808,62.7318],[48.657,62.7071],[48.6286,62.7058],[48.3661,62.7293],[48.3339,62.7044],[48.2368,62.473],[48.2364,62.4519],[48.2574,62.429],[48.3045,62.3968],[48.3042,62.3506],[48.2908,62.3216],[48.2247,62.317],[47.7511,62.3218],[47.6498,62.2967],[47.6377,62.2116],[47.621,62.1855],[47.5938,62.1823],[47.4781,62.1847],[47.4134,62.1928],[47.3985,62.2213],[47.405,62.2896],[47.3863,62.3204],[47.2349,62.3515],[47.2271,62.3796],[47.2314,62.4389],[46.5,62],[44.5,61.7],[44.5,60.9445],[44.4553,60.947],[44.2058,60.9718],[44.1575,60.9948],[44.1687,61.0657],[44.1585,61.0824],[44.053,61.0792],[44.0177,61.0528],[43.9584,61.0487],[43.8753,61.0229],[43.8351,61.0319],[43.776,61.0208],[43.7541,60.946],[43.7289,60.911],[43.746,60.9],[43.7154,60.8845],[43.6488,60.878],[43.5361,60.8531],[43.5204,60.8293],[43.5223,60.7791],[43.5109,60.7675],[43.2266,60.7848],[43.1499,60.806],[43.1353,60.8006],[43.0488,60.7402],[42.9799,60.7369],[42.9765,60.7561],[42.9439,60.7897],[42.9137,60.7789],[42.907,60.8137],[42.8231,60.8553],[42.6505,60.8631],[42.6149,60.8576],[42.5642,60.8357],[42.5616,60.7973],[42.5287,60.7793],[42.4672,60.7912],[42.4239,60.7721],[42.3948,60.7694],[42.0239,60.8358],[41.9668,60.8311],[41.9265,60.8455],[41.9154,60.8594],[41.9606,60.886],[41.9424,60.9121],[41.9165,60.9149],[41.9014,60.897],[41.868,60.9112],[41.8009,60.899],[41.7563,60.8582],[41.7194,60.8402],[41.6681,60.8479],[41.6508,60.8863],[41.6374,60.8911],[41.5185,60.8992],[41.3822,60.8511],[41.4119,60.8072],[41.4121,60.7912],[41.3577,60.7222],[41.3399,60.676],[41.343,60.646],[41.2803,60.664],[41.2295,60.6556],[41.0593,60.6497],[41.0123,60.667],[40.8191,60.711],[40.7626,60.7388],[40.7465,60.7797],[40.7128,60.7585],[40.679,60.7547],[40.6213,60.7282],[40.5551,60.7198],[40.5344,60.7246],[40.5035,60.7557],[40.4655,60.7746],[40.4076,60.784],[40.3754,60.766],[40.3865,60.7319],[40.3515,60.708],[40.2224,60.6951],[40.1564,60.6726],[40.0721,60.6831],[40.0393,60.6809],[40.0049,60.6578],[39.9235,60.6519],[39.764,60.7369],[39.6938,60.7327],[39.6482,60.746],[39.5975,60.7333],[39.4244,60.709],[39.3849,60.6886],[39.3382,60.684],[39.2893,60.7052],[39.1861,60.7148],[39.1706,60.702],[39.1956,60.6732],[39.1906,60.6529],[39.1695,60.6858],[39.0682,60.7141],[39.033,60.7311],[39.0093,60.7621],[38.9829,60.7727],[38.967,60.8002],[38.9477,60.8027],[38.9231,60.7727],[38.8695,60.7738],[38.8303,60.7434],[38.8114,60.7179],[38.7895,60.7128],[38.6613,60.7114],[38.6327,60.7232],[38.5995,60.7835],[38.5742,60.7991],[38.4301,60.8047],[38.4209,60.8112],[38.4185,60.874],[38.3857,60.9382],[38.3617,60.9551],[38.3286,60.9102],[38.2454,60.9132],[38.213,60.924],[38.1705,60.9753],[38.1981,61.026],[38.1449,61.073],[38.1504,61.0985],[38.177,61.1208],[38.1663,61.1331],[38.0891,61.1559],[38.0405,61.1401],[37.9806,61.1407],[37.9645,61.1484],[37.973,61.2047],[37.9425,61.2161],[37.9014,61.2632],[37.9,61.2639],[37.9,60.45],[35.2515,60.45],[35.2517,60.4454],[35.2341,60.3793],[35.2311,60.3412],[35.1827,60.2888],[35.1474,60.2688],[35.1521,60.2083],[35.1466,60.1307],[35.1765,60.1054],[35.1571,60.067],[35.0872,60.0409],[35.0973,60.0161],[35.1622,60.0108],[35.2379,59.9855],[35.2926,59.9846],[35.3229,59.973],[35.4037,59.9743],[35.4742,59.9229],[35.4114,59.9041],[35.3825,59.8754],[35.3854,59.7969],[35.3979,59.7295],[35.4236,59.7011],[35.4649,59.6944],[35.5318,59.6986],[35.6075,59.7124],[35.6387,59.7003],[35.6342,59.6402],[35.5929,59.6228],[35.5046,59.652],[35.4958,59.5535],[35.4832,59.5381],[35.4369,59.5293],[35.5018,59.501],[35.4615,59.4823],[35.3237,59.5067],[35.2889,59.4993],[35.3046,59.4844],[35.3676,59.4718],[35.4028,59.4432],[35.4485,59.4277],[35.4445,59.4082],[35.3937,59.3621],[35.329,59.349],[35.3189,59.328],[35.3755,59.3148],[35.3819,59.3003],[35.3012,59.301],[35.2437,59.2943],[35.193,59.269],[35.1347,59.2544],[35.038,59.2513],[34.9575,59.2267],[34.9327,59.2458],[34.9005,59.2379],[34.8723,59.2099],[34.8572,59.1803],[34.812,59.1463],[34.7981,59.1024],[34.7299,59.1032],[34.7364,59.0668],[34.7959,59.0486],[34.8724,59.0535],[34.8785,59.0434],[34.8315,58.991],[34.8377,58.9851],[34.9485,58.9659],[34.964,58.9443],[35.0255,58.942],[35.0243,58.9241],[35.062,58.9174],[35.1308,58.9373],[35.1716,58.9228],[35.1401,58.8888],[35.1246,58.815],[35.1809,58.8264],[35.2201,58.8248],[35.2125,58.7979],[35.2657,58.7648],[35.288,58.7638],[35.3106,58.803],[35.3985,58.8435],[35.5025,58.841],[35.5386,58.831],[35.6117,58.8298],[35.6166,58.8169],[35.6798,58.8159],[35.7141,58.8324],[35.7512,58.8265],[35.8101,58.7948],[35.8172,58.7804],[35.7653,58.7774],[35.7749,58.7543],[35.8361,58.7447],[35.8863,58.7533],[35.9568,58.7522],[35.979,58.7292],[36.0276,58.7215],[36.0607,58.7069],[36.1263,58.6955],[36.1472,58.6433],[36.1394,58.6168],[36.2196,58.6122],[36.2349,58.5908],[36.1938,58.5712],[36.1733,58.525],[36.23,58.5138],[36.24,58.5338],[36.2749,58.5355],[36.3148,58.5187],[36.3236,58.4998],[36.4465,58.529],[36.4892,58.5309],[36.5206,58.5585],[36.5182,58.5899],[36.5882,58.6038],[36.6453,58.6448],[36.6804,58.6944],[36.7141,58.696],[36.7049,58.734],[36.7724,58.7207],[36.8129,58.7438],[36.8156,58.7582],[36.7838,58.8065],[36.8324,58.8365],[36.8642,58.8428],[36.9434,58.8344],[37.0115,58.839],[37.063,58.8642],[37.1222,58.866],[37.1752,58.8263],[37.1804,58.7786],[37.3696,58.6444],[37.4454,58.5947],[37.4986,58.5798],[37.5398,58.5397],[37.5927,58.5146],[37.6263,58.4902],[37.6543,58.4497],[37.644,58.4294],[37.5881,58.417],[37.5345,58.3968],[37.4962,58.3992],[37.4775,58.4151],[37.4491,58.4075],[37.3698,58.3494],[37.4172,58.3269],[37.42,58.3083],[37.3907,58.2877],[37.3497,58.239],[37.3751,58.2008],[37.4435,58.1828],[37.4968,58.1853],[37.5621,58.1653],[37.5896,58.1351],[37.6344,58.1166],[37.6735,58.083],[37.6617,58.068],[37.6235,58.0697],[37.5487,58.0528],[37.525,58.0296],[37.5425,58.0069],[37.5152,57.9871],[37.4844,57.9808],[37.428,57.9833],[37.3665,57.9771],[37.3709,57.9494],[37.4532,57.9229],[37.4949,57.9174],[37.4955,57.8936],[37.4541,57.8924],[37.3941,57.9036],[37.3509,57.8966],[37.3569,57.8774],[37.4027,57.8735],[37.4167,57.8614],[37.3774,57.8437],[37.3909,57.828],[37.4573,57.828],[37.5234,57.7713],[37.5398,57.7383],[37.6123,57.7227],[37.6507,57.7029],[37.6468,57.686],[37.6682,57.67],[37.7146,57.6587],[37.7641,57.6311],[37.8276,57.6307],[37.81,57.608],[37.8161,57.5506],[37.7984,57.5037],[37.8159,57.55],[35.6,57.55],[35.6,57.7],[35.4,57.5],[34.8,57.35],[34.2,57.25],[33.3,56.95],[32.4,56.95],[32.4,56.15],[33.5,56.15],[33.5,55.7539],[33.5053,55.7552],[33.5694,55.8163],[33.6379,55.8374],[33.67,55.8653],[33.678,55.9081],[33.6504,55.9355],[33.66,55.9462],[33.7362,55.9474],[33.8056,55.9283],[33.8274,55.9298],[33.8381,55.9495],[33.826,55.9756],[33.8452,56.0077],[33.8906,56.0426],[33.8921,56.0657],[33.9166,56.0731],[33.9712,56.0555],[34.0809,56.0553],[34.2007,56.0745],[34.2354,56.0714],[34.2799,56.045],[34.302,56.0054],[34.3232,55.9956],[34.374,56.0145],[34.422,55.9937],[34.5148,55.9632],[34.5513,55.9439],[34.6309,55.9179],[34.6798,55.921],[34.7604,55.9678],[34.8246,55.9521],[35.0315,55.9844],[35.054,55.9831],[35.1015,55.9579],[35.1741,55.9483],[35.207,55.9379],[35.2199,55.9037],[35.249,55.9104],[35.2481,55.876],[35.2786,55.8548],[35.3125,55.8069],[35.3535,55.7794],[35.3338,55.7553],[35.344,55.737],[35.3161,55.7269],[35.3474,55.6653],[35.3971,55.6171],[35.3926,55.5747],[35.3724,55.5622],[35.3031,55.5712],[35.2861,55.5515],[35.3144,55.5311],[35.3165,55.4875],[35.2963,55.4686],[35.3141,55.4318],[35.292,55.3809],[35.3012,55.2991],[35.3697,55.2388],[35.3487,55.2066],[35.3004,55.1859],[35.3096,55.1677],[35.2824,55.1514],[35.2845,55.1121],[35.2257,55.055],[35.144,55.0217],[35.1249,55.0018],[35.1441,54.9844],[35.1313,54.9616],[35.0649,54.9571],[35.0222,54.925],[34.9921,54.882],[34.9435,54.8941],[34.8658,54.8838],[34.8528,54.8144],[34.8719,54.8024],[34.921,54.7716],[34.8444,54.7328],[34.8173,54.7094],[34.7089,54.6861],[34.654,54.6629],[34.5811,54.6766],[34.5159,54.6767],[34.4667,54.6861],[34.4245,54.6854],[34.415,54.6753],[34.4866,54.6558],[34.4996,54.632],[34.4653,54.5854],[34.4357,54.5119],[34.3868,54.499],[34.4158,54.4508],[34.3746,54.4217],[34.3261,54.4296],[34.2125,54.5051],[34.1075,54.5503],[34.0257,54.5521],[33.9268,54.5723],[33.8888,54.5587],[33.8281,54.5642],[33.804,54.5571],[33.7287,54.5617],[33.6756,54.5007],[33.6427,54.4855],[33.6428,54.4689],[33.67,54.4631],[33.6691,54.441],[33.6379,54.4231],[33.6167,54.381],[33.6298,54.3595],[33.6837,54.3213],[33.673,54.2962],[33.6465,54.2838],[33.6273,54.2597],[33.587,54.2483],[33.619,54.2335],[33.6137,54.1791],[33.562,54.1562],[33.5586,54.1292],[33.5265,54.1112],[33.5501,54.101],[33.4646,54.0852],[33.4242,54.0489],[33.4403,54.0374],[33.4874,54.0362],[33.5012,54.0158],[33.445,53.9991],[33.4746,53.9718],[33.3884,53.9538],[33.4091,53.9812],[33.3491,53.9824],[33.3055,53.9583],[33.2457,53.9513],[33.2663,53.9163],[33.2475,53.8897],[33.2824,53.8566],[33.289,53.8217],[33.2531,53.8035],[33.2039,53.7925],[33.2134,53.7685],[33.1985,53.732],[33.1303,53.7185],[33.0568,53.6763],[33.008,53.6317],[32.956,53.6102],[32.899,53.5687],[32.8904,53.5408],[32.9081,53.4935],[32.8471,53.4318],[32.8262,53.4443],[32.7662,53.4144],[32.7365,53.4383],[32.7178,53.4311],[32.7012,53.4621],[32.6582,53.4557],[32.6417,53.469],[32.6503,53.4876],[32.6006,53.4924],[32.5768,53.486],[32.5543,53.5108],[32.4529,53.5464],[32.4115,53.5824],[32.3991,53.6354],[32.4806,53.6624],[32.4878,53.6847],[32.4616,53.7068],[32.4216,53.7158],[32.3718,53.7144],[32.2904,53.7609],[32.1648,53.7817],[32.106,53.8069],[32.0836,53.8096],[31.8732,53.7771],[31.7873,53.7944],[31.7447,53.7949],[31.7538,53.8196],[31.8101,53.8826],[31.8465,53.9923],[31.8139,54.0571],[31.7713,54.0485],[31.7481,54.0863],[31.7258,54.0975],[31.6669,54.1019],[31.5831,54.1295],[31.5064,54.1439],[31.3247,54.2292],[31.2992,54.2726],[31.2848,54.3474],[31.2487,54.3768],[31.209,54.448],[31.179,54.4534],[31.1679,54.4671],[31.0936,54.4794],[31.0646,54.4923],[31.0896,54.5359],[31.1395,54.5829],[31.1679,54.6216],[31.1286,54.6404],[31.1052,54.6683],[30.999,54.6713],[30.9806,54.7057],[30.8273,54.771],[30.7706,54.786],[30.7681,54.8299],[30.8261,54.8775],[30.8148,54.928],[30.8386,54.9392],[30.8995,54.9464],[30.9361,54.9732],[30.9066,55.0126],[30.9132,55.0246],[30.9806,55.0187],[31.0056,55.023],[31.0064,55.0424],[30.9703,55.1014],[30.984,55.1309],[30.9588,55.1444],[30.9598,55.1626],[30.8865,55.2045],[30.8568,55.2535],[30.8041,55.273],[30.7943,55.2855],[30.8112,55.3231],[30.8456,55.3511],[30.9059,55.376],[30.9186,55.4076],[30.8891,55.4334],[30.8872,55.4681],[30.9194,55.4923],[30.8994,55.4991],[30.9197,55.5345],[30.9071,55.5778],[30.9263,55.6025],[30.9529,55.6597],[31.0366,55.7081],[31.0473,55.7685],[31.1869,55.7372],[31.2118,55.7182],[31.2257,55.7275],[31.2924,55.7367],[31.3256,55.7227],[31.3552,55.7319],[31.4,55.733],[31.4,55.9065],[31.3897,55.92],[31.24,55.92],[31.2,56],[30.6,56.1],[29.6,56.4],[29,56.55],[28.4,56.65],[27.9923,56.6245],[27.9974,56.6038],[28.0287,56.5768],[28.1087,56.5552],[28.1322,56.536],[28.0992,56.5134],[28.0933,56.5016],[28.1045,56.4831],[28.1565,56.4462],[28.1679,56.4271],[28.1643,56.3928],[28.1744,56.3496],[28.2148,56.2814],[28.2153,56.256],[28.1931,56.231],[28.1691,56.1617],[28.1489,56.1424],[28.111,56.1568],[28.0682,56.1476],[28.0511,56.1407],[27.981,56.118],[27.9397,56.1131],[27.9115,56.1002],[27.8807,56.0639],[27.7812,56.0164],[27.7601,55.9754],[27.7444,55.9597],[27.645,55.9228],[27.6172,55.8786],[27.6101,55.831],[27.5927,55.7942],[27.5925,55.7942],[27.5646,55.7922],[27.4388,55.7987],[27.3746,55.8148],[27.361,55.8237],[27.3496,55.8312],[27.3444,55.8282],[27.2824,55.7919],[27.263,55.7872],[27.1732,55.8257],[27.1108,55.8363],[26.9794,55.8263],[26.9578,55.8186],[26.9001,55.7787],[26.8428,55.7193],[26.8228,55.7061],[26.743,55.6829],[26.6401,55.6956],[26.5945,55.667],[26.6077,55.6165],[26.5956,55.568],[26.5321,55.5163],[26.5277,55.4922],[26.5433,55.4596],[26.5078,55.4391],[26.486,55.3908],[26.4455,55.3375],[26.4658,55.3209],[26.5423,55.3076],[26.6027,55.3169],[26.7686,55.3002],[26.8007,55.2733],[26.7897,55.2572],[26.7399,55.2428],[26.7011,55.2368],[26.657,55.2153],[26.6339,55.1922],[26.6163,55.1354],[26.5789,55.1185],[26.4734,55.1457],[26.4203,55.1281],[26.3095,55.1446],[26.2644,55.1401],[26.233,55.1116],[26.2246,55.0549],[26.1703,54.9933],[26.1386,54.9689],[26.1026,54.957],[25.9811,54.9427],[25.9079,54.9481],[25.8585,54.933],[25.8467,54.9062],[25.7827,54.8697],[25.7723,54.8509],[25.7785,54.8053],[25.7243,54.7801],[25.7246,54.7157],[25.7095,54.6756],[25.7151,54.6432],[25.7399,54.6077],[25.7404,54.5685],[25.7074,54.5415],[25.6462,54.5204],[25.6199,54.4881],[25.6126,54.4218],[25.5947,54.4001],[25.53,54.3461],[25.5287,54.321],[25.564,54.3031],[25.6074,54.3049],[25.6674,54.3233],[25.696,54.321],[25.7154,54.2852],[25.7578,54.269],[25.7868,54.2318],[25.7719,54.2179],[25.771,54.1721],[25.74,54.1463],[25.6906,54.1482],[25.6535,54.1287],[25.543,54.137],[25.4933,54.1575],[25.4858,54.1754],[25.5217,54.1882],[25.5017,54.2218],[25.554,54.2313],[25.4721,54.2972],[25.4341,54.2918],[25.394,54.2572],[25.3697,54.2479],[25.2876,54.2452],[25.2241,54.2586],[25.1935,54.2437],[25.1565,54.1757],[25.1156,54.1488],[25.072,54.1322],[25.0271,54.1279],[24.9483,54.1459],[24.9023,54.1498],[24.851,54.145],[24.8216,54.1345],[24.8182,54.1101],[24.7825,54.0929],[24.8214,54.0199],[24.8194,53.9926],[24.7887,53.9697],[24.7239,53.9634],[24.6908,53.9728],[24.6779,53.9923],[24.5791,53.9756],[24.5287,53.9584],[24.414,53.8977],[24.3779,53.8868],[24.2571,53.894],[24.2291,53.9324],[24.2011,53.9525],[24.1367,53.9554],[24.0454,53.9309],[23.9813,53.9304],[23.9198,53.9478],[23.8283,53.9201],[23.7872,53.9279],[23.7544,53.9168],[23.6919,53.9115],[23.6426,53.899],[23.61,53.9018],[23.5201,53.934],[23.4856,53.9393],[23.4863,53.9227],[23.4,53.75],[23.1,53.68],[22.74,53.49],[22.42,53.19],[22.5,53.05],[22.4,52.75],[22.3942,52.7413]],[[38.0226,61.0419],[38.0415,61.0497],[38.0875,61.0416],[38.1248,61.0174],[38.0452,61.0184],[38.0226,61.0419]]],[[[30.9932,56.95],[31,56.95],[31,56.965],[30.9932,56.95]]],[[[47.5,63.0242],[47.5158,63.0368],[47.5546,63.1212],[47.5546,63.1485],[47.5,63.1506],[47.5,63.0242]]]]}},
{"type":"Feature","properties":{"entityId":"rus-principalities","from":1242,"to":1247,"certainty":"estimated","source":"유럽 쪽은 Natural Earth 1:10m admin-1(v5.1.2) 현대 행정구역 조각을 그 시기 국경에 맞춰 묶고, 조각이 역사 경계와 다른 곳은 선을 그어 나눈 근사. 유럽 밖(시베리아·중앙아시아·극동)은 대략적인 추정. 운영자 검수 필요"},"geometry":{"type":"MultiPolygon","coordinates":[[[[25.75,51.9263],[25.7679,51.9285],[25.9811,51.9035],[26.0808,51.9007],[26.1454,51.8648],[26.1753,51.8567],[26.4078,51.8506],[26.4192,51.8209],[26.4456,51.8056],[26.6657,51.8014],[26.8548,51.7493],[26.9208,51.7425],[27.0216,51.7645],[27.11,51.7624],[27.1779,51.7471],[27.1811,51.6834],[27.2036,51.6551],[27.2775,51.6511],[27.254,51.5954],[27.2675,51.5875],[27.3291,51.597],[27.3884,51.5907],[27.431,51.5984],[27.4773,51.6237],[27.5,51.6233],[27.5,52.245],[27.5231,52.2368],[27.5406,52.2214],[27.5208,52.1835],[27.5267,52.0727],[27.533,52.0603],[27.5991,52.0185],[27.585,51.9902],[27.5256,51.9426],[27.5319,51.9006],[27.5031,51.8445],[27.5563,51.8059],[27.555,51.7503],[27.5095,51.7056],[27.5124,51.6231],[27.6206,51.5959],[27.6768,51.5948],[27.7052,51.5684],[27.6661,51.4902],[27.5859,51.4723],[27.5757,51.4379],[27.5999,51.4091],[27.5836,51.3937],[27.5439,51.4155],[27.52,51.441],[27.5021,51.4402],[27.4903,51.3671],[27.5113,51.3527],[27.4779,51.3153],[27.4221,51.3073],[27.4182,51.2977],[27.4503,51.2556],[27.4491,51.2279],[27.3976,51.1922],[27.3582,51.142],[27.3496,51.0998],[27.2945,51.0437],[27.2323,51.0304],[27.1982,50.9909],[27.2328,50.9249],[27.216,50.9159],[27.2399,50.8904],[27.2241,50.8245],[27.2292,50.7908],[27.2717,50.7374],[27.2435,50.6818],[27.2152,50.6575],[27.1924,50.6185],[27.1969,50.6052],[27.2356,50.583],[27.1923,50.5412],[27.2458,50.5098],[27.2604,50.4901],[27.3046,50.478],[27.2484,50.4413],[27.2289,50.3949],[27.235,50.3797],[27.2792,50.3713],[27.3193,50.3341],[27.4038,50.2982],[27.4036,50.2747],[27.4317,50.2718],[27.4719,50.2518],[27.4885,50.2238],[27.554,50.2203],[27.5825,50.2546],[27.6075,50.2493],[27.6059,50.2067],[27.646,50.1691],[27.6496,50.1527],[27.6272,50.1379],[27.6463,50.1198],[27.6212,50.0793],[27.657,50.0612],[27.6637,50.0326],[27.5977,50.0027],[27.5478,50.0075],[27.5801,49.9485],[27.5487,49.9436],[27.5409,49.9151],[27.5881,49.8979],[27.6042,49.8608],[27.6423,49.8266],[27.6607,49.799],[27.868,49.7601],[27.9568,49.7672],[28.0254,49.7604],[28.1429,49.7783],[28.2391,49.7802],[28.2675,49.7882],[28.3334,49.7725],[28.3905,49.7771],[28.4309,49.8078],[28.519,49.8073],[28.571,49.7867],[28.6346,49.8011],[28.7105,49.7936],[28.7305,49.8024],[28.751,49.8321],[28.811,49.8568],[28.8354,49.8814],[28.9096,49.8724],[28.9153,49.8509],[28.9397,49.8311],[28.9423,49.788],[28.9735,49.7522],[29.0042,49.7309],[28.9561,49.6913],[28.9485,49.6738],[28.9718,49.6622],[28.9972,49.6231],[28.9868,49.5958],[29.1324,49.582],[29.2686,49.5862],[29.2742,49.6082],[29.3538,49.6171],[29.4223,49.6513],[29.4472,49.6509],[29.4963,49.6461],[29.5147,49.6328],[29.4949,49.5923],[29.4963,49.5728],[29.5218,49.5489],[29.5621,49.5357],[29.5662,49.5084],[29.5416,49.4948],[29.5696,49.4438],[29.5608,49.4127],[29.5112,49.3912],[29.4998,49.3657],[29.5315,49.3177],[29.5847,49.3076],[29.648,49.2431],[29.6877,49.2412],[29.6972,49.2273],[29.7363,49.2196],[29.741,49.1845],[29.7779,49.1706],[29.8721,49.179],[29.8771,49.2025],[29.9201,49.2462],[29.9536,49.2613],[30.0136,49.2668],[30.0386,49.2851],[30.117,49.2794],[30.1044,49.3013],[30.1465,49.3286],[30.1829,49.3215],[30.1644,49.2933],[30.1742,49.2825],[30.3495,49.2581],[30.3632,49.2366],[30.3899,49.2386],[30.4279,49.344],[30.4579,49.3489],[30.4942,49.3241],[30.5502,49.3407],[30.5965,49.3318],[30.6194,49.3585],[30.6846,49.3538],[30.73,49.3216],[30.7811,49.3351],[30.8102,49.3524],[30.832,49.3472],[30.8682,49.3606],[30.908,49.3461],[30.9223,49.3821],[30.9462,49.4105],[31.0346,49.4715],[31.0773,49.4907],[31.104,49.5277],[31.1559,49.5564],[31.1568,49.5852],[31.1298,49.5958],[31.1282,49.6144],[31.1728,49.6681],[31.1689,49.692],[31.1881,49.7176],[31.1969,49.7534],[31.1824,49.7702],[31.1989,49.8044],[31.1786,49.8183],[31.212,49.854],[31.2573,49.8614],[31.2589,49.8617],[31.336,49.8967],[31.4302,49.9061],[31.4471,49.9007],[31.4759,49.8547],[31.5022,49.8421],[31.5143,49.8646],[31.5709,49.8627],[31.5864,49.8956],[31.6066,49.8868],[31.6131,49.8581],[31.7075,49.8467],[31.7627,49.8934],[31.7672,49.9178],[31.8068,49.9602],[31.8058,49.9982],[31.8738,50.0308],[31.8496,50.095],[31.9,50.1254],[31.9143,50.1473],[31.9599,50.1497],[31.995,50.1791],[31.9733,50.2161],[32.0043,50.2489],[32.0695,50.2387],[32.101,50.2723],[32.0934,50.2855],[32.1144,50.3061],[32.1392,50.3501],[32.1992,50.3505],[32.2236,50.3432],[32.2543,50.3584],[32.2883,50.3892],[32.3502,50.4079],[32.3759,50.4089],[32.4129,50.3928],[32.4427,50.4069],[32.4832,50.4018],[32.5032,50.3702],[32.628,50.3627],[32.6666,50.3679],[32.7273,50.3579],[32.8121,50.3881],[32.8834,50.4013],[32.9059,50.4295],[32.9552,50.4476],[32.9726,50.4684],[33.0092,50.48],[33.0615,50.5384],[33.0981,50.5245],[33.206,50.5183],[33.2336,50.5403],[33.2848,50.546],[33.3401,50.5252],[33.645,50.4855],[33.7207,50.4627],[33.8416,50.4821],[33.8067,50.5003],[33.813,50.512],[33.8645,50.5269],[33.9131,50.5303],[33.971,50.4934],[34.0476,50.471],[34.0791,50.4973],[34.1078,50.4925],[34.1217,50.5138],[34.1861,50.5276],[34.2124,50.5424],[34.2525,50.5296],[34.2503,50.4555],[34.2585,50.4357],[34.3161,50.3898],[34.3597,50.3658],[34.3774,50.346],[34.362,50.3095],[34.3665,50.2767],[34.3809,50.2639],[34.4263,50.272],[34.4587,50.2257],[34.4956,50.209],[34.504,50.1754],[34.4658,50.1649],[34.4562,50.147],[34.4741,50.1081],[34.5363,50.1244],[34.6337,50.1148],[34.6694,50.1155],[34.7049,50.1509],[34.7451,50.1382],[34.7872,50.157],[34.7925,50.1575],[34.6,50.35],[34.3,50.6],[34.05,50.8],[33.929,50.9613],[33.9,51],[33.72,51.2],[33.7,51.4],[33.95,51.55],[34.1,51.8],[34.1253,51.9517],[34.0962,51.9518],[34.1185,51.9517],[34.1462,51.9516],[34.231,51.8945],[34.2342,51.8783],[34.2767,51.8812],[34.3711,51.8268],[34.4127,51.7777],[34.4142,51.7365],[34.3763,51.7086],[34.2982,51.7061],[34.128,51.6807],[34.0891,51.6666],[34.0795,51.6431],[34.1401,51.6212],[34.1603,51.5761],[34.2024,51.5462],[34.2237,51.5148],[34.2121,51.455],[34.2196,51.4273],[34.1819,51.4023],[34.2305,51.3677],[34.2803,51.3613],[34.3002,51.3684],[34.3087,51.3346],[34.2836,51.3012],[34.2439,51.2741],[34.186,51.2489],[34.2818,51.2264],[34.337,51.2511],[34.409,51.2531],[34.5135,51.2296],[34.5782,51.2367],[34.6224,51.2248],[34.6428,51.1806],[34.6749,51.1677],[34.7481,51.1647],[34.8175,51.1747],[34.9618,51.2153],[34.9994,51.2021],[35.0594,51.2123],[35.0992,51.1832],[35.1238,51.0913],[35.1436,51.0585],[35.1726,51.0406],[35.2065,51.0389],[35.2743,51.0488],[35.3464,51.0366],[35.3551,51.0256],[35.3326,50.9999],[35.2781,50.9927],[35.2822,50.9611],[35.401,50.9533],[35.4494,50.963],[35.5124,50.9471],[35.5042,50.9182],[35.5464,50.9057],[35.5923,50.9211],[35.6129,50.9393],[35.6331,50.924],[35.6772,50.9193],[35.7176,50.9376],[35.7212,50.9672],[35.7457,50.9671],[35.7668,50.9482],[35.8042,50.9382],[35.8556,50.9794],[35.8769,51.0124],[35.9149,51.011],[35.9542,51.0455],[35.9996,51.0577],[35.9525,51.0922],[35.9397,51.1161],[35.9763,51.1575],[36.0406,51.1603],[36.0986,51.1296],[36.2075,51.1251],[36.2443,51.1063],[36.3136,51.1033],[36.3591,51.1258],[36.4037,51.1179],[36.4762,51.0863],[36.4999,51.122],[36.5996,51.0795],[36.6175,51.0798],[36.6526,51.1089],[36.6887,51.1274],[36.8558,51.1858],[36.9302,51.181],[36.9896,51.2004],[37.054,51.2469],[37.0849,51.2504],[37.0984,51.2299],[37.1304,51.2428],[37.1187,51.3015],[37.1442,51.3429],[37.1894,51.3288],[37.2491,51.331],[37.3417,51.3644],[37.3616,51.3844],[37.447,51.3723],[37.4628,51.381],[37.5386,51.3943],[37.581,51.3708],[37.6667,51.3657],[37.7593,51.3885],[37.8286,51.4205],[37.8777,51.4009],[37.9,51.4007],[37.9319,51.4197],[38.0465,51.4197],[38.0518,51.3909],[38.0273,51.3662],[38.1551,51.3293],[38.2011,51.3067],[38.2915,51.2925],[38.3122,51.3094],[38.3234,51.3408],[38.3511,51.3629],[38.3448,51.3731],[38.3012,51.3626],[38.2729,51.4529],[38.2848,51.4739],[38.2693,51.4988],[38.2764,51.5264],[38.221,51.5543],[38.1888,51.587],[38.1402,51.6207],[38.1492,51.6444],[38.2189,51.6318],[38.2015,51.685],[38.2195,51.7078],[38.3396,51.6889],[38.4098,51.6878],[38.5051,51.7319],[38.4751,51.7448],[38.4141,51.7545],[38.3875,51.7851],[38.4264,51.8146],[38.4135,51.854],[38.4098,51.9202],[38.362,51.9301],[38.3039,51.9151],[38.2988,51.961],[38.2322,51.9453],[38.1921,51.9122],[38.1454,51.9278],[38.1015,51.927],[38.0321,51.9011],[37.997,51.879],[37.8911,51.8842],[37.8662,51.9239],[37.8208,51.9122],[37.779,51.952],[37.7778,51.9875],[37.7471,52.0169],[37.7776,52.1615],[37.8322,52.2024],[37.948,52.2456],[38.017,52.2517],[37.9948,52.271],[37.9998,52.2954],[38.0384,52.3445],[37.9907,52.3801],[37.9614,52.4144],[37.909,52.4148],[37.8769,52.4345],[37.88,52.4512],[37.9108,52.4729],[37.8375,52.501],[37.7828,52.5084],[37.7886,52.5417],[37.8122,52.5477],[37.7866,52.5803],[37.7641,52.5746],[37.7118,52.613],[37.7295,52.6136],[37.7509,52.6381],[37.7884,52.6363],[37.8127,52.6484],[37.7766,52.7185],[37.7937,52.7359],[37.8348,52.7462],[37.8707,52.7718],[37.8737,52.7953],[37.8112,52.829],[37.7927,52.8539],[37.8388,52.8905],[37.7949,52.9121],[37.8165,52.9349],[37.8217,52.9678],[37.841,53.0085],[37.8038,53.0739],[37.7874,53.0889],[37.696,53.1364],[37.6631,53.1183],[37.6113,53.1127],[37.5613,53.1688],[37.5543,53.1977],[37.5683,53.289],[37.5557,53.2957],[37.4924,53.2765],[37.4736,53.2776],[37.4271,53.3031],[37.382,53.3089],[37.3272,53.3032],[37.2761,53.2723],[37.1969,53.2507],[37.0882,53.28],[37.0095,53.2835],[36.9908,53.307],[36.9592,53.2921],[36.9171,53.2861],[36.8073,53.2966],[36.7742,53.3072],[36.7151,53.3447],[36.6772,53.3896],[36.6668,53.4159],[36.6142,53.4233],[36.5716,53.3965],[36.5128,53.3951],[36.4445,53.4215],[36.398,53.4285],[36.3716,53.4524],[36.3082,53.4847],[36.3124,53.5088],[36.2316,53.5741],[36.1409,53.5563],[36.0983,53.5559],[36.0556,53.5787],[36.0146,53.5863],[36.0096,53.6183],[35.9902,53.6537],[36.04,53.6839],[36.0564,53.7079],[36.0169,53.7237],[35.9654,53.7221],[35.9315,53.7861],[35.9661,53.8049],[35.9549,53.8311],[35.9138,53.8523],[35.9769,53.8655],[35.9887,53.9163],[36.0271,53.9401],[36.1113,53.961],[36.107,54.0095],[36.1459,54.0463],[36.1908,54.0547],[36.2164,54.0699],[36.2007,54.0982],[36.1545,54.1086],[36.1013,54.0976],[36.0784,54.1222],[36.111,54.1239],[36.113,54.1364],[36.0224,54.1768],[36.031,54.1908],[36.0669,54.2005],[36.1084,54.1955],[36.1481,54.1681],[36.1969,54.1585],[36.2366,54.1948],[36.2372,54.2291],[36.2517,54.2362],[36.2836,54.2207],[36.3538,54.2233],[36.4,54.2095],[36.4158,54.2371],[36.4588,54.2556],[36.4615,54.2882],[36.5548,54.2924],[36.7145,54.3172],[36.741,54.3075],[36.7249,54.2818],[36.7766,54.2805],[36.8342,54.2935],[36.8914,54.2832],[36.926,54.2936],[36.9463,54.3197],[36.9314,54.3605],[36.9654,54.3958],[36.9258,54.4482],[36.9029,54.4616],[36.8635,54.4578],[36.8484,54.4722],[36.8479,54.4753],[36.8405,54.5222],[36.8048,54.553],[36.805,54.6099],[36.8302,54.6167],[36.8855,54.6063],[36.919,54.5863],[36.9951,54.5854],[37.0421,54.5667],[37.0721,54.5361],[37.0886,54.5488],[37.2076,54.6877],[37.2118,54.7109],[37.1833,54.7184],[37.2164,54.7641],[37.2284,54.8081],[37.259,54.8358],[37.3841,54.8224],[37.4325,54.8312],[37.4608,54.8223],[37.4848,54.7892],[37.5485,54.7584],[37.5643,54.7365],[37.6713,54.7135],[37.7583,54.7362],[37.7697,54.7774],[37.7499,54.8203],[37.7956,54.8247],[37.8437,54.8383],[37.9386,54.8323],[37.9574,54.8035],[37.9583,54.7767],[37.9966,54.77],[38.0355,54.7497],[38.0393,54.7137],[38.1049,54.7036],[38.1368,54.6825],[38.1786,54.6899],[38.2188,54.6596],[38.3404,54.6495],[38.3639,54.6567],[38.3935,54.6443],[38.4716,54.6384],[38.4942,54.6226],[38.5166,54.5859],[38.49,54.5797],[38.441,54.5293],[38.3772,54.5148],[38.3904,54.4686],[38.4597,54.4062],[38.4993,54.3931],[38.5138,54.364],[38.5212,54.2888],[38.5951,54.2716],[38.6751,54.2447],[38.7121,54.2717],[38.7245,54.33],[38.7369,54.3451],[38.8257,54.3805],[38.8555,54.3733],[38.9088,54.3977],[38.919,54.4121],[38.8874,54.4266],[38.7977,54.4512],[38.7876,54.4777],[38.7943,54.5001],[38.7814,54.5538],[38.8204,54.6019],[38.9091,54.618],[38.9325,54.616],[38.9567,54.5934],[39.0401,54.6246],[39.14,54.6281],[39.1765,54.6355],[39.2321,54.6353],[39.2445,54.6564],[39.2379,54.711],[39.2649,54.7197],[39.3287,54.7175],[39.3559,54.7396],[39.3284,54.7484],[39.3714,54.8028],[39.3742,54.8406],[39.3977,54.8761],[39.449,54.8978],[39.4884,54.9408],[39.5444,54.9695],[39.5914,54.9822],[39.6026,55.0059],[39.6845,55.0207],[39.7558,55.0165],[39.8128,54.9975],[39.8882,55.0813],[39.8858,55.1015],[39.8446,55.1219],[39.8097,55.1183],[39.7749,55.1012],[39.7419,55.1078],[39.7202,55.126],[39.7565,55.1394],[39.827,55.1826],[39.9198,55.1868],[40.0014,55.2004],[40.1311,55.2544],[40.2065,55.3093],[40.2439,55.3365],[40.2946,55.3324],[40.3454,55.34],[40.358,55.3238],[40.3277,55.315],[40.3227,55.2938],[40.4001,55.2873],[40.5168,55.3277],[40.5454,55.3093],[40.5322,55.2926],[40.5645,55.269],[40.5539,55.2546],[40.6211,55.2052],[40.6774,55.2134],[40.7294,55.2039],[40.786,55.2222],[40.8435,55.2263],[40.8789,55.2409],[40.891,55.2606],[40.9646,55.2604],[41.0042,55.2335],[41.0365,55.2219],[41.0466,55.1832],[41.0809,55.1474],[41.0955,55.1481],[41.0874,55.1915],[41.11,55.2044],[41.1871,55.221],[41.2634,55.213],[41.2989,55.2032],[41.3652,55.1731],[41.4116,55.131],[41.4413,55.1312],[41.4966,55.157],[41.5823,55.1414],[41.6583,55.1089],[41.7185,55.1249],[41.7832,55.1191],[41.8702,55.1576],[41.9007,55.2045],[41.8587,55.2409],[41.9541,55.2777],[41.9564,55.2964],[41.933,55.3299],[41.9527,55.3386],[42.0006,55.3373],[42.0134,55.3731],[42.0756,55.3932],[42.117,55.4217],[42.1336,55.4587],[42.0684,55.4813],[42.0688,55.55],[46.1083,55.55],[46.1038,55.5727],[46.0485,55.6167],[46.0126,55.6266],[45.9753,55.6191],[45.9572,55.6326],[45.9201,55.688],[45.9679,55.7427],[46.0013,55.7348],[46.0077,55.7495],[45.9883,55.7768],[46.0167,55.7785],[46.0938,55.808],[46.1004,55.8327],[46.088,55.8597],[46.1341,55.8939],[46.0988,55.9408],[46.1502,55.9735],[46.2008,56.0246],[46.214,56.0498],[46.1564,56.0412],[46.1299,56.0598],[46.0922,56.0564],[46.0953,56.0934],[46.0674,56.1092],[46.0795,56.136],[46.0677,56.1819],[46.0264,56.1798],[45.91,56.2338],[45.8738,56.2588],[45.88,56.3077],[45.9354,56.316],[45.9461,56.325],[45.9224,56.3803],[45.9486,56.4082],[45.949,56.4332],[45.876,56.4402],[45.7887,56.4248],[45.7609,56.4606],[45.6627,56.4609],[45.6299,56.5148],[45.6498,56.5455],[45.6385,56.5711],[45.651,56.5908],[45.6951,56.6016],[45.7392,56.6256],[45.8589,56.6291],[45.9218,56.6523],[45.9276,56.6629],[45.896,56.6897],[45.9127,56.7363],[45.9145,56.792],[45.9381,56.8227],[45.9586,56.8721],[46.0382,56.8696],[46.095,56.8812],[46.2199,56.8932],[46.268,56.9047],[46.3127,56.907],[46.3188,56.9436],[46.336,56.9521],[46.5129,56.9401],[46.5342,56.9198],[46.5585,56.9286],[46.601,56.92],[46.6627,56.9391],[46.6682,56.965],[46.7149,56.9663],[46.7514,56.9783],[46.7131,57.0124],[46.7626,57.0302],[46.7561,57.0742],[46.7605,57.1293],[46.7312,57.1907],[46.7422,57.2046],[46.8344,57.1997],[46.8448,57.2291],[46.8083,57.2424],[46.7898,57.2813],[46.6952,57.3205],[46.6867,57.3631],[46.748,57.3807],[46.7292,57.3974],[46.6952,57.4001],[46.7072,57.4237],[46.7382,57.4276],[46.7904,57.4512],[46.7501,57.5173],[46.7876,57.5273],[46.8224,57.512],[46.9123,57.5149],[47.0007,57.4935],[47.0542,57.4983],[47.1368,57.5304],[47.2153,57.5508],[47.2487,57.5673],[47.3584,57.5543],[47.386,57.5351],[47.471,57.5285],[47.4865,57.5758],[47.5212,57.5861],[47.5449,57.6567],[47.5302,57.6999],[47.5727,57.7441],[47.5589,57.7707],[47.5721,57.8104],[47.6121,57.8385],[47.6647,57.8512],[47.7149,57.8715],[47.7623,57.876],[47.7638,57.9121],[47.7031,57.9584],[47.6425,57.9562],[47.4515,57.9874],[47.3884,58.0195],[47.3542,58.0255],[46.9916,58.0244],[46.5964,58.0264],[46.5067,58.035],[46.4784,58.0235],[46.4299,58.0205],[46.3814,58.0558],[46.3413,58.0746],[46.3425,58.0989],[46.313,58.1112],[46.3627,58.1884],[46.4069,58.2087],[46.4157,58.2289],[46.4088,58.2762],[46.4219,58.3146],[46.4773,58.3339],[46.4739,58.3487],[46.4113,58.3536],[46.4583,58.381],[46.541,58.3973],[46.5841,58.4304],[46.5933,58.4514],[46.5565,58.4732],[46.5541,58.4877],[46.5869,58.5177],[46.5931,58.5606],[46.6325,58.5807],[46.6873,58.5669],[46.8142,58.5846],[46.8854,58.6051],[46.9857,58.6138],[47.0102,58.629],[47.0039,58.6845],[47.02,58.7038],[47.0816,58.7386],[47.1199,58.775],[47.1624,58.7696],[47.1955,58.753],[47.2596,58.7563],[47.3165,58.7978],[47.2866,58.8166],[47.2995,58.8594],[47.2819,58.893],[47.3193,58.9156],[47.3843,58.907],[47.4524,58.9211],[47.4772,58.8862],[47.6022,58.9067],[47.6016,58.9217],[47.5704,58.9565],[47.5499,58.998],[47.5709,59.0599],[47.5288,59.078],[47.4512,59.1317],[47.442,59.1642],[47.4016,59.1507],[47.3787,59.1531],[47.2392,59.2202],[47.2315,59.247],[47.2524,59.3555],[47.0563,59.3785],[47.1135,59.6113],[47.1367,59.6979],[47.1339,59.725],[47.1126,59.7527],[47.0572,59.7687],[46.9573,59.7818],[46.9349,59.7891],[46.9226,59.8439],[47.0364,60.0995],[47.0213,60.1219],[46.909,60.1253],[46.8465,60.079],[46.809,60.0708],[46.7458,60.0783],[46.7344,60.0649],[46.6833,60.0625],[46.6627,60.0774],[46.6085,60.0673],[46.5059,60.1053],[46.4661,60.1131],[46.4041,60.1068],[46.3656,60.1252],[46.3755,60.1389],[46.3491,60.2144],[46.3017,60.2419],[46.3126,60.2547],[46.3546,60.2508],[46.4408,60.2714],[46.4915,60.2626],[46.5555,60.2622],[46.6367,60.2736],[46.7281,60.2557],[46.7495,60.2611],[46.8071,60.3183],[46.8093,60.3485],[46.8258,60.369],[46.821,60.3925],[46.8526,60.4275],[46.8768,60.4874],[46.8625,60.5073],[46.9403,60.5382],[46.9665,60.5593],[47.0488,60.5752],[47.0244,60.6012],[47.0209,60.6393],[46.9635,60.6539],[47.0423,60.7479],[47.0838,60.8186],[47.0429,60.8538],[47.0832,60.8751],[47.0965,60.9378],[47.1176,60.967],[47.1841,60.9924],[47.2018,61.0198],[47.1961,61.0483],[47.2448,61.0562],[47.4896,61.047],[47.5685,61.0591],[47.6187,61.0536],[47.6642,61.0347],[47.766,61.0287],[47.8733,61.0018],[47.942,61.0081],[47.9655,60.9994],[47.9698,60.9343],[47.9842,60.8965],[48.06,60.8828],[48.419,60.8538],[48.4465,60.9841],[48.4843,61.0338],[48.5093,61.0477],[48.8887,61.1412],[48.9098,61.1408],[48.9494,61.1199],[49.0979,61.175],[49.1815,61.1813],[49.2805,61.1737],[49.3022,61.1762],[49.322,61.2029],[49.4223,61.455],[49.4614,61.5861],[49.4173,61.6183],[49.3628,61.6238],[49.0968,61.6581],[49.0516,61.691],[49.2127,62.0911],[49.2209,62.1012],[49.2734,62.1095],[49.2595,62.1371],[49.2744,62.1421],[49.3616,62.1396],[49.3694,62.1494],[49.609,62.7702],[48.8751,62.8291],[48.7145,62.8155],[48.6808,62.7318],[48.657,62.7071],[48.6286,62.7058],[48.3661,62.7293],[48.3339,62.7044],[48.2368,62.473],[48.2364,62.4519],[48.2574,62.429],[48.3045,62.3968],[48.3042,62.3506],[48.2908,62.3216],[48.2247,62.317],[47.7511,62.3218],[47.6498,62.2967],[47.6377,62.2116],[47.621,62.1855],[47.5938,62.1823],[47.4781,62.1847],[47.4134,62.1928],[47.3985,62.2213],[47.405,62.2896],[47.3863,62.3204],[47.2349,62.3515],[47.2271,62.3796],[47.2314,62.4389],[46.5,62],[44.5,61.7],[44.5,60.9445],[44.4553,60.947],[44.2058,60.9718],[44.1575,60.9948],[44.1687,61.0657],[44.1585,61.0824],[44.053,61.0792],[44.0177,61.0528],[43.9584,61.0487],[43.8753,61.0229],[43.8351,61.0319],[43.776,61.0208],[43.7541,60.946],[43.7289,60.911],[43.746,60.9],[43.7154,60.8845],[43.6488,60.878],[43.5361,60.8531],[43.5204,60.8293],[43.5223,60.7791],[43.5109,60.7675],[43.2266,60.7848],[43.1499,60.806],[43.1353,60.8006],[43.0488,60.7402],[42.9799,60.7369],[42.9765,60.7561],[42.9439,60.7897],[42.9137,60.7789],[42.907,60.8137],[42.8231,60.8553],[42.6505,60.8631],[42.6149,60.8576],[42.5642,60.8357],[42.5616,60.7973],[42.5287,60.7793],[42.4672,60.7912],[42.4239,60.7721],[42.3948,60.7694],[42.0239,60.8358],[41.9668,60.8311],[41.9265,60.8455],[41.9154,60.8594],[41.9606,60.886],[41.9424,60.9121],[41.9165,60.9149],[41.9014,60.897],[41.868,60.9112],[41.8009,60.899],[41.7563,60.8582],[41.7194,60.8402],[41.6681,60.8479],[41.6508,60.8863],[41.6374,60.8911],[41.5185,60.8992],[41.3822,60.8511],[41.4119,60.8072],[41.4121,60.7912],[41.3577,60.7222],[41.3399,60.676],[41.343,60.646],[41.2803,60.664],[41.2295,60.6556],[41.0593,60.6497],[41.0123,60.667],[40.8191,60.711],[40.7626,60.7388],[40.7465,60.7797],[40.7128,60.7585],[40.679,60.7547],[40.6213,60.7282],[40.5551,60.7198],[40.5344,60.7246],[40.5035,60.7557],[40.4655,60.7746],[40.4076,60.784],[40.3754,60.766],[40.3865,60.7319],[40.3515,60.708],[40.2224,60.6951],[40.1564,60.6726],[40.0721,60.6831],[40.0393,60.6809],[40.0049,60.6578],[39.9235,60.6519],[39.764,60.7369],[39.6938,60.7327],[39.6482,60.746],[39.5975,60.7333],[39.4244,60.709],[39.3849,60.6886],[39.3382,60.684],[39.2893,60.7052],[39.1861,60.7148],[39.1706,60.702],[39.1956,60.6732],[39.1906,60.6529],[39.1695,60.6858],[39.0682,60.7141],[39.033,60.7311],[39.0093,60.7621],[38.9829,60.7727],[38.967,60.8002],[38.9477,60.8027],[38.9231,60.7727],[38.8695,60.7738],[38.8303,60.7434],[38.8114,60.7179],[38.7895,60.7128],[38.6613,60.7114],[38.6327,60.7232],[38.5995,60.7835],[38.5742,60.7991],[38.4301,60.8047],[38.4209,60.8112],[38.4185,60.874],[38.3857,60.9382],[38.3617,60.9551],[38.3286,60.9102],[38.2454,60.9132],[38.213,60.924],[38.1705,60.9753],[38.1981,61.026],[38.1449,61.073],[38.1504,61.0985],[38.177,61.1208],[38.1663,61.1331],[38.0891,61.1559],[38.0405,61.1401],[37.9806,61.1407],[37.9645,61.1484],[37.973,61.2047],[37.9425,61.2161],[37.9014,61.2632],[37.9,61.2639],[37.9,60.45],[35.2515,60.45],[35.2517,60.4454],[35.2341,60.3793],[35.2311,60.3412],[35.1827,60.2888],[35.1474,60.2688],[35.1521,60.2083],[35.1466,60.1307],[35.1765,60.1054],[35.1571,60.067],[35.0872,60.0409],[35.0973,60.0161],[35.1622,60.0108],[35.2379,59.9855],[35.2926,59.9846],[35.3229,59.973],[35.4037,59.9743],[35.4742,59.9229],[35.4114,59.9041],[35.3825,59.8754],[35.3854,59.7969],[35.3979,59.7295],[35.4236,59.7011],[35.4649,59.6944],[35.5318,59.6986],[35.6075,59.7124],[35.6387,59.7003],[35.6342,59.6402],[35.5929,59.6228],[35.5046,59.652],[35.4958,59.5535],[35.4832,59.5381],[35.4369,59.5293],[35.5018,59.501],[35.4615,59.4823],[35.3237,59.5067],[35.2889,59.4993],[35.3046,59.4844],[35.3676,59.4718],[35.4028,59.4432],[35.4485,59.4277],[35.4445,59.4082],[35.3937,59.3621],[35.329,59.349],[35.3189,59.328],[35.3755,59.3148],[35.3819,59.3003],[35.3012,59.301],[35.2437,59.2943],[35.193,59.269],[35.1347,59.2544],[35.038,59.2513],[34.9575,59.2267],[34.9327,59.2458],[34.9005,59.2379],[34.8723,59.2099],[34.8572,59.1803],[34.812,59.1463],[34.7981,59.1024],[34.7299,59.1032],[34.7364,59.0668],[34.7959,59.0486],[34.8724,59.0535],[34.8785,59.0434],[34.8315,58.991],[34.8377,58.9851],[34.9485,58.9659],[34.964,58.9443],[35.0255,58.942],[35.0243,58.9241],[35.062,58.9174],[35.1308,58.9373],[35.1716,58.9228],[35.1401,58.8888],[35.1246,58.815],[35.1809,58.8264],[35.2201,58.8248],[35.2125,58.7979],[35.2657,58.7648],[35.288,58.7638],[35.3106,58.803],[35.3985,58.8435],[35.5025,58.841],[35.5386,58.831],[35.6117,58.8298],[35.6166,58.8169],[35.6798,58.8159],[35.7141,58.8324],[35.7512,58.8265],[35.8101,58.7948],[35.8172,58.7804],[35.7653,58.7774],[35.7749,58.7543],[35.8361,58.7447],[35.8863,58.7533],[35.9568,58.7522],[35.979,58.7292],[36.0276,58.7215],[36.0607,58.7069],[36.1263,58.6955],[36.1472,58.6433],[36.1394,58.6168],[36.2196,58.6122],[36.2349,58.5908],[36.1938,58.5712],[36.1733,58.525],[36.23,58.5138],[36.24,58.5338],[36.2749,58.5355],[36.3148,58.5187],[36.3236,58.4998],[36.4465,58.529],[36.4892,58.5309],[36.5206,58.5585],[36.5182,58.5899],[36.5882,58.6038],[36.6453,58.6448],[36.6804,58.6944],[36.7141,58.696],[36.7049,58.734],[36.7724,58.7207],[36.8129,58.7438],[36.8156,58.7582],[36.7838,58.8065],[36.8324,58.8365],[36.8642,58.8428],[36.9434,58.8344],[37.0115,58.839],[37.063,58.8642],[37.1222,58.866],[37.1752,58.8263],[37.1804,58.7786],[37.3696,58.6444],[37.4454,58.5947],[37.4986,58.5798],[37.5398,58.5397],[37.5927,58.5146],[37.6263,58.4902],[37.6543,58.4497],[37.644,58.4294],[37.5881,58.417],[37.5345,58.3968],[37.4962,58.3992],[37.4775,58.4151],[37.4491,58.4075],[37.3698,58.3494],[37.4172,58.3269],[37.42,58.3083],[37.3907,58.2877],[37.3497,58.239],[37.3751,58.2008],[37.4435,58.1828],[37.4968,58.1853],[37.5621,58.1653],[37.5896,58.1351],[37.6344,58.1166],[37.6735,58.083],[37.6617,58.068],[37.6235,58.0697],[37.5487,58.0528],[37.525,58.0296],[37.5425,58.0069],[37.5152,57.9871],[37.4844,57.9808],[37.428,57.9833],[37.3665,57.9771],[37.3709,57.9494],[37.4532,57.9229],[37.4949,57.9174],[37.4955,57.8936],[37.4541,57.8924],[37.3941,57.9036],[37.3509,57.8966],[37.3569,57.8774],[37.4027,57.8735],[37.4167,57.8614],[37.3774,57.8437],[37.3909,57.828],[37.4573,57.828],[37.5234,57.7713],[37.5398,57.7383],[37.6123,57.7227],[37.6507,57.7029],[37.6468,57.686],[37.6682,57.67],[37.7146,57.6587],[37.7641,57.6311],[37.8276,57.6307],[37.81,57.608],[37.8161,57.5506],[37.7984,57.5037],[37.8159,57.55],[35.6,57.55],[35.6,57.7],[35.4,57.5],[34.8,57.35],[34.2,57.25],[33.3,56.95],[32.4,56.95],[32.4,56.15],[33.5,56.15],[33.5,55.7539],[33.5053,55.7552],[33.5694,55.8163],[33.6379,55.8374],[33.67,55.8653],[33.678,55.9081],[33.6504,55.9355],[33.66,55.9462],[33.7362,55.9474],[33.8056,55.9283],[33.8274,55.9298],[33.8381,55.9495],[33.826,55.9756],[33.8452,56.0077],[33.8906,56.0426],[33.8921,56.0657],[33.9166,56.0731],[33.9712,56.0555],[34.0809,56.0553],[34.2007,56.0745],[34.2354,56.0714],[34.2799,56.045],[34.302,56.0054],[34.3232,55.9956],[34.374,56.0145],[34.422,55.9937],[34.5148,55.9632],[34.5513,55.9439],[34.6309,55.9179],[34.6798,55.921],[34.7604,55.9678],[34.8246,55.9521],[35.0315,55.9844],[35.054,55.9831],[35.1015,55.9579],[35.1741,55.9483],[35.207,55.9379],[35.2199,55.9037],[35.249,55.9104],[35.2481,55.876],[35.2786,55.8548],[35.3125,55.8069],[35.3535,55.7794],[35.3338,55.7553],[35.344,55.737],[35.3161,55.7269],[35.3474,55.6653],[35.3971,55.6171],[35.3926,55.5747],[35.3724,55.5622],[35.3031,55.5712],[35.2861,55.5515],[35.3144,55.5311],[35.3165,55.4875],[35.2963,55.4686],[35.3141,55.4318],[35.292,55.3809],[35.3012,55.2991],[35.3697,55.2388],[35.3487,55.2066],[35.3004,55.1859],[35.3096,55.1677],[35.2824,55.1514],[35.2845,55.1121],[35.2257,55.055],[35.144,55.0217],[35.1249,55.0018],[35.1441,54.9844],[35.1313,54.9616],[35.0649,54.9571],[35.0222,54.925],[34.9921,54.882],[34.9435,54.8941],[34.8658,54.8838],[34.8528,54.8144],[34.8719,54.8024],[34.921,54.7716],[34.8444,54.7328],[34.8173,54.7094],[34.7089,54.6861],[34.654,54.6629],[34.5811,54.6766],[34.5159,54.6767],[34.4667,54.6861],[34.4245,54.6854],[34.415,54.6753],[34.4866,54.6558],[34.4996,54.632],[34.4653,54.5854],[34.4357,54.5119],[34.3868,54.499],[34.4158,54.4508],[34.3746,54.4217],[34.3261,54.4296],[34.2125,54.5051],[34.1075,54.5503],[34.0257,54.5521],[33.9268,54.5723],[33.8888,54.5587],[33.8281,54.5642],[33.804,54.5571],[33.7287,54.5617],[33.6756,54.5007],[33.6427,54.4855],[33.6428,54.4689],[33.67,54.4631],[33.6691,54.441],[33.6379,54.4231],[33.6167,54.381],[33.6298,54.3595],[33.6837,54.3213],[33.673,54.2962],[33.6465,54.2838],[33.6273,54.2597],[33.587,54.2483],[33.619,54.2335],[33.6137,54.1791],[33.562,54.1562],[33.5586,54.1292],[33.5265,54.1112],[33.5501,54.101],[33.4646,54.0852],[33.4242,54.0489],[33.4403,54.0374],[33.4874,54.0362],[33.5012,54.0158],[33.445,53.9991],[33.4746,53.9718],[33.3884,53.9538],[33.4091,53.9812],[33.3491,53.9824],[33.3055,53.9583],[33.2457,53.9513],[33.2663,53.9163],[33.2475,53.8897],[33.2824,53.8566],[33.289,53.8217],[33.2531,53.8035],[33.2039,53.7925],[33.2134,53.7685],[33.1985,53.732],[33.1303,53.7185],[33.0568,53.6763],[33.008,53.6317],[32.956,53.6102],[32.899,53.5687],[32.8904,53.5408],[32.9081,53.4935],[32.8471,53.4318],[32.8262,53.4443],[32.7662,53.4144],[32.7365,53.4383],[32.7178,53.4311],[32.7012,53.4621],[32.6582,53.4557],[32.6417,53.469],[32.6503,53.4876],[32.6006,53.4924],[32.5768,53.486],[32.5543,53.5108],[32.4529,53.5464],[32.4115,53.5824],[32.3991,53.6354],[32.4806,53.6624],[32.4878,53.6847],[32.4616,53.7068],[32.4216,53.7158],[32.3718,53.7144],[32.2904,53.7609],[32.1648,53.7817],[32.106,53.8069],[32.0836,53.8096],[31.8732,53.7771],[31.7873,53.7944],[31.7447,53.7949],[31.7538,53.8196],[31.8101,53.8826],[31.8465,53.9923],[31.8139,54.0571],[31.7713,54.0485],[31.7481,54.0863],[31.7258,54.0975],[31.6669,54.1019],[31.5831,54.1295],[31.5064,54.1439],[31.3247,54.2292],[31.2992,54.2726],[31.2848,54.3474],[31.2487,54.3768],[31.209,54.448],[31.179,54.4534],[31.1679,54.4671],[31.0936,54.4794],[31.0646,54.4923],[31.0896,54.5359],[31.1395,54.5829],[31.1679,54.6216],[31.1286,54.6404],[31.1052,54.6683],[30.999,54.6713],[30.9806,54.7057],[30.8273,54.771],[30.7706,54.786],[30.7681,54.8299],[30.8261,54.8775],[30.8148,54.928],[30.8386,54.9392],[30.8995,54.9464],[30.9361,54.9732],[30.9066,55.0126],[30.9132,55.0246],[30.9806,55.0187],[31.0056,55.023],[31.0064,55.0424],[30.9703,55.1014],[30.984,55.1309],[30.9588,55.1444],[30.9598,55.1626],[30.8865,55.2045],[30.8568,55.2535],[30.8041,55.273],[30.7943,55.2855],[30.8112,55.3231],[30.8456,55.3511],[30.9059,55.376],[30.9186,55.4076],[30.8891,55.4334],[30.8872,55.4681],[30.9194,55.4923],[30.8994,55.4991],[30.9197,55.5345],[30.9071,55.5778],[30.9263,55.6025],[30.9529,55.6597],[31.0366,55.7081],[31.0473,55.7685],[31.1869,55.7372],[31.2118,55.7182],[31.2257,55.7275],[31.2924,55.7367],[31.3256,55.7227],[31.3552,55.7319],[31.4,55.733],[31.4,55.9065],[31.3897,55.92],[31.24,55.92],[31.2,56],[30.6,56.1],[29.6,56.4],[29,56.55],[28.4,56.65],[27.9923,56.6245],[27.9974,56.6038],[28.0287,56.5768],[28.1087,56.5552],[28.1322,56.536],[28.0992,56.5134],[28.0933,56.5016],[28.1045,56.4831],[28.1565,56.4462],[28.1679,56.4271],[28.1643,56.3928],[28.1744,56.3496],[28.2148,56.2814],[28.2153,56.256],[28.1931,56.231],[28.1691,56.1617],[28.1489,56.1424],[28.111,56.1568],[28.0682,56.1476],[28.0511,56.1407],[27.981,56.118],[27.9397,56.1131],[27.9115,56.1002],[27.8807,56.0639],[27.7812,56.0164],[27.7601,55.9754],[27.7444,55.9597],[27.645,55.9228],[27.6172,55.8786],[27.6101,55.831],[27.5927,55.7942],[27.5925,55.7942],[27.5646,55.7922],[27.4388,55.7987],[27.3746,55.8148],[27.361,55.8237],[27.3496,55.8312],[27.3444,55.8282],[27.2824,55.7919],[27.263,55.7872],[27.1732,55.8257],[27.1108,55.8363],[26.9794,55.8263],[26.9578,55.8186],[26.9001,55.7787],[26.8428,55.7193],[26.8228,55.7061],[26.743,55.6829],[26.6401,55.6956],[26.5945,55.667],[26.6077,55.6165],[26.5956,55.568],[26.5321,55.5163],[26.5277,55.4922],[26.5433,55.4596],[26.5078,55.4391],[26.486,55.3908],[26.4455,55.3375],[26.4658,55.3209],[26.5423,55.3076],[26.6027,55.3169],[26.7686,55.3002],[26.8007,55.2733],[26.7897,55.2572],[26.7399,55.2428],[26.7011,55.2368],[26.657,55.2153],[26.6339,55.1922],[26.6163,55.1354],[26.5789,55.1185],[26.4734,55.1457],[26.4203,55.1281],[26.3095,55.1446],[26.2644,55.1401],[26.233,55.1116],[26.2246,55.0549],[26.1703,54.9933],[26.2479,54.9698],[26.2536,54.9461],[26.2777,54.929],[26.3131,54.9457],[26.3481,54.9433],[26.3171,54.9238],[26.339,54.8908],[26.3376,54.8635],[26.3829,54.8331],[26.4251,54.8256],[26.501,54.7623],[26.5418,54.7475],[26.5448,54.7006],[26.5948,54.6362],[26.6315,54.6259],[26.6753,54.6339],[26.6824,54.5795],[26.6527,54.5736],[26.6383,54.5308],[26.5931,54.5455],[26.5938,54.5148],[26.6138,54.4837],[26.6098,54.458],[26.5739,54.4342],[26.5004,54.3144],[26.4689,54.2788],[26.4063,54.2411],[26.2954,54.2287],[26.2167,54.2307],[26.1586,54.2006],[26.1132,54.1993],[26.0851,54.1646],[26.0769,54.1327],[26.1259,54.1205],[26.1434,54.1414],[26.1785,54.1294],[26.1697,54.0667],[26.2033,54.0345],[26.2666,54.0401],[26.2889,54.0606],[26.3336,54.0572],[26.3683,54.0048],[26.4277,54.0036],[26.4343,53.9894],[26.4192,53.9518],[26.3712,53.9404],[26.3409,53.9009],[26.2446,53.8778],[26.2184,53.866],[26.2158,53.8295],[26.3027,53.8031],[26.2988,53.7826],[26.2617,53.7787],[26.2533,53.7341],[26.294,53.7104],[26.3379,53.7041],[26.3396,53.6765],[26.357,53.6558],[26.4204,53.6447],[26.462,53.6311],[26.4811,53.5944],[26.5142,53.5531],[26.4932,53.5036],[26.5351,53.504],[26.548,53.482],[26.5439,53.4347],[26.5595,53.4012],[26.3765,53.3645],[26.3723,53.3193],[26.3911,53.3],[25.75,53.3],[25.75,51.9263]],[[38.0226,61.0419],[38.0415,61.0497],[38.0875,61.0416],[38.1248,61.0174],[38.0452,61.0184],[38.0226,61.0419]]],[[[30.9932,56.95],[31,56.95],[31,56.965],[30.9932,56.95]]],[[[47.5,63.0242],[47.5158,63.0368],[47.5546,63.1212],[47.5546,63.1485],[47.5,63.1506],[47.5,63.0242]]]]}},
{"type":"Feature","properties":{"entityId":"rus-principalities","from":1247,"to":1283,"certainty":"estimated","source":"유럽 쪽은 Natural Earth 1:10m admin-1(v5.1.2) 현대 행정구역 조각을 그 시기 국경에 맞춰 묶고, 조각이 역사 경계와 다른 곳은 선을 그어 나눈 근사. 유럽 밖(시베리아·중앙아시아·극동)은 대략적인 추정. 운영자 검수 필요"},"geometry":{"type":"MultiPolygon","coordinates":[[[[25.75,51.9263],[25.7679,51.9285],[25.9811,51.9035],[26.0808,51.9007],[26.1454,51.8648],[26.1753,51.8567],[26.4078,51.8506],[26.4192,51.8209],[26.4456,51.8056],[26.6657,51.8014],[26.8548,51.7493],[26.9208,51.7425],[27.0216,51.7645],[27.11,51.7624],[27.1779,51.7471],[27.1811,51.6834],[27.2036,51.6551],[27.2775,51.6511],[27.254,51.5954],[27.2675,51.5875],[27.3291,51.597],[27.3884,51.5907],[27.431,51.5984],[27.4773,51.6237],[27.5,51.6233],[27.5,52.245],[27.5231,52.2368],[27.5406,52.2214],[27.5208,52.1835],[27.5267,52.0727],[27.533,52.0603],[27.5991,52.0185],[27.585,51.9902],[27.5256,51.9426],[27.5319,51.9006],[27.5031,51.8445],[27.5563,51.8059],[27.555,51.7503],[27.5095,51.7056],[27.5124,51.6231],[27.6206,51.5959],[27.6768,51.5948],[27.7052,51.5684],[27.6661,51.4902],[27.5859,51.4723],[27.5757,51.4379],[27.5999,51.4091],[27.5836,51.3937],[27.5439,51.4155],[27.52,51.441],[27.5021,51.4402],[27.4903,51.3671],[27.5113,51.3527],[27.4779,51.3153],[27.4221,51.3073],[27.4182,51.2977],[27.4503,51.2556],[27.4491,51.2279],[27.3976,51.1922],[27.3582,51.142],[27.3496,51.0998],[27.2945,51.0437],[27.2323,51.0304],[27.1982,50.9909],[27.2328,50.9249],[27.216,50.9159],[27.2399,50.8904],[27.2241,50.8245],[27.2292,50.7908],[27.2717,50.7374],[27.2435,50.6818],[27.2152,50.6575],[27.1924,50.6185],[27.1969,50.6052],[27.2356,50.583],[27.1923,50.5412],[27.2458,50.5098],[27.2604,50.4901],[27.3046,50.478],[27.2484,50.4413],[27.2289,50.3949],[27.235,50.3797],[27.2792,50.3713],[27.3193,50.3341],[27.4038,50.2982],[27.4036,50.2747],[27.4317,50.2718],[27.4719,50.2518],[27.4885,50.2238],[27.554,50.2203],[27.5825,50.2546],[27.6075,50.2493],[27.6059,50.2067],[27.646,50.1691],[27.6496,50.1527],[27.6272,50.1379],[27.6463,50.1198],[27.6212,50.0793],[27.657,50.0612],[27.6637,50.0326],[27.5977,50.0027],[27.5478,50.0075],[27.5801,49.9485],[27.5487,49.9436],[27.5409,49.9151],[27.5881,49.8979],[27.6042,49.8608],[27.6423,49.8266],[27.6607,49.799],[27.868,49.7601],[27.9568,49.7672],[28.0254,49.7604],[28.1429,49.7783],[28.2391,49.7802],[28.2675,49.7882],[28.3334,49.7725],[28.3905,49.7771],[28.4309,49.8078],[28.519,49.8073],[28.571,49.7867],[28.6346,49.8011],[28.7105,49.7936],[28.7305,49.8024],[28.751,49.8321],[28.811,49.8568],[28.8354,49.8814],[28.9096,49.8724],[28.9153,49.8509],[28.9397,49.8311],[28.9423,49.788],[28.9735,49.7522],[29.0042,49.7309],[28.9561,49.6913],[28.9485,49.6738],[28.9718,49.6622],[28.9972,49.6231],[28.9868,49.5958],[29.1324,49.582],[29.2686,49.5862],[29.2742,49.6082],[29.3538,49.6171],[29.4223,49.6513],[29.4472,49.6509],[29.4963,49.6461],[29.5147,49.6328],[29.4949,49.5923],[29.4963,49.5728],[29.5218,49.5489],[29.5621,49.5357],[29.5662,49.5084],[29.5416,49.4948],[29.5696,49.4438],[29.5608,49.4127],[29.5112,49.3912],[29.4998,49.3657],[29.5315,49.3177],[29.5847,49.3076],[29.648,49.2431],[29.6877,49.2412],[29.6972,49.2273],[29.7363,49.2196],[29.741,49.1845],[29.7779,49.1706],[29.8721,49.179],[29.8771,49.2025],[29.9201,49.2462],[29.9536,49.2613],[30.0136,49.2668],[30.0386,49.2851],[30.117,49.2794],[30.1044,49.3013],[30.1465,49.3286],[30.1829,49.3215],[30.1644,49.2933],[30.1742,49.2825],[30.3495,49.2581],[30.3632,49.2366],[30.3899,49.2386],[30.4279,49.344],[30.4579,49.3489],[30.4942,49.3241],[30.5502,49.3407],[30.5965,49.3318],[30.6194,49.3585],[30.6846,49.3538],[30.73,49.3216],[30.7811,49.3351],[30.8102,49.3524],[30.832,49.3472],[30.8682,49.3606],[30.908,49.3461],[30.9223,49.3821],[30.9462,49.4105],[31.0346,49.4715],[31.0773,49.4907],[31.104,49.5277],[31.1559,49.5564],[31.1568,49.5852],[31.1298,49.5958],[31.1282,49.6144],[31.1728,49.6681],[31.1689,49.692],[31.1881,49.7176],[31.1969,49.7534],[31.1824,49.7702],[31.1989,49.8044],[31.1786,49.8183],[31.212,49.854],[31.2573,49.8614],[31.2589,49.8617],[31.336,49.8967],[31.4302,49.9061],[31.4471,49.9007],[31.4759,49.8547],[31.5022,49.8421],[31.5143,49.8646],[31.5709,49.8627],[31.5864,49.8956],[31.6066,49.8868],[31.6131,49.8581],[31.7075,49.8467],[31.7627,49.8934],[31.7672,49.9178],[31.8068,49.9602],[31.8058,49.9982],[31.8738,50.0308],[31.8496,50.095],[31.9,50.1254],[31.9143,50.1473],[31.9599,50.1497],[31.995,50.1791],[31.9733,50.2161],[32.0043,50.2489],[32.0695,50.2387],[32.101,50.2723],[32.0934,50.2855],[32.1144,50.3061],[32.1392,50.3501],[32.1992,50.3505],[32.2236,50.3432],[32.2543,50.3584],[32.2883,50.3892],[32.3502,50.4079],[32.3759,50.4089],[32.4129,50.3928],[32.4427,50.4069],[32.4832,50.4018],[32.5032,50.3702],[32.628,50.3627],[32.6666,50.3679],[32.7273,50.3579],[32.8121,50.3881],[32.8834,50.4013],[32.9059,50.4295],[32.9552,50.4476],[32.9726,50.4684],[33.0092,50.48],[33.0615,50.5384],[33.0981,50.5245],[33.206,50.5183],[33.2336,50.5403],[33.2848,50.546],[33.3401,50.5252],[33.645,50.4855],[33.7207,50.4627],[33.8416,50.4821],[33.8067,50.5003],[33.813,50.512],[33.8645,50.5269],[33.9131,50.5303],[33.971,50.4934],[34.0476,50.471],[34.0791,50.4973],[34.1078,50.4925],[34.1217,50.5138],[34.1861,50.5276],[34.2124,50.5424],[34.2525,50.5296],[34.2503,50.4555],[34.2585,50.4357],[34.3161,50.3898],[34.3597,50.3658],[34.3774,50.346],[34.362,50.3095],[34.3665,50.2767],[34.3809,50.2639],[34.4263,50.272],[34.4587,50.2257],[34.4956,50.209],[34.504,50.1754],[34.4658,50.1649],[34.4562,50.147],[34.4741,50.1081],[34.5363,50.1244],[34.6337,50.1148],[34.6694,50.1155],[34.7049,50.1509],[34.7451,50.1382],[34.7872,50.157],[34.7925,50.1575],[34.6,50.35],[34.3,50.6],[34.05,50.8],[33.929,50.9613],[33.9,51],[33.72,51.2],[33.7,51.4],[33.95,51.55],[34.1,51.8],[34.1253,51.9517],[34.0962,51.9518],[34.1185,51.9517],[34.1462,51.9516],[34.231,51.8945],[34.2342,51.8783],[34.2767,51.8812],[34.3711,51.8268],[34.4127,51.7777],[34.4142,51.7365],[34.3763,51.7086],[34.2982,51.7061],[34.128,51.6807],[34.0891,51.6666],[34.0795,51.6431],[34.1401,51.6212],[34.1603,51.5761],[34.2024,51.5462],[34.2237,51.5148],[34.2121,51.455],[34.2196,51.4273],[34.1819,51.4023],[34.2305,51.3677],[34.2803,51.3613],[34.3002,51.3684],[34.3087,51.3346],[34.2836,51.3012],[34.2439,51.2741],[34.186,51.2489],[34.2818,51.2264],[34.337,51.2511],[34.409,51.2531],[34.5135,51.2296],[34.5782,51.2367],[34.6224,51.2248],[34.6428,51.1806],[34.6749,51.1677],[34.7481,51.1647],[34.8175,51.1747],[34.9618,51.2153],[34.9994,51.2021],[35.0594,51.2123],[35.0992,51.1832],[35.1238,51.0913],[35.1436,51.0585],[35.1726,51.0406],[35.2065,51.0389],[35.2743,51.0488],[35.3464,51.0366],[35.3551,51.0256],[35.3326,50.9999],[35.2781,50.9927],[35.2822,50.9611],[35.401,50.9533],[35.4494,50.963],[35.5124,50.9471],[35.5042,50.9182],[35.5464,50.9057],[35.5923,50.9211],[35.6129,50.9393],[35.6331,50.924],[35.6772,50.9193],[35.7176,50.9376],[35.7212,50.9672],[35.7457,50.9671],[35.7668,50.9482],[35.8042,50.9382],[35.8556,50.9794],[35.8769,51.0124],[35.9149,51.011],[35.9542,51.0455],[35.9996,51.0577],[35.9525,51.0922],[35.9397,51.1161],[35.9763,51.1575],[36.0406,51.1603],[36.0986,51.1296],[36.2075,51.1251],[36.2443,51.1063],[36.3136,51.1033],[36.3591,51.1258],[36.4037,51.1179],[36.4762,51.0863],[36.4999,51.122],[36.5996,51.0795],[36.6175,51.0798],[36.6526,51.1089],[36.6887,51.1274],[36.8558,51.1858],[36.9302,51.181],[36.9896,51.2004],[37.054,51.2469],[37.0849,51.2504],[37.0984,51.2299],[37.1304,51.2428],[37.1187,51.3015],[37.1442,51.3429],[37.1894,51.3288],[37.2491,51.331],[37.3417,51.3644],[37.3616,51.3844],[37.447,51.3723],[37.4628,51.381],[37.5386,51.3943],[37.581,51.3708],[37.6667,51.3657],[37.7593,51.3885],[37.8286,51.4205],[37.8777,51.4009],[37.9,51.4007],[37.9319,51.4197],[38.0465,51.4197],[38.0518,51.3909],[38.0273,51.3662],[38.1551,51.3293],[38.2011,51.3067],[38.2915,51.2925],[38.3122,51.3094],[38.3234,51.3408],[38.3511,51.3629],[38.3448,51.3731],[38.3012,51.3626],[38.2729,51.4529],[38.2848,51.4739],[38.2693,51.4988],[38.2764,51.5264],[38.221,51.5543],[38.1888,51.587],[38.1402,51.6207],[38.1492,51.6444],[38.2189,51.6318],[38.2015,51.685],[38.2195,51.7078],[38.3396,51.6889],[38.4098,51.6878],[38.5051,51.7319],[38.4751,51.7448],[38.4141,51.7545],[38.3875,51.7851],[38.4264,51.8146],[38.4135,51.854],[38.4098,51.9202],[38.362,51.9301],[38.3039,51.9151],[38.2988,51.961],[38.2322,51.9453],[38.1921,51.9122],[38.1454,51.9278],[38.1015,51.927],[38.0321,51.9011],[37.997,51.879],[37.8911,51.8842],[37.8662,51.9239],[37.8208,51.9122],[37.779,51.952],[37.7778,51.9875],[37.7471,52.0169],[37.7776,52.1615],[37.8322,52.2024],[37.948,52.2456],[38.017,52.2517],[37.9948,52.271],[37.9998,52.2954],[38.0384,52.3445],[37.9907,52.3801],[37.9614,52.4144],[37.909,52.4148],[37.8769,52.4345],[37.88,52.4512],[37.9108,52.4729],[37.8375,52.501],[37.7828,52.5084],[37.7886,52.5417],[37.8122,52.5477],[37.7866,52.5803],[37.7641,52.5746],[37.7118,52.613],[37.7295,52.6136],[37.7509,52.6381],[37.7884,52.6363],[37.8127,52.6484],[37.7766,52.7185],[37.7937,52.7359],[37.8348,52.7462],[37.8707,52.7718],[37.8737,52.7953],[37.8112,52.829],[37.7927,52.8539],[37.8388,52.8905],[37.7949,52.9121],[37.8165,52.9349],[37.8217,52.9678],[37.841,53.0085],[37.8038,53.0739],[37.7874,53.0889],[37.696,53.1364],[37.6631,53.1183],[37.6113,53.1127],[37.5613,53.1688],[37.5543,53.1977],[37.5683,53.289],[37.5557,53.2957],[37.4924,53.2765],[37.4736,53.2776],[37.4271,53.3031],[37.382,53.3089],[37.3272,53.3032],[37.2761,53.2723],[37.1969,53.2507],[37.0882,53.28],[37.0095,53.2835],[36.9908,53.307],[36.9592,53.2921],[36.9171,53.2861],[36.8073,53.2966],[36.7742,53.3072],[36.7151,53.3447],[36.6772,53.3896],[36.6668,53.4159],[36.6142,53.4233],[36.5716,53.3965],[36.5128,53.3951],[36.4445,53.4215],[36.398,53.4285],[36.3716,53.4524],[36.3082,53.4847],[36.3124,53.5088],[36.2316,53.5741],[36.1409,53.5563],[36.0983,53.5559],[36.0556,53.5787],[36.0146,53.5863],[36.0096,53.6183],[35.9902,53.6537],[36.04,53.6839],[36.0564,53.7079],[36.0169,53.7237],[35.9654,53.7221],[35.9315,53.7861],[35.9661,53.8049],[35.9549,53.8311],[35.9138,53.8523],[35.9769,53.8655],[35.9887,53.9163],[36.0271,53.9401],[36.1113,53.961],[36.107,54.0095],[36.1459,54.0463],[36.1908,54.0547],[36.2164,54.0699],[36.2007,54.0982],[36.1545,54.1086],[36.1013,54.0976],[36.0784,54.1222],[36.111,54.1239],[36.113,54.1364],[36.0224,54.1768],[36.031,54.1908],[36.0669,54.2005],[36.1084,54.1955],[36.1481,54.1681],[36.1969,54.1585],[36.2366,54.1948],[36.2372,54.2291],[36.2517,54.2362],[36.2836,54.2207],[36.3538,54.2233],[36.4,54.2095],[36.4158,54.2371],[36.4588,54.2556],[36.4615,54.2882],[36.5548,54.2924],[36.7145,54.3172],[36.741,54.3075],[36.7249,54.2818],[36.7766,54.2805],[36.8342,54.2935],[36.8914,54.2832],[36.926,54.2936],[36.9463,54.3197],[36.9314,54.3605],[36.9654,54.3958],[36.9258,54.4482],[36.9029,54.4616],[36.8635,54.4578],[36.8484,54.4722],[36.8479,54.4753],[36.8405,54.5222],[36.8048,54.553],[36.805,54.6099],[36.8302,54.6167],[36.8855,54.6063],[36.919,54.5863],[36.9951,54.5854],[37.0421,54.5667],[37.0721,54.5361],[37.0886,54.5488],[37.2076,54.6877],[37.2118,54.7109],[37.1833,54.7184],[37.2164,54.7641],[37.2284,54.8081],[37.259,54.8358],[37.3841,54.8224],[37.4325,54.8312],[37.4608,54.8223],[37.4848,54.7892],[37.5485,54.7584],[37.5643,54.7365],[37.6713,54.7135],[37.7583,54.7362],[37.7697,54.7774],[37.7499,54.8203],[37.7956,54.8247],[37.8437,54.8383],[37.9386,54.8323],[37.9574,54.8035],[37.9583,54.7767],[37.9966,54.77],[38.0355,54.7497],[38.0393,54.7137],[38.1049,54.7036],[38.1368,54.6825],[38.1786,54.6899],[38.2188,54.6596],[38.3404,54.6495],[38.3639,54.6567],[38.3935,54.6443],[38.4716,54.6384],[38.4942,54.6226],[38.5166,54.5859],[38.49,54.5797],[38.441,54.5293],[38.3772,54.5148],[38.3904,54.4686],[38.4597,54.4062],[38.4993,54.3931],[38.5138,54.364],[38.5212,54.2888],[38.5951,54.2716],[38.6751,54.2447],[38.7121,54.2717],[38.7245,54.33],[38.7369,54.3451],[38.8257,54.3805],[38.8555,54.3733],[38.9088,54.3977],[38.919,54.4121],[38.8874,54.4266],[38.7977,54.4512],[38.7876,54.4777],[38.7943,54.5001],[38.7814,54.5538],[38.8204,54.6019],[38.9091,54.618],[38.9325,54.616],[38.9567,54.5934],[39.0401,54.6246],[39.14,54.6281],[39.1765,54.6355],[39.2321,54.6353],[39.2445,54.6564],[39.2379,54.711],[39.2649,54.7197],[39.3287,54.7175],[39.3559,54.7396],[39.3284,54.7484],[39.3714,54.8028],[39.3742,54.8406],[39.3977,54.8761],[39.449,54.8978],[39.4884,54.9408],[39.5444,54.9695],[39.5914,54.9822],[39.6026,55.0059],[39.6845,55.0207],[39.7558,55.0165],[39.8128,54.9975],[39.8882,55.0813],[39.8858,55.1015],[39.8446,55.1219],[39.8097,55.1183],[39.7749,55.1012],[39.7419,55.1078],[39.7202,55.126],[39.7565,55.1394],[39.827,55.1826],[39.9198,55.1868],[40.0014,55.2004],[40.1311,55.2544],[40.2065,55.3093],[40.2439,55.3365],[40.2946,55.3324],[40.3454,55.34],[40.358,55.3238],[40.3277,55.315],[40.3227,55.2938],[40.4001,55.2873],[40.5168,55.3277],[40.5454,55.3093],[40.5322,55.2926],[40.5645,55.269],[40.5539,55.2546],[40.6211,55.2052],[40.6774,55.2134],[40.7294,55.2039],[40.786,55.2222],[40.8435,55.2263],[40.8789,55.2409],[40.891,55.2606],[40.9646,55.2604],[41.0042,55.2335],[41.0365,55.2219],[41.0466,55.1832],[41.0809,55.1474],[41.0955,55.1481],[41.0874,55.1915],[41.11,55.2044],[41.1871,55.221],[41.2634,55.213],[41.2989,55.2032],[41.3652,55.1731],[41.4116,55.131],[41.4413,55.1312],[41.4966,55.157],[41.5823,55.1414],[41.6583,55.1089],[41.7185,55.1249],[41.7832,55.1191],[41.8702,55.1576],[41.9007,55.2045],[41.8587,55.2409],[41.9541,55.2777],[41.9564,55.2964],[41.933,55.3299],[41.9527,55.3386],[42.0006,55.3373],[42.0134,55.3731],[42.0756,55.3932],[42.117,55.4217],[42.1336,55.4587],[42.0684,55.4813],[42.0688,55.55],[46.1083,55.55],[46.1038,55.5727],[46.0485,55.6167],[46.0126,55.6266],[45.9753,55.6191],[45.9572,55.6326],[45.9201,55.688],[45.9679,55.7427],[46.0013,55.7348],[46.0077,55.7495],[45.9883,55.7768],[46.0167,55.7785],[46.0938,55.808],[46.1004,55.8327],[46.088,55.8597],[46.1341,55.8939],[46.0988,55.9408],[46.1502,55.9735],[46.2008,56.0246],[46.214,56.0498],[46.1564,56.0412],[46.1299,56.0598],[46.0922,56.0564],[46.0953,56.0934],[46.0674,56.1092],[46.0795,56.136],[46.0677,56.1819],[46.0264,56.1798],[45.91,56.2338],[45.8738,56.2588],[45.88,56.3077],[45.9354,56.316],[45.9461,56.325],[45.9224,56.3803],[45.9486,56.4082],[45.949,56.4332],[45.876,56.4402],[45.7887,56.4248],[45.7609,56.4606],[45.6627,56.4609],[45.6299,56.5148],[45.6498,56.5455],[45.6385,56.5711],[45.651,56.5908],[45.6951,56.6016],[45.7392,56.6256],[45.8589,56.6291],[45.9218,56.6523],[45.9276,56.6629],[45.896,56.6897],[45.9127,56.7363],[45.9145,56.792],[45.9381,56.8227],[45.9586,56.8721],[46.0382,56.8696],[46.095,56.8812],[46.2199,56.8932],[46.268,56.9047],[46.3127,56.907],[46.3188,56.9436],[46.336,56.9521],[46.5129,56.9401],[46.5342,56.9198],[46.5585,56.9286],[46.601,56.92],[46.6627,56.9391],[46.6682,56.965],[46.7149,56.9663],[46.7514,56.9783],[46.7131,57.0124],[46.7626,57.0302],[46.7561,57.0742],[46.7605,57.1293],[46.7312,57.1907],[46.7422,57.2046],[46.8344,57.1997],[46.8448,57.2291],[46.8083,57.2424],[46.7898,57.2813],[46.6952,57.3205],[46.6867,57.3631],[46.748,57.3807],[46.7292,57.3974],[46.6952,57.4001],[46.7072,57.4237],[46.7382,57.4276],[46.7904,57.4512],[46.7501,57.5173],[46.7876,57.5273],[46.8224,57.512],[46.9123,57.5149],[47.0007,57.4935],[47.0542,57.4983],[47.1368,57.5304],[47.2153,57.5508],[47.2487,57.5673],[47.3584,57.5543],[47.386,57.5351],[47.471,57.5285],[47.4865,57.5758],[47.5212,57.5861],[47.5449,57.6567],[47.5302,57.6999],[47.5727,57.7441],[47.5589,57.7707],[47.5721,57.8104],[47.6121,57.8385],[47.6647,57.8512],[47.7149,57.8715],[47.7623,57.876],[47.7638,57.9121],[47.7031,57.9584],[47.6425,57.9562],[47.4515,57.9874],[47.3884,58.0195],[47.3542,58.0255],[46.9916,58.0244],[46.5964,58.0264],[46.5067,58.035],[46.4784,58.0235],[46.4299,58.0205],[46.3814,58.0558],[46.3413,58.0746],[46.3425,58.0989],[46.313,58.1112],[46.3627,58.1884],[46.4069,58.2087],[46.4157,58.2289],[46.4088,58.2762],[46.4219,58.3146],[46.4773,58.3339],[46.4739,58.3487],[46.4113,58.3536],[46.4583,58.381],[46.541,58.3973],[46.5841,58.4304],[46.5933,58.4514],[46.5565,58.4732],[46.5541,58.4877],[46.5869,58.5177],[46.5931,58.5606],[46.6325,58.5807],[46.6873,58.5669],[46.8142,58.5846],[46.8854,58.6051],[46.9857,58.6138],[47.0102,58.629],[47.0039,58.6845],[47.02,58.7038],[47.0816,58.7386],[47.1199,58.775],[47.1624,58.7696],[47.1955,58.753],[47.2596,58.7563],[47.3165,58.7978],[47.2866,58.8166],[47.2995,58.8594],[47.2819,58.893],[47.3193,58.9156],[47.3843,58.907],[47.4524,58.9211],[47.4772,58.8862],[47.6022,58.9067],[47.6016,58.9217],[47.5704,58.9565],[47.5499,58.998],[47.5709,59.0599],[47.5288,59.078],[47.4512,59.1317],[47.442,59.1642],[47.4016,59.1507],[47.3787,59.1531],[47.2392,59.2202],[47.2315,59.247],[47.2524,59.3555],[47.0563,59.3785],[47.1135,59.6113],[47.1367,59.6979],[47.1339,59.725],[47.1126,59.7527],[47.0572,59.7687],[46.9573,59.7818],[46.9349,59.7891],[46.9226,59.8439],[47.0364,60.0995],[47.0213,60.1219],[46.909,60.1253],[46.8465,60.079],[46.809,60.0708],[46.7458,60.0783],[46.7344,60.0649],[46.6833,60.0625],[46.6627,60.0774],[46.6085,60.0673],[46.5059,60.1053],[46.4661,60.1131],[46.4041,60.1068],[46.3656,60.1252],[46.3755,60.1389],[46.3491,60.2144],[46.3017,60.2419],[46.3126,60.2547],[46.3546,60.2508],[46.4408,60.2714],[46.4915,60.2626],[46.5555,60.2622],[46.6367,60.2736],[46.7281,60.2557],[46.7495,60.2611],[46.8071,60.3183],[46.8093,60.3485],[46.8258,60.369],[46.821,60.3925],[46.8526,60.4275],[46.8768,60.4874],[46.8625,60.5073],[46.9403,60.5382],[46.9665,60.5593],[47.0488,60.5752],[47.0244,60.6012],[47.0209,60.6393],[46.9635,60.6539],[47.0423,60.7479],[47.0838,60.8186],[47.0429,60.8538],[47.0832,60.8751],[47.0965,60.9378],[47.1176,60.967],[47.1841,60.9924],[47.2018,61.0198],[47.1961,61.0483],[47.2448,61.0562],[47.4896,61.047],[47.5685,61.0591],[47.6187,61.0536],[47.6642,61.0347],[47.766,61.0287],[47.8733,61.0018],[47.942,61.0081],[47.9655,60.9994],[47.9698,60.9343],[47.9842,60.8965],[48.06,60.8828],[48.419,60.8538],[48.4465,60.9841],[48.4843,61.0338],[48.5093,61.0477],[48.8887,61.1412],[48.9098,61.1408],[48.9494,61.1199],[49.0979,61.175],[49.1815,61.1813],[49.2805,61.1737],[49.3022,61.1762],[49.322,61.2029],[49.4223,61.455],[49.4614,61.5861],[49.4173,61.6183],[49.3628,61.6238],[49.0968,61.6581],[49.0516,61.691],[49.2127,62.0911],[49.2209,62.1012],[49.2734,62.1095],[49.2595,62.1371],[49.2744,62.1421],[49.3616,62.1396],[49.3694,62.1494],[49.609,62.7702],[48.8751,62.8291],[48.7145,62.8155],[48.6808,62.7318],[48.657,62.7071],[48.6286,62.7058],[48.3661,62.7293],[48.3339,62.7044],[48.2368,62.473],[48.2364,62.4519],[48.2574,62.429],[48.3045,62.3968],[48.3042,62.3506],[48.2908,62.3216],[48.2247,62.317],[47.7511,62.3218],[47.6498,62.2967],[47.6377,62.2116],[47.621,62.1855],[47.5938,62.1823],[47.4781,62.1847],[47.4134,62.1928],[47.3985,62.2213],[47.405,62.2896],[47.3863,62.3204],[47.2349,62.3515],[47.2271,62.3796],[47.2314,62.4389],[46.5,62],[44.5,61.7],[44.5,60.9445],[44.4553,60.947],[44.2058,60.9718],[44.1575,60.9948],[44.1687,61.0657],[44.1585,61.0824],[44.053,61.0792],[44.0177,61.0528],[43.9584,61.0487],[43.8753,61.0229],[43.8351,61.0319],[43.776,61.0208],[43.7541,60.946],[43.7289,60.911],[43.746,60.9],[43.7154,60.8845],[43.6488,60.878],[43.5361,60.8531],[43.5204,60.8293],[43.5223,60.7791],[43.5109,60.7675],[43.2266,60.7848],[43.1499,60.806],[43.1353,60.8006],[43.0488,60.7402],[42.9799,60.7369],[42.9765,60.7561],[42.9439,60.7897],[42.9137,60.7789],[42.907,60.8137],[42.8231,60.8553],[42.6505,60.8631],[42.6149,60.8576],[42.5642,60.8357],[42.5616,60.7973],[42.5287,60.7793],[42.4672,60.7912],[42.4239,60.7721],[42.3948,60.7694],[42.0239,60.8358],[41.9668,60.8311],[41.9265,60.8455],[41.9154,60.8594],[41.9606,60.886],[41.9424,60.9121],[41.9165,60.9149],[41.9014,60.897],[41.868,60.9112],[41.8009,60.899],[41.7563,60.8582],[41.7194,60.8402],[41.6681,60.8479],[41.6508,60.8863],[41.6374,60.8911],[41.5185,60.8992],[41.3822,60.8511],[41.4119,60.8072],[41.4121,60.7912],[41.3577,60.7222],[41.3399,60.676],[41.343,60.646],[41.2803,60.664],[41.2295,60.6556],[41.0593,60.6497],[41.0123,60.667],[40.8191,60.711],[40.7626,60.7388],[40.7465,60.7797],[40.7128,60.7585],[40.679,60.7547],[40.6213,60.7282],[40.5551,60.7198],[40.5344,60.7246],[40.5035,60.7557],[40.4655,60.7746],[40.4076,60.784],[40.3754,60.766],[40.3865,60.7319],[40.3515,60.708],[40.2224,60.6951],[40.1564,60.6726],[40.0721,60.6831],[40.0393,60.6809],[40.0049,60.6578],[39.9235,60.6519],[39.764,60.7369],[39.6938,60.7327],[39.6482,60.746],[39.5975,60.7333],[39.4244,60.709],[39.3849,60.6886],[39.3382,60.684],[39.2893,60.7052],[39.1861,60.7148],[39.1706,60.702],[39.1956,60.6732],[39.1906,60.6529],[39.1695,60.6858],[39.0682,60.7141],[39.033,60.7311],[39.0093,60.7621],[38.9829,60.7727],[38.967,60.8002],[38.9477,60.8027],[38.9231,60.7727],[38.8695,60.7738],[38.8303,60.7434],[38.8114,60.7179],[38.7895,60.7128],[38.6613,60.7114],[38.6327,60.7232],[38.5995,60.7835],[38.5742,60.7991],[38.4301,60.8047],[38.4209,60.8112],[38.4185,60.874],[38.3857,60.9382],[38.3617,60.9551],[38.3286,60.9102],[38.2454,60.9132],[38.213,60.924],[38.1705,60.9753],[38.1981,61.026],[38.1449,61.073],[38.1504,61.0985],[38.177,61.1208],[38.1663,61.1331],[38.0891,61.1559],[38.0405,61.1401],[37.9806,61.1407],[37.9645,61.1484],[37.973,61.2047],[37.9425,61.2161],[37.9014,61.2632],[37.9,61.2639],[37.9,60.45],[35.2515,60.45],[35.2517,60.4454],[35.2341,60.3793],[35.2311,60.3412],[35.1827,60.2888],[35.1474,60.2688],[35.1521,60.2083],[35.1466,60.1307],[35.1765,60.1054],[35.1571,60.067],[35.0872,60.0409],[35.0973,60.0161],[35.1622,60.0108],[35.2379,59.9855],[35.2926,59.9846],[35.3229,59.973],[35.4037,59.9743],[35.4742,59.9229],[35.4114,59.9041],[35.3825,59.8754],[35.3854,59.7969],[35.3979,59.7295],[35.4236,59.7011],[35.4649,59.6944],[35.5318,59.6986],[35.6075,59.7124],[35.6387,59.7003],[35.6342,59.6402],[35.5929,59.6228],[35.5046,59.652],[35.4958,59.5535],[35.4832,59.5381],[35.4369,59.5293],[35.5018,59.501],[35.4615,59.4823],[35.3237,59.5067],[35.2889,59.4993],[35.3046,59.4844],[35.3676,59.4718],[35.4028,59.4432],[35.4485,59.4277],[35.4445,59.4082],[35.3937,59.3621],[35.329,59.349],[35.3189,59.328],[35.3755,59.3148],[35.3819,59.3003],[35.3012,59.301],[35.2437,59.2943],[35.193,59.269],[35.1347,59.2544],[35.038,59.2513],[34.9575,59.2267],[34.9327,59.2458],[34.9005,59.2379],[34.8723,59.2099],[34.8572,59.1803],[34.812,59.1463],[34.7981,59.1024],[34.7299,59.1032],[34.7364,59.0668],[34.7959,59.0486],[34.8724,59.0535],[34.8785,59.0434],[34.8315,58.991],[34.8377,58.9851],[34.9485,58.9659],[34.964,58.9443],[35.0255,58.942],[35.0243,58.9241],[35.062,58.9174],[35.1308,58.9373],[35.1716,58.9228],[35.1401,58.8888],[35.1246,58.815],[35.1809,58.8264],[35.2201,58.8248],[35.2125,58.7979],[35.2657,58.7648],[35.288,58.7638],[35.3106,58.803],[35.3985,58.8435],[35.5025,58.841],[35.5386,58.831],[35.6117,58.8298],[35.6166,58.8169],[35.6798,58.8159],[35.7141,58.8324],[35.7512,58.8265],[35.8101,58.7948],[35.8172,58.7804],[35.7653,58.7774],[35.7749,58.7543],[35.8361,58.7447],[35.8863,58.7533],[35.9568,58.7522],[35.979,58.7292],[36.0276,58.7215],[36.0607,58.7069],[36.1263,58.6955],[36.1472,58.6433],[36.1394,58.6168],[36.2196,58.6122],[36.2349,58.5908],[36.1938,58.5712],[36.1733,58.525],[36.23,58.5138],[36.24,58.5338],[36.2749,58.5355],[36.3148,58.5187],[36.3236,58.4998],[36.4465,58.529],[36.4892,58.5309],[36.5206,58.5585],[36.5182,58.5899],[36.5882,58.6038],[36.6453,58.6448],[36.6804,58.6944],[36.7141,58.696],[36.7049,58.734],[36.7724,58.7207],[36.8129,58.7438],[36.8156,58.7582],[36.7838,58.8065],[36.8324,58.8365],[36.8642,58.8428],[36.9434,58.8344],[37.0115,58.839],[37.063,58.8642],[37.1222,58.866],[37.1752,58.8263],[37.1804,58.7786],[37.3696,58.6444],[37.4454,58.5947],[37.4986,58.5798],[37.5398,58.5397],[37.5927,58.5146],[37.6263,58.4902],[37.6543,58.4497],[37.644,58.4294],[37.5881,58.417],[37.5345,58.3968],[37.4962,58.3992],[37.4775,58.4151],[37.4491,58.4075],[37.3698,58.3494],[37.4172,58.3269],[37.42,58.3083],[37.3907,58.2877],[37.3497,58.239],[37.3751,58.2008],[37.4435,58.1828],[37.4968,58.1853],[37.5621,58.1653],[37.5896,58.1351],[37.6344,58.1166],[37.6735,58.083],[37.6617,58.068],[37.6235,58.0697],[37.5487,58.0528],[37.525,58.0296],[37.5425,58.0069],[37.5152,57.9871],[37.4844,57.9808],[37.428,57.9833],[37.3665,57.9771],[37.3709,57.9494],[37.4532,57.9229],[37.4949,57.9174],[37.4955,57.8936],[37.4541,57.8924],[37.3941,57.9036],[37.3509,57.8966],[37.3569,57.8774],[37.4027,57.8735],[37.4167,57.8614],[37.3774,57.8437],[37.3909,57.828],[37.4573,57.828],[37.5234,57.7713],[37.5398,57.7383],[37.6123,57.7227],[37.6507,57.7029],[37.6468,57.686],[37.6682,57.67],[37.7146,57.6587],[37.7641,57.6311],[37.8276,57.6307],[37.81,57.608],[37.8161,57.5506],[37.7984,57.5037],[37.8354,57.4842],[37.8384,57.4597],[37.7943,57.4426],[37.7948,57.4335],[37.8619,57.4176],[37.9842,57.3592],[38.0383,57.3563],[38.0863,57.3418],[38.1566,57.3383],[38.1595,57.3562],[38.2705,57.3711],[38.2999,57.3372],[38.3064,57.2763],[38.2579,57.2722],[38.2262,57.2359],[38.16,57.2336],[38.1429,57.197],[38.1514,57.1859],[38.2498,57.1288],[38.2597,57.0955],[38.2513,57.0528],[38.2071,57.0002],[38.1646,56.9954],[38.1545,56.9789],[38.2117,56.9582],[38.1993,56.8942],[38.1285,56.8837],[38.1542,56.8319],[38.2226,56.819],[38.2608,56.7822],[38.2565,56.7702],[38.0147,56.7736],[38.001,56.8133],[37.9744,56.8538],[37.9413,56.8766],[37.8861,56.8712],[37.8647,56.8937],[37.8323,56.9056],[37.7645,56.9165],[37.7388,56.9518],[37.6564,56.9435],[37.6069,56.9284],[37.5921,56.9033],[37.5534,56.9056],[37.5628,56.8795],[37.5572,56.8496],[37.5157,56.8131],[37.4989,56.7848],[37.4432,56.7862],[37.374,56.7802],[37.2674,56.7558],[37.257,56.7754],[37.231,56.7729],[37.1241,56.7324],[37.117,56.7095],[37.157,56.6832],[37.1412,56.6679],[37.1542,56.6524],[37.127,56.6291],[37.1487,56.5947],[37.1349,56.5603],[37.1047,56.5381],[37.0626,56.5333],[37.0554,56.5176],[36.9955,56.5313],[36.9781,56.5583],[36.8329,56.5832],[36.7867,56.5566],[36.675,56.5321],[36.537,56.4754],[36.5266,56.4405],[36.4929,56.4332],[36.4301,56.4326],[36.3233,56.439],[36.2136,56.4084],[36.1725,56.4084],[36.113,56.3711],[36.0961,56.3468],[35.9825,56.3872],[35.9231,56.3791],[35.867,56.4023],[35.8138,56.4012],[35.7829,56.392],[35.7379,56.4089],[35.7098,56.4449],[35.6451,56.4741],[35.4755,56.4636],[35.4579,56.4483],[35.484,56.4306],[35.5061,56.389],[35.527,56.3998],[35.548,56.3707],[35.5424,56.3523],[35.5146,56.3637],[35.5009,56.3428],[35.526,56.3255],[35.5074,56.2891],[35.5204,56.2633],[35.4837,56.2416],[35.4213,56.2441],[35.3707,56.2342],[35.3647,56.2069],[35.383,56.198],[35.3728,56.1688],[35.3374,56.1506],[35.3072,56.1036],[35.338,56.0807],[35.3172,56.054],[35.2548,56.0472],[35.2098,56.0188],[35.1713,55.96],[35.1741,55.9483],[35.207,55.9379],[35.2199,55.9037],[35.249,55.9104],[35.2481,55.876],[35.2786,55.8548],[35.3125,55.8069],[35.3535,55.7794],[35.3338,55.7553],[35.344,55.737],[35.3161,55.7269],[35.3474,55.6653],[35.3971,55.6171],[35.3926,55.5747],[35.3724,55.5622],[35.3031,55.5712],[35.2861,55.5515],[35.3144,55.5311],[35.3165,55.4875],[35.2963,55.4686],[35.3141,55.4318],[35.292,55.3809],[35.3012,55.2991],[35.3697,55.2388],[35.3487,55.2066],[35.3004,55.1859],[35.3096,55.1677],[35.2824,55.1514],[35.2845,55.1121],[35.2257,55.055],[35.144,55.0217],[35.1249,55.0018],[35.1441,54.9844],[35.1313,54.9616],[35.0649,54.9571],[35.0222,54.925],[34.9921,54.882],[34.9435,54.8941],[34.8658,54.8838],[34.8528,54.8144],[34.8719,54.8024],[34.921,54.7716],[34.8444,54.7328],[34.8173,54.7094],[34.7089,54.6861],[34.654,54.6629],[34.5811,54.6766],[34.5159,54.6767],[34.4667,54.6861],[34.4245,54.6854],[34.415,54.6753],[34.4866,54.6558],[34.4996,54.632],[34.4653,54.5854],[34.4357,54.5119],[34.3868,54.499],[34.4158,54.4508],[34.3746,54.4217],[34.3261,54.4296],[34.2125,54.5051],[34.1075,54.5503],[34.0257,54.5521],[33.9268,54.5723],[33.8888,54.5587],[33.8281,54.5642],[33.804,54.5571],[33.7287,54.5617],[33.6756,54.5007],[33.6427,54.4855],[33.6428,54.4689],[33.67,54.4631],[33.6691,54.441],[33.6379,54.4231],[33.6167,54.381],[33.6298,54.3595],[33.6837,54.3213],[33.673,54.2962],[33.6465,54.2838],[33.6273,54.2597],[33.587,54.2483],[33.619,54.2335],[33.6137,54.1791],[33.562,54.1562],[33.5586,54.1292],[33.5265,54.1112],[33.5501,54.101],[33.4646,54.0852],[33.4242,54.0489],[33.4403,54.0374],[33.4874,54.0362],[33.5012,54.0158],[33.445,53.9991],[33.4746,53.9718],[33.3884,53.9538],[33.4091,53.9812],[33.3491,53.9824],[33.3055,53.9583],[33.2457,53.9513],[33.2663,53.9163],[33.2475,53.8897],[33.2824,53.8566],[33.289,53.8217],[33.2531,53.8035],[33.2039,53.7925],[33.2134,53.7685],[33.1985,53.732],[33.1303,53.7185],[33.0568,53.6763],[33.008,53.6317],[32.956,53.6102],[32.899,53.5687],[32.8904,53.5408],[32.9081,53.4935],[32.8471,53.4318],[32.8262,53.4443],[32.7662,53.4144],[32.7365,53.4383],[32.7178,53.4311],[32.7012,53.4621],[32.6582,53.4557],[32.6417,53.469],[32.6503,53.4876],[32.6006,53.4924],[32.5768,53.486],[32.5543,53.5108],[32.4529,53.5464],[32.4115,53.5824],[32.3991,53.6354],[32.4806,53.6624],[32.4878,53.6847],[32.4616,53.7068],[32.4216,53.7158],[32.3718,53.7144],[32.2904,53.7609],[32.1648,53.7817],[32.106,53.8069],[32.0836,53.8096],[31.8732,53.7771],[31.7873,53.7944],[31.7447,53.7949],[31.7538,53.8196],[31.8101,53.8826],[31.8465,53.9923],[31.8139,54.0571],[31.7713,54.0485],[31.7481,54.0863],[31.7258,54.0975],[31.6669,54.1019],[31.5831,54.1295],[31.5064,54.1439],[31.3247,54.2292],[31.2992,54.2726],[31.2848,54.3474],[31.2487,54.3768],[31.209,54.448],[31.179,54.4534],[31.1679,54.4671],[31.0936,54.4794],[31.0646,54.4923],[31.0896,54.5359],[31.1395,54.5829],[31.1679,54.6216],[31.1286,54.6404],[31.1052,54.6683],[30.999,54.6713],[30.9806,54.7057],[30.8273,54.771],[30.7706,54.786],[30.7681,54.8299],[30.8261,54.8775],[30.8148,54.928],[30.8386,54.9392],[30.8995,54.9464],[30.9361,54.9732],[30.9066,55.0126],[30.9132,55.0246],[30.9806,55.0187],[31.0056,55.023],[31.0064,55.0424],[30.9703,55.1014],[30.984,55.1309],[30.9588,55.1444],[30.9598,55.1626],[30.8865,55.2045],[30.8568,55.2535],[30.8041,55.273],[30.7943,55.2855],[30.8112,55.3231],[30.8456,55.3511],[30.9059,55.376],[30.9186,55.4076],[30.8891,55.4334],[30.8872,55.4681],[30.9194,55.4923],[30.8994,55.4991],[30.9197,55.5345],[30.9071,55.5778],[30.9263,55.6025],[30.9529,55.6597],[31.0366,55.7081],[31.0473,55.7685],[31.1869,55.7372],[31.2118,55.7182],[31.2257,55.7275],[31.2924,55.7367],[31.3256,55.7227],[31.3552,55.7319],[31.4,55.733],[31.4,55.9065],[31.3897,55.92],[31.24,55.92],[31.2,56],[30.6,56.1],[29.6,56.4],[29,56.55],[28.4,56.65],[27.9923,56.6245],[27.9974,56.6038],[28.0287,56.5768],[28.1087,56.5552],[28.1322,56.536],[28.0992,56.5134],[28.0933,56.5016],[28.1045,56.4831],[28.1565,56.4462],[28.1679,56.4271],[28.1643,56.3928],[28.1744,56.3496],[28.2148,56.2814],[28.2153,56.256],[28.1931,56.231],[28.1691,56.1617],[28.1489,56.1424],[28.111,56.1568],[28.0682,56.1476],[28.0511,56.1407],[27.981,56.118],[27.9397,56.1131],[27.9115,56.1002],[27.8807,56.0639],[27.7812,56.0164],[27.7601,55.9754],[27.7444,55.9597],[27.645,55.9228],[27.6172,55.8786],[27.6101,55.831],[27.5927,55.7942],[27.5925,55.7942],[27.5646,55.7922],[27.4388,55.7987],[27.3746,55.8148],[27.361,55.8237],[27.3496,55.8312],[27.3444,55.8282],[27.2824,55.7919],[27.263,55.7872],[27.1732,55.8257],[27.1108,55.8363],[26.9794,55.8263],[26.9578,55.8186],[26.9001,55.7787],[26.8428,55.7193],[26.8228,55.7061],[26.743,55.6829],[26.6401,55.6956],[26.5945,55.667],[26.6077,55.6165],[26.5956,55.568],[26.5321,55.5163],[26.5277,55.4922],[26.5433,55.4596],[26.5078,55.4391],[26.486,55.3908],[26.4455,55.3375],[26.4658,55.3209],[26.5423,55.3076],[26.6027,55.3169],[26.7686,55.3002],[26.8007,55.2733],[26.7897,55.2572],[26.7399,55.2428],[26.7011,55.2368],[26.657,55.2153],[26.6339,55.1922],[26.6163,55.1354],[26.5789,55.1185],[26.4734,55.1457],[26.4203,55.1281],[26.3095,55.1446],[26.2644,55.1401],[26.233,55.1116],[26.2246,55.0549],[26.1703,54.9933],[26.2479,54.9698],[26.2536,54.9461],[26.2777,54.929],[26.3131,54.9457],[26.3481,54.9433],[26.3171,54.9238],[26.339,54.8908],[26.3376,54.8635],[26.3829,54.8331],[26.4251,54.8256],[26.501,54.7623],[26.5418,54.7475],[26.5448,54.7006],[26.5948,54.6362],[26.6315,54.6259],[26.6753,54.6339],[26.6824,54.5795],[26.6527,54.5736],[26.6383,54.5308],[26.5931,54.5455],[26.5938,54.5148],[26.6138,54.4837],[26.6098,54.458],[26.5739,54.4342],[26.5004,54.3144],[26.4689,54.2788],[26.4063,54.2411],[26.2954,54.2287],[26.2167,54.2307],[26.1586,54.2006],[26.1132,54.1993],[26.0851,54.1646],[26.0769,54.1327],[26.1259,54.1205],[26.1434,54.1414],[26.1785,54.1294],[26.1697,54.0667],[26.2033,54.0345],[26.2666,54.0401],[26.2889,54.0606],[26.3336,54.0572],[26.3683,54.0048],[26.4277,54.0036],[26.4343,53.9894],[26.4192,53.9518],[26.3712,53.9404],[26.3409,53.9009],[26.2446,53.8778],[26.2184,53.866],[26.2158,53.8295],[26.3027,53.8031],[26.2988,53.7826],[26.2617,53.7787],[26.2533,53.7341],[26.294,53.7104],[26.3379,53.7041],[26.3396,53.6765],[26.357,53.6558],[26.4204,53.6447],[26.462,53.6311],[26.4811,53.5944],[26.5142,53.5531],[26.4932,53.5036],[26.5351,53.504],[26.548,53.482],[26.5439,53.4347],[26.5595,53.4012],[26.3765,53.3645],[26.3723,53.3193],[26.3911,53.3],[25.75,53.3],[25.75,51.9263]],[[38.0226,61.0419],[38.0415,61.0497],[38.0875,61.0416],[38.1248,61.0174],[38.0452,61.0184],[38.0226,61.0419]]],[[[47.5,63.0242],[47.5158,63.0368],[47.5546,63.1212],[47.5546,63.1485],[47.5,63.1506],[47.5,63.0242]]]]}},
{"type":"Feature","properties":{"entityId":"rus-principalities","from":1283,"to":1310,"certainty":"estimated","source":"유럽 쪽은 Natural Earth 1:10m admin-1(v5.1.2) 현대 행정구역 조각을 그 시기 국경에 맞춰 묶고, 조각이 역사 경계와 다른 곳은 선을 그어 나눈 근사. 유럽 밖(시베리아·중앙아시아·극동)은 대략적인 추정. 운영자 검수 필요"},"geometry":{"type":"MultiPolygon","coordinates":[[[[25.75,51.9263],[25.7679,51.9285],[25.9811,51.9035],[26.0808,51.9007],[26.1454,51.8648],[26.1753,51.8567],[26.4078,51.8506],[26.4192,51.8209],[26.4456,51.8056],[26.6657,51.8014],[26.8548,51.7493],[26.9208,51.7425],[27.0216,51.7645],[27.11,51.7624],[27.1779,51.7471],[27.1811,51.6834],[27.2036,51.6551],[27.2775,51.6511],[27.254,51.5954],[27.2675,51.5875],[27.3291,51.597],[27.3884,51.5907],[27.431,51.5984],[27.4773,51.6237],[27.5,51.6233],[27.5,52.245],[27.5231,52.2368],[27.5406,52.2214],[27.5208,52.1835],[27.5267,52.0727],[27.533,52.0603],[27.5991,52.0185],[27.585,51.9902],[27.5256,51.9426],[27.5319,51.9006],[27.5031,51.8445],[27.5563,51.8059],[27.555,51.7503],[27.5095,51.7056],[27.5124,51.6231],[27.6206,51.5959],[27.6768,51.5948],[27.7052,51.5684],[27.6661,51.4902],[27.5859,51.4723],[27.5757,51.4379],[27.5999,51.4091],[27.5836,51.3937],[27.5439,51.4155],[27.52,51.441],[27.5021,51.4402],[27.4903,51.3671],[27.5113,51.3527],[27.4779,51.3153],[27.4221,51.3073],[27.4182,51.2977],[27.4503,51.2556],[27.4491,51.2279],[27.3976,51.1922],[27.3582,51.142],[27.3496,51.0998],[27.2945,51.0437],[27.2323,51.0304],[27.1982,50.9909],[27.2328,50.9249],[27.216,50.9159],[27.2399,50.8904],[27.2241,50.8245],[27.2292,50.7908],[27.2717,50.7374],[27.2435,50.6818],[27.2152,50.6575],[27.1924,50.6185],[27.1969,50.6052],[27.2356,50.583],[27.1923,50.5412],[27.2458,50.5098],[27.2604,50.4901],[27.3046,50.478],[27.2484,50.4413],[27.2289,50.3949],[27.235,50.3797],[27.2792,50.3713],[27.3193,50.3341],[27.4038,50.2982],[27.4036,50.2747],[27.4317,50.2718],[27.4719,50.2518],[27.4885,50.2238],[27.554,50.2203],[27.5825,50.2546],[27.6075,50.2493],[27.6059,50.2067],[27.646,50.1691],[27.6496,50.1527],[27.6272,50.1379],[27.6463,50.1198],[27.6212,50.0793],[27.657,50.0612],[27.6637,50.0326],[27.5977,50.0027],[27.5478,50.0075],[27.5801,49.9485],[27.5487,49.9436],[27.5409,49.9151],[27.5881,49.8979],[27.6042,49.8608],[27.6423,49.8266],[27.6607,49.799],[27.868,49.7601],[27.9568,49.7672],[28.0254,49.7604],[28.1429,49.7783],[28.2391,49.7802],[28.2675,49.7882],[28.3334,49.7725],[28.3905,49.7771],[28.4309,49.8078],[28.519,49.8073],[28.571,49.7867],[28.6346,49.8011],[28.7105,49.7936],[28.7305,49.8024],[28.751,49.8321],[28.811,49.8568],[28.8354,49.8814],[28.9096,49.8724],[28.9153,49.8509],[28.9397,49.8311],[28.9423,49.788],[28.9735,49.7522],[29.0042,49.7309],[28.9561,49.6913],[28.9485,49.6738],[28.9718,49.6622],[28.9972,49.6231],[28.9868,49.5958],[29.1324,49.582],[29.2686,49.5862],[29.2742,49.6082],[29.3538,49.6171],[29.4223,49.6513],[29.4472,49.6509],[29.4963,49.6461],[29.5147,49.6328],[29.4949,49.5923],[29.4963,49.5728],[29.5218,49.5489],[29.5621,49.5357],[29.5662,49.5084],[29.5416,49.4948],[29.5696,49.4438],[29.5608,49.4127],[29.5112,49.3912],[29.4998,49.3657],[29.5315,49.3177],[29.5847,49.3076],[29.648,49.2431],[29.6877,49.2412],[29.6972,49.2273],[29.7363,49.2196],[29.741,49.1845],[29.7779,49.1706],[29.8721,49.179],[29.8771,49.2025],[29.9201,49.2462],[29.9536,49.2613],[30.0136,49.2668],[30.0386,49.2851],[30.117,49.2794],[30.1044,49.3013],[30.1465,49.3286],[30.1829,49.3215],[30.1644,49.2933],[30.1742,49.2825],[30.3495,49.2581],[30.3632,49.2366],[30.3899,49.2386],[30.4279,49.344],[30.4579,49.3489],[30.4942,49.3241],[30.5502,49.3407],[30.5965,49.3318],[30.6194,49.3585],[30.6846,49.3538],[30.73,49.3216],[30.7811,49.3351],[30.8102,49.3524],[30.832,49.3472],[30.8682,49.3606],[30.908,49.3461],[30.9223,49.3821],[30.9462,49.4105],[31.0346,49.4715],[31.0773,49.4907],[31.104,49.5277],[31.1559,49.5564],[31.1568,49.5852],[31.1298,49.5958],[31.1282,49.6144],[31.1728,49.6681],[31.1689,49.692],[31.1881,49.7176],[31.1969,49.7534],[31.1824,49.7702],[31.1989,49.8044],[31.1786,49.8183],[31.212,49.854],[31.2573,49.8614],[31.2589,49.8617],[31.336,49.8967],[31.4302,49.9061],[31.4471,49.9007],[31.4759,49.8547],[31.5022,49.8421],[31.5143,49.8646],[31.5709,49.8627],[31.5864,49.8956],[31.6066,49.8868],[31.6131,49.8581],[31.7075,49.8467],[31.7627,49.8934],[31.7672,49.9178],[31.8068,49.9602],[31.8058,49.9982],[31.8738,50.0308],[31.8496,50.095],[31.9,50.1254],[31.9143,50.1473],[31.9599,50.1497],[31.995,50.1791],[31.9733,50.2161],[32.0043,50.2489],[32.0695,50.2387],[32.101,50.2723],[32.0934,50.2855],[32.1144,50.3061],[32.1392,50.3501],[32.1992,50.3505],[32.2236,50.3432],[32.2543,50.3584],[32.2883,50.3892],[32.3502,50.4079],[32.3759,50.4089],[32.4129,50.3928],[32.4427,50.4069],[32.4832,50.4018],[32.5032,50.3702],[32.628,50.3627],[32.6666,50.3679],[32.7273,50.3579],[32.8121,50.3881],[32.8834,50.4013],[32.9059,50.4295],[32.9552,50.4476],[32.9726,50.4684],[33.0092,50.48],[33.0615,50.5384],[33.0981,50.5245],[33.206,50.5183],[33.2336,50.5403],[33.2848,50.546],[33.3401,50.5252],[33.645,50.4855],[33.7207,50.4627],[33.8416,50.4821],[33.8067,50.5003],[33.813,50.512],[33.8645,50.5269],[33.9131,50.5303],[33.971,50.4934],[34.0476,50.471],[34.0791,50.4973],[34.1078,50.4925],[34.1217,50.5138],[34.1861,50.5276],[34.2124,50.5424],[34.2525,50.5296],[34.2503,50.4555],[34.2585,50.4357],[34.3161,50.3898],[34.3597,50.3658],[34.3774,50.346],[34.362,50.3095],[34.3665,50.2767],[34.3809,50.2639],[34.4263,50.272],[34.4587,50.2257],[34.4956,50.209],[34.504,50.1754],[34.4658,50.1649],[34.4562,50.147],[34.4741,50.1081],[34.5363,50.1244],[34.6337,50.1148],[34.6694,50.1155],[34.7049,50.1509],[34.7451,50.1382],[34.7872,50.157],[34.7925,50.1575],[34.6,50.35],[34.3,50.6],[34.05,50.8],[33.929,50.9613],[33.9,51],[33.72,51.2],[33.7,51.4],[33.95,51.55],[34.1,51.8],[34.1253,51.9517],[34.0962,51.9518],[34.1185,51.9517],[34.1462,51.9516],[34.231,51.8945],[34.2342,51.8783],[34.2767,51.8812],[34.3711,51.8268],[34.4127,51.7777],[34.4142,51.7365],[34.3763,51.7086],[34.2982,51.7061],[34.128,51.6807],[34.0891,51.6666],[34.0795,51.6431],[34.1401,51.6212],[34.1603,51.5761],[34.2024,51.5462],[34.2237,51.5148],[34.2121,51.455],[34.2196,51.4273],[34.1819,51.4023],[34.2305,51.3677],[34.2803,51.3613],[34.3002,51.3684],[34.3087,51.3346],[34.2836,51.3012],[34.2439,51.2741],[34.186,51.2489],[34.2818,51.2264],[34.337,51.2511],[34.409,51.2531],[34.5135,51.2296],[34.5782,51.2367],[34.6224,51.2248],[34.6428,51.1806],[34.6749,51.1677],[34.7481,51.1647],[34.8175,51.1747],[34.9618,51.2153],[34.9994,51.2021],[35.0594,51.2123],[35.0992,51.1832],[35.1238,51.0913],[35.1436,51.0585],[35.1726,51.0406],[35.2065,51.0389],[35.2743,51.0488],[35.3464,51.0366],[35.3551,51.0256],[35.3326,50.9999],[35.2781,50.9927],[35.2822,50.9611],[35.401,50.9533],[35.4494,50.963],[35.5124,50.9471],[35.5042,50.9182],[35.5464,50.9057],[35.5923,50.9211],[35.6129,50.9393],[35.6331,50.924],[35.6772,50.9193],[35.7176,50.9376],[35.7212,50.9672],[35.7457,50.9671],[35.7668,50.9482],[35.8042,50.9382],[35.8556,50.9794],[35.8769,51.0124],[35.9149,51.011],[35.9542,51.0455],[35.9996,51.0577],[35.9525,51.0922],[35.9397,51.1161],[35.9763,51.1575],[36.0406,51.1603],[36.0986,51.1296],[36.2075,51.1251],[36.2443,51.1063],[36.3136,51.1033],[36.3591,51.1258],[36.4037,51.1179],[36.4762,51.0863],[36.4999,51.122],[36.5996,51.0795],[36.6175,51.0798],[36.6526,51.1089],[36.6887,51.1274],[36.8558,51.1858],[36.9302,51.181],[36.9896,51.2004],[37.054,51.2469],[37.0849,51.2504],[37.0984,51.2299],[37.1304,51.2428],[37.1187,51.3015],[37.1442,51.3429],[37.1894,51.3288],[37.2491,51.331],[37.3417,51.3644],[37.3616,51.3844],[37.447,51.3723],[37.4628,51.381],[37.5386,51.3943],[37.581,51.3708],[37.6667,51.3657],[37.7593,51.3885],[37.8286,51.4205],[37.8777,51.4009],[37.9,51.4007],[37.9319,51.4197],[38.0465,51.4197],[38.0518,51.3909],[38.0273,51.3662],[38.1551,51.3293],[38.2011,51.3067],[38.2915,51.2925],[38.3122,51.3094],[38.3234,51.3408],[38.3511,51.3629],[38.3448,51.3731],[38.3012,51.3626],[38.2729,51.4529],[38.2848,51.4739],[38.2693,51.4988],[38.2764,51.5264],[38.221,51.5543],[38.1888,51.587],[38.1402,51.6207],[38.1492,51.6444],[38.2189,51.6318],[38.2015,51.685],[38.2195,51.7078],[38.3396,51.6889],[38.4098,51.6878],[38.5051,51.7319],[38.4751,51.7448],[38.4141,51.7545],[38.3875,51.7851],[38.4264,51.8146],[38.4135,51.854],[38.4098,51.9202],[38.362,51.9301],[38.3039,51.9151],[38.2988,51.961],[38.2322,51.9453],[38.1921,51.9122],[38.1454,51.9278],[38.1015,51.927],[38.0321,51.9011],[37.997,51.879],[37.8911,51.8842],[37.8662,51.9239],[37.8208,51.9122],[37.779,51.952],[37.7778,51.9875],[37.7471,52.0169],[37.7776,52.1615],[37.8322,52.2024],[37.948,52.2456],[38.017,52.2517],[37.9948,52.271],[37.9998,52.2954],[38.0384,52.3445],[37.9907,52.3801],[37.9614,52.4144],[37.909,52.4148],[37.8769,52.4345],[37.88,52.4512],[37.9108,52.4729],[37.8375,52.501],[37.7828,52.5084],[37.7886,52.5417],[37.8122,52.5477],[37.7866,52.5803],[37.7641,52.5746],[37.7118,52.613],[37.7295,52.6136],[37.7509,52.6381],[37.7884,52.6363],[37.8127,52.6484],[37.7766,52.7185],[37.7937,52.7359],[37.8348,52.7462],[37.8707,52.7718],[37.8737,52.7953],[37.8112,52.829],[37.7927,52.8539],[37.8388,52.8905],[37.7949,52.9121],[37.8165,52.9349],[37.8217,52.9678],[37.841,53.0085],[37.8038,53.0739],[37.7874,53.0889],[37.696,53.1364],[37.6631,53.1183],[37.6113,53.1127],[37.5613,53.1688],[37.5543,53.1977],[37.5683,53.289],[37.5557,53.2957],[37.4924,53.2765],[37.4736,53.2776],[37.4271,53.3031],[37.382,53.3089],[37.3272,53.3032],[37.2761,53.2723],[37.1969,53.2507],[37.0882,53.28],[37.0095,53.2835],[36.9908,53.307],[36.9592,53.2921],[36.9171,53.2861],[36.8073,53.2966],[36.7742,53.3072],[36.7151,53.3447],[36.6772,53.3896],[36.6668,53.4159],[36.6142,53.4233],[36.5716,53.3965],[36.5128,53.3951],[36.4445,53.4215],[36.398,53.4285],[36.3716,53.4524],[36.3082,53.4847],[36.3124,53.5088],[36.2316,53.5741],[36.1409,53.5563],[36.0983,53.5559],[36.0556,53.5787],[36.0146,53.5863],[36.0096,53.6183],[35.9902,53.6537],[36.04,53.6839],[36.0564,53.7079],[36.0169,53.7237],[35.9654,53.7221],[35.9315,53.7861],[35.9661,53.8049],[35.9549,53.8311],[35.9138,53.8523],[35.9769,53.8655],[35.9887,53.9163],[36.0271,53.9401],[36.1113,53.961],[36.107,54.0095],[36.1459,54.0463],[36.1908,54.0547],[36.2164,54.0699],[36.2007,54.0982],[36.1545,54.1086],[36.1013,54.0976],[36.0784,54.1222],[36.111,54.1239],[36.113,54.1364],[36.0224,54.1768],[36.031,54.1908],[36.0669,54.2005],[36.1084,54.1955],[36.1481,54.1681],[36.1969,54.1585],[36.2366,54.1948],[36.2372,54.2291],[36.2517,54.2362],[36.2836,54.2207],[36.3538,54.2233],[36.4,54.2095],[36.4158,54.2371],[36.4588,54.2556],[36.4615,54.2882],[36.5548,54.2924],[36.7145,54.3172],[36.741,54.3075],[36.7249,54.2818],[36.7766,54.2805],[36.8342,54.2935],[36.8914,54.2832],[36.926,54.2936],[36.9463,54.3197],[36.9314,54.3605],[36.9654,54.3958],[36.9258,54.4482],[36.9029,54.4616],[36.8635,54.4578],[36.8484,54.4722],[36.8479,54.4753],[36.8405,54.5222],[36.8048,54.553],[36.805,54.6099],[36.8302,54.6167],[36.8855,54.6063],[36.919,54.5863],[36.9951,54.5854],[37.0421,54.5667],[37.0721,54.5361],[37.0886,54.5488],[37.2076,54.6877],[37.2118,54.7109],[37.1833,54.7184],[37.2164,54.7641],[37.2284,54.8081],[37.259,54.8358],[37.1875,54.8679],[37.1923,54.9074],[37.1588,54.9276],[37.12,54.9908],[37.0877,55.0375],[37.0842,55.0958],[37.0404,55.1147],[37.0329,55.1313],[36.9935,55.1617],[36.9614,55.1744],[36.9249,55.2225],[36.9043,55.2291],[36.8818,55.2222],[36.8691,55.1995],[36.7856,55.1906],[36.7854,55.2198],[36.7515,55.2557],[36.6498,55.2793],[36.5873,55.2774],[36.5838,55.3148],[36.5448,55.3193],[36.5021,55.3052],[36.4229,55.3187],[36.3486,55.2957],[36.357,55.2578],[36.313,55.2237],[36.2756,55.215],[36.238,55.1937],[36.1397,55.185],[36.1075,55.2013],[36.0274,55.2243],[35.9977,55.2159],[35.9383,55.2346],[35.8564,55.2385],[35.755,55.2869],[35.7067,55.2943],[35.6739,55.2829],[35.5786,55.2905],[35.5727,55.2632],[35.5352,55.2585],[35.5139,55.2351],[35.4654,55.2204],[35.4046,55.2374],[35.3697,55.2388],[35.3487,55.2066],[35.3004,55.1859],[35.3096,55.1677],[35.2824,55.1514],[35.2845,55.1121],[35.2257,55.055],[35.144,55.0217],[35.1249,55.0018],[35.1441,54.9844],[35.1313,54.9616],[35.0649,54.9571],[35.0222,54.925],[34.9921,54.882],[34.9435,54.8941],[34.8658,54.8838],[34.8528,54.8144],[34.8719,54.8024],[34.921,54.7716],[34.8444,54.7328],[34.8173,54.7094],[34.7089,54.6861],[34.654,54.6629],[34.5811,54.6766],[34.5159,54.6767],[34.4667,54.6861],[34.4245,54.6854],[34.415,54.6753],[34.4866,54.6558],[34.4996,54.632],[34.4653,54.5854],[34.4357,54.5119],[34.3868,54.499],[34.4158,54.4508],[34.3746,54.4217],[34.3261,54.4296],[34.2125,54.5051],[34.1075,54.5503],[34.0257,54.5521],[33.9268,54.5723],[33.8888,54.5587],[33.8281,54.5642],[33.804,54.5571],[33.7287,54.5617],[33.6756,54.5007],[33.6427,54.4855],[33.6428,54.4689],[33.67,54.4631],[33.6691,54.441],[33.6379,54.4231],[33.6167,54.381],[33.6298,54.3595],[33.6837,54.3213],[33.673,54.2962],[33.6465,54.2838],[33.6273,54.2597],[33.587,54.2483],[33.619,54.2335],[33.6137,54.1791],[33.562,54.1562],[33.5586,54.1292],[33.5265,54.1112],[33.5501,54.101],[33.4646,54.0852],[33.4242,54.0489],[33.4403,54.0374],[33.4874,54.0362],[33.5012,54.0158],[33.445,53.9991],[33.4746,53.9718],[33.3884,53.9538],[33.4091,53.9812],[33.3491,53.9824],[33.3055,53.9583],[33.2457,53.9513],[33.2663,53.9163],[33.2475,53.8897],[33.2824,53.8566],[33.289,53.8217],[33.2531,53.8035],[33.2039,53.7925],[33.2134,53.7685],[33.1985,53.732],[33.1303,53.7185],[33.0568,53.6763],[33.008,53.6317],[32.956,53.6102],[32.899,53.5687],[32.8904,53.5408],[32.9081,53.4935],[32.8471,53.4318],[32.8262,53.4443],[32.7662,53.4144],[32.7365,53.4383],[32.7178,53.4311],[32.7012,53.4621],[32.6582,53.4557],[32.6417,53.469],[32.6503,53.4876],[32.6006,53.4924],[32.5768,53.486],[32.5543,53.5108],[32.4529,53.5464],[32.4115,53.5824],[32.3991,53.6354],[32.4806,53.6624],[32.4878,53.6847],[32.4616,53.7068],[32.4216,53.7158],[32.3718,53.7144],[32.2904,53.7609],[32.1648,53.7817],[32.106,53.8069],[32.0836,53.8096],[31.8732,53.7771],[31.7873,53.7944],[31.7447,53.7949],[31.7538,53.8196],[31.8101,53.8826],[31.8465,53.9923],[31.8139,54.0571],[31.7713,54.0485],[31.7481,54.0863],[31.7258,54.0975],[31.6669,54.1019],[31.5831,54.1295],[31.5064,54.1439],[31.3247,54.2292],[31.2992,54.2726],[31.2848,54.3474],[31.2487,54.3768],[31.209,54.448],[31.179,54.4534],[31.1679,54.4671],[31.0936,54.4794],[31.0646,54.4923],[31.0896,54.5359],[31.1395,54.5829],[31.1679,54.6216],[31.1286,54.6404],[31.1052,54.6683],[30.999,54.6713],[30.9806,54.7057],[30.8273,54.771],[30.7706,54.786],[30.7681,54.8299],[30.8261,54.8775],[30.8148,54.928],[30.8386,54.9392],[30.8995,54.9464],[30.9361,54.9732],[30.9066,55.0126],[30.9132,55.0246],[30.9806,55.0187],[31.0056,55.023],[31.0064,55.0424],[30.9703,55.1014],[30.984,55.1309],[30.9588,55.1444],[30.9598,55.1626],[30.8865,55.2045],[30.8568,55.2535],[30.8041,55.273],[30.7943,55.2855],[30.8112,55.3231],[30.8456,55.3511],[30.9059,55.376],[30.9186,55.4076],[30.8891,55.4334],[30.8872,55.4681],[30.9194,55.4923],[30.8994,55.4991],[30.9197,55.5345],[30.9071,55.5778],[30.9263,55.6025],[30.9529,55.6597],[31.0366,55.7081],[31.0473,55.7685],[31.1869,55.7372],[31.2118,55.7182],[31.2257,55.7275],[31.2924,55.7367],[31.3256,55.7227],[31.3552,55.7319],[31.4,55.733],[31.4,55.9065],[31.3897,55.92],[31.24,55.92],[31.2,56],[30.6,56.1],[29.6,56.4],[29,56.55],[28.4,56.65],[27.9923,56.6245],[27.9974,56.6038],[28.0287,56.5768],[28.1087,56.5552],[28.1322,56.536],[28.0992,56.5134],[28.0933,56.5016],[28.1045,56.4831],[28.1565,56.4462],[28.1679,56.4271],[28.1643,56.3928],[28.1744,56.3496],[28.2148,56.2814],[28.2153,56.256],[28.1931,56.231],[28.1691,56.1617],[28.1489,56.1424],[28.111,56.1568],[28.0682,56.1476],[28.0511,56.1407],[27.981,56.118],[27.9397,56.1131],[27.9115,56.1002],[27.8807,56.0639],[27.7812,56.0164],[27.7601,55.9754],[27.7444,55.9597],[27.645,55.9228],[27.6172,55.8786],[27.6101,55.831],[27.5927,55.7942],[27.5925,55.7942],[27.5646,55.7922],[27.4388,55.7987],[27.3746,55.8148],[27.361,55.8237],[27.3496,55.8312],[27.3444,55.8282],[27.2824,55.7919],[27.263,55.7872],[27.1732,55.8257],[27.1108,55.8363],[26.9794,55.8263],[26.9578,55.8186],[26.9001,55.7787],[26.8428,55.7193],[26.8228,55.7061],[26.743,55.6829],[26.6401,55.6956],[26.5945,55.667],[26.6077,55.6165],[26.5956,55.568],[26.5321,55.5163],[26.5277,55.4922],[26.5433,55.4596],[26.5078,55.4391],[26.486,55.3908],[26.4455,55.3375],[26.4658,55.3209],[26.5423,55.3076],[26.6027,55.3169],[26.7686,55.3002],[26.8007,55.2733],[26.7897,55.2572],[26.7399,55.2428],[26.7011,55.2368],[26.657,55.2153],[26.6339,55.1922],[26.6163,55.1354],[26.5789,55.1185],[26.4734,55.1457],[26.4203,55.1281],[26.3095,55.1446],[26.2644,55.1401],[26.233,55.1116],[26.2246,55.0549],[26.1703,54.9933],[26.2479,54.9698],[26.2536,54.9461],[26.2777,54.929],[26.3131,54.9457],[26.3481,54.9433],[26.3171,54.9238],[26.339,54.8908],[26.3376,54.8635],[26.3829,54.8331],[26.4251,54.8256],[26.501,54.7623],[26.5418,54.7475],[26.5448,54.7006],[26.5948,54.6362],[26.6315,54.6259],[26.6753,54.6339],[26.6824,54.5795],[26.6527,54.5736],[26.6383,54.5308],[26.5931,54.5455],[26.5938,54.5148],[26.6138,54.4837],[26.6098,54.458],[26.5739,54.4342],[26.5004,54.3144],[26.4689,54.2788],[26.4063,54.2411],[26.2954,54.2287],[26.2167,54.2307],[26.1586,54.2006],[26.1132,54.1993],[26.0851,54.1646],[26.0769,54.1327],[26.1259,54.1205],[26.1434,54.1414],[26.1785,54.1294],[26.1697,54.0667],[26.2033,54.0345],[26.2666,54.0401],[26.2889,54.0606],[26.3336,54.0572],[26.3683,54.0048],[26.4277,54.0036],[26.4343,53.9894],[26.4192,53.9518],[26.3712,53.9404],[26.3409,53.9009],[26.2446,53.8778],[26.2184,53.866],[26.2158,53.8295],[26.3027,53.8031],[26.2988,53.7826],[26.2617,53.7787],[26.2533,53.7341],[26.294,53.7104],[26.3379,53.7041],[26.3396,53.6765],[26.357,53.6558],[26.4204,53.6447],[26.462,53.6311],[26.4811,53.5944],[26.5142,53.5531],[26.4932,53.5036],[26.5351,53.504],[26.548,53.482],[26.5439,53.4347],[26.5595,53.4012],[26.3765,53.3645],[26.3723,53.3193],[26.3911,53.3],[25.75,53.3],[25.75,51.9263]]],[[[34.7299,59.1032],[34.7364,59.0668],[34.7959,59.0486],[34.8724,59.0535],[34.8785,59.0434],[34.8315,58.991],[34.8377,58.9851],[34.9485,58.9659],[34.964,58.9443],[35.0255,58.942],[35.0243,58.9241],[35.062,58.9174],[35.1308,58.9373],[35.1716,58.9228],[35.1401,58.8888],[35.1246,58.815],[35.1809,58.8264],[35.2201,58.8248],[35.2125,58.7979],[35.2657,58.7648],[35.288,58.7638],[35.3106,58.803],[35.3985,58.8435],[35.5025,58.841],[35.5386,58.831],[35.6117,58.8298],[35.6166,58.8169],[35.6798,58.8159],[35.7141,58.8324],[35.7512,58.8265],[35.8101,58.7948],[35.8172,58.7804],[35.7653,58.7774],[35.7749,58.7543],[35.8361,58.7447],[35.8863,58.7533],[35.9568,58.7522],[35.979,58.7292],[36.0276,58.7215],[36.0607,58.7069],[36.1263,58.6955],[36.1472,58.6433],[36.1394,58.6168],[36.2196,58.6122],[36.2349,58.5908],[36.1938,58.5712],[36.1733,58.525],[36.23,58.5138],[36.24,58.5338],[36.2749,58.5355],[36.3148,58.5187],[36.3236,58.4998],[36.4465,58.529],[36.4892,58.5309],[36.5206,58.5585],[36.5182,58.5899],[36.5882,58.6038],[36.6453,58.6448],[36.6804,58.6944],[36.7141,58.696],[36.7049,58.734],[36.7724,58.7207],[36.8129,58.7438],[36.8156,58.7582],[36.7838,58.8065],[36.8324,58.8365],[36.8642,58.8428],[36.9434,58.8344],[37.0115,58.839],[37.063,58.8642],[37.1222,58.866],[37.1752,58.8263],[37.1804,58.7786],[37.3696,58.6444],[37.4454,58.5947],[37.4986,58.5798],[37.5398,58.5397],[37.5927,58.5146],[37.6263,58.4902],[37.6543,58.4497],[37.644,58.4294],[37.5881,58.417],[37.5345,58.3968],[37.4962,58.3992],[37.4775,58.4151],[37.4491,58.4075],[37.3698,58.3494],[37.4172,58.3269],[37.42,58.3083],[37.3907,58.2877],[37.3497,58.239],[37.3751,58.2008],[37.4435,58.1828],[37.4968,58.1853],[37.5621,58.1653],[37.5896,58.1351],[37.6344,58.1166],[37.6735,58.083],[37.6617,58.068],[37.6235,58.0697],[37.5487,58.0528],[37.525,58.0296],[37.5425,58.0069],[37.5152,57.9871],[37.4844,57.9808],[37.428,57.9833],[37.3665,57.9771],[37.3709,57.9494],[37.4532,57.9229],[37.4949,57.9174],[37.4955,57.8936],[37.4541,57.8924],[37.3941,57.9036],[37.3509,57.8966],[37.3569,57.8774],[37.4027,57.8735],[37.4167,57.8614],[37.3774,57.8437],[37.3909,57.828],[37.4573,57.828],[37.5234,57.7713],[37.5398,57.7383],[37.6123,57.7227],[37.6507,57.7029],[37.6468,57.686],[37.6682,57.67],[37.7146,57.6587],[37.7641,57.6311],[37.8276,57.6307],[37.81,57.608],[37.8161,57.5506],[37.7984,57.5037],[37.8354,57.4842],[37.8384,57.4597],[37.7943,57.4426],[37.7948,57.4335],[37.8619,57.4176],[37.9842,57.3592],[38.0383,57.3563],[38.0863,57.3418],[38.1566,57.3383],[38.1595,57.3562],[38.2705,57.3711],[38.2999,57.3372],[38.3064,57.2763],[38.2579,57.2722],[38.2262,57.2359],[38.16,57.2336],[38.1429,57.197],[38.1514,57.1859],[38.2498,57.1288],[38.2597,57.0955],[38.2513,57.0528],[38.2071,57.0002],[38.1646,56.9954],[38.1545,56.9789],[38.2117,56.9582],[38.1993,56.8942],[38.1285,56.8837],[38.1542,56.8319],[38.2226,56.819],[38.2608,56.7822],[38.2565,56.7702],[38.306,56.7443],[38.3181,56.7151],[38.3741,56.6966],[38.3274,56.6755],[38.3443,56.6339],[38.3178,56.5995],[38.3296,56.5623],[38.2965,56.5468],[38.2954,56.5289],[38.3226,56.4945],[38.38,56.4684],[38.3944,56.4405],[38.38,56.4111],[38.4124,56.369],[38.4092,56.3346],[38.4171,56.2859],[38.4028,56.2642],[38.4565,56.218],[38.506,56.2199],[38.492,56.1892],[38.5246,56.1178],[38.5623,56.0832],[38.5831,56.0218],[38.567,56.0001],[38.6056,55.9589],[38.6437,55.9674],[38.7291,55.9535],[38.7783,55.9196],[38.8207,55.9219],[38.8394,55.9009],[38.8953,55.9242],[38.9471,55.9125],[39.0158,55.9252],[39.0307,55.8824],[39.0544,55.8525],[39.1231,55.8298],[39.1923,55.8396],[39.3098,55.8306],[39.3363,55.8164],[39.3165,55.7786],[39.3581,55.761],[39.4286,55.7636],[39.4608,55.7725],[39.5552,55.7761],[39.618,55.7917],[39.6656,55.7825],[39.697,55.8005],[39.7985,55.83],[39.8231,55.8328],[39.8789,55.8159],[39.8953,55.8007],[39.8889,55.7472],[39.9002,55.7345],[40.0622,55.6317],[40.085,55.6126],[40.0369,55.5457],[40.0448,55.5092],[40.1176,55.5264],[40.1405,55.5172],[40.1804,55.4597],[40.1807,55.4423],[40.1373,55.4342],[40.1427,55.4061],[40.1856,55.3263],[40.2065,55.3093],[40.2439,55.3365],[40.2946,55.3324],[40.3454,55.34],[40.358,55.3238],[40.3277,55.315],[40.3227,55.2938],[40.4001,55.2873],[40.5168,55.3277],[40.5454,55.3093],[40.5322,55.2926],[40.5645,55.269],[40.5539,55.2546],[40.6211,55.2052],[40.6774,55.2134],[40.7294,55.2039],[40.786,55.2222],[40.8435,55.2263],[40.8789,55.2409],[40.891,55.2606],[40.9646,55.2604],[41.0042,55.2335],[41.0365,55.2219],[41.0466,55.1832],[41.0809,55.1474],[41.0955,55.1481],[41.0874,55.1915],[41.11,55.2044],[41.1871,55.221],[41.2634,55.213],[41.2989,55.2032],[41.3652,55.1731],[41.4116,55.131],[41.4413,55.1312],[41.4966,55.157],[41.5823,55.1414],[41.6583,55.1089],[41.7185,55.1249],[41.7832,55.1191],[41.8702,55.1576],[41.9007,55.2045],[41.8587,55.2409],[41.9541,55.2777],[41.9564,55.2964],[41.933,55.3299],[41.9527,55.3386],[42.0006,55.3373],[42.0134,55.3731],[42.0756,55.3932],[42.117,55.4217],[42.1336,55.4587],[42.0684,55.4813],[42.0688,55.55],[46.1083,55.55],[46.1038,55.5727],[46.0485,55.6167],[46.0126,55.6266],[45.9753,55.6191],[45.9572,55.6326],[45.9201,55.688],[45.9679,55.7427],[46.0013,55.7348],[46.0077,55.7495],[45.9883,55.7768],[46.0167,55.7785],[46.0938,55.808],[46.1004,55.8327],[46.088,55.8597],[46.1341,55.8939],[46.0988,55.9408],[46.1502,55.9735],[46.2008,56.0246],[46.214,56.0498],[46.1564,56.0412],[46.1299,56.0598],[46.0922,56.0564],[46.0953,56.0934],[46.0674,56.1092],[46.0795,56.136],[46.0677,56.1819],[46.0264,56.1798],[45.91,56.2338],[45.8738,56.2588],[45.88,56.3077],[45.9354,56.316],[45.9461,56.325],[45.9224,56.3803],[45.9486,56.4082],[45.949,56.4332],[45.876,56.4402],[45.7887,56.4248],[45.7609,56.4606],[45.6627,56.4609],[45.6299,56.5148],[45.6498,56.5455],[45.6385,56.5711],[45.651,56.5908],[45.6951,56.6016],[45.7392,56.6256],[45.8589,56.6291],[45.9218,56.6523],[45.9276,56.6629],[45.896,56.6897],[45.9127,56.7363],[45.9145,56.792],[45.9381,56.8227],[45.9586,56.8721],[46.0382,56.8696],[46.095,56.8812],[46.2199,56.8932],[46.268,56.9047],[46.3127,56.907],[46.3188,56.9436],[46.336,56.9521],[46.5129,56.9401],[46.5342,56.9198],[46.5585,56.9286],[46.601,56.92],[46.6627,56.9391],[46.6682,56.965],[46.7149,56.9663],[46.7514,56.9783],[46.7131,57.0124],[46.7626,57.0302],[46.7561,57.0742],[46.7605,57.1293],[46.7312,57.1907],[46.7422,57.2046],[46.8344,57.1997],[46.8448,57.2291],[46.8083,57.2424],[46.7898,57.2813],[46.6952,57.3205],[46.6867,57.3631],[46.748,57.3807],[46.7292,57.3974],[46.6952,57.4001],[46.7072,57.4237],[46.7382,57.4276],[46.7904,57.4512],[46.7501,57.5173],[46.7876,57.5273],[46.8224,57.512],[46.9123,57.5149],[47.0007,57.4935],[47.0542,57.4983],[47.1368,57.5304],[47.2153,57.5508],[47.2487,57.5673],[47.3584,57.5543],[47.386,57.5351],[47.471,57.5285],[47.4865,57.5758],[47.5212,57.5861],[47.5449,57.6567],[47.5302,57.6999],[47.5727,57.7441],[47.5589,57.7707],[47.5721,57.8104],[47.6121,57.8385],[47.6647,57.8512],[47.7149,57.8715],[47.7623,57.876],[47.7638,57.9121],[47.7031,57.9584],[47.6425,57.9562],[47.4515,57.9874],[47.3884,58.0195],[47.3542,58.0255],[46.9916,58.0244],[46.5964,58.0264],[46.5067,58.035],[46.4784,58.0235],[46.4299,58.0205],[46.3814,58.0558],[46.3413,58.0746],[46.3425,58.0989],[46.313,58.1112],[46.3627,58.1884],[46.4069,58.2087],[46.4157,58.2289],[46.4088,58.2762],[46.4219,58.3146],[46.4773,58.3339],[46.4739,58.3487],[46.4113,58.3536],[46.4583,58.381],[46.541,58.3973],[46.5841,58.4304],[46.5933,58.4514],[46.5565,58.4732],[46.5541,58.4877],[46.5869,58.5177],[46.5931,58.5606],[46.6325,58.5807],[46.6873,58.5669],[46.8142,58.5846],[46.8854,58.6051],[46.9857,58.6138],[47.0102,58.629],[47.0039,58.6845],[47.02,58.7038],[47.0816,58.7386],[47.1199,58.775],[47.1624,58.7696],[47.1955,58.753],[47.2596,58.7563],[47.3165,58.7978],[47.2866,58.8166],[47.2995,58.8594],[47.2819,58.893],[47.3193,58.9156],[47.3843,58.907],[47.4524,58.9211],[47.4772,58.8862],[47.6022,58.9067],[47.6016,58.9217],[47.5704,58.9565],[47.5499,58.998],[47.5709,59.0599],[47.5288,59.078],[47.4512,59.1317],[47.442,59.1642],[47.4016,59.1507],[47.3787,59.1531],[47.2392,59.2202],[47.2315,59.247],[47.2524,59.3555],[47.0563,59.3785],[47.1135,59.6113],[47.1367,59.6979],[47.1339,59.725],[47.1126,59.7527],[47.0572,59.7687],[46.9573,59.7818],[46.9349,59.7891],[46.9226,59.8439],[47.0364,60.0995],[47.0213,60.1219],[46.909,60.1253],[46.8465,60.079],[46.809,60.0708],[46.7458,60.0783],[46.7344,60.0649],[46.6833,60.0625],[46.6627,60.0774],[46.6085,60.0673],[46.5059,60.1053],[46.4661,60.1131],[46.4041,60.1068],[46.3656,60.1252],[46.3755,60.1389],[46.3491,60.2144],[46.3017,60.2419],[46.3126,60.2547],[46.3546,60.2508],[46.4408,60.2714],[46.4915,60.2626],[46.5555,60.2622],[46.6367,60.2736],[46.7281,60.2557],[46.7495,60.2611],[46.8071,60.3183],[46.8093,60.3485],[46.8258,60.369],[46.821,60.3925],[46.8526,60.4275],[46.8768,60.4874],[46.8625,60.5073],[46.9403,60.5382],[46.9665,60.5593],[47.0488,60.5752],[47.0244,60.6012],[47.0209,60.6393],[46.9635,60.6539],[47.0423,60.7479],[47.0838,60.8186],[47.0429,60.8538],[47.0832,60.8751],[47.0965,60.9378],[47.1176,60.967],[47.1841,60.9924],[47.2018,61.0198],[47.1961,61.0483],[47.2448,61.0562],[47.4896,61.047],[47.5685,61.0591],[47.6187,61.0536],[47.6642,61.0347],[47.766,61.0287],[47.8733,61.0018],[47.942,61.0081],[47.9655,60.9994],[47.9698,60.9343],[47.9842,60.8965],[48.06,60.8828],[48.419,60.8538],[48.4465,60.9841],[48.4843,61.0338],[48.5093,61.0477],[48.8887,61.1412],[48.9098,61.1408],[48.9494,61.1199],[49.0979,61.175],[49.1815,61.1813],[49.2805,61.1737],[49.3022,61.1762],[49.322,61.2029],[49.4223,61.455],[49.4614,61.5861],[49.4173,61.6183],[49.3628,61.6238],[49.0968,61.6581],[49.0516,61.691],[49.2127,62.0911],[49.2209,62.1012],[49.2734,62.1095],[49.2595,62.1371],[49.2744,62.1421],[49.3616,62.1396],[49.3694,62.1494],[49.609,62.7702],[48.8751,62.8291],[48.7145,62.8155],[48.6808,62.7318],[48.657,62.7071],[48.6286,62.7058],[48.3661,62.7293],[48.3339,62.7044],[48.2368,62.473],[48.2364,62.4519],[48.2574,62.429],[48.3045,62.3968],[48.3042,62.3506],[48.2908,62.3216],[48.2247,62.317],[47.7511,62.3218],[47.6498,62.2967],[47.6377,62.2116],[47.621,62.1855],[47.5938,62.1823],[47.4781,62.1847],[47.4134,62.1928],[47.3985,62.2213],[47.405,62.2896],[47.3863,62.3204],[47.2349,62.3515],[47.2271,62.3796],[47.2314,62.4389],[46.5,62],[44.5,61.7],[44.5,60.9445],[44.4553,60.947],[44.2058,60.9718],[44.1575,60.9948],[44.1687,61.0657],[44.1585,61.0824],[44.053,61.0792],[44.0177,61.0528],[43.9584,61.0487],[43.8753,61.0229],[43.8351,61.0319],[43.776,61.0208],[43.7541,60.946],[43.7289,60.911],[43.746,60.9],[43.7154,60.8845],[43.6488,60.878],[43.5361,60.8531],[43.5204,60.8293],[43.5223,60.7791],[43.5109,60.7675],[43.2266,60.7848],[43.1499,60.806],[43.1353,60.8006],[43.0488,60.7402],[42.9799,60.7369],[42.9765,60.7561],[42.9439,60.7897],[42.9137,60.7789],[42.907,60.8137],[42.8231,60.8553],[42.6505,60.8631],[42.6149,60.8576],[42.5642,60.8357],[42.5616,60.7973],[42.5287,60.7793],[42.4672,60.7912],[42.4239,60.7721],[42.3948,60.7694],[42.0239,60.8358],[41.9668,60.8311],[41.9265,60.8455],[41.9154,60.8594],[41.9606,60.886],[41.9424,60.9121],[41.9165,60.9149],[41.9014,60.897],[41.868,60.9112],[41.8009,60.899],[41.7563,60.8582],[41.7194,60.8402],[41.6681,60.8479],[41.6508,60.8863],[41.6374,60.8911],[41.5185,60.8992],[41.3822,60.8511],[41.4119,60.8072],[41.4121,60.7912],[41.3577,60.7222],[41.3399,60.676],[41.343,60.646],[41.2803,60.664],[41.2295,60.6556],[41.0593,60.6497],[41.0123,60.667],[40.8191,60.711],[40.7626,60.7388],[40.7465,60.7797],[40.7128,60.7585],[40.679,60.7547],[40.6213,60.7282],[40.5551,60.7198],[40.5344,60.7246],[40.5035,60.7557],[40.4655,60.7746],[40.4076,60.784],[40.3754,60.766],[40.3865,60.7319],[40.3515,60.708],[40.2224,60.6951],[40.1564,60.6726],[40.0721,60.6831],[40.0393,60.6809],[40.0049,60.6578],[39.9235,60.6519],[39.764,60.7369],[39.6938,60.7327],[39.6482,60.746],[39.5975,60.7333],[39.4244,60.709],[39.3849,60.6886],[39.3382,60.684],[39.2893,60.7052],[39.1861,60.7148],[39.1706,60.702],[39.1956,60.6732],[39.1906,60.6529],[39.1695,60.6858],[39.0682,60.7141],[39.033,60.7311],[39.0093,60.7621],[38.9829,60.7727],[38.967,60.8002],[38.9477,60.8027],[38.9231,60.7727],[38.8695,60.7738],[38.8303,60.7434],[38.8114,60.7179],[38.7895,60.7128],[38.6613,60.7114],[38.6327,60.7232],[38.5995,60.7835],[38.5742,60.7991],[38.4301,60.8047],[38.4209,60.8112],[38.4185,60.874],[38.3857,60.9382],[38.3617,60.9551],[38.3286,60.9102],[38.2454,60.9132],[38.213,60.924],[38.1705,60.9753],[38.1981,61.026],[38.1449,61.073],[38.1504,61.0985],[38.177,61.1208],[38.1663,61.1331],[38.0891,61.1559],[38.0405,61.1401],[37.9806,61.1407],[37.9645,61.1484],[37.973,61.2047],[37.9425,61.2161],[37.9014,61.2632],[37.9,61.2639],[37.9,60.45],[35.2515,60.45],[35.2517,60.4454],[35.2341,60.3793],[35.2311,60.3412],[35.1827,60.2888],[35.1474,60.2688],[35.1521,60.2083],[35.1466,60.1307],[35.1765,60.1054],[35.1571,60.067],[35.0872,60.0409],[35.0973,60.0161],[35.1622,60.0108],[35.2379,59.9855],[35.2926,59.9846],[35.3229,59.973],[35.4037,59.9743],[35.4742,59.9229],[35.4114,59.9041],[35.3825,59.8754],[35.3854,59.7969],[35.3979,59.7295],[35.4236,59.7011],[35.4649,59.6944],[35.5318,59.6986],[35.6075,59.7124],[35.6387,59.7003],[35.6342,59.6402],[35.5929,59.6228],[35.5046,59.652],[35.4958,59.5535],[35.4832,59.5381],[35.4369,59.5293],[35.5018,59.501],[35.4615,59.4823],[35.3237,59.5067],[35.2889,59.4993],[35.3046,59.4844],[35.3676,59.4718],[35.4028,59.4432],[35.4485,59.4277],[35.4445,59.4082],[35.3937,59.3621],[35.329,59.349],[35.3189,59.328],[35.3755,59.3148],[35.3819,59.3003],[35.3012,59.301],[35.2437,59.2943],[35.193,59.269],[35.1347,59.2544],[35.038,59.2513],[34.9575,59.2267],[34.9327,59.2458],[34.9005,59.2379],[34.8723,59.2099],[34.8572,59.1803],[34.812,59.1463],[34.7981,59.1024],[34.7299,59.1032]],[[38.0226,61.0419],[38.0415,61.0497],[38.0875,61.0416],[38.1248,61.0174],[38.0452,61.0184],[38.0226,61.0419]]],[[[47.5,63.0242],[47.5158,63.0368],[47.5546,63.1212],[47.5546,63.1485],[47.5,63.1506],[47.5,63.0242]]]]}},
{"type":"Feature","properties":{"entityId":"rus-principalities","from":1310,"to":1320,"certainty":"estimated","source":"유럽 쪽은 Natural Earth 1:10m admin-1(v5.1.2) 현대 행정구역 조각을 그 시기 국경에 맞춰 묶고, 조각이 역사 경계와 다른 곳은 선을 그어 나눈 근사. 유럽 밖(시베리아·중앙아시아·극동)은 대략적인 추정. 운영자 검수 필요"},"geometry":{"type":"MultiPolygon","coordinates":[[[[25.75,51.9263],[25.7679,51.9285],[25.9811,51.9035],[26.0808,51.9007],[26.1454,51.8648],[26.1753,51.8567],[26.4078,51.8506],[26.4192,51.8209],[26.4456,51.8056],[26.6657,51.8014],[26.8548,51.7493],[26.9208,51.7425],[27.0216,51.7645],[27.11,51.7624],[27.1779,51.7471],[27.1811,51.6834],[27.2036,51.6551],[27.2775,51.6511],[27.254,51.5954],[27.2675,51.5875],[27.3291,51.597],[27.3884,51.5907],[27.431,51.5984],[27.4773,51.6237],[27.5,51.6233],[27.5,52.245],[27.5231,52.2368],[27.5406,52.2214],[27.5208,52.1835],[27.5267,52.0727],[27.533,52.0603],[27.5991,52.0185],[27.585,51.9902],[27.5256,51.9426],[27.5319,51.9006],[27.5031,51.8445],[27.5563,51.8059],[27.555,51.7503],[27.5095,51.7056],[27.5124,51.6231],[27.6206,51.5959],[27.6768,51.5948],[27.7052,51.5684],[27.6661,51.4902],[27.5859,51.4723],[27.5757,51.4379],[27.5999,51.4091],[27.5836,51.3937],[27.5439,51.4155],[27.52,51.441],[27.5021,51.4402],[27.4903,51.3671],[27.5113,51.3527],[27.4779,51.3153],[27.4221,51.3073],[27.4182,51.2977],[27.4503,51.2556],[27.4491,51.2279],[27.3976,51.1922],[27.3582,51.142],[27.3496,51.0998],[27.2945,51.0437],[27.2323,51.0304],[27.1982,50.9909],[27.2328,50.9249],[27.216,50.9159],[27.2399,50.8904],[27.2241,50.8245],[27.2292,50.7908],[27.2717,50.7374],[27.2435,50.6818],[27.2152,50.6575],[27.1924,50.6185],[27.1969,50.6052],[27.2356,50.583],[27.1923,50.5412],[27.2458,50.5098],[27.2604,50.4901],[27.3046,50.478],[27.2484,50.4413],[27.2289,50.3949],[27.235,50.3797],[27.2792,50.3713],[27.3193,50.3341],[27.4038,50.2982],[27.4036,50.2747],[27.4317,50.2718],[27.4719,50.2518],[27.4885,50.2238],[27.554,50.2203],[27.5825,50.2546],[27.6075,50.2493],[27.6059,50.2067],[27.646,50.1691],[27.6496,50.1527],[27.6272,50.1379],[27.6463,50.1198],[27.6212,50.0793],[27.657,50.0612],[27.6637,50.0326],[27.5977,50.0027],[27.5478,50.0075],[27.5801,49.9485],[27.5487,49.9436],[27.5409,49.9151],[27.5881,49.8979],[27.6042,49.8608],[27.6423,49.8266],[27.6607,49.799],[27.868,49.7601],[27.9568,49.7672],[28.0254,49.7604],[28.1429,49.7783],[28.2391,49.7802],[28.2675,49.7882],[28.3334,49.7725],[28.3905,49.7771],[28.4309,49.8078],[28.519,49.8073],[28.571,49.7867],[28.6346,49.8011],[28.7105,49.7936],[28.7305,49.8024],[28.751,49.8321],[28.811,49.8568],[28.8354,49.8814],[28.9096,49.8724],[28.9153,49.8509],[28.9397,49.8311],[28.9423,49.788],[28.9735,49.7522],[29.0042,49.7309],[28.9561,49.6913],[28.9485,49.6738],[28.9718,49.6622],[28.9972,49.6231],[28.9868,49.5958],[29.1324,49.582],[29.2686,49.5862],[29.2742,49.6082],[29.3538,49.6171],[29.4223,49.6513],[29.4472,49.6509],[29.4963,49.6461],[29.5147,49.6328],[29.4949,49.5923],[29.4963,49.5728],[29.5218,49.5489],[29.5621,49.5357],[29.5662,49.5084],[29.5416,49.4948],[29.5696,49.4438],[29.5608,49.4127],[29.5112,49.3912],[29.4998,49.3657],[29.5315,49.3177],[29.5847,49.3076],[29.648,49.2431],[29.6877,49.2412],[29.6972,49.2273],[29.7363,49.2196],[29.741,49.1845],[29.7779,49.1706],[29.8721,49.179],[29.8771,49.2025],[29.9201,49.2462],[29.9536,49.2613],[30.0136,49.2668],[30.0386,49.2851],[30.117,49.2794],[30.1044,49.3013],[30.1465,49.3286],[30.1829,49.3215],[30.1644,49.2933],[30.1742,49.2825],[30.3495,49.2581],[30.3632,49.2366],[30.3899,49.2386],[30.4279,49.344],[30.4579,49.3489],[30.4942,49.3241],[30.5502,49.3407],[30.5965,49.3318],[30.6194,49.3585],[30.6846,49.3538],[30.73,49.3216],[30.7811,49.3351],[30.8102,49.3524],[30.832,49.3472],[30.8682,49.3606],[30.908,49.3461],[30.9223,49.3821],[30.9462,49.4105],[31.0346,49.4715],[31.0773,49.4907],[31.104,49.5277],[31.1559,49.5564],[31.1568,49.5852],[31.1298,49.5958],[31.1282,49.6144],[31.1728,49.6681],[31.1689,49.692],[31.1881,49.7176],[31.1969,49.7534],[31.1824,49.7702],[31.1989,49.8044],[31.1786,49.8183],[31.212,49.854],[31.2573,49.8614],[31.2589,49.8617],[31.336,49.8967],[31.4302,49.9061],[31.4471,49.9007],[31.4759,49.8547],[31.5022,49.8421],[31.5143,49.8646],[31.5709,49.8627],[31.5864,49.8956],[31.6066,49.8868],[31.6131,49.8581],[31.7075,49.8467],[31.7627,49.8934],[31.7672,49.9178],[31.8068,49.9602],[31.8058,49.9982],[31.8738,50.0308],[31.8496,50.095],[31.9,50.1254],[31.9143,50.1473],[31.9599,50.1497],[31.995,50.1791],[31.9733,50.2161],[32.0043,50.2489],[32.0695,50.2387],[32.101,50.2723],[32.0934,50.2855],[32.1144,50.3061],[32.1392,50.3501],[32.1992,50.3505],[32.2236,50.3432],[32.2543,50.3584],[32.2883,50.3892],[32.3502,50.4079],[32.3759,50.4089],[32.4129,50.3928],[32.4427,50.4069],[32.4832,50.4018],[32.5032,50.3702],[32.628,50.3627],[32.6666,50.3679],[32.7273,50.3579],[32.8121,50.3881],[32.8834,50.4013],[32.9059,50.4295],[32.9552,50.4476],[32.9726,50.4684],[33.0092,50.48],[33.0615,50.5384],[33.0981,50.5245],[33.206,50.5183],[33.2336,50.5403],[33.2848,50.546],[33.3401,50.5252],[33.645,50.4855],[33.7207,50.4627],[33.8416,50.4821],[33.8067,50.5003],[33.813,50.512],[33.8645,50.5269],[33.9131,50.5303],[33.971,50.4934],[34.0476,50.471],[34.0791,50.4973],[34.1078,50.4925],[34.1217,50.5138],[34.1861,50.5276],[34.2124,50.5424],[34.2525,50.5296],[34.2503,50.4555],[34.2585,50.4357],[34.3161,50.3898],[34.3597,50.3658],[34.3774,50.346],[34.362,50.3095],[34.3665,50.2767],[34.3809,50.2639],[34.4263,50.272],[34.4587,50.2257],[34.4956,50.209],[34.504,50.1754],[34.4658,50.1649],[34.4562,50.147],[34.4741,50.1081],[34.5363,50.1244],[34.6337,50.1148],[34.6694,50.1155],[34.7049,50.1509],[34.7451,50.1382],[34.7872,50.157],[34.7925,50.1575],[34.6,50.35],[34.3,50.6],[34.05,50.8],[33.929,50.9613],[33.9,51],[33.72,51.2],[33.7,51.4],[33.95,51.55],[34.1,51.8],[34.1253,51.9517],[34.0962,51.9518],[34.1011,51.9925],[34.0682,52.031],[34.0567,52.1058],[34.0739,52.1283],[34.0557,52.1703],[34.0219,52.1979],[33.9578,52.2247],[33.9007,52.2859],[33.8391,52.3139],[33.8041,52.3546],[33.7336,52.361],[33.6879,52.3558],[33.6002,52.3308],[33.5317,52.2888],[33.493,52.3031],[33.4994,52.341],[33.4805,52.3578],[33.4373,52.3392],[33.4006,52.3443],[33.359,52.3576],[33.2943,52.3573],[33.1965,52.3689],[33.1666,52.3601],[33.128,52.3327],[33.0704,52.3042],[33.0301,52.3036],[32.9269,52.2469],[32.8908,52.2423],[32.8442,52.2623],[32.7254,52.2521],[32.5284,52.3162],[32.4806,52.3071],[32.3943,52.3268],[32.3536,52.3216],[32.3395,52.2872],[32.367,52.2472],[32.3282,52.2192],[32.3067,52.1412],[32.2777,52.1027],[32.2333,52.0809],[32.0956,52.0407],[32.0169,52.0498],[31.9806,52.0476],[31.9272,52.0311],[31.892,52.0362],[31.8821,52.0864],[31.8258,52.1041],[31.7643,52.1006],[31.7626,52.1498],[31.749,52.1639],[31.6987,52.1854],[31.6795,52.2159],[31.6994,52.2515],[31.6314,52.2648],[31.5674,52.3114],[31.5923,52.3286],[31.6081,52.3725],[31.5829,52.4028],[31.5879,52.4826],[31.553,52.5022],[31.5759,52.5247],[31.5593,52.5405],[31.6108,52.536],[31.6286,52.5481],[31.579,52.5778],[31.5361,52.6305],[31.4806,52.6825],[31.5479,52.7057],[31.5702,52.7253],[31.5608,52.7871],[31.5239,52.8117],[31.5051,52.8489],[31.451,52.8572],[31.3879,52.888],[31.3662,52.9086],[31.3226,52.9771],[31.2471,53.0144],[31.3192,53.0764],[31.3541,53.0821],[31.3616,53.12],[31.3785,53.182],[31.4164,53.2],[31.5359,53.1949],[31.614,53.2098],[31.6749,53.1952],[31.7386,53.1925],[31.7697,53.1693],[31.7805,53.1279],[31.7963,53.1124],[31.8555,53.1102],[31.9072,53.0919],[31.9547,53.09],[32.0099,53.1],[32.0828,53.082],[32.1173,53.0811],[32.1523,53.0963],[32.2059,53.1004],[32.2157,53.1255],[32.268,53.1248],[32.3528,53.1805],[32.4055,53.1927],[32.4557,53.2367],[32.4791,53.2749],[32.456,53.2778],[32.4548,53.3004],[32.5692,53.2988],[32.5959,53.3083],[32.58,53.3244],[32.6499,53.3337],[32.6979,53.3259],[32.7175,53.3349],[32.7044,53.3664],[32.7178,53.4311],[32.7012,53.4621],[32.6582,53.4557],[32.6417,53.469],[32.6503,53.4876],[32.6006,53.4924],[32.5768,53.486],[32.5543,53.5108],[32.4529,53.5464],[32.4115,53.5824],[32.3991,53.6354],[32.4806,53.6624],[32.4878,53.6847],[32.4616,53.7068],[32.4216,53.7158],[32.3718,53.7144],[32.2904,53.7609],[32.1648,53.7817],[32.106,53.8069],[32.0836,53.8096],[31.8732,53.7771],[31.7873,53.7944],[31.7447,53.7949],[31.7538,53.8196],[31.8101,53.8826],[31.8465,53.9923],[31.8139,54.0571],[31.7713,54.0485],[31.7481,54.0863],[31.7258,54.0975],[31.6669,54.1019],[31.5831,54.1295],[31.5064,54.1439],[31.3247,54.2292],[31.2992,54.2726],[31.2848,54.3474],[31.2487,54.3768],[31.209,54.448],[31.179,54.4534],[31.1679,54.4671],[31.0936,54.4794],[31.0646,54.4923],[31.0896,54.5359],[31.1395,54.5829],[31.1679,54.6216],[31.1286,54.6404],[31.1052,54.6683],[30.999,54.6713],[30.9806,54.7057],[30.8273,54.771],[30.7706,54.786],[30.7681,54.8299],[30.8261,54.8775],[30.8148,54.928],[30.8386,54.9392],[30.8995,54.9464],[30.9361,54.9732],[30.9066,55.0126],[30.9132,55.0246],[30.9806,55.0187],[31.0056,55.023],[31.0064,55.0424],[30.9703,55.1014],[30.984,55.1309],[30.9588,55.1444],[30.9598,55.1626],[30.8865,55.2045],[30.8568,55.2535],[30.8041,55.273],[30.7943,55.2855],[30.8112,55.3231],[30.8456,55.3511],[30.9059,55.376],[30.9186,55.4076],[30.8891,55.4334],[30.8872,55.4681],[30.9194,55.4923],[30.8994,55.4991],[30.9197,55.5345],[30.9071,55.5778],[30.9263,55.6025],[30.9529,55.6597],[31.0366,55.7081],[31.0473,55.7685],[31.1869,55.7372],[31.2118,55.7182],[31.2257,55.7275],[31.2924,55.7367],[31.3256,55.7227],[31.3552,55.7319],[31.4,55.733],[31.4,55.9065],[31.3897,55.92],[31.24,55.92],[31.2,56],[30.6,56.1],[29.6,56.4],[29,56.55],[28.4,56.65],[27.9923,56.6245],[27.9974,56.6038],[28.0287,56.5768],[28.1087,56.5552],[28.1322,56.536],[28.0992,56.5134],[28.0933,56.5016],[28.1045,56.4831],[28.1565,56.4462],[28.1679,56.4271],[28.1643,56.3928],[28.1744,56.3496],[28.2148,56.2814],[28.2153,56.256],[28.1931,56.231],[28.1691,56.1617],[28.1489,56.1424],[28.111,56.1568],[28.0682,56.1476],[28.0511,56.1407],[27.981,56.118],[27.9397,56.1131],[27.9115,56.1002],[27.8807,56.0639],[27.7812,56.0164],[27.7601,55.9754],[27.7444,55.9597],[27.645,55.9228],[27.6172,55.8786],[27.6101,55.831],[27.5927,55.7942],[27.5925,55.7942],[27.5646,55.7922],[27.4388,55.7987],[27.3746,55.8148],[27.361,55.8237],[27.3496,55.8312],[27.3444,55.8282],[27.2824,55.7919],[27.263,55.7872],[27.1732,55.8257],[27.1108,55.8363],[26.9794,55.8263],[26.9578,55.8186],[26.9001,55.7787],[26.8428,55.7193],[26.8228,55.7061],[26.743,55.6829],[26.6401,55.6956],[26.5945,55.667],[26.6077,55.6165],[26.5956,55.568],[26.5321,55.5163],[26.5277,55.4922],[26.5433,55.4596],[26.5078,55.4391],[26.486,55.3908],[26.4455,55.3375],[26.4658,55.3209],[26.5423,55.3076],[26.6027,55.3169],[26.7686,55.3002],[26.8007,55.2733],[26.7897,55.2572],[26.7399,55.2428],[26.7011,55.2368],[26.657,55.2153],[26.6339,55.1922],[26.6163,55.1354],[26.5789,55.1185],[26.4734,55.1457],[26.4203,55.1281],[26.3095,55.1446],[26.2644,55.1401],[26.233,55.1116],[26.2246,55.0549],[26.1703,54.9933],[26.2479,54.9698],[26.2536,54.9461],[26.2777,54.929],[26.3131,54.9457],[26.3481,54.9433],[26.3171,54.9238],[26.339,54.8908],[26.3376,54.8635],[26.3829,54.8331],[26.4251,54.8256],[26.501,54.7623],[26.5418,54.7475],[26.5448,54.7006],[26.5948,54.6362],[26.6315,54.6259],[26.6753,54.6339],[26.6824,54.5795],[26.6527,54.5736],[26.6383,54.5308],[26.5931,54.5455],[26.5938,54.5148],[26.6138,54.4837],[26.6098,54.458],[26.5739,54.4342],[26.5004,54.3144],[26.4689,54.2788],[26.4063,54.2411],[26.2954,54.2287],[26.2167,54.2307],[26.1586,54.2006],[26.1132,54.1993],[26.0851,54.1646],[26.0769,54.1327],[26.1259,54.1205],[26.1434,54.1414],[26.1785,54.1294],[26.1697,54.0667],[26.2033,54.0345],[26.2666,54.0401],[26.2889,54.0606],[26.3336,54.0572],[26.3683,54.0048],[26.4277,54.0036],[26.4343,53.9894],[26.4192,53.9518],[26.3712,53.9404],[26.3409,53.9009],[26.2446,53.8778],[26.2184,53.866],[26.2158,53.8295],[26.3027,53.8031],[26.2988,53.7826],[26.2617,53.7787],[26.2533,53.7341],[26.294,53.7104],[26.3379,53.7041],[26.3396,53.6765],[26.357,53.6558],[26.4204,53.6447],[26.462,53.6311],[26.4811,53.5944],[26.5142,53.5531],[26.4932,53.5036],[26.5351,53.504],[26.548,53.482],[26.5439,53.4347],[26.5595,53.4012],[26.3765,53.3645],[26.3723,53.3193],[26.3911,53.3],[25.75,53.3],[25.75,51.9263]]],[[[33.4242,54.0489],[33.4403,54.0374],[33.4874,54.0362],[33.5012,54.0158],[33.5682,54.032],[33.6425,54.0327],[33.6823,54.0264],[33.7802,53.9815],[33.8284,53.9277],[33.8404,53.8936],[33.8598,53.8787],[33.9071,53.8738],[33.9464,53.9012],[34.0079,53.8802],[34.0311,53.8617],[34.0977,53.8688],[34.1596,53.8927],[34.1992,53.8916],[34.2236,53.859],[34.215,53.8338],[34.2825,53.8205],[34.3235,53.7875],[34.3846,53.7185],[34.4196,53.6957],[34.4895,53.6665],[34.5154,53.6123],[34.5373,53.5982],[34.4963,53.5845],[34.4882,53.5441],[34.5097,53.5236],[34.536,53.4684],[34.5,53.4273],[34.5824,53.4276],[34.6281,53.4128],[34.6526,53.3916],[34.8646,53.3933],[34.955,53.3774],[35.0172,53.3918],[35.0025,53.3086],[35.0182,53.2884],[35.0646,53.3131],[35.1035,53.3108],[35.1118,53.2685],[35.106,53.2329],[35.1223,53.1863],[35.1034,53.1531],[35.1209,53.1343],[35.1821,53.1016],[35.2088,53.1179],[35.2746,53.097],[35.3139,53.0657],[35.2691,53.0205],[35.2115,53.0136],[35.1747,52.9969],[35.1592,53.0131],[35.1345,53.0124],[35.1565,52.9695],[35.076,52.9569],[34.967,52.9703],[34.9525,52.9286],[34.8773,52.9253],[34.8534,52.9024],[34.856,52.8818],[34.8049,52.8682],[34.8149,52.8488],[34.8692,52.7836],[34.9097,52.7916],[34.9481,52.7834],[34.976,52.76],[35.0312,52.7437],[35.0246,52.7179],[35.0915,52.698],[35.0461,52.6605],[34.9929,52.6541],[35.0106,52.6142],[34.9896,52.5105],[34.9729,52.4999],[34.9195,52.4981],[34.8329,52.424],[34.8336,52.3963],[34.8574,52.3644],[34.8815,52.3697],[34.8968,52.3532],[34.9172,52.3218],[34.8557,52.2553],[34.8822,52.231],[34.8423,52.2002],[34.8046,52.1851],[34.7638,52.1959],[34.768,52.2168],[34.7151,52.2163],[34.6754,52.1999],[34.661,52.1648],[34.7101,52.1339],[34.7089,52.1022],[34.6723,52.0655],[34.6359,52.0627],[34.6033,52.0369],[34.5677,52.0343],[34.5373,52.0664],[34.521,52.0695],[34.4843,52.0384],[34.4065,52.0127],[34.3849,51.9964],[34.3356,51.9347],[34.3692,51.9264],[34.4343,51.8966],[34.382,51.8753],[34.3882,51.8561],[34.3711,51.8268],[34.4127,51.7777],[34.4142,51.7365],[34.3763,51.7086],[34.2982,51.7061],[34.128,51.6807],[34.0891,51.6666],[34.0795,51.6431],[34.1401,51.6212],[34.1603,51.5761],[34.2024,51.5462],[34.2237,51.5148],[34.2121,51.455],[34.2196,51.4273],[34.1819,51.4023],[34.2305,51.3677],[34.2803,51.3613],[34.3002,51.3684],[34.3087,51.3346],[34.2836,51.3012],[34.2439,51.2741],[34.186,51.2489],[34.2818,51.2264],[34.337,51.2511],[34.409,51.2531],[34.5135,51.2296],[34.5782,51.2367],[34.6224,51.2248],[34.6428,51.1806],[34.6749,51.1677],[34.7481,51.1647],[34.8175,51.1747],[34.9618,51.2153],[34.9994,51.2021],[35.0594,51.2123],[35.0992,51.1832],[35.1238,51.0913],[35.1436,51.0585],[35.1726,51.0406],[35.2065,51.0389],[35.2743,51.0488],[35.3464,51.0366],[35.3551,51.0256],[35.3326,50.9999],[35.2781,50.9927],[35.2822,50.9611],[35.401,50.9533],[35.4494,50.963],[35.5124,50.9471],[35.5042,50.9182],[35.5464,50.9057],[35.5923,50.9211],[35.6129,50.9393],[35.6331,50.924],[35.6772,50.9193],[35.7176,50.9376],[35.7212,50.9672],[35.7457,50.9671],[35.7668,50.9482],[35.8042,50.9382],[35.8556,50.9794],[35.8769,51.0124],[35.9149,51.011],[35.9542,51.0455],[35.9996,51.0577],[35.9525,51.0922],[35.9397,51.1161],[35.9763,51.1575],[36.0406,51.1603],[36.0986,51.1296],[36.2075,51.1251],[36.2443,51.1063],[36.3136,51.1033],[36.3591,51.1258],[36.4037,51.1179],[36.4762,51.0863],[36.4999,51.122],[36.5996,51.0795],[36.6175,51.0798],[36.6526,51.1089],[36.6887,51.1274],[36.8558,51.1858],[36.9302,51.181],[36.9896,51.2004],[37.054,51.2469],[37.0849,51.2504],[37.0984,51.2299],[37.1304,51.2428],[37.1187,51.3015],[37.1442,51.3429],[37.1894,51.3288],[37.2491,51.331],[37.3417,51.3644],[37.3616,51.3844],[37.447,51.3723],[37.4628,51.381],[37.5386,51.3943],[37.581,51.3708],[37.6667,51.3657],[37.7593,51.3885],[37.8286,51.4205],[37.8777,51.4009],[37.9,51.4007],[37.9319,51.4197],[38.0465,51.4197],[38.0518,51.3909],[38.0273,51.3662],[38.1551,51.3293],[38.2011,51.3067],[38.2915,51.2925],[38.3122,51.3094],[38.3234,51.3408],[38.3511,51.3629],[38.3448,51.3731],[38.3012,51.3626],[38.2729,51.4529],[38.2848,51.4739],[38.2693,51.4988],[38.2764,51.5264],[38.221,51.5543],[38.1888,51.587],[38.1402,51.6207],[38.1492,51.6444],[38.2189,51.6318],[38.2015,51.685],[38.2195,51.7078],[38.3396,51.6889],[38.4098,51.6878],[38.5051,51.7319],[38.4751,51.7448],[38.4141,51.7545],[38.3875,51.7851],[38.4264,51.8146],[38.4135,51.854],[38.4098,51.9202],[38.362,51.9301],[38.3039,51.9151],[38.2988,51.961],[38.2322,51.9453],[38.1921,51.9122],[38.1454,51.9278],[38.1015,51.927],[38.0321,51.9011],[37.997,51.879],[37.8911,51.8842],[37.8662,51.9239],[37.8208,51.9122],[37.779,51.952],[37.7778,51.9875],[37.7471,52.0169],[37.7776,52.1615],[37.8322,52.2024],[37.948,52.2456],[38.017,52.2517],[37.9948,52.271],[37.9998,52.2954],[38.0384,52.3445],[37.9907,52.3801],[37.9614,52.4144],[37.909,52.4148],[37.8769,52.4345],[37.88,52.4512],[37.9108,52.4729],[37.8375,52.501],[37.7828,52.5084],[37.7886,52.5417],[37.8122,52.5477],[37.7866,52.5803],[37.7641,52.5746],[37.7118,52.613],[37.7295,52.6136],[37.7509,52.6381],[37.7884,52.6363],[37.8127,52.6484],[37.7766,52.7185],[37.7937,52.7359],[37.8348,52.7462],[37.8707,52.7718],[37.8737,52.7953],[37.8112,52.829],[37.7927,52.8539],[37.8388,52.8905],[37.7949,52.9121],[37.8165,52.9349],[37.8217,52.9678],[37.841,53.0085],[37.8038,53.0739],[37.7874,53.0889],[37.696,53.1364],[37.6631,53.1183],[37.6113,53.1127],[37.5613,53.1688],[37.5543,53.1977],[37.5683,53.289],[37.5557,53.2957],[37.4924,53.2765],[37.4736,53.2776],[37.4271,53.3031],[37.382,53.3089],[37.3272,53.3032],[37.2761,53.2723],[37.1969,53.2507],[37.0882,53.28],[37.0095,53.2835],[36.9908,53.307],[36.9592,53.2921],[36.9171,53.2861],[36.8073,53.2966],[36.7742,53.3072],[36.7151,53.3447],[36.6772,53.3896],[36.6668,53.4159],[36.6142,53.4233],[36.5716,53.3965],[36.5128,53.3951],[36.4445,53.4215],[36.398,53.4285],[36.3716,53.4524],[36.3082,53.4847],[36.3124,53.5088],[36.2316,53.5741],[36.1409,53.5563],[36.0983,53.5559],[36.0556,53.5787],[36.0146,53.5863],[36.0096,53.6183],[35.9902,53.6537],[36.04,53.6839],[36.0564,53.7079],[36.0169,53.7237],[35.9654,53.7221],[35.9315,53.7861],[35.9661,53.8049],[35.9549,53.8311],[35.9138,53.8523],[35.9769,53.8655],[35.9887,53.9163],[36.0271,53.9401],[36.1113,53.961],[36.107,54.0095],[36.1459,54.0463],[36.1908,54.0547],[36.2164,54.0699],[36.2007,54.0982],[36.1545,54.1086],[36.1013,54.0976],[36.0784,54.1222],[36.111,54.1239],[36.113,54.1364],[36.0224,54.1768],[36.031,54.1908],[36.0669,54.2005],[36.1084,54.1955],[36.1481,54.1681],[36.1969,54.1585],[36.2366,54.1948],[36.2372,54.2291],[36.2517,54.2362],[36.2836,54.2207],[36.3538,54.2233],[36.4,54.2095],[36.4158,54.2371],[36.4588,54.2556],[36.4615,54.2882],[36.5548,54.2924],[36.7145,54.3172],[36.741,54.3075],[36.7249,54.2818],[36.7766,54.2805],[36.8342,54.2935],[36.8914,54.2832],[36.926,54.2936],[36.9463,54.3197],[36.9314,54.3605],[36.9654,54.3958],[36.9258,54.4482],[36.9029,54.4616],[36.8635,54.4578],[36.8484,54.4722],[36.8479,54.4753],[36.8405,54.5222],[36.8048,54.553],[36.805,54.6099],[36.8302,54.6167],[36.8855,54.6063],[36.919,54.5863],[36.9951,54.5854],[37.0421,54.5667],[37.0721,54.5361],[37.0886,54.5488],[37.2076,54.6877],[37.2118,54.7109],[37.1833,54.7184],[37.2164,54.7641],[37.2284,54.8081],[37.259,54.8358],[37.1875,54.8679],[37.1923,54.9074],[37.1588,54.9276],[37.12,54.9908],[37.0877,55.0375],[37.0842,55.0958],[37.0404,55.1147],[37.0329,55.1313],[36.9935,55.1617],[36.9614,55.1744],[36.9249,55.2225],[36.9043,55.2291],[36.8818,55.2222],[36.8691,55.1995],[36.7856,55.1906],[36.7854,55.2198],[36.7515,55.2557],[36.6498,55.2793],[36.5873,55.2774],[36.5838,55.3148],[36.5448,55.3193],[36.5021,55.3052],[36.4229,55.3187],[36.3486,55.2957],[36.357,55.2578],[36.313,55.2237],[36.2756,55.215],[36.238,55.1937],[36.1397,55.185],[36.1075,55.2013],[36.0274,55.2243],[35.9977,55.2159],[35.9383,55.2346],[35.8564,55.2385],[35.755,55.2869],[35.7067,55.2943],[35.6739,55.2829],[35.5786,55.2905],[35.5727,55.2632],[35.5352,55.2585],[35.5139,55.2351],[35.4654,55.2204],[35.4046,55.2374],[35.3697,55.2388],[35.3487,55.2066],[35.3004,55.1859],[35.3096,55.1677],[35.2824,55.1514],[35.2845,55.1121],[35.2257,55.055],[35.144,55.0217],[35.1249,55.0018],[35.1441,54.9844],[35.1313,54.9616],[35.0649,54.9571],[35.0222,54.925],[34.9921,54.882],[34.9435,54.8941],[34.8658,54.8838],[34.8528,54.8144],[34.8719,54.8024],[34.921,54.7716],[34.8444,54.7328],[34.8173,54.7094],[34.7089,54.6861],[34.654,54.6629],[34.5811,54.6766],[34.5159,54.6767],[34.4667,54.6861],[34.4245,54.6854],[34.415,54.6753],[34.4866,54.6558],[34.4996,54.632],[34.4653,54.5854],[34.4357,54.5119],[34.3868,54.499],[34.4158,54.4508],[34.3746,54.4217],[34.3261,54.4296],[34.2125,54.5051],[34.1075,54.5503],[34.0257,54.5521],[33.9268,54.5723],[33.8888,54.5587],[33.8281,54.5642],[33.804,54.5571],[33.7287,54.5617],[33.6756,54.5007],[33.6427,54.4855],[33.6428,54.4689],[33.67,54.4631],[33.6691,54.441],[33.6379,54.4231],[33.6167,54.381],[33.6298,54.3595],[33.6837,54.3213],[33.673,54.2962],[33.6465,54.2838],[33.6273,54.2597],[33.587,54.2483],[33.619,54.2335],[33.6137,54.1791],[33.562,54.1562],[33.5586,54.1292],[33.5265,54.1112],[33.5501,54.101],[33.4646,54.0852],[33.4242,54.0489]]],[[[34.7299,59.1032],[34.7364,59.0668],[34.7959,59.0486],[34.8724,59.0535],[34.8785,59.0434],[34.8315,58.991],[34.8377,58.9851],[34.9485,58.9659],[34.964,58.9443],[35.0255,58.942],[35.0243,58.9241],[35.062,58.9174],[35.1308,58.9373],[35.1716,58.9228],[35.1401,58.8888],[35.1246,58.815],[35.1809,58.8264],[35.2201,58.8248],[35.2125,58.7979],[35.2657,58.7648],[35.288,58.7638],[35.3106,58.803],[35.3985,58.8435],[35.5025,58.841],[35.5386,58.831],[35.6117,58.8298],[35.6166,58.8169],[35.6798,58.8159],[35.7141,58.8324],[35.7512,58.8265],[35.8101,58.7948],[35.8172,58.7804],[35.7653,58.7774],[35.7749,58.7543],[35.8361,58.7447],[35.8863,58.7533],[35.9568,58.7522],[35.979,58.7292],[36.0276,58.7215],[36.0607,58.7069],[36.1263,58.6955],[36.1472,58.6433],[36.1394,58.6168],[36.2196,58.6122],[36.2349,58.5908],[36.1938,58.5712],[36.1733,58.525],[36.23,58.5138],[36.24,58.5338],[36.2749,58.5355],[36.3148,58.5187],[36.3236,58.4998],[36.4465,58.529],[36.4892,58.5309],[36.5206,58.5585],[36.5182,58.5899],[36.5882,58.6038],[36.6453,58.6448],[36.6804,58.6944],[36.7141,58.696],[36.7049,58.734],[36.7724,58.7207],[36.8129,58.7438],[36.8156,58.7582],[36.7838,58.8065],[36.8324,58.8365],[36.8642,58.8428],[36.9434,58.8344],[37.0115,58.839],[37.063,58.8642],[37.1222,58.866],[37.1752,58.8263],[37.1804,58.7786],[37.3696,58.6444],[37.4454,58.5947],[37.4986,58.5798],[37.5398,58.5397],[37.5927,58.5146],[37.6263,58.4902],[37.6543,58.4497],[37.644,58.4294],[37.5881,58.417],[37.5345,58.3968],[37.4962,58.3992],[37.4775,58.4151],[37.4491,58.4075],[37.3698,58.3494],[37.4172,58.3269],[37.42,58.3083],[37.3907,58.2877],[37.3497,58.239],[37.3751,58.2008],[37.4435,58.1828],[37.4968,58.1853],[37.5621,58.1653],[37.5896,58.1351],[37.6344,58.1166],[37.6735,58.083],[37.6617,58.068],[37.6235,58.0697],[37.5487,58.0528],[37.525,58.0296],[37.5425,58.0069],[37.5152,57.9871],[37.4844,57.9808],[37.428,57.9833],[37.3665,57.9771],[37.3709,57.9494],[37.4532,57.9229],[37.4949,57.9174],[37.4955,57.8936],[37.4541,57.8924],[37.3941,57.9036],[37.3509,57.8966],[37.3569,57.8774],[37.4027,57.8735],[37.4167,57.8614],[37.3774,57.8437],[37.3909,57.828],[37.4573,57.828],[37.5234,57.7713],[37.5398,57.7383],[37.6123,57.7227],[37.6507,57.7029],[37.6468,57.686],[37.6682,57.67],[37.7146,57.6587],[37.7641,57.6311],[37.8276,57.6307],[37.81,57.608],[37.8161,57.5506],[37.7984,57.5037],[37.8354,57.4842],[37.8384,57.4597],[37.7943,57.4426],[37.7948,57.4335],[37.8619,57.4176],[37.9842,57.3592],[38.0383,57.3563],[38.0863,57.3418],[38.1566,57.3383],[38.1595,57.3562],[38.2705,57.3711],[38.2999,57.3372],[38.3064,57.2763],[38.2579,57.2722],[38.2262,57.2359],[38.16,57.2336],[38.1429,57.197],[38.1514,57.1859],[38.2498,57.1288],[38.2597,57.0955],[38.2513,57.0528],[38.2071,57.0002],[38.1646,56.9954],[38.1545,56.9789],[38.2117,56.9582],[38.1993,56.8942],[38.1285,56.8837],[38.1542,56.8319],[38.2226,56.819],[38.2608,56.7822],[38.2565,56.7702],[38.306,56.7443],[38.3181,56.7151],[38.3741,56.6966],[38.3274,56.6755],[38.3443,56.6339],[38.3178,56.5995],[38.3296,56.5623],[38.2965,56.5468],[38.2954,56.5289],[38.3226,56.4945],[38.38,56.4684],[38.3944,56.4405],[38.38,56.4111],[38.4124,56.369],[38.4092,56.3346],[38.4171,56.2859],[38.4028,56.2642],[38.4565,56.218],[38.506,56.2199],[38.492,56.1892],[38.5246,56.1178],[38.5623,56.0832],[38.5831,56.0218],[38.567,56.0001],[38.6056,55.9589],[38.6437,55.9674],[38.7291,55.9535],[38.7783,55.9196],[38.8207,55.9219],[38.8394,55.9009],[38.8953,55.9242],[38.9471,55.9125],[39.0158,55.9252],[39.0307,55.8824],[39.0544,55.8525],[39.1231,55.8298],[39.1923,55.8396],[39.3098,55.8306],[39.3363,55.8164],[39.3165,55.7786],[39.3581,55.761],[39.4286,55.7636],[39.4608,55.7725],[39.5552,55.7761],[39.618,55.7917],[39.6656,55.7825],[39.697,55.8005],[39.7985,55.83],[39.8231,55.8328],[39.8789,55.8159],[39.8953,55.8007],[39.8889,55.7472],[39.9002,55.7345],[40.0622,55.6317],[40.085,55.6126],[40.0369,55.5457],[40.0448,55.5092],[40.1176,55.5264],[40.1405,55.5172],[40.1804,55.4597],[40.1807,55.4423],[40.1373,55.4342],[40.1427,55.4061],[40.1856,55.3263],[40.2065,55.3093],[40.2439,55.3365],[40.2946,55.3324],[40.3454,55.34],[40.358,55.3238],[40.3277,55.315],[40.3227,55.2938],[40.4001,55.2873],[40.5168,55.3277],[40.5454,55.3093],[40.5322,55.2926],[40.5645,55.269],[40.5539,55.2546],[40.6211,55.2052],[40.6774,55.2134],[40.7294,55.2039],[40.786,55.2222],[40.8435,55.2263],[40.8789,55.2409],[40.891,55.2606],[40.9646,55.2604],[41.0042,55.2335],[41.0365,55.2219],[41.0466,55.1832],[41.0809,55.1474],[41.0955,55.1481],[41.0874,55.1915],[41.11,55.2044],[41.1871,55.221],[41.2634,55.213],[41.2989,55.2032],[41.3652,55.1731],[41.4116,55.131],[41.4413,55.1312],[41.4966,55.157],[41.5823,55.1414],[41.6583,55.1089],[41.7185,55.1249],[41.7832,55.1191],[41.8702,55.1576],[41.9007,55.2045],[41.8587,55.2409],[41.9541,55.2777],[41.9564,55.2964],[41.933,55.3299],[41.9527,55.3386],[42.0006,55.3373],[42.0134,55.3731],[42.0756,55.3932],[42.117,55.4217],[42.1336,55.4587],[42.0684,55.4813],[42.0688,55.55],[46.1083,55.55],[46.1038,55.5727],[46.0485,55.6167],[46.0126,55.6266],[45.9753,55.6191],[45.9572,55.6326],[45.9201,55.688],[45.9679,55.7427],[46.0013,55.7348],[46.0077,55.7495],[45.9883,55.7768],[46.0167,55.7785],[46.0938,55.808],[46.1004,55.8327],[46.088,55.8597],[46.1341,55.8939],[46.0988,55.9408],[46.1502,55.9735],[46.2008,56.0246],[46.214,56.0498],[46.1564,56.0412],[46.1299,56.0598],[46.0922,56.0564],[46.0953,56.0934],[46.0674,56.1092],[46.0795,56.136],[46.0677,56.1819],[46.0264,56.1798],[45.91,56.2338],[45.8738,56.2588],[45.88,56.3077],[45.9354,56.316],[45.9461,56.325],[45.9224,56.3803],[45.9486,56.4082],[45.949,56.4332],[45.876,56.4402],[45.7887,56.4248],[45.7609,56.4606],[45.6627,56.4609],[45.6299,56.5148],[45.6498,56.5455],[45.6385,56.5711],[45.651,56.5908],[45.6951,56.6016],[45.7392,56.6256],[45.8589,56.6291],[45.9218,56.6523],[45.9276,56.6629],[45.896,56.6897],[45.9127,56.7363],[45.9145,56.792],[45.9381,56.8227],[45.9586,56.8721],[46.0382,56.8696],[46.095,56.8812],[46.2199,56.8932],[46.268,56.9047],[46.3127,56.907],[46.3188,56.9436],[46.336,56.9521],[46.5129,56.9401],[46.5342,56.9198],[46.5585,56.9286],[46.601,56.92],[46.6627,56.9391],[46.6682,56.965],[46.7149,56.9663],[46.7514,56.9783],[46.7131,57.0124],[46.7626,57.0302],[46.7561,57.0742],[46.7605,57.1293],[46.7312,57.1907],[46.7422,57.2046],[46.8344,57.1997],[46.8448,57.2291],[46.8083,57.2424],[46.7898,57.2813],[46.6952,57.3205],[46.6867,57.3631],[46.748,57.3807],[46.7292,57.3974],[46.6952,57.4001],[46.7072,57.4237],[46.7382,57.4276],[46.7904,57.4512],[46.7501,57.5173],[46.7876,57.5273],[46.8224,57.512],[46.9123,57.5149],[47.0007,57.4935],[47.0542,57.4983],[47.1368,57.5304],[47.2153,57.5508],[47.2487,57.5673],[47.3584,57.5543],[47.386,57.5351],[47.471,57.5285],[47.4865,57.5758],[47.5212,57.5861],[47.5449,57.6567],[47.5302,57.6999],[47.5727,57.7441],[47.5589,57.7707],[47.5721,57.8104],[47.6121,57.8385],[47.6647,57.8512],[47.7149,57.8715],[47.7623,57.876],[47.7638,57.9121],[47.7031,57.9584],[47.6425,57.9562],[47.4515,57.9874],[47.3884,58.0195],[47.3542,58.0255],[46.9916,58.0244],[46.5964,58.0264],[46.5067,58.035],[46.4784,58.0235],[46.4299,58.0205],[46.3814,58.0558],[46.3413,58.0746],[46.3425,58.0989],[46.313,58.1112],[46.3627,58.1884],[46.4069,58.2087],[46.4157,58.2289],[46.4088,58.2762],[46.4219,58.3146],[46.4773,58.3339],[46.4739,58.3487],[46.4113,58.3536],[46.4583,58.381],[46.541,58.3973],[46.5841,58.4304],[46.5933,58.4514],[46.5565,58.4732],[46.5541,58.4877],[46.5869,58.5177],[46.5931,58.5606],[46.6325,58.5807],[46.6873,58.5669],[46.8142,58.5846],[46.8854,58.6051],[46.9857,58.6138],[47.0102,58.629],[47.0039,58.6845],[47.02,58.7038],[47.0816,58.7386],[47.1199,58.775],[47.1624,58.7696],[47.1955,58.753],[47.2596,58.7563],[47.3165,58.7978],[47.2866,58.8166],[47.2995,58.8594],[47.2819,58.893],[47.3193,58.9156],[47.3843,58.907],[47.4524,58.9211],[47.4772,58.8862],[47.6022,58.9067],[47.6016,58.9217],[47.5704,58.9565],[47.5499,58.998],[47.5709,59.0599],[47.5288,59.078],[47.4512,59.1317],[47.442,59.1642],[47.4016,59.1507],[47.3787,59.1531],[47.2392,59.2202],[47.2315,59.247],[47.2524,59.3555],[47.0563,59.3785],[47.1135,59.6113],[47.1367,59.6979],[47.1339,59.725],[47.1126,59.7527],[47.0572,59.7687],[46.9573,59.7818],[46.9349,59.7891],[46.9226,59.8439],[47.0364,60.0995],[47.0213,60.1219],[46.909,60.1253],[46.8465,60.079],[46.809,60.0708],[46.7458,60.0783],[46.7344,60.0649],[46.6833,60.0625],[46.6627,60.0774],[46.6085,60.0673],[46.5059,60.1053],[46.4661,60.1131],[46.4041,60.1068],[46.3656,60.1252],[46.3755,60.1389],[46.3491,60.2144],[46.3017,60.2419],[46.3126,60.2547],[46.3546,60.2508],[46.4408,60.2714],[46.4915,60.2626],[46.5555,60.2622],[46.6367,60.2736],[46.7281,60.2557],[46.7495,60.2611],[46.8071,60.3183],[46.8093,60.3485],[46.8258,60.369],[46.821,60.3925],[46.8526,60.4275],[46.8768,60.4874],[46.8625,60.5073],[46.9403,60.5382],[46.9665,60.5593],[47.0488,60.5752],[47.0244,60.6012],[47.0209,60.6393],[46.9635,60.6539],[47.0423,60.7479],[47.0838,60.8186],[47.0429,60.8538],[47.0832,60.8751],[47.0965,60.9378],[47.1176,60.967],[47.1841,60.9924],[47.2018,61.0198],[47.1961,61.0483],[47.2448,61.0562],[47.4896,61.047],[47.5685,61.0591],[47.6187,61.0536],[47.6642,61.0347],[47.766,61.0287],[47.8733,61.0018],[47.942,61.0081],[47.9655,60.9994],[47.9698,60.9343],[47.9842,60.8965],[48.06,60.8828],[48.419,60.8538],[48.4465,60.9841],[48.4843,61.0338],[48.5093,61.0477],[48.8887,61.1412],[48.9098,61.1408],[48.9494,61.1199],[49.0979,61.175],[49.1815,61.1813],[49.2805,61.1737],[49.3022,61.1762],[49.322,61.2029],[49.4223,61.455],[49.4614,61.5861],[49.4173,61.6183],[49.3628,61.6238],[49.0968,61.6581],[49.0516,61.691],[49.2127,62.0911],[49.2209,62.1012],[49.2734,62.1095],[49.2595,62.1371],[49.2744,62.1421],[49.3616,62.1396],[49.3694,62.1494],[49.609,62.7702],[48.8751,62.8291],[48.7145,62.8155],[48.6808,62.7318],[48.657,62.7071],[48.6286,62.7058],[48.3661,62.7293],[48.3339,62.7044],[48.2368,62.473],[48.2364,62.4519],[48.2574,62.429],[48.3045,62.3968],[48.3042,62.3506],[48.2908,62.3216],[48.2247,62.317],[47.7511,62.3218],[47.6498,62.2967],[47.6377,62.2116],[47.621,62.1855],[47.5938,62.1823],[47.4781,62.1847],[47.4134,62.1928],[47.3985,62.2213],[47.405,62.2896],[47.3863,62.3204],[47.2349,62.3515],[47.2271,62.3796],[47.2314,62.4389],[46.5,62],[44.5,61.7],[44.5,60.9445],[44.4553,60.947],[44.2058,60.9718],[44.1575,60.9948],[44.1687,61.0657],[44.1585,61.0824],[44.053,61.0792],[44.0177,61.0528],[43.9584,61.0487],[43.8753,61.0229],[43.8351,61.0319],[43.776,61.0208],[43.7541,60.946],[43.7289,60.911],[43.746,60.9],[43.7154,60.8845],[43.6488,60.878],[43.5361,60.8531],[43.5204,60.8293],[43.5223,60.7791],[43.5109,60.7675],[43.2266,60.7848],[43.1499,60.806],[43.1353,60.8006],[43.0488,60.7402],[42.9799,60.7369],[42.9765,60.7561],[42.9439,60.7897],[42.9137,60.7789],[42.907,60.8137],[42.8231,60.8553],[42.6505,60.8631],[42.6149,60.8576],[42.5642,60.8357],[42.5616,60.7973],[42.5287,60.7793],[42.4672,60.7912],[42.4239,60.7721],[42.3948,60.7694],[42.0239,60.8358],[41.9668,60.8311],[41.9265,60.8455],[41.9154,60.8594],[41.9606,60.886],[41.9424,60.9121],[41.9165,60.9149],[41.9014,60.897],[41.868,60.9112],[41.8009,60.899],[41.7563,60.8582],[41.7194,60.8402],[41.6681,60.8479],[41.6508,60.8863],[41.6374,60.8911],[41.5185,60.8992],[41.3822,60.8511],[41.4119,60.8072],[41.4121,60.7912],[41.3577,60.7222],[41.3399,60.676],[41.343,60.646],[41.2803,60.664],[41.2295,60.6556],[41.0593,60.6497],[41.0123,60.667],[40.8191,60.711],[40.7626,60.7388],[40.7465,60.7797],[40.7128,60.7585],[40.679,60.7547],[40.6213,60.7282],[40.5551,60.7198],[40.5344,60.7246],[40.5035,60.7557],[40.4655,60.7746],[40.4076,60.784],[40.3754,60.766],[40.3865,60.7319],[40.3515,60.708],[40.2224,60.6951],[40.1564,60.6726],[40.0721,60.6831],[40.0393,60.6809],[40.0049,60.6578],[39.9235,60.6519],[39.764,60.7369],[39.6938,60.7327],[39.6482,60.746],[39.5975,60.7333],[39.4244,60.709],[39.3849,60.6886],[39.3382,60.684],[39.2893,60.7052],[39.1861,60.7148],[39.1706,60.702],[39.1956,60.6732],[39.1906,60.6529],[39.1695,60.6858],[39.0682,60.7141],[39.033,60.7311],[39.0093,60.7621],[38.9829,60.7727],[38.967,60.8002],[38.9477,60.8027],[38.9231,60.7727],[38.8695,60.7738],[38.8303,60.7434],[38.8114,60.7179],[38.7895,60.7128],[38.6613,60.7114],[38.6327,60.7232],[38.5995,60.7835],[38.5742,60.7991],[38.4301,60.8047],[38.4209,60.8112],[38.4185,60.874],[38.3857,60.9382],[38.3617,60.9551],[38.3286,60.9102],[38.2454,60.9132],[38.213,60.924],[38.1705,60.9753],[38.1981,61.026],[38.1449,61.073],[38.1504,61.0985],[38.177,61.1208],[38.1663,61.1331],[38.0891,61.1559],[38.0405,61.1401],[37.9806,61.1407],[37.9645,61.1484],[37.973,61.2047],[37.9425,61.2161],[37.9014,61.2632],[37.9,61.2639],[37.9,60.45],[35.2515,60.45],[35.2517,60.4454],[35.2341,60.3793],[35.2311,60.3412],[35.1827,60.2888],[35.1474,60.2688],[35.1521,60.2083],[35.1466,60.1307],[35.1765,60.1054],[35.1571,60.067],[35.0872,60.0409],[35.0973,60.0161],[35.1622,60.0108],[35.2379,59.9855],[35.2926,59.9846],[35.3229,59.973],[35.4037,59.9743],[35.4742,59.9229],[35.4114,59.9041],[35.3825,59.8754],[35.3854,59.7969],[35.3979,59.7295],[35.4236,59.7011],[35.4649,59.6944],[35.5318,59.6986],[35.6075,59.7124],[35.6387,59.7003],[35.6342,59.6402],[35.5929,59.6228],[35.5046,59.652],[35.4958,59.5535],[35.4832,59.5381],[35.4369,59.5293],[35.5018,59.501],[35.4615,59.4823],[35.3237,59.5067],[35.2889,59.4993],[35.3046,59.4844],[35.3676,59.4718],[35.4028,59.4432],[35.4485,59.4277],[35.4445,59.4082],[35.3937,59.3621],[35.329,59.349],[35.3189,59.328],[35.3755,59.3148],[35.3819,59.3003],[35.3012,59.301],[35.2437,59.2943],[35.193,59.269],[35.1347,59.2544],[35.038,59.2513],[34.9575,59.2267],[34.9327,59.2458],[34.9005,59.2379],[34.8723,59.2099],[34.8572,59.1803],[34.812,59.1463],[34.7981,59.1024],[34.7299,59.1032]],[[38.0226,61.0419],[38.0415,61.0497],[38.0875,61.0416],[38.1248,61.0174],[38.0452,61.0184],[38.0226,61.0419]]],[[[47.5,63.0242],[47.5158,63.0368],[47.5546,63.1212],[47.5546,63.1485],[47.5,63.1506],[47.5,63.0242]]]]}},
{"type":"Feature","properties":{"entityId":"rus-principalities","from":1320,"to":1326,"certainty":"estimated","source":"유럽 쪽은 Natural Earth 1:10m admin-1(v5.1.2) 현대 행정구역 조각을 그 시기 국경에 맞춰 묶고, 조각이 역사 경계와 다른 곳은 선을 그어 나눈 근사. 유럽 밖(시베리아·중앙아시아·극동)은 대략적인 추정. 운영자 검수 필요"},"geometry":{"type":"MultiPolygon","coordinates":[[[[26.0769,54.1327],[26.1259,54.1205],[26.1434,54.1414],[26.1785,54.1294],[26.1697,54.0667],[26.2033,54.0345],[26.2666,54.0401],[26.2889,54.0606],[26.3336,54.0572],[26.3683,54.0048],[26.4277,54.0036],[26.4343,53.9894],[26.4192,53.9518],[26.3712,53.9404],[26.3409,53.9009],[26.2446,53.8778],[26.2184,53.866],[26.2158,53.8295],[26.3027,53.8031],[26.2988,53.7826],[26.2617,53.7787],[26.2533,53.7341],[26.294,53.7104],[26.3379,53.7041],[26.3396,53.6765],[26.357,53.6558],[26.4204,53.6447],[26.462,53.6311],[26.4811,53.5944],[26.5142,53.5531],[26.4932,53.5036],[26.5351,53.504],[26.548,53.482],[26.5439,53.4347],[26.5595,53.4012],[26.3765,53.3645],[26.3723,53.3193],[26.3931,53.298],[26.3899,53.2525],[26.3334,53.2478],[26.294,53.2252],[26.2696,53.1964],[26.274,53.1773],[26.3291,53.1702],[26.3562,53.1296],[26.3823,53.1179],[26.4633,53.1126],[26.497,53.0885],[26.5162,53.0519],[26.4572,53.0514],[26.4254,53.0436],[26.3924,53.0002],[26.3725,52.9914],[26.3834,52.9679],[26.4262,52.924],[26.4422,52.8893],[26.4073,52.8646],[26.44,52.8287],[26.4819,52.8449],[26.5308,52.8502],[26.5404,52.8784],[26.5779,52.8862],[26.6417,52.8666],[26.6518,52.8393],[26.6886,52.8295],[26.7257,52.8372],[26.7856,52.7799],[26.7997,52.7732],[26.9564,52.7399],[26.989,52.7581],[27.021,52.7448],[27.0214,52.7134],[27.0539,52.6812],[27.1038,52.6697],[27.1567,52.6697],[27.1892,52.6453],[27.176,52.6089],[27.0573,52.6054],[27.0397,52.5753],[27.0649,52.5579],[27.0408,52.5382],[27.0598,52.5195],[27.1428,52.4727],[27.1563,52.4535],[27.1282,52.4162],[27.2714,52.3607],[27.3349,52.4162],[27.3461,52.4331],[27.3347,52.4729],[27.3826,52.4835],[27.3956,52.5104],[27.4357,52.5174],[27.4505,52.5017],[27.5191,52.5375],[27.5336,52.5387],[27.5618,52.5078],[27.578,52.5294],[27.601,52.53],[27.6011,52.4805],[27.6424,52.4562],[27.7059,52.4378],[27.8175,52.4346],[27.9286,52.4409],[27.9694,52.4592],[27.9548,52.4994],[27.9877,52.519],[28.0734,52.5074],[28.1146,52.4695],[28.1343,52.4664],[28.3407,52.4806],[28.4045,52.5148],[28.4012,52.5814],[28.4062,52.6324],[28.4556,52.6586],[28.4692,52.6801],[28.4115,52.7132],[28.3134,52.7512],[28.292,52.7657],[28.4093,52.8379],[28.4381,52.8684],[28.4519,52.9],[28.4928,52.9382],[28.4552,52.9658],[28.4906,53.0125],[28.5333,53.0147],[28.5232,53.0524],[28.5339,53.0885],[28.5094,53.1329],[28.5203,53.1515],[28.4911,53.1526],[28.4214,53.1382],[28.3806,53.1972],[28.3357,53.1974],[28.3143,53.1755],[28.2217,53.1958],[28.2026,53.216],[28.1176,53.2378],[28.0918,53.2892],[28.1579,53.3007],[28.2161,53.2666],[28.2426,53.2723],[28.3587,53.2676],[28.3889,53.2864],[28.4385,53.2904],[28.4526,53.3081],[28.4268,53.333],[28.3733,53.3459],[28.3668,53.3659],[28.4026,53.3995],[28.4023,53.4681],[28.4344,53.5002],[28.4594,53.5125],[28.5161,53.5112],[28.5645,53.5272],[28.551,53.5468],[28.5913,53.5527],[28.6099,53.5667],[28.6008,53.5957],[28.6307,53.6146],[28.683,53.5977],[28.7733,53.5874],[28.816,53.5957],[28.8411,53.5796],[28.8722,53.5885],[28.8635,53.5602],[28.9012,53.5207],[28.955,53.521],[28.9466,53.5767],[29.0458,53.5842],[29.073,53.6041],[29.0646,53.6424],[29.1229,53.6714],[29.1794,53.6545],[29.2101,53.654],[29.2874,53.6794],[29.3335,53.713],[29.3535,53.7182],[29.3949,53.7053],[29.4325,53.736],[29.4061,53.7566],[29.4519,53.7696],[29.4818,53.7962],[29.4379,53.8098],[29.4097,53.8081],[29.3659,53.8256],[29.3962,53.8364],[29.3994,53.8512],[29.3611,53.845],[29.3835,53.8687],[29.3543,53.8909],[29.3611,53.9539],[29.338,53.9899],[29.3408,54.0032],[29.4213,54.0595],[29.4063,54.0992],[29.4289,54.1118],[29.4277,54.1656],[29.4627,54.186],[29.4517,54.209],[29.4145,54.2313],[29.3694,54.227],[29.3553,54.2443],[29.3672,54.2787],[29.3969,54.2933],[29.4083,54.3142],[29.3667,54.3446],[29.3985,54.3746],[29.4117,54.4033],[29.4249,54.487],[29.4561,54.5182],[29.4368,54.541],[29.4877,54.5753],[29.4853,54.606],[29.4544,54.6174],[29.4489,54.5923],[29.4269,54.5827],[29.355,54.5928],[29.3088,54.5748],[29.2273,54.5833],[29.219,54.6313],[29.2055,54.6409],[29.1501,54.6297],[29.136,54.6502],[29.0944,54.6392],[29.0724,54.6186],[29.0142,54.6098],[28.8846,54.6237],[28.8644,54.6002],[28.8861,54.5787],[28.8666,54.5582],[28.8286,54.5589],[28.8242,54.5765],[28.7679,54.5831],[28.7244,54.5698],[28.6647,54.5825],[28.6472,54.6073],[28.6645,54.6307],[28.6424,54.6573],[28.5947,54.6353],[28.5766,54.66],[28.4861,54.6465],[28.4752,54.6387],[28.425,54.5547],[28.3936,54.55],[28.3479,54.5657],[28.3222,54.5917],[28.2879,54.6034],[28.2551,54.6357],[28.2272,54.6496],[28.1501,54.6455],[28.0862,54.6262],[28.0338,54.6338],[27.9087,54.6136],[27.8929,54.6431],[27.8636,54.6449],[27.8422,54.6293],[27.7563,54.6387],[27.707,54.6709],[27.6771,54.7061],[27.6919,54.7356],[27.6238,54.766],[27.527,54.7752],[27.5195,54.8118],[27.4418,54.8498],[27.4145,54.8714],[27.3451,54.8709],[27.3164,54.8772],[27.3059,54.9053],[27.2517,54.9483],[27.2812,54.9775],[27.2421,54.9976],[27.1875,54.9898],[27.1062,55.0021],[27.0743,54.9879],[27.0793,54.9609],[27.0595,54.9509],[26.944,54.9504],[26.897,54.9754],[26.7952,54.9655],[26.73,54.9439],[26.6796,54.9703],[26.615,54.9681],[26.5859,54.9527],[26.5349,54.964],[26.4805,54.9622],[26.3702,54.9798],[26.3481,54.9433],[26.3171,54.9238],[26.339,54.8908],[26.3376,54.8635],[26.3829,54.8331],[26.4251,54.8256],[26.501,54.7623],[26.5418,54.7475],[26.5448,54.7006],[26.5948,54.6362],[26.6315,54.6259],[26.6753,54.6339],[26.6824,54.5795],[26.6527,54.5736],[26.6383,54.5308],[26.5931,54.5455],[26.5938,54.5148],[26.6138,54.4837],[26.6098,54.458],[26.5739,54.4342],[26.5004,54.3144],[26.4689,54.2788],[26.4063,54.2411],[26.2954,54.2287],[26.2167,54.2307],[26.1586,54.2006],[26.1132,54.1993],[26.0851,54.1646],[26.0769,54.1327]]],[[[27.1923,50.5412],[27.2458,50.5098],[27.2604,50.4901],[27.3046,50.478],[27.2484,50.4413],[27.2289,50.3949],[27.235,50.3797],[27.2792,50.3713],[27.3193,50.3341],[27.4038,50.2982],[27.4036,50.2747],[27.4317,50.2718],[27.4719,50.2518],[27.4885,50.2238],[27.554,50.2203],[27.5825,50.2546],[27.6075,50.2493],[27.6059,50.2067],[27.646,50.1691],[27.6496,50.1527],[27.6272,50.1379],[27.6463,50.1198],[27.6212,50.0793],[27.657,50.0612],[27.6637,50.0326],[27.5977,50.0027],[27.5478,50.0075],[27.5801,49.9485],[27.5487,49.9436],[27.5409,49.9151],[27.5881,49.8979],[27.6042,49.8608],[27.6423,49.8266],[27.6607,49.799],[27.868,49.7601],[27.9568,49.7672],[28.0254,49.7604],[28.1429,49.7783],[28.2391,49.7802],[28.2675,49.7882],[28.3334,49.7725],[28.3905,49.7771],[28.4309,49.8078],[28.519,49.8073],[28.571,49.7867],[28.6346,49.8011],[28.7105,49.7936],[28.7305,49.8024],[28.751,49.8321],[28.811,49.8568],[28.8354,49.8814],[28.9096,49.8724],[28.9153,49.8509],[28.9397,49.8311],[28.9423,49.788],[28.9735,49.7522],[29.0042,49.7309],[28.9561,49.6913],[28.9485,49.6738],[28.9718,49.6622],[28.9972,49.6231],[28.9868,49.5958],[29.1324,49.582],[29.2686,49.5862],[29.2742,49.6082],[29.3538,49.6171],[29.4223,49.6513],[29.4472,49.6509],[29.4963,49.6461],[29.5147,49.6328],[29.4949,49.5923],[29.4963,49.5728],[29.5218,49.5489],[29.5621,49.5357],[29.5662,49.5084],[29.5416,49.4948],[29.5696,49.4438],[29.5608,49.4127],[29.5112,49.3912],[29.4998,49.3657],[29.5315,49.3177],[29.5847,49.3076],[29.648,49.2431],[29.6877,49.2412],[29.6972,49.2273],[29.7363,49.2196],[29.741,49.1845],[29.7779,49.1706],[29.8721,49.179],[29.8771,49.2025],[29.9201,49.2462],[29.9536,49.2613],[30.0136,49.2668],[30.0386,49.2851],[30.117,49.2794],[30.1044,49.3013],[30.1465,49.3286],[30.1829,49.3215],[30.1644,49.2933],[30.1742,49.2825],[30.3495,49.2581],[30.3632,49.2366],[30.3899,49.2386],[30.4279,49.344],[30.4579,49.3489],[30.4942,49.3241],[30.5502,49.3407],[30.5965,49.3318],[30.6194,49.3585],[30.6846,49.3538],[30.73,49.3216],[30.7811,49.3351],[30.8102,49.3524],[30.832,49.3472],[30.8682,49.3606],[30.908,49.3461],[30.9223,49.3821],[30.9462,49.4105],[31.0346,49.4715],[31.0773,49.4907],[31.104,49.5277],[31.1559,49.5564],[31.1568,49.5852],[31.1298,49.5958],[31.1282,49.6144],[31.1728,49.6681],[31.1689,49.692],[31.1881,49.7176],[31.1969,49.7534],[31.1824,49.7702],[31.1989,49.8044],[31.1786,49.8183],[31.212,49.854],[31.2573,49.8614],[31.2589,49.8617],[31.336,49.8967],[31.4302,49.9061],[31.4471,49.9007],[31.4759,49.8547],[31.5022,49.8421],[31.5143,49.8646],[31.5709,49.8627],[31.5864,49.8956],[31.6066,49.8868],[31.6131,49.8581],[31.7075,49.8467],[31.7627,49.8934],[31.7672,49.9178],[31.8068,49.9602],[31.8058,49.9982],[31.8738,50.0308],[31.8496,50.095],[31.9,50.1254],[31.9143,50.1473],[31.9599,50.1497],[31.995,50.1791],[31.9733,50.2161],[32.0043,50.2489],[32.0695,50.2387],[32.101,50.2723],[32.0934,50.2855],[32.1144,50.3061],[32.1392,50.3501],[32.1992,50.3505],[32.2236,50.3432],[32.2543,50.3584],[32.2883,50.3892],[32.3502,50.4079],[32.3759,50.4089],[32.4129,50.3928],[32.4427,50.4069],[32.4832,50.4018],[32.5032,50.3702],[32.628,50.3627],[32.6666,50.3679],[32.7273,50.3579],[32.8121,50.3881],[32.8834,50.4013],[32.9059,50.4295],[32.9552,50.4476],[32.9726,50.4684],[33.0092,50.48],[33.0615,50.5384],[33.0981,50.5245],[33.206,50.5183],[33.2336,50.5403],[33.2848,50.546],[33.3401,50.5252],[33.645,50.4855],[33.7207,50.4627],[33.8416,50.4821],[33.8067,50.5003],[33.813,50.512],[33.8645,50.5269],[33.9131,50.5303],[33.971,50.4934],[34.0476,50.471],[34.0791,50.4973],[34.1078,50.4925],[34.1217,50.5138],[34.1861,50.5276],[34.2124,50.5424],[34.2525,50.5296],[34.2503,50.4555],[34.2585,50.4357],[34.3161,50.3898],[34.3597,50.3658],[34.3774,50.346],[34.362,50.3095],[34.3665,50.2767],[34.3809,50.2639],[34.4263,50.272],[34.4587,50.2257],[34.4956,50.209],[34.504,50.1754],[34.4658,50.1649],[34.4562,50.147],[34.4741,50.1081],[34.5363,50.1244],[34.6337,50.1148],[34.6694,50.1155],[34.7049,50.1509],[34.7451,50.1382],[34.7872,50.157],[34.7925,50.1575],[34.6,50.35],[34.3,50.6],[34.05,50.8],[33.929,50.9613],[33.9,51],[33.72,51.2],[33.7,51.4],[33.95,51.55],[34.1,51.8],[34.1253,51.9517],[34.0962,51.9518],[34.1011,51.9925],[34.0682,52.031],[34.0567,52.1058],[34.0739,52.1283],[34.0557,52.1703],[34.0219,52.1979],[33.9578,52.2247],[33.9007,52.2859],[33.8391,52.3139],[33.8041,52.3546],[33.7336,52.361],[33.6879,52.3558],[33.6002,52.3308],[33.5317,52.2888],[33.493,52.3031],[33.4994,52.341],[33.4805,52.3578],[33.4373,52.3392],[33.4006,52.3443],[33.359,52.3576],[33.2943,52.3573],[33.1965,52.3689],[33.1666,52.3601],[33.128,52.3327],[33.0704,52.3042],[33.0301,52.3036],[32.9269,52.2469],[32.8908,52.2423],[32.8442,52.2623],[32.7254,52.2521],[32.5284,52.3162],[32.4806,52.3071],[32.3943,52.3268],[32.3536,52.3216],[32.3395,52.2872],[32.367,52.2472],[32.3282,52.2192],[32.3067,52.1412],[32.2777,52.1027],[32.2333,52.0809],[32.0956,52.0407],[32.0169,52.0498],[31.9806,52.0476],[31.9272,52.0311],[31.892,52.0362],[31.8821,52.0864],[31.8258,52.1041],[31.7643,52.1006],[31.6499,52.0968],[31.4749,52.1178],[31.3831,52.1175],[31.3044,52.0975],[31.2524,52.0445],[31.2049,52.0439],[31.1348,52.0767],[31.0963,52.0796],[30.9593,52.0747],[30.9188,52.0592],[30.9113,52.0226],[30.9405,52.0201],[30.9412,51.9938],[30.9028,52],[30.858,51.9576],[30.8031,51.9391],[30.8106,51.9184],[30.7795,51.8979],[30.7497,51.8996],[30.7345,51.8737],[30.714,51.867],[30.662,51.8194],[30.6706,51.7905],[30.6182,51.7613],[30.6462,51.7545],[30.6306,51.7156],[30.6138,51.7029],[30.5703,51.6999],[30.5703,51.6515],[30.5566,51.6236],[30.5507,51.6208],[30.5151,51.6037],[30.5431,51.5826],[30.5226,51.5689],[30.5341,51.5533],[30.584,51.5423],[30.5629,51.5218],[30.6182,51.4597],[30.586,51.4518],[30.5879,51.4274],[30.6226,51.4121],[30.6456,51.3675],[30.6383,51.3359],[30.5799,51.3037],[30.5566,51.2673],[30.5547,51.2425],[30.5396,51.2352],[30.5392,51.2355],[30.5081,51.2577],[30.465,51.2619],[30.4281,51.2918],[30.3838,51.2939],[30.3551,51.3053],[30.3199,51.3416],[30.329,51.3886],[30.3074,51.4096],[30.2569,51.4251],[30.2054,51.4665],[30.1486,51.4844],[30.0087,51.4821],[29.9251,51.4579],[29.8863,51.4648],[29.8466,51.4329],[29.8286,51.43],[29.7379,51.4395],[29.7,51.4837],[29.6608,51.4931],[29.618,51.4856],[29.5682,51.4496],[29.5055,51.4375],[29.4663,51.3851],[29.4027,51.3961],[29.3533,51.3771],[29.3199,51.3656],[29.297,51.3737],[29.2649,51.4329],[29.221,51.467],[29.2265,51.5191],[29.1815,51.567],[29.1604,51.6033],[29.1239,51.625],[29.0837,51.6312],[29.0436,51.6262],[29,51.5824],[28.9546,51.5633],[28.8636,51.5589],[28.7999,51.5326],[28.7522,51.4837],[28.7516,51.4287],[28.7288,51.4013],[28.704,51.4426],[28.6636,51.434],[28.6309,51.4636],[28.6039,51.5535],[28.4884,51.572],[28.4353,51.5661],[28.3469,51.5252],[28.3339,51.5284],[28.3109,51.5745],[28.2494,51.6131],[28.2451,51.6406],[28.21,51.652],[28.1662,51.6331],[28.1142,51.5756],[28.0708,51.5576],[27.9732,51.5578],[27.9361,51.567],[27.8756,51.608],[27.8542,51.6153],[27.8125,51.602],[27.7932,51.565],[27.7971,51.5306],[27.7873,51.5109],[27.7406,51.4714],[27.7143,51.4637],[27.6661,51.4902],[27.5859,51.4723],[27.5757,51.4379],[27.5999,51.4091],[27.5836,51.3937],[27.5439,51.4155],[27.52,51.441],[27.5021,51.4402],[27.4903,51.3671],[27.5113,51.3527],[27.4779,51.3153],[27.4221,51.3073],[27.4182,51.2977],[27.4503,51.2556],[27.4491,51.2279],[27.3976,51.1922],[27.3582,51.142],[27.3496,51.0998],[27.2945,51.0437],[27.2323,51.0304],[27.1982,50.9909],[27.2328,50.9249],[27.216,50.9159],[27.2399,50.8904],[27.2241,50.8245],[27.2292,50.7908],[27.2717,50.7374],[27.2435,50.6818],[27.2152,50.6575],[27.1924,50.6185],[27.1969,50.6052],[27.2356,50.583],[27.1923,50.5412]]],[[[33.4242,54.0489],[33.4403,54.0374],[33.4874,54.0362],[33.5012,54.0158],[33.5682,54.032],[33.6425,54.0327],[33.6823,54.0264],[33.7802,53.9815],[33.8284,53.9277],[33.8404,53.8936],[33.8598,53.8787],[33.9071,53.8738],[33.9464,53.9012],[34.0079,53.8802],[34.0311,53.8617],[34.0977,53.8688],[34.1596,53.8927],[34.1992,53.8916],[34.2236,53.859],[34.215,53.8338],[34.2825,53.8205],[34.3235,53.7875],[34.3846,53.7185],[34.4196,53.6957],[34.4895,53.6665],[34.5154,53.6123],[34.5373,53.5982],[34.4963,53.5845],[34.4882,53.5441],[34.5097,53.5236],[34.536,53.4684],[34.5,53.4273],[34.5824,53.4276],[34.6281,53.4128],[34.6526,53.3916],[34.8646,53.3933],[34.955,53.3774],[35.0172,53.3918],[35.0025,53.3086],[35.0182,53.2884],[35.0646,53.3131],[35.1035,53.3108],[35.1118,53.2685],[35.106,53.2329],[35.1223,53.1863],[35.1034,53.1531],[35.1209,53.1343],[35.1821,53.1016],[35.2088,53.1179],[35.2746,53.097],[35.3139,53.0657],[35.2691,53.0205],[35.2115,53.0136],[35.1747,52.9969],[35.1592,53.0131],[35.1345,53.0124],[35.1565,52.9695],[35.076,52.9569],[34.967,52.9703],[34.9525,52.9286],[34.8773,52.9253],[34.8534,52.9024],[34.856,52.8818],[34.8049,52.8682],[34.8149,52.8488],[34.8692,52.7836],[34.9097,52.7916],[34.9481,52.7834],[34.976,52.76],[35.0312,52.7437],[35.0246,52.7179],[35.0915,52.698],[35.0461,52.6605],[34.9929,52.6541],[35.0106,52.6142],[34.9896,52.5105],[34.9729,52.4999],[34.9195,52.4981],[34.8329,52.424],[34.8336,52.3963],[34.8574,52.3644],[34.8815,52.3697],[34.8968,52.3532],[34.9172,52.3218],[34.8557,52.2553],[34.8822,52.231],[34.8423,52.2002],[34.8046,52.1851],[34.7638,52.1959],[34.768,52.2168],[34.7151,52.2163],[34.6754,52.1999],[34.661,52.1648],[34.7101,52.1339],[34.7089,52.1022],[34.6723,52.0655],[34.6359,52.0627],[34.6033,52.0369],[34.5677,52.0343],[34.5373,52.0664],[34.521,52.0695],[34.4843,52.0384],[34.4065,52.0127],[34.3849,51.9964],[34.3356,51.9347],[34.3692,51.9264],[34.4343,51.8966],[34.382,51.8753],[34.3882,51.8561],[34.3711,51.8268],[34.4127,51.7777],[34.4142,51.7365],[34.3763,51.7086],[34.2982,51.7061],[34.128,51.6807],[34.0891,51.6666],[34.0795,51.6431],[34.1401,51.6212],[34.1603,51.5761],[34.2024,51.5462],[34.2237,51.5148],[34.2121,51.455],[34.2196,51.4273],[34.1819,51.4023],[34.2305,51.3677],[34.2803,51.3613],[34.3002,51.3684],[34.3087,51.3346],[34.2836,51.3012],[34.2439,51.2741],[34.186,51.2489],[34.2818,51.2264],[34.337,51.2511],[34.409,51.2531],[34.5135,51.2296],[34.5782,51.2367],[34.6224,51.2248],[34.6428,51.1806],[34.6749,51.1677],[34.7481,51.1647],[34.8175,51.1747],[34.9618,51.2153],[34.9994,51.2021],[35.0594,51.2123],[35.0992,51.1832],[35.1238,51.0913],[35.1436,51.0585],[35.1726,51.0406],[35.2065,51.0389],[35.2743,51.0488],[35.3464,51.0366],[35.3551,51.0256],[35.3326,50.9999],[35.2781,50.9927],[35.2822,50.9611],[35.401,50.9533],[35.4494,50.963],[35.5124,50.9471],[35.5042,50.9182],[35.5464,50.9057],[35.5923,50.9211],[35.6129,50.9393],[35.6331,50.924],[35.6772,50.9193],[35.7176,50.9376],[35.7212,50.9672],[35.7457,50.9671],[35.7668,50.9482],[35.8042,50.9382],[35.8556,50.9794],[35.8769,51.0124],[35.9149,51.011],[35.9542,51.0455],[35.9996,51.0577],[35.9525,51.0922],[35.9397,51.1161],[35.9763,51.1575],[36.0406,51.1603],[36.0986,51.1296],[36.2075,51.1251],[36.2443,51.1063],[36.3136,51.1033],[36.3591,51.1258],[36.4037,51.1179],[36.4762,51.0863],[36.4999,51.122],[36.5996,51.0795],[36.6175,51.0798],[36.6526,51.1089],[36.6887,51.1274],[36.8558,51.1858],[36.9302,51.181],[36.9896,51.2004],[37.054,51.2469],[37.0849,51.2504],[37.0984,51.2299],[37.1304,51.2428],[37.1187,51.3015],[37.1442,51.3429],[37.1894,51.3288],[37.2491,51.331],[37.3417,51.3644],[37.3616,51.3844],[37.447,51.3723],[37.4628,51.381],[37.5386,51.3943],[37.581,51.3708],[37.6667,51.3657],[37.7593,51.3885],[37.8286,51.4205],[37.8777,51.4009],[37.9,51.4007],[37.9319,51.4197],[38.0465,51.4197],[38.0518,51.3909],[38.0273,51.3662],[38.1551,51.3293],[38.2011,51.3067],[38.2915,51.2925],[38.3122,51.3094],[38.3234,51.3408],[38.3511,51.3629],[38.3448,51.3731],[38.3012,51.3626],[38.2729,51.4529],[38.2848,51.4739],[38.2693,51.4988],[38.2764,51.5264],[38.221,51.5543],[38.1888,51.587],[38.1402,51.6207],[38.1492,51.6444],[38.2189,51.6318],[38.2015,51.685],[38.2195,51.7078],[38.3396,51.6889],[38.4098,51.6878],[38.5051,51.7319],[38.4751,51.7448],[38.4141,51.7545],[38.3875,51.7851],[38.4264,51.8146],[38.4135,51.854],[38.4098,51.9202],[38.362,51.9301],[38.3039,51.9151],[38.2988,51.961],[38.2322,51.9453],[38.1921,51.9122],[38.1454,51.9278],[38.1015,51.927],[38.0321,51.9011],[37.997,51.879],[37.8911,51.8842],[37.8662,51.9239],[37.8208,51.9122],[37.779,51.952],[37.7778,51.9875],[37.7471,52.0169],[37.7776,52.1615],[37.8322,52.2024],[37.948,52.2456],[38.017,52.2517],[37.9948,52.271],[37.9998,52.2954],[38.0384,52.3445],[37.9907,52.3801],[37.9614,52.4144],[37.909,52.4148],[37.8769,52.4345],[37.88,52.4512],[37.9108,52.4729],[37.8375,52.501],[37.7828,52.5084],[37.7886,52.5417],[37.8122,52.5477],[37.7866,52.5803],[37.7641,52.5746],[37.7118,52.613],[37.7295,52.6136],[37.7509,52.6381],[37.7884,52.6363],[37.8127,52.6484],[37.7766,52.7185],[37.7937,52.7359],[37.8348,52.7462],[37.8707,52.7718],[37.8737,52.7953],[37.8112,52.829],[37.7927,52.8539],[37.8388,52.8905],[37.7949,52.9121],[37.8165,52.9349],[37.8217,52.9678],[37.841,53.0085],[37.8038,53.0739],[37.7874,53.0889],[37.696,53.1364],[37.6631,53.1183],[37.6113,53.1127],[37.5613,53.1688],[37.5543,53.1977],[37.5683,53.289],[37.5557,53.2957],[37.4924,53.2765],[37.4736,53.2776],[37.4271,53.3031],[37.382,53.3089],[37.3272,53.3032],[37.2761,53.2723],[37.1969,53.2507],[37.0882,53.28],[37.0095,53.2835],[36.9908,53.307],[36.9592,53.2921],[36.9171,53.2861],[36.8073,53.2966],[36.7742,53.3072],[36.7151,53.3447],[36.6772,53.3896],[36.6668,53.4159],[36.6142,53.4233],[36.5716,53.3965],[36.5128,53.3951],[36.4445,53.4215],[36.398,53.4285],[36.3716,53.4524],[36.3082,53.4847],[36.3124,53.5088],[36.2316,53.5741],[36.1409,53.5563],[36.0983,53.5559],[36.0556,53.5787],[36.0146,53.5863],[36.0096,53.6183],[35.9902,53.6537],[36.04,53.6839],[36.0564,53.7079],[36.0169,53.7237],[35.9654,53.7221],[35.9315,53.7861],[35.9661,53.8049],[35.9549,53.8311],[35.9138,53.8523],[35.9769,53.8655],[35.9887,53.9163],[36.0271,53.9401],[36.1113,53.961],[36.107,54.0095],[36.1459,54.0463],[36.1908,54.0547],[36.2164,54.0699],[36.2007,54.0982],[36.1545,54.1086],[36.1013,54.0976],[36.0784,54.1222],[36.111,54.1239],[36.113,54.1364],[36.0224,54.1768],[36.031,54.1908],[36.0669,54.2005],[36.1084,54.1955],[36.1481,54.1681],[36.1969,54.1585],[36.2366,54.1948],[36.2372,54.2291],[36.2517,54.2362],[36.2836,54.2207],[36.3538,54.2233],[36.4,54.2095],[36.4158,54.2371],[36.4588,54.2556],[36.4615,54.2882],[36.5548,54.2924],[36.7145,54.3172],[36.741,54.3075],[36.7249,54.2818],[36.7766,54.2805],[36.8342,54.2935],[36.8914,54.2832],[36.926,54.2936],[36.9463,54.3197],[36.9314,54.3605],[36.9654,54.3958],[36.9258,54.4482],[36.9029,54.4616],[36.8635,54.4578],[36.8484,54.4722],[36.8479,54.4753],[36.8405,54.5222],[36.8048,54.553],[36.805,54.6099],[36.8302,54.6167],[36.8855,54.6063],[36.919,54.5863],[36.9951,54.5854],[37.0421,54.5667],[37.0721,54.5361],[37.0886,54.5488],[37.2076,54.6877],[37.2118,54.7109],[37.1833,54.7184],[37.2164,54.7641],[37.2284,54.8081],[37.259,54.8358],[37.1875,54.8679],[37.1923,54.9074],[37.1588,54.9276],[37.12,54.9908],[37.0877,55.0375],[37.0842,55.0958],[37.0404,55.1147],[37.0329,55.1313],[36.9935,55.1617],[36.9614,55.1744],[36.9249,55.2225],[36.9043,55.2291],[36.8818,55.2222],[36.8691,55.1995],[36.7856,55.1906],[36.7854,55.2198],[36.7515,55.2557],[36.6498,55.2793],[36.5873,55.2774],[36.5838,55.3148],[36.5448,55.3193],[36.5021,55.3052],[36.4229,55.3187],[36.3486,55.2957],[36.357,55.2578],[36.313,55.2237],[36.2756,55.215],[36.238,55.1937],[36.1397,55.185],[36.1075,55.2013],[36.0274,55.2243],[35.9977,55.2159],[35.9383,55.2346],[35.8564,55.2385],[35.755,55.2869],[35.7067,55.2943],[35.6739,55.2829],[35.5786,55.2905],[35.5727,55.2632],[35.5352,55.2585],[35.5139,55.2351],[35.4654,55.2204],[35.4046,55.2374],[35.3697,55.2388],[35.3487,55.2066],[35.3004,55.1859],[35.3096,55.1677],[35.2824,55.1514],[35.2845,55.1121],[35.2257,55.055],[35.144,55.0217],[35.1249,55.0018],[35.1441,54.9844],[35.1313,54.9616],[35.0649,54.9571],[35.0222,54.925],[34.9921,54.882],[34.9435,54.8941],[34.8658,54.8838],[34.8528,54.8144],[34.8719,54.8024],[34.921,54.7716],[34.8444,54.7328],[34.8173,54.7094],[34.7089,54.6861],[34.654,54.6629],[34.5811,54.6766],[34.5159,54.6767],[34.4667,54.6861],[34.4245,54.6854],[34.415,54.6753],[34.4866,54.6558],[34.4996,54.632],[34.4653,54.5854],[34.4357,54.5119],[34.3868,54.499],[34.4158,54.4508],[34.3746,54.4217],[34.3261,54.4296],[34.2125,54.5051],[34.1075,54.5503],[34.0257,54.5521],[33.9268,54.5723],[33.8888,54.5587],[33.8281,54.5642],[33.804,54.5571],[33.7287,54.5617],[33.6756,54.5007],[33.6427,54.4855],[33.6428,54.4689],[33.67,54.4631],[33.6691,54.441],[33.6379,54.4231],[33.6167,54.381],[33.6298,54.3595],[33.6837,54.3213],[33.673,54.2962],[33.6465,54.2838],[33.6273,54.2597],[33.587,54.2483],[33.619,54.2335],[33.6137,54.1791],[33.562,54.1562],[33.5586,54.1292],[33.5265,54.1112],[33.5501,54.101],[33.4646,54.0852],[33.4242,54.0489]]],[[[34.7299,59.1032],[34.7364,59.0668],[34.7959,59.0486],[34.8724,59.0535],[34.8785,59.0434],[34.8315,58.991],[34.8377,58.9851],[34.9485,58.9659],[34.964,58.9443],[35.0255,58.942],[35.0243,58.9241],[35.062,58.9174],[35.1308,58.9373],[35.1716,58.9228],[35.1401,58.8888],[35.1246,58.815],[35.1809,58.8264],[35.2201,58.8248],[35.2125,58.7979],[35.2657,58.7648],[35.288,58.7638],[35.3106,58.803],[35.3985,58.8435],[35.5025,58.841],[35.5386,58.831],[35.6117,58.8298],[35.6166,58.8169],[35.6798,58.8159],[35.7141,58.8324],[35.7512,58.8265],[35.8101,58.7948],[35.8172,58.7804],[35.7653,58.7774],[35.7749,58.7543],[35.8361,58.7447],[35.8863,58.7533],[35.9568,58.7522],[35.979,58.7292],[36.0276,58.7215],[36.0607,58.7069],[36.1263,58.6955],[36.1472,58.6433],[36.1394,58.6168],[36.2196,58.6122],[36.2349,58.5908],[36.1938,58.5712],[36.1733,58.525],[36.23,58.5138],[36.24,58.5338],[36.2749,58.5355],[36.3148,58.5187],[36.3236,58.4998],[36.4465,58.529],[36.4892,58.5309],[36.5206,58.5585],[36.5182,58.5899],[36.5882,58.6038],[36.6453,58.6448],[36.6804,58.6944],[36.7141,58.696],[36.7049,58.734],[36.7724,58.7207],[36.8129,58.7438],[36.8156,58.7582],[36.7838,58.8065],[36.8324,58.8365],[36.8642,58.8428],[36.9434,58.8344],[37.0115,58.839],[37.063,58.8642],[37.1222,58.866],[37.1752,58.8263],[37.1804,58.7786],[37.3696,58.6444],[37.4454,58.5947],[37.4986,58.5798],[37.5398,58.5397],[37.5927,58.5146],[37.6263,58.4902],[37.6543,58.4497],[37.644,58.4294],[37.5881,58.417],[37.5345,58.3968],[37.4962,58.3992],[37.4775,58.4151],[37.4491,58.4075],[37.3698,58.3494],[37.4172,58.3269],[37.42,58.3083],[37.3907,58.2877],[37.3497,58.239],[37.3751,58.2008],[37.4435,58.1828],[37.4968,58.1853],[37.5621,58.1653],[37.5896,58.1351],[37.6344,58.1166],[37.6735,58.083],[37.6617,58.068],[37.6235,58.0697],[37.5487,58.0528],[37.525,58.0296],[37.5425,58.0069],[37.5152,57.9871],[37.4844,57.9808],[37.428,57.9833],[37.3665,57.9771],[37.3709,57.9494],[37.4532,57.9229],[37.4949,57.9174],[37.4955,57.8936],[37.4541,57.8924],[37.3941,57.9036],[37.3509,57.8966],[37.3569,57.8774],[37.4027,57.8735],[37.4167,57.8614],[37.3774,57.8437],[37.3909,57.828],[37.4573,57.828],[37.5234,57.7713],[37.5398,57.7383],[37.6123,57.7227],[37.6507,57.7029],[37.6468,57.686],[37.6682,57.67],[37.7146,57.6587],[37.7641,57.6311],[37.8276,57.6307],[37.81,57.608],[37.8161,57.5506],[37.7984,57.5037],[37.8354,57.4842],[37.8384,57.4597],[37.7943,57.4426],[37.7948,57.4335],[37.8619,57.4176],[37.9842,57.3592],[38.0383,57.3563],[38.0863,57.3418],[38.1566,57.3383],[38.1595,57.3562],[38.2705,57.3711],[38.2999,57.3372],[38.3064,57.2763],[38.2579,57.2722],[38.2262,57.2359],[38.16,57.2336],[38.1429,57.197],[38.1514,57.1859],[38.2498,57.1288],[38.2597,57.0955],[38.2513,57.0528],[38.2071,57.0002],[38.1646,56.9954],[38.1545,56.9789],[38.2117,56.9582],[38.1993,56.8942],[38.1285,56.8837],[38.1542,56.8319],[38.2226,56.819],[38.2608,56.7822],[38.2565,56.7702],[38.306,56.7443],[38.3181,56.7151],[38.3741,56.6966],[38.3274,56.6755],[38.3443,56.6339],[38.3178,56.5995],[38.3296,56.5623],[38.2965,56.5468],[38.2954,56.5289],[38.3226,56.4945],[38.38,56.4684],[38.3944,56.4405],[38.38,56.4111],[38.4124,56.369],[38.4092,56.3346],[38.4171,56.2859],[38.4028,56.2642],[38.4565,56.218],[38.506,56.2199],[38.492,56.1892],[38.5246,56.1178],[38.5623,56.0832],[38.5831,56.0218],[38.567,56.0001],[38.6056,55.9589],[38.6437,55.9674],[38.7291,55.9535],[38.7783,55.9196],[38.8207,55.9219],[38.8394,55.9009],[38.8953,55.9242],[38.9471,55.9125],[39.0158,55.9252],[39.0307,55.8824],[39.0544,55.8525],[39.1231,55.8298],[39.1923,55.8396],[39.3098,55.8306],[39.3363,55.8164],[39.3165,55.7786],[39.3581,55.761],[39.4286,55.7636],[39.4608,55.7725],[39.5552,55.7761],[39.618,55.7917],[39.6656,55.7825],[39.697,55.8005],[39.7985,55.83],[39.8231,55.8328],[39.8789,55.8159],[39.8953,55.8007],[39.8889,55.7472],[39.9002,55.7345],[40.0622,55.6317],[40.085,55.6126],[40.0369,55.5457],[40.0448,55.5092],[40.1176,55.5264],[40.1405,55.5172],[40.1804,55.4597],[40.1807,55.4423],[40.1373,55.4342],[40.1427,55.4061],[40.1856,55.3263],[40.2065,55.3093],[40.2439,55.3365],[40.2946,55.3324],[40.3454,55.34],[40.358,55.3238],[40.3277,55.315],[40.3227,55.2938],[40.4001,55.2873],[40.5168,55.3277],[40.5454,55.3093],[40.5322,55.2926],[40.5645,55.269],[40.5539,55.2546],[40.6211,55.2052],[40.6774,55.2134],[40.7294,55.2039],[40.786,55.2222],[40.8435,55.2263],[40.8789,55.2409],[40.891,55.2606],[40.9646,55.2604],[41.0042,55.2335],[41.0365,55.2219],[41.0466,55.1832],[41.0809,55.1474],[41.0955,55.1481],[41.0874,55.1915],[41.11,55.2044],[41.1871,55.221],[41.2634,55.213],[41.2989,55.2032],[41.3652,55.1731],[41.4116,55.131],[41.4413,55.1312],[41.4966,55.157],[41.5823,55.1414],[41.6583,55.1089],[41.7185,55.1249],[41.7832,55.1191],[41.8702,55.1576],[41.9007,55.2045],[41.8587,55.2409],[41.9541,55.2777],[41.9564,55.2964],[41.933,55.3299],[41.9527,55.3386],[42.0006,55.3373],[42.0134,55.3731],[42.0756,55.3932],[42.117,55.4217],[42.1336,55.4587],[42.0684,55.4813],[42.0688,55.55],[46.1083,55.55],[46.1038,55.5727],[46.0485,55.6167],[46.0126,55.6266],[45.9753,55.6191],[45.9572,55.6326],[45.9201,55.688],[45.9679,55.7427],[46.0013,55.7348],[46.0077,55.7495],[45.9883,55.7768],[46.0167,55.7785],[46.0938,55.808],[46.1004,55.8327],[46.088,55.8597],[46.1341,55.8939],[46.0988,55.9408],[46.1502,55.9735],[46.2008,56.0246],[46.214,56.0498],[46.1564,56.0412],[46.1299,56.0598],[46.0922,56.0564],[46.0953,56.0934],[46.0674,56.1092],[46.0795,56.136],[46.0677,56.1819],[46.0264,56.1798],[45.91,56.2338],[45.8738,56.2588],[45.88,56.3077],[45.9354,56.316],[45.9461,56.325],[45.9224,56.3803],[45.9486,56.4082],[45.949,56.4332],[45.876,56.4402],[45.7887,56.4248],[45.7609,56.4606],[45.6627,56.4609],[45.6299,56.5148],[45.6498,56.5455],[45.6385,56.5711],[45.651,56.5908],[45.6951,56.6016],[45.7392,56.6256],[45.8589,56.6291],[45.9218,56.6523],[45.9276,56.6629],[45.896,56.6897],[45.9127,56.7363],[45.9145,56.792],[45.9381,56.8227],[45.9586,56.8721],[46.0382,56.8696],[46.095,56.8812],[46.2199,56.8932],[46.268,56.9047],[46.3127,56.907],[46.3188,56.9436],[46.336,56.9521],[46.5129,56.9401],[46.5342,56.9198],[46.5585,56.9286],[46.601,56.92],[46.6627,56.9391],[46.6682,56.965],[46.7149,56.9663],[46.7514,56.9783],[46.7131,57.0124],[46.7626,57.0302],[46.7561,57.0742],[46.7605,57.1293],[46.7312,57.1907],[46.7422,57.2046],[46.8344,57.1997],[46.8448,57.2291],[46.8083,57.2424],[46.7898,57.2813],[46.6952,57.3205],[46.6867,57.3631],[46.748,57.3807],[46.7292,57.3974],[46.6952,57.4001],[46.7072,57.4237],[46.7382,57.4276],[46.7904,57.4512],[46.7501,57.5173],[46.7876,57.5273],[46.8224,57.512],[46.9123,57.5149],[47.0007,57.4935],[47.0542,57.4983],[47.1368,57.5304],[47.2153,57.5508],[47.2487,57.5673],[47.3584,57.5543],[47.386,57.5351],[47.471,57.5285],[47.4865,57.5758],[47.5212,57.5861],[47.5449,57.6567],[47.5302,57.6999],[47.5727,57.7441],[47.5589,57.7707],[47.5721,57.8104],[47.6121,57.8385],[47.6647,57.8512],[47.7149,57.8715],[47.7623,57.876],[47.7638,57.9121],[47.7031,57.9584],[47.6425,57.9562],[47.4515,57.9874],[47.3884,58.0195],[47.3542,58.0255],[46.9916,58.0244],[46.5964,58.0264],[46.5067,58.035],[46.4784,58.0235],[46.4299,58.0205],[46.3814,58.0558],[46.3413,58.0746],[46.3425,58.0989],[46.313,58.1112],[46.3627,58.1884],[46.4069,58.2087],[46.4157,58.2289],[46.4088,58.2762],[46.4219,58.3146],[46.4773,58.3339],[46.4739,58.3487],[46.4113,58.3536],[46.4583,58.381],[46.541,58.3973],[46.5841,58.4304],[46.5933,58.4514],[46.5565,58.4732],[46.5541,58.4877],[46.5869,58.5177],[46.5931,58.5606],[46.6325,58.5807],[46.6873,58.5669],[46.8142,58.5846],[46.8854,58.6051],[46.9857,58.6138],[47.0102,58.629],[47.0039,58.6845],[47.02,58.7038],[47.0816,58.7386],[47.1199,58.775],[47.1624,58.7696],[47.1955,58.753],[47.2596,58.7563],[47.3165,58.7978],[47.2866,58.8166],[47.2995,58.8594],[47.2819,58.893],[47.3193,58.9156],[47.3843,58.907],[47.4524,58.9211],[47.4772,58.8862],[47.6022,58.9067],[47.6016,58.9217],[47.5704,58.9565],[47.5499,58.998],[47.5709,59.0599],[47.5288,59.078],[47.4512,59.1317],[47.442,59.1642],[47.4016,59.1507],[47.3787,59.1531],[47.2392,59.2202],[47.2315,59.247],[47.2524,59.3555],[47.0563,59.3785],[47.1135,59.6113],[47.1367,59.6979],[47.1339,59.725],[47.1126,59.7527],[47.0572,59.7687],[46.9573,59.7818],[46.9349,59.7891],[46.9226,59.8439],[47.0364,60.0995],[47.0213,60.1219],[46.909,60.1253],[46.8465,60.079],[46.809,60.0708],[46.7458,60.0783],[46.7344,60.0649],[46.6833,60.0625],[46.6627,60.0774],[46.6085,60.0673],[46.5059,60.1053],[46.4661,60.1131],[46.4041,60.1068],[46.3656,60.1252],[46.3755,60.1389],[46.3491,60.2144],[46.3017,60.2419],[46.3126,60.2547],[46.3546,60.2508],[46.4408,60.2714],[46.4915,60.2626],[46.5555,60.2622],[46.6367,60.2736],[46.7281,60.2557],[46.7495,60.2611],[46.8071,60.3183],[46.8093,60.3485],[46.8258,60.369],[46.821,60.3925],[46.8526,60.4275],[46.8768,60.4874],[46.8625,60.5073],[46.9403,60.5382],[46.9665,60.5593],[47.0488,60.5752],[47.0244,60.6012],[47.0209,60.6393],[46.9635,60.6539],[47.0423,60.7479],[47.0838,60.8186],[47.0429,60.8538],[47.0832,60.8751],[47.0965,60.9378],[47.1176,60.967],[47.1841,60.9924],[47.2018,61.0198],[47.1961,61.0483],[47.2448,61.0562],[47.4896,61.047],[47.5685,61.0591],[47.6187,61.0536],[47.6642,61.0347],[47.766,61.0287],[47.8733,61.0018],[47.942,61.0081],[47.9655,60.9994],[47.9698,60.9343],[47.9842,60.8965],[48.06,60.8828],[48.419,60.8538],[48.4465,60.9841],[48.4843,61.0338],[48.5093,61.0477],[48.8887,61.1412],[48.9098,61.1408],[48.9494,61.1199],[49.0979,61.175],[49.1815,61.1813],[49.2805,61.1737],[49.3022,61.1762],[49.322,61.2029],[49.4223,61.455],[49.4614,61.5861],[49.4173,61.6183],[49.3628,61.6238],[49.0968,61.6581],[49.0516,61.691],[49.2127,62.0911],[49.2209,62.1012],[49.2734,62.1095],[49.2595,62.1371],[49.2744,62.1421],[49.3616,62.1396],[49.3694,62.1494],[49.609,62.7702],[48.8751,62.8291],[48.7145,62.8155],[48.6808,62.7318],[48.657,62.7071],[48.6286,62.7058],[48.3661,62.7293],[48.3339,62.7044],[48.2368,62.473],[48.2364,62.4519],[48.2574,62.429],[48.3045,62.3968],[48.3042,62.3506],[48.2908,62.3216],[48.2247,62.317],[47.7511,62.3218],[47.6498,62.2967],[47.6377,62.2116],[47.621,62.1855],[47.5938,62.1823],[47.4781,62.1847],[47.4134,62.1928],[47.3985,62.2213],[47.405,62.2896],[47.3863,62.3204],[47.2349,62.3515],[47.2271,62.3796],[47.2314,62.4389],[46.5,62],[44.5,61.7],[44.5,60.9445],[44.4553,60.947],[44.2058,60.9718],[44.1575,60.9948],[44.1687,61.0657],[44.1585,61.0824],[44.053,61.0792],[44.0177,61.0528],[43.9584,61.0487],[43.8753,61.0229],[43.8351,61.0319],[43.776,61.0208],[43.7541,60.946],[43.7289,60.911],[43.746,60.9],[43.7154,60.8845],[43.6488,60.878],[43.5361,60.8531],[43.5204,60.8293],[43.5223,60.7791],[43.5109,60.7675],[43.2266,60.7848],[43.1499,60.806],[43.1353,60.8006],[43.0488,60.7402],[42.9799,60.7369],[42.9765,60.7561],[42.9439,60.7897],[42.9137,60.7789],[42.907,60.8137],[42.8231,60.8553],[42.6505,60.8631],[42.6149,60.8576],[42.5642,60.8357],[42.5616,60.7973],[42.5287,60.7793],[42.4672,60.7912],[42.4239,60.7721],[42.3948,60.7694],[42.0239,60.8358],[41.9668,60.8311],[41.9265,60.8455],[41.9154,60.8594],[41.9606,60.886],[41.9424,60.9121],[41.9165,60.9149],[41.9014,60.897],[41.868,60.9112],[41.8009,60.899],[41.7563,60.8582],[41.7194,60.8402],[41.6681,60.8479],[41.6508,60.8863],[41.6374,60.8911],[41.5185,60.8992],[41.3822,60.8511],[41.4119,60.8072],[41.4121,60.7912],[41.3577,60.7222],[41.3399,60.676],[41.343,60.646],[41.2803,60.664],[41.2295,60.6556],[41.0593,60.6497],[41.0123,60.667],[40.8191,60.711],[40.7626,60.7388],[40.7465,60.7797],[40.7128,60.7585],[40.679,60.7547],[40.6213,60.7282],[40.5551,60.7198],[40.5344,60.7246],[40.5035,60.7557],[40.4655,60.7746],[40.4076,60.784],[40.3754,60.766],[40.3865,60.7319],[40.3515,60.708],[40.2224,60.6951],[40.1564,60.6726],[40.0721,60.6831],[40.0393,60.6809],[40.0049,60.6578],[39.9235,60.6519],[39.764,60.7369],[39.6938,60.7327],[39.6482,60.746],[39.5975,60.7333],[39.4244,60.709],[39.3849,60.6886],[39.3382,60.684],[39.2893,60.7052],[39.1861,60.7148],[39.1706,60.702],[39.1956,60.6732],[39.1906,60.6529],[39.1695,60.6858],[39.0682,60.7141],[39.033,60.7311],[39.0093,60.7621],[38.9829,60.7727],[38.967,60.8002],[38.9477,60.8027],[38.9231,60.7727],[38.8695,60.7738],[38.8303,60.7434],[38.8114,60.7179],[38.7895,60.7128],[38.6613,60.7114],[38.6327,60.7232],[38.5995,60.7835],[38.5742,60.7991],[38.4301,60.8047],[38.4209,60.8112],[38.4185,60.874],[38.3857,60.9382],[38.3617,60.9551],[38.3286,60.9102],[38.2454,60.9132],[38.213,60.924],[38.1705,60.9753],[38.1981,61.026],[38.1449,61.073],[38.1504,61.0985],[38.177,61.1208],[38.1663,61.1331],[38.0891,61.1559],[38.0405,61.1401],[37.9806,61.1407],[37.9645,61.1484],[37.973,61.2047],[37.9425,61.2161],[37.9014,61.2632],[37.9,61.2639],[37.9,60.45],[35.2515,60.45],[35.2517,60.4454],[35.2341,60.3793],[35.2311,60.3412],[35.1827,60.2888],[35.1474,60.2688],[35.1521,60.2083],[35.1466,60.1307],[35.1765,60.1054],[35.1571,60.067],[35.0872,60.0409],[35.0973,60.0161],[35.1622,60.0108],[35.2379,59.9855],[35.2926,59.9846],[35.3229,59.973],[35.4037,59.9743],[35.4742,59.9229],[35.4114,59.9041],[35.3825,59.8754],[35.3854,59.7969],[35.3979,59.7295],[35.4236,59.7011],[35.4649,59.6944],[35.5318,59.6986],[35.6075,59.7124],[35.6387,59.7003],[35.6342,59.6402],[35.5929,59.6228],[35.5046,59.652],[35.4958,59.5535],[35.4832,59.5381],[35.4369,59.5293],[35.5018,59.501],[35.4615,59.4823],[35.3237,59.5067],[35.2889,59.4993],[35.3046,59.4844],[35.3676,59.4718],[35.4028,59.4432],[35.4485,59.4277],[35.4445,59.4082],[35.3937,59.3621],[35.329,59.349],[35.3189,59.328],[35.3755,59.3148],[35.3819,59.3003],[35.3012,59.301],[35.2437,59.2943],[35.193,59.269],[35.1347,59.2544],[35.038,59.2513],[34.9575,59.2267],[34.9327,59.2458],[34.9005,59.2379],[34.8723,59.2099],[34.8572,59.1803],[34.812,59.1463],[34.7981,59.1024],[34.7299,59.1032]],[[38.0226,61.0419],[38.0415,61.0497],[38.0875,61.0416],[38.1248,61.0174],[38.0452,61.0184],[38.0226,61.0419]]],[[[47.5,63.0242],[47.5158,63.0368],[47.5546,63.1212],[47.5546,63.1485],[47.5,63.1506],[47.5,63.0242]]]]}},
{"type":"Feature","properties":{"entityId":"rus-principalities","from":1326,"to":1362,"certainty":"estimated","source":"유럽 쪽은 Natural Earth 1:10m admin-1(v5.1.2) 현대 행정구역 조각을 그 시기 국경에 맞춰 묶고, 조각이 역사 경계와 다른 곳은 선을 그어 나눈 근사. 유럽 밖(시베리아·중앙아시아·극동)은 대략적인 추정. 운영자 검수 필요"},"geometry":{"type":"MultiPolygon","coordinates":[[[[27.1923,50.5412],[27.2458,50.5098],[27.2604,50.4901],[27.3046,50.478],[27.2484,50.4413],[27.2289,50.3949],[27.235,50.3797],[27.2792,50.3713],[27.3193,50.3341],[27.4038,50.2982],[27.4036,50.2747],[27.4317,50.2718],[27.4719,50.2518],[27.4885,50.2238],[27.554,50.2203],[27.5825,50.2546],[27.6075,50.2493],[27.6059,50.2067],[27.646,50.1691],[27.6496,50.1527],[27.6272,50.1379],[27.6463,50.1198],[27.6212,50.0793],[27.657,50.0612],[27.6637,50.0326],[27.5977,50.0027],[27.5478,50.0075],[27.5801,49.9485],[27.5487,49.9436],[27.5409,49.9151],[27.5881,49.8979],[27.6042,49.8608],[27.6423,49.8266],[27.6607,49.799],[27.868,49.7601],[27.9568,49.7672],[28.0254,49.7604],[28.1429,49.7783],[28.2391,49.7802],[28.2675,49.7882],[28.3334,49.7725],[28.3905,49.7771],[28.4309,49.8078],[28.519,49.8073],[28.571,49.7867],[28.6346,49.8011],[28.7105,49.7936],[28.7305,49.8024],[28.751,49.8321],[28.811,49.8568],[28.8354,49.8814],[28.9096,49.8724],[28.9153,49.8509],[28.9397,49.8311],[28.9423,49.788],[28.9735,49.7522],[29.0042,49.7309],[28.9561,49.6913],[28.9485,49.6738],[28.9718,49.6622],[28.9972,49.6231],[28.9868,49.5958],[29.1324,49.582],[29.2686,49.5862],[29.2742,49.6082],[29.3538,49.6171],[29.4223,49.6513],[29.4472,49.6509],[29.4963,49.6461],[29.5147,49.6328],[29.4949,49.5923],[29.4963,49.5728],[29.5218,49.5489],[29.5621,49.5357],[29.5662,49.5084],[29.5416,49.4948],[29.5696,49.4438],[29.5608,49.4127],[29.5112,49.3912],[29.4998,49.3657],[29.5315,49.3177],[29.5847,49.3076],[29.648,49.2431],[29.6877,49.2412],[29.6972,49.2273],[29.7363,49.2196],[29.741,49.1845],[29.7779,49.1706],[29.8721,49.179],[29.8771,49.2025],[29.9201,49.2462],[29.9536,49.2613],[30.0136,49.2668],[30.0386,49.2851],[30.117,49.2794],[30.1044,49.3013],[30.1465,49.3286],[30.1829,49.3215],[30.1644,49.2933],[30.1742,49.2825],[30.3495,49.2581],[30.3632,49.2366],[30.3899,49.2386],[30.4279,49.344],[30.4579,49.3489],[30.4942,49.3241],[30.5502,49.3407],[30.5965,49.3318],[30.6194,49.3585],[30.6846,49.3538],[30.73,49.3216],[30.7811,49.3351],[30.8102,49.3524],[30.832,49.3472],[30.8682,49.3606],[30.908,49.3461],[30.9223,49.3821],[30.9462,49.4105],[31.0346,49.4715],[31.0773,49.4907],[31.104,49.5277],[31.1559,49.5564],[31.1568,49.5852],[31.1298,49.5958],[31.1282,49.6144],[31.1728,49.6681],[31.1689,49.692],[31.1881,49.7176],[31.1969,49.7534],[31.1824,49.7702],[31.1989,49.8044],[31.1786,49.8183],[31.212,49.854],[31.2573,49.8614],[31.2589,49.8617],[31.336,49.8967],[31.4302,49.9061],[31.4471,49.9007],[31.4759,49.8547],[31.5022,49.8421],[31.5143,49.8646],[31.5709,49.8627],[31.5864,49.8956],[31.6066,49.8868],[31.6131,49.8581],[31.7075,49.8467],[31.7627,49.8934],[31.7672,49.9178],[31.8068,49.9602],[31.8058,49.9982],[31.8738,50.0308],[31.8496,50.095],[31.9,50.1254],[31.9143,50.1473],[31.9599,50.1497],[31.995,50.1791],[31.9733,50.2161],[32.0043,50.2489],[32.0695,50.2387],[32.101,50.2723],[32.0934,50.2855],[32.1144,50.3061],[32.1392,50.3501],[32.1992,50.3505],[32.2236,50.3432],[32.2543,50.3584],[32.2883,50.3892],[32.3502,50.4079],[32.3759,50.4089],[32.4129,50.3928],[32.4427,50.4069],[32.4832,50.4018],[32.5032,50.3702],[32.628,50.3627],[32.6666,50.3679],[32.7273,50.3579],[32.8121,50.3881],[32.8834,50.4013],[32.9059,50.4295],[32.9552,50.4476],[32.9726,50.4684],[33.0092,50.48],[33.0615,50.5384],[33.0981,50.5245],[33.206,50.5183],[33.2336,50.5403],[33.2848,50.546],[33.3401,50.5252],[33.645,50.4855],[33.7207,50.4627],[33.8416,50.4821],[33.8067,50.5003],[33.813,50.512],[33.8645,50.5269],[33.9131,50.5303],[33.971,50.4934],[34.0476,50.471],[34.0791,50.4973],[34.1078,50.4925],[34.1217,50.5138],[34.1861,50.5276],[34.2124,50.5424],[34.2525,50.5296],[34.2503,50.4555],[34.2585,50.4357],[34.3161,50.3898],[34.3597,50.3658],[34.3774,50.346],[34.362,50.3095],[34.3665,50.2767],[34.3809,50.2639],[34.4263,50.272],[34.4587,50.2257],[34.4956,50.209],[34.504,50.1754],[34.4658,50.1649],[34.4562,50.147],[34.4741,50.1081],[34.5363,50.1244],[34.6337,50.1148],[34.6694,50.1155],[34.7049,50.1509],[34.7451,50.1382],[34.7872,50.157],[34.7925,50.1575],[34.6,50.35],[34.3,50.6],[34.05,50.8],[33.929,50.9613],[33.9,51],[33.72,51.2],[33.7,51.4],[33.95,51.55],[34.1,51.8],[34.1253,51.9517],[34.0962,51.9518],[34.1011,51.9925],[34.0682,52.031],[34.0567,52.1058],[34.0739,52.1283],[34.0557,52.1703],[34.0219,52.1979],[33.9578,52.2247],[33.9007,52.2859],[33.8391,52.3139],[33.8041,52.3546],[33.7336,52.361],[33.6879,52.3558],[33.6002,52.3308],[33.5317,52.2888],[33.493,52.3031],[33.4994,52.341],[33.4805,52.3578],[33.4373,52.3392],[33.4006,52.3443],[33.359,52.3576],[33.2943,52.3573],[33.1965,52.3689],[33.1666,52.3601],[33.128,52.3327],[33.0704,52.3042],[33.0301,52.3036],[32.9269,52.2469],[32.8908,52.2423],[32.8442,52.2623],[32.7254,52.2521],[32.5284,52.3162],[32.4806,52.3071],[32.3943,52.3268],[32.3536,52.3216],[32.3395,52.2872],[32.367,52.2472],[32.3282,52.2192],[32.3067,52.1412],[32.2777,52.1027],[32.2333,52.0809],[32.0956,52.0407],[32.0169,52.0498],[31.9806,52.0476],[31.9272,52.0311],[31.892,52.0362],[31.8821,52.0864],[31.8258,52.1041],[31.7643,52.1006],[31.6499,52.0968],[31.4749,52.1178],[31.3831,52.1175],[31.3044,52.0975],[31.2524,52.0445],[31.2049,52.0439],[31.1348,52.0767],[31.0963,52.0796],[30.9593,52.0747],[30.9188,52.0592],[30.9113,52.0226],[30.9405,52.0201],[30.9412,51.9938],[30.9028,52],[30.858,51.9576],[30.8031,51.9391],[30.8106,51.9184],[30.7795,51.8979],[30.7497,51.8996],[30.7345,51.8737],[30.714,51.867],[30.662,51.8194],[30.6706,51.7905],[30.6182,51.7613],[30.6462,51.7545],[30.6306,51.7156],[30.6138,51.7029],[30.5703,51.6999],[30.5703,51.6515],[30.5566,51.6236],[30.5507,51.6208],[30.5151,51.6037],[30.5431,51.5826],[30.5226,51.5689],[30.5341,51.5533],[30.584,51.5423],[30.5629,51.5218],[30.6182,51.4597],[30.586,51.4518],[30.5879,51.4274],[30.6226,51.4121],[30.6456,51.3675],[30.6383,51.3359],[30.5799,51.3037],[30.5566,51.2673],[30.5547,51.2425],[30.5396,51.2352],[30.5392,51.2355],[30.5081,51.2577],[30.465,51.2619],[30.4281,51.2918],[30.3838,51.2939],[30.3551,51.3053],[30.3199,51.3416],[30.329,51.3886],[30.3074,51.4096],[30.2569,51.4251],[30.2054,51.4665],[30.1486,51.4844],[30.0087,51.4821],[29.9251,51.4579],[29.8863,51.4648],[29.8466,51.4329],[29.8286,51.43],[29.7379,51.4395],[29.7,51.4837],[29.6608,51.4931],[29.618,51.4856],[29.5682,51.4496],[29.5055,51.4375],[29.4663,51.3851],[29.4027,51.3961],[29.3533,51.3771],[29.3199,51.3656],[29.297,51.3737],[29.2649,51.4329],[29.221,51.467],[29.2265,51.5191],[29.1815,51.567],[29.1604,51.6033],[29.1239,51.625],[29.0837,51.6312],[29.0436,51.6262],[29,51.5824],[28.9546,51.5633],[28.8636,51.5589],[28.7999,51.5326],[28.7522,51.4837],[28.7516,51.4287],[28.7288,51.4013],[28.704,51.4426],[28.6636,51.434],[28.6309,51.4636],[28.6039,51.5535],[28.4884,51.572],[28.4353,51.5661],[28.3469,51.5252],[28.3339,51.5284],[28.3109,51.5745],[28.2494,51.6131],[28.2451,51.6406],[28.21,51.652],[28.1662,51.6331],[28.1142,51.5756],[28.0708,51.5576],[27.9732,51.5578],[27.9361,51.567],[27.8756,51.608],[27.8542,51.6153],[27.8125,51.602],[27.7932,51.565],[27.7971,51.5306],[27.7873,51.5109],[27.7406,51.4714],[27.7143,51.4637],[27.6661,51.4902],[27.5859,51.4723],[27.5757,51.4379],[27.5999,51.4091],[27.5836,51.3937],[27.5439,51.4155],[27.52,51.441],[27.5021,51.4402],[27.4903,51.3671],[27.5113,51.3527],[27.4779,51.3153],[27.4221,51.3073],[27.4182,51.2977],[27.4503,51.2556],[27.4491,51.2279],[27.3976,51.1922],[27.3582,51.142],[27.3496,51.0998],[27.2945,51.0437],[27.2323,51.0304],[27.1982,50.9909],[27.2328,50.9249],[27.216,50.9159],[27.2399,50.8904],[27.2241,50.8245],[27.2292,50.7908],[27.2717,50.7374],[27.2435,50.6818],[27.2152,50.6575],[27.1924,50.6185],[27.1969,50.6052],[27.2356,50.583],[27.1923,50.5412]]],[[[33.4242,54.0489],[33.4403,54.0374],[33.4874,54.0362],[33.5012,54.0158],[33.5682,54.032],[33.6425,54.0327],[33.6823,54.0264],[33.7802,53.9815],[33.8284,53.9277],[33.8404,53.8936],[33.8598,53.8787],[33.9071,53.8738],[33.9464,53.9012],[34.0079,53.8802],[34.0311,53.8617],[34.0977,53.8688],[34.1596,53.8927],[34.1992,53.8916],[34.2236,53.859],[34.215,53.8338],[34.2825,53.8205],[34.3235,53.7875],[34.3846,53.7185],[34.4196,53.6957],[34.4895,53.6665],[34.5154,53.6123],[34.5373,53.5982],[34.4963,53.5845],[34.4882,53.5441],[34.5097,53.5236],[34.536,53.4684],[34.5,53.4273],[34.5824,53.4276],[34.6281,53.4128],[34.6526,53.3916],[34.8646,53.3933],[34.955,53.3774],[35.0172,53.3918],[35.0025,53.3086],[35.0182,53.2884],[35.0646,53.3131],[35.1035,53.3108],[35.1118,53.2685],[35.106,53.2329],[35.1223,53.1863],[35.1034,53.1531],[35.1209,53.1343],[35.1821,53.1016],[35.2088,53.1179],[35.2746,53.097],[35.3139,53.0657],[35.2691,53.0205],[35.2115,53.0136],[35.1747,52.9969],[35.1592,53.0131],[35.1345,53.0124],[35.1565,52.9695],[35.076,52.9569],[34.967,52.9703],[34.9525,52.9286],[34.8773,52.9253],[34.8534,52.9024],[34.856,52.8818],[34.8049,52.8682],[34.8149,52.8488],[34.8692,52.7836],[34.9097,52.7916],[34.9481,52.7834],[34.976,52.76],[35.0312,52.7437],[35.0246,52.7179],[35.0915,52.698],[35.0461,52.6605],[34.9929,52.6541],[35.0106,52.6142],[34.9896,52.5105],[34.9729,52.4999],[34.9195,52.4981],[34.8329,52.424],[34.8336,52.3963],[34.8574,52.3644],[34.8815,52.3697],[34.8968,52.3532],[34.9172,52.3218],[34.8557,52.2553],[34.8822,52.231],[34.8423,52.2002],[34.8046,52.1851],[34.7638,52.1959],[34.768,52.2168],[34.7151,52.2163],[34.6754,52.1999],[34.661,52.1648],[34.7101,52.1339],[34.7089,52.1022],[34.6723,52.0655],[34.6359,52.0627],[34.6033,52.0369],[34.5677,52.0343],[34.5373,52.0664],[34.521,52.0695],[34.4843,52.0384],[34.4065,52.0127],[34.3849,51.9964],[34.3356,51.9347],[34.3692,51.9264],[34.4343,51.8966],[34.382,51.8753],[34.3882,51.8561],[34.3711,51.8268],[34.4127,51.7777],[34.4142,51.7365],[34.3763,51.7086],[34.2982,51.7061],[34.128,51.6807],[34.0891,51.6666],[34.0795,51.6431],[34.1401,51.6212],[34.1603,51.5761],[34.2024,51.5462],[34.2237,51.5148],[34.2121,51.455],[34.2196,51.4273],[34.1819,51.4023],[34.2305,51.3677],[34.2803,51.3613],[34.3002,51.3684],[34.3087,51.3346],[34.2836,51.3012],[34.2439,51.2741],[34.186,51.2489],[34.2818,51.2264],[34.337,51.2511],[34.409,51.2531],[34.5135,51.2296],[34.5782,51.2367],[34.6224,51.2248],[34.6428,51.1806],[34.6749,51.1677],[34.7481,51.1647],[34.8175,51.1747],[34.9618,51.2153],[34.9994,51.2021],[35.0594,51.2123],[35.0992,51.1832],[35.1238,51.0913],[35.1436,51.0585],[35.1726,51.0406],[35.2065,51.0389],[35.2743,51.0488],[35.3464,51.0366],[35.3551,51.0256],[35.3326,50.9999],[35.2781,50.9927],[35.2822,50.9611],[35.401,50.9533],[35.4494,50.963],[35.5124,50.9471],[35.5042,50.9182],[35.5464,50.9057],[35.5923,50.9211],[35.6129,50.9393],[35.6331,50.924],[35.6772,50.9193],[35.7176,50.9376],[35.7212,50.9672],[35.7457,50.9671],[35.7668,50.9482],[35.8042,50.9382],[35.8556,50.9794],[35.8769,51.0124],[35.9149,51.011],[35.9542,51.0455],[35.9996,51.0577],[35.9525,51.0922],[35.9397,51.1161],[35.9763,51.1575],[36.0406,51.1603],[36.0986,51.1296],[36.2075,51.1251],[36.2443,51.1063],[36.3136,51.1033],[36.3591,51.1258],[36.4037,51.1179],[36.4762,51.0863],[36.4999,51.122],[36.5996,51.0795],[36.6175,51.0798],[36.6526,51.1089],[36.6887,51.1274],[36.8558,51.1858],[36.9302,51.181],[36.9896,51.2004],[37.054,51.2469],[37.0849,51.2504],[37.0984,51.2299],[37.1304,51.2428],[37.1187,51.3015],[37.1442,51.3429],[37.1894,51.3288],[37.2491,51.331],[37.3417,51.3644],[37.3616,51.3844],[37.447,51.3723],[37.4628,51.381],[37.5386,51.3943],[37.581,51.3708],[37.6667,51.3657],[37.7593,51.3885],[37.8286,51.4205],[37.8777,51.4009],[37.9,51.4007],[37.9319,51.4197],[38.0465,51.4197],[38.0518,51.3909],[38.0273,51.3662],[38.1551,51.3293],[38.2011,51.3067],[38.2915,51.2925],[38.3122,51.3094],[38.3234,51.3408],[38.3511,51.3629],[38.3448,51.3731],[38.3012,51.3626],[38.2729,51.4529],[38.2848,51.4739],[38.2693,51.4988],[38.2764,51.5264],[38.221,51.5543],[38.1888,51.587],[38.1402,51.6207],[38.1492,51.6444],[38.2189,51.6318],[38.2015,51.685],[38.2195,51.7078],[38.3396,51.6889],[38.4098,51.6878],[38.5051,51.7319],[38.4751,51.7448],[38.4141,51.7545],[38.3875,51.7851],[38.4264,51.8146],[38.4135,51.854],[38.4098,51.9202],[38.362,51.9301],[38.3039,51.9151],[38.2988,51.961],[38.2322,51.9453],[38.1921,51.9122],[38.1454,51.9278],[38.1015,51.927],[38.0321,51.9011],[37.997,51.879],[37.8911,51.8842],[37.8662,51.9239],[37.8208,51.9122],[37.779,51.952],[37.7778,51.9875],[37.7471,52.0169],[37.7776,52.1615],[37.8322,52.2024],[37.948,52.2456],[38.017,52.2517],[37.9948,52.271],[37.9998,52.2954],[38.0384,52.3445],[37.9907,52.3801],[37.9614,52.4144],[37.909,52.4148],[37.8769,52.4345],[37.88,52.4512],[37.9108,52.4729],[37.8375,52.501],[37.7828,52.5084],[37.7886,52.5417],[37.8122,52.5477],[37.7866,52.5803],[37.7641,52.5746],[37.7118,52.613],[37.7295,52.6136],[37.7509,52.6381],[37.7884,52.6363],[37.8127,52.6484],[37.7766,52.7185],[37.7937,52.7359],[37.8348,52.7462],[37.8707,52.7718],[37.8737,52.7953],[37.8112,52.829],[37.7927,52.8539],[37.8388,52.8905],[37.7949,52.9121],[37.8165,52.9349],[37.8217,52.9678],[37.841,53.0085],[37.8038,53.0739],[37.7874,53.0889],[37.696,53.1364],[37.6631,53.1183],[37.6113,53.1127],[37.5613,53.1688],[37.5543,53.1977],[37.5683,53.289],[37.5557,53.2957],[37.4924,53.2765],[37.4736,53.2776],[37.4271,53.3031],[37.382,53.3089],[37.3272,53.3032],[37.2761,53.2723],[37.1969,53.2507],[37.0882,53.28],[37.0095,53.2835],[36.9908,53.307],[36.9592,53.2921],[36.9171,53.2861],[36.8073,53.2966],[36.7742,53.3072],[36.7151,53.3447],[36.6772,53.3896],[36.6668,53.4159],[36.6142,53.4233],[36.5716,53.3965],[36.5128,53.3951],[36.4445,53.4215],[36.398,53.4285],[36.3716,53.4524],[36.3082,53.4847],[36.3124,53.5088],[36.2316,53.5741],[36.1409,53.5563],[36.0983,53.5559],[36.0556,53.5787],[36.0146,53.5863],[36.0096,53.6183],[35.9902,53.6537],[36.04,53.6839],[36.0564,53.7079],[36.0169,53.7237],[35.9654,53.7221],[35.9315,53.7861],[35.9661,53.8049],[35.9549,53.8311],[35.9138,53.8523],[35.9769,53.8655],[35.9887,53.9163],[36.0271,53.9401],[36.1113,53.961],[36.107,54.0095],[36.1459,54.0463],[36.1908,54.0547],[36.2164,54.0699],[36.2007,54.0982],[36.1545,54.1086],[36.1013,54.0976],[36.0784,54.1222],[36.111,54.1239],[36.113,54.1364],[36.0224,54.1768],[36.031,54.1908],[36.0669,54.2005],[36.1084,54.1955],[36.1481,54.1681],[36.1969,54.1585],[36.2366,54.1948],[36.2372,54.2291],[36.2517,54.2362],[36.2836,54.2207],[36.3538,54.2233],[36.4,54.2095],[36.4158,54.2371],[36.4588,54.2556],[36.4615,54.2882],[36.5548,54.2924],[36.7145,54.3172],[36.741,54.3075],[36.7249,54.2818],[36.7766,54.2805],[36.8342,54.2935],[36.8914,54.2832],[36.926,54.2936],[36.9463,54.3197],[36.9314,54.3605],[36.9654,54.3958],[36.9258,54.4482],[36.9029,54.4616],[36.8635,54.4578],[36.8484,54.4722],[36.8479,54.4753],[36.8405,54.5222],[36.8048,54.553],[36.805,54.6099],[36.8302,54.6167],[36.8855,54.6063],[36.919,54.5863],[36.9951,54.5854],[37.0421,54.5667],[37.0721,54.5361],[37.0886,54.5488],[37.2076,54.6877],[37.2118,54.7109],[37.1833,54.7184],[37.2164,54.7641],[37.2284,54.8081],[37.259,54.8358],[37.1875,54.8679],[37.1923,54.9074],[37.1588,54.9276],[37.12,54.9908],[37.0877,55.0375],[37.0842,55.0958],[37.0404,55.1147],[37.0329,55.1313],[36.9935,55.1617],[36.9614,55.1744],[36.9249,55.2225],[36.9043,55.2291],[36.8818,55.2222],[36.8691,55.1995],[36.7856,55.1906],[36.7854,55.2198],[36.7515,55.2557],[36.6498,55.2793],[36.5873,55.2774],[36.5838,55.3148],[36.5448,55.3193],[36.5021,55.3052],[36.4229,55.3187],[36.3486,55.2957],[36.357,55.2578],[36.313,55.2237],[36.2756,55.215],[36.238,55.1937],[36.1397,55.185],[36.1075,55.2013],[36.0274,55.2243],[35.9977,55.2159],[35.9383,55.2346],[35.8564,55.2385],[35.755,55.2869],[35.7067,55.2943],[35.6739,55.2829],[35.5786,55.2905],[35.5727,55.2632],[35.5352,55.2585],[35.5139,55.2351],[35.4654,55.2204],[35.4046,55.2374],[35.3697,55.2388],[35.3487,55.2066],[35.3004,55.1859],[35.3096,55.1677],[35.2824,55.1514],[35.2845,55.1121],[35.2257,55.055],[35.144,55.0217],[35.1249,55.0018],[35.1441,54.9844],[35.1313,54.9616],[35.0649,54.9571],[35.0222,54.925],[34.9921,54.882],[34.9435,54.8941],[34.8658,54.8838],[34.8528,54.8144],[34.8719,54.8024],[34.921,54.7716],[34.8444,54.7328],[34.8173,54.7094],[34.7089,54.6861],[34.654,54.6629],[34.5811,54.6766],[34.5159,54.6767],[34.4667,54.6861],[34.4245,54.6854],[34.415,54.6753],[34.4866,54.6558],[34.4996,54.632],[34.4653,54.5854],[34.4357,54.5119],[34.3868,54.499],[34.4158,54.4508],[34.3746,54.4217],[34.3261,54.4296],[34.2125,54.5051],[34.1075,54.5503],[34.0257,54.5521],[33.9268,54.5723],[33.8888,54.5587],[33.8281,54.5642],[33.804,54.5571],[33.7287,54.5617],[33.6756,54.5007],[33.6427,54.4855],[33.6428,54.4689],[33.67,54.4631],[33.6691,54.441],[33.6379,54.4231],[33.6167,54.381],[33.6298,54.3595],[33.6837,54.3213],[33.673,54.2962],[33.6465,54.2838],[33.6273,54.2597],[33.587,54.2483],[33.619,54.2335],[33.6137,54.1791],[33.562,54.1562],[33.5586,54.1292],[33.5265,54.1112],[33.5501,54.101],[33.4646,54.0852],[33.4242,54.0489]]],[[[34.7299,59.1032],[34.7364,59.0668],[34.7959,59.0486],[34.8724,59.0535],[34.8785,59.0434],[34.8315,58.991],[34.8377,58.9851],[34.9485,58.9659],[34.964,58.9443],[35.0255,58.942],[35.0243,58.9241],[35.062,58.9174],[35.1308,58.9373],[35.1716,58.9228],[35.1401,58.8888],[35.1246,58.815],[35.1809,58.8264],[35.2201,58.8248],[35.2125,58.7979],[35.2657,58.7648],[35.288,58.7638],[35.3106,58.803],[35.3985,58.8435],[35.5025,58.841],[35.5386,58.831],[35.6117,58.8298],[35.6166,58.8169],[35.6798,58.8159],[35.7141,58.8324],[35.7512,58.8265],[35.8101,58.7948],[35.8172,58.7804],[35.7653,58.7774],[35.7749,58.7543],[35.8361,58.7447],[35.8863,58.7533],[35.9568,58.7522],[35.979,58.7292],[36.0276,58.7215],[36.0607,58.7069],[36.1263,58.6955],[36.1472,58.6433],[36.1394,58.6168],[36.2196,58.6122],[36.2349,58.5908],[36.1938,58.5712],[36.1733,58.525],[36.23,58.5138],[36.24,58.5338],[36.2749,58.5355],[36.3148,58.5187],[36.3236,58.4998],[36.4465,58.529],[36.4892,58.5309],[36.5206,58.5585],[36.5182,58.5899],[36.5882,58.6038],[36.6453,58.6448],[36.6804,58.6944],[36.7141,58.696],[36.7049,58.734],[36.7724,58.7207],[36.8129,58.7438],[36.8156,58.7582],[36.7838,58.8065],[36.8324,58.8365],[36.8642,58.8428],[36.9434,58.8344],[37.0115,58.839],[37.063,58.8642],[37.1222,58.866],[37.1752,58.8263],[37.1804,58.7786],[37.3696,58.6444],[37.4454,58.5947],[37.4986,58.5798],[37.5398,58.5397],[37.5927,58.5146],[37.6263,58.4902],[37.6543,58.4497],[37.644,58.4294],[37.5881,58.417],[37.5345,58.3968],[37.4962,58.3992],[37.4775,58.4151],[37.4491,58.4075],[37.3698,58.3494],[37.4172,58.3269],[37.42,58.3083],[37.3907,58.2877],[37.3497,58.239],[37.3751,58.2008],[37.4435,58.1828],[37.4968,58.1853],[37.5621,58.1653],[37.5896,58.1351],[37.6344,58.1166],[37.6735,58.083],[37.6617,58.068],[37.6235,58.0697],[37.5487,58.0528],[37.525,58.0296],[37.5425,58.0069],[37.5152,57.9871],[37.4844,57.9808],[37.428,57.9833],[37.3665,57.9771],[37.3709,57.9494],[37.4532,57.9229],[37.4949,57.9174],[37.4955,57.8936],[37.4541,57.8924],[37.3941,57.9036],[37.3509,57.8966],[37.3569,57.8774],[37.4027,57.8735],[37.4167,57.8614],[37.3774,57.8437],[37.3909,57.828],[37.4573,57.828],[37.5234,57.7713],[37.5398,57.7383],[37.6123,57.7227],[37.6507,57.7029],[37.6468,57.686],[37.6682,57.67],[37.7146,57.6587],[37.7641,57.6311],[37.8276,57.6307],[37.81,57.608],[37.8161,57.5506],[37.7984,57.5037],[37.8354,57.4842],[37.8384,57.4597],[37.7943,57.4426],[37.7948,57.4335],[37.8619,57.4176],[37.9842,57.3592],[38.0383,57.3563],[38.0863,57.3418],[38.1566,57.3383],[38.1595,57.3562],[38.2705,57.3711],[38.2999,57.3372],[38.3064,57.2763],[38.2579,57.2722],[38.2262,57.2359],[38.16,57.2336],[38.1429,57.197],[38.1514,57.1859],[38.2498,57.1288],[38.2597,57.0955],[38.2513,57.0528],[38.2071,57.0002],[38.1646,56.9954],[38.1545,56.9789],[38.2117,56.9582],[38.1993,56.8942],[38.1285,56.8837],[38.1542,56.8319],[38.2226,56.819],[38.2608,56.7822],[38.2565,56.7702],[38.306,56.7443],[38.3181,56.7151],[38.3741,56.6966],[38.3274,56.6755],[38.3443,56.6339],[38.3178,56.5995],[38.3296,56.5623],[38.2965,56.5468],[38.2954,56.5289],[38.3226,56.4945],[38.38,56.4684],[38.3944,56.4405],[38.38,56.4111],[38.4124,56.369],[38.4092,56.3346],[38.4171,56.2859],[38.4028,56.2642],[38.4565,56.218],[38.506,56.2199],[38.492,56.1892],[38.5246,56.1178],[38.5623,56.0832],[38.5831,56.0218],[38.567,56.0001],[38.6056,55.9589],[38.6437,55.9674],[38.7291,55.9535],[38.7783,55.9196],[38.8207,55.9219],[38.8394,55.9009],[38.8953,55.9242],[38.9471,55.9125],[39.0158,55.9252],[39.0307,55.8824],[39.0544,55.8525],[39.1231,55.8298],[39.1923,55.8396],[39.3098,55.8306],[39.3363,55.8164],[39.3165,55.7786],[39.3581,55.761],[39.4286,55.7636],[39.4608,55.7725],[39.5552,55.7761],[39.618,55.7917],[39.6656,55.7825],[39.697,55.8005],[39.7985,55.83],[39.8231,55.8328],[39.8789,55.8159],[39.8953,55.8007],[39.8889,55.7472],[39.9002,55.7345],[40.0622,55.6317],[40.085,55.6126],[40.0369,55.5457],[40.0448,55.5092],[40.1176,55.5264],[40.1405,55.5172],[40.1804,55.4597],[40.1807,55.4423],[40.1373,55.4342],[40.1427,55.4061],[40.1856,55.3263],[40.2065,55.3093],[40.2439,55.3365],[40.2946,55.3324],[40.3454,55.34],[40.358,55.3238],[40.3277,55.315],[40.3227,55.2938],[40.4001,55.2873],[40.5168,55.3277],[40.5454,55.3093],[40.5322,55.2926],[40.5645,55.269],[40.5539,55.2546],[40.6211,55.2052],[40.6774,55.2134],[40.7294,55.2039],[40.786,55.2222],[40.8435,55.2263],[40.8789,55.2409],[40.891,55.2606],[40.9646,55.2604],[41.0042,55.2335],[41.0365,55.2219],[41.0466,55.1832],[41.0809,55.1474],[41.0955,55.1481],[41.0874,55.1915],[41.11,55.2044],[41.1871,55.221],[41.2634,55.213],[41.2989,55.2032],[41.3652,55.1731],[41.4116,55.131],[41.4413,55.1312],[41.4966,55.157],[41.5823,55.1414],[41.6583,55.1089],[41.7185,55.1249],[41.7832,55.1191],[41.8702,55.1576],[41.9007,55.2045],[41.8587,55.2409],[41.9541,55.2777],[41.9564,55.2964],[41.933,55.3299],[41.9527,55.3386],[42.0006,55.3373],[42.0134,55.3731],[42.0756,55.3932],[42.117,55.4217],[42.1336,55.4587],[42.0684,55.4813],[42.0688,55.55],[46.1083,55.55],[46.1038,55.5727],[46.0485,55.6167],[46.0126,55.6266],[45.9753,55.6191],[45.9572,55.6326],[45.9201,55.688],[45.9679,55.7427],[46.0013,55.7348],[46.0077,55.7495],[45.9883,55.7768],[46.0167,55.7785],[46.0938,55.808],[46.1004,55.8327],[46.088,55.8597],[46.1341,55.8939],[46.0988,55.9408],[46.1502,55.9735],[46.2008,56.0246],[46.214,56.0498],[46.1564,56.0412],[46.1299,56.0598],[46.0922,56.0564],[46.0953,56.0934],[46.0674,56.1092],[46.0795,56.136],[46.0677,56.1819],[46.0264,56.1798],[45.91,56.2338],[45.8738,56.2588],[45.88,56.3077],[45.9354,56.316],[45.9461,56.325],[45.9224,56.3803],[45.9486,56.4082],[45.949,56.4332],[45.876,56.4402],[45.7887,56.4248],[45.7609,56.4606],[45.6627,56.4609],[45.6299,56.5148],[45.6498,56.5455],[45.6385,56.5711],[45.651,56.5908],[45.6951,56.6016],[45.7392,56.6256],[45.8589,56.6291],[45.9218,56.6523],[45.9276,56.6629],[45.896,56.6897],[45.9127,56.7363],[45.9145,56.792],[45.9381,56.8227],[45.9586,56.8721],[46.0382,56.8696],[46.095,56.8812],[46.2199,56.8932],[46.268,56.9047],[46.3127,56.907],[46.3188,56.9436],[46.336,56.9521],[46.5129,56.9401],[46.5342,56.9198],[46.5585,56.9286],[46.601,56.92],[46.6627,56.9391],[46.6682,56.965],[46.7149,56.9663],[46.7514,56.9783],[46.7131,57.0124],[46.7626,57.0302],[46.7561,57.0742],[46.7605,57.1293],[46.7312,57.1907],[46.7422,57.2046],[46.8344,57.1997],[46.8448,57.2291],[46.8083,57.2424],[46.7898,57.2813],[46.6952,57.3205],[46.6867,57.3631],[46.748,57.3807],[46.7292,57.3974],[46.6952,57.4001],[46.7072,57.4237],[46.7382,57.4276],[46.7904,57.4512],[46.7501,57.5173],[46.7876,57.5273],[46.8224,57.512],[46.9123,57.5149],[47.0007,57.4935],[47.0542,57.4983],[47.1368,57.5304],[47.2153,57.5508],[47.2487,57.5673],[47.3584,57.5543],[47.386,57.5351],[47.471,57.5285],[47.4865,57.5758],[47.5212,57.5861],[47.5449,57.6567],[47.5302,57.6999],[47.5727,57.7441],[47.5589,57.7707],[47.5721,57.8104],[47.6121,57.8385],[47.6647,57.8512],[47.7149,57.8715],[47.7623,57.876],[47.7638,57.9121],[47.7031,57.9584],[47.6425,57.9562],[47.4515,57.9874],[47.3884,58.0195],[47.3542,58.0255],[46.9916,58.0244],[46.5964,58.0264],[46.5067,58.035],[46.4784,58.0235],[46.4299,58.0205],[46.3814,58.0558],[46.3413,58.0746],[46.3425,58.0989],[46.313,58.1112],[46.3627,58.1884],[46.4069,58.2087],[46.4157,58.2289],[46.4088,58.2762],[46.4219,58.3146],[46.4773,58.3339],[46.4739,58.3487],[46.4113,58.3536],[46.4583,58.381],[46.541,58.3973],[46.5841,58.4304],[46.5933,58.4514],[46.5565,58.4732],[46.5541,58.4877],[46.5869,58.5177],[46.5931,58.5606],[46.6325,58.5807],[46.6873,58.5669],[46.8142,58.5846],[46.8854,58.6051],[46.9857,58.6138],[47.0102,58.629],[47.0039,58.6845],[47.02,58.7038],[47.0816,58.7386],[47.1199,58.775],[47.1624,58.7696],[47.1955,58.753],[47.2596,58.7563],[47.3165,58.7978],[47.2866,58.8166],[47.2995,58.8594],[47.2819,58.893],[47.3193,58.9156],[47.3843,58.907],[47.4524,58.9211],[47.4772,58.8862],[47.6022,58.9067],[47.6016,58.9217],[47.5704,58.9565],[47.5499,58.998],[47.5709,59.0599],[47.5288,59.078],[47.4512,59.1317],[47.442,59.1642],[47.4016,59.1507],[47.3787,59.1531],[47.2392,59.2202],[47.2315,59.247],[47.2524,59.3555],[47.0563,59.3785],[47.1135,59.6113],[47.1367,59.6979],[47.1339,59.725],[47.1126,59.7527],[47.0572,59.7687],[46.9573,59.7818],[46.9349,59.7891],[46.9226,59.8439],[47.0364,60.0995],[47.0213,60.1219],[46.909,60.1253],[46.8465,60.079],[46.809,60.0708],[46.7458,60.0783],[46.7344,60.0649],[46.6833,60.0625],[46.6627,60.0774],[46.6085,60.0673],[46.5059,60.1053],[46.4661,60.1131],[46.4041,60.1068],[46.3656,60.1252],[46.3755,60.1389],[46.3491,60.2144],[46.3017,60.2419],[46.3126,60.2547],[46.3546,60.2508],[46.4408,60.2714],[46.4915,60.2626],[46.5555,60.2622],[46.6367,60.2736],[46.7281,60.2557],[46.7495,60.2611],[46.8071,60.3183],[46.8093,60.3485],[46.8258,60.369],[46.821,60.3925],[46.8526,60.4275],[46.8768,60.4874],[46.8625,60.5073],[46.9403,60.5382],[46.9665,60.5593],[47.0488,60.5752],[47.0244,60.6012],[47.0209,60.6393],[46.9635,60.6539],[47.0423,60.7479],[47.0838,60.8186],[47.0429,60.8538],[47.0832,60.8751],[47.0965,60.9378],[47.1176,60.967],[47.1841,60.9924],[47.2018,61.0198],[47.1961,61.0483],[47.2448,61.0562],[47.4896,61.047],[47.5685,61.0591],[47.6187,61.0536],[47.6642,61.0347],[47.766,61.0287],[47.8733,61.0018],[47.942,61.0081],[47.9655,60.9994],[47.9698,60.9343],[47.9842,60.8965],[48.06,60.8828],[48.419,60.8538],[48.4465,60.9841],[48.4843,61.0338],[48.5093,61.0477],[48.8887,61.1412],[48.9098,61.1408],[48.9494,61.1199],[49.0979,61.175],[49.1815,61.1813],[49.2805,61.1737],[49.3022,61.1762],[49.322,61.2029],[49.4223,61.455],[49.4614,61.5861],[49.4173,61.6183],[49.3628,61.6238],[49.0968,61.6581],[49.0516,61.691],[49.2127,62.0911],[49.2209,62.1012],[49.2734,62.1095],[49.2595,62.1371],[49.2744,62.1421],[49.3616,62.1396],[49.3694,62.1494],[49.609,62.7702],[48.8751,62.8291],[48.7145,62.8155],[48.6808,62.7318],[48.657,62.7071],[48.6286,62.7058],[48.3661,62.7293],[48.3339,62.7044],[48.2368,62.473],[48.2364,62.4519],[48.2574,62.429],[48.3045,62.3968],[48.3042,62.3506],[48.2908,62.3216],[48.2247,62.317],[47.7511,62.3218],[47.6498,62.2967],[47.6377,62.2116],[47.621,62.1855],[47.5938,62.1823],[47.4781,62.1847],[47.4134,62.1928],[47.3985,62.2213],[47.405,62.2896],[47.3863,62.3204],[47.2349,62.3515],[47.2271,62.3796],[47.2314,62.4389],[46.5,62],[44.5,61.7],[44.5,60.9445],[44.4553,60.947],[44.2058,60.9718],[44.1575,60.9948],[44.1687,61.0657],[44.1585,61.0824],[44.053,61.0792],[44.0177,61.0528],[43.9584,61.0487],[43.8753,61.0229],[43.8351,61.0319],[43.776,61.0208],[43.7541,60.946],[43.7289,60.911],[43.746,60.9],[43.7154,60.8845],[43.6488,60.878],[43.5361,60.8531],[43.5204,60.8293],[43.5223,60.7791],[43.5109,60.7675],[43.2266,60.7848],[43.1499,60.806],[43.1353,60.8006],[43.0488,60.7402],[42.9799,60.7369],[42.9765,60.7561],[42.9439,60.7897],[42.9137,60.7789],[42.907,60.8137],[42.8231,60.8553],[42.6505,60.8631],[42.6149,60.8576],[42.5642,60.8357],[42.5616,60.7973],[42.5287,60.7793],[42.4672,60.7912],[42.4239,60.7721],[42.3948,60.7694],[42.0239,60.8358],[41.9668,60.8311],[41.9265,60.8455],[41.9154,60.8594],[41.9606,60.886],[41.9424,60.9121],[41.9165,60.9149],[41.9014,60.897],[41.868,60.9112],[41.8009,60.899],[41.7563,60.8582],[41.7194,60.8402],[41.6681,60.8479],[41.6508,60.8863],[41.6374,60.8911],[41.5185,60.8992],[41.3822,60.8511],[41.4119,60.8072],[41.4121,60.7912],[41.3577,60.7222],[41.3399,60.676],[41.343,60.646],[41.2803,60.664],[41.2295,60.6556],[41.0593,60.6497],[41.0123,60.667],[40.8191,60.711],[40.7626,60.7388],[40.7465,60.7797],[40.7128,60.7585],[40.679,60.7547],[40.6213,60.7282],[40.5551,60.7198],[40.5344,60.7246],[40.5035,60.7557],[40.4655,60.7746],[40.4076,60.784],[40.3754,60.766],[40.3865,60.7319],[40.3515,60.708],[40.2224,60.6951],[40.1564,60.6726],[40.0721,60.6831],[40.0393,60.6809],[40.0049,60.6578],[39.9235,60.6519],[39.764,60.7369],[39.6938,60.7327],[39.6482,60.746],[39.5975,60.7333],[39.4244,60.709],[39.3849,60.6886],[39.3382,60.684],[39.2893,60.7052],[39.1861,60.7148],[39.1706,60.702],[39.1956,60.6732],[39.1906,60.6529],[39.1695,60.6858],[39.0682,60.7141],[39.033,60.7311],[39.0093,60.7621],[38.9829,60.7727],[38.967,60.8002],[38.9477,60.8027],[38.9231,60.7727],[38.8695,60.7738],[38.8303,60.7434],[38.8114,60.7179],[38.7895,60.7128],[38.6613,60.7114],[38.6327,60.7232],[38.5995,60.7835],[38.5742,60.7991],[38.4301,60.8047],[38.4209,60.8112],[38.4185,60.874],[38.3857,60.9382],[38.3617,60.9551],[38.3286,60.9102],[38.2454,60.9132],[38.213,60.924],[38.1705,60.9753],[38.1981,61.026],[38.1449,61.073],[38.1504,61.0985],[38.177,61.1208],[38.1663,61.1331],[38.0891,61.1559],[38.0405,61.1401],[37.9806,61.1407],[37.9645,61.1484],[37.973,61.2047],[37.9425,61.2161],[37.9014,61.2632],[37.9,61.2639],[37.9,60.45],[35.2515,60.45],[35.2517,60.4454],[35.2341,60.3793],[35.2311,60.3412],[35.1827,60.2888],[35.1474,60.2688],[35.1521,60.2083],[35.1466,60.1307],[35.1765,60.1054],[35.1571,60.067],[35.0872,60.0409],[35.0973,60.0161],[35.1622,60.0108],[35.2379,59.9855],[35.2926,59.9846],[35.3229,59.973],[35.4037,59.9743],[35.4742,59.9229],[35.4114,59.9041],[35.3825,59.8754],[35.3854,59.7969],[35.3979,59.7295],[35.4236,59.7011],[35.4649,59.6944],[35.5318,59.6986],[35.6075,59.7124],[35.6387,59.7003],[35.6342,59.6402],[35.5929,59.6228],[35.5046,59.652],[35.4958,59.5535],[35.4832,59.5381],[35.4369,59.5293],[35.5018,59.501],[35.4615,59.4823],[35.3237,59.5067],[35.2889,59.4993],[35.3046,59.4844],[35.3676,59.4718],[35.4028,59.4432],[35.4485,59.4277],[35.4445,59.4082],[35.3937,59.3621],[35.329,59.349],[35.3189,59.328],[35.3755,59.3148],[35.3819,59.3003],[35.3012,59.301],[35.2437,59.2943],[35.193,59.269],[35.1347,59.2544],[35.038,59.2513],[34.9575,59.2267],[34.9327,59.2458],[34.9005,59.2379],[34.8723,59.2099],[34.8572,59.1803],[34.812,59.1463],[34.7981,59.1024],[34.7299,59.1032]],[[38.0226,61.0419],[38.0415,61.0497],[38.0875,61.0416],[38.1248,61.0174],[38.0452,61.0184],[38.0226,61.0419]]],[[[47.5,63.0242],[47.5158,63.0368],[47.5546,63.1212],[47.5546,63.1485],[47.5,63.1506],[47.5,63.0242]]]]}},
{"type":"Feature","properties":{"entityId":"rus-principalities","from":1362,"to":1363,"certainty":"estimated","source":"유럽 쪽은 Natural Earth 1:10m admin-1(v5.1.2) 현대 행정구역 조각을 그 시기 국경에 맞춰 묶고, 조각이 역사 경계와 다른 곳은 선을 그어 나눈 근사. 유럽 밖(시베리아·중앙아시아·극동)은 대략적인 추정. 운영자 검수 필요"},"geometry":{"type":"MultiPolygon","coordinates":[[[[34.7299,59.1032],[34.7364,59.0668],[34.7959,59.0486],[34.8724,59.0535],[34.8785,59.0434],[34.8315,58.991],[34.8377,58.9851],[34.9485,58.9659],[34.964,58.9443],[35.0255,58.942],[35.0243,58.9241],[35.062,58.9174],[35.1308,58.9373],[35.1716,58.9228],[35.1401,58.8888],[35.1246,58.815],[35.1809,58.8264],[35.2201,58.8248],[35.2125,58.7979],[35.2657,58.7648],[35.288,58.7638],[35.3106,58.803],[35.3985,58.8435],[35.5025,58.841],[35.5386,58.831],[35.6117,58.8298],[35.6166,58.8169],[35.6798,58.8159],[35.7141,58.8324],[35.7512,58.8265],[35.8101,58.7948],[35.8172,58.7804],[35.7653,58.7774],[35.7749,58.7543],[35.8361,58.7447],[35.8863,58.7533],[35.9568,58.7522],[35.979,58.7292],[36.0276,58.7215],[36.0607,58.7069],[36.1263,58.6955],[36.1472,58.6433],[36.1394,58.6168],[36.2196,58.6122],[36.2349,58.5908],[36.1938,58.5712],[36.1733,58.525],[36.23,58.5138],[36.24,58.5338],[36.2749,58.5355],[36.3148,58.5187],[36.3236,58.4998],[36.4465,58.529],[36.4892,58.5309],[36.5206,58.5585],[36.5182,58.5899],[36.5882,58.6038],[36.6453,58.6448],[36.6804,58.6944],[36.7141,58.696],[36.7049,58.734],[36.7724,58.7207],[36.8129,58.7438],[36.8156,58.7582],[36.7838,58.8065],[36.8324,58.8365],[36.8642,58.8428],[36.9434,58.8344],[37.0115,58.839],[37.063,58.8642],[37.1222,58.866],[37.1752,58.8263],[37.1804,58.7786],[37.3696,58.6444],[37.4454,58.5947],[37.4986,58.5798],[37.5398,58.5397],[37.5927,58.5146],[37.6263,58.4902],[37.6543,58.4497],[37.644,58.4294],[37.5881,58.417],[37.5345,58.3968],[37.4962,58.3992],[37.4775,58.4151],[37.4491,58.4075],[37.3698,58.3494],[37.4172,58.3269],[37.42,58.3083],[37.3907,58.2877],[37.3497,58.239],[37.3751,58.2008],[37.4435,58.1828],[37.4968,58.1853],[37.5621,58.1653],[37.5896,58.1351],[37.6344,58.1166],[37.6735,58.083],[37.6617,58.068],[37.6235,58.0697],[37.5487,58.0528],[37.525,58.0296],[37.5425,58.0069],[37.5152,57.9871],[37.4844,57.9808],[37.428,57.9833],[37.3665,57.9771],[37.3709,57.9494],[37.4532,57.9229],[37.4949,57.9174],[37.4955,57.8936],[37.4541,57.8924],[37.3941,57.9036],[37.3509,57.8966],[37.3569,57.8774],[37.4027,57.8735],[37.4167,57.8614],[37.3774,57.8437],[37.3909,57.828],[37.4573,57.828],[37.5234,57.7713],[37.5398,57.7383],[37.6123,57.7227],[37.6507,57.7029],[37.6468,57.686],[37.6682,57.67],[37.7146,57.6587],[37.7641,57.6311],[37.8276,57.6307],[37.81,57.608],[37.8161,57.5506],[37.7984,57.5037],[37.8354,57.4842],[37.8384,57.4597],[37.7943,57.4426],[37.7948,57.4335],[37.8619,57.4176],[37.9842,57.3592],[38.0383,57.3563],[38.0863,57.3418],[38.1566,57.3383],[38.1595,57.3562],[38.2705,57.3711],[38.2999,57.3372],[38.3064,57.2763],[38.2579,57.2722],[38.2262,57.2359],[38.16,57.2336],[38.1429,57.197],[38.1514,57.1859],[38.2498,57.1288],[38.2597,57.0955],[38.2513,57.0528],[38.2071,57.0002],[38.1646,56.9954],[38.1545,56.9789],[38.2117,56.9582],[38.1993,56.8942],[38.1285,56.8837],[38.1542,56.8319],[38.2226,56.819],[38.2608,56.7822],[38.2565,56.7702],[38.306,56.7443],[38.3181,56.7151],[38.3741,56.6966],[38.3274,56.6755],[38.3443,56.6339],[38.3178,56.5995],[38.3296,56.5623],[38.2965,56.5468],[38.2954,56.5289],[38.3226,56.4945],[38.38,56.4684],[38.3944,56.4405],[38.38,56.4111],[38.4124,56.369],[38.4092,56.3346],[38.4171,56.2859],[38.4028,56.2642],[38.4565,56.218],[38.506,56.2199],[38.492,56.1892],[38.5246,56.1178],[38.5623,56.0832],[38.5831,56.0218],[38.567,56.0001],[38.6056,55.9589],[38.6437,55.9674],[38.7291,55.9535],[38.7783,55.9196],[38.8207,55.9219],[38.8394,55.9009],[38.8953,55.9242],[38.9471,55.9125],[39.0158,55.9252],[39.0307,55.8824],[39.0544,55.8525],[39.1231,55.8298],[39.1923,55.8396],[39.3098,55.8306],[39.3363,55.8164],[39.3165,55.7786],[39.3581,55.761],[39.4286,55.7636],[39.4608,55.7725],[39.5552,55.7761],[39.618,55.7917],[39.6656,55.7825],[39.697,55.8005],[39.7985,55.83],[39.8231,55.8328],[39.8789,55.8159],[39.8953,55.8007],[39.8889,55.7472],[39.9002,55.7345],[40.0622,55.6317],[40.085,55.6126],[40.0369,55.5457],[40.0448,55.5092],[40.1176,55.5264],[40.1405,55.5172],[40.1804,55.4597],[40.1807,55.4423],[40.1373,55.4342],[40.1427,55.4061],[40.1856,55.3263],[40.2065,55.3093],[40.2439,55.3365],[40.2946,55.3324],[40.3454,55.34],[40.358,55.3238],[40.3277,55.315],[40.3227,55.2938],[40.4001,55.2873],[40.5168,55.3277],[40.5454,55.3093],[40.5322,55.2926],[40.5645,55.269],[40.5539,55.2546],[40.6211,55.2052],[40.6774,55.2134],[40.7294,55.2039],[40.786,55.2222],[40.8435,55.2263],[40.8789,55.2409],[40.891,55.2606],[40.9646,55.2604],[41.0042,55.2335],[41.0365,55.2219],[41.0466,55.1832],[41.0809,55.1474],[41.0955,55.1481],[41.0874,55.1915],[41.11,55.2044],[41.1871,55.221],[41.2634,55.213],[41.2989,55.2032],[41.3652,55.1731],[41.4116,55.131],[41.4413,55.1312],[41.4966,55.157],[41.5823,55.1414],[41.6583,55.1089],[41.7185,55.1249],[41.7832,55.1191],[41.8702,55.1576],[41.9007,55.2045],[41.8587,55.2409],[41.9541,55.2777],[41.9564,55.2964],[41.933,55.3299],[41.9527,55.3386],[42.0006,55.3373],[42.0134,55.3731],[42.0756,55.3932],[42.117,55.4217],[42.1336,55.4587],[42.0684,55.4813],[42.0688,55.55],[46.1083,55.55],[46.1038,55.5727],[46.0485,55.6167],[46.0126,55.6266],[45.9753,55.6191],[45.9572,55.6326],[45.9201,55.688],[45.9679,55.7427],[46.0013,55.7348],[46.0077,55.7495],[45.9883,55.7768],[46.0167,55.7785],[46.0938,55.808],[46.1004,55.8327],[46.088,55.8597],[46.1341,55.8939],[46.0988,55.9408],[46.1502,55.9735],[46.2008,56.0246],[46.214,56.0498],[46.1564,56.0412],[46.1299,56.0598],[46.0922,56.0564],[46.0953,56.0934],[46.0674,56.1092],[46.0795,56.136],[46.0677,56.1819],[46.0264,56.1798],[45.91,56.2338],[45.8738,56.2588],[45.88,56.3077],[45.9354,56.316],[45.9461,56.325],[45.9224,56.3803],[45.9486,56.4082],[45.949,56.4332],[45.876,56.4402],[45.7887,56.4248],[45.7609,56.4606],[45.6627,56.4609],[45.6299,56.5148],[45.6498,56.5455],[45.6385,56.5711],[45.651,56.5908],[45.6951,56.6016],[45.7392,56.6256],[45.8589,56.6291],[45.9218,56.6523],[45.9276,56.6629],[45.896,56.6897],[45.9127,56.7363],[45.9145,56.792],[45.9381,56.8227],[45.9586,56.8721],[46.0382,56.8696],[46.095,56.8812],[46.2199,56.8932],[46.268,56.9047],[46.3127,56.907],[46.3188,56.9436],[46.336,56.9521],[46.5129,56.9401],[46.5342,56.9198],[46.5585,56.9286],[46.601,56.92],[46.6627,56.9391],[46.6682,56.965],[46.7149,56.9663],[46.7514,56.9783],[46.7131,57.0124],[46.7626,57.0302],[46.7561,57.0742],[46.7605,57.1293],[46.7312,57.1907],[46.7422,57.2046],[46.8344,57.1997],[46.8448,57.2291],[46.8083,57.2424],[46.7898,57.2813],[46.6952,57.3205],[46.6867,57.3631],[46.748,57.3807],[46.7292,57.3974],[46.6952,57.4001],[46.7072,57.4237],[46.7382,57.4276],[46.7904,57.4512],[46.7501,57.5173],[46.7876,57.5273],[46.8224,57.512],[46.9123,57.5149],[47.0007,57.4935],[47.0542,57.4983],[47.1368,57.5304],[47.2153,57.5508],[47.2487,57.5673],[47.3584,57.5543],[47.386,57.5351],[47.471,57.5285],[47.4865,57.5758],[47.5212,57.5861],[47.5449,57.6567],[47.5302,57.6999],[47.5727,57.7441],[47.5589,57.7707],[47.5721,57.8104],[47.6121,57.8385],[47.6647,57.8512],[47.7149,57.8715],[47.7623,57.876],[47.7638,57.9121],[47.7031,57.9584],[47.6425,57.9562],[47.4515,57.9874],[47.3884,58.0195],[47.3542,58.0255],[46.9916,58.0244],[46.5964,58.0264],[46.5067,58.035],[46.4784,58.0235],[46.4299,58.0205],[46.3814,58.0558],[46.3413,58.0746],[46.3425,58.0989],[46.313,58.1112],[46.3627,58.1884],[46.4069,58.2087],[46.4157,58.2289],[46.4088,58.2762],[46.4219,58.3146],[46.4773,58.3339],[46.4739,58.3487],[46.4113,58.3536],[46.4583,58.381],[46.541,58.3973],[46.5841,58.4304],[46.5933,58.4514],[46.5565,58.4732],[46.5541,58.4877],[46.5869,58.5177],[46.5931,58.5606],[46.6325,58.5807],[46.6873,58.5669],[46.8142,58.5846],[46.8854,58.6051],[46.9857,58.6138],[47.0102,58.629],[47.0039,58.6845],[47.02,58.7038],[47.0816,58.7386],[47.1199,58.775],[47.1624,58.7696],[47.1955,58.753],[47.2596,58.7563],[47.3165,58.7978],[47.2866,58.8166],[47.2995,58.8594],[47.2819,58.893],[47.3193,58.9156],[47.3843,58.907],[47.4524,58.9211],[47.4772,58.8862],[47.6022,58.9067],[47.6016,58.9217],[47.5704,58.9565],[47.5499,58.998],[47.5709,59.0599],[47.5288,59.078],[47.4512,59.1317],[47.442,59.1642],[47.4016,59.1507],[47.3787,59.1531],[47.2392,59.2202],[47.2315,59.247],[47.2524,59.3555],[47.0563,59.3785],[47.1135,59.6113],[47.1367,59.6979],[47.1339,59.725],[47.1126,59.7527],[47.0572,59.7687],[46.9573,59.7818],[46.9349,59.7891],[46.9226,59.8439],[47.0364,60.0995],[47.0213,60.1219],[46.909,60.1253],[46.8465,60.079],[46.809,60.0708],[46.7458,60.0783],[46.7344,60.0649],[46.6833,60.0625],[46.6627,60.0774],[46.6085,60.0673],[46.5059,60.1053],[46.4661,60.1131],[46.4041,60.1068],[46.3656,60.1252],[46.3755,60.1389],[46.3491,60.2144],[46.3017,60.2419],[46.3126,60.2547],[46.3546,60.2508],[46.4408,60.2714],[46.4915,60.2626],[46.5555,60.2622],[46.6367,60.2736],[46.7281,60.2557],[46.7495,60.2611],[46.8071,60.3183],[46.8093,60.3485],[46.8258,60.369],[46.821,60.3925],[46.8526,60.4275],[46.8768,60.4874],[46.8625,60.5073],[46.9403,60.5382],[46.9665,60.5593],[47.0488,60.5752],[47.0244,60.6012],[47.0209,60.6393],[46.9635,60.6539],[47.0423,60.7479],[47.0838,60.8186],[47.0429,60.8538],[47.0832,60.8751],[47.0965,60.9378],[47.1176,60.967],[47.1841,60.9924],[47.2018,61.0198],[47.1961,61.0483],[47.2448,61.0562],[47.4896,61.047],[47.5685,61.0591],[47.6187,61.0536],[47.6642,61.0347],[47.766,61.0287],[47.8733,61.0018],[47.942,61.0081],[47.9655,60.9994],[47.9698,60.9343],[47.9842,60.8965],[48.06,60.8828],[48.419,60.8538],[48.4465,60.9841],[48.4843,61.0338],[48.5093,61.0477],[48.8887,61.1412],[48.9098,61.1408],[48.9494,61.1199],[49.0979,61.175],[49.1815,61.1813],[49.2805,61.1737],[49.3022,61.1762],[49.322,61.2029],[49.4223,61.455],[49.4614,61.5861],[49.4173,61.6183],[49.3628,61.6238],[49.0968,61.6581],[49.0516,61.691],[49.2127,62.0911],[49.2209,62.1012],[49.2734,62.1095],[49.2595,62.1371],[49.2744,62.1421],[49.3616,62.1396],[49.3694,62.1494],[49.609,62.7702],[48.8751,62.8291],[48.7145,62.8155],[48.6808,62.7318],[48.657,62.7071],[48.6286,62.7058],[48.3661,62.7293],[48.3339,62.7044],[48.2368,62.473],[48.2364,62.4519],[48.2574,62.429],[48.3045,62.3968],[48.3042,62.3506],[48.2908,62.3216],[48.2247,62.317],[47.7511,62.3218],[47.6498,62.2967],[47.6377,62.2116],[47.621,62.1855],[47.5938,62.1823],[47.4781,62.1847],[47.4134,62.1928],[47.3985,62.2213],[47.405,62.2896],[47.3863,62.3204],[47.2349,62.3515],[47.2271,62.3796],[47.2314,62.4389],[46.5,62],[44.5,61.7],[44.5,60.9445],[44.4553,60.947],[44.2058,60.9718],[44.1575,60.9948],[44.1687,61.0657],[44.1585,61.0824],[44.053,61.0792],[44.0177,61.0528],[43.9584,61.0487],[43.8753,61.0229],[43.8351,61.0319],[43.776,61.0208],[43.7541,60.946],[43.7289,60.911],[43.746,60.9],[43.7154,60.8845],[43.6488,60.878],[43.5361,60.8531],[43.5204,60.8293],[43.5223,60.7791],[43.5109,60.7675],[43.2266,60.7848],[43.1499,60.806],[43.1353,60.8006],[43.0488,60.7402],[42.9799,60.7369],[42.9765,60.7561],[42.9439,60.7897],[42.9137,60.7789],[42.907,60.8137],[42.8231,60.8553],[42.6505,60.8631],[42.6149,60.8576],[42.5642,60.8357],[42.5616,60.7973],[42.5287,60.7793],[42.4672,60.7912],[42.4239,60.7721],[42.3948,60.7694],[42.0239,60.8358],[41.9668,60.8311],[41.9265,60.8455],[41.9154,60.8594],[41.9606,60.886],[41.9424,60.9121],[41.9165,60.9149],[41.9014,60.897],[41.868,60.9112],[41.8009,60.899],[41.7563,60.8582],[41.7194,60.8402],[41.6681,60.8479],[41.6508,60.8863],[41.6374,60.8911],[41.5185,60.8992],[41.3822,60.8511],[41.4119,60.8072],[41.4121,60.7912],[41.3577,60.7222],[41.3399,60.676],[41.343,60.646],[41.2803,60.664],[41.2295,60.6556],[41.0593,60.6497],[41.0123,60.667],[40.8191,60.711],[40.7626,60.7388],[40.7465,60.7797],[40.7128,60.7585],[40.679,60.7547],[40.6213,60.7282],[40.5551,60.7198],[40.5344,60.7246],[40.5035,60.7557],[40.4655,60.7746],[40.4076,60.784],[40.3754,60.766],[40.3865,60.7319],[40.3515,60.708],[40.2224,60.6951],[40.1564,60.6726],[40.0721,60.6831],[40.0393,60.6809],[40.0049,60.6578],[39.9235,60.6519],[39.764,60.7369],[39.6938,60.7327],[39.6482,60.746],[39.5975,60.7333],[39.4244,60.709],[39.3849,60.6886],[39.3382,60.684],[39.2893,60.7052],[39.1861,60.7148],[39.1706,60.702],[39.1956,60.6732],[39.1906,60.6529],[39.1695,60.6858],[39.0682,60.7141],[39.033,60.7311],[39.0093,60.7621],[38.9829,60.7727],[38.967,60.8002],[38.9477,60.8027],[38.9231,60.7727],[38.8695,60.7738],[38.8303,60.7434],[38.8114,60.7179],[38.7895,60.7128],[38.6613,60.7114],[38.6327,60.7232],[38.5995,60.7835],[38.5742,60.7991],[38.4301,60.8047],[38.4209,60.8112],[38.4185,60.874],[38.3857,60.9382],[38.3617,60.9551],[38.3286,60.9102],[38.2454,60.9132],[38.213,60.924],[38.1705,60.9753],[38.1981,61.026],[38.1449,61.073],[38.1504,61.0985],[38.177,61.1208],[38.1663,61.1331],[38.0891,61.1559],[38.0405,61.1401],[37.9806,61.1407],[37.9645,61.1484],[37.973,61.2047],[37.9425,61.2161],[37.9014,61.2632],[37.9,61.2639],[37.9,60.45],[35.2515,60.45],[35.2517,60.4454],[35.2341,60.3793],[35.2311,60.3412],[35.1827,60.2888],[35.1474,60.2688],[35.1521,60.2083],[35.1466,60.1307],[35.1765,60.1054],[35.1571,60.067],[35.0872,60.0409],[35.0973,60.0161],[35.1622,60.0108],[35.2379,59.9855],[35.2926,59.9846],[35.3229,59.973],[35.4037,59.9743],[35.4742,59.9229],[35.4114,59.9041],[35.3825,59.8754],[35.3854,59.7969],[35.3979,59.7295],[35.4236,59.7011],[35.4649,59.6944],[35.5318,59.6986],[35.6075,59.7124],[35.6387,59.7003],[35.6342,59.6402],[35.5929,59.6228],[35.5046,59.652],[35.4958,59.5535],[35.4832,59.5381],[35.4369,59.5293],[35.5018,59.501],[35.4615,59.4823],[35.3237,59.5067],[35.2889,59.4993],[35.3046,59.4844],[35.3676,59.4718],[35.4028,59.4432],[35.4485,59.4277],[35.4445,59.4082],[35.3937,59.3621],[35.329,59.349],[35.3189,59.328],[35.3755,59.3148],[35.3819,59.3003],[35.3012,59.301],[35.2437,59.2943],[35.193,59.269],[35.1347,59.2544],[35.038,59.2513],[34.9575,59.2267],[34.9327,59.2458],[34.9005,59.2379],[34.8723,59.2099],[34.8572,59.1803],[34.812,59.1463],[34.7981,59.1024],[34.7299,59.1032]],[[38.0226,61.0419],[38.0415,61.0497],[38.0875,61.0416],[38.1248,61.0174],[38.0452,61.0184],[38.0226,61.0419]]],[[[34.8528,54.8144],[34.8719,54.8024],[35,54.78],[35.23,54.75],[35.6,54.7],[35.9,54.6],[36.15,54.47],[36.4,54.45],[36.7,54.5],[36.8479,54.4753],[36.8405,54.5222],[36.8048,54.553],[36.805,54.6099],[36.8302,54.6167],[36.8855,54.6063],[36.919,54.5863],[36.9951,54.5854],[37.0421,54.5667],[37.0721,54.5361],[37.0886,54.5488],[37.2076,54.6877],[37.2118,54.7109],[37.1833,54.7184],[37.2164,54.7641],[37.2284,54.8081],[37.259,54.8358],[37.1875,54.8679],[37.1923,54.9074],[37.1588,54.9276],[37.12,54.9908],[37.0877,55.0375],[37.0842,55.0958],[37.0404,55.1147],[37.0329,55.1313],[36.9935,55.1617],[36.9614,55.1744],[36.9249,55.2225],[36.9043,55.2291],[36.8818,55.2222],[36.8691,55.1995],[36.7856,55.1906],[36.7854,55.2198],[36.7515,55.2557],[36.6498,55.2793],[36.5873,55.2774],[36.5838,55.3148],[36.5448,55.3193],[36.5021,55.3052],[36.4229,55.3187],[36.3486,55.2957],[36.357,55.2578],[36.313,55.2237],[36.2756,55.215],[36.238,55.1937],[36.1397,55.185],[36.1075,55.2013],[36.0274,55.2243],[35.9977,55.2159],[35.9383,55.2346],[35.8564,55.2385],[35.755,55.2869],[35.7067,55.2943],[35.6739,55.2829],[35.5786,55.2905],[35.5727,55.2632],[35.5352,55.2585],[35.5139,55.2351],[35.4654,55.2204],[35.4046,55.2374],[35.3697,55.2388],[35.3487,55.2066],[35.3004,55.1859],[35.3096,55.1677],[35.2824,55.1514],[35.2845,55.1121],[35.2257,55.055],[35.144,55.0217],[35.1249,55.0018],[35.1441,54.9844],[35.1313,54.9616],[35.0649,54.9571],[35.0222,54.925],[34.9921,54.882],[34.9435,54.8941],[34.8658,54.8838],[34.8528,54.8144]]],[[[47.5,63.0242],[47.5158,63.0368],[47.5546,63.1212],[47.5546,63.1485],[47.5,63.1506],[47.5,63.0242]]]]}},
{"type":"Feature","properties":{"entityId":"rus-principalities","from":1363,"to":1392,"certainty":"estimated","source":"유럽 쪽은 Natural Earth 1:10m admin-1(v5.1.2) 현대 행정구역 조각을 그 시기 국경에 맞춰 묶고, 조각이 역사 경계와 다른 곳은 선을 그어 나눈 근사. 유럽 밖(시베리아·중앙아시아·극동)은 대략적인 추정. 운영자 검수 필요"},"geometry":{"type":"Polygon","coordinates":[[[42.0404,55.6087],[42.0414,55.5751],[42.0688,55.5503],[42.0688,55.55],[46.1083,55.55],[46.1038,55.5727],[46.0485,55.6167],[46.0126,55.6266],[45.9753,55.6191],[45.9572,55.6326],[45.9201,55.688],[45.9679,55.7427],[46.0013,55.7348],[46.0077,55.7495],[45.9883,55.7768],[46.0167,55.7785],[46.0938,55.808],[46.1004,55.8327],[46.088,55.8597],[46.1341,55.8939],[46.0988,55.9408],[46.1502,55.9735],[46.2008,56.0246],[46.214,56.0498],[46.1564,56.0412],[46.1299,56.0598],[46.0922,56.0564],[46.0953,56.0934],[46.0674,56.1092],[46.0795,56.136],[46.0677,56.1819],[46.0264,56.1798],[45.91,56.2338],[45.8738,56.2588],[45.88,56.3077],[45.9354,56.316],[45.9461,56.325],[45.9224,56.3803],[45.9486,56.4082],[45.949,56.4332],[45.876,56.4402],[45.7887,56.4248],[45.7609,56.4606],[45.6627,56.4609],[45.6299,56.5148],[45.6498,56.5455],[45.6385,56.5711],[45.651,56.5908],[45.6951,56.6016],[45.7392,56.6256],[45.8589,56.6291],[45.9218,56.6523],[45.9276,56.6629],[45.896,56.6897],[45.9127,56.7363],[45.9145,56.792],[45.9381,56.8227],[45.9586,56.8721],[46.0382,56.8696],[46.095,56.8812],[46.2199,56.8932],[46.268,56.9047],[46.3127,56.907],[46.3188,56.9436],[46.336,56.9521],[46.5129,56.9401],[46.5342,56.9198],[46.5585,56.9286],[46.601,56.92],[46.6627,56.9391],[46.6682,56.965],[46.7149,56.9663],[46.7514,56.9783],[46.7131,57.0124],[46.7626,57.0302],[46.7561,57.0742],[46.7605,57.1293],[46.7312,57.1907],[46.7422,57.2046],[46.8344,57.1997],[46.8448,57.2291],[46.8083,57.2424],[46.7898,57.2813],[46.6952,57.3205],[46.6867,57.3631],[46.748,57.3807],[46.7292,57.3974],[46.6952,57.4001],[46.7072,57.4237],[46.7382,57.4276],[46.7904,57.4512],[46.7501,57.5173],[46.7876,57.5273],[46.8224,57.512],[46.9123,57.5149],[47.0007,57.4935],[47.0542,57.4983],[47.1368,57.5304],[47.2153,57.5508],[47.2487,57.5673],[47.3584,57.5543],[47.386,57.5351],[47.471,57.5285],[47.4865,57.5758],[47.5212,57.5861],[47.5449,57.6567],[47.5302,57.6999],[47.5727,57.7441],[47.5589,57.7707],[47.5721,57.8104],[47.6121,57.8385],[47.6647,57.8512],[47.7149,57.8715],[47.7623,57.876],[47.7638,57.9121],[47.7031,57.9584],[47.6425,57.9562],[47.4515,57.9874],[47.3884,58.0195],[47.3542,58.0255],[46.9916,58.0244],[46.5964,58.0264],[46.5067,58.035],[46.4784,58.0235],[46.4299,58.0205],[46.3814,58.0558],[46.3413,58.0746],[45.973,58.0616],[45.9012,58.0468],[45.8172,58.0471],[45.7905,58.0328],[45.7429,58.0268],[45.7242,58.0155],[45.7061,57.9736],[45.6088,57.9409],[45.5565,57.9385],[45.5151,57.977],[45.5058,57.9994],[45.4621,58.0353],[45.2944,58.0406],[45.2576,58.0554],[45.155,58.0798],[44.9917,58.0887],[44.9725,58.0758],[44.8626,58.0754],[44.8067,58.0216],[44.7927,57.955],[44.8646,57.8798],[44.8088,57.7896],[44.7553,57.7378],[44.7277,57.7036],[44.6123,57.7067],[44.5668,57.6957],[44.4832,57.6457],[44.4761,57.6142],[44.4411,57.5959],[44.4133,57.5653],[44.3032,57.517],[44.2188,57.5019],[44.1859,57.4866],[44.1162,57.4745],[44.0629,57.4534],[43.9954,57.4395],[43.8457,57.4309],[43.7274,57.4658],[43.707,57.4247],[43.799,57.3985],[43.8602,57.3757],[43.842,57.3579],[43.7987,57.3615],[43.7773,57.324],[43.698,57.3374],[43.6875,57.3186],[43.6888,57.2792],[43.6661,57.2674],[43.5525,57.2677],[43.537,57.2564],[43.5584,57.23],[43.5194,57.219],[43.4984,57.1834],[43.5143,57.1176],[43.6045,57.1115],[43.6736,57.0734],[43.6804,57.058],[43.5656,56.9566],[43.5244,56.9476],[43.5013,56.9064],[43.339,56.8607],[43.2181,56.8573],[43.163,56.8733],[43.1067,56.8448],[43.0468,56.8353],[42.9776,56.8418],[42.9002,56.8137],[42.8608,56.8194],[42.83,56.8023],[42.808,56.7654],[42.8286,56.7367],[42.7919,56.7014],[42.7866,56.669],[42.7992,56.6517],[42.8359,56.6372],[42.8552,56.6533],[42.9023,56.6462],[42.906,56.5831],[42.8454,56.5522],[42.841,56.5227],[42.8885,56.5138],[42.8819,56.4716],[42.8039,56.4635],[42.7369,56.4761],[42.648,56.4806],[42.6266,56.4722],[42.6476,56.4499],[42.5879,56.4202],[42.6897,56.3703],[42.7259,56.3437],[42.7608,56.3061],[42.765,56.279],[42.749,56.2441],[42.7547,56.2201],[42.8175,56.1967],[42.9205,56.1948],[42.9479,56.1687],[42.9059,56.1518],[42.7733,56.1486],[42.7349,56.1427],[42.6862,56.1221],[42.6753,56.0931],[42.677,56.0486],[42.6938,56.0192],[42.6881,55.9946],[42.6575,55.979],[42.6317,55.9505],[42.6049,55.975],[42.565,55.9691],[42.482,55.8952],[42.4864,55.8519],[42.4216,55.8218],[42.3803,55.7768],[42.281,55.77],[42.2499,55.7569],[42.1985,55.7154],[42.1686,55.7111],[42.1578,55.6822],[42.1066,55.6638],[42.0958,55.6439],[42.1154,55.6297],[42.1076,55.6093],[42.0404,55.6087]]]}}
]}
