{"type":"FeatureCollection","features":[
{"type":"Feature","properties":{"entityId":"seleucid-empire","from":-263,"to":-217,"certainty":"estimated","source":"유럽 쪽은 Natural Earth 1:10m admin-1(v5.1.2) 현대 행정구역 조각을 그 시기 국경에 맞춰 묶고, 조각이 역사 경계와 다른 곳은 선을 그어 나눈 근사. 유럽 밖(시베리아·중앙아시아·극동)은 대략적인 추정. 운영자 검수 필요"},"geometry":{"type":"Polygon","coordinates":[[[26.07,39.4963],[26.0742,39.4745],[26.113,39.4592],[26.1528,39.4592],[26.1717,39.4631],[26.22,39.4265],[26.22,39.4364],[26.2683,39.4364],[26.2683,39.4205],[26.365,39.4205],[26.365,39.4375],[26.4617,39.4375],[26.4617,39.3987],[26.5101,39.3987],[26.5101,39.2619],[26.5584,39.2619],[26.5584,39.2264],[26.599,39.2264],[26.599,39.1967],[26.6396,39.1967],[26.6396,39.1669],[26.6421,39.1669],[26.6421,39.1372],[26.7208,39.1372],[26.7208,39.1552],[26.7844,39.1552],[26.7844,39.1674],[26.7787,39.17],[26.9936,39.2908],[27.05,39.3512],[27.1097,39.374],[27.291,39.4645],[27.3475,39.4558],[27.3907,39.4247],[27.4201,39.3803],[27.4588,39.3037],[27.4918,39.1836],[27.5081,39.1478],[27.5453,39.0939],[27.5377,39.0413],[27.5101,39.0168],[27.4452,38.9744],[27.3821,38.9545],[27.3271,38.9249],[27.3094,38.8497],[27.291,38.8166],[27.2608,38.792],[27.2517,38.78],[26.6753,38.78],[26.561,38.5972],[26.5558,38.6054],[26.5056,38.6527],[26.4656,38.6727],[26.4141,38.6794],[26.3563,38.6617],[26.3486,38.6213],[26.3758,38.5286],[26.4038,38.4875],[26.3879,38.4543],[26.4181,38.4649],[26.4294,38.4409],[26.4151,38.3682],[26.3435,38.37],[26.3431,38.37],[26.3219,38.3339],[26.3143,38.3367],[26.3211,38.3777],[26.3076,38.3579],[26.2941,38.3699],[26.2889,38.3406],[26.3076,38.3231],[26.2859,38.3187],[26.2654,38.2867],[26.2388,38.2958],[26.2346,38.2738],[26.2866,38.2611],[26.3286,38.2351],[26.3344,38.2351],[26.3179,38.2086],[26.3181,38.2085],[26.3179,38.2082],[26.5572,38.0264],[26.6768,37.9356],[26.6768,37.9377],[26.7964,37.9377],[26.7964,37.922],[27.0306,37.922],[27.0306,37.8922],[27.1185,37.8922],[27.1185,37.8324],[27.1477,37.8324],[27.1477,37.8025],[27.173,37.8025],[27.173,37.7753],[27.1445,37.7753],[27.1445,37.7428],[27.1161,37.7428],[27.1161,37.7157],[27.0876,37.7157],[27.0876,37.6892],[27.0591,37.6897],[27.0591,37.7067],[27.0306,37.7066],[27.0048,37.7066],[27.0048,37.6863],[27.0208,37.6742],[27.0115,37.6657],[27.0488,37.6501],[27.0507,37.6497],[27.206,37.3898],[27.2075,37.3764],[27.1908,37.3573],[27.2119,37.3573],[27.2334,37.344],[27.2801,37.266],[27.302,37.2293],[27.3239,37.1927],[27.3579,37.1358],[27.349,37.1301],[27.3218,37.1587],[27.3218,37.1254],[27.3011,37.127],[27.3007,37.127],[27.2998,37.1262],[27.2717,37.1289],[27.2604,37.1103],[27.2828,37.1103],[27.2696,37.0981],[27.2391,37.083],[27.2288,37.0618],[27.2527,36.9783],[27.2632,36.9634],[27.3081,36.9594],[27.3006,36.9731],[27.3327,36.9971],[27.3314,37.0023],[27.3436,37.0146],[27.4059,37.0167],[27.4296,37.0158],[27.5784,36.7671],[27.5614,36.7609],[27.4832,36.754],[27.4588,36.7557],[27.4273,36.7357],[27.4143,36.7093],[27.3558,36.7124],[27.3628,36.6851],[27.4557,36.6629],[27.4727,36.6509],[27.4863,36.6652],[27.5486,36.6834],[27.5556,36.6829],[27.5597,36.6746],[27.603,36.6789],[27.6374,36.6682],[27.6427,36.6595],[27.6431,36.6595],[27.6646,36.6598],[27.6712,36.6578],[27.6716,36.6599],[28.0144,36.6653],[28.0207,36.6336],[28.0211,36.6337],[28.0211,36.6336],[28.0881,36.6426],[28.054,36.6096],[28.0344,36.6025],[27.9592,36.6025],[27.9661,36.5759],[27.9909,36.5598],[28.0138,36.5759],[28.048,36.569],[28.0617,36.5963],[28.0881,36.5891],[28.1115,36.6042],[28.1584,36.6675],[28.7335,36.6764],[28.8293,36.6235],[28.8186,36.6117],[28.8587,36.6013],[28.8614,36.6057],[29.106,36.4706],[29.1242,36.4536],[29.1304,36.4114],[29.0964,36.3909],[29.1447,36.3772],[29.1447,36.3493],[29.2186,36.3288],[29.2231,36.3246],[29.2437,36.3138],[29.2612,36.2936],[29.3071,36.325],[29.3133,36.3763],[29.362,36.4631],[29.4244,36.4835],[29.4549,36.4733],[29.4773,36.4824],[29.4811,36.5371],[29.5755,36.599],[29.5938,36.6543],[29.5802,36.7161],[29.6889,36.9143],[29.7445,36.9308],[29.7653,36.95],[30,36.95],[30.35,36.86],[30.6,36.75],[30.6028,36.6465],[30.6203,36.6781],[31.6999,36.6443],[31.8,36.578],[32.2814,36.2591],[32.283,36.2506],[32.3187,36.2286],[32.3655,36.178],[32.4196,36.1595],[32.4373,36.1387],[32.5134,36.103],[32.5452,36.0981],[32.5826,36.0888],[32.6707,36.0467],[32.7606,36.0295],[32.8037,36.0272],[32.8655,36.0678],[32.9279,36.0954],[32.9826,36.0976],[33.0877,36.0828],[33.1071,36.1033],[33.3004,36.1318],[33.3084,36.1322],[33.3093,36.1331],[33.3662,36.1415],[33.3865,36.137],[33.4371,36.1519],[33.4425,36.1527],[33.5215,36.144],[33.5219,36.144],[33.5325,36.1463],[33.5442,36.1445],[33.5523,36.1275],[33.5888,36.1588],[33.661,36.1747],[33.6853,36.1432],[33.7053,36.1817],[33.7177,36.1922],[33.7302,36.1976],[33.9451,36.2134],[33.959,36.2136],[33.9593,36.2145],[34.0259,36.2194],[34.2,36.3651],[34.7134,36.7948],[34.9056,36.7421],[34.9079,36.7404],[34.9004,36.7199],[34.9333,36.7275],[34.9423,36.7263],[34.9435,36.7256],[35.1174,36.6585],[35.2947,36.5725],[35.348,36.5444],[35.409,36.5769],[35.4717,36.5868],[35.552,36.5647],[35.5524,36.5647],[35.8126,36.6016],[35.8379,36.6052],[35.8631,36.6088],[35.8883,36.6123],[35.9639,36.6231],[36.0144,36.6302],[36.1599,36.6509],[36.0328,36.5246],[36.0308,36.5229],[36.0144,36.51],[35.966,36.4719],[35.9424,36.4643],[35.9187,36.4482],[35.9124,36.4296],[35.8832,36.4066],[35.879,36.4009],[35.8735,36.3977],[35.8676,36.3856],[35.8572,36.3714],[35.8159,36.353],[35.7887,36.3203],[35.7965,36.2898],[35.7824,36.2757],[35.7826,36.2755],[35.7824,36.2753],[35.8986,36.1317],[35.9246,36.0704],[35.9551,35.9985],[35.9268,35.9607],[35.9137,35.9433],[35.894,35.917],[35.8851,35.9058],[35.9015,35.9058],[35.9113,35.9178],[35.9803,35.9269],[35.9928,35.9153],[35.9924,35.8773],[36.0803,35.8542],[36.1385,35.8198],[36.1553,35.8222],[36.1688,35.8521],[36.1749,35.9227],[36.1969,35.9517],[36.229,35.9612],[36.269,35.9587],[36.2775,35.9942],[36.2974,36.0007],[36.3367,35.9882],[36.358,35.994],[36.3555,36.0224],[36.3586,36.167],[36.3758,36.2045],[36.373,36.2276],[36.4119,36.2045],[36.4507,36.1999],[36.4689,36.2224],[36.4986,36.2279],[36.5935,36.2181],[36.6643,36.229],[36.6691,36.2599],[36.6488,36.3057],[36.6207,36.322],[36.5878,36.3248],[36.5943,36.3571],[36.5857,36.387],[36.5527,36.4082],[36.5338,36.4625],[36.5355,36.494],[36.5653,36.5325],[36.5693,36.6201],[36.5947,36.6858],[36.6033,36.747],[36.6433,36.8036],[36.6399,36.8281],[36.6596,36.8272],[36.8437,36.7758],[36.9068,36.7726],[36.9647,36.7538],[37.0106,36.7195],[37.0195,36.6858],[37.0145,36.6423],[37.0531,36.6199],[37.1044,36.651],[37.1561,36.6439],[37.2419,36.6586],[37.4045,36.6345],[37.4461,36.6342],[37.5221,36.6736],[37.5934,36.7105],[37.6541,36.7321],[37.8197,36.7605],[38.026,36.835],[38.123,36.8846],[38.1901,36.9055],[38.2243,36.9084],[38.2899,36.9017],[38.48,36.8557],[38.5294,36.8337],[38.6352,36.744],[38.6641,36.7195],[38.725,36.6939],[38.7954,36.6867],[38.958,36.6929],[39.0322,36.7012],[39.1859,36.6595],[39.2396,36.6613],[39.4417,36.6924],[39.7653,36.7422],[39.9798,36.807],[40.0792,36.8549],[40.1527,36.8704],[40.1901,36.8844],[40.2614,36.9228],[40.3937,36.994],[40.4352,37.0106],[40.5257,37.0259],[40.6595,37.0853],[40.709,37.1005],[40.8964,37.1227],[41.1351,37.0842],[41.2013,37.065],[41.4798,37.0756],[41.8964,37.1543],[41.876,37.2168],[41.814,37.2581],[41.6983,37.2871],[41.6818,37.3284],[41.7231,37.3656],[41.8926,37.4359],[41.905,37.502],[41.876,37.5888],[41.8169,37.7138],[41.6322,37.6094],[41.5206,37.5433],[41.3677,37.5185],[41.2603,37.5722],[41.19,37.688],[41.1197,37.7582],[41.0752,37.7649],[41.0118,37.7414],[40.662,37.7484],[40.5516,37.7299],[40.5392,37.7073],[40.492,37.657],[40.4122,37.6524],[40.3009,37.5842],[40.2518,37.5693],[40.1426,37.5087],[40.0978,37.4758],[40,37.3757],[39.9537,37.4174],[39.9202,37.4695],[39.8843,37.5501],[39.8567,37.6694],[39.8632,37.7777],[39.8486,37.8019],[39.8128,37.8136],[39.7592,37.8424],[39.7385,37.8172],[39.6913,37.8339],[39.6527,37.8621],[39.5888,37.883],[39.5233,37.9261],[39.4626,37.9767],[39.4079,37.997],[39.3486,37.9989],[39.2675,38.0091],[39.189,38.0431],[39.2346,38.0761],[39.2247,38.0903],[39.2563,38.1531],[39.2526,38.1797],[39.2219,38.205],[39.1413,38.1786],[39.1149,38.1927],[39.0695,38.1515],[39.0156,38.1308],[38.932,38.1073],[38.8032,38.0903],[38.7334,38.0984],[38.6631,38.0982],[38.6035,38.1104],[38.5714,38.1259],[38.5639,38.1467],[38.6228,38.1866],[38.6187,38.2191],[38.5609,38.2284],[38.5009,38.2146],[38.4309,38.2141],[38.3579,38.149],[38.295,38.0738],[38.2173,38.0405],[38.1909,38.0008],[38.1892,37.9485],[38.1276,37.905],[38.0444,37.8887],[37.9735,37.8657],[37.888,37.881],[37.796,37.8712],[37.7076,37.842],[37.5653,37.8205],[37.6069,37.8795],[37.6582,38.0267],[37.7152,38.0927],[37.7213,38.1226],[37.7762,38.2372],[37.7823,38.2784],[37.7336,38.3462],[37.6552,38.3747],[37.5872,38.39],[37.4597,38.4496],[37.3107,38.4749],[37.2371,38.4672],[37.2259,38.5263],[37.2844,38.6036],[37.0597,38.5881],[37.0088,38.6105],[36.8789,38.625],[36.7475,38.5994],[36.7137,38.583],[36.694,38.5523],[36.682,38.4999],[36.65,38.4591],[36.5055,38.3229],[36.4626,38.358],[36.4373,38.4097],[36.4001,38.4566],[36.348,38.4747],[36.2669,38.4578],[36.19,38.4235],[36.1459,38.3951],[36.1033,38.3122],[36.0756,38.2819],[36.0331,38.2133],[35.979,38.155],[35.6077,37.9538],[35.6296,37.7702],[35.5772,37.7505],[35.4536,37.7888],[35.3632,37.8073],[35.1906,37.8181],[35.0597,37.7135],[35,37.7057],[34.9619,37.7007],[34.9106,37.7136],[34.8597,37.7166],[34.8278,37.6802],[34.8326,37.6299],[34.8652,37.553],[34.8499,37.5106],[34.7946,37.4572],[34.7916,37.3877],[34.7215,37.4014],[34.5875,37.3533],[34.5122,37.352],[34.4891,37.3949],[34.4272,37.4432],[34.3891,37.4865],[34.3941,37.5611],[34.4329,37.6086],[34.4568,37.6603],[34.4455,37.7171],[34.4128,37.7531],[34.3733,37.7835],[34.3005,37.8753],[34.2063,37.9099],[34.1731,37.9506],[34.1598,38.0023],[34.0849,38.0118],[34.0094,37.9981],[33.9321,37.9736],[33.8538,37.9578],[33.7746,37.9608],[33.6189,37.9521],[33.4997,37.9318],[33.4561,37.9332],[33.4155,37.9637],[33.3485,38.0292],[33.3251,38.1088],[33.3012,38.1271],[33.2647,38.2045],[33.2721,38.286],[33.294,38.3571],[33.3177,38.4098],[33.353,38.4526],[33.3675,38.5315],[33.3895,38.5649],[33.4474,38.6161],[33.4666,38.6436],[33.4449,38.6837],[33.4134,38.7197],[33.3662,38.7987],[33.3638,38.8568],[33.3796,38.9687],[33.3744,39.0226],[33.3206,39.1199],[33.2227,39.1752],[33.1661,39.1889],[33.1048,39.2221],[33.0624,39.2221],[33.0321,39.1755],[33.0236,39.1236],[33.0091,39.1051],[32.9658,39.1105],[32.908,39.1449],[32.86,39.1572],[32.7579,39.0921],[32.7218,39.0544],[32.6761,39.0338],[32.6015,39.0584],[32.538,39.0356],[32.4787,38.9972],[32.436,39],[32.3676,39.0413],[32.2823,39.0635],[32.2321,39.059],[32.127,39.0342],[32.0906,39.0435],[31.9482,39.1364],[31.8614,39.1714],[31.9383,39.2045],[31.9561,39.2255],[31.9999,39.2327],[32.0427,39.2751],[32.0358,39.3053],[32.0043,39.3223],[31.9833,39.3482],[31.9752,39.4049],[31.9905,39.4652],[31.9912,39.4959],[31.9651,39.5349],[31.9469,39.5865],[31.897,39.6206],[31.8473,39.7259],[31.8408,39.7758],[31.8817,39.8118],[31.8795,39.8383],[31.845,39.8761],[31.7823,39.8905],[31.757,39.9203],[31.7261,39.9941],[31.727,40.0235],[31.6812,40.0184],[31.6403,40.0401],[31.6041,40.03],[31.5315,40.0291],[31.4926,40.0221],[31.4598,40.0301],[31.4308,40.0236],[31.3891,40.0569],[31.3389,40.0483],[31.2469,40.0577],[31.1911,40.0241],[31.1399,40.0436],[31.0816,40.0481],[30.9865,40.0165],[30.9221,40.02],[30.9067,40.1006],[30.8636,40.1428],[30.7988,40.1509],[30.7386,40.1678],[30.6361,40.1646],[30.5554,40.1146],[30.5242,40.0116],[30.4907,39.9653],[30.4395,39.9362],[30.3852,39.9367],[30.3339,39.9197],[30.3016,39.8791],[30.2452,39.8497],[30.235,39.7477],[30.1917,39.6885],[30.1361,39.6388],[30.0241,39.6242],[29.9455,39.6076],[29.902,39.6166],[29.7911,39.6771],[29.7163,39.7093],[29.6658,39.7788],[29.6617,39.8211],[29.6777,39.9063],[29.6183,39.8924],[29.5544,39.8919],[29.4502,39.9235],[29.3995,39.8959],[29.3682,39.8133],[29.3478,39.7969],[29.3202,39.7172],[29.2742,39.6909],[29.2525,39.6458],[29.2461,39.5793],[29.1908,39.5521],[29.1193,39.5516],[29.0048,39.5661],[28.9672,39.5891],[28.9122,39.6199],[28.8198,39.6145],[28.7803,39.6188],[28.7556,39.6483],[28.7116,39.6631],[28.6864,39.6995],[28.6891,39.7473],[28.6738,39.7641],[28.6258,39.7376],[28.5459,39.7452],[28.2814,39.8958],[28.2637,39.927],[28.246,39.9964],[28.227,40.0217],[28.1731,40.0509],[28.1358,40.0963],[28.1128,40.1533],[28.1253,40.1912],[28.149,40.2258],[28.1294,40.2581],[28.1064,40.263],[28.0989,40.2972],[28.1558,40.3364],[28.2081,40.3993],[28.2159,40.3996],[28.2159,40.4444],[28.177,40.4434],[28.138,40.4425],[28.06,40.4405],[27.985,40.4386],[28.0168,40.4511],[28.0344,40.4744],[28.0142,40.4912],[27.9699,40.503],[27.8047,40.5228],[27.7894,40.5142],[27.76,40.5371],[27.7332,40.5306],[27.6843,40.5023],[27.7258,40.4614],[27.7502,40.4576],[27.7563,40.4328],[27.589,40.4286],[27.5522,40.4276],[27.5154,40.4267],[27.4417,40.4248],[27.324,40.4219],[27.3034,40.4584],[27.2715,40.4678],[27.2377,40.4557],[27.1451,40.4537],[27.1431,40.4539],[27.126,40.4533],[27.1207,40.4532],[27.1206,40.4531],[27.0964,40.4523],[27.0333,40.4068],[27.0127,40.3959],[26.9204,40.3977],[26.8972,40.4062],[26.863,40.3999],[26.7534,40.403],[26.69,40.38],[26.62,40.33],[26.52,40.27],[26.44,40.21],[26.3982,40.164],[26.4035,40.139],[26.3936,40.1094],[26.3923,40.108],[26.3694,40.1029],[26.365,40.0787],[26.3143,40.0244],[26.2262,40.0015],[26.1978,40.0089],[26.1815,39.9898],[26.1811,39.9897],[26.1809,39.9891],[26.1677,39.9736],[26.1526,39.9426],[26.1565,39.9013],[26.1512,39.8823],[26.1364,39.8376],[26.1502,39.8292],[26.151,39.8031],[26.1406,39.7427],[26.1538,39.7207],[26.1556,39.6638],[26.1534,39.6524],[26.1272,39.6103],[26.1107,39.5979],[26.095,39.5486],[26.07,39.4963]]]}},
{"type":"Feature","properties":{"entityId":"seleucid-empire","from":-217,"to":-199,"certainty":"estimated","source":"유럽 쪽은 Natural Earth 1:10m admin-1(v5.1.2) 현대 행정구역 조각을 그 시기 국경에 맞춰 묶고, 조각이 역사 경계와 다른 곳은 선을 그어 나눈 근사. 유럽 밖(시베리아·중앙아시아·극동)은 대략적인 추정. 운영자 검수 필요"},"geometry":{"type":"Polygon","coordinates":[[[26.2346,38.2738],[26.2866,38.2611],[26.3286,38.2351],[26.3344,38.2351],[26.3179,38.2086],[26.3181,38.2085],[26.3179,38.2082],[26.5572,38.0264],[26.6768,37.9356],[26.6768,37.9377],[26.7964,37.9377],[26.7964,37.922],[27.0306,37.922],[27.0306,37.8922],[27.1185,37.8922],[27.1185,37.8324],[27.1477,37.8324],[27.1477,37.8025],[27.173,37.8025],[27.173,37.7753],[27.1445,37.7753],[27.1445,37.7428],[27.1161,37.7428],[27.1161,37.7157],[27.0876,37.7157],[27.0876,37.6892],[27.0591,37.6897],[27.0591,37.7067],[27.0306,37.7066],[27.0048,37.7066],[27.0048,37.6863],[27.0208,37.6742],[27.0115,37.6657],[27.0488,37.6501],[27.0507,37.6497],[27.206,37.3898],[27.2075,37.3764],[27.1908,37.3573],[27.2119,37.3573],[27.2334,37.344],[27.2801,37.266],[27.302,37.2293],[27.3239,37.1927],[27.3579,37.1358],[27.349,37.1301],[27.3218,37.1587],[27.3218,37.1254],[27.3011,37.127],[27.3007,37.127],[27.2998,37.1262],[27.2717,37.1289],[27.2604,37.1103],[27.2828,37.1103],[27.2696,37.0981],[27.2391,37.083],[27.2288,37.0618],[27.2527,36.9783],[27.2632,36.9634],[27.3081,36.9594],[27.3006,36.9731],[27.3327,36.9971],[27.3314,37.0023],[27.3436,37.0146],[27.4059,37.0167],[27.4296,37.0158],[27.5784,36.7671],[27.5614,36.7609],[27.4832,36.754],[27.4588,36.7557],[27.4273,36.7357],[27.4143,36.7093],[27.3558,36.7124],[27.3628,36.6851],[27.4557,36.6629],[27.4727,36.6509],[27.4863,36.6652],[27.5486,36.6834],[27.5556,36.6829],[27.5597,36.6746],[27.603,36.6789],[27.6374,36.6682],[27.6427,36.6595],[27.6431,36.6595],[27.6646,36.6598],[27.6712,36.6578],[27.6716,36.6599],[28.0144,36.6653],[28.0207,36.6336],[28.0211,36.6337],[28.0211,36.6336],[28.0881,36.6426],[28.054,36.6096],[28.0344,36.6025],[27.9592,36.6025],[27.9661,36.5759],[27.9909,36.5598],[28.0138,36.5759],[28.048,36.569],[28.0617,36.5963],[28.0881,36.5891],[28.1115,36.6042],[28.1584,36.6675],[28.7335,36.6764],[28.8293,36.6235],[28.8186,36.6117],[28.8587,36.6013],[28.8614,36.6057],[29.106,36.4706],[29.1242,36.4536],[29.1304,36.4114],[29.0964,36.3909],[29.1447,36.3772],[29.1447,36.3493],[29.2186,36.3288],[29.2231,36.3246],[29.2437,36.3138],[29.2612,36.2936],[29.3071,36.325],[29.3133,36.3763],[29.362,36.4631],[29.4244,36.4835],[29.4549,36.4733],[29.4773,36.4824],[29.4811,36.5371],[29.5755,36.599],[29.5938,36.6543],[29.5802,36.7161],[29.6889,36.9143],[29.7445,36.9308],[29.7653,36.95],[30,36.95],[30.35,36.86],[30.6,36.75],[30.6028,36.6465],[30.6203,36.6781],[31.6999,36.6443],[31.8,36.578],[32.2814,36.2591],[32.283,36.2506],[32.3187,36.2286],[32.3655,36.178],[32.4196,36.1595],[32.4373,36.1387],[32.5134,36.103],[32.5452,36.0981],[32.5826,36.0888],[32.6707,36.0467],[32.7606,36.0295],[32.8037,36.0272],[32.8655,36.0678],[32.9279,36.0954],[32.9826,36.0976],[33.0877,36.0828],[33.1071,36.1033],[33.3004,36.1318],[33.3084,36.1322],[33.3093,36.1331],[33.3662,36.1415],[33.3865,36.137],[33.4371,36.1519],[33.4425,36.1527],[33.5215,36.144],[33.5219,36.144],[33.5325,36.1463],[33.5442,36.1445],[33.5523,36.1275],[33.5888,36.1588],[33.661,36.1747],[33.6853,36.1432],[33.7053,36.1817],[33.7177,36.1922],[33.7302,36.1976],[33.9451,36.2134],[33.959,36.2136],[33.9593,36.2145],[34.0259,36.2194],[34.2,36.3651],[34.7134,36.7948],[34.9056,36.7421],[34.9079,36.7404],[34.9004,36.7199],[34.9333,36.7275],[34.9423,36.7263],[34.9435,36.7256],[35.1174,36.6585],[35.2947,36.5725],[35.348,36.5444],[35.409,36.5769],[35.4717,36.5868],[35.552,36.5647],[35.5524,36.5647],[35.8126,36.6016],[35.8379,36.6052],[35.8631,36.6088],[35.8883,36.6123],[35.9639,36.6231],[36.0144,36.6302],[36.1599,36.6509],[36.0328,36.5246],[36.0308,36.5229],[36.0144,36.51],[35.966,36.4719],[35.9424,36.4643],[35.9187,36.4482],[35.9124,36.4296],[35.8832,36.4066],[35.879,36.4009],[35.8735,36.3977],[35.8676,36.3856],[35.8572,36.3714],[35.8159,36.353],[35.7887,36.3203],[35.7965,36.2898],[35.7824,36.2757],[35.7826,36.2755],[35.7824,36.2753],[35.8986,36.1317],[35.9246,36.0704],[35.9551,35.9985],[35.9268,35.9607],[35.9137,35.9433],[35.894,35.917],[35.8851,35.9058],[35.9015,35.9058],[35.9113,35.9178],[35.9803,35.9269],[35.9928,35.9153],[35.9924,35.8773],[36.0803,35.8542],[36.1385,35.8198],[36.1553,35.8222],[36.1688,35.8521],[36.1749,35.9227],[36.1969,35.9517],[36.229,35.9612],[36.269,35.9587],[36.2775,35.9942],[36.2974,36.0007],[36.3367,35.9882],[36.358,35.994],[36.3555,36.0224],[36.3586,36.167],[36.3758,36.2045],[36.373,36.2276],[36.4119,36.2045],[36.4507,36.1999],[36.4689,36.2224],[36.4986,36.2279],[36.5935,36.2181],[36.6643,36.229],[36.6691,36.2599],[36.6488,36.3057],[36.6207,36.322],[36.5878,36.3248],[36.5943,36.3571],[36.5857,36.387],[36.5527,36.4082],[36.5338,36.4625],[36.5355,36.494],[36.5653,36.5325],[36.5693,36.6201],[36.5947,36.6858],[36.6033,36.747],[36.6433,36.8036],[36.6399,36.8281],[36.6596,36.8272],[36.8437,36.7758],[36.9068,36.7726],[36.9647,36.7538],[37.0106,36.7195],[37.0195,36.6858],[37.0145,36.6423],[37.0531,36.6199],[37.1044,36.651],[37.1561,36.6439],[37.2419,36.6586],[37.4045,36.6345],[37.4461,36.6342],[37.5221,36.6736],[37.5934,36.7105],[37.6541,36.7321],[37.8197,36.7605],[38.026,36.835],[38.123,36.8846],[38.1901,36.9055],[38.2243,36.9084],[38.2899,36.9017],[38.48,36.8557],[38.5294,36.8337],[38.6352,36.744],[38.6641,36.7195],[38.725,36.6939],[38.7954,36.6867],[38.958,36.6929],[39.0322,36.7012],[39.1859,36.6595],[39.2396,36.6613],[39.4417,36.6924],[39.7653,36.7422],[39.9798,36.807],[40.0792,36.8549],[40.1527,36.8704],[40.1901,36.8844],[40.2614,36.9228],[40.3937,36.994],[40.4352,37.0106],[40.5257,37.0259],[40.6595,37.0853],[40.709,37.1005],[40.8964,37.1227],[41.1351,37.0842],[41.2013,37.065],[41.4798,37.0756],[41.8964,37.1543],[41.876,37.2168],[41.814,37.2581],[41.6983,37.2871],[41.6818,37.3284],[41.7231,37.3656],[41.8926,37.4359],[41.905,37.502],[41.876,37.5888],[41.8169,37.7138],[41.6322,37.6094],[41.5206,37.5433],[41.3677,37.5185],[41.2603,37.5722],[41.19,37.688],[41.1197,37.7582],[41.0752,37.7649],[41.0118,37.7414],[40.662,37.7484],[40.5516,37.7299],[40.5392,37.7073],[40.492,37.657],[40.4122,37.6524],[40.3009,37.5842],[40.2518,37.5693],[40.1426,37.5087],[40.0978,37.4758],[40,37.3757],[39.9537,37.4174],[39.9202,37.4695],[39.8843,37.5501],[39.8567,37.6694],[39.8632,37.7777],[39.8486,37.8019],[39.8128,37.8136],[39.7592,37.8424],[39.7385,37.8172],[39.6913,37.8339],[39.6527,37.8621],[39.5888,37.883],[39.5233,37.9261],[39.4626,37.9767],[39.4079,37.997],[39.3486,37.9989],[39.2675,38.0091],[39.189,38.0431],[39.2346,38.0761],[39.2247,38.0903],[39.2563,38.1531],[39.2526,38.1797],[39.2219,38.205],[39.1413,38.1786],[39.1149,38.1927],[39.0695,38.1515],[39.0156,38.1308],[38.932,38.1073],[38.8032,38.0903],[38.7334,38.0984],[38.6631,38.0982],[38.6035,38.1104],[38.5714,38.1259],[38.5639,38.1467],[38.6228,38.1866],[38.6187,38.2191],[38.5609,38.2284],[38.5009,38.2146],[38.4309,38.2141],[38.3579,38.149],[38.295,38.0738],[38.2173,38.0405],[38.1909,38.0008],[38.1892,37.9485],[38.1276,37.905],[38.0444,37.8887],[37.9735,37.8657],[37.888,37.881],[37.796,37.8712],[37.7076,37.842],[37.5653,37.8205],[37.6069,37.8795],[37.6582,38.0267],[37.7152,38.0927],[37.7213,38.1226],[37.7762,38.2372],[37.7823,38.2784],[37.7336,38.3462],[37.6552,38.3747],[37.5872,38.39],[37.4597,38.4496],[37.3107,38.4749],[37.2371,38.4672],[37.2259,38.5263],[37.2844,38.6036],[37.0597,38.5881],[37.0088,38.6105],[36.8789,38.625],[36.7475,38.5994],[36.7137,38.583],[36.694,38.5523],[36.682,38.4999],[36.65,38.4591],[36.5055,38.3229],[36.4626,38.358],[36.4373,38.4097],[36.4001,38.4566],[36.348,38.4747],[36.2669,38.4578],[36.19,38.4235],[36.1459,38.3951],[36.1033,38.3122],[36.0756,38.2819],[36.0331,38.2133],[35.979,38.155],[35.6077,37.9538],[35.6296,37.7702],[35.5772,37.7505],[35.4536,37.7888],[35.3632,37.8073],[35.1906,37.8181],[35.0597,37.7135],[35,37.7057],[34.9619,37.7007],[34.9106,37.7136],[34.8597,37.7166],[34.8278,37.6802],[34.8326,37.6299],[34.8652,37.553],[34.8499,37.5106],[34.7946,37.4572],[34.7916,37.3877],[34.7215,37.4014],[34.5875,37.3533],[34.5122,37.352],[34.4891,37.3949],[34.4272,37.4432],[34.3891,37.4865],[34.3941,37.5611],[34.4329,37.6086],[34.4568,37.6603],[34.4455,37.7171],[34.4128,37.7531],[34.3733,37.7835],[34.3005,37.8753],[34.2063,37.9099],[34.1731,37.9506],[34.1598,38.0023],[34.0849,38.0118],[34.0094,37.9981],[33.9321,37.9736],[33.8538,37.9578],[33.7746,37.9608],[33.6189,37.9521],[33.4997,37.9318],[33.4561,37.9332],[33.4155,37.9637],[33.3485,38.0292],[33.3251,38.1088],[33.3012,38.1271],[33.2647,38.2045],[33.2721,38.286],[33.294,38.3571],[33.3177,38.4098],[33.353,38.4526],[33.3675,38.5315],[33.3895,38.5649],[33.4474,38.6161],[33.4666,38.6436],[33.4449,38.6837],[33.4134,38.7197],[33.3662,38.7987],[33.3638,38.8568],[33.3796,38.9687],[33.3744,39.0226],[33.3206,39.1199],[33.2227,39.1752],[33.1661,39.1889],[33.1048,39.2221],[33.0624,39.2221],[33.0321,39.1755],[33.0236,39.1236],[33.0091,39.1051],[32.9658,39.1105],[32.908,39.1449],[32.86,39.1572],[32.7579,39.0921],[32.7218,39.0544],[32.6761,39.0338],[32.6015,39.0584],[32.538,39.0356],[32.4787,38.9972],[32.436,39],[32.3676,39.0413],[32.2823,39.0635],[32.2321,39.059],[32.127,39.0342],[32.0906,39.0435],[31.9482,39.1364],[31.8614,39.1714],[31.9383,39.2045],[31.9561,39.2255],[31.9999,39.2327],[32.0427,39.2751],[32.0358,39.3053],[32.0043,39.3223],[31.9833,39.3482],[31.9752,39.4049],[31.9905,39.4652],[31.9912,39.4959],[31.9651,39.5349],[31.9469,39.5865],[31.897,39.6206],[31.8473,39.7259],[31.8408,39.7758],[31.8817,39.8118],[31.8795,39.8383],[31.845,39.8761],[31.7823,39.8905],[31.757,39.9203],[31.7261,39.9941],[31.727,40.0235],[31.6812,40.0184],[31.6403,40.0401],[31.6041,40.03],[31.5315,40.0291],[31.4926,40.0221],[31.4598,40.0301],[31.4308,40.0236],[31.3891,40.0569],[31.3389,40.0483],[31.2469,40.0577],[31.1911,40.0241],[31.1399,40.0436],[31.0816,40.0481],[30.9865,40.0165],[30.9221,40.02],[30.9067,40.1006],[30.8636,40.1428],[30.7988,40.1509],[30.7386,40.1678],[30.6361,40.1646],[30.5554,40.1146],[30.5242,40.0116],[30.4907,39.9653],[30.4395,39.9362],[30.3852,39.9367],[30.3339,39.9197],[30.3016,39.8791],[30.2452,39.8497],[30.235,39.7477],[30.1917,39.6885],[30.1361,39.6388],[30.0241,39.6242],[29.9455,39.6076],[29.902,39.6166],[29.7911,39.6771],[29.7163,39.7093],[29.6658,39.7788],[29.6617,39.8211],[29.6777,39.9063],[29.6183,39.8924],[29.5544,39.8919],[29.4502,39.9235],[29.3995,39.8959],[29.3682,39.8133],[29.3478,39.7969],[29.3202,39.7172],[29.2742,39.6909],[29.2525,39.6458],[29.2461,39.5793],[29.1908,39.5521],[29.1193,39.5516],[29.0048,39.5661],[28.9672,39.5891],[28.947,39.5599],[28.9408,39.5211],[28.9088,39.4707],[28.896,39.3997],[28.8497,39.3479],[28.8114,39.2906],[28.7787,39.2722],[28.6667,39.238],[28.6578,39.204],[28.6595,39.1566],[28.5721,39.1675],[28.4799,39.1306],[28.4047,39.1194],[28.3208,39.1163],[28.2936,39.0883],[28.2562,39.0711],[28.171,39.0502],[28.125,39.063],[28.0737,39.1527],[27.968,39.2433],[27.8933,39.2219],[27.8542,39.2364],[27.8659,39.2716],[27.8962,39.3134],[27.8712,39.3448],[27.823,39.3396],[27.7679,39.3566],[27.7264,39.3593],[27.6559,39.3517],[27.586,39.367],[27.5431,39.3948],[27.4966,39.4113],[27.4201,39.3803],[27.4588,39.3037],[27.4918,39.1836],[27.5081,39.1478],[27.5453,39.0939],[27.5377,39.0413],[27.5101,39.0168],[27.4452,38.9744],[27.3821,38.9545],[27.3271,38.9249],[27.3094,38.8497],[27.291,38.8166],[27.2608,38.792],[27.2517,38.78],[26.6753,38.78],[26.561,38.5972],[26.5558,38.6054],[26.5056,38.6527],[26.4656,38.6727],[26.4141,38.6794],[26.3563,38.6617],[26.3486,38.6213],[26.3758,38.5286],[26.4038,38.4875],[26.3879,38.4543],[26.4181,38.4649],[26.4294,38.4409],[26.4151,38.3682],[26.3435,38.37],[26.3431,38.37],[26.3219,38.3339],[26.3143,38.3367],[26.3211,38.3777],[26.3076,38.3579],[26.2941,38.3699],[26.2889,38.3406],[26.3076,38.3231],[26.2859,38.3187],[26.2654,38.2867],[26.2388,38.2958],[26.2346,38.2738]]]}},
{"type":"Feature","properties":{"entityId":"seleucid-empire","from":-199,"to":-195,"certainty":"estimated","source":"유럽 쪽은 Natural Earth 1:10m admin-1(v5.1.2) 현대 행정구역 조각을 그 시기 국경에 맞춰 묶고, 조각이 역사 경계와 다른 곳은 선을 그어 나눈 근사. 유럽 밖(시베리아·중앙아시아·극동)은 대략적인 추정. 운영자 검수 필요"},"geometry":{"type":"MultiPolygon","coordinates":[[[[26.2346,38.2738],[26.2866,38.2611],[26.3286,38.2351],[26.3344,38.2351],[26.3179,38.2086],[26.3181,38.2085],[26.3179,38.2082],[26.5572,38.0264],[26.6768,37.9356],[26.6768,37.9377],[26.7964,37.9377],[26.7964,37.922],[27.0306,37.922],[27.0306,37.8922],[27.1185,37.8922],[27.1185,37.8324],[27.1477,37.8324],[27.1477,37.8025],[27.173,37.8025],[27.173,37.7753],[27.1445,37.7753],[27.1445,37.7428],[27.1161,37.7428],[27.1161,37.7157],[27.0876,37.7157],[27.0876,37.6892],[27.0591,37.6897],[27.0591,37.7067],[27.0306,37.7066],[27.0048,37.7066],[27.0048,37.6863],[27.0208,37.6742],[27.0115,37.6657],[27.0488,37.6501],[27.0507,37.6497],[27.206,37.3898],[27.2075,37.3764],[27.1908,37.3573],[27.2119,37.3573],[27.2334,37.344],[27.2801,37.266],[27.302,37.2293],[27.3239,37.1927],[27.3579,37.1358],[27.349,37.1301],[27.3218,37.1587],[27.3218,37.1254],[27.3011,37.127],[27.3007,37.127],[27.2998,37.1262],[27.2717,37.1289],[27.2604,37.1103],[27.2828,37.1103],[27.2696,37.0981],[27.2391,37.083],[27.2288,37.0618],[27.2527,36.9783],[27.2632,36.9634],[27.3081,36.9594],[27.3006,36.9731],[27.3327,36.9971],[27.3314,37.0023],[27.3436,37.0146],[27.4059,37.0167],[27.4296,37.0158],[27.5784,36.7671],[27.5614,36.7609],[27.4832,36.754],[27.4588,36.7557],[27.4273,36.7357],[27.4143,36.7093],[27.3558,36.7124],[27.3628,36.6851],[27.4557,36.6629],[27.4727,36.6509],[27.4863,36.6652],[27.5486,36.6834],[27.5556,36.6829],[27.5597,36.6746],[27.603,36.6789],[27.6374,36.6682],[27.6427,36.6595],[27.6431,36.6595],[27.6646,36.6598],[27.6712,36.6578],[27.6716,36.6599],[28.0144,36.6653],[28.0207,36.6336],[28.0211,36.6337],[28.0211,36.6336],[28.0881,36.6426],[28.054,36.6096],[28.0344,36.6025],[27.9592,36.6025],[27.9661,36.5759],[27.9909,36.5598],[28.0138,36.5759],[28.048,36.569],[28.0617,36.5963],[28.0881,36.5891],[28.1115,36.6042],[28.1584,36.6675],[28.7335,36.6764],[28.8293,36.6235],[28.8186,36.6117],[28.8587,36.6013],[28.8614,36.6057],[29.106,36.4706],[29.1242,36.4536],[29.1304,36.4114],[29.0964,36.3909],[29.1447,36.3772],[29.1447,36.3493],[29.2186,36.3288],[29.2231,36.3246],[29.2437,36.3138],[29.2612,36.2936],[29.3071,36.325],[29.3133,36.3763],[29.362,36.4631],[29.4244,36.4835],[29.4549,36.4733],[29.4773,36.4824],[29.4811,36.5371],[29.5755,36.599],[29.5938,36.6543],[29.5802,36.7161],[29.6889,36.9143],[29.7445,36.9308],[29.7653,36.95],[30,36.95],[30.35,36.86],[30.6,36.75],[30.6028,36.6465],[30.6203,36.6781],[31.6999,36.6443],[31.8,36.578],[32.2814,36.2591],[32.283,36.2506],[32.3187,36.2286],[32.3655,36.178],[32.4196,36.1595],[32.4373,36.1387],[32.5134,36.103],[32.5452,36.0981],[32.5826,36.0888],[32.6707,36.0467],[32.7606,36.0295],[32.8037,36.0272],[32.8655,36.0678],[32.9279,36.0954],[32.9826,36.0976],[33.0877,36.0828],[33.1071,36.1033],[33.3004,36.1318],[33.3084,36.1322],[33.3093,36.1331],[33.3662,36.1415],[33.3865,36.137],[33.4371,36.1519],[33.4425,36.1527],[33.5215,36.144],[33.5219,36.144],[33.5325,36.1463],[33.5442,36.1445],[33.5523,36.1275],[33.5888,36.1588],[33.661,36.1747],[33.6853,36.1432],[33.7053,36.1817],[33.7177,36.1922],[33.7302,36.1976],[33.9451,36.2134],[33.959,36.2136],[33.9593,36.2145],[34.0259,36.2194],[34.2,36.3651],[34.7134,36.7948],[34.9056,36.7421],[34.9079,36.7404],[34.9004,36.7199],[34.9333,36.7275],[34.9423,36.7263],[34.9435,36.7256],[35.1174,36.6585],[35.2947,36.5725],[35.348,36.5444],[35.409,36.5769],[35.4717,36.5868],[35.552,36.5647],[35.5524,36.5647],[35.8126,36.6016],[35.8379,36.6052],[35.8631,36.6088],[35.8883,36.6123],[35.9639,36.6231],[36.0144,36.6302],[36.1599,36.6509],[36.0328,36.5246],[36.0308,36.5229],[36.0144,36.51],[35.966,36.4719],[35.9424,36.4643],[35.9187,36.4482],[35.9124,36.4296],[35.8832,36.4066],[35.879,36.4009],[35.8735,36.3977],[35.8676,36.3856],[35.8572,36.3714],[35.8159,36.353],[35.7887,36.3203],[35.7965,36.2898],[35.7824,36.2757],[35.7826,36.2755],[35.7824,36.2753],[35.8986,36.1317],[35.9246,36.0704],[35.9551,35.9985],[35.9268,35.9607],[35.9137,35.9433],[35.894,35.917],[35.8851,35.9058],[35.9015,35.9058],[35.9113,35.9178],[35.9803,35.9269],[35.9928,35.9153],[35.9924,35.8773],[36.0803,35.8542],[36.1385,35.8198],[36.1553,35.8222],[36.1688,35.8521],[36.1749,35.9227],[36.1969,35.9517],[36.229,35.9612],[36.269,35.9587],[36.2775,35.9942],[36.2974,36.0007],[36.3367,35.9882],[36.358,35.994],[36.3555,36.0224],[36.3586,36.167],[36.3758,36.2045],[36.373,36.2276],[36.4119,36.2045],[36.4507,36.1999],[36.4689,36.2224],[36.4986,36.2279],[36.5935,36.2181],[36.6643,36.229],[36.6691,36.2599],[36.6488,36.3057],[36.6207,36.322],[36.5878,36.3248],[36.5943,36.3571],[36.5857,36.387],[36.5527,36.4082],[36.5338,36.4625],[36.5355,36.494],[36.5653,36.5325],[36.5693,36.6201],[36.5947,36.6858],[36.6033,36.747],[36.6433,36.8036],[36.6399,36.8281],[36.6596,36.8272],[36.8437,36.7758],[36.9068,36.7726],[36.9647,36.7538],[37.0106,36.7195],[37.0195,36.6858],[37.0145,36.6423],[37.0531,36.6199],[37.1044,36.651],[37.1561,36.6439],[37.2419,36.6586],[37.4045,36.6345],[37.4461,36.6342],[37.5221,36.6736],[37.5934,36.7105],[37.6541,36.7321],[37.8197,36.7605],[38.026,36.835],[38.123,36.8846],[38.1901,36.9055],[38.2243,36.9084],[38.2899,36.9017],[38.48,36.8557],[38.5294,36.8337],[38.6352,36.744],[38.6641,36.7195],[38.725,36.6939],[38.7954,36.6867],[38.958,36.6929],[39.0322,36.7012],[39.1859,36.6595],[39.2396,36.6613],[39.4417,36.6924],[39.7653,36.7422],[39.9798,36.807],[40.0792,36.8549],[40.1527,36.8704],[40.1901,36.8844],[40.2614,36.9228],[40.3937,36.994],[40.4352,37.0106],[40.5257,37.0259],[40.6595,37.0853],[40.709,37.1005],[40.8964,37.1227],[41.1351,37.0842],[41.2013,37.065],[41.4798,37.0756],[41.8964,37.1543],[41.876,37.2168],[41.814,37.2581],[41.6983,37.2871],[41.6818,37.3284],[41.7231,37.3656],[41.8926,37.4359],[41.905,37.502],[41.876,37.5888],[41.8169,37.7138],[41.9587,37.659],[42.157,37.6466],[42.2354,37.7086],[42.3676,37.7044],[42.5697,37.663],[42.7811,37.6384],[42.9505,37.626],[43.0119,37.6754],[43.0233,37.7317],[43.1029,37.7661],[43.1888,37.757],[43.2902,37.7273],[43.3868,37.7336],[43.5212,37.7347],[43.6548,37.7517],[43.7114,37.773],[43.7944,37.7547],[43.8589,37.754],[43.923,37.7644],[43.9778,37.7913],[44.0037,37.8452],[44.0443,37.9012],[44.1169,37.913],[44.205,37.9048],[44.2255,37.9293],[44.2215,37.9688],[44.2454,38.0084],[44.2695,38.03],[44.2959,38.079],[44.3338,38.1009],[44.3271,38.1284],[44.3606,38.1479],[44.3767,38.2015],[44.3724,38.2495],[44.4368,38.2969],[44.4592,38.3224],[44.4511,38.354],[44.4247,38.377],[44.3963,38.3797],[44.3634,38.3646],[44.2895,38.3823],[44.2875,38.4537],[44.3014,38.5112],[44.2922,38.562],[44.297,38.6223],[44.2749,38.6494],[44.2443,38.659],[44.2605,38.6792],[44.2486,38.7218],[44.2798,38.8142],[44.275,38.8436],[44.222,38.8634],[44.1921,38.8908],[44.1746,38.9458],[44.152,38.9646],[44.1392,38.994],[44.1791,39.0349],[44.1699,39.0744],[44.1948,39.1205],[44.1866,39.1451],[44.0777,39.2001],[44.0827,39.2357],[44.0694,39.287],[44.0474,39.3375],[44.0149,39.3741],[44.0614,39.4003],[44.1222,39.4004],[44.2004,39.4095],[44.2695,39.3829],[44.317,39.3853],[44.3687,39.4036],[44.4048,39.4344],[44.4017,39.4713],[44.4168,39.5055],[44.412,39.5445],[44.4186,39.5743],[44.4583,39.6425],[44.4595,39.6985],[44.5657,39.7659],[44.6058,39.7632],[44.6465,39.7195],[44.7063,39.698],[44.807,39.6399],[44.824,39.6305],[44.8723,39.6251],[44.8984,39.5844],[44.9284,39.4882],[44.9616,39.4538],[44.957,39.4345],[45.0064,39.418],[45.0512,39.3871],[45.0686,39.3642],[45.088,39.3507],[45.1144,39.3094],[45.1358,39.2785],[45.1527,39.2135],[45.1789,39.2198],[45.2831,39.1931],[45.3139,39.1942],[45.3111,39.1763],[45.3482,39.1639],[45.3453,39.1384],[45.3793,39.1112],[45.3964,39.0733],[45.4345,39.0528],[45.4271,39.0149],[45.4945,38.9819],[45.5356,38.9685],[45.6278,38.9555],[45.7169,38.9548],[45.7681,38.9391],[45.7911,38.9321],[46.0018,38.8975],[46.068,38.8741],[46.1359,38.8637],[46.2025,38.8705],[46.2719,38.9066],[46.3045,38.9163],[46.3919,38.9224],[46.514,38.8822],[46.4793,38.9394],[46.4758,38.9756],[46.4946,39.0255],[46.4975,39.0535],[46.4793,39.1148],[46.4218,39.1446],[46.3963,39.1644],[46.3953,39.1952],[46.4183,39.2119],[46.4534,39.2084],[46.5141,39.1844],[46.5264,39.1858],[46.5991,39.2225],[46.5177,39.2788],[46.4953,39.324],[46.4793,39.3342],[46.4074,39.3591],[46.3746,39.3788],[46.3609,39.4103],[46.374,39.436],[46.4057,39.4512],[46.479,39.4618],[46.4986,39.4831],[46.492,39.5102],[46.5273,39.5382],[46.512,39.5676],[46.4793,39.5787],[46.4162,39.574],[46.3814,39.585],[46.3437,39.6186],[46.3095,39.6205],[46.2412,39.5935],[46.2065,39.5879],[46.1696,39.6041],[46.1461,39.6385],[46.1145,39.6596],[46.0765,39.6681],[46.0451,39.6876],[46.0066,39.7479],[45.9792,39.7685],[45.8832,39.7961],[45.8619,39.8045],[45.8091,39.8512],[45.7644,39.9221],[45.7154,39.9509],[45.6111,39.9592],[45.5794,39.9702],[45.5776,39.984],[45.5763,39.9939],[45.6396,40.0254],[45.8039,40.0045],[45.8738,40.0098],[45.894,40.0291],[45.9095,40.0827],[45.9508,40.1172],[45.9811,40.206],[45.9792,40.2236],[45.9246,40.2662],[45.8885,40.262],[45.8617,40.2613],[45.8192,40.2971],[45.5854,40.3987],[45.5262,40.441],[45.4854,40.5053],[45.4508,40.5344],[45.4446,40.5664],[45.3878,40.6095],[45.3736,40.6513],[45.3736,40.6753],[45.3988,40.7089],[45.4379,40.7334],[45.4783,40.7482],[45.5559,40.7766],[45.5822,40.7994],[45.601,40.8406],[45.5992,40.8627],[45.5379,40.8759],[45.4793,40.9299],[45.4428,40.9484],[45.4164,40.9613],[45.4252,40.9937],[45.4191,41.0173],[45.3819,41.0114],[45.3354,40.9938],[45.2687,41.0103],[45.2216,41.0144],[45.12,41.0796],[45.111,41.0495],[45.07,41.0621],[45.0572,41.0788],[45.0678,41.1109],[45.1667,41.1078],[45.201,41.1267],[45.1868,41.1569],[45.1344,41.1879],[45.052,41.1921],[45.0293,41.2101],[45.0394,41.2312],[45.0024,41.2905],[44.9552,41.2627],[44.9172,41.2618],[44.8207,41.2733],[44.8095,41.2444],[44.8538,41.2235],[44.8215,41.2062],[44.6749,41.2085],[44.6129,41.2231],[44.5914,41.2158],[44.5515,41.177],[44.531,41.1815],[44.5166,41.2068],[44.4549,41.1805],[44.4106,41.1877],[44.3573,41.2122],[44.3085,41.1938],[44.2665,41.1962],[44.191,41.23],[44.1684,41.2236],[44.1601,41.1979],[44.1036,41.1752],[44.0413,41.1826],[43.9782,41.1646],[43.9778,41.1645],[43.8632,41.159],[43.8204,41.1455],[43.7737,41.1145],[43.7297,41.1067],[43.5666,41.1241],[43.5241,41.1228],[43.4701,41.1062],[43.4404,41.1066],[43.3755,41.0899],[43.2749,41.0468],[42.9491,40.9414],[42.8294,40.8935],[42.8054,40.8169],[42.7911,40.6971],[42.7719,40.6253],[42.6522,40.6157],[42.537,40.5992],[42.5068,40.6398],[42.4667,40.6706],[42.4372,40.7034],[42.4163,40.7423],[42.3876,40.7698],[42.3516,40.7891],[42.2992,40.8481],[42.2792,40.9249],[42.1612,40.9109],[42.0923,40.9167],[42.0244,40.9119],[41.9589,40.8775],[41.946,40.8385],[41.9526,40.7956],[41.9272,40.7551],[41.8874,40.7244],[41.868,40.6847],[41.8664,40.6397],[41.8208,40.5876],[41.7541,40.6155],[41.7347,40.6236],[41.6566,40.6412],[41.5788,40.6243],[41.4935,40.5818],[41.4013,40.5556],[41.3334,40.601],[41.347,40.6864],[41.3727,40.7221],[41.3653,40.7547],[41.3293,40.7645],[41.2055,40.7792],[41.1274,40.8129],[41.0509,40.7784],[40.9444,40.709],[40.9016,40.6983],[40.8575,40.698],[40.8219,40.6866],[40.7918,40.6291],[40.6514,40.6041],[40.4894,40.5421],[40.4294,40.5295],[40.3267,40.53],[40.2279,40.5112],[40.1846,40.5104],[40.1017,40.5307],[40.0159,40.5327],[39.9747,40.5503],[39.9138,40.603],[39.8836,40.6118],[39.8633,40.5994],[39.8699,40.5749],[39.834,40.561],[39.8674,40.4136],[39.86,40.2669],[39.8276,40.2092],[39.8115,40.144],[39.8328,40.0769],[39.8691,40.0148],[39.8317,39.9709],[39.7879,39.9348],[39.6764,39.9147],[39.622,39.8938],[39.5647,39.8892],[39.5058,39.8926],[39.447,39.888],[39.3854,39.8933],[39.327,39.9163],[39.2665,39.9303],[39.2331,39.9607],[39.1583,39.9901],[39.0496,40.0391],[38.989,40.0488],[38.9333,40.0713],[38.8925,40.0576],[38.8055,40.0525],[38.7616,40.0549],[38.661,40.0935],[38.5563,40.1194],[38.4542,40.0999],[38.3923,40.1283],[38.3311,40.1647],[38.2748,40.1861],[38.2382,40.2286],[38.2405,40.2852],[38.1583,40.5235],[38.0952,40.4922],[38.0084,40.481],[37.998,40.4688],[38.0016,40.4116],[37.9802,40.4013],[37.8977,40.4041],[37.8614,40.3839],[37.8019,40.3357],[37.7669,40.3319],[37.6901,40.3794],[37.6349,40.4612],[37.5841,40.382],[37.5241,40.317],[37.4221,40.2955],[37.3508,40.259],[37.3,40.2532],[37.3,38.6093],[37.3429,38.6249],[37.3936,38.6613],[37.4447,38.7082],[37.5098,38.7366],[37.5805,38.7968],[37.5969,38.8343],[37.5614,38.9222],[37.5516,38.9694],[37.5736,39.0082],[37.6176,39.017],[37.7022,38.9843],[37.7858,38.9983],[37.932,39.0623],[38.01,39.0637],[38.0802,39.0802],[38.1477,39.0726],[38.2123,39.0876],[38.2839,39.1297],[38.3617,39.1503],[38.4409,39.1195],[38.5356,39.1159],[38.6236,39.0822],[38.6879,39.023],[38.6168,39.0203],[38.5893,38.9922],[38.5899,38.9508],[38.6194,38.8959],[38.6239,38.8126],[38.6357,38.7817],[38.6187,38.7482],[38.5089,38.7568],[38.4713,38.7408],[38.4781,38.7254],[38.4604,38.6924],[38.4024,38.6734],[38.3757,38.6452],[38.3489,38.5956],[38.3735,38.5365],[38.403,38.508],[38.4256,38.5124],[38.4566,38.4849],[38.4817,38.4759],[38.5667,38.4646],[38.6078,38.4534],[38.6889,38.4207],[38.7177,38.4186],[38.8105,38.4403],[38.8269,38.4186],[38.861,38.3988],[38.8855,38.364],[38.9111,38.3607],[38.9572,38.3305],[38.9922,38.326],[39.0734,38.3479],[39.1149,38.3435],[39.145,38.3078],[39.1485,38.2842],[39.1149,38.1927],[39.0695,38.1515],[39.0156,38.1308],[38.932,38.1073],[38.8032,38.0903],[38.7334,38.0984],[38.6631,38.0982],[38.6035,38.1104],[38.5714,38.1259],[38.5639,38.1467],[38.6228,38.1866],[38.6187,38.2191],[38.5609,38.2284],[38.5009,38.2146],[38.4309,38.2141],[38.3579,38.149],[38.295,38.0738],[38.2173,38.0405],[38.1909,38.0008],[38.1892,37.9485],[38.1276,37.905],[38.0444,37.8887],[37.9735,37.8657],[37.888,37.881],[37.796,37.8712],[37.7076,37.842],[37.5653,37.8205],[37.6069,37.8795],[37.6582,38.0267],[37.7152,38.0927],[37.7213,38.1226],[37.7762,38.2372],[37.7823,38.2784],[37.7336,38.3462],[37.6552,38.3747],[37.5872,38.39],[37.4597,38.4496],[37.3107,38.4749],[37.2371,38.4672],[37.2259,38.5263],[37.2844,38.6036],[37.0597,38.5881],[37.0088,38.6105],[36.8789,38.625],[36.7475,38.5994],[36.7137,38.583],[36.694,38.5523],[36.682,38.4999],[36.65,38.4591],[36.5055,38.3229],[36.4626,38.358],[36.4373,38.4097],[36.4001,38.4566],[36.348,38.4747],[36.2669,38.4578],[36.19,38.4235],[36.1459,38.3951],[36.1033,38.3122],[36.0756,38.2819],[36.0331,38.2133],[35.979,38.155],[35.6077,37.9538],[35.6296,37.7702],[35.5772,37.7505],[35.4536,37.7888],[35.3632,37.8073],[35.1906,37.8181],[35.0597,37.7135],[35,37.7057],[34.9619,37.7007],[34.9106,37.7136],[34.8597,37.7166],[34.8278,37.6802],[34.8326,37.6299],[34.8652,37.553],[34.8499,37.5106],[34.7946,37.4572],[34.7916,37.3877],[34.7215,37.4014],[34.5875,37.3533],[34.5122,37.352],[34.4891,37.3949],[34.4272,37.4432],[34.3891,37.4865],[34.3941,37.5611],[34.4329,37.6086],[34.4568,37.6603],[34.4455,37.7171],[34.4128,37.7531],[34.3733,37.7835],[34.3005,37.8753],[34.2063,37.9099],[34.1731,37.9506],[34.1598,38.0023],[34.0849,38.0118],[34.0094,37.9981],[33.9321,37.9736],[33.8538,37.9578],[33.7746,37.9608],[33.6189,37.9521],[33.4997,37.9318],[33.4561,37.9332],[33.4155,37.9637],[33.3485,38.0292],[33.3251,38.1088],[33.3012,38.1271],[33.2647,38.2045],[33.2721,38.286],[33.294,38.3571],[33.3177,38.4098],[33.353,38.4526],[33.3675,38.5315],[33.3895,38.5649],[33.4474,38.6161],[33.4666,38.6436],[33.4449,38.6837],[33.4134,38.7197],[33.3662,38.7987],[33.3638,38.8568],[33.3796,38.9687],[33.3744,39.0226],[33.3206,39.1199],[33.2227,39.1752],[33.1661,39.1889],[33.1048,39.2221],[33.0624,39.2221],[33.0321,39.1755],[33.0236,39.1236],[33.0091,39.1051],[32.9658,39.1105],[32.908,39.1449],[32.86,39.1572],[32.7579,39.0921],[32.7218,39.0544],[32.6761,39.0338],[32.6015,39.0584],[32.538,39.0356],[32.4787,38.9972],[32.436,39],[32.3676,39.0413],[32.2823,39.0635],[32.2321,39.059],[32.127,39.0342],[32.0906,39.0435],[31.9482,39.1364],[31.8614,39.1714],[31.9383,39.2045],[31.9561,39.2255],[31.9999,39.2327],[32.0427,39.2751],[32.0358,39.3053],[32.0043,39.3223],[31.9833,39.3482],[31.9752,39.4049],[31.9905,39.4652],[31.9912,39.4959],[31.9651,39.5349],[31.9469,39.5865],[31.897,39.6206],[31.8473,39.7259],[31.8408,39.7758],[31.8817,39.8118],[31.8795,39.8383],[31.845,39.8761],[31.7823,39.8905],[31.757,39.9203],[31.7261,39.9941],[31.727,40.0235],[31.6812,40.0184],[31.6403,40.0401],[31.6041,40.03],[31.5315,40.0291],[31.4926,40.0221],[31.4598,40.0301],[31.4308,40.0236],[31.3891,40.0569],[31.3389,40.0483],[31.2469,40.0577],[31.1911,40.0241],[31.1399,40.0436],[31.0816,40.0481],[30.9865,40.0165],[30.9221,40.02],[30.9067,40.1006],[30.8636,40.1428],[30.7988,40.1509],[30.7386,40.1678],[30.6361,40.1646],[30.5554,40.1146],[30.5242,40.0116],[30.4907,39.9653],[30.4395,39.9362],[30.3852,39.9367],[30.3339,39.9197],[30.3016,39.8791],[30.2452,39.8497],[30.235,39.7477],[30.1917,39.6885],[30.1361,39.6388],[30.0241,39.6242],[29.9455,39.6076],[29.902,39.6166],[29.7911,39.6771],[29.7163,39.7093],[29.6658,39.7788],[29.6617,39.8211],[29.6777,39.9063],[29.6183,39.8924],[29.5544,39.8919],[29.4502,39.9235],[29.3995,39.8959],[29.3682,39.8133],[29.3478,39.7969],[29.3202,39.7172],[29.2742,39.6909],[29.2525,39.6458],[29.2461,39.5793],[29.1908,39.5521],[29.1193,39.5516],[29.0048,39.5661],[28.9672,39.5891],[28.947,39.5599],[28.9408,39.5211],[28.9088,39.4707],[28.896,39.3997],[28.8497,39.3479],[28.8114,39.2906],[28.7787,39.2722],[28.6667,39.238],[28.6578,39.204],[28.6595,39.1566],[28.5721,39.1675],[28.4799,39.1306],[28.4047,39.1194],[28.3208,39.1163],[28.2936,39.0883],[28.2562,39.0711],[28.171,39.0502],[28.125,39.063],[28.0737,39.1527],[27.968,39.2433],[27.8933,39.2219],[27.8542,39.2364],[27.8659,39.2716],[27.8962,39.3134],[27.8712,39.3448],[27.823,39.3396],[27.7679,39.3566],[27.7264,39.3593],[27.6559,39.3517],[27.586,39.367],[27.5431,39.3948],[27.4966,39.4113],[27.4201,39.3803],[27.4588,39.3037],[27.4918,39.1836],[27.5081,39.1478],[27.5453,39.0939],[27.5377,39.0413],[27.5101,39.0168],[27.4452,38.9744],[27.3821,38.9545],[27.3271,38.9249],[27.3094,38.8497],[27.291,38.8166],[27.2608,38.792],[27.2517,38.78],[26.6753,38.78],[26.561,38.5972],[26.5558,38.6054],[26.5056,38.6527],[26.4656,38.6727],[26.4141,38.6794],[26.3563,38.6617],[26.3486,38.6213],[26.3758,38.5286],[26.4038,38.4875],[26.3879,38.4543],[26.4181,38.4649],[26.4294,38.4409],[26.4151,38.3682],[26.3435,38.37],[26.3431,38.37],[26.3219,38.3339],[26.3143,38.3367],[26.3211,38.3777],[26.3076,38.3579],[26.2941,38.3699],[26.2889,38.3406],[26.3076,38.3231],[26.2859,38.3187],[26.2654,38.2867],[26.2388,38.2958],[26.2346,38.2738]]],[[[45.4793,40.6098],[45.5137,40.602],[45.5472,40.6216],[45.5607,40.6476],[45.5202,40.6604],[45.4793,40.6502],[45.4793,40.6098]]]]}},
{"type":"Feature","properties":{"entityId":"seleucid-empire","from":-195,"to":-188,"certainty":"estimated","source":"유럽 쪽은 Natural Earth 1:10m admin-1(v5.1.2) 현대 행정구역 조각을 그 시기 국경에 맞춰 묶고, 조각이 역사 경계와 다른 곳은 선을 그어 나눈 근사. 유럽 밖(시베리아·중앙아시아·극동)은 대략적인 추정. 운영자 검수 필요"},"geometry":{"type":"MultiPolygon","coordinates":[[[[25.6633,40.1262],[25.7212,40.1048],[25.766,40.0972],[25.8563,40.1079],[25.9004,40.1227],[25.9678,40.1308],[26.0122,40.1461],[26.0122,40.1666],[25.9729,40.1532],[25.9728,40.1584],[25.9763,40.1785],[25.9762,40.1786],[25.9763,40.1789],[25.9725,40.1828],[25.9719,40.2211],[25.9382,40.2416],[25.9133,40.2413],[25.8947,40.236],[25.8751,40.2344],[25.7983,40.2124],[25.759,40.2067],[25.719,40.1872],[25.6862,40.1608],[25.6633,40.1262]]],[[[26.1531,40.455],[26.172,40.4269],[26.2097,40.3709],[26.2323,40.3372],[26.21,40.3219],[26.2181,40.2969],[26.2531,40.2689],[26.2531,40.2479],[26.2602,40.2031],[26.247,40.1808],[26.2147,40.1461],[26.1902,40.0942],[26.1575,40.0553],[26.1776,40.0507],[26.2306,40.0649],[26.2731,40.0926],[26.328,40.1187],[26.3758,40.1535],[26.3702,40.1593],[26.3992,40.178],[26.3963,40.1728],[26.3982,40.164],[26.44,40.21],[26.52,40.27],[26.62,40.33],[26.69,40.38],[26.7534,40.403],[26.7477,40.4032],[26.9017,40.5028],[26.9481,40.5328],[26.9944,40.5627],[26.9944,40.5686],[26.9635,40.561],[26.9319,40.6358],[26.9324,40.7149],[26.7864,40.7258],[26.7805,40.6594],[26.7704,40.6582],[26.7704,40.6006],[26.7119,40.6006],[26.7119,40.6154],[26.6827,40.6154],[26.6827,40.5803],[26.5948,40.5803],[26.5948,40.5768],[26.5656,40.5768],[26.5656,40.5472],[26.4777,40.5472],[26.4777,40.543],[26.4485,40.543],[26.4485,40.5176],[26.3606,40.5176],[26.3606,40.4985],[26.2475,40.4985],[26.2475,40.4662],[26.2097,40.4662],[26.2097,40.483],[26.172,40.483],[26.172,40.455],[26.1531,40.455]]],[[[26.2346,38.2738],[26.2866,38.2611],[26.3286,38.2351],[26.3344,38.2351],[26.3179,38.2086],[26.3181,38.2085],[26.3179,38.2082],[26.5572,38.0264],[26.6768,37.9356],[26.6768,37.9377],[26.7964,37.9377],[26.7964,37.922],[27.0306,37.922],[27.0306,37.8922],[27.1185,37.8922],[27.1185,37.8324],[27.1477,37.8324],[27.1477,37.8025],[27.173,37.8025],[27.173,37.7753],[27.1445,37.7753],[27.1445,37.7428],[27.1161,37.7428],[27.1161,37.7157],[27.0876,37.7157],[27.0876,37.6892],[27.0591,37.6897],[27.0591,37.7067],[27.0306,37.7066],[27.0048,37.7066],[27.0048,37.6863],[27.0208,37.6742],[27.0115,37.6657],[27.0488,37.6501],[27.0507,37.6497],[27.206,37.3898],[27.2075,37.3764],[27.1908,37.3573],[27.2119,37.3573],[27.2334,37.344],[27.2801,37.266],[27.302,37.2293],[27.3239,37.1927],[27.3579,37.1358],[27.349,37.1301],[27.3218,37.1587],[27.3218,37.1254],[27.3011,37.127],[27.3007,37.127],[27.2998,37.1262],[27.2717,37.1289],[27.2604,37.1103],[27.2828,37.1103],[27.2696,37.0981],[27.2391,37.083],[27.2288,37.0618],[27.2527,36.9783],[27.2632,36.9634],[27.3081,36.9594],[27.3006,36.9731],[27.3327,36.9971],[27.3314,37.0023],[27.3436,37.0146],[27.4059,37.0167],[27.4296,37.0158],[27.5784,36.7671],[27.5614,36.7609],[27.4832,36.754],[27.4588,36.7557],[27.4273,36.7357],[27.4143,36.7093],[27.3558,36.7124],[27.3628,36.6851],[27.4557,36.6629],[27.4727,36.6509],[27.4863,36.6652],[27.5486,36.6834],[27.5556,36.6829],[27.5597,36.6746],[27.603,36.6789],[27.6374,36.6682],[27.6427,36.6595],[27.6431,36.6595],[27.6646,36.6598],[27.6712,36.6578],[27.6716,36.6599],[28.0144,36.6653],[28.0207,36.6336],[28.0211,36.6337],[28.0211,36.6336],[28.0881,36.6426],[28.054,36.6096],[28.0344,36.6025],[27.9592,36.6025],[27.9661,36.5759],[27.9909,36.5598],[28.0138,36.5759],[28.048,36.569],[28.0617,36.5963],[28.0881,36.5891],[28.1115,36.6042],[28.1584,36.6675],[28.7335,36.6764],[28.8293,36.6235],[28.8186,36.6117],[28.8587,36.6013],[28.8614,36.6057],[29.106,36.4706],[29.1242,36.4536],[29.1304,36.4114],[29.0964,36.3909],[29.1447,36.3772],[29.1447,36.3493],[29.2186,36.3288],[29.2231,36.3246],[29.2437,36.3138],[29.2612,36.2936],[29.3223,36.2469],[29.3571,36.2357],[29.3702,36.2522],[29.4187,36.2375],[29.4204,36.2306],[29.4262,36.2353],[29.4725,36.2213],[29.4945,36.211],[29.5215,36.206],[29.5229,36.206],[29.585,36.1872],[29.5835,36.1855],[29.5887,36.1861],[29.6342,36.1723],[29.634,36.1571],[29.6682,36.1438],[29.6724,36.1234],[29.6944,36.1455],[29.6983,36.1433],[29.6986,36.1434],[29.6987,36.1433],[29.7457,36.1515],[29.7617,36.137],[29.7953,36.1452],[29.823,36.1649],[30.3566,36.2576],[30.3859,36.243],[30.3861,36.2431],[30.3863,36.243],[30.4,36.2488],[30.4004,36.2481],[30.3986,36.206],[30.4408,36.2393],[30.4517,36.2618],[30.488,36.2878],[30.4668,36.2878],[30.473,36.2985],[30.4835,36.3107],[30.4838,36.3127],[30.5199,36.3419],[30.4942,36.3493],[30.5016,36.3636],[30.4927,36.3708],[30.5046,36.4478],[30.5088,36.4543],[30.5101,36.4583],[30.5487,36.5115],[30.5698,36.528],[30.5811,36.5752],[30.5724,36.5919],[30.6028,36.6465],[30.6203,36.6781],[31.6999,36.6443],[31.8,36.578],[32.2814,36.2591],[32.283,36.2506],[32.3187,36.2286],[32.3655,36.178],[32.4196,36.1595],[32.4373,36.1387],[32.5134,36.103],[32.5452,36.0981],[32.5826,36.0888],[32.6707,36.0467],[32.7606,36.0295],[32.8037,36.0272],[32.8655,36.0678],[32.9279,36.0954],[32.9826,36.0976],[33.0877,36.0828],[33.1071,36.1033],[33.3004,36.1318],[33.3084,36.1322],[33.3093,36.1331],[33.3662,36.1415],[33.3865,36.137],[33.4371,36.1519],[33.4425,36.1527],[33.5215,36.144],[33.5219,36.144],[33.5325,36.1463],[33.5442,36.1445],[33.5523,36.1275],[33.5888,36.1588],[33.661,36.1747],[33.6853,36.1432],[33.7053,36.1817],[33.7177,36.1922],[33.7302,36.1976],[33.9451,36.2134],[33.959,36.2136],[33.9593,36.2145],[34.0259,36.2194],[34.2,36.3651],[34.7134,36.7948],[34.9056,36.7421],[34.9079,36.7404],[34.9004,36.7199],[34.9333,36.7275],[34.9423,36.7263],[34.9435,36.7256],[35.1174,36.6585],[35.2947,36.5725],[35.348,36.5444],[35.409,36.5769],[35.4717,36.5868],[35.552,36.5647],[35.5524,36.5647],[35.8126,36.6016],[35.8379,36.6052],[35.8631,36.6088],[35.8883,36.6123],[35.9639,36.6231],[36.0144,36.6302],[36.1599,36.6509],[36.0328,36.5246],[36.0308,36.5229],[36.0144,36.51],[35.966,36.4719],[35.9424,36.4643],[35.9187,36.4482],[35.9124,36.4296],[35.8832,36.4066],[35.879,36.4009],[35.8735,36.3977],[35.8676,36.3856],[35.8572,36.3714],[35.8159,36.353],[35.7887,36.3203],[35.7965,36.2898],[35.7824,36.2757],[35.7826,36.2755],[35.7824,36.2753],[35.8986,36.1317],[35.9246,36.0704],[35.9551,35.9985],[35.9268,35.9607],[35.9137,35.9433],[35.894,35.917],[35.8851,35.9058],[35.9015,35.9058],[35.9113,35.9178],[35.9803,35.9269],[35.9928,35.9153],[35.9924,35.8773],[36.0803,35.8542],[36.1385,35.8198],[36.1553,35.8222],[36.1688,35.8521],[36.1749,35.9227],[36.1969,35.9517],[36.229,35.9612],[36.269,35.9587],[36.2775,35.9942],[36.2974,36.0007],[36.3367,35.9882],[36.358,35.994],[36.3555,36.0224],[36.3586,36.167],[36.3758,36.2045],[36.373,36.2276],[36.4119,36.2045],[36.4507,36.1999],[36.4689,36.2224],[36.4986,36.2279],[36.5935,36.2181],[36.6643,36.229],[36.6691,36.2599],[36.6488,36.3057],[36.6207,36.322],[36.5878,36.3248],[36.5943,36.3571],[36.5857,36.387],[36.5527,36.4082],[36.5338,36.4625],[36.5355,36.494],[36.5653,36.5325],[36.5693,36.6201],[36.5947,36.6858],[36.6033,36.747],[36.6433,36.8036],[36.6399,36.8281],[36.6596,36.8272],[36.8437,36.7758],[36.9068,36.7726],[36.9647,36.7538],[37.0106,36.7195],[37.0195,36.6858],[37.0145,36.6423],[37.0531,36.6199],[37.1044,36.651],[37.1561,36.6439],[37.2419,36.6586],[37.4045,36.6345],[37.4461,36.6342],[37.5221,36.6736],[37.5934,36.7105],[37.6541,36.7321],[37.8197,36.7605],[38.026,36.835],[38.123,36.8846],[38.1901,36.9055],[38.2243,36.9084],[38.2899,36.9017],[38.48,36.8557],[38.5294,36.8337],[38.6352,36.744],[38.6641,36.7195],[38.725,36.6939],[38.7954,36.6867],[38.958,36.6929],[39.0322,36.7012],[39.1859,36.6595],[39.2396,36.6613],[39.4417,36.6924],[39.7653,36.7422],[39.9798,36.807],[40.0792,36.8549],[40.1527,36.8704],[40.1901,36.8844],[40.2614,36.9228],[40.3937,36.994],[40.4352,37.0106],[40.5257,37.0259],[40.6595,37.0853],[40.709,37.1005],[40.8964,37.1227],[41.1351,37.0842],[41.2013,37.065],[41.4798,37.0756],[41.8964,37.1543],[41.876,37.2168],[41.814,37.2581],[41.6983,37.2871],[41.6818,37.3284],[41.7231,37.3656],[41.8926,37.4359],[41.905,37.502],[41.876,37.5888],[41.8169,37.7138],[41.9587,37.659],[42.157,37.6466],[42.2354,37.7086],[42.3676,37.7044],[42.5697,37.663],[42.7811,37.6384],[42.9505,37.626],[43.0119,37.6754],[43.0233,37.7317],[43.1029,37.7661],[43.1888,37.757],[43.2902,37.7273],[43.3868,37.7336],[43.5212,37.7347],[43.6548,37.7517],[43.7114,37.773],[43.7944,37.7547],[43.8589,37.754],[43.923,37.7644],[43.9778,37.7913],[44.0037,37.8452],[44.0443,37.9012],[44.1169,37.913],[44.205,37.9048],[44.2255,37.9293],[44.2215,37.9688],[44.2454,38.0084],[44.2695,38.03],[44.2959,38.079],[44.3338,38.1009],[44.3271,38.1284],[44.3606,38.1479],[44.3767,38.2015],[44.3724,38.2495],[44.4368,38.2969],[44.4592,38.3224],[44.4511,38.354],[44.4247,38.377],[44.3963,38.3797],[44.3634,38.3646],[44.2895,38.3823],[44.2875,38.4537],[44.3014,38.5112],[44.2922,38.562],[44.297,38.6223],[44.2749,38.6494],[44.2443,38.659],[44.2605,38.6792],[44.2486,38.7218],[44.2798,38.8142],[44.275,38.8436],[44.222,38.8634],[44.1921,38.8908],[44.1746,38.9458],[44.152,38.9646],[44.1392,38.994],[44.1791,39.0349],[44.1699,39.0744],[44.1948,39.1205],[44.1866,39.1451],[44.0777,39.2001],[44.0827,39.2357],[44.0694,39.287],[44.0474,39.3375],[44.0149,39.3741],[44.0614,39.4003],[44.1222,39.4004],[44.2004,39.4095],[44.2695,39.3829],[44.317,39.3853],[44.3687,39.4036],[44.4048,39.4344],[44.4017,39.4713],[44.4168,39.5055],[44.412,39.5445],[44.4186,39.5743],[44.4583,39.6425],[44.4595,39.6985],[44.5657,39.7659],[44.6058,39.7632],[44.6465,39.7195],[44.7063,39.698],[44.807,39.6399],[44.824,39.6305],[44.8723,39.6251],[44.8984,39.5844],[44.9284,39.4882],[44.9616,39.4538],[44.957,39.4345],[45.0064,39.418],[45.0512,39.3871],[45.0686,39.3642],[45.088,39.3507],[45.1144,39.3094],[45.1358,39.2785],[45.1527,39.2135],[45.1789,39.2198],[45.2831,39.1931],[45.3139,39.1942],[45.3111,39.1763],[45.3482,39.1639],[45.3453,39.1384],[45.3793,39.1112],[45.3964,39.0733],[45.4345,39.0528],[45.4271,39.0149],[45.4945,38.9819],[45.5356,38.9685],[45.6278,38.9555],[45.7169,38.9548],[45.7681,38.9391],[45.7911,38.9321],[46.0018,38.8975],[46.068,38.8741],[46.1359,38.8637],[46.2025,38.8705],[46.2719,38.9066],[46.3045,38.9163],[46.3919,38.9224],[46.514,38.8822],[46.4793,38.9394],[46.4758,38.9756],[46.4946,39.0255],[46.4975,39.0535],[46.4793,39.1148],[46.4218,39.1446],[46.3963,39.1644],[46.3953,39.1952],[46.4183,39.2119],[46.4534,39.2084],[46.5141,39.1844],[46.5264,39.1858],[46.5991,39.2225],[46.5177,39.2788],[46.4953,39.324],[46.4793,39.3342],[46.4074,39.3591],[46.3746,39.3788],[46.3609,39.4103],[46.374,39.436],[46.4057,39.4512],[46.479,39.4618],[46.4986,39.4831],[46.492,39.5102],[46.5273,39.5382],[46.512,39.5676],[46.4793,39.5787],[46.4162,39.574],[46.3814,39.585],[46.3437,39.6186],[46.3095,39.6205],[46.2412,39.5935],[46.2065,39.5879],[46.1696,39.6041],[46.1461,39.6385],[46.1145,39.6596],[46.0765,39.6681],[46.0451,39.6876],[46.0066,39.7479],[45.9792,39.7685],[45.8832,39.7961],[45.8619,39.8045],[45.8091,39.8512],[45.7644,39.9221],[45.7154,39.9509],[45.6111,39.9592],[45.5794,39.9702],[45.5776,39.984],[45.5763,39.9939],[45.6396,40.0254],[45.8039,40.0045],[45.8738,40.0098],[45.894,40.0291],[45.9095,40.0827],[45.9508,40.1172],[45.9811,40.206],[45.9792,40.2236],[45.9246,40.2662],[45.8885,40.262],[45.8617,40.2613],[45.8192,40.2971],[45.5854,40.3987],[45.5262,40.441],[45.4854,40.5053],[45.4508,40.5344],[45.4446,40.5664],[45.3878,40.6095],[45.3736,40.6513],[45.3736,40.6753],[45.3988,40.7089],[45.4379,40.7334],[45.4783,40.7482],[45.5559,40.7766],[45.5822,40.7994],[45.601,40.8406],[45.5992,40.8627],[45.5379,40.8759],[45.4793,40.9299],[45.4428,40.9484],[45.4164,40.9613],[45.4252,40.9937],[45.4191,41.0173],[45.3819,41.0114],[45.3354,40.9938],[45.2687,41.0103],[45.2216,41.0144],[45.12,41.0796],[45.111,41.0495],[45.07,41.0621],[45.0572,41.0788],[45.0678,41.1109],[45.1667,41.1078],[45.201,41.1267],[45.1868,41.1569],[45.1344,41.1879],[45.052,41.1921],[45.0293,41.2101],[45.0394,41.2312],[45.0024,41.2905],[44.9552,41.2627],[44.9172,41.2618],[44.8207,41.2733],[44.8095,41.2444],[44.8538,41.2235],[44.8215,41.2062],[44.6749,41.2085],[44.6129,41.2231],[44.5914,41.2158],[44.5515,41.177],[44.531,41.1815],[44.5166,41.2068],[44.4549,41.1805],[44.4106,41.1877],[44.3573,41.2122],[44.3085,41.1938],[44.2665,41.1962],[44.191,41.23],[44.1684,41.2236],[44.1601,41.1979],[44.1036,41.1752],[44.0413,41.1826],[43.9782,41.1646],[43.9778,41.1645],[43.8632,41.159],[43.8204,41.1455],[43.7737,41.1145],[43.7297,41.1067],[43.5666,41.1241],[43.5241,41.1228],[43.4701,41.1062],[43.4404,41.1066],[43.3755,41.0899],[43.2749,41.0468],[42.9491,40.9414],[42.8294,40.8935],[42.8054,40.8169],[42.7911,40.6971],[42.7719,40.6253],[42.6522,40.6157],[42.537,40.5992],[42.5068,40.6398],[42.4667,40.6706],[42.4372,40.7034],[42.4163,40.7423],[42.3876,40.7698],[42.3516,40.7891],[42.2992,40.8481],[42.2792,40.9249],[42.1612,40.9109],[42.0923,40.9167],[42.0244,40.9119],[41.9589,40.8775],[41.946,40.8385],[41.9526,40.7956],[41.9272,40.7551],[41.8874,40.7244],[41.868,40.6847],[41.8664,40.6397],[41.8208,40.5876],[41.7541,40.6155],[41.7347,40.6236],[41.6566,40.6412],[41.5788,40.6243],[41.4935,40.5818],[41.4013,40.5556],[41.3334,40.601],[41.347,40.6864],[41.3727,40.7221],[41.3653,40.7547],[41.3293,40.7645],[41.2055,40.7792],[41.1274,40.8129],[41.0509,40.7784],[40.9444,40.709],[40.9016,40.6983],[40.8575,40.698],[40.8219,40.6866],[40.7918,40.6291],[40.6514,40.6041],[40.4894,40.5421],[40.4294,40.5295],[40.3267,40.53],[40.2279,40.5112],[40.1846,40.5104],[40.1017,40.5307],[40.0159,40.5327],[39.9747,40.5503],[39.9138,40.603],[39.8836,40.6118],[39.8633,40.5994],[39.8699,40.5749],[39.834,40.561],[39.8674,40.4136],[39.86,40.2669],[39.8276,40.2092],[39.8115,40.144],[39.8328,40.0769],[39.8691,40.0148],[39.8317,39.9709],[39.7879,39.9348],[39.6764,39.9147],[39.622,39.8938],[39.5647,39.8892],[39.5058,39.8926],[39.447,39.888],[39.3854,39.8933],[39.327,39.9163],[39.2665,39.9303],[39.2331,39.9607],[39.1583,39.9901],[39.0496,40.0391],[38.989,40.0488],[38.9333,40.0713],[38.8925,40.0576],[38.8055,40.0525],[38.7616,40.0549],[38.661,40.0935],[38.5563,40.1194],[38.4542,40.0999],[38.3923,40.1283],[38.3311,40.1647],[38.2748,40.1861],[38.2382,40.2286],[38.2405,40.2852],[38.1583,40.5235],[38.0952,40.4922],[38.0084,40.481],[37.998,40.4688],[38.0016,40.4116],[37.9802,40.4013],[37.8977,40.4041],[37.8614,40.3839],[37.8019,40.3357],[37.7669,40.3319],[37.6901,40.3794],[37.6349,40.4612],[37.5841,40.382],[37.5241,40.317],[37.4221,40.2955],[37.3508,40.259],[37.3,40.2532],[37.3,38.6093],[37.3429,38.6249],[37.3936,38.6613],[37.4447,38.7082],[37.5098,38.7366],[37.5805,38.7968],[37.5969,38.8343],[37.5614,38.9222],[37.5516,38.9694],[37.5736,39.0082],[37.6176,39.017],[37.7022,38.9843],[37.7858,38.9983],[37.932,39.0623],[38.01,39.0637],[38.0802,39.0802],[38.1477,39.0726],[38.2123,39.0876],[38.2839,39.1297],[38.3617,39.1503],[38.4409,39.1195],[38.5356,39.1159],[38.6236,39.0822],[38.6879,39.023],[38.6168,39.0203],[38.5893,38.9922],[38.5899,38.9508],[38.6194,38.8959],[38.6239,38.8126],[38.6357,38.7817],[38.6187,38.7482],[38.5089,38.7568],[38.4713,38.7408],[38.4781,38.7254],[38.4604,38.6924],[38.4024,38.6734],[38.3757,38.6452],[38.3489,38.5956],[38.3735,38.5365],[38.403,38.508],[38.4256,38.5124],[38.4566,38.4849],[38.4817,38.4759],[38.5667,38.4646],[38.6078,38.4534],[38.6889,38.4207],[38.7177,38.4186],[38.8105,38.4403],[38.8269,38.4186],[38.861,38.3988],[38.8855,38.364],[38.9111,38.3607],[38.9572,38.3305],[38.9922,38.326],[39.0734,38.3479],[39.1149,38.3435],[39.145,38.3078],[39.1485,38.2842],[39.1149,38.1927],[39.0695,38.1515],[39.0156,38.1308],[38.932,38.1073],[38.8032,38.0903],[38.7334,38.0984],[38.6631,38.0982],[38.6035,38.1104],[38.5714,38.1259],[38.5639,38.1467],[38.6228,38.1866],[38.6187,38.2191],[38.5609,38.2284],[38.5009,38.2146],[38.4309,38.2141],[38.3579,38.149],[38.295,38.0738],[38.2173,38.0405],[38.1909,38.0008],[38.1892,37.9485],[38.1276,37.905],[38.0444,37.8887],[37.9735,37.8657],[37.888,37.881],[37.796,37.8712],[37.7076,37.842],[37.5653,37.8205],[37.6069,37.8795],[37.6582,38.0267],[37.7152,38.0927],[37.7213,38.1226],[37.7762,38.2372],[37.7823,38.2784],[37.7336,38.3462],[37.6552,38.3747],[37.5872,38.39],[37.4597,38.4496],[37.3107,38.4749],[37.2371,38.4672],[37.2259,38.5263],[37.2844,38.6036],[37.0597,38.5881],[37.0088,38.6105],[36.8789,38.625],[36.7475,38.5994],[36.7137,38.583],[36.694,38.5523],[36.682,38.4999],[36.65,38.4591],[36.5055,38.3229],[36.4626,38.358],[36.4373,38.4097],[36.4001,38.4566],[36.348,38.4747],[36.2669,38.4578],[36.19,38.4235],[36.1459,38.3951],[36.1033,38.3122],[36.0756,38.2819],[36.0331,38.2133],[35.979,38.155],[35.6077,37.9538],[35.6296,37.7702],[35.5772,37.7505],[35.4536,37.7888],[35.3632,37.8073],[35.1906,37.8181],[35.0597,37.7135],[35,37.7057],[34.9619,37.7007],[34.9106,37.7136],[34.8597,37.7166],[34.8278,37.6802],[34.8326,37.6299],[34.8652,37.553],[34.8499,37.5106],[34.7946,37.4572],[34.7916,37.3877],[34.7215,37.4014],[34.5875,37.3533],[34.5122,37.352],[34.4891,37.3949],[34.4272,37.4432],[34.3891,37.4865],[34.3941,37.5611],[34.4329,37.6086],[34.4568,37.6603],[34.4455,37.7171],[34.4128,37.7531],[34.3733,37.7835],[34.3005,37.8753],[34.2063,37.9099],[34.1731,37.9506],[34.1598,38.0023],[34.0849,38.0118],[34.0094,37.9981],[33.9321,37.9736],[33.8538,37.9578],[33.7746,37.9608],[33.6189,37.9521],[33.4997,37.9318],[33.4561,37.9332],[33.4155,37.9637],[33.3485,38.0292],[33.3251,38.1088],[33.3012,38.1271],[33.2647,38.2045],[33.2721,38.286],[33.294,38.3571],[33.3177,38.4098],[33.353,38.4526],[33.3675,38.5315],[33.3895,38.5649],[33.4474,38.6161],[33.4666,38.6436],[33.4449,38.6837],[33.4134,38.7197],[33.3662,38.7987],[33.3638,38.8568],[33.3796,38.9687],[33.3744,39.0226],[33.3206,39.1199],[33.2227,39.1752],[33.1661,39.1889],[33.1048,39.2221],[33.0624,39.2221],[33.0321,39.1755],[33.0236,39.1236],[33.0091,39.1051],[32.9658,39.1105],[32.908,39.1449],[32.86,39.1572],[32.7579,39.0921],[32.7218,39.0544],[32.6761,39.0338],[32.6015,39.0584],[32.538,39.0356],[32.4787,38.9972],[32.436,39],[32.3676,39.0413],[32.2823,39.0635],[32.2321,39.059],[32.127,39.0342],[32.0906,39.0435],[31.9482,39.1364],[31.8614,39.1714],[31.9383,39.2045],[31.9561,39.2255],[31.9999,39.2327],[32.0427,39.2751],[32.0358,39.3053],[32.0043,39.3223],[31.9833,39.3482],[31.9752,39.4049],[31.9905,39.4652],[31.9912,39.4959],[31.9651,39.5349],[31.9469,39.5865],[31.897,39.6206],[31.8473,39.7259],[31.8408,39.7758],[31.8817,39.8118],[31.8795,39.8383],[31.845,39.8761],[31.7823,39.8905],[31.757,39.9203],[31.7261,39.9941],[31.727,40.0235],[31.6812,40.0184],[31.6403,40.0401],[31.6041,40.03],[31.5315,40.0291],[31.4926,40.0221],[31.4598,40.0301],[31.4308,40.0236],[31.3891,40.0569],[31.3389,40.0483],[31.2469,40.0577],[31.1911,40.0241],[31.1399,40.0436],[31.0816,40.0481],[30.9865,40.0165],[30.9221,40.02],[30.9067,40.1006],[30.8636,40.1428],[30.7988,40.1509],[30.7386,40.1678],[30.6361,40.1646],[30.5554,40.1146],[30.5242,40.0116],[30.4907,39.9653],[30.4395,39.9362],[30.3852,39.9367],[30.3339,39.9197],[30.3016,39.8791],[30.2452,39.8497],[30.235,39.7477],[30.1917,39.6885],[30.1361,39.6388],[30.0241,39.6242],[29.9455,39.6076],[29.902,39.6166],[29.7911,39.6771],[29.7163,39.7093],[29.6658,39.7788],[29.6617,39.8211],[29.6777,39.9063],[29.6183,39.8924],[29.5544,39.8919],[29.4502,39.9235],[29.3995,39.8959],[29.3682,39.8133],[29.3478,39.7969],[29.3202,39.7172],[29.2742,39.6909],[29.2525,39.6458],[29.2461,39.5793],[29.1908,39.5521],[29.1193,39.5516],[29.0048,39.5661],[28.9672,39.5891],[28.947,39.5599],[28.9408,39.5211],[28.9088,39.4707],[28.896,39.3997],[28.8497,39.3479],[28.8114,39.2906],[28.7787,39.2722],[28.6667,39.238],[28.6578,39.204],[28.6595,39.1566],[28.5721,39.1675],[28.4799,39.1306],[28.4047,39.1194],[28.3208,39.1163],[28.2936,39.0883],[28.2562,39.0711],[28.171,39.0502],[28.125,39.063],[28.0737,39.1527],[27.968,39.2433],[27.8933,39.2219],[27.8542,39.2364],[27.8659,39.2716],[27.8962,39.3134],[27.8712,39.3448],[27.823,39.3396],[27.7679,39.3566],[27.7264,39.3593],[27.6559,39.3517],[27.586,39.367],[27.5431,39.3948],[27.4966,39.4113],[27.4201,39.3803],[27.4588,39.3037],[27.4918,39.1836],[27.5081,39.1478],[27.5453,39.0939],[27.5377,39.0413],[27.5101,39.0168],[27.4452,38.9744],[27.3821,38.9545],[27.3271,38.9249],[27.3094,38.8497],[27.291,38.8166],[27.2608,38.792],[27.2517,38.78],[26.6753,38.78],[26.561,38.5972],[26.5558,38.6054],[26.5056,38.6527],[26.4656,38.6727],[26.4141,38.6794],[26.3563,38.6617],[26.3486,38.6213],[26.3758,38.5286],[26.4038,38.4875],[26.3879,38.4543],[26.4181,38.4649],[26.4294,38.4409],[26.4151,38.3682],[26.3435,38.37],[26.3431,38.37],[26.3219,38.3339],[26.3143,38.3367],[26.3211,38.3777],[26.3076,38.3579],[26.2941,38.3699],[26.2889,38.3406],[26.3076,38.3231],[26.2859,38.3187],[26.2654,38.2867],[26.2388,38.2958],[26.2346,38.2738]]],[[[45.4793,40.6098],[45.5137,40.602],[45.5472,40.6216],[45.5607,40.6476],[45.5202,40.6604],[45.4793,40.6502],[45.4793,40.6098]]]]}},
{"type":"Feature","properties":{"entityId":"seleucid-empire","from":-188,"to":-187,"certainty":"estimated","source":"유럽 쪽은 Natural Earth 1:10m admin-1(v5.1.2) 현대 행정구역 조각을 그 시기 국경에 맞춰 묶고, 조각이 역사 경계와 다른 곳은 선을 그어 나눈 근사. 유럽 밖(시베리아·중앙아시아·극동)은 대략적인 추정. 운영자 검수 필요"},"geometry":{"type":"MultiPolygon","coordinates":[[[[25.6633,40.1262],[25.7212,40.1048],[25.766,40.0972],[25.8563,40.1079],[25.9004,40.1227],[25.9678,40.1308],[26.0122,40.1461],[26.0122,40.1666],[25.9729,40.1532],[25.9728,40.1584],[25.9763,40.1785],[25.9762,40.1786],[25.9763,40.1789],[25.9725,40.1828],[25.9719,40.2211],[25.9382,40.2416],[25.9133,40.2413],[25.8947,40.236],[25.8751,40.2344],[25.7983,40.2124],[25.759,40.2067],[25.719,40.1872],[25.6862,40.1608],[25.6633,40.1262]]],[[[26.1531,40.455],[26.172,40.4269],[26.2097,40.3709],[26.2323,40.3372],[26.21,40.3219],[26.2181,40.2969],[26.2531,40.2689],[26.2531,40.2479],[26.2602,40.2031],[26.247,40.1808],[26.2147,40.1461],[26.1902,40.0942],[26.1575,40.0553],[26.1776,40.0507],[26.2306,40.0649],[26.2731,40.0926],[26.328,40.1187],[26.3758,40.1535],[26.3702,40.1593],[26.3992,40.178],[26.3963,40.1728],[26.3982,40.164],[26.44,40.21],[26.52,40.27],[26.62,40.33],[26.69,40.38],[26.7534,40.403],[26.7477,40.4032],[26.9017,40.5028],[26.9481,40.5328],[26.9944,40.5627],[26.9944,40.5686],[26.9635,40.561],[26.9319,40.6358],[26.9324,40.7149],[26.7864,40.7258],[26.7805,40.6594],[26.7704,40.6582],[26.7704,40.6006],[26.7119,40.6006],[26.7119,40.6154],[26.6827,40.6154],[26.6827,40.5803],[26.5948,40.5803],[26.5948,40.5768],[26.5656,40.5768],[26.5656,40.5472],[26.4777,40.5472],[26.4777,40.543],[26.4485,40.543],[26.4485,40.5176],[26.3606,40.5176],[26.3606,40.4985],[26.2475,40.4985],[26.2475,40.4662],[26.2097,40.4662],[26.2097,40.483],[26.172,40.483],[26.172,40.455],[26.1531,40.455]]],[[[26.2346,38.2738],[26.2866,38.2611],[26.3286,38.2351],[26.3344,38.2351],[26.3179,38.2086],[26.3181,38.2085],[26.3179,38.2082],[26.5572,38.0264],[26.6768,37.9356],[26.6768,37.9377],[26.7964,37.9377],[26.7964,37.922],[27.0306,37.922],[27.0306,37.8922],[27.1185,37.8922],[27.1185,37.8324],[27.1477,37.8324],[27.1477,37.8025],[27.173,37.8025],[27.173,37.7753],[27.1445,37.7753],[27.1445,37.7428],[27.1161,37.7428],[27.1161,37.7157],[27.0876,37.7157],[27.0876,37.6892],[27.0591,37.6897],[27.0591,37.7067],[27.0306,37.7066],[27.0048,37.7066],[27.0048,37.6863],[27.0208,37.6742],[27.0115,37.6657],[27.0488,37.6501],[27.0507,37.6497],[27.206,37.3898],[27.2075,37.3764],[27.1908,37.3573],[27.2119,37.3573],[27.2334,37.344],[27.2801,37.266],[27.302,37.2293],[27.3239,37.1927],[27.3579,37.1358],[27.349,37.1301],[27.3218,37.1587],[27.3218,37.1254],[27.3011,37.127],[27.3007,37.127],[27.2998,37.1262],[27.2717,37.1289],[27.2604,37.1103],[27.2828,37.1103],[27.2696,37.0981],[27.2391,37.083],[27.2288,37.0618],[27.2527,36.9783],[27.2632,36.9634],[27.3081,36.9594],[27.3006,36.9731],[27.3327,36.9971],[27.3314,37.0023],[27.3436,37.0146],[27.4059,37.0167],[27.4296,37.0158],[27.5784,36.7671],[27.5614,36.7609],[27.4832,36.754],[27.4588,36.7557],[27.4273,36.7357],[27.4143,36.7093],[27.3558,36.7124],[27.3628,36.6851],[27.4557,36.6629],[27.4727,36.6509],[27.4863,36.6652],[27.5486,36.6834],[27.5556,36.6829],[27.5597,36.6746],[27.603,36.6789],[27.6374,36.6682],[27.6427,36.6595],[27.6431,36.6595],[27.6646,36.6598],[27.6712,36.6578],[27.6716,36.6599],[28.0144,36.6653],[28.0207,36.6336],[28.0211,36.6337],[28.0211,36.6336],[28.0881,36.6426],[28.054,36.6096],[28.0344,36.6025],[27.9592,36.6025],[27.9661,36.5759],[27.9909,36.5598],[28.0138,36.5759],[28.048,36.569],[28.0617,36.5963],[28.0881,36.5891],[28.1115,36.6042],[28.1584,36.6675],[28.7335,36.6764],[28.8293,36.6235],[28.8186,36.6117],[28.8587,36.6013],[28.8614,36.6057],[29.106,36.4706],[29.1242,36.4536],[29.1304,36.4114],[29.0964,36.3909],[29.1447,36.3772],[29.1447,36.3493],[29.2186,36.3288],[29.2231,36.3246],[29.2437,36.3138],[29.2612,36.2936],[29.3223,36.2469],[29.3571,36.2357],[29.3702,36.2522],[29.4187,36.2375],[29.4204,36.2306],[29.4262,36.2353],[29.4725,36.2213],[29.4945,36.211],[29.5215,36.206],[29.5229,36.206],[29.585,36.1872],[29.5835,36.1855],[29.5887,36.1861],[29.6342,36.1723],[29.634,36.1571],[29.6682,36.1438],[29.6724,36.1234],[29.6944,36.1455],[29.6983,36.1433],[29.6986,36.1434],[29.6987,36.1433],[29.7457,36.1515],[29.7617,36.137],[29.7953,36.1452],[29.823,36.1649],[30.3566,36.2576],[30.3859,36.243],[30.3861,36.2431],[30.3863,36.243],[30.4,36.2488],[30.4004,36.2481],[30.3986,36.206],[30.4408,36.2393],[30.4517,36.2618],[30.488,36.2878],[30.4668,36.2878],[30.473,36.2985],[30.4835,36.3107],[30.4838,36.3127],[30.5199,36.3419],[30.4942,36.3493],[30.5016,36.3636],[30.4927,36.3708],[30.5046,36.4478],[30.5088,36.4543],[30.5101,36.4583],[30.5487,36.5115],[30.5698,36.528],[30.5811,36.5752],[30.5724,36.5919],[30.6028,36.6465],[30.6203,36.6781],[31.6999,36.6443],[31.8,36.578],[32.2814,36.2591],[32.283,36.2506],[32.3187,36.2286],[32.3655,36.178],[32.4196,36.1595],[32.4373,36.1387],[32.5134,36.103],[32.5452,36.0981],[32.5826,36.0888],[32.6707,36.0467],[32.7606,36.0295],[32.8037,36.0272],[32.8655,36.0678],[32.9279,36.0954],[32.9826,36.0976],[33.0877,36.0828],[33.1071,36.1033],[33.3004,36.1318],[33.3084,36.1322],[33.3093,36.1331],[33.3662,36.1415],[33.3865,36.137],[33.4371,36.1519],[33.4425,36.1527],[33.5215,36.144],[33.5219,36.144],[33.5325,36.1463],[33.5442,36.1445],[33.5523,36.1275],[33.5888,36.1588],[33.661,36.1747],[33.6853,36.1432],[33.7053,36.1817],[33.7177,36.1922],[33.7302,36.1976],[33.9451,36.2134],[33.959,36.2136],[33.9593,36.2145],[34.0259,36.2194],[34.2,36.3651],[34.7134,36.7948],[34.9056,36.7421],[34.9079,36.7404],[34.9004,36.7199],[34.9333,36.7275],[34.9423,36.7263],[34.9435,36.7256],[35.1174,36.6585],[35.2947,36.5725],[35.348,36.5444],[35.409,36.5769],[35.4717,36.5868],[35.552,36.5647],[35.5524,36.5647],[35.8126,36.6016],[35.8379,36.6052],[35.8631,36.6088],[35.8883,36.6123],[35.9639,36.6231],[36.0144,36.6302],[36.1599,36.6509],[36.0328,36.5246],[36.0308,36.5229],[36.0144,36.51],[35.966,36.4719],[35.9424,36.4643],[35.9187,36.4482],[35.9124,36.4296],[35.8832,36.4066],[35.879,36.4009],[35.8735,36.3977],[35.8676,36.3856],[35.8572,36.3714],[35.8159,36.353],[35.7887,36.3203],[35.7965,36.2898],[35.7824,36.2757],[35.7826,36.2755],[35.7824,36.2753],[35.8986,36.1317],[35.9246,36.0704],[35.9551,35.9985],[35.9268,35.9607],[35.9137,35.9433],[35.894,35.917],[35.8851,35.9058],[35.9015,35.9058],[35.9113,35.9178],[35.9803,35.9269],[35.9928,35.9153],[35.9924,35.8773],[36.0803,35.8542],[36.1385,35.8198],[36.1553,35.8222],[36.1688,35.8521],[36.1749,35.9227],[36.1969,35.9517],[36.229,35.9612],[36.269,35.9587],[36.2775,35.9942],[36.2974,36.0007],[36.3367,35.9882],[36.358,35.994],[36.3555,36.0224],[36.3586,36.167],[36.3758,36.2045],[36.373,36.2276],[36.4119,36.2045],[36.4507,36.1999],[36.4689,36.2224],[36.4986,36.2279],[36.5935,36.2181],[36.6643,36.229],[36.6691,36.2599],[36.6488,36.3057],[36.6207,36.322],[36.5878,36.3248],[36.5943,36.3571],[36.5857,36.387],[36.5527,36.4082],[36.5338,36.4625],[36.5355,36.494],[36.5653,36.5325],[36.5693,36.6201],[36.5947,36.6858],[36.6033,36.747],[36.6433,36.8036],[36.6399,36.8281],[36.6596,36.8272],[36.8437,36.7758],[36.9068,36.7726],[36.9647,36.7538],[37.0106,36.7195],[37.0195,36.6858],[37.0145,36.6423],[37.0531,36.6199],[37.1044,36.651],[37.1561,36.6439],[37.2419,36.6586],[37.4045,36.6345],[37.4461,36.6342],[37.5221,36.6736],[37.5934,36.7105],[37.6541,36.7321],[37.8197,36.7605],[38.026,36.835],[38.123,36.8846],[38.1901,36.9055],[38.2243,36.9084],[38.2899,36.9017],[38.48,36.8557],[38.5294,36.8337],[38.6352,36.744],[38.6641,36.7195],[38.725,36.6939],[38.7954,36.6867],[38.958,36.6929],[39.0322,36.7012],[39.1859,36.6595],[39.2396,36.6613],[39.4417,36.6924],[39.7653,36.7422],[39.9798,36.807],[40.0792,36.8549],[40.1527,36.8704],[40.1901,36.8844],[40.2614,36.9228],[40.3937,36.994],[40.4352,37.0106],[40.5257,37.0259],[40.6595,37.0853],[40.709,37.1005],[40.8964,37.1227],[41.1351,37.0842],[41.2013,37.065],[41.4798,37.0756],[41.8964,37.1543],[41.876,37.2168],[41.814,37.2581],[41.6983,37.2871],[41.6818,37.3284],[41.7231,37.3656],[41.8926,37.4359],[41.905,37.502],[41.876,37.5888],[41.8169,37.7138],[41.6322,37.6094],[41.5206,37.5433],[41.3677,37.5185],[41.2603,37.5722],[41.19,37.688],[41.1197,37.7582],[41.0752,37.7649],[41.0118,37.7414],[40.662,37.7484],[40.5516,37.7299],[40.5392,37.7073],[40.492,37.657],[40.4122,37.6524],[40.3009,37.5842],[40.2518,37.5693],[40.1426,37.5087],[40.0978,37.4758],[40,37.3757],[39.9537,37.4174],[39.9202,37.4695],[39.8843,37.5501],[39.8567,37.6694],[39.8632,37.7777],[39.8486,37.8019],[39.8128,37.8136],[39.7592,37.8424],[39.7385,37.8172],[39.6913,37.8339],[39.6527,37.8621],[39.5888,37.883],[39.5233,37.9261],[39.4626,37.9767],[39.4079,37.997],[39.3486,37.9989],[39.2675,38.0091],[39.189,38.0431],[39.2346,38.0761],[39.2247,38.0903],[39.2563,38.1531],[39.2526,38.1797],[39.2219,38.205],[39.1413,38.1786],[39.1149,38.1927],[39.0695,38.1515],[39.0156,38.1308],[38.932,38.1073],[38.8032,38.0903],[38.7334,38.0984],[38.6631,38.0982],[38.6035,38.1104],[38.5714,38.1259],[38.5639,38.1467],[38.6228,38.1866],[38.6187,38.2191],[38.5609,38.2284],[38.5009,38.2146],[38.4309,38.2141],[38.3579,38.149],[38.295,38.0738],[38.2173,38.0405],[38.1909,38.0008],[38.1892,37.9485],[38.1276,37.905],[38.0444,37.8887],[37.9735,37.8657],[37.888,37.881],[37.796,37.8712],[37.7076,37.842],[37.5653,37.8205],[37.6069,37.8795],[37.6582,38.0267],[37.7152,38.0927],[37.7213,38.1226],[37.7762,38.2372],[37.7823,38.2784],[37.7336,38.3462],[37.6552,38.3747],[37.5872,38.39],[37.4597,38.4496],[37.3107,38.4749],[37.2371,38.4672],[37.2259,38.5263],[37.2844,38.6036],[37.0597,38.5881],[37.0088,38.6105],[36.8789,38.625],[36.7475,38.5994],[36.7137,38.583],[36.694,38.5523],[36.682,38.4999],[36.65,38.4591],[36.5055,38.3229],[36.4626,38.358],[36.4373,38.4097],[36.4001,38.4566],[36.348,38.4747],[36.2669,38.4578],[36.19,38.4235],[36.1459,38.3951],[36.1033,38.3122],[36.0756,38.2819],[36.0331,38.2133],[35.979,38.155],[35.6077,37.9538],[35.6296,37.7702],[35.5772,37.7505],[35.4536,37.7888],[35.3632,37.8073],[35.1906,37.8181],[35.0597,37.7135],[35,37.7057],[34.9619,37.7007],[34.9106,37.7136],[34.8597,37.7166],[34.8278,37.6802],[34.8326,37.6299],[34.8652,37.553],[34.8499,37.5106],[34.7946,37.4572],[34.7916,37.3877],[34.7215,37.4014],[34.5875,37.3533],[34.5122,37.352],[34.4891,37.3949],[34.4272,37.4432],[34.3891,37.4865],[34.3941,37.5611],[34.4329,37.6086],[34.4568,37.6603],[34.4455,37.7171],[34.4128,37.7531],[34.3733,37.7835],[34.3005,37.8753],[34.2063,37.9099],[34.1731,37.9506],[34.1598,38.0023],[34.0849,38.0118],[34.0094,37.9981],[33.9321,37.9736],[33.8538,37.9578],[33.7746,37.9608],[33.6189,37.9521],[33.4997,37.9318],[33.4561,37.9332],[33.4155,37.9637],[33.3485,38.0292],[33.3251,38.1088],[33.3012,38.1271],[33.2647,38.2045],[33.2721,38.286],[33.294,38.3571],[33.3177,38.4098],[33.353,38.4526],[33.3675,38.5315],[33.3895,38.5649],[33.4474,38.6161],[33.4666,38.6436],[33.4449,38.6837],[33.4134,38.7197],[33.3662,38.7987],[33.3638,38.8568],[33.3796,38.9687],[33.3744,39.0226],[33.3206,39.1199],[33.2227,39.1752],[33.1661,39.1889],[33.1048,39.2221],[33.0624,39.2221],[33.0321,39.1755],[33.0236,39.1236],[33.0091,39.1051],[32.9658,39.1105],[32.908,39.1449],[32.86,39.1572],[32.7579,39.0921],[32.7218,39.0544],[32.6761,39.0338],[32.6015,39.0584],[32.538,39.0356],[32.4787,38.9972],[32.436,39],[32.3676,39.0413],[32.2823,39.0635],[32.2321,39.059],[32.127,39.0342],[32.0906,39.0435],[31.9482,39.1364],[31.8614,39.1714],[31.9383,39.2045],[31.9561,39.2255],[31.9999,39.2327],[32.0427,39.2751],[32.0358,39.3053],[32.0043,39.3223],[31.9833,39.3482],[31.9752,39.4049],[31.9905,39.4652],[31.9912,39.4959],[31.9651,39.5349],[31.9469,39.5865],[31.897,39.6206],[31.8473,39.7259],[31.8408,39.7758],[31.8817,39.8118],[31.8795,39.8383],[31.845,39.8761],[31.7823,39.8905],[31.757,39.9203],[31.7261,39.9941],[31.727,40.0235],[31.6812,40.0184],[31.6403,40.0401],[31.6041,40.03],[31.5315,40.0291],[31.4926,40.0221],[31.4598,40.0301],[31.4308,40.0236],[31.3891,40.0569],[31.3389,40.0483],[31.2469,40.0577],[31.1911,40.0241],[31.1399,40.0436],[31.0816,40.0481],[30.9865,40.0165],[30.9221,40.02],[30.9067,40.1006],[30.8636,40.1428],[30.7988,40.1509],[30.7386,40.1678],[30.6361,40.1646],[30.5554,40.1146],[30.5242,40.0116],[30.4907,39.9653],[30.4395,39.9362],[30.3852,39.9367],[30.3339,39.9197],[30.3016,39.8791],[30.2452,39.8497],[30.235,39.7477],[30.1917,39.6885],[30.1361,39.6388],[30.0241,39.6242],[29.9455,39.6076],[29.902,39.6166],[29.7911,39.6771],[29.7163,39.7093],[29.6658,39.7788],[29.6617,39.8211],[29.6777,39.9063],[29.6183,39.8924],[29.5544,39.8919],[29.4502,39.9235],[29.3995,39.8959],[29.3682,39.8133],[29.3478,39.7969],[29.3202,39.7172],[29.2742,39.6909],[29.2525,39.6458],[29.2461,39.5793],[29.1908,39.5521],[29.1193,39.5516],[29.0048,39.5661],[28.9672,39.5891],[28.947,39.5599],[28.9408,39.5211],[28.9088,39.4707],[28.896,39.3997],[28.8497,39.3479],[28.8114,39.2906],[28.7787,39.2722],[28.6667,39.238],[28.6578,39.204],[28.6595,39.1566],[28.5721,39.1675],[28.4799,39.1306],[28.4047,39.1194],[28.3208,39.1163],[28.2936,39.0883],[28.2562,39.0711],[28.171,39.0502],[28.125,39.063],[28.0737,39.1527],[27.968,39.2433],[27.8933,39.2219],[27.8542,39.2364],[27.8659,39.2716],[27.8962,39.3134],[27.8712,39.3448],[27.823,39.3396],[27.7679,39.3566],[27.7264,39.3593],[27.6559,39.3517],[27.586,39.367],[27.5431,39.3948],[27.4966,39.4113],[27.4201,39.3803],[27.4588,39.3037],[27.4918,39.1836],[27.5081,39.1478],[27.5453,39.0939],[27.5377,39.0413],[27.5101,39.0168],[27.4452,38.9744],[27.3821,38.9545],[27.3271,38.9249],[27.3094,38.8497],[27.291,38.8166],[27.2608,38.792],[27.2517,38.78],[26.6753,38.78],[26.561,38.5972],[26.5558,38.6054],[26.5056,38.6527],[26.4656,38.6727],[26.4141,38.6794],[26.3563,38.6617],[26.3486,38.6213],[26.3758,38.5286],[26.4038,38.4875],[26.3879,38.4543],[26.4181,38.4649],[26.4294,38.4409],[26.4151,38.3682],[26.3435,38.37],[26.3431,38.37],[26.3219,38.3339],[26.3143,38.3367],[26.3211,38.3777],[26.3076,38.3579],[26.2941,38.3699],[26.2889,38.3406],[26.3076,38.3231],[26.2859,38.3187],[26.2654,38.2867],[26.2388,38.2958],[26.2346,38.2738]]]]}},
{"type":"Feature","properties":{"entityId":"seleucid-empire","from":-187,"to":-162,"certainty":"estimated","source":"유럽 쪽은 Natural Earth 1:10m admin-1(v5.1.2) 현대 행정구역 조각을 그 시기 국경에 맞춰 묶고, 조각이 역사 경계와 다른 곳은 선을 그어 나눈 근사. 유럽 밖(시베리아·중앙아시아·극동)은 대략적인 추정. 운영자 검수 필요"},"geometry":{"type":"Polygon","coordinates":[[[31.8,36.578],[32.2814,36.2591],[32.283,36.2506],[32.3187,36.2286],[32.3655,36.178],[32.4196,36.1595],[32.4373,36.1387],[32.5134,36.103],[32.5452,36.0981],[32.5826,36.0888],[32.6707,36.0467],[32.7606,36.0295],[32.8037,36.0272],[32.8655,36.0678],[32.9279,36.0954],[32.9826,36.0976],[33.0877,36.0828],[33.1071,36.1033],[33.3004,36.1318],[33.3084,36.1322],[33.3093,36.1331],[33.3662,36.1415],[33.3865,36.137],[33.4371,36.1519],[33.4425,36.1527],[33.5215,36.144],[33.5219,36.144],[33.5325,36.1463],[33.5442,36.1445],[33.5523,36.1275],[33.5888,36.1588],[33.661,36.1747],[33.6853,36.1432],[33.7053,36.1817],[33.7177,36.1922],[33.7302,36.1976],[33.9451,36.2134],[33.959,36.2136],[33.9593,36.2145],[34.0259,36.2194],[34.2,36.3651],[34.7134,36.7948],[34.9056,36.7421],[34.9079,36.7404],[34.9004,36.7199],[34.9333,36.7275],[34.9423,36.7263],[34.9435,36.7256],[35.1174,36.6585],[35.2947,36.5725],[35.348,36.5444],[35.409,36.5769],[35.4717,36.5868],[35.552,36.5647],[35.5524,36.5647],[35.8126,36.6016],[35.8379,36.6052],[35.8631,36.6088],[35.8883,36.6123],[35.9639,36.6231],[36.0144,36.6302],[36.1599,36.6509],[36.0328,36.5246],[36.0308,36.5229],[36.0144,36.51],[35.966,36.4719],[35.9424,36.4643],[35.9187,36.4482],[35.9124,36.4296],[35.8832,36.4066],[35.879,36.4009],[35.8735,36.3977],[35.8676,36.3856],[35.8572,36.3714],[35.8159,36.353],[35.7887,36.3203],[35.7965,36.2898],[35.7824,36.2757],[35.7826,36.2755],[35.7824,36.2753],[35.8986,36.1317],[35.9246,36.0704],[35.9551,35.9985],[35.9268,35.9607],[35.9137,35.9433],[35.894,35.917],[35.8851,35.9058],[35.9015,35.9058],[35.9113,35.9178],[35.9803,35.9269],[35.9928,35.9153],[35.9924,35.8773],[36.0803,35.8542],[36.1385,35.8198],[36.1553,35.8222],[36.1688,35.8521],[36.1749,35.9227],[36.1969,35.9517],[36.229,35.9612],[36.269,35.9587],[36.2775,35.9942],[36.2974,36.0007],[36.3367,35.9882],[36.358,35.994],[36.3555,36.0224],[36.3586,36.167],[36.3758,36.2045],[36.373,36.2276],[36.4119,36.2045],[36.4507,36.1999],[36.4689,36.2224],[36.4986,36.2279],[36.5935,36.2181],[36.6643,36.229],[36.6691,36.2599],[36.6488,36.3057],[36.6207,36.322],[36.5878,36.3248],[36.5943,36.3571],[36.5857,36.387],[36.5527,36.4082],[36.5338,36.4625],[36.5355,36.494],[36.5653,36.5325],[36.5693,36.6201],[36.5947,36.6858],[36.6033,36.747],[36.6433,36.8036],[36.6399,36.8281],[36.6596,36.8272],[36.8437,36.7758],[36.9068,36.7726],[36.9647,36.7538],[37.0106,36.7195],[37.0195,36.6858],[37.0145,36.6423],[37.0531,36.6199],[37.1044,36.651],[37.1561,36.6439],[37.2419,36.6586],[37.4045,36.6345],[37.4461,36.6342],[37.5221,36.6736],[37.5934,36.7105],[37.6541,36.7321],[37.8197,36.7605],[38.026,36.835],[38.123,36.8846],[38.1901,36.9055],[38.2243,36.9084],[38.2899,36.9017],[38.48,36.8557],[38.5294,36.8337],[38.6352,36.744],[38.6641,36.7195],[38.725,36.6939],[38.7954,36.6867],[38.958,36.6929],[39.0322,36.7012],[39.1859,36.6595],[39.2396,36.6613],[39.4417,36.6924],[39.7653,36.7422],[39.9798,36.807],[40.0792,36.8549],[40.1527,36.8704],[40.1901,36.8844],[40.2614,36.9228],[40.3937,36.994],[40.4352,37.0106],[40.5257,37.0259],[40.6595,37.0853],[40.709,37.1005],[40.8964,37.1227],[41.1351,37.0842],[41.2013,37.065],[41.4798,37.0756],[41.8964,37.1543],[41.876,37.2168],[41.814,37.2581],[41.6983,37.2871],[41.6818,37.3284],[41.7231,37.3656],[41.8926,37.4359],[41.905,37.502],[41.876,37.5888],[41.8169,37.7138],[41.6322,37.6094],[41.5206,37.5433],[41.3677,37.5185],[41.2603,37.5722],[41.19,37.688],[41.1197,37.7582],[41.0752,37.7649],[41.0118,37.7414],[40.662,37.7484],[40.5516,37.7299],[40.5392,37.7073],[40.492,37.657],[40.4122,37.6524],[40.3009,37.5842],[40.2518,37.5693],[40.1426,37.5087],[40.0978,37.4758],[40,37.3757],[39.9537,37.4174],[39.9202,37.4695],[39.8843,37.5501],[39.8567,37.6694],[39.8632,37.7777],[39.8486,37.8019],[39.8128,37.8136],[39.7592,37.8424],[39.7385,37.8172],[39.6913,37.8339],[39.6527,37.8621],[39.5888,37.883],[39.5233,37.9261],[39.4626,37.9767],[39.4079,37.997],[39.3486,37.9989],[39.2675,38.0091],[39.189,38.0431],[39.2346,38.0761],[39.2247,38.0903],[39.2563,38.1531],[39.2526,38.1797],[39.2219,38.205],[39.1413,38.1786],[39.1149,38.1927],[39.0695,38.1515],[39.0156,38.1308],[38.932,38.1073],[38.8032,38.0903],[38.7334,38.0984],[38.6631,38.0982],[38.6035,38.1104],[38.5714,38.1259],[38.5639,38.1467],[38.6228,38.1866],[38.6187,38.2191],[38.5609,38.2284],[38.5009,38.2146],[38.4309,38.2141],[38.3579,38.149],[38.295,38.0738],[38.2173,38.0405],[38.1909,38.0008],[38.1892,37.9485],[38.1276,37.905],[38.0444,37.8887],[37.9735,37.8657],[37.888,37.881],[37.796,37.8712],[37.7076,37.842],[37.5653,37.8205],[37.6069,37.8795],[37.6582,38.0267],[37.7152,38.0927],[37.7213,38.1226],[37.7762,38.2372],[37.7823,38.2784],[37.7336,38.3462],[37.6552,38.3747],[37.5872,38.39],[37.4597,38.4496],[37.3107,38.4749],[37.2371,38.4672],[37.2259,38.5263],[37.2844,38.6036],[37.0597,38.5881],[37.0088,38.6105],[36.8789,38.625],[36.7475,38.5994],[36.7137,38.583],[36.694,38.5523],[36.682,38.4999],[36.65,38.4591],[36.5055,38.3229],[36.4626,38.358],[36.4373,38.4097],[36.4001,38.4566],[36.348,38.4747],[36.2669,38.4578],[36.19,38.4235],[36.1459,38.3951],[36.1033,38.3122],[36.0756,38.2819],[36.0331,38.2133],[35.979,38.155],[35.6077,37.9538],[35.6296,37.7702],[35.5772,37.7505],[35.4536,37.7888],[35.3632,37.8073],[35.1906,37.8181],[35.0597,37.7135],[35,37.7057],[34.9619,37.7007],[34.9106,37.7136],[34.8597,37.7166],[34.8278,37.6802],[34.8326,37.6299],[34.8652,37.553],[34.8499,37.5106],[34.7946,37.4572],[34.7916,37.3877],[34.7215,37.4014],[34.5875,37.3533],[34.5122,37.352],[34.5001,37.3199],[34.4819,37.3089],[34.3986,37.2822],[34.3539,37.248],[34.2979,37.2254],[34.2105,37.2013],[34.2,37.1961],[34.1832,37.1879],[34.149,37.155],[34.0786,37.133],[34.0027,37.1288],[33.9668,37.1162],[33.8706,37.0577],[33.7975,37.0471],[33.7366,37.0287],[33.7021,37.0372],[33.6194,37.0318],[33.54,37.0066],[33.4132,36.9972],[33.3719,36.988],[33.27,36.928],[33.2327,36.918],[33.2007,36.8871],[33.1888,36.8426],[33.1673,36.8134],[33.1312,36.8211],[33.1079,36.8464],[33.0336,36.8141],[32.9795,36.8038],[32.982,36.7716],[33.0193,36.7283],[33.0435,36.6727],[33.0684,36.6632],[33.1084,36.6296],[33.1612,36.6185],[33.2068,36.5909],[33.231,36.5607],[33.2048,36.5344],[33.1318,36.5613],[33.1022,36.5535],[33.0762,36.4855],[33.0524,36.4666],[32.9582,36.4644],[32.8994,36.4533],[32.8425,36.4328],[32.7824,36.4316],[32.7173,36.445],[32.6517,36.438],[32.632,36.4703],[32.5587,36.5062],[32.5316,36.5338],[32.4906,36.6016],[32.4562,36.6734],[32.4632,36.7416],[32.4475,36.8083],[32.4264,36.8321],[32.3487,36.8412],[32.3053,36.8542],[32.2903,36.8814],[32.3016,36.9116],[32.3272,36.9276],[32.3235,36.9582],[32.2531,36.9869],[32.1279,37.0762],[32.0832,37.1266],[32.0331,37.1686],[31.963,37.2076],[31.8987,37.2552],[31.8154,37.2985],[31.8,37.301],[31.8,36.578]]]}},
{"type":"Feature","properties":{"entityId":"seleucid-empire","from":-162,"to":-131,"certainty":"estimated","source":"유럽 쪽은 Natural Earth 1:10m admin-1(v5.1.2) 현대 행정구역 조각을 그 시기 국경에 맞춰 묶고, 조각이 역사 경계와 다른 곳은 선을 그어 나눈 근사. 유럽 밖(시베리아·중앙아시아·극동)은 대략적인 추정. 운영자 검수 필요"},"geometry":{"type":"MultiPolygon","coordinates":[[[[31.8,36.578],[32.2814,36.2591],[32.283,36.2506],[32.3187,36.2286],[32.3655,36.178],[32.4196,36.1595],[32.4373,36.1387],[32.5134,36.103],[32.5452,36.0981],[32.5826,36.0888],[32.6707,36.0467],[32.7606,36.0295],[32.8037,36.0272],[32.8655,36.0678],[32.9279,36.0954],[32.9826,36.0976],[33.0877,36.0828],[33.1071,36.1033],[33.3004,36.1318],[33.3084,36.1322],[33.3093,36.1331],[33.3662,36.1415],[33.3865,36.137],[33.4371,36.1519],[33.4425,36.1527],[33.5215,36.144],[33.5219,36.144],[33.5325,36.1463],[33.5442,36.1445],[33.5523,36.1275],[33.5888,36.1588],[33.661,36.1747],[33.6853,36.1432],[33.7053,36.1817],[33.7177,36.1922],[33.7302,36.1976],[33.9451,36.2134],[33.959,36.2136],[33.9593,36.2145],[34.0259,36.2194],[34.2,36.3651],[34.7134,36.7948],[34.9056,36.7421],[34.9079,36.7404],[34.9004,36.7199],[34.9333,36.7275],[34.9423,36.7263],[34.9435,36.7256],[35.1174,36.6585],[35.2947,36.5725],[35.348,36.5444],[35.409,36.5769],[35.4717,36.5868],[35.552,36.5647],[35.5524,36.5647],[35.8126,36.6016],[35.8379,36.6052],[35.8631,36.6088],[35.8883,36.6123],[35.9639,36.6231],[36.0144,36.6302],[36.1599,36.6509],[36.0328,36.5246],[36.0308,36.5229],[36.0144,36.51],[35.966,36.4719],[35.9424,36.4643],[35.9187,36.4482],[35.9124,36.4296],[35.8832,36.4066],[35.879,36.4009],[35.8735,36.3977],[35.8676,36.3856],[35.8572,36.3714],[35.8159,36.353],[35.7887,36.3203],[35.7965,36.2898],[35.7824,36.2757],[35.7826,36.2755],[35.7824,36.2753],[35.8986,36.1317],[35.9246,36.0704],[35.9551,35.9985],[35.9268,35.9607],[35.9137,35.9433],[35.894,35.917],[35.8851,35.9058],[35.9015,35.9058],[35.9113,35.9178],[35.9803,35.9269],[35.9928,35.9153],[35.9924,35.8773],[36.0803,35.8542],[36.1385,35.8198],[36.1553,35.8222],[36.1688,35.8521],[36.1749,35.9227],[36.1969,35.9517],[36.229,35.9612],[36.269,35.9587],[36.2775,35.9942],[36.2974,36.0007],[36.3367,35.9882],[36.358,35.994],[36.3555,36.0224],[36.3586,36.167],[36.3758,36.2045],[36.373,36.2276],[36.4119,36.2045],[36.4507,36.1999],[36.4689,36.2224],[36.4986,36.2279],[36.5935,36.2181],[36.6643,36.229],[36.6691,36.2599],[36.6488,36.3057],[36.6207,36.322],[36.5878,36.3248],[36.5943,36.3571],[36.5857,36.387],[36.5527,36.4082],[36.5338,36.4625],[36.5355,36.494],[36.5653,36.5325],[36.5693,36.6201],[36.5947,36.6858],[36.6033,36.747],[36.6433,36.8036],[36.6399,36.8281],[36.6596,36.8272],[36.6226,36.8467],[36.5969,36.8802],[36.5171,36.909],[36.4519,36.9607],[36.4762,36.9973],[36.513,37.0254],[36.5827,37.0966],[36.6374,37.1827],[36.6761,37.2296],[36.7212,37.2712],[36.8422,37.3154],[36.8896,37.3667],[36.9377,37.3422],[36.9664,37.2532],[37.0432,37.2333],[37.1342,37.3097],[37.1902,37.3315],[37.3148,37.3493],[37.4492,37.3863],[37.5117,37.393],[37.5748,37.3919],[37.6173,37.4144],[37.6304,37.4596],[37.6251,37.5188],[37.5166,37.5722],[37.4571,37.5896],[37.4217,37.6351],[37.4222,37.6941],[37.4619,37.7338],[37.517,37.7725],[37.5653,37.8205],[37.6069,37.8795],[37.6582,38.0267],[37.7152,38.0927],[37.7213,38.1226],[37.7762,38.2372],[37.7823,38.2784],[37.7336,38.3462],[37.6552,38.3747],[37.5872,38.39],[37.4597,38.4496],[37.3107,38.4749],[37.2371,38.4672],[37.2259,38.5263],[37.2844,38.6036],[37.0597,38.5881],[37.0088,38.6105],[36.8789,38.625],[36.7475,38.5994],[36.7137,38.583],[36.694,38.5523],[36.682,38.4999],[36.65,38.4591],[36.5055,38.3229],[36.4626,38.358],[36.4373,38.4097],[36.4001,38.4566],[36.348,38.4747],[36.2669,38.4578],[36.19,38.4235],[36.1459,38.3951],[36.1033,38.3122],[36.0756,38.2819],[36.0331,38.2133],[35.979,38.155],[35.6077,37.9538],[35.6296,37.7702],[35.5772,37.7505],[35.4536,37.7888],[35.3632,37.8073],[35.1906,37.8181],[35.0597,37.7135],[35,37.7057],[34.9619,37.7007],[34.9106,37.7136],[34.8597,37.7166],[34.8278,37.6802],[34.8326,37.6299],[34.8652,37.553],[34.8499,37.5106],[34.7946,37.4572],[34.7916,37.3877],[34.7215,37.4014],[34.5875,37.3533],[34.5122,37.352],[34.5001,37.3199],[34.4819,37.3089],[34.3986,37.2822],[34.3539,37.248],[34.2979,37.2254],[34.2105,37.2013],[34.2,37.1961],[34.1832,37.1879],[34.149,37.155],[34.0786,37.133],[34.0027,37.1288],[33.9668,37.1162],[33.8706,37.0577],[33.7975,37.0471],[33.7366,37.0287],[33.7021,37.0372],[33.6194,37.0318],[33.54,37.0066],[33.4132,36.9972],[33.3719,36.988],[33.27,36.928],[33.2327,36.918],[33.2007,36.8871],[33.1888,36.8426],[33.1673,36.8134],[33.1312,36.8211],[33.1079,36.8464],[33.0336,36.8141],[32.9795,36.8038],[32.982,36.7716],[33.0193,36.7283],[33.0435,36.6727],[33.0684,36.6632],[33.1084,36.6296],[33.1612,36.6185],[33.2068,36.5909],[33.231,36.5607],[33.2048,36.5344],[33.1318,36.5613],[33.1022,36.5535],[33.0762,36.4855],[33.0524,36.4666],[32.9582,36.4644],[32.8994,36.4533],[32.8425,36.4328],[32.7824,36.4316],[32.7173,36.445],[32.6517,36.438],[32.632,36.4703],[32.5587,36.5062],[32.5316,36.5338],[32.4906,36.6016],[32.4562,36.6734],[32.4632,36.7416],[32.4475,36.8083],[32.4264,36.8321],[32.3487,36.8412],[32.3053,36.8542],[32.2903,36.8814],[32.3016,36.9116],[32.3272,36.9276],[32.3235,36.9582],[32.2531,36.9869],[32.1279,37.0762],[32.0832,37.1266],[32.0331,37.1686],[31.963,37.2076],[31.8987,37.2552],[31.8154,37.2985],[31.8,37.301],[31.8,36.578]]],[[[36.6596,36.8272],[36.8437,36.7758],[36.9068,36.7726],[36.9647,36.7538],[37.0106,36.7195],[37.0195,36.6858],[37.0145,36.6423],[37.0531,36.6199],[37.1044,36.651],[37.1561,36.6439],[37.2419,36.6586],[37.4045,36.6345],[37.4461,36.6342],[37.5221,36.6736],[37.4373,36.7348],[37.272,36.8071],[37.241,36.7916],[37.1997,36.8329],[37.1171,36.9],[37.0396,36.9413],[36.9725,36.9517],[36.9415,37.0085],[36.9053,37.024],[36.8743,37.0033],[36.864,36.9362],[36.7969,36.9],[36.7142,36.869],[36.6596,36.8272]]],[[[37.8406,37.2679],[37.8669,37.2493],[37.8747,37.2133],[37.8525,37.2265],[37.8435,37.1866],[37.8762,37.1308],[37.8682,37.0776],[37.9226,37.0419],[37.9788,37.05],[37.9641,37.014],[37.9669,36.9904],[38.0079,36.9571],[38.0187,36.9042],[38.0406,36.8804],[38.0212,36.8711],[38.026,36.835],[38.123,36.8846],[38.1901,36.9055],[38.2243,36.9084],[38.2899,36.9017],[38.48,36.8557],[38.5294,36.8337],[38.6352,36.744],[38.6641,36.7195],[38.725,36.6939],[38.7954,36.6867],[38.958,36.6929],[39.0322,36.7012],[39.1859,36.6595],[39.2396,36.6613],[39.4417,36.6924],[39.7653,36.7422],[39.9798,36.807],[40.0792,36.8549],[40.1527,36.8704],[40.1901,36.8844],[40.2614,36.9228],[40.3937,36.994],[40.4352,37.0106],[40.5257,37.0259],[40.6595,37.0853],[40.709,37.1005],[40.8964,37.1227],[41.1351,37.0842],[41.2013,37.065],[41.4798,37.0756],[41.8964,37.1543],[41.876,37.2168],[41.814,37.2581],[41.6983,37.2871],[41.6818,37.3284],[41.7231,37.3656],[41.8926,37.4359],[41.905,37.502],[41.876,37.5888],[41.8169,37.7138],[41.6322,37.6094],[41.5206,37.5433],[41.3677,37.5185],[41.2603,37.5722],[41.19,37.688],[41.1197,37.7582],[41.0752,37.7649],[41.0118,37.7414],[40.662,37.7484],[40.5516,37.7299],[40.5392,37.7073],[40.492,37.657],[40.4122,37.6524],[40.3009,37.5842],[40.2518,37.5693],[40.1426,37.5087],[40.0978,37.4758],[40,37.3757],[39.9537,37.4174],[39.9202,37.4695],[39.8843,37.5501],[39.8567,37.6694],[39.8632,37.7777],[39.8486,37.8019],[39.8128,37.8136],[39.7592,37.8424],[39.7385,37.8172],[39.6913,37.8339],[39.6527,37.8621],[39.5888,37.883],[39.5233,37.9261],[39.4626,37.9767],[39.4079,37.997],[39.3486,37.9989],[39.2675,38.0091],[39.189,38.0431],[39.1499,38.0207],[39.0896,38.007],[39.0603,37.9879],[39.0505,37.9397],[39.0272,37.918],[38.9783,37.906],[38.9892,37.878],[38.9709,37.8507],[38.9709,37.8228],[38.9368,37.8296],[38.9085,37.8168],[38.8889,37.7886],[38.9306,37.8075],[38.9539,37.8014],[38.9647,37.7613],[38.9018,37.7527],[38.8889,37.7408],[38.9231,37.7135],[38.8824,37.7149],[38.836,37.6947],[38.8005,37.697],[38.8685,37.6514],[38.6456,37.6242],[38.5154,37.5111],[38.4948,37.5006],[38.3723,37.4839],[38.3408,37.4944],[38.272,37.4764],[38.2499,37.4485],[38.2068,37.4535],[38.1857,37.4129],[38.1702,37.4255],[38.1256,37.4337],[38.0945,37.4535],[38.0655,37.4368],[38.0399,37.446],[37.9897,37.4447],[37.9744,37.4354],[37.8856,37.3506],[37.879,37.3251],[37.8577,37.3129],[37.8406,37.2679]]]]}},
{"type":"Feature","properties":{"entityId":"seleucid-empire","from":-131,"to":-128,"certainty":"estimated","source":"유럽 쪽은 Natural Earth 1:10m admin-1(v5.1.2) 현대 행정구역 조각을 그 시기 국경에 맞춰 묶고, 조각이 역사 경계와 다른 곳은 선을 그어 나눈 근사. 유럽 밖(시베리아·중앙아시아·극동)은 대략적인 추정. 운영자 검수 필요"},"geometry":{"type":"MultiPolygon","coordinates":[[[[31.8,36.578],[32.2814,36.2591],[32.283,36.2506],[32.3187,36.2286],[32.3655,36.178],[32.4196,36.1595],[32.4373,36.1387],[32.5134,36.103],[32.5452,36.0981],[32.5826,36.0888],[32.6707,36.0467],[32.7606,36.0295],[32.8037,36.0272],[32.8655,36.0678],[32.9279,36.0954],[32.9826,36.0976],[33.0877,36.0828],[33.1071,36.1033],[33.3004,36.1318],[33.3084,36.1322],[33.3093,36.1331],[33.3662,36.1415],[33.3865,36.137],[33.4371,36.1519],[33.4425,36.1527],[33.5215,36.144],[33.5219,36.144],[33.5325,36.1463],[33.5442,36.1445],[33.5523,36.1275],[33.5888,36.1588],[33.661,36.1747],[33.6853,36.1432],[33.7053,36.1817],[33.7177,36.1922],[33.7302,36.1976],[33.9451,36.2134],[33.959,36.2136],[33.9593,36.2145],[34.0259,36.2194],[34.2,36.3651],[34.7134,36.7948],[34.9056,36.7421],[34.9079,36.7404],[34.9004,36.7199],[34.9333,36.7275],[34.9423,36.7263],[34.9435,36.7256],[35.1174,36.6585],[35.2947,36.5725],[35.348,36.5444],[35.409,36.5769],[35.4717,36.5868],[35.552,36.5647],[35.5524,36.5647],[35.8126,36.6016],[35.8379,36.6052],[35.8631,36.6088],[35.8883,36.6123],[35.9639,36.6231],[36.0144,36.6302],[36.1599,36.6509],[36.0328,36.5246],[36.0308,36.5229],[36.0144,36.51],[35.966,36.4719],[35.9424,36.4643],[35.9187,36.4482],[35.9124,36.4296],[35.8832,36.4066],[35.879,36.4009],[35.8735,36.3977],[35.8676,36.3856],[35.8572,36.3714],[35.8159,36.353],[35.7887,36.3203],[35.7965,36.2898],[35.7824,36.2757],[35.7826,36.2755],[35.7824,36.2753],[35.8986,36.1317],[35.9246,36.0704],[35.9551,35.9985],[35.9268,35.9607],[35.9137,35.9433],[35.894,35.917],[35.8851,35.9058],[35.9015,35.9058],[35.9113,35.9178],[35.9803,35.9269],[35.9928,35.9153],[35.9924,35.8773],[36.0803,35.8542],[36.1385,35.8198],[36.1553,35.8222],[36.1688,35.8521],[36.1749,35.9227],[36.1969,35.9517],[36.229,35.9612],[36.269,35.9587],[36.2775,35.9942],[36.2974,36.0007],[36.3367,35.9882],[36.358,35.994],[36.3555,36.0224],[36.3586,36.167],[36.3758,36.2045],[36.373,36.2276],[36.4119,36.2045],[36.4507,36.1999],[36.4689,36.2224],[36.4986,36.2279],[36.5935,36.2181],[36.6643,36.229],[36.6691,36.2599],[36.6488,36.3057],[36.6207,36.322],[36.5878,36.3248],[36.5943,36.3571],[36.5857,36.387],[36.5527,36.4082],[36.5338,36.4625],[36.5355,36.494],[36.5653,36.5325],[36.5693,36.6201],[36.5947,36.6858],[36.6033,36.747],[36.6433,36.8036],[36.6399,36.8281],[36.6596,36.8272],[36.6226,36.8467],[36.5969,36.8802],[36.5171,36.909],[36.4519,36.9607],[36.4762,36.9973],[36.513,37.0254],[36.5827,37.0966],[36.6374,37.1827],[36.6761,37.2296],[36.7212,37.2712],[36.8422,37.3154],[36.8896,37.3667],[36.9377,37.3422],[36.9664,37.2532],[37.0432,37.2333],[37.1342,37.3097],[37.1902,37.3315],[37.3148,37.3493],[37.4492,37.3863],[37.5117,37.393],[37.5748,37.3919],[37.6173,37.4144],[37.6304,37.4596],[37.6251,37.5188],[37.5166,37.5722],[37.4571,37.5896],[37.4217,37.6351],[37.4222,37.6941],[37.4619,37.7338],[37.517,37.7725],[37.5653,37.8205],[37.6069,37.8795],[37.6582,38.0267],[37.7152,38.0927],[37.7213,38.1226],[37.7762,38.2372],[37.7823,38.2784],[37.7336,38.3462],[37.6552,38.3747],[37.5872,38.39],[37.4597,38.4496],[37.3107,38.4749],[37.2371,38.4672],[37.2259,38.5263],[37.2844,38.6036],[37.0597,38.5881],[37.0088,38.6105],[36.8789,38.625],[36.7475,38.5994],[36.7137,38.583],[36.694,38.5523],[36.682,38.4999],[36.65,38.4591],[36.5055,38.3229],[36.4626,38.358],[36.4373,38.4097],[36.4001,38.4566],[36.348,38.4747],[36.2669,38.4578],[36.19,38.4235],[36.1459,38.3951],[36.1033,38.3122],[36.0756,38.2819],[36.0331,38.2133],[35.979,38.155],[35.6077,37.9538],[35.6296,37.7702],[35.5772,37.7505],[35.4536,37.7888],[35.3632,37.8073],[35.1906,37.8181],[35.0597,37.7135],[35,37.7057],[34.9619,37.7007],[34.9106,37.7136],[34.8597,37.7166],[34.8278,37.6802],[34.8326,37.6299],[34.8652,37.553],[34.8499,37.5106],[34.7946,37.4572],[34.7916,37.3877],[34.7215,37.4014],[34.5875,37.3533],[34.5122,37.352],[34.5001,37.3199],[34.4819,37.3089],[34.3986,37.2822],[34.3539,37.248],[34.2979,37.2254],[34.2105,37.2013],[34.2,37.1961],[34.1832,37.1879],[34.149,37.155],[34.0786,37.133],[34.0027,37.1288],[33.9668,37.1162],[33.8706,37.0577],[33.7975,37.0471],[33.7366,37.0287],[33.7021,37.0372],[33.6194,37.0318],[33.54,37.0066],[33.4132,36.9972],[33.3719,36.988],[33.27,36.928],[33.2327,36.918],[33.2007,36.8871],[33.1888,36.8426],[33.1673,36.8134],[33.1312,36.8211],[33.1079,36.8464],[33.0336,36.8141],[32.9795,36.8038],[32.982,36.7716],[33.0193,36.7283],[33.0435,36.6727],[33.0684,36.6632],[33.1084,36.6296],[33.1612,36.6185],[33.2068,36.5909],[33.231,36.5607],[33.2048,36.5344],[33.1318,36.5613],[33.1022,36.5535],[33.0762,36.4855],[33.0524,36.4666],[32.9582,36.4644],[32.8994,36.4533],[32.8425,36.4328],[32.7824,36.4316],[32.7173,36.445],[32.6517,36.438],[32.632,36.4703],[32.5587,36.5062],[32.5316,36.5338],[32.4906,36.6016],[32.4562,36.6734],[32.4632,36.7416],[32.4475,36.8083],[32.4264,36.8321],[32.3487,36.8412],[32.3053,36.8542],[32.2903,36.8814],[32.3016,36.9116],[32.3272,36.9276],[32.3235,36.9582],[32.2531,36.9869],[32.1279,37.0762],[32.0832,37.1266],[32.0331,37.1686],[31.963,37.2076],[31.8987,37.2552],[31.8154,37.2985],[31.8,37.301],[31.8,36.578]]],[[[36.6596,36.8272],[36.8437,36.7758],[36.9068,36.7726],[36.9647,36.7538],[37.0106,36.7195],[37.0195,36.6858],[37.0145,36.6423],[37.0531,36.6199],[37.1044,36.651],[37.1561,36.6439],[37.2419,36.6586],[37.4045,36.6345],[37.4461,36.6342],[37.5221,36.6736],[37.4373,36.7348],[37.272,36.8071],[37.241,36.7916],[37.1997,36.8329],[37.1171,36.9],[37.0396,36.9413],[36.9725,36.9517],[36.9415,37.0085],[36.9053,37.024],[36.8743,37.0033],[36.864,36.9362],[36.7969,36.9],[36.7142,36.869],[36.6596,36.8272]]],[[[40,37.3757],[40.0138,37.2575],[40.1249,37.1697],[40.1372,37.1486],[40.1275,37.069],[40.2179,36.9417],[40.2614,36.9228],[40.3937,36.994],[40.4352,37.0106],[40.5257,37.0259],[40.6595,37.0853],[40.709,37.1005],[40.8964,37.1227],[41.1351,37.0842],[41.2013,37.065],[41.4798,37.0756],[41.8964,37.1543],[41.876,37.2168],[41.814,37.2581],[41.6983,37.2871],[41.6818,37.3284],[41.7231,37.3656],[41.8926,37.4359],[41.905,37.502],[41.876,37.5888],[41.8169,37.7138],[41.6322,37.6094],[41.5206,37.5433],[41.3677,37.5185],[41.2603,37.5722],[41.19,37.688],[41.1197,37.7582],[41.0752,37.7649],[41.0118,37.7414],[40.662,37.7484],[40.5516,37.7299],[40.5392,37.7073],[40.492,37.657],[40.4122,37.6524],[40.3009,37.5842],[40.2518,37.5693],[40.1426,37.5087],[40.0978,37.4758],[40,37.3757]]]]}},
{"type":"Feature","properties":{"entityId":"seleucid-empire","from":-128,"to":-82,"certainty":"estimated","source":"유럽 쪽은 Natural Earth 1:10m admin-1(v5.1.2) 현대 행정구역 조각을 그 시기 국경에 맞춰 묶고, 조각이 역사 경계와 다른 곳은 선을 그어 나눈 근사. 유럽 밖(시베리아·중앙아시아·극동)은 대략적인 추정. 운영자 검수 필요"},"geometry":{"type":"MultiPolygon","coordinates":[[[[34.2,36.3651],[34.7134,36.7948],[34.9056,36.7421],[34.9079,36.7404],[34.9004,36.7199],[34.9333,36.7275],[34.9423,36.7263],[34.9435,36.7256],[35.1174,36.6585],[35.2947,36.5725],[35.348,36.5444],[35.409,36.5769],[35.4717,36.5868],[35.552,36.5647],[35.5524,36.5647],[35.8126,36.6016],[35.8379,36.6052],[35.8631,36.6088],[35.8883,36.6123],[35.9639,36.6231],[36.0144,36.6302],[36.1599,36.6509],[36.0328,36.5246],[36.0308,36.5229],[36.0144,36.51],[35.966,36.4719],[35.9424,36.4643],[35.9187,36.4482],[35.9124,36.4296],[35.8832,36.4066],[35.879,36.4009],[35.8735,36.3977],[35.8676,36.3856],[35.8572,36.3714],[35.8159,36.353],[35.7887,36.3203],[35.7965,36.2898],[35.7824,36.2757],[35.7826,36.2755],[35.7824,36.2753],[35.8986,36.1317],[35.9246,36.0704],[35.9551,35.9985],[35.9268,35.9607],[35.9137,35.9433],[35.894,35.917],[35.8851,35.9058],[35.9015,35.9058],[35.9113,35.9178],[35.9803,35.9269],[35.9928,35.9153],[35.9924,35.8773],[36.0803,35.8542],[36.1385,35.8198],[36.1553,35.8222],[36.1688,35.8521],[36.1749,35.9227],[36.1969,35.9517],[36.229,35.9612],[36.269,35.9587],[36.2775,35.9942],[36.2974,36.0007],[36.3367,35.9882],[36.358,35.994],[36.3555,36.0224],[36.3586,36.167],[36.3758,36.2045],[36.373,36.2276],[36.4119,36.2045],[36.4507,36.1999],[36.4689,36.2224],[36.4986,36.2279],[36.5935,36.2181],[36.6643,36.229],[36.6691,36.2599],[36.6488,36.3057],[36.6207,36.322],[36.5878,36.3248],[36.5943,36.3571],[36.5857,36.387],[36.5527,36.4082],[36.5338,36.4625],[36.5355,36.494],[36.5653,36.5325],[36.5693,36.6201],[36.5947,36.6858],[36.6033,36.747],[36.6433,36.8036],[36.6399,36.8281],[36.6596,36.8272],[36.6226,36.8467],[36.5969,36.8802],[36.5171,36.909],[36.4519,36.9607],[36.4762,36.9973],[36.513,37.0254],[36.5827,37.0966],[36.6374,37.1827],[36.6761,37.2296],[36.7212,37.2712],[36.8422,37.3154],[36.8896,37.3667],[36.9377,37.3422],[36.9664,37.2532],[37.0432,37.2333],[37.1342,37.3097],[37.1902,37.3315],[37.3148,37.3493],[37.4492,37.3863],[37.5117,37.393],[37.5748,37.3919],[37.6173,37.4144],[37.6304,37.4596],[37.6251,37.5188],[37.5166,37.5722],[37.4571,37.5896],[37.4217,37.6351],[37.4222,37.6941],[37.4619,37.7338],[37.517,37.7725],[37.5653,37.8205],[37.6069,37.8795],[37.6582,38.0267],[37.7152,38.0927],[37.7213,38.1226],[37.7762,38.2372],[37.7823,38.2784],[37.7336,38.3462],[37.6552,38.3747],[37.5872,38.39],[37.4597,38.4496],[37.3107,38.4749],[37.2371,38.4672],[37.2259,38.5263],[37.2844,38.6036],[37.0597,38.5881],[37.0088,38.6105],[36.8789,38.625],[36.7475,38.5994],[36.7137,38.583],[36.694,38.5523],[36.682,38.4999],[36.65,38.4591],[36.5055,38.3229],[36.4626,38.358],[36.4373,38.4097],[36.4001,38.4566],[36.348,38.4747],[36.2669,38.4578],[36.19,38.4235],[36.1459,38.3951],[36.1033,38.3122],[36.0756,38.2819],[36.0331,38.2133],[35.979,38.155],[35.6077,37.9538],[35.6296,37.7702],[35.5772,37.7505],[35.4536,37.7888],[35.3632,37.8073],[35.1906,37.8181],[35.0597,37.7135],[35,37.7057],[34.9619,37.7007],[34.9106,37.7136],[34.8597,37.7166],[34.8278,37.6802],[34.8326,37.6299],[34.8652,37.553],[34.8499,37.5106],[34.7946,37.4572],[34.7916,37.3877],[34.7215,37.4014],[34.5875,37.3533],[34.5122,37.352],[34.5001,37.3199],[34.4819,37.3089],[34.3986,37.2822],[34.3539,37.248],[34.2979,37.2254],[34.2105,37.2013],[34.2,37.1961],[34.2,36.3651]]],[[[36.6596,36.8272],[36.8437,36.7758],[36.9068,36.7726],[36.9647,36.7538],[37.0106,36.7195],[37.0195,36.6858],[37.0145,36.6423],[37.0531,36.6199],[37.1044,36.651],[37.1561,36.6439],[37.2419,36.6586],[37.4045,36.6345],[37.4461,36.6342],[37.5221,36.6736],[37.4373,36.7348],[37.272,36.8071],[37.241,36.7916],[37.1997,36.8329],[37.1171,36.9],[37.0396,36.9413],[36.9725,36.9517],[36.9415,37.0085],[36.9053,37.024],[36.8743,37.0033],[36.864,36.9362],[36.7969,36.9],[36.7142,36.869],[36.6596,36.8272]]]]}},
{"type":"Feature","properties":{"entityId":"seleucid-empire","from":-68,"to":-66,"certainty":"estimated","source":"유럽 쪽은 Natural Earth 1:10m admin-1(v5.1.2) 현대 행정구역 조각을 그 시기 국경에 맞춰 묶고, 조각이 역사 경계와 다른 곳은 선을 그어 나눈 근사. 유럽 밖(시베리아·중앙아시아·극동)은 대략적인 추정. 운영자 검수 필요"},"geometry":{"type":"MultiPolygon","coordinates":[[[[34.2,36.3651],[34.7134,36.7948],[34.9056,36.7421],[34.9079,36.7404],[34.9004,36.7199],[34.9333,36.7275],[34.9423,36.7263],[34.9435,36.7256],[35.1174,36.6585],[35.2947,36.5725],[35.348,36.5444],[35.409,36.5769],[35.4717,36.5868],[35.552,36.5647],[35.5524,36.5647],[35.8126,36.6016],[35.8379,36.6052],[35.8631,36.6088],[35.8883,36.6123],[35.9639,36.6231],[36.0144,36.6302],[36.1599,36.6509],[36.0328,36.5246],[36.0308,36.5229],[36.0144,36.51],[35.966,36.4719],[35.9424,36.4643],[35.9187,36.4482],[35.9124,36.4296],[35.8832,36.4066],[35.879,36.4009],[35.8735,36.3977],[35.8676,36.3856],[35.8572,36.3714],[35.8159,36.353],[35.7887,36.3203],[35.7965,36.2898],[35.7824,36.2757],[35.7826,36.2755],[35.7824,36.2753],[35.8986,36.1317],[35.9246,36.0704],[35.9551,35.9985],[35.9268,35.9607],[35.9137,35.9433],[35.894,35.917],[35.8851,35.9058],[35.9015,35.9058],[35.9113,35.9178],[35.9803,35.9269],[35.9928,35.9153],[35.9924,35.8773],[36.0803,35.8542],[36.1385,35.8198],[36.1553,35.8222],[36.1688,35.8521],[36.1749,35.9227],[36.1969,35.9517],[36.229,35.9612],[36.269,35.9587],[36.2775,35.9942],[36.2974,36.0007],[36.3367,35.9882],[36.358,35.994],[36.3555,36.0224],[36.3586,36.167],[36.3758,36.2045],[36.373,36.2276],[36.4119,36.2045],[36.4507,36.1999],[36.4689,36.2224],[36.4986,36.2279],[36.5935,36.2181],[36.6643,36.229],[36.6691,36.2599],[36.6488,36.3057],[36.6207,36.322],[36.5878,36.3248],[36.5943,36.3571],[36.5857,36.387],[36.5527,36.4082],[36.5338,36.4625],[36.5355,36.494],[36.5653,36.5325],[36.5693,36.6201],[36.5947,36.6858],[36.6033,36.747],[36.6433,36.8036],[36.6399,36.8281],[36.6596,36.8272],[36.6226,36.8467],[36.5969,36.8802],[36.5171,36.909],[36.4519,36.9607],[36.4762,36.9973],[36.513,37.0254],[36.5827,37.0966],[36.6374,37.1827],[36.6761,37.2296],[36.7212,37.2712],[36.8422,37.3154],[36.8896,37.3667],[36.9377,37.3422],[36.9664,37.2532],[37.0432,37.2333],[37.1342,37.3097],[37.1902,37.3315],[37.3148,37.3493],[37.4492,37.3863],[37.5117,37.393],[37.5748,37.3919],[37.6173,37.4144],[37.6304,37.4596],[37.6251,37.5188],[37.5166,37.5722],[37.4571,37.5896],[37.4217,37.6351],[37.4222,37.6941],[37.4619,37.7338],[37.517,37.7725],[37.5653,37.8205],[37.6069,37.8795],[37.6582,38.0267],[37.7152,38.0927],[37.7213,38.1226],[37.7762,38.2372],[37.7823,38.2784],[37.7336,38.3462],[37.6552,38.3747],[37.5872,38.39],[37.4597,38.4496],[37.3107,38.4749],[37.2371,38.4672],[37.2259,38.5263],[37.2844,38.6036],[37.0597,38.5881],[37.0088,38.6105],[36.8789,38.625],[36.7475,38.5994],[36.7137,38.583],[36.694,38.5523],[36.682,38.4999],[36.65,38.4591],[36.5055,38.3229],[36.4626,38.358],[36.4373,38.4097],[36.4001,38.4566],[36.348,38.4747],[36.2669,38.4578],[36.19,38.4235],[36.1459,38.3951],[36.1033,38.3122],[36.0756,38.2819],[36.0331,38.2133],[35.979,38.155],[35.6077,37.9538],[35.6296,37.7702],[35.5772,37.7505],[35.4536,37.7888],[35.3632,37.8073],[35.1906,37.8181],[35.0597,37.7135],[35,37.7057],[34.9619,37.7007],[34.9106,37.7136],[34.8597,37.7166],[34.8278,37.6802],[34.8326,37.6299],[34.8652,37.553],[34.8499,37.5106],[34.7946,37.4572],[34.7916,37.3877],[34.7215,37.4014],[34.5875,37.3533],[34.5122,37.352],[34.5001,37.3199],[34.4819,37.3089],[34.3986,37.2822],[34.3539,37.248],[34.2979,37.2254],[34.2105,37.2013],[34.2,37.1961],[34.2,36.3651]]],[[[36.6596,36.8272],[36.8437,36.7758],[36.9068,36.7726],[36.9647,36.7538],[37.0106,36.7195],[37.0195,36.6858],[37.0145,36.6423],[37.0531,36.6199],[37.1044,36.651],[37.1561,36.6439],[37.2419,36.6586],[37.4045,36.6345],[37.4461,36.6342],[37.5221,36.6736],[37.4373,36.7348],[37.272,36.8071],[37.241,36.7916],[37.1997,36.8329],[37.1171,36.9],[37.0396,36.9413],[36.9725,36.9517],[36.9415,37.0085],[36.9053,37.024],[36.8743,37.0033],[36.864,36.9362],[36.7969,36.9],[36.7142,36.869],[36.6596,36.8272]]]]}},
{"type":"Feature","properties":{"entityId":"seleucid-empire","from":-66,"to":-63,"certainty":"estimated","source":"유럽 쪽은 Natural Earth 1:10m admin-1(v5.1.2) 현대 행정구역 조각을 그 시기 국경에 맞춰 묶고, 조각이 역사 경계와 다른 곳은 선을 그어 나눈 근사. 유럽 밖(시베리아·중앙아시아·극동)은 대략적인 추정. 운영자 검수 필요"},"geometry":{"type":"MultiPolygon","coordinates":[[[[35.8883,36.6123],[35.8883,36.6539],[35.9135,36.6539],[35.9135,36.6575],[35.9387,36.6575],[35.9639,36.6575],[35.9639,36.6611],[35.9639,36.6991],[35.9892,36.6991],[36.0076,36.6991],[36.0076,36.7271],[36.0076,36.755],[36.0076,36.7829],[36.0076,36.8108],[35.9677,36.8108],[35.9677,36.8387],[35.9677,36.8666],[35.9278,36.8666],[35.9278,36.8684],[35.9325,36.873],[35.9164,36.8934],[35.917,36.9348],[35.9993,37.0105],[36.0176,37.02],[36.0616,37.0097],[36.1053,37.0155],[36.188,37.0054],[36.2353,37.0154],[36.2806,37.0043],[36.3136,36.976],[36.3521,36.9566],[36.4519,36.9607],[36.5171,36.909],[36.5969,36.8802],[36.6226,36.8467],[36.6596,36.8272],[36.6399,36.8281],[36.6433,36.8036],[36.6033,36.747],[36.5947,36.6858],[36.5693,36.6201],[36.5653,36.5325],[36.5355,36.494],[36.5338,36.4625],[36.5527,36.4082],[36.5857,36.387],[36.5943,36.3571],[36.5878,36.3248],[36.6207,36.322],[36.6488,36.3057],[36.6691,36.2599],[36.6643,36.229],[36.5935,36.2181],[36.4986,36.2279],[36.4689,36.2224],[36.4507,36.1999],[36.4119,36.2045],[36.373,36.2276],[36.3758,36.2045],[36.3586,36.167],[36.3555,36.0224],[36.358,35.994],[36.3367,35.9882],[36.2974,36.0007],[36.2775,35.9942],[36.269,35.9587],[36.229,35.9612],[36.1969,35.9517],[36.1749,35.9227],[36.1688,35.8521],[36.1553,35.8222],[36.1385,35.8198],[36.0803,35.8542],[35.9924,35.8773],[35.9928,35.9153],[35.9803,35.9269],[35.9113,35.9178],[35.9015,35.9058],[35.8851,35.9058],[35.894,35.917],[35.9137,35.9433],[35.9268,35.9607],[35.9551,35.9985],[35.9246,36.0704],[35.8986,36.1317],[35.7824,36.2753],[35.7826,36.2755],[35.7824,36.2757],[35.7965,36.2898],[35.7887,36.3203],[35.8159,36.353],[35.8572,36.3714],[35.8676,36.3856],[35.8735,36.3977],[35.879,36.4009],[35.8832,36.4066],[35.9124,36.4296],[35.9187,36.4482],[35.9424,36.4643],[35.966,36.4719],[36.0144,36.51],[36.0308,36.5229],[36.0328,36.5246],[36.1599,36.6509],[36.0144,36.6302],[35.9639,36.6231],[35.9387,36.6195],[35.9135,36.6159],[35.8883,36.6123]]],[[[36.5055,38.3229],[36.65,38.4591],[36.682,38.4999],[36.694,38.5523],[36.7137,38.583],[36.7475,38.5994],[36.8789,38.625],[37.0088,38.6105],[37.0597,38.5881],[37.2844,38.6036],[37.2259,38.5263],[37.2371,38.4672],[37.3107,38.4749],[37.4597,38.4496],[37.5872,38.39],[37.6552,38.3747],[37.7336,38.3462],[37.7823,38.2784],[37.7762,38.2372],[37.7213,38.1226],[37.7152,38.0927],[37.6582,38.0267],[37.6069,37.8795],[37.5653,37.8205],[37.517,37.7725],[37.4619,37.7338],[37.4222,37.6941],[37.4217,37.6351],[37.4571,37.5896],[37.5166,37.5722],[37.6251,37.5188],[37.6304,37.4596],[37.6173,37.4144],[37.5748,37.3919],[37.5117,37.393],[37.4492,37.3863],[37.3148,37.3493],[37.1902,37.3315],[37.1342,37.3097],[37.0432,37.2333],[36.9664,37.2532],[36.9377,37.3422],[36.8896,37.3667],[36.8422,37.3154],[36.7212,37.2712],[36.6781,37.3225],[36.5888,37.3818],[36.5506,37.3897],[36.4411,37.3723],[36.3707,37.3563],[36.3541,37.3709],[36.3036,37.3491],[36.262,37.389],[36.2575,37.4553],[36.2328,37.4783],[36.2202,37.5064],[36.2286,37.5368],[36.2795,37.591],[36.2799,37.6691],[36.3071,37.6975],[36.3597,37.7318],[36.3623,37.7726],[36.3308,37.8343],[36.3257,37.912],[36.3386,37.9777],[36.3684,38.0421],[36.4181,38.2188],[36.4493,38.2809],[36.5055,38.3229]]],[[[37.5221,36.6736],[37.4461,36.6342],[37.4045,36.6345],[37.2419,36.6586],[37.1561,36.6439],[37.1044,36.651],[37.0531,36.6199],[37.0145,36.6423],[37.0195,36.6858],[37.0106,36.7195],[36.9647,36.7538],[36.9068,36.7726],[36.8437,36.7758],[36.6596,36.8272],[36.7142,36.869],[36.7969,36.9],[36.864,36.9362],[36.8743,37.0033],[36.9053,37.024],[36.9415,37.0085],[36.9725,36.9517],[37.0396,36.9413],[37.1171,36.9],[37.1997,36.8329],[37.241,36.7916],[37.272,36.8071],[37.4373,36.7348],[37.5221,36.6736]]]]}}
]}
