{"type":"FeatureCollection","features":[
{"type":"Feature","properties":{"entityId":"south-slavic-principalities","from":527,"to":568,"certainty":"estimated","source":"유럽 쪽은 Natural Earth 1:10m admin-1(v5.1.2) 현대 행정구역 조각을 그 시기 국경에 맞춰 묶고, 조각이 역사 경계와 다른 곳은 선을 그어 나눈 근사. 유럽 밖(시베리아·중앙아시아·극동)은 대략적인 추정. 운영자 검수 필요"},"geometry":{"type":"Polygon","coordinates":[[[25.4298,45.4523],[25.4588,45.4636],[25.6278,45.4847],[25.6933,45.4794],[25.7502,45.4659],[25.7904,45.4733],[25.8231,45.4455],[25.8627,45.4416],[25.8913,45.4654],[25.9028,45.5006],[25.9458,45.5102],[25.9989,45.4886],[26.046,45.4823],[26.1005,45.5644],[26.1889,45.5745],[26.2075,45.5832],[26.2156,45.6122],[26.2346,45.6256],[26.2847,45.6028],[26.3286,45.6181],[26.3427,45.6553],[26.3667,45.6852],[26.395,45.7498],[26.3804,45.8029],[26.4246,45.7732],[26.4664,45.7309],[26.5322,45.6504],[26.569,45.6248],[26.6467,45.6279],[26.6694,45.6212],[26.7548,45.5633],[26.8315,45.5284],[26.8945,45.5187],[26.9071,45.5452],[26.9758,45.5333],[26.9992,45.5152],[27.0062,45.4818],[27.0638,45.4507],[27.1378,45.4678],[27.1471,45.4304],[27.191,45.4492],[27.2761,45.4349],[27.3076,45.3965],[27.3557,45.3869],[27.4235,45.3865],[27.4328,45.4067],[27.4832,45.4573],[27.5209,45.4777],[27.5801,45.4933],[27.6373,45.4755],[27.7026,45.477],[27.7652,45.4331],[27.8202,45.4124],[27.8555,45.4074],[27.9213,45.4095],[28.0302,45.3954],[28.0217,45.3481],[27.9867,45.2923],[28.0413,45.2584],[28.0755,45.2482],[28.1103,45.2582],[28.1308,45.2377],[28.0977,45.1842],[28.1526,45.1612],[28.178,45.1347],[28.1627,45.1083],[28.1314,45.089],[28.1424,45.0365],[28.1308,45.0186],[28.1414,44.9598],[28.1241,44.9449],[28.125,44.8916],[28.0801,44.8408],[28.0701,44.7959],[28.0548,44.777],[28.0347,44.7632],[27.9951,44.7611],[27.9651,44.7752],[27.9109,44.7753],[27.8769,44.7442],[27.9164,44.6945],[27.978,44.6793],[28.0345,44.631],[28.0214,44.588],[28.0215,44.5525],[28.0039,44.5399],[28.0203,44.5223],[28.0861,44.5047],[28.109,44.4578],[28.0988,44.4304],[28.0482,44.3982],[28.0228,44.3547],[27.9935,44.3044],[27.9675,44.2806],[27.934,44.266],[27.7888,44.2399],[27.7329,44.2099],[27.6918,44.2045],[27.608,44.2055],[27.516,44.1727],[27.4819,44.1458],[27.4449,44.1341],[27.2924,44.1516],[27.2527,44.1215],[27.1002,44.1445],[27.0275,44.177],[27.0015,44.1651],[26.8841,44.1565],[26.7895,44.116],[26.7087,44.1081],[26.6142,44.0849],[26.4158,44.0638],[26.3323,44.0549],[26.2315,44.0275],[26.1507,44.0124],[26.1162,43.9989],[26.0793,43.969],[26.0543,43.9343],[25.934,43.8703],[25.9164,43.8444],[25.8693,43.8009],[25.8063,43.7637],[25.7811,43.732],[25.7329,43.7188],[25.6714,43.7174],[25.6165,43.6877],[25.5566,43.6704],[25.4825,43.6697],[25.4031,43.6501],[25.3596,43.6543],[25.2854,43.6904],[25.2113,43.7119],[25.0816,43.7189],[24.9637,43.7496],[24.7526,43.7388],[24.6618,43.7557],[24.5001,43.7995],[24.4312,43.7942],[24.3755,43.7639],[24.3367,43.7593],[24.1496,43.7547],[23.7999,43.8185],[23.7208,43.8458],[23.6209,43.834],[23.5927,43.8374],[23.4847,43.8806],[23.3252,43.8866],[23.2345,43.8773],[23.1318,43.8479],[23.0526,43.8428],[22.9196,43.8342],[22.8634,43.8554],[22.8505,43.897],[22.8859,43.9945],[22.9058,44.004],[22.9881,44.0177],[23.023,44.0316],[23.0401,44.0623],[23.031,44.0931],[23.0083,44.1004],[22.9064,44.1229],[22.6916,44.2284],[22.6895,44.2917],[22.6815,44.3053],[22.5828,44.3284],[22.5494,44.349],[22.5051,44.4041],[22.501,44.4419],[22.477,44.464],[22.4841,44.4998],[22.5355,44.5075],[22.5567,44.5215],[22.5656,44.5554],[22.6212,44.5692],[22.7001,44.5418],[22.7417,44.5519],[22.7652,44.5828],[22.7001,44.6306],[22.6212,44.6374],[22.5533,44.6692],[22.4837,44.724],[22.4261,44.7337],[22.3807,44.7005],[22.3197,44.6853],[22.1851,44.5151],[22.1482,44.5009],[22.1043,44.5096],[22.0763,44.5507],[22.0452,44.5692],[22.0362,44.5895],[22.0342,44.5962],[22.0888,44.6032],[22.1499,44.5977],[22.169,44.609],[22.1727,44.6339],[22.1608,44.6644],[22.1653,44.7022],[22.2057,44.7613],[22.2219,44.8062],[22.2626,44.8083],[22.3112,44.7779],[22.3542,44.7777],[22.3878,44.7537],[22.4212,44.7521],[22.4418,44.7694],[22.467,44.8393],[22.4918,44.8846],[22.5337,44.9342],[22.5666,45.0239],[22.5989,45.0602],[22.6411,45.0924],[22.6346,45.1275],[22.5661,45.1388],[22.5727,45.1708],[22.601,45.1977],[22.6691,45.2405],[22.8814,45.2949],[22.9334,45.2767],[22.9761,45.2748],[23.027,45.2597],[23.0908,45.2794],[23.1895,45.2718],[23.2441,45.2952],[23.3575,45.3215],[23.3984,45.3182],[23.4304,45.3038],[23.5237,45.3379],[23.5858,45.3526],[23.5999,45.3819],[23.5808,45.4323],[23.5842,45.4473],[23.6261,45.4519],[23.6469,45.4505],[23.7097,45.4798],[23.7526,45.4861],[23.794,45.508],[23.9606,45.5122],[24.0683,45.4964],[24.1689,45.537],[24.3218,45.563],[24.5272,45.5618],[24.7091,45.5988],[24.7719,45.6029],[24.8004,45.595],[24.8388,45.5631],[24.8687,45.5739],[24.9839,45.58],[25.0951,45.5696],[25.2208,45.5034],[25.2759,45.4165],[25.3092,45.3885],[25.3703,45.3994],[25.4027,45.4392],[25.4298,45.4523]]]}},
{"type":"Feature","properties":{"entityId":"south-slavic-principalities","from":568,"to":587,"certainty":"estimated","source":"유럽 쪽은 Natural Earth 1:10m admin-1(v5.1.2) 현대 행정구역 조각을 그 시기 국경에 맞춰 묶고, 조각이 역사 경계와 다른 곳은 선을 그어 나눈 근사. 유럽 밖(시베리아·중앙아시아·극동)은 대략적인 추정. 운영자 검수 필요"},"geometry":{"type":"MultiPolygon","coordinates":[[[[16.0284,46.8369],[16.032,46.8376],[16.0529,46.8461],[16.094,46.8628],[16.1302,46.8567],[16.1354,46.8558],[16.1795,46.8585],[16.272,46.864],[16.2822,46.8599],[16.2974,46.847],[16.3019,46.8432],[16.3107,46.84],[16.3253,46.8394],[16.3298,46.8344],[16.3275,46.8255],[16.3218,46.8133],[16.3149,46.802],[16.3111,46.7975],[16.3022,46.787],[16.2995,46.7795],[16.2982,46.7758],[16.3142,46.7433],[16.3434,46.7142],[16.3573,46.7158],[16.3576,46.699],[16.3654,46.6967],[16.3662,46.6965],[16.3714,46.6949],[16.39,46.6942],[16.405,46.6873],[16.4105,46.6684],[16.4026,46.6631],[16.3967,46.6591],[16.3776,46.6529],[16.3684,46.643],[16.3722,46.6363],[16.3764,46.6291],[16.3946,46.619],[16.4302,46.6044],[16.4671,46.5647],[16.5008,46.5448],[16.5153,46.5017],[16.4911,46.5151],[16.4708,46.5203],[16.4404,46.519],[16.432,46.5232],[16.4152,46.5356],[16.4063,46.5395],[16.3695,46.5406],[16.3579,46.547],[16.3517,46.5395],[16.3441,46.547],[16.3403,46.5438],[16.33,46.5355],[16.3107,46.531],[16.3015,46.5271],[16.2954,46.5244],[16.2639,46.5159],[16.2609,46.5136],[16.2349,46.4933],[16.2342,46.4849],[16.2375,46.4651],[16.2494,46.4375],[16.2482,46.4133],[16.257,46.3999],[16.2741,46.3921],[16.2799,46.3787],[16.2756,46.3732],[16.2528,46.3734],[16.2171,46.3674],[16.1918,46.3698],[16.1775,46.3756],[16.1536,46.3914],[16.1316,46.3931],[16.106,46.3737],[16.0887,46.3731],[16.058,46.3775],[16.0574,46.3597],[16.0597,46.3453],[16.0596,46.3323],[16.0524,46.3186],[16.0499,46.3167],[16.0389,46.3084],[16.0192,46.2988],[15.9937,46.2906],[15.9487,46.2842],[15.9189,46.2728],[15.8837,46.2594],[15.8809,46.2593],[15.8793,46.2593],[15.8342,46.2584],[15.8183,46.2555],[15.8031,46.2505],[15.7995,46.2486],[15.7891,46.2431],[15.7689,46.2194],[15.7498,46.2108],[15.678,46.2145],[15.6613,46.2153],[15.6398,46.2077],[15.6266,46.1952],[15.6229,46.1917],[15.6043,46.167],[15.59,46.1387],[15.5899,46.1135],[15.6038,46.091],[15.6235,46.0764],[15.6236,46.0764],[15.6315,46.0706],[15.6437,46.0655],[15.6717,46.0574],[15.6839,46.0511],[15.6929,46.0416],[15.698,46.0362],[15.682,46.0135],[15.6742,45.9932],[15.6754,45.9725],[15.6756,45.9252],[15.6594,45.8888],[15.6755,45.856],[15.6761,45.8417],[15.6661,45.8317],[15.6261,45.8202],[15.5873,45.8192],[15.5497,45.8237],[15.5235,45.8268],[15.4854,45.8102],[15.4513,45.8151],[15.4356,45.8021],[15.4411,45.7822],[15.4298,45.7757],[15.331,45.7525],[15.3038,45.7461],[15.2635,45.7304],[15.2499,45.7137],[15.2509,45.7077],[15.2582,45.7051],[15.2678,45.6985],[15.2778,45.685],[15.2919,45.6756],[15.3049,45.6721],[15.315,45.6809],[15.3308,45.6846],[15.35,45.6696],[15.3683,45.649],[15.3738,45.6402],[15.3531,45.6403],[15.3267,45.6323],[15.2974,45.6257],[15.2879,45.6103],[15.2686,45.6017],[15.2696,45.5934],[15.2822,45.5715],[15.2967,45.523],[15.311,45.5059],[15.3614,45.482],[15.3339,45.4585],[15.314,45.4505],[15.2816,45.451],[15.2258,45.4365],[15.1842,45.4256],[15.1393,45.43],[15.0661,45.4739],[15.0562,45.4799],[15.0074,45.4808],[14.9773,45.4917],[14.9626,45.4931],[14.9454,45.5045],[14.9226,45.5149],[14.9044,45.5144],[14.9008,45.4931],[14.8816,45.4698],[14.8388,45.459],[14.7972,45.4652],[14.7815,45.4931],[14.6883,45.522],[14.6685,45.534],[14.6717,45.5568],[14.6637,45.5702],[14.6503,45.5748],[14.616,45.5941],[14.6031,45.6036],[14.5939,45.6162],[14.5941,45.648],[14.5919,45.6634],[14.5809,45.6678],[14.5691,45.6643],[14.5561,45.6567],[14.5436,45.6364],[14.4986,45.5962],[14.4915,45.5792],[14.4821,45.5424],[14.4689,45.5256],[14.4112,45.4932],[14.3728,45.4778],[14.3268,45.4749],[14.2804,45.4811],[14.2187,45.4972],[14.1455,45.4762],[14.1173,45.473],[14.1167,45.473],[14.0929,45.4739],[14.0667,45.4803],[14.014,45.508],[13.9875,45.5119],[13.9838,45.5195],[13.9522,45.546],[13.9104,45.552],[13.8946,45.5598],[13.88,45.5725],[13.8679,45.6022],[13.887,45.6188],[13.8936,45.6338],[13.8692,45.6411],[13.8584,45.6494],[13.7787,45.7434],[13.7095,45.7653],[13.6999,45.7705],[13.6603,45.792],[13.6436,45.7957],[13.6092,45.7986],[13.5885,45.8065],[13.5813,45.8092],[13.5742,45.819],[13.566,45.8303],[13.5693,45.8645],[13.5993,45.9123],[13.6082,45.9266],[13.6153,45.9459],[13.6228,45.9664],[13.6007,45.9846],[13.5717,45.9798],[13.5394,45.969],[13.5094,45.9674],[13.4618,46.0064],[13.4823,46.0184],[13.4928,46.0325],[13.4903,46.0389],[13.4823,46.0448],[13.5051,46.066],[13.5226,46.0753],[13.6164,46.125],[13.645,46.1617],[13.6411,46.1714],[13.6274,46.1817],[13.5845,46.1813],[13.559,46.1841],[13.529,46.2048],[13.5102,46.214],[13.4823,46.2179],[13.4683,46.2234],[13.4228,46.2286],[13.4374,46.2109],[13.4101,46.208],[13.3981,46.2305],[13.3847,46.2433],[13.3786,46.2684],[13.3653,46.2903],[13.3956,46.3067],[13.4232,46.3448],[13.4341,46.3539],[13.4597,46.359],[13.4837,46.3712],[13.53,46.3883],[13.5757,46.4267],[13.6002,46.4426],[13.6588,46.4451],[13.6775,46.4521],[13.6859,46.464],[13.6899,46.4933],[13.701,46.5197],[13.6703,46.5187],[13.5492,46.5458],[13.5068,46.5469],[13.478,46.5636],[13.417,46.5605],[13.3733,46.5658],[13.2714,46.5508],[13.2311,46.5522],[13.1465,46.585],[13.0645,46.598],[12.8304,46.6096],[12.7485,46.641],[12.6974,46.6405],[12.6714,46.6525],[12.7091,46.7052],[12.7243,46.7489],[12.7456,46.7562],[12.8973,46.7759],[12.933,46.7575],[12.9453,46.7752],[12.8852,46.8325],[12.8288,46.876],[12.8069,46.9294],[12.7641,46.9567],[12.735,47.0042],[12.7515,47.0397],[12.7443,47.058],[12.6581,47.0776],[12.6338,47.112],[12.665,47.1365],[12.7724,47.0993],[12.9144,47.076],[12.9942,47.0408],[13.0595,47.0288],[13.1735,47.0375],[13.2261,47.0549],[13.2743,47.0838],[13.3082,47.0872],[13.4397,47.0625],[13.5618,47.0466],[13.6062,47.0442],[13.6672,47.0261],[13.7531,46.9806],[13.7823,46.9542],[13.8206,46.9878],[13.8637,47.0423],[13.8802,47.0727],[13.8799,47.1054],[13.9372,47.1506],[13.9317,47.1694],[13.9018,47.1839],[13.8608,47.222],[13.8482,47.2504],[13.7967,47.3021],[13.6941,47.2745],[13.6307,47.3056],[13.6045,47.3425],[13.5748,47.4099],[13.5652,47.4454],[13.5818,47.4864],[13.6744,47.4742],[13.7243,47.498],[13.7354,47.5163],[13.7303,47.546],[13.6814,47.5976],[13.6872,47.664],[13.7165,47.6845],[13.8233,47.7205],[13.9527,47.6945],[13.9967,47.6986],[14.0421,47.6624],[14.0597,47.626],[14.0861,47.6361],[14.195,47.6577],[14.2514,47.6312],[14.2934,47.6205],[14.3473,47.6257],[14.4172,47.6588],[14.477,47.6783],[14.4916,47.6954],[14.6356,47.7343],[14.6993,47.7689],[14.7341,47.7502],[14.8382,47.7505],[14.8834,47.7247],[14.9296,47.7269],[15.0147,47.7524],[15.0561,47.7508],[15.1871,47.7804],[15.2297,47.8193],[15.2779,47.8152],[15.3391,47.8254],[15.3754,47.8196],[15.4175,47.7935],[15.5001,47.7663],[15.5387,47.7474],[15.6062,47.7435],[15.6386,47.7174],[15.6718,47.7042],[15.7143,47.7019],[15.7261,47.6902],[15.7432,47.6367],[15.7969,47.6454],[15.8287,47.6321],[15.8279,47.5889],[15.8661,47.5854],[15.8923,47.572],[15.9167,47.5332],[15.9983,47.5238],[16.0472,47.5062],[16.0804,47.5165],[16.1135,47.4634],[16.1479,47.443],[16.0717,47.3949],[16.0475,47.4106],[16.02,47.3724],[16.0584,47.2911],[16.0675,47.2376],[16.095,47.1651],[16.0844,47.1069],[16.0895,47.0829],[16.1347,47.0402],[16.1363,47.0249],[16.0545,46.9442],[16.0115,46.9133],[16.0037,46.8707],[16.0284,46.8369]]],[[[25.4298,45.4523],[25.4588,45.4636],[25.6278,45.4847],[25.6933,45.4794],[25.7502,45.4659],[25.7904,45.4733],[25.8231,45.4455],[25.8627,45.4416],[25.8913,45.4654],[25.9028,45.5006],[25.9458,45.5102],[25.9989,45.4886],[26.046,45.4823],[26.1005,45.5644],[26.1889,45.5745],[26.2075,45.5832],[26.2156,45.6122],[26.2346,45.6256],[26.2847,45.6028],[26.3286,45.6181],[26.3427,45.6553],[26.3667,45.6852],[26.395,45.7498],[26.3804,45.8029],[26.4246,45.7732],[26.4664,45.7309],[26.5322,45.6504],[26.569,45.6248],[26.6467,45.6279],[26.6694,45.6212],[26.7548,45.5633],[26.8315,45.5284],[26.8945,45.5187],[26.9071,45.5452],[26.9758,45.5333],[26.9992,45.5152],[27.0062,45.4818],[27.0638,45.4507],[27.1378,45.4678],[27.1471,45.4304],[27.191,45.4492],[27.2761,45.4349],[27.3076,45.3965],[27.3557,45.3869],[27.4235,45.3865],[27.4328,45.4067],[27.4832,45.4573],[27.5209,45.4777],[27.5801,45.4933],[27.6373,45.4755],[27.7026,45.477],[27.7652,45.4331],[27.8202,45.4124],[27.8555,45.4074],[27.9213,45.4095],[28.0302,45.3954],[28.0217,45.3481],[27.9867,45.2923],[28.0413,45.2584],[28.0755,45.2482],[28.1103,45.2582],[28.1308,45.2377],[28.0977,45.1842],[28.1526,45.1612],[28.178,45.1347],[28.1627,45.1083],[28.1314,45.089],[28.1424,45.0365],[28.1308,45.0186],[28.1414,44.9598],[28.1241,44.9449],[28.125,44.8916],[28.0801,44.8408],[28.0701,44.7959],[28.0548,44.777],[28.0347,44.7632],[27.9951,44.7611],[27.9651,44.7752],[27.9109,44.7753],[27.8769,44.7442],[27.9164,44.6945],[27.978,44.6793],[28.0345,44.631],[28.0214,44.588],[28.0215,44.5525],[28.0039,44.5399],[28.0203,44.5223],[28.0861,44.5047],[28.109,44.4578],[28.0988,44.4304],[28.0482,44.3982],[28.0228,44.3547],[27.9935,44.3044],[27.9675,44.2806],[27.934,44.266],[27.7888,44.2399],[27.7329,44.2099],[27.6918,44.2045],[27.608,44.2055],[27.516,44.1727],[27.4819,44.1458],[27.4449,44.1341],[27.2924,44.1516],[27.2527,44.1215],[27.1002,44.1445],[27.0275,44.177],[27.0015,44.1651],[26.8841,44.1565],[26.7895,44.116],[26.7087,44.1081],[26.6142,44.0849],[26.4158,44.0638],[26.3323,44.0549],[26.2315,44.0275],[26.1507,44.0124],[26.1162,43.9989],[26.0793,43.969],[26.0543,43.9343],[25.934,43.8703],[25.9164,43.8444],[25.8693,43.8009],[25.8063,43.7637],[25.7811,43.732],[25.7329,43.7188],[25.6714,43.7174],[25.6165,43.6877],[25.5566,43.6704],[25.4825,43.6697],[25.4031,43.6501],[25.3596,43.6543],[25.2854,43.6904],[25.2113,43.7119],[25.0816,43.7189],[24.9637,43.7496],[24.7526,43.7388],[24.6618,43.7557],[24.5001,43.7995],[24.4312,43.7942],[24.3755,43.7639],[24.3367,43.7593],[24.1496,43.7547],[23.7999,43.8185],[23.7208,43.8458],[23.6209,43.834],[23.5927,43.8374],[23.4847,43.8806],[23.3252,43.8866],[23.2345,43.8773],[23.1318,43.8479],[23.0526,43.8428],[22.9196,43.8342],[22.8634,43.8554],[22.8505,43.897],[22.8859,43.9945],[22.9058,44.004],[22.9881,44.0177],[23.023,44.0316],[23.0401,44.0623],[23.031,44.0931],[23.0083,44.1004],[22.9064,44.1229],[22.6916,44.2284],[22.6895,44.2917],[22.6815,44.3053],[22.5828,44.3284],[22.5494,44.349],[22.5051,44.4041],[22.501,44.4419],[22.477,44.464],[22.4841,44.4998],[22.5355,44.5075],[22.5567,44.5215],[22.5656,44.5554],[22.6212,44.5692],[22.7001,44.5418],[22.7417,44.5519],[22.7652,44.5828],[22.7001,44.6306],[22.6212,44.6374],[22.5533,44.6692],[22.4837,44.724],[22.4261,44.7337],[22.3807,44.7005],[22.3197,44.6853],[22.1851,44.5151],[22.1482,44.5009],[22.1043,44.5096],[22.0763,44.5507],[22.0452,44.5692],[22.0362,44.5895],[22.0342,44.5962],[22.0888,44.6032],[22.1499,44.5977],[22.169,44.609],[22.1727,44.6339],[22.1608,44.6644],[22.1653,44.7022],[22.2057,44.7613],[22.2219,44.8062],[22.2626,44.8083],[22.3112,44.7779],[22.3542,44.7777],[22.3878,44.7537],[22.4212,44.7521],[22.4418,44.7694],[22.467,44.8393],[22.4918,44.8846],[22.5337,44.9342],[22.5666,45.0239],[22.5989,45.0602],[22.6411,45.0924],[22.6346,45.1275],[22.5661,45.1388],[22.5727,45.1708],[22.601,45.1977],[22.6691,45.2405],[22.8814,45.2949],[22.9334,45.2767],[22.9761,45.2748],[23.027,45.2597],[23.0908,45.2794],[23.1895,45.2718],[23.2441,45.2952],[23.3575,45.3215],[23.3984,45.3182],[23.4304,45.3038],[23.5237,45.3379],[23.5858,45.3526],[23.5999,45.3819],[23.5808,45.4323],[23.5842,45.4473],[23.6261,45.4519],[23.6469,45.4505],[23.7097,45.4798],[23.7526,45.4861],[23.794,45.508],[23.9606,45.5122],[24.0683,45.4964],[24.1689,45.537],[24.3218,45.563],[24.5272,45.5618],[24.7091,45.5988],[24.7719,45.6029],[24.8004,45.595],[24.8388,45.5631],[24.8687,45.5739],[24.9839,45.58],[25.0951,45.5696],[25.2208,45.5034],[25.2759,45.4165],[25.3092,45.3885],[25.3703,45.3994],[25.4027,45.4392],[25.4298,45.4523]]]]}},
{"type":"Feature","properties":{"entityId":"south-slavic-principalities","from":587,"to":615,"certainty":"estimated","source":"유럽 쪽은 Natural Earth 1:10m admin-1(v5.1.2) 현대 행정구역 조각을 그 시기 국경에 맞춰 묶고, 조각이 역사 경계와 다른 곳은 선을 그어 나눈 근사. 유럽 밖(시베리아·중앙아시아·극동)은 대략적인 추정. 운영자 검수 필요"},"geometry":{"type":"MultiPolygon","coordinates":[[[[12.6338,47.112],[12.6581,47.0776],[12.7443,47.058],[12.7515,47.0397],[12.735,47.0042],[12.7641,46.9567],[12.8069,46.9294],[12.8288,46.876],[12.8852,46.8325],[12.9453,46.7752],[12.933,46.7575],[12.8973,46.7759],[12.7456,46.7562],[12.7243,46.7489],[12.7091,46.7052],[12.6714,46.6525],[12.6974,46.6405],[12.7485,46.641],[12.8304,46.6096],[13.0645,46.598],[13.1465,46.585],[13.2311,46.5522],[13.2714,46.5508],[13.3733,46.5658],[13.417,46.5605],[13.478,46.5636],[13.5068,46.5469],[13.5492,46.5458],[13.6703,46.5187],[13.701,46.5197],[13.6899,46.4933],[13.6859,46.464],[13.6775,46.4521],[13.6588,46.4451],[13.6002,46.4426],[13.5757,46.4267],[13.53,46.3883],[13.4837,46.3712],[13.4597,46.359],[13.4341,46.3539],[13.4232,46.3448],[13.3956,46.3067],[13.3653,46.2903],[13.3786,46.2684],[13.3847,46.2433],[13.3981,46.2305],[13.4101,46.208],[13.4374,46.2109],[13.4228,46.2286],[13.4683,46.2234],[13.4823,46.2179],[13.5102,46.214],[13.529,46.2048],[13.559,46.1841],[13.5845,46.1813],[13.6274,46.1817],[13.6411,46.1714],[13.645,46.1617],[13.6164,46.125],[13.5226,46.0753],[13.5051,46.066],[13.4823,46.0448],[13.4903,46.0389],[13.4928,46.0325],[13.4823,46.0184],[13.4618,46.0064],[13.5094,45.9674],[13.5394,45.969],[13.5717,45.9798],[13.6007,45.9846],[13.6228,45.9664],[13.6153,45.9459],[13.6082,45.9266],[13.5993,45.9123],[13.5693,45.8645],[13.566,45.8303],[13.5742,45.819],[13.5813,45.8092],[13.5885,45.8065],[13.6092,45.7986],[13.6436,45.7957],[13.6603,45.792],[13.6999,45.7705],[13.7095,45.7653],[13.7787,45.7434],[13.8584,45.6494],[13.8692,45.6411],[13.8936,45.6338],[13.887,45.6188],[13.8679,45.6022],[13.88,45.5725],[13.8946,45.5598],[13.9104,45.552],[13.9522,45.546],[13.9838,45.5195],[13.9875,45.5119],[14.014,45.508],[14.0667,45.4803],[14.0929,45.4739],[14.1167,45.473],[14.1173,45.473],[14.1455,45.4762],[14.2187,45.4972],[14.2804,45.4811],[14.3268,45.4749],[14.3728,45.4778],[14.4112,45.4932],[14.4689,45.5256],[14.4821,45.5424],[14.4915,45.5792],[14.4986,45.5962],[14.5436,45.6364],[14.5561,45.6567],[14.5691,45.6643],[14.5809,45.6678],[14.5919,45.6634],[14.5941,45.648],[14.5939,45.6162],[14.6031,45.6036],[14.616,45.5941],[14.6503,45.5748],[14.6637,45.5702],[14.6717,45.5568],[14.6685,45.534],[14.6883,45.522],[14.7815,45.4931],[14.7972,45.4652],[14.8388,45.459],[14.8816,45.4698],[14.9008,45.4931],[14.9044,45.5144],[14.9226,45.5149],[14.9454,45.5045],[14.9626,45.4931],[14.9773,45.4917],[15.0074,45.4808],[15.0562,45.4799],[15.0661,45.4739],[15.1393,45.43],[15.1842,45.4256],[15.2258,45.4365],[15.2816,45.451],[15.314,45.4505],[15.3339,45.4585],[15.3614,45.482],[15.311,45.5059],[15.2967,45.523],[15.2822,45.5715],[15.2696,45.5934],[15.2686,45.6017],[15.2879,45.6103],[15.2974,45.6257],[15.3267,45.6323],[15.3531,45.6403],[15.3738,45.6402],[15.3683,45.649],[15.35,45.6696],[15.3308,45.6846],[15.315,45.6809],[15.3049,45.6721],[15.2919,45.6756],[15.2778,45.685],[15.2678,45.6985],[15.2582,45.7051],[15.2509,45.7077],[15.2499,45.7137],[15.2635,45.7304],[15.3038,45.7461],[15.331,45.7525],[15.4298,45.7757],[15.4411,45.7822],[15.4356,45.8021],[15.4513,45.8151],[15.4854,45.8102],[15.5235,45.8268],[15.5497,45.8237],[15.5873,45.8192],[15.6261,45.8202],[15.6661,45.8317],[15.6761,45.8417],[15.6755,45.856],[15.6594,45.8888],[15.6756,45.9252],[15.6754,45.9725],[15.6742,45.9932],[15.682,46.0135],[15.698,46.0362],[15.6929,46.0416],[15.6839,46.0511],[15.6717,46.0574],[15.6437,46.0655],[15.6315,46.0706],[15.6236,46.0764],[15.6235,46.0764],[15.6038,46.091],[15.5899,46.1135],[15.59,46.1387],[15.6043,46.167],[15.6229,46.1917],[15.6266,46.1952],[15.6398,46.2077],[15.6613,46.2153],[15.678,46.2145],[15.7498,46.2108],[15.7689,46.2194],[15.7891,46.2431],[15.7995,46.2486],[15.8031,46.2505],[15.8183,46.2555],[15.8342,46.2584],[15.8793,46.2593],[15.8809,46.2593],[15.8837,46.2594],[15.9189,46.2728],[15.9487,46.2842],[15.9937,46.2906],[16.0192,46.2988],[16.0389,46.3084],[16.0499,46.3167],[16.0524,46.3186],[16.0596,46.3323],[16.0597,46.3453],[16.0574,46.3597],[16.058,46.3775],[16.0887,46.3731],[16.106,46.3737],[16.1316,46.3931],[16.1536,46.3914],[16.1775,46.3756],[16.1918,46.3698],[16.2171,46.3674],[16.2528,46.3734],[16.2756,46.3732],[16.2799,46.3787],[16.2741,46.3921],[16.257,46.3999],[16.2482,46.4133],[16.2494,46.4375],[16.2375,46.4651],[16.2342,46.4849],[16.2349,46.4933],[16.2609,46.5136],[16.2639,46.5159],[16.2954,46.5244],[16.3015,46.5271],[16.3107,46.531],[16.33,46.5355],[16.3403,46.5438],[16.3441,46.547],[16.3517,46.5395],[16.3579,46.547],[16.3695,46.5406],[16.4063,46.5395],[16.4152,46.5356],[16.432,46.5232],[16.4404,46.519],[16.4708,46.5203],[16.4911,46.5151],[16.5153,46.5017],[16.5008,46.5448],[16.4671,46.5647],[16.4302,46.6044],[16.3946,46.619],[16.3764,46.6291],[16.3722,46.6363],[16.3684,46.643],[16.3776,46.6529],[16.3967,46.6591],[16.4026,46.6631],[16.4105,46.6684],[16.405,46.6873],[16.39,46.6942],[16.3714,46.6949],[16.3662,46.6965],[16.3654,46.6967],[16.3576,46.699],[16.3573,46.7158],[16.3434,46.7142],[16.3142,46.7433],[16.2982,46.7758],[16.2995,46.7795],[16.3022,46.787],[16.3111,46.7975],[16.3149,46.802],[16.3218,46.8133],[16.3275,46.8255],[16.3298,46.8344],[16.3253,46.8394],[16.3107,46.84],[16.3019,46.8432],[16.2974,46.847],[16.2822,46.8599],[16.272,46.864],[16.1795,46.8585],[16.1354,46.8558],[16.1302,46.8567],[16.094,46.8628],[16.0529,46.8461],[16.032,46.8376],[16.0284,46.8369],[16.0037,46.8707],[16.0115,46.9133],[16.0545,46.9442],[16.1363,47.0249],[16.1347,47.0402],[16.0895,47.0829],[16.0844,47.1069],[16.095,47.1651],[16.0675,47.2376],[16.0584,47.2911],[16.02,47.3724],[16.0475,47.4106],[16.0717,47.3949],[16.1479,47.443],[16.1135,47.4634],[16.0804,47.5165],[16.0472,47.5062],[15.9983,47.5238],[15.9167,47.5332],[15.8923,47.572],[15.8661,47.5854],[15.8279,47.5889],[15.8287,47.6321],[15.7969,47.6454],[15.7432,47.6367],[15.7261,47.6902],[15.7143,47.7019],[15.6718,47.7042],[15.6386,47.7174],[15.6062,47.7435],[15.5387,47.7474],[15.5001,47.7663],[15.4175,47.7935],[15.3754,47.8196],[15.3391,47.8254],[15.2779,47.8152],[15.2297,47.8193],[15.1871,47.7804],[15.0561,47.7508],[15.0147,47.7524],[14.9296,47.7269],[14.8834,47.7247],[14.8382,47.7505],[14.7341,47.7502],[14.6993,47.7689],[14.6356,47.7343],[14.4916,47.6954],[14.477,47.6783],[14.4172,47.6588],[14.3473,47.6257],[14.2934,47.6205],[14.2514,47.6312],[14.195,47.6577],[14.0861,47.6361],[14.0597,47.626],[14.0421,47.6624],[13.9967,47.6986],[13.9527,47.6945],[13.8233,47.7205],[13.7165,47.6845],[13.6872,47.664],[13.6814,47.5976],[13.7303,47.546],[13.7354,47.5163],[13.7243,47.498],[13.6744,47.4742],[13.5818,47.4864],[13.5652,47.4454],[13.5748,47.4099],[13.6045,47.3425],[13.6307,47.3056],[13.6941,47.2745],[13.7967,47.3021],[13.8482,47.2504],[13.8608,47.222],[13.9018,47.1839],[13.9317,47.1694],[13.9372,47.1506],[13.8799,47.1054],[13.8802,47.0727],[13.8637,47.0423],[13.8206,46.9878],[13.7823,46.9542],[13.7531,46.9806],[13.6672,47.0261],[13.6062,47.0442],[13.5618,47.0466],[13.4397,47.0625],[13.3082,47.0872],[13.2743,47.0838],[13.2261,47.0549],[13.1735,47.0375],[13.0595,47.0288],[12.9942,47.0408],[12.9144,47.076],[12.7724,47.0993],[12.665,47.1365],[12.6338,47.112]]],[[[21.1062,37.8781],[21.1221,37.8374],[21.2273,37.8119],[21.2365,37.808],[21.2558,37.7955],[21.2958,37.6446],[21.3339,37.5634],[21.3912,37.4411],[21.4198,37.38],[21.4341,37.3494],[21.4485,37.3188],[21.6702,36.8457],[21.7004,36.8297],[21.7074,36.818],[21.7642,36.795],[21.7654,36.7953],[21.8637,36.7431],[21.874,36.7267],[21.8834,36.7327],[22.4765,36.4184],[22.4797,36.402],[22.5046,36.4045],[22.5023,36.4109],[23.1538,36.4225],[23.1536,36.4229],[23.1538,36.4229],[23.1472,36.4383],[23.1619,36.4462],[23.1961,36.4325],[23.2036,36.4561],[23.1519,36.4873],[23.1346,36.5076],[23.1482,36.5172],[23.1346,36.5554],[23.0913,36.5745],[23.0849,36.5837],[23.0485,36.6689],[23.0533,36.6883],[23.0594,36.6926],[23.0544,36.6926],[23.0665,36.7415],[23.0886,36.7329],[23.1141,36.7813],[23.0806,36.7888],[23.0956,36.807],[23.0868,36.8291],[23.061,36.8501],[23.0602,36.8544],[23.0071,36.9868],[23.0117,36.9868],[22.9998,37.0333],[22.9564,37.0959],[22.9564,37.124],[22.9401,37.1212],[22.91,37.1786],[22.9116,37.1834],[22.8946,37.2079],[22.8514,37.2902],[22.832,37.3136],[23.091,37.3566],[23.1006,37.3573],[23.1619,37.3164],[23.1686,37.2995],[23.2036,37.3027],[23.186,37.3406],[23.278,37.3498],[23.2513,37.3573],[23.241,37.3706],[23.251,37.3766],[23.313,37.3933],[23.4094,37.4093],[23.4092,37.4097],[23.4094,37.4097],[23.4075,37.413],[23.4418,37.4144],[23.4305,37.4523],[23.373,37.4441],[23.3051,37.451],[23.2757,37.4743],[23.2284,37.4947],[23.179,37.5071],[23.1576,37.5347],[23.187,37.6083],[23.2116,37.5937],[23.2116,37.6209],[23.2612,37.6209],[23.2612,37.6663],[23.259,37.6701],[23.2417,37.7],[23.2245,37.7299],[23.19,37.7896],[23.1824,37.8028],[23.1824,37.8091],[23.1768,37.8125],[23.1146,37.9202],[23.1146,37.9203],[23.1929,37.8978],[23.1929,37.93],[23.1668,37.93],[23.1668,37.9441],[23.1594,37.9405],[23.1108,38.0229],[23.0763,38.0597],[23.0902,38.0625],[23.0902,38.101],[23.0569,38.101],[23.0569,38.1423],[22.9569,38.1423],[22.9569,38.1315],[22.7238,38.1315],[22.7238,38.1795],[22.6904,38.1795],[22.6904,38.1558],[22.6571,38.1558],[22.6571,38.2038],[22.5572,38.2038],[22.5572,38.2163],[22.4573,38.2163],[22.4573,38.2517],[22.4239,38.2517],[22.4239,38.2562],[22.2907,38.2562],[22.2907,38.2662],[22.224,38.2662],[22.224,38.2685],[22.1907,38.2685],[22.1907,38.2957],[22.1574,38.2957],[22.1574,38.3098],[22.0908,38.3098],[22.0908,38.32],[21.87,38.32],[21.84,38.34],[21.8,38.34],[21.78,38.32],[21.6,38.3],[21.35,38.24],[21.1441,38.2165],[21.211,37.9644],[21.1611,37.9314],[21.1336,37.9464],[21.1062,37.8781]]],[[[22.0342,44.5962],[22.0362,44.5895],[22.0452,44.5692],[22.0763,44.5507],[22.1043,44.5096],[22.1482,44.5009],[22.1851,44.5151],[22.3197,44.6853],[22.3807,44.7005],[22.4261,44.7337],[22.4837,44.724],[22.5533,44.6692],[22.6212,44.6374],[22.7001,44.6306],[22.7652,44.5828],[22.7417,44.5519],[22.7001,44.5418],[22.6212,44.5692],[22.5656,44.5554],[22.5567,44.5215],[22.5355,44.5075],[22.4841,44.4998],[22.477,44.464],[22.501,44.4419],[22.5051,44.4041],[22.5494,44.349],[22.5828,44.3284],[22.6815,44.3053],[22.6895,44.2917],[22.6916,44.2284],[22.9064,44.1229],[23.0083,44.1004],[23.031,44.0931],[23.0401,44.0623],[23.023,44.0316],[22.9881,44.0177],[22.9058,44.004],[22.8859,43.9945],[22.8505,43.897],[22.8634,43.8554],[22.9196,43.8342],[23.0526,43.8428],[23.1318,43.8479],[23.2345,43.8773],[23.3252,43.8866],[23.4847,43.8806],[23.5927,43.8374],[23.6209,43.834],[23.7208,43.8458],[23.7999,43.8185],[24.1496,43.7547],[24.3367,43.7593],[24.3755,43.7639],[24.4312,43.7942],[24.5001,43.7995],[24.6618,43.7557],[24.7526,43.7388],[24.9637,43.7496],[25.0816,43.7189],[25.2113,43.7119],[25.2854,43.6904],[25.3596,43.6543],[25.4031,43.6501],[25.4825,43.6697],[25.5566,43.6704],[25.6165,43.6877],[25.6714,43.7174],[25.7329,43.7188],[25.7811,43.732],[25.8063,43.7637],[25.8693,43.8009],[25.9164,43.8444],[25.934,43.8703],[26.0543,43.9343],[26.0793,43.969],[26.1162,43.9989],[26.1507,44.0124],[26.2315,44.0275],[26.3323,44.0549],[26.4158,44.0638],[26.6142,44.0849],[26.7087,44.1081],[26.7895,44.116],[26.8841,44.1565],[27.0015,44.1651],[27.0275,44.177],[27.1002,44.1445],[27.2527,44.1215],[27.2924,44.1516],[27.4449,44.1341],[27.4819,44.1458],[27.516,44.1727],[27.608,44.2055],[27.6918,44.2045],[27.7329,44.2099],[27.7888,44.2399],[27.934,44.266],[27.9675,44.2806],[27.9935,44.3044],[28.0228,44.3547],[28.0482,44.3982],[28.0988,44.4304],[28.109,44.4578],[28.0861,44.5047],[28.0203,44.5223],[28.0039,44.5399],[28.0215,44.5525],[28.0214,44.588],[28.0345,44.631],[27.978,44.6793],[27.9164,44.6945],[27.8769,44.7442],[27.9109,44.7753],[27.9651,44.7752],[27.9951,44.7611],[28.0347,44.7632],[28.0548,44.777],[28.0701,44.7959],[28.0801,44.8408],[28.125,44.8916],[28.1241,44.9449],[28.1414,44.9598],[28.1308,45.0186],[28.1424,45.0365],[28.1314,45.089],[28.1627,45.1083],[28.178,45.1347],[28.1526,45.1612],[28.0977,45.1842],[28.1308,45.2377],[28.1103,45.2582],[28.0755,45.2482],[28.0413,45.2584],[27.9867,45.2923],[28.0217,45.3481],[28.0302,45.3954],[27.9213,45.4095],[27.8555,45.4074],[27.8202,45.4124],[27.7652,45.4331],[27.7026,45.477],[27.6373,45.4755],[27.5801,45.4933],[27.5209,45.4777],[27.4832,45.4573],[27.4328,45.4067],[27.4235,45.3865],[27.3557,45.3869],[27.3076,45.3965],[27.2761,45.4349],[27.191,45.4492],[27.1471,45.4304],[27.1378,45.4678],[27.0638,45.4507],[27.0062,45.4818],[26.9992,45.5152],[26.9758,45.5333],[26.9071,45.5452],[26.8945,45.5187],[26.8315,45.5284],[26.7548,45.5633],[26.6694,45.6212],[26.6467,45.6279],[26.569,45.6248],[26.5322,45.6504],[26.4664,45.7309],[26.4246,45.7732],[26.3804,45.8029],[26.395,45.7498],[26.3667,45.6852],[26.3427,45.6553],[26.3286,45.6181],[26.2847,45.6028],[26.2346,45.6256],[26.2156,45.6122],[26.2075,45.5832],[26.1889,45.5745],[26.1005,45.5644],[26.046,45.4823],[25.9989,45.4886],[25.9458,45.5102],[25.9028,45.5006],[25.8913,45.4654],[25.8627,45.4416],[25.8231,45.4455],[25.7904,45.4733],[25.7502,45.4659],[25.6933,45.4794],[25.6278,45.4847],[25.4588,45.4636],[25.4298,45.4523],[25.4027,45.4392],[25.3703,45.3994],[25.3092,45.3885],[25.2759,45.4165],[25.2208,45.5034],[25.0951,45.5696],[24.9839,45.58],[24.8687,45.5739],[24.8388,45.5631],[24.8004,45.595],[24.7719,45.6029],[24.7091,45.5988],[24.5272,45.5618],[24.3218,45.563],[24.1689,45.537],[24.0683,45.4964],[23.9606,45.5122],[23.794,45.508],[23.7526,45.4861],[23.7097,45.4798],[23.6469,45.4505],[23.6261,45.4519],[23.5842,45.4473],[23.5808,45.4323],[23.5999,45.3819],[23.5858,45.3526],[23.5237,45.3379],[23.4304,45.3038],[23.3984,45.3182],[23.3575,45.3215],[23.2441,45.2952],[23.1895,45.2718],[23.0908,45.2794],[23.027,45.2597],[22.9761,45.2748],[22.9334,45.2767],[22.8814,45.2949],[22.6691,45.2405],[22.601,45.1977],[22.5727,45.1708],[22.5661,45.1388],[22.6346,45.1275],[22.6411,45.0924],[22.5989,45.0602],[22.5666,45.0239],[22.5337,44.9342],[22.4918,44.8846],[22.467,44.8393],[22.4418,44.7694],[22.4212,44.7521],[22.3878,44.7537],[22.3542,44.7777],[22.3112,44.7779],[22.2626,44.8083],[22.2219,44.8062],[22.2057,44.7613],[22.1653,44.7022],[22.1608,44.6644],[22.1727,44.6339],[22.169,44.609],[22.1499,44.5977],[22.0888,44.6032],[22.0342,44.5962]]]]}},
{"type":"Feature","properties":{"entityId":"south-slavic-principalities","from":615,"to":681,"certainty":"estimated","source":"유럽 쪽은 Natural Earth 1:10m admin-1(v5.1.2) 현대 행정구역 조각을 그 시기 국경에 맞춰 묶고, 조각이 역사 경계와 다른 곳은 선을 그어 나눈 근사. 유럽 밖(시베리아·중앙아시아·극동)은 대략적인 추정. 운영자 검수 필요"},"geometry":{"type":"MultiPolygon","coordinates":[[[[12.6338,47.112],[12.6581,47.0776],[12.7443,47.058],[12.7515,47.0397],[12.735,47.0042],[12.7641,46.9567],[12.8069,46.9294],[12.8288,46.876],[12.8852,46.8325],[12.9453,46.7752],[12.933,46.7575],[12.8973,46.7759],[12.7456,46.7562],[12.7243,46.7489],[12.7091,46.7052],[12.6714,46.6525],[12.6974,46.6405],[12.7485,46.641],[12.8304,46.6096],[13.0645,46.598],[13.1465,46.585],[13.2311,46.5522],[13.2714,46.5508],[13.3733,46.5658],[13.417,46.5605],[13.478,46.5636],[13.5068,46.5469],[13.5492,46.5458],[13.6703,46.5187],[13.701,46.5197],[13.6899,46.4933],[13.6859,46.464],[13.6775,46.4521],[13.6588,46.4451],[13.6002,46.4426],[13.5757,46.4267],[13.53,46.3883],[13.4837,46.3712],[13.4597,46.359],[13.4341,46.3539],[13.4232,46.3448],[13.3956,46.3067],[13.3653,46.2903],[13.3786,46.2684],[13.3847,46.2433],[13.3981,46.2305],[13.4101,46.208],[13.4374,46.2109],[13.4228,46.2286],[13.4683,46.2234],[13.4823,46.2179],[13.5102,46.214],[13.529,46.2048],[13.559,46.1841],[13.5845,46.1813],[13.6274,46.1817],[13.6411,46.1714],[13.645,46.1617],[13.6164,46.125],[13.5226,46.0753],[13.5051,46.066],[13.4823,46.0448],[13.4903,46.0389],[13.4928,46.0325],[13.4823,46.0184],[13.4618,46.0064],[13.5094,45.9674],[13.5394,45.969],[13.5717,45.9798],[13.6007,45.9846],[13.6228,45.9664],[13.6153,45.9459],[13.6082,45.9266],[13.5993,45.9123],[13.5693,45.8645],[13.566,45.8303],[13.5742,45.819],[13.5813,45.8092],[13.5885,45.8065],[13.6092,45.7986],[13.6436,45.7957],[13.6603,45.792],[13.6999,45.7705],[13.7095,45.7653],[13.7787,45.7434],[13.8584,45.6494],[13.8692,45.6411],[13.8936,45.6338],[13.887,45.6188],[13.8679,45.6022],[13.88,45.5725],[13.8946,45.5598],[13.9104,45.552],[13.9522,45.546],[13.9838,45.5195],[13.9875,45.5119],[14.014,45.508],[14.0667,45.4803],[14.0929,45.4739],[14.1167,45.473],[14.1173,45.473],[14.1389,45.4343],[14.2036,45.4039],[14.1995,45.3756],[14.2105,45.3278],[14.1946,45.275],[14.2026,45.1716],[14.2347,45.1546],[14.2477,45.1865],[14.2535,45.2235],[14.2551,45.2297],[14.258,45.2339],[14.5334,45.1666],[14.5213,45.1488],[14.5227,45.1465],[14.4897,45.1279],[14.4671,45.1241],[14.4652,45.1142],[14.4377,45.0987],[14.4379,45.0984],[14.4377,45.0983],[14.4407,45.093],[14.4251,45.0873],[14.4601,45.0524],[14.5105,45.0322],[14.5907,45.0233],[14.5997,45.0268],[14.6141,45.0254],[14.6282,44.9949],[14.6289,44.9782],[14.6824,44.9584],[14.6861,44.956],[14.6864,44.9561],[14.6865,44.956],[14.6882,44.9563],[14.7234,44.9433],[14.7568,44.9487],[14.7487,44.9666],[14.8089,44.9768],[14.815,44.9775],[14.7998,45.0052],[14.7744,45.0218],[14.7405,45.0657],[14.7404,45.0658],[14.7405,45.0731],[14.7283,45.0732],[14.7009,45.09],[14.6669,45.1318],[14.6676,45.1339],[14.8374,45.0924],[14.8553,45.081],[14.8598,45.0713],[14.9022,44.9791],[14.9057,44.9717],[14.8937,44.8869],[14.8838,44.8615],[14.8838,44.7888],[14.8895,44.7626],[14.8923,44.733],[14.8838,44.7236],[14.9014,44.6902],[15.0013,44.5785],[15.0444,44.5553],[15.1305,44.4894],[15.155,44.4667],[15.2938,44.3648],[15.308,44.3544],[15.3501,44.3399],[15.3562,44.3378],[15.3771,44.3186],[15.3769,44.3185],[15.3307,44.3014],[15.3086,44.3093],[15.2612,44.3326],[15.3027,44.2991],[15.2883,44.2897],[15.2838,44.2897],[15.2448,44.2772],[15.1981,44.3017],[15.2078,44.2728],[15.2073,44.2724],[15.183,44.2724],[15.1653,44.2679],[15.1576,44.2803],[15.1104,44.2644],[15.1219,44.2564],[15.1218,44.2564],[15.1573,44.2098],[15.1445,44.1955],[15.2127,44.1483],[15.2129,44.131],[15.2783,44.0856],[15.3195,44.0452],[15.3581,44.0257],[15.4661,43.9217],[15.492,43.9158],[15.4998,43.9092],[15.5387,43.8847],[15.5469,43.8766],[15.5741,43.8595],[15.5853,43.8554],[15.6415,43.8201],[15.6174,43.8255],[15.633,43.8105],[15.6821,43.7972],[15.7063,43.7634],[15.7242,43.7625],[15.9201,43.5905],[15.9595,43.5382],[15.9681,43.5403],[15.981,43.5257],[15.9735,43.5031],[16.0128,43.504],[16.0396,43.4908],[16.0924,43.4823],[16.441,43.3687],[16.4286,43.3436],[16.4214,43.3176],[16.4215,43.3176],[16.4214,43.3172],[16.4898,43.2859],[16.4996,43.2847],[16.5007,43.2842],[16.564,43.2701],[16.6283,43.2637],[16.7547,43.2665],[16.9169,43.2136],[16.929,43.2097],[17.0302,43.1468],[16.9169,43.1565],[16.8869,43.1591],[16.8644,43.1689],[16.8484,43.1624],[16.7113,43.1741],[16.6943,43.1793],[16.6745,43.1969],[16.6595,43.216],[16.6038,43.2235],[16.5955,43.2205],[16.5719,43.2232],[16.5628,43.229],[16.5205,43.229],[16.5207,43.2288],[16.3746,43.2134],[16.375,43.2132],[16.3748,43.2132],[16.3751,43.2131],[16.3746,43.213],[16.3973,43.2021],[16.3804,43.202],[16.3716,43.1955],[16.4452,43.1708],[16.5393,43.148],[16.551,43.1436],[16.6806,43.1228],[16.9169,43.1191],[17.0788,43.1165],[17.1231,43.089],[17.1489,43.0729],[17.1747,43.0569],[17.2262,43.0249],[17.2274,43.0241],[17.2258,43.0242],[17.221,43.0259],[17.2094,43.0259],[17.1587,43.031],[17.15,43.0303],[17.15,43.025],[17.4,43],[17.5,42.96],[17.62,42.97],[17.6523,43.0055],[17.6593,42.9934],[17.6627,42.9657],[17.6345,42.9504],[17.5807,42.9421],[17.587,42.9387],[17.587,42.9283],[17.5612,42.9338],[17.5612,42.9471],[17.5354,42.9538],[17.5354,42.9272],[17.5733,42.9272],[17.587,42.921],[17.587,42.9005],[17.6127,42.893],[17.6385,42.8854],[17.6385,42.8976],[17.6533,42.8909],[17.6795,42.9157],[17.7016,42.9195],[17.7867,42.9014],[17.8118,42.9099],[17.8262,42.8886],[17.8272,42.8531],[17.8585,42.817],[17.9045,42.8045],[17.9719,42.755],[18.2241,42.6281],[18.3116,42.6012],[18.3387,42.6025],[18.3698,42.5744],[18.4374,42.5592],[18.442,42.543],[18.4364,42.5108],[18.4371,42.4934],[18.4443,42.4779],[18.4677,42.4534],[18.4929,42.4424],[18.4964,42.4163],[18.5103,42.4053],[18.5197,42.4332],[18.5476,42.4291],[18.5452,42.4236],[18.553,42.4136],[18.5781,42.4004],[18.5706,42.393],[18.5949,42.3837],[18.6167,42.3681],[18.6384,42.3703],[18.6532,42.3663],[18.6535,42.3674],[18.7141,42.3377],[18.7145,42.3253],[18.7295,42.3116],[18.7625,42.2912],[18.7786,42.2715],[18.7887,42.276],[18.8136,42.2891],[18.8256,42.2832],[18.8314,42.2775],[18.8332,42.2795],[18.8946,42.2495],[18.9001,42.2449],[18.9017,42.2375],[18.9133,42.2222],[18.9465,42.2038],[18.9811,42.1637],[19.0157,42.1237],[19.0539,42.0795],[19.0976,42.0289],[19.1075,42.0174],[19.161,41.9555],[19.1616,41.9553],[19.1623,41.9479],[19.1703,41.938],[19.2202,41.9189],[19.2679,41.9071],[19.3394,41.8702],[19.3469,41.864],[19.3651,41.8524],[19.3929,41.859],[19.4396,41.8147],[19.468,41.7877],[19.4964,41.7877],[19.4964,41.7848],[19.5223,41.7848],[19.5223,41.8382],[19.5295,41.8357],[19.5266,41.8469],[19.4662,41.8826],[19.4732,41.9139],[19.5474,41.8899],[19.5732,41.9028],[19.5601,41.9387],[19.5913,41.9436],[19.6254,41.9337],[19.6309,41.9104],[19.6754,41.9144],[19.7229,41.8953],[19.751,41.9116],[19.7393,41.9378],[19.7955,41.9465],[19.8415,41.9371],[19.8731,41.9617],[19.9017,41.9689],[19.9433,41.9116],[19.9349,41.8866],[19.9532,41.8762],[20.005,41.88],[20.0236,41.9035],[20.0703,41.9326],[20.0882,41.9631],[20.1723,41.9999],[20.2126,42.0282],[20.2542,42.0176],[20.2672,41.9931],[20.2581,41.9438],[20.2072,41.8992],[20.1907,41.864],[20.1582,41.8394],[20.116,41.8254],[20.159,41.7976],[20.1557,41.7617],[20.0598,41.7324],[20.0247,41.7005],[19.973,41.7042],[19.9465,41.6831],[19.9062,41.7047],[19.8584,41.6929],[19.8135,41.7069],[19.8121,41.6478],[19.8039,41.6291],[19.8208,41.6123],[19.8362,41.5667],[19.8717,41.5333],[19.9111,41.5098],[19.9622,41.4821],[20.0001,41.4271],[20.0641,41.3893],[20.1084,41.4031],[20.16,41.3645],[20.2357,41.3444],[20.2226,41.3265],[20.1689,41.3153],[20.1366,41.2972],[20.1201,41.2732],[20.0692,41.252],[20.0356,41.2543],[19.9712,41.1948],[19.8577,41.159],[19.8337,41.1433],[19.8415,41.1285],[19.809,41.1216],[19.7462,41.1218],[19.7345,41.1022],[19.7029,41.0873],[19.692,41.0537],[19.6709,41.0566],[19.6762,41.031],[19.7234,41.0111],[19.7593,41.0132],[19.8119,40.9995],[19.8022,40.9651],[19.8031,40.9013],[19.8269,40.8772],[19.8672,40.8684],[19.8692,40.8502],[19.8267,40.8489],[19.8124,40.8606],[19.7743,40.8471],[19.7646,40.8125],[19.7319,40.812],[19.7383,40.7812],[19.7608,40.7552],[19.7562,40.7166],[19.7952,40.6976],[19.8322,40.6361],[19.8085,40.6202],[19.8489,40.5686],[19.8993,40.5451],[19.9049,40.5273],[19.881,40.519],[19.8249,40.4719],[19.7906,40.4209],[19.7764,40.423],[19.7943,40.3805],[19.7586,40.3463],[19.8102,40.2954],[19.8401,40.2366],[19.8371,40.2155],[19.8701,40.1934],[19.9394,40.0653],[19.9535,40.0544],[19.9985,40.0598],[20.0413,40.0496],[20.1197,39.9898],[20.1594,39.9735],[20.205,39.9386],[20.2339,39.8921],[20.2398,39.8677],[20.2811,39.8603],[20.2996,39.8051],[20.273,39.7965],[20.2757,39.7601],[20.2995,39.7282],[20.2827,39.7044],[20.249,39.6848],[20.246,39.6629],[20.2042,39.6603],[20.1999,39.6401],[20.1638,39.6443],[20.0893,39.6828],[20.0161,39.7014],[19.9998,39.6935],[20.003,39.6928],[20.003,39.6843],[20.0285,39.6741],[20.0817,39.6527],[20.084,39.6518],[20.1006,39.6403],[20.1624,39.5747],[20.1625,39.5742],[20.1467,39.5707],[20.1336,39.5297],[20.1727,39.5297],[20.2158,39.3405],[20.5789,38.9382],[20.657,38.9382],[20.657,38.8885],[20.683,38.8885],[20.683,38.8795],[20.709,38.8795],[20.709,38.8501],[20.7351,38.8501],[20.7351,38.8207],[20.7184,38.8207],[20.7266,38.7913],[20.7293,38.7817],[20.7292,38.7716],[20.7306,38.7701],[20.7375,38.7619],[20.7624,38.7325],[20.7871,38.7325],[20.7871,38.723],[20.8131,38.723],[20.8131,38.6827],[20.8911,38.6827],[20.8911,38.67],[20.9431,38.67],[20.9431,38.6729],[20.9691,38.6727],[20.9691,38.6424],[20.9624,38.6424],[20.9624,38.6055],[20.9891,38.6055],[20.9891,38.5685],[20.9478,38.5685],[20.9478,38.5129],[20.9633,38.4945],[21.0882,38.3466],[21.0852,38.3436],[21.0914,38.3428],[21.1194,38.3097],[21.1441,38.2165],[21.211,37.9644],[21.1611,37.9314],[21.1336,37.9464],[21.1062,37.8781],[21.1221,37.8374],[21.2273,37.8119],[21.2365,37.808],[21.2558,37.7955],[21.2958,37.6446],[21.3339,37.5634],[21.3912,37.4411],[21.4198,37.38],[21.4341,37.3494],[21.4485,37.3188],[21.6702,36.8457],[21.7004,36.8297],[21.7074,36.818],[21.7642,36.795],[21.7654,36.7953],[21.8637,36.7431],[21.874,36.7267],[21.8834,36.7327],[22.4765,36.4184],[22.4797,36.402],[22.5046,36.4045],[22.5023,36.4109],[23.1538,36.4225],[23.1536,36.4229],[23.1538,36.4229],[23.1472,36.4383],[23.1619,36.4462],[23.1961,36.4325],[23.2036,36.4561],[23.1519,36.4873],[23.1346,36.5076],[23.1482,36.5172],[23.1346,36.5554],[23.0913,36.5745],[23.0849,36.5837],[23.0485,36.6689],[23.0533,36.6883],[23.0594,36.6926],[23.0544,36.6926],[23.0665,36.7415],[23.0886,36.7329],[23.1141,36.7813],[23.0806,36.7888],[23.0956,36.807],[23.0868,36.8291],[23.061,36.8501],[23.0602,36.8544],[23.0071,36.9868],[23.0117,36.9868],[22.9998,37.0333],[22.9564,37.0959],[22.9564,37.124],[22.9401,37.1212],[22.91,37.1786],[22.9116,37.1834],[22.8946,37.2079],[22.8514,37.2902],[22.832,37.3136],[23.091,37.3566],[23.1006,37.3573],[23.1619,37.3164],[23.1686,37.2995],[23.2036,37.3027],[23.186,37.3406],[23.278,37.3498],[23.2513,37.3573],[23.241,37.3706],[23.251,37.3766],[23.313,37.3933],[23.4094,37.4093],[23.4092,37.4097],[23.4094,37.4097],[23.4075,37.413],[23.4418,37.4144],[23.4305,37.4523],[23.373,37.4441],[23.3051,37.451],[23.2757,37.4743],[23.2284,37.4947],[23.179,37.5071],[23.1576,37.5347],[23.187,37.6083],[23.2116,37.5937],[23.2116,37.6209],[23.2612,37.6209],[23.2612,37.6663],[23.259,37.6701],[23.2417,37.7],[23.2245,37.7299],[23.19,37.7896],[23.1824,37.8028],[23.1824,37.8091],[23.1768,37.8125],[23.1146,37.9202],[23.1146,37.9203],[23.1929,37.8978],[23.1929,37.93],[23.1668,37.93],[23.1668,37.9441],[23.1594,37.9405],[23.1108,38.0229],[23.0763,38.0597],[23.0902,38.0625],[23.0902,38.101],[23.0569,38.101],[23.0569,38.1423],[22.9569,38.1423],[22.9569,38.1315],[22.837,38.1315],[22.6,38.25],[22.55,38.33],[22.55,38.52],[22.75,38.58],[23,38.58],[23.15,38.62],[23.3,38.62],[23.42,38.52],[23.5,38.51],[23.5849,38.4845],[23.543,38.5117],[23.5373,38.5067],[23.5318,38.5099],[23.1211,38.8488],[23.126,38.8492],[23.1426,38.8452],[23.2506,38.8018],[23.3304,38.7534],[23.3377,38.739],[23.3816,38.7073],[23.4266,38.6859],[23.4488,38.6693],[23.4531,38.658],[23.4792,38.6422],[23.5003,38.619],[23.5051,38.5974],[23.5401,38.5823],[23.5583,38.579],[23.6151,38.5531],[23.6187,38.5488],[23.6336,38.4984],[23.6056,38.4666],[23.5976,38.4713],[23.593,38.455],[23.62,38.43],[23.665,38.4],[23.74,38.355],[23.755,38.3413],[23.755,38.379],[23.7187,38.4003],[23.7007,38.4108],[23.71,38.4125],[23.7466,38.4053],[23.7582,38.4008],[23.7694,38.4008],[23.779,38.3989],[23.7971,38.4008],[23.8683,38.4008],[23.9124,38.392],[23.9535,38.3961],[24.039,38.3904],[24.0426,38.3748],[24.0584,38.3468],[24.0254,38.3305],[24.0794,38.3254],[24.1047,38.3159],[24.1144,38.2976],[24.1009,38.2753],[24.1094,38.2563],[24.13,38.268],[24.1416,38.2463],[24.1311,38.2358],[24.1661,38.2243],[24.1902,38.2047],[24.1938,38.1508],[24.1952,38.1482],[24.186,38.1274],[24.208,38.1248],[24.2108,38.1197],[24.2108,38.0978],[24.2515,38.0961],[24.2853,38.0775],[24.2922,38.0699],[24.304,38.0673],[24.3162,38.0606],[24.3182,38.0587],[24.327,38.0425],[24.3138,38.0292],[24.3386,37.9967],[24.3718,37.9719],[24.4021,37.9879],[24.3864,37.9965],[24.4203,38.0158],[24.4458,38.005],[24.4587,37.9925],[24.4769,37.9625],[24.5093,37.9626],[24.5667,37.9879],[24.5786,38.0199],[24.5794,38.0206],[24.5796,38.0225],[24.5945,38.0624],[24.5853,38.0762],[24.5902,38.1231],[24.5902,38.1235],[24.5846,38.1289],[24.5877,38.1592],[24.4992,38.1466],[24.4642,38.146],[24.4069,38.1555],[24.3926,38.164],[24.3698,38.1617],[24.3598,38.1634],[24.277,38.2207],[24.2576,38.2605],[24.2525,38.2924],[24.228,38.3211],[24.2194,38.3387],[24.2117,38.3683],[24.2108,38.3777],[24.2086,38.3802],[24.1994,38.416],[24.2039,38.4187],[24.1967,38.4264],[24.1871,38.4634],[24.2122,38.5032],[24.2121,38.5035],[24.2122,38.5036],[24.2106,38.5093],[24.2315,38.5224],[24.2161,38.5395],[24.1798,38.5634],[24.1546,38.5887],[24.1351,38.6358],[24.1556,38.6527],[24.1039,38.6694],[24.1006,38.672],[24.0949,38.6724],[24.0731,38.6794],[24.0057,38.678],[23.9842,38.6862],[23.9771,38.6797],[23.8774,38.6859],[23.742,38.7424],[23.7385,38.7494],[23.7026,38.7651],[23.6932,38.7628],[23.6902,38.764],[23.6362,38.771],[23.5937,38.7875],[23.594,38.7893],[23.5851,38.7909],[23.5552,38.8025],[23.5247,38.8232],[23.4984,38.8321],[23.4706,38.8508],[23.4372,38.9173],[23.4256,38.9543],[23.4174,38.9569],[23.4166,38.9585],[23.3832,38.9829],[23.3816,39.0015],[23.3285,39.023],[23.3122,39.0349],[23.3118,39.0349],[23.31,39.0348],[23.2991,39.0425],[23.273,39.0388],[23.25,39.0295],[23.1679,39.009],[23.138,39.009],[23.0944,38.9879],[23.0911,38.9734],[23.0183,38.9335],[22.9857,38.9604],[22.9967,38.9634],[23.0144,38.9934],[23.1116,39.05],[22.85,39.05],[22.85,39.45],[23.1441,39.45],[23.1074,39.4873],[23.1018,39.4974],[23.0559,39.5272],[23.024,39.5373],[22.9774,39.5643],[22.9198,39.6286],[22.8664,39.7393],[22.8587,39.7733],[22.8403,39.8034],[22.8011,39.8403],[22.7877,39.8479],[22.777,39.8583],[22.7623,39.8977],[22.7437,39.9475],[22.7105,39.9475],[22.7159,40.022],[22.7065,40.0471],[22.632,40.2463],[22.6283,40.2563],[22.7422,40.3901],[22.75,40.5],[22.75,40.75],[23.2,40.82],[23.65,40.85],[23.9373,40.8021],[23.9429,40.8031],[24.0161,40.8451],[24.0372,40.8696],[24.1077,40.9146],[24.1217,40.9539],[24.1178,40.9958],[24.0472,41.0362],[24.0064,41.0778],[23.9695,41.0775],[23.9511,41.0635],[23.9203,41.0871],[23.8676,41.0972],[23.816,41.1265],[23.7563,41.1816],[23.7089,41.213],[23.7016,41.2277],[23.7187,41.2804],[23.6341,41.3113],[23.6192,41.3547],[23.6248,41.3771],[23.6529,41.3976],[23.7054,41.4032],[23.7544,41.4007],[23.7771,41.429],[23.8677,41.4455],[23.8948,41.4643],[23.9499,41.4376],[24.0007,41.4641],[24.0459,41.4555],[24.0525,41.4715],[24.0473,41.5257],[24.0766,41.536],[24.1463,41.5268],[24.1628,41.512],[24.1977,41.5477],[24.0779,41.624],[24.1231,41.6546],[24.0726,41.6863],[24.042,41.7104],[23.9282,41.769],[23.9055,41.7965],[23.8682,41.7954],[23.8217,41.8238],[23.7957,41.8609],[23.7896,41.906],[23.7625,41.9399],[23.7666,41.9765],[23.7919,42.0207],[23.8205,42.0453],[23.8013,42.0627],[23.8133,42.0962],[23.8096,42.1329],[23.7726,42.1582],[23.7631,42.1776],[23.7957,42.1887],[23.8009,42.2113],[23.8481,42.2257],[23.8806,42.2615],[23.8885,42.2907],[23.9125,42.296],[23.9581,42.268],[23.9741,42.2833],[23.9415,42.3468],[23.9594,42.3923],[24.0384,42.408],[24.0547,42.445],[24.0387,42.4649],[23.9881,42.4587],[23.9214,42.5075],[23.8981,42.547],[23.904,42.5695],[23.9614,42.5793],[24.0347,42.5534],[24.0815,42.5729],[24.1296,42.5816],[24.1575,42.6107],[24.2289,42.6297],[24.285,42.6213],[24.3018,42.588],[24.3504,42.5652],[24.4082,42.5621],[24.4418,42.5632],[24.4683,42.5771],[24.473,42.5993],[24.4472,42.6126],[24.4163,42.645],[24.3731,42.6617],[24.3602,42.7074],[24.3967,42.7549],[24.4376,42.7517],[24.5,42.792],[24.5853,42.7886],[24.6307,42.7753],[24.6644,42.7425],[24.704,42.7167],[24.752,42.7094],[24.7751,42.7191],[24.8277,42.719],[24.8787,42.7102],[24.9247,42.714],[24.9662,42.7321],[24.98,42.7532],[25.0112,42.7585],[25.0115,42.7483],[25.0629,42.7451],[25.1146,42.7525],[25.1661,42.7707],[25.2163,42.7726],[25.2472,42.7428],[25.2877,42.7604],[25.3418,42.7526],[25.394,42.7358],[25.4505,42.7516],[25.4839,42.7454],[25.517,42.7585],[25.5357,42.753],[25.5594,42.7727],[25.6127,42.7379],[25.6201,42.767],[25.6612,42.7574],[25.7317,42.7888],[25.8109,42.7828],[25.9016,42.7912],[25.9673,42.7842],[26.0103,42.8135],[26.0568,42.8172],[26.0691,42.8394],[26.0669,42.8683],[26.0823,42.8861],[26.1495,42.9098],[26.172,42.9491],[26.2243,42.9587],[26.2747,43.0048],[26.2747,43.0347],[26.3358,43.0415],[26.3609,43.033],[26.3634,43.01],[26.3813,43.025],[26.4187,43.0063],[26.469,43.0094],[26.4914,43.0199],[26.5743,42.9866],[26.5525,42.9577],[26.5724,42.9238],[26.6452,42.9372],[26.6546,42.9],[26.6897,42.8889],[26.7623,42.9084],[26.801,42.9469],[26.8776,42.9496],[26.9092,42.934],[26.9815,42.9402],[27.0237,42.9288],[27.1191,42.9537],[27.1768,42.963],[27.2365,42.9884],[27.2849,42.9767],[27.3242,42.9483],[27.3554,42.9114],[27.4001,42.9039],[27.4458,42.8837],[27.4952,42.8757],[27.5832,42.892],[27.6206,42.9094],[27.6733,42.8918],[27.7189,42.855],[27.8018,42.8221],[27.8315,42.8266],[27.884,42.8484],[27.8909,42.8609],[27.8984,42.8747],[27.904,42.9423],[27.894,42.978],[27.8948,43.0092],[28.0063,43.2283],[28.0311,43.249],[28.0544,43.2932],[28.0775,43.3234],[28.131,43.3662],[28.1766,43.4026],[28.2076,43.4078],[28.2432,43.4078],[28.3065,43.4244],[28.3197,43.4266],[28.4239,43.3989],[28.4595,43.3807],[28.4732,43.3668],[28.4886,43.4064],[28.5603,43.4538],[28.6035,43.5382],[28.5731,43.6061],[28.5737,43.6221],[28.5863,43.7425],[28.5899,43.7981],[28.6297,43.9061],[28.6377,43.9186],[28.6712,44.0033],[28.6552,44.0515],[28.6523,44.1147],[28.7164,44.3902],[28.8271,44.4845],[28.844,44.4937],[28.9097,44.5842],[28.8724,44.5728],[28.806,44.5659],[28.8131,44.6018],[28.8365,44.6269],[28.8542,44.6343],[28.9242,44.6821],[28.9727,44.6702],[28.9387,44.6343],[28.9621,44.6394],[28.9876,44.6753],[28.9675,44.701],[28.8977,44.7168],[28.912,44.6964],[28.8695,44.6618],[28.8464,44.6567],[28.8484,44.6999],[28.8491,44.7164],[28.8564,44.7275],[28.8707,44.7494],[28.8757,44.7551],[28.8794,44.7566],[28.9461,44.7652],[28.9255,44.7837],[28.9524,44.8266],[28.9107,44.8571],[28.8993,44.8948],[29.0533,44.8466],[29.0603,44.8323],[29.0737,44.8348],[29.079,44.7983],[29.0509,44.7637],[28.9749,44.7449],[29.0007,44.6889],[29.0558,44.7352],[29.1309,44.772],[29.2822,44.7972],[29.3159,44.7988],[29.511,44.8205],[29.5618,44.8203],[29.6112,44.8493],[29.6052,44.88],[29.6304,44.9077],[29.6375,44.9837],[29.6563,45.029],[29.6622,45.0927],[29.6735,45.1377],[29.6765,45.1446],[29.6996,45.1618],[29.68,45.1632],[29.6879,45.1938],[29.6954,45.2213],[29.659,45.2159],[29.6723,45.2729],[29.6671,45.3119],[29.6503,45.3461],[29.5697,45.395],[29.4306,45.4304],[29.3537,45.4359],[29.3221,45.4438],[29.2818,45.4223],[29.2282,45.4237],[29.1743,45.389],[29.0695,45.3608],[29.0182,45.3309],[28.9665,45.3199],[28.9528,45.2851],[28.9299,45.2791],[28.8809,45.3062],[28.8163,45.3261],[28.7897,45.3214],[28.7902,45.2921],[28.7615,45.2818],[28.7673,45.2578],[28.8027,45.2442],[28.7787,45.2311],[28.7101,45.227],[28.577,45.2481],[28.4942,45.2789],[28.4052,45.2951],[28.3302,45.3229],[28.2812,45.4018],[28.2864,45.4217],[28.2669,45.4405],[28.2151,45.4504],[28.1908,45.417],[28.1249,45.428],[28.0437,45.4113],[28.0302,45.3954],[27.9213,45.4095],[27.8555,45.4074],[27.8202,45.4124],[27.7652,45.4331],[27.7026,45.477],[27.6373,45.4755],[27.5801,45.4933],[27.5209,45.4777],[27.4832,45.4573],[27.4328,45.4067],[27.4235,45.3865],[27.3557,45.3869],[27.3076,45.3965],[27.2761,45.4349],[27.191,45.4492],[27.1471,45.4304],[27.1378,45.4678],[27.0638,45.4507],[27.0062,45.4818],[26.9992,45.5152],[26.9758,45.5333],[26.9071,45.5452],[26.8945,45.5187],[26.8315,45.5284],[26.7548,45.5633],[26.6694,45.6212],[26.6467,45.6279],[26.569,45.6248],[26.5322,45.6504],[26.4664,45.7309],[26.4246,45.7732],[26.3804,45.8029],[26.395,45.7498],[26.3667,45.6852],[26.3427,45.6553],[26.3286,45.6181],[26.2847,45.6028],[26.2346,45.6256],[26.2156,45.6122],[26.2075,45.5832],[26.1889,45.5745],[26.1005,45.5644],[26.046,45.4823],[25.9989,45.4886],[25.9458,45.5102],[25.9028,45.5006],[25.8913,45.4654],[25.8627,45.4416],[25.8231,45.4455],[25.7904,45.4733],[25.7502,45.4659],[25.6933,45.4794],[25.6278,45.4847],[25.4588,45.4636],[25.4298,45.4523],[25.4027,45.4392],[25.3703,45.3994],[25.3092,45.3885],[25.2759,45.4165],[25.2208,45.5034],[25.0951,45.5696],[24.9839,45.58],[24.8687,45.5739],[24.8388,45.5631],[24.8004,45.595],[24.7719,45.6029],[24.7091,45.5988],[24.5272,45.5618],[24.3218,45.563],[24.1689,45.537],[24.0683,45.4964],[23.9606,45.5122],[23.794,45.508],[23.7526,45.4861],[23.7097,45.4798],[23.6469,45.4505],[23.6261,45.4519],[23.5842,45.4473],[23.5808,45.4323],[23.5999,45.3819],[23.5858,45.3526],[23.5237,45.3379],[23.4304,45.3038],[23.3984,45.3182],[23.3575,45.3215],[23.2441,45.2952],[23.1895,45.2718],[23.0908,45.2794],[23.027,45.2597],[22.9761,45.2748],[22.9334,45.2767],[22.8814,45.2949],[22.6691,45.2405],[22.601,45.1977],[22.5727,45.1708],[22.5661,45.1388],[22.6346,45.1275],[22.6411,45.0924],[22.5989,45.0602],[22.5666,45.0239],[22.5337,44.9342],[22.4918,44.8846],[22.467,44.8393],[22.4418,44.7694],[22.4212,44.7521],[22.3878,44.7537],[22.3542,44.7777],[22.3112,44.7779],[22.2626,44.8083],[22.2219,44.8062],[22.2057,44.7613],[22.1653,44.7022],[22.1608,44.6644],[22.1727,44.6339],[22.169,44.609],[22.1499,44.5977],[22.0888,44.6032],[22.0342,44.5962],[22.0043,44.6515],[21.8554,44.6985],[21.7568,44.6773],[21.7052,44.6771],[21.6563,44.6877],[21.6197,44.7139],[21.5956,44.766],[21.5584,44.7817],[21.4972,44.778],[21.3959,44.7902],[21.3598,44.8267],[21.2695,44.8137],[21.1888,44.7782],[21.1638,44.7478],[21.1123,44.7448],[21.0779,44.7265],[21.0368,44.722],[20.9896,44.7168],[20.8832,44.6727],[20.8265,44.6609],[20.7948,44.6647],[20.7715,44.6163],[20.7815,44.5876],[20.8064,44.5632],[20.7371,44.533],[20.7641,44.496],[20.8211,44.464],[20.8376,44.4415],[20.8191,44.4159],[20.7759,44.4228],[20.7567,44.416],[20.7315,44.3785],[20.7579,44.3511],[20.787,44.3448],[20.7676,44.3312],[20.772,44.2978],[20.7314,44.3227],[20.6846,44.3347],[20.6498,44.3218],[20.623,44.3398],[20.6065,44.3737],[20.5431,44.3556],[20.5379,44.3857],[20.4838,44.3989],[20.4422,44.4189],[20.4095,44.4026],[20.3996,44.3821],[20.4312,44.3603],[20.4003,44.3247],[20.3891,44.2943],[20.4154,44.2841],[20.4231,44.2418],[20.3975,44.2046],[20.3791,44.2],[20.3685,44.1737],[20.3396,44.1682],[20.328,44.1472],[20.2885,44.1229],[20.2292,44.1116],[20.1743,44.1113],[20.1291,44.0967],[20.1246,44.0737],[20.062,44.0853],[20.0095,44.1042],[19.9778,44.0756],[19.9508,44.0793],[19.9061,44.1029],[19.9082,44.1212],[19.861,44.1288],[19.8264,44.1053],[19.796,44.1213],[19.7739,44.1124],[19.8064,44.0835],[19.8109,44.0602],[19.7812,44.0535],[19.7413,44.1045],[19.6755,44.1251],[19.6593,44.1374],[19.6182,44.1437],[19.6093,44.1233],[19.546,44.1138],[19.5162,44.0912],[19.4764,44.127],[19.4597,44.1527],[19.4426,44.1432],[19.3624,44.1912],[19.354,44.2243],[19.3243,44.264],[19.2959,44.2758],[19.2637,44.2702],[19.1772,44.287],[19.1389,44.3093],[19.1167,44.3437],[19.1072,44.3827],[19.1414,44.4308],[19.1434,44.4582],[19.1299,44.5183],[19.1796,44.5383],[19.1863,44.5693],[19.2557,44.6456],[19.2776,44.6849],[19.3084,44.7051],[19.3284,44.734],[19.3637,44.8546],[19.3766,44.863],[19.357,44.8959],[19.3102,44.9124],[19.2395,44.9151],[19.2019,44.9084],[19.1743,44.9254],[19.0846,44.879],[19.0158,44.8656],[18.9749,44.8628],[18.8896,44.8612],[18.8587,44.8685],[18.8421,44.8762],[18.8178,44.8875],[18.7834,44.9137],[18.7726,44.9425],[18.8046,44.9738],[18.789,45.0057],[18.7501,45.0122],[18.7263,45.0261],[18.689,45.0802],[18.6661,45.083],[18.6581,45.0663],[18.6405,45.0654],[18.6167,45.0977],[18.5348,45.0884],[18.5411,45.0553],[18.517,45.0559],[18.4817,45.0669],[18.4518,45.085],[18.412,45.1124],[18.3929,45.1186],[18.3223,45.1229],[18.262,45.1507],[18.2379,45.1575],[18.2023,45.1441],[18.1993,45.119],[18.1749,45.1008],[18.1437,45.0977],[18.0903,45.108],[18.0191,45.1494],[17.9885,45.1438],[17.9277,45.092],[17.9026,45.0778],[17.8357,45.0644],[17.7975,45.082],[17.7657,45.111],[17.7145,45.152],[17.6847,45.164],[17.63,45.1573],[17.5724,45.1204],[17.4893,45.1163],[17.4962,45.1417],[17.4478,45.1343],[17.4341,45.1486],[17.3824,45.1396],[17.269,45.1895],[17.2455,45.1554],[17.1871,45.1486],[17.1246,45.1691],[17.0557,45.2004],[17.0363,45.2305],[17.0083,45.2162],[16.9612,45.2509],[16.9473,45.2357],[16.9244,45.2845],[16.8307,45.217],[16.8242,45.1891],[16.7863,45.1788],[16.587,45.2209],[16.5289,45.2223],[16.4819,45.1995],[16.4355,45.1329],[16.3818,45.1076],[16.382,45.0837],[16.346,45.02],[16.3162,45.0012],[16.2793,45.0072],[16.213,45.0315],[16.1041,45.1125],[16.0675,45.1696],[16.0244,45.1843],[16.0292,45.205],[16.0085,45.2182],[15.8789,45.2172],[15.8248,45.211],[15.8026,45.1965],[15.7617,45.21],[15.7049,45.2009],[15.6394,45.2107],[15.6312,45.2395],[15.6616,45.2681],[15.6564,45.2851],[15.6639,45.3396],[15.6796,45.3488],[15.6651,45.3766],[15.6723,45.3982],[15.6568,45.4152],[15.6765,45.4252],[15.716,45.4208],[15.7799,45.3951],[15.8141,45.3987],[15.8372,45.4363],[15.8425,45.4659],[15.8129,45.5234],[15.7799,45.5225],[15.7392,45.5589],[15.7474,45.5952],[15.7316,45.5886],[15.6633,45.6049],[15.6264,45.6214],[15.5936,45.6205],[15.5756,45.6024],[15.5137,45.6324],[15.5131,45.6473],[15.4738,45.6618],[15.4209,45.6953],[15.3829,45.6904],[15.35,45.6696],[15.3308,45.6846],[15.315,45.6809],[15.3049,45.6721],[15.2919,45.6756],[15.2778,45.685],[15.2678,45.6985],[15.2582,45.7051],[15.2509,45.7077],[15.2499,45.7137],[15.2635,45.7304],[15.3038,45.7461],[15.331,45.7525],[15.4298,45.7757],[15.4411,45.7822],[15.4356,45.8021],[15.4513,45.8151],[15.4854,45.8102],[15.5235,45.8268],[15.5497,45.8237],[15.5873,45.8192],[15.6261,45.8202],[15.6661,45.8317],[15.6761,45.8417],[15.6755,45.856],[15.6594,45.8888],[15.6756,45.9252],[15.6754,45.9725],[15.6742,45.9932],[15.682,46.0135],[15.698,46.0362],[15.6929,46.0416],[15.6839,46.0511],[15.6717,46.0574],[15.6437,46.0655],[15.6315,46.0706],[15.6236,46.0764],[15.6235,46.0764],[15.6038,46.091],[15.5899,46.1135],[15.59,46.1387],[15.6043,46.167],[15.6229,46.1917],[15.6266,46.1952],[15.6398,46.2077],[15.6613,46.2153],[15.678,46.2145],[15.7498,46.2108],[15.7689,46.2194],[15.7891,46.2431],[15.7995,46.2486],[15.8031,46.2505],[15.8183,46.2555],[15.8342,46.2584],[15.8793,46.2593],[15.8809,46.2593],[15.8837,46.2594],[15.9189,46.2728],[15.9487,46.2842],[15.9937,46.2906],[16.0192,46.2988],[16.0389,46.3084],[16.0499,46.3167],[16.0524,46.3186],[16.0596,46.3323],[16.0597,46.3453],[16.0574,46.3597],[16.058,46.3775],[16.0887,46.3731],[16.106,46.3737],[16.1316,46.3931],[16.1536,46.3914],[16.1775,46.3756],[16.1918,46.3698],[16.2171,46.3674],[16.2528,46.3734],[16.2756,46.3732],[16.2799,46.3787],[16.2741,46.3921],[16.257,46.3999],[16.2482,46.4133],[16.2494,46.4375],[16.2375,46.4651],[16.2342,46.4849],[16.2349,46.4933],[16.2609,46.5136],[16.2639,46.5159],[16.2954,46.5244],[16.3015,46.5271],[16.3107,46.531],[16.33,46.5355],[16.3403,46.5438],[16.3441,46.547],[16.3517,46.5395],[16.3579,46.547],[16.3695,46.5406],[16.4063,46.5395],[16.4152,46.5356],[16.432,46.5232],[16.4404,46.519],[16.4708,46.5203],[16.4911,46.5151],[16.5153,46.5017],[16.5008,46.5448],[16.4671,46.5647],[16.4302,46.6044],[16.3946,46.619],[16.3764,46.6291],[16.3722,46.6363],[16.3684,46.643],[16.3776,46.6529],[16.3967,46.6591],[16.4026,46.6631],[16.4105,46.6684],[16.405,46.6873],[16.39,46.6942],[16.3714,46.6949],[16.3662,46.6965],[16.3654,46.6967],[16.3576,46.699],[16.3573,46.7158],[16.3434,46.7142],[16.3142,46.7433],[16.2982,46.7758],[16.2995,46.7795],[16.3022,46.787],[16.3111,46.7975],[16.3149,46.802],[16.3218,46.8133],[16.3275,46.8255],[16.3298,46.8344],[16.3253,46.8394],[16.3107,46.84],[16.3019,46.8432],[16.2974,46.847],[16.2822,46.8599],[16.272,46.864],[16.1795,46.8585],[16.1354,46.8558],[16.1302,46.8567],[16.094,46.8628],[16.0529,46.8461],[16.032,46.8376],[16.0284,46.8369],[16.0037,46.8707],[16.0115,46.9133],[16.0545,46.9442],[16.1363,47.0249],[16.1347,47.0402],[16.0895,47.0829],[16.0844,47.1069],[16.095,47.1651],[16.0675,47.2376],[16.0584,47.2911],[16.02,47.3724],[16.0475,47.4106],[16.0717,47.3949],[16.1479,47.443],[16.1135,47.4634],[16.0804,47.5165],[16.0472,47.5062],[15.9983,47.5238],[15.9167,47.5332],[15.8923,47.572],[15.8661,47.5854],[15.8279,47.5889],[15.8287,47.6321],[15.7969,47.6454],[15.7432,47.6367],[15.7261,47.6902],[15.7143,47.7019],[15.6718,47.7042],[15.6386,47.7174],[15.6062,47.7435],[15.5387,47.7474],[15.5001,47.7663],[15.4175,47.7935],[15.3754,47.8196],[15.3391,47.8254],[15.2779,47.8152],[15.2297,47.8193],[15.1871,47.7804],[15.0561,47.7508],[15.0147,47.7524],[14.9296,47.7269],[14.8834,47.7247],[14.8382,47.7505],[14.7341,47.7502],[14.6993,47.7689],[14.6356,47.7343],[14.4916,47.6954],[14.477,47.6783],[14.4172,47.6588],[14.3473,47.6257],[14.2934,47.6205],[14.2514,47.6312],[14.195,47.6577],[14.0861,47.6361],[14.0597,47.626],[14.0421,47.6624],[13.9967,47.6986],[13.9527,47.6945],[13.8233,47.7205],[13.7165,47.6845],[13.6872,47.664],[13.6814,47.5976],[13.7303,47.546],[13.7354,47.5163],[13.7243,47.498],[13.6744,47.4742],[13.5818,47.4864],[13.5652,47.4454],[13.5748,47.4099],[13.6045,47.3425],[13.6307,47.3056],[13.6941,47.2745],[13.7967,47.3021],[13.8482,47.2504],[13.8608,47.222],[13.9018,47.1839],[13.9317,47.1694],[13.9372,47.1506],[13.8799,47.1054],[13.8802,47.0727],[13.8637,47.0423],[13.8206,46.9878],[13.7823,46.9542],[13.7531,46.9806],[13.6672,47.0261],[13.6062,47.0442],[13.5618,47.0466],[13.4397,47.0625],[13.3082,47.0872],[13.2743,47.0838],[13.2261,47.0549],[13.1735,47.0375],[13.0595,47.0288],[12.9942,47.0408],[12.9144,47.076],[12.7724,47.0993],[12.665,47.1365],[12.6338,47.112]],[[20.96,39.15],[21,39.25],[21.1601,39.5701],[21.1661,39.5652],[21.169,39.5102],[21.1531,39.4847],[21.1749,39.4521],[21.1787,39.4189],[21.226,39.3888],[21.2403,39.3543],[21.2752,39.3337],[21.3459,39.3308],[21.3851,39.2797],[21.3331,39.2012],[21.3623,39.1539],[21.3398,39.1484],[21.2865,39.1138],[21.2294,39.096],[21.1048,39.0942],[21.0692,39.0766],[21.0603,39.039],[21.0506,39.0318],[21.0969,39.0318],[21.0969,39.0006],[21.099,39.0006],[21.099,38.9694],[21.0373,38.9694],[21.0373,38.9713],[20.9755,38.9713],[20.9755,38.9745],[20.9623,38.9745],[21,39.05],[20.96,39.15]],[[22.7096,39.935],[22.7098,39.9378],[22.7098,39.935],[22.7096,39.935]]],[[[14.2777,45.128],[14.2874,45.1011],[14.3161,45.0766],[14.3405,45.0202],[14.3405,44.9807],[14.303,44.9428],[14.3015,44.9434],[14.3009,44.9407],[14.3009,44.9406],[14.2942,44.9086],[14.3141,44.8938],[14.3298,44.8339],[14.3544,44.8201],[14.3648,44.8004],[14.3745,44.7539],[14.3894,44.7524],[14.3961,44.734],[14.3945,44.7076],[14.4279,44.6566],[14.473,44.6203],[14.5204,44.6215],[14.5139,44.6622],[14.4778,44.7019],[14.4724,44.7135],[14.4739,44.7545],[14.4615,44.7795],[14.4593,44.8018],[14.4666,44.8048],[14.4555,44.8396],[14.4525,44.8694],[14.4626,44.9401],[14.471,44.9539],[14.4661,44.9837],[14.4467,44.9873],[14.3949,45.031],[14.3697,45.0814],[14.3636,45.1302],[14.3641,45.1576],[14.3593,45.1646],[14.3589,45.1682],[14.3585,45.1682],[14.3571,45.168],[14.3562,45.1693],[14.3137,45.1724],[14.295,45.1494],[14.2865,45.1456],[14.2866,45.1453],[14.2865,45.1452],[14.2883,45.1411],[14.2777,45.128]]],[[[14.6579,44.7988],[14.6649,44.7931],[14.6789,44.7702],[14.6977,44.7667],[14.6995,44.7652],[14.7061,44.7651],[14.7617,44.7546],[14.806,44.7357],[14.8496,44.7032],[14.8502,44.7169],[14.8553,44.7147],[14.8552,44.7149],[14.8557,44.7147],[14.8554,44.7152],[14.8557,44.7151],[14.8506,44.7239],[14.8512,44.7373],[14.8224,44.7714],[14.8112,44.7771],[14.7657,44.821],[14.7549,44.8453],[14.7464,44.8457],[14.739,44.8534],[14.7325,44.8465],[14.6901,44.8487],[14.6897,44.8487],[14.6883,44.8468],[14.6858,44.8472],[14.6873,44.8454],[14.6717,44.8244],[14.6609,44.8001],[14.661,44.7999],[14.6609,44.7997],[14.6618,44.7983],[14.6579,44.7988]]],[[[14.7401,44.6973],[14.7513,44.6801],[14.7615,44.6586],[14.8093,44.6177],[14.8841,44.5445],[14.9072,44.4972],[14.8975,44.4909],[14.9158,44.4837],[14.9957,44.4334],[15.039,44.3935],[15.0966,44.3588],[15.1071,44.3506],[15.1104,44.3463],[15.0967,44.34],[15.1288,44.312],[15.1724,44.2991],[15.1309,44.3264],[15.1368,44.3275],[15.1614,44.3084],[15.1616,44.3086],[15.1618,44.3084],[15.1761,44.3242],[15.1989,44.317],[15.2271,44.3264],[15.2061,44.3441],[15.2122,44.3466],[15.2137,44.3468],[15.2351,44.3362],[15.2544,44.34],[15.2394,44.3499],[15.241,44.3501],[15.2407,44.3503],[15.2408,44.3503],[15.2406,44.3504],[15.241,44.3505],[15.1434,44.4164],[15.1005,44.4489],[15.0514,44.4938],[15.0755,44.4841],[15.0412,44.5275],[15.0051,44.5358],[15.0018,44.5382],[14.9663,44.5734],[14.9041,44.61],[14.9004,44.6099],[14.8989,44.6109],[14.8557,44.6179],[14.8053,44.6491],[14.7846,44.6646],[14.78,44.6695],[14.7412,44.7016],[14.7444,44.6947],[14.7405,44.6977],[14.7409,44.6971],[14.7401,44.6977],[14.7406,44.6969],[14.7401,44.6973]]],[[[14.8496,44.1756],[14.8701,44.1408],[14.9044,44.1145],[15.0421,43.9914],[15.0428,43.9904],[15.1066,43.9254],[15.1365,43.903],[15.1386,43.9079],[15.1508,43.9108],[15.1844,43.9016],[15.1955,43.8952],[15.1985,43.8977],[15.201,43.897],[15.201,43.8971],[15.2014,43.897],[15.2029,43.9013],[15.2168,43.9128],[15.1764,43.9334],[15.0266,44.0571],[15.0227,44.0722],[14.9906,44.0868],[14.9529,44.1179],[14.9403,44.1252],[14.9391,44.1271],[14.9102,44.1428],[14.8665,44.1682],[14.8667,44.1678],[14.8661,44.1682],[14.8665,44.1676],[14.8661,44.1678],[14.8671,44.1661],[14.8496,44.1756]]],[[[15.0625,44.1619],[15.0655,44.1573],[15.0646,44.1578],[15.0648,44.1575],[15.0642,44.1578],[15.0645,44.1572],[15.0642,44.1574],[15.075,44.1383],[15.0821,44.1314],[15.0871,44.1237],[15.1218,44.0922],[15.1891,44.0478],[15.2061,44.049],[15.2431,44.0297],[15.2544,44.0179],[15.2471,44.0467],[15.2303,44.0621],[15.2302,44.0623],[15.2298,44.0625],[15.2258,44.0662],[15.0625,44.1619]]],[[[15.2612,44.0111],[15.3027,43.9664],[15.3066,43.9642],[15.309,43.9612],[15.3579,43.9259],[15.3587,43.9194],[15.4071,43.8961],[15.4461,43.8875],[15.4387,43.8988],[15.439,43.8987],[15.4385,43.8992],[15.439,43.8991],[15.4372,43.9011],[15.4188,43.9291],[15.4058,43.9354],[15.3883,43.9545],[15.384,43.9702],[15.3719,43.9724],[15.3706,43.9738],[15.323,43.991],[15.2964,44.0056],[15.2724,44.0093],[15.2698,44.0103],[15.27,44.0101],[15.2694,44.0103],[15.2697,44.0098],[15.2694,44.0099],[15.2695,44.0098],[15.2612,44.0111]]],[[[23.5978,38.4723],[23.6013,38.4739],[23.5988,38.4756],[23.5978,38.4723]]],[[[23.7556,38.3407],[23.7589,38.3377],[23.7668,38.3416],[23.7556,38.3407]]]]}},
{"type":"Feature","properties":{"entityId":"south-slavic-principalities","from":681,"to":772,"certainty":"estimated","source":"유럽 쪽은 Natural Earth 1:10m admin-1(v5.1.2) 현대 행정구역 조각을 그 시기 국경에 맞춰 묶고, 조각이 역사 경계와 다른 곳은 선을 그어 나눈 근사. 유럽 밖(시베리아·중앙아시아·극동)은 대략적인 추정. 운영자 검수 필요"},"geometry":{"type":"MultiPolygon","coordinates":[[[[12.6338,47.112],[12.6581,47.0776],[12.7443,47.058],[12.7515,47.0397],[12.735,47.0042],[12.7641,46.9567],[12.8069,46.9294],[12.8288,46.876],[12.8852,46.8325],[12.9453,46.7752],[12.933,46.7575],[12.8973,46.7759],[12.7456,46.7562],[12.7243,46.7489],[12.7091,46.7052],[12.6714,46.6525],[12.6974,46.6405],[12.7485,46.641],[12.8304,46.6096],[13.0645,46.598],[13.1465,46.585],[13.2311,46.5522],[13.2714,46.5508],[13.3733,46.5658],[13.417,46.5605],[13.478,46.5636],[13.5068,46.5469],[13.5492,46.5458],[13.6703,46.5187],[13.701,46.5197],[13.6899,46.4933],[13.6859,46.464],[13.6775,46.4521],[13.6588,46.4451],[13.6002,46.4426],[13.5757,46.4267],[13.53,46.3883],[13.4837,46.3712],[13.4597,46.359],[13.4341,46.3539],[13.4232,46.3448],[13.3956,46.3067],[13.3653,46.2903],[13.3786,46.2684],[13.3847,46.2433],[13.3981,46.2305],[13.4101,46.208],[13.4374,46.2109],[13.4228,46.2286],[13.4683,46.2234],[13.4823,46.2179],[13.5102,46.214],[13.529,46.2048],[13.559,46.1841],[13.5845,46.1813],[13.6274,46.1817],[13.6411,46.1714],[13.645,46.1617],[13.6164,46.125],[13.5226,46.0753],[13.5051,46.066],[13.4823,46.0448],[13.4903,46.0389],[13.4928,46.0325],[13.4823,46.0184],[13.4618,46.0064],[13.5094,45.9674],[13.5394,45.969],[13.5717,45.9798],[13.6007,45.9846],[13.6228,45.9664],[13.6153,45.9459],[13.6082,45.9266],[13.5993,45.9123],[13.5693,45.8645],[13.566,45.8303],[13.5742,45.819],[13.5813,45.8092],[13.5885,45.8065],[13.6092,45.7986],[13.6436,45.7957],[13.6603,45.792],[13.6999,45.7705],[13.7095,45.7653],[13.7787,45.7434],[13.8584,45.6494],[13.8692,45.6411],[13.8936,45.6338],[13.887,45.6188],[13.8679,45.6022],[13.88,45.5725],[13.8946,45.5598],[13.9104,45.552],[13.9522,45.546],[13.9838,45.5195],[13.9875,45.5119],[14.014,45.508],[14.0667,45.4803],[14.0929,45.4739],[14.1167,45.473],[14.1173,45.473],[14.1389,45.4343],[14.2036,45.4039],[14.1995,45.3756],[14.2105,45.3278],[14.1946,45.275],[14.2026,45.1716],[14.2347,45.1546],[14.2477,45.1865],[14.2535,45.2235],[14.2551,45.2297],[14.258,45.2339],[14.5334,45.1666],[14.5213,45.1488],[14.5227,45.1465],[14.4897,45.1279],[14.4671,45.1241],[14.4652,45.1142],[14.4377,45.0987],[14.4379,45.0984],[14.4377,45.0983],[14.4407,45.093],[14.4251,45.0873],[14.4601,45.0524],[14.5105,45.0322],[14.5907,45.0233],[14.5997,45.0268],[14.6141,45.0254],[14.6282,44.9949],[14.6289,44.9782],[14.6824,44.9584],[14.6861,44.956],[14.6864,44.9561],[14.6865,44.956],[14.6882,44.9563],[14.7234,44.9433],[14.7568,44.9487],[14.7487,44.9666],[14.8089,44.9768],[14.815,44.9775],[14.7998,45.0052],[14.7744,45.0218],[14.7405,45.0657],[14.7404,45.0658],[14.7405,45.0731],[14.7283,45.0732],[14.7009,45.09],[14.6669,45.1318],[14.6676,45.1339],[14.8374,45.0924],[14.8553,45.081],[14.8598,45.0713],[14.9022,44.9791],[14.9057,44.9717],[14.8937,44.8869],[14.8838,44.8615],[14.8838,44.7888],[14.8895,44.7626],[14.8923,44.733],[14.8838,44.7236],[14.9014,44.6902],[15.0013,44.5785],[15.0444,44.5553],[15.1305,44.4894],[15.155,44.4667],[15.2938,44.3648],[15.308,44.3544],[15.3501,44.3399],[15.3562,44.3378],[15.3771,44.3186],[15.3769,44.3185],[15.3307,44.3014],[15.3086,44.3093],[15.2612,44.3326],[15.3027,44.2991],[15.2883,44.2897],[15.2838,44.2897],[15.2448,44.2772],[15.1981,44.3017],[15.2078,44.2728],[15.2073,44.2724],[15.183,44.2724],[15.1653,44.2679],[15.1576,44.2803],[15.1104,44.2644],[15.1219,44.2564],[15.1218,44.2564],[15.1573,44.2098],[15.1445,44.1955],[15.2127,44.1483],[15.2129,44.131],[15.2783,44.0856],[15.3195,44.0452],[15.3581,44.0257],[15.4661,43.9217],[15.492,43.9158],[15.4998,43.9092],[15.5387,43.8847],[15.5469,43.8766],[15.5741,43.8595],[15.5853,43.8554],[15.6415,43.8201],[15.6174,43.8255],[15.633,43.8105],[15.6821,43.7972],[15.7063,43.7634],[15.7242,43.7625],[15.9201,43.5905],[15.9595,43.5382],[15.9681,43.5403],[15.981,43.5257],[15.9735,43.5031],[16.0128,43.504],[16.0396,43.4908],[16.0924,43.4823],[16.441,43.3687],[16.4286,43.3436],[16.4214,43.3176],[16.4215,43.3176],[16.4214,43.3172],[16.4898,43.2859],[16.4996,43.2847],[16.5007,43.2842],[16.564,43.2701],[16.6283,43.2637],[16.7547,43.2665],[16.9169,43.2136],[16.929,43.2097],[17.0302,43.1468],[16.9169,43.1565],[16.8869,43.1591],[16.8644,43.1689],[16.8484,43.1624],[16.7113,43.1741],[16.6943,43.1793],[16.6745,43.1969],[16.6595,43.216],[16.6038,43.2235],[16.5955,43.2205],[16.5719,43.2232],[16.5628,43.229],[16.5205,43.229],[16.5207,43.2288],[16.3746,43.2134],[16.375,43.2132],[16.3748,43.2132],[16.3751,43.2131],[16.3746,43.213],[16.3973,43.2021],[16.3804,43.202],[16.3716,43.1955],[16.4452,43.1708],[16.5393,43.148],[16.551,43.1436],[16.6806,43.1228],[16.9169,43.1191],[17.0788,43.1165],[17.1231,43.089],[17.1489,43.0729],[17.1747,43.0569],[17.2262,43.0249],[17.2274,43.0241],[17.2258,43.0242],[17.221,43.0259],[17.2094,43.0259],[17.1587,43.031],[17.15,43.0303],[17.15,43.025],[17.4,43],[17.5,42.96],[17.62,42.97],[17.6523,43.0055],[17.6593,42.9934],[17.6627,42.9657],[17.6345,42.9504],[17.5807,42.9421],[17.587,42.9387],[17.587,42.9283],[17.5612,42.9338],[17.5612,42.9471],[17.5354,42.9538],[17.5354,42.9272],[17.5733,42.9272],[17.587,42.921],[17.587,42.9005],[17.6127,42.893],[17.6385,42.8854],[17.6385,42.8976],[17.6533,42.8909],[17.6795,42.9157],[17.7016,42.9195],[17.7867,42.9014],[17.8118,42.9099],[17.8262,42.8886],[17.8272,42.8531],[17.8585,42.817],[17.9045,42.8045],[17.9719,42.755],[18.2241,42.6281],[18.3116,42.6012],[18.3387,42.6025],[18.3698,42.5744],[18.4374,42.5592],[18.442,42.543],[18.4364,42.5108],[18.4371,42.4934],[18.4443,42.4779],[18.4677,42.4534],[18.4929,42.4424],[18.4964,42.4163],[18.5103,42.4053],[18.5197,42.4332],[18.5476,42.4291],[18.5452,42.4236],[18.553,42.4136],[18.5781,42.4004],[18.5706,42.393],[18.5949,42.3837],[18.6167,42.3681],[18.6384,42.3703],[18.6532,42.3663],[18.6535,42.3674],[18.7141,42.3377],[18.7145,42.3253],[18.7295,42.3116],[18.7625,42.2912],[18.7786,42.2715],[18.7887,42.276],[18.8136,42.2891],[18.8256,42.2832],[18.8314,42.2775],[18.8332,42.2795],[18.8946,42.2495],[18.9001,42.2449],[18.9017,42.2375],[18.9133,42.2222],[18.9465,42.2038],[18.9811,42.1637],[19.0157,42.1237],[19.0539,42.0795],[19.0976,42.0289],[19.1075,42.0174],[19.161,41.9555],[19.1616,41.9553],[19.1623,41.9479],[19.1703,41.938],[19.2202,41.9189],[19.2679,41.9071],[19.3394,41.8702],[19.3469,41.864],[19.3651,41.8524],[19.3929,41.859],[19.4396,41.8147],[19.468,41.7877],[19.4964,41.7877],[19.4964,41.7848],[19.5223,41.7848],[19.5223,41.8382],[19.5295,41.8357],[19.5266,41.8469],[19.4662,41.8826],[19.4732,41.9139],[19.5474,41.8899],[19.5732,41.9028],[19.5601,41.9387],[19.5913,41.9436],[19.6254,41.9337],[19.6309,41.9104],[19.6754,41.9144],[19.7229,41.8953],[19.751,41.9116],[19.7393,41.9378],[19.7955,41.9465],[19.8415,41.9371],[19.8731,41.9617],[19.9017,41.9689],[19.9433,41.9116],[19.9349,41.8866],[19.9532,41.8762],[20.005,41.88],[20.0236,41.9035],[20.0703,41.9326],[20.0882,41.9631],[20.1723,41.9999],[20.2126,42.0282],[20.2542,42.0176],[20.2672,41.9931],[20.2581,41.9438],[20.2072,41.8992],[20.1907,41.864],[20.1582,41.8394],[20.116,41.8254],[20.159,41.7976],[20.1557,41.7617],[20.0598,41.7324],[20.0247,41.7005],[19.973,41.7042],[19.9465,41.6831],[19.9062,41.7047],[19.8584,41.6929],[19.8135,41.7069],[19.8121,41.6478],[19.8039,41.6291],[19.8208,41.6123],[19.8362,41.5667],[19.8717,41.5333],[19.9111,41.5098],[19.9622,41.4821],[20.0001,41.4271],[20.0641,41.3893],[20.1084,41.4031],[20.16,41.3645],[20.2357,41.3444],[20.2226,41.3265],[20.1689,41.3153],[20.1366,41.2972],[20.1201,41.2732],[20.0692,41.252],[20.0356,41.2543],[19.9712,41.1948],[19.8577,41.159],[19.8337,41.1433],[19.8415,41.1285],[19.809,41.1216],[19.7462,41.1218],[19.7345,41.1022],[19.7029,41.0873],[19.692,41.0537],[19.6709,41.0566],[19.6762,41.031],[19.7234,41.0111],[19.7593,41.0132],[19.8119,40.9995],[19.8022,40.9651],[19.8031,40.9013],[19.8269,40.8772],[19.8672,40.8684],[19.8692,40.8502],[19.8267,40.8489],[19.8124,40.8606],[19.7743,40.8471],[19.7646,40.8125],[19.7319,40.812],[19.7383,40.7812],[19.7608,40.7552],[19.7562,40.7166],[19.7952,40.6976],[19.8322,40.6361],[19.8085,40.6202],[19.8489,40.5686],[19.8993,40.5451],[19.9049,40.5273],[19.881,40.519],[19.8249,40.4719],[19.7906,40.4209],[19.7764,40.423],[19.7943,40.3805],[19.7586,40.3463],[19.8102,40.2954],[19.8401,40.2366],[19.8371,40.2155],[19.8701,40.1934],[19.9394,40.0653],[19.9535,40.0544],[19.9985,40.0598],[20.0413,40.0496],[20.1197,39.9898],[20.1594,39.9735],[20.205,39.9386],[20.2339,39.8921],[20.2398,39.8677],[20.2811,39.8603],[20.2996,39.8051],[20.273,39.7965],[20.2757,39.7601],[20.2995,39.7282],[20.2827,39.7044],[20.249,39.6848],[20.246,39.6629],[20.2042,39.6603],[20.1999,39.6401],[20.1638,39.6443],[20.0893,39.6828],[20.0161,39.7014],[19.9998,39.6935],[20.003,39.6928],[20.003,39.6843],[20.0285,39.6741],[20.0817,39.6527],[20.084,39.6518],[20.1006,39.6403],[20.1624,39.5747],[20.1625,39.5742],[20.1467,39.5707],[20.1336,39.5297],[20.1727,39.5297],[20.2158,39.3405],[20.5789,38.9382],[20.657,38.9382],[20.657,38.8885],[20.683,38.8885],[20.683,38.8795],[20.709,38.8795],[20.709,38.8501],[20.7351,38.8501],[20.7351,38.8207],[20.7184,38.8207],[20.7266,38.7913],[20.7293,38.7817],[20.7292,38.7716],[20.7306,38.7701],[20.7375,38.7619],[20.7624,38.7325],[20.7871,38.7325],[20.7871,38.723],[20.8131,38.723],[20.8131,38.6827],[20.8911,38.6827],[20.8911,38.67],[20.9431,38.67],[20.9431,38.6729],[20.9691,38.6727],[20.9691,38.6424],[20.9624,38.6424],[20.9624,38.6055],[20.9891,38.6055],[20.9891,38.5685],[20.9478,38.5685],[20.9478,38.5129],[20.9633,38.4945],[21.0882,38.3466],[21.0852,38.3436],[21.0914,38.3428],[21.1194,38.3097],[21.1441,38.2165],[21.211,37.9644],[21.1611,37.9314],[21.1336,37.9464],[21.1062,37.8781],[21.1221,37.8374],[21.2273,37.8119],[21.2365,37.808],[21.2558,37.7955],[21.2958,37.6446],[21.3339,37.5634],[21.3912,37.4411],[21.4198,37.38],[21.4341,37.3494],[21.4485,37.3188],[21.6702,36.8457],[21.7004,36.8297],[21.7074,36.818],[21.7642,36.795],[21.7654,36.7953],[21.8637,36.7431],[21.874,36.7267],[21.8834,36.7327],[22.4765,36.4184],[22.4797,36.402],[22.5046,36.4045],[22.5023,36.4109],[23.1538,36.4225],[23.1536,36.4229],[23.1538,36.4229],[23.1472,36.4383],[23.1619,36.4462],[23.1961,36.4325],[23.2036,36.4561],[23.1519,36.4873],[23.1346,36.5076],[23.1482,36.5172],[23.1346,36.5554],[23.0913,36.5745],[23.0849,36.5837],[23.0485,36.6689],[23.0533,36.6883],[23.0594,36.6926],[23.0544,36.6926],[23.0665,36.7415],[23.0886,36.7329],[23.1141,36.7813],[23.0806,36.7888],[23.0956,36.807],[23.0868,36.8291],[23.061,36.8501],[23.0602,36.8544],[23.0071,36.9868],[23.0117,36.9868],[22.9998,37.0333],[22.9564,37.0959],[22.9564,37.124],[22.9401,37.1212],[22.91,37.1786],[22.9116,37.1834],[22.8946,37.2079],[22.8514,37.2902],[22.832,37.3136],[23.091,37.3566],[23.1006,37.3573],[23.1619,37.3164],[23.1686,37.2995],[23.2036,37.3027],[23.186,37.3406],[23.278,37.3498],[23.2513,37.3573],[23.241,37.3706],[23.251,37.3766],[23.313,37.3933],[23.4094,37.4093],[23.4092,37.4097],[23.4094,37.4097],[23.4075,37.413],[23.4418,37.4144],[23.4305,37.4523],[23.373,37.4441],[23.3051,37.451],[23.2757,37.4743],[23.2284,37.4947],[23.179,37.5071],[23.1576,37.5347],[23.187,37.6083],[23.2116,37.5937],[23.2116,37.6209],[23.2612,37.6209],[23.2612,37.6663],[23.259,37.6701],[23.2417,37.7],[23.2245,37.7299],[23.19,37.7896],[23.1824,37.8028],[23.1824,37.8091],[23.1768,37.8125],[23.1146,37.9202],[23.1146,37.9203],[23.1929,37.8978],[23.1929,37.93],[23.1668,37.93],[23.1668,37.9441],[23.1594,37.9405],[23.1108,38.0229],[23.0763,38.0597],[23.0902,38.0625],[23.0902,38.101],[23.0569,38.101],[23.0569,38.1423],[22.9569,38.1423],[22.9569,38.1315],[22.837,38.1315],[22.6,38.25],[22.55,38.33],[22.55,38.52],[22.75,38.58],[23,38.58],[23.15,38.62],[23.3,38.62],[23.42,38.52],[23.5,38.51],[23.5849,38.4845],[23.543,38.5117],[23.5373,38.5067],[23.5318,38.5099],[23.1211,38.8488],[23.126,38.8492],[23.1426,38.8452],[23.2506,38.8018],[23.3304,38.7534],[23.3377,38.739],[23.3816,38.7073],[23.4266,38.6859],[23.4488,38.6693],[23.4531,38.658],[23.4792,38.6422],[23.5003,38.619],[23.5051,38.5974],[23.5401,38.5823],[23.5583,38.579],[23.6151,38.5531],[23.6187,38.5488],[23.6336,38.4984],[23.6056,38.4666],[23.5976,38.4713],[23.593,38.455],[23.62,38.43],[23.665,38.4],[23.74,38.355],[23.755,38.3413],[23.755,38.379],[23.7187,38.4003],[23.7007,38.4108],[23.71,38.4125],[23.7466,38.4053],[23.7582,38.4008],[23.7694,38.4008],[23.779,38.3989],[23.7971,38.4008],[23.8683,38.4008],[23.9124,38.392],[23.9535,38.3961],[24.039,38.3904],[24.0426,38.3748],[24.0584,38.3468],[24.0254,38.3305],[24.0794,38.3254],[24.1047,38.3159],[24.1144,38.2976],[24.1009,38.2753],[24.1094,38.2563],[24.13,38.268],[24.1416,38.2463],[24.1311,38.2358],[24.1661,38.2243],[24.1902,38.2047],[24.1938,38.1508],[24.1952,38.1482],[24.186,38.1274],[24.208,38.1248],[24.2108,38.1197],[24.2108,38.0978],[24.2515,38.0961],[24.2853,38.0775],[24.2922,38.0699],[24.304,38.0673],[24.3162,38.0606],[24.3182,38.0587],[24.327,38.0425],[24.3138,38.0292],[24.3386,37.9967],[24.3718,37.9719],[24.4021,37.9879],[24.3864,37.9965],[24.4203,38.0158],[24.4458,38.005],[24.4587,37.9925],[24.4769,37.9625],[24.5093,37.9626],[24.5667,37.9879],[24.5786,38.0199],[24.5794,38.0206],[24.5796,38.0225],[24.5945,38.0624],[24.5853,38.0762],[24.5902,38.1231],[24.5902,38.1235],[24.5846,38.1289],[24.5877,38.1592],[24.4992,38.1466],[24.4642,38.146],[24.4069,38.1555],[24.3926,38.164],[24.3698,38.1617],[24.3598,38.1634],[24.277,38.2207],[24.2576,38.2605],[24.2525,38.2924],[24.228,38.3211],[24.2194,38.3387],[24.2117,38.3683],[24.2108,38.3777],[24.2086,38.3802],[24.1994,38.416],[24.2039,38.4187],[24.1967,38.4264],[24.1871,38.4634],[24.2122,38.5032],[24.2121,38.5035],[24.2122,38.5036],[24.2106,38.5093],[24.2315,38.5224],[24.2161,38.5395],[24.1798,38.5634],[24.1546,38.5887],[24.1351,38.6358],[24.1556,38.6527],[24.1039,38.6694],[24.1006,38.672],[24.0949,38.6724],[24.0731,38.6794],[24.0057,38.678],[23.9842,38.6862],[23.9771,38.6797],[23.8774,38.6859],[23.742,38.7424],[23.7385,38.7494],[23.7026,38.7651],[23.6932,38.7628],[23.6902,38.764],[23.6362,38.771],[23.5937,38.7875],[23.594,38.7893],[23.5851,38.7909],[23.5552,38.8025],[23.5247,38.8232],[23.4984,38.8321],[23.4706,38.8508],[23.4372,38.9173],[23.4256,38.9543],[23.4174,38.9569],[23.4166,38.9585],[23.3832,38.9829],[23.3816,39.0015],[23.3285,39.023],[23.3122,39.0349],[23.3118,39.0349],[23.31,39.0348],[23.2991,39.0425],[23.273,39.0388],[23.25,39.0295],[23.1679,39.009],[23.138,39.009],[23.0944,38.9879],[23.0911,38.9734],[23.0183,38.9335],[22.9857,38.9604],[22.9967,38.9634],[23.0144,38.9934],[23.1116,39.05],[22.85,39.05],[22.85,39.45],[23.1441,39.45],[23.1074,39.4873],[23.1018,39.4974],[23.0559,39.5272],[23.024,39.5373],[22.9774,39.5643],[22.9198,39.6286],[22.8664,39.7393],[22.8587,39.7733],[22.8403,39.8034],[22.8011,39.8403],[22.7877,39.8479],[22.777,39.8583],[22.7623,39.8977],[22.7437,39.9475],[22.7105,39.9475],[22.7159,40.022],[22.7065,40.0471],[22.632,40.2463],[22.6283,40.2563],[22.7422,40.3901],[22.75,40.5],[22.75,40.75],[23.2,40.82],[23.65,40.85],[23.9373,40.8021],[23.9429,40.8031],[24.0161,40.8451],[24.0372,40.8696],[24.1077,40.9146],[24.1217,40.9539],[24.1178,40.9958],[24.0472,41.0362],[24.0064,41.0778],[23.9695,41.0775],[23.9511,41.0635],[23.9203,41.0871],[23.8676,41.0972],[23.816,41.1265],[23.7563,41.1816],[23.7089,41.213],[23.7016,41.2277],[23.7187,41.2804],[23.6341,41.3113],[23.6192,41.3547],[23.6248,41.3771],[23.6529,41.3976],[23.7054,41.4032],[23.7544,41.4007],[23.7771,41.429],[23.8677,41.4455],[23.8948,41.4643],[23.9499,41.4376],[24.0007,41.4641],[24.0459,41.4555],[24.0525,41.4715],[24.0473,41.5257],[24.0766,41.536],[24.1463,41.5268],[24.1628,41.512],[24.1977,41.5477],[24.0779,41.624],[24.1231,41.6546],[24.0726,41.6863],[24.042,41.7104],[23.9282,41.769],[23.9055,41.7965],[23.8682,41.7954],[23.8217,41.8238],[23.7957,41.8609],[23.7896,41.906],[23.7625,41.9399],[23.7666,41.9765],[23.7919,42.0207],[23.8205,42.0453],[23.8013,42.0627],[23.8133,42.0962],[23.8096,42.1329],[23.7726,42.1582],[23.7631,42.1776],[23.7957,42.1887],[23.8009,42.2113],[23.8481,42.2257],[23.8806,42.2615],[23.8885,42.2907],[23.9125,42.296],[23.9581,42.268],[23.9741,42.2833],[23.9415,42.3468],[23.9594,42.3923],[24.0384,42.408],[24.0547,42.445],[24.0387,42.4649],[23.9881,42.4587],[23.9214,42.5075],[23.8981,42.547],[23.904,42.5695],[23.9614,42.5793],[24.0347,42.5534],[24.0815,42.5729],[24.1296,42.5816],[24.1575,42.6107],[24.2289,42.6297],[24.285,42.6213],[24.3018,42.588],[24.3504,42.5652],[24.4082,42.5621],[24.4418,42.5632],[24.4683,42.5771],[24.473,42.5993],[24.4472,42.6126],[24.4163,42.645],[24.3731,42.6617],[24.3602,42.7074],[24.3967,42.7549],[24.3325,42.7578],[24.2852,42.7797],[24.1586,42.7809],[24.1386,42.8036],[24.1521,42.8438],[24.1514,42.9087],[24.1293,42.9358],[24.0906,42.9423],[24.0447,42.9788],[24.046,43.0204],[24.0062,43.0602],[23.9775,43.0599],[23.9356,43.0278],[23.9023,43.0428],[23.8035,43.0561],[23.766,43.0679],[23.7167,43.0346],[23.6654,43.0283],[23.6344,43.053],[23.5526,43.0092],[23.4936,43.0706],[23.4352,43.1082],[23.4346,43.1281],[23.4698,43.1369],[23.4314,43.162],[23.3989,43.1629],[23.3627,43.1337],[23.3181,43.1208],[23.2861,43.1292],[23.2203,43.1112],[23.1273,43.1172],[23.1011,43.1318],[23.0289,43.1949],[22.9829,43.1873],[22.9814,43.199],[22.9155,43.2122],[22.8838,43.2306],[22.8332,43.2746],[22.8045,43.329],[22.7243,43.3861],[22.6589,43.4013],[22.6285,43.4283],[22.5868,43.4344],[22.5658,43.4533],[22.5189,43.4742],[22.4785,43.5592],[22.4814,43.6006],[22.4729,43.6359],[22.4559,43.6564],[22.4265,43.6682],[22.3905,43.7124],[22.3885,43.7583],[22.3626,43.7808],[22.3495,43.8079],[22.3771,43.8835],[22.379,43.9135],[22.3945,43.9363],[22.3996,43.9933],[22.4118,44.0069],[22.4659,44.0176],[22.5037,44.0199],[22.5342,44.0572],[22.593,44.0639],[22.6047,44.0794],[22.5991,44.1303],[22.6062,44.1746],[22.6488,44.214],[22.6916,44.2284],[22.6895,44.2917],[22.6815,44.3053],[22.5828,44.3284],[22.5494,44.349],[22.5051,44.4041],[22.501,44.4419],[22.477,44.464],[22.4841,44.4998],[22.5355,44.5075],[22.5567,44.5215],[22.5656,44.5554],[22.6212,44.5692],[22.7001,44.5418],[22.7417,44.5519],[22.7652,44.5828],[22.7001,44.6306],[22.6212,44.6374],[22.5533,44.6692],[22.4837,44.724],[22.4261,44.7337],[22.3807,44.7005],[22.3197,44.6853],[22.1851,44.5151],[22.1482,44.5009],[22.1043,44.5096],[22.0763,44.5507],[22.0452,44.5692],[22.0362,44.5895],[22.0342,44.5962],[22.0043,44.6515],[21.8554,44.6985],[21.7568,44.6773],[21.7052,44.6771],[21.6563,44.6877],[21.6197,44.7139],[21.5956,44.766],[21.5584,44.7817],[21.4972,44.778],[21.3959,44.7902],[21.3598,44.8267],[21.2695,44.8137],[21.1888,44.7782],[21.1638,44.7478],[21.1123,44.7448],[21.0779,44.7265],[21.0368,44.722],[20.9896,44.7168],[20.8832,44.6727],[20.8265,44.6609],[20.7948,44.6647],[20.7715,44.6163],[20.7815,44.5876],[20.8064,44.5632],[20.7371,44.533],[20.7641,44.496],[20.8211,44.464],[20.8376,44.4415],[20.8191,44.4159],[20.7759,44.4228],[20.7567,44.416],[20.7315,44.3785],[20.7579,44.3511],[20.787,44.3448],[20.7676,44.3312],[20.772,44.2978],[20.7314,44.3227],[20.6846,44.3347],[20.6498,44.3218],[20.623,44.3398],[20.6065,44.3737],[20.5431,44.3556],[20.5379,44.3857],[20.4838,44.3989],[20.4422,44.4189],[20.4095,44.4026],[20.3996,44.3821],[20.4312,44.3603],[20.4003,44.3247],[20.3891,44.2943],[20.4154,44.2841],[20.4231,44.2418],[20.3975,44.2046],[20.3791,44.2],[20.3685,44.1737],[20.3396,44.1682],[20.328,44.1472],[20.2885,44.1229],[20.2292,44.1116],[20.1743,44.1113],[20.1291,44.0967],[20.1246,44.0737],[20.062,44.0853],[20.0095,44.1042],[19.9778,44.0756],[19.9508,44.0793],[19.9061,44.1029],[19.9082,44.1212],[19.861,44.1288],[19.8264,44.1053],[19.796,44.1213],[19.7739,44.1124],[19.8064,44.0835],[19.8109,44.0602],[19.7812,44.0535],[19.7413,44.1045],[19.6755,44.1251],[19.6593,44.1374],[19.6182,44.1437],[19.6093,44.1233],[19.546,44.1138],[19.5162,44.0912],[19.4764,44.127],[19.4597,44.1527],[19.4426,44.1432],[19.3624,44.1912],[19.354,44.2243],[19.3243,44.264],[19.2959,44.2758],[19.2637,44.2702],[19.1772,44.287],[19.1389,44.3093],[19.1167,44.3437],[19.1072,44.3827],[19.1414,44.4308],[19.1434,44.4582],[19.1299,44.5183],[19.1796,44.5383],[19.1863,44.5693],[19.2557,44.6456],[19.2776,44.6849],[19.3084,44.7051],[19.3284,44.734],[19.3637,44.8546],[19.3766,44.863],[19.357,44.8959],[19.3102,44.9124],[19.2395,44.9151],[19.2019,44.9084],[19.1743,44.9254],[19.0846,44.879],[19.0158,44.8656],[18.9749,44.8628],[18.8896,44.8612],[18.8587,44.8685],[18.8421,44.8762],[18.8178,44.8875],[18.7834,44.9137],[18.7726,44.9425],[18.8046,44.9738],[18.789,45.0057],[18.7501,45.0122],[18.7263,45.0261],[18.689,45.0802],[18.6661,45.083],[18.6581,45.0663],[18.6405,45.0654],[18.6167,45.0977],[18.5348,45.0884],[18.5411,45.0553],[18.517,45.0559],[18.4817,45.0669],[18.4518,45.085],[18.412,45.1124],[18.3929,45.1186],[18.3223,45.1229],[18.262,45.1507],[18.2379,45.1575],[18.2023,45.1441],[18.1993,45.119],[18.1749,45.1008],[18.1437,45.0977],[18.0903,45.108],[18.0191,45.1494],[17.9885,45.1438],[17.9277,45.092],[17.9026,45.0778],[17.8357,45.0644],[17.7975,45.082],[17.7657,45.111],[17.7145,45.152],[17.6847,45.164],[17.63,45.1573],[17.5724,45.1204],[17.4893,45.1163],[17.4962,45.1417],[17.4478,45.1343],[17.4341,45.1486],[17.3824,45.1396],[17.269,45.1895],[17.2455,45.1554],[17.1871,45.1486],[17.1246,45.1691],[17.0557,45.2004],[17.0363,45.2305],[17.0083,45.2162],[16.9612,45.2509],[16.9473,45.2357],[16.9244,45.2845],[16.8307,45.217],[16.8242,45.1891],[16.7863,45.1788],[16.587,45.2209],[16.5289,45.2223],[16.4819,45.1995],[16.4355,45.1329],[16.3818,45.1076],[16.382,45.0837],[16.346,45.02],[16.3162,45.0012],[16.2793,45.0072],[16.213,45.0315],[16.1041,45.1125],[16.0675,45.1696],[16.0244,45.1843],[16.0292,45.205],[16.0085,45.2182],[15.8789,45.2172],[15.8248,45.211],[15.8026,45.1965],[15.7617,45.21],[15.7049,45.2009],[15.6394,45.2107],[15.6312,45.2395],[15.6616,45.2681],[15.6564,45.2851],[15.6639,45.3396],[15.6796,45.3488],[15.6651,45.3766],[15.6723,45.3982],[15.6568,45.4152],[15.6765,45.4252],[15.716,45.4208],[15.7799,45.3951],[15.8141,45.3987],[15.8372,45.4363],[15.8425,45.4659],[15.8129,45.5234],[15.7799,45.5225],[15.7392,45.5589],[15.7474,45.5952],[15.7316,45.5886],[15.6633,45.6049],[15.6264,45.6214],[15.5936,45.6205],[15.5756,45.6024],[15.5137,45.6324],[15.5131,45.6473],[15.4738,45.6618],[15.4209,45.6953],[15.3829,45.6904],[15.35,45.6696],[15.3308,45.6846],[15.315,45.6809],[15.3049,45.6721],[15.2919,45.6756],[15.2778,45.685],[15.2678,45.6985],[15.2582,45.7051],[15.2509,45.7077],[15.2499,45.7137],[15.2635,45.7304],[15.3038,45.7461],[15.331,45.7525],[15.4298,45.7757],[15.4411,45.7822],[15.4356,45.8021],[15.4513,45.8151],[15.4854,45.8102],[15.5235,45.8268],[15.5497,45.8237],[15.5873,45.8192],[15.6261,45.8202],[15.6661,45.8317],[15.6761,45.8417],[15.6755,45.856],[15.6594,45.8888],[15.6756,45.9252],[15.6754,45.9725],[15.6742,45.9932],[15.682,46.0135],[15.698,46.0362],[15.6929,46.0416],[15.6839,46.0511],[15.6717,46.0574],[15.6437,46.0655],[15.6315,46.0706],[15.6236,46.0764],[15.6235,46.0764],[15.6038,46.091],[15.5899,46.1135],[15.59,46.1387],[15.6043,46.167],[15.6229,46.1917],[15.6266,46.1952],[15.6398,46.2077],[15.6613,46.2153],[15.678,46.2145],[15.7498,46.2108],[15.7689,46.2194],[15.7891,46.2431],[15.7995,46.2486],[15.8031,46.2505],[15.8183,46.2555],[15.8342,46.2584],[15.8793,46.2593],[15.8809,46.2593],[15.8837,46.2594],[15.9189,46.2728],[15.9487,46.2842],[15.9937,46.2906],[16.0192,46.2988],[16.0389,46.3084],[16.0499,46.3167],[16.0524,46.3186],[16.0596,46.3323],[16.0597,46.3453],[16.0574,46.3597],[16.058,46.3775],[16.0887,46.3731],[16.106,46.3737],[16.1316,46.3931],[16.1536,46.3914],[16.1775,46.3756],[16.1918,46.3698],[16.2171,46.3674],[16.2528,46.3734],[16.2756,46.3732],[16.2799,46.3787],[16.2741,46.3921],[16.257,46.3999],[16.2482,46.4133],[16.2494,46.4375],[16.2375,46.4651],[16.2342,46.4849],[16.2349,46.4933],[16.2609,46.5136],[16.2639,46.5159],[16.2954,46.5244],[16.3015,46.5271],[16.3107,46.531],[16.33,46.5355],[16.3403,46.5438],[16.3441,46.547],[16.3517,46.5395],[16.3579,46.547],[16.3695,46.5406],[16.4063,46.5395],[16.4152,46.5356],[16.432,46.5232],[16.4404,46.519],[16.4708,46.5203],[16.4911,46.5151],[16.5153,46.5017],[16.5008,46.5448],[16.4671,46.5647],[16.4302,46.6044],[16.3946,46.619],[16.3764,46.6291],[16.3722,46.6363],[16.3684,46.643],[16.3776,46.6529],[16.3967,46.6591],[16.4026,46.6631],[16.4105,46.6684],[16.405,46.6873],[16.39,46.6942],[16.3714,46.6949],[16.3662,46.6965],[16.3654,46.6967],[16.3576,46.699],[16.3573,46.7158],[16.3434,46.7142],[16.3142,46.7433],[16.2982,46.7758],[16.2995,46.7795],[16.3022,46.787],[16.3111,46.7975],[16.3149,46.802],[16.3218,46.8133],[16.3275,46.8255],[16.3298,46.8344],[16.3253,46.8394],[16.3107,46.84],[16.3019,46.8432],[16.2974,46.847],[16.2822,46.8599],[16.272,46.864],[16.1795,46.8585],[16.1354,46.8558],[16.1302,46.8567],[16.094,46.8628],[16.0529,46.8461],[16.032,46.8376],[16.0284,46.8369],[16.0037,46.8707],[16.0115,46.9133],[16.0545,46.9442],[16.1363,47.0249],[16.1347,47.0402],[16.0895,47.0829],[16.0844,47.1069],[16.095,47.1651],[16.0675,47.2376],[16.0584,47.2911],[16.02,47.3724],[16.0475,47.4106],[16.0717,47.3949],[16.1479,47.443],[16.1135,47.4634],[16.0804,47.5165],[16.0472,47.5062],[15.9983,47.5238],[15.9167,47.5332],[15.8923,47.572],[15.8661,47.5854],[15.8279,47.5889],[15.8287,47.6321],[15.7969,47.6454],[15.7432,47.6367],[15.7261,47.6902],[15.7143,47.7019],[15.6718,47.7042],[15.6386,47.7174],[15.6062,47.7435],[15.5387,47.7474],[15.5001,47.7663],[15.4175,47.7935],[15.3754,47.8196],[15.3391,47.8254],[15.2779,47.8152],[15.2297,47.8193],[15.1871,47.7804],[15.0561,47.7508],[15.0147,47.7524],[14.9296,47.7269],[14.8834,47.7247],[14.8382,47.7505],[14.7341,47.7502],[14.6993,47.7689],[14.6356,47.7343],[14.4916,47.6954],[14.477,47.6783],[14.4172,47.6588],[14.3473,47.6257],[14.2934,47.6205],[14.2514,47.6312],[14.195,47.6577],[14.0861,47.6361],[14.0597,47.626],[14.0421,47.6624],[13.9967,47.6986],[13.9527,47.6945],[13.8233,47.7205],[13.7165,47.6845],[13.6872,47.664],[13.6814,47.5976],[13.7303,47.546],[13.7354,47.5163],[13.7243,47.498],[13.6744,47.4742],[13.5818,47.4864],[13.5652,47.4454],[13.5748,47.4099],[13.6045,47.3425],[13.6307,47.3056],[13.6941,47.2745],[13.7967,47.3021],[13.8482,47.2504],[13.8608,47.222],[13.9018,47.1839],[13.9317,47.1694],[13.9372,47.1506],[13.8799,47.1054],[13.8802,47.0727],[13.8637,47.0423],[13.8206,46.9878],[13.7823,46.9542],[13.7531,46.9806],[13.6672,47.0261],[13.6062,47.0442],[13.5618,47.0466],[13.4397,47.0625],[13.3082,47.0872],[13.2743,47.0838],[13.2261,47.0549],[13.1735,47.0375],[13.0595,47.0288],[12.9942,47.0408],[12.9144,47.076],[12.7724,47.0993],[12.665,47.1365],[12.6338,47.112]],[[20.96,39.15],[21,39.25],[21.1601,39.5701],[21.1661,39.5652],[21.169,39.5102],[21.1531,39.4847],[21.1749,39.4521],[21.1787,39.4189],[21.226,39.3888],[21.2403,39.3543],[21.2752,39.3337],[21.3459,39.3308],[21.3851,39.2797],[21.3331,39.2012],[21.3623,39.1539],[21.3398,39.1484],[21.2865,39.1138],[21.2294,39.096],[21.1048,39.0942],[21.0692,39.0766],[21.0603,39.039],[21.0506,39.0318],[21.0969,39.0318],[21.0969,39.0006],[21.099,39.0006],[21.099,38.9694],[21.0373,38.9694],[21.0373,38.9713],[20.9755,38.9713],[20.9755,38.9745],[20.9623,38.9745],[21,39.05],[20.96,39.15]],[[22.7096,39.935],[22.7098,39.9378],[22.7098,39.935],[22.7096,39.935]]],[[[14.2777,45.128],[14.2874,45.1011],[14.3161,45.0766],[14.3405,45.0202],[14.3405,44.9807],[14.303,44.9428],[14.3015,44.9434],[14.3009,44.9407],[14.3009,44.9406],[14.2942,44.9086],[14.3141,44.8938],[14.3298,44.8339],[14.3544,44.8201],[14.3648,44.8004],[14.3745,44.7539],[14.3894,44.7524],[14.3961,44.734],[14.3945,44.7076],[14.4279,44.6566],[14.473,44.6203],[14.5204,44.6215],[14.5139,44.6622],[14.4778,44.7019],[14.4724,44.7135],[14.4739,44.7545],[14.4615,44.7795],[14.4593,44.8018],[14.4666,44.8048],[14.4555,44.8396],[14.4525,44.8694],[14.4626,44.9401],[14.471,44.9539],[14.4661,44.9837],[14.4467,44.9873],[14.3949,45.031],[14.3697,45.0814],[14.3636,45.1302],[14.3641,45.1576],[14.3593,45.1646],[14.3589,45.1682],[14.3585,45.1682],[14.3571,45.168],[14.3562,45.1693],[14.3137,45.1724],[14.295,45.1494],[14.2865,45.1456],[14.2866,45.1453],[14.2865,45.1452],[14.2883,45.1411],[14.2777,45.128]]],[[[14.6579,44.7988],[14.6649,44.7931],[14.6789,44.7702],[14.6977,44.7667],[14.6995,44.7652],[14.7061,44.7651],[14.7617,44.7546],[14.806,44.7357],[14.8496,44.7032],[14.8502,44.7169],[14.8553,44.7147],[14.8552,44.7149],[14.8557,44.7147],[14.8554,44.7152],[14.8557,44.7151],[14.8506,44.7239],[14.8512,44.7373],[14.8224,44.7714],[14.8112,44.7771],[14.7657,44.821],[14.7549,44.8453],[14.7464,44.8457],[14.739,44.8534],[14.7325,44.8465],[14.6901,44.8487],[14.6897,44.8487],[14.6883,44.8468],[14.6858,44.8472],[14.6873,44.8454],[14.6717,44.8244],[14.6609,44.8001],[14.661,44.7999],[14.6609,44.7997],[14.6618,44.7983],[14.6579,44.7988]]],[[[14.7401,44.6973],[14.7513,44.6801],[14.7615,44.6586],[14.8093,44.6177],[14.8841,44.5445],[14.9072,44.4972],[14.8975,44.4909],[14.9158,44.4837],[14.9957,44.4334],[15.039,44.3935],[15.0966,44.3588],[15.1071,44.3506],[15.1104,44.3463],[15.0967,44.34],[15.1288,44.312],[15.1724,44.2991],[15.1309,44.3264],[15.1368,44.3275],[15.1614,44.3084],[15.1616,44.3086],[15.1618,44.3084],[15.1761,44.3242],[15.1989,44.317],[15.2271,44.3264],[15.2061,44.3441],[15.2122,44.3466],[15.2137,44.3468],[15.2351,44.3362],[15.2544,44.34],[15.2394,44.3499],[15.241,44.3501],[15.2407,44.3503],[15.2408,44.3503],[15.2406,44.3504],[15.241,44.3505],[15.1434,44.4164],[15.1005,44.4489],[15.0514,44.4938],[15.0755,44.4841],[15.0412,44.5275],[15.0051,44.5358],[15.0018,44.5382],[14.9663,44.5734],[14.9041,44.61],[14.9004,44.6099],[14.8989,44.6109],[14.8557,44.6179],[14.8053,44.6491],[14.7846,44.6646],[14.78,44.6695],[14.7412,44.7016],[14.7444,44.6947],[14.7405,44.6977],[14.7409,44.6971],[14.7401,44.6977],[14.7406,44.6969],[14.7401,44.6973]]],[[[14.8496,44.1756],[14.8701,44.1408],[14.9044,44.1145],[15.0421,43.9914],[15.0428,43.9904],[15.1066,43.9254],[15.1365,43.903],[15.1386,43.9079],[15.1508,43.9108],[15.1844,43.9016],[15.1955,43.8952],[15.1985,43.8977],[15.201,43.897],[15.201,43.8971],[15.2014,43.897],[15.2029,43.9013],[15.2168,43.9128],[15.1764,43.9334],[15.0266,44.0571],[15.0227,44.0722],[14.9906,44.0868],[14.9529,44.1179],[14.9403,44.1252],[14.9391,44.1271],[14.9102,44.1428],[14.8665,44.1682],[14.8667,44.1678],[14.8661,44.1682],[14.8665,44.1676],[14.8661,44.1678],[14.8671,44.1661],[14.8496,44.1756]]],[[[15.0625,44.1619],[15.0655,44.1573],[15.0646,44.1578],[15.0648,44.1575],[15.0642,44.1578],[15.0645,44.1572],[15.0642,44.1574],[15.075,44.1383],[15.0821,44.1314],[15.0871,44.1237],[15.1218,44.0922],[15.1891,44.0478],[15.2061,44.049],[15.2431,44.0297],[15.2544,44.0179],[15.2471,44.0467],[15.2303,44.0621],[15.2302,44.0623],[15.2298,44.0625],[15.2258,44.0662],[15.0625,44.1619]]],[[[15.2612,44.0111],[15.3027,43.9664],[15.3066,43.9642],[15.309,43.9612],[15.3579,43.9259],[15.3587,43.9194],[15.4071,43.8961],[15.4461,43.8875],[15.4387,43.8988],[15.439,43.8987],[15.4385,43.8992],[15.439,43.8991],[15.4372,43.9011],[15.4188,43.9291],[15.4058,43.9354],[15.3883,43.9545],[15.384,43.9702],[15.3719,43.9724],[15.3706,43.9738],[15.323,43.991],[15.2964,44.0056],[15.2724,44.0093],[15.2698,44.0103],[15.27,44.0101],[15.2694,44.0103],[15.2697,44.0098],[15.2694,44.0099],[15.2695,44.0098],[15.2612,44.0111]]],[[[23.5978,38.4723],[23.6013,38.4739],[23.5988,38.4756],[23.5978,38.4723]]],[[[23.7556,38.3407],[23.7589,38.3377],[23.7668,38.3416],[23.7556,38.3407]]]]}},
{"type":"Feature","properties":{"entityId":"south-slavic-principalities","from":772,"to":783,"certainty":"estimated","source":"유럽 쪽은 Natural Earth 1:10m admin-1(v5.1.2) 현대 행정구역 조각을 그 시기 국경에 맞춰 묶고, 조각이 역사 경계와 다른 곳은 선을 그어 나눈 근사. 유럽 밖(시베리아·중앙아시아·극동)은 대략적인 추정. 운영자 검수 필요"},"geometry":{"type":"MultiPolygon","coordinates":[[[[14.1173,45.473],[14.1389,45.4343],[14.2036,45.4039],[14.1995,45.3756],[14.2105,45.3278],[14.1946,45.275],[14.2026,45.1716],[14.2347,45.1546],[14.2477,45.1865],[14.2535,45.2235],[14.2551,45.2297],[14.258,45.2339],[14.5334,45.1666],[14.5213,45.1488],[14.5227,45.1465],[14.4897,45.1279],[14.4671,45.1241],[14.4652,45.1142],[14.4377,45.0987],[14.4379,45.0984],[14.4377,45.0983],[14.4407,45.093],[14.4251,45.0873],[14.4601,45.0524],[14.5105,45.0322],[14.5907,45.0233],[14.5997,45.0268],[14.6141,45.0254],[14.6282,44.9949],[14.6289,44.9782],[14.6824,44.9584],[14.6861,44.956],[14.6864,44.9561],[14.6865,44.956],[14.6882,44.9563],[14.7234,44.9433],[14.7568,44.9487],[14.7487,44.9666],[14.8089,44.9768],[14.815,44.9775],[14.7998,45.0052],[14.7744,45.0218],[14.7405,45.0657],[14.7404,45.0658],[14.7405,45.0731],[14.7283,45.0732],[14.7009,45.09],[14.6669,45.1318],[14.6676,45.1339],[14.8374,45.0924],[14.8553,45.081],[14.8598,45.0713],[14.9022,44.9791],[14.9057,44.9717],[14.8937,44.8869],[14.8838,44.8615],[14.8838,44.7888],[14.8895,44.7626],[14.8923,44.733],[14.8838,44.7236],[14.9014,44.6902],[15.0013,44.5785],[15.0444,44.5553],[15.1305,44.4894],[15.155,44.4667],[15.2938,44.3648],[15.308,44.3544],[15.3501,44.3399],[15.3562,44.3378],[15.3771,44.3186],[15.3769,44.3185],[15.3307,44.3014],[15.3086,44.3093],[15.2612,44.3326],[15.3027,44.2991],[15.2883,44.2897],[15.2838,44.2897],[15.2448,44.2772],[15.1981,44.3017],[15.2078,44.2728],[15.2073,44.2724],[15.183,44.2724],[15.1653,44.2679],[15.1576,44.2803],[15.1104,44.2644],[15.1219,44.2564],[15.1218,44.2564],[15.1573,44.2098],[15.1445,44.1955],[15.2127,44.1483],[15.2129,44.131],[15.2783,44.0856],[15.3195,44.0452],[15.3581,44.0257],[15.4661,43.9217],[15.492,43.9158],[15.4998,43.9092],[15.5387,43.8847],[15.5469,43.8766],[15.5741,43.8595],[15.5853,43.8554],[15.6415,43.8201],[15.6174,43.8255],[15.633,43.8105],[15.6821,43.7972],[15.7063,43.7634],[15.7242,43.7625],[15.9201,43.5905],[15.9595,43.5382],[15.9681,43.5403],[15.981,43.5257],[15.9735,43.5031],[16.0128,43.504],[16.0396,43.4908],[16.0924,43.4823],[16.441,43.3687],[16.4286,43.3436],[16.4214,43.3176],[16.4215,43.3176],[16.4214,43.3172],[16.4898,43.2859],[16.4996,43.2847],[16.5007,43.2842],[16.564,43.2701],[16.6283,43.2637],[16.7547,43.2665],[16.9169,43.2136],[16.929,43.2097],[17.0302,43.1468],[16.9169,43.1565],[16.8869,43.1591],[16.8644,43.1689],[16.8484,43.1624],[16.7113,43.1741],[16.6943,43.1793],[16.6745,43.1969],[16.6595,43.216],[16.6038,43.2235],[16.5955,43.2205],[16.5719,43.2232],[16.5628,43.229],[16.5205,43.229],[16.5207,43.2288],[16.3746,43.2134],[16.375,43.2132],[16.3748,43.2132],[16.3751,43.2131],[16.3746,43.213],[16.3973,43.2021],[16.3804,43.202],[16.3716,43.1955],[16.4452,43.1708],[16.5393,43.148],[16.551,43.1436],[16.6806,43.1228],[16.9169,43.1191],[17.0788,43.1165],[17.1231,43.089],[17.1489,43.0729],[17.1747,43.0569],[17.2262,43.0249],[17.2274,43.0241],[17.2258,43.0242],[17.221,43.0259],[17.2094,43.0259],[17.1587,43.031],[17.15,43.0303],[17.15,43.025],[17.4,43],[17.5,42.96],[17.62,42.97],[17.6523,43.0055],[17.6593,42.9934],[17.6627,42.9657],[17.6345,42.9504],[17.5807,42.9421],[17.587,42.9387],[17.587,42.9283],[17.5612,42.9338],[17.5612,42.9471],[17.5354,42.9538],[17.5354,42.9272],[17.5733,42.9272],[17.587,42.921],[17.587,42.9005],[17.6127,42.893],[17.6385,42.8854],[17.6385,42.8976],[17.6533,42.8909],[17.6795,42.9157],[17.7016,42.9195],[17.7867,42.9014],[17.8118,42.9099],[17.8262,42.8886],[17.8272,42.8531],[17.8585,42.817],[17.9045,42.8045],[17.9719,42.755],[18.2241,42.6281],[18.3116,42.6012],[18.3387,42.6025],[18.3698,42.5744],[18.4374,42.5592],[18.442,42.543],[18.4364,42.5108],[18.4371,42.4934],[18.4443,42.4779],[18.4677,42.4534],[18.4929,42.4424],[18.4964,42.4163],[18.5103,42.4053],[18.5197,42.4332],[18.5476,42.4291],[18.5452,42.4236],[18.553,42.4136],[18.5781,42.4004],[18.5706,42.393],[18.5949,42.3837],[18.6167,42.3681],[18.6384,42.3703],[18.6532,42.3663],[18.6535,42.3674],[18.7141,42.3377],[18.7145,42.3253],[18.7295,42.3116],[18.7625,42.2912],[18.7786,42.2715],[18.7887,42.276],[18.8136,42.2891],[18.8256,42.2832],[18.8314,42.2775],[18.8332,42.2795],[18.8946,42.2495],[18.9001,42.2449],[18.9017,42.2375],[18.9133,42.2222],[18.9465,42.2038],[18.9811,42.1637],[19.0157,42.1237],[19.0539,42.0795],[19.0976,42.0289],[19.1075,42.0174],[19.161,41.9555],[19.1616,41.9553],[19.1623,41.9479],[19.1703,41.938],[19.2202,41.9189],[19.2679,41.9071],[19.3394,41.8702],[19.3469,41.864],[19.3651,41.8524],[19.3929,41.859],[19.4396,41.8147],[19.468,41.7877],[19.4964,41.7877],[19.4964,41.7848],[19.5223,41.7848],[19.5223,41.8382],[19.5295,41.8357],[19.5266,41.8469],[19.4662,41.8826],[19.4732,41.9139],[19.5474,41.8899],[19.5732,41.9028],[19.5601,41.9387],[19.5913,41.9436],[19.6254,41.9337],[19.6309,41.9104],[19.6754,41.9144],[19.7229,41.8953],[19.751,41.9116],[19.7393,41.9378],[19.7955,41.9465],[19.8415,41.9371],[19.8731,41.9617],[19.9017,41.9689],[19.9433,41.9116],[19.9349,41.8866],[19.9532,41.8762],[20.005,41.88],[20.0236,41.9035],[20.0703,41.9326],[20.0882,41.9631],[20.1723,41.9999],[20.2126,42.0282],[20.2542,42.0176],[20.2672,41.9931],[20.2581,41.9438],[20.2072,41.8992],[20.1907,41.864],[20.1582,41.8394],[20.116,41.8254],[20.159,41.7976],[20.1557,41.7617],[20.0598,41.7324],[20.0247,41.7005],[19.973,41.7042],[19.9465,41.6831],[19.9062,41.7047],[19.8584,41.6929],[19.8135,41.7069],[19.8121,41.6478],[19.8039,41.6291],[19.8208,41.6123],[19.8362,41.5667],[19.8717,41.5333],[19.9111,41.5098],[19.9622,41.4821],[20.0001,41.4271],[20.0641,41.3893],[20.1084,41.4031],[20.16,41.3645],[20.2357,41.3444],[20.2226,41.3265],[20.1689,41.3153],[20.1366,41.2972],[20.1201,41.2732],[20.0692,41.252],[20.0356,41.2543],[19.9712,41.1948],[19.8577,41.159],[19.8337,41.1433],[19.8415,41.1285],[19.809,41.1216],[19.7462,41.1218],[19.7345,41.1022],[19.7029,41.0873],[19.692,41.0537],[19.6709,41.0566],[19.6762,41.031],[19.7234,41.0111],[19.7593,41.0132],[19.8119,40.9995],[19.8022,40.9651],[19.8031,40.9013],[19.8269,40.8772],[19.8672,40.8684],[19.8692,40.8502],[19.8267,40.8489],[19.8124,40.8606],[19.7743,40.8471],[19.7646,40.8125],[19.7319,40.812],[19.7383,40.7812],[19.7608,40.7552],[19.7562,40.7166],[19.7952,40.6976],[19.8322,40.6361],[19.8085,40.6202],[19.8489,40.5686],[19.8993,40.5451],[19.9049,40.5273],[19.881,40.519],[19.8249,40.4719],[19.7906,40.4209],[19.7764,40.423],[19.7943,40.3805],[19.7586,40.3463],[19.8102,40.2954],[19.8401,40.2366],[19.8371,40.2155],[19.8701,40.1934],[19.9394,40.0653],[19.9535,40.0544],[19.9985,40.0598],[20.0413,40.0496],[20.1197,39.9898],[20.1594,39.9735],[20.205,39.9386],[20.2339,39.8921],[20.2398,39.8677],[20.2811,39.8603],[20.2996,39.8051],[20.273,39.7965],[20.2757,39.7601],[20.2995,39.7282],[20.2827,39.7044],[20.249,39.6848],[20.246,39.6629],[20.2042,39.6603],[20.1999,39.6401],[20.1638,39.6443],[20.0893,39.6828],[20.0161,39.7014],[19.9998,39.6935],[20.003,39.6928],[20.003,39.6843],[20.0285,39.6741],[20.0817,39.6527],[20.084,39.6518],[20.1006,39.6403],[20.1624,39.5747],[20.1625,39.5742],[20.1467,39.5707],[20.1336,39.5297],[20.1727,39.5297],[20.2158,39.3405],[20.5789,38.9382],[20.657,38.9382],[20.657,38.8885],[20.683,38.8885],[20.683,38.8795],[20.709,38.8795],[20.709,38.8501],[20.7351,38.8501],[20.7351,38.8207],[20.7184,38.8207],[20.7266,38.7913],[20.7293,38.7817],[20.7292,38.7716],[20.7306,38.7701],[20.7375,38.7619],[20.7624,38.7325],[20.7871,38.7325],[20.7871,38.723],[20.8131,38.723],[20.8131,38.6827],[20.8911,38.6827],[20.8911,38.67],[20.9431,38.67],[20.9431,38.6729],[20.9691,38.6727],[20.9691,38.6424],[20.9624,38.6424],[20.9624,38.6055],[20.9891,38.6055],[20.9891,38.5685],[20.9478,38.5685],[20.9478,38.5129],[20.9633,38.4945],[21.0882,38.3466],[21.0852,38.3436],[21.0914,38.3428],[21.1194,38.3097],[21.1441,38.2165],[21.211,37.9644],[21.1611,37.9314],[21.1336,37.9464],[21.1062,37.8781],[21.1221,37.8374],[21.2273,37.8119],[21.2365,37.808],[21.2558,37.7955],[21.2958,37.6446],[21.3339,37.5634],[21.3912,37.4411],[21.4198,37.38],[21.4341,37.3494],[21.4485,37.3188],[21.6702,36.8457],[21.7004,36.8297],[21.7074,36.818],[21.7642,36.795],[21.7654,36.7953],[21.8637,36.7431],[21.874,36.7267],[21.8834,36.7327],[22.4765,36.4184],[22.4797,36.402],[22.5046,36.4045],[22.5023,36.4109],[23.1538,36.4225],[23.1536,36.4229],[23.1538,36.4229],[23.1472,36.4383],[23.1619,36.4462],[23.1961,36.4325],[23.2036,36.4561],[23.1519,36.4873],[23.1346,36.5076],[23.1482,36.5172],[23.1346,36.5554],[23.0913,36.5745],[23.0849,36.5837],[23.0485,36.6689],[23.0533,36.6883],[23.0594,36.6926],[23.0544,36.6926],[23.0665,36.7415],[23.0886,36.7329],[23.1141,36.7813],[23.0806,36.7888],[23.0956,36.807],[23.0868,36.8291],[23.061,36.8501],[23.0602,36.8544],[23.0071,36.9868],[23.0117,36.9868],[22.9998,37.0333],[22.9564,37.0959],[22.9564,37.124],[22.9401,37.1212],[22.91,37.1786],[22.9116,37.1834],[22.8946,37.2079],[22.8514,37.2902],[22.832,37.3136],[23.091,37.3566],[23.1006,37.3573],[23.1619,37.3164],[23.1686,37.2995],[23.2036,37.3027],[23.186,37.3406],[23.278,37.3498],[23.2513,37.3573],[23.241,37.3706],[23.251,37.3766],[23.313,37.3933],[23.4094,37.4093],[23.4092,37.4097],[23.4094,37.4097],[23.4075,37.413],[23.4418,37.4144],[23.4305,37.4523],[23.373,37.4441],[23.3051,37.451],[23.2757,37.4743],[23.2284,37.4947],[23.179,37.5071],[23.1576,37.5347],[23.187,37.6083],[23.2116,37.5937],[23.2116,37.6209],[23.2612,37.6209],[23.2612,37.6663],[23.259,37.6701],[23.2417,37.7],[23.2245,37.7299],[23.19,37.7896],[23.1824,37.8028],[23.1824,37.8091],[23.1768,37.8125],[23.1146,37.9202],[23.1146,37.9203],[23.1929,37.8978],[23.1929,37.93],[23.1668,37.93],[23.1668,37.9441],[23.1594,37.9405],[23.1108,38.0229],[23.0763,38.0597],[23.0902,38.0625],[23.0902,38.101],[23.0569,38.101],[23.0569,38.1423],[22.9569,38.1423],[22.9569,38.1315],[22.837,38.1315],[22.6,38.25],[22.55,38.33],[22.55,38.52],[22.75,38.58],[23,38.58],[23.15,38.62],[23.3,38.62],[23.42,38.52],[23.5,38.51],[23.5849,38.4845],[23.543,38.5117],[23.5373,38.5067],[23.5318,38.5099],[23.1211,38.8488],[23.126,38.8492],[23.1426,38.8452],[23.2506,38.8018],[23.3304,38.7534],[23.3377,38.739],[23.3816,38.7073],[23.4266,38.6859],[23.4488,38.6693],[23.4531,38.658],[23.4792,38.6422],[23.5003,38.619],[23.5051,38.5974],[23.5401,38.5823],[23.5583,38.579],[23.6151,38.5531],[23.6187,38.5488],[23.6336,38.4984],[23.6056,38.4666],[23.5976,38.4713],[23.593,38.455],[23.62,38.43],[23.665,38.4],[23.74,38.355],[23.755,38.3413],[23.755,38.379],[23.7187,38.4003],[23.7007,38.4108],[23.71,38.4125],[23.7466,38.4053],[23.7582,38.4008],[23.7694,38.4008],[23.779,38.3989],[23.7971,38.4008],[23.8683,38.4008],[23.9124,38.392],[23.9535,38.3961],[24.039,38.3904],[24.0426,38.3748],[24.0584,38.3468],[24.0254,38.3305],[24.0794,38.3254],[24.1047,38.3159],[24.1144,38.2976],[24.1009,38.2753],[24.1094,38.2563],[24.13,38.268],[24.1416,38.2463],[24.1311,38.2358],[24.1661,38.2243],[24.1902,38.2047],[24.1938,38.1508],[24.1952,38.1482],[24.186,38.1274],[24.208,38.1248],[24.2108,38.1197],[24.2108,38.0978],[24.2515,38.0961],[24.2853,38.0775],[24.2922,38.0699],[24.304,38.0673],[24.3162,38.0606],[24.3182,38.0587],[24.327,38.0425],[24.3138,38.0292],[24.3386,37.9967],[24.3718,37.9719],[24.4021,37.9879],[24.3864,37.9965],[24.4203,38.0158],[24.4458,38.005],[24.4587,37.9925],[24.4769,37.9625],[24.5093,37.9626],[24.5667,37.9879],[24.5786,38.0199],[24.5794,38.0206],[24.5796,38.0225],[24.5945,38.0624],[24.5853,38.0762],[24.5902,38.1231],[24.5902,38.1235],[24.5846,38.1289],[24.5877,38.1592],[24.4992,38.1466],[24.4642,38.146],[24.4069,38.1555],[24.3926,38.164],[24.3698,38.1617],[24.3598,38.1634],[24.277,38.2207],[24.2576,38.2605],[24.2525,38.2924],[24.228,38.3211],[24.2194,38.3387],[24.2117,38.3683],[24.2108,38.3777],[24.2086,38.3802],[24.1994,38.416],[24.2039,38.4187],[24.1967,38.4264],[24.1871,38.4634],[24.2122,38.5032],[24.2121,38.5035],[24.2122,38.5036],[24.2106,38.5093],[24.2315,38.5224],[24.2161,38.5395],[24.1798,38.5634],[24.1546,38.5887],[24.1351,38.6358],[24.1556,38.6527],[24.1039,38.6694],[24.1006,38.672],[24.0949,38.6724],[24.0731,38.6794],[24.0057,38.678],[23.9842,38.6862],[23.9771,38.6797],[23.8774,38.6859],[23.742,38.7424],[23.7385,38.7494],[23.7026,38.7651],[23.6932,38.7628],[23.6902,38.764],[23.6362,38.771],[23.5937,38.7875],[23.594,38.7893],[23.5851,38.7909],[23.5552,38.8025],[23.5247,38.8232],[23.4984,38.8321],[23.4706,38.8508],[23.4372,38.9173],[23.4256,38.9543],[23.4174,38.9569],[23.4166,38.9585],[23.3832,38.9829],[23.3816,39.0015],[23.3285,39.023],[23.3122,39.0349],[23.3118,39.0349],[23.31,39.0348],[23.2991,39.0425],[23.273,39.0388],[23.25,39.0295],[23.1679,39.009],[23.138,39.009],[23.0944,38.9879],[23.0911,38.9734],[23.0183,38.9335],[22.9857,38.9604],[22.9967,38.9634],[23.0144,38.9934],[23.1116,39.05],[22.85,39.05],[22.85,39.45],[23.1441,39.45],[23.1074,39.4873],[23.1018,39.4974],[23.0559,39.5272],[23.024,39.5373],[22.9774,39.5643],[22.9198,39.6286],[22.8664,39.7393],[22.8587,39.7733],[22.8403,39.8034],[22.8011,39.8403],[22.7877,39.8479],[22.777,39.8583],[22.7623,39.8977],[22.7437,39.9475],[22.7105,39.9475],[22.7159,40.022],[22.7065,40.0471],[22.632,40.2463],[22.6283,40.2563],[22.7422,40.3901],[22.75,40.5],[22.75,40.75],[23.2,40.82],[23.65,40.85],[23.9373,40.8021],[23.9429,40.8031],[24.0161,40.8451],[24.0372,40.8696],[24.1077,40.9146],[24.1217,40.9539],[24.1178,40.9958],[24.0472,41.0362],[24.0064,41.0778],[23.9695,41.0775],[23.9511,41.0635],[23.9203,41.0871],[23.8676,41.0972],[23.816,41.1265],[23.7563,41.1816],[23.7089,41.213],[23.7016,41.2277],[23.7187,41.2804],[23.6341,41.3113],[23.6192,41.3547],[23.6248,41.3771],[23.6529,41.3976],[23.7054,41.4032],[23.7544,41.4007],[23.7771,41.429],[23.8677,41.4455],[23.8948,41.4643],[23.9499,41.4376],[24.0007,41.4641],[24.0459,41.4555],[24.0525,41.4715],[24.0473,41.5257],[24.0766,41.536],[24.1463,41.5268],[24.1628,41.512],[24.1977,41.5477],[24.0779,41.624],[24.1231,41.6546],[24.0726,41.6863],[24.042,41.7104],[23.9282,41.769],[23.9055,41.7965],[23.8682,41.7954],[23.8217,41.8238],[23.7957,41.8609],[23.7896,41.906],[23.7625,41.9399],[23.7666,41.9765],[23.7919,42.0207],[23.8205,42.0453],[23.8013,42.0627],[23.8133,42.0962],[23.8096,42.1329],[23.7726,42.1582],[23.7631,42.1776],[23.7957,42.1887],[23.8009,42.2113],[23.8481,42.2257],[23.8806,42.2615],[23.8885,42.2907],[23.9125,42.296],[23.9581,42.268],[23.9741,42.2833],[23.9415,42.3468],[23.9594,42.3923],[24.0384,42.408],[24.0547,42.445],[24.0387,42.4649],[23.9881,42.4587],[23.9214,42.5075],[23.8981,42.547],[23.904,42.5695],[23.9614,42.5793],[24.0347,42.5534],[24.0815,42.5729],[24.1296,42.5816],[24.1575,42.6107],[24.2289,42.6297],[24.285,42.6213],[24.3018,42.588],[24.3504,42.5652],[24.4082,42.5621],[24.4418,42.5632],[24.4683,42.5771],[24.473,42.5993],[24.4472,42.6126],[24.4163,42.645],[24.3731,42.6617],[24.3602,42.7074],[24.3967,42.7549],[24.3325,42.7578],[24.2852,42.7797],[24.1586,42.7809],[24.1386,42.8036],[24.1521,42.8438],[24.1514,42.9087],[24.1293,42.9358],[24.0906,42.9423],[24.0447,42.9788],[24.046,43.0204],[24.0062,43.0602],[23.9775,43.0599],[23.9356,43.0278],[23.9023,43.0428],[23.8035,43.0561],[23.766,43.0679],[23.7167,43.0346],[23.6654,43.0283],[23.6344,43.053],[23.5526,43.0092],[23.4936,43.0706],[23.4352,43.1082],[23.4346,43.1281],[23.4698,43.1369],[23.4314,43.162],[23.3989,43.1629],[23.3627,43.1337],[23.3181,43.1208],[23.2861,43.1292],[23.2203,43.1112],[23.1273,43.1172],[23.1011,43.1318],[23.0289,43.1949],[22.9829,43.1873],[22.9814,43.199],[22.9155,43.2122],[22.8838,43.2306],[22.8332,43.2746],[22.8045,43.329],[22.7243,43.3861],[22.6589,43.4013],[22.6285,43.4283],[22.5868,43.4344],[22.5658,43.4533],[22.5189,43.4742],[22.4785,43.5592],[22.4814,43.6006],[22.4729,43.6359],[22.4559,43.6564],[22.4265,43.6682],[22.3905,43.7124],[22.3885,43.7583],[22.3626,43.7808],[22.3495,43.8079],[22.3771,43.8835],[22.379,43.9135],[22.3945,43.9363],[22.3996,43.9933],[22.4118,44.0069],[22.4659,44.0176],[22.5037,44.0199],[22.5342,44.0572],[22.593,44.0639],[22.6047,44.0794],[22.5991,44.1303],[22.6062,44.1746],[22.6488,44.214],[22.6916,44.2284],[22.6895,44.2917],[22.6815,44.3053],[22.5828,44.3284],[22.5494,44.349],[22.5051,44.4041],[22.501,44.4419],[22.477,44.464],[22.4841,44.4998],[22.5355,44.5075],[22.5567,44.5215],[22.5656,44.5554],[22.6212,44.5692],[22.7001,44.5418],[22.7417,44.5519],[22.7652,44.5828],[22.7001,44.6306],[22.6212,44.6374],[22.5533,44.6692],[22.4837,44.724],[22.4261,44.7337],[22.3807,44.7005],[22.3197,44.6853],[22.1851,44.5151],[22.1482,44.5009],[22.1043,44.5096],[22.0763,44.5507],[22.0452,44.5692],[22.0362,44.5895],[22.0342,44.5962],[22.0043,44.6515],[21.8554,44.6985],[21.7568,44.6773],[21.7052,44.6771],[21.6563,44.6877],[21.6197,44.7139],[21.5956,44.766],[21.5584,44.7817],[21.4972,44.778],[21.3959,44.7902],[21.3598,44.8267],[21.2695,44.8137],[21.1888,44.7782],[21.1638,44.7478],[21.1123,44.7448],[21.0779,44.7265],[21.0368,44.722],[20.9896,44.7168],[20.8832,44.6727],[20.8265,44.6609],[20.7948,44.6647],[20.7715,44.6163],[20.7815,44.5876],[20.8064,44.5632],[20.7371,44.533],[20.7641,44.496],[20.8211,44.464],[20.8376,44.4415],[20.8191,44.4159],[20.7759,44.4228],[20.7567,44.416],[20.7315,44.3785],[20.7579,44.3511],[20.787,44.3448],[20.7676,44.3312],[20.772,44.2978],[20.7314,44.3227],[20.6846,44.3347],[20.6498,44.3218],[20.623,44.3398],[20.6065,44.3737],[20.5431,44.3556],[20.5379,44.3857],[20.4838,44.3989],[20.4422,44.4189],[20.4095,44.4026],[20.3996,44.3821],[20.4312,44.3603],[20.4003,44.3247],[20.3891,44.2943],[20.4154,44.2841],[20.4231,44.2418],[20.3975,44.2046],[20.3791,44.2],[20.3685,44.1737],[20.3396,44.1682],[20.328,44.1472],[20.2885,44.1229],[20.2292,44.1116],[20.1743,44.1113],[20.1291,44.0967],[20.1246,44.0737],[20.062,44.0853],[20.0095,44.1042],[19.9778,44.0756],[19.9508,44.0793],[19.9061,44.1029],[19.9082,44.1212],[19.861,44.1288],[19.8264,44.1053],[19.796,44.1213],[19.7739,44.1124],[19.8064,44.0835],[19.8109,44.0602],[19.7812,44.0535],[19.7413,44.1045],[19.6755,44.1251],[19.6593,44.1374],[19.6182,44.1437],[19.6093,44.1233],[19.546,44.1138],[19.5162,44.0912],[19.4764,44.127],[19.4597,44.1527],[19.4426,44.1432],[19.3624,44.1912],[19.354,44.2243],[19.3243,44.264],[19.2959,44.2758],[19.2637,44.2702],[19.1772,44.287],[19.1389,44.3093],[19.1167,44.3437],[19.1072,44.3827],[19.1414,44.4308],[19.1434,44.4582],[19.1299,44.5183],[19.1796,44.5383],[19.1863,44.5693],[19.2557,44.6456],[19.2776,44.6849],[19.3084,44.7051],[19.3284,44.734],[19.3637,44.8546],[19.3766,44.863],[19.357,44.8959],[19.3102,44.9124],[19.2395,44.9151],[19.2019,44.9084],[19.1743,44.9254],[19.0846,44.879],[19.0158,44.8656],[18.9749,44.8628],[18.8896,44.8612],[18.8587,44.8685],[18.8421,44.8762],[18.8178,44.8875],[18.7834,44.9137],[18.7726,44.9425],[18.8046,44.9738],[18.789,45.0057],[18.7501,45.0122],[18.7263,45.0261],[18.689,45.0802],[18.6661,45.083],[18.6581,45.0663],[18.6405,45.0654],[18.6167,45.0977],[18.5348,45.0884],[18.5411,45.0553],[18.517,45.0559],[18.4817,45.0669],[18.4518,45.085],[18.412,45.1124],[18.3929,45.1186],[18.3223,45.1229],[18.262,45.1507],[18.2379,45.1575],[18.2023,45.1441],[18.1993,45.119],[18.1749,45.1008],[18.1437,45.0977],[18.0903,45.108],[18.0191,45.1494],[17.9885,45.1438],[17.9277,45.092],[17.9026,45.0778],[17.8357,45.0644],[17.7975,45.082],[17.7657,45.111],[17.7145,45.152],[17.6847,45.164],[17.63,45.1573],[17.5724,45.1204],[17.4893,45.1163],[17.4962,45.1417],[17.4478,45.1343],[17.4341,45.1486],[17.3824,45.1396],[17.269,45.1895],[17.2455,45.1554],[17.1871,45.1486],[17.1246,45.1691],[17.0557,45.2004],[17.0363,45.2305],[17.0083,45.2162],[16.9612,45.2509],[16.9473,45.2357],[16.9244,45.2845],[16.8307,45.217],[16.8242,45.1891],[16.7863,45.1788],[16.587,45.2209],[16.5289,45.2223],[16.4819,45.1995],[16.4355,45.1329],[16.3818,45.1076],[16.382,45.0837],[16.346,45.02],[16.3162,45.0012],[16.2793,45.0072],[16.213,45.0315],[16.1041,45.1125],[16.0675,45.1696],[16.0244,45.1843],[16.0292,45.205],[16.0085,45.2182],[15.8789,45.2172],[15.8248,45.211],[15.8026,45.1965],[15.7617,45.21],[15.7049,45.2009],[15.6394,45.2107],[15.6312,45.2395],[15.6616,45.2681],[15.6564,45.2851],[15.6639,45.3396],[15.6796,45.3488],[15.6651,45.3766],[15.6723,45.3982],[15.6568,45.4152],[15.6765,45.4252],[15.716,45.4208],[15.7799,45.3951],[15.8141,45.3987],[15.8372,45.4363],[15.8425,45.4659],[15.8129,45.5234],[15.7799,45.5225],[15.7392,45.5589],[15.7474,45.5952],[15.7316,45.5886],[15.6633,45.6049],[15.6264,45.6214],[15.5936,45.6205],[15.5756,45.6024],[15.5137,45.6324],[15.5131,45.6473],[15.4738,45.6618],[15.4209,45.6953],[15.3829,45.6904],[15.35,45.6696],[15.3683,45.649],[15.3738,45.6402],[15.3531,45.6403],[15.3267,45.6323],[15.2974,45.6257],[15.2879,45.6103],[15.2686,45.6017],[15.2696,45.5934],[15.2822,45.5715],[15.2967,45.523],[15.311,45.5059],[15.3614,45.482],[15.3339,45.4585],[15.314,45.4505],[15.2816,45.451],[15.2258,45.4365],[15.1842,45.4256],[15.1393,45.43],[15.0661,45.4739],[15.0562,45.4799],[15.0074,45.4808],[14.9773,45.4917],[14.9626,45.4931],[14.9454,45.5045],[14.9226,45.5149],[14.9044,45.5144],[14.9008,45.4931],[14.8816,45.4698],[14.8388,45.459],[14.7972,45.4652],[14.7815,45.4931],[14.6883,45.522],[14.6685,45.534],[14.6717,45.5568],[14.6637,45.5702],[14.6503,45.5748],[14.616,45.5941],[14.6031,45.6036],[14.5939,45.6162],[14.5941,45.648],[14.5919,45.6634],[14.5809,45.6678],[14.5691,45.6643],[14.5561,45.6567],[14.5436,45.6364],[14.4986,45.5962],[14.4915,45.5792],[14.4821,45.5424],[14.4689,45.5256],[14.4112,45.4932],[14.3728,45.4778],[14.3268,45.4749],[14.2804,45.4811],[14.2187,45.4972],[14.1455,45.4762],[14.1173,45.473]],[[20.96,39.15],[21,39.25],[21.1601,39.5701],[21.1661,39.5652],[21.169,39.5102],[21.1531,39.4847],[21.1749,39.4521],[21.1787,39.4189],[21.226,39.3888],[21.2403,39.3543],[21.2752,39.3337],[21.3459,39.3308],[21.3851,39.2797],[21.3331,39.2012],[21.3623,39.1539],[21.3398,39.1484],[21.2865,39.1138],[21.2294,39.096],[21.1048,39.0942],[21.0692,39.0766],[21.0603,39.039],[21.0506,39.0318],[21.0969,39.0318],[21.0969,39.0006],[21.099,39.0006],[21.099,38.9694],[21.0373,38.9694],[21.0373,38.9713],[20.9755,38.9713],[20.9755,38.9745],[20.9623,38.9745],[21,39.05],[20.96,39.15]],[[22.7096,39.935],[22.7098,39.9378],[22.7098,39.935],[22.7096,39.935]]],[[[14.2777,45.128],[14.2874,45.1011],[14.3161,45.0766],[14.3405,45.0202],[14.3405,44.9807],[14.303,44.9428],[14.3015,44.9434],[14.3009,44.9407],[14.3009,44.9406],[14.2942,44.9086],[14.3141,44.8938],[14.3298,44.8339],[14.3544,44.8201],[14.3648,44.8004],[14.3745,44.7539],[14.3894,44.7524],[14.3961,44.734],[14.3945,44.7076],[14.4279,44.6566],[14.473,44.6203],[14.5204,44.6215],[14.5139,44.6622],[14.4778,44.7019],[14.4724,44.7135],[14.4739,44.7545],[14.4615,44.7795],[14.4593,44.8018],[14.4666,44.8048],[14.4555,44.8396],[14.4525,44.8694],[14.4626,44.9401],[14.471,44.9539],[14.4661,44.9837],[14.4467,44.9873],[14.3949,45.031],[14.3697,45.0814],[14.3636,45.1302],[14.3641,45.1576],[14.3593,45.1646],[14.3589,45.1682],[14.3585,45.1682],[14.3571,45.168],[14.3562,45.1693],[14.3137,45.1724],[14.295,45.1494],[14.2865,45.1456],[14.2866,45.1453],[14.2865,45.1452],[14.2883,45.1411],[14.2777,45.128]]],[[[14.6579,44.7988],[14.6649,44.7931],[14.6789,44.7702],[14.6977,44.7667],[14.6995,44.7652],[14.7061,44.7651],[14.7617,44.7546],[14.806,44.7357],[14.8496,44.7032],[14.8502,44.7169],[14.8553,44.7147],[14.8552,44.7149],[14.8557,44.7147],[14.8554,44.7152],[14.8557,44.7151],[14.8506,44.7239],[14.8512,44.7373],[14.8224,44.7714],[14.8112,44.7771],[14.7657,44.821],[14.7549,44.8453],[14.7464,44.8457],[14.739,44.8534],[14.7325,44.8465],[14.6901,44.8487],[14.6897,44.8487],[14.6883,44.8468],[14.6858,44.8472],[14.6873,44.8454],[14.6717,44.8244],[14.6609,44.8001],[14.661,44.7999],[14.6609,44.7997],[14.6618,44.7983],[14.6579,44.7988]]],[[[14.7401,44.6973],[14.7513,44.6801],[14.7615,44.6586],[14.8093,44.6177],[14.8841,44.5445],[14.9072,44.4972],[14.8975,44.4909],[14.9158,44.4837],[14.9957,44.4334],[15.039,44.3935],[15.0966,44.3588],[15.1071,44.3506],[15.1104,44.3463],[15.0967,44.34],[15.1288,44.312],[15.1724,44.2991],[15.1309,44.3264],[15.1368,44.3275],[15.1614,44.3084],[15.1616,44.3086],[15.1618,44.3084],[15.1761,44.3242],[15.1989,44.317],[15.2271,44.3264],[15.2061,44.3441],[15.2122,44.3466],[15.2137,44.3468],[15.2351,44.3362],[15.2544,44.34],[15.2394,44.3499],[15.241,44.3501],[15.2407,44.3503],[15.2408,44.3503],[15.2406,44.3504],[15.241,44.3505],[15.1434,44.4164],[15.1005,44.4489],[15.0514,44.4938],[15.0755,44.4841],[15.0412,44.5275],[15.0051,44.5358],[15.0018,44.5382],[14.9663,44.5734],[14.9041,44.61],[14.9004,44.6099],[14.8989,44.6109],[14.8557,44.6179],[14.8053,44.6491],[14.7846,44.6646],[14.78,44.6695],[14.7412,44.7016],[14.7444,44.6947],[14.7405,44.6977],[14.7409,44.6971],[14.7401,44.6977],[14.7406,44.6969],[14.7401,44.6973]]],[[[14.8496,44.1756],[14.8701,44.1408],[14.9044,44.1145],[15.0421,43.9914],[15.0428,43.9904],[15.1066,43.9254],[15.1365,43.903],[15.1386,43.9079],[15.1508,43.9108],[15.1844,43.9016],[15.1955,43.8952],[15.1985,43.8977],[15.201,43.897],[15.201,43.8971],[15.2014,43.897],[15.2029,43.9013],[15.2168,43.9128],[15.1764,43.9334],[15.0266,44.0571],[15.0227,44.0722],[14.9906,44.0868],[14.9529,44.1179],[14.9403,44.1252],[14.9391,44.1271],[14.9102,44.1428],[14.8665,44.1682],[14.8667,44.1678],[14.8661,44.1682],[14.8665,44.1676],[14.8661,44.1678],[14.8671,44.1661],[14.8496,44.1756]]],[[[15.0625,44.1619],[15.0655,44.1573],[15.0646,44.1578],[15.0648,44.1575],[15.0642,44.1578],[15.0645,44.1572],[15.0642,44.1574],[15.075,44.1383],[15.0821,44.1314],[15.0871,44.1237],[15.1218,44.0922],[15.1891,44.0478],[15.2061,44.049],[15.2431,44.0297],[15.2544,44.0179],[15.2471,44.0467],[15.2303,44.0621],[15.2302,44.0623],[15.2298,44.0625],[15.2258,44.0662],[15.0625,44.1619]]],[[[15.2612,44.0111],[15.3027,43.9664],[15.3066,43.9642],[15.309,43.9612],[15.3579,43.9259],[15.3587,43.9194],[15.4071,43.8961],[15.4461,43.8875],[15.4387,43.8988],[15.439,43.8987],[15.4385,43.8992],[15.439,43.8991],[15.4372,43.9011],[15.4188,43.9291],[15.4058,43.9354],[15.3883,43.9545],[15.384,43.9702],[15.3719,43.9724],[15.3706,43.9738],[15.323,43.991],[15.2964,44.0056],[15.2724,44.0093],[15.2698,44.0103],[15.27,44.0101],[15.2694,44.0103],[15.2697,44.0098],[15.2694,44.0099],[15.2695,44.0098],[15.2612,44.0111]]],[[[23.5978,38.4723],[23.6013,38.4739],[23.5988,38.4756],[23.5978,38.4723]]],[[[23.7556,38.3407],[23.7589,38.3377],[23.7668,38.3416],[23.7556,38.3407]]]]}},
{"type":"Feature","properties":{"entityId":"south-slavic-principalities","from":783,"to":800,"certainty":"estimated","source":"유럽 쪽은 Natural Earth 1:10m admin-1(v5.1.2) 현대 행정구역 조각을 그 시기 국경에 맞춰 묶고, 조각이 역사 경계와 다른 곳은 선을 그어 나눈 근사. 유럽 밖(시베리아·중앙아시아·극동)은 대략적인 추정. 운영자 검수 필요"},"geometry":{"type":"MultiPolygon","coordinates":[[[[14.1173,45.473],[14.1389,45.4343],[14.2036,45.4039],[14.1995,45.3756],[14.2105,45.3278],[14.1946,45.275],[14.2026,45.1716],[14.2347,45.1546],[14.2477,45.1865],[14.2535,45.2235],[14.2551,45.2297],[14.258,45.2339],[14.5334,45.1666],[14.5213,45.1488],[14.5227,45.1465],[14.4897,45.1279],[14.4671,45.1241],[14.4652,45.1142],[14.4377,45.0987],[14.4379,45.0984],[14.4377,45.0983],[14.4407,45.093],[14.4251,45.0873],[14.4601,45.0524],[14.5105,45.0322],[14.5907,45.0233],[14.5997,45.0268],[14.6141,45.0254],[14.6282,44.9949],[14.6289,44.9782],[14.6824,44.9584],[14.6861,44.956],[14.6864,44.9561],[14.6865,44.956],[14.6882,44.9563],[14.7234,44.9433],[14.7568,44.9487],[14.7487,44.9666],[14.8089,44.9768],[14.815,44.9775],[14.7998,45.0052],[14.7744,45.0218],[14.7405,45.0657],[14.7404,45.0658],[14.7405,45.0731],[14.7283,45.0732],[14.7009,45.09],[14.6669,45.1318],[14.6676,45.1339],[14.8374,45.0924],[14.8553,45.081],[14.8598,45.0713],[14.9022,44.9791],[14.9057,44.9717],[14.8937,44.8869],[14.8838,44.8615],[14.8838,44.7888],[14.8895,44.7626],[14.8923,44.733],[14.8838,44.7236],[14.9014,44.6902],[15.0013,44.5785],[15.0444,44.5553],[15.1305,44.4894],[15.155,44.4667],[15.2938,44.3648],[15.308,44.3544],[15.3501,44.3399],[15.3562,44.3378],[15.3771,44.3186],[15.3769,44.3185],[15.3307,44.3014],[15.3086,44.3093],[15.2612,44.3326],[15.3027,44.2991],[15.2883,44.2897],[15.2838,44.2897],[15.2448,44.2772],[15.1981,44.3017],[15.2078,44.2728],[15.2073,44.2724],[15.183,44.2724],[15.1653,44.2679],[15.1576,44.2803],[15.1104,44.2644],[15.1219,44.2564],[15.1218,44.2564],[15.1573,44.2098],[15.1445,44.1955],[15.2127,44.1483],[15.2129,44.131],[15.2783,44.0856],[15.3195,44.0452],[15.3581,44.0257],[15.4661,43.9217],[15.492,43.9158],[15.4998,43.9092],[15.5387,43.8847],[15.5469,43.8766],[15.5741,43.8595],[15.5853,43.8554],[15.6415,43.8201],[15.6174,43.8255],[15.633,43.8105],[15.6821,43.7972],[15.7063,43.7634],[15.7242,43.7625],[15.9201,43.5905],[15.9595,43.5382],[15.9681,43.5403],[15.981,43.5257],[15.9735,43.5031],[16.0128,43.504],[16.0396,43.4908],[16.0924,43.4823],[16.441,43.3687],[16.4286,43.3436],[16.4214,43.3176],[16.4215,43.3176],[16.4214,43.3172],[16.4898,43.2859],[16.4996,43.2847],[16.5007,43.2842],[16.564,43.2701],[16.6283,43.2637],[16.7547,43.2665],[16.9169,43.2136],[16.929,43.2097],[17.0302,43.1468],[16.9169,43.1565],[16.8869,43.1591],[16.8644,43.1689],[16.8484,43.1624],[16.7113,43.1741],[16.6943,43.1793],[16.6745,43.1969],[16.6595,43.216],[16.6038,43.2235],[16.5955,43.2205],[16.5719,43.2232],[16.5628,43.229],[16.5205,43.229],[16.5207,43.2288],[16.3746,43.2134],[16.375,43.2132],[16.3748,43.2132],[16.3751,43.2131],[16.3746,43.213],[16.3973,43.2021],[16.3804,43.202],[16.3716,43.1955],[16.4452,43.1708],[16.5393,43.148],[16.551,43.1436],[16.6806,43.1228],[16.9169,43.1191],[17.0788,43.1165],[17.1231,43.089],[17.1489,43.0729],[17.1747,43.0569],[17.2262,43.0249],[17.2274,43.0241],[17.2258,43.0242],[17.221,43.0259],[17.2094,43.0259],[17.1587,43.031],[17.15,43.0303],[17.15,43.025],[17.4,43],[17.5,42.96],[17.62,42.97],[17.6523,43.0055],[17.6593,42.9934],[17.6627,42.9657],[17.6345,42.9504],[17.5807,42.9421],[17.587,42.9387],[17.587,42.9283],[17.5612,42.9338],[17.5612,42.9471],[17.5354,42.9538],[17.5354,42.9272],[17.5733,42.9272],[17.587,42.921],[17.587,42.9005],[17.6127,42.893],[17.6385,42.8854],[17.6385,42.8976],[17.6533,42.8909],[17.6795,42.9157],[17.7016,42.9195],[17.7867,42.9014],[17.8118,42.9099],[17.8262,42.8886],[17.8272,42.8531],[17.8585,42.817],[17.9045,42.8045],[17.9719,42.755],[18.2241,42.6281],[18.3116,42.6012],[18.3387,42.6025],[18.3698,42.5744],[18.4374,42.5592],[18.442,42.543],[18.4364,42.5108],[18.4371,42.4934],[18.4443,42.4779],[18.4677,42.4534],[18.4929,42.4424],[18.4964,42.4163],[18.5103,42.4053],[18.5197,42.4332],[18.5476,42.4291],[18.5452,42.4236],[18.553,42.4136],[18.5781,42.4004],[18.5706,42.393],[18.5949,42.3837],[18.6167,42.3681],[18.6384,42.3703],[18.6532,42.3663],[18.6535,42.3674],[18.7141,42.3377],[18.7145,42.3253],[18.7295,42.3116],[18.7625,42.2912],[18.7786,42.2715],[18.7887,42.276],[18.8136,42.2891],[18.8256,42.2832],[18.8314,42.2775],[18.8332,42.2795],[18.8946,42.2495],[18.9001,42.2449],[18.9017,42.2375],[18.9133,42.2222],[18.9465,42.2038],[18.9811,42.1637],[19.0157,42.1237],[19.0539,42.0795],[19.0976,42.0289],[19.1075,42.0174],[19.161,41.9555],[19.1616,41.9553],[19.1623,41.9479],[19.1703,41.938],[19.2202,41.9189],[19.2679,41.9071],[19.3394,41.8702],[19.3469,41.864],[19.3651,41.8524],[19.3929,41.859],[19.4396,41.8147],[19.468,41.7877],[19.4964,41.7877],[19.4964,41.7848],[19.5223,41.7848],[19.5223,41.8382],[19.5295,41.8357],[19.5266,41.8469],[19.4662,41.8826],[19.4732,41.9139],[19.5474,41.8899],[19.5732,41.9028],[19.5601,41.9387],[19.5913,41.9436],[19.6254,41.9337],[19.6309,41.9104],[19.6754,41.9144],[19.7229,41.8953],[19.751,41.9116],[19.7393,41.9378],[19.7955,41.9465],[19.8415,41.9371],[19.8731,41.9617],[19.9017,41.9689],[19.9433,41.9116],[19.9349,41.8866],[19.9532,41.8762],[20.005,41.88],[20.0236,41.9035],[20.0703,41.9326],[20.0882,41.9631],[20.1723,41.9999],[20.2126,42.0282],[20.2542,42.0176],[20.2672,41.9931],[20.2581,41.9438],[20.2072,41.8992],[20.1907,41.864],[20.1582,41.8394],[20.116,41.8254],[20.159,41.7976],[20.1557,41.7617],[20.0598,41.7324],[20.0247,41.7005],[19.973,41.7042],[19.9465,41.6831],[19.9062,41.7047],[19.8584,41.6929],[19.8135,41.7069],[19.8121,41.6478],[19.8039,41.6291],[19.8208,41.6123],[19.8362,41.5667],[19.8717,41.5333],[19.9111,41.5098],[19.9622,41.4821],[20.0001,41.4271],[20.0641,41.3893],[20.1084,41.4031],[20.16,41.3645],[20.2357,41.3444],[20.2226,41.3265],[20.1689,41.3153],[20.1366,41.2972],[20.1201,41.2732],[20.0692,41.252],[20.0356,41.2543],[19.9712,41.1948],[19.8577,41.159],[19.8337,41.1433],[19.8415,41.1285],[19.809,41.1216],[19.7462,41.1218],[19.7345,41.1022],[19.7029,41.0873],[19.692,41.0537],[19.6709,41.0566],[19.6762,41.031],[19.7234,41.0111],[19.7593,41.0132],[19.8119,40.9995],[19.8022,40.9651],[19.8031,40.9013],[19.8269,40.8772],[19.8672,40.8684],[19.8692,40.8502],[19.8267,40.8489],[19.8124,40.8606],[19.7743,40.8471],[19.7646,40.8125],[19.7319,40.812],[19.7383,40.7812],[19.7608,40.7552],[19.7562,40.7166],[19.7952,40.6976],[19.8322,40.6361],[19.8085,40.6202],[19.8489,40.5686],[19.8993,40.5451],[19.9049,40.5273],[19.881,40.519],[19.8249,40.4719],[19.7906,40.4209],[19.7764,40.423],[19.7943,40.3805],[19.7586,40.3463],[19.8102,40.2954],[19.8401,40.2366],[19.8371,40.2155],[19.8701,40.1934],[19.9394,40.0653],[19.9535,40.0544],[19.9985,40.0598],[20.0413,40.0496],[20.1197,39.9898],[20.1594,39.9735],[20.205,39.9386],[20.2339,39.8921],[20.2398,39.8677],[20.2811,39.8603],[20.2996,39.8051],[20.3716,39.7843],[20.389,39.7981],[20.393,39.8355],[20.3469,39.8943],[20.318,39.9184],[20.303,39.9791],[20.31,39.9899],[20.3765,39.9937],[20.4004,40.0453],[20.4328,40.0638],[20.466,40.0608],[20.4999,40.0715],[20.5778,40.0673],[20.6154,40.081],[20.6476,40.094],[20.6682,40.1381],[20.6599,40.1727],[20.6853,40.1912],[20.6964,40.2151],[20.6946,40.2556],[20.707,40.2881],[20.7396,40.3092],[20.7732,40.299],[20.8064,40.3199],[20.8439,40.3266],[20.8784,40.2653],[20.9208,40.225],[20.9479,40.1809],[20.9608,40.1384],[20.9323,40.087],[20.9482,40.077],[20.9611,40.0345],[20.9879,40.0068],[21.027,40.0215],[21.0429,40.0115],[21.0403,39.9817],[21.0139,39.941],[21.0453,39.9182],[21.0588,39.862],[21.0779,39.8325],[21.0949,39.8277],[21.1892,39.8496],[21.2249,39.8482],[21.2906,39.8186],[21.2912,39.8048],[21.3217,39.7958],[21.3834,39.8158],[21.4067,39.8404],[21.4655,39.8635],[21.6134,39.8485],[21.7133,39.8282],[21.7489,39.8266],[21.8237,39.8394],[21.8762,39.8329],[21.892,39.8556],[21.8792,39.9119],[21.8465,39.9269],[21.9144,39.9733],[21.9541,39.9903],[21.9841,40.0441],[22.0323,40.082],[22.0948,40.1674],[22.099,40.2025],[22.1521,40.2287],[22.1552,40.2585],[22.1711,40.2812],[22.1242,40.298],[22.1084,40.3411],[22.075,40.3699],[22.0663,40.4121],[22.0103,40.4053],[21.9932,40.4266],[21.9237,40.4571],[21.8706,40.5129],[21.883,40.5525],[21.8564,40.5804],[21.8552,40.6079],[21.8795,40.6516],[21.8576,40.6515],[21.7458,40.6733],[21.7693,40.7307],[21.7349,40.7403],[21.6992,40.8268],[21.7354,40.8252],[21.7929,40.8375],[21.8131,40.8624],[21.7638,40.8876],[21.7571,40.9225],[21.7781,40.9337],[21.7837,40.9642],[21.8313,40.9935],[21.845,41.0124],[21.8807,41.0384],[21.8963,41.0647],[21.9012,41.0908],[21.9255,41.1068],[21.9651,41.1244],[22.0291,41.1386],[22.0482,41.1519],[22.1034,41.1215],[22.1603,41.1519],[22.2136,41.1607],[22.3026,41.1455],[22.3067,41.1284],[22.3802,41.1317],[22.4218,41.1146],[22.4675,41.115],[22.5007,41.1221],[22.5492,41.1185],[22.5866,41.1241],[22.6073,41.136],[22.6245,41.1526],[22.6259,41.1698],[22.6293,41.1771],[22.6445,41.1802],[22.6572,41.177],[22.6741,41.1566],[22.6919,41.1446],[22.7049,41.1397],[22.7158,41.1456],[22.7272,41.1658],[22.7367,41.2044],[22.7409,41.2836],[22.742,41.287],[22.7513,41.3152],[22.7623,41.3225],[22.781,41.3349],[22.7968,41.337],[22.826,41.341],[22.917,41.3358],[23.1152,41.3127],[23.1797,41.3214],[23.1995,41.333],[23.2098,41.3686],[23.2466,41.3897],[23.2877,41.3982],[23.326,41.3693],[23.3472,41.3712],[23.4145,41.3999],[23.513,41.3977],[23.579,41.372],[23.6248,41.3771],[23.6529,41.3976],[23.7054,41.4032],[23.7544,41.4007],[23.7771,41.429],[23.8677,41.4455],[23.8948,41.4643],[23.9499,41.4376],[24.0007,41.4641],[24.0459,41.4555],[24.0525,41.4715],[24.0473,41.5257],[24.0766,41.536],[24.1463,41.5268],[24.1628,41.512],[24.1977,41.5477],[24.0779,41.624],[24.1231,41.6546],[24.0726,41.6863],[24.042,41.7104],[23.9282,41.769],[23.9055,41.7965],[23.8682,41.7954],[23.8217,41.8238],[23.7957,41.8609],[23.7896,41.906],[23.7625,41.9399],[23.7666,41.9765],[23.7919,42.0207],[23.8205,42.0453],[23.8013,42.0627],[23.8133,42.0962],[23.8096,42.1329],[23.7726,42.1582],[23.7631,42.1776],[23.7957,42.1887],[23.8009,42.2113],[23.8481,42.2257],[23.8806,42.2615],[23.8885,42.2907],[23.9125,42.296],[23.9581,42.268],[23.9741,42.2833],[23.9415,42.3468],[23.9594,42.3923],[24.0384,42.408],[24.0547,42.445],[24.0387,42.4649],[23.9881,42.4587],[23.9214,42.5075],[23.8981,42.547],[23.904,42.5695],[23.9614,42.5793],[24.0347,42.5534],[24.0815,42.5729],[24.1296,42.5816],[24.1575,42.6107],[24.2289,42.6297],[24.285,42.6213],[24.3018,42.588],[24.3504,42.5652],[24.4082,42.5621],[24.4418,42.5632],[24.4683,42.5771],[24.473,42.5993],[24.4472,42.6126],[24.4163,42.645],[24.3731,42.6617],[24.3602,42.7074],[24.3967,42.7549],[24.3325,42.7578],[24.2852,42.7797],[24.1586,42.7809],[24.1386,42.8036],[24.1521,42.8438],[24.1514,42.9087],[24.1293,42.9358],[24.0906,42.9423],[24.0447,42.9788],[24.046,43.0204],[24.0062,43.0602],[23.9775,43.0599],[23.9356,43.0278],[23.9023,43.0428],[23.8035,43.0561],[23.766,43.0679],[23.7167,43.0346],[23.6654,43.0283],[23.6344,43.053],[23.5526,43.0092],[23.4936,43.0706],[23.4352,43.1082],[23.4346,43.1281],[23.4698,43.1369],[23.4314,43.162],[23.3989,43.1629],[23.3627,43.1337],[23.3181,43.1208],[23.2861,43.1292],[23.2203,43.1112],[23.1273,43.1172],[23.1011,43.1318],[23.0289,43.1949],[22.9829,43.1873],[22.9814,43.199],[22.9155,43.2122],[22.8838,43.2306],[22.8332,43.2746],[22.8045,43.329],[22.7243,43.3861],[22.6589,43.4013],[22.6285,43.4283],[22.5868,43.4344],[22.5658,43.4533],[22.5189,43.4742],[22.4785,43.5592],[22.4814,43.6006],[22.4729,43.6359],[22.4559,43.6564],[22.4265,43.6682],[22.3905,43.7124],[22.3885,43.7583],[22.3626,43.7808],[22.3495,43.8079],[22.3771,43.8835],[22.379,43.9135],[22.3945,43.9363],[22.3996,43.9933],[22.4118,44.0069],[22.4659,44.0176],[22.5037,44.0199],[22.5342,44.0572],[22.593,44.0639],[22.6047,44.0794],[22.5991,44.1303],[22.6062,44.1746],[22.6488,44.214],[22.6916,44.2284],[22.6895,44.2917],[22.6815,44.3053],[22.5828,44.3284],[22.5494,44.349],[22.5051,44.4041],[22.501,44.4419],[22.477,44.464],[22.4841,44.4998],[22.5355,44.5075],[22.5567,44.5215],[22.5656,44.5554],[22.6212,44.5692],[22.7001,44.5418],[22.7417,44.5519],[22.7652,44.5828],[22.7001,44.6306],[22.6212,44.6374],[22.5533,44.6692],[22.4837,44.724],[22.4261,44.7337],[22.3807,44.7005],[22.3197,44.6853],[22.1851,44.5151],[22.1482,44.5009],[22.1043,44.5096],[22.0763,44.5507],[22.0452,44.5692],[22.0362,44.5895],[22.0342,44.5962],[22.0043,44.6515],[21.8554,44.6985],[21.7568,44.6773],[21.7052,44.6771],[21.6563,44.6877],[21.6197,44.7139],[21.5956,44.766],[21.5584,44.7817],[21.4972,44.778],[21.3959,44.7902],[21.3598,44.8267],[21.2695,44.8137],[21.1888,44.7782],[21.1638,44.7478],[21.1123,44.7448],[21.0779,44.7265],[21.0368,44.722],[20.9896,44.7168],[20.8832,44.6727],[20.8265,44.6609],[20.7948,44.6647],[20.7715,44.6163],[20.7815,44.5876],[20.8064,44.5632],[20.7371,44.533],[20.7641,44.496],[20.8211,44.464],[20.8376,44.4415],[20.8191,44.4159],[20.7759,44.4228],[20.7567,44.416],[20.7315,44.3785],[20.7579,44.3511],[20.787,44.3448],[20.7676,44.3312],[20.772,44.2978],[20.7314,44.3227],[20.6846,44.3347],[20.6498,44.3218],[20.623,44.3398],[20.6065,44.3737],[20.5431,44.3556],[20.5379,44.3857],[20.4838,44.3989],[20.4422,44.4189],[20.4095,44.4026],[20.3996,44.3821],[20.4312,44.3603],[20.4003,44.3247],[20.3891,44.2943],[20.4154,44.2841],[20.4231,44.2418],[20.3975,44.2046],[20.3791,44.2],[20.3685,44.1737],[20.3396,44.1682],[20.328,44.1472],[20.2885,44.1229],[20.2292,44.1116],[20.1743,44.1113],[20.1291,44.0967],[20.1246,44.0737],[20.062,44.0853],[20.0095,44.1042],[19.9778,44.0756],[19.9508,44.0793],[19.9061,44.1029],[19.9082,44.1212],[19.861,44.1288],[19.8264,44.1053],[19.796,44.1213],[19.7739,44.1124],[19.8064,44.0835],[19.8109,44.0602],[19.7812,44.0535],[19.7413,44.1045],[19.6755,44.1251],[19.6593,44.1374],[19.6182,44.1437],[19.6093,44.1233],[19.546,44.1138],[19.5162,44.0912],[19.4764,44.127],[19.4597,44.1527],[19.4426,44.1432],[19.3624,44.1912],[19.354,44.2243],[19.3243,44.264],[19.2959,44.2758],[19.2637,44.2702],[19.1772,44.287],[19.1389,44.3093],[19.1167,44.3437],[19.1072,44.3827],[19.1414,44.4308],[19.1434,44.4582],[19.1299,44.5183],[19.1796,44.5383],[19.1863,44.5693],[19.2557,44.6456],[19.2776,44.6849],[19.3084,44.7051],[19.3284,44.734],[19.3637,44.8546],[19.3766,44.863],[19.357,44.8959],[19.3102,44.9124],[19.2395,44.9151],[19.2019,44.9084],[19.1743,44.9254],[19.0846,44.879],[19.0158,44.8656],[18.9749,44.8628],[18.8896,44.8612],[18.8587,44.8685],[18.8421,44.8762],[18.8178,44.8875],[18.7834,44.9137],[18.7726,44.9425],[18.8046,44.9738],[18.789,45.0057],[18.7501,45.0122],[18.7263,45.0261],[18.689,45.0802],[18.6661,45.083],[18.6581,45.0663],[18.6405,45.0654],[18.6167,45.0977],[18.5348,45.0884],[18.5411,45.0553],[18.517,45.0559],[18.4817,45.0669],[18.4518,45.085],[18.412,45.1124],[18.3929,45.1186],[18.3223,45.1229],[18.262,45.1507],[18.2379,45.1575],[18.2023,45.1441],[18.1993,45.119],[18.1749,45.1008],[18.1437,45.0977],[18.0903,45.108],[18.0191,45.1494],[17.9885,45.1438],[17.9277,45.092],[17.9026,45.0778],[17.8357,45.0644],[17.7975,45.082],[17.7657,45.111],[17.7145,45.152],[17.6847,45.164],[17.63,45.1573],[17.5724,45.1204],[17.4893,45.1163],[17.4962,45.1417],[17.4478,45.1343],[17.4341,45.1486],[17.3824,45.1396],[17.269,45.1895],[17.2455,45.1554],[17.1871,45.1486],[17.1246,45.1691],[17.0557,45.2004],[17.0363,45.2305],[17.0083,45.2162],[16.9612,45.2509],[16.9473,45.2357],[16.9244,45.2845],[16.8307,45.217],[16.8242,45.1891],[16.7863,45.1788],[16.587,45.2209],[16.5289,45.2223],[16.4819,45.1995],[16.4355,45.1329],[16.3818,45.1076],[16.382,45.0837],[16.346,45.02],[16.3162,45.0012],[16.2793,45.0072],[16.213,45.0315],[16.1041,45.1125],[16.0675,45.1696],[16.0244,45.1843],[16.0292,45.205],[16.0085,45.2182],[15.8789,45.2172],[15.8248,45.211],[15.8026,45.1965],[15.7617,45.21],[15.7049,45.2009],[15.6394,45.2107],[15.6312,45.2395],[15.6616,45.2681],[15.6564,45.2851],[15.6639,45.3396],[15.6796,45.3488],[15.6651,45.3766],[15.6723,45.3982],[15.6568,45.4152],[15.6765,45.4252],[15.716,45.4208],[15.7799,45.3951],[15.8141,45.3987],[15.8372,45.4363],[15.8425,45.4659],[15.8129,45.5234],[15.7799,45.5225],[15.7392,45.5589],[15.7474,45.5952],[15.7316,45.5886],[15.6633,45.6049],[15.6264,45.6214],[15.5936,45.6205],[15.5756,45.6024],[15.5137,45.6324],[15.5131,45.6473],[15.4738,45.6618],[15.4209,45.6953],[15.3829,45.6904],[15.35,45.6696],[15.3683,45.649],[15.3738,45.6402],[15.3531,45.6403],[15.3267,45.6323],[15.2974,45.6257],[15.2879,45.6103],[15.2686,45.6017],[15.2696,45.5934],[15.2822,45.5715],[15.2967,45.523],[15.311,45.5059],[15.3614,45.482],[15.3339,45.4585],[15.314,45.4505],[15.2816,45.451],[15.2258,45.4365],[15.1842,45.4256],[15.1393,45.43],[15.0661,45.4739],[15.0562,45.4799],[15.0074,45.4808],[14.9773,45.4917],[14.9626,45.4931],[14.9454,45.5045],[14.9226,45.5149],[14.9044,45.5144],[14.9008,45.4931],[14.8816,45.4698],[14.8388,45.459],[14.7972,45.4652],[14.7815,45.4931],[14.6883,45.522],[14.6685,45.534],[14.6717,45.5568],[14.6637,45.5702],[14.6503,45.5748],[14.616,45.5941],[14.6031,45.6036],[14.5939,45.6162],[14.5941,45.648],[14.5919,45.6634],[14.5809,45.6678],[14.5691,45.6643],[14.5561,45.6567],[14.5436,45.6364],[14.4986,45.5962],[14.4915,45.5792],[14.4821,45.5424],[14.4689,45.5256],[14.4112,45.4932],[14.3728,45.4778],[14.3268,45.4749],[14.2804,45.4811],[14.2187,45.4972],[14.1455,45.4762],[14.1173,45.473]]],[[[14.2777,45.128],[14.2874,45.1011],[14.3161,45.0766],[14.3405,45.0202],[14.3405,44.9807],[14.303,44.9428],[14.3015,44.9434],[14.3009,44.9407],[14.3009,44.9406],[14.2942,44.9086],[14.3141,44.8938],[14.3298,44.8339],[14.3544,44.8201],[14.3648,44.8004],[14.3745,44.7539],[14.3894,44.7524],[14.3961,44.734],[14.3945,44.7076],[14.4279,44.6566],[14.473,44.6203],[14.5204,44.6215],[14.5139,44.6622],[14.4778,44.7019],[14.4724,44.7135],[14.4739,44.7545],[14.4615,44.7795],[14.4593,44.8018],[14.4666,44.8048],[14.4555,44.8396],[14.4525,44.8694],[14.4626,44.9401],[14.471,44.9539],[14.4661,44.9837],[14.4467,44.9873],[14.3949,45.031],[14.3697,45.0814],[14.3636,45.1302],[14.3641,45.1576],[14.3593,45.1646],[14.3589,45.1682],[14.3585,45.1682],[14.3571,45.168],[14.3562,45.1693],[14.3137,45.1724],[14.295,45.1494],[14.2865,45.1456],[14.2866,45.1453],[14.2865,45.1452],[14.2883,45.1411],[14.2777,45.128]]],[[[14.6579,44.7988],[14.6649,44.7931],[14.6789,44.7702],[14.6977,44.7667],[14.6995,44.7652],[14.7061,44.7651],[14.7617,44.7546],[14.806,44.7357],[14.8496,44.7032],[14.8502,44.7169],[14.8553,44.7147],[14.8552,44.7149],[14.8557,44.7147],[14.8554,44.7152],[14.8557,44.7151],[14.8506,44.7239],[14.8512,44.7373],[14.8224,44.7714],[14.8112,44.7771],[14.7657,44.821],[14.7549,44.8453],[14.7464,44.8457],[14.739,44.8534],[14.7325,44.8465],[14.6901,44.8487],[14.6897,44.8487],[14.6883,44.8468],[14.6858,44.8472],[14.6873,44.8454],[14.6717,44.8244],[14.6609,44.8001],[14.661,44.7999],[14.6609,44.7997],[14.6618,44.7983],[14.6579,44.7988]]],[[[14.7401,44.6973],[14.7513,44.6801],[14.7615,44.6586],[14.8093,44.6177],[14.8841,44.5445],[14.9072,44.4972],[14.8975,44.4909],[14.9158,44.4837],[14.9957,44.4334],[15.039,44.3935],[15.0966,44.3588],[15.1071,44.3506],[15.1104,44.3463],[15.0967,44.34],[15.1288,44.312],[15.1724,44.2991],[15.1309,44.3264],[15.1368,44.3275],[15.1614,44.3084],[15.1616,44.3086],[15.1618,44.3084],[15.1761,44.3242],[15.1989,44.317],[15.2271,44.3264],[15.2061,44.3441],[15.2122,44.3466],[15.2137,44.3468],[15.2351,44.3362],[15.2544,44.34],[15.2394,44.3499],[15.241,44.3501],[15.2407,44.3503],[15.2408,44.3503],[15.2406,44.3504],[15.241,44.3505],[15.1434,44.4164],[15.1005,44.4489],[15.0514,44.4938],[15.0755,44.4841],[15.0412,44.5275],[15.0051,44.5358],[15.0018,44.5382],[14.9663,44.5734],[14.9041,44.61],[14.9004,44.6099],[14.8989,44.6109],[14.8557,44.6179],[14.8053,44.6491],[14.7846,44.6646],[14.78,44.6695],[14.7412,44.7016],[14.7444,44.6947],[14.7405,44.6977],[14.7409,44.6971],[14.7401,44.6977],[14.7406,44.6969],[14.7401,44.6973]]],[[[14.8496,44.1756],[14.8701,44.1408],[14.9044,44.1145],[15.0421,43.9914],[15.0428,43.9904],[15.1066,43.9254],[15.1365,43.903],[15.1386,43.9079],[15.1508,43.9108],[15.1844,43.9016],[15.1955,43.8952],[15.1985,43.8977],[15.201,43.897],[15.201,43.8971],[15.2014,43.897],[15.2029,43.9013],[15.2168,43.9128],[15.1764,43.9334],[15.0266,44.0571],[15.0227,44.0722],[14.9906,44.0868],[14.9529,44.1179],[14.9403,44.1252],[14.9391,44.1271],[14.9102,44.1428],[14.8665,44.1682],[14.8667,44.1678],[14.8661,44.1682],[14.8665,44.1676],[14.8661,44.1678],[14.8671,44.1661],[14.8496,44.1756]]],[[[15.0625,44.1619],[15.0655,44.1573],[15.0646,44.1578],[15.0648,44.1575],[15.0642,44.1578],[15.0645,44.1572],[15.0642,44.1574],[15.075,44.1383],[15.0821,44.1314],[15.0871,44.1237],[15.1218,44.0922],[15.1891,44.0478],[15.2061,44.049],[15.2431,44.0297],[15.2544,44.0179],[15.2471,44.0467],[15.2303,44.0621],[15.2302,44.0623],[15.2298,44.0625],[15.2258,44.0662],[15.0625,44.1619]]],[[[15.2612,44.0111],[15.3027,43.9664],[15.3066,43.9642],[15.309,43.9612],[15.3579,43.9259],[15.3587,43.9194],[15.4071,43.8961],[15.4461,43.8875],[15.4387,43.8988],[15.439,43.8987],[15.4385,43.8992],[15.439,43.8991],[15.4372,43.9011],[15.4188,43.9291],[15.4058,43.9354],[15.3883,43.9545],[15.384,43.9702],[15.3719,43.9724],[15.3706,43.9738],[15.323,43.991],[15.2964,44.0056],[15.2724,44.0093],[15.2698,44.0103],[15.27,44.0101],[15.2694,44.0103],[15.2697,44.0098],[15.2694,44.0099],[15.2695,44.0098],[15.2612,44.0111]]]]}},
{"type":"Feature","properties":{"entityId":"south-slavic-principalities","from":800,"to":842,"certainty":"estimated","source":"유럽 쪽은 Natural Earth 1:10m admin-1(v5.1.2) 현대 행정구역 조각을 그 시기 국경에 맞춰 묶고, 조각이 역사 경계와 다른 곳은 선을 그어 나눈 근사. 유럽 밖(시베리아·중앙아시아·극동)은 대략적인 추정. 운영자 검수 필요"},"geometry":{"type":"Polygon","coordinates":[[[17.0623,43.5277],[17.1428,43.4893],[17.2395,43.4784],[17.2705,43.4632],[17.2864,43.4374],[17.2676,43.3533],[17.2899,43.3034],[17.3287,43.2604],[17.4002,43.216],[17.4268,43.1657],[17.4509,43.1482],[17.4063,43.1418],[17.3531,43.1568],[17.4063,43.1005],[17.3654,43.0792],[17.3588,43.0857],[17.3588,43.063],[17.3292,43.063],[17.3292,43.0764],[17.2262,43.0764],[17.2262,43.064],[17.1747,43.064],[17.1747,43.0569],[17.2262,43.0249],[17.2274,43.0241],[17.2258,43.0242],[17.221,43.0259],[17.2094,43.0259],[17.1587,43.031],[17.15,43.0303],[17.15,43.025],[17.4,43],[17.5,42.96],[17.62,42.97],[17.6523,43.0055],[17.6593,42.9934],[17.6627,42.9657],[17.6345,42.9504],[17.5807,42.9421],[17.587,42.9387],[17.587,42.9283],[17.5612,42.9338],[17.5612,42.9471],[17.5354,42.9538],[17.5354,42.9272],[17.5733,42.9272],[17.587,42.921],[17.587,42.9005],[17.6127,42.893],[17.6385,42.8854],[17.6385,42.8976],[17.6533,42.8909],[17.6795,42.9157],[17.7016,42.9195],[17.7867,42.9014],[17.8118,42.9099],[17.8262,42.8886],[17.8272,42.8531],[17.8585,42.817],[17.9045,42.8045],[17.9719,42.755],[18.2241,42.6281],[18.3116,42.6012],[18.3387,42.6025],[18.3698,42.5744],[18.4374,42.5592],[18.442,42.543],[18.4364,42.5108],[18.4371,42.4934],[18.4443,42.4779],[18.4677,42.4534],[18.4929,42.4424],[18.4964,42.4163],[18.5103,42.4053],[18.5197,42.4332],[18.5476,42.4291],[18.5452,42.4236],[18.553,42.4136],[18.5781,42.4004],[18.5706,42.393],[18.5949,42.3837],[18.6167,42.3681],[18.6384,42.3703],[18.6532,42.3663],[18.6535,42.3674],[18.7141,42.3377],[18.7145,42.3253],[18.7295,42.3116],[18.7625,42.2912],[18.7786,42.2715],[18.7887,42.276],[18.8136,42.2891],[18.8256,42.2832],[18.8314,42.2775],[18.8332,42.2795],[18.8946,42.2495],[18.9001,42.2449],[18.9017,42.2375],[18.9133,42.2222],[18.9465,42.2038],[18.9811,42.1637],[19.0157,42.1237],[19.0539,42.0795],[19.0976,42.0289],[19.1075,42.0174],[19.161,41.9555],[19.1616,41.9553],[19.1623,41.9479],[19.1703,41.938],[19.2202,41.9189],[19.2679,41.9071],[19.3394,41.8702],[19.3469,41.864],[19.3651,41.8524],[19.3929,41.859],[19.4396,41.8147],[19.468,41.7877],[19.4964,41.7877],[19.4964,41.7848],[19.5223,41.7848],[19.5223,41.8382],[19.5295,41.8357],[19.5266,41.8469],[19.4662,41.8826],[19.4732,41.9139],[19.5474,41.8899],[19.5732,41.9028],[19.5601,41.9387],[19.5913,41.9436],[19.6254,41.9337],[19.6309,41.9104],[19.6754,41.9144],[19.7229,41.8953],[19.751,41.9116],[19.7393,41.9378],[19.7955,41.9465],[19.8415,41.9371],[19.8731,41.9617],[19.9017,41.9689],[19.9433,41.9116],[19.9349,41.8866],[19.9532,41.8762],[20.005,41.88],[20.0236,41.9035],[20.0703,41.9326],[20.0882,41.9631],[20.1723,41.9999],[20.2126,42.0282],[20.1741,42.0581],[20.1428,42.0533],[20.163,42.0818],[20.1593,42.1043],[20.1934,42.1388],[20.2325,42.1604],[20.2356,42.1924],[20.1816,42.2156],[20.1505,42.2156],[20.0369,42.2565],[20.0004,42.262],[19.9834,42.2497],[19.9241,42.2517],[19.87,42.223],[19.8239,42.2345],[19.8306,42.2764],[19.8102,42.3398],[19.8099,42.385],[19.7892,42.4141],[19.8291,42.4687],[19.8733,42.4868],[19.9075,42.5064],[19.9563,42.5053],[19.9818,42.5108],[20.0177,42.5462],[20.0392,42.5578],[20.065,42.5468],[20.0856,42.53],[20.1355,42.5096],[20.1527,42.4934],[20.1808,42.4431],[20.1997,42.4278],[20.1975,42.3874],[20.2212,42.3637],[20.2296,42.3267],[20.2496,42.3186],[20.3334,42.3179],[20.457,42.2505],[20.4737,42.2371],[20.5008,42.2112],[20.5386,42.1501],[20.5494,42.1235],[20.5522,42.0738],[20.5583,42.0551],[20.5897,41.9936],[20.5993,41.9479],[20.5625,41.9001],[20.5671,41.8732],[20.5417,41.8616],[20.5408,41.8449],[20.5501,41.8001],[20.5444,41.7848],[20.5113,41.7579],[20.5004,41.7341],[20.5083,41.6617],[20.5347,41.5873],[20.5293,41.5749],[20.5208,41.5684],[20.4929,41.5577],[20.4442,41.5497],[20.4479,41.5355],[20.445,41.5085],[20.452,41.4936],[20.4708,41.4838],[20.4816,41.4683],[20.4868,41.4578],[20.4909,41.436],[20.498,41.4315],[20.5222,41.4257],[20.539,41.4029],[20.5329,41.3704],[20.5104,41.3444],[20.4817,41.3412],[20.4781,41.3216],[20.4954,41.2503],[20.5001,41.2355],[20.5127,41.2101],[20.5497,41.1706],[20.5655,41.1474],[20.577,41.0935],[20.5974,41.0863],[20.643,41.0816],[20.6539,41.0753],[20.6641,41.0591],[20.7027,40.9363],[20.7172,40.9132],[20.7409,40.898],[20.7661,40.8937],[20.817,40.9202],[20.8365,40.9239],[20.8902,40.9183],[20.9399,40.9071],[20.9567,40.8948],[20.9653,40.8494],[21.1121,40.8539],[21.183,40.8702],[21.2458,40.8632],[21.2954,40.8609],[21.3449,40.8731],[21.3813,40.9005],[21.4294,40.909],[21.5057,40.9009],[21.5537,40.8704],[21.5816,40.8663],[21.6237,40.8944],[21.6439,40.8945],[21.6569,40.9182],[21.6851,40.928],[21.737,40.9192],[21.7571,40.9225],[21.7781,40.9337],[21.7837,40.9642],[21.8313,40.9935],[21.845,41.0124],[21.8807,41.0384],[21.8963,41.0647],[21.9012,41.0908],[21.9255,41.1068],[21.9651,41.1244],[22.0291,41.1386],[22.0482,41.1519],[22.1034,41.1215],[22.1603,41.1519],[22.2136,41.1607],[22.3026,41.1455],[22.3067,41.1284],[22.3802,41.1317],[22.4218,41.1146],[22.4675,41.115],[22.5007,41.1221],[22.5492,41.1185],[22.5866,41.1241],[22.6073,41.136],[22.6245,41.1526],[22.6259,41.1698],[22.6293,41.1771],[22.6445,41.1802],[22.6572,41.177],[22.6741,41.1566],[22.6919,41.1446],[22.7049,41.1397],[22.7158,41.1456],[22.7272,41.1658],[22.7367,41.2044],[22.7409,41.2836],[22.742,41.287],[22.7513,41.3152],[22.7623,41.3225],[22.781,41.3349],[22.7968,41.337],[22.826,41.341],[22.917,41.3358],[22.9409,41.3498],[22.9445,41.3684],[22.9373,41.4108],[22.9521,41.4277],[22.9534,41.4382],[22.9462,41.4532],[22.9436,41.5232],[22.9487,41.561],[22.9337,41.5846],[22.933,41.6123],[22.9409,41.6376],[22.967,41.647],[22.9854,41.6772],[22.9986,41.6931],[23.0096,41.7164],[23.0089,41.7399],[22.9912,41.761],[22.9569,41.7657],[22.9397,41.7767],[22.9183,41.8143],[22.9077,41.8486],[22.9014,41.8604],[22.8821,41.8716],[22.8771,41.902],[22.8589,41.9479],[22.8548,41.9826],[22.8456,42.0074],[22.827,42.0251],[22.7989,42.0212],[22.7809,42.0432],[22.7251,42.0425],[22.7057,42.0559],[22.6759,42.0606],[22.6272,42.0791],[22.6178,42.0827],[22.5311,42.1291],[22.5069,42.1489],[22.4814,42.1933],[22.4436,42.2144],[22.345,42.3134],[22.424,42.3259],[22.4698,42.3917],[22.5088,42.4049],[22.5365,42.4784],[22.5249,42.5077],[22.4253,42.5729],[22.4413,42.6329],[22.4421,42.6817],[22.4814,42.7398],[22.4531,42.7636],[22.4304,42.8171],[22.4814,42.8467],[22.506,42.8701],[22.5448,42.8717],[22.4654,42.8781],[22.4138,42.8932],[22.3592,42.9296],[22.4014,42.9426],[22.39,42.956],[22.2892,42.991],[22.2556,42.9929],[22.2044,43.0132],[22.2024,43.0222],[22.257,43.0585],[22.234,43.074],[22.2466,43.0907],[22.2956,43.1099],[22.2605,43.1515],[22.2341,43.1484],[22.1741,43.1805],[22.1136,43.2029],[22.1451,43.2576],[22.1612,43.2599],[22.1374,43.3369],[22.1649,43.3437],[22.206,43.3381],[22.2554,43.3195],[22.3283,43.3281],[22.3373,43.3824],[22.3515,43.4242],[22.3371,43.4434],[22.3035,43.4585],[22.2748,43.4388],[22.212,43.4685],[22.1661,43.4609],[22.0722,43.4928],[22.0565,43.4892],[22.0223,43.5198],[22.0232,43.5354],[21.9773,43.57],[21.9551,43.571],[21.9537,43.5465],[21.9866,43.5256],[21.9127,43.5136],[21.8835,43.5376],[21.8658,43.5691],[21.8118,43.5778],[21.7752,43.5755],[21.7049,43.6418],[21.6882,43.6704],[21.6838,43.7026],[21.699,43.7198],[21.6756,43.7428],[21.7039,43.7563],[21.646,43.8029],[21.6895,43.8477],[21.6698,43.8668],[21.6804,43.8911],[21.724,43.9032],[21.7241,43.9246],[21.7767,43.9743],[21.7724,43.9918],[21.7901,44.0361],[21.8178,44.0656],[21.7731,44.0705],[21.7412,44.0887],[21.6936,44.0826],[21.6441,44.1124],[21.5881,44.1125],[21.5546,44.1209],[21.5465,44.1394],[21.4878,44.1817],[21.4676,44.1786],[21.434,44.1947],[21.3937,44.1808],[21.3612,44.1809],[21.3683,44.2125],[21.3445,44.222],[21.3259,44.256],[21.2927,44.2757],[21.2669,44.2387],[21.2275,44.2466],[21.211,44.2681],[21.1561,44.2882],[21.134,44.2866],[21.1683,44.2507],[21.1472,44.2439],[21.1547,44.1954],[21.1392,44.1833],[21.0849,44.2018],[21.0515,44.1999],[20.9775,44.2319],[20.9739,44.259],[20.904,44.2419],[20.8398,44.26],[20.8163,44.2576],[20.8232,44.284],[20.772,44.2978],[20.7314,44.3227],[20.6846,44.3347],[20.6498,44.3218],[20.623,44.3398],[20.6065,44.3737],[20.5431,44.3556],[20.5379,44.3857],[20.4838,44.3989],[20.4422,44.4189],[20.4095,44.4026],[20.3996,44.3821],[20.4312,44.3603],[20.4003,44.3247],[20.3891,44.2943],[20.4154,44.2841],[20.4231,44.2418],[20.3975,44.2046],[20.3791,44.2],[20.3685,44.1737],[20.3396,44.1682],[20.328,44.1472],[20.2885,44.1229],[20.2292,44.1116],[20.1743,44.1113],[20.1291,44.0967],[20.1246,44.0737],[20.062,44.0853],[20.0095,44.1042],[19.9778,44.0756],[19.9508,44.0793],[19.9061,44.1029],[19.9082,44.1212],[19.861,44.1288],[19.8264,44.1053],[19.796,44.1213],[19.7739,44.1124],[19.8064,44.0835],[19.8109,44.0602],[19.7812,44.0535],[19.7413,44.1045],[19.6755,44.1251],[19.6593,44.1374],[19.6182,44.1437],[19.6093,44.1233],[19.546,44.1138],[19.5162,44.0912],[19.4764,44.127],[19.4597,44.1527],[19.4426,44.1432],[19.3624,44.1912],[19.354,44.2243],[19.3243,44.264],[19.2959,44.2758],[19.2637,44.2702],[19.1772,44.287],[19.1389,44.3093],[19.1167,44.3437],[19.1072,44.3827],[19.1414,44.4308],[19.1434,44.4582],[19.1299,44.5183],[19.1796,44.5383],[19.1863,44.5693],[19.2557,44.6456],[19.2776,44.6849],[19.3084,44.7051],[19.3284,44.734],[19.3637,44.8546],[19.3766,44.863],[19.357,44.8959],[19.3102,44.9124],[19.2395,44.9151],[19.2019,44.9084],[19.1743,44.9254],[19.0846,44.879],[19.0158,44.8656],[18.9749,44.8628],[18.8896,44.8612],[18.8587,44.8685],[18.8421,44.8762],[18.8178,44.8875],[18.7834,44.9137],[18.7726,44.9425],[18.8046,44.9738],[18.789,45.0057],[18.7501,45.0122],[18.7263,45.0261],[18.689,45.0802],[18.6661,45.083],[18.6581,45.0663],[18.6405,45.0654],[18.6167,45.0977],[18.5348,45.0884],[18.5411,45.0553],[18.517,45.0559],[18.4817,45.0669],[18.4518,45.085],[18.412,45.1124],[18.3929,45.1186],[18.3223,45.1229],[18.262,45.1507],[18.2379,45.1575],[18.2023,45.1441],[18.1993,45.119],[18.1749,45.1008],[18.1437,45.0977],[18.0903,45.108],[18.0191,45.1494],[17.9885,45.1438],[17.9277,45.092],[17.9026,45.0778],[17.8357,45.0644],[17.7975,45.082],[17.7657,45.111],[17.7399,45.0723],[17.7425,45.024],[17.7632,44.9791],[17.7628,44.9293],[17.7332,44.9092],[17.7222,44.8751],[17.7233,44.816],[17.7799,44.7194],[17.817,44.7059],[17.8883,44.7198],[17.8353,44.639],[17.8353,44.6161],[17.8568,44.5874],[17.9154,44.546],[17.9169,44.4701],[17.8568,44.4301],[17.7652,44.3929],[17.7328,44.3753],[17.688,44.3757],[17.6007,44.3643],[17.502,44.3657],[17.4648,44.3943],[17.439,44.4258],[17.4076,44.4415],[17.2674,44.4451],[17.2273,44.4608],[17.1514,44.458],[17.1443,44.4294],[17.1529,44.3249],[17.1858,44.2577],[17.2631,44.1819],[17.2731,44.1432],[17.249,44.0679],[17.2909,44.0174],[17.328,43.9447],[17.3729,43.9102],[17.4259,43.9076],[17.4593,43.8604],[17.4656,43.8428],[17.418,43.8586],[17.3835,43.8415],[17.3809,43.7819],[17.3915,43.7449],[17.4445,43.7395],[17.5305,43.6504],[17.5265,43.619],[17.4987,43.5872],[17.3915,43.574],[17.2988,43.5383],[17.2724,43.5383],[17.2538,43.5595],[17.23,43.5647],[17.1691,43.5462],[17.1175,43.5462],[17.0623,43.5277]]]}},
{"type":"Feature","properties":{"entityId":"south-slavic-principalities","from":842,"to":924,"certainty":"estimated","source":"유럽 쪽은 Natural Earth 1:10m admin-1(v5.1.2) 현대 행정구역 조각을 그 시기 국경에 맞춰 묶고, 조각이 역사 경계와 다른 곳은 선을 그어 나눈 근사. 유럽 밖(시베리아·중앙아시아·극동)은 대략적인 추정. 운영자 검수 필요"},"geometry":{"type":"Polygon","coordinates":[[[17.0623,43.5277],[17.1428,43.4893],[17.2395,43.4784],[17.2705,43.4632],[17.2864,43.4374],[17.2676,43.3533],[17.2899,43.3034],[17.3287,43.2604],[17.4002,43.216],[17.4268,43.1657],[17.4509,43.1482],[17.4063,43.1418],[17.3531,43.1568],[17.4063,43.1005],[17.3654,43.0792],[17.3588,43.0857],[17.3588,43.063],[17.3292,43.063],[17.3292,43.0764],[17.2262,43.0764],[17.2262,43.064],[17.1747,43.064],[17.1747,43.0569],[17.2262,43.0249],[17.2274,43.0241],[17.2258,43.0242],[17.221,43.0259],[17.2094,43.0259],[17.1587,43.031],[17.15,43.0303],[17.15,43.025],[17.4,43],[17.5,42.96],[17.62,42.97],[17.6523,43.0055],[17.6593,42.9934],[17.6627,42.9657],[17.6345,42.9504],[17.5807,42.9421],[17.587,42.9387],[17.587,42.9283],[17.5612,42.9338],[17.5612,42.9471],[17.5354,42.9538],[17.5354,42.9272],[17.5733,42.9272],[17.587,42.921],[17.587,42.9005],[17.6127,42.893],[17.6385,42.8854],[17.6385,42.8976],[17.6533,42.8909],[17.6795,42.9157],[17.7016,42.9195],[17.7867,42.9014],[17.8118,42.9099],[17.8262,42.8886],[17.8272,42.8531],[17.8585,42.817],[17.9045,42.8045],[17.9719,42.755],[18.2241,42.6281],[18.3116,42.6012],[18.3387,42.6025],[18.3698,42.5744],[18.4374,42.5592],[18.442,42.543],[18.4364,42.5108],[18.4371,42.4934],[18.4443,42.4779],[18.4677,42.4534],[18.4929,42.4424],[18.4964,42.4163],[18.5103,42.4053],[18.5197,42.4332],[18.5476,42.4291],[18.5452,42.4236],[18.553,42.4136],[18.5781,42.4004],[18.5706,42.393],[18.5949,42.3837],[18.6167,42.3681],[18.6384,42.3703],[18.6532,42.3663],[18.6535,42.3674],[18.7141,42.3377],[18.7145,42.3253],[18.7295,42.3116],[18.7625,42.2912],[18.7786,42.2715],[18.7887,42.276],[18.8136,42.2891],[18.8256,42.2832],[18.8314,42.2775],[18.8332,42.2795],[18.8946,42.2495],[18.9001,42.2449],[18.9017,42.2375],[18.9133,42.2222],[18.9465,42.2038],[18.9811,42.1637],[19.0157,42.1237],[19.0539,42.0795],[19.0976,42.0289],[19.1075,42.0174],[19.161,41.9555],[19.1616,41.9553],[19.1623,41.9479],[19.1703,41.938],[19.2202,41.9189],[19.2679,41.9071],[19.3394,41.8702],[19.3469,41.864],[19.3651,41.8524],[19.3929,41.859],[19.4396,41.8147],[19.468,41.7877],[19.4964,41.7877],[19.4964,41.7848],[19.5223,41.7848],[19.5223,41.8382],[19.5295,41.8357],[19.5266,41.8469],[19.4662,41.8826],[19.4732,41.9139],[19.5474,41.8899],[19.5732,41.9028],[19.5601,41.9387],[19.5913,41.9436],[19.6254,41.9337],[19.6309,41.9104],[19.6754,41.9144],[19.7229,41.8953],[19.751,41.9116],[19.7393,41.9378],[19.7955,41.9465],[19.8415,41.9371],[19.8731,41.9617],[19.9017,41.9689],[19.9433,41.9116],[19.9349,41.8866],[19.9532,41.8762],[20.005,41.88],[20.0236,41.9035],[20.0703,41.9326],[20.0882,41.9631],[20.1723,41.9999],[20.2126,42.0282],[20.1741,42.0581],[20.1428,42.0533],[20.163,42.0818],[20.1593,42.1043],[20.1934,42.1388],[20.2325,42.1604],[20.2356,42.1924],[20.1816,42.2156],[20.1505,42.2156],[20.0369,42.2565],[20.0004,42.262],[19.9834,42.2497],[19.9241,42.2517],[19.87,42.223],[19.8239,42.2345],[19.8306,42.2764],[19.8102,42.3398],[19.8099,42.385],[19.7892,42.4141],[19.8291,42.4687],[19.8733,42.4868],[19.9075,42.5064],[19.9563,42.5053],[19.9818,42.5108],[20.0177,42.5462],[20.0392,42.5578],[20.065,42.5468],[20.077,42.5599],[20.0757,42.6031],[20.1039,42.6531],[20.0942,42.667],[20.037,42.7074],[20.0248,42.7234],[20.0265,42.7432],[20.0556,42.7639],[20.0763,42.7734],[20.1121,42.7665],[20.1495,42.7499],[20.1834,42.7425],[20.2084,42.7633],[20.2092,42.7917],[20.2261,42.8068],[20.2644,42.8173],[20.3192,42.8241],[20.3454,42.8274],[20.428,42.8406],[20.4763,42.8555],[20.4988,42.8779],[20.4944,42.8875],[20.4889,42.8992],[20.451,42.922],[20.4595,42.95],[20.4764,42.9664],[20.5305,42.9752],[20.5624,43.0095],[20.5964,43.0071],[20.6173,43.0221],[20.6438,43.0523],[20.6649,43.0854],[20.6692,43.1098],[20.6321,43.1173],[20.5975,43.185],[20.6123,43.2023],[20.6616,43.209],[20.667,43.2097],[20.7453,43.2529],[20.7695,43.2608],[20.8097,43.2596],[20.8075,43.3013],[20.8365,43.3282],[20.8291,43.383],[20.7731,43.3887],[20.7693,43.413],[20.7812,43.4771],[20.7603,43.5092],[20.7946,43.5042],[20.8336,43.5148],[20.8528,43.499],[20.8889,43.4929],[20.9452,43.506],[20.919,43.5354],[20.9081,43.5643],[20.9153,43.5885],[20.9504,43.6093],[20.9162,43.6383],[20.8781,43.6445],[20.9148,43.6728],[20.9164,43.7269],[20.957,43.7282],[20.9247,43.7552],[20.9084,43.8074],[20.938,43.8054],[20.9507,43.8234],[21.0147,43.8547],[20.9998,43.892],[21.0437,43.9056],[21.0431,43.9321],[21.0624,43.9469],[21.0407,43.9736],[21.0644,43.9912],[21.0906,43.9937],[21.1009,44.0298],[21.0543,44.0474],[21.1327,44.0862],[21.123,44.1208],[21.1433,44.1534],[21.1392,44.1833],[21.0849,44.2018],[21.0515,44.1999],[20.9775,44.2319],[20.9739,44.259],[20.904,44.2419],[20.8398,44.26],[20.8163,44.2576],[20.8232,44.284],[20.772,44.2978],[20.7314,44.3227],[20.6846,44.3347],[20.6498,44.3218],[20.623,44.3398],[20.6065,44.3737],[20.5431,44.3556],[20.5379,44.3857],[20.4838,44.3989],[20.4422,44.4189],[20.4095,44.4026],[20.3996,44.3821],[20.4312,44.3603],[20.4003,44.3247],[20.3891,44.2943],[20.4154,44.2841],[20.4231,44.2418],[20.3975,44.2046],[20.3791,44.2],[20.3685,44.1737],[20.3396,44.1682],[20.328,44.1472],[20.2885,44.1229],[20.2292,44.1116],[20.1743,44.1113],[20.1291,44.0967],[20.1246,44.0737],[20.062,44.0853],[20.0095,44.1042],[19.9778,44.0756],[19.9508,44.0793],[19.9061,44.1029],[19.9082,44.1212],[19.861,44.1288],[19.8264,44.1053],[19.796,44.1213],[19.7739,44.1124],[19.8064,44.0835],[19.8109,44.0602],[19.7812,44.0535],[19.7413,44.1045],[19.6755,44.1251],[19.6593,44.1374],[19.6182,44.1437],[19.6093,44.1233],[19.546,44.1138],[19.5162,44.0912],[19.4764,44.127],[19.4597,44.1527],[19.4426,44.1432],[19.3624,44.1912],[19.354,44.2243],[19.3243,44.264],[19.2959,44.2758],[19.2637,44.2702],[19.1772,44.287],[19.1389,44.3093],[19.1167,44.3437],[19.1072,44.3827],[19.1414,44.4308],[19.1434,44.4582],[19.1299,44.5183],[19.1796,44.5383],[19.1863,44.5693],[19.2557,44.6456],[19.2776,44.6849],[19.3084,44.7051],[19.3284,44.734],[19.3637,44.8546],[19.3766,44.863],[19.357,44.8959],[19.3102,44.9124],[19.2395,44.9151],[19.2019,44.9084],[19.1743,44.9254],[19.0846,44.879],[19.0158,44.8656],[18.9749,44.8628],[18.8896,44.8612],[18.8587,44.8685],[18.8421,44.8762],[18.8178,44.8875],[18.7834,44.9137],[18.7726,44.9425],[18.8046,44.9738],[18.789,45.0057],[18.7501,45.0122],[18.7263,45.0261],[18.689,45.0802],[18.6661,45.083],[18.6581,45.0663],[18.6405,45.0654],[18.6167,45.0977],[18.5348,45.0884],[18.5411,45.0553],[18.517,45.0559],[18.4817,45.0669],[18.4518,45.085],[18.412,45.1124],[18.3929,45.1186],[18.3223,45.1229],[18.262,45.1507],[18.2379,45.1575],[18.2023,45.1441],[18.1993,45.119],[18.1749,45.1008],[18.1437,45.0977],[18.0903,45.108],[18.0191,45.1494],[17.9885,45.1438],[17.9277,45.092],[17.9026,45.0778],[17.8357,45.0644],[17.7975,45.082],[17.7657,45.111],[17.7399,45.0723],[17.7425,45.024],[17.7632,44.9791],[17.7628,44.9293],[17.7332,44.9092],[17.7222,44.8751],[17.7233,44.816],[17.7799,44.7194],[17.817,44.7059],[17.8883,44.7198],[17.8353,44.639],[17.8353,44.6161],[17.8568,44.5874],[17.9154,44.546],[17.9169,44.4701],[17.8568,44.4301],[17.7652,44.3929],[17.7328,44.3753],[17.688,44.3757],[17.6007,44.3643],[17.502,44.3657],[17.4648,44.3943],[17.439,44.4258],[17.4076,44.4415],[17.2674,44.4451],[17.2273,44.4608],[17.1514,44.458],[17.1443,44.4294],[17.1529,44.3249],[17.1858,44.2577],[17.2631,44.1819],[17.2731,44.1432],[17.249,44.0679],[17.2909,44.0174],[17.328,43.9447],[17.3729,43.9102],[17.4259,43.9076],[17.4593,43.8604],[17.4656,43.8428],[17.418,43.8586],[17.3835,43.8415],[17.3809,43.7819],[17.3915,43.7449],[17.4445,43.7395],[17.5305,43.6504],[17.5265,43.619],[17.4987,43.5872],[17.3915,43.574],[17.2988,43.5383],[17.2724,43.5383],[17.2538,43.5595],[17.23,43.5647],[17.1691,43.5462],[17.1175,43.5462],[17.0623,43.5277]]]}},
{"type":"Feature","properties":{"entityId":"south-slavic-principalities","from":924,"to":933,"certainty":"estimated","source":"유럽 쪽은 Natural Earth 1:10m admin-1(v5.1.2) 현대 행정구역 조각을 그 시기 국경에 맞춰 묶고, 조각이 역사 경계와 다른 곳은 선을 그어 나눈 근사. 유럽 밖(시베리아·중앙아시아·극동)은 대략적인 추정. 운영자 검수 필요"},"geometry":{"type":"Polygon","coordinates":[[[17.0623,43.5277],[17.1428,43.4893],[17.2395,43.4784],[17.2705,43.4632],[17.2864,43.4374],[17.2676,43.3533],[17.2899,43.3034],[17.3287,43.2604],[17.4002,43.216],[17.4268,43.1657],[17.4509,43.1482],[17.4063,43.1418],[17.3531,43.1568],[17.4063,43.1005],[17.3654,43.0792],[17.3588,43.0857],[17.3588,43.063],[17.3292,43.063],[17.3292,43.0764],[17.2262,43.0764],[17.2262,43.064],[17.1747,43.064],[17.1747,43.0569],[17.2262,43.0249],[17.2274,43.0241],[17.2258,43.0242],[17.221,43.0259],[17.2094,43.0259],[17.1587,43.031],[17.15,43.0303],[17.15,43.025],[17.4,43],[17.5,42.96],[17.62,42.97],[17.6523,43.0055],[17.6593,42.9934],[17.6627,42.9657],[17.6345,42.9504],[17.5807,42.9421],[17.587,42.9387],[17.587,42.9283],[17.5612,42.9338],[17.5612,42.9471],[17.5354,42.9538],[17.5354,42.9272],[17.5733,42.9272],[17.587,42.921],[17.587,42.9005],[17.6127,42.893],[17.6385,42.8854],[17.6385,42.8976],[17.6533,42.8909],[17.6795,42.9157],[17.7016,42.9195],[17.7867,42.9014],[17.8118,42.9099],[17.8262,42.8886],[17.8272,42.8531],[17.8585,42.817],[17.9045,42.8045],[17.9719,42.755],[18.2241,42.6281],[18.3116,42.6012],[18.3387,42.6025],[18.3698,42.5744],[18.4374,42.5592],[18.442,42.543],[18.4364,42.5108],[18.4371,42.4934],[18.4443,42.4779],[18.4677,42.4534],[18.4929,42.4424],[18.4964,42.4163],[18.5103,42.4053],[18.5197,42.4332],[18.5476,42.4291],[18.5452,42.4236],[18.553,42.4136],[18.5781,42.4004],[18.5706,42.393],[18.5949,42.3837],[18.6167,42.3681],[18.6384,42.3703],[18.6532,42.3663],[18.6535,42.3674],[18.7141,42.3377],[18.7145,42.3253],[18.7295,42.3116],[18.7625,42.2912],[18.7786,42.2715],[18.7887,42.276],[18.8136,42.2891],[18.8256,42.2832],[18.8314,42.2775],[18.8332,42.2795],[18.8946,42.2495],[18.9001,42.2449],[18.9017,42.2375],[18.9133,42.2222],[18.9465,42.2038],[18.9811,42.1637],[19.0157,42.1237],[19.0539,42.0795],[19.0976,42.0289],[19.1075,42.0174],[19.161,41.9555],[19.1616,41.9553],[19.1623,41.9479],[19.1703,41.938],[19.2202,41.9189],[19.2679,41.9071],[19.3394,41.8702],[19.3469,41.864],[19.3651,41.8524],[19.3929,41.859],[19.4396,41.8147],[19.468,41.7877],[19.4964,41.7877],[19.4964,41.7848],[19.5223,41.7848],[19.5223,41.8382],[19.5295,41.8357],[19.5266,41.8469],[19.4662,41.8826],[19.4732,41.9139],[19.5474,41.8899],[19.5732,41.9028],[19.5601,41.9387],[19.5913,41.9436],[19.6254,41.9337],[19.6309,41.9104],[19.6754,41.9144],[19.7229,41.8953],[19.751,41.9116],[19.7393,41.9378],[19.7955,41.9465],[19.8415,41.9371],[19.8731,41.9617],[19.9017,41.9689],[19.9433,41.9116],[19.9349,41.8866],[19.9532,41.8762],[20.005,41.88],[20.0236,41.9035],[20.0703,41.9326],[20.0882,41.9631],[20.1723,41.9999],[20.2126,42.0282],[20.1741,42.0581],[20.1428,42.0533],[20.163,42.0818],[20.1593,42.1043],[20.1934,42.1388],[20.2325,42.1604],[20.2356,42.1924],[20.1816,42.2156],[20.1505,42.2156],[20.0369,42.2565],[20.0004,42.262],[19.9834,42.2497],[19.9241,42.2517],[19.87,42.223],[19.8239,42.2345],[19.8306,42.2764],[19.8102,42.3398],[19.8099,42.385],[19.7892,42.4141],[19.8291,42.4687],[19.8733,42.4868],[19.9075,42.5064],[19.9563,42.5053],[19.9818,42.5108],[20.0177,42.5462],[20.0392,42.5578],[20.065,42.5468],[20.077,42.5599],[20.0757,42.6031],[20.1039,42.6531],[20.0942,42.667],[20.037,42.7074],[20.0248,42.7234],[20.0265,42.7432],[20.0556,42.7639],[20.0763,42.7734],[20.1121,42.7665],[20.1495,42.7499],[20.1834,42.7425],[20.2084,42.7633],[20.2092,42.7917],[20.2261,42.8068],[20.2644,42.8173],[20.3192,42.8241],[20.3454,42.8274],[20.3552,42.8662],[20.3536,42.891],[20.3371,42.907],[20.2756,42.9299],[20.2232,42.9577],[20.1946,42.9668],[20.1295,42.9736],[20.1169,42.9767],[20.0563,43.0208],[20.0544,43.0222],[20.0199,43.0473],[19.9597,43.0786],[19.9292,43.1139],[19.9071,43.1133],[19.8722,43.0904],[19.8051,43.09],[19.7818,43.0965],[19.7428,43.1265],[19.7136,43.1656],[19.6846,43.1567],[19.6187,43.1682],[19.5809,43.1878],[19.5478,43.2188],[19.5124,43.2406],[19.4731,43.2933],[19.414,43.3384],[19.3556,43.3931],[19.2184,43.4382],[19.1922,43.4545],[19.1759,43.4809],[19.1752,43.5096],[19.1953,43.5328],[19.2175,43.5328],[19.2527,43.5886],[19.3009,43.5883],[19.3466,43.6088],[19.3805,43.5856],[19.4107,43.5408],[19.4318,43.5711],[19.4817,43.5608],[19.4756,43.6026],[19.4817,43.6289],[19.5074,43.6472],[19.5057,43.6736],[19.4617,43.7621],[19.3595,43.8422],[19.2754,43.9333],[19.241,43.9524],[19.225,43.9215],[19.1274,43.9987],[19.0057,44.0474],[18.9084,44.092],[18.7366,44.1203],[18.7631,44.1488],[18.7867,44.1804],[18.7924,44.2148],[18.7824,44.2462],[18.7523,44.2992],[18.7452,44.3407],[18.7538,44.3578],[18.8067,44.3736],[18.8382,44.4165],[18.9226,44.4265],[19.0199,44.4759],[19.0284,44.4902],[19.0311,44.5675],[19.0993,44.5942],[19.1472,44.575],[19.1796,44.5383],[19.1863,44.5693],[19.2557,44.6456],[19.2776,44.6849],[19.3084,44.7051],[19.3284,44.734],[19.3637,44.8546],[19.3766,44.863],[19.357,44.8959],[19.3102,44.9124],[19.2395,44.9151],[19.2019,44.9084],[19.1743,44.9254],[19.0846,44.879],[19.0158,44.8656],[18.9749,44.8628],[18.8896,44.8612],[18.8587,44.8685],[18.8421,44.8762],[18.8178,44.8875],[18.7834,44.9137],[18.7726,44.9425],[18.8046,44.9738],[18.789,45.0057],[18.7501,45.0122],[18.7263,45.0261],[18.689,45.0802],[18.6661,45.083],[18.6581,45.0663],[18.6405,45.0654],[18.6167,45.0977],[18.5348,45.0884],[18.5411,45.0553],[18.517,45.0559],[18.4817,45.0669],[18.4518,45.085],[18.412,45.1124],[18.3929,45.1186],[18.3223,45.1229],[18.262,45.1507],[18.2379,45.1575],[18.2023,45.1441],[18.1993,45.119],[18.1749,45.1008],[18.1437,45.0977],[18.0903,45.108],[18.0191,45.1494],[17.9885,45.1438],[17.9277,45.092],[17.9026,45.0778],[17.8357,45.0644],[17.7975,45.082],[17.7657,45.111],[17.7399,45.0723],[17.7425,45.024],[17.7632,44.9791],[17.7628,44.9293],[17.7332,44.9092],[17.7222,44.8751],[17.7233,44.816],[17.7799,44.7194],[17.817,44.7059],[17.8883,44.7198],[17.8353,44.639],[17.8353,44.6161],[17.8568,44.5874],[17.9154,44.546],[17.9169,44.4701],[17.8568,44.4301],[17.7652,44.3929],[17.7328,44.3753],[17.688,44.3757],[17.6007,44.3643],[17.502,44.3657],[17.4648,44.3943],[17.439,44.4258],[17.4076,44.4415],[17.2674,44.4451],[17.2273,44.4608],[17.1514,44.458],[17.1443,44.4294],[17.1529,44.3249],[17.1858,44.2577],[17.2631,44.1819],[17.2731,44.1432],[17.249,44.0679],[17.2909,44.0174],[17.328,43.9447],[17.3729,43.9102],[17.4259,43.9076],[17.4593,43.8604],[17.4656,43.8428],[17.418,43.8586],[17.3835,43.8415],[17.3809,43.7819],[17.3915,43.7449],[17.4445,43.7395],[17.5305,43.6504],[17.5265,43.619],[17.4987,43.5872],[17.3915,43.574],[17.2988,43.5383],[17.2724,43.5383],[17.2538,43.5595],[17.23,43.5647],[17.1691,43.5462],[17.1175,43.5462],[17.0623,43.5277]]]}},
{"type":"Feature","properties":{"entityId":"south-slavic-principalities","from":933,"to":960,"certainty":"estimated","source":"유럽 쪽은 Natural Earth 1:10m admin-1(v5.1.2) 현대 행정구역 조각을 그 시기 국경에 맞춰 묶고, 조각이 역사 경계와 다른 곳은 선을 그어 나눈 근사. 유럽 밖(시베리아·중앙아시아·극동)은 대략적인 추정. 운영자 검수 필요"},"geometry":{"type":"Polygon","coordinates":[[[17.0623,43.5277],[17.1428,43.4893],[17.2395,43.4784],[17.2705,43.4632],[17.2864,43.4374],[17.2676,43.3533],[17.2899,43.3034],[17.3287,43.2604],[17.4002,43.216],[17.4268,43.1657],[17.4509,43.1482],[17.4063,43.1418],[17.3531,43.1568],[17.4063,43.1005],[17.3654,43.0792],[17.3588,43.0857],[17.3588,43.063],[17.3292,43.063],[17.3292,43.0764],[17.2262,43.0764],[17.2262,43.064],[17.1747,43.064],[17.1747,43.0569],[17.2262,43.0249],[17.2274,43.0241],[17.2258,43.0242],[17.221,43.0259],[17.2094,43.0259],[17.1587,43.031],[17.15,43.0303],[17.15,43.025],[17.4,43],[17.5,42.96],[17.62,42.97],[17.6523,43.0055],[17.6593,42.9934],[17.6627,42.9657],[17.6345,42.9504],[17.5807,42.9421],[17.587,42.9387],[17.587,42.9283],[17.5612,42.9338],[17.5612,42.9471],[17.5354,42.9538],[17.5354,42.9272],[17.5733,42.9272],[17.587,42.921],[17.587,42.9005],[17.6127,42.893],[17.6385,42.8854],[17.6385,42.8976],[17.6533,42.8909],[17.6795,42.9157],[17.7016,42.9195],[17.7867,42.9014],[17.8118,42.9099],[17.8262,42.8886],[17.8272,42.8531],[17.8585,42.817],[17.9045,42.8045],[17.9719,42.755],[18.2241,42.6281],[18.3116,42.6012],[18.3387,42.6025],[18.3698,42.5744],[18.4374,42.5592],[18.442,42.543],[18.4364,42.5108],[18.4371,42.4934],[18.4443,42.4779],[18.4677,42.4534],[18.4929,42.4424],[18.4964,42.4163],[18.5103,42.4053],[18.5197,42.4332],[18.5476,42.4291],[18.5452,42.4236],[18.553,42.4136],[18.5781,42.4004],[18.5706,42.393],[18.5949,42.3837],[18.6167,42.3681],[18.6384,42.3703],[18.6532,42.3663],[18.6535,42.3674],[18.7141,42.3377],[18.7145,42.3253],[18.7295,42.3116],[18.7625,42.2912],[18.7786,42.2715],[18.7887,42.276],[18.8136,42.2891],[18.8256,42.2832],[18.8314,42.2775],[18.8332,42.2795],[18.8946,42.2495],[18.9001,42.2449],[18.9017,42.2375],[18.9133,42.2222],[18.9465,42.2038],[18.9811,42.1637],[19.0157,42.1237],[19.0539,42.0795],[19.0976,42.0289],[19.1075,42.0174],[19.161,41.9555],[19.1616,41.9553],[19.1623,41.9479],[19.1703,41.938],[19.2202,41.9189],[19.2679,41.9071],[19.3394,41.8702],[19.3469,41.864],[19.3651,41.8524],[19.3929,41.859],[19.4396,41.8147],[19.468,41.7877],[19.4964,41.7877],[19.4964,41.7848],[19.5223,41.7848],[19.5223,41.8382],[19.5295,41.8357],[19.5266,41.8469],[19.4662,41.8826],[19.4732,41.9139],[19.5474,41.8899],[19.5732,41.9028],[19.5601,41.9387],[19.5913,41.9436],[19.6254,41.9337],[19.6309,41.9104],[19.6754,41.9144],[19.7229,41.8953],[19.751,41.9116],[19.7393,41.9378],[19.7955,41.9465],[19.8415,41.9371],[19.8731,41.9617],[19.9017,41.9689],[19.9433,41.9116],[19.9349,41.8866],[19.9532,41.8762],[20.005,41.88],[20.0236,41.9035],[20.0703,41.9326],[20.0882,41.9631],[20.1723,41.9999],[20.2126,42.0282],[20.1741,42.0581],[20.1428,42.0533],[20.163,42.0818],[20.1593,42.1043],[20.1934,42.1388],[20.2325,42.1604],[20.2356,42.1924],[20.1816,42.2156],[20.1505,42.2156],[20.0369,42.2565],[20.0004,42.262],[19.9834,42.2497],[19.9241,42.2517],[19.87,42.223],[19.8239,42.2345],[19.8306,42.2764],[19.8102,42.3398],[19.8099,42.385],[19.7892,42.4141],[19.8291,42.4687],[19.8733,42.4868],[19.9075,42.5064],[19.9563,42.5053],[19.9818,42.5108],[20.0177,42.5462],[20.0392,42.5578],[20.065,42.5468],[20.077,42.5599],[20.0757,42.6031],[20.1039,42.6531],[20.0942,42.667],[20.037,42.7074],[20.0248,42.7234],[20.0265,42.7432],[20.0556,42.7639],[20.0763,42.7734],[20.1121,42.7665],[20.1495,42.7499],[20.1834,42.7425],[20.2084,42.7633],[20.2092,42.7917],[20.2261,42.8068],[20.2644,42.8173],[20.3192,42.8241],[20.3454,42.8274],[20.428,42.8406],[20.4763,42.8555],[20.4988,42.8779],[20.4944,42.8875],[20.4889,42.8992],[20.451,42.922],[20.4595,42.95],[20.4764,42.9664],[20.5305,42.9752],[20.5624,43.0095],[20.5964,43.0071],[20.6173,43.0221],[20.6438,43.0523],[20.6649,43.0854],[20.6692,43.1098],[20.6321,43.1173],[20.5975,43.185],[20.6123,43.2023],[20.6616,43.209],[20.667,43.2097],[20.7453,43.2529],[20.7695,43.2608],[20.8097,43.2596],[20.8075,43.3013],[20.8365,43.3282],[20.8291,43.383],[20.7731,43.3887],[20.7693,43.413],[20.7812,43.4771],[20.7603,43.5092],[20.7946,43.5042],[20.8336,43.5148],[20.8528,43.499],[20.8889,43.4929],[20.9452,43.506],[20.919,43.5354],[20.9081,43.5643],[20.9153,43.5885],[20.9504,43.6093],[20.9162,43.6383],[20.8781,43.6445],[20.9148,43.6728],[20.9164,43.7269],[20.957,43.7282],[20.9247,43.7552],[20.9084,43.8074],[20.938,43.8054],[20.9507,43.8234],[21.0147,43.8547],[20.9998,43.892],[21.0437,43.9056],[21.0431,43.9321],[21.0624,43.9469],[21.0407,43.9736],[21.0644,43.9912],[21.0906,43.9937],[21.1009,44.0298],[21.0543,44.0474],[21.1327,44.0862],[21.123,44.1208],[21.1433,44.1534],[21.1392,44.1833],[21.0849,44.2018],[21.0515,44.1999],[20.9775,44.2319],[20.9739,44.259],[20.904,44.2419],[20.8398,44.26],[20.8163,44.2576],[20.8232,44.284],[20.772,44.2978],[20.7314,44.3227],[20.6846,44.3347],[20.6498,44.3218],[20.623,44.3398],[20.6065,44.3737],[20.5431,44.3556],[20.5379,44.3857],[20.4838,44.3989],[20.4422,44.4189],[20.4095,44.4026],[20.3996,44.3821],[20.4312,44.3603],[20.4003,44.3247],[20.3891,44.2943],[20.4154,44.2841],[20.4231,44.2418],[20.3975,44.2046],[20.3791,44.2],[20.3685,44.1737],[20.3396,44.1682],[20.328,44.1472],[20.2885,44.1229],[20.2292,44.1116],[20.1743,44.1113],[20.1291,44.0967],[20.1246,44.0737],[20.062,44.0853],[20.0095,44.1042],[19.9778,44.0756],[19.9508,44.0793],[19.9061,44.1029],[19.9082,44.1212],[19.861,44.1288],[19.8264,44.1053],[19.796,44.1213],[19.7739,44.1124],[19.8064,44.0835],[19.8109,44.0602],[19.7812,44.0535],[19.7413,44.1045],[19.6755,44.1251],[19.6593,44.1374],[19.6182,44.1437],[19.6093,44.1233],[19.546,44.1138],[19.5162,44.0912],[19.4764,44.127],[19.4597,44.1527],[19.4426,44.1432],[19.3624,44.1912],[19.354,44.2243],[19.3243,44.264],[19.2959,44.2758],[19.2637,44.2702],[19.1772,44.287],[19.1389,44.3093],[19.1167,44.3437],[19.1072,44.3827],[19.1414,44.4308],[19.1434,44.4582],[19.1299,44.5183],[19.1796,44.5383],[19.1863,44.5693],[19.2557,44.6456],[19.2776,44.6849],[19.3084,44.7051],[19.3284,44.734],[19.3637,44.8546],[19.3766,44.863],[19.357,44.8959],[19.3102,44.9124],[19.2395,44.9151],[19.2019,44.9084],[19.1743,44.9254],[19.0846,44.879],[19.0158,44.8656],[18.9749,44.8628],[18.8896,44.8612],[18.8587,44.8685],[18.8421,44.8762],[18.8178,44.8875],[18.7834,44.9137],[18.7726,44.9425],[18.8046,44.9738],[18.789,45.0057],[18.7501,45.0122],[18.7263,45.0261],[18.689,45.0802],[18.6661,45.083],[18.6581,45.0663],[18.6405,45.0654],[18.6167,45.0977],[18.5348,45.0884],[18.5411,45.0553],[18.517,45.0559],[18.4817,45.0669],[18.4518,45.085],[18.412,45.1124],[18.3929,45.1186],[18.3223,45.1229],[18.262,45.1507],[18.2379,45.1575],[18.2023,45.1441],[18.1993,45.119],[18.1749,45.1008],[18.1437,45.0977],[18.0903,45.108],[18.0191,45.1494],[17.9885,45.1438],[17.9277,45.092],[17.9026,45.0778],[17.8357,45.0644],[17.7975,45.082],[17.7657,45.111],[17.7399,45.0723],[17.7425,45.024],[17.7632,44.9791],[17.7628,44.9293],[17.7332,44.9092],[17.7222,44.8751],[17.7233,44.816],[17.7799,44.7194],[17.817,44.7059],[17.8883,44.7198],[17.8353,44.639],[17.8353,44.6161],[17.8568,44.5874],[17.9154,44.546],[17.9169,44.4701],[17.8568,44.4301],[17.7652,44.3929],[17.7328,44.3753],[17.688,44.3757],[17.6007,44.3643],[17.502,44.3657],[17.4648,44.3943],[17.439,44.4258],[17.4076,44.4415],[17.2674,44.4451],[17.2273,44.4608],[17.1514,44.458],[17.1443,44.4294],[17.1529,44.3249],[17.1858,44.2577],[17.2631,44.1819],[17.2731,44.1432],[17.249,44.0679],[17.2909,44.0174],[17.328,43.9447],[17.3729,43.9102],[17.4259,43.9076],[17.4593,43.8604],[17.4656,43.8428],[17.418,43.8586],[17.3835,43.8415],[17.3809,43.7819],[17.3915,43.7449],[17.4445,43.7395],[17.5305,43.6504],[17.5265,43.619],[17.4987,43.5872],[17.3915,43.574],[17.2988,43.5383],[17.2724,43.5383],[17.2538,43.5595],[17.23,43.5647],[17.1691,43.5462],[17.1175,43.5462],[17.0623,43.5277]]]}},
{"type":"Feature","properties":{"entityId":"south-slavic-principalities","from":960,"to":971,"certainty":"estimated","source":"유럽 쪽은 Natural Earth 1:10m admin-1(v5.1.2) 현대 행정구역 조각을 그 시기 국경에 맞춰 묶고, 조각이 역사 경계와 다른 곳은 선을 그어 나눈 근사. 유럽 밖(시베리아·중앙아시아·극동)은 대략적인 추정. 운영자 검수 필요"},"geometry":{"type":"Polygon","coordinates":[[[17.0623,43.5277],[17.1428,43.4893],[17.2395,43.4784],[17.2705,43.4632],[17.2864,43.4374],[17.2676,43.3533],[17.2899,43.3034],[17.3287,43.2604],[17.4002,43.216],[17.4268,43.1657],[17.4509,43.1482],[17.4063,43.1418],[17.3531,43.1568],[17.4063,43.1005],[17.3654,43.0792],[17.3588,43.0857],[17.3588,43.063],[17.3292,43.063],[17.3292,43.0764],[17.2262,43.0764],[17.2262,43.064],[17.1747,43.064],[17.1747,43.0569],[17.2262,43.0249],[17.2274,43.0241],[17.2258,43.0242],[17.221,43.0259],[17.2094,43.0259],[17.1587,43.031],[17.15,43.0303],[17.15,43.025],[17.4,43],[17.5,42.96],[17.62,42.97],[17.6523,43.0055],[17.6593,42.9934],[17.6627,42.9657],[17.6345,42.9504],[17.5807,42.9421],[17.587,42.9387],[17.587,42.9283],[17.5612,42.9338],[17.5612,42.9471],[17.5354,42.9538],[17.5354,42.9272],[17.5733,42.9272],[17.587,42.921],[17.587,42.9005],[17.6127,42.893],[17.6385,42.8854],[17.6385,42.8976],[17.6533,42.8909],[17.6795,42.9157],[17.7016,42.9195],[17.7867,42.9014],[17.8118,42.9099],[17.8262,42.8886],[17.8272,42.8531],[17.8585,42.817],[17.9045,42.8045],[17.9719,42.755],[18.2241,42.6281],[18.3116,42.6012],[18.3387,42.6025],[18.3698,42.5744],[18.4374,42.5592],[18.442,42.543],[18.4364,42.5108],[18.4371,42.4934],[18.4443,42.4779],[18.4677,42.4534],[18.4929,42.4424],[18.4964,42.4163],[18.5103,42.4053],[18.5197,42.4332],[18.5476,42.4291],[18.5452,42.4236],[18.553,42.4136],[18.5781,42.4004],[18.5706,42.393],[18.5949,42.3837],[18.6167,42.3681],[18.6384,42.3703],[18.6532,42.3663],[18.6535,42.3674],[18.7141,42.3377],[18.7145,42.3253],[18.7295,42.3116],[18.7625,42.2912],[18.7786,42.2715],[18.7887,42.276],[18.8136,42.2891],[18.8256,42.2832],[18.8314,42.2775],[18.8332,42.2795],[18.8946,42.2495],[18.9001,42.2449],[18.9017,42.2375],[18.9133,42.2222],[18.9465,42.2038],[18.9811,42.1637],[19.0157,42.1237],[19.0539,42.0795],[19.0976,42.0289],[19.1075,42.0174],[19.161,41.9555],[19.1616,41.9553],[19.1623,41.9479],[19.1703,41.938],[19.2202,41.9189],[19.2679,41.9071],[19.3394,41.8702],[19.3469,41.864],[19.3651,41.8524],[19.3929,41.859],[19.4396,41.8147],[19.468,41.7877],[19.4964,41.7877],[19.4964,41.7848],[19.5223,41.7848],[19.5223,41.8382],[19.5295,41.8357],[19.5266,41.8469],[19.4662,41.8826],[19.4732,41.9139],[19.5474,41.8899],[19.5732,41.9028],[19.5601,41.9387],[19.5913,41.9436],[19.6254,41.9337],[19.6309,41.9104],[19.6754,41.9144],[19.7229,41.8953],[19.751,41.9116],[19.7393,41.9378],[19.7955,41.9465],[19.8415,41.9371],[19.8731,41.9617],[19.9017,41.9689],[19.9433,41.9116],[19.9349,41.8866],[19.9532,41.8762],[20.005,41.88],[20.0236,41.9035],[20.0703,41.9326],[20.0882,41.9631],[20.1723,41.9999],[20.2126,42.0282],[20.1741,42.0581],[20.1428,42.0533],[20.163,42.0818],[20.1593,42.1043],[20.1934,42.1388],[20.2325,42.1604],[20.2356,42.1924],[20.1816,42.2156],[20.1505,42.2156],[20.0369,42.2565],[20.0004,42.262],[19.9834,42.2497],[19.9241,42.2517],[19.87,42.223],[19.8239,42.2345],[19.8306,42.2764],[19.8102,42.3398],[19.8099,42.385],[19.7892,42.4141],[19.8291,42.4687],[19.8733,42.4868],[19.9075,42.5064],[19.9563,42.5053],[19.9818,42.5108],[20.0177,42.5462],[20.0392,42.5578],[20.065,42.5468],[20.077,42.5599],[20.0757,42.6031],[20.1039,42.6531],[20.0942,42.667],[20.037,42.7074],[20.0248,42.7234],[20.0265,42.7432],[20.0556,42.7639],[20.0763,42.7734],[20.1121,42.7665],[20.1495,42.7499],[20.1834,42.7425],[20.2084,42.7633],[20.2092,42.7917],[20.2261,42.8068],[20.2644,42.8173],[20.3192,42.8241],[20.3454,42.8274],[20.428,42.8406],[20.4763,42.8555],[20.4988,42.8779],[20.4944,42.8875],[20.4889,42.8992],[20.451,42.922],[20.4595,42.95],[20.4764,42.9664],[20.5305,42.9752],[20.5624,43.0095],[20.5964,43.0071],[20.6173,43.0221],[20.6438,43.0523],[20.6649,43.0854],[20.6692,43.1098],[20.6321,43.1173],[20.5975,43.185],[20.6123,43.2023],[20.6616,43.209],[20.667,43.2097],[20.7453,43.2529],[20.7695,43.2608],[20.8097,43.2596],[20.8075,43.3013],[20.8365,43.3282],[20.8291,43.383],[20.7731,43.3887],[20.7693,43.413],[20.7812,43.4771],[20.7603,43.5092],[20.7946,43.5042],[20.8336,43.5148],[20.8528,43.499],[20.8889,43.4929],[20.9452,43.506],[20.919,43.5354],[20.9081,43.5643],[20.9153,43.5885],[20.9504,43.6093],[20.9162,43.6383],[20.8781,43.6445],[20.9148,43.6728],[20.9164,43.7269],[20.957,43.7282],[20.9247,43.7552],[20.9084,43.8074],[20.938,43.8054],[20.9507,43.8234],[21.0147,43.8547],[20.9998,43.892],[21.0437,43.9056],[21.0431,43.9321],[21.0624,43.9469],[21.0407,43.9736],[21.0644,43.9912],[21.0906,43.9937],[21.1009,44.0298],[21.0543,44.0474],[21.1327,44.0862],[21.123,44.1208],[21.1433,44.1534],[21.1392,44.1833],[21.0849,44.2018],[21.0515,44.1999],[20.9775,44.2319],[20.9739,44.259],[20.904,44.2419],[20.8398,44.26],[20.8163,44.2576],[20.8232,44.284],[20.772,44.2978],[20.7314,44.3227],[20.6846,44.3347],[20.6498,44.3218],[20.623,44.3398],[20.6065,44.3737],[20.5431,44.3556],[20.5379,44.3857],[20.4838,44.3989],[20.4422,44.4189],[20.4095,44.4026],[20.3996,44.3821],[20.4312,44.3603],[20.4003,44.3247],[20.3891,44.2943],[20.4154,44.2841],[20.4231,44.2418],[20.3975,44.2046],[20.3791,44.2],[20.3685,44.1737],[20.3396,44.1682],[20.328,44.1472],[20.2885,44.1229],[20.2292,44.1116],[20.1743,44.1113],[20.1291,44.0967],[20.1246,44.0737],[20.062,44.0853],[20.0095,44.1042],[19.9778,44.0756],[19.9508,44.0793],[19.9061,44.1029],[19.9082,44.1212],[19.861,44.1288],[19.8264,44.1053],[19.796,44.1213],[19.7739,44.1124],[19.8064,44.0835],[19.8109,44.0602],[19.7812,44.0535],[19.7413,44.1045],[19.6755,44.1251],[19.6593,44.1374],[19.6182,44.1437],[19.6093,44.1233],[19.546,44.1138],[19.5162,44.0912],[19.4764,44.127],[19.4597,44.1527],[19.4426,44.1432],[19.3624,44.1912],[19.354,44.2243],[19.3243,44.264],[19.2959,44.2758],[19.2637,44.2702],[19.1772,44.287],[19.1389,44.3093],[19.1167,44.3437],[19.1072,44.3827],[19.1414,44.4308],[19.1434,44.4582],[19.1299,44.5183],[19.1796,44.5383],[19.1472,44.575],[19.0993,44.5942],[19.0311,44.5675],[19.0284,44.4902],[19.0199,44.4759],[18.9226,44.4265],[18.8382,44.4165],[18.8067,44.3736],[18.7538,44.3578],[18.7452,44.3407],[18.7523,44.2992],[18.7824,44.2462],[18.7924,44.2148],[18.7867,44.1804],[18.7631,44.1488],[18.7366,44.1203],[18.9084,44.092],[19.0057,44.0474],[19.1274,43.9987],[19.225,43.9215],[19.2166,43.9055],[19.2247,43.8527],[19.2207,43.8162],[19.2409,43.7757],[19.2207,43.7514],[19.1761,43.7554],[19.1436,43.7716],[19.0706,43.7838],[19.0017,43.7676],[18.9497,43.742],[18.9726,43.7248],[19.0284,43.7176],[19.0456,43.7019],[19.0571,43.6733],[19.0513,43.659],[19.0199,43.6547],[18.9626,43.6175],[18.8854,43.5917],[18.7609,43.576],[18.6937,43.5832],[18.6493,43.5989],[18.583,43.6367],[18.5527,43.6171],[18.4684,43.6139],[18.4294,43.5879],[18.3904,43.5939],[18.3827,43.5883],[18.3029,43.6021],[18.2896,43.5743],[18.2618,43.578],[18.1977,43.6046],[18.182,43.6542],[18.1493,43.6771],[18.0961,43.6747],[18.0587,43.6809],[18.0345,43.7063],[18.0069,43.7747],[17.9437,43.7763],[17.9158,43.7981],[17.8905,43.8368],[17.8119,43.8392],[17.7551,43.8175],[17.7163,43.8139],[17.6425,43.8393],[17.5967,43.8477],[17.5251,43.8369],[17.4593,43.8604],[17.4656,43.8428],[17.418,43.8586],[17.3835,43.8415],[17.3809,43.7819],[17.3915,43.7449],[17.4445,43.7395],[17.5305,43.6504],[17.5265,43.619],[17.4987,43.5872],[17.3915,43.574],[17.2988,43.5383],[17.2724,43.5383],[17.2538,43.5595],[17.23,43.5647],[17.1691,43.5462],[17.1175,43.5462],[17.0623,43.5277]]]}},
{"type":"Feature","properties":{"entityId":"south-slavic-principalities","from":971,"to":1000,"certainty":"estimated","source":"유럽 쪽은 Natural Earth 1:10m admin-1(v5.1.2) 현대 행정구역 조각을 그 시기 국경에 맞춰 묶고, 조각이 역사 경계와 다른 곳은 선을 그어 나눈 근사. 유럽 밖(시베리아·중앙아시아·극동)은 대략적인 추정. 운영자 검수 필요"},"geometry":{"type":"Polygon","coordinates":[[[17.0623,43.5277],[17.1428,43.4893],[17.2395,43.4784],[17.2705,43.4632],[17.2864,43.4374],[17.2676,43.3533],[17.2899,43.3034],[17.3287,43.2604],[17.4002,43.216],[17.4268,43.1657],[17.4509,43.1482],[17.4063,43.1418],[17.3531,43.1568],[17.4063,43.1005],[17.3654,43.0792],[17.3588,43.0857],[17.3588,43.063],[17.3292,43.063],[17.3292,43.0764],[17.2262,43.0764],[17.2262,43.064],[17.1747,43.064],[17.1747,43.0569],[17.2262,43.0249],[17.2274,43.0241],[17.2258,43.0242],[17.221,43.0259],[17.2094,43.0259],[17.1587,43.031],[17.15,43.0303],[17.15,43.025],[17.4,43],[17.5,42.96],[17.62,42.97],[17.6523,43.0055],[17.6593,42.9934],[17.6627,42.9657],[17.6345,42.9504],[17.5807,42.9421],[17.587,42.9387],[17.587,42.9283],[17.5612,42.9338],[17.5612,42.9471],[17.5354,42.9538],[17.5354,42.9272],[17.5733,42.9272],[17.587,42.921],[17.587,42.9005],[17.6127,42.893],[17.6385,42.8854],[17.6385,42.8976],[17.6533,42.8909],[17.6795,42.9157],[17.7016,42.9195],[17.7867,42.9014],[17.8118,42.9099],[17.8262,42.8886],[17.8272,42.8531],[17.8585,42.817],[17.9045,42.8045],[17.9719,42.755],[18.2241,42.6281],[18.3116,42.6012],[18.3387,42.6025],[18.3698,42.5744],[18.4374,42.5592],[18.442,42.543],[18.4364,42.5108],[18.4371,42.4934],[18.4443,42.4779],[18.4677,42.4534],[18.4929,42.4424],[18.4964,42.4163],[18.5103,42.4053],[18.5197,42.4332],[18.5476,42.4291],[18.5452,42.4236],[18.553,42.4136],[18.5781,42.4004],[18.5706,42.393],[18.5949,42.3837],[18.6167,42.3681],[18.6384,42.3703],[18.6532,42.3663],[18.6535,42.3674],[18.7141,42.3377],[18.7145,42.3253],[18.7295,42.3116],[18.7625,42.2912],[18.7786,42.2715],[18.7887,42.276],[18.8136,42.2891],[18.8256,42.2832],[18.8314,42.2775],[18.8332,42.2795],[18.8946,42.2495],[18.9001,42.2449],[18.9017,42.2375],[18.9133,42.2222],[18.9465,42.2038],[18.9811,42.1637],[19.0157,42.1237],[19.0539,42.0795],[19.0976,42.0289],[19.1075,42.0174],[19.161,41.9555],[19.1616,41.9553],[19.1623,41.9479],[19.1703,41.938],[19.2202,41.9189],[19.2679,41.9071],[19.3394,41.8702],[19.3469,41.864],[19.3651,41.8524],[19.3929,41.859],[19.4396,41.8147],[19.468,41.7877],[19.4964,41.7877],[19.4964,41.7848],[19.5223,41.7848],[19.5223,41.8382],[19.5295,41.8357],[19.5266,41.8469],[19.4662,41.8826],[19.4732,41.9139],[19.5474,41.8899],[19.5732,41.9028],[19.5601,41.9387],[19.5913,41.9436],[19.6254,41.9337],[19.6309,41.9104],[19.6754,41.9144],[19.7229,41.8953],[19.751,41.9116],[19.7393,41.9378],[19.7955,41.9465],[19.8415,41.9371],[19.8731,41.9617],[19.9017,41.9689],[19.9433,41.9116],[19.9349,41.8866],[19.9532,41.8762],[20.005,41.88],[20.0236,41.9035],[20.0703,41.9326],[20.0882,41.9631],[20.1723,41.9999],[20.2126,42.0282],[20.1741,42.0581],[20.1428,42.0533],[20.163,42.0818],[20.1593,42.1043],[20.1934,42.1388],[20.2325,42.1604],[20.2356,42.1924],[20.1816,42.2156],[20.1505,42.2156],[20.0369,42.2565],[20.0004,42.262],[19.9834,42.2497],[19.9241,42.2517],[19.87,42.223],[19.8239,42.2345],[19.8306,42.2764],[19.8102,42.3398],[19.8099,42.385],[19.7892,42.4141],[19.8291,42.4687],[19.8733,42.4868],[19.9075,42.5064],[19.9563,42.5053],[19.9818,42.5108],[20.0177,42.5462],[20.0392,42.5578],[20.065,42.5468],[20.077,42.5599],[20.0757,42.6031],[20.1039,42.6531],[20.0942,42.667],[20.037,42.7074],[20.0248,42.7234],[20.0265,42.7432],[20.0556,42.7639],[20.0763,42.7734],[20.1121,42.7665],[20.1495,42.7499],[20.1834,42.7425],[20.2084,42.7633],[20.2092,42.7917],[20.2261,42.8068],[20.2644,42.8173],[20.3192,42.8241],[20.3454,42.8274],[20.3552,42.8662],[20.3536,42.891],[20.3371,42.907],[20.2756,42.9299],[20.2232,42.9577],[20.1946,42.9668],[20.1295,42.9736],[20.1169,42.9767],[20.0563,43.0208],[20.0544,43.0222],[20.0199,43.0473],[19.9597,43.0786],[19.9292,43.1139],[19.9071,43.1133],[19.8722,43.0904],[19.8051,43.09],[19.7818,43.0965],[19.7428,43.1265],[19.7136,43.1656],[19.6846,43.1567],[19.6187,43.1682],[19.5809,43.1878],[19.5478,43.2188],[19.5124,43.2406],[19.4731,43.2933],[19.414,43.3384],[19.3556,43.3931],[19.2184,43.4382],[19.1922,43.4545],[19.1759,43.4809],[19.1752,43.5096],[19.1953,43.5328],[19.2175,43.5328],[19.2527,43.5886],[19.3009,43.5883],[19.3466,43.6088],[19.3805,43.5856],[19.4107,43.5408],[19.4318,43.5711],[19.4817,43.5608],[19.4756,43.6026],[19.4817,43.6289],[19.5074,43.6472],[19.5057,43.6736],[19.4617,43.7621],[19.3595,43.8422],[19.2754,43.9333],[19.241,43.9524],[19.225,43.9215],[19.2166,43.9055],[19.2247,43.8527],[19.2207,43.8162],[19.2409,43.7757],[19.2207,43.7514],[19.1761,43.7554],[19.1436,43.7716],[19.0706,43.7838],[19.0017,43.7676],[18.9497,43.742],[18.9726,43.7248],[19.0284,43.7176],[19.0456,43.7019],[19.0571,43.6733],[19.0513,43.659],[19.0199,43.6547],[18.9626,43.6175],[18.8854,43.5917],[18.7609,43.576],[18.6937,43.5832],[18.6493,43.5989],[18.583,43.6367],[18.5527,43.6171],[18.4684,43.6139],[18.4294,43.5879],[18.3904,43.5939],[18.3827,43.5883],[18.3029,43.6021],[18.2896,43.5743],[18.2618,43.578],[18.1977,43.6046],[18.182,43.6542],[18.1493,43.6771],[18.0961,43.6747],[18.0587,43.6809],[18.0345,43.7063],[18.0069,43.7747],[17.9437,43.7763],[17.9158,43.7981],[17.8905,43.8368],[17.8119,43.8392],[17.7551,43.8175],[17.7163,43.8139],[17.6425,43.8393],[17.5967,43.8477],[17.5251,43.8369],[17.4593,43.8604],[17.4656,43.8428],[17.418,43.8586],[17.3835,43.8415],[17.3809,43.7819],[17.3915,43.7449],[17.4445,43.7395],[17.5305,43.6504],[17.5265,43.619],[17.4987,43.5872],[17.3915,43.574],[17.2988,43.5383],[17.2724,43.5383],[17.2538,43.5595],[17.23,43.5647],[17.1691,43.5462],[17.1175,43.5462],[17.0623,43.5277]]]}}
]}
