{"type":"FeatureCollection","features":[
{"type":"Feature","properties":{"entityId":"terra-mariana","from":1207,"to":1214,"certainty":"estimated","source":"유럽 쪽은 Natural Earth 1:10m admin-1(v5.1.2) 현대 행정구역 조각을 그 시기 국경에 맞춰 묶고, 조각이 역사 경계와 다른 곳은 선을 그어 나눈 근사. 유럽 밖(시베리아·중앙아시아·극동)은 대략적인 추정. 운영자 검수 필요"},"geometry":{"type":"Polygon","coordinates":[[[25.2934,56.5911],[25.2354,56.5856],[25.2153,56.5889],[25.1631,56.6129],[25.1386,56.6191],[25.1181,56.6244],[25.0802,56.6215],[25.0495,56.612],[25.0568,56.6013],[25.0422,56.59],[24.95,56.5786],[24.7325,56.5442],[24.6571,56.5436],[24.6713,56.5668],[24.6972,56.5762],[24.6614,56.5883],[24.6568,56.5998],[24.6299,56.6015],[24.5997,56.6207],[24.5897,56.661],[24.6341,56.6769],[24.6009,56.707],[24.5561,56.707],[24.5219,56.7136],[24.4824,56.7047],[24.4434,56.6842],[24.415,56.6743],[24.3837,56.6709],[24.373,56.6663],[24.374,56.6596],[24.3554,56.6616],[24.3359,56.6636],[24.2946,56.6755],[24.2634,56.6904],[24.2578,56.7012],[24.2457,56.7037],[24.2305,56.6994],[24.1959,56.6915],[24.1847,56.6926],[24.1602,56.6701],[24.131,56.6683],[24.0871,56.6821],[24.0339,56.6882],[24.0007,56.6956],[24.0081,56.71],[23.9963,56.7305],[23.9414,56.7286],[23.925,56.7341],[23.9129,56.7454],[23.9009,56.7458],[23.8283,56.7381],[23.8013,56.7295],[23.7839,56.7321],[23.7563,56.7441],[23.7642,56.7683],[23.7597,56.7719],[23.7696,56.8],[23.7341,56.822],[23.7184,56.836],[23.7073,56.8521],[23.6695,56.8749],[23.6262,56.8892],[23.5068,56.8946],[23.492,56.9346],[23.4772,56.9365],[23.4734,56.9435],[23.4998,56.9614],[23.5759,56.9805],[23.5786,56.9821],[23.5851,56.9791],[23.5978,56.9769],[23.5978,57.0132],[23.6271,57.0139],[23.6564,57.0146],[23.7736,57.0176],[23.8908,57.0206],[23.9201,57.0213],[23.9494,57.0221],[23.9586,57.0223],[24.0079,57.0454],[24.0357,57.069],[24.0692,57.0741],[24.1116,57.0939],[24.1422,57.1082],[24.1457,57.1221],[24.1541,57.156],[24.1582,57.1724],[24.1753,57.2413],[24.1857,57.2832],[24.1961,57.325],[24.2065,57.3668],[24.2169,57.4086],[24.3001,57.7431],[24.2996,57.7438],[24.2888,57.8089],[24.2888,57.8453],[24.3062,57.8682],[24.3497,57.8586],[24.4015,57.8665],[24.4291,57.9003],[24.4813,57.9193],[24.5338,57.9451],[24.5824,57.946],[24.6241,57.944],[24.6848,57.9476],[24.7004,57.9542],[24.7335,57.9922],[24.7908,57.979],[24.8274,57.9819],[24.8725,58.0004],[24.9493,58.0064],[24.9748,58.0158],[25.0349,58.0486],[25.0706,58.0636],[25.0942,58.0673],[25.141,58.068],[25.167,58.0587],[25.1807,58.0382],[25.2021,57.992],[25.2325,57.9854],[25.2645,57.9942],[25.2844,58.0081],[25.2776,58.0241],[25.2495,58.0512],[25.2507,58.0685],[25.2635,58.0751],[25.2996,58.0656],[25.3183,58.0406],[25.3337,58.0318],[25.3565,58.0348],[25.3966,58.0232],[25.4197,58.0083],[25.4572,57.9841],[25.4966,57.9706],[25.5417,57.9628],[25.5518,57.9499],[25.5583,57.9342],[25.5794,57.9195],[25.6015,57.9122],[25.6501,57.9114],[25.6661,57.9144],[25.7038,57.9213],[25.7303,57.9231],[25.7675,57.8689],[25.7926,57.856],[26.0027,57.846],[26.0253,57.8284],[26.0131,57.8073],[26.0247,57.7744],[26.1352,57.7248],[26.1685,57.7041],[26.2632,57.6208],[26.2972,57.5991],[26.3513,57.5802],[26.357,57.5707],[26.3412,57.5378],[26.3618,57.5128],[26.3115,57.4993],[26.311,57.4698],[26.326,57.4676],[26.2935,57.4427],[26.3205,57.4238],[26.2991,57.3895],[26.302,57.3748],[26.2775,57.3647],[26.2762,57.331],[26.2803,57.3179],[26.262,57.2819],[26.1303,57.2765],[26.1013,57.2782],[26.0586,57.2653],[26.0586,57.2513],[26.0144,57.2499],[26.0041,57.2438],[26.0134,57.2211],[26.0622,57.2172],[26.0893,57.2099],[26.1025,57.2013],[26.1317,57.172],[26.1682,57.1434],[26.1658,57.1342],[26.1399,57.1085],[26.1168,57.0781],[26.1832,57.0826],[26.2152,57.0891],[26.2717,57.0871],[26.3213,57.0979],[26.3289,57.0719],[26.3694,57.0446],[26.462,57.0613],[26.4973,57.0558],[26.5329,57.0253],[26.5597,56.9789],[26.5682,56.9484],[26.4731,56.8546],[26.5169,56.8249],[26.5122,56.8124],[26.5357,56.8014],[26.5607,56.8092],[26.578,56.8045],[26.6093,56.8186],[26.6202,56.8327],[26.6735,56.8672],[26.6797,56.8844],[26.7126,56.9032],[26.7267,56.8906],[26.8613,56.9],[26.8833,56.8859],[26.8848,56.8734],[26.9099,56.8734],[26.9334,56.8656],[26.9533,56.8467],[26.9285,56.8311],[26.9075,56.818],[26.7829,56.7074],[26.7726,56.681],[26.7439,56.6965],[26.711,56.7075],[26.7079,56.7231],[26.6484,56.7168],[26.6077,56.6902],[26.5764,56.6918],[26.5357,56.6777],[26.3885,56.6777],[26.3756,56.6359],[26.4014,56.6339],[26.4845,56.6061],[26.5225,56.5999],[26.5938,56.5952],[26.5834,56.5635],[26.5959,56.547],[26.6278,56.5437],[26.5952,56.5066],[26.5964,56.4888],[26.5405,56.4897],[26.499,56.4959],[26.458,56.4889],[26.4124,56.4653],[26.3626,56.4508],[26.3531,56.4745],[26.3092,56.5156],[26.2572,56.512],[26.1995,56.473],[26.1912,56.4579],[26.1534,56.4293],[26.0885,56.4064],[26.0553,56.4514],[25.8766,56.4953],[25.8831,56.4757],[25.8452,56.4779],[25.8207,56.4868],[25.8264,56.5272],[25.7869,56.5303],[25.7692,56.5541],[25.7481,56.5664],[25.7561,56.592],[25.7569,56.6123],[25.744,56.6173],[25.6883,56.6008],[25.6467,56.5964],[25.6015,56.5789],[25.5698,56.5767],[25.509,56.5788],[25.4936,56.5891],[25.4955,56.6118],[25.4648,56.6129],[25.4231,56.6273],[25.3984,56.6307],[25.3302,56.5976],[25.2934,56.5911]]]}},
{"type":"Feature","properties":{"entityId":"terra-mariana","from":1214,"to":1224,"certainty":"estimated","source":"유럽 쪽은 Natural Earth 1:10m admin-1(v5.1.2) 현대 행정구역 조각을 그 시기 국경에 맞춰 묶고, 조각이 역사 경계와 다른 곳은 선을 그어 나눈 근사. 유럽 밖(시베리아·중앙아시아·극동)은 대략적인 추정. 운영자 검수 필요"},"geometry":{"type":"Polygon","coordinates":[[[24.95,56.5786],[24.7325,56.5442],[24.6571,56.5436],[24.6713,56.5668],[24.6972,56.5762],[24.6614,56.5883],[24.6568,56.5998],[24.6299,56.6015],[24.5997,56.6207],[24.5897,56.661],[24.6341,56.6769],[24.6009,56.707],[24.5561,56.707],[24.5219,56.7136],[24.4824,56.7047],[24.4434,56.6842],[24.415,56.6743],[24.3837,56.6709],[24.373,56.6663],[24.374,56.6596],[24.3554,56.6616],[24.3359,56.6636],[24.2946,56.6755],[24.2634,56.6904],[24.2578,56.7012],[24.2457,56.7037],[24.2305,56.6994],[24.1959,56.6915],[24.1847,56.6926],[24.1602,56.6701],[24.131,56.6683],[24.0871,56.6821],[24.0339,56.6882],[24.0007,56.6956],[24.0081,56.71],[23.9963,56.7305],[23.9414,56.7286],[23.925,56.7341],[23.9129,56.7454],[23.9009,56.7458],[23.8283,56.7381],[23.8013,56.7295],[23.7839,56.7321],[23.7563,56.7441],[23.7642,56.7683],[23.7597,56.7719],[23.7696,56.8],[23.7341,56.822],[23.7184,56.836],[23.7073,56.8521],[23.6695,56.8749],[23.6262,56.8892],[23.5068,56.8946],[23.492,56.9346],[23.4772,56.9365],[23.4734,56.9435],[23.4998,56.9614],[23.5759,56.9805],[23.5786,56.9821],[23.5851,56.9791],[23.5978,56.9769],[23.5978,57.0132],[23.6271,57.0139],[23.6564,57.0146],[23.7736,57.0176],[23.8908,57.0206],[23.9201,57.0213],[23.9494,57.0221],[23.9586,57.0223],[24.0079,57.0454],[24.0357,57.069],[24.0692,57.0741],[24.1116,57.0939],[24.1422,57.1082],[24.1457,57.1221],[24.1541,57.156],[24.1582,57.1724],[24.1753,57.2413],[24.1857,57.2832],[24.1961,57.325],[24.2065,57.3668],[24.2169,57.4086],[24.3001,57.7431],[24.2996,57.7438],[24.2888,57.8089],[24.2888,57.8453],[24.3062,57.8682],[24.3497,57.8586],[24.4015,57.8665],[24.4291,57.9003],[24.4813,57.9193],[24.5338,57.9451],[24.5824,57.946],[24.6241,57.944],[24.6848,57.9476],[24.7004,57.9542],[24.7335,57.9922],[24.7908,57.979],[24.8274,57.9819],[24.8725,58.0004],[24.9493,58.0064],[24.9748,58.0158],[25.0349,58.0486],[25.0706,58.0636],[25.0942,58.0673],[25.141,58.068],[25.167,58.0587],[25.1807,58.0382],[25.2021,57.992],[25.2325,57.9854],[25.2645,57.9942],[25.2844,58.0081],[25.2776,58.0241],[25.2495,58.0512],[25.2507,58.0685],[25.2635,58.0751],[25.2996,58.0656],[25.3183,58.0406],[25.3337,58.0318],[25.3565,58.0348],[25.3966,58.0232],[25.4197,58.0083],[25.4572,57.9841],[25.4966,57.9706],[25.5417,57.9628],[25.5518,57.9499],[25.5583,57.9342],[25.5794,57.9195],[25.6015,57.9122],[25.6501,57.9114],[25.6661,57.9144],[25.7038,57.9213],[25.7303,57.9231],[25.7675,57.8689],[25.7926,57.856],[26.0027,57.846],[26.0253,57.8284],[26.0131,57.8073],[26.0247,57.7744],[26.1352,57.7248],[26.1685,57.7041],[26.2632,57.6208],[26.2972,57.5991],[26.3513,57.5802],[26.357,57.5707],[26.3412,57.5378],[26.3618,57.5128],[26.3115,57.4993],[26.311,57.4698],[26.326,57.4676],[26.2935,57.4427],[26.3205,57.4238],[26.2991,57.3895],[26.302,57.3748],[26.2775,57.3647],[26.2762,57.331],[26.2803,57.3179],[26.262,57.2819],[26.1303,57.2765],[26.1013,57.2782],[26.0586,57.2653],[26.0586,57.2513],[26.0144,57.2499],[26.0041,57.2438],[26.0134,57.2211],[26.0622,57.2172],[26.0893,57.2099],[26.1025,57.2013],[26.1317,57.172],[26.1682,57.1434],[26.1658,57.1342],[26.1399,57.1085],[26.1168,57.0781],[26.1832,57.0826],[26.2152,57.0891],[26.2717,57.0871],[26.3213,57.0979],[26.3289,57.0719],[26.3694,57.0446],[26.462,57.0613],[26.4973,57.0558],[26.5329,57.0253],[26.5597,56.9789],[26.5682,56.9484],[26.4731,56.8546],[26.5169,56.8249],[26.5122,56.8124],[26.5357,56.8014],[26.5607,56.8092],[26.578,56.8045],[26.6093,56.8186],[26.6202,56.8327],[26.6735,56.8672],[26.6797,56.8844],[26.7126,56.9032],[26.7267,56.8906],[26.8613,56.9],[26.8833,56.8859],[26.8848,56.8734],[26.9099,56.8734],[26.9334,56.8656],[26.9533,56.8467],[26.9285,56.8311],[26.9075,56.818],[26.7829,56.7074],[26.7726,56.681],[26.7439,56.6965],[26.711,56.7075],[26.7079,56.7231],[26.6484,56.7168],[26.6077,56.6902],[26.5764,56.6918],[26.5357,56.6777],[26.3885,56.6777],[26.3756,56.6359],[26.4014,56.6339],[26.4845,56.6061],[26.5225,56.5999],[26.5938,56.5952],[26.5834,56.5635],[26.5959,56.547],[26.6278,56.5437],[26.7064,56.5461],[26.7223,56.5431],[26.7437,56.5588],[26.7711,56.5561],[26.8157,56.54],[26.8261,56.5242],[26.7755,56.512],[26.8009,56.5072],[26.8076,56.4985],[26.8473,56.4955],[26.8659,56.4858],[26.9023,56.4792],[26.9527,56.4769],[26.9584,56.4611],[26.9331,56.4549],[26.9254,56.4476],[26.8976,56.4113],[26.9518,56.3726],[26.9911,56.3315],[26.9443,56.3129],[26.9598,56.284],[26.9862,56.2632],[27.0016,56.2306],[27.0289,56.2154],[27.038,56.1801],[26.9996,56.1706],[26.9682,56.1689],[26.9318,56.1573],[26.9202,56.1457],[26.9368,56.1358],[26.9285,56.1242],[26.8885,56.1289],[26.8476,56.124],[26.8368,56.1294],[26.8073,56.1273],[26.7747,56.1151],[26.7185,56.1113],[26.6873,56.1255],[26.6479,56.1353],[26.6248,56.1211],[26.6096,56.1322],[26.5566,56.1566],[26.5408,56.1339],[26.5075,56.1323],[26.4845,56.1678],[26.4554,56.1804],[26.4166,56.1835],[26.3809,56.1969],[26.3354,56.1897],[26.3008,56.1833],[26.3283,56.1627],[26.3407,56.1342],[26.3453,56.0935],[26.357,56.0554],[26.3696,56.0438],[26.3655,56.0217],[26.393,55.9777],[26.3726,55.9538],[26.3378,55.9654],[26.2915,55.9406],[26.2865,55.924],[26.3196,55.9075],[26.2766,55.881],[26.3362,55.8397],[26.3494,55.8099],[26.2584,55.8049],[26.2269,55.7969],[26.1786,55.8496],[26.0794,55.8981],[26.0176,55.9374],[25.9613,55.9585],[25.8713,55.9921],[25.7955,56.0401],[25.7663,56.0586],[25.7088,56.081],[25.6878,56.0983],[25.6619,56.1408],[25.6497,56.1438],[25.59,56.1411],[25.5228,56.1566],[25.4548,56.1496],[25.3491,56.1599],[25.1092,56.1831],[25.0731,56.1978],[25.044,56.228],[25.0262,56.2602],[24.9832,56.2905],[24.9621,56.3193],[24.9363,56.3799],[24.9101,56.422],[24.8923,56.4387],[24.871,56.4426],[24.9009,56.4599],[24.9205,56.4867],[25.0135,56.4957],[24.9956,56.5511],[24.9563,56.5511],[24.95,56.5786]]]}},
{"type":"Feature","properties":{"entityId":"terra-mariana","from":1224,"to":1227,"certainty":"estimated","source":"유럽 쪽은 Natural Earth 1:10m admin-1(v5.1.2) 현대 행정구역 조각을 그 시기 국경에 맞춰 묶고, 조각이 역사 경계와 다른 곳은 선을 그어 나눈 근사. 유럽 밖(시베리아·중앙아시아·극동)은 대략적인 추정. 운영자 검수 필요"},"geometry":{"type":"Polygon","coordinates":[[[27.5196,58.1945],[27.5797,58.1259],[27.6304,58.0883],[27.6366,58.0592],[27.6316,58.0042],[27.6691,57.992],[27.6752,57.9678],[27.6594,57.9325],[27.6731,57.9128],[27.7744,57.8907],[27.7993,57.8611],[27.7635,57.8387],[27.7007,57.8248],[27.5563,57.8131],[27.5246,57.8073],[27.5539,57.7948],[27.5024,57.7725],[27.5078,57.7148],[27.4904,57.7046],[27.4077,57.689],[27.377,57.6567],[27.387,57.6276],[27.3748,57.5979],[27.328,57.5832],[27.3529,57.5276],[27.5282,57.5285],[27.5256,57.4684],[27.5113,57.4304],[27.5363,57.4157],[27.6408,57.389],[27.6944,57.3564],[27.6885,57.3326],[27.6723,57.3202],[27.6002,57.2978],[27.5556,57.2589],[27.5189,57.2593],[27.4871,57.2739],[27.4063,57.2631],[27.3549,57.2848],[27.326,57.2774],[27.2759,57.2467],[27.2481,57.249],[27.2205,57.2344],[27.1566,57.2264],[27.1302,57.1996],[27.0081,57.1145],[26.9791,57.0956],[26.9532,57.0648],[26.9296,57.0498],[26.8605,57.018],[26.8712,57.0026],[26.86,56.983],[26.8698,56.9763],[26.9026,56.978],[26.9171,56.9693],[26.9114,56.9393],[26.9539,56.9207],[26.9625,56.9133],[26.9712,56.8909],[26.9851,56.8782],[26.9808,56.8656],[26.9533,56.8467],[26.9285,56.8311],[26.9075,56.818],[26.7829,56.7074],[26.7726,56.681],[26.7439,56.6965],[26.711,56.7075],[26.7079,56.7231],[26.6484,56.7168],[26.6077,56.6902],[26.5764,56.6918],[26.5357,56.6777],[26.3885,56.6777],[26.3756,56.6359],[26.4014,56.6339],[26.4845,56.6061],[26.5225,56.5999],[26.5938,56.5952],[26.5834,56.5635],[26.5959,56.547],[26.6278,56.5437],[26.7064,56.5461],[26.7223,56.5431],[26.7437,56.5588],[26.7711,56.5561],[26.8157,56.54],[26.8261,56.5242],[26.7755,56.512],[26.8009,56.5072],[26.8076,56.4985],[26.8473,56.4955],[26.8659,56.4858],[26.9023,56.4792],[26.9527,56.4769],[26.9584,56.4611],[26.9331,56.4549],[26.9254,56.4476],[26.8976,56.4113],[26.9518,56.3726],[26.9911,56.3315],[26.9443,56.3129],[26.9598,56.284],[26.9862,56.2632],[27.0016,56.2306],[27.0289,56.2154],[27.038,56.1801],[26.9996,56.1706],[26.9682,56.1689],[26.9318,56.1573],[26.9202,56.1457],[26.9368,56.1358],[26.9285,56.1242],[26.8885,56.1289],[26.8476,56.124],[26.8368,56.1294],[26.8073,56.1273],[26.7747,56.1151],[26.7185,56.1113],[26.6873,56.1255],[26.6479,56.1353],[26.6248,56.1211],[26.6096,56.1322],[26.5566,56.1566],[26.5408,56.1339],[26.5075,56.1323],[26.4845,56.1678],[26.4554,56.1804],[26.4166,56.1835],[26.3809,56.1969],[26.3354,56.1897],[26.3008,56.1833],[26.3283,56.1627],[26.3407,56.1342],[26.3453,56.0935],[26.357,56.0554],[26.3696,56.0438],[26.3655,56.0217],[26.393,55.9777],[26.3726,55.9538],[26.3378,55.9654],[26.2915,55.9406],[26.2865,55.924],[26.3196,55.9075],[26.2766,55.881],[26.3362,55.8397],[26.3494,55.8099],[26.2584,55.8049],[26.2269,55.7969],[26.1786,55.8496],[26.0794,55.8981],[26.0176,55.9374],[25.9613,55.9585],[25.8713,55.9921],[25.7955,56.0401],[25.7663,56.0586],[25.7088,56.081],[25.6878,56.0983],[25.6619,56.1408],[25.6497,56.1438],[25.59,56.1411],[25.5228,56.1566],[25.4548,56.1496],[25.3491,56.1599],[25.1092,56.1831],[25.0731,56.1978],[25.044,56.228],[25.0262,56.2602],[24.9832,56.2905],[24.9621,56.3193],[24.9363,56.3799],[24.9101,56.422],[24.8923,56.4387],[24.871,56.4426],[24.9009,56.4599],[24.9205,56.4867],[25.0135,56.4957],[24.9956,56.5511],[24.9563,56.5511],[24.95,56.5786],[24.7325,56.5442],[24.6571,56.5436],[24.6713,56.5668],[24.6972,56.5762],[24.6614,56.5883],[24.6568,56.5998],[24.6299,56.6015],[24.5997,56.6207],[24.5897,56.661],[24.6341,56.6769],[24.6009,56.707],[24.5561,56.707],[24.5219,56.7136],[24.4824,56.7047],[24.4434,56.6842],[24.415,56.6743],[24.3837,56.6709],[24.373,56.6663],[24.374,56.6596],[24.3554,56.6616],[24.3359,56.6636],[24.2946,56.6755],[24.2634,56.6904],[24.2578,56.7012],[24.2457,56.7037],[24.2305,56.6994],[24.1959,56.6915],[24.1847,56.6926],[24.1602,56.6701],[24.131,56.6683],[24.0871,56.6821],[24.0339,56.6882],[24.0007,56.6956],[24.0081,56.71],[23.9963,56.7305],[23.9414,56.7286],[23.925,56.7341],[23.9129,56.7454],[23.9009,56.7458],[23.8283,56.7381],[23.8013,56.7295],[23.7839,56.7321],[23.7563,56.7441],[23.7642,56.7683],[23.7597,56.7719],[23.7696,56.8],[23.7341,56.822],[23.7184,56.836],[23.7073,56.8521],[23.6695,56.8749],[23.6262,56.8892],[23.5068,56.8946],[23.492,56.9346],[23.4772,56.9365],[23.4734,56.9435],[23.4998,56.9614],[23.5759,56.9805],[23.5786,56.9821],[23.5851,56.9791],[23.5978,56.9769],[23.5978,57.0132],[23.6271,57.0139],[23.6564,57.0146],[23.7736,57.0176],[23.8908,57.0206],[23.9201,57.0213],[23.9494,57.0221],[23.9586,57.0223],[24.0079,57.0454],[24.0357,57.069],[24.0692,57.0741],[24.1116,57.0939],[24.1422,57.1082],[24.1457,57.1221],[24.1541,57.156],[24.1582,57.1724],[24.1753,57.2413],[24.1857,57.2832],[24.1961,57.325],[24.2065,57.3668],[24.2169,57.4086],[24.3001,57.7431],[24.2996,57.7438],[24.2888,57.8089],[24.2888,57.8453],[24.3062,57.8682],[24.3244,57.8868],[24.3301,57.9079],[24.3306,57.9104],[24.331,57.911],[24.3338,57.9213],[24.339,57.9282],[24.4266,58.3777],[24.4176,58.3798],[24.2974,58.3382],[24.2898,58.3304],[24.2869,58.3185],[24.2559,58.2895],[24.2108,58.2714],[24.1653,58.2759],[24.1515,58.2731],[24.1117,58.241],[24.0835,58.2509],[24.0727,58.2606],[24.061,58.2566],[24.0608,58.2567],[24.0606,58.2566],[23.9467,58.3205],[23.8709,58.3379],[23.8547,58.3397],[23.8502,58.3427],[23.8187,58.35],[23.8057,58.3465],[23.7771,58.355],[23.741,58.3431],[23.7189,58.3996],[23.6774,58.4352],[23.6811,58.4695],[23.6034,58.5131],[23.5629,58.5358],[23.5629,58.5468],[23.5842,58.5468],[23.5858,58.5442],[23.6511,58.5562],[23.7476,58.5489],[23.8246,58.5592],[23.9028,58.5556],[23.8652,58.5862],[23.8591,58.6303],[23.9329,58.6305],[23.9645,58.673],[24.0221,58.671],[24.1332,58.7015],[24.1616,58.6887],[24.3635,58.6703],[24.4147,58.677],[24.4431,58.6903],[24.4615,58.7142],[24.525,58.7365],[24.5517,58.7338],[24.5647,58.7114],[24.6544,58.724],[24.6906,58.7512],[24.7865,58.7414],[24.8371,58.7492],[24.8801,58.7467],[24.8976,58.7358],[24.9162,58.6723],[24.9719,58.7011],[25.0628,58.7282],[25.1299,58.7202],[25.1998,58.7258],[25.2833,58.7136],[25.2926,58.7021],[25.2585,58.6333],[25.349,58.6151],[25.4378,58.6137],[25.5091,58.6334],[25.5396,58.63],[25.5569,58.642],[25.6593,58.6664],[25.7771,58.6898],[25.7833,58.705],[25.8279,58.7417],[25.8873,58.7674],[25.9273,58.7615],[25.9556,58.7735],[25.9655,58.8105],[26.0309,58.8318],[26.1138,58.8353],[26.1114,58.8568],[26.1537,58.8872],[26.2353,58.8983],[26.2946,58.9161],[26.33,58.916],[26.3565,58.896],[26.4104,58.8855],[26.4518,58.8951],[26.4569,58.9202],[26.505,58.9388],[26.5744,58.9334],[26.667,58.9557],[26.703,58.9559],[26.728,58.9417],[26.7517,58.8816],[26.8467,58.8927],[26.8968,58.8823],[26.9249,58.8672],[26.9591,58.8653],[27.4463,58.8189],[27.4106,58.7549],[27.4288,58.7094],[27.5549,58.3952],[27.4941,58.3195],[27.4828,58.2686],[27.4954,58.2215],[27.5196,58.1945]]]}},
{"type":"Feature","properties":{"entityId":"terra-mariana","from":1227,"to":1238,"certainty":"estimated","source":"유럽 쪽은 Natural Earth 1:10m admin-1(v5.1.2) 현대 행정구역 조각을 그 시기 국경에 맞춰 묶고, 조각이 역사 경계와 다른 곳은 선을 그어 나눈 근사. 유럽 밖(시베리아·중앙아시아·극동)은 대략적인 추정. 운영자 검수 필요"},"geometry":{"type":"MultiPolygon","coordinates":[[[[26.7809,59.5026],[26.804,59.4897],[26.8511,59.4728],[26.9735,59.4503],[27.0716,59.4503],[27.4383,59.4605],[27.7555,59.4693],[27.9141,59.4737],[27.9811,59.4756],[27.9825,59.4763],[28.0048,59.4871],[28.0233,59.4871],[28.0191,59.4818],[28.0386,59.463],[28.1048,59.4392],[28.1284,59.4095],[28.1865,59.3749],[28.1818,59.3561],[28.1575,59.364],[28.1136,59.3454],[28.0324,59.342],[28.0006,59.3337],[28.0732,59.319],[28.0766,59.3053],[27.9597,59.3065],[27.9039,59.2904],[27.8823,59.2757],[27.8908,59.258],[27.8735,59.2365],[27.8424,59.1612],[27.7672,59.0559],[27.7244,59.0144],[27.6959,58.9772],[27.4778,58.8754],[27.4463,58.8189],[27.4106,58.7549],[27.4288,58.7094],[27.5549,58.3952],[27.4941,58.3195],[27.4828,58.2686],[27.4954,58.2215],[27.5196,58.1945],[27.5797,58.1259],[27.6304,58.0883],[27.6366,58.0592],[27.6316,58.0042],[27.6691,57.992],[27.6752,57.9678],[27.6594,57.9325],[27.6731,57.9128],[27.7744,57.8907],[27.7993,57.8611],[27.7635,57.8387],[27.7007,57.8248],[27.5563,57.8131],[27.5246,57.8073],[27.5539,57.7948],[27.5024,57.7725],[27.5078,57.7148],[27.4904,57.7046],[27.4077,57.689],[27.377,57.6567],[27.387,57.6276],[27.3748,57.5979],[27.328,57.5832],[27.3529,57.5276],[27.5282,57.5285],[27.5256,57.4684],[27.5113,57.4304],[27.5363,57.4157],[27.6408,57.389],[27.6944,57.3564],[27.6885,57.3326],[27.6723,57.3202],[27.6002,57.2978],[27.5556,57.2589],[27.5189,57.2593],[27.4871,57.2739],[27.4063,57.2631],[27.3549,57.2848],[27.326,57.2774],[27.2759,57.2467],[27.2481,57.249],[27.2205,57.2344],[27.1566,57.2264],[27.1302,57.1996],[27.0081,57.1145],[26.9791,57.0956],[26.9532,57.0648],[26.9296,57.0498],[26.8605,57.018],[26.8712,57.0026],[26.86,56.983],[26.8698,56.9763],[26.9026,56.978],[26.9171,56.9693],[26.9114,56.9393],[26.9539,56.9207],[26.9625,56.9133],[26.9712,56.8909],[26.9851,56.8782],[26.9808,56.8656],[26.9533,56.8467],[26.9285,56.8311],[26.9075,56.818],[26.7829,56.7074],[26.7726,56.681],[26.7439,56.6965],[26.711,56.7075],[26.7079,56.7231],[26.6484,56.7168],[26.6077,56.6902],[26.5764,56.6918],[26.5357,56.6777],[26.3885,56.6777],[26.3756,56.6359],[26.4014,56.6339],[26.4845,56.6061],[26.5225,56.5999],[26.5938,56.5952],[26.5834,56.5635],[26.5959,56.547],[26.6278,56.5437],[26.7064,56.5461],[26.7223,56.5431],[26.7437,56.5588],[26.7711,56.5561],[26.8157,56.54],[26.8261,56.5242],[26.7755,56.512],[26.8009,56.5072],[26.8076,56.4985],[26.8473,56.4955],[26.8659,56.4858],[26.9023,56.4792],[26.9527,56.4769],[26.9584,56.4611],[26.9331,56.4549],[26.9254,56.4476],[26.8976,56.4113],[26.9518,56.3726],[26.9911,56.3315],[26.9443,56.3129],[26.9598,56.284],[26.9862,56.2632],[27.0016,56.2306],[27.0289,56.2154],[27.038,56.1801],[26.9996,56.1706],[26.9682,56.1689],[26.9318,56.1573],[26.9202,56.1457],[26.9368,56.1358],[26.9285,56.1242],[26.8885,56.1289],[26.8476,56.124],[26.8368,56.1294],[26.8073,56.1273],[26.7747,56.1151],[26.7185,56.1113],[26.6873,56.1255],[26.6479,56.1353],[26.6248,56.1211],[26.6096,56.1322],[26.5566,56.1566],[26.5408,56.1339],[26.5075,56.1323],[26.4845,56.1678],[26.4554,56.1804],[26.4166,56.1835],[26.3809,56.1969],[26.3354,56.1897],[26.3008,56.1833],[26.3283,56.1627],[26.3407,56.1342],[26.3453,56.0935],[26.357,56.0554],[26.3696,56.0438],[26.3655,56.0217],[26.393,55.9777],[26.3726,55.9538],[26.3378,55.9654],[26.2915,55.9406],[26.2865,55.924],[26.3196,55.9075],[26.2766,55.881],[26.3362,55.8397],[26.3494,55.8099],[26.2584,55.8049],[26.2269,55.7969],[26.1786,55.8496],[26.0794,55.8981],[26.0176,55.9374],[25.9613,55.9585],[25.8713,55.9921],[25.7955,56.0401],[25.7663,56.0586],[25.7088,56.081],[25.6878,56.0983],[25.6619,56.1408],[25.6497,56.1438],[25.59,56.1411],[25.5228,56.1566],[25.4548,56.1496],[25.3491,56.1599],[25.1092,56.1831],[25.0731,56.1978],[25.044,56.228],[25.0262,56.2602],[24.9832,56.2905],[24.9621,56.3193],[24.9363,56.3799],[24.9101,56.422],[24.8923,56.4387],[24.871,56.4426],[24.9009,56.4599],[24.9205,56.4867],[25.0135,56.4957],[24.9956,56.5511],[24.9563,56.5511],[24.95,56.5786],[24.7325,56.5442],[24.6571,56.5436],[24.6713,56.5668],[24.6972,56.5762],[24.6614,56.5883],[24.6568,56.5998],[24.6299,56.6015],[24.5997,56.6207],[24.5897,56.661],[24.6341,56.6769],[24.6009,56.707],[24.5561,56.707],[24.5219,56.7136],[24.4824,56.7047],[24.4434,56.6842],[24.415,56.6743],[24.3837,56.6709],[24.373,56.6663],[24.374,56.6596],[24.3554,56.6616],[24.3359,56.6636],[24.2946,56.6755],[24.2634,56.6904],[24.2578,56.7012],[24.2457,56.7037],[24.2305,56.6994],[24.1959,56.6915],[24.1847,56.6926],[24.1602,56.6701],[24.131,56.6683],[24.0871,56.6821],[24.0339,56.6882],[24.0007,56.6956],[24.0081,56.71],[23.9963,56.7305],[23.9414,56.7286],[23.925,56.7341],[23.9129,56.7454],[23.9009,56.7458],[23.8283,56.7381],[23.8013,56.7295],[23.7839,56.7321],[23.7563,56.7441],[23.7642,56.7683],[23.7597,56.7719],[23.7696,56.8],[23.7341,56.822],[23.7184,56.836],[23.7073,56.8521],[23.6695,56.8749],[23.6262,56.8892],[23.5068,56.8946],[23.492,56.9346],[23.4772,56.9365],[23.4734,56.9435],[23.4998,56.9614],[23.5759,56.9805],[23.5786,56.9821],[23.5851,56.9791],[23.5978,56.9769],[23.5978,57.0132],[23.6271,57.0139],[23.6564,57.0146],[23.7736,57.0176],[23.8908,57.0206],[23.9201,57.0213],[23.9494,57.0221],[23.9586,57.0223],[24.0079,57.0454],[24.0357,57.069],[24.0692,57.0741],[24.1116,57.0939],[24.1422,57.1082],[24.1457,57.1221],[24.1541,57.156],[24.1582,57.1724],[24.1753,57.2413],[24.1857,57.2832],[24.1961,57.325],[24.2065,57.3668],[24.2169,57.4086],[24.3001,57.7431],[24.2996,57.7438],[24.2888,57.8089],[24.2888,57.8453],[24.3062,57.8682],[24.3244,57.8868],[24.3301,57.9079],[24.3306,57.9104],[24.331,57.911],[24.3338,57.9213],[24.339,57.9282],[24.4266,58.3777],[24.4176,58.3798],[24.2974,58.3382],[24.2898,58.3304],[24.2869,58.3185],[24.2559,58.2895],[24.2108,58.2714],[24.1653,58.2759],[24.1515,58.2731],[24.1117,58.241],[24.0835,58.2509],[24.0727,58.2606],[24.061,58.2566],[24.0608,58.2567],[24.0606,58.2566],[23.9467,58.3205],[23.8709,58.3379],[23.8547,58.3397],[23.8502,58.3427],[23.8187,58.35],[23.8057,58.3465],[23.7771,58.355],[23.741,58.3431],[23.7189,58.3996],[23.6774,58.4352],[23.6811,58.4695],[23.6034,58.5131],[23.5629,58.5358],[23.5225,58.5585],[23.5164,58.5546],[23.4983,58.572],[23.427,58.612],[23.3724,58.976],[23.3401,58.984],[23.2786,58.9707],[23.2234,58.984],[23.2108,58.973],[23.1483,58.974],[23.1141,59.0218],[23.1314,59.0407],[23.208,59.0441],[23.278,59.0324],[23.3442,59.0393],[23.364,59.029],[23.3645,59.0285],[23.3406,59.1875],[23.3407,59.1875],[23.3406,59.1879],[23.5094,59.225],[23.5256,59.2304],[23.5308,59.2297],[23.6281,59.251],[23.6419,59.2574],[23.6608,59.2582],[23.7441,59.2765],[23.7568,59.2836],[23.7775,59.2839],[24.0485,59.3434],[24.0282,59.3577],[24.0222,59.3781],[24.0482,59.3951],[24.0806,59.3955],[24.1241,59.3741],[24.1758,59.3756],[24.1937,59.3841],[24.1631,59.4023],[24.1829,59.4088],[24.2513,59.4114],[24.3193,59.4436],[24.3338,59.4706],[24.3997,59.4788],[24.4421,59.4699],[24.4483,59.467],[24.5385,59.4593],[24.5482,59.463],[24.5668,59.4572],[24.6042,59.4654],[24.6254,59.4678],[24.6218,59.4706],[24.6569,59.472],[24.6586,59.4724],[24.6663,59.4921],[24.6975,59.491],[24.706,59.483],[24.8002,59.5041],[24.7835,59.5198],[24.7726,59.56],[24.8035,59.5705],[24.8416,59.5544],[24.8936,59.5214],[25.089,59.5214],[25.1096,59.5238],[25.1079,59.529],[25.1455,59.5391],[25.1701,59.5308],[25.5006,59.569],[25.4971,59.5709],[25.4819,59.6112],[25.4849,59.6698],[25.5246,59.6377],[25.6162,59.6273],[25.6852,59.6301],[25.6907,59.6494],[25.6707,59.6555],[25.6947,59.6709],[25.7254,59.6658],[25.7805,59.6357],[25.781,59.6339],[25.7923,59.6343],[25.7924,59.6343],[25.7927,59.6343],[25.8303,59.6298],[25.8795,59.6239],[25.8831,59.6313],[25.8994,59.6216],[25.9646,59.6138],[25.9644,59.6214],[26.0018,59.6326],[26.0745,59.6043],[26.0781,59.6002],[26.1931,59.5865],[26.28,59.5873],[26.3401,59.5705],[26.4017,59.5631],[26.4095,59.5607],[26.4623,59.5544],[26.5691,59.5544],[26.5847,59.56],[26.6263,59.5581],[26.7023,59.5414],[26.7809,59.5026]]],[[[22.4612,58.9745],[22.4546,58.9872],[22.4703,58.9844],[22.4879,59.0056],[22.4876,59.0164],[22.4992,59.0192],[22.5054,59.0267],[22.5776,59.0751],[22.5783,59.0784],[22.5977,59.0895],[22.6405,59.0866],[22.6494,59.0874],[22.6495,59.0874],[22.6498,59.0874],[22.6585,59.0854],[22.6667,59.0849],[22.6797,59.0807],[22.7038,59.0753],[22.7042,59.0728],[22.7141,59.0696],[22.7064,59.0598],[22.711,59.0319],[22.7254,59.0145],[22.7876,59.0069],[22.8372,59.0086],[22.8966,58.9935],[22.909,58.992],[22.9112,58.9898],[22.9341,58.984],[22.9496,58.9709],[22.9544,58.9471],[22.981,58.9208],[22.9843,58.9108],[23.0151,58.8918],[23.0405,58.8408],[23.0191,58.8291],[23.0051,58.8332],[22.9234,58.8266],[22.8845,58.8038],[22.8867,58.7905],[22.8454,58.7765],[22.7901,58.781],[22.7783,58.7922],[22.7911,58.7993],[22.769,58.8206],[22.7671,58.8198],[22.6899,58.7392],[22.681,58.7241],[22.655,58.7028],[22.6112,58.6905],[22.5557,58.687],[22.5017,58.6948],[22.4631,58.7165],[22.475,58.7238],[22.48,58.7531],[22.4652,58.7666],[22.4426,58.803],[22.4417,58.8153],[22.4139,58.8598],[22.4071,58.8646],[22.3081,58.8959],[22.2918,58.8952],[22.195,58.888],[22.0625,58.9258],[22.0447,58.9362],[22.0555,58.9527],[22.0942,58.956],[22.1574,58.9512],[22.4612,58.9745]]],[[[23.2599,58.4454],[23.278,58.4365],[23.2349,58.4399],[23.2275,58.4431],[23.1286,58.436],[23.0863,58.4015],[23.0868,58.395],[23.022,58.3632],[23.0107,58.3679],[22.981,58.3631],[22.9522,58.3477],[22.9027,58.3118],[22.854,58.2987],[22.8112,58.2734],[22.7899,58.2735],[22.7578,58.2607],[22.744,58.2465],[22.7567,58.2423],[22.7232,58.2254],[22.6692,58.2215],[22.6623,58.2327],[22.5131,58.2361],[22.4972,58.223],[22.4936,58.2356],[22.4389,58.2273],[22.4216,58.2216],[22.4114,58.2232],[22.3726,58.2173],[22.2711,58.1616],[22.2699,58.137],[22.2568,58.0932],[22.2293,58.0522],[22.2251,58.0484],[22.2004,58.0207],[22.203,57.994],[22.19,57.9838],[22.0484,57.9151],[22.0169,57.9145],[21.9901,57.9356],[21.9918,57.9401],[21.9762,57.9638],[21.9763,57.9641],[21.9762,57.9642],[21.9773,57.9675],[21.9634,57.984],[21.983,57.984],[21.987,57.9955],[22.0203,58.0196],[22.0213,58.0212],[22.0962,58.0864],[22.1085,58.0834],[22.1526,58.1153],[22.1871,58.1535],[22.176,58.1575],[22.1058,58.1722],[22.1046,58.1729],[22.0723,58.1758],[22.053,58.1866],[22.0317,58.2145],[21.9366,58.2451],[21.9289,58.2451],[21.8678,58.2646],[21.8433,58.3022],[21.858,58.3014],[21.8898,58.3045],[21.9005,58.3081],[21.8733,58.3416],[21.8945,58.3465],[21.9348,58.3242],[21.9654,58.3496],[21.9833,58.3858],[21.8733,58.4856],[21.8324,58.511],[21.8744,58.5008],[21.9258,58.5146],[21.9285,58.5184],[21.9956,58.5125],[21.9979,58.5113],[22.0018,58.5111],[22.0808,58.4782],[22.1108,58.4915],[22.1136,58.498],[22.1589,58.5136],[22.1878,58.5429],[22.2129,58.5464],[22.226,58.5172],[22.2679,58.5077],[22.2769,58.5184],[22.2883,58.5693],[22.322,58.5848],[22.3712,58.5876],[22.473,58.6048],[22.545,58.6274],[22.5451,58.6274],[22.5503,58.6296],[22.5832,58.6345],[22.5969,58.6237],[22.6174,58.6222],[22.6827,58.6002],[22.6916,58.5982],[22.7538,58.6048],[22.7975,58.6165],[22.8114,58.623],[22.8164,58.6216],[22.8186,58.6222],[22.8189,58.6222],[22.819,58.6222],[22.8709,58.6166],[22.8997,58.6203],[22.9898,58.6018],[23.0911,58.571],[23.1157,58.5498],[23.2559,58.4976],[23.2886,58.4882],[23.3333,58.4564],[23.325,58.4423],[23.3075,58.4488],[23.2599,58.4454]]],[[[23.2564,58.542],[23.2238,58.5355],[23.1346,58.5799],[23.0833,58.5905],[23.0593,58.6035],[23.064,58.6112],[23.0634,58.6114],[23.0637,58.6117],[23.0634,58.6118],[23.066,58.6144],[23.0755,58.6298],[23.0812,58.6296],[23.1102,58.6586],[23.1501,58.6727],[23.1546,58.6759],[23.1611,58.6766],[23.1642,58.6777],[23.1645,58.6777],[23.1646,58.6777],[23.1671,58.6773],[23.1978,58.6806],[23.2883,58.6665],[23.3303,58.6531],[23.3491,58.6351],[23.3475,58.6072],[23.3816,58.5799],[23.4002,58.5554],[23.3622,58.5325],[23.2926,58.5441],[23.2618,58.5402],[23.2617,58.5402],[23.2614,58.5402],[23.2564,58.542]]]]}},
{"type":"Feature","properties":{"entityId":"terra-mariana","from":1238,"to":1254,"certainty":"estimated","source":"유럽 쪽은 Natural Earth 1:10m admin-1(v5.1.2) 현대 행정구역 조각을 그 시기 국경에 맞춰 묶고, 조각이 역사 경계와 다른 곳은 선을 그어 나눈 근사. 유럽 밖(시베리아·중앙아시아·극동)은 대략적인 추정. 운영자 검수 필요"},"geometry":{"type":"MultiPolygon","coordinates":[[[[22.4612,58.9745],[22.4546,58.9872],[22.4703,58.9844],[22.4879,59.0056],[22.4876,59.0164],[22.4992,59.0192],[22.5054,59.0267],[22.5776,59.0751],[22.5783,59.0784],[22.5977,59.0895],[22.6405,59.0866],[22.6494,59.0874],[22.6495,59.0874],[22.6498,59.0874],[22.6585,59.0854],[22.6667,59.0849],[22.6797,59.0807],[22.7038,59.0753],[22.7042,59.0728],[22.7141,59.0696],[22.7064,59.0598],[22.711,59.0319],[22.7254,59.0145],[22.7876,59.0069],[22.8372,59.0086],[22.8966,58.9935],[22.909,58.992],[22.9112,58.9898],[22.9341,58.984],[22.9496,58.9709],[22.9544,58.9471],[22.981,58.9208],[22.9843,58.9108],[23.0151,58.8918],[23.0405,58.8408],[23.0191,58.8291],[23.0051,58.8332],[22.9234,58.8266],[22.8845,58.8038],[22.8867,58.7905],[22.8454,58.7765],[22.7901,58.781],[22.7783,58.7922],[22.7911,58.7993],[22.769,58.8206],[22.7671,58.8198],[22.6899,58.7392],[22.681,58.7241],[22.655,58.7028],[22.6112,58.6905],[22.5557,58.687],[22.5017,58.6948],[22.4631,58.7165],[22.475,58.7238],[22.48,58.7531],[22.4652,58.7666],[22.4426,58.803],[22.4417,58.8153],[22.4139,58.8598],[22.4071,58.8646],[22.3081,58.8959],[22.2918,58.8952],[22.195,58.888],[22.0625,58.9258],[22.0447,58.9362],[22.0555,58.9527],[22.0942,58.956],[22.1574,58.9512],[22.4612,58.9745]]],[[[27.5196,58.1945],[27.5797,58.1259],[27.6304,58.0883],[27.6366,58.0592],[27.6316,58.0042],[27.6691,57.992],[27.6752,57.9678],[27.6594,57.9325],[27.6731,57.9128],[27.7744,57.8907],[27.7993,57.8611],[27.7635,57.8387],[27.7007,57.8248],[27.5563,57.8131],[27.5246,57.8073],[27.5539,57.7948],[27.5024,57.7725],[27.5078,57.7148],[27.4904,57.7046],[27.4077,57.689],[27.377,57.6567],[27.387,57.6276],[27.3748,57.5979],[27.328,57.5832],[27.3529,57.5276],[27.5282,57.5285],[27.5256,57.4684],[27.5113,57.4304],[27.5363,57.4157],[27.6408,57.389],[27.6944,57.3564],[27.6885,57.3326],[27.6723,57.3202],[27.6002,57.2978],[27.5556,57.2589],[27.5189,57.2593],[27.4871,57.2739],[27.4063,57.2631],[27.3549,57.2848],[27.326,57.2774],[27.2759,57.2467],[27.2481,57.249],[27.2205,57.2344],[27.1566,57.2264],[27.1302,57.1996],[27.0081,57.1145],[26.9791,57.0956],[26.9532,57.0648],[26.9296,57.0498],[26.8605,57.018],[26.8712,57.0026],[26.86,56.983],[26.8698,56.9763],[26.9026,56.978],[26.9171,56.9693],[26.9114,56.9393],[26.9539,56.9207],[26.9625,56.9133],[26.9712,56.8909],[26.9851,56.8782],[26.9808,56.8656],[26.9533,56.8467],[26.9285,56.8311],[26.9075,56.818],[26.7829,56.7074],[26.7726,56.681],[26.7439,56.6965],[26.711,56.7075],[26.7079,56.7231],[26.6484,56.7168],[26.6077,56.6902],[26.5764,56.6918],[26.5357,56.6777],[26.3885,56.6777],[26.3756,56.6359],[26.4014,56.6339],[26.4845,56.6061],[26.5225,56.5999],[26.5938,56.5952],[26.5834,56.5635],[26.5959,56.547],[26.6278,56.5437],[26.7064,56.5461],[26.7223,56.5431],[26.7437,56.5588],[26.7711,56.5561],[26.8157,56.54],[26.8261,56.5242],[26.7755,56.512],[26.8009,56.5072],[26.8076,56.4985],[26.8473,56.4955],[26.8659,56.4858],[26.9023,56.4792],[26.9527,56.4769],[26.9584,56.4611],[26.9331,56.4549],[26.9254,56.4476],[26.8976,56.4113],[26.9518,56.3726],[26.9911,56.3315],[26.9443,56.3129],[26.9598,56.284],[26.9862,56.2632],[27.0016,56.2306],[27.0289,56.2154],[27.038,56.1801],[26.9996,56.1706],[26.9682,56.1689],[26.9318,56.1573],[26.9202,56.1457],[26.9368,56.1358],[26.9285,56.1242],[26.8885,56.1289],[26.8476,56.124],[26.8368,56.1294],[26.8073,56.1273],[26.7747,56.1151],[26.7185,56.1113],[26.6873,56.1255],[26.6479,56.1353],[26.6248,56.1211],[26.6096,56.1322],[26.5566,56.1566],[26.5408,56.1339],[26.5075,56.1323],[26.4845,56.1678],[26.4554,56.1804],[26.4166,56.1835],[26.3809,56.1969],[26.3354,56.1897],[26.3008,56.1833],[26.3283,56.1627],[26.3407,56.1342],[26.3453,56.0935],[26.357,56.0554],[26.3696,56.0438],[26.3655,56.0217],[26.393,55.9777],[26.3726,55.9538],[26.3378,55.9654],[26.2915,55.9406],[26.2865,55.924],[26.3196,55.9075],[26.2766,55.881],[26.3362,55.8397],[26.3494,55.8099],[26.2584,55.8049],[26.2269,55.7969],[26.1786,55.8496],[26.0794,55.8981],[26.0176,55.9374],[25.9613,55.9585],[25.8713,55.9921],[25.7955,56.0401],[25.7663,56.0586],[25.7088,56.081],[25.6878,56.0983],[25.6619,56.1408],[25.6497,56.1438],[25.59,56.1411],[25.5228,56.1566],[25.4548,56.1496],[25.3491,56.1599],[25.1092,56.1831],[25.0731,56.1978],[25.044,56.228],[25.0262,56.2602],[24.9832,56.2905],[24.9621,56.3193],[24.9363,56.3799],[24.9101,56.422],[24.8923,56.4387],[24.871,56.4426],[24.9009,56.4599],[24.9205,56.4867],[25.0135,56.4957],[24.9956,56.5511],[24.9563,56.5511],[24.95,56.5786],[24.7325,56.5442],[24.6571,56.5436],[24.6713,56.5668],[24.6972,56.5762],[24.6614,56.5883],[24.6568,56.5998],[24.6299,56.6015],[24.5997,56.6207],[24.5897,56.661],[24.6341,56.6769],[24.6009,56.707],[24.5561,56.707],[24.5219,56.7136],[24.4824,56.7047],[24.4434,56.6842],[24.415,56.6743],[24.3837,56.6709],[24.373,56.6663],[24.374,56.6596],[24.3554,56.6616],[24.3359,56.6636],[24.2946,56.6755],[24.2634,56.6904],[24.2578,56.7012],[24.2457,56.7037],[24.2305,56.6994],[24.1959,56.6915],[24.1847,56.6926],[24.1602,56.6701],[24.131,56.6683],[24.0871,56.6821],[24.0339,56.6882],[24.0007,56.6956],[24.0081,56.71],[23.9963,56.7305],[23.9414,56.7286],[23.925,56.7341],[23.9129,56.7454],[23.9009,56.7458],[23.8283,56.7381],[23.8013,56.7295],[23.7839,56.7321],[23.7563,56.7441],[23.7642,56.7683],[23.7597,56.7719],[23.7696,56.8],[23.7341,56.822],[23.7184,56.836],[23.7073,56.8521],[23.6695,56.8749],[23.6262,56.8892],[23.5068,56.8946],[23.492,56.9346],[23.4772,56.9365],[23.4734,56.9435],[23.4998,56.9614],[23.5759,56.9805],[23.5786,56.9821],[23.5851,56.9791],[23.5978,56.9769],[23.5978,57.0132],[23.6271,57.0139],[23.6564,57.0146],[23.7736,57.0176],[23.8908,57.0206],[23.9201,57.0213],[23.9494,57.0221],[23.9586,57.0223],[24.0079,57.0454],[24.0357,57.069],[24.0692,57.0741],[24.1116,57.0939],[24.1422,57.1082],[24.1457,57.1221],[24.1541,57.156],[24.1582,57.1724],[24.1753,57.2413],[24.1857,57.2832],[24.1961,57.325],[24.2065,57.3668],[24.2169,57.4086],[24.3001,57.7431],[24.2996,57.7438],[24.2888,57.8089],[24.2888,57.8453],[24.3062,57.8682],[24.3244,57.8868],[24.3301,57.9079],[24.3306,57.9104],[24.331,57.911],[24.3338,57.9213],[24.339,57.9282],[24.4266,58.3777],[24.4176,58.3798],[24.2974,58.3382],[24.2898,58.3304],[24.2869,58.3185],[24.2559,58.2895],[24.2108,58.2714],[24.1653,58.2759],[24.1515,58.2731],[24.1117,58.241],[24.0835,58.2509],[24.0727,58.2606],[24.061,58.2566],[24.0608,58.2567],[24.0606,58.2566],[23.9467,58.3205],[23.8709,58.3379],[23.8547,58.3397],[23.8502,58.3427],[23.8187,58.35],[23.8057,58.3465],[23.7771,58.355],[23.741,58.3431],[23.7189,58.3996],[23.6774,58.4352],[23.6811,58.4695],[23.6034,58.5131],[23.5629,58.5358],[23.5225,58.5585],[23.5164,58.5546],[23.4983,58.572],[23.427,58.612],[23.3724,58.976],[23.3401,58.984],[23.2786,58.9707],[23.2234,58.984],[23.2108,58.973],[23.1483,58.974],[23.1141,59.0218],[23.1314,59.0407],[23.208,59.0441],[23.278,59.0324],[23.3442,59.0393],[23.364,59.029],[23.3645,59.0285],[23.3406,59.1875],[23.3407,59.1875],[23.3406,59.1879],[23.5094,59.225],[23.5256,59.2304],[23.5308,59.2297],[23.6281,59.251],[23.6419,59.2574],[23.6608,59.2582],[23.6623,59.2583],[23.7185,59.2314],[23.7668,59.2063],[23.796,59.176],[23.8745,59.1536],[23.9082,59.1314],[23.9318,59.1283],[24.0218,59.137],[24.0734,59.1263],[24.115,59.1069],[24.1222,59.0776],[24.1478,59.0612],[24.1053,59.0239],[24.0895,58.9958],[24.1045,58.9847],[24.0888,58.9503],[24.1274,58.9169],[24.1859,58.837],[24.1424,58.8198],[24.1607,58.7943],[24.1113,58.7697],[24.075,58.7611],[24.0941,58.7422],[24.1407,58.742],[24.1518,58.7279],[24.1332,58.7015],[24.1616,58.6887],[24.3635,58.6703],[24.4147,58.677],[24.4431,58.6903],[24.4615,58.7142],[24.525,58.7365],[24.5517,58.7338],[24.5647,58.7114],[24.6544,58.724],[24.6906,58.7512],[24.7865,58.7414],[24.8371,58.7492],[24.8801,58.7467],[24.8976,58.7358],[24.9162,58.6723],[24.9719,58.7011],[25.0628,58.7282],[25.1299,58.7202],[25.1998,58.7258],[25.2833,58.7136],[25.2926,58.7021],[25.2585,58.6333],[25.349,58.6151],[25.4378,58.6137],[25.5091,58.6334],[25.5396,58.63],[25.5569,58.642],[25.6593,58.6664],[25.7771,58.6898],[25.7833,58.705],[25.8279,58.7417],[25.8873,58.7674],[25.9273,58.7615],[25.9556,58.7735],[25.9655,58.8105],[26.0309,58.8318],[26.1138,58.8353],[26.1114,58.8568],[26.1537,58.8872],[26.2353,58.8983],[26.2946,58.9161],[26.33,58.916],[26.3565,58.896],[26.4104,58.8855],[26.4518,58.8951],[26.4569,58.9202],[26.505,58.9388],[26.5744,58.9334],[26.667,58.9557],[26.703,58.9559],[26.728,58.9417],[26.7517,58.8816],[26.8467,58.8927],[26.8968,58.8823],[26.9249,58.8672],[26.9591,58.8653],[27.4463,58.8189],[27.4106,58.7549],[27.4288,58.7094],[27.5549,58.3952],[27.4941,58.3195],[27.4828,58.2686],[27.4954,58.2215],[27.5196,58.1945]]],[[[23.2599,58.4454],[23.278,58.4365],[23.2349,58.4399],[23.2275,58.4431],[23.1286,58.436],[23.0863,58.4015],[23.0868,58.395],[23.022,58.3632],[23.0107,58.3679],[22.981,58.3631],[22.9522,58.3477],[22.9027,58.3118],[22.854,58.2987],[22.8112,58.2734],[22.7899,58.2735],[22.7578,58.2607],[22.744,58.2465],[22.7567,58.2423],[22.7232,58.2254],[22.6692,58.2215],[22.6623,58.2327],[22.5131,58.2361],[22.4972,58.223],[22.4936,58.2356],[22.4389,58.2273],[22.4216,58.2216],[22.4114,58.2232],[22.3726,58.2173],[22.2711,58.1616],[22.2699,58.137],[22.2568,58.0932],[22.2293,58.0522],[22.2251,58.0484],[22.2004,58.0207],[22.203,57.994],[22.19,57.9838],[22.0484,57.9151],[22.0169,57.9145],[21.9901,57.9356],[21.9918,57.9401],[21.9762,57.9638],[21.9763,57.9641],[21.9762,57.9642],[21.9773,57.9675],[21.9634,57.984],[21.983,57.984],[21.987,57.9955],[22.0203,58.0196],[22.0213,58.0212],[22.0962,58.0864],[22.1085,58.0834],[22.1526,58.1153],[22.1871,58.1535],[22.176,58.1575],[22.1058,58.1722],[22.1046,58.1729],[22.0723,58.1758],[22.053,58.1866],[22.0317,58.2145],[21.9366,58.2451],[21.9289,58.2451],[21.8678,58.2646],[21.8433,58.3022],[21.858,58.3014],[21.8898,58.3045],[21.9005,58.3081],[21.8733,58.3416],[21.8945,58.3465],[21.9348,58.3242],[21.9654,58.3496],[21.9833,58.3858],[21.8733,58.4856],[21.8324,58.511],[21.8744,58.5008],[21.9258,58.5146],[21.9285,58.5184],[21.9956,58.5125],[21.9979,58.5113],[22.0018,58.5111],[22.0808,58.4782],[22.1108,58.4915],[22.1136,58.498],[22.1589,58.5136],[22.1878,58.5429],[22.2129,58.5464],[22.226,58.5172],[22.2679,58.5077],[22.2769,58.5184],[22.2883,58.5693],[22.322,58.5848],[22.3712,58.5876],[22.473,58.6048],[22.545,58.6274],[22.5451,58.6274],[22.5503,58.6296],[22.5832,58.6345],[22.5969,58.6237],[22.6174,58.6222],[22.6827,58.6002],[22.6916,58.5982],[22.7538,58.6048],[22.7975,58.6165],[22.8114,58.623],[22.8164,58.6216],[22.8186,58.6222],[22.8189,58.6222],[22.819,58.6222],[22.8709,58.6166],[22.8997,58.6203],[22.9898,58.6018],[23.0911,58.571],[23.1157,58.5498],[23.2559,58.4976],[23.2886,58.4882],[23.3333,58.4564],[23.325,58.4423],[23.3075,58.4488],[23.2599,58.4454]]],[[[23.2564,58.542],[23.2238,58.5355],[23.1346,58.5799],[23.0833,58.5905],[23.0593,58.6035],[23.064,58.6112],[23.0634,58.6114],[23.0637,58.6117],[23.0634,58.6118],[23.066,58.6144],[23.0755,58.6298],[23.0812,58.6296],[23.1102,58.6586],[23.1501,58.6727],[23.1546,58.6759],[23.1611,58.6766],[23.1642,58.6777],[23.1645,58.6777],[23.1646,58.6777],[23.1671,58.6773],[23.1978,58.6806],[23.2883,58.6665],[23.3303,58.6531],[23.3491,58.6351],[23.3475,58.6072],[23.3816,58.5799],[23.4002,58.5554],[23.3622,58.5325],[23.2926,58.5441],[23.2618,58.5402],[23.2617,58.5402],[23.2614,58.5402],[23.2564,58.542]]]]}},
{"type":"Feature","properties":{"entityId":"terra-mariana","from":1254,"to":1267,"certainty":"estimated","source":"유럽 쪽은 Natural Earth 1:10m admin-1(v5.1.2) 현대 행정구역 조각을 그 시기 국경에 맞춰 묶고, 조각이 역사 경계와 다른 곳은 선을 그어 나눈 근사. 유럽 밖(시베리아·중앙아시아·극동)은 대략적인 추정. 운영자 검수 필요"},"geometry":{"type":"MultiPolygon","coordinates":[[[[20.9066,55.2941],[20.9361,55.2941],[20.9246,55.2827],[20.9894,55.2731],[20.9889,55.2913],[21.0379,55.3286],[21.0735,55.3918],[21.1062,55.4212],[21.0872,55.4411],[21.1199,55.4894],[21.1199,55.527],[21.1336,55.5683],[21.1315,55.6556],[21.1174,55.6998],[21.0852,55.7228],[21.0935,55.6955],[21.0907,55.6331],[21.0994,55.613],[21.0966,55.594],[21.087,55.5824],[21.0582,55.4766],[21.015,55.4019],[20.9488,55.336],[20.9403,55.3276],[20.9066,55.2941]]],[[[21.0447,55.8737],[21.0606,55.7893],[21.0744,55.7449],[21.1213,55.7047],[21.1501,55.6525],[21.2166,55.3893],[21.1834,55.3462],[21.1888,55.3386],[21.2027,55.3462],[21.2022,55.3446],[21.2023,55.3444],[21.2022,55.3442],[21.2278,55.2867],[21.2346,55.2714],[21.2328,55.2449],[21.2676,55.2449],[21.2676,55.2487],[21.3498,55.2878],[21.3749,55.29],[21.4055,55.2724],[21.4677,55.2112],[21.5039,55.1944],[21.6051,55.1925],[21.6458,55.181],[21.7162,55.1495],[21.7506,55.128],[21.8199,55.1193],[21.8732,55.0949],[21.9428,55.0783],[21.9775,55.092],[22.0154,55.0884],[22.0277,55.0444],[22.05,55.0335],[22.0999,55.0299],[22.1427,55.0546],[22.2513,55.0709],[22.2699,55.0695],[22.4363,55.0578],[22.5303,55.0739],[22.3,55.12],[22.05,55.25],[21.85,55.35],[21.6,55.46],[21.45,55.6],[21.33,55.72],[21.17,55.85],[21.05,55.88],[21.0447,55.88],[21.0447,55.8737]]],[[[21.8324,58.511],[21.8733,58.4856],[21.9833,58.3858],[21.9654,58.3496],[21.9348,58.3242],[21.8945,58.3465],[21.8733,58.3416],[21.9005,58.3081],[21.8898,58.3045],[21.858,58.3014],[21.8433,58.3022],[21.8678,58.2646],[21.9289,58.2451],[21.9366,58.2451],[22.0317,58.2145],[22.053,58.1866],[22.0723,58.1758],[22.1046,58.1729],[22.1058,58.1722],[22.176,58.1575],[22.1871,58.1535],[22.1526,58.1153],[22.1085,58.0834],[22.0962,58.0864],[22.0213,58.0212],[22.0203,58.0196],[21.987,57.9955],[21.983,57.984],[21.9634,57.984],[21.9773,57.9675],[21.9762,57.9642],[21.9763,57.9641],[21.9762,57.9638],[21.9918,57.9401],[21.9901,57.9356],[22.0169,57.9145],[22.0484,57.9151],[22.19,57.9838],[22.203,57.994],[22.2004,58.0207],[22.2251,58.0484],[22.2293,58.0522],[22.2568,58.0932],[22.2699,58.137],[22.2711,58.1616],[22.3726,58.2173],[22.4114,58.2232],[22.4216,58.2216],[22.4389,58.2273],[22.4936,58.2356],[22.4972,58.223],[22.5131,58.2361],[22.6623,58.2327],[22.6692,58.2215],[22.7232,58.2254],[22.7567,58.2423],[22.744,58.2465],[22.7578,58.2607],[22.7899,58.2735],[22.8112,58.2734],[22.854,58.2987],[22.9027,58.3118],[22.9522,58.3477],[22.981,58.3631],[23.0107,58.3679],[23.022,58.3632],[23.0868,58.395],[23.0863,58.4015],[23.1286,58.436],[23.2275,58.4431],[23.2349,58.4399],[23.278,58.4365],[23.2599,58.4454],[23.3075,58.4488],[23.325,58.4423],[23.3333,58.4564],[23.2886,58.4882],[23.2559,58.4976],[23.1157,58.5498],[23.0911,58.571],[22.9898,58.6018],[22.8997,58.6203],[22.8709,58.6166],[22.819,58.6222],[22.8186,58.6222],[22.8164,58.6216],[22.8114,58.623],[22.7975,58.6165],[22.7538,58.6048],[22.6916,58.5982],[22.6827,58.6002],[22.6174,58.6222],[22.5969,58.6237],[22.5832,58.6345],[22.5503,58.6296],[22.5451,58.6274],[22.545,58.6274],[22.473,58.6048],[22.3712,58.5876],[22.322,58.5848],[22.2883,58.5693],[22.2769,58.5184],[22.2679,58.5077],[22.226,58.5172],[22.2129,58.5464],[22.1878,58.5429],[22.1589,58.5136],[22.1136,58.498],[22.1108,58.4915],[22.0808,58.4782],[22.0018,58.5111],[21.9979,58.5113],[21.9956,58.5125],[21.9285,58.5184],[21.9258,58.5146],[21.8744,58.5008],[21.8324,58.511]]],[[[22.0447,58.9362],[22.0625,58.9258],[22.195,58.888],[22.2918,58.8952],[22.3081,58.8959],[22.4071,58.8646],[22.4139,58.8598],[22.4417,58.8153],[22.4426,58.803],[22.4652,58.7666],[22.48,58.7531],[22.475,58.7238],[22.4631,58.7165],[22.5017,58.6948],[22.5557,58.687],[22.6112,58.6905],[22.655,58.7028],[22.681,58.7241],[22.6899,58.7392],[22.7671,58.8198],[22.769,58.8206],[22.7911,58.7993],[22.7783,58.7922],[22.7901,58.781],[22.8454,58.7765],[22.8867,58.7905],[22.8845,58.8038],[22.9234,58.8266],[23.0051,58.8332],[23.0191,58.8291],[23.0405,58.8408],[23.0151,58.8918],[22.9843,58.9108],[22.981,58.9208],[22.9544,58.9471],[22.9496,58.9709],[22.9341,58.984],[22.9112,58.9898],[22.909,58.992],[22.8966,58.9935],[22.8372,59.0086],[22.7876,59.0069],[22.7254,59.0145],[22.711,59.0319],[22.7064,59.0598],[22.7141,59.0696],[22.7042,59.0728],[22.7038,59.0753],[22.6797,59.0807],[22.6667,59.0849],[22.6585,59.0854],[22.6498,59.0874],[22.6494,59.0874],[22.6405,59.0866],[22.5977,59.0895],[22.5783,59.0784],[22.5776,59.0751],[22.5054,59.0267],[22.4992,59.0192],[22.4876,59.0164],[22.4879,59.0056],[22.4703,58.9844],[22.4546,58.9872],[22.4612,58.9745],[22.1574,58.9512],[22.0942,58.956],[22.0555,58.9527],[22.0447,58.9362]]],[[[22.562,55.0676],[22.5712,55.064],[22.575,55.065],[22.562,55.0676]]],[[[23.0593,58.6035],[23.0833,58.5905],[23.1346,58.5799],[23.2238,58.5355],[23.2564,58.542],[23.2614,58.5402],[23.2618,58.5402],[23.2926,58.5441],[23.3622,58.5325],[23.4002,58.5554],[23.3816,58.5799],[23.3475,58.6072],[23.3491,58.6351],[23.3303,58.6531],[23.2883,58.6665],[23.1978,58.6806],[23.1671,58.6773],[23.1646,58.6777],[23.1642,58.6777],[23.1611,58.6766],[23.1546,58.6759],[23.1501,58.6727],[23.1102,58.6586],[23.0812,58.6296],[23.0755,58.6298],[23.066,58.6144],[23.0634,58.6118],[23.0637,58.6117],[23.0634,58.6114],[23.064,58.6112],[23.0593,58.6035]]],[[[23.1141,59.0218],[23.1483,58.974],[23.2108,58.973],[23.2234,58.984],[23.2786,58.9707],[23.3401,58.984],[23.3724,58.976],[23.427,58.612],[23.4983,58.572],[23.5164,58.5546],[23.5225,58.5585],[23.5629,58.5358],[23.6034,58.5131],[23.6811,58.4695],[23.6774,58.4352],[23.7189,58.3996],[23.741,58.3431],[23.7771,58.355],[23.8057,58.3465],[23.8187,58.35],[23.8502,58.3427],[23.8547,58.3397],[23.8709,58.3379],[23.9467,58.3205],[24.0606,58.2566],[24.0608,58.2567],[24.061,58.2566],[24.0727,58.2606],[24.0835,58.2509],[24.1117,58.241],[24.1515,58.2731],[24.1653,58.2759],[24.2108,58.2714],[24.2559,58.2895],[24.2869,58.3185],[24.2898,58.3304],[24.2974,58.3382],[24.4176,58.3798],[24.4266,58.3777],[24.339,57.9282],[24.3338,57.9213],[24.331,57.911],[24.3306,57.9104],[24.3301,57.9079],[24.3244,57.8868],[24.3062,57.8682],[24.2888,57.8453],[24.2888,57.8089],[24.2996,57.7438],[24.3001,57.7431],[24.2169,57.4086],[24.1857,57.2832],[24.1753,57.2413],[24.1582,57.1724],[24.1541,57.156],[24.1457,57.1221],[24.1422,57.1082],[24.1116,57.0939],[24.0692,57.0741],[24.0357,57.069],[24.0079,57.0454],[23.9586,57.0223],[23.9494,57.0221],[23.9201,57.0213],[23.8908,57.0206],[23.6564,57.0146],[23.5978,57.0132],[23.5978,56.9769],[23.5851,56.9791],[23.5786,56.9821],[23.5759,56.9805],[23.4998,56.9614],[23.4734,56.9435],[23.4772,56.9365],[23.492,56.9346],[23.5068,56.8946],[23.6262,56.8892],[23.6695,56.8749],[23.7073,56.8521],[23.7184,56.836],[23.7341,56.822],[23.7696,56.8],[23.7597,56.7719],[23.7642,56.7683],[23.7563,56.7441],[23.7839,56.7321],[23.8013,56.7295],[23.8283,56.7381],[23.9009,56.7458],[23.9129,56.7454],[23.925,56.7341],[23.9414,56.7286],[23.9963,56.7305],[24.0081,56.71],[24.0007,56.6956],[24.0339,56.6882],[24.0871,56.6821],[24.131,56.6683],[24.1602,56.6701],[24.1847,56.6926],[24.1959,56.6915],[24.2305,56.6994],[24.2457,56.7037],[24.2578,56.7012],[24.2634,56.6904],[24.2946,56.6755],[24.3359,56.6636],[24.3554,56.6616],[24.374,56.6596],[24.373,56.6663],[24.3837,56.6709],[24.415,56.6743],[24.4434,56.6842],[24.4824,56.7047],[24.5219,56.7136],[24.5561,56.707],[24.6009,56.707],[24.6341,56.6769],[24.5897,56.661],[24.5997,56.6207],[24.6299,56.6015],[24.6568,56.5998],[24.6614,56.5883],[24.6972,56.5762],[24.6713,56.5668],[24.6571,56.5436],[24.7325,56.5442],[24.95,56.5786],[24.9563,56.5511],[24.9956,56.5511],[25.0135,56.4957],[24.9205,56.4867],[24.9009,56.4599],[24.871,56.4426],[24.8923,56.4387],[24.9101,56.422],[24.9363,56.3799],[24.9621,56.3193],[24.9832,56.2905],[25.0262,56.2602],[25.044,56.228],[25.0731,56.1978],[25.1092,56.1831],[25.3491,56.1599],[25.4548,56.1496],[25.5228,56.1566],[25.59,56.1411],[25.6497,56.1438],[25.6619,56.1408],[25.6878,56.0983],[25.7088,56.081],[25.7663,56.0586],[25.7955,56.0401],[25.8713,55.9921],[25.9613,55.9585],[26.0176,55.9374],[26.0794,55.8981],[26.1786,55.8496],[26.2269,55.7969],[26.2584,55.8049],[26.3494,55.8099],[26.3362,55.8397],[26.2766,55.881],[26.3196,55.9075],[26.2865,55.924],[26.2915,55.9406],[26.3378,55.9654],[26.3726,55.9538],[26.393,55.9777],[26.3655,56.0217],[26.3696,56.0438],[26.357,56.0554],[26.3453,56.0935],[26.3407,56.1342],[26.3283,56.1627],[26.3008,56.1833],[26.3354,56.1897],[26.3809,56.1969],[26.4166,56.1835],[26.4554,56.1804],[26.4845,56.1678],[26.5075,56.1323],[26.5408,56.1339],[26.5566,56.1566],[26.6096,56.1322],[26.6248,56.1211],[26.6479,56.1353],[26.6873,56.1255],[26.7185,56.1113],[26.7747,56.1151],[26.8073,56.1273],[26.8368,56.1294],[26.8476,56.124],[26.8885,56.1289],[26.9285,56.1242],[26.9368,56.1358],[26.9202,56.1457],[26.9318,56.1573],[26.9682,56.1689],[26.9996,56.1706],[27.038,56.1801],[27.0289,56.2154],[27.0016,56.2306],[26.9862,56.2632],[26.9598,56.284],[26.9443,56.3129],[26.9911,56.3315],[26.9518,56.3726],[26.8976,56.4113],[26.9254,56.4476],[26.9331,56.4549],[26.9584,56.4611],[26.9527,56.4769],[26.9023,56.4792],[26.8659,56.4858],[26.8473,56.4955],[26.8076,56.4985],[26.8009,56.5072],[26.7755,56.512],[26.8261,56.5242],[26.8157,56.54],[26.7711,56.5561],[26.7437,56.5588],[26.7223,56.5431],[26.7064,56.5461],[26.6278,56.5437],[26.5959,56.547],[26.5834,56.5635],[26.5938,56.5952],[26.5225,56.5999],[26.4845,56.6061],[26.4014,56.6339],[26.3756,56.6359],[26.3885,56.6777],[26.5357,56.6777],[26.5764,56.6918],[26.6077,56.6902],[26.6484,56.7168],[26.7079,56.7231],[26.711,56.7075],[26.7439,56.6965],[26.7726,56.681],[26.7829,56.7074],[26.9075,56.818],[26.9285,56.8311],[26.9533,56.8467],[26.9808,56.8656],[26.9851,56.8782],[26.9712,56.8909],[26.9625,56.9133],[26.9539,56.9207],[26.9114,56.9393],[26.9171,56.9693],[26.9026,56.978],[26.8698,56.9763],[26.86,56.983],[26.8712,57.0026],[26.8605,57.018],[26.9296,57.0498],[26.9532,57.0648],[26.9791,57.0956],[27.0081,57.1145],[27.1302,57.1996],[27.1566,57.2264],[27.2205,57.2344],[27.2481,57.249],[27.2759,57.2467],[27.326,57.2774],[27.3549,57.2848],[27.4063,57.2631],[27.4871,57.2739],[27.5189,57.2593],[27.5556,57.2589],[27.6002,57.2978],[27.6723,57.3202],[27.6885,57.3326],[27.6944,57.3564],[27.6408,57.389],[27.5363,57.4157],[27.5113,57.4304],[27.5256,57.4684],[27.5282,57.5285],[27.3529,57.5276],[27.328,57.5832],[27.3748,57.5979],[27.387,57.6276],[27.377,57.6567],[27.4077,57.689],[27.4904,57.7046],[27.5078,57.7148],[27.5024,57.7725],[27.5539,57.7948],[27.5246,57.8073],[27.5563,57.8131],[27.7007,57.8248],[27.7635,57.8387],[27.7993,57.8611],[27.7744,57.8907],[27.6731,57.9128],[27.6594,57.9325],[27.6752,57.9678],[27.6691,57.992],[27.6316,58.0042],[27.6366,58.0592],[27.6304,58.0883],[27.5797,58.1259],[27.5196,58.1945],[27.4954,58.2215],[27.4828,58.2686],[27.4941,58.3195],[27.5549,58.3952],[27.4288,58.7094],[27.4106,58.7549],[27.4463,58.8189],[26.9591,58.8653],[26.9249,58.8672],[26.8968,58.8823],[26.8467,58.8927],[26.7517,58.8816],[26.728,58.9417],[26.703,58.9559],[26.667,58.9557],[26.5744,58.9334],[26.505,58.9388],[26.4569,58.9202],[26.4518,58.8951],[26.4104,58.8855],[26.3565,58.896],[26.33,58.916],[26.2946,58.9161],[26.2353,58.8983],[26.1537,58.8872],[26.1114,58.8568],[26.1138,58.8353],[26.0309,58.8318],[25.9655,58.8105],[25.9556,58.7735],[25.9273,58.7615],[25.8873,58.7674],[25.8279,58.7417],[25.7833,58.705],[25.7771,58.6898],[25.6593,58.6664],[25.5569,58.642],[25.5396,58.63],[25.5091,58.6334],[25.4378,58.6137],[25.349,58.6151],[25.2585,58.6333],[25.2926,58.7021],[25.2833,58.7136],[25.1998,58.7258],[25.1299,58.7202],[25.0628,58.7282],[24.9719,58.7011],[24.9162,58.6723],[24.8976,58.7358],[24.8801,58.7467],[24.8371,58.7492],[24.7865,58.7414],[24.6906,58.7512],[24.6544,58.724],[24.5647,58.7114],[24.5517,58.7338],[24.525,58.7365],[24.4615,58.7142],[24.4431,58.6903],[24.4147,58.677],[24.3635,58.6703],[24.1616,58.6887],[24.1332,58.7015],[24.1518,58.7279],[24.1407,58.742],[24.0941,58.7422],[24.075,58.7611],[24.1113,58.7697],[24.1607,58.7943],[24.1424,58.8198],[24.1859,58.837],[24.1274,58.9169],[24.0888,58.9503],[24.1045,58.9847],[24.0895,58.9958],[24.1053,59.0239],[24.1478,59.0612],[24.1222,59.0776],[24.115,59.1069],[24.0734,59.1263],[24.0218,59.137],[23.9318,59.1283],[23.9082,59.1314],[23.8745,59.1536],[23.796,59.176],[23.7668,59.2063],[23.7185,59.2314],[23.6623,59.2583],[23.6608,59.2582],[23.6419,59.2574],[23.6281,59.251],[23.5308,59.2297],[23.5256,59.2304],[23.5094,59.225],[23.3406,59.1879],[23.3407,59.1875],[23.3406,59.1875],[23.3645,59.0285],[23.364,59.029],[23.3442,59.0393],[23.278,59.0324],[23.208,59.0441],[23.1314,59.0407],[23.1141,59.0218]]]]}},
{"type":"Feature","properties":{"entityId":"terra-mariana","from":1267,"to":1276,"certainty":"estimated","source":"유럽 쪽은 Natural Earth 1:10m admin-1(v5.1.2) 현대 행정구역 조각을 그 시기 국경에 맞춰 묶고, 조각이 역사 경계와 다른 곳은 선을 그어 나눈 근사. 유럽 밖(시베리아·중앙아시아·극동)은 대략적인 추정. 운영자 검수 필요"},"geometry":{"type":"MultiPolygon","coordinates":[[[[20.9066,55.2941],[20.9361,55.2941],[20.9246,55.2827],[20.9894,55.2731],[20.9889,55.2913],[21.0379,55.3286],[21.0735,55.3918],[21.1062,55.4212],[21.0872,55.4411],[21.1199,55.4894],[21.1199,55.527],[21.1336,55.5683],[21.1315,55.6556],[21.1174,55.6998],[21.0852,55.7228],[21.0935,55.6955],[21.0907,55.6331],[21.0994,55.613],[21.0966,55.594],[21.087,55.5824],[21.0582,55.4766],[21.015,55.4019],[20.9488,55.336],[20.9403,55.3276],[20.9066,55.2941]]],[[[20.9706,56.389],[20.971,56.3498],[20.9815,56.3105],[20.9827,56.2908],[20.971,56.2597],[20.9734,56.232],[20.9841,56.2104],[21.0288,56.1474],[21.0377,56.1263],[21.0427,56.1146],[21.0534,56.0726],[21.0914,56.0779],[21.1502,56.0782],[21.1904,56.0845],[21.2054,56.1034],[21.2126,56.131],[21.2296,56.1632],[21.2549,56.1852],[21.2904,56.2069],[21.3276,56.2244],[21.3583,56.2332],[21.4193,56.2374],[21.4855,56.2658],[21.5589,56.2973],[21.596,56.3079],[21.6845,56.3101],[21.7365,56.3237],[21.9653,56.3837],[21.9832,56.3884],[22.0941,56.4174],[22.1391,56.4157],[22.2149,56.3904],[22.5117,56.396],[22.5782,56.387],[22.6491,56.3531],[22.6814,56.3503],[22.8229,56.3829],[22.8596,56.3971],[22.8218,56.4027],[22.786,56.4184],[22.7266,56.4245],[22.7482,56.4557],[22.7413,56.4754],[22.7014,56.4933],[22.7121,56.5654],[22.7551,56.562],[22.7981,56.5683],[22.7787,56.5878],[22.7809,56.6061],[22.8172,56.6073],[22.8408,56.6172],[22.8593,56.6442],[22.8287,56.6716],[22.8053,56.6784],[22.8001,56.696],[22.826,56.6981],[22.8144,56.7152],[22.8287,56.726],[22.8206,56.7715],[22.7877,56.7968],[22.7889,56.8039],[22.8163,56.8139],[22.8467,56.8282],[22.8359,56.8497],[22.8753,56.8586],[22.9074,56.8532],[22.9432,56.855],[22.9235,56.8336],[22.9325,56.8103],[22.9754,56.8014],[23.0362,56.8068],[23.0558,56.7942],[23.0701,56.7603],[23.0934,56.7209],[23.1233,56.6988],[23.1717,56.6924],[23.2158,56.7111],[23.2996,56.7154],[23.3252,56.7495],[23.322,56.7821],[23.375,56.8008],[23.4088,56.7924],[23.4517,56.7994],[23.4866,56.8159],[23.462,56.8842],[23.5068,56.8946],[23.6262,56.8892],[23.6695,56.8749],[23.7073,56.8521],[23.7184,56.836],[23.7341,56.822],[23.7696,56.8],[23.7597,56.7719],[23.7642,56.7683],[23.7563,56.7441],[23.7839,56.7321],[23.8013,56.7295],[23.8283,56.7381],[23.9009,56.7458],[23.9129,56.7454],[23.925,56.7341],[23.9414,56.7286],[23.9963,56.7305],[24.0081,56.71],[24.0007,56.6956],[24.0339,56.6882],[24.0871,56.6821],[24.131,56.6683],[24.1602,56.6701],[24.1847,56.6926],[24.1959,56.6915],[24.2305,56.6994],[24.2457,56.7037],[24.2578,56.7012],[24.2634,56.6904],[24.2946,56.6755],[24.3359,56.6636],[24.3554,56.6616],[24.374,56.6596],[24.373,56.6663],[24.3837,56.6709],[24.415,56.6743],[24.4434,56.6842],[24.4824,56.7047],[24.5219,56.7136],[24.5561,56.707],[24.6009,56.707],[24.6341,56.6769],[24.5897,56.661],[24.5997,56.6207],[24.6299,56.6015],[24.6568,56.5998],[24.6614,56.5883],[24.6972,56.5762],[24.6713,56.5668],[24.6571,56.5436],[24.7325,56.5442],[24.95,56.5786],[24.9563,56.5511],[24.9956,56.5511],[25.0135,56.4957],[24.9205,56.4867],[24.9009,56.4599],[24.871,56.4426],[24.8923,56.4387],[24.9101,56.422],[24.9363,56.3799],[24.9621,56.3193],[24.9832,56.2905],[25.0262,56.2602],[25.044,56.228],[25.0731,56.1978],[25.1092,56.1831],[25.3491,56.1599],[25.4548,56.1496],[25.5228,56.1566],[25.59,56.1411],[25.6497,56.1438],[25.6619,56.1408],[25.6878,56.0983],[25.7088,56.081],[25.7663,56.0586],[25.7955,56.0401],[25.8713,55.9921],[25.9613,55.9585],[26.0176,55.9374],[26.0794,55.8981],[26.1786,55.8496],[26.2269,55.7969],[26.2584,55.8049],[26.3494,55.8099],[26.3362,55.8397],[26.2766,55.881],[26.3196,55.9075],[26.2865,55.924],[26.2915,55.9406],[26.3378,55.9654],[26.3726,55.9538],[26.393,55.9777],[26.3655,56.0217],[26.3696,56.0438],[26.357,56.0554],[26.3453,56.0935],[26.3407,56.1342],[26.3283,56.1627],[26.3008,56.1833],[26.3354,56.1897],[26.3809,56.1969],[26.4166,56.1835],[26.4554,56.1804],[26.4845,56.1678],[26.5075,56.1323],[26.5408,56.1339],[26.5566,56.1566],[26.6096,56.1322],[26.6248,56.1211],[26.6479,56.1353],[26.6873,56.1255],[26.7185,56.1113],[26.7747,56.1151],[26.8073,56.1273],[26.8368,56.1294],[26.8476,56.124],[26.8885,56.1289],[26.9285,56.1242],[26.9368,56.1358],[26.9202,56.1457],[26.9318,56.1573],[26.9682,56.1689],[26.9996,56.1706],[27.038,56.1801],[27.0289,56.2154],[27.0016,56.2306],[26.9862,56.2632],[26.9598,56.284],[26.9443,56.3129],[26.9911,56.3315],[26.9518,56.3726],[26.8976,56.4113],[26.9254,56.4476],[26.9331,56.4549],[26.9584,56.4611],[26.9527,56.4769],[26.9023,56.4792],[26.8659,56.4858],[26.8473,56.4955],[26.8076,56.4985],[26.8009,56.5072],[26.7755,56.512],[26.8261,56.5242],[26.8157,56.54],[26.7711,56.5561],[26.7437,56.5588],[26.7223,56.5431],[26.7064,56.5461],[26.6278,56.5437],[26.5959,56.547],[26.5834,56.5635],[26.5938,56.5952],[26.5225,56.5999],[26.4845,56.6061],[26.4014,56.6339],[26.3756,56.6359],[26.3885,56.6777],[26.5357,56.6777],[26.5764,56.6918],[26.6077,56.6902],[26.6484,56.7168],[26.7079,56.7231],[26.711,56.7075],[26.7439,56.6965],[26.7726,56.681],[26.7829,56.7074],[26.9075,56.818],[26.9285,56.8311],[26.9533,56.8467],[26.9808,56.8656],[26.9851,56.8782],[26.9712,56.8909],[26.9625,56.9133],[26.9539,56.9207],[26.9114,56.9393],[26.9171,56.9693],[26.9026,56.978],[26.8698,56.9763],[26.86,56.983],[26.8712,57.0026],[26.8605,57.018],[26.9296,57.0498],[26.9532,57.0648],[26.9791,57.0956],[27.0081,57.1145],[27.1302,57.1996],[27.1566,57.2264],[27.2205,57.2344],[27.2481,57.249],[27.2759,57.2467],[27.326,57.2774],[27.3549,57.2848],[27.4063,57.2631],[27.4871,57.2739],[27.5189,57.2593],[27.5556,57.2589],[27.6002,57.2978],[27.6723,57.3202],[27.6885,57.3326],[27.6944,57.3564],[27.6408,57.389],[27.5363,57.4157],[27.5113,57.4304],[27.5256,57.4684],[27.5282,57.5285],[27.3529,57.5276],[27.328,57.5832],[27.3748,57.5979],[27.387,57.6276],[27.377,57.6567],[27.4077,57.689],[27.4904,57.7046],[27.5078,57.7148],[27.5024,57.7725],[27.5539,57.7948],[27.5246,57.8073],[27.5563,57.8131],[27.7007,57.8248],[27.7635,57.8387],[27.7993,57.8611],[27.7744,57.8907],[27.6731,57.9128],[27.6594,57.9325],[27.6752,57.9678],[27.6691,57.992],[27.6316,58.0042],[27.6366,58.0592],[27.6304,58.0883],[27.5797,58.1259],[27.5196,58.1945],[27.4954,58.2215],[27.4828,58.2686],[27.4941,58.3195],[27.5549,58.3952],[27.4288,58.7094],[27.4106,58.7549],[27.4463,58.8189],[26.9591,58.8653],[26.9249,58.8672],[26.8968,58.8823],[26.8467,58.8927],[26.7517,58.8816],[26.728,58.9417],[26.703,58.9559],[26.667,58.9557],[26.5744,58.9334],[26.505,58.9388],[26.4569,58.9202],[26.4518,58.8951],[26.4104,58.8855],[26.3565,58.896],[26.33,58.916],[26.2946,58.9161],[26.2353,58.8983],[26.1537,58.8872],[26.1114,58.8568],[26.1138,58.8353],[26.0309,58.8318],[25.9655,58.8105],[25.9556,58.7735],[25.9273,58.7615],[25.8873,58.7674],[25.8279,58.7417],[25.7833,58.705],[25.7771,58.6898],[25.6593,58.6664],[25.5569,58.642],[25.5396,58.63],[25.5091,58.6334],[25.4378,58.6137],[25.349,58.6151],[25.2585,58.6333],[25.2926,58.7021],[25.2833,58.7136],[25.1998,58.7258],[25.1299,58.7202],[25.0628,58.7282],[24.9719,58.7011],[24.9162,58.6723],[24.8976,58.7358],[24.8801,58.7467],[24.8371,58.7492],[24.7865,58.7414],[24.6906,58.7512],[24.6544,58.724],[24.5647,58.7114],[24.5517,58.7338],[24.525,58.7365],[24.4615,58.7142],[24.4431,58.6903],[24.4147,58.677],[24.3635,58.6703],[24.1616,58.6887],[24.1332,58.7015],[24.1518,58.7279],[24.1407,58.742],[24.0941,58.7422],[24.075,58.7611],[24.1113,58.7697],[24.1607,58.7943],[24.1424,58.8198],[24.1859,58.837],[24.1274,58.9169],[24.0888,58.9503],[24.1045,58.9847],[24.0895,58.9958],[24.1053,59.0239],[24.1478,59.0612],[24.1222,59.0776],[24.115,59.1069],[24.0734,59.1263],[24.0218,59.137],[23.9318,59.1283],[23.9082,59.1314],[23.8745,59.1536],[23.796,59.176],[23.7668,59.2063],[23.7185,59.2314],[23.6623,59.2583],[23.6608,59.2582],[23.6419,59.2574],[23.6281,59.251],[23.5308,59.2297],[23.5256,59.2304],[23.5094,59.225],[23.3406,59.1879],[23.3407,59.1875],[23.3406,59.1875],[23.3645,59.0285],[23.364,59.029],[23.3442,59.0393],[23.278,59.0324],[23.208,59.0441],[23.1314,59.0407],[23.1141,59.0218],[23.1483,58.974],[23.2108,58.973],[23.2234,58.984],[23.2786,58.9707],[23.3401,58.984],[23.3724,58.976],[23.427,58.612],[23.4983,58.572],[23.5164,58.5546],[23.5225,58.5585],[23.5629,58.5358],[23.6034,58.5131],[23.6811,58.4695],[23.6774,58.4352],[23.7189,58.3996],[23.741,58.3431],[23.7771,58.355],[23.8057,58.3465],[23.8187,58.35],[23.8502,58.3427],[23.8547,58.3397],[23.8709,58.3379],[23.9467,58.3205],[24.0606,58.2566],[24.0608,58.2567],[24.061,58.2566],[24.0727,58.2606],[24.0835,58.2509],[24.1117,58.241],[24.1515,58.2731],[24.1653,58.2759],[24.2108,58.2714],[24.2559,58.2895],[24.2869,58.3185],[24.2898,58.3304],[24.2974,58.3382],[24.4176,58.3798],[24.4266,58.3777],[24.339,57.9282],[24.3338,57.9213],[24.331,57.911],[24.3306,57.9104],[24.3301,57.9079],[24.3244,57.8868],[24.3062,57.8682],[24.2888,57.8453],[24.2888,57.8089],[24.2996,57.7438],[24.3001,57.7431],[24.2169,57.4086],[24.1857,57.2832],[24.1753,57.2413],[24.1582,57.1724],[24.1541,57.156],[24.1457,57.1221],[24.1422,57.1082],[24.1116,57.0939],[24.0692,57.0741],[24.0357,57.069],[24.0079,57.0454],[23.9586,57.0223],[23.9494,57.0221],[23.9201,57.0213],[23.8908,57.0206],[23.6564,57.0146],[23.5978,57.0132],[23.5685,57.0124],[23.5393,57.0117],[23.5208,57.0256],[23.5086,57.0312],[23.4432,57.0381],[23.2974,57.0859],[23.2927,57.0889],[23.2859,57.091],[23.2325,57.1739],[23.2224,57.207],[23.2011,57.2224],[23.1976,57.228],[23.1824,57.2777],[23.1602,57.3186],[23.138,57.3432],[23.1302,57.3708],[23.1175,57.3739],[23.0833,57.3782],[23.0408,57.3916],[23.0386,57.3931],[22.9093,57.4607],[22.8789,57.4813],[22.7905,57.5228],[22.7445,57.5468],[22.6888,57.5992],[22.6553,57.6306],[22.6213,57.6626],[22.5915,57.6906],[22.6003,57.7438],[22.6104,57.7546],[22.5858,57.7597],[22.5491,57.7506],[22.5302,57.7483],[22.5238,57.7543],[22.5235,57.7542],[22.5234,57.7543],[22.4946,57.7438],[22.4837,57.7425],[22.2098,57.6621],[21.9438,57.5979],[21.8792,57.5901],[21.7717,57.5861],[21.7297,57.5738],[21.6992,57.5553],[21.6251,57.4768],[21.5666,57.4227],[21.5178,57.3876],[21.5115,57.3787],[21.4978,57.3589],[21.4615,57.3253],[21.4495,57.32],[21.4214,57.2887],[21.4126,57.2501],[21.4143,57.1996],[21.2942,57.0455],[21.2871,57.0364],[21.2588,57.0002],[21.2588,57.0001],[21.2305,56.9639],[21.174,56.8914],[21.1567,56.8856],[21.1472,56.8764],[21.0652,56.8463],[21.0527,56.8289],[21.0636,56.7812],[21.033,56.6362],[21.0329,56.6349],[21.0206,56.615],[21.0105,56.5987],[21.0003,56.5577],[20.9922,56.5489],[20.9963,56.5378],[21.0031,56.53],[21.0277,56.5248],[21.0268,56.5063],[21.0243,56.5105],[21.0064,56.52],[21.0005,56.5106],[21.0033,56.4926],[21.0106,56.4757],[21.0055,56.4655],[21.0054,56.4459],[20.9925,56.4179],[20.9706,56.389]]],[[[21.0447,55.8737],[21.0606,55.7893],[21.0744,55.7449],[21.1213,55.7047],[21.1501,55.6525],[21.2166,55.3893],[21.1834,55.3462],[21.1888,55.3386],[21.2027,55.3462],[21.2022,55.3446],[21.2023,55.3444],[21.2022,55.3442],[21.2278,55.2867],[21.2346,55.2714],[21.2328,55.2449],[21.2676,55.2449],[21.2676,55.2487],[21.3498,55.2878],[21.3749,55.29],[21.4055,55.2724],[21.4677,55.2112],[21.5039,55.1944],[21.6051,55.1925],[21.6458,55.181],[21.7162,55.1495],[21.7506,55.128],[21.8199,55.1193],[21.8732,55.0949],[21.9428,55.0783],[21.9775,55.092],[22.0154,55.0884],[22.0277,55.0444],[22.05,55.0335],[22.0999,55.0299],[22.1427,55.0546],[22.2513,55.0709],[22.2699,55.0695],[22.4363,55.0578],[22.5303,55.0739],[22.3,55.12],[22.05,55.25],[21.85,55.35],[21.6,55.46],[21.45,55.6],[21.33,55.72],[21.17,55.85],[21.05,55.88],[21.0447,55.88],[21.0447,55.8737]]],[[[21.8324,58.511],[21.8733,58.4856],[21.9833,58.3858],[21.9654,58.3496],[21.9348,58.3242],[21.8945,58.3465],[21.8733,58.3416],[21.9005,58.3081],[21.8898,58.3045],[21.858,58.3014],[21.8433,58.3022],[21.8678,58.2646],[21.9289,58.2451],[21.9366,58.2451],[22.0317,58.2145],[22.053,58.1866],[22.0723,58.1758],[22.1046,58.1729],[22.1058,58.1722],[22.176,58.1575],[22.1871,58.1535],[22.1526,58.1153],[22.1085,58.0834],[22.0962,58.0864],[22.0213,58.0212],[22.0203,58.0196],[21.987,57.9955],[21.983,57.984],[21.9634,57.984],[21.9773,57.9675],[21.9762,57.9642],[21.9763,57.9641],[21.9762,57.9638],[21.9918,57.9401],[21.9901,57.9356],[22.0169,57.9145],[22.0484,57.9151],[22.19,57.9838],[22.203,57.994],[22.2004,58.0207],[22.2251,58.0484],[22.2293,58.0522],[22.2568,58.0932],[22.2699,58.137],[22.2711,58.1616],[22.3726,58.2173],[22.4114,58.2232],[22.4216,58.2216],[22.4389,58.2273],[22.4936,58.2356],[22.4972,58.223],[22.5131,58.2361],[22.6623,58.2327],[22.6692,58.2215],[22.7232,58.2254],[22.7567,58.2423],[22.744,58.2465],[22.7578,58.2607],[22.7899,58.2735],[22.8112,58.2734],[22.854,58.2987],[22.9027,58.3118],[22.9522,58.3477],[22.981,58.3631],[23.0107,58.3679],[23.022,58.3632],[23.0868,58.395],[23.0863,58.4015],[23.1286,58.436],[23.2275,58.4431],[23.2349,58.4399],[23.278,58.4365],[23.2599,58.4454],[23.3075,58.4488],[23.325,58.4423],[23.3333,58.4564],[23.2886,58.4882],[23.2559,58.4976],[23.1157,58.5498],[23.0911,58.571],[22.9898,58.6018],[22.8997,58.6203],[22.8709,58.6166],[22.819,58.6222],[22.8186,58.6222],[22.8164,58.6216],[22.8114,58.623],[22.7975,58.6165],[22.7538,58.6048],[22.6916,58.5982],[22.6827,58.6002],[22.6174,58.6222],[22.5969,58.6237],[22.5832,58.6345],[22.5503,58.6296],[22.5451,58.6274],[22.545,58.6274],[22.473,58.6048],[22.3712,58.5876],[22.322,58.5848],[22.2883,58.5693],[22.2769,58.5184],[22.2679,58.5077],[22.226,58.5172],[22.2129,58.5464],[22.1878,58.5429],[22.1589,58.5136],[22.1136,58.498],[22.1108,58.4915],[22.0808,58.4782],[22.0018,58.5111],[21.9979,58.5113],[21.9956,58.5125],[21.9285,58.5184],[21.9258,58.5146],[21.8744,58.5008],[21.8324,58.511]]],[[[22.0447,58.9362],[22.0625,58.9258],[22.195,58.888],[22.2918,58.8952],[22.3081,58.8959],[22.4071,58.8646],[22.4139,58.8598],[22.4417,58.8153],[22.4426,58.803],[22.4652,58.7666],[22.48,58.7531],[22.475,58.7238],[22.4631,58.7165],[22.5017,58.6948],[22.5557,58.687],[22.6112,58.6905],[22.655,58.7028],[22.681,58.7241],[22.6899,58.7392],[22.7671,58.8198],[22.769,58.8206],[22.7911,58.7993],[22.7783,58.7922],[22.7901,58.781],[22.8454,58.7765],[22.8867,58.7905],[22.8845,58.8038],[22.9234,58.8266],[23.0051,58.8332],[23.0191,58.8291],[23.0405,58.8408],[23.0151,58.8918],[22.9843,58.9108],[22.981,58.9208],[22.9544,58.9471],[22.9496,58.9709],[22.9341,58.984],[22.9112,58.9898],[22.909,58.992],[22.8966,58.9935],[22.8372,59.0086],[22.7876,59.0069],[22.7254,59.0145],[22.711,59.0319],[22.7064,59.0598],[22.7141,59.0696],[22.7042,59.0728],[22.7038,59.0753],[22.6797,59.0807],[22.6667,59.0849],[22.6585,59.0854],[22.6498,59.0874],[22.6494,59.0874],[22.6405,59.0866],[22.5977,59.0895],[22.5783,59.0784],[22.5776,59.0751],[22.5054,59.0267],[22.4992,59.0192],[22.4876,59.0164],[22.4879,59.0056],[22.4703,58.9844],[22.4546,58.9872],[22.4612,58.9745],[22.1574,58.9512],[22.0942,58.956],[22.0555,58.9527],[22.0447,58.9362]]],[[[22.562,55.0676],[22.5712,55.064],[22.575,55.065],[22.562,55.0676]]],[[[23.0593,58.6035],[23.0833,58.5905],[23.1346,58.5799],[23.2238,58.5355],[23.2564,58.542],[23.2614,58.5402],[23.2618,58.5402],[23.2926,58.5441],[23.3622,58.5325],[23.4002,58.5554],[23.3816,58.5799],[23.3475,58.6072],[23.3491,58.6351],[23.3303,58.6531],[23.2883,58.6665],[23.1978,58.6806],[23.1671,58.6773],[23.1646,58.6777],[23.1642,58.6777],[23.1611,58.6766],[23.1546,58.6759],[23.1501,58.6727],[23.1102,58.6586],[23.0812,58.6296],[23.0755,58.6298],[23.066,58.6144],[23.0634,58.6118],[23.0637,58.6117],[23.0634,58.6114],[23.064,58.6112],[23.0593,58.6035]]]]}},
{"type":"Feature","properties":{"entityId":"terra-mariana","from":1276,"to":1290,"certainty":"estimated","source":"유럽 쪽은 Natural Earth 1:10m admin-1(v5.1.2) 현대 행정구역 조각을 그 시기 국경에 맞춰 묶고, 조각이 역사 경계와 다른 곳은 선을 그어 나눈 근사. 유럽 밖(시베리아·중앙아시아·극동)은 대략적인 추정. 운영자 검수 필요"},"geometry":{"type":"MultiPolygon","coordinates":[[[[20.9066,55.2941],[20.9361,55.2941],[20.9246,55.2827],[20.9894,55.2731],[20.9889,55.2913],[21.0379,55.3286],[21.0735,55.3918],[21.1062,55.4212],[21.0872,55.4411],[21.1199,55.4894],[21.1199,55.527],[21.1336,55.5683],[21.1315,55.6556],[21.1174,55.6998],[21.0852,55.7228],[21.0935,55.6955],[21.0907,55.6331],[21.0994,55.613],[21.0966,55.594],[21.087,55.5824],[21.0582,55.4766],[21.015,55.4019],[20.9488,55.336],[20.9403,55.3276],[20.9066,55.2941]]],[[[20.9706,56.389],[20.971,56.3498],[20.9815,56.3105],[20.9827,56.2908],[20.971,56.2597],[20.9734,56.232],[20.9841,56.2104],[21.0288,56.1474],[21.0377,56.1263],[21.0427,56.1146],[21.0534,56.0726],[21.0914,56.0779],[21.1502,56.0782],[21.1904,56.0845],[21.2054,56.1034],[21.2126,56.131],[21.2296,56.1632],[21.2549,56.1852],[21.2904,56.2069],[21.3276,56.2244],[21.3583,56.2332],[21.4193,56.2374],[21.4855,56.2658],[21.5589,56.2973],[21.596,56.3079],[21.6845,56.3101],[21.7365,56.3237],[21.9653,56.3837],[21.9832,56.3884],[22.0941,56.4174],[22.1391,56.4157],[22.2149,56.3904],[22.5117,56.396],[22.5782,56.387],[22.6491,56.3531],[22.6814,56.3503],[22.8229,56.3829],[22.8596,56.3971],[22.8218,56.4027],[22.786,56.4184],[22.7266,56.4245],[22.7482,56.4557],[22.7413,56.4754],[22.7014,56.4933],[22.7121,56.5654],[22.7551,56.562],[22.7981,56.5683],[22.7787,56.5878],[22.7809,56.6061],[22.8172,56.6073],[22.8408,56.6172],[22.8593,56.6442],[22.8287,56.6716],[22.8053,56.6784],[22.8001,56.696],[22.826,56.6981],[22.8144,56.7152],[22.8287,56.726],[22.8206,56.7715],[22.7877,56.7968],[22.7889,56.8039],[22.8163,56.8139],[22.8467,56.8282],[22.8359,56.8497],[22.8753,56.8586],[22.9074,56.8532],[22.9432,56.855],[22.9235,56.8336],[22.9325,56.8103],[22.9754,56.8014],[23.0362,56.8068],[23.0558,56.7942],[23.0701,56.7603],[23.0934,56.7209],[23.1233,56.6988],[23.1717,56.6924],[23.2158,56.7111],[23.2996,56.7154],[23.3252,56.7495],[23.322,56.7821],[23.375,56.8008],[23.4088,56.7924],[23.4517,56.7994],[23.4866,56.8159],[23.462,56.8842],[23.5068,56.8946],[23.6262,56.8892],[23.6695,56.8749],[23.7073,56.8521],[23.7184,56.836],[23.7341,56.822],[23.7696,56.8],[23.7597,56.7719],[23.7642,56.7683],[23.7563,56.7441],[23.7839,56.7321],[23.8013,56.7295],[23.8283,56.7381],[23.9009,56.7458],[23.9129,56.7454],[23.925,56.7341],[23.9414,56.7286],[23.9963,56.7305],[24.0081,56.71],[24.0007,56.6956],[24.0339,56.6882],[24.0871,56.6821],[24.131,56.6683],[24.1602,56.6701],[24.1847,56.6926],[24.1959,56.6915],[24.2305,56.6994],[24.2457,56.7037],[24.2578,56.7012],[24.2634,56.6904],[24.2946,56.6755],[24.3359,56.6636],[24.3554,56.6616],[24.374,56.6596],[24.373,56.6663],[24.3837,56.6709],[24.415,56.6743],[24.4434,56.6842],[24.4824,56.7047],[24.5219,56.7136],[24.5561,56.707],[24.6009,56.707],[24.6341,56.6769],[24.5897,56.661],[24.5997,56.6207],[24.6299,56.6015],[24.6568,56.5998],[24.6614,56.5883],[24.6972,56.5762],[24.6713,56.5668],[24.6571,56.5436],[24.7325,56.5442],[24.95,56.5786],[24.9563,56.5511],[24.9956,56.5511],[25.0135,56.4957],[24.9205,56.4867],[24.9009,56.4599],[24.871,56.4426],[24.8923,56.4387],[24.9101,56.422],[24.9363,56.3799],[24.9621,56.3193],[24.9832,56.2905],[25.0262,56.2602],[25.044,56.228],[25.0731,56.1978],[25.1092,56.1831],[25.3491,56.1599],[25.4548,56.1496],[25.5228,56.1566],[25.59,56.1411],[25.6497,56.1438],[25.6619,56.1408],[25.6878,56.0983],[25.7088,56.081],[25.7663,56.0586],[25.7955,56.0401],[25.8713,55.9921],[25.9613,55.9585],[26.0176,55.9374],[26.0794,55.8981],[26.1786,55.8496],[26.2269,55.7969],[26.2797,55.7432],[26.3424,55.7163],[26.4811,55.6783],[26.5945,55.667],[26.6401,55.6956],[26.743,55.6829],[26.8228,55.7061],[26.8428,55.7193],[26.9001,55.7787],[26.9578,55.8186],[26.9794,55.8263],[27.1108,55.8363],[27.1732,55.8257],[27.263,55.7872],[27.2824,55.7919],[27.3496,55.8312],[27.3746,55.8148],[27.4388,55.7987],[27.5646,55.7922],[27.5927,55.7942],[27.6101,55.831],[27.6172,55.8786],[27.645,55.9228],[27.7444,55.9597],[27.7601,55.9754],[27.7812,56.0164],[27.8807,56.0639],[27.9115,56.1002],[27.9397,56.1131],[27.981,56.118],[28.0511,56.1407],[28.0682,56.1476],[28.111,56.1568],[28.1489,56.1424],[28.1691,56.1617],[28.1931,56.231],[28.2153,56.256],[28.2148,56.2814],[28.1744,56.3496],[28.1643,56.3928],[28.1679,56.4271],[28.1565,56.4462],[28.1045,56.4831],[28.0933,56.5016],[28.0992,56.5134],[28.1322,56.536],[28.1087,56.5552],[28.0287,56.5768],[27.9974,56.6038],[27.9922,56.625],[27.9913,56.67],[27.981,56.687],[27.8826,56.7255],[27.8655,56.7427],[27.8761,56.7594],[27.9189,56.8059],[27.9135,56.8202],[27.8308,56.8643],[27.7864,56.8713],[27.7441,56.8648],[27.6612,56.8393],[27.6444,56.8418],[27.6284,56.8442],[27.6487,56.8793],[27.7151,56.9574],[27.7234,56.9988],[27.7458,57.0315],[27.7455,57.068],[27.6961,57.0855],[27.6822,57.1037],[27.701,57.1188],[27.794,57.1434],[27.8243,57.1591],[27.8412,57.2112],[27.8461,57.2673],[27.8403,57.2906],[27.8091,57.3139],[27.708,57.3481],[27.6944,57.3564],[27.6408,57.389],[27.5363,57.4157],[27.5113,57.4304],[27.5256,57.4684],[27.5282,57.5285],[27.3529,57.5276],[27.328,57.5832],[27.3748,57.5979],[27.387,57.6276],[27.377,57.6567],[27.4077,57.689],[27.4904,57.7046],[27.5078,57.7148],[27.5024,57.7725],[27.5539,57.7948],[27.5246,57.8073],[27.5563,57.8131],[27.7007,57.8248],[27.7635,57.8387],[27.7993,57.8611],[27.7744,57.8907],[27.6731,57.9128],[27.6594,57.9325],[27.6752,57.9678],[27.6691,57.992],[27.6316,58.0042],[27.6366,58.0592],[27.6304,58.0883],[27.5797,58.1259],[27.5196,58.1945],[27.4954,58.2215],[27.4828,58.2686],[27.4941,58.3195],[27.5549,58.3952],[27.4288,58.7094],[27.4106,58.7549],[27.4463,58.8189],[26.9591,58.8653],[26.9249,58.8672],[26.8968,58.8823],[26.8467,58.8927],[26.7517,58.8816],[26.728,58.9417],[26.703,58.9559],[26.667,58.9557],[26.5744,58.9334],[26.505,58.9388],[26.4569,58.9202],[26.4518,58.8951],[26.4104,58.8855],[26.3565,58.896],[26.33,58.916],[26.2946,58.9161],[26.2353,58.8983],[26.1537,58.8872],[26.1114,58.8568],[26.1138,58.8353],[26.0309,58.8318],[25.9655,58.8105],[25.9556,58.7735],[25.9273,58.7615],[25.8873,58.7674],[25.8279,58.7417],[25.7833,58.705],[25.7771,58.6898],[25.6593,58.6664],[25.5569,58.642],[25.5396,58.63],[25.5091,58.6334],[25.4378,58.6137],[25.349,58.6151],[25.2585,58.6333],[25.2926,58.7021],[25.2833,58.7136],[25.1998,58.7258],[25.1299,58.7202],[25.0628,58.7282],[24.9719,58.7011],[24.9162,58.6723],[24.8976,58.7358],[24.8801,58.7467],[24.8371,58.7492],[24.7865,58.7414],[24.6906,58.7512],[24.6544,58.724],[24.5647,58.7114],[24.5517,58.7338],[24.525,58.7365],[24.4615,58.7142],[24.4431,58.6903],[24.4147,58.677],[24.3635,58.6703],[24.1616,58.6887],[24.1332,58.7015],[24.1518,58.7279],[24.1407,58.742],[24.0941,58.7422],[24.075,58.7611],[24.1113,58.7697],[24.1607,58.7943],[24.1424,58.8198],[24.1859,58.837],[24.1274,58.9169],[24.0888,58.9503],[24.1045,58.9847],[24.0895,58.9958],[24.1053,59.0239],[24.1478,59.0612],[24.1222,59.0776],[24.115,59.1069],[24.0734,59.1263],[24.0218,59.137],[23.9318,59.1283],[23.9082,59.1314],[23.8745,59.1536],[23.796,59.176],[23.7668,59.2063],[23.7185,59.2314],[23.6623,59.2583],[23.6608,59.2582],[23.6419,59.2574],[23.6281,59.251],[23.5308,59.2297],[23.5256,59.2304],[23.5094,59.225],[23.3406,59.1879],[23.3407,59.1875],[23.3406,59.1875],[23.3645,59.0285],[23.364,59.029],[23.3442,59.0393],[23.278,59.0324],[23.208,59.0441],[23.1314,59.0407],[23.1141,59.0218],[23.1483,58.974],[23.2108,58.973],[23.2234,58.984],[23.2786,58.9707],[23.3401,58.984],[23.3724,58.976],[23.427,58.612],[23.4983,58.572],[23.5164,58.5546],[23.5225,58.5585],[23.5629,58.5358],[23.6034,58.5131],[23.6811,58.4695],[23.6774,58.4352],[23.7189,58.3996],[23.741,58.3431],[23.7771,58.355],[23.8057,58.3465],[23.8187,58.35],[23.8502,58.3427],[23.8547,58.3397],[23.8709,58.3379],[23.9467,58.3205],[24.0606,58.2566],[24.0608,58.2567],[24.061,58.2566],[24.0727,58.2606],[24.0835,58.2509],[24.1117,58.241],[24.1515,58.2731],[24.1653,58.2759],[24.2108,58.2714],[24.2559,58.2895],[24.2869,58.3185],[24.2898,58.3304],[24.2974,58.3382],[24.4176,58.3798],[24.4266,58.3777],[24.339,57.9282],[24.3338,57.9213],[24.331,57.911],[24.3306,57.9104],[24.3301,57.9079],[24.3244,57.8868],[24.3062,57.8682],[24.2888,57.8453],[24.2888,57.8089],[24.2996,57.7438],[24.3001,57.7431],[24.2169,57.4086],[24.1857,57.2832],[24.1753,57.2413],[24.1582,57.1724],[24.1541,57.156],[24.1457,57.1221],[24.1422,57.1082],[24.1116,57.0939],[24.0692,57.0741],[24.0357,57.069],[24.0079,57.0454],[23.9586,57.0223],[23.9494,57.0221],[23.9201,57.0213],[23.8908,57.0206],[23.6564,57.0146],[23.5978,57.0132],[23.5685,57.0124],[23.5393,57.0117],[23.5208,57.0256],[23.5086,57.0312],[23.4432,57.0381],[23.2974,57.0859],[23.2927,57.0889],[23.2859,57.091],[23.2325,57.1739],[23.2224,57.207],[23.2011,57.2224],[23.1976,57.228],[23.1824,57.2777],[23.1602,57.3186],[23.138,57.3432],[23.1302,57.3708],[23.1175,57.3739],[23.0833,57.3782],[23.0408,57.3916],[23.0386,57.3931],[22.9093,57.4607],[22.8789,57.4813],[22.7905,57.5228],[22.7445,57.5468],[22.6888,57.5992],[22.6553,57.6306],[22.6213,57.6626],[22.5915,57.6906],[22.6003,57.7438],[22.6104,57.7546],[22.5858,57.7597],[22.5491,57.7506],[22.5302,57.7483],[22.5238,57.7543],[22.5235,57.7542],[22.5234,57.7543],[22.4946,57.7438],[22.4837,57.7425],[22.2098,57.6621],[21.9438,57.5979],[21.8792,57.5901],[21.7717,57.5861],[21.7297,57.5738],[21.6992,57.5553],[21.6251,57.4768],[21.5666,57.4227],[21.5178,57.3876],[21.5115,57.3787],[21.4978,57.3589],[21.4615,57.3253],[21.4495,57.32],[21.4214,57.2887],[21.4126,57.2501],[21.4143,57.1996],[21.2942,57.0455],[21.2871,57.0364],[21.2588,57.0002],[21.2588,57.0001],[21.2305,56.9639],[21.174,56.8914],[21.1567,56.8856],[21.1472,56.8764],[21.0652,56.8463],[21.0527,56.8289],[21.0636,56.7812],[21.033,56.6362],[21.0329,56.6349],[21.0206,56.615],[21.0105,56.5987],[21.0003,56.5577],[20.9922,56.5489],[20.9963,56.5378],[21.0031,56.53],[21.0277,56.5248],[21.0268,56.5063],[21.0243,56.5105],[21.0064,56.52],[21.0005,56.5106],[21.0033,56.4926],[21.0106,56.4757],[21.0055,56.4655],[21.0054,56.4459],[20.9925,56.4179],[20.9706,56.389]]],[[[21.0447,55.8737],[21.0606,55.7893],[21.0744,55.7449],[21.1213,55.7047],[21.1501,55.6525],[21.2166,55.3893],[21.1834,55.3462],[21.1888,55.3386],[21.2027,55.3462],[21.2022,55.3446],[21.2023,55.3444],[21.2022,55.3442],[21.2278,55.2867],[21.2346,55.2714],[21.2328,55.2449],[21.2676,55.2449],[21.2676,55.2487],[21.3498,55.2878],[21.3749,55.29],[21.4055,55.2724],[21.4677,55.2112],[21.5039,55.1944],[21.6051,55.1925],[21.6458,55.181],[21.7162,55.1495],[21.7506,55.128],[21.8199,55.1193],[21.8732,55.0949],[21.9428,55.0783],[21.9775,55.092],[22.0154,55.0884],[22.0277,55.0444],[22.05,55.0335],[22.0999,55.0299],[22.1427,55.0546],[22.2513,55.0709],[22.2699,55.0695],[22.4363,55.0578],[22.5303,55.0739],[22.3,55.12],[22.05,55.25],[21.85,55.35],[21.6,55.46],[21.45,55.6],[21.33,55.72],[21.17,55.85],[21.05,55.88],[21.0447,55.88],[21.0447,55.8737]]],[[[21.8324,58.511],[21.8733,58.4856],[21.9833,58.3858],[21.9654,58.3496],[21.9348,58.3242],[21.8945,58.3465],[21.8733,58.3416],[21.9005,58.3081],[21.8898,58.3045],[21.858,58.3014],[21.8433,58.3022],[21.8678,58.2646],[21.9289,58.2451],[21.9366,58.2451],[22.0317,58.2145],[22.053,58.1866],[22.0723,58.1758],[22.1046,58.1729],[22.1058,58.1722],[22.176,58.1575],[22.1871,58.1535],[22.1526,58.1153],[22.1085,58.0834],[22.0962,58.0864],[22.0213,58.0212],[22.0203,58.0196],[21.987,57.9955],[21.983,57.984],[21.9634,57.984],[21.9773,57.9675],[21.9762,57.9642],[21.9763,57.9641],[21.9762,57.9638],[21.9918,57.9401],[21.9901,57.9356],[22.0169,57.9145],[22.0484,57.9151],[22.19,57.9838],[22.203,57.994],[22.2004,58.0207],[22.2251,58.0484],[22.2293,58.0522],[22.2568,58.0932],[22.2699,58.137],[22.2711,58.1616],[22.3726,58.2173],[22.4114,58.2232],[22.4216,58.2216],[22.4389,58.2273],[22.4936,58.2356],[22.4972,58.223],[22.5131,58.2361],[22.6623,58.2327],[22.6692,58.2215],[22.7232,58.2254],[22.7567,58.2423],[22.744,58.2465],[22.7578,58.2607],[22.7899,58.2735],[22.8112,58.2734],[22.854,58.2987],[22.9027,58.3118],[22.9522,58.3477],[22.981,58.3631],[23.0107,58.3679],[23.022,58.3632],[23.0868,58.395],[23.0863,58.4015],[23.1286,58.436],[23.2275,58.4431],[23.2349,58.4399],[23.278,58.4365],[23.2599,58.4454],[23.3075,58.4488],[23.325,58.4423],[23.3333,58.4564],[23.2886,58.4882],[23.2559,58.4976],[23.1157,58.5498],[23.0911,58.571],[22.9898,58.6018],[22.8997,58.6203],[22.8709,58.6166],[22.819,58.6222],[22.8186,58.6222],[22.8164,58.6216],[22.8114,58.623],[22.7975,58.6165],[22.7538,58.6048],[22.6916,58.5982],[22.6827,58.6002],[22.6174,58.6222],[22.5969,58.6237],[22.5832,58.6345],[22.5503,58.6296],[22.5451,58.6274],[22.545,58.6274],[22.473,58.6048],[22.3712,58.5876],[22.322,58.5848],[22.2883,58.5693],[22.2769,58.5184],[22.2679,58.5077],[22.226,58.5172],[22.2129,58.5464],[22.1878,58.5429],[22.1589,58.5136],[22.1136,58.498],[22.1108,58.4915],[22.0808,58.4782],[22.0018,58.5111],[21.9979,58.5113],[21.9956,58.5125],[21.9285,58.5184],[21.9258,58.5146],[21.8744,58.5008],[21.8324,58.511]]],[[[22.0447,58.9362],[22.0625,58.9258],[22.195,58.888],[22.2918,58.8952],[22.3081,58.8959],[22.4071,58.8646],[22.4139,58.8598],[22.4417,58.8153],[22.4426,58.803],[22.4652,58.7666],[22.48,58.7531],[22.475,58.7238],[22.4631,58.7165],[22.5017,58.6948],[22.5557,58.687],[22.6112,58.6905],[22.655,58.7028],[22.681,58.7241],[22.6899,58.7392],[22.7671,58.8198],[22.769,58.8206],[22.7911,58.7993],[22.7783,58.7922],[22.7901,58.781],[22.8454,58.7765],[22.8867,58.7905],[22.8845,58.8038],[22.9234,58.8266],[23.0051,58.8332],[23.0191,58.8291],[23.0405,58.8408],[23.0151,58.8918],[22.9843,58.9108],[22.981,58.9208],[22.9544,58.9471],[22.9496,58.9709],[22.9341,58.984],[22.9112,58.9898],[22.909,58.992],[22.8966,58.9935],[22.8372,59.0086],[22.7876,59.0069],[22.7254,59.0145],[22.711,59.0319],[22.7064,59.0598],[22.7141,59.0696],[22.7042,59.0728],[22.7038,59.0753],[22.6797,59.0807],[22.6667,59.0849],[22.6585,59.0854],[22.6498,59.0874],[22.6494,59.0874],[22.6405,59.0866],[22.5977,59.0895],[22.5783,59.0784],[22.5776,59.0751],[22.5054,59.0267],[22.4992,59.0192],[22.4876,59.0164],[22.4879,59.0056],[22.4703,58.9844],[22.4546,58.9872],[22.4612,58.9745],[22.1574,58.9512],[22.0942,58.956],[22.0555,58.9527],[22.0447,58.9362]]],[[[22.562,55.0676],[22.5712,55.064],[22.575,55.065],[22.562,55.0676]]],[[[23.0593,58.6035],[23.0833,58.5905],[23.1346,58.5799],[23.2238,58.5355],[23.2564,58.542],[23.2614,58.5402],[23.2618,58.5402],[23.2926,58.5441],[23.3622,58.5325],[23.4002,58.5554],[23.3816,58.5799],[23.3475,58.6072],[23.3491,58.6351],[23.3303,58.6531],[23.2883,58.6665],[23.1978,58.6806],[23.1671,58.6773],[23.1646,58.6777],[23.1642,58.6777],[23.1611,58.6766],[23.1546,58.6759],[23.1501,58.6727],[23.1102,58.6586],[23.0812,58.6296],[23.0755,58.6298],[23.066,58.6144],[23.0634,58.6118],[23.0637,58.6117],[23.0634,58.6114],[23.064,58.6112],[23.0593,58.6035]]]]}},
{"type":"Feature","properties":{"entityId":"terra-mariana","from":1290,"to":1329,"certainty":"estimated","source":"유럽 쪽은 Natural Earth 1:10m admin-1(v5.1.2) 현대 행정구역 조각을 그 시기 국경에 맞춰 묶고, 조각이 역사 경계와 다른 곳은 선을 그어 나눈 근사. 유럽 밖(시베리아·중앙아시아·극동)은 대략적인 추정. 운영자 검수 필요"},"geometry":{"type":"MultiPolygon","coordinates":[[[[20.9066,55.2941],[20.9361,55.2941],[20.9246,55.2827],[20.9894,55.2731],[20.9889,55.2913],[21.0379,55.3286],[21.0735,55.3918],[21.1062,55.4212],[21.0872,55.4411],[21.1199,55.4894],[21.1199,55.527],[21.1336,55.5683],[21.1315,55.6556],[21.1174,55.6998],[21.0852,55.7228],[21.0935,55.6955],[21.0907,55.6331],[21.0994,55.613],[21.0966,55.594],[21.087,55.5824],[21.0582,55.4766],[21.015,55.4019],[20.9488,55.336],[20.9403,55.3276],[20.9066,55.2941]]],[[[20.9706,56.389],[20.971,56.3498],[20.9815,56.3105],[20.9827,56.2908],[20.971,56.2597],[20.9734,56.232],[20.9841,56.2104],[21.0288,56.1474],[21.0377,56.1263],[21.0427,56.1146],[21.0534,56.0726],[21.0914,56.0779],[21.1502,56.0782],[21.1904,56.0845],[21.2054,56.1034],[21.2126,56.131],[21.2296,56.1632],[21.2549,56.1852],[21.2904,56.2069],[21.3276,56.2244],[21.3583,56.2332],[21.4193,56.2374],[21.4855,56.2658],[21.5589,56.2973],[21.596,56.3079],[21.6845,56.3101],[21.7365,56.3237],[21.9653,56.3837],[21.9832,56.3884],[22.0941,56.4174],[22.1391,56.4157],[22.2149,56.3904],[22.5117,56.396],[22.5782,56.387],[22.6491,56.3531],[22.6814,56.3503],[22.8229,56.3829],[22.8596,56.3971],[22.889,56.4084],[22.9245,56.4121],[22.957,56.402],[23.0167,56.3239],[23.0623,56.3042],[23.1127,56.3109],[23.1629,56.341],[23.1542,56.3514],[23.1726,56.358],[23.2884,56.373],[23.3106,56.3706],[23.378,56.3546],[23.4816,56.3301],[23.5176,56.3287],[23.6099,56.3538],[23.7067,56.3544],[23.725,56.3288],[23.7561,56.326],[23.825,56.3349],[23.8711,56.3321],[23.9813,56.3124],[24.0752,56.2712],[24.1404,56.2576],[24.1668,56.2603],[24.2876,56.2955],[24.3185,56.2986],[24.3508,56.2916],[24.4144,56.2655],[24.4472,56.2605],[24.539,56.2876],[24.5728,56.3098],[24.6391,56.36],[24.6786,56.3773],[24.8055,56.4085],[24.8377,56.4039],[24.871,56.4426],[24.8923,56.4387],[24.9101,56.422],[24.9363,56.3799],[24.9621,56.3193],[24.9832,56.2905],[25.0262,56.2602],[25.044,56.228],[25.0731,56.1978],[25.1092,56.1831],[25.3491,56.1599],[25.4548,56.1496],[25.5228,56.1566],[25.59,56.1411],[25.6497,56.1438],[25.6619,56.1408],[25.6878,56.0983],[25.7088,56.081],[25.7663,56.0586],[25.7955,56.0401],[25.8713,55.9921],[25.9613,55.9585],[26.0176,55.9374],[26.0794,55.8981],[26.1786,55.8496],[26.2269,55.7969],[26.2797,55.7432],[26.3424,55.7163],[26.4811,55.6783],[26.5945,55.667],[26.6401,55.6956],[26.743,55.6829],[26.8228,55.7061],[26.8428,55.7193],[26.9001,55.7787],[26.9578,55.8186],[26.9794,55.8263],[27.1108,55.8363],[27.1732,55.8257],[27.263,55.7872],[27.2824,55.7919],[27.3496,55.8312],[27.3746,55.8148],[27.4388,55.7987],[27.5646,55.7922],[27.5927,55.7942],[27.6101,55.831],[27.6172,55.8786],[27.645,55.9228],[27.7444,55.9597],[27.7601,55.9754],[27.7812,56.0164],[27.8807,56.0639],[27.9115,56.1002],[27.9397,56.1131],[27.981,56.118],[28.0511,56.1407],[28.0682,56.1476],[28.111,56.1568],[28.1489,56.1424],[28.1691,56.1617],[28.1931,56.231],[28.2153,56.256],[28.2148,56.2814],[28.1744,56.3496],[28.1643,56.3928],[28.1679,56.4271],[28.1565,56.4462],[28.1045,56.4831],[28.0933,56.5016],[28.0992,56.5134],[28.1322,56.536],[28.1087,56.5552],[28.0287,56.5768],[27.9974,56.6038],[27.9922,56.625],[27.9913,56.67],[27.981,56.687],[27.8826,56.7255],[27.8655,56.7427],[27.8761,56.7594],[27.9189,56.8059],[27.9135,56.8202],[27.8308,56.8643],[27.7864,56.8713],[27.7441,56.8648],[27.6612,56.8393],[27.6444,56.8418],[27.6284,56.8442],[27.6487,56.8793],[27.7151,56.9574],[27.7234,56.9988],[27.7458,57.0315],[27.7455,57.068],[27.6961,57.0855],[27.6822,57.1037],[27.701,57.1188],[27.794,57.1434],[27.8243,57.1591],[27.8412,57.2112],[27.8461,57.2673],[27.8403,57.2906],[27.8091,57.3139],[27.708,57.3481],[27.6944,57.3564],[27.6408,57.389],[27.5363,57.4157],[27.5113,57.4304],[27.5256,57.4684],[27.5282,57.5285],[27.3529,57.5276],[27.328,57.5832],[27.3748,57.5979],[27.387,57.6276],[27.377,57.6567],[27.4077,57.689],[27.4904,57.7046],[27.5078,57.7148],[27.5024,57.7725],[27.5539,57.7948],[27.5246,57.8073],[27.5563,57.8131],[27.7007,57.8248],[27.7635,57.8387],[27.7993,57.8611],[27.7744,57.8907],[27.6731,57.9128],[27.6594,57.9325],[27.6752,57.9678],[27.6691,57.992],[27.6316,58.0042],[27.6366,58.0592],[27.6304,58.0883],[27.5797,58.1259],[27.5196,58.1945],[27.4954,58.2215],[27.4828,58.2686],[27.4941,58.3195],[27.5549,58.3952],[27.4288,58.7094],[27.4106,58.7549],[27.4463,58.8189],[26.9591,58.8653],[26.9249,58.8672],[26.8968,58.8823],[26.8467,58.8927],[26.7517,58.8816],[26.728,58.9417],[26.703,58.9559],[26.667,58.9557],[26.5744,58.9334],[26.505,58.9388],[26.4569,58.9202],[26.4518,58.8951],[26.4104,58.8855],[26.3565,58.896],[26.33,58.916],[26.2946,58.9161],[26.2353,58.8983],[26.1537,58.8872],[26.1114,58.8568],[26.1138,58.8353],[26.0309,58.8318],[25.9655,58.8105],[25.9556,58.7735],[25.9273,58.7615],[25.8873,58.7674],[25.8279,58.7417],[25.7833,58.705],[25.7771,58.6898],[25.6593,58.6664],[25.5569,58.642],[25.5396,58.63],[25.5091,58.6334],[25.4378,58.6137],[25.349,58.6151],[25.2585,58.6333],[25.2926,58.7021],[25.2833,58.7136],[25.1998,58.7258],[25.1299,58.7202],[25.0628,58.7282],[24.9719,58.7011],[24.9162,58.6723],[24.8976,58.7358],[24.8801,58.7467],[24.8371,58.7492],[24.7865,58.7414],[24.6906,58.7512],[24.6544,58.724],[24.5647,58.7114],[24.5517,58.7338],[24.525,58.7365],[24.4615,58.7142],[24.4431,58.6903],[24.4147,58.677],[24.3635,58.6703],[24.1616,58.6887],[24.1332,58.7015],[24.1518,58.7279],[24.1407,58.742],[24.0941,58.7422],[24.075,58.7611],[24.1113,58.7697],[24.1607,58.7943],[24.1424,58.8198],[24.1859,58.837],[24.1274,58.9169],[24.0888,58.9503],[24.1045,58.9847],[24.0895,58.9958],[24.1053,59.0239],[24.1478,59.0612],[24.1222,59.0776],[24.115,59.1069],[24.0734,59.1263],[24.0218,59.137],[23.9318,59.1283],[23.9082,59.1314],[23.8745,59.1536],[23.796,59.176],[23.7668,59.2063],[23.7185,59.2314],[23.6623,59.2583],[23.6608,59.2582],[23.6419,59.2574],[23.6281,59.251],[23.5308,59.2297],[23.5256,59.2304],[23.5094,59.225],[23.3406,59.1879],[23.3407,59.1875],[23.3406,59.1875],[23.3645,59.0285],[23.364,59.029],[23.3442,59.0393],[23.278,59.0324],[23.208,59.0441],[23.1314,59.0407],[23.1141,59.0218],[23.1483,58.974],[23.2108,58.973],[23.2234,58.984],[23.2786,58.9707],[23.3401,58.984],[23.3724,58.976],[23.427,58.612],[23.4983,58.572],[23.5164,58.5546],[23.5225,58.5585],[23.5629,58.5358],[23.6034,58.5131],[23.6811,58.4695],[23.6774,58.4352],[23.7189,58.3996],[23.741,58.3431],[23.7771,58.355],[23.8057,58.3465],[23.8187,58.35],[23.8502,58.3427],[23.8547,58.3397],[23.8709,58.3379],[23.9467,58.3205],[24.0606,58.2566],[24.0608,58.2567],[24.061,58.2566],[24.0727,58.2606],[24.0835,58.2509],[24.1117,58.241],[24.1515,58.2731],[24.1653,58.2759],[24.2108,58.2714],[24.2559,58.2895],[24.2869,58.3185],[24.2898,58.3304],[24.2974,58.3382],[24.4176,58.3798],[24.4266,58.3777],[24.339,57.9282],[24.3338,57.9213],[24.331,57.911],[24.3306,57.9104],[24.3301,57.9079],[24.3244,57.8868],[24.3062,57.8682],[24.2888,57.8453],[24.2888,57.8089],[24.2996,57.7438],[24.3001,57.7431],[24.2169,57.4086],[24.1857,57.2832],[24.1753,57.2413],[24.1582,57.1724],[24.1541,57.156],[24.1457,57.1221],[24.1422,57.1082],[24.1116,57.0939],[24.0692,57.0741],[24.0357,57.069],[24.0079,57.0454],[23.9586,57.0223],[23.9494,57.0221],[23.9201,57.0213],[23.8908,57.0206],[23.6564,57.0146],[23.5978,57.0132],[23.5685,57.0124],[23.5393,57.0117],[23.5208,57.0256],[23.5086,57.0312],[23.4432,57.0381],[23.2974,57.0859],[23.2927,57.0889],[23.2859,57.091],[23.2325,57.1739],[23.2224,57.207],[23.2011,57.2224],[23.1976,57.228],[23.1824,57.2777],[23.1602,57.3186],[23.138,57.3432],[23.1302,57.3708],[23.1175,57.3739],[23.0833,57.3782],[23.0408,57.3916],[23.0386,57.3931],[22.9093,57.4607],[22.8789,57.4813],[22.7905,57.5228],[22.7445,57.5468],[22.6888,57.5992],[22.6553,57.6306],[22.6213,57.6626],[22.5915,57.6906],[22.6003,57.7438],[22.6104,57.7546],[22.5858,57.7597],[22.5491,57.7506],[22.5302,57.7483],[22.5238,57.7543],[22.5235,57.7542],[22.5234,57.7543],[22.4946,57.7438],[22.4837,57.7425],[22.2098,57.6621],[21.9438,57.5979],[21.8792,57.5901],[21.7717,57.5861],[21.7297,57.5738],[21.6992,57.5553],[21.6251,57.4768],[21.5666,57.4227],[21.5178,57.3876],[21.5115,57.3787],[21.4978,57.3589],[21.4615,57.3253],[21.4495,57.32],[21.4214,57.2887],[21.4126,57.2501],[21.4143,57.1996],[21.2942,57.0455],[21.2871,57.0364],[21.2588,57.0002],[21.2588,57.0001],[21.2305,56.9639],[21.174,56.8914],[21.1567,56.8856],[21.1472,56.8764],[21.0652,56.8463],[21.0527,56.8289],[21.0636,56.7812],[21.033,56.6362],[21.0329,56.6349],[21.0206,56.615],[21.0105,56.5987],[21.0003,56.5577],[20.9922,56.5489],[20.9963,56.5378],[21.0031,56.53],[21.0277,56.5248],[21.0268,56.5063],[21.0243,56.5105],[21.0064,56.52],[21.0005,56.5106],[21.0033,56.4926],[21.0106,56.4757],[21.0055,56.4655],[21.0054,56.4459],[20.9925,56.4179],[20.9706,56.389]]],[[[21.0447,55.8737],[21.0606,55.7893],[21.0744,55.7449],[21.1213,55.7047],[21.1501,55.6525],[21.2166,55.3893],[21.1834,55.3462],[21.1888,55.3386],[21.2027,55.3462],[21.2022,55.3446],[21.2023,55.3444],[21.2022,55.3442],[21.2278,55.2867],[21.2346,55.2714],[21.2328,55.2449],[21.2676,55.2449],[21.2676,55.2487],[21.3498,55.2878],[21.3749,55.29],[21.4055,55.2724],[21.4677,55.2112],[21.5039,55.1944],[21.6051,55.1925],[21.6458,55.181],[21.7162,55.1495],[21.7506,55.128],[21.8199,55.1193],[21.8732,55.0949],[21.9428,55.0783],[21.9775,55.092],[22.0154,55.0884],[22.0277,55.0444],[22.05,55.0335],[22.0999,55.0299],[22.1427,55.0546],[22.2513,55.0709],[22.2699,55.0695],[22.4363,55.0578],[22.5303,55.0739],[22.3,55.12],[22.05,55.25],[21.85,55.35],[21.6,55.46],[21.45,55.6],[21.33,55.72],[21.17,55.85],[21.05,55.88],[21.0447,55.88],[21.0447,55.8737]]],[[[21.8324,58.511],[21.8733,58.4856],[21.9833,58.3858],[21.9654,58.3496],[21.9348,58.3242],[21.8945,58.3465],[21.8733,58.3416],[21.9005,58.3081],[21.8898,58.3045],[21.858,58.3014],[21.8433,58.3022],[21.8678,58.2646],[21.9289,58.2451],[21.9366,58.2451],[22.0317,58.2145],[22.053,58.1866],[22.0723,58.1758],[22.1046,58.1729],[22.1058,58.1722],[22.176,58.1575],[22.1871,58.1535],[22.1526,58.1153],[22.1085,58.0834],[22.0962,58.0864],[22.0213,58.0212],[22.0203,58.0196],[21.987,57.9955],[21.983,57.984],[21.9634,57.984],[21.9773,57.9675],[21.9762,57.9642],[21.9763,57.9641],[21.9762,57.9638],[21.9918,57.9401],[21.9901,57.9356],[22.0169,57.9145],[22.0484,57.9151],[22.19,57.9838],[22.203,57.994],[22.2004,58.0207],[22.2251,58.0484],[22.2293,58.0522],[22.2568,58.0932],[22.2699,58.137],[22.2711,58.1616],[22.3726,58.2173],[22.4114,58.2232],[22.4216,58.2216],[22.4389,58.2273],[22.4936,58.2356],[22.4972,58.223],[22.5131,58.2361],[22.6623,58.2327],[22.6692,58.2215],[22.7232,58.2254],[22.7567,58.2423],[22.744,58.2465],[22.7578,58.2607],[22.7899,58.2735],[22.8112,58.2734],[22.854,58.2987],[22.9027,58.3118],[22.9522,58.3477],[22.981,58.3631],[23.0107,58.3679],[23.022,58.3632],[23.0868,58.395],[23.0863,58.4015],[23.1286,58.436],[23.2275,58.4431],[23.2349,58.4399],[23.278,58.4365],[23.2599,58.4454],[23.3075,58.4488],[23.325,58.4423],[23.3333,58.4564],[23.2886,58.4882],[23.2559,58.4976],[23.1157,58.5498],[23.0911,58.571],[22.9898,58.6018],[22.8997,58.6203],[22.8709,58.6166],[22.819,58.6222],[22.8186,58.6222],[22.8164,58.6216],[22.8114,58.623],[22.7975,58.6165],[22.7538,58.6048],[22.6916,58.5982],[22.6827,58.6002],[22.6174,58.6222],[22.5969,58.6237],[22.5832,58.6345],[22.5503,58.6296],[22.5451,58.6274],[22.545,58.6274],[22.473,58.6048],[22.3712,58.5876],[22.322,58.5848],[22.2883,58.5693],[22.2769,58.5184],[22.2679,58.5077],[22.226,58.5172],[22.2129,58.5464],[22.1878,58.5429],[22.1589,58.5136],[22.1136,58.498],[22.1108,58.4915],[22.0808,58.4782],[22.0018,58.5111],[21.9979,58.5113],[21.9956,58.5125],[21.9285,58.5184],[21.9258,58.5146],[21.8744,58.5008],[21.8324,58.511]]],[[[22.0447,58.9362],[22.0625,58.9258],[22.195,58.888],[22.2918,58.8952],[22.3081,58.8959],[22.4071,58.8646],[22.4139,58.8598],[22.4417,58.8153],[22.4426,58.803],[22.4652,58.7666],[22.48,58.7531],[22.475,58.7238],[22.4631,58.7165],[22.5017,58.6948],[22.5557,58.687],[22.6112,58.6905],[22.655,58.7028],[22.681,58.7241],[22.6899,58.7392],[22.7671,58.8198],[22.769,58.8206],[22.7911,58.7993],[22.7783,58.7922],[22.7901,58.781],[22.8454,58.7765],[22.8867,58.7905],[22.8845,58.8038],[22.9234,58.8266],[23.0051,58.8332],[23.0191,58.8291],[23.0405,58.8408],[23.0151,58.8918],[22.9843,58.9108],[22.981,58.9208],[22.9544,58.9471],[22.9496,58.9709],[22.9341,58.984],[22.9112,58.9898],[22.909,58.992],[22.8966,58.9935],[22.8372,59.0086],[22.7876,59.0069],[22.7254,59.0145],[22.711,59.0319],[22.7064,59.0598],[22.7141,59.0696],[22.7042,59.0728],[22.7038,59.0753],[22.6797,59.0807],[22.6667,59.0849],[22.6585,59.0854],[22.6498,59.0874],[22.6494,59.0874],[22.6405,59.0866],[22.5977,59.0895],[22.5783,59.0784],[22.5776,59.0751],[22.5054,59.0267],[22.4992,59.0192],[22.4876,59.0164],[22.4879,59.0056],[22.4703,58.9844],[22.4546,58.9872],[22.4612,58.9745],[22.1574,58.9512],[22.0942,58.956],[22.0555,58.9527],[22.0447,58.9362]]],[[[22.562,55.0676],[22.5712,55.064],[22.575,55.065],[22.562,55.0676]]],[[[23.0593,58.6035],[23.0833,58.5905],[23.1346,58.5799],[23.2238,58.5355],[23.2564,58.542],[23.2614,58.5402],[23.2618,58.5402],[23.2926,58.5441],[23.3622,58.5325],[23.4002,58.5554],[23.3816,58.5799],[23.3475,58.6072],[23.3491,58.6351],[23.3303,58.6531],[23.2883,58.6665],[23.1978,58.6806],[23.1671,58.6773],[23.1646,58.6777],[23.1642,58.6777],[23.1611,58.6766],[23.1546,58.6759],[23.1501,58.6727],[23.1102,58.6586],[23.0812,58.6296],[23.0755,58.6298],[23.066,58.6144],[23.0634,58.6118],[23.0637,58.6117],[23.0634,58.6114],[23.064,58.6112],[23.0593,58.6035]]]]}},
{"type":"Feature","properties":{"entityId":"terra-mariana","from":1329,"to":1346,"certainty":"estimated","source":"유럽 쪽은 Natural Earth 1:10m admin-1(v5.1.2) 현대 행정구역 조각을 그 시기 국경에 맞춰 묶고, 조각이 역사 경계와 다른 곳은 선을 그어 나눈 근사. 유럽 밖(시베리아·중앙아시아·극동)은 대략적인 추정. 운영자 검수 필요"},"geometry":{"type":"MultiPolygon","coordinates":[[[[22.4612,58.9745],[22.4546,58.9872],[22.4703,58.9844],[22.4879,59.0056],[22.4876,59.0164],[22.4992,59.0192],[22.5054,59.0267],[22.5776,59.0751],[22.5783,59.0784],[22.5977,59.0895],[22.6405,59.0866],[22.6494,59.0874],[22.6495,59.0874],[22.6498,59.0874],[22.6585,59.0854],[22.6667,59.0849],[22.6797,59.0807],[22.7038,59.0753],[22.7042,59.0728],[22.7141,59.0696],[22.7064,59.0598],[22.711,59.0319],[22.7254,59.0145],[22.7876,59.0069],[22.8372,59.0086],[22.8966,58.9935],[22.909,58.992],[22.9112,58.9898],[22.9341,58.984],[22.9496,58.9709],[22.9544,58.9471],[22.981,58.9208],[22.9843,58.9108],[23.0151,58.8918],[23.0405,58.8408],[23.0191,58.8291],[23.0051,58.8332],[22.9234,58.8266],[22.8845,58.8038],[22.8867,58.7905],[22.8454,58.7765],[22.7901,58.781],[22.7783,58.7922],[22.7911,58.7993],[22.769,58.8206],[22.7671,58.8198],[22.6899,58.7392],[22.681,58.7241],[22.655,58.7028],[22.6112,58.6905],[22.5557,58.687],[22.5017,58.6948],[22.4631,58.7165],[22.475,58.7238],[22.48,58.7531],[22.4652,58.7666],[22.4426,58.803],[22.4417,58.8153],[22.4139,58.8598],[22.4071,58.8646],[22.3081,58.8959],[22.2918,58.8952],[22.195,58.888],[22.0625,58.9258],[22.0447,58.9362],[22.0555,58.9527],[22.0942,58.956],[22.1574,58.9512],[22.4612,58.9745]]],[[[27.5196,58.1945],[27.5797,58.1259],[27.6304,58.0883],[27.6366,58.0592],[27.6316,58.0042],[27.6691,57.992],[27.6752,57.9678],[27.6594,57.9325],[27.6731,57.9128],[27.7744,57.8907],[27.7993,57.8611],[27.7635,57.8387],[27.7007,57.8248],[27.5563,57.8131],[27.5246,57.8073],[27.5539,57.7948],[27.5024,57.7725],[27.5078,57.7148],[27.4904,57.7046],[27.4077,57.689],[27.377,57.6567],[27.387,57.6276],[27.3748,57.5979],[27.328,57.5832],[27.3529,57.5276],[27.5282,57.5285],[27.5256,57.4684],[27.5113,57.4304],[27.5363,57.4157],[27.6408,57.389],[27.6944,57.3564],[27.708,57.3481],[27.8091,57.3139],[27.8403,57.2906],[27.8461,57.2673],[27.8412,57.2112],[27.8243,57.1591],[27.794,57.1434],[27.701,57.1188],[27.6822,57.1037],[27.6961,57.0855],[27.7455,57.068],[27.7458,57.0315],[27.7234,56.9988],[27.7151,56.9574],[27.6487,56.8793],[27.6284,56.8442],[27.6444,56.8418],[27.6612,56.8393],[27.7441,56.8648],[27.7864,56.8713],[27.8308,56.8643],[27.9135,56.8202],[27.9189,56.8059],[27.8761,56.7594],[27.8655,56.7427],[27.8826,56.7255],[27.981,56.687],[27.9913,56.67],[27.9922,56.625],[27.9974,56.6038],[28.0287,56.5768],[28.1087,56.5552],[28.1322,56.536],[28.0992,56.5134],[28.0933,56.5016],[28.1045,56.4831],[28.1565,56.4462],[28.1679,56.4271],[28.1643,56.3928],[28.1744,56.3496],[28.2148,56.2814],[28.2153,56.256],[28.1931,56.231],[28.1691,56.1617],[28.1489,56.1424],[28.111,56.1568],[28.0682,56.1476],[28.0511,56.1407],[27.981,56.118],[27.9397,56.1131],[27.9115,56.1002],[27.8807,56.0639],[27.7812,56.0164],[27.7601,55.9754],[27.7444,55.9597],[27.645,55.9228],[27.6172,55.8786],[27.6101,55.831],[27.5927,55.7942],[27.5646,55.7922],[27.4388,55.7987],[27.3746,55.8148],[27.3496,55.8312],[27.2824,55.7919],[27.263,55.7872],[27.1732,55.8257],[27.1108,55.8363],[26.9794,55.8263],[26.9578,55.8186],[26.9001,55.7787],[26.8428,55.7193],[26.8228,55.7061],[26.743,55.6829],[26.6401,55.6956],[26.5945,55.667],[26.4811,55.6783],[26.3424,55.7163],[26.2797,55.7432],[26.2269,55.7969],[26.1786,55.8496],[26.0794,55.8981],[26.0176,55.9374],[25.9613,55.9585],[25.8713,55.9921],[25.7955,56.0401],[25.7663,56.0586],[25.7088,56.081],[25.6878,56.0983],[25.6619,56.1408],[25.6497,56.1438],[25.59,56.1411],[25.5228,56.1566],[25.4548,56.1496],[25.3491,56.1599],[25.1092,56.1831],[25.0731,56.1978],[25.044,56.228],[25.0262,56.2602],[24.9832,56.2905],[24.9621,56.3193],[24.9363,56.3799],[24.9101,56.422],[24.8923,56.4387],[24.871,56.4426],[24.8377,56.4039],[24.8055,56.4085],[24.6786,56.3773],[24.6391,56.36],[24.5728,56.3098],[24.539,56.2876],[24.4472,56.2605],[24.4144,56.2655],[24.3508,56.2916],[24.3185,56.2986],[24.2876,56.2955],[24.1668,56.2603],[24.1404,56.2576],[24.0752,56.2712],[23.9813,56.3124],[23.8711,56.3321],[23.825,56.3349],[23.7561,56.326],[23.725,56.3288],[23.7067,56.3544],[23.6099,56.3538],[23.5176,56.3287],[23.4816,56.3301],[23.378,56.3546],[23.3106,56.3706],[23.2884,56.373],[23.1726,56.358],[23.1542,56.3514],[23.1629,56.341],[23.1127,56.3109],[23.0623,56.3042],[23.0167,56.3239],[22.957,56.402],[22.9245,56.4121],[22.889,56.4084],[22.8596,56.3971],[22.8229,56.3829],[22.6814,56.3503],[22.6491,56.3531],[22.5782,56.387],[22.5117,56.396],[22.2149,56.3904],[22.1391,56.4157],[22.0941,56.4174],[21.9832,56.3884],[21.9653,56.3837],[21.7365,56.3237],[21.6845,56.3101],[21.596,56.3079],[21.5589,56.2973],[21.4855,56.2658],[21.4193,56.2374],[21.3583,56.2332],[21.3276,56.2244],[21.2904,56.2069],[21.2549,56.1852],[21.2296,56.1632],[21.2126,56.131],[21.2054,56.1034],[21.1904,56.0845],[21.1502,56.0782],[21.0914,56.0779],[21.0534,56.0726],[21.0427,56.1146],[21.0377,56.1263],[21.0288,56.1474],[20.9841,56.2104],[20.9734,56.232],[20.971,56.2597],[20.9827,56.2908],[20.9815,56.3105],[20.971,56.3498],[20.9706,56.389],[20.9925,56.4179],[21.0054,56.4459],[21.0055,56.4655],[21.0106,56.4757],[21.0033,56.4926],[21.0005,56.5106],[21.0064,56.52],[21.0243,56.5105],[21.0268,56.5063],[21.0277,56.5248],[21.0031,56.53],[20.9963,56.5378],[20.9922,56.5489],[21.0003,56.5577],[21.0105,56.5987],[21.0206,56.615],[21.0329,56.6349],[21.033,56.6362],[21.0636,56.7812],[21.0527,56.8289],[21.0652,56.8463],[21.1472,56.8764],[21.1567,56.8856],[21.174,56.8914],[21.2305,56.9639],[21.2588,57.0001],[21.2588,57.0002],[21.2871,57.0364],[21.2942,57.0455],[21.4143,57.1996],[21.4126,57.2501],[21.4214,57.2887],[21.4495,57.32],[21.4615,57.3253],[21.4978,57.3589],[21.5115,57.3787],[21.5178,57.3876],[21.5666,57.4227],[21.6251,57.4768],[21.6992,57.5553],[21.7297,57.5738],[21.7717,57.5861],[21.8792,57.5901],[21.9438,57.5979],[22.2098,57.6621],[22.4837,57.7425],[22.4946,57.7438],[22.5234,57.7543],[22.5235,57.7542],[22.5238,57.7543],[22.5302,57.7483],[22.5491,57.7506],[22.5858,57.7597],[22.6104,57.7546],[22.6003,57.7438],[22.5915,57.6906],[22.6213,57.6626],[22.6553,57.6306],[22.6888,57.5992],[22.7445,57.5468],[22.7905,57.5228],[22.8789,57.4813],[22.9093,57.4607],[23.0386,57.3931],[23.0408,57.3916],[23.0833,57.3782],[23.1175,57.3739],[23.1302,57.3708],[23.138,57.3432],[23.1602,57.3186],[23.1824,57.2777],[23.1976,57.228],[23.2011,57.2224],[23.2224,57.207],[23.2325,57.1739],[23.2859,57.091],[23.2927,57.0889],[23.2974,57.0859],[23.4432,57.0381],[23.5086,57.0312],[23.5208,57.0256],[23.5393,57.0117],[23.5685,57.0124],[23.5978,57.0132],[23.6271,57.0139],[23.6564,57.0146],[23.7736,57.0176],[23.8908,57.0206],[23.9201,57.0213],[23.9494,57.0221],[23.9586,57.0223],[24.0079,57.0454],[24.0357,57.069],[24.0692,57.0741],[24.1116,57.0939],[24.1422,57.1082],[24.1457,57.1221],[24.1541,57.156],[24.1582,57.1724],[24.1753,57.2413],[24.1857,57.2832],[24.1961,57.325],[24.2065,57.3668],[24.2169,57.4086],[24.3001,57.7431],[24.2996,57.7438],[24.2888,57.8089],[24.2888,57.8453],[24.3062,57.8682],[24.3244,57.8868],[24.3301,57.9079],[24.3306,57.9104],[24.331,57.911],[24.3338,57.9213],[24.339,57.9282],[24.4266,58.3777],[24.4176,58.3798],[24.2974,58.3382],[24.2898,58.3304],[24.2869,58.3185],[24.2559,58.2895],[24.2108,58.2714],[24.1653,58.2759],[24.1515,58.2731],[24.1117,58.241],[24.0835,58.2509],[24.0727,58.2606],[24.061,58.2566],[24.0608,58.2567],[24.0606,58.2566],[23.9467,58.3205],[23.8709,58.3379],[23.8547,58.3397],[23.8502,58.3427],[23.8187,58.35],[23.8057,58.3465],[23.7771,58.355],[23.741,58.3431],[23.7189,58.3996],[23.6774,58.4352],[23.6811,58.4695],[23.6034,58.5131],[23.5629,58.5358],[23.5225,58.5585],[23.5164,58.5546],[23.4983,58.572],[23.427,58.612],[23.3724,58.976],[23.3401,58.984],[23.2786,58.9707],[23.2234,58.984],[23.2108,58.973],[23.1483,58.974],[23.1141,59.0218],[23.1314,59.0407],[23.208,59.0441],[23.278,59.0324],[23.3442,59.0393],[23.364,59.029],[23.3645,59.0285],[23.3406,59.1875],[23.3407,59.1875],[23.3406,59.1879],[23.5094,59.225],[23.5256,59.2304],[23.5308,59.2297],[23.6281,59.251],[23.6419,59.2574],[23.6608,59.2582],[23.6623,59.2583],[23.7185,59.2314],[23.7668,59.2063],[23.796,59.176],[23.8745,59.1536],[23.9082,59.1314],[23.9318,59.1283],[24.0218,59.137],[24.0734,59.1263],[24.115,59.1069],[24.1222,59.0776],[24.1478,59.0612],[24.1053,59.0239],[24.0895,58.9958],[24.1045,58.9847],[24.0888,58.9503],[24.1274,58.9169],[24.1859,58.837],[24.1424,58.8198],[24.1607,58.7943],[24.1113,58.7697],[24.075,58.7611],[24.0941,58.7422],[24.1407,58.742],[24.1518,58.7279],[24.1332,58.7015],[24.1616,58.6887],[24.3635,58.6703],[24.4147,58.677],[24.4431,58.6903],[24.4615,58.7142],[24.525,58.7365],[24.5517,58.7338],[24.5647,58.7114],[24.6544,58.724],[24.6906,58.7512],[24.7865,58.7414],[24.8371,58.7492],[24.8801,58.7467],[24.8976,58.7358],[24.9162,58.6723],[24.9719,58.7011],[25.0628,58.7282],[25.1299,58.7202],[25.1998,58.7258],[25.2833,58.7136],[25.2926,58.7021],[25.2585,58.6333],[25.349,58.6151],[25.4378,58.6137],[25.5091,58.6334],[25.5396,58.63],[25.5569,58.642],[25.6593,58.6664],[25.7771,58.6898],[25.7833,58.705],[25.8279,58.7417],[25.8873,58.7674],[25.9273,58.7615],[25.9556,58.7735],[25.9655,58.8105],[26.0309,58.8318],[26.1138,58.8353],[26.1114,58.8568],[26.1537,58.8872],[26.2353,58.8983],[26.2946,58.9161],[26.33,58.916],[26.3565,58.896],[26.4104,58.8855],[26.4518,58.8951],[26.4569,58.9202],[26.505,58.9388],[26.5744,58.9334],[26.667,58.9557],[26.703,58.9559],[26.728,58.9417],[26.7517,58.8816],[26.8467,58.8927],[26.8968,58.8823],[26.9249,58.8672],[26.9591,58.8653],[27.4463,58.8189],[27.4106,58.7549],[27.4288,58.7094],[27.5549,58.3952],[27.4941,58.3195],[27.4828,58.2686],[27.4954,58.2215],[27.5196,58.1945]]],[[[23.2599,58.4454],[23.278,58.4365],[23.2349,58.4399],[23.2275,58.4431],[23.1286,58.436],[23.0863,58.4015],[23.0868,58.395],[23.022,58.3632],[23.0107,58.3679],[22.981,58.3631],[22.9522,58.3477],[22.9027,58.3118],[22.854,58.2987],[22.8112,58.2734],[22.7899,58.2735],[22.7578,58.2607],[22.744,58.2465],[22.7567,58.2423],[22.7232,58.2254],[22.6692,58.2215],[22.6623,58.2327],[22.5131,58.2361],[22.4972,58.223],[22.4936,58.2356],[22.4389,58.2273],[22.4216,58.2216],[22.4114,58.2232],[22.3726,58.2173],[22.2711,58.1616],[22.2699,58.137],[22.2568,58.0932],[22.2293,58.0522],[22.2251,58.0484],[22.2004,58.0207],[22.203,57.994],[22.19,57.9838],[22.0484,57.9151],[22.0169,57.9145],[21.9901,57.9356],[21.9918,57.9401],[21.9762,57.9638],[21.9763,57.9641],[21.9762,57.9642],[21.9773,57.9675],[21.9634,57.984],[21.983,57.984],[21.987,57.9955],[22.0203,58.0196],[22.0213,58.0212],[22.0962,58.0864],[22.1085,58.0834],[22.1526,58.1153],[22.1871,58.1535],[22.176,58.1575],[22.1058,58.1722],[22.1046,58.1729],[22.0723,58.1758],[22.053,58.1866],[22.0317,58.2145],[21.9366,58.2451],[21.9289,58.2451],[21.8678,58.2646],[21.8433,58.3022],[21.858,58.3014],[21.8898,58.3045],[21.9005,58.3081],[21.8733,58.3416],[21.8945,58.3465],[21.9348,58.3242],[21.9654,58.3496],[21.9833,58.3858],[21.8733,58.4856],[21.8324,58.511],[21.8744,58.5008],[21.9258,58.5146],[21.9285,58.5184],[21.9956,58.5125],[21.9979,58.5113],[22.0018,58.5111],[22.0808,58.4782],[22.1108,58.4915],[22.1136,58.498],[22.1589,58.5136],[22.1878,58.5429],[22.2129,58.5464],[22.226,58.5172],[22.2679,58.5077],[22.2769,58.5184],[22.2883,58.5693],[22.322,58.5848],[22.3712,58.5876],[22.473,58.6048],[22.545,58.6274],[22.5451,58.6274],[22.5503,58.6296],[22.5832,58.6345],[22.5969,58.6237],[22.6174,58.6222],[22.6827,58.6002],[22.6916,58.5982],[22.7538,58.6048],[22.7975,58.6165],[22.8114,58.623],[22.8164,58.6216],[22.8186,58.6222],[22.8189,58.6222],[22.819,58.6222],[22.8709,58.6166],[22.8997,58.6203],[22.9898,58.6018],[23.0911,58.571],[23.1157,58.5498],[23.2559,58.4976],[23.2886,58.4882],[23.3333,58.4564],[23.325,58.4423],[23.3075,58.4488],[23.2599,58.4454]]],[[[23.2564,58.542],[23.2238,58.5355],[23.1346,58.5799],[23.0833,58.5905],[23.0593,58.6035],[23.064,58.6112],[23.0634,58.6114],[23.0637,58.6117],[23.0634,58.6118],[23.066,58.6144],[23.0755,58.6298],[23.0812,58.6296],[23.1102,58.6586],[23.1501,58.6727],[23.1546,58.6759],[23.1611,58.6766],[23.1642,58.6777],[23.1645,58.6777],[23.1646,58.6777],[23.1671,58.6773],[23.1978,58.6806],[23.2883,58.6665],[23.3303,58.6531],[23.3491,58.6351],[23.3475,58.6072],[23.3816,58.5799],[23.4002,58.5554],[23.3622,58.5325],[23.2926,58.5441],[23.2618,58.5402],[23.2617,58.5402],[23.2614,58.5402],[23.2564,58.542]]]]}},
{"type":"Feature","properties":{"entityId":"terra-mariana","from":1346,"to":1422,"certainty":"estimated","source":"유럽 쪽은 Natural Earth 1:10m admin-1(v5.1.2) 현대 행정구역 조각을 그 시기 국경에 맞춰 묶고, 조각이 역사 경계와 다른 곳은 선을 그어 나눈 근사. 유럽 밖(시베리아·중앙아시아·극동)은 대략적인 추정. 운영자 검수 필요"},"geometry":{"type":"MultiPolygon","coordinates":[[[[26.7809,59.5026],[26.804,59.4897],[26.8511,59.4728],[26.9735,59.4503],[27.0716,59.4503],[27.4383,59.4605],[27.7555,59.4693],[27.9141,59.4737],[27.9811,59.4756],[27.9825,59.4763],[28.0048,59.4871],[28.0233,59.4871],[28.0191,59.4818],[28.0386,59.463],[28.1048,59.4392],[28.1284,59.4095],[28.1865,59.3749],[28.1818,59.3561],[28.1575,59.364],[28.1136,59.3454],[28.0324,59.342],[28.0006,59.3337],[28.0732,59.319],[28.0766,59.3053],[27.9597,59.3065],[27.9039,59.2904],[27.8823,59.2757],[27.8908,59.258],[27.8735,59.2365],[27.8424,59.1612],[27.7672,59.0559],[27.7244,59.0144],[27.6959,58.9772],[27.4778,58.8754],[27.4463,58.8189],[27.4106,58.7549],[27.4288,58.7094],[27.5549,58.3952],[27.4941,58.3195],[27.4828,58.2686],[27.4954,58.2215],[27.5196,58.1945],[27.5797,58.1259],[27.6304,58.0883],[27.6366,58.0592],[27.6316,58.0042],[27.6691,57.992],[27.6752,57.9678],[27.6594,57.9325],[27.6731,57.9128],[27.7744,57.8907],[27.7993,57.8611],[27.7635,57.8387],[27.7007,57.8248],[27.5563,57.8131],[27.5246,57.8073],[27.5539,57.7948],[27.5024,57.7725],[27.5078,57.7148],[27.4904,57.7046],[27.4077,57.689],[27.377,57.6567],[27.387,57.6276],[27.3748,57.5979],[27.328,57.5832],[27.3529,57.5276],[27.5282,57.5285],[27.5256,57.4684],[27.5113,57.4304],[27.5363,57.4157],[27.6408,57.389],[27.6944,57.3564],[27.708,57.3481],[27.8091,57.3139],[27.8403,57.2906],[27.8461,57.2673],[27.8412,57.2112],[27.8243,57.1591],[27.794,57.1434],[27.701,57.1188],[27.6822,57.1037],[27.6961,57.0855],[27.7455,57.068],[27.7458,57.0315],[27.7234,56.9988],[27.7151,56.9574],[27.6487,56.8793],[27.6284,56.8442],[27.6444,56.8418],[27.6612,56.8393],[27.7441,56.8648],[27.7864,56.8713],[27.8308,56.8643],[27.9135,56.8202],[27.9189,56.8059],[27.8761,56.7594],[27.8655,56.7427],[27.8826,56.7255],[27.981,56.687],[27.9913,56.67],[27.9922,56.625],[27.9974,56.6038],[28.0287,56.5768],[28.1087,56.5552],[28.1322,56.536],[28.0992,56.5134],[28.0933,56.5016],[28.1045,56.4831],[28.1565,56.4462],[28.1679,56.4271],[28.1643,56.3928],[28.1744,56.3496],[28.2148,56.2814],[28.2153,56.256],[28.1931,56.231],[28.1691,56.1617],[28.1489,56.1424],[28.111,56.1568],[28.0682,56.1476],[28.0511,56.1407],[27.981,56.118],[27.9397,56.1131],[27.9115,56.1002],[27.8807,56.0639],[27.7812,56.0164],[27.7601,55.9754],[27.7444,55.9597],[27.645,55.9228],[27.6172,55.8786],[27.6101,55.831],[27.5927,55.7942],[27.5646,55.7922],[27.4388,55.7987],[27.3746,55.8148],[27.3496,55.8312],[27.2824,55.7919],[27.263,55.7872],[27.1732,55.8257],[27.1108,55.8363],[26.9794,55.8263],[26.9578,55.8186],[26.9001,55.7787],[26.8428,55.7193],[26.8228,55.7061],[26.743,55.6829],[26.6401,55.6956],[26.5945,55.667],[26.4811,55.6783],[26.3424,55.7163],[26.2797,55.7432],[26.2269,55.7969],[26.1786,55.8496],[26.0794,55.8981],[26.0176,55.9374],[25.9613,55.9585],[25.8713,55.9921],[25.7955,56.0401],[25.7663,56.0586],[25.7088,56.081],[25.6878,56.0983],[25.6619,56.1408],[25.6497,56.1438],[25.59,56.1411],[25.5228,56.1566],[25.4548,56.1496],[25.3491,56.1599],[25.1092,56.1831],[25.0731,56.1978],[25.044,56.228],[25.0262,56.2602],[24.9832,56.2905],[24.9621,56.3193],[24.9363,56.3799],[24.9101,56.422],[24.8923,56.4387],[24.871,56.4426],[24.8377,56.4039],[24.8055,56.4085],[24.6786,56.3773],[24.6391,56.36],[24.5728,56.3098],[24.539,56.2876],[24.4472,56.2605],[24.4144,56.2655],[24.3508,56.2916],[24.3185,56.2986],[24.2876,56.2955],[24.1668,56.2603],[24.1404,56.2576],[24.0752,56.2712],[23.9813,56.3124],[23.8711,56.3321],[23.825,56.3349],[23.7561,56.326],[23.725,56.3288],[23.7067,56.3544],[23.6099,56.3538],[23.5176,56.3287],[23.4816,56.3301],[23.378,56.3546],[23.3106,56.3706],[23.2884,56.373],[23.1726,56.358],[23.1542,56.3514],[23.1629,56.341],[23.1127,56.3109],[23.0623,56.3042],[23.0167,56.3239],[22.957,56.402],[22.9245,56.4121],[22.889,56.4084],[22.8596,56.3971],[22.8229,56.3829],[22.6814,56.3503],[22.6491,56.3531],[22.5782,56.387],[22.5117,56.396],[22.2149,56.3904],[22.1391,56.4157],[22.0941,56.4174],[21.9832,56.3884],[21.9653,56.3837],[21.7365,56.3237],[21.6845,56.3101],[21.596,56.3079],[21.5589,56.2973],[21.4855,56.2658],[21.4193,56.2374],[21.3583,56.2332],[21.3276,56.2244],[21.2904,56.2069],[21.2549,56.1852],[21.2296,56.1632],[21.2126,56.131],[21.2054,56.1034],[21.1904,56.0845],[21.1502,56.0782],[21.0914,56.0779],[21.0534,56.0726],[21.0427,56.1146],[21.0377,56.1263],[21.0288,56.1474],[20.9841,56.2104],[20.9734,56.232],[20.971,56.2597],[20.9827,56.2908],[20.9815,56.3105],[20.971,56.3498],[20.9706,56.389],[20.9925,56.4179],[21.0054,56.4459],[21.0055,56.4655],[21.0106,56.4757],[21.0033,56.4926],[21.0005,56.5106],[21.0064,56.52],[21.0243,56.5105],[21.0268,56.5063],[21.0277,56.5248],[21.0031,56.53],[20.9963,56.5378],[20.9922,56.5489],[21.0003,56.5577],[21.0105,56.5987],[21.0206,56.615],[21.0329,56.6349],[21.033,56.6362],[21.0636,56.7812],[21.0527,56.8289],[21.0652,56.8463],[21.1472,56.8764],[21.1567,56.8856],[21.174,56.8914],[21.2305,56.9639],[21.2588,57.0001],[21.2588,57.0002],[21.2871,57.0364],[21.2942,57.0455],[21.4143,57.1996],[21.4126,57.2501],[21.4214,57.2887],[21.4495,57.32],[21.4615,57.3253],[21.4978,57.3589],[21.5115,57.3787],[21.5178,57.3876],[21.5666,57.4227],[21.6251,57.4768],[21.6992,57.5553],[21.7297,57.5738],[21.7717,57.5861],[21.8792,57.5901],[21.9438,57.5979],[22.2098,57.6621],[22.4837,57.7425],[22.4946,57.7438],[22.5234,57.7543],[22.5235,57.7542],[22.5238,57.7543],[22.5302,57.7483],[22.5491,57.7506],[22.5858,57.7597],[22.6104,57.7546],[22.6003,57.7438],[22.5915,57.6906],[22.6213,57.6626],[22.6553,57.6306],[22.6888,57.5992],[22.7445,57.5468],[22.7905,57.5228],[22.8789,57.4813],[22.9093,57.4607],[23.0386,57.3931],[23.0408,57.3916],[23.0833,57.3782],[23.1175,57.3739],[23.1302,57.3708],[23.138,57.3432],[23.1602,57.3186],[23.1824,57.2777],[23.1976,57.228],[23.2011,57.2224],[23.2224,57.207],[23.2325,57.1739],[23.2859,57.091],[23.2927,57.0889],[23.2974,57.0859],[23.4432,57.0381],[23.5086,57.0312],[23.5208,57.0256],[23.5393,57.0117],[23.5685,57.0124],[23.5978,57.0132],[23.6271,57.0139],[23.6564,57.0146],[23.7736,57.0176],[23.8908,57.0206],[23.9201,57.0213],[23.9494,57.0221],[23.9586,57.0223],[24.0079,57.0454],[24.0357,57.069],[24.0692,57.0741],[24.1116,57.0939],[24.1422,57.1082],[24.1457,57.1221],[24.1541,57.156],[24.1582,57.1724],[24.1753,57.2413],[24.1857,57.2832],[24.1961,57.325],[24.2065,57.3668],[24.2169,57.4086],[24.3001,57.7431],[24.2996,57.7438],[24.2888,57.8089],[24.2888,57.8453],[24.3062,57.8682],[24.3244,57.8868],[24.3301,57.9079],[24.3306,57.9104],[24.331,57.911],[24.3338,57.9213],[24.339,57.9282],[24.4266,58.3777],[24.4176,58.3798],[24.2974,58.3382],[24.2898,58.3304],[24.2869,58.3185],[24.2559,58.2895],[24.2108,58.2714],[24.1653,58.2759],[24.1515,58.2731],[24.1117,58.241],[24.0835,58.2509],[24.0727,58.2606],[24.061,58.2566],[24.0608,58.2567],[24.0606,58.2566],[23.9467,58.3205],[23.8709,58.3379],[23.8547,58.3397],[23.8502,58.3427],[23.8187,58.35],[23.8057,58.3465],[23.7771,58.355],[23.741,58.3431],[23.7189,58.3996],[23.6774,58.4352],[23.6811,58.4695],[23.6034,58.5131],[23.5629,58.5358],[23.5225,58.5585],[23.5164,58.5546],[23.4983,58.572],[23.427,58.612],[23.3724,58.976],[23.3401,58.984],[23.2786,58.9707],[23.2234,58.984],[23.2108,58.973],[23.1483,58.974],[23.1141,59.0218],[23.1314,59.0407],[23.208,59.0441],[23.278,59.0324],[23.3442,59.0393],[23.364,59.029],[23.3645,59.0285],[23.3406,59.1875],[23.3407,59.1875],[23.3406,59.1879],[23.5094,59.225],[23.5256,59.2304],[23.5308,59.2297],[23.6281,59.251],[23.6419,59.2574],[23.6608,59.2582],[23.7441,59.2765],[23.7568,59.2836],[23.7775,59.2839],[24.0485,59.3434],[24.0282,59.3577],[24.0222,59.3781],[24.0482,59.3951],[24.0806,59.3955],[24.1241,59.3741],[24.1758,59.3756],[24.1937,59.3841],[24.1631,59.4023],[24.1829,59.4088],[24.2513,59.4114],[24.3193,59.4436],[24.3338,59.4706],[24.3997,59.4788],[24.4421,59.4699],[24.4483,59.467],[24.5385,59.4593],[24.5482,59.463],[24.5668,59.4572],[24.6042,59.4654],[24.6254,59.4678],[24.6218,59.4706],[24.6569,59.472],[24.6586,59.4724],[24.6663,59.4921],[24.6975,59.491],[24.706,59.483],[24.8002,59.5041],[24.7835,59.5198],[24.7726,59.56],[24.8035,59.5705],[24.8416,59.5544],[24.8936,59.5214],[25.089,59.5214],[25.1096,59.5238],[25.1079,59.529],[25.1455,59.5391],[25.1701,59.5308],[25.5006,59.569],[25.4971,59.5709],[25.4819,59.6112],[25.4849,59.6698],[25.5246,59.6377],[25.6162,59.6273],[25.6852,59.6301],[25.6907,59.6494],[25.6707,59.6555],[25.6947,59.6709],[25.7254,59.6658],[25.7805,59.6357],[25.781,59.6339],[25.7923,59.6343],[25.7924,59.6343],[25.7927,59.6343],[25.8303,59.6298],[25.8795,59.6239],[25.8831,59.6313],[25.8994,59.6216],[25.9646,59.6138],[25.9644,59.6214],[26.0018,59.6326],[26.0745,59.6043],[26.0781,59.6002],[26.1931,59.5865],[26.28,59.5873],[26.3401,59.5705],[26.4017,59.5631],[26.4095,59.5607],[26.4623,59.5544],[26.5691,59.5544],[26.5847,59.56],[26.6263,59.5581],[26.7023,59.5414],[26.7809,59.5026]]],[[[22.4612,58.9745],[22.4546,58.9872],[22.4703,58.9844],[22.4879,59.0056],[22.4876,59.0164],[22.4992,59.0192],[22.5054,59.0267],[22.5776,59.0751],[22.5783,59.0784],[22.5977,59.0895],[22.6405,59.0866],[22.6494,59.0874],[22.6495,59.0874],[22.6498,59.0874],[22.6585,59.0854],[22.6667,59.0849],[22.6797,59.0807],[22.7038,59.0753],[22.7042,59.0728],[22.7141,59.0696],[22.7064,59.0598],[22.711,59.0319],[22.7254,59.0145],[22.7876,59.0069],[22.8372,59.0086],[22.8966,58.9935],[22.909,58.992],[22.9112,58.9898],[22.9341,58.984],[22.9496,58.9709],[22.9544,58.9471],[22.981,58.9208],[22.9843,58.9108],[23.0151,58.8918],[23.0405,58.8408],[23.0191,58.8291],[23.0051,58.8332],[22.9234,58.8266],[22.8845,58.8038],[22.8867,58.7905],[22.8454,58.7765],[22.7901,58.781],[22.7783,58.7922],[22.7911,58.7993],[22.769,58.8206],[22.7671,58.8198],[22.6899,58.7392],[22.681,58.7241],[22.655,58.7028],[22.6112,58.6905],[22.5557,58.687],[22.5017,58.6948],[22.4631,58.7165],[22.475,58.7238],[22.48,58.7531],[22.4652,58.7666],[22.4426,58.803],[22.4417,58.8153],[22.4139,58.8598],[22.4071,58.8646],[22.3081,58.8959],[22.2918,58.8952],[22.195,58.888],[22.0625,58.9258],[22.0447,58.9362],[22.0555,58.9527],[22.0942,58.956],[22.1574,58.9512],[22.4612,58.9745]]],[[[23.2599,58.4454],[23.278,58.4365],[23.2349,58.4399],[23.2275,58.4431],[23.1286,58.436],[23.0863,58.4015],[23.0868,58.395],[23.022,58.3632],[23.0107,58.3679],[22.981,58.3631],[22.9522,58.3477],[22.9027,58.3118],[22.854,58.2987],[22.8112,58.2734],[22.7899,58.2735],[22.7578,58.2607],[22.744,58.2465],[22.7567,58.2423],[22.7232,58.2254],[22.6692,58.2215],[22.6623,58.2327],[22.5131,58.2361],[22.4972,58.223],[22.4936,58.2356],[22.4389,58.2273],[22.4216,58.2216],[22.4114,58.2232],[22.3726,58.2173],[22.2711,58.1616],[22.2699,58.137],[22.2568,58.0932],[22.2293,58.0522],[22.2251,58.0484],[22.2004,58.0207],[22.203,57.994],[22.19,57.9838],[22.0484,57.9151],[22.0169,57.9145],[21.9901,57.9356],[21.9918,57.9401],[21.9762,57.9638],[21.9763,57.9641],[21.9762,57.9642],[21.9773,57.9675],[21.9634,57.984],[21.983,57.984],[21.987,57.9955],[22.0203,58.0196],[22.0213,58.0212],[22.0962,58.0864],[22.1085,58.0834],[22.1526,58.1153],[22.1871,58.1535],[22.176,58.1575],[22.1058,58.1722],[22.1046,58.1729],[22.0723,58.1758],[22.053,58.1866],[22.0317,58.2145],[21.9366,58.2451],[21.9289,58.2451],[21.8678,58.2646],[21.8433,58.3022],[21.858,58.3014],[21.8898,58.3045],[21.9005,58.3081],[21.8733,58.3416],[21.8945,58.3465],[21.9348,58.3242],[21.9654,58.3496],[21.9833,58.3858],[21.8733,58.4856],[21.8324,58.511],[21.8744,58.5008],[21.9258,58.5146],[21.9285,58.5184],[21.9956,58.5125],[21.9979,58.5113],[22.0018,58.5111],[22.0808,58.4782],[22.1108,58.4915],[22.1136,58.498],[22.1589,58.5136],[22.1878,58.5429],[22.2129,58.5464],[22.226,58.5172],[22.2679,58.5077],[22.2769,58.5184],[22.2883,58.5693],[22.322,58.5848],[22.3712,58.5876],[22.473,58.6048],[22.545,58.6274],[22.5451,58.6274],[22.5503,58.6296],[22.5832,58.6345],[22.5969,58.6237],[22.6174,58.6222],[22.6827,58.6002],[22.6916,58.5982],[22.7538,58.6048],[22.7975,58.6165],[22.8114,58.623],[22.8164,58.6216],[22.8186,58.6222],[22.8189,58.6222],[22.819,58.6222],[22.8709,58.6166],[22.8997,58.6203],[22.9898,58.6018],[23.0911,58.571],[23.1157,58.5498],[23.2559,58.4976],[23.2886,58.4882],[23.3333,58.4564],[23.325,58.4423],[23.3075,58.4488],[23.2599,58.4454]]],[[[23.2564,58.542],[23.2238,58.5355],[23.1346,58.5799],[23.0833,58.5905],[23.0593,58.6035],[23.064,58.6112],[23.0634,58.6114],[23.0637,58.6117],[23.0634,58.6118],[23.066,58.6144],[23.0755,58.6298],[23.0812,58.6296],[23.1102,58.6586],[23.1501,58.6727],[23.1546,58.6759],[23.1611,58.6766],[23.1642,58.6777],[23.1645,58.6777],[23.1646,58.6777],[23.1671,58.6773],[23.1978,58.6806],[23.2883,58.6665],[23.3303,58.6531],[23.3491,58.6351],[23.3475,58.6072],[23.3816,58.5799],[23.4002,58.5554],[23.3622,58.5325],[23.2926,58.5441],[23.2618,58.5402],[23.2617,58.5402],[23.2614,58.5402],[23.2564,58.542]]]]}}
]}
