{"type":"FeatureCollection","features":[
{"type":"Feature","properties":{"entityId":"wessex","from":523,"to":552,"certainty":"estimated","source":"유럽 쪽은 Natural Earth 1:10m admin-1(v5.1.2) 현대 행정구역 조각을 그 시기 국경에 맞춰 묶고, 조각이 역사 경계와 다른 곳은 선을 그어 나눈 근사. 유럽 밖(시베리아·중앙아시아·극동)은 대략적인 추정. 운영자 검수 필요"},"geometry":{"type":"Polygon","coordinates":[[[-1.6917,50.6288],[-1.6917,50.6513],[-1.6917,50.6548],[-1.6917,50.6809],[-1.6481,50.6809],[-1.6481,50.6865],[-1.6481,50.7105],[-1.6917,50.7105],[-1.6917,50.7361],[-1.6729,50.7401],[-1.6767,50.7544],[-1.7342,50.7544],[-1.735,50.778],[-1.7865,50.7687],[-1.8095,50.8022],[-1.7961,50.8316],[-1.8057,50.8677],[-1.8328,50.8658],[-1.8392,50.8913],[-1.8114,50.9055],[-1.805,50.9294],[-1.837,50.9335],[-1.8798,50.9247],[-1.9501,50.9883],[-1.9264,50.9995],[-1.8376,51.0091],[-1.8108,50.9927],[-1.7406,50.978],[-1.6981,50.975],[-1.655,50.9502],[-1.6106,50.9597],[-1.5997,50.9769],[-1.6214,50.9947],[-1.5967,51.0175],[-1.622,51.0341],[-1.6314,51.0861],[-1.622,51.1083],[-1.6528,51.1263],[-1.655,51.1713],[-1.6853,51.2052],[-1.6965,51.2366],[-1.6281,51.2341],[-1.5797,51.2577],[-1.5384,51.2449],[-1.5392,51.2755],[-1.52,51.3025],[-1.5267,51.3297],[-1.487,51.3324],[-1.4331,51.3347],[-1.4367,51.3524],[-1.3995,51.3705],[-1.2453,51.3689],[-1.12,51.3547],[-1.1111,51.3713],[-1.0603,51.3732],[-1.032,51.3547],[-0.9964,51.3622],[-0.9667,51.3572],[-0.9192,51.3602],[-0.8864,51.3513],[-0.8529,51.3501],[-0.8197,51.3488],[-0.7992,51.3388],[-0.7653,51.3313],[-0.7297,51.2916],[-0.7311,51.2438],[-0.7484,51.2316],[-0.7995,51.2391],[-0.8292,51.226],[-0.84,51.2039],[-0.8245,51.1827],[-0.8236,51.1516],[-0.7909,51.1469],[-0.78,51.1235],[-0.747,51.1113],[-0.7537,51.0887],[-0.7881,51.0605],[-0.8286,51.0636],[-0.8626,51.0436],[-0.9308,50.9438],[-0.9217,50.9205],[-0.9525,50.8919],[-0.9233,50.8652],[-0.9298,50.84],[-0.9507,50.8423],[-0.9507,50.824],[-0.9503,50.8238],[-0.9478,50.8178],[-0.9507,50.8135],[-0.9507,50.7958],[-0.9505,50.7956],[-0.9138,50.7956],[-0.9138,50.7548],[-0.9507,50.7489],[-0.9943,50.7418],[-1.0379,50.7347],[-1.0815,50.7277],[-1.1027,50.7242],[-1.0942,50.7126],[-1.0828,50.7133],[-1.0623,50.6928],[-1.0642,50.6907],[-1.0636,50.6904],[-1.0639,50.6903],[-1.0638,50.6902],[-1.0639,50.6902],[-1.0636,50.69],[-1.0656,50.6892],[-1.0753,50.6785],[-1.1142,50.6697],[-1.137,50.6605],[-1.1545,50.6481],[-1.1657,50.6303],[-1.1684,50.6035],[-1.2792,50.5825],[-1.3155,50.5892],[-1.3521,50.6059],[-1.493,50.661],[-1.561,50.6499],[-1.6045,50.6429],[-1.6481,50.6358],[-1.6917,50.6288]]]}},
{"type":"Feature","properties":{"entityId":"wessex","from":552,"to":572,"certainty":"estimated","source":"유럽 쪽은 Natural Earth 1:10m admin-1(v5.1.2) 현대 행정구역 조각을 그 시기 국경에 맞춰 묶고, 조각이 역사 경계와 다른 곳은 선을 그어 나눈 근사. 유럽 밖(시베리아·중앙아시아·극동)은 대략적인 추정. 운영자 검수 필요"},"geometry":{"type":"Polygon","coordinates":[[[-1.6917,50.6288],[-1.6917,50.6513],[-1.6917,50.6548],[-1.6917,50.6809],[-1.6481,50.6809],[-1.6481,50.6865],[-1.6481,50.7105],[-1.6917,50.7105],[-1.6917,50.7361],[-1.6729,50.7401],[-1.6767,50.7544],[-1.7342,50.7544],[-1.735,50.778],[-1.7865,50.7687],[-1.8095,50.8022],[-1.7961,50.8316],[-1.8057,50.8677],[-1.8328,50.8658],[-1.8392,50.8913],[-1.8114,50.9055],[-1.805,50.9294],[-1.837,50.9335],[-1.8798,50.9247],[-1.9501,50.9883],[-1.9703,50.9927],[-1.9962,50.9775],[-2.0589,50.9599],[-2.0992,50.9558],[-2.1234,50.9811],[-2.1442,50.986],[-2.1942,51.0438],[-2.2386,51.0714],[-2.3217,51.0833],[-2.3475,51.0949],[-2.3489,51.1177],[-2.2662,51.2088],[-2.2362,51.2641],[-2.2428,51.2852],[-2.2711,51.2958],[-2.267,51.3163],[-2.2901,51.3249],[-2.2967,51.3402],[-2.3337,51.3469],[-2.28,51.3724],[-2.287,51.3861],[-2.277,51.3991],[-2.2807,51.4203],[-2.287,51.4813],[-2.3206,51.4838],[-2.2806,51.5099],[-2.2453,51.5186],[-2.262,51.5472],[-2.2716,51.5772],[-2.24,51.5791],[-2.1917,51.5983],[-2.1489,51.5894],[-2.1011,51.6202],[-2.0573,51.6641],[-1.9487,51.6399],[-1.94,51.663],[-1.8692,51.6463],[-1.8881,51.6725],[-1.8328,51.6566],[-1.8117,51.6925],[-1.7959,51.6944],[-1.7774,51.6604],[-1.7497,51.6588],[-1.7245,51.6627],[-1.7011,51.681],[-1.6833,51.6786],[-1.6839,51.6505],[-1.6545,51.6319],[-1.6597,51.6111],[-1.6778,51.5997],[-1.6753,51.5727],[-1.6684,51.568],[-1.6467,51.5685],[-1.6028,51.5202],[-1.5845,51.5174],[-1.5804,51.503],[-1.5764,51.4888],[-1.5506,51.4614],[-1.5284,51.4513],[-1.522,51.4258],[-1.5634,51.4122],[-1.5334,51.3774],[-1.4981,51.3661],[-1.487,51.3324],[-1.4331,51.3347],[-1.4367,51.3524],[-1.3995,51.3705],[-1.2453,51.3689],[-1.12,51.3547],[-1.1111,51.3713],[-1.0603,51.3732],[-1.032,51.3547],[-0.9964,51.3622],[-0.9667,51.3572],[-0.9192,51.3602],[-0.8864,51.3513],[-0.8529,51.3501],[-0.8197,51.3488],[-0.7992,51.3388],[-0.7653,51.3313],[-0.7297,51.2916],[-0.7311,51.2438],[-0.7484,51.2316],[-0.7995,51.2391],[-0.8292,51.226],[-0.84,51.2039],[-0.8245,51.1827],[-0.8236,51.1516],[-0.7909,51.1469],[-0.78,51.1235],[-0.747,51.1113],[-0.7537,51.0887],[-0.7881,51.0605],[-0.8286,51.0636],[-0.8626,51.0436],[-0.9308,50.9438],[-0.9217,50.9205],[-0.9525,50.8919],[-0.9233,50.8652],[-0.9298,50.84],[-0.9507,50.8423],[-0.9507,50.824],[-0.9503,50.8238],[-0.9478,50.8178],[-0.9507,50.8135],[-0.9507,50.7958],[-0.9505,50.7956],[-0.9138,50.7956],[-0.9138,50.7548],[-0.9507,50.7489],[-0.9943,50.7418],[-1.0379,50.7347],[-1.0815,50.7277],[-1.1027,50.7242],[-1.0942,50.7126],[-1.0828,50.7133],[-1.0623,50.6928],[-1.0642,50.6907],[-1.0636,50.6904],[-1.0639,50.6903],[-1.0638,50.6902],[-1.0639,50.6902],[-1.0636,50.69],[-1.0656,50.6892],[-1.0753,50.6785],[-1.1142,50.6697],[-1.137,50.6605],[-1.1545,50.6481],[-1.1657,50.6303],[-1.1684,50.6035],[-1.2792,50.5825],[-1.3155,50.5892],[-1.3521,50.6059],[-1.493,50.661],[-1.561,50.6499],[-1.6045,50.6429],[-1.6481,50.6358],[-1.6917,50.6288]]]}},
{"type":"Feature","properties":{"entityId":"wessex","from":572,"to":582,"certainty":"estimated","source":"유럽 쪽은 Natural Earth 1:10m admin-1(v5.1.2) 현대 행정구역 조각을 그 시기 국경에 맞춰 묶고, 조각이 역사 경계와 다른 곳은 선을 그어 나눈 근사. 유럽 밖(시베리아·중앙아시아·극동)은 대략적인 추정. 운영자 검수 필요"},"geometry":{"type":"Polygon","coordinates":[[[-0.6545,52.1925],[-0.6345,52.216],[-0.6414,52.2591],[-0.5906,52.2661],[-0.5586,52.248],[-0.5412,52.2458],[-0.5253,52.2605],[-0.5253,52.2833],[-0.5031,52.303],[-0.4588,52.3088],[-0.4295,52.2974],[-0.4189,52.278],[-0.3711,52.2677],[-0.3684,52.2419],[-0.3553,52.2271],[-0.3317,52.2291],[-0.2934,52.2241],[-0.292,52.2027],[-0.2531,52.1919],[-0.2339,52.1727],[-0.247,52.1605],[-0.207,52.1505],[-0.2167,52.1327],[-0.17,52.1297],[-0.132,52.1336],[-0.1461,52.0697],[-0.1356,52.0435],[-0.1092,52.0194],[-0.0295,52.0399],[-0.0114,52.0516],[0.0514,52.0433],[0.0805,52.0024],[0.0825,51.9833],[0.1108,51.9736],[0.1417,51.8839],[0.1899,51.8902],[0.1992,51.8658],[0.1736,51.8483],[0.173,51.8252],[0.1903,51.8166],[0.158,51.7905],[0.1083,51.7775],[0.0356,51.7683],[0,51.7331],[-0.0113,51.6772],[-0.1481,51.6891],[-0.1584,51.6758],[-0.1654,51.6713],[-0.1734,51.6663],[-0.2006,51.6622],[-0.2175,51.6541],[-0.2289,51.6686],[-0.2384,51.6722],[-0.2453,51.6674],[-0.2542,51.6441],[-0.2936,51.6383],[-0.3209,51.6344],[-0.3739,51.6144],[-0.3998,51.6148],[-0.432,51.6152],[-0.4589,51.6108],[-0.47,51.6174],[-0.4814,51.616],[-0.4861,51.5977],[-0.4935,51.5909],[-0.4714,51.55],[-0.4845,51.4944],[-0.4972,51.4778],[-0.5128,51.4758],[-0.5212,51.4502],[-0.5184,51.4394],[-0.5316,51.4337],[-0.5757,51.4456],[-0.5903,51.4263],[-0.5989,51.4036],[-0.6197,51.3877],[-0.6581,51.3822],[-0.6987,51.3669],[-0.7209,51.3638],[-0.7653,51.3313],[-0.7297,51.2916],[-0.7311,51.2438],[-0.7484,51.2316],[-0.7995,51.2391],[-0.8292,51.226],[-0.84,51.2039],[-0.8245,51.1827],[-0.8236,51.1516],[-0.7909,51.1469],[-0.78,51.1235],[-0.747,51.1113],[-0.7537,51.0887],[-0.7881,51.0605],[-0.8286,51.0636],[-0.8626,51.0436],[-0.9308,50.9438],[-0.9217,50.9205],[-0.9525,50.8919],[-0.9233,50.8652],[-0.9298,50.84],[-0.9507,50.8423],[-0.9507,50.824],[-0.9503,50.8238],[-0.9478,50.8178],[-0.9507,50.8135],[-0.9507,50.7958],[-0.9505,50.7956],[-0.9138,50.7956],[-0.9138,50.7548],[-0.9507,50.7489],[-0.9943,50.7418],[-1.0379,50.7347],[-1.0815,50.7277],[-1.1027,50.7242],[-1.0942,50.7126],[-1.0828,50.7133],[-1.0623,50.6928],[-1.0642,50.6907],[-1.0636,50.6904],[-1.0639,50.6903],[-1.0638,50.6902],[-1.0639,50.6902],[-1.0636,50.69],[-1.0656,50.6892],[-1.0753,50.6785],[-1.1142,50.6697],[-1.137,50.6605],[-1.1545,50.6481],[-1.1657,50.6303],[-1.1684,50.6035],[-1.2792,50.5825],[-1.3155,50.5892],[-1.3521,50.6059],[-1.493,50.661],[-1.561,50.6499],[-1.6045,50.6429],[-1.6481,50.6358],[-1.6917,50.6288],[-1.6917,50.6513],[-1.6917,50.6548],[-1.6917,50.6809],[-1.6481,50.6809],[-1.6481,50.6865],[-1.6481,50.7105],[-1.6917,50.7105],[-1.6917,50.7361],[-1.6729,50.7401],[-1.6767,50.7544],[-1.7342,50.7544],[-1.735,50.778],[-1.7865,50.7687],[-1.8095,50.8022],[-1.7961,50.8316],[-1.8057,50.8677],[-1.8328,50.8658],[-1.8392,50.8913],[-1.8114,50.9055],[-1.805,50.9294],[-1.837,50.9335],[-1.8798,50.9247],[-1.9501,50.9883],[-1.9703,50.9927],[-1.9962,50.9775],[-2.0589,50.9599],[-2.0992,50.9558],[-2.1234,50.9811],[-2.1442,50.986],[-2.1942,51.0438],[-2.2386,51.0714],[-2.3217,51.0833],[-2.3475,51.0949],[-2.3489,51.1177],[-2.2662,51.2088],[-2.2362,51.2641],[-2.2428,51.2852],[-2.2711,51.2958],[-2.267,51.3163],[-2.2901,51.3249],[-2.2967,51.3402],[-2.3337,51.3469],[-2.28,51.3724],[-2.287,51.3861],[-2.277,51.3991],[-2.2807,51.4203],[-2.287,51.4813],[-2.3206,51.4838],[-2.2806,51.5099],[-2.2453,51.5186],[-2.262,51.5472],[-2.2716,51.5772],[-2.24,51.5791],[-2.1917,51.5983],[-2.1489,51.5894],[-2.1011,51.6202],[-2.0573,51.6641],[-1.9487,51.6399],[-1.94,51.663],[-1.8692,51.6463],[-1.8881,51.6725],[-1.8328,51.6566],[-1.8117,51.6925],[-1.7959,51.6944],[-1.7774,51.6604],[-1.7497,51.6588],[-1.7245,51.6627],[-1.7011,51.681],[-1.6833,51.6786],[-1.6493,51.6737],[-1.6472,51.6864],[-1.6761,51.7047],[-1.6925,51.7624],[-1.7092,51.7749],[-1.6792,51.7971],[-1.6759,51.8552],[-1.6375,51.8938],[-1.6461,51.91],[-1.6128,51.9316],[-1.6189,51.9449],[-1.6569,51.9591],[-1.6525,51.9839],[-1.604,51.9549],[-1.5862,51.9672],[-1.5498,51.9691],[-1.5456,51.9847],[-1.5181,51.9883],[-1.4959,52.0405],[-1.4953,52.0608],[-1.4703,52.0886],[-1.4364,52.093],[-1.4375,52.1075],[-1.4075,52.1077],[-1.3795,52.0919],[-1.3511,52.1044],[-1.3736,52.1183],[-1.3414,52.1344],[-1.3212,52.1615],[-1.2372,52.096],[-1.3067,52.0774],[-1.2939,52.0713],[-1.2967,52.0388],[-1.265,51.9797],[-1.1837,51.9783],[-1.1384,51.9897],[-1.1082,52.0092],[-1.1418,52.0177],[-1.0967,52.0438],[-1.0367,52.0536],[-1.0233,52.0647],[-0.9406,52.0719],[-0.9014,52.0186],[-0.8674,52.0338],[-0.8565,52.0405],[-0.8559,52.0585],[-0.8275,52.0644],[-0.8278,52.0722],[-0.8517,52.0858],[-0.8784,52.116],[-0.8259,52.1274],[-0.8067,52.1522],[-0.7761,52.1469],[-0.762,52.1624],[-0.7289,52.1616],[-0.6545,52.1925]]]}},
{"type":"Feature","properties":{"entityId":"wessex","from":582,"to":632,"certainty":"estimated","source":"유럽 쪽은 Natural Earth 1:10m admin-1(v5.1.2) 현대 행정구역 조각을 그 시기 국경에 맞춰 묶고, 조각이 역사 경계와 다른 곳은 선을 그어 나눈 근사. 유럽 밖(시베리아·중앙아시아·극동)은 대략적인 추정. 운영자 검수 필요"},"geometry":{"type":"Polygon","coordinates":[[[-2.7326,51.5333],[-2.7326,51.5622],[-2.7061,51.5622],[-2.7061,51.5868],[-2.6796,51.5868],[-2.6666,51.5868],[-2.6531,51.5868],[-2.627,51.5868],[-2.6266,51.5872],[-2.6266,51.6271],[-2.6527,51.6271],[-2.6531,51.6268],[-2.6654,51.6173],[-2.6835,51.659],[-2.6617,51.6755],[-2.6837,51.7261],[-2.6702,51.7495],[-2.6758,51.7867],[-2.6485,51.8214],[-2.642,51.8472],[-2.62,51.8377],[-2.5506,51.8616],[-2.5197,51.8588],[-2.5058,51.8799],[-2.4345,51.8966],[-2.4339,51.9155],[-2.4603,51.9477],[-2.4814,51.958],[-2.4609,52.0197],[-2.4295,51.9944],[-2.3933,51.9947],[-2.3516,52.0139],[-2.3498,52.1067],[-2.3601,52.1221],[-2.3922,52.1312],[-2.4102,52.1569],[-2.4064,52.2058],[-2.4154,52.2199],[-2.4578,52.2302],[-2.4475,52.2585],[-2.4887,52.2649],[-2.5273,52.243],[-2.607,52.2417],[-2.616,52.2777],[-2.6314,52.2919],[-2.6409,52.3322],[-2.5978,52.3052],[-2.5556,52.3085],[-2.5253,52.3397],[-2.4745,52.3271],[-2.4698,52.3572],[-2.4103,52.3633],[-2.3906,52.3836],[-2.3195,52.3846],[-2.3505,52.4237],[-2.3395,52.4344],[-2.3048,52.4308],[-2.2862,52.4446],[-2.1539,52.423],[-2.1189,52.4222],[-2.0828,52.436],[-2.0584,52.4224],[-2.0475,52.4341],[-2.0306,52.4369],[-2.0217,52.4244],[-2.0067,52.4274],[-1.9831,52.4177],[-1.9839,52.4102],[-2.002,52.3927],[-1.9958,52.3788],[-1.9831,52.3774],[-1.9548,52.3869],[-1.9245,52.3849],[-1.9006,52.3927],[-1.8445,52.3836],[-1.877,52.3447],[-1.8475,52.3099],[-1.8828,52.2741],[-1.9201,52.2661],[-1.9023,52.2105],[-1.9445,52.1647],[-1.8909,52.1336],[-1.8753,52.1494],[-1.7872,52.1294],[-1.7578,52.1058],[-1.7159,52.0849],[-1.6745,52.0311],[-1.6123,52.0266],[-1.6525,51.9839],[-1.604,51.9549],[-1.5862,51.9672],[-1.5498,51.9691],[-1.5456,51.9847],[-1.5181,51.9883],[-1.4959,52.0405],[-1.4953,52.0608],[-1.4703,52.0886],[-1.4364,52.093],[-1.4375,52.1075],[-1.4075,52.1077],[-1.3795,52.0919],[-1.3511,52.1044],[-1.3736,52.1183],[-1.3414,52.1344],[-1.3212,52.1615],[-1.2372,52.096],[-1.3067,52.0774],[-1.2939,52.0713],[-1.2967,52.0388],[-1.265,51.9797],[-1.1837,51.9783],[-1.1384,51.9897],[-1.1082,52.0092],[-1.1418,52.0177],[-1.0967,52.0438],[-1.0367,52.0536],[-1.0233,52.0647],[-0.9406,52.0719],[-0.9014,52.0186],[-0.8674,52.0338],[-0.8565,52.0405],[-0.8559,52.0585],[-0.8275,52.0644],[-0.8278,52.0722],[-0.8517,52.0858],[-0.8784,52.116],[-0.8259,52.1274],[-0.8067,52.1522],[-0.7761,52.1469],[-0.762,52.1624],[-0.7289,52.1616],[-0.6545,52.1925],[-0.6345,52.216],[-0.6414,52.2591],[-0.5906,52.2661],[-0.5586,52.248],[-0.5412,52.2458],[-0.5253,52.2605],[-0.5253,52.2833],[-0.5031,52.303],[-0.4588,52.3088],[-0.4295,52.2974],[-0.4189,52.278],[-0.3711,52.2677],[-0.3684,52.2419],[-0.3553,52.2271],[-0.3317,52.2291],[-0.2934,52.2241],[-0.292,52.2027],[-0.2531,52.1919],[-0.2339,52.1727],[-0.247,52.1605],[-0.207,52.1505],[-0.2167,52.1327],[-0.17,52.1297],[-0.132,52.1336],[-0.1461,52.0697],[-0.1356,52.0435],[-0.1092,52.0194],[-0.0295,52.0399],[-0.0114,52.0516],[0.0514,52.0433],[0.0805,52.0024],[0.0825,51.9833],[0.1108,51.9736],[0.1417,51.8839],[0.1899,51.8902],[0.1992,51.8658],[0.1736,51.8483],[0.173,51.8252],[0.1903,51.8166],[0.158,51.7905],[0.1083,51.7775],[0.0356,51.7683],[0,51.7331],[-0.0113,51.6772],[-0.1481,51.6891],[-0.1584,51.6758],[-0.1654,51.6713],[-0.1734,51.6663],[-0.2006,51.6622],[-0.2175,51.6541],[-0.2289,51.6686],[-0.2384,51.6722],[-0.2453,51.6674],[-0.2542,51.6441],[-0.2936,51.6383],[-0.3209,51.6344],[-0.3739,51.6144],[-0.3998,51.6148],[-0.432,51.6152],[-0.4589,51.6108],[-0.47,51.6174],[-0.4814,51.616],[-0.4861,51.5977],[-0.4935,51.5909],[-0.4714,51.55],[-0.4845,51.4944],[-0.4972,51.4778],[-0.5128,51.4758],[-0.5212,51.4502],[-0.5184,51.4394],[-0.5316,51.4337],[-0.5757,51.4456],[-0.5903,51.4263],[-0.5989,51.4036],[-0.6197,51.3877],[-0.6581,51.3822],[-0.6987,51.3669],[-0.7209,51.3638],[-0.7653,51.3313],[-0.7297,51.2916],[-0.7311,51.2438],[-0.7484,51.2316],[-0.7995,51.2391],[-0.8292,51.226],[-0.84,51.2039],[-0.8245,51.1827],[-0.8236,51.1516],[-0.7909,51.1469],[-0.78,51.1235],[-0.747,51.1113],[-0.7537,51.0887],[-0.7881,51.0605],[-0.8286,51.0636],[-0.8626,51.0436],[-0.9308,50.9438],[-0.9217,50.9205],[-0.9525,50.8919],[-0.9233,50.8652],[-0.9298,50.84],[-0.9507,50.8423],[-0.9507,50.824],[-0.9503,50.8238],[-0.9478,50.8178],[-0.9507,50.8135],[-0.9507,50.7958],[-0.9505,50.7956],[-0.9138,50.7956],[-0.9138,50.7548],[-0.9507,50.7489],[-0.9943,50.7418],[-1.0379,50.7347],[-1.0815,50.7277],[-1.1027,50.7242],[-1.0942,50.7126],[-1.0828,50.7133],[-1.0623,50.6928],[-1.0642,50.6907],[-1.0636,50.6904],[-1.0639,50.6903],[-1.0638,50.6902],[-1.0639,50.6902],[-1.0636,50.69],[-1.0656,50.6892],[-1.0753,50.6785],[-1.1142,50.6697],[-1.137,50.6605],[-1.1545,50.6481],[-1.1657,50.6303],[-1.1684,50.6035],[-1.2792,50.5825],[-1.3155,50.5892],[-1.3521,50.6059],[-1.493,50.661],[-1.561,50.6499],[-1.6045,50.6429],[-1.6481,50.6358],[-1.6917,50.6288],[-1.6917,50.6513],[-1.6917,50.6548],[-1.6917,50.6809],[-1.6481,50.6809],[-1.6481,50.6865],[-1.6481,50.7105],[-1.6917,50.7105],[-1.6917,50.7361],[-1.6729,50.7401],[-1.6767,50.7544],[-1.7342,50.7544],[-1.735,50.778],[-1.7865,50.7687],[-1.8095,50.8022],[-1.7961,50.8316],[-1.8057,50.8677],[-1.8328,50.8658],[-1.8392,50.8913],[-1.8114,50.9055],[-1.805,50.9294],[-1.837,50.9335],[-1.8798,50.9247],[-1.9501,50.9883],[-1.9703,50.9927],[-1.9962,50.9775],[-2.0589,50.9599],[-2.0992,50.9558],[-2.1234,50.9811],[-2.1442,50.986],[-2.1942,51.0438],[-2.2386,51.0714],[-2.3217,51.0833],[-2.3475,51.0949],[-2.3489,51.1177],[-2.2662,51.2088],[-2.2362,51.2641],[-2.2428,51.2852],[-2.2711,51.2958],[-2.267,51.3163],[-2.2901,51.3249],[-2.3458,51.2999],[-2.405,51.2994],[-2.4231,51.2822],[-2.4581,51.273],[-2.4884,51.2758],[-2.4931,51.2894],[-2.5395,51.2999],[-2.567,51.296],[-2.5914,51.283],[-2.6209,51.283],[-2.6392,51.2986],[-2.6628,51.3027],[-2.6684,51.3119],[-2.7127,51.3198],[-2.7149,51.3426],[-2.7015,51.3534],[-2.6801,51.3413],[-2.6466,51.3493],[-2.6335,51.3821],[-2.6306,51.4002],[-2.6306,51.443],[-2.6439,51.4551],[-2.668,51.4671],[-2.7055,51.4805],[-2.7294,51.4962],[-2.7326,51.4958],[-2.7326,51.5333]]]}},
{"type":"Feature","properties":{"entityId":"wessex","from":632,"to":659,"certainty":"estimated","source":"유럽 쪽은 Natural Earth 1:10m admin-1(v5.1.2) 현대 행정구역 조각을 그 시기 국경에 맞춰 묶고, 조각이 역사 경계와 다른 곳은 선을 그어 나눈 근사. 유럽 밖(시베리아·중앙아시아·극동)은 대략적인 추정. 운영자 검수 필요"},"geometry":{"type":"Polygon","coordinates":[[[-1.6833,51.6786],[-1.6493,51.6737],[-1.6472,51.6864],[-1.6761,51.7047],[-1.6925,51.7624],[-1.7092,51.7749],[-1.6792,51.7971],[-1.6759,51.8552],[-1.6375,51.8938],[-1.6461,51.91],[-1.6128,51.9316],[-1.6189,51.9449],[-1.6569,51.9591],[-1.6525,51.9839],[-1.604,51.9549],[-1.5862,51.9672],[-1.5498,51.9691],[-1.5456,51.9847],[-1.5181,51.9883],[-1.4959,52.0405],[-1.4953,52.0608],[-1.4703,52.0886],[-1.4364,52.093],[-1.4375,52.1075],[-1.4075,52.1077],[-1.3795,52.0919],[-1.3511,52.1044],[-1.3736,52.1183],[-1.3414,52.1344],[-1.3212,52.1615],[-1.2372,52.096],[-1.3067,52.0774],[-1.2939,52.0713],[-1.2967,52.0388],[-1.265,51.9797],[-1.1837,51.9783],[-1.1384,51.9897],[-1.1082,52.0092],[-1.1418,52.0177],[-1.0967,52.0438],[-1.0367,52.0536],[-1.0233,52.0647],[-0.9406,52.0719],[-0.9014,52.0186],[-0.8674,52.0338],[-0.8565,52.0405],[-0.8559,52.0585],[-0.8275,52.0644],[-0.8278,52.0722],[-0.8517,52.0858],[-0.8784,52.116],[-0.8259,52.1274],[-0.8067,52.1522],[-0.7761,52.1469],[-0.762,52.1624],[-0.7289,52.1616],[-0.6545,52.1925],[-0.6345,52.216],[-0.6414,52.2591],[-0.5906,52.2661],[-0.5586,52.248],[-0.5412,52.2458],[-0.5253,52.2605],[-0.5253,52.2833],[-0.5031,52.303],[-0.4588,52.3088],[-0.4295,52.2974],[-0.4189,52.278],[-0.3711,52.2677],[-0.3684,52.2419],[-0.3553,52.2271],[-0.3317,52.2291],[-0.2934,52.2241],[-0.292,52.2027],[-0.2531,52.1919],[-0.2339,52.1727],[-0.247,52.1605],[-0.207,52.1505],[-0.2167,52.1327],[-0.17,52.1297],[-0.132,52.1336],[-0.1461,52.0697],[-0.1356,52.0435],[-0.1092,52.0194],[-0.0295,52.0399],[-0.0114,52.0516],[0.0514,52.0433],[0.0805,52.0024],[0.0825,51.9833],[0.1108,51.9736],[0.1417,51.8839],[0.1899,51.8902],[0.1992,51.8658],[0.1736,51.8483],[0.173,51.8252],[0.1903,51.8166],[0.158,51.7905],[0.1083,51.7775],[0.0356,51.7683],[0,51.7331],[-0.0113,51.6772],[-0.1481,51.6891],[-0.1584,51.6758],[-0.1654,51.6713],[-0.1734,51.6663],[-0.2006,51.6622],[-0.2175,51.6541],[-0.2289,51.6686],[-0.2384,51.6722],[-0.2453,51.6674],[-0.2542,51.6441],[-0.2936,51.6383],[-0.3209,51.6344],[-0.3739,51.6144],[-0.3998,51.6148],[-0.432,51.6152],[-0.4589,51.6108],[-0.47,51.6174],[-0.4814,51.616],[-0.4861,51.5977],[-0.4935,51.5909],[-0.4714,51.55],[-0.4845,51.4944],[-0.4972,51.4778],[-0.5128,51.4758],[-0.5212,51.4502],[-0.5184,51.4394],[-0.5316,51.4337],[-0.5757,51.4456],[-0.5903,51.4263],[-0.5989,51.4036],[-0.6197,51.3877],[-0.6581,51.3822],[-0.6987,51.3669],[-0.7209,51.3638],[-0.7653,51.3313],[-0.7297,51.2916],[-0.7311,51.2438],[-0.7484,51.2316],[-0.7995,51.2391],[-0.8292,51.226],[-0.84,51.2039],[-0.8245,51.1827],[-0.8236,51.1516],[-0.7909,51.1469],[-0.78,51.1235],[-0.747,51.1113],[-0.7537,51.0887],[-0.7881,51.0605],[-0.8286,51.0636],[-0.8626,51.0436],[-0.9308,50.9438],[-0.9217,50.9205],[-0.9525,50.8919],[-0.9233,50.8652],[-0.9298,50.84],[-0.9507,50.8423],[-0.9507,50.824],[-0.9503,50.8238],[-0.9478,50.8178],[-0.9507,50.8135],[-0.9507,50.7958],[-0.9505,50.7956],[-0.9138,50.7956],[-0.9138,50.7548],[-0.9507,50.7489],[-0.9943,50.7418],[-1.0379,50.7347],[-1.0815,50.7277],[-1.1027,50.7242],[-1.0942,50.7126],[-1.0828,50.7133],[-1.0623,50.6928],[-1.0642,50.6907],[-1.0636,50.6904],[-1.0639,50.6903],[-1.0638,50.6902],[-1.0639,50.6902],[-1.0636,50.69],[-1.0656,50.6892],[-1.0753,50.6785],[-1.1142,50.6697],[-1.137,50.6605],[-1.1545,50.6481],[-1.1657,50.6303],[-1.1684,50.6035],[-1.2792,50.5825],[-1.3155,50.5892],[-1.3521,50.6059],[-1.493,50.661],[-1.561,50.6499],[-1.6045,50.6429],[-1.6481,50.6358],[-1.6917,50.6288],[-1.6917,50.6513],[-1.6917,50.6548],[-1.6917,50.6809],[-1.6481,50.6809],[-1.6481,50.6865],[-1.6481,50.7105],[-1.6917,50.7105],[-1.6917,50.7361],[-1.6729,50.7401],[-1.6767,50.7544],[-1.7342,50.7544],[-1.735,50.778],[-1.7865,50.7687],[-1.8095,50.8022],[-1.7961,50.8316],[-1.8057,50.8677],[-1.8328,50.8658],[-1.8392,50.8913],[-1.8114,50.9055],[-1.805,50.9294],[-1.837,50.9335],[-1.8798,50.9247],[-1.9501,50.9883],[-1.9703,50.9927],[-1.9962,50.9775],[-2.0589,50.9599],[-2.0992,50.9558],[-2.1234,50.9811],[-2.1442,50.986],[-2.1942,51.0438],[-2.2386,51.0714],[-2.3217,51.0833],[-2.3475,51.0949],[-2.3489,51.1177],[-2.2662,51.2088],[-2.2362,51.2641],[-2.2428,51.2852],[-2.2711,51.2958],[-2.267,51.3163],[-2.2901,51.3249],[-2.3458,51.2999],[-2.405,51.2994],[-2.4231,51.2822],[-2.4581,51.273],[-2.4884,51.2758],[-2.4931,51.2894],[-2.5395,51.2999],[-2.567,51.296],[-2.5914,51.283],[-2.6209,51.283],[-2.6392,51.2986],[-2.6628,51.3027],[-2.6684,51.3119],[-2.7127,51.3198],[-2.7149,51.3426],[-2.7015,51.3534],[-2.6801,51.3413],[-2.6466,51.3493],[-2.6335,51.3821],[-2.6064,51.3801],[-2.5623,51.3801],[-2.5395,51.3935],[-2.5275,51.4082],[-2.5227,51.4188],[-2.5034,51.4055],[-2.3977,51.4029],[-2.3254,51.4149],[-2.2807,51.4203],[-2.287,51.4813],[-2.3206,51.4838],[-2.2806,51.5099],[-2.2453,51.5186],[-2.262,51.5472],[-2.2716,51.5772],[-2.24,51.5791],[-2.1917,51.5983],[-2.1489,51.5894],[-2.1011,51.6202],[-2.0573,51.6641],[-1.9487,51.6399],[-1.94,51.663],[-1.8692,51.6463],[-1.8881,51.6725],[-1.8328,51.6566],[-1.8117,51.6925],[-1.7959,51.6944],[-1.7774,51.6604],[-1.7497,51.6588],[-1.7245,51.6627],[-1.7011,51.681],[-1.6833,51.6786]]]}},
{"type":"Feature","properties":{"entityId":"wessex","from":659,"to":668,"certainty":"estimated","source":"유럽 쪽은 Natural Earth 1:10m admin-1(v5.1.2) 현대 행정구역 조각을 그 시기 국경에 맞춰 묶고, 조각이 역사 경계와 다른 곳은 선을 그어 나눈 근사. 유럽 밖(시베리아·중앙아시아·극동)은 대략적인 추정. 운영자 검수 필요"},"geometry":{"type":"Polygon","coordinates":[[[-3.7119,51.3328],[-3.6854,51.3328],[-3.659,51.3328],[-3.659,51.3095],[-3.6325,51.3095],[-3.606,51.3095],[-3.5795,51.3095],[-3.5531,51.3095],[-3.5531,51.3049],[-3.5266,51.3049],[-3.5001,51.3049],[-3.4736,51.3049],[-3.4472,51.3049],[-3.4472,51.2923],[-3.4207,51.2923],[-3.3942,51.2923],[-3.3677,51.2923],[-3.3413,51.2923],[-3.2884,51.2923],[-3.2619,51.2923],[-3.2355,51.2923],[-3.2355,51.2794],[-3.209,51.2794],[-3.209,51.3209],[-3.1825,51.3209],[-3.156,51.3209],[-3.1296,51.3209],[-3.1296,51.3217],[-3.1031,51.3217],[-3.1031,51.3624],[-3.0766,51.3624],[-3.0766,51.4039],[-3.0501,51.4039],[-3.0501,51.4454],[-3.0237,51.4454],[-3.0237,51.4704],[-2.9972,51.4704],[-2.9707,51.4704],[-2.9443,51.4704],[-2.9178,51.4704],[-2.9178,51.4769],[-2.8913,51.4769],[-2.8913,51.5114],[-2.8649,51.5114],[-2.8649,51.5172],[-2.8384,51.5172],[-2.812,51.5172],[-2.812,51.5333],[-2.7855,51.5333],[-2.7591,51.5333],[-2.7326,51.5333],[-2.7326,51.4958],[-2.7294,51.4962],[-2.7055,51.4805],[-2.668,51.4671],[-2.6439,51.4551],[-2.6306,51.443],[-2.6306,51.4002],[-2.6335,51.3821],[-2.6064,51.3801],[-2.5623,51.3801],[-2.5395,51.3935],[-2.5275,51.4082],[-2.5227,51.4188],[-2.5034,51.4055],[-2.3977,51.4029],[-2.3254,51.4149],[-2.2807,51.4203],[-2.287,51.4813],[-2.3206,51.4838],[-2.2806,51.5099],[-2.2453,51.5186],[-2.262,51.5472],[-2.2716,51.5772],[-2.24,51.5791],[-2.1917,51.5983],[-2.1489,51.5894],[-2.1011,51.6202],[-2.0573,51.6641],[-1.9487,51.6399],[-1.94,51.663],[-1.8692,51.6463],[-1.8881,51.6725],[-1.8328,51.6566],[-1.8117,51.6925],[-1.7959,51.6944],[-1.7774,51.6604],[-1.7497,51.6588],[-1.7245,51.6627],[-1.7011,51.681],[-1.6833,51.6786],[-1.6493,51.6737],[-1.6472,51.6864],[-1.6761,51.7047],[-1.6925,51.7624],[-1.7092,51.7749],[-1.6792,51.7971],[-1.6759,51.8552],[-1.6375,51.8938],[-1.6461,51.91],[-1.6128,51.9316],[-1.6189,51.9449],[-1.6569,51.9591],[-1.6525,51.9839],[-1.604,51.9549],[-1.5862,51.9672],[-1.5498,51.9691],[-1.5456,51.9847],[-1.5181,51.9883],[-1.4959,52.0405],[-1.4953,52.0608],[-1.4703,52.0886],[-1.4364,52.093],[-1.4375,52.1075],[-1.4075,52.1077],[-1.3795,52.0919],[-1.3511,52.1044],[-1.3736,52.1183],[-1.3414,52.1344],[-1.3212,52.1615],[-1.2372,52.096],[-1.3067,52.0774],[-1.2939,52.0713],[-1.2967,52.0388],[-1.265,51.9797],[-1.1837,51.9783],[-1.1384,51.9897],[-1.1082,52.0092],[-1.1418,52.0177],[-1.0967,52.0438],[-1.0367,52.0536],[-1.0233,52.0647],[-0.9406,52.0719],[-0.9014,52.0186],[-0.8674,52.0338],[-0.8565,52.0405],[-0.8559,52.0585],[-0.8275,52.0644],[-0.8278,52.0722],[-0.8517,52.0858],[-0.8784,52.116],[-0.8259,52.1274],[-0.8067,52.1522],[-0.7761,52.1469],[-0.762,52.1624],[-0.7289,52.1616],[-0.6545,52.1925],[-0.6345,52.216],[-0.6414,52.2591],[-0.5906,52.2661],[-0.5586,52.248],[-0.5412,52.2458],[-0.5253,52.2605],[-0.5253,52.2833],[-0.5031,52.303],[-0.4588,52.3088],[-0.4295,52.2974],[-0.4189,52.278],[-0.3711,52.2677],[-0.3684,52.2419],[-0.3553,52.2271],[-0.3317,52.2291],[-0.2934,52.2241],[-0.292,52.2027],[-0.2531,52.1919],[-0.2339,52.1727],[-0.247,52.1605],[-0.207,52.1505],[-0.2167,52.1327],[-0.17,52.1297],[-0.132,52.1336],[-0.1461,52.0697],[-0.1356,52.0435],[-0.1092,52.0194],[-0.0295,52.0399],[-0.0114,52.0516],[0.0514,52.0433],[0.0805,52.0024],[0.0825,51.9833],[0.1108,51.9736],[0.1417,51.8839],[0.1899,51.8902],[0.1992,51.8658],[0.1736,51.8483],[0.173,51.8252],[0.1903,51.8166],[0.158,51.7905],[0.1083,51.7775],[0.0356,51.7683],[0,51.7331],[-0.0113,51.6772],[-0.1481,51.6891],[-0.1584,51.6758],[-0.1654,51.6713],[-0.1734,51.6663],[-0.2006,51.6622],[-0.2175,51.6541],[-0.2289,51.6686],[-0.2384,51.6722],[-0.2453,51.6674],[-0.2542,51.6441],[-0.2936,51.6383],[-0.3209,51.6344],[-0.3739,51.6144],[-0.3998,51.6148],[-0.432,51.6152],[-0.4589,51.6108],[-0.47,51.6174],[-0.4814,51.616],[-0.4861,51.5977],[-0.4935,51.5909],[-0.4714,51.55],[-0.4845,51.4944],[-0.4972,51.4778],[-0.5128,51.4758],[-0.5212,51.4502],[-0.5184,51.4394],[-0.5316,51.4337],[-0.5757,51.4456],[-0.5903,51.4263],[-0.5989,51.4036],[-0.6197,51.3877],[-0.6581,51.3822],[-0.6987,51.3669],[-0.7209,51.3638],[-0.7653,51.3313],[-0.7297,51.2916],[-0.7311,51.2438],[-0.7484,51.2316],[-0.7995,51.2391],[-0.8292,51.226],[-0.84,51.2039],[-0.8245,51.1827],[-0.8236,51.1516],[-0.7909,51.1469],[-0.78,51.1235],[-0.747,51.1113],[-0.7537,51.0887],[-0.7881,51.0605],[-0.8286,51.0636],[-0.8626,51.0436],[-0.9308,50.9438],[-0.9217,50.9205],[-0.9525,50.8919],[-0.9233,50.8652],[-0.9298,50.84],[-0.9507,50.8423],[-0.9507,50.824],[-0.9503,50.8238],[-0.9478,50.8178],[-0.9507,50.8135],[-0.9507,50.7958],[-0.9505,50.7956],[-0.9138,50.7956],[-0.9138,50.7548],[-0.9507,50.7489],[-0.9943,50.7418],[-1.0379,50.7347],[-1.0815,50.7277],[-1.1027,50.7242],[-1.0942,50.7126],[-1.0828,50.7133],[-1.0623,50.6928],[-1.0642,50.6907],[-1.0636,50.6904],[-1.0639,50.6903],[-1.0638,50.6902],[-1.0639,50.6902],[-1.0636,50.69],[-1.0656,50.6892],[-1.0753,50.6785],[-1.1142,50.6697],[-1.137,50.6605],[-1.1545,50.6481],[-1.1657,50.6303],[-1.1684,50.6035],[-1.2792,50.5825],[-1.3155,50.5892],[-1.3521,50.6059],[-1.493,50.661],[-1.561,50.6499],[-1.6045,50.6429],[-1.6481,50.6358],[-1.6917,50.6288],[-1.7353,50.6217],[-1.8225,50.6076],[-1.9097,50.5935],[-2.0841,50.5652],[-2.2585,50.537],[-2.4892,50.4996],[-2.4893,50.4996],[-2.4896,50.4996],[-2.6072,50.5489],[-2.7816,50.6221],[-2.8688,50.6587],[-2.9123,50.6769],[-2.9559,50.6952],[-2.9559,50.703],[-2.9559,50.7224],[-2.9456,50.7258],[-2.9325,50.7619],[-2.9467,50.7708],[-2.8823,50.7972],[-2.9485,50.8225],[-2.9628,50.8505],[-3.0031,50.8613],[-3.0303,50.8516],[-3.0484,50.8777],[-3.0475,50.9058],[-3.0901,50.908],[-3.1475,50.8969],[-3.1781,50.9147],[-3.1572,50.9486],[-3.2217,50.9438],[-3.2684,50.9474],[-3.3214,50.9788],[-3.3706,50.9808],[-3.3803,51.0175],[-3.475,51.0361],[-3.5081,51.0305],[-3.5289,51.0072],[-3.5997,51.0119],[-3.6078,51.0244],[-3.5881,51.0547],[-3.6364,51.0622],[-3.6784,51.0825],[-3.7156,51.083],[-3.7506,51.1069],[-3.7748,51.111],[-3.8259,51.1419],[-3.8211,51.1772],[-3.7703,51.1733],[-3.7242,51.1785],[-3.7122,51.2383],[-3.7119,51.2383],[-3.7119,51.264],[-3.7119,51.2683],[-3.7119,51.2984],[-3.7119,51.3265],[-3.7119,51.3328]]]}},
{"type":"Feature","properties":{"entityId":"wessex","from":668,"to":711,"certainty":"estimated","source":"유럽 쪽은 Natural Earth 1:10m admin-1(v5.1.2) 현대 행정구역 조각을 그 시기 국경에 맞춰 묶고, 조각이 역사 경계와 다른 곳은 선을 그어 나눈 근사. 유럽 밖(시베리아·중앙아시아·극동)은 대략적인 추정. 운영자 검수 필요"},"geometry":{"type":"Polygon","coordinates":[[[-3.7119,51.3328],[-3.6854,51.3328],[-3.659,51.3328],[-3.659,51.3095],[-3.6325,51.3095],[-3.606,51.3095],[-3.5795,51.3095],[-3.5531,51.3095],[-3.5531,51.3049],[-3.5266,51.3049],[-3.5001,51.3049],[-3.4736,51.3049],[-3.4472,51.3049],[-3.4472,51.2923],[-3.4207,51.2923],[-3.3942,51.2923],[-3.3677,51.2923],[-3.3413,51.2923],[-3.2884,51.2923],[-3.2619,51.2923],[-3.2355,51.2923],[-3.2355,51.2794],[-3.209,51.2794],[-3.209,51.3209],[-3.1825,51.3209],[-3.156,51.3209],[-3.1296,51.3209],[-3.1296,51.3217],[-3.1031,51.3217],[-3.1031,51.3624],[-3.0766,51.3624],[-3.0766,51.4039],[-3.0501,51.4039],[-3.0501,51.4454],[-3.0237,51.4454],[-3.0237,51.4704],[-2.9972,51.4704],[-2.9707,51.4704],[-2.9443,51.4704],[-2.9178,51.4704],[-2.9178,51.4769],[-2.8913,51.4769],[-2.8913,51.5114],[-2.8649,51.5114],[-2.8649,51.5172],[-2.8384,51.5172],[-2.812,51.5172],[-2.812,51.5333],[-2.7855,51.5333],[-2.7591,51.5333],[-2.7326,51.5333],[-2.7326,51.4958],[-2.7294,51.4962],[-2.7055,51.4805],[-2.668,51.4671],[-2.6439,51.4551],[-2.6306,51.443],[-2.6306,51.4002],[-2.6335,51.3821],[-2.6064,51.3801],[-2.5623,51.3801],[-2.5395,51.3935],[-2.5275,51.4082],[-2.5227,51.4188],[-2.5034,51.4055],[-2.3977,51.4029],[-2.3254,51.4149],[-2.2807,51.4203],[-2.287,51.4813],[-2.3206,51.4838],[-2.2806,51.5099],[-2.2453,51.5186],[-2.262,51.5472],[-2.2716,51.5772],[-2.24,51.5791],[-2.1917,51.5983],[-2.1489,51.5894],[-2.1011,51.6202],[-2.0573,51.6641],[-1.9487,51.6399],[-1.94,51.663],[-1.8692,51.6463],[-1.8881,51.6725],[-1.8328,51.6566],[-1.8117,51.6925],[-1.7959,51.6944],[-1.7774,51.6604],[-1.7497,51.6588],[-1.7245,51.6627],[-1.7011,51.681],[-1.6833,51.6786],[-1.6839,51.6505],[-1.6545,51.6319],[-1.6597,51.6111],[-1.6778,51.5997],[-1.6753,51.5727],[-1.6684,51.568],[-1.6467,51.5685],[-1.6028,51.5202],[-1.5845,51.5174],[-1.5675,51.5458],[-1.5342,51.5505],[-1.4867,51.5469],[-1.4489,51.5327],[-1.4184,51.5402],[-1.3881,51.536],[-1.3656,51.5449],[-1.3389,51.5372],[-1.322,51.55],[-1.2897,51.5486],[-1.2644,51.5324],[-1.2269,51.5333],[-1.1842,51.523],[-1.1466,51.5305],[-1.1232,51.5031],[-1.0811,51.4891],[-1.0589,51.4872],[-1.0416,51.4822],[-1.0036,51.4593],[-0.9872,51.4531],[-0.9645,51.4547],[-0.9312,51.4698],[-0.9069,51.4764],[-0.887,51.4912],[-0.8732,51.5075],[-0.8836,51.5282],[-0.8871,51.5481],[-0.8822,51.551],[-0.8463,51.5425],[-0.7743,51.5568],[-0.7607,51.5555],[-0.7432,51.562],[-0.719,51.5633],[-0.6968,51.5592],[-0.6856,51.5493],[-0.6889,51.5297],[-0.6995,51.5173],[-0.7013,51.5071],[-0.6787,51.4941],[-0.6617,51.4916],[-0.6362,51.4937],[-0.6434,51.5033],[-0.6497,51.52],[-0.6445,51.5263],[-0.6167,51.5302],[-0.5856,51.5205],[-0.5798,51.5263],[-0.5686,51.5271],[-0.5614,51.5219],[-0.5576,51.5041],[-0.5236,51.5063],[-0.5192,51.5],[-0.5208,51.488],[-0.5128,51.4758],[-0.5212,51.4502],[-0.5184,51.4394],[-0.5316,51.4337],[-0.5757,51.4456],[-0.5903,51.4263],[-0.5989,51.4036],[-0.6197,51.3877],[-0.6581,51.3822],[-0.6987,51.3669],[-0.7209,51.3638],[-0.7653,51.3313],[-0.7297,51.2916],[-0.7311,51.2438],[-0.7484,51.2316],[-0.7995,51.2391],[-0.8292,51.226],[-0.84,51.2039],[-0.8245,51.1827],[-0.8236,51.1516],[-0.7909,51.1469],[-0.78,51.1235],[-0.747,51.1113],[-0.7537,51.0887],[-0.7881,51.0605],[-0.8286,51.0636],[-0.8626,51.0436],[-0.9308,50.9438],[-0.9217,50.9205],[-0.9525,50.8919],[-0.9233,50.8652],[-0.9298,50.84],[-0.9507,50.8423],[-0.9507,50.824],[-0.9503,50.8238],[-0.9478,50.8178],[-0.9507,50.8135],[-0.9507,50.7958],[-0.9505,50.7956],[-0.9138,50.7956],[-0.9138,50.7548],[-0.9507,50.7489],[-0.9943,50.7418],[-1.0379,50.7347],[-1.0815,50.7277],[-1.1027,50.7242],[-1.0942,50.7126],[-1.0828,50.7133],[-1.0623,50.6928],[-1.0642,50.6907],[-1.0636,50.6904],[-1.0639,50.6903],[-1.0638,50.6902],[-1.0639,50.6902],[-1.0636,50.69],[-1.0656,50.6892],[-1.0753,50.6785],[-1.1142,50.6697],[-1.137,50.6605],[-1.1545,50.6481],[-1.1657,50.6303],[-1.1684,50.6035],[-1.2792,50.5825],[-1.3155,50.5892],[-1.3521,50.6059],[-1.493,50.661],[-1.561,50.6499],[-1.6045,50.6429],[-1.6481,50.6358],[-1.6917,50.6288],[-1.7353,50.6217],[-1.8225,50.6076],[-1.9097,50.5935],[-2.0841,50.5652],[-2.2585,50.537],[-2.4892,50.4996],[-2.4893,50.4996],[-2.4896,50.4996],[-2.6072,50.5489],[-2.7816,50.6221],[-2.8688,50.6587],[-2.9123,50.6769],[-2.9559,50.6952],[-2.9559,50.703],[-2.9559,50.7224],[-2.9456,50.7258],[-2.9325,50.7619],[-2.9467,50.7708],[-2.8823,50.7972],[-2.9485,50.8225],[-2.9628,50.8505],[-3.0031,50.8613],[-3.0303,50.8516],[-3.0484,50.8777],[-3.0475,50.9058],[-3.0901,50.908],[-3.1475,50.8969],[-3.1781,50.9147],[-3.1572,50.9486],[-3.2217,50.9438],[-3.2684,50.9474],[-3.3214,50.9788],[-3.3706,50.9808],[-3.3803,51.0175],[-3.475,51.0361],[-3.5081,51.0305],[-3.5289,51.0072],[-3.5997,51.0119],[-3.6078,51.0244],[-3.5881,51.0547],[-3.6364,51.0622],[-3.6784,51.0825],[-3.7156,51.083],[-3.7506,51.1069],[-3.7748,51.111],[-3.8259,51.1419],[-3.8211,51.1772],[-3.7703,51.1733],[-3.7242,51.1785],[-3.7122,51.2383],[-3.7119,51.2383],[-3.7119,51.264],[-3.7119,51.2683],[-3.7119,51.2984],[-3.7119,51.3265],[-3.7119,51.3328]]]}},
{"type":"Feature","properties":{"entityId":"wessex","from":711,"to":800,"certainty":"estimated","source":"유럽 쪽은 Natural Earth 1:10m admin-1(v5.1.2) 현대 행정구역 조각을 그 시기 국경에 맞춰 묶고, 조각이 역사 경계와 다른 곳은 선을 그어 나눈 근사. 유럽 밖(시베리아·중앙아시아·극동)은 대략적인 추정. 운영자 검수 필요"},"geometry":{"type":"Polygon","coordinates":[[[-3.0766,51.3624],[-3.0766,51.4039],[-3.0501,51.4039],[-3.0501,51.4454],[-3.0237,51.4454],[-3.0237,51.4704],[-2.9972,51.4704],[-2.9707,51.4704],[-2.9443,51.4704],[-2.9178,51.4704],[-2.9178,51.4769],[-2.8913,51.4769],[-2.8913,51.5114],[-2.8649,51.5114],[-2.8649,51.5172],[-2.8384,51.5172],[-2.812,51.5172],[-2.812,51.5333],[-2.7855,51.5333],[-2.7591,51.5333],[-2.7326,51.5333],[-2.7326,51.4958],[-2.7294,51.4962],[-2.7055,51.4805],[-2.668,51.4671],[-2.6439,51.4551],[-2.6306,51.443],[-2.6306,51.4002],[-2.6335,51.3821],[-2.6064,51.3801],[-2.5623,51.3801],[-2.5395,51.3935],[-2.5275,51.4082],[-2.5227,51.4188],[-2.5034,51.4055],[-2.3977,51.4029],[-2.3254,51.4149],[-2.2807,51.4203],[-2.287,51.4813],[-2.3206,51.4838],[-2.2806,51.5099],[-2.2453,51.5186],[-2.262,51.5472],[-2.2716,51.5772],[-2.24,51.5791],[-2.1917,51.5983],[-2.1489,51.5894],[-2.1011,51.6202],[-2.0573,51.6641],[-1.9487,51.6399],[-1.94,51.663],[-1.8692,51.6463],[-1.8881,51.6725],[-1.8328,51.6566],[-1.8117,51.6925],[-1.7959,51.6944],[-1.7774,51.6604],[-1.7497,51.6588],[-1.7245,51.6627],[-1.7011,51.681],[-1.6833,51.6786],[-1.6839,51.6505],[-1.6545,51.6319],[-1.6597,51.6111],[-1.6778,51.5997],[-1.6753,51.5727],[-1.6684,51.568],[-1.6467,51.5685],[-1.6028,51.5202],[-1.5845,51.5174],[-1.5675,51.5458],[-1.5342,51.5505],[-1.4867,51.5469],[-1.4489,51.5327],[-1.4184,51.5402],[-1.3881,51.536],[-1.3656,51.5449],[-1.3389,51.5372],[-1.322,51.55],[-1.2897,51.5486],[-1.2644,51.5324],[-1.2269,51.5333],[-1.1842,51.523],[-1.1466,51.5305],[-1.1232,51.5031],[-1.0811,51.4891],[-1.0589,51.4872],[-1.0416,51.4822],[-1.0036,51.4593],[-0.9872,51.4531],[-0.9645,51.4547],[-0.9312,51.4698],[-0.9069,51.4764],[-0.887,51.4912],[-0.8732,51.5075],[-0.8836,51.5282],[-0.8871,51.5481],[-0.8822,51.551],[-0.8463,51.5425],[-0.7743,51.5568],[-0.7607,51.5555],[-0.7432,51.562],[-0.719,51.5633],[-0.6968,51.5592],[-0.6856,51.5493],[-0.6889,51.5297],[-0.6995,51.5173],[-0.7013,51.5071],[-0.6787,51.4941],[-0.6617,51.4916],[-0.6362,51.4937],[-0.6434,51.5033],[-0.6497,51.52],[-0.6445,51.5263],[-0.6167,51.5302],[-0.5856,51.5205],[-0.5798,51.5263],[-0.5686,51.5271],[-0.5614,51.5219],[-0.5576,51.5041],[-0.5236,51.5063],[-0.5192,51.5],[-0.5208,51.488],[-0.5128,51.4758],[-0.5212,51.4502],[-0.5184,51.4394],[-0.5316,51.4337],[-0.5757,51.4456],[-0.5903,51.4263],[-0.5989,51.4036],[-0.6197,51.3877],[-0.6581,51.3822],[-0.6987,51.3669],[-0.7209,51.3638],[-0.7653,51.3313],[-0.7297,51.2916],[-0.7311,51.2438],[-0.7484,51.2316],[-0.7995,51.2391],[-0.8292,51.226],[-0.84,51.2039],[-0.8245,51.1827],[-0.8236,51.1516],[-0.7909,51.1469],[-0.78,51.1235],[-0.747,51.1113],[-0.7537,51.0887],[-0.7881,51.0605],[-0.8286,51.0636],[-0.8626,51.0436],[-0.9308,50.9438],[-0.9217,50.9205],[-0.9525,50.8919],[-0.9233,50.8652],[-0.9298,50.84],[-0.9507,50.8423],[-0.9507,50.824],[-0.9503,50.8238],[-0.9478,50.8178],[-0.9507,50.8135],[-0.9507,50.7958],[-0.9505,50.7956],[-0.9138,50.7956],[-0.9138,50.7548],[-0.9507,50.7489],[-0.9943,50.7418],[-1.0379,50.7347],[-1.0815,50.7277],[-1.1027,50.7242],[-1.0942,50.7126],[-1.0828,50.7133],[-1.0623,50.6928],[-1.0642,50.6907],[-1.0636,50.6904],[-1.0639,50.6903],[-1.0638,50.6902],[-1.0639,50.6902],[-1.0636,50.69],[-1.0656,50.6892],[-1.0753,50.6785],[-1.1142,50.6697],[-1.137,50.6605],[-1.1545,50.6481],[-1.1657,50.6303],[-1.1684,50.6035],[-1.2792,50.5825],[-1.3155,50.5892],[-1.3521,50.6059],[-1.493,50.661],[-1.561,50.6499],[-1.6045,50.6429],[-1.6481,50.6358],[-1.6917,50.6288],[-1.7353,50.6217],[-1.8225,50.6076],[-1.9097,50.5935],[-2.0841,50.5652],[-2.2585,50.537],[-2.4892,50.4996],[-2.4893,50.4996],[-2.4896,50.4996],[-2.6072,50.5489],[-2.7816,50.6221],[-2.8688,50.6587],[-2.9123,50.6769],[-2.9559,50.6952],[-2.9573,50.6958],[-3.1303,50.5731],[-3.133,50.5712],[-3.2188,50.5104],[-3.2617,50.48],[-3.3046,50.4495],[-3.3061,50.4485],[-3.3929,50.3869],[-3.4363,50.3561],[-3.4364,50.3561],[-3.4797,50.3254],[-3.616,50.2287],[-3.6163,50.2287],[-3.6164,50.2287],[-3.6476,50.2325],[-3.6456,50.226],[-3.718,50.2124],[-3.7742,50.223],[-3.789,50.2124],[-3.8263,50.2342],[-3.8562,50.2581],[-4.0106,50.277],[-4.0878,50.2865],[-4.1264,50.2912],[-4.165,50.296],[-4.165,50.3313],[-4.165,50.3366],[-4.165,50.3762],[-4.1655,50.3764],[-4.1662,50.3772],[-4.1944,50.3772],[-4.1968,50.3784],[-4.1968,50.4178],[-4.1962,50.4178],[-4.1962,50.4528],[-4.2037,50.4514],[-4.2369,50.4626],[-4.2178,50.4947],[-4.1898,50.4944],[-4.217,50.5336],[-4.2706,50.5424],[-4.2731,50.5649],[-4.3014,50.5877],[-4.2961,50.6255],[-4.335,50.6427],[-4.3609,50.6925],[-4.377,50.7644],[-4.4128,50.7605],[-4.4406,50.7796],[-4.4803,50.7922],[-4.45,50.7994],[-4.4394,50.841],[-4.4178,50.8549],[-4.4558,50.9016],[-4.4584,50.9211],[-4.5481,50.923],[-4.5429,50.9331],[-4.5818,50.9331],[-4.6207,50.9331],[-4.6595,50.9331],[-4.6984,50.9331],[-4.506,51.0711],[-4.3112,51.2108],[-4.0825,51.2657],[-3.8707,51.3165],[-3.7648,51.3419],[-3.7383,51.3482],[-3.7119,51.3546],[-3.7119,51.3328],[-3.6854,51.3328],[-3.659,51.3328],[-3.659,51.3095],[-3.6325,51.3095],[-3.606,51.3095],[-3.5795,51.3095],[-3.5531,51.3095],[-3.5531,51.3049],[-3.5266,51.3049],[-3.5001,51.3049],[-3.4736,51.3049],[-3.4472,51.3049],[-3.4472,51.2923],[-3.4207,51.2923],[-3.3942,51.2923],[-3.3677,51.2923],[-3.3413,51.2923],[-3.2884,51.2923],[-3.2619,51.2923],[-3.2355,51.2923],[-3.2355,51.2794],[-3.209,51.2794],[-3.209,51.3209],[-3.1825,51.3209],[-3.156,51.3209],[-3.1296,51.3209],[-3.1296,51.3217],[-3.1031,51.3217],[-3.1031,51.3624],[-3.0766,51.3624]]]}},
{"type":"Feature","properties":{"entityId":"wessex","from":800,"to":825,"certainty":"estimated","source":"유럽 쪽은 Natural Earth 1:10m admin-1(v5.1.2) 현대 행정구역 조각을 그 시기 국경에 맞춰 묶고, 조각이 역사 경계와 다른 곳은 선을 그어 나눈 근사. 유럽 밖(시베리아·중앙아시아·극동)은 대략적인 추정. 운영자 검수 필요"},"geometry":{"type":"Polygon","coordinates":[[[-3.0766,51.3624],[-3.0766,51.4039],[-3.0501,51.4039],[-3.0501,51.4454],[-3.0237,51.4454],[-3.0237,51.4704],[-2.9972,51.4704],[-2.9707,51.4704],[-2.9443,51.4704],[-2.9178,51.4704],[-2.9178,51.4769],[-2.8913,51.4769],[-2.8913,51.5114],[-2.8649,51.5114],[-2.8649,51.5172],[-2.8384,51.5172],[-2.812,51.5172],[-2.812,51.5333],[-2.7855,51.5333],[-2.7591,51.5333],[-2.7326,51.5333],[-2.7326,51.4958],[-2.7294,51.4962],[-2.7055,51.4805],[-2.668,51.4671],[-2.6439,51.4551],[-2.6306,51.443],[-2.6306,51.4002],[-2.6335,51.3821],[-2.6064,51.3801],[-2.5623,51.3801],[-2.5395,51.3935],[-2.5275,51.4082],[-2.5227,51.4188],[-2.5034,51.4055],[-2.3977,51.4029],[-2.3254,51.4149],[-2.2807,51.4203],[-2.287,51.4813],[-2.3206,51.4838],[-2.2806,51.5099],[-2.2453,51.5186],[-2.262,51.5472],[-2.2716,51.5772],[-2.24,51.5791],[-2.1917,51.5983],[-2.1489,51.5894],[-2.1011,51.6202],[-2.0573,51.6641],[-1.9487,51.6399],[-1.94,51.663],[-1.8692,51.6463],[-1.8881,51.6725],[-1.8328,51.6566],[-1.8117,51.6925],[-1.7959,51.6944],[-1.7774,51.6604],[-1.7497,51.6588],[-1.7245,51.6627],[-1.7011,51.681],[-1.6833,51.6786],[-1.6839,51.6505],[-1.6545,51.6319],[-1.6597,51.6111],[-1.6778,51.5997],[-1.6753,51.5727],[-1.6684,51.568],[-1.6467,51.5685],[-1.6028,51.5202],[-1.5845,51.5174],[-1.5675,51.5458],[-1.5342,51.5505],[-1.4867,51.5469],[-1.4489,51.5327],[-1.4184,51.5402],[-1.3881,51.536],[-1.3656,51.5449],[-1.3389,51.5372],[-1.322,51.55],[-1.2897,51.5486],[-1.2644,51.5324],[-1.2269,51.5333],[-1.1842,51.523],[-1.1466,51.5305],[-1.1232,51.5031],[-1.0811,51.4891],[-1.0589,51.4872],[-1.0416,51.4822],[-1.0036,51.4593],[-0.9872,51.4531],[-0.9645,51.4547],[-0.9312,51.4698],[-0.9069,51.4764],[-0.887,51.4912],[-0.8732,51.5075],[-0.8836,51.5282],[-0.8871,51.5481],[-0.8822,51.551],[-0.8463,51.5425],[-0.7743,51.5568],[-0.7607,51.5555],[-0.7432,51.562],[-0.719,51.5633],[-0.6968,51.5592],[-0.6856,51.5493],[-0.6889,51.5297],[-0.6995,51.5173],[-0.7013,51.5071],[-0.6787,51.4941],[-0.6617,51.4916],[-0.6362,51.4937],[-0.6434,51.5033],[-0.6497,51.52],[-0.6445,51.5263],[-0.6167,51.5302],[-0.5856,51.5205],[-0.5798,51.5263],[-0.5686,51.5271],[-0.5614,51.5219],[-0.5576,51.5041],[-0.5236,51.5063],[-0.5192,51.5],[-0.5208,51.488],[-0.5128,51.4758],[-0.5212,51.4502],[-0.5184,51.4394],[-0.5316,51.4337],[-0.5757,51.4456],[-0.5903,51.4263],[-0.5989,51.4036],[-0.6197,51.3877],[-0.6581,51.3822],[-0.6987,51.3669],[-0.7209,51.3638],[-0.7653,51.3313],[-0.7297,51.2916],[-0.7311,51.2438],[-0.7484,51.2316],[-0.7995,51.2391],[-0.8292,51.226],[-0.84,51.2039],[-0.8245,51.1827],[-0.8236,51.1516],[-0.7909,51.1469],[-0.78,51.1235],[-0.747,51.1113],[-0.7537,51.0887],[-0.7881,51.0605],[-0.8286,51.0636],[-0.8626,51.0436],[-0.9308,50.9438],[-0.9217,50.9205],[-0.9525,50.8919],[-0.9233,50.8652],[-0.9298,50.84],[-0.9507,50.8423],[-0.9507,50.824],[-0.9503,50.8238],[-0.9478,50.8178],[-0.9507,50.8135],[-0.9507,50.7958],[-0.9505,50.7956],[-0.9138,50.7956],[-0.9138,50.7548],[-0.9507,50.7489],[-0.9943,50.7418],[-1.0379,50.7347],[-1.0815,50.7277],[-1.1027,50.7242],[-1.0942,50.7126],[-1.0828,50.7133],[-1.0623,50.6928],[-1.0642,50.6907],[-1.0636,50.6904],[-1.0639,50.6903],[-1.0638,50.6902],[-1.0639,50.6902],[-1.0636,50.69],[-1.0656,50.6892],[-1.0753,50.6785],[-1.1142,50.6697],[-1.137,50.6605],[-1.1545,50.6481],[-1.1657,50.6303],[-1.1684,50.6035],[-1.2792,50.5825],[-1.3155,50.5892],[-1.3521,50.6059],[-1.493,50.661],[-1.561,50.6499],[-1.6045,50.6429],[-1.6481,50.6358],[-1.6917,50.6288],[-1.7353,50.6217],[-1.8225,50.6076],[-1.9097,50.5935],[-2.0841,50.5652],[-2.2585,50.537],[-2.4892,50.4996],[-2.4893,50.4996],[-2.4896,50.4996],[-2.6072,50.5489],[-2.7816,50.6221],[-2.8688,50.6587],[-2.9123,50.6769],[-2.9559,50.6952],[-2.9573,50.6958],[-3.1303,50.5731],[-3.133,50.5712],[-3.2188,50.5104],[-3.2617,50.48],[-3.3046,50.4495],[-3.3061,50.4485],[-3.3929,50.3869],[-3.4363,50.3561],[-3.4364,50.3561],[-3.4797,50.3254],[-3.616,50.2287],[-3.6163,50.2287],[-3.6164,50.2287],[-3.6476,50.2325],[-3.6456,50.226],[-3.718,50.2124],[-3.7742,50.223],[-3.789,50.2124],[-3.8263,50.2342],[-3.8562,50.2581],[-4.0106,50.277],[-4.0878,50.2865],[-4.1264,50.2912],[-4.165,50.296],[-4.2422,50.3054],[-4.3194,50.3149],[-4.4737,50.3338],[-4.4954,50.3284],[-4.5716,50.3256],[-5.0568,50.0612],[-5.0565,50.0606],[-5.0981,50.0144],[-5.1465,50.0106],[-5.1761,49.9879],[-5.1912,49.9591],[-5.2143,49.9754],[-5.2433,49.9596],[-5.2435,49.9597],[-5.2437,49.9596],[-5.5482,50.0738],[-5.5784,50.0548],[-5.6674,50.0429],[-5.7051,50.0523],[-5.7156,50.0827],[-5.6988,50.0854],[-5.7092,50.1326],[-5.7082,50.1338],[-5.7765,50.1594],[-5.7762,50.1596],[-5.7763,50.1596],[-5.7762,50.1597],[-5.7765,50.1598],[-4.9295,50.7673],[-4.8908,50.7951],[-4.7946,50.8641],[-4.7465,50.8986],[-4.6984,50.9331],[-4.506,51.0711],[-4.3112,51.2108],[-4.0825,51.2657],[-3.8707,51.3165],[-3.7648,51.3419],[-3.7383,51.3482],[-3.7119,51.3546],[-3.7119,51.3328],[-3.6854,51.3328],[-3.659,51.3328],[-3.659,51.3095],[-3.6325,51.3095],[-3.606,51.3095],[-3.5795,51.3095],[-3.5531,51.3095],[-3.5531,51.3049],[-3.5266,51.3049],[-3.5001,51.3049],[-3.4736,51.3049],[-3.4472,51.3049],[-3.4472,51.2923],[-3.4207,51.2923],[-3.3942,51.2923],[-3.3677,51.2923],[-3.3413,51.2923],[-3.2884,51.2923],[-3.2619,51.2923],[-3.2355,51.2923],[-3.2355,51.2794],[-3.209,51.2794],[-3.209,51.3209],[-3.1825,51.3209],[-3.156,51.3209],[-3.1296,51.3209],[-3.1296,51.3217],[-3.1031,51.3217],[-3.1031,51.3624],[-3.0766,51.3624]]]}},
{"type":"Feature","properties":{"entityId":"wessex","from":825,"to":829,"certainty":"estimated","source":"유럽 쪽은 Natural Earth 1:10m admin-1(v5.1.2) 현대 행정구역 조각을 그 시기 국경에 맞춰 묶고, 조각이 역사 경계와 다른 곳은 선을 그어 나눈 근사. 유럽 밖(시베리아·중앙아시아·극동)은 대략적인 추정. 운영자 검수 필요"},"geometry":{"type":"Polygon","coordinates":[[[-3.0766,51.3624],[-3.0766,51.4039],[-3.0501,51.4039],[-3.0501,51.4454],[-3.0237,51.4454],[-3.0237,51.4704],[-2.9972,51.4704],[-2.9707,51.4704],[-2.9443,51.4704],[-2.9178,51.4704],[-2.9178,51.4769],[-2.8913,51.4769],[-2.8913,51.5114],[-2.8649,51.5114],[-2.8649,51.5172],[-2.8384,51.5172],[-2.812,51.5172],[-2.812,51.5333],[-2.7855,51.5333],[-2.7591,51.5333],[-2.7326,51.5333],[-2.7326,51.4958],[-2.7294,51.4962],[-2.7055,51.4805],[-2.668,51.4671],[-2.6439,51.4551],[-2.6306,51.443],[-2.6306,51.4002],[-2.6335,51.3821],[-2.6064,51.3801],[-2.5623,51.3801],[-2.5395,51.3935],[-2.5275,51.4082],[-2.5227,51.4188],[-2.5034,51.4055],[-2.3977,51.4029],[-2.3254,51.4149],[-2.2807,51.4203],[-2.287,51.4813],[-2.3206,51.4838],[-2.2806,51.5099],[-2.2453,51.5186],[-2.262,51.5472],[-2.2716,51.5772],[-2.24,51.5791],[-2.1917,51.5983],[-2.1489,51.5894],[-2.1011,51.6202],[-2.0573,51.6641],[-1.9487,51.6399],[-1.94,51.663],[-1.8692,51.6463],[-1.8881,51.6725],[-1.8328,51.6566],[-1.8117,51.6925],[-1.7959,51.6944],[-1.7774,51.6604],[-1.7497,51.6588],[-1.7245,51.6627],[-1.7011,51.681],[-1.6833,51.6786],[-1.6839,51.6505],[-1.6545,51.6319],[-1.6597,51.6111],[-1.6778,51.5997],[-1.6753,51.5727],[-1.6684,51.568],[-1.6467,51.5685],[-1.6028,51.5202],[-1.5845,51.5174],[-1.5675,51.5458],[-1.5342,51.5505],[-1.4867,51.5469],[-1.4489,51.5327],[-1.4184,51.5402],[-1.3881,51.536],[-1.3656,51.5449],[-1.3389,51.5372],[-1.322,51.55],[-1.2897,51.5486],[-1.2644,51.5324],[-1.2269,51.5333],[-1.1842,51.523],[-1.1466,51.5305],[-1.1232,51.5031],[-1.0811,51.4891],[-1.0589,51.4872],[-1.0416,51.4822],[-1.0036,51.4593],[-0.9872,51.4531],[-0.9645,51.4547],[-0.9312,51.4698],[-0.9069,51.4764],[-0.887,51.4912],[-0.8732,51.5075],[-0.8836,51.5282],[-0.8871,51.5481],[-0.8822,51.551],[-0.8463,51.5425],[-0.7743,51.5568],[-0.7607,51.5555],[-0.7432,51.562],[-0.719,51.5633],[-0.6968,51.5592],[-0.6856,51.5493],[-0.6889,51.5297],[-0.6995,51.5173],[-0.7013,51.5071],[-0.6787,51.4941],[-0.6617,51.4916],[-0.6362,51.4937],[-0.6434,51.5033],[-0.6497,51.52],[-0.6445,51.5263],[-0.6167,51.5302],[-0.5856,51.5205],[-0.5798,51.5263],[-0.5686,51.5271],[-0.5614,51.5219],[-0.5576,51.5041],[-0.5236,51.5063],[-0.5192,51.5],[-0.5208,51.488],[-0.5128,51.4758],[-0.4972,51.4778],[-0.4737,51.4588],[-0.4414,51.4539],[-0.4403,51.438],[-0.4317,51.4302],[-0.4003,51.4249],[-0.3844,51.4137],[-0.3674,51.4299],[-0.3569,51.4342],[-0.3568,51.4367],[-0.3706,51.4369],[-0.3767,51.4403],[-0.375,51.444],[-0.364,51.4507],[-0.316,51.4556],[-0.3232,51.4647],[-0.3102,51.4726],[-0.271,51.4736],[-0.2597,51.4757],[-0.2471,51.4851],[-0.2367,51.4872],[-0.2365,51.4872],[-0.2261,51.4841],[-0.2127,51.4729],[-0.21,51.4706],[-0.1983,51.4674],[-0.1793,51.47],[-0.1712,51.4726],[-0.1567,51.4773],[-0.1429,51.4837],[-0.1355,51.4871],[-0.1279,51.4921],[-0.1277,51.4922],[-0.1122,51.5024],[-0.1079,51.5053],[-0.1022,51.509],[-0.0973,51.5097],[-0.0848,51.5116],[-0.0672,51.508],[-0.0669,51.5079],[-0.0488,51.5009],[-0.0376,51.4975],[-0.0236,51.4959],[-0.0231,51.4887],[-0.018,51.4831],[-0.0115,51.4802],[-0.0047,51.4796],[-0.0023,51.4799],[0.0002,51.4806],[0.0025,51.482],[0.0031,51.4825],[0.0051,51.4866],[0.0052,51.4889],[0.0047,51.492],[0.0051,51.4981],[0.0054,51.4989],[0.0062,51.4998],[0.008,51.5005],[0.0194,51.5026],[0.0146,51.5085],[0.0132,51.5094],[0.0082,51.511],[0.0051,51.5127],[0.0039,51.5137],[-0.0093,51.5338],[-0.011,51.5435],[-0.0107,51.5446],[-0.0105,51.5472],[-0.0106,51.5524],[-0.0208,51.5592],[-0.024,51.56],[-0.0372,51.559],[-0.0403,51.5599],[-0.0483,51.5654],[-0.0527,51.5736],[-0.0502,51.5773],[-0.0492,51.5785],[-0.0483,51.5803],[-0.0474,51.5815],[-0.0466,51.5832],[-0.0451,51.5851],[-0.044,51.5863],[-0.0434,51.5871],[-0.0424,51.5882],[-0.0417,51.589],[-0.0391,51.592],[-0.0385,51.5928],[-0.0367,51.5947],[-0.0341,51.5969],[-0.0331,51.5981],[-0.03,51.6011],[-0.0299,51.602],[-0.0298,51.6027],[-0.0296,51.6034],[-0.0291,51.6044],[-0.029,51.605],[-0.029,51.6057],[-0.0291,51.6063],[-0.0298,51.6075],[-0.0301,51.6086],[-0.0303,51.6108],[-0.0302,51.6114],[-0.0298,51.6123],[-0.0296,51.6127],[-0.029,51.6132],[-0.0283,51.6137],[-0.0275,51.6141],[-0.0256,51.6149],[-0.0248,51.6155],[-0.0211,51.6175],[-0.0196,51.6185],[-0.019,51.619],[-0.0174,51.621],[-0.0172,51.6216],[-0.017,51.6222],[-0.0167,51.6241],[-0.0165,51.6247],[-0.0152,51.6284],[-0.0151,51.6296],[-0.0149,51.6316],[-0.0147,51.6329],[-0.0145,51.6336],[-0.0138,51.6348],[-0.0134,51.6352],[-0.0124,51.6363],[-0.0026,51.6466],[-0.0128,51.6499],[-0.007,51.666],[-0.0113,51.6772],[0,51.7331],[0.0356,51.7683],[0.1083,51.7775],[0.158,51.7905],[0.1903,51.8166],[0.173,51.8252],[0.1736,51.8483],[0.1992,51.8658],[0.1899,51.8902],[0.1417,51.8839],[0.1108,51.9736],[0.0825,51.9833],[0.0805,52.0024],[0.1083,52.0274],[0.1064,52.0549],[0.1391,52.0419],[0.1936,52.0569],[0.2067,52.0816],[0.2558,52.0769],[0.2866,52.0849],[0.3253,52.0741],[0.3655,52.0441],[0.3911,52.0355],[0.4089,52.0593],[0.4891,52.0691],[0.525,52.0483],[0.6361,52.075],[0.6783,52.0772],[0.7011,52.0674],[0.7216,52.0119],[0.7378,52.0163],[0.748,51.993],[0.7878,51.9547],[0.8658,51.9594],[0.9144,51.9683],[0.968,51.9638],[1.0194,51.9505],[1.0785,51.9507],[1.0955,51.9457],[1.2621,51.9392],[1.271,51.9331],[1.2785,51.9279],[1.2599,51.9161],[1.2728,51.9021],[1.2747,51.8722],[1.2866,51.8817],[1.2764,51.8448],[1.2764,51.8444],[1.2722,51.8424],[1.2192,51.8118],[1.1354,51.7817],[1.0733,51.776],[1.2123,51.5964],[1.2184,51.5885],[1.2492,51.5487],[1.3727,51.3891],[1.4238,51.3921],[1.4483,51.3829],[1.4391,51.3501],[1.4187,51.3298],[1.4492,51.2904],[1.449,51.2903],[1.4492,51.29],[1.4107,51.2676],[1.4077,51.246],[1.4131,51.2217],[1.4048,51.1835],[1.3845,51.1517],[1.3572,51.131],[1.2904,51.1165],[1.263,51.1033],[1.2181,51.101],[1.1722,51.0774],[1.133,51.0768],[1.046,51.0476],[0.9776,50.9712],[0.9718,50.9568],[0.9798,50.9182],[0.9452,50.9094],[0.8698,50.9251],[0.8446,50.9304],[0.8331,50.9308],[0.5492,50.7653],[0.5488,50.7653],[0.2929,50.7672],[0.271,50.7474],[0.2141,50.7489],[0.1683,50.7598],[0.1221,50.7608],[0.1076,50.7686],[0.0573,50.769],[0.0322,50.7692],[0.007,50.7694],[-0.0181,50.7696],[-0.0433,50.7698],[-0.0936,50.7702],[-0.1439,50.7705],[-0.169,50.7707],[-0.1942,50.7709],[-0.2193,50.7711],[-0.2445,50.7713],[-0.2949,50.7717],[-0.6974,50.7748],[-0.7327,50.7673],[-0.7415,50.7707],[-0.7724,50.7665],[-0.7731,50.766],[-0.771,50.7369],[-0.8128,50.7348],[-0.8768,50.7608],[-0.9138,50.7548],[-0.9507,50.7489],[-0.9943,50.7418],[-1.0379,50.7347],[-1.0815,50.7277],[-1.1027,50.7242],[-1.0942,50.7126],[-1.0828,50.7133],[-1.0623,50.6928],[-1.0642,50.6907],[-1.0636,50.6904],[-1.0639,50.6903],[-1.0638,50.6902],[-1.0639,50.6902],[-1.0636,50.69],[-1.0656,50.6892],[-1.0753,50.6785],[-1.1142,50.6697],[-1.137,50.6605],[-1.1545,50.6481],[-1.1657,50.6303],[-1.1684,50.6035],[-1.2792,50.5825],[-1.3155,50.5892],[-1.3521,50.6059],[-1.493,50.661],[-1.561,50.6499],[-1.6045,50.6429],[-1.6481,50.6358],[-1.6917,50.6288],[-1.7353,50.6217],[-1.8225,50.6076],[-1.9097,50.5935],[-2.0841,50.5652],[-2.2585,50.537],[-2.4892,50.4996],[-2.4893,50.4996],[-2.4896,50.4996],[-2.6072,50.5489],[-2.7816,50.6221],[-2.8688,50.6587],[-2.9123,50.6769],[-2.9559,50.6952],[-2.9573,50.6958],[-3.1303,50.5731],[-3.133,50.5712],[-3.2188,50.5104],[-3.2617,50.48],[-3.3046,50.4495],[-3.3061,50.4485],[-3.3929,50.3869],[-3.4363,50.3561],[-3.4364,50.3561],[-3.4797,50.3254],[-3.616,50.2287],[-3.6163,50.2287],[-3.6164,50.2287],[-3.6476,50.2325],[-3.6456,50.226],[-3.718,50.2124],[-3.7742,50.223],[-3.789,50.2124],[-3.8263,50.2342],[-3.8562,50.2581],[-4.0106,50.277],[-4.0878,50.2865],[-4.1264,50.2912],[-4.165,50.296],[-4.2422,50.3054],[-4.3194,50.3149],[-4.4737,50.3338],[-4.4954,50.3284],[-4.5716,50.3256],[-5.0568,50.0612],[-5.0565,50.0606],[-5.0981,50.0144],[-5.1465,50.0106],[-5.1761,49.9879],[-5.1912,49.9591],[-5.2143,49.9754],[-5.2433,49.9596],[-5.2435,49.9597],[-5.2437,49.9596],[-5.5482,50.0738],[-5.5784,50.0548],[-5.6674,50.0429],[-5.7051,50.0523],[-5.7156,50.0827],[-5.6988,50.0854],[-5.7092,50.1326],[-5.7082,50.1338],[-5.7765,50.1594],[-5.7762,50.1596],[-5.7763,50.1596],[-5.7762,50.1597],[-5.7765,50.1598],[-4.9295,50.7673],[-4.8908,50.7951],[-4.7946,50.8641],[-4.7465,50.8986],[-4.6984,50.9331],[-4.506,51.0711],[-4.3112,51.2108],[-4.0825,51.2657],[-3.8707,51.3165],[-3.7648,51.3419],[-3.7383,51.3482],[-3.7119,51.3546],[-3.7119,51.3328],[-3.6854,51.3328],[-3.659,51.3328],[-3.659,51.3095],[-3.6325,51.3095],[-3.606,51.3095],[-3.5795,51.3095],[-3.5531,51.3095],[-3.5531,51.3049],[-3.5266,51.3049],[-3.5001,51.3049],[-3.4736,51.3049],[-3.4472,51.3049],[-3.4472,51.2923],[-3.4207,51.2923],[-3.3942,51.2923],[-3.3677,51.2923],[-3.3413,51.2923],[-3.2884,51.2923],[-3.2619,51.2923],[-3.2355,51.2923],[-3.2355,51.2794],[-3.209,51.2794],[-3.209,51.3209],[-3.1825,51.3209],[-3.156,51.3209],[-3.1296,51.3209],[-3.1296,51.3217],[-3.1031,51.3217],[-3.1031,51.3624],[-3.0766,51.3624]]]}},
{"type":"Feature","properties":{"entityId":"wessex","from":829,"to":830,"certainty":"estimated","source":"유럽 쪽은 Natural Earth 1:10m admin-1(v5.1.2) 현대 행정구역 조각을 그 시기 국경에 맞춰 묶고, 조각이 역사 경계와 다른 곳은 선을 그어 나눈 근사. 유럽 밖(시베리아·중앙아시아·극동)은 대략적인 추정. 운영자 검수 필요"},"geometry":{"type":"Polygon","coordinates":[[[-3.0766,51.3624],[-3.0766,51.4039],[-3.0501,51.4039],[-3.0501,51.4454],[-3.0237,51.4454],[-3.0237,51.4704],[-2.9972,51.4704],[-2.9707,51.4704],[-2.9443,51.4704],[-2.9178,51.4704],[-2.9178,51.4769],[-2.8913,51.4769],[-2.8913,51.5114],[-2.8649,51.5114],[-2.8649,51.5172],[-2.8384,51.5172],[-2.812,51.5172],[-2.812,51.5333],[-2.7855,51.5333],[-2.7591,51.5333],[-2.7326,51.5333],[-2.7326,51.5622],[-2.7061,51.5622],[-2.7061,51.5868],[-2.6796,51.5868],[-2.6666,51.5868],[-2.6531,51.5868],[-2.627,51.5868],[-2.6266,51.5872],[-2.6266,51.6271],[-2.6527,51.6271],[-2.6531,51.6268],[-2.6654,51.6173],[-2.6835,51.659],[-2.6617,51.6755],[-2.6837,51.7261],[-2.6702,51.7495],[-2.6758,51.7867],[-2.6485,51.8214],[-2.6589,51.8177],[-2.6958,51.8363],[-2.7287,51.8384],[-2.7757,51.875],[-2.8736,51.9292],[-2.9525,51.9087],[-2.9823,51.9228],[-2.9988,51.9467],[-3.0512,51.9835],[-3.0799,52.0168],[-3.0876,52.0517],[-3.1238,52.0757],[-3.1014,52.1132],[-3.1222,52.132],[-3.0757,52.1528],[-3.1077,52.1727],[-3.0541,52.2302],[-3.0025,52.257],[-2.9684,52.2578],[-2.9995,52.2962],[-2.9637,52.3226],[-2.9574,52.3412],[-3.0706,52.3466],[-3.1037,52.3681],[-3.1993,52.4125],[-3.2151,52.4384],[-3.1903,52.4688],[-3.1077,52.4939],[-3.0308,52.4969],[-2.9764,52.5381],[-3.0053,52.5673],[-3.1107,52.527],[-3.124,52.5665],[-3.1163,52.5863],[-3.0742,52.6067],[-3.0657,52.6336],[-3.0402,52.6467],[-3.0133,52.7084],[-2.9674,52.7199],[-2.9615,52.7337],[-2.9985,52.7561],[-3.0575,52.7662],[-3.0822,52.783],[-3.1404,52.7963],[-3.1522,52.8298],[-3.1219,52.8549],[-3.1284,52.88],[-3.0862,52.9136],[-3.0039,52.9498],[-2.9584,52.9505],[-2.933,52.9343],[-2.878,52.9414],[-2.848,52.9373],[-2.795,52.9039],[-2.7795,52.9006],[-2.7215,52.9182],[-2.7162,52.9418],[-2.7277,52.9665],[-2.7686,52.9815],[-2.8062,52.985],[-2.8505,53.0172],[-2.871,53.0663],[-2.8974,53.1022],[-2.9568,53.1446],[-2.9524,53.1529],[-2.9153,53.1671],[-2.9136,53.1834],[-2.9556,53.2155],[-3.0198,53.2467],[-3.0845,53.2586],[-3.0925,53.2787],[-3.1108,53.2787],[-3.1371,53.2787],[-3.1371,53.2954],[-3.1634,53.2954],[-3.1634,53.3226],[-3.1897,53.3226],[-3.1897,53.3208],[-3.216,53.3208],[-3.216,53.3528],[-3.2423,53.3528],[-3.2423,53.3832],[-3.2423,53.3849],[-3.2686,53.3849],[-3.2686,53.4153],[-3.2423,53.4137],[-3.1897,53.4105],[-3.1581,53.4085],[-3.1573,53.4088],[-3.1147,53.4127],[-3.095,53.4172],[-3.0938,53.4176],[-3.0867,53.4211],[-3.0792,53.4514],[-3.0613,53.4514],[-3.0524,53.4514],[-3.0359,53.4514],[-3.0359,53.4337],[-3.0356,53.4337],[-3.0236,53.425],[-3.0122,53.4167],[-3.0006,53.3985],[-2.9852,53.3985],[-2.9808,53.3928],[-2.9737,53.3862],[-2.9737,53.359],[-2.9469,53.359],[-2.9469,53.3284],[-2.92,53.3284],[-2.8932,53.3284],[-2.8932,53.2927],[-2.8815,53.2884],[-2.845,53.3001],[-2.8448,53.3001],[-2.7965,53.3],[-2.7965,53.322],[-2.7998,53.321],[-2.8103,53.3217],[-2.8034,53.3438],[-2.787,53.3366],[-2.7719,53.3489],[-2.7747,53.3605],[-2.7722,53.365],[-2.7547,53.3781],[-2.7411,53.3883],[-2.6806,53.3788],[-2.6629,53.3574],[-2.6291,53.3421],[-2.6057,53.3381],[-2.5807,53.3155],[-2.5694,53.3123],[-2.555,53.3123],[-2.5316,53.3196],[-2.509,53.3309],[-2.4471,53.355],[-2.4288,53.3803],[-2.395,53.3735],[-2.3648,53.3624],[-2.3167,53.3599],[-2.2834,53.3422],[-2.2603,53.3449],[-2.2384,53.3549],[-2.2036,53.3538],[-2.1761,53.3455],[-2.1745,53.3308],[-2.1595,53.3213],[-2.1403,53.3277],[-2.1306,53.3525],[-2.12,53.3594],[-2.0808,53.3611],[-2.0495,53.3522],[-2.0353,53.3677],[-2.0168,53.3704],[-2.0045,53.3741],[-1.9814,53.3983],[-1.9906,53.4064],[-2.0117,53.4125],[-2.0092,53.4274],[-1.9825,53.4438],[-1.9778,53.4688],[-1.9636,53.4947],[-1.9325,53.4958],[-1.9189,53.5008],[-1.91,53.5205],[-1.8972,53.533],[-1.8708,53.5322],[-1.8161,53.5161],[-1.7956,53.4969],[-1.7872,53.4686],[-1.7312,53.441],[-1.7342,53.4108],[-1.7017,53.4036],[-1.6906,53.3874],[-1.6464,53.3766],[-1.6503,53.3519],[-1.5925,53.3377],[-1.5828,53.3264],[-1.6148,53.308],[-1.5875,53.3022],[-1.5706,53.3049],[-1.5314,53.2897],[-1.4589,53.3069],[-1.432,53.3236],[-1.3937,53.3252],[-1.3828,53.3216],[-1.3809,53.3069],[-1.3592,53.3002],[-1.3325,53.2988],[-1.3114,53.3139],[-1.2867,53.3169],[-1.2773,53.3133],[-1.282,53.2994],[-1.2614,53.2986],[-1.2425,53.2908],[-1.176,53.2929],[-1.1661,53.3063],[-1.135,53.3258],[-1.1447,53.3377],[-1.1211,53.3455],[-1.1139,53.3561],[-1.1181,53.3786],[-1.0664,53.413],[-1.0131,53.4083],[-0.9775,53.4344],[-0.9698,53.463],[-0.9194,53.4874],[-0.9433,53.518],[-0.9148,53.533],[-0.872,53.5308],[-0.8728,53.5458],[-0.9045,53.5716],[-0.8609,53.5816],[-0.8607,53.6124],[-0.8441,53.6138],[-0.767,53.6581],[-0.6993,53.6913],[-0.7002,53.6916],[-0.7002,53.7098],[-0.6738,53.7191],[-0.6474,53.7284],[-0.637,53.732],[-0.621,53.7309],[-0.5946,53.7291],[-0.5792,53.728],[-0.5683,53.7222],[-0.5683,53.6953],[-0.5419,53.6832],[-0.5419,53.7096],[-0.5156,53.711],[-0.4892,53.7123],[-0.4628,53.7136],[-0.4497,53.7143],[-0.4364,53.7143],[-0.4364,53.7],[-0.4101,53.7029],[-0.3838,53.7058],[-0.3574,53.7088],[-0.331,53.7117],[-0.3072,53.7143],[-0.3047,53.7137],[-0.2995,53.7123],[-0.2783,53.7123],[-0.2519,53.7123],[-0.2519,53.685],[-0.2278,53.685],[-0.2255,53.685],[-0.1992,53.685],[-0.1992,53.669],[-0.1992,53.6576],[-0.1992,53.6383],[-0.1728,53.6383],[-0.1549,53.6383],[-0.1465,53.6383],[-0.1201,53.6383],[-0.1201,53.6076],[-0.0938,53.6076],[-0.0938,53.586],[-0.0674,53.586],[-0.041,53.586],[-0.0146,53.586],[0.0117,53.586],[0.0117,53.6045],[0.0345,53.6045],[0.0555,53.5656],[0.0765,53.5268],[0.0974,53.488],[0.1519,53.4758],[0.1758,53.4377],[0.2195,53.4195],[0.2449,53.3909],[0.3421,53.2263],[0.3562,53.1885],[0.3566,53.1457],[0.3405,53.1101],[0.355,53.09],[0.4093,53.0146],[0.3822,53.0146],[0.3822,52.977],[0.355,52.977],[0.355,52.982],[0.3278,52.982],[0.3278,52.9393],[0.3053,52.9393],[0.3053,52.8996],[0.3053,52.8598],[0.2758,52.8598],[0.2758,52.8278],[0.2758,52.8041],[0.2788,52.805],[0.2625,52.7758],[0.2763,52.7563],[0.1997,52.7216],[0.1724,52.7243],[0.1494,52.7252],[0.0528,52.7005],[0.0572,52.6705],[0.0322,52.648],[-0.0495,52.6579],[-0.0828,52.6499],[-0.1014,52.6519],[-0.1375,52.6385],[-0.1603,52.6444],[-0.1831,52.6419],[-0.1995,52.6562],[-0.262,52.6474],[-0.315,52.6636],[-0.402,52.6369],[-0.4356,52.6366],[-0.4667,52.6432],[-0.4907,52.6365],[-0.4747,52.625],[-0.4662,52.6091],[-0.4739,52.568],[-0.4609,52.5619],[-0.4138,52.566],[-0.4144,52.5596],[-0.3984,52.5374],[-0.4072,52.5118],[-0.3481,52.4899],[-0.3356,52.4555],[-0.3828,52.4121],[-0.4259,52.3824],[-0.4845,52.3655],[-0.4856,52.3486],[-0.4588,52.3088],[-0.4295,52.2974],[-0.4189,52.278],[-0.3711,52.2677],[-0.3684,52.2419],[-0.3553,52.2271],[-0.3317,52.2291],[-0.2934,52.2241],[-0.292,52.2027],[-0.2531,52.1919],[-0.2339,52.1727],[-0.247,52.1605],[-0.207,52.1505],[-0.2167,52.1327],[-0.17,52.1297],[-0.132,52.1336],[-0.1461,52.0697],[-0.1356,52.0435],[-0.1092,52.0194],[-0.0295,52.0399],[-0.0114,52.0516],[0.0514,52.0433],[0.0805,52.0024],[0.1083,52.0274],[0.1064,52.0549],[0.1391,52.0419],[0.1936,52.0569],[0.2067,52.0816],[0.2558,52.0769],[0.2866,52.0849],[0.3253,52.0741],[0.3655,52.0441],[0.3911,52.0355],[0.4089,52.0593],[0.4891,52.0691],[0.525,52.0483],[0.6361,52.075],[0.6783,52.0772],[0.7011,52.0674],[0.7216,52.0119],[0.7378,52.0163],[0.748,51.993],[0.7878,51.9547],[0.8658,51.9594],[0.9144,51.9683],[0.968,51.9638],[1.0194,51.9505],[1.0785,51.9507],[1.0955,51.9457],[1.2621,51.9392],[1.271,51.9331],[1.2785,51.9279],[1.2599,51.9161],[1.2728,51.9021],[1.2747,51.8722],[1.2866,51.8817],[1.2764,51.8448],[1.2764,51.8444],[1.2722,51.8424],[1.2192,51.8118],[1.1354,51.7817],[1.0733,51.776],[1.2123,51.5964],[1.2184,51.5885],[1.2492,51.5487],[1.3727,51.3891],[1.4238,51.3921],[1.4483,51.3829],[1.4391,51.3501],[1.4187,51.3298],[1.4492,51.2904],[1.449,51.2903],[1.4492,51.29],[1.4107,51.2676],[1.4077,51.246],[1.4131,51.2217],[1.4048,51.1835],[1.3845,51.1517],[1.3572,51.131],[1.2904,51.1165],[1.263,51.1033],[1.2181,51.101],[1.1722,51.0774],[1.133,51.0768],[1.046,51.0476],[0.9776,50.9712],[0.9718,50.9568],[0.9798,50.9182],[0.9452,50.9094],[0.8698,50.9251],[0.8446,50.9304],[0.8331,50.9308],[0.5492,50.7653],[0.5488,50.7653],[0.2929,50.7672],[0.271,50.7474],[0.2141,50.7489],[0.1683,50.7598],[0.1221,50.7608],[0.1076,50.7686],[0.0573,50.769],[0.0322,50.7692],[0.007,50.7694],[-0.0181,50.7696],[-0.0433,50.7698],[-0.0936,50.7702],[-0.1439,50.7705],[-0.169,50.7707],[-0.1942,50.7709],[-0.2193,50.7711],[-0.2445,50.7713],[-0.2949,50.7717],[-0.6974,50.7748],[-0.7327,50.7673],[-0.7415,50.7707],[-0.7724,50.7665],[-0.7731,50.766],[-0.771,50.7369],[-0.8128,50.7348],[-0.8768,50.7608],[-0.9138,50.7548],[-0.9507,50.7489],[-0.9943,50.7418],[-1.0379,50.7347],[-1.0815,50.7277],[-1.1027,50.7242],[-1.0942,50.7126],[-1.0828,50.7133],[-1.0623,50.6928],[-1.0642,50.6907],[-1.0636,50.6904],[-1.0639,50.6903],[-1.0638,50.6902],[-1.0639,50.6902],[-1.0636,50.69],[-1.0656,50.6892],[-1.0753,50.6785],[-1.1142,50.6697],[-1.137,50.6605],[-1.1545,50.6481],[-1.1657,50.6303],[-1.1684,50.6035],[-1.2792,50.5825],[-1.3155,50.5892],[-1.3521,50.6059],[-1.493,50.661],[-1.561,50.6499],[-1.6045,50.6429],[-1.6481,50.6358],[-1.6917,50.6288],[-1.7353,50.6217],[-1.8225,50.6076],[-1.9097,50.5935],[-2.0841,50.5652],[-2.2585,50.537],[-2.4892,50.4996],[-2.4893,50.4996],[-2.4896,50.4996],[-2.6072,50.5489],[-2.7816,50.6221],[-2.8688,50.6587],[-2.9123,50.6769],[-2.9559,50.6952],[-2.9573,50.6958],[-3.1303,50.5731],[-3.133,50.5712],[-3.2188,50.5104],[-3.2617,50.48],[-3.3046,50.4495],[-3.3061,50.4485],[-3.3929,50.3869],[-3.4363,50.3561],[-3.4364,50.3561],[-3.4797,50.3254],[-3.616,50.2287],[-3.6163,50.2287],[-3.6164,50.2287],[-3.6476,50.2325],[-3.6456,50.226],[-3.718,50.2124],[-3.7742,50.223],[-3.789,50.2124],[-3.8263,50.2342],[-3.8562,50.2581],[-4.0106,50.277],[-4.0878,50.2865],[-4.1264,50.2912],[-4.165,50.296],[-4.2422,50.3054],[-4.3194,50.3149],[-4.4737,50.3338],[-4.4954,50.3284],[-4.5716,50.3256],[-5.0568,50.0612],[-5.0565,50.0606],[-5.0981,50.0144],[-5.1465,50.0106],[-5.1761,49.9879],[-5.1912,49.9591],[-5.2143,49.9754],[-5.2433,49.9596],[-5.2435,49.9597],[-5.2437,49.9596],[-5.5482,50.0738],[-5.5784,50.0548],[-5.6674,50.0429],[-5.7051,50.0523],[-5.7156,50.0827],[-5.6988,50.0854],[-5.7092,50.1326],[-5.7082,50.1338],[-5.7765,50.1594],[-5.7762,50.1596],[-5.7763,50.1596],[-5.7762,50.1597],[-5.7765,50.1598],[-4.9295,50.7673],[-4.8908,50.7951],[-4.7946,50.8641],[-4.7465,50.8986],[-4.6984,50.9331],[-4.506,51.0711],[-4.3112,51.2108],[-4.0825,51.2657],[-3.8707,51.3165],[-3.7648,51.3419],[-3.7383,51.3482],[-3.7119,51.3546],[-3.7119,51.3328],[-3.6854,51.3328],[-3.659,51.3328],[-3.659,51.3095],[-3.6325,51.3095],[-3.606,51.3095],[-3.5795,51.3095],[-3.5531,51.3095],[-3.5531,51.3049],[-3.5266,51.3049],[-3.5001,51.3049],[-3.4736,51.3049],[-3.4472,51.3049],[-3.4472,51.2923],[-3.4207,51.2923],[-3.3942,51.2923],[-3.3677,51.2923],[-3.3413,51.2923],[-3.2884,51.2923],[-3.2619,51.2923],[-3.2355,51.2923],[-3.2355,51.2794],[-3.209,51.2794],[-3.209,51.3209],[-3.1825,51.3209],[-3.156,51.3209],[-3.1296,51.3209],[-3.1296,51.3217],[-3.1031,51.3217],[-3.1031,51.3624],[-3.0766,51.3624]]]}},
{"type":"Feature","properties":{"entityId":"wessex","from":830,"to":880,"certainty":"estimated","source":"유럽 쪽은 Natural Earth 1:10m admin-1(v5.1.2) 현대 행정구역 조각을 그 시기 국경에 맞춰 묶고, 조각이 역사 경계와 다른 곳은 선을 그어 나눈 근사. 유럽 밖(시베리아·중앙아시아·극동)은 대략적인 추정. 운영자 검수 필요"},"geometry":{"type":"Polygon","coordinates":[[[-3.0766,51.3624],[-3.0766,51.4039],[-3.0501,51.4039],[-3.0501,51.4454],[-3.0237,51.4454],[-3.0237,51.4704],[-2.9972,51.4704],[-2.9707,51.4704],[-2.9443,51.4704],[-2.9178,51.4704],[-2.9178,51.4769],[-2.8913,51.4769],[-2.8913,51.5114],[-2.8649,51.5114],[-2.8649,51.5172],[-2.8384,51.5172],[-2.812,51.5172],[-2.812,51.5333],[-2.7855,51.5333],[-2.7591,51.5333],[-2.7326,51.5333],[-2.7326,51.4958],[-2.7294,51.4962],[-2.7055,51.4805],[-2.668,51.4671],[-2.6439,51.4551],[-2.6306,51.443],[-2.6306,51.4002],[-2.6335,51.3821],[-2.6064,51.3801],[-2.5623,51.3801],[-2.5395,51.3935],[-2.5275,51.4082],[-2.5227,51.4188],[-2.5034,51.4055],[-2.3977,51.4029],[-2.3254,51.4149],[-2.2807,51.4203],[-2.287,51.4813],[-2.3206,51.4838],[-2.2806,51.5099],[-2.2453,51.5186],[-2.262,51.5472],[-2.2716,51.5772],[-2.24,51.5791],[-2.1917,51.5983],[-2.1489,51.5894],[-2.1011,51.6202],[-2.0573,51.6641],[-1.9487,51.6399],[-1.94,51.663],[-1.8692,51.6463],[-1.8881,51.6725],[-1.8328,51.6566],[-1.8117,51.6925],[-1.7959,51.6944],[-1.7774,51.6604],[-1.7497,51.6588],[-1.7245,51.6627],[-1.7011,51.681],[-1.6833,51.6786],[-1.6839,51.6505],[-1.6545,51.6319],[-1.6597,51.6111],[-1.6778,51.5997],[-1.6753,51.5727],[-1.6684,51.568],[-1.6467,51.5685],[-1.6028,51.5202],[-1.5845,51.5174],[-1.5675,51.5458],[-1.5342,51.5505],[-1.4867,51.5469],[-1.4489,51.5327],[-1.4184,51.5402],[-1.3881,51.536],[-1.3656,51.5449],[-1.3389,51.5372],[-1.322,51.55],[-1.2897,51.5486],[-1.2644,51.5324],[-1.2269,51.5333],[-1.1842,51.523],[-1.1466,51.5305],[-1.1232,51.5031],[-1.0811,51.4891],[-1.0589,51.4872],[-1.0416,51.4822],[-1.0036,51.4593],[-0.9872,51.4531],[-0.9645,51.4547],[-0.9312,51.4698],[-0.9069,51.4764],[-0.887,51.4912],[-0.8732,51.5075],[-0.8836,51.5282],[-0.8871,51.5481],[-0.8822,51.551],[-0.8463,51.5425],[-0.7743,51.5568],[-0.7607,51.5555],[-0.7432,51.562],[-0.719,51.5633],[-0.6968,51.5592],[-0.6856,51.5493],[-0.6889,51.5297],[-0.6995,51.5173],[-0.7013,51.5071],[-0.6787,51.4941],[-0.6617,51.4916],[-0.6362,51.4937],[-0.6434,51.5033],[-0.6497,51.52],[-0.6445,51.5263],[-0.6167,51.5302],[-0.5856,51.5205],[-0.5798,51.5263],[-0.5686,51.5271],[-0.5614,51.5219],[-0.5576,51.5041],[-0.5236,51.5063],[-0.5192,51.5],[-0.5208,51.488],[-0.5128,51.4758],[-0.4972,51.4778],[-0.4737,51.4588],[-0.4414,51.4539],[-0.4403,51.438],[-0.4317,51.4302],[-0.4003,51.4249],[-0.3844,51.4137],[-0.3674,51.4299],[-0.3569,51.4342],[-0.3568,51.4367],[-0.3706,51.4369],[-0.3767,51.4403],[-0.375,51.444],[-0.364,51.4507],[-0.316,51.4556],[-0.3232,51.4647],[-0.3102,51.4726],[-0.271,51.4736],[-0.2597,51.4757],[-0.2471,51.4851],[-0.2367,51.4872],[-0.2365,51.4872],[-0.2261,51.4841],[-0.2127,51.4729],[-0.21,51.4706],[-0.1983,51.4674],[-0.1793,51.47],[-0.1712,51.4726],[-0.1567,51.4773],[-0.1429,51.4837],[-0.1355,51.4871],[-0.1279,51.4921],[-0.1277,51.4922],[-0.1122,51.5024],[-0.1079,51.5053],[-0.1022,51.509],[-0.0973,51.5097],[-0.0848,51.5116],[-0.0672,51.508],[-0.0669,51.5079],[-0.0488,51.5009],[-0.0376,51.4975],[-0.0236,51.4959],[-0.0231,51.4887],[-0.018,51.4831],[-0.0115,51.4802],[-0.0047,51.4796],[-0.0023,51.4799],[0.0002,51.4806],[0.0025,51.482],[0.0031,51.4825],[0.0051,51.4866],[0.0052,51.4889],[0.0047,51.492],[0.0051,51.4981],[0.0054,51.4989],[0.0062,51.4998],[0.008,51.5005],[0.0194,51.5026],[0.0146,51.5085],[0.0132,51.5094],[0.0082,51.511],[0.0051,51.5127],[0.0039,51.5137],[-0.0093,51.5338],[-0.011,51.5435],[-0.0107,51.5446],[-0.0105,51.5472],[-0.0106,51.5524],[-0.0208,51.5592],[-0.024,51.56],[-0.0372,51.559],[-0.0403,51.5599],[-0.0483,51.5654],[-0.0527,51.5736],[-0.0502,51.5773],[-0.0492,51.5785],[-0.0483,51.5803],[-0.0474,51.5815],[-0.0466,51.5832],[-0.0451,51.5851],[-0.044,51.5863],[-0.0434,51.5871],[-0.0424,51.5882],[-0.0417,51.589],[-0.0391,51.592],[-0.0385,51.5928],[-0.0367,51.5947],[-0.0341,51.5969],[-0.0331,51.5981],[-0.03,51.6011],[-0.0299,51.602],[-0.0298,51.6027],[-0.0296,51.6034],[-0.0291,51.6044],[-0.029,51.605],[-0.029,51.6057],[-0.0291,51.6063],[-0.0298,51.6075],[-0.0301,51.6086],[-0.0303,51.6108],[-0.0302,51.6114],[-0.0298,51.6123],[-0.0296,51.6127],[-0.029,51.6132],[-0.0283,51.6137],[-0.0275,51.6141],[-0.0256,51.6149],[-0.0248,51.6155],[-0.0211,51.6175],[-0.0196,51.6185],[-0.019,51.619],[-0.0174,51.621],[-0.0172,51.6216],[-0.017,51.6222],[-0.0167,51.6241],[-0.0165,51.6247],[-0.0152,51.6284],[-0.0151,51.6296],[-0.0149,51.6316],[-0.0147,51.6329],[-0.0145,51.6336],[-0.0138,51.6348],[-0.0134,51.6352],[-0.0124,51.6363],[-0.0026,51.6466],[-0.0128,51.6499],[-0.007,51.666],[-0.0113,51.6772],[0,51.7331],[0.0356,51.7683],[0.1083,51.7775],[0.158,51.7905],[0.1903,51.8166],[0.173,51.8252],[0.1736,51.8483],[0.1992,51.8658],[0.1899,51.8902],[0.1417,51.8839],[0.1108,51.9736],[0.0825,51.9833],[0.0805,52.0024],[0.1083,52.0274],[0.1064,52.0549],[0.1391,52.0419],[0.1936,52.0569],[0.2067,52.0816],[0.2558,52.0769],[0.2866,52.0849],[0.3253,52.0741],[0.3655,52.0441],[0.3911,52.0355],[0.4089,52.0593],[0.4891,52.0691],[0.525,52.0483],[0.6361,52.075],[0.6783,52.0772],[0.7011,52.0674],[0.7216,52.0119],[0.7378,52.0163],[0.748,51.993],[0.7878,51.9547],[0.8658,51.9594],[0.9144,51.9683],[0.968,51.9638],[1.0194,51.9505],[1.0785,51.9507],[1.0955,51.9457],[1.2621,51.9392],[1.271,51.9331],[1.2785,51.9279],[1.2599,51.9161],[1.2728,51.9021],[1.2747,51.8722],[1.2866,51.8817],[1.2764,51.8448],[1.2764,51.8444],[1.2722,51.8424],[1.2192,51.8118],[1.1354,51.7817],[1.0733,51.776],[1.2123,51.5964],[1.2184,51.5885],[1.2492,51.5487],[1.3727,51.3891],[1.4238,51.3921],[1.4483,51.3829],[1.4391,51.3501],[1.4187,51.3298],[1.4492,51.2904],[1.449,51.2903],[1.4492,51.29],[1.4107,51.2676],[1.4077,51.246],[1.4131,51.2217],[1.4048,51.1835],[1.3845,51.1517],[1.3572,51.131],[1.2904,51.1165],[1.263,51.1033],[1.2181,51.101],[1.1722,51.0774],[1.133,51.0768],[1.046,51.0476],[0.9776,50.9712],[0.9718,50.9568],[0.9798,50.9182],[0.9452,50.9094],[0.8698,50.9251],[0.8446,50.9304],[0.8331,50.9308],[0.5492,50.7653],[0.5488,50.7653],[0.2929,50.7672],[0.271,50.7474],[0.2141,50.7489],[0.1683,50.7598],[0.1221,50.7608],[0.1076,50.7686],[0.0573,50.769],[0.0322,50.7692],[0.007,50.7694],[-0.0181,50.7696],[-0.0433,50.7698],[-0.0936,50.7702],[-0.1439,50.7705],[-0.169,50.7707],[-0.1942,50.7709],[-0.2193,50.7711],[-0.2445,50.7713],[-0.2949,50.7717],[-0.6974,50.7748],[-0.7327,50.7673],[-0.7415,50.7707],[-0.7724,50.7665],[-0.7731,50.766],[-0.771,50.7369],[-0.8128,50.7348],[-0.8768,50.7608],[-0.9138,50.7548],[-0.9507,50.7489],[-0.9943,50.7418],[-1.0379,50.7347],[-1.0815,50.7277],[-1.1027,50.7242],[-1.0942,50.7126],[-1.0828,50.7133],[-1.0623,50.6928],[-1.0642,50.6907],[-1.0636,50.6904],[-1.0639,50.6903],[-1.0638,50.6902],[-1.0639,50.6902],[-1.0636,50.69],[-1.0656,50.6892],[-1.0753,50.6785],[-1.1142,50.6697],[-1.137,50.6605],[-1.1545,50.6481],[-1.1657,50.6303],[-1.1684,50.6035],[-1.2792,50.5825],[-1.3155,50.5892],[-1.3521,50.6059],[-1.493,50.661],[-1.561,50.6499],[-1.6045,50.6429],[-1.6481,50.6358],[-1.6917,50.6288],[-1.7353,50.6217],[-1.8225,50.6076],[-1.9097,50.5935],[-2.0841,50.5652],[-2.2585,50.537],[-2.4892,50.4996],[-2.4893,50.4996],[-2.4896,50.4996],[-2.6072,50.5489],[-2.7816,50.6221],[-2.8688,50.6587],[-2.9123,50.6769],[-2.9559,50.6952],[-2.9573,50.6958],[-3.1303,50.5731],[-3.133,50.5712],[-3.2188,50.5104],[-3.2617,50.48],[-3.3046,50.4495],[-3.3061,50.4485],[-3.3929,50.3869],[-3.4363,50.3561],[-3.4364,50.3561],[-3.4797,50.3254],[-3.616,50.2287],[-3.6163,50.2287],[-3.6164,50.2287],[-3.6476,50.2325],[-3.6456,50.226],[-3.718,50.2124],[-3.7742,50.223],[-3.789,50.2124],[-3.8263,50.2342],[-3.8562,50.2581],[-4.0106,50.277],[-4.0878,50.2865],[-4.1264,50.2912],[-4.165,50.296],[-4.2422,50.3054],[-4.3194,50.3149],[-4.4737,50.3338],[-4.4954,50.3284],[-4.5716,50.3256],[-5.0568,50.0612],[-5.0565,50.0606],[-5.0981,50.0144],[-5.1465,50.0106],[-5.1761,49.9879],[-5.1912,49.9591],[-5.2143,49.9754],[-5.2433,49.9596],[-5.2435,49.9597],[-5.2437,49.9596],[-5.5482,50.0738],[-5.5784,50.0548],[-5.6674,50.0429],[-5.7051,50.0523],[-5.7156,50.0827],[-5.6988,50.0854],[-5.7092,50.1326],[-5.7082,50.1338],[-5.7765,50.1594],[-5.7762,50.1596],[-5.7763,50.1596],[-5.7762,50.1597],[-5.7765,50.1598],[-4.9295,50.7673],[-4.8908,50.7951],[-4.7946,50.8641],[-4.7465,50.8986],[-4.6984,50.9331],[-4.506,51.0711],[-4.3112,51.2108],[-4.0825,51.2657],[-3.8707,51.3165],[-3.7648,51.3419],[-3.7383,51.3482],[-3.7119,51.3546],[-3.7119,51.3328],[-3.6854,51.3328],[-3.659,51.3328],[-3.659,51.3095],[-3.6325,51.3095],[-3.606,51.3095],[-3.5795,51.3095],[-3.5531,51.3095],[-3.5531,51.3049],[-3.5266,51.3049],[-3.5001,51.3049],[-3.4736,51.3049],[-3.4472,51.3049],[-3.4472,51.2923],[-3.4207,51.2923],[-3.3942,51.2923],[-3.3677,51.2923],[-3.3413,51.2923],[-3.2884,51.2923],[-3.2619,51.2923],[-3.2355,51.2923],[-3.2355,51.2794],[-3.209,51.2794],[-3.209,51.3209],[-3.1825,51.3209],[-3.156,51.3209],[-3.1296,51.3209],[-3.1296,51.3217],[-3.1031,51.3217],[-3.1031,51.3624],[-3.0766,51.3624]]]}},
{"type":"Feature","properties":{"entityId":"wessex","from":880,"to":886,"certainty":"estimated","source":"유럽 쪽은 Natural Earth 1:10m admin-1(v5.1.2) 현대 행정구역 조각을 그 시기 국경에 맞춰 묶고, 조각이 역사 경계와 다른 곳은 선을 그어 나눈 근사. 유럽 밖(시베리아·중앙아시아·극동)은 대략적인 추정. 운영자 검수 필요"},"geometry":{"type":"Polygon","coordinates":[[[-3.0766,51.3624],[-3.0766,51.4039],[-3.0501,51.4039],[-3.0501,51.4454],[-3.0237,51.4454],[-3.0237,51.4704],[-2.9972,51.4704],[-2.9707,51.4704],[-2.9443,51.4704],[-2.9178,51.4704],[-2.9178,51.4769],[-2.8913,51.4769],[-2.8913,51.5114],[-2.8649,51.5114],[-2.8649,51.5172],[-2.8384,51.5172],[-2.812,51.5172],[-2.812,51.5333],[-2.7855,51.5333],[-2.7591,51.5333],[-2.7326,51.5333],[-2.7326,51.4958],[-2.7294,51.4962],[-2.7055,51.4805],[-2.668,51.4671],[-2.6439,51.4551],[-2.6306,51.443],[-2.6306,51.4002],[-2.6335,51.3821],[-2.6064,51.3801],[-2.5623,51.3801],[-2.5395,51.3935],[-2.5275,51.4082],[-2.5227,51.4188],[-2.5034,51.4055],[-2.3977,51.4029],[-2.3254,51.4149],[-2.2807,51.4203],[-2.287,51.4813],[-2.3206,51.4838],[-2.2806,51.5099],[-2.2453,51.5186],[-2.262,51.5472],[-2.2716,51.5772],[-2.24,51.5791],[-2.1917,51.5983],[-2.1489,51.5894],[-2.1011,51.6202],[-2.0573,51.6641],[-1.9487,51.6399],[-1.94,51.663],[-1.8692,51.6463],[-1.8881,51.6725],[-1.8328,51.6566],[-1.8117,51.6925],[-1.7959,51.6944],[-1.7774,51.6604],[-1.7497,51.6588],[-1.7245,51.6627],[-1.7011,51.681],[-1.6833,51.6786],[-1.6839,51.6505],[-1.6545,51.6319],[-1.6597,51.6111],[-1.6778,51.5997],[-1.6753,51.5727],[-1.6684,51.568],[-1.6467,51.5685],[-1.6028,51.5202],[-1.5845,51.5174],[-1.5675,51.5458],[-1.5342,51.5505],[-1.4867,51.5469],[-1.4489,51.5327],[-1.4184,51.5402],[-1.3881,51.536],[-1.3656,51.5449],[-1.3389,51.5372],[-1.322,51.55],[-1.2897,51.5486],[-1.2644,51.5324],[-1.2269,51.5333],[-1.1842,51.523],[-1.1466,51.5305],[-1.1232,51.5031],[-1.0811,51.4891],[-1.0589,51.4872],[-1.0416,51.4822],[-1.0036,51.4593],[-0.9872,51.4531],[-0.9645,51.4547],[-0.9312,51.4698],[-0.9069,51.4764],[-0.887,51.4912],[-0.8732,51.5075],[-0.8836,51.5282],[-0.8871,51.5481],[-0.8822,51.551],[-0.8463,51.5425],[-0.7743,51.5568],[-0.7607,51.5555],[-0.7432,51.562],[-0.719,51.5633],[-0.6968,51.5592],[-0.6856,51.5493],[-0.6889,51.5297],[-0.6995,51.5173],[-0.7013,51.5071],[-0.6787,51.4941],[-0.6617,51.4916],[-0.6362,51.4937],[-0.6434,51.5033],[-0.6497,51.52],[-0.6445,51.5263],[-0.6167,51.5302],[-0.5856,51.5205],[-0.5798,51.5263],[-0.5686,51.5271],[-0.5614,51.5219],[-0.5576,51.5041],[-0.5236,51.5063],[-0.5192,51.5],[-0.5208,51.488],[-0.5128,51.4758],[-0.4972,51.4778],[-0.4737,51.4588],[-0.4414,51.4539],[-0.4403,51.438],[-0.4317,51.4302],[-0.4003,51.4249],[-0.3844,51.4137],[-0.3674,51.4299],[-0.3569,51.4342],[-0.3568,51.4367],[-0.3706,51.4369],[-0.3767,51.4403],[-0.375,51.444],[-0.364,51.4507],[-0.316,51.4556],[-0.3232,51.4647],[-0.3102,51.4726],[-0.271,51.4736],[-0.2597,51.4757],[-0.2471,51.4851],[-0.2367,51.4872],[-0.2365,51.4872],[-0.2261,51.4841],[-0.2127,51.4729],[-0.21,51.4706],[-0.1983,51.4674],[-0.1793,51.47],[-0.1712,51.4726],[-0.1567,51.4773],[-0.1429,51.4837],[-0.1355,51.4871],[-0.1279,51.4921],[-0.1277,51.4922],[-0.1122,51.5024],[-0.1079,51.5053],[-0.1022,51.509],[-0.0973,51.5097],[-0.0848,51.5116],[-0.0672,51.508],[-0.0669,51.5079],[-0.0488,51.5009],[-0.0376,51.4975],[-0.0236,51.4959],[-0.0231,51.4887],[-0.018,51.4831],[-0.0115,51.4802],[-0.0047,51.4796],[-0.0023,51.4799],[0.0002,51.4806],[0.0025,51.482],[0.0031,51.4825],[0.0051,51.4866],[0.0052,51.4889],[0.0047,51.492],[0.0051,51.4981],[0.0054,51.4989],[0.0062,51.4998],[0.008,51.5005],[0.0194,51.5026],[0.0483,51.4911],[0.0719,51.4924],[0.0969,51.4977],[0.1205,51.5028],[0.1287,51.5046],[0.1485,51.5052],[0.166,51.5001],[0.1685,51.4994],[0.1907,51.4827],[0.2081,51.4839],[0.2246,51.489],[0.2189,51.4857],[0.2166,51.4777],[0.2228,51.4719],[0.2747,51.4599],[0.3063,51.4669],[0.3223,51.4669],[0.3375,51.4487],[0.3564,51.4464],[0.3845,51.4531],[0.4154,51.4564],[0.4463,51.4597],[0.4463,51.4861],[0.4561,51.5056],[0.4772,51.509],[0.5081,51.5141],[0.5254,51.5169],[0.539,51.5174],[0.539,51.4913],[0.5699,51.4885],[0.6008,51.4856],[0.6316,51.4828],[0.6316,51.5079],[0.6625,51.5079],[0.6625,51.5067],[0.6934,51.5067],[0.6934,51.4959],[0.7243,51.4959],[0.7551,51.4959],[0.7551,51.4949],[0.786,51.4949],[0.8169,51.4949],[0.8478,51.4949],[0.8786,51.4949],[0.8786,51.5037],[0.9095,51.5037],[0.9404,51.5037],[0.9713,51.5037],[1.0021,51.5037],[1.033,51.5037],[1.0639,51.5037],[1.0948,51.5037],[1.1257,51.5037],[1.1257,51.5133],[1.1566,51.5133],[1.1566,51.541],[1.1875,51.541],[1.2184,51.541],[1.2492,51.541],[1.2492,51.5487],[1.3727,51.3891],[1.4238,51.3921],[1.4483,51.3829],[1.4391,51.3501],[1.4187,51.3298],[1.4492,51.2904],[1.449,51.2903],[1.4492,51.29],[1.4107,51.2676],[1.4077,51.246],[1.4131,51.2217],[1.4048,51.1835],[1.3845,51.1517],[1.3572,51.131],[1.2904,51.1165],[1.263,51.1033],[1.2181,51.101],[1.1722,51.0774],[1.133,51.0768],[1.046,51.0476],[0.9776,50.9712],[0.9718,50.9568],[0.9798,50.9182],[0.9452,50.9094],[0.8698,50.9251],[0.8446,50.9304],[0.8331,50.9308],[0.5492,50.7653],[0.5488,50.7653],[0.2929,50.7672],[0.271,50.7474],[0.2141,50.7489],[0.1683,50.7598],[0.1221,50.7608],[0.1076,50.7686],[0.0573,50.769],[0.0322,50.7692],[0.007,50.7694],[-0.0181,50.7696],[-0.0433,50.7698],[-0.0936,50.7702],[-0.1439,50.7705],[-0.169,50.7707],[-0.1942,50.7709],[-0.2193,50.7711],[-0.2445,50.7713],[-0.2949,50.7717],[-0.6974,50.7748],[-0.7327,50.7673],[-0.7415,50.7707],[-0.7724,50.7665],[-0.7731,50.766],[-0.771,50.7369],[-0.8128,50.7348],[-0.8768,50.7608],[-0.9138,50.7548],[-0.9507,50.7489],[-0.9943,50.7418],[-1.0379,50.7347],[-1.0815,50.7277],[-1.1027,50.7242],[-1.0942,50.7126],[-1.0828,50.7133],[-1.0623,50.6928],[-1.0642,50.6907],[-1.0636,50.6904],[-1.0639,50.6903],[-1.0638,50.6902],[-1.0639,50.6902],[-1.0636,50.69],[-1.0656,50.6892],[-1.0753,50.6785],[-1.1142,50.6697],[-1.137,50.6605],[-1.1545,50.6481],[-1.1657,50.6303],[-1.1684,50.6035],[-1.2792,50.5825],[-1.3155,50.5892],[-1.3521,50.6059],[-1.493,50.661],[-1.561,50.6499],[-1.6045,50.6429],[-1.6481,50.6358],[-1.6917,50.6288],[-1.7353,50.6217],[-1.8225,50.6076],[-1.9097,50.5935],[-2.0841,50.5652],[-2.2585,50.537],[-2.4892,50.4996],[-2.4893,50.4996],[-2.4896,50.4996],[-2.6072,50.5489],[-2.7816,50.6221],[-2.8688,50.6587],[-2.9123,50.6769],[-2.9559,50.6952],[-2.9573,50.6958],[-3.1303,50.5731],[-3.133,50.5712],[-3.2188,50.5104],[-3.2617,50.48],[-3.3046,50.4495],[-3.3061,50.4485],[-3.3929,50.3869],[-3.4363,50.3561],[-3.4364,50.3561],[-3.4797,50.3254],[-3.616,50.2287],[-3.6163,50.2287],[-3.6164,50.2287],[-3.6476,50.2325],[-3.6456,50.226],[-3.718,50.2124],[-3.7742,50.223],[-3.789,50.2124],[-3.8263,50.2342],[-3.8562,50.2581],[-4.0106,50.277],[-4.0878,50.2865],[-4.1264,50.2912],[-4.165,50.296],[-4.2422,50.3054],[-4.3194,50.3149],[-4.4737,50.3338],[-4.4954,50.3284],[-4.5716,50.3256],[-5.0568,50.0612],[-5.0565,50.0606],[-5.0981,50.0144],[-5.1465,50.0106],[-5.1761,49.9879],[-5.1912,49.9591],[-5.2143,49.9754],[-5.2433,49.9596],[-5.2435,49.9597],[-5.2437,49.9596],[-5.5482,50.0738],[-5.5784,50.0548],[-5.6674,50.0429],[-5.7051,50.0523],[-5.7156,50.0827],[-5.6988,50.0854],[-5.7092,50.1326],[-5.7082,50.1338],[-5.7765,50.1594],[-5.7762,50.1596],[-5.7763,50.1596],[-5.7762,50.1597],[-5.7765,50.1598],[-4.9295,50.7673],[-4.8908,50.7951],[-4.7946,50.8641],[-4.7465,50.8986],[-4.6984,50.9331],[-4.506,51.0711],[-4.3112,51.2108],[-4.0825,51.2657],[-3.8707,51.3165],[-3.7648,51.3419],[-3.7383,51.3482],[-3.7119,51.3546],[-3.7119,51.3328],[-3.6854,51.3328],[-3.659,51.3328],[-3.659,51.3095],[-3.6325,51.3095],[-3.606,51.3095],[-3.5795,51.3095],[-3.5531,51.3095],[-3.5531,51.3049],[-3.5266,51.3049],[-3.5001,51.3049],[-3.4736,51.3049],[-3.4472,51.3049],[-3.4472,51.2923],[-3.4207,51.2923],[-3.3942,51.2923],[-3.3677,51.2923],[-3.3413,51.2923],[-3.2884,51.2923],[-3.2619,51.2923],[-3.2355,51.2923],[-3.2355,51.2794],[-3.209,51.2794],[-3.209,51.3209],[-3.1825,51.3209],[-3.156,51.3209],[-3.1296,51.3209],[-3.1296,51.3217],[-3.1031,51.3217],[-3.1031,51.3624],[-3.0766,51.3624]]]}},
{"type":"Feature","properties":{"entityId":"wessex","from":886,"to":917,"certainty":"estimated","source":"유럽 쪽은 Natural Earth 1:10m admin-1(v5.1.2) 현대 행정구역 조각을 그 시기 국경에 맞춰 묶고, 조각이 역사 경계와 다른 곳은 선을 그어 나눈 근사. 유럽 밖(시베리아·중앙아시아·극동)은 대략적인 추정. 운영자 검수 필요"},"geometry":{"type":"Polygon","coordinates":[[[-3.0766,51.3624],[-3.0766,51.4039],[-3.0501,51.4039],[-3.0501,51.4454],[-3.0237,51.4454],[-3.0237,51.4704],[-2.9972,51.4704],[-2.9707,51.4704],[-2.9443,51.4704],[-2.9178,51.4704],[-2.9178,51.4769],[-2.8913,51.4769],[-2.8913,51.5114],[-2.8649,51.5114],[-2.8649,51.5172],[-2.8384,51.5172],[-2.812,51.5172],[-2.812,51.5333],[-2.7855,51.5333],[-2.7591,51.5333],[-2.7326,51.5333],[-2.7326,51.5622],[-2.7061,51.5622],[-2.7061,51.5868],[-2.6796,51.5868],[-2.6666,51.5868],[-2.6531,51.5868],[-2.627,51.5868],[-2.6266,51.5872],[-2.6266,51.6271],[-2.6527,51.6271],[-2.6531,51.6268],[-2.6654,51.6173],[-2.6835,51.659],[-2.6617,51.6755],[-2.6837,51.7261],[-2.6702,51.7495],[-2.6758,51.7867],[-2.6485,51.8214],[-2.6589,51.8177],[-2.6958,51.8363],[-2.7287,51.8384],[-2.7757,51.875],[-2.8736,51.9292],[-2.9525,51.9087],[-2.9823,51.9228],[-2.9988,51.9467],[-3.0512,51.9835],[-3.0799,52.0168],[-3.0876,52.0517],[-3.1238,52.0757],[-3.1014,52.1132],[-3.1222,52.132],[-3.0757,52.1528],[-3.1077,52.1727],[-3.0541,52.2302],[-3.0025,52.257],[-2.9684,52.2578],[-2.9995,52.2962],[-2.9637,52.3226],[-2.9574,52.3412],[-3.0706,52.3466],[-3.1037,52.3681],[-3.1993,52.4125],[-3.2151,52.4384],[-3.1903,52.4688],[-3.1077,52.4939],[-3.0308,52.4969],[-2.9764,52.5381],[-3.0053,52.5673],[-3.1107,52.527],[-3.124,52.5665],[-3.1163,52.5863],[-3.0742,52.6067],[-3.0657,52.6336],[-3.0402,52.6467],[-3.0133,52.7084],[-2.9674,52.7199],[-2.9615,52.7337],[-2.9985,52.7561],[-3.0575,52.7662],[-3.0822,52.783],[-3.1404,52.7963],[-3.1522,52.8298],[-3.1219,52.8549],[-3.1284,52.88],[-3.0862,52.9136],[-3.0039,52.9498],[-2.9584,52.9505],[-2.933,52.9343],[-2.878,52.9414],[-2.848,52.9373],[-2.795,52.9039],[-2.7795,52.9006],[-2.7215,52.9182],[-2.7162,52.9418],[-2.7277,52.9665],[-2.7686,52.9815],[-2.8062,52.985],[-2.8505,53.0172],[-2.871,53.0663],[-2.8974,53.1022],[-2.9568,53.1446],[-2.9524,53.1529],[-2.9153,53.1671],[-2.9136,53.1834],[-2.9556,53.2155],[-3.0198,53.2467],[-3.0845,53.2586],[-3.0925,53.2787],[-3.1108,53.2787],[-3.1371,53.2787],[-3.1371,53.2954],[-3.1634,53.2954],[-3.1634,53.3226],[-3.1897,53.3226],[-3.1897,53.3208],[-3.216,53.3208],[-3.216,53.3528],[-3.2423,53.3528],[-3.2423,53.3832],[-3.2423,53.3849],[-3.2686,53.3849],[-3.2686,53.4153],[-3.2423,53.4137],[-3.1897,53.4105],[-3.1581,53.4085],[-3.1573,53.4088],[-3.1147,53.4127],[-3.095,53.4172],[-3.0938,53.4176],[-3.0867,53.4211],[-3.0792,53.4514],[-3.0613,53.4514],[-3.0524,53.4514],[-3.0359,53.4514],[-3.0359,53.4337],[-3.0356,53.4337],[-3.0236,53.425],[-3.0122,53.4167],[-3.0006,53.3985],[-2.9852,53.3985],[-2.9808,53.3928],[-2.9737,53.3862],[-2.9737,53.359],[-2.9469,53.359],[-2.9469,53.3284],[-2.92,53.3284],[-2.8932,53.3284],[-2.8932,53.2927],[-2.8815,53.2884],[-2.845,53.3001],[-2.8448,53.3001],[-2.7965,53.3],[-2.7965,53.322],[-2.7998,53.321],[-2.8103,53.3217],[-2.8034,53.3438],[-2.787,53.3366],[-2.7719,53.3489],[-2.7747,53.3605],[-2.7722,53.365],[-2.7547,53.3781],[-2.7411,53.3883],[-2.6806,53.3788],[-2.6629,53.3574],[-2.6291,53.3421],[-2.6057,53.3381],[-2.5807,53.3155],[-2.5694,53.3123],[-2.555,53.3123],[-2.5316,53.3196],[-2.509,53.3309],[-2.4471,53.355],[-2.4288,53.3803],[-2.395,53.3735],[-2.3648,53.3624],[-2.3167,53.3599],[-2.2834,53.3422],[-2.2603,53.3449],[-2.2384,53.3549],[-2.2036,53.3538],[-2.1761,53.3455],[-2.1745,53.3308],[-2.1595,53.3213],[-2.1403,53.3277],[-2.1306,53.3525],[-2.12,53.3594],[-2.0808,53.3611],[-2.0495,53.3522],[-2.0353,53.3677],[-2.0168,53.3704],[-1.9981,53.3358],[-1.9906,53.2416],[-1.9709,53.2302],[-1.9769,53.2073],[-1.9525,53.2138],[-1.9323,53.1949],[-1.8567,53.1763],[-1.7989,53.1416],[-1.7995,53.1186],[-1.7717,53.0902],[-1.7761,53.0708],[-1.7639,53.0319],[-1.7475,53.0222],[-1.7578,52.9825],[-1.8122,52.9613],[-1.817,52.9299],[-1.8403,52.9244],[-1.8239,52.8755],[-1.755,52.866],[-1.7208,52.8452],[-1.6306,52.8411],[-1.5909,52.8108],[-1.615,52.798],[-1.6292,52.7722],[-1.6725,52.7583],[-1.7004,52.7261],[-1.6459,52.7066],[-1.64,52.685],[-1.6078,52.6938],[-1.5831,52.685],[-1.58,52.6769],[-1.5339,52.6416],[-1.5589,52.6216],[-1.5423,52.6008],[-1.5458,52.5808],[-1.495,52.5563],[-1.4172,52.5352],[-1.3959,52.5125],[-1.2934,52.4794],[-1.2411,52.4261],[-1.2117,52.4158],[-1.1866,52.3813],[-1.1653,52.348],[-1.2334,52.3275],[-1.2417,52.311],[-1.2026,52.3013],[-1.2242,52.2824],[-1.2081,52.2499],[-1.2659,52.2277],[-1.2487,52.1952],[-1.3031,52.1811],[-1.3212,52.1615],[-1.2372,52.096],[-1.3067,52.0774],[-1.2939,52.0713],[-1.2967,52.0388],[-1.265,51.9797],[-1.1837,51.9783],[-1.1384,51.9897],[-1.1082,52.0092],[-1.1418,52.0177],[-1.0967,52.0438],[-1.0367,52.0536],[-1.0233,52.0647],[-0.9406,52.0719],[-0.9014,52.0186],[-0.8674,52.0338],[-0.838,52.011],[-0.7784,51.9768],[-0.7225,51.9497],[-0.6572,51.9479],[-0.6881,51.9027],[-0.6612,51.8963],[-0.6256,51.8763],[-0.603,51.8799],[-0.5611,51.8547],[-0.5336,51.8194],[-0.515,51.8019],[-0.4914,51.8149],[-0.4822,51.8344],[-0.4527,51.8474],[-0.4186,51.8433],[-0.38,51.8244],[-0.3645,51.826],[-0.3575,51.8366],[-0.3401,51.8438],[-0.3353,51.851],[-0.3475,51.8658],[-0.3487,51.881],[-0.3678,51.8922],[-0.3714,51.9074],[-0.3852,51.9211],[-0.3992,51.9349],[-0.3986,51.9547],[-0.375,51.978],[-0.3612,51.9494],[-0.3442,51.963],[-0.3478,51.9813],[-0.3114,51.9839],[-0.29,51.9936],[-0.2548,51.9786],[-0.237,51.9963],[-0.2009,52.01],[-0.2047,52.0302],[-0.1461,52.0697],[-0.1356,52.0435],[-0.1092,52.0194],[-0.0295,52.0399],[-0.0114,52.0516],[0.0514,52.0433],[0.0805,52.0024],[0.0825,51.9833],[0.1108,51.9736],[0.1417,51.8839],[0.1899,51.8902],[0.1992,51.8658],[0.1736,51.8483],[0.173,51.8252],[0.1903,51.8166],[0.158,51.7905],[0.1083,51.7775],[0.0356,51.7683],[0,51.7331],[-0.0113,51.6772],[-0.007,51.666],[-0.0128,51.6499],[-0.0026,51.6466],[-0.0124,51.6363],[-0.0134,51.6352],[-0.0138,51.6348],[-0.0145,51.6336],[-0.0147,51.6329],[-0.0149,51.6316],[-0.0151,51.6296],[-0.0152,51.6284],[-0.0165,51.6247],[-0.0167,51.6241],[-0.017,51.6222],[-0.0172,51.6216],[-0.0174,51.621],[-0.019,51.619],[-0.0196,51.6185],[-0.0211,51.6175],[-0.0248,51.6155],[-0.0256,51.6149],[-0.0275,51.6141],[-0.0283,51.6137],[-0.029,51.6132],[-0.0296,51.6127],[-0.0298,51.6123],[-0.0302,51.6114],[-0.0303,51.6108],[-0.0301,51.6086],[-0.0298,51.6075],[-0.0291,51.6063],[-0.029,51.6057],[-0.029,51.605],[-0.0291,51.6044],[-0.0296,51.6034],[-0.0298,51.6027],[-0.0299,51.602],[-0.03,51.6011],[-0.0331,51.5981],[-0.0341,51.5969],[-0.0367,51.5947],[-0.0385,51.5928],[-0.0391,51.592],[-0.0417,51.589],[-0.0424,51.5882],[-0.0434,51.5871],[-0.044,51.5863],[-0.0451,51.5851],[-0.0466,51.5832],[-0.0474,51.5815],[-0.0483,51.5803],[-0.0492,51.5785],[-0.0502,51.5773],[-0.0527,51.5736],[-0.0483,51.5654],[-0.0403,51.5599],[-0.0372,51.559],[-0.024,51.56],[-0.0208,51.5592],[-0.0106,51.5524],[-0.0105,51.5472],[-0.0107,51.5446],[-0.011,51.5435],[-0.0093,51.5338],[0.0039,51.5137],[0.0051,51.5127],[0.0082,51.511],[0.0132,51.5094],[0.0146,51.5085],[0.0194,51.5026],[0.0483,51.4911],[0.0719,51.4924],[0.0969,51.4977],[0.1205,51.5028],[0.1287,51.5046],[0.1485,51.5052],[0.166,51.5001],[0.1685,51.4994],[0.1907,51.4827],[0.2081,51.4839],[0.2246,51.489],[0.2189,51.4857],[0.2166,51.4777],[0.2228,51.4719],[0.2747,51.4599],[0.3063,51.4669],[0.3223,51.4669],[0.3375,51.4487],[0.3564,51.4464],[0.3845,51.4531],[0.4154,51.4564],[0.4463,51.4597],[0.4463,51.4861],[0.4561,51.5056],[0.4772,51.509],[0.5081,51.5141],[0.5254,51.5169],[0.539,51.5174],[0.539,51.4913],[0.5699,51.4885],[0.6008,51.4856],[0.6316,51.4828],[0.6316,51.5079],[0.6625,51.5079],[0.6625,51.5067],[0.6934,51.5067],[0.6934,51.4959],[0.7243,51.4959],[0.7551,51.4959],[0.7551,51.4949],[0.786,51.4949],[0.8169,51.4949],[0.8478,51.4949],[0.8786,51.4949],[0.8786,51.5037],[0.9095,51.5037],[0.9404,51.5037],[0.9713,51.5037],[1.0021,51.5037],[1.033,51.5037],[1.0639,51.5037],[1.0948,51.5037],[1.1257,51.5037],[1.1257,51.5133],[1.1566,51.5133],[1.1566,51.541],[1.1875,51.541],[1.2184,51.541],[1.2492,51.541],[1.2492,51.5487],[1.3727,51.3891],[1.4238,51.3921],[1.4483,51.3829],[1.4391,51.3501],[1.4187,51.3298],[1.4492,51.2904],[1.449,51.2903],[1.4492,51.29],[1.4107,51.2676],[1.4077,51.246],[1.4131,51.2217],[1.4048,51.1835],[1.3845,51.1517],[1.3572,51.131],[1.2904,51.1165],[1.263,51.1033],[1.2181,51.101],[1.1722,51.0774],[1.133,51.0768],[1.046,51.0476],[0.9776,50.9712],[0.9718,50.9568],[0.9798,50.9182],[0.9452,50.9094],[0.8698,50.9251],[0.8446,50.9304],[0.8331,50.9308],[0.5492,50.7653],[0.5488,50.7653],[0.2929,50.7672],[0.271,50.7474],[0.2141,50.7489],[0.1683,50.7598],[0.1221,50.7608],[0.1076,50.7686],[0.0573,50.769],[0.0322,50.7692],[0.007,50.7694],[-0.0181,50.7696],[-0.0433,50.7698],[-0.0936,50.7702],[-0.1439,50.7705],[-0.169,50.7707],[-0.1942,50.7709],[-0.2193,50.7711],[-0.2445,50.7713],[-0.2949,50.7717],[-0.6974,50.7748],[-0.7327,50.7673],[-0.7415,50.7707],[-0.7724,50.7665],[-0.7731,50.766],[-0.771,50.7369],[-0.8128,50.7348],[-0.8768,50.7608],[-0.9138,50.7548],[-0.9507,50.7489],[-0.9943,50.7418],[-1.0379,50.7347],[-1.0815,50.7277],[-1.1027,50.7242],[-1.0942,50.7126],[-1.0828,50.7133],[-1.0623,50.6928],[-1.0642,50.6907],[-1.0636,50.6904],[-1.0639,50.6903],[-1.0638,50.6902],[-1.0639,50.6902],[-1.0636,50.69],[-1.0656,50.6892],[-1.0753,50.6785],[-1.1142,50.6697],[-1.137,50.6605],[-1.1545,50.6481],[-1.1657,50.6303],[-1.1684,50.6035],[-1.2792,50.5825],[-1.3155,50.5892],[-1.3521,50.6059],[-1.493,50.661],[-1.561,50.6499],[-1.6045,50.6429],[-1.6481,50.6358],[-1.6917,50.6288],[-1.7353,50.6217],[-1.8225,50.6076],[-1.9097,50.5935],[-2.0841,50.5652],[-2.2585,50.537],[-2.4892,50.4996],[-2.4893,50.4996],[-2.4896,50.4996],[-2.6072,50.5489],[-2.7816,50.6221],[-2.8688,50.6587],[-2.9123,50.6769],[-2.9559,50.6952],[-2.9573,50.6958],[-3.1303,50.5731],[-3.133,50.5712],[-3.2188,50.5104],[-3.2617,50.48],[-3.3046,50.4495],[-3.3061,50.4485],[-3.3929,50.3869],[-3.4363,50.3561],[-3.4364,50.3561],[-3.4797,50.3254],[-3.616,50.2287],[-3.6163,50.2287],[-3.6164,50.2287],[-3.6476,50.2325],[-3.6456,50.226],[-3.718,50.2124],[-3.7742,50.223],[-3.789,50.2124],[-3.8263,50.2342],[-3.8562,50.2581],[-4.0106,50.277],[-4.0878,50.2865],[-4.1264,50.2912],[-4.165,50.296],[-4.2422,50.3054],[-4.3194,50.3149],[-4.4737,50.3338],[-4.4954,50.3284],[-4.5716,50.3256],[-5.0568,50.0612],[-5.0565,50.0606],[-5.0981,50.0144],[-5.1465,50.0106],[-5.1761,49.9879],[-5.1912,49.9591],[-5.2143,49.9754],[-5.2433,49.9596],[-5.2435,49.9597],[-5.2437,49.9596],[-5.5482,50.0738],[-5.5784,50.0548],[-5.6674,50.0429],[-5.7051,50.0523],[-5.7156,50.0827],[-5.6988,50.0854],[-5.7092,50.1326],[-5.7082,50.1338],[-5.7765,50.1594],[-5.7762,50.1596],[-5.7763,50.1596],[-5.7762,50.1597],[-5.7765,50.1598],[-4.9295,50.7673],[-4.8908,50.7951],[-4.7946,50.8641],[-4.7465,50.8986],[-4.6984,50.9331],[-4.506,51.0711],[-4.3112,51.2108],[-4.0825,51.2657],[-3.8707,51.3165],[-3.7648,51.3419],[-3.7383,51.3482],[-3.7119,51.3546],[-3.7119,51.3328],[-3.6854,51.3328],[-3.659,51.3328],[-3.659,51.3095],[-3.6325,51.3095],[-3.606,51.3095],[-3.5795,51.3095],[-3.5531,51.3095],[-3.5531,51.3049],[-3.5266,51.3049],[-3.5001,51.3049],[-3.4736,51.3049],[-3.4472,51.3049],[-3.4472,51.2923],[-3.4207,51.2923],[-3.3942,51.2923],[-3.3677,51.2923],[-3.3413,51.2923],[-3.2884,51.2923],[-3.2619,51.2923],[-3.2355,51.2923],[-3.2355,51.2794],[-3.209,51.2794],[-3.209,51.3209],[-3.1825,51.3209],[-3.156,51.3209],[-3.1296,51.3209],[-3.1296,51.3217],[-3.1031,51.3217],[-3.1031,51.3624],[-3.0766,51.3624]]]}},
{"type":"Feature","properties":{"entityId":"wessex","from":917,"to":918,"certainty":"estimated","source":"유럽 쪽은 Natural Earth 1:10m admin-1(v5.1.2) 현대 행정구역 조각을 그 시기 국경에 맞춰 묶고, 조각이 역사 경계와 다른 곳은 선을 그어 나눈 근사. 유럽 밖(시베리아·중앙아시아·극동)은 대략적인 추정. 운영자 검수 필요"},"geometry":{"type":"Polygon","coordinates":[[[-3.0766,51.3624],[-3.0766,51.4039],[-3.0501,51.4039],[-3.0501,51.4454],[-3.0237,51.4454],[-3.0237,51.4704],[-2.9972,51.4704],[-2.9707,51.4704],[-2.9443,51.4704],[-2.9178,51.4704],[-2.9178,51.4769],[-2.8913,51.4769],[-2.8913,51.5114],[-2.8649,51.5114],[-2.8649,51.5172],[-2.8384,51.5172],[-2.812,51.5172],[-2.812,51.5333],[-2.7855,51.5333],[-2.7591,51.5333],[-2.7326,51.5333],[-2.7326,51.5622],[-2.7061,51.5622],[-2.7061,51.5868],[-2.6796,51.5868],[-2.6666,51.5868],[-2.6531,51.5868],[-2.627,51.5868],[-2.6266,51.5872],[-2.6266,51.6271],[-2.6527,51.6271],[-2.6531,51.6268],[-2.6654,51.6173],[-2.6835,51.659],[-2.6617,51.6755],[-2.6837,51.7261],[-2.6702,51.7495],[-2.6758,51.7867],[-2.6485,51.8214],[-2.6589,51.8177],[-2.6958,51.8363],[-2.7287,51.8384],[-2.7757,51.875],[-2.8736,51.9292],[-2.9525,51.9087],[-2.9823,51.9228],[-2.9988,51.9467],[-3.0512,51.9835],[-3.0799,52.0168],[-3.0876,52.0517],[-3.1238,52.0757],[-3.1014,52.1132],[-3.1222,52.132],[-3.0757,52.1528],[-3.1077,52.1727],[-3.0541,52.2302],[-3.0025,52.257],[-2.9684,52.2578],[-2.9995,52.2962],[-2.9637,52.3226],[-2.9574,52.3412],[-3.0706,52.3466],[-3.1037,52.3681],[-3.1993,52.4125],[-3.2151,52.4384],[-3.1903,52.4688],[-3.1077,52.4939],[-3.0308,52.4969],[-2.9764,52.5381],[-3.0053,52.5673],[-3.1107,52.527],[-3.124,52.5665],[-3.1163,52.5863],[-3.0742,52.6067],[-3.0657,52.6336],[-3.0402,52.6467],[-3.0133,52.7084],[-2.9674,52.7199],[-2.9615,52.7337],[-2.9985,52.7561],[-3.0575,52.7662],[-3.0822,52.783],[-3.1404,52.7963],[-3.1522,52.8298],[-3.1219,52.8549],[-3.1284,52.88],[-3.0862,52.9136],[-3.0039,52.9498],[-2.9584,52.9505],[-2.933,52.9343],[-2.878,52.9414],[-2.848,52.9373],[-2.795,52.9039],[-2.7795,52.9006],[-2.7215,52.9182],[-2.7162,52.9418],[-2.7277,52.9665],[-2.7686,52.9815],[-2.8062,52.985],[-2.8505,53.0172],[-2.871,53.0663],[-2.8974,53.1022],[-2.9568,53.1446],[-2.9524,53.1529],[-2.9153,53.1671],[-2.9136,53.1834],[-2.9556,53.2155],[-3.0198,53.2467],[-3.0845,53.2586],[-3.0925,53.2787],[-3.1108,53.2787],[-3.1371,53.2787],[-3.1371,53.2954],[-3.1634,53.2954],[-3.1634,53.3226],[-3.1897,53.3226],[-3.1897,53.3208],[-3.216,53.3208],[-3.216,53.3528],[-3.2423,53.3528],[-3.2423,53.3832],[-3.2423,53.3849],[-3.2686,53.3849],[-3.2686,53.4153],[-3.2423,53.4137],[-3.1897,53.4105],[-3.1581,53.4085],[-3.1573,53.4088],[-3.1147,53.4127],[-3.095,53.4172],[-3.0938,53.4176],[-3.0867,53.4211],[-3.0792,53.4514],[-3.0613,53.4514],[-3.0524,53.4514],[-3.0359,53.4514],[-3.0359,53.4337],[-3.0356,53.4337],[-3.0236,53.425],[-3.0122,53.4167],[-3.0006,53.3985],[-2.9852,53.3985],[-2.9808,53.3928],[-2.9737,53.3862],[-2.9737,53.359],[-2.9469,53.359],[-2.9469,53.3284],[-2.92,53.3284],[-2.8932,53.3284],[-2.8932,53.2927],[-2.8815,53.2884],[-2.845,53.3001],[-2.8448,53.3001],[-2.7965,53.3],[-2.7965,53.322],[-2.7998,53.321],[-2.8103,53.3217],[-2.8034,53.3438],[-2.787,53.3366],[-2.7719,53.3489],[-2.7747,53.3605],[-2.7722,53.365],[-2.7547,53.3781],[-2.7411,53.3883],[-2.6806,53.3788],[-2.6629,53.3574],[-2.6291,53.3421],[-2.6057,53.3381],[-2.5807,53.3155],[-2.5694,53.3123],[-2.555,53.3123],[-2.5316,53.3196],[-2.509,53.3309],[-2.4471,53.355],[-2.4288,53.3803],[-2.395,53.3735],[-2.3648,53.3624],[-2.3167,53.3599],[-2.2834,53.3422],[-2.2603,53.3449],[-2.2384,53.3549],[-2.2036,53.3538],[-2.1761,53.3455],[-2.1745,53.3308],[-2.1595,53.3213],[-2.1403,53.3277],[-2.1306,53.3525],[-2.12,53.3594],[-2.0808,53.3611],[-2.0495,53.3522],[-2.0353,53.3677],[-2.0168,53.3704],[-1.9981,53.3358],[-1.9906,53.2416],[-1.9709,53.2302],[-1.9769,53.2073],[-1.9525,53.2138],[-1.9323,53.1949],[-1.8567,53.1763],[-1.7989,53.1416],[-1.7995,53.1186],[-1.7717,53.0902],[-1.7761,53.0708],[-1.7639,53.0319],[-1.7475,53.0222],[-1.7578,52.9825],[-1.8122,52.9613],[-1.817,52.9299],[-1.8403,52.9244],[-1.8239,52.8755],[-1.755,52.866],[-1.7208,52.8452],[-1.6306,52.8411],[-1.5909,52.8108],[-1.615,52.798],[-1.6292,52.7722],[-1.6725,52.7583],[-1.7004,52.7261],[-1.6459,52.7066],[-1.64,52.685],[-1.6078,52.6938],[-1.5831,52.685],[-1.58,52.6769],[-1.5339,52.6416],[-1.5589,52.6216],[-1.5423,52.6008],[-1.5458,52.5808],[-1.495,52.5563],[-1.4172,52.5352],[-1.3959,52.5125],[-1.2934,52.4794],[-1.2411,52.4261],[-1.2117,52.4158],[-1.1866,52.3813],[-1.1653,52.348],[-1.2334,52.3275],[-1.2417,52.311],[-1.2026,52.3013],[-1.2242,52.2824],[-1.2081,52.2499],[-1.2659,52.2277],[-1.2487,52.1952],[-1.3031,52.1811],[-1.3212,52.1615],[-1.2372,52.096],[-1.3067,52.0774],[-1.2939,52.0713],[-1.2967,52.0388],[-1.265,51.9797],[-1.1837,51.9783],[-1.1384,51.9897],[-1.1082,52.0092],[-1.1418,52.0177],[-1.0967,52.0438],[-1.0367,52.0536],[-1.0233,52.0647],[-0.9406,52.0719],[-0.9014,52.0186],[-0.8674,52.0338],[-0.838,52.011],[-0.7784,51.9768],[-0.7225,51.9497],[-0.6572,51.9479],[-0.6881,51.9027],[-0.6612,51.8963],[-0.6256,51.8763],[-0.603,51.8799],[-0.5611,51.8547],[-0.5336,51.8194],[-0.515,51.8019],[-0.4914,51.8149],[-0.4822,51.8344],[-0.4527,51.8474],[-0.4186,51.8433],[-0.38,51.8244],[-0.3645,51.826],[-0.3575,51.8366],[-0.3401,51.8438],[-0.3353,51.851],[-0.3475,51.8658],[-0.3487,51.881],[-0.3678,51.8922],[-0.3714,51.9074],[-0.3852,51.9211],[-0.3992,51.9349],[-0.3986,51.9547],[-0.375,51.978],[-0.3612,51.9494],[-0.3442,51.963],[-0.3478,51.9813],[-0.3114,51.9839],[-0.29,51.9936],[-0.2548,51.9786],[-0.237,51.9963],[-0.2009,52.01],[-0.2047,52.0302],[-0.1461,52.0697],[-0.132,52.1336],[-0.17,52.1297],[-0.2167,52.1327],[-0.207,52.1505],[-0.247,52.1605],[-0.2339,52.1727],[-0.2531,52.1919],[-0.292,52.2027],[-0.2934,52.2241],[-0.3317,52.2291],[-0.3553,52.2271],[-0.3684,52.2419],[-0.3711,52.2677],[-0.4189,52.278],[-0.4295,52.2974],[-0.4588,52.3088],[-0.4856,52.3486],[-0.4845,52.3655],[-0.4259,52.3824],[-0.3828,52.4121],[-0.3356,52.4555],[-0.3481,52.4899],[-0.4072,52.5118],[-0.3984,52.5374],[-0.4144,52.5596],[-0.4138,52.566],[-0.4609,52.5619],[-0.4739,52.568],[-0.4662,52.6091],[-0.4747,52.625],[-0.4907,52.6365],[-0.4667,52.6432],[-0.4356,52.6366],[-0.402,52.6369],[-0.315,52.6636],[-0.262,52.6474],[-0.1995,52.6562],[-0.1831,52.6419],[-0.1603,52.6444],[-0.1375,52.6385],[-0.1014,52.6519],[-0.0828,52.6499],[-0.0495,52.6579],[0.0322,52.648],[0.0572,52.6705],[0.0528,52.7005],[0.1494,52.7252],[0.1724,52.7243],[0.1997,52.7216],[0.2763,52.7563],[0.2625,52.7758],[0.2788,52.805],[0.2758,52.8041],[0.2758,52.8278],[0.2758,52.8598],[0.3053,52.8598],[0.3053,52.8996],[0.3053,52.9393],[0.3278,52.9393],[0.3278,52.982],[0.355,52.982],[0.355,52.977],[0.3822,52.977],[0.3822,53.0146],[0.4093,53.0146],[0.4094,53.0146],[0.4365,52.977],[0.4637,52.9393],[0.47,52.9305],[0.4822,52.9285],[0.4857,52.9335],[0.5203,52.9553],[0.5696,52.9693],[0.6714,52.9744],[0.6719,52.9744],[0.6847,52.9864],[0.7482,52.9748],[0.7581,52.9744],[0.8357,52.9744],[0.9054,52.9603],[0.9487,52.9541],[1.0011,52.9566],[1.0139,52.9602],[0.9661,52.9744],[1.2747,52.9292],[1.396,52.8914],[1.6442,52.7758],[1.697,52.731],[1.7472,52.6252],[1.7476,52.5328],[1.7712,52.4859],[1.7544,52.4674],[1.7293,52.4156],[1.7279,52.3963],[1.6836,52.3245],[1.6611,52.3016],[1.6472,52.2784],[1.6308,52.2195],[1.6309,52.1998],[1.5823,52.0815],[1.5339,52.0704],[1.4132,51.9937],[1.4117,51.9931],[1.3323,51.9401],[1.3119,51.9564],[1.271,51.9331],[1.2785,51.9279],[1.2599,51.9161],[1.2728,51.9021],[1.2747,51.8722],[1.2866,51.8817],[1.2764,51.8448],[1.2764,51.8444],[1.2722,51.8424],[1.2192,51.8118],[1.1354,51.7817],[1.0733,51.776],[1.2123,51.5964],[1.2184,51.5885],[1.2492,51.5487],[1.3727,51.3891],[1.4238,51.3921],[1.4483,51.3829],[1.4391,51.3501],[1.4187,51.3298],[1.4492,51.2904],[1.449,51.2903],[1.4492,51.29],[1.4107,51.2676],[1.4077,51.246],[1.4131,51.2217],[1.4048,51.1835],[1.3845,51.1517],[1.3572,51.131],[1.2904,51.1165],[1.263,51.1033],[1.2181,51.101],[1.1722,51.0774],[1.133,51.0768],[1.046,51.0476],[0.9776,50.9712],[0.9718,50.9568],[0.9798,50.9182],[0.9452,50.9094],[0.8698,50.9251],[0.8446,50.9304],[0.8331,50.9308],[0.5492,50.7653],[0.5488,50.7653],[0.2929,50.7672],[0.271,50.7474],[0.2141,50.7489],[0.1683,50.7598],[0.1221,50.7608],[0.1076,50.7686],[0.0573,50.769],[0.0322,50.7692],[0.007,50.7694],[-0.0181,50.7696],[-0.0433,50.7698],[-0.0936,50.7702],[-0.1439,50.7705],[-0.169,50.7707],[-0.1942,50.7709],[-0.2193,50.7711],[-0.2445,50.7713],[-0.2949,50.7717],[-0.6974,50.7748],[-0.7327,50.7673],[-0.7415,50.7707],[-0.7724,50.7665],[-0.7731,50.766],[-0.771,50.7369],[-0.8128,50.7348],[-0.8768,50.7608],[-0.9138,50.7548],[-0.9507,50.7489],[-0.9943,50.7418],[-1.0379,50.7347],[-1.0815,50.7277],[-1.1027,50.7242],[-1.0942,50.7126],[-1.0828,50.7133],[-1.0623,50.6928],[-1.0642,50.6907],[-1.0636,50.6904],[-1.0639,50.6903],[-1.0638,50.6902],[-1.0639,50.6902],[-1.0636,50.69],[-1.0656,50.6892],[-1.0753,50.6785],[-1.1142,50.6697],[-1.137,50.6605],[-1.1545,50.6481],[-1.1657,50.6303],[-1.1684,50.6035],[-1.2792,50.5825],[-1.3155,50.5892],[-1.3521,50.6059],[-1.493,50.661],[-1.561,50.6499],[-1.6045,50.6429],[-1.6481,50.6358],[-1.6917,50.6288],[-1.7353,50.6217],[-1.8225,50.6076],[-1.9097,50.5935],[-2.0841,50.5652],[-2.2585,50.537],[-2.4892,50.4996],[-2.4893,50.4996],[-2.4896,50.4996],[-2.6072,50.5489],[-2.7816,50.6221],[-2.8688,50.6587],[-2.9123,50.6769],[-2.9559,50.6952],[-2.9573,50.6958],[-3.1303,50.5731],[-3.133,50.5712],[-3.2188,50.5104],[-3.2617,50.48],[-3.3046,50.4495],[-3.3061,50.4485],[-3.3929,50.3869],[-3.4363,50.3561],[-3.4364,50.3561],[-3.4797,50.3254],[-3.616,50.2287],[-3.6163,50.2287],[-3.6164,50.2287],[-3.6476,50.2325],[-3.6456,50.226],[-3.718,50.2124],[-3.7742,50.223],[-3.789,50.2124],[-3.8263,50.2342],[-3.8562,50.2581],[-4.0106,50.277],[-4.0878,50.2865],[-4.1264,50.2912],[-4.165,50.296],[-4.2422,50.3054],[-4.3194,50.3149],[-4.4737,50.3338],[-4.4954,50.3284],[-4.5716,50.3256],[-5.0568,50.0612],[-5.0565,50.0606],[-5.0981,50.0144],[-5.1465,50.0106],[-5.1761,49.9879],[-5.1912,49.9591],[-5.2143,49.9754],[-5.2433,49.9596],[-5.2435,49.9597],[-5.2437,49.9596],[-5.5482,50.0738],[-5.5784,50.0548],[-5.6674,50.0429],[-5.7051,50.0523],[-5.7156,50.0827],[-5.6988,50.0854],[-5.7092,50.1326],[-5.7082,50.1338],[-5.7765,50.1594],[-5.7762,50.1596],[-5.7763,50.1596],[-5.7762,50.1597],[-5.7765,50.1598],[-4.9295,50.7673],[-4.8908,50.7951],[-4.7946,50.8641],[-4.7465,50.8986],[-4.6984,50.9331],[-4.506,51.0711],[-4.3112,51.2108],[-4.0825,51.2657],[-3.8707,51.3165],[-3.7648,51.3419],[-3.7383,51.3482],[-3.7119,51.3546],[-3.7119,51.3328],[-3.6854,51.3328],[-3.659,51.3328],[-3.659,51.3095],[-3.6325,51.3095],[-3.606,51.3095],[-3.5795,51.3095],[-3.5531,51.3095],[-3.5531,51.3049],[-3.5266,51.3049],[-3.5001,51.3049],[-3.4736,51.3049],[-3.4472,51.3049],[-3.4472,51.2923],[-3.4207,51.2923],[-3.3942,51.2923],[-3.3677,51.2923],[-3.3413,51.2923],[-3.2884,51.2923],[-3.2619,51.2923],[-3.2355,51.2923],[-3.2355,51.2794],[-3.209,51.2794],[-3.209,51.3209],[-3.1825,51.3209],[-3.156,51.3209],[-3.1296,51.3209],[-3.1296,51.3217],[-3.1031,51.3217],[-3.1031,51.3624],[-3.0766,51.3624]]]}},
{"type":"Feature","properties":{"entityId":"wessex","from":918,"to":927,"certainty":"estimated","source":"유럽 쪽은 Natural Earth 1:10m admin-1(v5.1.2) 현대 행정구역 조각을 그 시기 국경에 맞춰 묶고, 조각이 역사 경계와 다른 곳은 선을 그어 나눈 근사. 유럽 밖(시베리아·중앙아시아·극동)은 대략적인 추정. 운영자 검수 필요"},"geometry":{"type":"Polygon","coordinates":[[[-3.0766,51.3624],[-3.0766,51.4039],[-3.0501,51.4039],[-3.0501,51.4454],[-3.0237,51.4454],[-3.0237,51.4704],[-2.9972,51.4704],[-2.9707,51.4704],[-2.9443,51.4704],[-2.9178,51.4704],[-2.9178,51.4769],[-2.8913,51.4769],[-2.8913,51.5114],[-2.8649,51.5114],[-2.8649,51.5172],[-2.8384,51.5172],[-2.812,51.5172],[-2.812,51.5333],[-2.7855,51.5333],[-2.7591,51.5333],[-2.7326,51.5333],[-2.7326,51.5622],[-2.7061,51.5622],[-2.7061,51.5868],[-2.6796,51.5868],[-2.6666,51.5868],[-2.6531,51.5868],[-2.627,51.5868],[-2.6266,51.5872],[-2.6266,51.6271],[-2.6527,51.6271],[-2.6531,51.6268],[-2.6654,51.6173],[-2.6835,51.659],[-2.6617,51.6755],[-2.6837,51.7261],[-2.6702,51.7495],[-2.6758,51.7867],[-2.6485,51.8214],[-2.6589,51.8177],[-2.6958,51.8363],[-2.7287,51.8384],[-2.7757,51.875],[-2.8736,51.9292],[-2.9525,51.9087],[-2.9823,51.9228],[-2.9988,51.9467],[-3.0512,51.9835],[-3.0799,52.0168],[-3.0876,52.0517],[-3.1238,52.0757],[-3.1014,52.1132],[-3.1222,52.132],[-3.0757,52.1528],[-3.1077,52.1727],[-3.0541,52.2302],[-3.0025,52.257],[-2.9684,52.2578],[-2.9995,52.2962],[-2.9637,52.3226],[-2.9574,52.3412],[-3.0706,52.3466],[-3.1037,52.3681],[-3.1993,52.4125],[-3.2151,52.4384],[-3.1903,52.4688],[-3.1077,52.4939],[-3.0308,52.4969],[-2.9764,52.5381],[-3.0053,52.5673],[-3.1107,52.527],[-3.124,52.5665],[-3.1163,52.5863],[-3.0742,52.6067],[-3.0657,52.6336],[-3.0402,52.6467],[-3.0133,52.7084],[-2.9674,52.7199],[-2.9615,52.7337],[-2.9985,52.7561],[-3.0575,52.7662],[-3.0822,52.783],[-3.1404,52.7963],[-3.1522,52.8298],[-3.1219,52.8549],[-3.1284,52.88],[-3.0862,52.9136],[-3.0039,52.9498],[-2.9584,52.9505],[-2.933,52.9343],[-2.878,52.9414],[-2.848,52.9373],[-2.795,52.9039],[-2.7795,52.9006],[-2.7215,52.9182],[-2.7162,52.9418],[-2.7277,52.9665],[-2.7686,52.9815],[-2.8062,52.985],[-2.8505,53.0172],[-2.871,53.0663],[-2.8974,53.1022],[-2.9568,53.1446],[-2.9524,53.1529],[-2.9153,53.1671],[-2.9136,53.1834],[-2.9556,53.2155],[-3.0198,53.2467],[-3.0845,53.2586],[-3.0925,53.2787],[-3.1108,53.2787],[-3.1371,53.2787],[-3.1371,53.2954],[-3.1634,53.2954],[-3.1634,53.3226],[-3.1897,53.3226],[-3.1897,53.3208],[-3.216,53.3208],[-3.216,53.3528],[-3.2423,53.3528],[-3.2423,53.3832],[-3.2423,53.3849],[-3.2686,53.3849],[-3.2686,53.4153],[-3.2423,53.4137],[-3.1897,53.4105],[-3.1581,53.4085],[-3.1573,53.4088],[-3.1147,53.4127],[-3.095,53.4172],[-3.0938,53.4176],[-3.0867,53.4211],[-3.0792,53.4514],[-3.0613,53.4514],[-3.0524,53.4514],[-3.0359,53.4514],[-3.0359,53.4337],[-3.0356,53.4337],[-3.0236,53.425],[-3.0122,53.4167],[-3.0006,53.3985],[-2.9852,53.3985],[-2.9808,53.3928],[-2.9737,53.3862],[-2.9737,53.359],[-2.9469,53.359],[-2.9469,53.3284],[-2.92,53.3284],[-2.8932,53.3284],[-2.8932,53.2927],[-2.8815,53.2884],[-2.845,53.3001],[-2.8448,53.3001],[-2.7965,53.3],[-2.7965,53.322],[-2.7998,53.321],[-2.8103,53.3217],[-2.8034,53.3438],[-2.787,53.3366],[-2.7719,53.3489],[-2.7747,53.3605],[-2.7722,53.365],[-2.7547,53.3781],[-2.7411,53.3883],[-2.6806,53.3788],[-2.6629,53.3574],[-2.6291,53.3421],[-2.6057,53.3381],[-2.5807,53.3155],[-2.5694,53.3123],[-2.555,53.3123],[-2.5316,53.3196],[-2.509,53.3309],[-2.4471,53.355],[-2.4288,53.3803],[-2.395,53.3735],[-2.3648,53.3624],[-2.3167,53.3599],[-2.2834,53.3422],[-2.2603,53.3449],[-2.2384,53.3549],[-2.2036,53.3538],[-2.1761,53.3455],[-2.1745,53.3308],[-2.1595,53.3213],[-2.1403,53.3277],[-2.1306,53.3525],[-2.12,53.3594],[-2.0808,53.3611],[-2.0495,53.3522],[-2.0353,53.3677],[-2.0168,53.3704],[-2.0045,53.3741],[-1.9814,53.3983],[-1.9906,53.4064],[-2.0117,53.4125],[-2.0092,53.4274],[-1.9825,53.4438],[-1.9778,53.4688],[-1.9636,53.4947],[-1.9325,53.4958],[-1.9189,53.5008],[-1.91,53.5205],[-1.8972,53.533],[-1.8708,53.5322],[-1.8161,53.5161],[-1.7956,53.4969],[-1.7872,53.4686],[-1.7312,53.441],[-1.7342,53.4108],[-1.7017,53.4036],[-1.6906,53.3874],[-1.6464,53.3766],[-1.6503,53.3519],[-1.5925,53.3377],[-1.5828,53.3264],[-1.6148,53.308],[-1.5875,53.3022],[-1.5706,53.3049],[-1.5314,53.2897],[-1.4589,53.3069],[-1.432,53.3236],[-1.3937,53.3252],[-1.3828,53.3216],[-1.3809,53.3069],[-1.3592,53.3002],[-1.3325,53.2988],[-1.3114,53.3139],[-1.2867,53.3169],[-1.2773,53.3133],[-1.282,53.2994],[-1.2614,53.2986],[-1.2425,53.2908],[-1.176,53.2929],[-1.1661,53.3063],[-1.135,53.3258],[-1.1447,53.3377],[-1.1211,53.3455],[-1.1139,53.3561],[-1.1181,53.3786],[-1.0664,53.413],[-1.0131,53.4083],[-0.9775,53.4344],[-0.9698,53.463],[-0.9194,53.4874],[-0.9433,53.518],[-0.9148,53.533],[-0.872,53.5308],[-0.8728,53.5458],[-0.9045,53.5716],[-0.8609,53.5816],[-0.8607,53.6124],[-0.8441,53.6138],[-0.767,53.6581],[-0.6993,53.6913],[-0.7002,53.6916],[-0.7002,53.7098],[-0.6738,53.7191],[-0.6474,53.7284],[-0.637,53.732],[-0.621,53.7309],[-0.5946,53.7291],[-0.5792,53.728],[-0.5683,53.7222],[-0.5683,53.6953],[-0.5419,53.6832],[-0.5419,53.7096],[-0.5156,53.711],[-0.4892,53.7123],[-0.4628,53.7136],[-0.4497,53.7143],[-0.4364,53.7143],[-0.4364,53.7],[-0.4101,53.7029],[-0.3838,53.7058],[-0.3574,53.7088],[-0.331,53.7117],[-0.3072,53.7143],[-0.3047,53.7137],[-0.2995,53.7123],[-0.2783,53.7123],[-0.2519,53.7123],[-0.2519,53.685],[-0.2278,53.685],[-0.2255,53.685],[-0.1992,53.685],[-0.1992,53.669],[-0.1992,53.6576],[-0.1992,53.6383],[-0.1728,53.6383],[-0.1549,53.6383],[-0.1465,53.6383],[-0.1201,53.6383],[-0.1201,53.6076],[-0.0938,53.6076],[-0.0938,53.586],[-0.0674,53.586],[-0.041,53.586],[-0.0146,53.586],[0.0117,53.586],[0.0117,53.6045],[0.0345,53.6045],[0.0555,53.5656],[0.0765,53.5268],[0.0974,53.488],[0.1519,53.4758],[0.1758,53.4377],[0.2195,53.4195],[0.2449,53.3909],[0.3421,53.2263],[0.3562,53.1885],[0.3566,53.1457],[0.3405,53.1101],[0.355,53.09],[0.4093,53.0146],[0.4094,53.0146],[0.4365,52.977],[0.4637,52.9393],[0.47,52.9305],[0.4822,52.9285],[0.4857,52.9335],[0.5203,52.9553],[0.5696,52.9693],[0.6714,52.9744],[0.6719,52.9744],[0.6847,52.9864],[0.7482,52.9748],[0.7581,52.9744],[0.8357,52.9744],[0.9054,52.9603],[0.9487,52.9541],[1.0011,52.9566],[1.0139,52.9602],[0.9661,52.9744],[1.2747,52.9292],[1.396,52.8914],[1.6442,52.7758],[1.697,52.731],[1.7472,52.6252],[1.7476,52.5328],[1.7712,52.4859],[1.7544,52.4674],[1.7293,52.4156],[1.7279,52.3963],[1.6836,52.3245],[1.6611,52.3016],[1.6472,52.2784],[1.6308,52.2195],[1.6309,52.1998],[1.5823,52.0815],[1.5339,52.0704],[1.4132,51.9937],[1.4117,51.9931],[1.3323,51.9401],[1.3119,51.9564],[1.271,51.9331],[1.2785,51.9279],[1.2599,51.9161],[1.2728,51.9021],[1.2747,51.8722],[1.2866,51.8817],[1.2764,51.8448],[1.2764,51.8444],[1.2722,51.8424],[1.2192,51.8118],[1.1354,51.7817],[1.0733,51.776],[1.2123,51.5964],[1.2184,51.5885],[1.2492,51.5487],[1.3727,51.3891],[1.4238,51.3921],[1.4483,51.3829],[1.4391,51.3501],[1.4187,51.3298],[1.4492,51.2904],[1.449,51.2903],[1.4492,51.29],[1.4107,51.2676],[1.4077,51.246],[1.4131,51.2217],[1.4048,51.1835],[1.3845,51.1517],[1.3572,51.131],[1.2904,51.1165],[1.263,51.1033],[1.2181,51.101],[1.1722,51.0774],[1.133,51.0768],[1.046,51.0476],[0.9776,50.9712],[0.9718,50.9568],[0.9798,50.9182],[0.9452,50.9094],[0.8698,50.9251],[0.8446,50.9304],[0.8331,50.9308],[0.5492,50.7653],[0.5488,50.7653],[0.2929,50.7672],[0.271,50.7474],[0.2141,50.7489],[0.1683,50.7598],[0.1221,50.7608],[0.1076,50.7686],[0.0573,50.769],[0.0322,50.7692],[0.007,50.7694],[-0.0181,50.7696],[-0.0433,50.7698],[-0.0936,50.7702],[-0.1439,50.7705],[-0.169,50.7707],[-0.1942,50.7709],[-0.2193,50.7711],[-0.2445,50.7713],[-0.2949,50.7717],[-0.6974,50.7748],[-0.7327,50.7673],[-0.7415,50.7707],[-0.7724,50.7665],[-0.7731,50.766],[-0.771,50.7369],[-0.8128,50.7348],[-0.8768,50.7608],[-0.9138,50.7548],[-0.9507,50.7489],[-0.9943,50.7418],[-1.0379,50.7347],[-1.0815,50.7277],[-1.1027,50.7242],[-1.0942,50.7126],[-1.0828,50.7133],[-1.0623,50.6928],[-1.0642,50.6907],[-1.0636,50.6904],[-1.0639,50.6903],[-1.0638,50.6902],[-1.0639,50.6902],[-1.0636,50.69],[-1.0656,50.6892],[-1.0753,50.6785],[-1.1142,50.6697],[-1.137,50.6605],[-1.1545,50.6481],[-1.1657,50.6303],[-1.1684,50.6035],[-1.2792,50.5825],[-1.3155,50.5892],[-1.3521,50.6059],[-1.493,50.661],[-1.561,50.6499],[-1.6045,50.6429],[-1.6481,50.6358],[-1.6917,50.6288],[-1.7353,50.6217],[-1.8225,50.6076],[-1.9097,50.5935],[-2.0841,50.5652],[-2.2585,50.537],[-2.4892,50.4996],[-2.4893,50.4996],[-2.4896,50.4996],[-2.6072,50.5489],[-2.7816,50.6221],[-2.8688,50.6587],[-2.9123,50.6769],[-2.9559,50.6952],[-2.9573,50.6958],[-3.1303,50.5731],[-3.133,50.5712],[-3.2188,50.5104],[-3.2617,50.48],[-3.3046,50.4495],[-3.3061,50.4485],[-3.3929,50.3869],[-3.4363,50.3561],[-3.4364,50.3561],[-3.4797,50.3254],[-3.616,50.2287],[-3.6163,50.2287],[-3.6164,50.2287],[-3.6476,50.2325],[-3.6456,50.226],[-3.718,50.2124],[-3.7742,50.223],[-3.789,50.2124],[-3.8263,50.2342],[-3.8562,50.2581],[-4.0106,50.277],[-4.0878,50.2865],[-4.1264,50.2912],[-4.165,50.296],[-4.2422,50.3054],[-4.3194,50.3149],[-4.4737,50.3338],[-4.4954,50.3284],[-4.5716,50.3256],[-5.0568,50.0612],[-5.0565,50.0606],[-5.0981,50.0144],[-5.1465,50.0106],[-5.1761,49.9879],[-5.1912,49.9591],[-5.2143,49.9754],[-5.2433,49.9596],[-5.2435,49.9597],[-5.2437,49.9596],[-5.5482,50.0738],[-5.5784,50.0548],[-5.6674,50.0429],[-5.7051,50.0523],[-5.7156,50.0827],[-5.6988,50.0854],[-5.7092,50.1326],[-5.7082,50.1338],[-5.7765,50.1594],[-5.7762,50.1596],[-5.7763,50.1596],[-5.7762,50.1597],[-5.7765,50.1598],[-4.9295,50.7673],[-4.8908,50.7951],[-4.7946,50.8641],[-4.7465,50.8986],[-4.6984,50.9331],[-4.506,51.0711],[-4.3112,51.2108],[-4.0825,51.2657],[-3.8707,51.3165],[-3.7648,51.3419],[-3.7383,51.3482],[-3.7119,51.3546],[-3.7119,51.3328],[-3.6854,51.3328],[-3.659,51.3328],[-3.659,51.3095],[-3.6325,51.3095],[-3.606,51.3095],[-3.5795,51.3095],[-3.5531,51.3095],[-3.5531,51.3049],[-3.5266,51.3049],[-3.5001,51.3049],[-3.4736,51.3049],[-3.4472,51.3049],[-3.4472,51.2923],[-3.4207,51.2923],[-3.3942,51.2923],[-3.3677,51.2923],[-3.3413,51.2923],[-3.2884,51.2923],[-3.2619,51.2923],[-3.2355,51.2923],[-3.2355,51.2794],[-3.209,51.2794],[-3.209,51.3209],[-3.1825,51.3209],[-3.156,51.3209],[-3.1296,51.3209],[-3.1296,51.3217],[-3.1031,51.3217],[-3.1031,51.3624],[-3.0766,51.3624]]]}}
]}
