{"type":"FeatureCollection","features":[
{"type":"Feature","properties":{"entityId":"west-francia","from":843,"to":851,"certainty":"estimated","source":"유럽 쪽은 Natural Earth 1:10m admin-1(v5.1.2) 현대 행정구역 조각을 그 시기 국경에 맞춰 묶고, 조각이 역사 경계와 다른 곳은 선을 그어 나눈 근사. 유럽 밖(시베리아·중앙아시아·극동)은 대략적인 추정. 운영자 검수 필요"},"geometry":{"type":"MultiPolygon","coordinates":[[[[-4.7834,48.3764],[-4.755,48.342],[-4.7045,48.3416],[-4.6908,48.3623],[-4.6876,48.3621],[-4.6189,48.3485],[-4.5476,48.3629],[-4.5445,48.3402],[-4.5595,48.3387],[-4.575,48.2907],[-4.5767,48.2899],[-4.6263,48.2871],[-4.6263,48.2665],[-4.5573,48.263],[-4.5547,48.2596],[-4.5612,48.225],[-4.5438,48.2051],[-4.5575,48.1772],[-4.5316,48.1831],[-4.5241,48.1928],[-4.5109,48.0973],[-4.5128,48.0968],[-4.628,48.0864],[-4.6417,48.0736],[-4.6837,48.0673],[-4.6974,48.0749],[-4.7281,48.0406],[-4.653,48.0263],[-4.6321,48.026],[-4.5804,48.0114],[-4.572,48.0059],[-4.5681,48.008],[-4.4957,47.9875],[-4.4912,47.9556],[-4.4078,47.9345],[-4.376,47.8777],[-4.3474,47.8532],[-4.3476,47.8383],[-4.3734,47.8287],[-4.3718,47.8072],[-4.2252,47.8024],[-4.1852,47.8134],[-4.1696,47.8235],[-4.0697,47.8482],[-4.0648,47.8478],[-3.6498,47.7429],[-3.5824,47.7258],[-3.5487,47.7173],[-3.5151,47.7088],[-3.3805,47.6748],[-3.1642,47.6201],[-3.1412,47.598],[-3.1339,47.5439],[-3.1438,47.507],[-3.1317,47.4782],[-3.0845,47.4782],[-3.1233,47.519],[-3.1289,47.5476],[-3.112,47.5992],[-3.0738,47.5765],[-3.0424,47.5881],[-3.0034,47.5787],[-3.003,47.5794],[-2.9648,47.5697],[-2.8435,47.4865],[-2.7637,47.4318],[-2.7238,47.4045],[-2.684,47.3772],[-2.6458,47.351],[-2.365,47.1585],[-2.3168,47.1254],[-2.2491,47.079],[-2.2382,47.0715],[-2.2268,47.0637],[-2.2098,47.0464],[-2.2079,47.0445],[-2.1814,47.0175],[-2.1532,46.9889],[-2.1137,46.9487],[-2.098,46.9328],[-2.1022,46.9307],[-2.0963,46.9165],[-2.122,46.9037],[-2.1313,46.8718],[-2.1188,46.82],[-2.0503,46.7921],[-2.0022,46.7575],[-1.9921,46.7485],[-1.965,46.7104],[-1.9398,46.7019],[-1.9208,46.685],[-1.8213,46.558],[-1.8048,46.5036],[-1.7817,46.4954],[-1.7854,46.514],[-1.7742,46.5093],[-1.7684,46.5002],[-1.6868,46.4609],[-1.6459,46.4558],[-1.6321,46.4501],[-1.6256,46.4311],[-1.5988,46.425],[-1.598,46.425],[-1.5344,46.3603],[-1.5025,46.3279],[-1.4706,46.2956],[-1.4421,46.2666],[-1.4136,46.2377],[-1.4905,46.2244],[-1.508,46.2456],[-1.4739,46.2381],[-1.4679,46.2499],[-1.4981,46.2619],[-1.5558,46.2518],[-1.5043,46.2077],[-1.4329,46.2108],[-1.3506,46.1737],[-1.3432,46.1662],[-1.2496,46.0712],[-1.1936,46.0143],[-1.2021,45.9262],[-1.2198,45.9431],[-1.2194,45.9439],[-1.2336,45.9917],[-1.2738,45.9976],[-1.3399,46.0378],[-1.3829,46.048],[-1.3876,46.0501],[-1.3876,46.0499],[-1.388,46.0501],[-1.388,46.0492],[-1.4049,46.0532],[-1.3833,46.0155],[-1.375,45.9858],[-1.3783,45.976],[-1.3402,45.9387],[-1.2778,45.8942],[-1.2457,45.8546],[-1.2269,45.8198],[-1.2127,45.8153],[-1.2147,45.7949],[-1.2303,45.7924],[-1.2473,45.7099],[-1.2228,45.71],[-1.23,45.6345],[-1.2337,45.5966],[-1.2373,45.5588],[-1.2518,45.4074],[-1.2808,45.1045],[-1.3388,44.4988],[-1.3458,44.4252],[-1.3529,44.3516],[-1.367,44.2044],[-1.3844,44.0225],[-1.4818,43.9099],[-1.6848,43.6753],[-1.7231,43.6311],[-1.7997,43.5425],[-1.7614,43.5425],[-1.7614,43.4982],[-1.762,43.4982],[-1.762,43.4067],[-1.8006,43.4067],[-1.8006,43.3894],[-1.7941,43.386],[-1.7969,43.3411],[-1.7682,43.3309],[-1.7497,43.2948],[-1.6739,43.3042],[-1.645,43.2924],[-1.639,43.2557],[-1.5876,43.2516],[-1.559,43.2841],[-1.5081,43.2768],[-1.4664,43.2608],[-1.4322,43.265],[-1.4035,43.2433],[-1.3997,43.2067],[-1.4258,43.1353],[-1.4878,43.0818],[-1.4753,43.0601],[-1.435,43.0357],[-1.3831,43.0292],[-1.3576,43.0468],[-1.3483,43.0931],[-1.3086,43.1136],[-1.3106,43.0695],[-1.2749,43.0468],[-1.2169,43.0393],[-1.1499,43.0057],[-1.1124,43.0083],[-1.0797,42.9934],[-1.0285,42.9867],[-0.9815,42.957],[-0.9432,42.9479],[-0.8635,42.9431],[-0.7864,42.9533],[-0.7597,42.9465],[-0.745,42.9187],[-0.7459,42.8939],[-0.7301,42.8775],[-0.7004,42.8764],[-0.6483,42.8498],[-0.6095,42.8114],[-0.5829,42.7958],[-0.5787,42.7773],[-0.5356,42.7842],[-0.5339,42.808],[-0.5084,42.8075],[-0.4545,42.7889],[-0.4239,42.7907],[-0.3228,42.8425],[-0.3051,42.8308],[-0.247,42.8048],[-0.2351,42.7862],[-0.2084,42.7839],[-0.1614,42.7953],[-0.1636,42.778],[-0.119,42.7169],[-0.0389,42.6851],[-0.0043,42.6875],[0.0728,42.7085],[0.1342,42.7152],[0.1692,42.7265],[0.2384,42.7104],[0.2754,42.6687],[0.2902,42.6703],[0.336,42.7127],[0.3542,42.7175],[0.3893,42.6851],[0.4669,42.6904],[0.4835,42.6853],[0.6082,42.688],[0.6436,42.6845],[0.6634,42.6962],[0.6756,42.6887],[0.7084,42.6342],[0.7655,42.6099],[0.7615,42.5693],[0.7306,42.5197],[0.7303,42.5007],[0.7014,42.4843],[0.7151,42.4431],[0.7329,42.4269],[0.7464,42.3905],[0.7511,42.348],[0.7417,42.264],[0.7194,42.2268],[0.7035,42.1679],[0.7031,42.1203],[0.6843,42.09],[0.6425,41.9923],[0.5762,41.9513],[0.5672,41.9327],[0.5896,41.9186],[0.5976,41.8744],[0.5422,41.8267],[0.4966,41.8088],[0.4542,41.7625],[0.406,41.753],[0.3285,41.6774],[0.3481,41.6152],[0.3652,41.5983],[0.424,41.5929],[0.4412,41.5461],[0.4004,41.4965],[0.3485,41.4721],[0.3383,41.4059],[0.3273,41.3701],[0.3517,41.3625],[0.3773,41.3214],[0.3524,41.2792],[0.3604,41.2328],[0.3858,41.2789],[0.4332,41.2761],[0.4381,41.3248],[0.4728,41.3283],[0.5098,41.2885],[0.5314,41.2928],[0.5619,41.3239],[0.6208,41.2987],[0.7364,41.3184],[0.7585,41.3313],[0.805,41.3313],[0.8335,41.3585],[0.879,41.342],[0.9577,41.3545],[0.9895,41.3983],[1.0237,41.4063],[1.062,41.4516],[1.073,41.4827],[1.1172,41.4725],[1.1574,41.4802],[1.1702,41.4954],[1.178,41.5445],[1.2078,41.5723],[1.3718,41.5654],[1.3927,41.575],[1.4311,41.574],[1.4277,41.5524],[1.3974,41.5213],[1.4047,41.5067],[1.4828,41.4766],[1.4719,41.4266],[1.4853,41.4075],[1.5368,41.3852],[1.5596,41.3663],[1.5661,41.3341],[1.5861,41.301],[1.6086,41.2885],[1.6055,41.259],[1.5739,41.2344],[1.6278,41.218],[1.6244,41.1922],[1.6397,41.1957],[1.6397,41.1511],[1.6841,41.1584],[1.7284,41.1657],[1.9058,41.195],[2.0936,41.226],[2.6155,41.5927],[2.6519,41.6053],[2.7785,41.6456],[2.792,41.669],[2.8511,41.6972],[2.933,41.7125],[2.9509,41.7343],[3.0403,41.7869],[3.0691,41.7991],[3.0735,41.8119],[3.1272,41.8469],[3.1502,41.8454],[3.1949,41.8883],[3.2099,41.9115],[3.2492,41.944],[3.2492,41.9444],[3.2384,42.0833],[3.224,42.1111],[3.1736,42.1354],[3.1521,42.163],[3.1658,42.2526],[3.2101,42.2397],[3.263,42.2399],[3.287,42.2629],[3.2993,42.2869],[3.3068,42.2895],[3.3067,42.2899],[3.3068,42.2899],[3.3044,42.297],[3.3177,42.323],[3.2933,42.3303],[3.2888,42.3437],[3.2384,42.368],[3.2253,42.4006],[3.2132,42.4305],[3.2108,42.4358],[3.1988,42.4617],[3.1911,42.471],[3.0908,42.5919],[3.087,42.6117],[3.0604,42.7524],[3.0502,42.806],[3.0535,42.8228],[3.0602,42.858],[3.0669,42.8931],[3.0789,42.9558],[3.1628,43.0811],[3.1703,43.0896],[3.1721,43.09],[3.1851,43.0929],[3.2652,43.1108],[3.3053,43.1198],[3.3453,43.1287],[3.4254,43.1466],[3.8117,43.233],[3.9569,43.2654],[4.0052,43.2762],[4.102,43.2978],[4.1503,43.3086],[4.1987,43.3194],[4.1987,43.4626],[4.2059,43.4599],[4.2313,43.4715],[4.2476,43.501],[4.3371,43.5321],[4.4004,43.5622],[4.413,43.5819],[4.4483,43.5873],[4.4599,43.6178],[4.4296,43.6248],[4.4516,43.6666],[4.4995,43.7063],[4.5415,43.7129],[4.6049,43.696],[4.6169,43.741],[4.6464,43.7949],[4.6409,43.8706],[4.7267,43.9172],[4.7728,43.9328],[4.8064,43.9529],[4.822,43.9758],[4.8209,44.0004],[4.8475,44.0022],[4.8444,44.0221],[4.7779,44.0843],[4.7295,44.0859],[4.719,44.1247],[4.7213,44.1902],[4.6881,44.2194],[4.6856,44.2403],[4.6578,44.2817],[4.6575,44.3268],[4.677,44.4372],[4.7034,44.4747],[4.7213,44.5734],[4.74,44.6063],[4.7895,44.6585],[4.7964,44.6964],[4.769,44.7547],[4.7776,44.7954],[4.8283,44.837],[4.8306,44.8509],[4.8686,44.8848],[4.8926,44.9495],[4.851,45.0215],[4.8584,45.0656],[4.8447,45.101],[4.8228,45.1112],[4.8273,45.1579],[4.8141,45.1974],[4.8114,45.2963],[4.7759,45.3372],[4.7698,45.3657],[4.7554,45.4021],[4.76,45.4445],[4.7182,45.4797],[4.6791,45.4779],[4.6543,45.4912],[4.6659,45.5549],[4.6402,45.5813],[4.6069,45.5843],[4.5461,45.5776],[4.497,45.5847],[4.4356,45.6134],[4.3842,45.6544],[4.3654,45.6985],[4.3992,45.7374],[4.3968,45.7494],[4.3442,45.7603],[4.3442,45.7777],[4.3834,45.8182],[4.3938,45.8428],[4.3723,45.8659],[4.3421,45.8782],[4.3309,45.8975],[4.3403,45.9247],[4.3277,45.942],[4.2589,45.9703],[4.253,45.9849],[4.2998,45.9986],[4.3003,46.023],[4.2526,46.0498],[4.2584,46.0667],[4.357,46.1418],[4.4322,46.1507],[4.4327,46.1915],[4.3839,46.2248],[4.4085,46.2898],[4.5176,46.2762],[4.5543,46.2887],[4.5812,46.2659],[4.6057,46.2631],[4.6381,46.2992],[4.673,46.2882],[4.6774,46.2613],[4.7041,46.2475],[4.7031,46.2247],[4.7202,46.1886],[4.7392,46.177],[4.7978,46.1718],[4.7952,46.1923],[4.8186,46.2573],[4.8728,46.3376],[4.8742,46.3597],[4.8993,46.3961],[4.9119,46.4472],[4.9376,46.5016],[4.96,46.5095],[5.0253,46.4933],[5.0641,46.4927],[5.1252,46.509],[5.1786,46.5054],[5.2404,46.4687],[5.311,46.4554],[5.4034,46.4749],[5.4241,46.4989],[5.3695,46.5291],[5.3637,46.5687],[5.4017,46.5909],[5.423,46.6315],[5.4207,46.662],[5.3943,46.7273],[5.3757,46.7382],[5.3834,46.7778],[5.3495,46.8011],[5.376,46.8224],[5.4371,46.8281],[5.4583,46.8563],[5.3949,46.8834],[5.3302,46.9031],[5.275,46.9442],[5.2506,46.9812],[5.3107,47.0133],[5.3068,47.056],[5.3826,47.0814],[5.4044,47.0986],[5.4859,47.1911],[5.5217,47.2893],[5.5032,47.3076],[5.4941,47.3712],[5.458,47.3953],[5.4521,47.433],[5.4073,47.4569],[5.4216,47.4921],[5.4607,47.5006],[5.4927,47.531],[5.4787,47.5986],[5.4407,47.6186],[5.4088,47.5968],[5.3749,47.6078],[5.4207,47.6711],[5.5013,47.6819],[5.555,47.6602],[5.5867,47.6579],[5.6827,47.6806],[5.7009,47.6931],[5.7099,47.7641],[5.7,47.792],[5.716,47.8129],[5.821,47.8635],[5.8608,47.9011],[5.8921,47.9091],[5.8918,47.9326],[5.8492,47.9676],[5.8128,47.9572],[5.7981,47.9642],[5.799,48.0012],[5.788,48.0225],[5.7322,48.0467],[5.6593,48.1008],[5.6885,48.1477],[5.6975,48.1805],[5.7203,48.196],[5.713,48.2114],[5.6615,48.2386],[5.6379,48.2808],[5.5844,48.2838],[5.534,48.3339],[5.5085,48.3507],[5.4322,48.3373],[5.4242,48.3881],[5.4552,48.4192],[5.3563,48.4814],[5.3448,48.5004],[5.2686,48.5108],[5.187,48.5419],[5.117,48.5812],[5.0359,48.6181],[5.0046,48.6554],[4.9921,48.6929],[4.9828,48.75],[4.9172,48.7877],[4.9069,48.8048],[4.9302,48.8322],[4.9216,48.8785],[4.9452,48.9157],[4.9888,48.9245],[5.0174,48.9472],[5.0202,48.9913],[5.0338,49.0125],[4.9978,49.0309],[4.987,49.0476],[4.9789,49.1201],[4.9554,49.1652],[4.98,49.2098],[4.9787,49.2357],[5.0495,49.2798],[5.0421,49.3321],[5.0919,49.3787],[5.1139,49.4218],[5.0959,49.466],[5.0713,49.5005],[5.0947,49.5208],[5.1008,49.5635],[5.1395,49.585],[5.1841,49.5641],[5.2629,49.5588],[5.2731,49.544],[5.3021,49.5495],[5.3899,49.5933],[5.3912,49.6088],[5.3349,49.6258],[5.2979,49.6133],[5.2994,49.6625],[5.2592,49.6913],[5.1925,49.6828],[5.1364,49.7053],[5.0819,49.7527],[5.0263,49.7667],[4.9684,49.797],[4.8842,49.7841],[4.849,49.7942],[4.8492,49.8316],[4.8369,49.848],[4.8594,49.8917],[4.8446,49.9317],[4.7973,49.9443],[4.7883,49.9743],[4.8267,50.036],[4.8272,50.0641],[4.846,50.0907],[4.8629,50.0841],[4.8719,50.1398],[4.8201,50.1464],[4.8156,50.1613],[4.7886,50.1534],[4.6819,50.0839],[4.6729,50.0164],[4.6567,49.9891],[4.6042,49.9802],[4.4648,49.9356],[4.4277,49.9336],[4.2776,49.9602],[4.2159,49.9544],[4.1877,49.9555],[4.1317,49.975],[4.1373,50.0251],[4.21,50.0602],[4.1806,50.1272],[4.1258,50.1282],[4.1573,50.2127],[4.2037,50.252],[4.1628,50.273],[4.1437,50.2516],[4.1253,50.2571],[4.0979,50.2948],[4.0227,50.3381],[3.9821,50.3426],[3.8959,50.3253],[3.8402,50.3452],[3.7987,50.3485],[3.7415,50.3431],[3.6969,50.2982],[3.6617,50.3193],[3.6529,50.3602],[3.6444,50.4455],[3.6083,50.4765],[3.5637,50.4865],[3.4991,50.4868],[3.4915,50.5171],[3.4629,50.5191],[3.4292,50.5018],[3.3854,50.4916],[3.3436,50.4929],[3.2999,50.5075],[3.271,50.5269],[3.2643,50.5702],[3.2298,50.6554],[3.2438,50.6721],[3.2244,50.7052],[3.1969,50.7092],[3.1628,50.7499],[3.2197,50.7673],[3.2608,50.7523],[3.3033,50.7564],[3.3231,50.7235],[3.3635,50.7097],[3.4128,50.7474],[3.4576,50.7685],[3.4941,50.7589],[3.534,50.7664],[3.5405,50.7349],[3.6066,50.7342],[3.6347,50.7219],[3.6753,50.7719],[3.704,50.7821],[3.7145,50.7686],[3.7578,50.7803],[3.7746,50.749],[3.828,50.7435],[3.8844,50.7514],[3.895,50.7342],[3.9506,50.7341],[3.9312,50.7576],[3.9563,50.7798],[3.9822,50.7669],[4.0604,50.7926],[4.0749,50.8207],[4.0404,50.8384],[4.0871,50.8814],[4.0736,50.9],[4.1001,50.9125],[4.0913,50.9318],[4.137,50.9196],[4.1602,50.9299],[4.1465,50.9706],[4.1617,50.9906],[4.2171,50.9901],[4.2403,51.0381],[4.2123,51.0341],[4.1964,51.0545],[4.182,51.0999],[4.2158,51.1215],[4.316,51.1322],[4.333,51.1697],[4.2886,51.2579],[4.2987,51.2696],[4.303,51.2961],[4.2875,51.3068],[4.2875,51.317],[4.2854,51.318],[4.2837,51.3421],[4.2441,51.3421],[4.237,51.3503],[4.237,51.3816],[4.1904,51.3816],[4.1904,51.375],[4.2215,51.368],[4.2126,51.37],[4.15,51.37],[4,51.4],[3.85,51.37],[3.75,51.385],[3.6,51.42],[3.4608,51.4246],[3.4179,51.4017],[3.3878,51.3857],[3.3828,51.3847],[3.3496,51.3778],[3.3477,51.3774],[3.3126,51.3702],[3.2775,51.3629],[3.2236,51.3518],[3.2073,51.3464],[3.1248,51.3297],[2.9983,51.2774],[2.9608,51.265],[2.9162,51.2478],[2.6523,51.1824],[2.5658,51.1609],[2.5226,51.1502],[2.5144,51.1482],[2.4793,51.1401],[2.1333,51.0605],[2.0901,51.0505],[2.0468,51.0405],[1.9603,51.0206],[1.6396,50.9468],[1.6143,50.8782],[1.5806,50.8688],[1.5946,50.8248],[1.512,50.6011],[1.4707,50.4893],[1.4501,50.4334],[1.4398,50.4055],[1.4294,50.3775],[1.3696,50.2153],[1.3489,50.1593],[1.3372,50.1276],[1.2877,50.111],[1.268,50.1044],[1.1871,50.0772],[1.0252,50.0229],[0.0541,49.6971],[-0.1077,49.6428],[-0.1887,49.6156],[-0.2696,49.5885],[-0.31,49.5749],[-0.3505,49.5613],[-0.4314,49.5342],[-0.5933,49.4799],[-0.887,49.3813],[-0.9169,49.3864],[-0.9404,49.3923],[-0.9543,49.3928],[-0.9592,49.3936],[-0.9596,49.3936],[-0.9698,49.3933],[-1.0723,49.3968],[-1.084,49.3909],[-1.158,49.4245],[-1.1847,49.4366],[-1.1932,49.4457],[-1.212,49.4688],[-1.2328,49.4943],[-1.263,49.5914],[-1.2533,49.6123],[-1.2278,49.6241],[-1.2322,49.6414],[-1.258,49.6792],[-1.258,49.68],[-1.2587,49.6802],[-1.2711,49.6984],[-1.3913,49.7127],[-1.4557,49.7022],[-1.4752,49.6884],[-1.5894,49.6679],[-1.7044,49.6818],[-1.7249,49.682],[-1.7251,49.682],[-1.9348,49.7772],[-1.9347,49.777],[-1.9352,49.7772],[-1.9351,49.7767],[-1.9352,49.7768],[-1.9208,49.7253],[-1.9352,49.7241],[-1.9456,49.678],[-1.9051,49.6693],[-1.8704,49.5452],[-1.8847,49.5309],[-1.8602,49.5086],[-1.7352,49.0619],[-1.6727,48.8386],[-1.6415,48.727],[-1.6266,48.6738],[-1.6185,48.645],[-1.6404,48.6483],[-1.6719,48.6532],[-1.735,48.6628],[-1.8466,48.68],[-1.8363,48.6911],[-1.8437,48.7121],[-1.9484,48.6956],[-2.022,48.7069],[-2.0588,48.7125],[-2.0956,48.7182],[-2.2427,48.7407],[-2.537,48.7859],[-3.0915,48.8709],[-3.0915,48.8713],[-3.0928,48.8711],[-3.2956,48.9022],[-3.296,48.9022],[-3.4676,48.8733],[-3.655,48.8417],[-3.7018,48.8338],[-3.7487,48.8259],[-3.8424,48.8101],[-4.592,48.6838],[-4.5919,48.6834],[-4.592,48.6834],[-4.5807,48.6022],[-4.6077,48.603],[-4.5976,48.5914],[-4.6277,48.5788],[-4.6425,48.5819],[-4.722,48.5682],[-4.7646,48.5202],[-4.7746,48.4913],[-4.7493,48.4788],[-4.7799,48.4549],[-4.7834,48.4174],[-4.7648,48.3776],[-4.7834,48.3764]]],[[[-2.6735,49.4335],[-2.6693,49.4309],[-2.5731,49.4309],[-2.5521,49.4267],[-2.549,49.4283],[-2.5472,49.4279],[-2.5472,49.428],[-2.5468,49.4279],[-2.5456,49.4301],[-2.5341,49.4362],[-2.5267,49.4585],[-2.5245,49.4688],[-2.5127,49.4903],[-2.5058,49.498],[-2.5017,49.5067],[-2.5182,49.5155],[-2.5382,49.5098],[-2.5496,49.5042],[-2.5736,49.4954],[-2.5802,49.4936],[-2.5825,49.4922],[-2.648,49.4682],[-2.6479,49.4679],[-2.648,49.4678],[-2.6464,49.464],[-2.6503,49.4637],[-2.6566,49.4594],[-2.6518,49.4452],[-2.663,49.4438],[-2.6735,49.4335]]],[[[-2.242,49.248],[-2.2332,49.2285],[-2.2296,49.2165],[-2.2376,49.1766],[-2.2375,49.1766],[-2.2376,49.1762],[-2.2372,49.1763],[-2.2372,49.1762],[-2.1826,49.1841],[-2.1772,49.1802],[-2.1687,49.1783],[-2.1626,49.1866],[-2.1013,49.1866],[-2.097,49.1837],[-2.08,49.1787],[-2.0734,49.1786],[-2.054,49.1693],[-2.0537,49.1694],[-2.0536,49.1693],[-2.0354,49.1744],[-2.0245,49.1713],[-2.0237,49.1777],[-2.0104,49.1814],[-2.0105,49.1818],[-2.0104,49.1818],[-2.014,49.2072],[-2.0083,49.2125],[-2.0158,49.2196],[-2.0176,49.2321],[-2.021,49.2333],[-2.0207,49.2353],[-2.0679,49.2507],[-2.0827,49.2602],[-2.1039,49.2582],[-2.1059,49.2568],[-2.1218,49.2582],[-2.122,49.2583],[-2.1438,49.2619],[-2.1517,49.267],[-2.1618,49.2618],[-2.2192,49.2669],[-2.2196,49.2669],[-2.2209,49.2605],[-2.2294,49.263],[-2.2411,49.2602],[-2.242,49.248]]],[[[4.2609,51.37],[4.2611,51.3694],[4.2811,51.3689],[4.2803,51.37],[4.2609,51.37]]],[[[7.3624,43.6731],[7.4029,43.6731],[7.4049,43.6744],[7.4361,43.6938],[7.4474,43.6958],[7.4899,43.7033],[7.4899,43.744],[7.4474,43.744],[7.4474,43.7488],[7.4375,43.7434],[7.4262,43.7555],[7.407,43.7635],[7.3875,43.7579],[7.3727,43.7458],[7.3673,43.7341],[7.3658,43.7227],[7.3624,43.7192],[7.3624,43.6731]]],[[[7.4797,43.86],[7.5023,43.7922],[7.4899,43.7885],[7.4899,43.744],[7.515,43.744],[7.515,43.86],[7.4797,43.86]]]]}},
{"type":"Feature","properties":{"entityId":"west-francia","from":851,"to":867,"certainty":"estimated","source":"유럽 쪽은 Natural Earth 1:10m admin-1(v5.1.2) 현대 행정구역 조각을 그 시기 국경에 맞춰 묶고, 조각이 역사 경계와 다른 곳은 선을 그어 나눈 근사. 유럽 밖(시베리아·중앙아시아·극동)은 대략적인 추정. 운영자 검수 필요"},"geometry":{"type":"MultiPolygon","coordinates":[[[[-2.6735,49.4335],[-2.6693,49.4309],[-2.5731,49.4309],[-2.5521,49.4267],[-2.549,49.4283],[-2.5472,49.4279],[-2.5472,49.428],[-2.5468,49.4279],[-2.5456,49.4301],[-2.5341,49.4362],[-2.5267,49.4585],[-2.5245,49.4688],[-2.5127,49.4903],[-2.5058,49.498],[-2.5017,49.5067],[-2.5182,49.5155],[-2.5382,49.5098],[-2.5496,49.5042],[-2.5736,49.4954],[-2.5802,49.4936],[-2.5825,49.4922],[-2.648,49.4682],[-2.6479,49.4679],[-2.648,49.4678],[-2.6464,49.464],[-2.6503,49.4637],[-2.6566,49.4594],[-2.6518,49.4452],[-2.663,49.4438],[-2.6735,49.4335]]],[[[-2.242,49.248],[-2.2332,49.2285],[-2.2296,49.2165],[-2.2376,49.1766],[-2.2375,49.1766],[-2.2376,49.1762],[-2.2372,49.1763],[-2.2372,49.1762],[-2.1826,49.1841],[-2.1772,49.1802],[-2.1687,49.1783],[-2.1626,49.1866],[-2.1013,49.1866],[-2.097,49.1837],[-2.08,49.1787],[-2.0734,49.1786],[-2.054,49.1693],[-2.0537,49.1694],[-2.0536,49.1693],[-2.0354,49.1744],[-2.0245,49.1713],[-2.0237,49.1777],[-2.0104,49.1814],[-2.0105,49.1818],[-2.0104,49.1818],[-2.014,49.2072],[-2.0083,49.2125],[-2.0158,49.2196],[-2.0176,49.2321],[-2.021,49.2333],[-2.0207,49.2353],[-2.0679,49.2507],[-2.0827,49.2602],[-2.1039,49.2582],[-2.1059,49.2568],[-2.1218,49.2582],[-2.122,49.2583],[-2.1438,49.2619],[-2.1517,49.267],[-2.1618,49.2618],[-2.2192,49.2669],[-2.2196,49.2669],[-2.2209,49.2605],[-2.2294,49.263],[-2.2411,49.2602],[-2.242,49.248]]],[[[-2.1814,47.0175],[-2.1532,46.9889],[-2.1137,46.9487],[-2.098,46.9328],[-2.1022,46.9307],[-2.0963,46.9165],[-2.122,46.9037],[-2.1313,46.8718],[-2.1188,46.82],[-2.0503,46.7921],[-2.0022,46.7575],[-1.9921,46.7485],[-1.965,46.7104],[-1.9398,46.7019],[-1.9208,46.685],[-1.8213,46.558],[-1.8048,46.5036],[-1.7817,46.4954],[-1.7854,46.514],[-1.7742,46.5093],[-1.7684,46.5002],[-1.6868,46.4609],[-1.6459,46.4558],[-1.6321,46.4501],[-1.6256,46.4311],[-1.5988,46.425],[-1.598,46.425],[-1.5344,46.3603],[-1.5025,46.3279],[-1.4706,46.2956],[-1.4421,46.2666],[-1.4136,46.2377],[-1.4905,46.2244],[-1.508,46.2456],[-1.4739,46.2381],[-1.4679,46.2499],[-1.4981,46.2619],[-1.5558,46.2518],[-1.5043,46.2077],[-1.4329,46.2108],[-1.3506,46.1737],[-1.3432,46.1662],[-1.2496,46.0712],[-1.1936,46.0143],[-1.2021,45.9262],[-1.2198,45.9431],[-1.2194,45.9439],[-1.2336,45.9917],[-1.2738,45.9976],[-1.3399,46.0378],[-1.3829,46.048],[-1.3876,46.0501],[-1.3876,46.0499],[-1.388,46.0501],[-1.388,46.0492],[-1.4049,46.0532],[-1.3833,46.0155],[-1.375,45.9858],[-1.3783,45.976],[-1.3402,45.9387],[-1.2778,45.8942],[-1.2457,45.8546],[-1.2269,45.8198],[-1.2127,45.8153],[-1.2147,45.7949],[-1.2303,45.7924],[-1.2473,45.7099],[-1.2228,45.71],[-1.23,45.6345],[-1.2337,45.5966],[-1.2373,45.5588],[-1.2518,45.4074],[-1.2808,45.1045],[-1.3388,44.4988],[-1.3458,44.4252],[-1.3529,44.3516],[-1.367,44.2044],[-1.3844,44.0225],[-1.4818,43.9099],[-1.6848,43.6753],[-1.7231,43.6311],[-1.7997,43.5425],[-1.7614,43.5425],[-1.7614,43.4982],[-1.762,43.4982],[-1.762,43.4067],[-1.8006,43.4067],[-1.8006,43.3894],[-1.7941,43.386],[-1.7969,43.3411],[-1.7682,43.3309],[-1.7497,43.2948],[-1.6739,43.3042],[-1.645,43.2924],[-1.639,43.2557],[-1.5876,43.2516],[-1.559,43.2841],[-1.5081,43.2768],[-1.4664,43.2608],[-1.4322,43.265],[-1.4035,43.2433],[-1.3997,43.2067],[-1.4258,43.1353],[-1.4878,43.0818],[-1.4753,43.0601],[-1.435,43.0357],[-1.3831,43.0292],[-1.3576,43.0468],[-1.3483,43.0931],[-1.3086,43.1136],[-1.3106,43.0695],[-1.2749,43.0468],[-1.2169,43.0393],[-1.1499,43.0057],[-1.1124,43.0083],[-1.0797,42.9934],[-1.0285,42.9867],[-0.9815,42.957],[-0.9432,42.9479],[-0.8635,42.9431],[-0.7864,42.9533],[-0.7597,42.9465],[-0.745,42.9187],[-0.7459,42.8939],[-0.7301,42.8775],[-0.7004,42.8764],[-0.6483,42.8498],[-0.6095,42.8114],[-0.5829,42.7958],[-0.5787,42.7773],[-0.5356,42.7842],[-0.5339,42.808],[-0.5084,42.8075],[-0.4545,42.7889],[-0.4239,42.7907],[-0.3228,42.8425],[-0.3051,42.8308],[-0.247,42.8048],[-0.2351,42.7862],[-0.2084,42.7839],[-0.1614,42.7953],[-0.1636,42.778],[-0.119,42.7169],[-0.0389,42.6851],[-0.0043,42.6875],[0.0728,42.7085],[0.1342,42.7152],[0.1692,42.7265],[0.2384,42.7104],[0.2754,42.6687],[0.2902,42.6703],[0.336,42.7127],[0.3542,42.7175],[0.3893,42.6851],[0.4669,42.6904],[0.4835,42.6853],[0.6082,42.688],[0.6436,42.6845],[0.6634,42.6962],[0.6756,42.6887],[0.7084,42.6342],[0.7655,42.6099],[0.7615,42.5693],[0.7306,42.5197],[0.7303,42.5007],[0.7014,42.4843],[0.7151,42.4431],[0.7329,42.4269],[0.7464,42.3905],[0.7511,42.348],[0.7417,42.264],[0.7194,42.2268],[0.7035,42.1679],[0.7031,42.1203],[0.6843,42.09],[0.6425,41.9923],[0.5762,41.9513],[0.5672,41.9327],[0.5896,41.9186],[0.5976,41.8744],[0.5422,41.8267],[0.4966,41.8088],[0.4542,41.7625],[0.406,41.753],[0.3285,41.6774],[0.3481,41.6152],[0.3652,41.5983],[0.424,41.5929],[0.4412,41.5461],[0.4004,41.4965],[0.3485,41.4721],[0.3383,41.4059],[0.3273,41.3701],[0.3517,41.3625],[0.3773,41.3214],[0.3524,41.2792],[0.3604,41.2328],[0.3858,41.2789],[0.4332,41.2761],[0.4381,41.3248],[0.4728,41.3283],[0.5098,41.2885],[0.5314,41.2928],[0.5619,41.3239],[0.6208,41.2987],[0.7364,41.3184],[0.7585,41.3313],[0.805,41.3313],[0.8335,41.3585],[0.879,41.342],[0.9577,41.3545],[0.9895,41.3983],[1.0237,41.4063],[1.062,41.4516],[1.073,41.4827],[1.1172,41.4725],[1.1574,41.4802],[1.1702,41.4954],[1.178,41.5445],[1.2078,41.5723],[1.3718,41.5654],[1.3927,41.575],[1.4311,41.574],[1.4277,41.5524],[1.3974,41.5213],[1.4047,41.5067],[1.4828,41.4766],[1.4719,41.4266],[1.4853,41.4075],[1.5368,41.3852],[1.5596,41.3663],[1.5661,41.3341],[1.5861,41.301],[1.6086,41.2885],[1.6055,41.259],[1.5739,41.2344],[1.6278,41.218],[1.6244,41.1922],[1.6397,41.1957],[1.6397,41.1511],[1.6841,41.1584],[1.7284,41.1657],[1.9058,41.195],[2.0936,41.226],[2.6155,41.5927],[2.6519,41.6053],[2.7785,41.6456],[2.792,41.669],[2.8511,41.6972],[2.933,41.7125],[2.9509,41.7343],[3.0403,41.7869],[3.0691,41.7991],[3.0735,41.8119],[3.1272,41.8469],[3.1502,41.8454],[3.1949,41.8883],[3.2099,41.9115],[3.2492,41.944],[3.2492,41.9444],[3.2384,42.0833],[3.224,42.1111],[3.1736,42.1354],[3.1521,42.163],[3.1658,42.2526],[3.2101,42.2397],[3.263,42.2399],[3.287,42.2629],[3.2993,42.2869],[3.3068,42.2895],[3.3067,42.2899],[3.3068,42.2899],[3.3044,42.297],[3.3177,42.323],[3.2933,42.3303],[3.2888,42.3437],[3.2384,42.368],[3.2253,42.4006],[3.2132,42.4305],[3.2108,42.4358],[3.1988,42.4617],[3.1911,42.471],[3.0908,42.5919],[3.087,42.6117],[3.0604,42.7524],[3.0502,42.806],[3.0535,42.8228],[3.0602,42.858],[3.0669,42.8931],[3.0789,42.9558],[3.1628,43.0811],[3.1703,43.0896],[3.1721,43.09],[3.1851,43.0929],[3.2652,43.1108],[3.3053,43.1198],[3.3453,43.1287],[3.4254,43.1466],[3.8117,43.233],[3.9569,43.2654],[4.0052,43.2762],[4.102,43.2978],[4.1503,43.3086],[4.1987,43.3194],[4.1987,43.4626],[4.2059,43.4599],[4.2313,43.4715],[4.2476,43.501],[4.3371,43.5321],[4.4004,43.5622],[4.413,43.5819],[4.4483,43.5873],[4.4599,43.6178],[4.4296,43.6248],[4.4516,43.6666],[4.4995,43.7063],[4.5415,43.7129],[4.6049,43.696],[4.6169,43.741],[4.6464,43.7949],[4.6409,43.8706],[4.7267,43.9172],[4.7728,43.9328],[4.8064,43.9529],[4.822,43.9758],[4.8209,44.0004],[4.8475,44.0022],[4.8444,44.0221],[4.7779,44.0843],[4.7295,44.0859],[4.719,44.1247],[4.7213,44.1902],[4.6881,44.2194],[4.6856,44.2403],[4.6578,44.2817],[4.6575,44.3268],[4.677,44.4372],[4.7034,44.4747],[4.7213,44.5734],[4.74,44.6063],[4.7895,44.6585],[4.7964,44.6964],[4.769,44.7547],[4.7776,44.7954],[4.8283,44.837],[4.8306,44.8509],[4.8686,44.8848],[4.8926,44.9495],[4.851,45.0215],[4.8584,45.0656],[4.8447,45.101],[4.8228,45.1112],[4.8273,45.1579],[4.8141,45.1974],[4.8114,45.2963],[4.7759,45.3372],[4.7698,45.3657],[4.7554,45.4021],[4.76,45.4445],[4.7182,45.4797],[4.6791,45.4779],[4.6543,45.4912],[4.6659,45.5549],[4.6402,45.5813],[4.6069,45.5843],[4.5461,45.5776],[4.497,45.5847],[4.4356,45.6134],[4.3842,45.6544],[4.3654,45.6985],[4.3992,45.7374],[4.3968,45.7494],[4.3442,45.7603],[4.3442,45.7777],[4.3834,45.8182],[4.3938,45.8428],[4.3723,45.8659],[4.3421,45.8782],[4.3309,45.8975],[4.3403,45.9247],[4.3277,45.942],[4.2589,45.9703],[4.253,45.9849],[4.2998,45.9986],[4.3003,46.023],[4.2526,46.0498],[4.2584,46.0667],[4.357,46.1418],[4.4322,46.1507],[4.4327,46.1915],[4.3839,46.2248],[4.4085,46.2898],[4.5176,46.2762],[4.5543,46.2887],[4.5812,46.2659],[4.6057,46.2631],[4.6381,46.2992],[4.673,46.2882],[4.6774,46.2613],[4.7041,46.2475],[4.7031,46.2247],[4.7202,46.1886],[4.7392,46.177],[4.7978,46.1718],[4.7952,46.1923],[4.8186,46.2573],[4.8728,46.3376],[4.8742,46.3597],[4.8993,46.3961],[4.9119,46.4472],[4.9376,46.5016],[4.96,46.5095],[5.0253,46.4933],[5.0641,46.4927],[5.1252,46.509],[5.1786,46.5054],[5.2404,46.4687],[5.311,46.4554],[5.4034,46.4749],[5.4241,46.4989],[5.3695,46.5291],[5.3637,46.5687],[5.4017,46.5909],[5.423,46.6315],[5.4207,46.662],[5.3943,46.7273],[5.3757,46.7382],[5.3834,46.7778],[5.3495,46.8011],[5.376,46.8224],[5.4371,46.8281],[5.4583,46.8563],[5.3949,46.8834],[5.3302,46.9031],[5.275,46.9442],[5.2506,46.9812],[5.3107,47.0133],[5.3068,47.056],[5.3826,47.0814],[5.4044,47.0986],[5.4859,47.1911],[5.5217,47.2893],[5.5032,47.3076],[5.4941,47.3712],[5.458,47.3953],[5.4521,47.433],[5.4073,47.4569],[5.4216,47.4921],[5.4607,47.5006],[5.4927,47.531],[5.4787,47.5986],[5.4407,47.6186],[5.4088,47.5968],[5.3749,47.6078],[5.4207,47.6711],[5.5013,47.6819],[5.555,47.6602],[5.5867,47.6579],[5.6827,47.6806],[5.7009,47.6931],[5.7099,47.7641],[5.7,47.792],[5.716,47.8129],[5.821,47.8635],[5.8608,47.9011],[5.8921,47.9091],[5.8918,47.9326],[5.8492,47.9676],[5.8128,47.9572],[5.7981,47.9642],[5.799,48.0012],[5.788,48.0225],[5.7322,48.0467],[5.6593,48.1008],[5.6885,48.1477],[5.6975,48.1805],[5.7203,48.196],[5.713,48.2114],[5.6615,48.2386],[5.6379,48.2808],[5.5844,48.2838],[5.534,48.3339],[5.5085,48.3507],[5.4322,48.3373],[5.4242,48.3881],[5.4552,48.4192],[5.3563,48.4814],[5.3448,48.5004],[5.2686,48.5108],[5.187,48.5419],[5.117,48.5812],[5.0359,48.6181],[5.0046,48.6554],[4.9921,48.6929],[4.9828,48.75],[4.9172,48.7877],[4.9069,48.8048],[4.9302,48.8322],[4.9216,48.8785],[4.9452,48.9157],[4.9888,48.9245],[5.0174,48.9472],[5.0202,48.9913],[5.0338,49.0125],[4.9978,49.0309],[4.987,49.0476],[4.9789,49.1201],[4.9554,49.1652],[4.98,49.2098],[4.9787,49.2357],[5.0495,49.2798],[5.0421,49.3321],[5.0919,49.3787],[5.1139,49.4218],[5.0959,49.466],[5.0713,49.5005],[5.0947,49.5208],[5.1008,49.5635],[5.1395,49.585],[5.1841,49.5641],[5.2629,49.5588],[5.2731,49.544],[5.3021,49.5495],[5.3899,49.5933],[5.3912,49.6088],[5.3349,49.6258],[5.2979,49.6133],[5.2994,49.6625],[5.2592,49.6913],[5.1925,49.6828],[5.1364,49.7053],[5.0819,49.7527],[5.0263,49.7667],[4.9684,49.797],[4.8842,49.7841],[4.849,49.7942],[4.8492,49.8316],[4.8369,49.848],[4.8594,49.8917],[4.8446,49.9317],[4.7973,49.9443],[4.7883,49.9743],[4.8267,50.036],[4.8272,50.0641],[4.846,50.0907],[4.8629,50.0841],[4.8719,50.1398],[4.8201,50.1464],[4.8156,50.1613],[4.7886,50.1534],[4.6819,50.0839],[4.6729,50.0164],[4.6567,49.9891],[4.6042,49.9802],[4.4648,49.9356],[4.4277,49.9336],[4.2776,49.9602],[4.2159,49.9544],[4.1877,49.9555],[4.1317,49.975],[4.1373,50.0251],[4.21,50.0602],[4.1806,50.1272],[4.1258,50.1282],[4.1573,50.2127],[4.2037,50.252],[4.1628,50.273],[4.1437,50.2516],[4.1253,50.2571],[4.0979,50.2948],[4.0227,50.3381],[3.9821,50.3426],[3.8959,50.3253],[3.8402,50.3452],[3.7987,50.3485],[3.7415,50.3431],[3.6969,50.2982],[3.6617,50.3193],[3.6529,50.3602],[3.6444,50.4455],[3.6083,50.4765],[3.5637,50.4865],[3.4991,50.4868],[3.4915,50.5171],[3.4629,50.5191],[3.4292,50.5018],[3.3854,50.4916],[3.3436,50.4929],[3.2999,50.5075],[3.271,50.5269],[3.2643,50.5702],[3.2298,50.6554],[3.2438,50.6721],[3.2244,50.7052],[3.1969,50.7092],[3.1628,50.7499],[3.2197,50.7673],[3.2608,50.7523],[3.3033,50.7564],[3.3231,50.7235],[3.3635,50.7097],[3.4128,50.7474],[3.4576,50.7685],[3.4941,50.7589],[3.534,50.7664],[3.5405,50.7349],[3.6066,50.7342],[3.6347,50.7219],[3.6753,50.7719],[3.704,50.7821],[3.7145,50.7686],[3.7578,50.7803],[3.7746,50.749],[3.828,50.7435],[3.8844,50.7514],[3.895,50.7342],[3.9506,50.7341],[3.9312,50.7576],[3.9563,50.7798],[3.9822,50.7669],[4.0604,50.7926],[4.0749,50.8207],[4.0404,50.8384],[4.0871,50.8814],[4.0736,50.9],[4.1001,50.9125],[4.0913,50.9318],[4.137,50.9196],[4.1602,50.9299],[4.1465,50.9706],[4.1617,50.9906],[4.2171,50.9901],[4.2403,51.0381],[4.2123,51.0341],[4.1964,51.0545],[4.182,51.0999],[4.2158,51.1215],[4.316,51.1322],[4.333,51.1697],[4.2886,51.2579],[4.2987,51.2696],[4.303,51.2961],[4.2875,51.3068],[4.2875,51.317],[4.2854,51.318],[4.2837,51.3421],[4.2441,51.3421],[4.237,51.3503],[4.237,51.3816],[4.1904,51.3816],[4.1904,51.375],[4.2215,51.368],[4.2126,51.37],[4.15,51.37],[4,51.4],[3.85,51.37],[3.75,51.385],[3.6,51.42],[3.4608,51.4246],[3.4179,51.4017],[3.3878,51.3857],[3.3828,51.3847],[3.3496,51.3778],[3.3477,51.3774],[3.3126,51.3702],[3.2775,51.3629],[3.2236,51.3518],[3.2073,51.3464],[3.1248,51.3297],[2.9983,51.2774],[2.9608,51.265],[2.9162,51.2478],[2.6523,51.1824],[2.5658,51.1609],[2.5226,51.1502],[2.5144,51.1482],[2.4793,51.1401],[2.1333,51.0605],[2.0901,51.0505],[2.0468,51.0405],[1.9603,51.0206],[1.6396,50.9468],[1.6143,50.8782],[1.5806,50.8688],[1.5946,50.8248],[1.512,50.6011],[1.4707,50.4893],[1.4501,50.4334],[1.4398,50.4055],[1.4294,50.3775],[1.3696,50.2153],[1.3489,50.1593],[1.3372,50.1276],[1.2877,50.111],[1.268,50.1044],[1.1871,50.0772],[1.0252,50.0229],[0.0541,49.6971],[-0.1077,49.6428],[-0.1887,49.6156],[-0.2696,49.5885],[-0.31,49.5749],[-0.3505,49.5613],[-0.4314,49.5342],[-0.5933,49.4799],[-0.887,49.3813],[-0.9169,49.3864],[-0.9404,49.3923],[-0.9543,49.3928],[-0.9592,49.3936],[-0.9596,49.3936],[-0.9698,49.3933],[-1.0723,49.3968],[-1.084,49.3909],[-1.158,49.4245],[-1.1847,49.4366],[-1.1932,49.4457],[-1.212,49.4688],[-1.2328,49.4943],[-1.263,49.5914],[-1.2533,49.6123],[-1.2278,49.6241],[-1.2322,49.6414],[-1.258,49.6792],[-1.258,49.68],[-1.2587,49.6802],[-1.2711,49.6984],[-1.3913,49.7127],[-1.4557,49.7022],[-1.4752,49.6884],[-1.5894,49.6679],[-1.7044,49.6818],[-1.7249,49.682],[-1.7251,49.682],[-1.9348,49.7772],[-1.9347,49.777],[-1.9352,49.7772],[-1.9351,49.7767],[-1.9352,49.7768],[-1.9208,49.7253],[-1.9352,49.7241],[-1.9456,49.678],[-1.9051,49.6693],[-1.8704,49.5452],[-1.8847,49.5309],[-1.8602,49.5086],[-1.7352,49.0619],[-1.6727,48.8386],[-1.6415,48.727],[-1.6266,48.6738],[-1.6089,48.6738],[-1.6089,48.6353],[-1.5897,48.6418],[-1.5429,48.5635],[-1.5288,48.5307],[-1.4987,48.4949],[-1.4483,48.4658],[-1.3817,48.4704],[-1.303,48.5041],[-1.2657,48.5355],[-1.2228,48.5352],[-1.1207,48.5158],[-1.0791,48.4987],[-1.0823,48.4231],[-1.0698,48.3182],[-1.1017,48.2674],[-1.0852,48.24],[-1.0703,48.1743],[-1.0823,48.1524],[-1.0704,48.0906],[-1.0418,48.0623],[-1.0406,48.0015],[-1.0779,47.9893],[-1.1244,47.9861],[-1.1677,47.9608],[-1.2289,47.823],[-1.243,47.8095],[-1.251,47.7804],[-1.248,47.734],[-1.1793,47.6995],[-1.1761,47.6552],[-1.1581,47.6315],[-1.0313,47.6014],[-1.0082,47.5878],[-1.0583,47.5641],[-1.1617,47.5713],[-1.1789,47.5638],[-1.1747,47.542],[-1.129,47.505],[-0.9656,47.4918],[-0.9559,47.4388],[-0.9238,47.3943],[-1.0009,47.3832],[-1.1288,47.3815],[-1.1648,47.3758],[-1.2232,47.3511],[-1.2862,47.3458],[-1.3347,47.3239],[-1.3393,47.3009],[-1.3015,47.2971],[-1.2506,47.2464],[-1.1964,47.2482],[-1.1619,47.1858],[-1.2193,47.1318],[-1.2301,47.1094],[-1.1605,47.0841],[-1.1294,47.0626],[-1.1184,47.041],[-1.1486,47.0295],[-1.2312,47.067],[-1.2697,47.0763],[-1.3054,47.0392],[-1.3439,47.0451],[-1.368,47.024],[-1.3624,46.986],[-1.3787,46.957],[-1.4241,46.9358],[-1.4595,46.9404],[-1.468,46.9556],[-1.468,47.0105],[-1.4982,47.0354],[-1.5466,47.0201],[-1.553,46.9934],[-1.5394,46.9457],[-1.5,46.8827],[-1.5501,46.8599],[-1.6518,46.8791],[-1.7203,46.8846],[-1.7716,46.9245],[-1.8766,46.9594],[-1.9084,46.9773],[-1.9684,47.0252],[-1.9907,47.0354],[-2.0001,47.0306],[-2.0183,47.0306],[-2.0183,47.0644],[-2.046,47.0644],[-2.046,47.0291],[-2.1814,47.0291],[-2.1814,47.0175]]],[[[4.2609,51.37],[4.2611,51.3694],[4.2811,51.3689],[4.2803,51.37],[4.2609,51.37]]],[[[7.3624,43.6731],[7.4029,43.6731],[7.4049,43.6744],[7.4361,43.6938],[7.4474,43.6958],[7.4899,43.7033],[7.4899,43.744],[7.4474,43.744],[7.4474,43.7488],[7.4375,43.7434],[7.4262,43.7555],[7.407,43.7635],[7.3875,43.7579],[7.3727,43.7458],[7.3673,43.7341],[7.3658,43.7227],[7.3624,43.7192],[7.3624,43.6731]]],[[[7.4797,43.86],[7.5023,43.7922],[7.4899,43.7885],[7.4899,43.744],[7.515,43.744],[7.515,43.86],[7.4797,43.86]]]]}},
{"type":"Feature","properties":{"entityId":"west-francia","from":867,"to":870,"certainty":"estimated","source":"유럽 쪽은 Natural Earth 1:10m admin-1(v5.1.2) 현대 행정구역 조각을 그 시기 국경에 맞춰 묶고, 조각이 역사 경계와 다른 곳은 선을 그어 나눈 근사. 유럽 밖(시베리아·중앙아시아·극동)은 대략적인 추정. 운영자 검수 필요"},"geometry":{"type":"MultiPolygon","coordinates":[[[[-2.6735,49.4335],[-2.6693,49.4309],[-2.5731,49.4309],[-2.5521,49.4267],[-2.549,49.4283],[-2.5472,49.4279],[-2.5472,49.428],[-2.5468,49.4279],[-2.5456,49.4301],[-2.5341,49.4362],[-2.5267,49.4585],[-2.5245,49.4688],[-2.5127,49.4903],[-2.5058,49.498],[-2.5017,49.5067],[-2.5182,49.5155],[-2.5382,49.5098],[-2.5496,49.5042],[-2.5736,49.4954],[-2.5802,49.4936],[-2.5825,49.4922],[-2.648,49.4682],[-2.6479,49.4679],[-2.648,49.4678],[-2.6464,49.464],[-2.6503,49.4637],[-2.6566,49.4594],[-2.6518,49.4452],[-2.663,49.4438],[-2.6735,49.4335]]],[[[-2.242,49.248],[-2.2332,49.2285],[-2.2296,49.2165],[-2.2376,49.1766],[-2.2375,49.1766],[-2.2376,49.1762],[-2.2372,49.1763],[-2.2372,49.1762],[-2.1826,49.1841],[-2.1772,49.1802],[-2.1687,49.1783],[-2.1626,49.1866],[-2.1013,49.1866],[-2.097,49.1837],[-2.08,49.1787],[-2.0734,49.1786],[-2.054,49.1693],[-2.0537,49.1694],[-2.0536,49.1693],[-2.0354,49.1744],[-2.0245,49.1713],[-2.0237,49.1777],[-2.0104,49.1814],[-2.0105,49.1818],[-2.0104,49.1818],[-2.014,49.2072],[-2.0083,49.2125],[-2.0158,49.2196],[-2.0176,49.2321],[-2.021,49.2333],[-2.0207,49.2353],[-2.0679,49.2507],[-2.0827,49.2602],[-2.1039,49.2582],[-2.1059,49.2568],[-2.1218,49.2582],[-2.122,49.2583],[-2.1438,49.2619],[-2.1517,49.267],[-2.1618,49.2618],[-2.2192,49.2669],[-2.2196,49.2669],[-2.2209,49.2605],[-2.2294,49.263],[-2.2411,49.2602],[-2.242,49.248]]],[[[-2.1814,47.0175],[-2.1532,46.9889],[-2.1137,46.9487],[-2.098,46.9328],[-2.1022,46.9307],[-2.0963,46.9165],[-2.122,46.9037],[-2.1313,46.8718],[-2.1188,46.82],[-2.0503,46.7921],[-2.0022,46.7575],[-1.9921,46.7485],[-1.965,46.7104],[-1.9398,46.7019],[-1.9208,46.685],[-1.8213,46.558],[-1.8048,46.5036],[-1.7817,46.4954],[-1.7854,46.514],[-1.7742,46.5093],[-1.7684,46.5002],[-1.6868,46.4609],[-1.6459,46.4558],[-1.6321,46.4501],[-1.6256,46.4311],[-1.5988,46.425],[-1.598,46.425],[-1.5344,46.3603],[-1.5025,46.3279],[-1.4706,46.2956],[-1.4421,46.2666],[-1.4136,46.2377],[-1.4905,46.2244],[-1.508,46.2456],[-1.4739,46.2381],[-1.4679,46.2499],[-1.4981,46.2619],[-1.5558,46.2518],[-1.5043,46.2077],[-1.4329,46.2108],[-1.3506,46.1737],[-1.3432,46.1662],[-1.2496,46.0712],[-1.1936,46.0143],[-1.2021,45.9262],[-1.2198,45.9431],[-1.2194,45.9439],[-1.2336,45.9917],[-1.2738,45.9976],[-1.3399,46.0378],[-1.3829,46.048],[-1.3876,46.0501],[-1.3876,46.0499],[-1.388,46.0501],[-1.388,46.0492],[-1.4049,46.0532],[-1.3833,46.0155],[-1.375,45.9858],[-1.3783,45.976],[-1.3402,45.9387],[-1.2778,45.8942],[-1.2457,45.8546],[-1.2269,45.8198],[-1.2127,45.8153],[-1.2147,45.7949],[-1.2303,45.7924],[-1.2473,45.7099],[-1.2228,45.71],[-1.23,45.6345],[-1.2337,45.5966],[-1.2373,45.5588],[-1.2518,45.4074],[-1.2808,45.1045],[-1.3388,44.4988],[-1.3458,44.4252],[-1.3529,44.3516],[-1.367,44.2044],[-1.3844,44.0225],[-1.4818,43.9099],[-1.6848,43.6753],[-1.7231,43.6311],[-1.7997,43.5425],[-1.7614,43.5425],[-1.7614,43.4982],[-1.762,43.4982],[-1.762,43.4067],[-1.8006,43.4067],[-1.8006,43.3894],[-1.7941,43.386],[-1.7969,43.3411],[-1.7682,43.3309],[-1.7497,43.2948],[-1.6739,43.3042],[-1.645,43.2924],[-1.639,43.2557],[-1.5876,43.2516],[-1.559,43.2841],[-1.5081,43.2768],[-1.4664,43.2608],[-1.4322,43.265],[-1.4035,43.2433],[-1.3997,43.2067],[-1.4258,43.1353],[-1.4878,43.0818],[-1.4753,43.0601],[-1.435,43.0357],[-1.3831,43.0292],[-1.3576,43.0468],[-1.3483,43.0931],[-1.3086,43.1136],[-1.3106,43.0695],[-1.2749,43.0468],[-1.2169,43.0393],[-1.1499,43.0057],[-1.1124,43.0083],[-1.0797,42.9934],[-1.0285,42.9867],[-0.9815,42.957],[-0.9432,42.9479],[-0.8635,42.9431],[-0.7864,42.9533],[-0.7597,42.9465],[-0.745,42.9187],[-0.7459,42.8939],[-0.7301,42.8775],[-0.7004,42.8764],[-0.6483,42.8498],[-0.6095,42.8114],[-0.5829,42.7958],[-0.5787,42.7773],[-0.5356,42.7842],[-0.5339,42.808],[-0.5084,42.8075],[-0.4545,42.7889],[-0.4239,42.7907],[-0.3228,42.8425],[-0.3051,42.8308],[-0.247,42.8048],[-0.2351,42.7862],[-0.2084,42.7839],[-0.1614,42.7953],[-0.1636,42.778],[-0.119,42.7169],[-0.0389,42.6851],[-0.0043,42.6875],[0.0728,42.7085],[0.1342,42.7152],[0.1692,42.7265],[0.2384,42.7104],[0.2754,42.6687],[0.2902,42.6703],[0.336,42.7127],[0.3542,42.7175],[0.3893,42.6851],[0.4669,42.6904],[0.4835,42.6853],[0.6082,42.688],[0.6436,42.6845],[0.6634,42.6962],[0.6756,42.6887],[0.7084,42.6342],[0.7655,42.6099],[0.7615,42.5693],[0.7306,42.5197],[0.7303,42.5007],[0.7014,42.4843],[0.7151,42.4431],[0.7329,42.4269],[0.7464,42.3905],[0.7511,42.348],[0.7417,42.264],[0.7194,42.2268],[0.7035,42.1679],[0.7031,42.1203],[0.6843,42.09],[0.6425,41.9923],[0.5762,41.9513],[0.5672,41.9327],[0.5896,41.9186],[0.5976,41.8744],[0.5422,41.8267],[0.4966,41.8088],[0.4542,41.7625],[0.406,41.753],[0.3285,41.6774],[0.3481,41.6152],[0.3652,41.5983],[0.424,41.5929],[0.4412,41.5461],[0.4004,41.4965],[0.3485,41.4721],[0.3383,41.4059],[0.3273,41.3701],[0.3517,41.3625],[0.3773,41.3214],[0.3524,41.2792],[0.3604,41.2328],[0.3858,41.2789],[0.4332,41.2761],[0.4381,41.3248],[0.4728,41.3283],[0.5098,41.2885],[0.5314,41.2928],[0.5619,41.3239],[0.6208,41.2987],[0.7364,41.3184],[0.7585,41.3313],[0.805,41.3313],[0.8335,41.3585],[0.879,41.342],[0.9577,41.3545],[0.9895,41.3983],[1.0237,41.4063],[1.062,41.4516],[1.073,41.4827],[1.1172,41.4725],[1.1574,41.4802],[1.1702,41.4954],[1.178,41.5445],[1.2078,41.5723],[1.3718,41.5654],[1.3927,41.575],[1.4311,41.574],[1.4277,41.5524],[1.3974,41.5213],[1.4047,41.5067],[1.4828,41.4766],[1.4719,41.4266],[1.4853,41.4075],[1.5368,41.3852],[1.5596,41.3663],[1.5661,41.3341],[1.5861,41.301],[1.6086,41.2885],[1.6055,41.259],[1.5739,41.2344],[1.6278,41.218],[1.6244,41.1922],[1.6397,41.1957],[1.6397,41.1511],[1.6841,41.1584],[1.7284,41.1657],[1.9058,41.195],[2.0936,41.226],[2.6155,41.5927],[2.6519,41.6053],[2.7785,41.6456],[2.792,41.669],[2.8511,41.6972],[2.933,41.7125],[2.9509,41.7343],[3.0403,41.7869],[3.0691,41.7991],[3.0735,41.8119],[3.1272,41.8469],[3.1502,41.8454],[3.1949,41.8883],[3.2099,41.9115],[3.2492,41.944],[3.2492,41.9444],[3.2384,42.0833],[3.224,42.1111],[3.1736,42.1354],[3.1521,42.163],[3.1658,42.2526],[3.2101,42.2397],[3.263,42.2399],[3.287,42.2629],[3.2993,42.2869],[3.3068,42.2895],[3.3067,42.2899],[3.3068,42.2899],[3.3044,42.297],[3.3177,42.323],[3.2933,42.3303],[3.2888,42.3437],[3.2384,42.368],[3.2253,42.4006],[3.2132,42.4305],[3.2108,42.4358],[3.1988,42.4617],[3.1911,42.471],[3.0908,42.5919],[3.087,42.6117],[3.0604,42.7524],[3.0502,42.806],[3.0535,42.8228],[3.0602,42.858],[3.0669,42.8931],[3.0789,42.9558],[3.1628,43.0811],[3.1703,43.0896],[3.1721,43.09],[3.1851,43.0929],[3.2652,43.1108],[3.3053,43.1198],[3.3453,43.1287],[3.4254,43.1466],[3.8117,43.233],[3.9569,43.2654],[4.0052,43.2762],[4.102,43.2978],[4.1503,43.3086],[4.1987,43.3194],[4.1987,43.4626],[4.2059,43.4599],[4.2313,43.4715],[4.2476,43.501],[4.3371,43.5321],[4.4004,43.5622],[4.413,43.5819],[4.4483,43.5873],[4.4599,43.6178],[4.4296,43.6248],[4.4516,43.6666],[4.4995,43.7063],[4.5415,43.7129],[4.6049,43.696],[4.6169,43.741],[4.6464,43.7949],[4.6409,43.8706],[4.7267,43.9172],[4.7728,43.9328],[4.8064,43.9529],[4.822,43.9758],[4.8209,44.0004],[4.8475,44.0022],[4.8444,44.0221],[4.7779,44.0843],[4.7295,44.0859],[4.719,44.1247],[4.7213,44.1902],[4.6881,44.2194],[4.6856,44.2403],[4.6578,44.2817],[4.6575,44.3268],[4.677,44.4372],[4.7034,44.4747],[4.7213,44.5734],[4.74,44.6063],[4.7895,44.6585],[4.7964,44.6964],[4.769,44.7547],[4.7776,44.7954],[4.8283,44.837],[4.8306,44.8509],[4.8686,44.8848],[4.8926,44.9495],[4.851,45.0215],[4.8584,45.0656],[4.8447,45.101],[4.8228,45.1112],[4.8273,45.1579],[4.8141,45.1974],[4.8114,45.2963],[4.7759,45.3372],[4.7698,45.3657],[4.7554,45.4021],[4.76,45.4445],[4.7182,45.4797],[4.6791,45.4779],[4.6543,45.4912],[4.6659,45.5549],[4.6402,45.5813],[4.6069,45.5843],[4.5461,45.5776],[4.497,45.5847],[4.4356,45.6134],[4.3842,45.6544],[4.3654,45.6985],[4.3992,45.7374],[4.3968,45.7494],[4.3442,45.7603],[4.3442,45.7777],[4.3834,45.8182],[4.3938,45.8428],[4.3723,45.8659],[4.3421,45.8782],[4.3309,45.8975],[4.3403,45.9247],[4.3277,45.942],[4.2589,45.9703],[4.253,45.9849],[4.2998,45.9986],[4.3003,46.023],[4.2526,46.0498],[4.2584,46.0667],[4.357,46.1418],[4.4322,46.1507],[4.4327,46.1915],[4.3839,46.2248],[4.4085,46.2898],[4.5176,46.2762],[4.5543,46.2887],[4.5812,46.2659],[4.6057,46.2631],[4.6381,46.2992],[4.673,46.2882],[4.6774,46.2613],[4.7041,46.2475],[4.7031,46.2247],[4.7202,46.1886],[4.7392,46.177],[4.7978,46.1718],[4.7952,46.1923],[4.8186,46.2573],[4.8728,46.3376],[4.8742,46.3597],[4.8993,46.3961],[4.9119,46.4472],[4.9376,46.5016],[4.96,46.5095],[5.0253,46.4933],[5.0641,46.4927],[5.1252,46.509],[5.1786,46.5054],[5.2404,46.4687],[5.311,46.4554],[5.4034,46.4749],[5.4241,46.4989],[5.3695,46.5291],[5.3637,46.5687],[5.4017,46.5909],[5.423,46.6315],[5.4207,46.662],[5.3943,46.7273],[5.3757,46.7382],[5.3834,46.7778],[5.3495,46.8011],[5.376,46.8224],[5.4371,46.8281],[5.4583,46.8563],[5.3949,46.8834],[5.3302,46.9031],[5.275,46.9442],[5.2506,46.9812],[5.3107,47.0133],[5.3068,47.056],[5.3826,47.0814],[5.4044,47.0986],[5.4859,47.1911],[5.5217,47.2893],[5.5032,47.3076],[5.4941,47.3712],[5.458,47.3953],[5.4521,47.433],[5.4073,47.4569],[5.4216,47.4921],[5.4607,47.5006],[5.4927,47.531],[5.4787,47.5986],[5.4407,47.6186],[5.4088,47.5968],[5.3749,47.6078],[5.4207,47.6711],[5.5013,47.6819],[5.555,47.6602],[5.5867,47.6579],[5.6827,47.6806],[5.7009,47.6931],[5.7099,47.7641],[5.7,47.792],[5.716,47.8129],[5.821,47.8635],[5.8608,47.9011],[5.8921,47.9091],[5.8918,47.9326],[5.8492,47.9676],[5.8128,47.9572],[5.7981,47.9642],[5.799,48.0012],[5.788,48.0225],[5.7322,48.0467],[5.6593,48.1008],[5.6885,48.1477],[5.6975,48.1805],[5.7203,48.196],[5.713,48.2114],[5.6615,48.2386],[5.6379,48.2808],[5.5844,48.2838],[5.534,48.3339],[5.5085,48.3507],[5.4322,48.3373],[5.4242,48.3881],[5.4552,48.4192],[5.3563,48.4814],[5.3448,48.5004],[5.2686,48.5108],[5.187,48.5419],[5.117,48.5812],[5.0359,48.6181],[5.0046,48.6554],[4.9921,48.6929],[4.9828,48.75],[4.9172,48.7877],[4.9069,48.8048],[4.9302,48.8322],[4.9216,48.8785],[4.9452,48.9157],[4.9888,48.9245],[5.0174,48.9472],[5.0202,48.9913],[5.0338,49.0125],[4.9978,49.0309],[4.987,49.0476],[4.9789,49.1201],[4.9554,49.1652],[4.98,49.2098],[4.9787,49.2357],[5.0495,49.2798],[5.0421,49.3321],[5.0919,49.3787],[5.1139,49.4218],[5.0959,49.466],[5.0713,49.5005],[5.0947,49.5208],[5.1008,49.5635],[5.1395,49.585],[5.1841,49.5641],[5.2629,49.5588],[5.2731,49.544],[5.3021,49.5495],[5.3899,49.5933],[5.3912,49.6088],[5.3349,49.6258],[5.2979,49.6133],[5.2994,49.6625],[5.2592,49.6913],[5.1925,49.6828],[5.1364,49.7053],[5.0819,49.7527],[5.0263,49.7667],[4.9684,49.797],[4.8842,49.7841],[4.849,49.7942],[4.8492,49.8316],[4.8369,49.848],[4.8594,49.8917],[4.8446,49.9317],[4.7973,49.9443],[4.7883,49.9743],[4.8267,50.036],[4.8272,50.0641],[4.846,50.0907],[4.8629,50.0841],[4.8719,50.1398],[4.8201,50.1464],[4.8156,50.1613],[4.7886,50.1534],[4.6819,50.0839],[4.6729,50.0164],[4.6567,49.9891],[4.6042,49.9802],[4.4648,49.9356],[4.4277,49.9336],[4.2776,49.9602],[4.2159,49.9544],[4.1877,49.9555],[4.1317,49.975],[4.1373,50.0251],[4.21,50.0602],[4.1806,50.1272],[4.1258,50.1282],[4.1573,50.2127],[4.2037,50.252],[4.1628,50.273],[4.1437,50.2516],[4.1253,50.2571],[4.0979,50.2948],[4.0227,50.3381],[3.9821,50.3426],[3.8959,50.3253],[3.8402,50.3452],[3.7987,50.3485],[3.7415,50.3431],[3.6969,50.2982],[3.6617,50.3193],[3.6529,50.3602],[3.6444,50.4455],[3.6083,50.4765],[3.5637,50.4865],[3.4991,50.4868],[3.4915,50.5171],[3.4629,50.5191],[3.4292,50.5018],[3.3854,50.4916],[3.3436,50.4929],[3.2999,50.5075],[3.271,50.5269],[3.2643,50.5702],[3.2298,50.6554],[3.2438,50.6721],[3.2244,50.7052],[3.1969,50.7092],[3.1628,50.7499],[3.2197,50.7673],[3.2608,50.7523],[3.3033,50.7564],[3.3231,50.7235],[3.3635,50.7097],[3.4128,50.7474],[3.4576,50.7685],[3.4941,50.7589],[3.534,50.7664],[3.5405,50.7349],[3.6066,50.7342],[3.6347,50.7219],[3.6753,50.7719],[3.704,50.7821],[3.7145,50.7686],[3.7578,50.7803],[3.7746,50.749],[3.828,50.7435],[3.8844,50.7514],[3.895,50.7342],[3.9506,50.7341],[3.9312,50.7576],[3.9563,50.7798],[3.9822,50.7669],[4.0604,50.7926],[4.0749,50.8207],[4.0404,50.8384],[4.0871,50.8814],[4.0736,50.9],[4.1001,50.9125],[4.0913,50.9318],[4.137,50.9196],[4.1602,50.9299],[4.1465,50.9706],[4.1617,50.9906],[4.2171,50.9901],[4.2403,51.0381],[4.2123,51.0341],[4.1964,51.0545],[4.182,51.0999],[4.2158,51.1215],[4.316,51.1322],[4.333,51.1697],[4.2886,51.2579],[4.2987,51.2696],[4.303,51.2961],[4.2875,51.3068],[4.2875,51.317],[4.2854,51.318],[4.2837,51.3421],[4.2441,51.3421],[4.237,51.3503],[4.237,51.3816],[4.1904,51.3816],[4.1904,51.375],[4.2215,51.368],[4.2126,51.37],[4.15,51.37],[4,51.4],[3.85,51.37],[3.75,51.385],[3.6,51.42],[3.4608,51.4246],[3.4179,51.4017],[3.3878,51.3857],[3.3828,51.3847],[3.3496,51.3778],[3.3477,51.3774],[3.3126,51.3702],[3.2775,51.3629],[3.2236,51.3518],[3.2073,51.3464],[3.1248,51.3297],[2.9983,51.2774],[2.9608,51.265],[2.9162,51.2478],[2.6523,51.1824],[2.5658,51.1609],[2.5226,51.1502],[2.5144,51.1482],[2.4793,51.1401],[2.1333,51.0605],[2.0901,51.0505],[2.0468,51.0405],[1.9603,51.0206],[1.6396,50.9468],[1.6143,50.8782],[1.5806,50.8688],[1.5946,50.8248],[1.512,50.6011],[1.4707,50.4893],[1.4501,50.4334],[1.4398,50.4055],[1.4294,50.3775],[1.3696,50.2153],[1.3489,50.1593],[1.3372,50.1276],[1.2877,50.111],[1.268,50.1044],[1.1871,50.0772],[1.0252,50.0229],[0.0541,49.6971],[-0.1077,49.6428],[-0.1887,49.6156],[-0.2696,49.5885],[-0.31,49.5749],[-0.3505,49.5613],[-0.4314,49.5342],[-0.5933,49.4799],[-0.887,49.3813],[-0.9169,49.3864],[-0.9404,49.3923],[-0.9543,49.3928],[-0.9592,49.3936],[-0.9596,49.3936],[-0.9698,49.3933],[-1.0723,49.3968],[-1.084,49.3909],[-1.121,49.4077],[-1.121,49.3853],[-1.1265,49.3853],[-1.1265,49.3501],[-1.1188,49.3462],[-1.1371,49.2981],[-1.1228,49.2762],[-1.0089,49.1974],[-0.9832,49.1961],[-0.9235,49.211],[-0.9109,49.1951],[-0.9182,49.1528],[-0.8843,49.1084],[-0.8626,49.0264],[-0.8948,49.0149],[-0.9508,48.971],[-0.9983,48.9513],[-1.0419,48.9591],[-1.0642,48.9268],[-1.0369,48.9058],[-1.0595,48.881],[-1.1002,48.8692],[-1.1312,48.85],[-1.1469,48.8218],[-1.1082,48.8154],[-1.0922,48.7872],[-1.045,48.7752],[-0.996,48.7737],[-0.9567,48.783],[-0.8974,48.7724],[-0.8409,48.7523],[-0.8425,48.7285],[-0.82,48.7268],[-0.7368,48.6861],[-0.7667,48.6599],[-0.7521,48.6118],[-0.7857,48.5596],[-0.8405,48.5257],[-0.8627,48.5018],[-0.8994,48.4969],[-0.9362,48.5073],[-0.9949,48.4933],[-1.0791,48.4987],[-1.0823,48.4231],[-1.0698,48.3182],[-1.1017,48.2674],[-1.0852,48.24],[-1.0703,48.1743],[-1.0823,48.1524],[-1.0704,48.0906],[-1.0418,48.0623],[-1.0406,48.0015],[-1.0779,47.9893],[-1.1244,47.9861],[-1.1677,47.9608],[-1.2289,47.823],[-1.243,47.8095],[-1.251,47.7804],[-1.248,47.734],[-1.1793,47.6995],[-1.1761,47.6552],[-1.1581,47.6315],[-1.0313,47.6014],[-1.0082,47.5878],[-1.0583,47.5641],[-1.1617,47.5713],[-1.1789,47.5638],[-1.1747,47.542],[-1.129,47.505],[-0.9656,47.4918],[-0.9559,47.4388],[-0.9238,47.3943],[-1.0009,47.3832],[-1.1288,47.3815],[-1.1648,47.3758],[-1.2232,47.3511],[-1.2862,47.3458],[-1.3347,47.3239],[-1.3393,47.3009],[-1.3015,47.2971],[-1.2506,47.2464],[-1.1964,47.2482],[-1.1619,47.1858],[-1.2193,47.1318],[-1.2301,47.1094],[-1.1605,47.0841],[-1.1294,47.0626],[-1.1184,47.041],[-1.1486,47.0295],[-1.2312,47.067],[-1.2697,47.0763],[-1.3054,47.0392],[-1.3439,47.0451],[-1.368,47.024],[-1.3624,46.986],[-1.3787,46.957],[-1.4241,46.9358],[-1.4595,46.9404],[-1.468,46.9556],[-1.468,47.0105],[-1.4982,47.0354],[-1.5466,47.0201],[-1.553,46.9934],[-1.5394,46.9457],[-1.5,46.8827],[-1.5501,46.8599],[-1.6518,46.8791],[-1.7203,46.8846],[-1.7716,46.9245],[-1.8766,46.9594],[-1.9084,46.9773],[-1.9684,47.0252],[-1.9907,47.0354],[-2.0001,47.0306],[-2.0183,47.0306],[-2.0183,47.0644],[-2.046,47.0644],[-2.046,47.0291],[-2.1814,47.0291],[-2.1814,47.0175]]],[[[4.2609,51.37],[4.2611,51.3694],[4.2811,51.3689],[4.2803,51.37],[4.2609,51.37]]],[[[7.3624,43.6731],[7.4029,43.6731],[7.4049,43.6744],[7.4361,43.6938],[7.4474,43.6958],[7.4899,43.7033],[7.4899,43.744],[7.4474,43.744],[7.4474,43.7488],[7.4375,43.7434],[7.4262,43.7555],[7.407,43.7635],[7.3875,43.7579],[7.3727,43.7458],[7.3673,43.7341],[7.3658,43.7227],[7.3624,43.7192],[7.3624,43.6731]]],[[[7.4797,43.86],[7.5023,43.7922],[7.4899,43.7885],[7.4899,43.744],[7.515,43.744],[7.515,43.86],[7.4797,43.86]]]]}},
{"type":"Feature","properties":{"entityId":"west-francia","from":870,"to":879,"certainty":"estimated","source":"유럽 쪽은 Natural Earth 1:10m admin-1(v5.1.2) 현대 행정구역 조각을 그 시기 국경에 맞춰 묶고, 조각이 역사 경계와 다른 곳은 선을 그어 나눈 근사. 유럽 밖(시베리아·중앙아시아·극동)은 대략적인 추정. 운영자 검수 필요"},"geometry":{"type":"MultiPolygon","coordinates":[[[[-2.6735,49.4335],[-2.6693,49.4309],[-2.5731,49.4309],[-2.5521,49.4267],[-2.549,49.4283],[-2.5472,49.4279],[-2.5472,49.428],[-2.5468,49.4279],[-2.5456,49.4301],[-2.5341,49.4362],[-2.5267,49.4585],[-2.5245,49.4688],[-2.5127,49.4903],[-2.5058,49.498],[-2.5017,49.5067],[-2.5182,49.5155],[-2.5382,49.5098],[-2.5496,49.5042],[-2.5736,49.4954],[-2.5802,49.4936],[-2.5825,49.4922],[-2.648,49.4682],[-2.6479,49.4679],[-2.648,49.4678],[-2.6464,49.464],[-2.6503,49.4637],[-2.6566,49.4594],[-2.6518,49.4452],[-2.663,49.4438],[-2.6735,49.4335]]],[[[-2.242,49.248],[-2.2332,49.2285],[-2.2296,49.2165],[-2.2376,49.1766],[-2.2375,49.1766],[-2.2376,49.1762],[-2.2372,49.1763],[-2.2372,49.1762],[-2.1826,49.1841],[-2.1772,49.1802],[-2.1687,49.1783],[-2.1626,49.1866],[-2.1013,49.1866],[-2.097,49.1837],[-2.08,49.1787],[-2.0734,49.1786],[-2.054,49.1693],[-2.0537,49.1694],[-2.0536,49.1693],[-2.0354,49.1744],[-2.0245,49.1713],[-2.0237,49.1777],[-2.0104,49.1814],[-2.0105,49.1818],[-2.0104,49.1818],[-2.014,49.2072],[-2.0083,49.2125],[-2.0158,49.2196],[-2.0176,49.2321],[-2.021,49.2333],[-2.0207,49.2353],[-2.0679,49.2507],[-2.0827,49.2602],[-2.1039,49.2582],[-2.1059,49.2568],[-2.1218,49.2582],[-2.122,49.2583],[-2.1438,49.2619],[-2.1517,49.267],[-2.1618,49.2618],[-2.2192,49.2669],[-2.2196,49.2669],[-2.2209,49.2605],[-2.2294,49.263],[-2.2411,49.2602],[-2.242,49.248]]],[[[-2.1814,47.0175],[-2.1532,46.9889],[-2.1137,46.9487],[-2.098,46.9328],[-2.1022,46.9307],[-2.0963,46.9165],[-2.122,46.9037],[-2.1313,46.8718],[-2.1188,46.82],[-2.0503,46.7921],[-2.0022,46.7575],[-1.9921,46.7485],[-1.965,46.7104],[-1.9398,46.7019],[-1.9208,46.685],[-1.8213,46.558],[-1.8048,46.5036],[-1.7817,46.4954],[-1.7854,46.514],[-1.7742,46.5093],[-1.7684,46.5002],[-1.6868,46.4609],[-1.6459,46.4558],[-1.6321,46.4501],[-1.6256,46.4311],[-1.5988,46.425],[-1.598,46.425],[-1.5344,46.3603],[-1.5025,46.3279],[-1.4706,46.2956],[-1.4421,46.2666],[-1.4136,46.2377],[-1.4905,46.2244],[-1.508,46.2456],[-1.4739,46.2381],[-1.4679,46.2499],[-1.4981,46.2619],[-1.5558,46.2518],[-1.5043,46.2077],[-1.4329,46.2108],[-1.3506,46.1737],[-1.3432,46.1662],[-1.2496,46.0712],[-1.1936,46.0143],[-1.2021,45.9262],[-1.2198,45.9431],[-1.2194,45.9439],[-1.2336,45.9917],[-1.2738,45.9976],[-1.3399,46.0378],[-1.3829,46.048],[-1.3876,46.0501],[-1.3876,46.0499],[-1.388,46.0501],[-1.388,46.0492],[-1.4049,46.0532],[-1.3833,46.0155],[-1.375,45.9858],[-1.3783,45.976],[-1.3402,45.9387],[-1.2778,45.8942],[-1.2457,45.8546],[-1.2269,45.8198],[-1.2127,45.8153],[-1.2147,45.7949],[-1.2303,45.7924],[-1.2473,45.7099],[-1.2228,45.71],[-1.23,45.6345],[-1.2337,45.5966],[-1.2373,45.5588],[-1.2518,45.4074],[-1.2808,45.1045],[-1.3388,44.4988],[-1.3458,44.4252],[-1.3529,44.3516],[-1.367,44.2044],[-1.3844,44.0225],[-1.4818,43.9099],[-1.6848,43.6753],[-1.7231,43.6311],[-1.7997,43.5425],[-1.7614,43.5425],[-1.7614,43.4982],[-1.762,43.4982],[-1.762,43.4067],[-1.8006,43.4067],[-1.8006,43.3894],[-1.7941,43.386],[-1.7969,43.3411],[-1.7682,43.3309],[-1.7497,43.2948],[-1.6739,43.3042],[-1.645,43.2924],[-1.639,43.2557],[-1.5876,43.2516],[-1.559,43.2841],[-1.5081,43.2768],[-1.4664,43.2608],[-1.4322,43.265],[-1.4035,43.2433],[-1.3997,43.2067],[-1.4258,43.1353],[-1.4878,43.0818],[-1.4753,43.0601],[-1.435,43.0357],[-1.3831,43.0292],[-1.3576,43.0468],[-1.3483,43.0931],[-1.3086,43.1136],[-1.3106,43.0695],[-1.2749,43.0468],[-1.2169,43.0393],[-1.1499,43.0057],[-1.1124,43.0083],[-1.0797,42.9934],[-1.0285,42.9867],[-0.9815,42.957],[-0.9432,42.9479],[-0.8635,42.9431],[-0.7864,42.9533],[-0.7597,42.9465],[-0.745,42.9187],[-0.7459,42.8939],[-0.7301,42.8775],[-0.7004,42.8764],[-0.6483,42.8498],[-0.6095,42.8114],[-0.5829,42.7958],[-0.5787,42.7773],[-0.5356,42.7842],[-0.5339,42.808],[-0.5084,42.8075],[-0.4545,42.7889],[-0.4239,42.7907],[-0.3228,42.8425],[-0.3051,42.8308],[-0.247,42.8048],[-0.2351,42.7862],[-0.2084,42.7839],[-0.1614,42.7953],[-0.1636,42.778],[-0.119,42.7169],[-0.0389,42.6851],[-0.0043,42.6875],[0.0728,42.7085],[0.1342,42.7152],[0.1692,42.7265],[0.2384,42.7104],[0.2754,42.6687],[0.2902,42.6703],[0.336,42.7127],[0.3542,42.7175],[0.3893,42.6851],[0.4669,42.6904],[0.4835,42.6853],[0.6082,42.688],[0.6436,42.6845],[0.6634,42.6962],[0.6756,42.6887],[0.7084,42.6342],[0.7655,42.6099],[0.7615,42.5693],[0.7306,42.5197],[0.7303,42.5007],[0.7014,42.4843],[0.7151,42.4431],[0.7329,42.4269],[0.7464,42.3905],[0.7511,42.348],[0.7417,42.264],[0.7194,42.2268],[0.7035,42.1679],[0.7031,42.1203],[0.6843,42.09],[0.6425,41.9923],[0.5762,41.9513],[0.5672,41.9327],[0.5896,41.9186],[0.5976,41.8744],[0.5422,41.8267],[0.4966,41.8088],[0.4542,41.7625],[0.406,41.753],[0.3285,41.6774],[0.3481,41.6152],[0.3652,41.5983],[0.424,41.5929],[0.4412,41.5461],[0.4004,41.4965],[0.3485,41.4721],[0.3383,41.4059],[0.3273,41.3701],[0.3517,41.3625],[0.3773,41.3214],[0.3524,41.2792],[0.3604,41.2328],[0.3858,41.2789],[0.4332,41.2761],[0.4381,41.3248],[0.4728,41.3283],[0.5098,41.2885],[0.5314,41.2928],[0.5619,41.3239],[0.6208,41.2987],[0.7364,41.3184],[0.7585,41.3313],[0.805,41.3313],[0.8335,41.3585],[0.879,41.342],[0.9577,41.3545],[0.9895,41.3983],[1.0237,41.4063],[1.062,41.4516],[1.073,41.4827],[1.1172,41.4725],[1.1574,41.4802],[1.1702,41.4954],[1.178,41.5445],[1.2078,41.5723],[1.3718,41.5654],[1.3927,41.575],[1.4311,41.574],[1.4277,41.5524],[1.3974,41.5213],[1.4047,41.5067],[1.4828,41.4766],[1.4719,41.4266],[1.4853,41.4075],[1.5368,41.3852],[1.5596,41.3663],[1.5661,41.3341],[1.5861,41.301],[1.6086,41.2885],[1.6055,41.259],[1.5739,41.2344],[1.6278,41.218],[1.6244,41.1922],[1.6397,41.1957],[1.6397,41.1511],[1.6841,41.1584],[1.7284,41.1657],[1.9058,41.195],[2.0936,41.226],[2.6155,41.5927],[2.6519,41.6053],[2.7785,41.6456],[2.792,41.669],[2.8511,41.6972],[2.933,41.7125],[2.9509,41.7343],[3.0403,41.7869],[3.0691,41.7991],[3.0735,41.8119],[3.1272,41.8469],[3.1502,41.8454],[3.1949,41.8883],[3.2099,41.9115],[3.2492,41.944],[3.2492,41.9444],[3.2384,42.0833],[3.224,42.1111],[3.1736,42.1354],[3.1521,42.163],[3.1658,42.2526],[3.2101,42.2397],[3.263,42.2399],[3.287,42.2629],[3.2993,42.2869],[3.3068,42.2895],[3.3067,42.2899],[3.3068,42.2899],[3.3044,42.297],[3.3177,42.323],[3.2933,42.3303],[3.2888,42.3437],[3.2384,42.368],[3.2253,42.4006],[3.2132,42.4305],[3.2108,42.4358],[3.1988,42.4617],[3.1911,42.471],[3.0908,42.5919],[3.087,42.6117],[3.0604,42.7524],[3.0502,42.806],[3.0535,42.8228],[3.0602,42.858],[3.0669,42.8931],[3.0789,42.9558],[3.1628,43.0811],[3.1703,43.0896],[3.1721,43.09],[3.1851,43.0929],[3.2652,43.1108],[3.3053,43.1198],[3.3453,43.1287],[3.4254,43.1466],[3.8117,43.233],[3.9569,43.2654],[4.0052,43.2762],[4.102,43.2978],[4.1503,43.3086],[4.1987,43.3194],[4.1987,43.4626],[4.2059,43.4599],[4.2313,43.4715],[4.2476,43.501],[4.3371,43.5321],[4.4004,43.5622],[4.413,43.5819],[4.4483,43.5873],[4.4599,43.6178],[4.4296,43.6248],[4.4516,43.6666],[4.4995,43.7063],[4.5415,43.7129],[4.6049,43.696],[4.6169,43.741],[4.6464,43.7949],[4.6409,43.8706],[4.7267,43.9172],[4.7728,43.9328],[4.8064,43.9529],[4.822,43.9758],[4.8209,44.0004],[4.8475,44.0022],[4.8444,44.0221],[4.7779,44.0843],[4.7295,44.0859],[4.719,44.1247],[4.7213,44.1902],[4.6881,44.2194],[4.6856,44.2403],[4.6578,44.2817],[4.6575,44.3268],[4.7438,44.3263],[4.7871,44.2959],[4.8096,44.2491],[4.8448,44.2388],[4.8914,44.259],[4.9187,44.2609],[4.9845,44.282],[5.0523,44.2962],[5.1111,44.2882],[5.1598,44.3074],[5.1745,44.2971],[5.1635,44.2474],[5.1775,44.2339],[5.223,44.2244],[5.2691,44.2272],[5.3789,44.2021],[5.3932,44.1694],[5.4713,44.1249],[5.5062,44.1218],[5.5369,44.1357],[5.5904,44.1782],[5.6382,44.1722],[5.6494,44.1538],[5.6751,44.1566],[5.6789,44.1907],[5.7063,44.1887],[5.8051,44.2107],[5.8688,44.1925],[5.9008,44.1999],[5.8231,44.2765],[5.8353,44.3005],[5.8639,44.2965],[5.9143,44.2685],[5.9196,44.306],[5.9086,44.337],[5.9373,44.3624],[5.9558,44.3955],[5.9817,44.4141],[6.032,44.4344],[6.0735,44.4676],[6.1349,44.4721],[6.1625,44.4344],[6.1835,44.428],[6.2171,44.3893],[6.236,44.3847],[6.2697,44.4222],[6.2587,44.4678],[6.297,44.4767],[6.3247,44.4936],[6.3652,44.5347],[6.4326,44.4785],[6.4674,44.4589],[6.5128,44.4492],[6.6129,44.4468],[6.6304,44.4524],[6.669,44.5036],[6.684,44.5406],[6.7137,44.5434],[6.7919,44.5995],[6.8739,44.6292],[6.919,44.6609],[6.9383,44.658],[6.9828,44.6922],[7.0552,44.6849],[7.0388,44.7121],[7.019,44.7389],[6.9984,44.7938],[7.0071,44.8221],[6.9828,44.847],[6.9327,44.8617],[6.866,44.8557],[6.7782,44.8876],[6.7279,44.9287],[6.7299,44.9847],[6.7235,45.0134],[6.6972,45.0269],[6.6622,45.0292],[6.6397,45.0504],[6.6366,45.0745],[6.6027,45.1035],[6.6294,45.1235],[6.6674,45.1396],[6.6944,45.1403],[6.7364,45.1573],[6.7715,45.1532],[6.8441,45.1301],[6.8767,45.1412],[6.8813,45.1684],[6.9138,45.1702],[6.9587,45.2098],[7.0297,45.2282],[7.0502,45.215],[7.1084,45.2592],[7.0926,45.324],[7.1301,45.3571],[7.1607,45.4109],[7.0968,45.4354],[7.0754,45.4663],[6.9828,45.5111],[6.9698,45.567],[6.9549,45.5862],[6.9695,45.6258],[6.9634,45.6407],[6.9186,45.6526],[6.8826,45.6755],[6.8431,45.6827],[6.7959,45.7181],[6.7839,45.765],[6.7113,45.7275],[6.6895,45.7281],[6.6978,45.7585],[6.68,45.7803],[6.6497,45.7928],[6.6027,45.7966],[6.5529,45.8256],[6.5418,45.8437],[6.5622,45.8855],[6.5338,45.9066],[6.5123,45.9066],[6.4628,45.867],[6.4286,45.8095],[6.3679,45.7705],[6.3488,45.723],[6.3302,45.7039],[6.2814,45.684],[6.2428,45.6866],[6.1958,45.7302],[6.1368,45.7591],[6.1049,45.7595],[6.0736,45.7434],[6.0032,45.7521],[5.9842,45.765],[5.9695,45.8047],[5.9544,45.8141],[5.8973,45.8229],[5.878,45.8507],[5.8673,45.9226],[5.8404,45.9388],[5.8242,46.0502],[5.8252,46.0953],[5.8459,46.111],[5.8716,46.0933],[5.9055,46.1226],[5.9588,46.1305],[5.9829,46.1708],[5.9548,46.1999],[5.9585,46.212],[5.9829,46.2227],[6.0429,46.2431],[6.0677,46.2416],[6.0897,46.2464],[6.1007,46.3014],[6.1186,46.3318],[6.1351,46.3704],[6.1082,46.3965],[6.059,46.4174],[6.0642,46.4711],[6.1457,46.5516],[6.138,46.5576],[6.1184,46.5835],[6.1319,46.5956],[6.2663,46.6804],[6.3379,46.7074],[6.3742,46.7336],[6.4292,46.7608],[6.4326,46.786],[6.4186,46.807],[6.4431,46.8515],[6.4484,46.8716],[6.4278,46.9091],[6.4426,46.9442],[6.4911,46.9634],[6.5987,46.9865],[6.6654,47.0213],[6.6883,47.0438],[6.6763,47.0624],[6.6991,47.0846],[6.746,47.1039],[6.7448,47.1211],[6.7748,47.1282],[6.8381,47.1681],[6.8883,47.2113],[6.9562,47.2452],[6.9586,47.2906],[7.0443,47.3405],[7.004,47.3681],[6.9856,47.3621],[6.8666,47.3542],[6.8988,47.3957],[6.9245,47.406],[6.9392,47.4268],[6.9144,47.487],[6.9234,47.5211],[6.8938,47.5518],[6.8248,47.5476],[6.8071,47.5629],[6.8109,47.5764],[6.7897,47.6042],[6.7865,47.655],[6.7608,47.7138],[6.7651,47.7529],[6.7848,47.78],[6.836,47.8242],[6.8689,47.819],[6.9239,47.8432],[6.917,47.883],[6.9344,47.9027],[6.9598,47.9675],[7.0085,48.0103],[7.0869,48.1254],[7.0749,48.1525],[7.2087,48.3034],[7.1885,48.331],[7.1442,48.3321],[7.1099,48.3423],[7.1268,48.4473],[7.1277,48.4841],[7.1489,48.4999],[7.0887,48.5234],[7.0981,48.5292],[7.193,48.5335],[7.2137,48.5532],[7.2705,48.5842],[7.3004,48.6556],[7.2649,48.6849],[7.3133,48.7408],[7.3041,48.7755],[7.2476,48.8184],[7.2163,48.8298],[7.2044,48.8542],[7.1754,48.8203],[7.1467,48.8127],[7.1293,48.7931],[7.1032,48.7925],[7.0749,48.8245],[7.0967,48.8525],[7.0152,48.8823],[6.9862,48.8987],[6.9808,48.9301],[7.0373,48.9719],[7.047,49.0002],[7.0773,49.0295],[7.0787,49.0602],[7.0973,49.0657],[7.1235,49.0499],[7.1327,49.0209],[7.1558,49.0056],[7.2914,48.9733],[7.3018,48.9547],[7.3417,48.9434],[7.4806,48.959],[7.5452,48.938],[7.5729,48.9437],[7.6449,49.0363],[7.6086,49.062],[7.5209,49.0837],[7.471,49.1283],[7.4761,49.1515],[7.4148,49.1578],[7.4105,49.1689],[7.3716,49.1662],[7.3265,49.1318],[7.2971,49.1281],[7.2681,49.1056],[7.2412,49.1139],[7.155,49.1144],[7.0853,49.1415],[7.0732,49.1203],[7.0425,49.1076],[7.0205,49.119],[7.009,49.1464],[7.0095,49.1817],[6.9879,49.1824],[6.9254,49.2056],[6.8435,49.2111],[6.8277,49.1956],[6.839,49.1628],[6.8091,49.1458],[6.7701,49.1553],[6.7256,49.1556],[6.701,49.1729],[6.7025,49.2136],[6.6806,49.2075],[6.6638,49.2439],[6.6397,49.2712],[6.5732,49.3131],[6.5501,49.338],[6.5743,49.3618],[6.5257,49.3955],[6.4945,49.4355],[6.4027,49.4655],[6.4,49.465],[6.4,49.22],[6,49.22],[6,49.4441],[5.9607,49.4413],[5.9281,49.4823],[5.8647,49.4922],[5.8221,49.5105],[5.7907,49.5378],[5.7571,49.5484],[5.7103,49.5311],[5.6446,49.5438],[5.6023,49.5137],[5.55,49.523],[5.55,49.45],[5.25,49.45],[5.25,49.5597],[5.2629,49.5588],[5.2731,49.544],[5.3021,49.5495],[5.3899,49.5933],[5.3912,49.6088],[5.3349,49.6258],[5.2979,49.6133],[5.2994,49.6625],[5.2592,49.6913],[5.1925,49.6828],[5.1364,49.7053],[5.0819,49.7527],[5.0263,49.7667],[4.9684,49.797],[4.9892,49.8234],[4.9849,49.8513],[5.0599,49.8861],[5.0432,49.8969],[5.0687,49.9124],[5.1189,49.9253],[5.0972,49.9393],[5.101,49.9616],[5.0626,49.9848],[5.0094,49.9827],[4.9911,50.0303],[5.0496,50.0637],[5.0662,50.1248],[5.0721,50.0968],[5.0933,50.092],[5.187,50.0962],[5.2673,50.1203],[5.2418,50.1355],[5.2703,50.1414],[5.2796,50.1595],[5.2441,50.186],[5.2444,50.2062],[5.2059,50.2199],[5.2533,50.2271],[5.2507,50.2388],[5.284,50.2492],[5.2945,50.2404],[5.3652,50.2697],[5.3927,50.2881],[5.3834,50.3192],[5.3401,50.3118],[5.3944,50.3378],[5.3802,50.3496],[5.4012,50.3676],[5.3924,50.3805],[5.3499,50.3897],[5.2951,50.3662],[5.2824,50.3969],[5.2328,50.4056],[5.2205,50.4184],[5.2361,50.4381],[5.1959,50.4786],[5.1621,50.4699],[5.156,50.4906],[5.1054,50.5074],[5.0904,50.5309],[5.0346,50.5329],[5.0534,50.5419],[5.0277,50.5899],[4.9791,50.6193],[4.9826,50.6434],[5.0018,50.6662],[5.0008,50.6958],[5.0166,50.703],[4.992,50.7253],[5.0158,50.7335],[5.0191,50.7519],[5.0435,50.7428],[5.043,50.7251],[5.0747,50.7069],[5.1011,50.7098],[5.1204,50.736],[5.1011,50.7433],[5.1146,50.7636],[5.1064,50.782],[5.1516,50.8116],[5.1295,50.8166],[5.1532,50.8796],[5.1775,50.8786],[5.1862,50.9063],[5.1332,50.9225],[5.0946,50.911],[5.0547,50.9212],[5.0415,50.9431],[5.0817,50.9656],[5.0826,50.9877],[5.1244,50.9998],[5.118,51.0233],[5.1583,51.0235],[5.1312,51.0455],[5.0809,51.0495],[5.081,51.0245],[5.0225,51.0207],[5.0063,51.0404],[4.9809,51.036],[5.0098,51.0751],[5.0899,51.0852],[5.1303,51.1176],[5.1804,51.1192],[5.203,51.14],[5.2354,51.134],[5.2604,51.1481],[5.2572,51.1885],[5.2165,51.2125],[5.2395,51.2569],[5.2154,51.2587],[5.2149,51.2943],[5.1973,51.3083],[5.1229,51.3134],[5.1026,51.3507],[5.0681,51.3745],[5.0653,51.4059],[5.0799,51.4385],[5.0603,51.462],[5.0121,51.4743],[4.9958,51.4467],[4.9571,51.411],[4.9103,51.3919],[4.8533,51.4061],[4.7833,51.4076],[4.7791,51.4264],[4.8227,51.4137],[4.8154,51.4311],[4.8239,51.4756],[4.7642,51.4962],[4.7312,51.4856],[4.6539,51.4262],[4.6301,51.4182],[4.5406,51.4201],[4.5215,51.4286],[4.5332,51.4676],[4.4831,51.4743],[4.3771,51.4429],[4.3799,51.4095],[4.4162,51.374],[4.3922,51.3504],[4.3456,51.3523],[4.2811,51.3689],[4.2803,51.37],[4.2609,51.37],[4.2579,51.3783],[4.237,51.3783],[4.237,51.3816],[4.1904,51.3816],[4.1904,51.375],[4.2215,51.368],[4.2126,51.37],[4.15,51.37],[4,51.4],[3.85,51.37],[3.75,51.385],[3.6,51.42],[3.4608,51.4246],[3.4179,51.4017],[3.3878,51.3857],[3.3828,51.3847],[3.3496,51.3778],[3.3477,51.3774],[3.3126,51.3702],[3.2775,51.3629],[3.2236,51.3518],[3.2073,51.3464],[3.1248,51.3297],[2.9983,51.2774],[2.9608,51.265],[2.9162,51.2478],[2.6523,51.1824],[2.5658,51.1609],[2.5226,51.1502],[2.5144,51.1482],[2.4793,51.1401],[2.1333,51.0605],[2.0901,51.0505],[2.0468,51.0405],[1.9603,51.0206],[1.6396,50.9468],[1.6143,50.8782],[1.5806,50.8688],[1.5946,50.8248],[1.512,50.6011],[1.4707,50.4893],[1.4501,50.4334],[1.4398,50.4055],[1.4294,50.3775],[1.3696,50.2153],[1.3489,50.1593],[1.3372,50.1276],[1.2877,50.111],[1.268,50.1044],[1.1871,50.0772],[1.0252,50.0229],[0.0541,49.6971],[-0.1077,49.6428],[-0.1887,49.6156],[-0.2696,49.5885],[-0.31,49.5749],[-0.3505,49.5613],[-0.4314,49.5342],[-0.5933,49.4799],[-0.887,49.3813],[-0.9169,49.3864],[-0.9404,49.3923],[-0.9543,49.3928],[-0.9592,49.3936],[-0.9596,49.3936],[-0.9698,49.3933],[-1.0723,49.3968],[-1.084,49.3909],[-1.121,49.4077],[-1.121,49.3853],[-1.1265,49.3853],[-1.1265,49.3501],[-1.1188,49.3462],[-1.1371,49.2981],[-1.1228,49.2762],[-1.0089,49.1974],[-0.9832,49.1961],[-0.9235,49.211],[-0.9109,49.1951],[-0.9182,49.1528],[-0.8843,49.1084],[-0.8626,49.0264],[-0.8948,49.0149],[-0.9508,48.971],[-0.9983,48.9513],[-1.0419,48.9591],[-1.0642,48.9268],[-1.0369,48.9058],[-1.0595,48.881],[-1.1002,48.8692],[-1.1312,48.85],[-1.1469,48.8218],[-1.1082,48.8154],[-1.0922,48.7872],[-1.045,48.7752],[-0.996,48.7737],[-0.9567,48.783],[-0.8974,48.7724],[-0.8409,48.7523],[-0.8425,48.7285],[-0.82,48.7268],[-0.7368,48.6861],[-0.7667,48.6599],[-0.7521,48.6118],[-0.7857,48.5596],[-0.8405,48.5257],[-0.8627,48.5018],[-0.8994,48.4969],[-0.9362,48.5073],[-0.9949,48.4933],[-1.0791,48.4987],[-1.0823,48.4231],[-1.0698,48.3182],[-1.1017,48.2674],[-1.0852,48.24],[-1.0703,48.1743],[-1.0823,48.1524],[-1.0704,48.0906],[-1.0418,48.0623],[-1.0406,48.0015],[-1.0779,47.9893],[-1.1244,47.9861],[-1.1677,47.9608],[-1.2289,47.823],[-1.243,47.8095],[-1.251,47.7804],[-1.248,47.734],[-1.1793,47.6995],[-1.1761,47.6552],[-1.1581,47.6315],[-1.0313,47.6014],[-1.0082,47.5878],[-1.0583,47.5641],[-1.1617,47.5713],[-1.1789,47.5638],[-1.1747,47.542],[-1.129,47.505],[-0.9656,47.4918],[-0.9559,47.4388],[-0.9238,47.3943],[-1.0009,47.3832],[-1.1288,47.3815],[-1.1648,47.3758],[-1.2232,47.3511],[-1.2862,47.3458],[-1.3347,47.3239],[-1.3393,47.3009],[-1.3015,47.2971],[-1.2506,47.2464],[-1.1964,47.2482],[-1.1619,47.1858],[-1.2193,47.1318],[-1.2301,47.1094],[-1.1605,47.0841],[-1.1294,47.0626],[-1.1184,47.041],[-1.1486,47.0295],[-1.2312,47.067],[-1.2697,47.0763],[-1.3054,47.0392],[-1.3439,47.0451],[-1.368,47.024],[-1.3624,46.986],[-1.3787,46.957],[-1.4241,46.9358],[-1.4595,46.9404],[-1.468,46.9556],[-1.468,47.0105],[-1.4982,47.0354],[-1.5466,47.0201],[-1.553,46.9934],[-1.5394,46.9457],[-1.5,46.8827],[-1.5501,46.8599],[-1.6518,46.8791],[-1.7203,46.8846],[-1.7716,46.9245],[-1.8766,46.9594],[-1.9084,46.9773],[-1.9684,47.0252],[-1.9907,47.0354],[-2.0001,47.0306],[-2.0183,47.0306],[-2.0183,47.0644],[-2.046,47.0644],[-2.046,47.0291],[-2.1814,47.0291],[-2.1814,47.0175]],[[4.8826,44.3232],[4.8887,44.356],[4.9384,44.4164],[4.9637,44.4289],[4.9924,44.4231],[5.0322,44.3935],[5.0434,44.3679],[5.0012,44.3229],[4.9806,44.3125],[4.897,44.3124],[4.8826,44.3232]]],[[[7.3624,43.6731],[7.4029,43.6731],[7.4049,43.6744],[7.4361,43.6938],[7.4474,43.6958],[7.4899,43.7033],[7.4899,43.744],[7.4474,43.744],[7.4474,43.7488],[7.4375,43.7434],[7.4262,43.7555],[7.407,43.7635],[7.3875,43.7579],[7.3727,43.7458],[7.3673,43.7341],[7.3658,43.7227],[7.3624,43.7192],[7.3624,43.6731]]],[[[7.4797,43.86],[7.5023,43.7922],[7.4899,43.7885],[7.4899,43.744],[7.515,43.744],[7.515,43.86],[7.4797,43.86]]]]}},
{"type":"Feature","properties":{"entityId":"west-francia","from":879,"to":880,"certainty":"estimated","source":"유럽 쪽은 Natural Earth 1:10m admin-1(v5.1.2) 현대 행정구역 조각을 그 시기 국경에 맞춰 묶고, 조각이 역사 경계와 다른 곳은 선을 그어 나눈 근사. 유럽 밖(시베리아·중앙아시아·극동)은 대략적인 추정. 운영자 검수 필요"},"geometry":{"type":"MultiPolygon","coordinates":[[[[-2.6735,49.4335],[-2.6693,49.4309],[-2.5731,49.4309],[-2.5521,49.4267],[-2.549,49.4283],[-2.5472,49.4279],[-2.5472,49.428],[-2.5468,49.4279],[-2.5456,49.4301],[-2.5341,49.4362],[-2.5267,49.4585],[-2.5245,49.4688],[-2.5127,49.4903],[-2.5058,49.498],[-2.5017,49.5067],[-2.5182,49.5155],[-2.5382,49.5098],[-2.5496,49.5042],[-2.5736,49.4954],[-2.5802,49.4936],[-2.5825,49.4922],[-2.648,49.4682],[-2.6479,49.4679],[-2.648,49.4678],[-2.6464,49.464],[-2.6503,49.4637],[-2.6566,49.4594],[-2.6518,49.4452],[-2.663,49.4438],[-2.6735,49.4335]]],[[[-2.242,49.248],[-2.2332,49.2285],[-2.2296,49.2165],[-2.2376,49.1766],[-2.2375,49.1766],[-2.2376,49.1762],[-2.2372,49.1763],[-2.2372,49.1762],[-2.1826,49.1841],[-2.1772,49.1802],[-2.1687,49.1783],[-2.1626,49.1866],[-2.1013,49.1866],[-2.097,49.1837],[-2.08,49.1787],[-2.0734,49.1786],[-2.054,49.1693],[-2.0537,49.1694],[-2.0536,49.1693],[-2.0354,49.1744],[-2.0245,49.1713],[-2.0237,49.1777],[-2.0104,49.1814],[-2.0105,49.1818],[-2.0104,49.1818],[-2.014,49.2072],[-2.0083,49.2125],[-2.0158,49.2196],[-2.0176,49.2321],[-2.021,49.2333],[-2.0207,49.2353],[-2.0679,49.2507],[-2.0827,49.2602],[-2.1039,49.2582],[-2.1059,49.2568],[-2.1218,49.2582],[-2.122,49.2583],[-2.1438,49.2619],[-2.1517,49.267],[-2.1618,49.2618],[-2.2192,49.2669],[-2.2196,49.2669],[-2.2209,49.2605],[-2.2294,49.263],[-2.2411,49.2602],[-2.242,49.248]]],[[[-2.1814,47.0175],[-2.1532,46.9889],[-2.1137,46.9487],[-2.098,46.9328],[-2.1022,46.9307],[-2.0963,46.9165],[-2.122,46.9037],[-2.1313,46.8718],[-2.1188,46.82],[-2.0503,46.7921],[-2.0022,46.7575],[-1.9921,46.7485],[-1.965,46.7104],[-1.9398,46.7019],[-1.9208,46.685],[-1.8213,46.558],[-1.8048,46.5036],[-1.7817,46.4954],[-1.7854,46.514],[-1.7742,46.5093],[-1.7684,46.5002],[-1.6868,46.4609],[-1.6459,46.4558],[-1.6321,46.4501],[-1.6256,46.4311],[-1.5988,46.425],[-1.598,46.425],[-1.5344,46.3603],[-1.5025,46.3279],[-1.4706,46.2956],[-1.4421,46.2666],[-1.4136,46.2377],[-1.4905,46.2244],[-1.508,46.2456],[-1.4739,46.2381],[-1.4679,46.2499],[-1.4981,46.2619],[-1.5558,46.2518],[-1.5043,46.2077],[-1.4329,46.2108],[-1.3506,46.1737],[-1.3432,46.1662],[-1.2496,46.0712],[-1.1936,46.0143],[-1.2021,45.9262],[-1.2198,45.9431],[-1.2194,45.9439],[-1.2336,45.9917],[-1.2738,45.9976],[-1.3399,46.0378],[-1.3829,46.048],[-1.3876,46.0501],[-1.3876,46.0499],[-1.388,46.0501],[-1.388,46.0492],[-1.4049,46.0532],[-1.3833,46.0155],[-1.375,45.9858],[-1.3783,45.976],[-1.3402,45.9387],[-1.2778,45.8942],[-1.2457,45.8546],[-1.2269,45.8198],[-1.2127,45.8153],[-1.2147,45.7949],[-1.2303,45.7924],[-1.2473,45.7099],[-1.2228,45.71],[-1.23,45.6345],[-1.2337,45.5966],[-1.2373,45.5588],[-1.2518,45.4074],[-1.2808,45.1045],[-1.3388,44.4988],[-1.3458,44.4252],[-1.3529,44.3516],[-1.367,44.2044],[-1.3844,44.0225],[-1.4818,43.9099],[-1.6848,43.6753],[-1.7231,43.6311],[-1.7997,43.5425],[-1.7614,43.5425],[-1.7614,43.4982],[-1.762,43.4982],[-1.762,43.4067],[-1.8006,43.4067],[-1.8006,43.3894],[-1.7941,43.386],[-1.7969,43.3411],[-1.7682,43.3309],[-1.7497,43.2948],[-1.6739,43.3042],[-1.645,43.2924],[-1.639,43.2557],[-1.5876,43.2516],[-1.559,43.2841],[-1.5081,43.2768],[-1.4664,43.2608],[-1.4322,43.265],[-1.4035,43.2433],[-1.3997,43.2067],[-1.4258,43.1353],[-1.4878,43.0818],[-1.4753,43.0601],[-1.435,43.0357],[-1.3831,43.0292],[-1.3576,43.0468],[-1.3483,43.0931],[-1.3086,43.1136],[-1.3106,43.0695],[-1.2749,43.0468],[-1.2169,43.0393],[-1.1499,43.0057],[-1.1124,43.0083],[-1.0797,42.9934],[-1.0285,42.9867],[-0.9815,42.957],[-0.9432,42.9479],[-0.8635,42.9431],[-0.7864,42.9533],[-0.7597,42.9465],[-0.745,42.9187],[-0.7459,42.8939],[-0.7301,42.8775],[-0.7004,42.8764],[-0.6483,42.8498],[-0.6095,42.8114],[-0.5829,42.7958],[-0.5787,42.7773],[-0.5356,42.7842],[-0.5339,42.808],[-0.5084,42.8075],[-0.4545,42.7889],[-0.4239,42.7907],[-0.3228,42.8425],[-0.3051,42.8308],[-0.247,42.8048],[-0.2351,42.7862],[-0.2084,42.7839],[-0.1614,42.7953],[-0.1636,42.778],[-0.119,42.7169],[-0.0389,42.6851],[-0.0043,42.6875],[0.0728,42.7085],[0.1342,42.7152],[0.1692,42.7265],[0.2384,42.7104],[0.2754,42.6687],[0.2902,42.6703],[0.336,42.7127],[0.3542,42.7175],[0.3893,42.6851],[0.4669,42.6904],[0.4835,42.6853],[0.6082,42.688],[0.6436,42.6845],[0.6634,42.6962],[0.6756,42.6887],[0.7084,42.6342],[0.7655,42.6099],[0.7615,42.5693],[0.7306,42.5197],[0.7303,42.5007],[0.7014,42.4843],[0.7151,42.4431],[0.7329,42.4269],[0.7464,42.3905],[0.7511,42.348],[0.7417,42.264],[0.7194,42.2268],[0.7035,42.1679],[0.7031,42.1203],[0.6843,42.09],[0.6425,41.9923],[0.5762,41.9513],[0.5672,41.9327],[0.5896,41.9186],[0.5976,41.8744],[0.5422,41.8267],[0.4966,41.8088],[0.4542,41.7625],[0.406,41.753],[0.3285,41.6774],[0.3481,41.6152],[0.3652,41.5983],[0.424,41.5929],[0.4412,41.5461],[0.4004,41.4965],[0.3485,41.4721],[0.3383,41.4059],[0.3273,41.3701],[0.3517,41.3625],[0.3773,41.3214],[0.3524,41.2792],[0.3604,41.2328],[0.3858,41.2789],[0.4332,41.2761],[0.4381,41.3248],[0.4728,41.3283],[0.5098,41.2885],[0.5314,41.2928],[0.5619,41.3239],[0.6208,41.2987],[0.7364,41.3184],[0.7585,41.3313],[0.805,41.3313],[0.8335,41.3585],[0.879,41.342],[0.9577,41.3545],[0.9895,41.3983],[1.0237,41.4063],[1.062,41.4516],[1.073,41.4827],[1.1172,41.4725],[1.1574,41.4802],[1.1702,41.4954],[1.178,41.5445],[1.2078,41.5723],[1.3718,41.5654],[1.3927,41.575],[1.4311,41.574],[1.4277,41.5524],[1.3974,41.5213],[1.4047,41.5067],[1.4828,41.4766],[1.4719,41.4266],[1.4853,41.4075],[1.5368,41.3852],[1.5596,41.3663],[1.5661,41.3341],[1.5861,41.301],[1.6086,41.2885],[1.6055,41.259],[1.5739,41.2344],[1.6278,41.218],[1.6244,41.1922],[1.6397,41.1957],[1.6397,41.1511],[1.6841,41.1584],[1.7284,41.1657],[1.9058,41.195],[2.0936,41.226],[2.6155,41.5927],[2.6519,41.6053],[2.7785,41.6456],[2.792,41.669],[2.8511,41.6972],[2.933,41.7125],[2.9509,41.7343],[3.0403,41.7869],[3.0691,41.7991],[3.0735,41.8119],[3.1272,41.8469],[3.1502,41.8454],[3.1949,41.8883],[3.2099,41.9115],[3.2492,41.944],[3.2492,41.9444],[3.2384,42.0833],[3.224,42.1111],[3.1736,42.1354],[3.1521,42.163],[3.1658,42.2526],[3.2101,42.2397],[3.263,42.2399],[3.287,42.2629],[3.2993,42.2869],[3.3068,42.2895],[3.3067,42.2899],[3.3068,42.2899],[3.3044,42.297],[3.3177,42.323],[3.2933,42.3303],[3.2888,42.3437],[3.2384,42.368],[3.2253,42.4006],[3.2132,42.4305],[3.2108,42.4358],[3.1988,42.4617],[3.1911,42.471],[3.0908,42.5919],[3.087,42.6117],[3.0604,42.7524],[3.0502,42.806],[3.0535,42.8228],[3.0602,42.858],[3.0669,42.8931],[3.0789,42.9558],[3.1628,43.0811],[3.1703,43.0896],[3.1721,43.09],[3.1851,43.0929],[3.2652,43.1108],[3.3053,43.1198],[3.3453,43.1287],[3.4254,43.1466],[3.8117,43.233],[3.9569,43.2654],[4.0052,43.2762],[4.102,43.2978],[4.1503,43.3086],[4.1987,43.3194],[4.1987,43.4626],[4.2059,43.4599],[4.2313,43.4715],[4.2476,43.501],[4.3371,43.5321],[4.4004,43.5622],[4.413,43.5819],[4.4483,43.5873],[4.4599,43.6178],[4.4296,43.6248],[4.4516,43.6666],[4.4995,43.7063],[4.5415,43.7129],[4.6049,43.696],[4.6169,43.741],[4.6464,43.7949],[4.6409,43.8706],[4.7267,43.9172],[4.7728,43.9328],[4.8064,43.9529],[4.822,43.9758],[4.8209,44.0004],[4.8475,44.0022],[4.8444,44.0221],[4.7779,44.0843],[4.7295,44.0859],[4.719,44.1247],[4.7213,44.1902],[4.6881,44.2194],[4.6856,44.2403],[4.6578,44.2817],[4.6575,44.3268],[4.677,44.4372],[4.7034,44.4747],[4.7213,44.5734],[4.74,44.6063],[4.7895,44.6585],[4.7964,44.6964],[4.769,44.7547],[4.7776,44.7954],[4.8283,44.837],[4.8306,44.8509],[4.8686,44.8848],[4.8926,44.9495],[4.851,45.0215],[4.8584,45.0656],[4.8447,45.101],[4.8228,45.1112],[4.8273,45.1579],[4.8141,45.1974],[4.8114,45.2963],[4.7759,45.3372],[4.7698,45.3657],[4.7554,45.4021],[4.76,45.4445],[4.7182,45.4797],[4.6791,45.4779],[4.6543,45.4912],[4.6659,45.5549],[4.6402,45.5813],[4.6069,45.5843],[4.5461,45.5776],[4.497,45.5847],[4.4356,45.6134],[4.3842,45.6544],[4.3654,45.6985],[4.3992,45.7374],[4.3968,45.7494],[4.3442,45.7603],[4.3442,45.7777],[4.3834,45.8182],[4.3938,45.8428],[4.3723,45.8659],[4.3421,45.8782],[4.3309,45.8975],[4.3403,45.9247],[4.3277,45.942],[4.2589,45.9703],[4.253,45.9849],[4.2998,45.9986],[4.3003,46.023],[4.2526,46.0498],[4.2584,46.0667],[4.357,46.1418],[4.4322,46.1507],[4.4327,46.1915],[4.3839,46.2248],[4.4085,46.2898],[4.5176,46.2762],[4.5543,46.2887],[4.5812,46.2659],[4.6057,46.2631],[4.6381,46.2992],[4.673,46.2882],[4.6774,46.2613],[4.7041,46.2475],[4.7031,46.2247],[4.7202,46.1886],[4.7392,46.177],[4.7978,46.1718],[4.7952,46.1923],[4.8186,46.2573],[4.8728,46.3376],[4.8742,46.3597],[4.8993,46.3961],[4.9119,46.4472],[4.9376,46.5016],[4.96,46.5095],[5.0253,46.4933],[5.0641,46.4927],[5.1252,46.509],[5.1786,46.5054],[5.2404,46.4687],[5.311,46.4554],[5.3203,46.4084],[5.3639,46.3914],[5.3754,46.3604],[5.4691,46.3203],[5.4699,46.2769],[5.5099,46.2607],[5.5954,46.3],[5.6479,46.344],[5.6978,46.3121],[5.7144,46.2777],[5.7305,46.2712],[5.8396,46.2674],[5.8809,46.2755],[5.9521,46.3233],[5.9689,46.3448],[6.059,46.4174],[6.0642,46.4711],[6.1457,46.5516],[6.138,46.5576],[6.1184,46.5835],[6.1319,46.5956],[6.2663,46.6804],[6.3379,46.7074],[6.3742,46.7336],[6.4292,46.7608],[6.4326,46.786],[6.4186,46.807],[6.4431,46.8515],[6.4484,46.8716],[6.4278,46.9091],[6.4426,46.9442],[6.4911,46.9634],[6.5987,46.9865],[6.6654,47.0213],[6.6883,47.0438],[6.6763,47.0624],[6.6991,47.0846],[6.746,47.1039],[6.7448,47.1211],[6.7748,47.1282],[6.8381,47.1681],[6.8883,47.2113],[6.9562,47.2452],[6.9586,47.2906],[7.0443,47.3405],[7.004,47.3681],[6.9856,47.3621],[6.8666,47.3542],[6.8988,47.3957],[6.9245,47.406],[6.9392,47.4268],[6.9144,47.487],[6.9234,47.5211],[6.8938,47.5518],[6.8248,47.5476],[6.8071,47.5629],[6.8109,47.5764],[6.7897,47.6042],[6.7865,47.655],[6.7608,47.7138],[6.7651,47.7529],[6.7848,47.78],[6.836,47.8242],[6.8689,47.819],[6.9239,47.8432],[6.917,47.883],[6.9344,47.9027],[6.9598,47.9675],[7.0085,48.0103],[7.0869,48.1254],[7.0749,48.1525],[7.2087,48.3034],[7.1885,48.331],[7.1442,48.3321],[7.1099,48.3423],[7.1268,48.4473],[7.1277,48.4841],[7.1489,48.4999],[7.0887,48.5234],[7.0981,48.5292],[7.193,48.5335],[7.2137,48.5532],[7.2705,48.5842],[7.3004,48.6556],[7.2649,48.6849],[7.3133,48.7408],[7.3041,48.7755],[7.2476,48.8184],[7.2163,48.8298],[7.2044,48.8542],[7.1754,48.8203],[7.1467,48.8127],[7.1293,48.7931],[7.1032,48.7925],[7.0749,48.8245],[7.0967,48.8525],[7.0152,48.8823],[6.9862,48.8987],[6.9808,48.9301],[7.0373,48.9719],[7.047,49.0002],[7.0773,49.0295],[7.0787,49.0602],[7.0973,49.0657],[7.1235,49.0499],[7.1327,49.0209],[7.1558,49.0056],[7.2914,48.9733],[7.3018,48.9547],[7.3417,48.9434],[7.4806,48.959],[7.5452,48.938],[7.5729,48.9437],[7.6449,49.0363],[7.6086,49.062],[7.5209,49.0837],[7.471,49.1283],[7.4761,49.1515],[7.4148,49.1578],[7.4105,49.1689],[7.3716,49.1662],[7.3265,49.1318],[7.2971,49.1281],[7.2681,49.1056],[7.2412,49.1139],[7.155,49.1144],[7.0853,49.1415],[7.0732,49.1203],[7.0425,49.1076],[7.0205,49.119],[7.009,49.1464],[7.0095,49.1817],[6.9879,49.1824],[6.9254,49.2056],[6.8435,49.2111],[6.8277,49.1956],[6.839,49.1628],[6.8091,49.1458],[6.7701,49.1553],[6.7256,49.1556],[6.701,49.1729],[6.7025,49.2136],[6.6806,49.2075],[6.6638,49.2439],[6.6397,49.2712],[6.5732,49.3131],[6.5501,49.338],[6.5743,49.3618],[6.5257,49.3955],[6.4945,49.4355],[6.4027,49.4655],[6.4,49.465],[6.4,49.22],[6,49.22],[6,49.4441],[5.9607,49.4413],[5.9281,49.4823],[5.8647,49.4922],[5.8221,49.5105],[5.7907,49.5378],[5.7571,49.5484],[5.7103,49.5311],[5.6446,49.5438],[5.6023,49.5137],[5.55,49.523],[5.55,49.45],[5.25,49.45],[5.25,49.5597],[5.2629,49.5588],[5.2731,49.544],[5.3021,49.5495],[5.3899,49.5933],[5.3912,49.6088],[5.3349,49.6258],[5.2979,49.6133],[5.2994,49.6625],[5.2592,49.6913],[5.1925,49.6828],[5.1364,49.7053],[5.0819,49.7527],[5.0263,49.7667],[4.9684,49.797],[4.9892,49.8234],[4.9849,49.8513],[5.0599,49.8861],[5.0432,49.8969],[5.0687,49.9124],[5.1189,49.9253],[5.0972,49.9393],[5.101,49.9616],[5.0626,49.9848],[5.0094,49.9827],[4.9911,50.0303],[5.0496,50.0637],[5.0662,50.1248],[5.0721,50.0968],[5.0933,50.092],[5.187,50.0962],[5.2673,50.1203],[5.2418,50.1355],[5.2703,50.1414],[5.2796,50.1595],[5.2441,50.186],[5.2444,50.2062],[5.2059,50.2199],[5.2533,50.2271],[5.2507,50.2388],[5.284,50.2492],[5.2945,50.2404],[5.3652,50.2697],[5.3927,50.2881],[5.3834,50.3192],[5.3401,50.3118],[5.3944,50.3378],[5.3802,50.3496],[5.4012,50.3676],[5.3924,50.3805],[5.3499,50.3897],[5.2951,50.3662],[5.2824,50.3969],[5.2328,50.4056],[5.2205,50.4184],[5.2361,50.4381],[5.1959,50.4786],[5.1621,50.4699],[5.156,50.4906],[5.1054,50.5074],[5.0904,50.5309],[5.0346,50.5329],[5.0534,50.5419],[5.0277,50.5899],[4.9791,50.6193],[4.9826,50.6434],[5.0018,50.6662],[5.0008,50.6958],[5.0166,50.703],[4.992,50.7253],[5.0158,50.7335],[5.0191,50.7519],[5.0435,50.7428],[5.043,50.7251],[5.0747,50.7069],[5.1011,50.7098],[5.1204,50.736],[5.1011,50.7433],[5.1146,50.7636],[5.1064,50.782],[5.1516,50.8116],[5.1295,50.8166],[5.1532,50.8796],[5.1775,50.8786],[5.1862,50.9063],[5.1332,50.9225],[5.0946,50.911],[5.0547,50.9212],[5.0415,50.9431],[5.0817,50.9656],[5.0826,50.9877],[5.1244,50.9998],[5.118,51.0233],[5.1583,51.0235],[5.1312,51.0455],[5.0809,51.0495],[5.081,51.0245],[5.0225,51.0207],[5.0063,51.0404],[4.9809,51.036],[5.0098,51.0751],[5.0899,51.0852],[5.1303,51.1176],[5.1804,51.1192],[5.203,51.14],[5.2354,51.134],[5.2604,51.1481],[5.2572,51.1885],[5.2165,51.2125],[5.2395,51.2569],[5.2154,51.2587],[5.2149,51.2943],[5.1973,51.3083],[5.1229,51.3134],[5.1026,51.3507],[5.0681,51.3745],[5.0653,51.4059],[5.0799,51.4385],[5.0603,51.462],[5.0121,51.4743],[4.9958,51.4467],[4.9571,51.411],[4.9103,51.3919],[4.8533,51.4061],[4.7833,51.4076],[4.7791,51.4264],[4.8227,51.4137],[4.8154,51.4311],[4.8239,51.4756],[4.7642,51.4962],[4.7312,51.4856],[4.6539,51.4262],[4.6301,51.4182],[4.5406,51.4201],[4.5215,51.4286],[4.5332,51.4676],[4.4831,51.4743],[4.3771,51.4429],[4.3799,51.4095],[4.4162,51.374],[4.3922,51.3504],[4.3456,51.3523],[4.2811,51.3689],[4.2803,51.37],[4.2609,51.37],[4.2579,51.3783],[4.237,51.3783],[4.237,51.3816],[4.1904,51.3816],[4.1904,51.375],[4.2215,51.368],[4.2126,51.37],[4.15,51.37],[4,51.4],[3.85,51.37],[3.75,51.385],[3.6,51.42],[3.4608,51.4246],[3.4179,51.4017],[3.3878,51.3857],[3.3828,51.3847],[3.3496,51.3778],[3.3477,51.3774],[3.3126,51.3702],[3.2775,51.3629],[3.2236,51.3518],[3.2073,51.3464],[3.1248,51.3297],[2.9983,51.2774],[2.9608,51.265],[2.9162,51.2478],[2.6523,51.1824],[2.5658,51.1609],[2.5226,51.1502],[2.5144,51.1482],[2.4793,51.1401],[2.1333,51.0605],[2.0901,51.0505],[2.0468,51.0405],[1.9603,51.0206],[1.6396,50.9468],[1.6143,50.8782],[1.5806,50.8688],[1.5946,50.8248],[1.512,50.6011],[1.4707,50.4893],[1.4501,50.4334],[1.4398,50.4055],[1.4294,50.3775],[1.3696,50.2153],[1.3489,50.1593],[1.3372,50.1276],[1.2877,50.111],[1.268,50.1044],[1.1871,50.0772],[1.0252,50.0229],[0.0541,49.6971],[-0.1077,49.6428],[-0.1887,49.6156],[-0.2696,49.5885],[-0.31,49.5749],[-0.3505,49.5613],[-0.4314,49.5342],[-0.5933,49.4799],[-0.887,49.3813],[-0.9169,49.3864],[-0.9404,49.3923],[-0.9543,49.3928],[-0.9592,49.3936],[-0.9596,49.3936],[-0.9698,49.3933],[-1.0723,49.3968],[-1.084,49.3909],[-1.121,49.4077],[-1.121,49.3853],[-1.1265,49.3853],[-1.1265,49.3501],[-1.1188,49.3462],[-1.1371,49.2981],[-1.1228,49.2762],[-1.0089,49.1974],[-0.9832,49.1961],[-0.9235,49.211],[-0.9109,49.1951],[-0.9182,49.1528],[-0.8843,49.1084],[-0.8626,49.0264],[-0.8948,49.0149],[-0.9508,48.971],[-0.9983,48.9513],[-1.0419,48.9591],[-1.0642,48.9268],[-1.0369,48.9058],[-1.0595,48.881],[-1.1002,48.8692],[-1.1312,48.85],[-1.1469,48.8218],[-1.1082,48.8154],[-1.0922,48.7872],[-1.045,48.7752],[-0.996,48.7737],[-0.9567,48.783],[-0.8974,48.7724],[-0.8409,48.7523],[-0.8425,48.7285],[-0.82,48.7268],[-0.7368,48.6861],[-0.7667,48.6599],[-0.7521,48.6118],[-0.7857,48.5596],[-0.8405,48.5257],[-0.8627,48.5018],[-0.8994,48.4969],[-0.9362,48.5073],[-0.9949,48.4933],[-1.0791,48.4987],[-1.0823,48.4231],[-1.0698,48.3182],[-1.1017,48.2674],[-1.0852,48.24],[-1.0703,48.1743],[-1.0823,48.1524],[-1.0704,48.0906],[-1.0418,48.0623],[-1.0406,48.0015],[-1.0779,47.9893],[-1.1244,47.9861],[-1.1677,47.9608],[-1.2289,47.823],[-1.243,47.8095],[-1.251,47.7804],[-1.248,47.734],[-1.1793,47.6995],[-1.1761,47.6552],[-1.1581,47.6315],[-1.0313,47.6014],[-1.0082,47.5878],[-1.0583,47.5641],[-1.1617,47.5713],[-1.1789,47.5638],[-1.1747,47.542],[-1.129,47.505],[-0.9656,47.4918],[-0.9559,47.4388],[-0.9238,47.3943],[-1.0009,47.3832],[-1.1288,47.3815],[-1.1648,47.3758],[-1.2232,47.3511],[-1.2862,47.3458],[-1.3347,47.3239],[-1.3393,47.3009],[-1.3015,47.2971],[-1.2506,47.2464],[-1.1964,47.2482],[-1.1619,47.1858],[-1.2193,47.1318],[-1.2301,47.1094],[-1.1605,47.0841],[-1.1294,47.0626],[-1.1184,47.041],[-1.1486,47.0295],[-1.2312,47.067],[-1.2697,47.0763],[-1.3054,47.0392],[-1.3439,47.0451],[-1.368,47.024],[-1.3624,46.986],[-1.3787,46.957],[-1.4241,46.9358],[-1.4595,46.9404],[-1.468,46.9556],[-1.468,47.0105],[-1.4982,47.0354],[-1.5466,47.0201],[-1.553,46.9934],[-1.5394,46.9457],[-1.5,46.8827],[-1.5501,46.8599],[-1.6518,46.8791],[-1.7203,46.8846],[-1.7716,46.9245],[-1.8766,46.9594],[-1.9084,46.9773],[-1.9684,47.0252],[-1.9907,47.0354],[-2.0001,47.0306],[-2.0183,47.0306],[-2.0183,47.0644],[-2.046,47.0644],[-2.046,47.0291],[-2.1814,47.0291],[-2.1814,47.0175]]],[[[7.3624,43.6731],[7.4029,43.6731],[7.4049,43.6744],[7.4361,43.6938],[7.4474,43.6958],[7.4899,43.7033],[7.4899,43.744],[7.4474,43.744],[7.4474,43.7488],[7.4375,43.7434],[7.4262,43.7555],[7.407,43.7635],[7.3875,43.7579],[7.3727,43.7458],[7.3673,43.7341],[7.3658,43.7227],[7.3624,43.7192],[7.3624,43.6731]]],[[[7.4797,43.86],[7.5023,43.7922],[7.4899,43.7885],[7.4899,43.744],[7.515,43.744],[7.515,43.86],[7.4797,43.86]]]]}},
{"type":"Feature","properties":{"entityId":"west-francia","from":880,"to":888,"certainty":"estimated","source":"유럽 쪽은 Natural Earth 1:10m admin-1(v5.1.2) 현대 행정구역 조각을 그 시기 국경에 맞춰 묶고, 조각이 역사 경계와 다른 곳은 선을 그어 나눈 근사. 유럽 밖(시베리아·중앙아시아·극동)은 대략적인 추정. 운영자 검수 필요"},"geometry":{"type":"MultiPolygon","coordinates":[[[[-2.6735,49.4335],[-2.6693,49.4309],[-2.5731,49.4309],[-2.5521,49.4267],[-2.549,49.4283],[-2.5472,49.4279],[-2.5472,49.428],[-2.5468,49.4279],[-2.5456,49.4301],[-2.5341,49.4362],[-2.5267,49.4585],[-2.5245,49.4688],[-2.5127,49.4903],[-2.5058,49.498],[-2.5017,49.5067],[-2.5182,49.5155],[-2.5382,49.5098],[-2.5496,49.5042],[-2.5736,49.4954],[-2.5802,49.4936],[-2.5825,49.4922],[-2.648,49.4682],[-2.6479,49.4679],[-2.648,49.4678],[-2.6464,49.464],[-2.6503,49.4637],[-2.6566,49.4594],[-2.6518,49.4452],[-2.663,49.4438],[-2.6735,49.4335]]],[[[-2.242,49.248],[-2.2332,49.2285],[-2.2296,49.2165],[-2.2376,49.1766],[-2.2375,49.1766],[-2.2376,49.1762],[-2.2372,49.1763],[-2.2372,49.1762],[-2.1826,49.1841],[-2.1772,49.1802],[-2.1687,49.1783],[-2.1626,49.1866],[-2.1013,49.1866],[-2.097,49.1837],[-2.08,49.1787],[-2.0734,49.1786],[-2.054,49.1693],[-2.0537,49.1694],[-2.0536,49.1693],[-2.0354,49.1744],[-2.0245,49.1713],[-2.0237,49.1777],[-2.0104,49.1814],[-2.0105,49.1818],[-2.0104,49.1818],[-2.014,49.2072],[-2.0083,49.2125],[-2.0158,49.2196],[-2.0176,49.2321],[-2.021,49.2333],[-2.0207,49.2353],[-2.0679,49.2507],[-2.0827,49.2602],[-2.1039,49.2582],[-2.1059,49.2568],[-2.1218,49.2582],[-2.122,49.2583],[-2.1438,49.2619],[-2.1517,49.267],[-2.1618,49.2618],[-2.2192,49.2669],[-2.2196,49.2669],[-2.2209,49.2605],[-2.2294,49.263],[-2.2411,49.2602],[-2.242,49.248]]],[[[-2.1814,47.0175],[-2.1532,46.9889],[-2.1137,46.9487],[-2.098,46.9328],[-2.1022,46.9307],[-2.0963,46.9165],[-2.122,46.9037],[-2.1313,46.8718],[-2.1188,46.82],[-2.0503,46.7921],[-2.0022,46.7575],[-1.9921,46.7485],[-1.965,46.7104],[-1.9398,46.7019],[-1.9208,46.685],[-1.8213,46.558],[-1.8048,46.5036],[-1.7817,46.4954],[-1.7854,46.514],[-1.7742,46.5093],[-1.7684,46.5002],[-1.6868,46.4609],[-1.6459,46.4558],[-1.6321,46.4501],[-1.6256,46.4311],[-1.5988,46.425],[-1.598,46.425],[-1.5344,46.3603],[-1.5025,46.3279],[-1.4706,46.2956],[-1.4421,46.2666],[-1.4136,46.2377],[-1.4905,46.2244],[-1.508,46.2456],[-1.4739,46.2381],[-1.4679,46.2499],[-1.4981,46.2619],[-1.5558,46.2518],[-1.5043,46.2077],[-1.4329,46.2108],[-1.3506,46.1737],[-1.3432,46.1662],[-1.2496,46.0712],[-1.1936,46.0143],[-1.2021,45.9262],[-1.2198,45.9431],[-1.2194,45.9439],[-1.2336,45.9917],[-1.2738,45.9976],[-1.3399,46.0378],[-1.3829,46.048],[-1.3876,46.0501],[-1.3876,46.0499],[-1.388,46.0501],[-1.388,46.0492],[-1.4049,46.0532],[-1.3833,46.0155],[-1.375,45.9858],[-1.3783,45.976],[-1.3402,45.9387],[-1.2778,45.8942],[-1.2457,45.8546],[-1.2269,45.8198],[-1.2127,45.8153],[-1.2147,45.7949],[-1.2303,45.7924],[-1.2473,45.7099],[-1.2228,45.71],[-1.23,45.6345],[-1.2337,45.5966],[-1.2373,45.5588],[-1.2518,45.4074],[-1.2808,45.1045],[-1.3388,44.4988],[-1.3458,44.4252],[-1.3529,44.3516],[-1.367,44.2044],[-1.3844,44.0225],[-1.4818,43.9099],[-1.6848,43.6753],[-1.7231,43.6311],[-1.7997,43.5425],[-1.7614,43.5425],[-1.7614,43.4982],[-1.762,43.4982],[-1.762,43.4067],[-1.8006,43.4067],[-1.8006,43.3894],[-1.7941,43.386],[-1.7969,43.3411],[-1.7682,43.3309],[-1.7497,43.2948],[-1.6739,43.3042],[-1.645,43.2924],[-1.639,43.2557],[-1.5876,43.2516],[-1.559,43.2841],[-1.5081,43.2768],[-1.4664,43.2608],[-1.4322,43.265],[-1.4035,43.2433],[-1.3997,43.2067],[-1.4258,43.1353],[-1.4878,43.0818],[-1.4753,43.0601],[-1.435,43.0357],[-1.3831,43.0292],[-1.3576,43.0468],[-1.3483,43.0931],[-1.3086,43.1136],[-1.3106,43.0695],[-1.2749,43.0468],[-1.2169,43.0393],[-1.1499,43.0057],[-1.1124,43.0083],[-1.0797,42.9934],[-1.0285,42.9867],[-0.9815,42.957],[-0.9432,42.9479],[-0.8635,42.9431],[-0.7864,42.9533],[-0.7597,42.9465],[-0.745,42.9187],[-0.7459,42.8939],[-0.7301,42.8775],[-0.7004,42.8764],[-0.6483,42.8498],[-0.6095,42.8114],[-0.5829,42.7958],[-0.5787,42.7773],[-0.5356,42.7842],[-0.5339,42.808],[-0.5084,42.8075],[-0.4545,42.7889],[-0.4239,42.7907],[-0.3228,42.8425],[-0.3051,42.8308],[-0.247,42.8048],[-0.2351,42.7862],[-0.2084,42.7839],[-0.1614,42.7953],[-0.1636,42.778],[-0.119,42.7169],[-0.0389,42.6851],[-0.0043,42.6875],[0.0728,42.7085],[0.1342,42.7152],[0.1692,42.7265],[0.2384,42.7104],[0.2754,42.6687],[0.2902,42.6703],[0.336,42.7127],[0.3542,42.7175],[0.3893,42.6851],[0.4669,42.6904],[0.4835,42.6853],[0.6082,42.688],[0.6436,42.6845],[0.6634,42.6962],[0.6756,42.6887],[0.7084,42.6342],[0.7655,42.6099],[0.7615,42.5693],[0.7306,42.5197],[0.7303,42.5007],[0.7014,42.4843],[0.7151,42.4431],[0.7329,42.4269],[0.7464,42.3905],[0.7511,42.348],[0.7417,42.264],[0.7194,42.2268],[0.7035,42.1679],[0.7031,42.1203],[0.6843,42.09],[0.6425,41.9923],[0.5762,41.9513],[0.5672,41.9327],[0.5896,41.9186],[0.5976,41.8744],[0.5422,41.8267],[0.4966,41.8088],[0.4542,41.7625],[0.406,41.753],[0.3285,41.6774],[0.3481,41.6152],[0.3652,41.5983],[0.424,41.5929],[0.4412,41.5461],[0.4004,41.4965],[0.3485,41.4721],[0.3383,41.4059],[0.3273,41.3701],[0.3517,41.3625],[0.3773,41.3214],[0.3524,41.2792],[0.3604,41.2328],[0.3858,41.2789],[0.4332,41.2761],[0.4381,41.3248],[0.4728,41.3283],[0.5098,41.2885],[0.5314,41.2928],[0.5619,41.3239],[0.6208,41.2987],[0.7364,41.3184],[0.7585,41.3313],[0.805,41.3313],[0.8335,41.3585],[0.879,41.342],[0.9577,41.3545],[0.9895,41.3983],[1.0237,41.4063],[1.062,41.4516],[1.073,41.4827],[1.1172,41.4725],[1.1574,41.4802],[1.1702,41.4954],[1.178,41.5445],[1.2078,41.5723],[1.3718,41.5654],[1.3927,41.575],[1.4311,41.574],[1.4277,41.5524],[1.3974,41.5213],[1.4047,41.5067],[1.4828,41.4766],[1.4719,41.4266],[1.4853,41.4075],[1.5368,41.3852],[1.5596,41.3663],[1.5661,41.3341],[1.5861,41.301],[1.6086,41.2885],[1.6055,41.259],[1.5739,41.2344],[1.6278,41.218],[1.6244,41.1922],[1.6397,41.1957],[1.6397,41.1511],[1.6841,41.1584],[1.7284,41.1657],[1.9058,41.195],[2.0936,41.226],[2.6155,41.5927],[2.6519,41.6053],[2.7785,41.6456],[2.792,41.669],[2.8511,41.6972],[2.933,41.7125],[2.9509,41.7343],[3.0403,41.7869],[3.0691,41.7991],[3.0735,41.8119],[3.1272,41.8469],[3.1502,41.8454],[3.1949,41.8883],[3.2099,41.9115],[3.2492,41.944],[3.2492,41.9444],[3.2384,42.0833],[3.224,42.1111],[3.1736,42.1354],[3.1521,42.163],[3.1658,42.2526],[3.2101,42.2397],[3.263,42.2399],[3.287,42.2629],[3.2993,42.2869],[3.3068,42.2895],[3.3067,42.2899],[3.3068,42.2899],[3.3044,42.297],[3.3177,42.323],[3.2933,42.3303],[3.2888,42.3437],[3.2384,42.368],[3.2253,42.4006],[3.2132,42.4305],[3.2108,42.4358],[3.1988,42.4617],[3.1911,42.471],[3.0908,42.5919],[3.087,42.6117],[3.0604,42.7524],[3.0502,42.806],[3.0535,42.8228],[3.0602,42.858],[3.0669,42.8931],[3.0789,42.9558],[3.1628,43.0811],[3.1703,43.0896],[3.1721,43.09],[3.1851,43.0929],[3.2652,43.1108],[3.3053,43.1198],[3.3453,43.1287],[3.4254,43.1466],[3.8117,43.233],[3.9569,43.2654],[4.0052,43.2762],[4.102,43.2978],[4.1503,43.3086],[4.1987,43.3194],[4.1987,43.4626],[4.2059,43.4599],[4.2313,43.4715],[4.2476,43.501],[4.3371,43.5321],[4.4004,43.5622],[4.413,43.5819],[4.4483,43.5873],[4.4599,43.6178],[4.4296,43.6248],[4.4516,43.6666],[4.4995,43.7063],[4.5415,43.7129],[4.6049,43.696],[4.6169,43.741],[4.6464,43.7949],[4.6409,43.8706],[4.7267,43.9172],[4.7728,43.9328],[4.8064,43.9529],[4.822,43.9758],[4.8209,44.0004],[4.8475,44.0022],[4.8444,44.0221],[4.7779,44.0843],[4.7295,44.0859],[4.719,44.1247],[4.7213,44.1902],[4.6881,44.2194],[4.6856,44.2403],[4.6578,44.2817],[4.6575,44.3268],[4.677,44.4372],[4.7034,44.4747],[4.7213,44.5734],[4.74,44.6063],[4.7895,44.6585],[4.7964,44.6964],[4.769,44.7547],[4.7776,44.7954],[4.8283,44.837],[4.8306,44.8509],[4.8686,44.8848],[4.8926,44.9495],[4.851,45.0215],[4.8584,45.0656],[4.8447,45.101],[4.8228,45.1112],[4.8273,45.1579],[4.8141,45.1974],[4.8114,45.2963],[4.7759,45.3372],[4.7698,45.3657],[4.7554,45.4021],[4.76,45.4445],[4.7182,45.4797],[4.6791,45.4779],[4.6543,45.4912],[4.6659,45.5549],[4.6402,45.5813],[4.6069,45.5843],[4.5461,45.5776],[4.497,45.5847],[4.4356,45.6134],[4.3842,45.6544],[4.3654,45.6985],[4.3992,45.7374],[4.3968,45.7494],[4.3442,45.7603],[4.3442,45.7777],[4.3834,45.8182],[4.3938,45.8428],[4.3723,45.8659],[4.3421,45.8782],[4.3309,45.8975],[4.3403,45.9247],[4.3277,45.942],[4.2589,45.9703],[4.253,45.9849],[4.2998,45.9986],[4.3003,46.023],[4.2526,46.0498],[4.2584,46.0667],[4.357,46.1418],[4.4322,46.1507],[4.4327,46.1915],[4.3839,46.2248],[4.4085,46.2898],[4.5176,46.2762],[4.5543,46.2887],[4.5812,46.2659],[4.6057,46.2631],[4.6381,46.2992],[4.673,46.2882],[4.6774,46.2613],[4.7041,46.2475],[4.7031,46.2247],[4.7202,46.1886],[4.7392,46.177],[4.7978,46.1718],[4.7952,46.1923],[4.8186,46.2573],[4.8728,46.3376],[4.8742,46.3597],[4.8993,46.3961],[4.9119,46.4472],[4.9376,46.5016],[4.96,46.5095],[5.0253,46.4933],[5.0641,46.4927],[5.1252,46.509],[5.1786,46.5054],[5.2404,46.4687],[5.311,46.4554],[5.3203,46.4084],[5.3639,46.3914],[5.3754,46.3604],[5.4691,46.3203],[5.4699,46.2769],[5.5099,46.2607],[5.5954,46.3],[5.6479,46.344],[5.6978,46.3121],[5.7144,46.2777],[5.7305,46.2712],[5.8396,46.2674],[5.8809,46.2755],[5.9521,46.3233],[5.9689,46.3448],[6.059,46.4174],[6.0642,46.4711],[6.1457,46.5516],[6.138,46.5576],[6.1184,46.5835],[6.1319,46.5956],[6.2663,46.6804],[6.3379,46.7074],[6.3742,46.7336],[6.4292,46.7608],[6.4326,46.786],[6.4186,46.807],[6.4431,46.8515],[6.4484,46.8716],[6.4278,46.9091],[6.4426,46.9442],[6.4911,46.9634],[6.5987,46.9865],[6.6654,47.0213],[6.6883,47.0438],[6.6763,47.0624],[6.6991,47.0846],[6.746,47.1039],[6.7448,47.1211],[6.7748,47.1282],[6.8381,47.1681],[6.8883,47.2113],[6.9562,47.2452],[6.9586,47.2906],[7.0443,47.3405],[7.004,47.3681],[6.9856,47.3621],[6.8666,47.3542],[6.8988,47.3957],[6.9245,47.406],[6.9392,47.4268],[6.9144,47.487],[6.9234,47.5211],[6.8938,47.5518],[6.8248,47.5476],[6.8071,47.5629],[6.8109,47.5764],[6.7897,47.6042],[6.7865,47.655],[6.7608,47.7138],[6.7651,47.7529],[6.7848,47.78],[6.836,47.8242],[6.7407,47.8761],[6.6965,47.8899],[6.6372,47.9351],[6.6138,47.9413],[6.5765,47.908],[6.5526,47.9012],[6.4987,47.9047],[6.412,47.9423],[6.3734,47.953],[6.3224,47.9505],[6.2828,47.9348],[6.2438,47.9322],[6.1819,47.9582],[6.1827,47.9768],[6.1469,48.0016],[6.0994,48.0087],[6.071,48.0044],[6.0344,47.9726],[5.9709,47.9409],[5.9551,47.9797],[5.9261,47.9481],[5.8918,47.9326],[5.8492,47.9676],[5.8128,47.9572],[5.7981,47.9642],[5.799,48.0012],[5.788,48.0225],[5.7322,48.0467],[5.6593,48.1008],[5.6885,48.1477],[5.6975,48.1805],[5.7203,48.196],[5.713,48.2114],[5.6615,48.2386],[5.6379,48.2808],[5.5844,48.2838],[5.534,48.3339],[5.5085,48.3507],[5.4322,48.3373],[5.4242,48.3881],[5.4552,48.4192],[5.3563,48.4814],[5.3448,48.5004],[5.2686,48.5108],[5.187,48.5419],[5.117,48.5812],[5.0359,48.6181],[5.0046,48.6554],[4.9921,48.6929],[4.9828,48.75],[4.9172,48.7877],[4.9069,48.8048],[4.9302,48.8322],[4.9216,48.8785],[4.9452,48.9157],[4.9888,48.9245],[5.0174,48.9472],[5.0202,48.9913],[5.0338,49.0125],[4.9978,49.0309],[4.987,49.0476],[4.9789,49.1201],[4.9554,49.1652],[4.98,49.2098],[4.9787,49.2357],[5.0495,49.2798],[5.0421,49.3321],[5.0919,49.3787],[5.1139,49.4218],[5.0959,49.466],[5.0713,49.5005],[5.0947,49.5208],[5.1008,49.5635],[5.1395,49.585],[5.1841,49.5641],[5.2629,49.5588],[5.2731,49.544],[5.3021,49.5495],[5.3899,49.5933],[5.3912,49.6088],[5.3349,49.6258],[5.2979,49.6133],[5.2994,49.6625],[5.2592,49.6913],[5.1925,49.6828],[5.1364,49.7053],[5.0819,49.7527],[5.0263,49.7667],[4.9684,49.797],[4.8842,49.7841],[4.849,49.7942],[4.8492,49.8316],[4.8369,49.848],[4.8594,49.8917],[4.8446,49.9317],[4.7973,49.9443],[4.7883,49.9743],[4.8267,50.036],[4.8272,50.0641],[4.846,50.0907],[4.8629,50.0841],[4.8719,50.1398],[4.8201,50.1464],[4.8156,50.1613],[4.7886,50.1534],[4.6819,50.0839],[4.6729,50.0164],[4.6567,49.9891],[4.6042,49.9802],[4.4648,49.9356],[4.4277,49.9336],[4.2776,49.9602],[4.2159,49.9544],[4.1877,49.9555],[4.1317,49.975],[4.1373,50.0251],[4.21,50.0602],[4.1806,50.1272],[4.1258,50.1282],[4.1573,50.2127],[4.2037,50.252],[4.1628,50.273],[4.1437,50.2516],[4.1253,50.2571],[4.0979,50.2948],[4.0227,50.3381],[3.9821,50.3426],[3.8959,50.3253],[3.8402,50.3452],[3.7987,50.3485],[3.7415,50.3431],[3.6969,50.2982],[3.6617,50.3193],[3.6529,50.3602],[3.6444,50.4455],[3.6083,50.4765],[3.5637,50.4865],[3.4991,50.4868],[3.4915,50.5171],[3.4629,50.5191],[3.4292,50.5018],[3.3854,50.4916],[3.3436,50.4929],[3.2999,50.5075],[3.271,50.5269],[3.2643,50.5702],[3.2298,50.6554],[3.2438,50.6721],[3.2244,50.7052],[3.1969,50.7092],[3.1628,50.7499],[3.2197,50.7673],[3.2608,50.7523],[3.3033,50.7564],[3.3231,50.7235],[3.3635,50.7097],[3.4128,50.7474],[3.4576,50.7685],[3.4941,50.7589],[3.534,50.7664],[3.5405,50.7349],[3.6066,50.7342],[3.6347,50.7219],[3.6753,50.7719],[3.704,50.7821],[3.7145,50.7686],[3.7578,50.7803],[3.7746,50.749],[3.828,50.7435],[3.8844,50.7514],[3.895,50.7342],[3.9506,50.7341],[3.9312,50.7576],[3.9563,50.7798],[3.9822,50.7669],[4.0604,50.7926],[4.0749,50.8207],[4.0404,50.8384],[4.0871,50.8814],[4.0736,50.9],[4.1001,50.9125],[4.0913,50.9318],[4.137,50.9196],[4.1602,50.9299],[4.1465,50.9706],[4.1617,50.9906],[4.2171,50.9901],[4.2403,51.0381],[4.2123,51.0341],[4.1964,51.0545],[4.182,51.0999],[4.2158,51.1215],[4.316,51.1322],[4.333,51.1697],[4.2886,51.2579],[4.2987,51.2696],[4.303,51.2961],[4.2875,51.3068],[4.2875,51.317],[4.2854,51.318],[4.2837,51.3421],[4.2441,51.3421],[4.237,51.3503],[4.237,51.3816],[4.1904,51.3816],[4.1904,51.375],[4.2215,51.368],[4.2126,51.37],[4.15,51.37],[4,51.4],[3.85,51.37],[3.75,51.385],[3.6,51.42],[3.4608,51.4246],[3.4179,51.4017],[3.3878,51.3857],[3.3828,51.3847],[3.3496,51.3778],[3.3477,51.3774],[3.3126,51.3702],[3.2775,51.3629],[3.2236,51.3518],[3.2073,51.3464],[3.1248,51.3297],[2.9983,51.2774],[2.9608,51.265],[2.9162,51.2478],[2.6523,51.1824],[2.5658,51.1609],[2.5226,51.1502],[2.5144,51.1482],[2.4793,51.1401],[2.1333,51.0605],[2.0901,51.0505],[2.0468,51.0405],[1.9603,51.0206],[1.6396,50.9468],[1.6143,50.8782],[1.5806,50.8688],[1.5946,50.8248],[1.512,50.6011],[1.4707,50.4893],[1.4501,50.4334],[1.4398,50.4055],[1.4294,50.3775],[1.3696,50.2153],[1.3489,50.1593],[1.3372,50.1276],[1.2877,50.111],[1.268,50.1044],[1.1871,50.0772],[1.0252,50.0229],[0.0541,49.6971],[-0.1077,49.6428],[-0.1887,49.6156],[-0.2696,49.5885],[-0.31,49.5749],[-0.3505,49.5613],[-0.4314,49.5342],[-0.5933,49.4799],[-0.887,49.3813],[-0.9169,49.3864],[-0.9404,49.3923],[-0.9543,49.3928],[-0.9592,49.3936],[-0.9596,49.3936],[-0.9698,49.3933],[-1.0723,49.3968],[-1.084,49.3909],[-1.121,49.4077],[-1.121,49.3853],[-1.1265,49.3853],[-1.1265,49.3501],[-1.1188,49.3462],[-1.1371,49.2981],[-1.1228,49.2762],[-1.0089,49.1974],[-0.9832,49.1961],[-0.9235,49.211],[-0.9109,49.1951],[-0.9182,49.1528],[-0.8843,49.1084],[-0.8626,49.0264],[-0.8948,49.0149],[-0.9508,48.971],[-0.9983,48.9513],[-1.0419,48.9591],[-1.0642,48.9268],[-1.0369,48.9058],[-1.0595,48.881],[-1.1002,48.8692],[-1.1312,48.85],[-1.1469,48.8218],[-1.1082,48.8154],[-1.0922,48.7872],[-1.045,48.7752],[-0.996,48.7737],[-0.9567,48.783],[-0.8974,48.7724],[-0.8409,48.7523],[-0.8425,48.7285],[-0.82,48.7268],[-0.7368,48.6861],[-0.7667,48.6599],[-0.7521,48.6118],[-0.7857,48.5596],[-0.8405,48.5257],[-0.8627,48.5018],[-0.8994,48.4969],[-0.9362,48.5073],[-0.9949,48.4933],[-1.0791,48.4987],[-1.0823,48.4231],[-1.0698,48.3182],[-1.1017,48.2674],[-1.0852,48.24],[-1.0703,48.1743],[-1.0823,48.1524],[-1.0704,48.0906],[-1.0418,48.0623],[-1.0406,48.0015],[-1.0779,47.9893],[-1.1244,47.9861],[-1.1677,47.9608],[-1.2289,47.823],[-1.243,47.8095],[-1.251,47.7804],[-1.248,47.734],[-1.1793,47.6995],[-1.1761,47.6552],[-1.1581,47.6315],[-1.0313,47.6014],[-1.0082,47.5878],[-1.0583,47.5641],[-1.1617,47.5713],[-1.1789,47.5638],[-1.1747,47.542],[-1.129,47.505],[-0.9656,47.4918],[-0.9559,47.4388],[-0.9238,47.3943],[-1.0009,47.3832],[-1.1288,47.3815],[-1.1648,47.3758],[-1.2232,47.3511],[-1.2862,47.3458],[-1.3347,47.3239],[-1.3393,47.3009],[-1.3015,47.2971],[-1.2506,47.2464],[-1.1964,47.2482],[-1.1619,47.1858],[-1.2193,47.1318],[-1.2301,47.1094],[-1.1605,47.0841],[-1.1294,47.0626],[-1.1184,47.041],[-1.1486,47.0295],[-1.2312,47.067],[-1.2697,47.0763],[-1.3054,47.0392],[-1.3439,47.0451],[-1.368,47.024],[-1.3624,46.986],[-1.3787,46.957],[-1.4241,46.9358],[-1.4595,46.9404],[-1.468,46.9556],[-1.468,47.0105],[-1.4982,47.0354],[-1.5466,47.0201],[-1.553,46.9934],[-1.5394,46.9457],[-1.5,46.8827],[-1.5501,46.8599],[-1.6518,46.8791],[-1.7203,46.8846],[-1.7716,46.9245],[-1.8766,46.9594],[-1.9084,46.9773],[-1.9684,47.0252],[-1.9907,47.0354],[-2.0001,47.0306],[-2.0183,47.0306],[-2.0183,47.0644],[-2.046,47.0644],[-2.046,47.0291],[-2.1814,47.0291],[-2.1814,47.0175]]],[[[4.2609,51.37],[4.2611,51.3694],[4.2811,51.3689],[4.2803,51.37],[4.2609,51.37]]],[[[7.3624,43.6731],[7.4029,43.6731],[7.4049,43.6744],[7.4361,43.6938],[7.4474,43.6958],[7.4899,43.7033],[7.4899,43.744],[7.4474,43.744],[7.4474,43.7488],[7.4375,43.7434],[7.4262,43.7555],[7.407,43.7635],[7.3875,43.7579],[7.3727,43.7458],[7.3673,43.7341],[7.3658,43.7227],[7.3624,43.7192],[7.3624,43.6731]]],[[[7.4797,43.86],[7.5023,43.7922],[7.4899,43.7885],[7.4899,43.744],[7.515,43.744],[7.515,43.86],[7.4797,43.86]]]]}},
{"type":"Feature","properties":{"entityId":"west-francia","from":888,"to":911,"certainty":"estimated","source":"유럽 쪽은 Natural Earth 1:10m admin-1(v5.1.2) 현대 행정구역 조각을 그 시기 국경에 맞춰 묶고, 조각이 역사 경계와 다른 곳은 선을 그어 나눈 근사. 유럽 밖(시베리아·중앙아시아·극동)은 대략적인 추정. 운영자 검수 필요"},"geometry":{"type":"MultiPolygon","coordinates":[[[[-2.6735,49.4335],[-2.6693,49.4309],[-2.5731,49.4309],[-2.5521,49.4267],[-2.549,49.4283],[-2.5472,49.4279],[-2.5472,49.428],[-2.5468,49.4279],[-2.5456,49.4301],[-2.5341,49.4362],[-2.5267,49.4585],[-2.5245,49.4688],[-2.5127,49.4903],[-2.5058,49.498],[-2.5017,49.5067],[-2.5182,49.5155],[-2.5382,49.5098],[-2.5496,49.5042],[-2.5736,49.4954],[-2.5802,49.4936],[-2.5825,49.4922],[-2.648,49.4682],[-2.6479,49.4679],[-2.648,49.4678],[-2.6464,49.464],[-2.6503,49.4637],[-2.6566,49.4594],[-2.6518,49.4452],[-2.663,49.4438],[-2.6735,49.4335]]],[[[-2.242,49.248],[-2.2332,49.2285],[-2.2296,49.2165],[-2.2376,49.1766],[-2.2375,49.1766],[-2.2376,49.1762],[-2.2372,49.1763],[-2.2372,49.1762],[-2.1826,49.1841],[-2.1772,49.1802],[-2.1687,49.1783],[-2.1626,49.1866],[-2.1013,49.1866],[-2.097,49.1837],[-2.08,49.1787],[-2.0734,49.1786],[-2.054,49.1693],[-2.0537,49.1694],[-2.0536,49.1693],[-2.0354,49.1744],[-2.0245,49.1713],[-2.0237,49.1777],[-2.0104,49.1814],[-2.0105,49.1818],[-2.0104,49.1818],[-2.014,49.2072],[-2.0083,49.2125],[-2.0158,49.2196],[-2.0176,49.2321],[-2.021,49.2333],[-2.0207,49.2353],[-2.0679,49.2507],[-2.0827,49.2602],[-2.1039,49.2582],[-2.1059,49.2568],[-2.1218,49.2582],[-2.122,49.2583],[-2.1438,49.2619],[-2.1517,49.267],[-2.1618,49.2618],[-2.2192,49.2669],[-2.2196,49.2669],[-2.2209,49.2605],[-2.2294,49.263],[-2.2411,49.2602],[-2.242,49.248]]],[[[-1.3393,47.3009],[-1.3015,47.2971],[-1.2506,47.2464],[-1.1964,47.2482],[-1.1619,47.1858],[-1.2193,47.1318],[-1.2301,47.1094],[-1.1605,47.0841],[-1.1294,47.0626],[-1.1184,47.041],[-1.1486,47.0295],[-1.0753,47.0072],[-1.0349,47.0032],[-0.9934,47.0204],[-0.946,47.0004],[-0.935,47.0166],[-0.8704,46.9942],[-0.8375,46.9897],[-0.7804,46.997],[-0.6965,46.9881],[-0.6324,46.9924],[-0.5492,47.0252],[-0.5551,47.061],[-0.5177,47.0754],[-0.4732,47.0664],[-0.3763,47.0881],[-0.2697,47.0972],[-0.1706,47.0983],[-0.143,47.0628],[-0.109,47.0696],[-0.0918,47.0861],[-0.0531,47.0963],[-0.0369,47.1279],[-0.004,47.1566],[0.0668,47.1537],[0.0921,47.1218],[0.1287,47.1273],[0.1403,47.103],[0.1919,47.1023],[0.2001,47.0555],[0.2493,47.0636],[0.2772,47.0453],[0.307,47.0426],[0.3082,46.9515],[0.3267,46.9385],[0.3887,46.9389],[0.4339,46.9327],[0.4837,46.9508],[0.5631,46.9533],[0.5837,46.965],[0.5691,47.0007],[0.5844,47.0013],[0.682,46.9583],[0.7134,46.9001],[0.8315,46.7794],[0.8808,46.7505],[0.9024,46.7298],[0.9169,46.6899],[0.907,46.6442],[0.916,46.6151],[0.9596,46.5811],[1.0197,46.56],[1.0388,46.5344],[1.1015,46.5344],[1.1294,46.5245],[1.1493,46.4978],[1.1411,46.4735],[1.1533,46.4542],[1.1947,46.4279],[1.177,46.387],[1.2211,46.3689],[1.3047,46.3746],[1.3347,46.3971],[1.4144,46.3509],[1.4459,46.3649],[1.5114,46.4119],[1.5881,46.4102],[1.6124,46.3838],[1.6408,46.3832],[1.6725,46.401],[1.7253,46.3958],[1.7454,46.4031],[1.7619,46.4502],[1.7799,46.451],[1.8314,46.4205],[1.8815,46.4382],[1.971,46.4364],[2.0115,46.4253],[2.0685,46.4254],[2.1023,46.4159],[2.1392,46.4214],[2.2539,46.4198],[2.316,46.3667],[2.3317,46.3291],[2.3968,46.3101],[2.4311,46.2737],[2.4494,46.2834],[2.4741,46.2714],[2.5146,46.2258],[2.5377,46.1755],[2.5667,46.1359],[2.5638,46.0702],[2.5946,46.0269],[2.5953,45.9712],[2.5678,45.9464],[2.5419,45.9035],[2.5016,45.8699],[2.4538,45.8637],[2.4006,45.8292],[2.4386,45.7615],[2.4899,45.7361],[2.5247,45.6977],[2.5221,45.6492],[2.476,45.6177],[2.4651,45.5846],[2.4954,45.5452],[2.4966,45.501],[2.5186,45.4792],[2.4887,45.397],[2.4414,45.3923],[2.3912,45.4133],[2.35,45.4031],[2.367,45.3689],[2.2977,45.2931],[2.2437,45.271],[2.233,45.2453],[2.1946,45.2237],[2.2069,45.1595],[2.1681,45.0947],[2.1136,45.0585],[2.1098,45.0367],[2.1316,44.9927],[2.0587,44.9751],[2.0711,44.9566],[2.0793,44.897],[2.0937,44.8657],[2.136,44.8181],[2.1585,44.7745],[2.1323,44.6987],[2.1647,44.6784],[2.1816,44.6312],[2.2053,44.6223],[2.2142,44.6472],[2.3005,44.6687],[2.3462,44.6519],[2.3676,44.6603],[2.4547,44.6616],[2.4825,44.6755],[2.5372,44.7297],[2.5545,44.7721],[2.5778,44.7946],[2.594,44.835],[2.7267,44.9354],[2.7731,44.8932],[2.7826,44.8619],[2.8206,44.867],[2.867,44.8235],[2.8853,44.7919],[2.9266,44.7781],[2.9069,44.7568],[2.9258,44.6908],[2.9463,44.6651],[2.9801,44.6443],[3.0662,44.5642],[3.0844,44.5373],[3.0811,44.5058],[3.0968,44.4729],[3.1352,44.4379],[3.1407,44.421],[3.1255,44.3635],[3.1457,44.3031],[3.1241,44.2708],[3.2233,44.2236],[3.2337,44.1949],[3.2495,44.1911],[3.3507,44.194],[3.3767,44.1683],[3.4803,44.1218],[3.5179,44.1134],[3.6163,44.1168],[3.6366,44.1273],[3.6427,44.1769],[3.6904,44.1802],[3.791,44.136],[3.8758,44.1314],[3.9204,44.1664],[3.9576,44.2248],[3.9624,44.2621],[3.9366,44.3067],[3.9265,44.3507],[3.8948,44.3902],[3.9592,44.4138],[3.994,44.4579],[4.0218,44.4395],[4.0497,44.4035],[4.0361,44.3756],[4.0443,44.3311],[4.1306,44.3317],[4.1408,44.3216],[4.229,44.2853],[4.2511,44.2818],[4.3338,44.3307],[4.3731,44.3397],[4.3967,44.3283],[4.4074,44.2927],[4.4451,44.3011],[4.4656,44.336],[4.5208,44.3368],[4.5506,44.3271],[4.5852,44.3007],[4.6578,44.2817],[4.6575,44.3268],[4.677,44.4372],[4.7034,44.4747],[4.7213,44.5734],[4.74,44.6063],[4.7895,44.6585],[4.7964,44.6964],[4.769,44.7547],[4.7776,44.7954],[4.8283,44.837],[4.8306,44.8509],[4.8686,44.8848],[4.8926,44.9495],[4.851,45.0215],[4.8584,45.0656],[4.8447,45.101],[4.8228,45.1112],[4.8273,45.1579],[4.8141,45.1974],[4.8114,45.2963],[4.7759,45.3372],[4.7698,45.3657],[4.7554,45.4021],[4.76,45.4445],[4.7182,45.4797],[4.6791,45.4779],[4.6543,45.4912],[4.6659,45.5549],[4.6402,45.5813],[4.6069,45.5843],[4.5461,45.5776],[4.497,45.5847],[4.4356,45.6134],[4.3842,45.6544],[4.3654,45.6985],[4.3992,45.7374],[4.3968,45.7494],[4.3442,45.7603],[4.3442,45.7777],[4.3834,45.8182],[4.3938,45.8428],[4.3723,45.8659],[4.3421,45.8782],[4.3309,45.8975],[4.3403,45.9247],[4.3277,45.942],[4.2589,45.9703],[4.253,45.9849],[4.2998,45.9986],[4.3003,46.023],[4.2526,46.0498],[4.2584,46.0667],[4.357,46.1418],[4.4322,46.1507],[4.4327,46.1915],[4.3839,46.2248],[4.4085,46.2898],[4.5176,46.2762],[4.5543,46.2887],[4.5812,46.2659],[4.6057,46.2631],[4.6381,46.2992],[4.673,46.2882],[4.6774,46.2613],[4.7041,46.2475],[4.7031,46.2247],[4.7202,46.1886],[4.7392,46.177],[4.7978,46.1718],[4.7952,46.1923],[4.8186,46.2573],[4.8728,46.3376],[4.8742,46.3597],[4.8993,46.3961],[4.9119,46.4472],[4.9376,46.5016],[4.96,46.5095],[5.0253,46.4933],[5.0641,46.4927],[5.1252,46.509],[5.1786,46.5054],[5.2404,46.4687],[5.311,46.4554],[5.4034,46.4749],[5.4241,46.4989],[5.3695,46.5291],[5.3637,46.5687],[5.4017,46.5909],[5.423,46.6315],[5.4207,46.662],[5.3943,46.7273],[5.3757,46.7382],[5.3834,46.7778],[5.3495,46.8011],[5.376,46.8224],[5.4371,46.8281],[5.4583,46.8563],[5.3949,46.8834],[5.3302,46.9031],[5.275,46.9442],[5.2506,46.9812],[5.3107,47.0133],[5.3068,47.056],[5.3826,47.0814],[5.4044,47.0986],[5.4859,47.1911],[5.5217,47.2893],[5.5032,47.3076],[5.4941,47.3712],[5.458,47.3953],[5.4521,47.433],[5.4073,47.4569],[5.4216,47.4921],[5.4607,47.5006],[5.4927,47.531],[5.4787,47.5986],[5.4407,47.6186],[5.4088,47.5968],[5.3749,47.6078],[5.4207,47.6711],[5.5013,47.6819],[5.555,47.6602],[5.5867,47.6579],[5.6827,47.6806],[5.7009,47.6931],[5.7099,47.7641],[5.7,47.792],[5.716,47.8129],[5.821,47.8635],[5.8608,47.9011],[5.8921,47.9091],[5.8918,47.9326],[5.8492,47.9676],[5.8128,47.9572],[5.7981,47.9642],[5.799,48.0012],[5.788,48.0225],[5.7322,48.0467],[5.6593,48.1008],[5.6885,48.1477],[5.6975,48.1805],[5.7203,48.196],[5.713,48.2114],[5.6615,48.2386],[5.6379,48.2808],[5.5844,48.2838],[5.534,48.3339],[5.5085,48.3507],[5.4322,48.3373],[5.4242,48.3881],[5.4552,48.4192],[5.3563,48.4814],[5.3448,48.5004],[5.2686,48.5108],[5.187,48.5419],[5.117,48.5812],[5.0359,48.6181],[5.0046,48.6554],[4.9921,48.6929],[4.9828,48.75],[4.9172,48.7877],[4.9069,48.8048],[4.9302,48.8322],[4.9216,48.8785],[4.9452,48.9157],[4.9888,48.9245],[5.0174,48.9472],[5.0202,48.9913],[5.0338,49.0125],[4.9978,49.0309],[4.987,49.0476],[4.9789,49.1201],[4.9554,49.1652],[4.98,49.2098],[4.9787,49.2357],[5.0495,49.2798],[5.0421,49.3321],[5.0919,49.3787],[5.1139,49.4218],[5.0959,49.466],[5.0713,49.5005],[5.0947,49.5208],[5.1008,49.5635],[5.1395,49.585],[5.1841,49.5641],[5.2629,49.5588],[5.2731,49.544],[5.3021,49.5495],[5.3899,49.5933],[5.3912,49.6088],[5.3349,49.6258],[5.2979,49.6133],[5.2994,49.6625],[5.2592,49.6913],[5.1925,49.6828],[5.1364,49.7053],[5.0819,49.7527],[5.0263,49.7667],[4.9684,49.797],[4.8842,49.7841],[4.849,49.7942],[4.8492,49.8316],[4.8369,49.848],[4.8594,49.8917],[4.8446,49.9317],[4.7973,49.9443],[4.7883,49.9743],[4.8267,50.036],[4.8272,50.0641],[4.846,50.0907],[4.8629,50.0841],[4.8719,50.1398],[4.8201,50.1464],[4.8156,50.1613],[4.7886,50.1534],[4.6819,50.0839],[4.6729,50.0164],[4.6567,49.9891],[4.6042,49.9802],[4.4648,49.9356],[4.4277,49.9336],[4.2776,49.9602],[4.2159,49.9544],[4.1877,49.9555],[4.1317,49.975],[4.0811,49.9709],[3.9969,49.9921],[3.985,50.0006],[3.9835,50.0371],[3.9621,50.0426],[3.8861,50.0209],[3.8539,50.043],[3.6832,50.0593],[3.6295,50.038],[3.5547,50.0495],[3.4779,50.0191],[3.4486,50.0154],[3.362,50.0324],[3.3162,50.0183],[3.2259,50.029],[3.157,50.0187],[3.0883,50.05],[3.0318,50.0726],[2.9896,50.0766],[2.9646,50.0381],[2.9063,50.0343],[2.8524,50.0206],[2.8493,50.0575],[2.8229,50.0684],[2.7663,50.0384],[2.7427,50.0477],[2.7639,50.072],[2.7534,50.0985],[2.7106,50.1286],[2.6991,50.1205],[2.691,50.078],[2.5678,50.112],[2.5743,50.1294],[2.55,50.1344],[2.5188,50.1234],[2.458,50.1276],[2.433,50.1193],[2.4057,50.0938],[2.3801,50.1098],[2.3815,50.1486],[2.4679,50.1942],[2.456,50.2087],[2.4103,50.2248],[2.3644,50.2142],[2.3329,50.2379],[2.3098,50.224],[2.2404,50.2102],[2.1129,50.2031],[2.0693,50.2185],[2.0566,50.2485],[2.0281,50.2644],[1.936,50.2964],[1.9521,50.3199],[1.9215,50.3276],[1.8871,50.3138],[1.8196,50.3547],[1.7418,50.354],[1.6806,50.3387],[1.6309,50.3477],[1.595,50.3727],[1.6104,50.3769],[1.6092,50.3775],[1.4294,50.3775],[1.3696,50.2153],[1.3489,50.1593],[1.3372,50.1276],[1.2877,50.111],[1.268,50.1044],[1.1871,50.0772],[1.0252,50.0229],[0.0541,49.6971],[-0.1077,49.6428],[-0.1887,49.6156],[-0.2696,49.5885],[-0.31,49.5749],[-0.3505,49.5613],[-0.4314,49.5342],[-0.5933,49.4799],[-0.887,49.3813],[-0.9169,49.3864],[-0.9404,49.3923],[-0.9543,49.3928],[-0.9592,49.3936],[-0.9596,49.3936],[-0.9698,49.3933],[-1.0723,49.3968],[-1.084,49.3909],[-1.121,49.4077],[-1.121,49.3853],[-1.1265,49.3853],[-1.1265,49.3501],[-1.1188,49.3462],[-1.1371,49.2981],[-1.1228,49.2762],[-1.0089,49.1974],[-0.9832,49.1961],[-0.9235,49.211],[-0.9109,49.1951],[-0.9182,49.1528],[-0.8843,49.1084],[-0.8626,49.0264],[-0.8948,49.0149],[-0.9508,48.971],[-0.9983,48.9513],[-1.0419,48.9591],[-1.0642,48.9268],[-1.0369,48.9058],[-1.0595,48.881],[-1.1002,48.8692],[-1.1312,48.85],[-1.1469,48.8218],[-1.1082,48.8154],[-1.0922,48.7872],[-1.045,48.7752],[-0.996,48.7737],[-0.9567,48.783],[-0.8974,48.7724],[-0.8409,48.7523],[-0.8425,48.7285],[-0.82,48.7268],[-0.7368,48.6861],[-0.7667,48.6599],[-0.7521,48.6118],[-0.7857,48.5596],[-0.8405,48.5257],[-0.8627,48.5018],[-0.8994,48.4969],[-0.9362,48.5073],[-0.9949,48.4933],[-1.0791,48.4987],[-1.0823,48.4231],[-1.0698,48.3182],[-1.1017,48.2674],[-1.0852,48.24],[-1.0703,48.1743],[-1.0823,48.1524],[-1.0704,48.0906],[-1.0418,48.0623],[-1.0406,48.0015],[-1.0779,47.9893],[-1.1244,47.9861],[-1.1677,47.9608],[-1.2289,47.823],[-1.243,47.8095],[-1.251,47.7804],[-1.248,47.734],[-1.1793,47.6995],[-1.1761,47.6552],[-1.1581,47.6315],[-1.0313,47.6014],[-1.0082,47.5878],[-1.0583,47.5641],[-1.1617,47.5713],[-1.1789,47.5638],[-1.1747,47.542],[-1.129,47.505],[-0.9656,47.4918],[-0.9559,47.4388],[-0.9238,47.3943],[-1.0009,47.3832],[-1.1288,47.3815],[-1.1648,47.3758],[-1.2232,47.3511],[-1.2862,47.3458],[-1.3347,47.3239],[-1.3393,47.3009]]],[[[7.3624,43.6731],[7.4029,43.6731],[7.4049,43.6744],[7.4361,43.6938],[7.4474,43.6958],[7.4899,43.7033],[7.4899,43.744],[7.4474,43.744],[7.4474,43.7488],[7.4375,43.7434],[7.4262,43.7555],[7.407,43.7635],[7.3875,43.7579],[7.3727,43.7458],[7.3673,43.7341],[7.3658,43.7227],[7.3624,43.7192],[7.3624,43.6731]]],[[[7.4797,43.86],[7.5023,43.7922],[7.4899,43.7885],[7.4899,43.744],[7.515,43.744],[7.515,43.86],[7.4797,43.86]]]]}},
{"type":"Feature","properties":{"entityId":"west-francia","from":911,"to":924,"certainty":"estimated","source":"유럽 쪽은 Natural Earth 1:10m admin-1(v5.1.2) 현대 행정구역 조각을 그 시기 국경에 맞춰 묶고, 조각이 역사 경계와 다른 곳은 선을 그어 나눈 근사. 유럽 밖(시베리아·중앙아시아·극동)은 대략적인 추정. 운영자 검수 필요"},"geometry":{"type":"MultiPolygon","coordinates":[[[[-2.6735,49.4335],[-2.6693,49.4309],[-2.5731,49.4309],[-2.5521,49.4267],[-2.549,49.4283],[-2.5472,49.4279],[-2.5472,49.428],[-2.5468,49.4279],[-2.5456,49.4301],[-2.5341,49.4362],[-2.5267,49.4585],[-2.5245,49.4688],[-2.5127,49.4903],[-2.5058,49.498],[-2.5017,49.5067],[-2.5182,49.5155],[-2.5382,49.5098],[-2.5496,49.5042],[-2.5736,49.4954],[-2.5802,49.4936],[-2.5825,49.4922],[-2.648,49.4682],[-2.6479,49.4679],[-2.648,49.4678],[-2.6464,49.464],[-2.6503,49.4637],[-2.6566,49.4594],[-2.6518,49.4452],[-2.663,49.4438],[-2.6735,49.4335]]],[[[-2.242,49.248],[-2.2332,49.2285],[-2.2296,49.2165],[-2.2376,49.1766],[-2.2375,49.1766],[-2.2376,49.1762],[-2.2372,49.1763],[-2.2372,49.1762],[-2.1826,49.1841],[-2.1772,49.1802],[-2.1687,49.1783],[-2.1626,49.1866],[-2.1013,49.1866],[-2.097,49.1837],[-2.08,49.1787],[-2.0734,49.1786],[-2.054,49.1693],[-2.0537,49.1694],[-2.0536,49.1693],[-2.0354,49.1744],[-2.0245,49.1713],[-2.0237,49.1777],[-2.0104,49.1814],[-2.0105,49.1818],[-2.0104,49.1818],[-2.014,49.2072],[-2.0083,49.2125],[-2.0158,49.2196],[-2.0176,49.2321],[-2.021,49.2333],[-2.0207,49.2353],[-2.0679,49.2507],[-2.0827,49.2602],[-2.1039,49.2582],[-2.1059,49.2568],[-2.1218,49.2582],[-2.122,49.2583],[-2.1438,49.2619],[-2.1517,49.267],[-2.1618,49.2618],[-2.2192,49.2669],[-2.2196,49.2669],[-2.2209,49.2605],[-2.2294,49.263],[-2.2411,49.2602],[-2.242,49.248]]],[[[-1.3393,47.3009],[-1.3015,47.2971],[-1.2506,47.2464],[-1.1964,47.2482],[-1.1619,47.1858],[-1.2193,47.1318],[-1.2301,47.1094],[-1.1605,47.0841],[-1.1294,47.0626],[-1.1184,47.041],[-1.1486,47.0295],[-1.0753,47.0072],[-1.0349,47.0032],[-0.9934,47.0204],[-0.946,47.0004],[-0.935,47.0166],[-0.8704,46.9942],[-0.8375,46.9897],[-0.7804,46.997],[-0.6965,46.9881],[-0.6324,46.9924],[-0.5492,47.0252],[-0.5551,47.061],[-0.5177,47.0754],[-0.4732,47.0664],[-0.3763,47.0881],[-0.2697,47.0972],[-0.1706,47.0983],[-0.143,47.0628],[-0.109,47.0696],[-0.0918,47.0861],[-0.0531,47.0963],[-0.0369,47.1279],[-0.004,47.1566],[0.0668,47.1537],[0.0921,47.1218],[0.1287,47.1273],[0.1403,47.103],[0.1919,47.1023],[0.2001,47.0555],[0.2493,47.0636],[0.2772,47.0453],[0.307,47.0426],[0.3082,46.9515],[0.3267,46.9385],[0.3887,46.9389],[0.4339,46.9327],[0.4837,46.9508],[0.5631,46.9533],[0.5837,46.965],[0.5691,47.0007],[0.5844,47.0013],[0.682,46.9583],[0.7134,46.9001],[0.8315,46.7794],[0.8808,46.7505],[0.9024,46.7298],[0.9169,46.6899],[0.907,46.6442],[0.916,46.6151],[0.9596,46.5811],[1.0197,46.56],[1.0388,46.5344],[1.1015,46.5344],[1.1294,46.5245],[1.1493,46.4978],[1.1411,46.4735],[1.1533,46.4542],[1.1947,46.4279],[1.177,46.387],[1.2211,46.3689],[1.3047,46.3746],[1.3347,46.3971],[1.4144,46.3509],[1.4459,46.3649],[1.5114,46.4119],[1.5881,46.4102],[1.6124,46.3838],[1.6408,46.3832],[1.6725,46.401],[1.7253,46.3958],[1.7454,46.4031],[1.7619,46.4502],[1.7799,46.451],[1.8314,46.4205],[1.8815,46.4382],[1.971,46.4364],[2.0115,46.4253],[2.0685,46.4254],[2.1023,46.4159],[2.1392,46.4214],[2.2539,46.4198],[2.316,46.3667],[2.3317,46.3291],[2.3968,46.3101],[2.4311,46.2737],[2.4494,46.2834],[2.4741,46.2714],[2.5146,46.2258],[2.5377,46.1755],[2.5667,46.1359],[2.5638,46.0702],[2.5946,46.0269],[2.5953,45.9712],[2.5678,45.9464],[2.5419,45.9035],[2.5016,45.8699],[2.4538,45.8637],[2.4006,45.8292],[2.4386,45.7615],[2.4899,45.7361],[2.5247,45.6977],[2.5221,45.6492],[2.476,45.6177],[2.4651,45.5846],[2.4954,45.5452],[2.4966,45.501],[2.5186,45.4792],[2.4887,45.397],[2.4414,45.3923],[2.3912,45.4133],[2.35,45.4031],[2.367,45.3689],[2.2977,45.2931],[2.2437,45.271],[2.233,45.2453],[2.1946,45.2237],[2.2069,45.1595],[2.1681,45.0947],[2.1136,45.0585],[2.1098,45.0367],[2.1316,44.9927],[2.0587,44.9751],[2.0711,44.9566],[2.0793,44.897],[2.0937,44.8657],[2.136,44.8181],[2.1585,44.7745],[2.1323,44.6987],[2.1647,44.6784],[2.1816,44.6312],[2.2053,44.6223],[2.2142,44.6472],[2.3005,44.6687],[2.3462,44.6519],[2.3676,44.6603],[2.4547,44.6616],[2.4825,44.6755],[2.5372,44.7297],[2.5545,44.7721],[2.5778,44.7946],[2.594,44.835],[2.7267,44.9354],[2.7731,44.8932],[2.7826,44.8619],[2.8206,44.867],[2.867,44.8235],[2.8853,44.7919],[2.9266,44.7781],[2.9069,44.7568],[2.9258,44.6908],[2.9463,44.6651],[2.9801,44.6443],[3.0662,44.5642],[3.0844,44.5373],[3.0811,44.5058],[3.0968,44.4729],[3.1352,44.4379],[3.1407,44.421],[3.1255,44.3635],[3.1457,44.3031],[3.1241,44.2708],[3.2233,44.2236],[3.2337,44.1949],[3.2495,44.1911],[3.3507,44.194],[3.3767,44.1683],[3.4803,44.1218],[3.5179,44.1134],[3.6163,44.1168],[3.6366,44.1273],[3.6427,44.1769],[3.6904,44.1802],[3.791,44.136],[3.8758,44.1314],[3.9204,44.1664],[3.9576,44.2248],[3.9624,44.2621],[3.9366,44.3067],[3.9265,44.3507],[3.8948,44.3902],[3.9592,44.4138],[3.994,44.4579],[4.0218,44.4395],[4.0497,44.4035],[4.0361,44.3756],[4.0443,44.3311],[4.1306,44.3317],[4.1408,44.3216],[4.229,44.2853],[4.2511,44.2818],[4.3338,44.3307],[4.3731,44.3397],[4.3967,44.3283],[4.4074,44.2927],[4.4451,44.3011],[4.4656,44.336],[4.5208,44.3368],[4.5506,44.3271],[4.5852,44.3007],[4.6578,44.2817],[4.6575,44.3268],[4.677,44.4372],[4.7034,44.4747],[4.7213,44.5734],[4.74,44.6063],[4.7895,44.6585],[4.7964,44.6964],[4.769,44.7547],[4.7776,44.7954],[4.8283,44.837],[4.8306,44.8509],[4.8686,44.8848],[4.8926,44.9495],[4.851,45.0215],[4.8584,45.0656],[4.8447,45.101],[4.8228,45.1112],[4.8273,45.1579],[4.8141,45.1974],[4.8114,45.2963],[4.7759,45.3372],[4.7698,45.3657],[4.7554,45.4021],[4.76,45.4445],[4.7182,45.4797],[4.6791,45.4779],[4.6543,45.4912],[4.6659,45.5549],[4.6402,45.5813],[4.6069,45.5843],[4.5461,45.5776],[4.497,45.5847],[4.4356,45.6134],[4.3842,45.6544],[4.3654,45.6985],[4.3992,45.7374],[4.3968,45.7494],[4.3442,45.7603],[4.3442,45.7777],[4.3834,45.8182],[4.3938,45.8428],[4.3723,45.8659],[4.3421,45.8782],[4.3309,45.8975],[4.3403,45.9247],[4.3277,45.942],[4.2589,45.9703],[4.253,45.9849],[4.2998,45.9986],[4.3003,46.023],[4.2526,46.0498],[4.2584,46.0667],[4.357,46.1418],[4.4322,46.1507],[4.4327,46.1915],[4.3839,46.2248],[4.4085,46.2898],[4.5176,46.2762],[4.5543,46.2887],[4.5812,46.2659],[4.6057,46.2631],[4.6381,46.2992],[4.673,46.2882],[4.6774,46.2613],[4.7041,46.2475],[4.7031,46.2247],[4.7202,46.1886],[4.7392,46.177],[4.7978,46.1718],[4.7952,46.1923],[4.8186,46.2573],[4.8728,46.3376],[4.8742,46.3597],[4.8993,46.3961],[4.9119,46.4472],[4.9376,46.5016],[4.96,46.5095],[5.0253,46.4933],[5.0641,46.4927],[5.1252,46.509],[5.1786,46.5054],[5.2404,46.4687],[5.311,46.4554],[5.4034,46.4749],[5.4241,46.4989],[5.3695,46.5291],[5.3637,46.5687],[5.4017,46.5909],[5.423,46.6315],[5.4207,46.662],[5.3943,46.7273],[5.3757,46.7382],[5.3834,46.7778],[5.3495,46.8011],[5.376,46.8224],[5.4371,46.8281],[5.4583,46.8563],[5.3949,46.8834],[5.3302,46.9031],[5.275,46.9442],[5.2506,46.9812],[5.3107,47.0133],[5.3068,47.056],[5.3826,47.0814],[5.4044,47.0986],[5.4859,47.1911],[5.5217,47.2893],[5.5032,47.3076],[5.4941,47.3712],[5.458,47.3953],[5.4521,47.433],[5.4073,47.4569],[5.4216,47.4921],[5.4607,47.5006],[5.4927,47.531],[5.4787,47.5986],[5.4407,47.6186],[5.4088,47.5968],[5.3749,47.6078],[5.4207,47.6711],[5.5013,47.6819],[5.555,47.6602],[5.5867,47.6579],[5.6827,47.6806],[5.7009,47.6931],[5.7099,47.7641],[5.7,47.792],[5.716,47.8129],[5.821,47.8635],[5.8608,47.9011],[5.8921,47.9091],[5.8918,47.9326],[5.9261,47.9481],[5.9551,47.9797],[5.9709,47.9409],[6.0344,47.9726],[6.071,48.0044],[6.0994,48.0087],[6.1469,48.0016],[6.1827,47.9768],[6.1819,47.9582],[6.2438,47.9322],[6.2828,47.9348],[6.3224,47.9505],[6.3734,47.953],[6.412,47.9423],[6.4987,47.9047],[6.5526,47.9012],[6.5765,47.908],[6.6138,47.9413],[6.6372,47.9351],[6.6965,47.8899],[6.7407,47.8761],[6.836,47.8242],[6.8689,47.819],[6.9239,47.8432],[6.917,47.883],[6.9344,47.9027],[6.9598,47.9675],[7.0085,48.0103],[7.0869,48.1254],[7.0749,48.1525],[7.2087,48.3034],[7.1885,48.331],[7.1442,48.3321],[7.1099,48.3423],[7.1268,48.4473],[7.1277,48.4841],[7.1489,48.4999],[7.0887,48.5234],[7.0981,48.5292],[7.193,48.5335],[7.2137,48.5532],[7.2705,48.5842],[7.3004,48.6556],[7.2649,48.6849],[7.3133,48.7408],[7.3041,48.7755],[7.2476,48.8184],[7.2163,48.8298],[7.2044,48.8542],[7.1754,48.8203],[7.1467,48.8127],[7.1293,48.7931],[7.1032,48.7925],[7.0749,48.8245],[7.0967,48.8525],[7.0152,48.8823],[6.9862,48.8987],[6.9808,48.9301],[7.0373,48.9719],[7.047,49.0002],[7.0773,49.0295],[7.0787,49.0602],[7.0973,49.0657],[7.1235,49.0499],[7.1327,49.0209],[7.1558,49.0056],[7.2914,48.9733],[7.3018,48.9547],[7.3417,48.9434],[7.4806,48.959],[7.5452,48.938],[7.5729,48.9437],[7.6449,49.0363],[7.6086,49.062],[7.5209,49.0837],[7.471,49.1283],[7.4761,49.1515],[7.4148,49.1578],[7.4105,49.1689],[7.3716,49.1662],[7.3491,49.1687],[7.2947,49.2052],[7.2869,49.2308],[7.3167,49.2519],[7.3567,49.3127],[7.3873,49.3368],[7.3852,49.3697],[7.3012,49.3848],[7.2523,49.431],[7.2461,49.4461],[7.3085,49.4854],[7.2675,49.5785],[7.2747,49.5621],[7.3,49.6],[7.5,49.68],[7.7,49.75],[7.85,49.8],[7.9,49.92],[7.9,49.97],[7.9023,49.9735],[7.8782,49.9729],[7.8498,50.0107],[7.7714,50.0535],[7.7917,50.0633],[7.78,50.07],[7.755,50.1],[7.725,50.13],[7.715,50.155],[7.69,50.19],[7.63,50.215],[7.615,50.24],[7.635,50.27],[7.605,50.33],[7.6,50.37],[7.55,50.41],[7.47,50.425],[7.41,50.445],[7.35,50.48],[7.31,50.51],[7.26,50.56],[7.225,50.6],[7.2148,50.6272],[7.21,50.64],[7.18,50.68],[7.12,50.73],[7.07,50.78],[7,50.82],[6.97,50.94],[6.98,51],[6.95,51.05],[6.86,51.1],[6.8,51.17],[6.76,51.23],[6.74,51.27],[6.68,51.35],[6.73,51.42],[6.73,51.47],[6.68,51.57],[6.6,51.645],[6.47,51.69],[6.39,51.755],[6.24,51.82],[6.1394,51.8535],[6.1561,51.8421],[6.093,51.8853],[6.1059,51.8765],[6.0971,51.8867],[6.127,51.8967],[6.2252,51.8625],[6.2564,51.8668],[6.2874,51.8462],[6.342,51.8367],[6.345,51.8211],[6.3825,51.8276],[6.3785,51.8601],[6.4425,51.8484],[6.4794,51.853],[6.5286,51.8764],[6.6282,51.8975],[6.7167,51.8993],[6.7438,51.9083],[6.7898,51.9511],[6.8107,51.9606],[6.804,51.9844],[6.7782,52.0013],[6.675,52.0348],[6.6799,52.0605],[6.7114,52.0673],[6.7329,52.092],[6.7716,52.1088],[6.8307,52.1129],[6.8848,52.1603],[6.9477,52.1828],[6.9819,52.214],[7.0266,52.2386],[7.0125,52.2849],[7.0398,52.3286],[7.0482,52.3651],[7.0342,52.3908],[6.9733,52.4514],[6.9515,52.4375],[6.9002,52.4319],[6.8203,52.4468],[6.7412,52.4537],[6.6951,52.4756],[6.684,52.526],[6.6717,52.5417],[6.7438,52.5597],[6.711,52.5766],[6.7018,52.6191],[6.7191,52.6268],[6.7705,52.641],[6.8654,52.642],[6.9184,52.6322],[6.9677,52.6367],[7.0185,52.626],[7.0367,52.6474],[7.044,52.6826],[7.0533,52.7906],[7.0722,52.8413],[7.0799,52.8544],[7.1619,52.9326],[7.1836,52.9661],[7.1944,53.0338],[7.1851,53.1054],[7.1727,53.1258],[7.1985,53.2006],[7.1946,53.245],[7.1962,53.246],[7.1962,53.2903],[7.1656,53.2903],[7.1656,53.293],[7.1045,53.293],[7.1045,53.3028],[7.044,53.3028],[7.0434,53.303],[7.0434,53.3345],[6.9823,53.3345],[6.9823,53.3487],[6.9494,53.3487],[6.9494,53.4413],[6.9518,53.4413],[6.9518,53.4722],[6.9212,53.4722],[6.9212,53.4982],[6.9065,53.4822],[6.8601,53.4838],[6.7379,53.4881],[6.4935,53.4965],[6.463,53.4976],[6.4324,53.4987],[6.4018,53.4997],[6.3713,53.5008],[6.3408,53.5018],[6.3245,53.5024],[6.3189,53.5072],[6.3345,53.511],[6.3337,53.5111],[6.3343,53.5112],[6.3338,53.5112],[6.3345,53.5114],[6.3118,53.5132],[6.3108,53.5141],[6.305,53.5138],[6.2913,53.5149],[6.2909,53.5149],[6.2752,53.5122],[6.2118,53.5089],[6.2017,53.5067],[6.1269,53.5092],[6.0753,53.511],[6.0749,53.511],[6.0046,53.4895],[5.9333,53.4678],[5.9138,53.4739],[5.8856,53.4732],[5.8773,53.4749],[5.8769,53.4749],[5.7077,53.4732],[5.6537,53.4663],[5.6541,53.4659],[5.6537,53.4659],[5.6545,53.4652],[5.6419,53.4634],[5.6361,53.4487],[5.679,53.4301],[5.7363,53.4435],[5.7854,53.4474],[5.8556,53.4474],[5.876,53.4502],[5.5158,53.3402],[5.2714,53.2655],[5.1492,53.2282],[5.0881,53.2095],[5.0576,53.2002],[5.027,53.1908],[4.9883,53.179],[4.9495,53.1672],[4.8974,53.1512],[4.8872,53.1644],[4.8872,53.1833],[4.8868,53.1831],[4.8868,53.1833],[4.8858,53.1827],[4.8858,53.1867],[4.8543,53.1877],[4.8057,53.133],[4.7597,53.1091],[4.7167,53.096],[4.7068,53.093],[4.4064,52.5894],[4.3168,52.4391],[4.2944,52.4015],[4.2719,52.3639],[4.2271,52.2887],[4.0493,51.9907],[4.0225,51.9944],[4.01,51.9801],[4.0257,51.951],[3.9638,51.8472],[3.9627,51.8474],[3.8623,51.8161],[3.8716,51.7883],[3.9339,51.7971],[3.9173,51.7693],[3.9016,51.743],[3.8101,51.7473],[3.7928,51.7457],[3.7892,51.7459],[3.7888,51.7459],[3.7825,51.7448],[3.7258,51.7397],[3.7054,51.7314],[3.6988,51.7303],[3.6988,51.7288],[3.6895,51.725],[3.6867,51.6927],[3.7206,51.6768],[3.7654,51.6784],[3.7758,51.6858],[3.8159,51.693],[3.8244,51.69],[3.8596,51.6726],[3.8284,51.6204],[3.8118,51.6115],[3.5604,51.5946],[3.5469,51.5894],[3.5008,51.5775],[3.4838,51.5652],[3.4575,51.5551],[3.447,51.546],[3.4619,51.519],[3.4948,51.5009],[3.5321,51.4626],[3.4881,51.4392],[3.4608,51.4246],[3.6,51.42],[3.75,51.385],[3.85,51.37],[4,51.4],[4.15,51.37],[4.2126,51.37],[4.1904,51.375],[4.1904,51.3816],[4.237,51.3816],[4.237,51.3503],[4.2441,51.3421],[4.2837,51.3421],[4.2854,51.318],[4.2875,51.317],[4.2875,51.3068],[4.303,51.2961],[4.2987,51.2696],[4.2886,51.2579],[4.333,51.1697],[4.316,51.1322],[4.2158,51.1215],[4.182,51.0999],[4.1964,51.0545],[4.2123,51.0341],[4.2403,51.0381],[4.2171,50.9901],[4.1617,50.9906],[4.1465,50.9706],[4.1602,50.9299],[4.137,50.9196],[4.0913,50.9318],[4.1001,50.9125],[4.0736,50.9],[4.0871,50.8814],[4.0404,50.8384],[4.0749,50.8207],[4.0604,50.7926],[3.9822,50.7669],[3.9563,50.7798],[3.9312,50.7576],[3.9506,50.7341],[3.895,50.7342],[3.8844,50.7514],[3.828,50.7435],[3.7746,50.749],[3.7578,50.7803],[3.7145,50.7686],[3.704,50.7821],[3.6753,50.7719],[3.6347,50.7219],[3.6066,50.7342],[3.5405,50.7349],[3.534,50.7664],[3.4941,50.7589],[3.4576,50.7685],[3.4128,50.7474],[3.3635,50.7097],[3.3231,50.7235],[3.3033,50.7564],[3.2608,50.7523],[3.2197,50.7673],[3.1628,50.7499],[3.1969,50.7092],[3.2244,50.7052],[3.2438,50.6721],[3.2298,50.6554],[3.2643,50.5702],[3.271,50.5269],[3.2999,50.5075],[3.3436,50.4929],[3.3854,50.4916],[3.4292,50.5018],[3.4629,50.5191],[3.4915,50.5171],[3.4991,50.4868],[3.5637,50.4865],[3.6083,50.4765],[3.6444,50.4455],[3.6529,50.3602],[3.6617,50.3193],[3.6969,50.2982],[3.7415,50.3431],[3.7987,50.3485],[3.8402,50.3452],[3.8959,50.3253],[3.9821,50.3426],[4.0227,50.3381],[4.0979,50.2948],[4.1253,50.2571],[4.1437,50.2516],[4.1628,50.273],[4.2037,50.252],[4.1573,50.2127],[4.1258,50.1282],[4.1806,50.1272],[4.21,50.0602],[4.1373,50.0251],[4.1317,49.975],[4.0811,49.9709],[3.9969,49.9921],[3.985,50.0006],[3.9835,50.0371],[3.9621,50.0426],[3.8861,50.0209],[3.8539,50.043],[3.6832,50.0593],[3.6295,50.038],[3.5547,50.0495],[3.4779,50.0191],[3.4486,50.0154],[3.362,50.0324],[3.3162,50.0183],[3.2259,50.029],[3.157,50.0187],[3.0883,50.05],[3.0318,50.0726],[2.9896,50.0766],[2.9646,50.0381],[2.9063,50.0343],[2.8524,50.0206],[2.8493,50.0575],[2.8229,50.0684],[2.7663,50.0384],[2.7427,50.0477],[2.7639,50.072],[2.7534,50.0985],[2.7106,50.1286],[2.6991,50.1205],[2.691,50.078],[2.5678,50.112],[2.5743,50.1294],[2.55,50.1344],[2.5188,50.1234],[2.458,50.1276],[2.433,50.1193],[2.4057,50.0938],[2.3801,50.1098],[2.3815,50.1486],[2.4679,50.1942],[2.456,50.2087],[2.4103,50.2248],[2.3644,50.2142],[2.3329,50.2379],[2.3098,50.224],[2.2404,50.2102],[2.1129,50.2031],[2.0693,50.2185],[2.0566,50.2485],[2.0281,50.2644],[1.936,50.2964],[1.9521,50.3199],[1.9215,50.3276],[1.8871,50.3138],[1.8196,50.3547],[1.7418,50.354],[1.6806,50.3387],[1.6309,50.3477],[1.595,50.3727],[1.6104,50.3769],[1.6092,50.3775],[1.4294,50.3775],[1.3696,50.2153],[1.3489,50.1593],[1.3372,50.1276],[1.2877,50.111],[1.3085,50.111],[1.3085,50.0628],[1.3489,50.0628],[1.3489,50.0531],[1.3731,50.0657],[1.5164,50.0007],[1.6809,49.8885],[1.7102,49.835],[1.7409,49.798],[1.7545,49.7656],[1.7282,49.7526],[1.6854,49.7096],[1.6807,49.689],[1.7208,49.6945],[1.7349,49.6853],[1.7191,49.6643],[1.6809,49.6451],[1.6936,49.627],[1.6967,49.5774],[1.7125,49.5099],[1.7616,49.5084],[1.7616,49.478],[1.7375,49.4646],[1.718,49.411],[1.7212,49.3821],[1.7499,49.311],[1.7834,49.2512],[1.7678,49.2458],[1.7256,49.2704],[1.6909,49.2497],[1.6981,49.2307],[1.6681,49.1907],[1.6199,49.0826],[1.5812,49.0686],[1.454,49.0486],[1.4565,48.981],[1.4883,48.9733],[1.4928,48.9395],[1.4528,48.923],[1.4514,48.8708],[1.3724,48.8308],[1.3441,48.7877],[1.249,48.7497],[1.2189,48.7578],[1.1537,48.7604],[1.1261,48.7764],[1.105,48.7741],[1.0968,48.7524],[1.0389,48.7477],[1.0094,48.7209],[0.8727,48.699],[0.8164,48.6651],[0.7689,48.6788],[0.7295,48.7134],[0.7596,48.7516],[0.7421,48.7757],[0.66,48.8034],[0.6137,48.8463],[0.5919,48.878],[0.5405,48.8675],[0.4635,48.8817],[0.4214,48.8836],[0.3957,48.9132],[0.4172,48.9461],[0.4313,49.0011],[0.4178,49.025],[0.3779,49.0507],[0.378,49.0728],[0.4149,49.0763],[0.4081,49.1062],[0.4226,49.1304],[0.3846,49.1951],[0.3439,49.2237],[0.3397,49.2508],[0.3722,49.2624],[0.3652,49.2811],[0.3344,49.2845],[0.305,49.3131],[0.3039,49.3927],[0.2943,49.4347],[0.2969,49.4351],[0.2969,49.4605],[0.2568,49.4641],[0.2565,49.4642],[0.2565,49.4481],[0.216,49.4481],[0.216,49.4659],[0.1755,49.4659],[0.1755,49.4341],[0.1351,49.4341],[0.1351,49.4376],[0.0541,49.4376],[0.0541,49.4436],[-0.1077,49.4436],[-0.1077,49.4626],[-0.1887,49.4626],[-0.1887,49.4886],[-0.2291,49.4886],[-0.2291,49.5204],[-0.2696,49.5204],[-0.2696,49.5885],[-0.31,49.5749],[-0.3505,49.5613],[-0.4314,49.5342],[-0.5933,49.4799],[-0.887,49.3813],[-0.9169,49.3864],[-0.9404,49.3923],[-0.9543,49.3928],[-0.9592,49.3936],[-0.9596,49.3936],[-0.9698,49.3933],[-1.0723,49.3968],[-1.084,49.3909],[-1.121,49.4077],[-1.121,49.3853],[-1.1265,49.3853],[-1.1265,49.3501],[-1.1188,49.3462],[-1.1371,49.2981],[-1.1228,49.2762],[-1.0089,49.1974],[-0.9832,49.1961],[-0.9235,49.211],[-0.9109,49.1951],[-0.9182,49.1528],[-0.8843,49.1084],[-0.8626,49.0264],[-0.8948,49.0149],[-0.9508,48.971],[-0.9983,48.9513],[-1.0419,48.9591],[-1.0642,48.9268],[-1.0369,48.9058],[-1.0595,48.881],[-1.1002,48.8692],[-1.1312,48.85],[-1.1469,48.8218],[-1.1082,48.8154],[-1.0922,48.7872],[-1.045,48.7752],[-0.996,48.7737],[-0.9567,48.783],[-0.8974,48.7724],[-0.8409,48.7523],[-0.8425,48.7285],[-0.82,48.7268],[-0.7368,48.6861],[-0.7667,48.6599],[-0.7521,48.6118],[-0.7857,48.5596],[-0.8405,48.5257],[-0.8627,48.5018],[-0.8994,48.4969],[-0.9362,48.5073],[-0.9949,48.4933],[-1.0791,48.4987],[-1.0823,48.4231],[-1.0698,48.3182],[-1.1017,48.2674],[-1.0852,48.24],[-1.0703,48.1743],[-1.0823,48.1524],[-1.0704,48.0906],[-1.0418,48.0623],[-1.0406,48.0015],[-1.0779,47.9893],[-1.1244,47.9861],[-1.1677,47.9608],[-1.2289,47.823],[-1.243,47.8095],[-1.251,47.7804],[-1.248,47.734],[-1.1793,47.6995],[-1.1761,47.6552],[-1.1581,47.6315],[-1.0313,47.6014],[-1.0082,47.5878],[-1.0583,47.5641],[-1.1617,47.5713],[-1.1789,47.5638],[-1.1747,47.542],[-1.129,47.505],[-0.9656,47.4918],[-0.9559,47.4388],[-0.9238,47.3943],[-1.0009,47.3832],[-1.1288,47.3815],[-1.1648,47.3758],[-1.2232,47.3511],[-1.2862,47.3458],[-1.3347,47.3239],[-1.3393,47.3009]],[[4.2609,51.37],[4.2803,51.37],[4.2666,51.3881],[4.2811,51.3689],[4.2611,51.3694],[4.2609,51.37]]],[[[4.8789,53.2209],[4.9102,53.2125],[4.9575,53.2456],[4.9716,53.2538],[5.1105,53.3079],[5.1098,53.3079],[5.1103,53.3081],[5.11,53.3081],[5.1105,53.3083],[5.1006,53.3085],[5.1048,53.3096],[5.0545,53.3138],[5.0428,53.3097],[5.0277,53.31],[5.0273,53.31],[4.9972,53.2937],[4.9865,53.29],[4.9212,53.2537],[4.917,53.2504],[4.9084,53.2458],[4.9087,53.2455],[4.9084,53.2454],[4.9095,53.2446],[4.8789,53.2209]]],[[[5.1789,53.3854],[5.1799,53.3531],[5.2083,53.3527],[5.3469,53.3892],[5.427,53.4064],[5.4817,53.4127],[5.4797,53.4172],[5.5821,53.4381],[5.5815,53.4382],[5.5819,53.4383],[5.5815,53.4384],[5.5821,53.4385],[5.5701,53.441],[5.5853,53.4536],[5.437,53.4365],[5.4284,53.4326],[5.4161,53.4315],[5.1893,53.3916],[5.1898,53.3914],[5.1895,53.3914],[5.1898,53.3913],[5.1893,53.3912],[5.1958,53.3891],[5.1789,53.3854]]],[[[7.3624,43.6731],[7.4029,43.6731],[7.4049,43.6744],[7.4361,43.6938],[7.4474,43.6958],[7.4899,43.7033],[7.4899,43.744],[7.4474,43.744],[7.4474,43.7488],[7.4375,43.7434],[7.4262,43.7555],[7.407,43.7635],[7.3875,43.7579],[7.3727,43.7458],[7.3673,43.7341],[7.3658,43.7227],[7.3624,43.7192],[7.3624,43.6731]]],[[[7.4797,43.86],[7.5023,43.7922],[7.4899,43.7885],[7.4899,43.744],[7.515,43.744],[7.515,43.86],[7.4797,43.86]]]]}},
{"type":"Feature","properties":{"entityId":"west-francia","from":924,"to":925,"certainty":"estimated","source":"유럽 쪽은 Natural Earth 1:10m admin-1(v5.1.2) 현대 행정구역 조각을 그 시기 국경에 맞춰 묶고, 조각이 역사 경계와 다른 곳은 선을 그어 나눈 근사. 유럽 밖(시베리아·중앙아시아·극동)은 대략적인 추정. 운영자 검수 필요"},"geometry":{"type":"MultiPolygon","coordinates":[[[[-2.6735,49.4335],[-2.6693,49.4309],[-2.5731,49.4309],[-2.5521,49.4267],[-2.549,49.4283],[-2.5472,49.4279],[-2.5472,49.428],[-2.5468,49.4279],[-2.5456,49.4301],[-2.5341,49.4362],[-2.5267,49.4585],[-2.5245,49.4688],[-2.5127,49.4903],[-2.5058,49.498],[-2.5017,49.5067],[-2.5182,49.5155],[-2.5382,49.5098],[-2.5496,49.5042],[-2.5736,49.4954],[-2.5802,49.4936],[-2.5825,49.4922],[-2.648,49.4682],[-2.6479,49.4679],[-2.648,49.4678],[-2.6464,49.464],[-2.6503,49.4637],[-2.6566,49.4594],[-2.6518,49.4452],[-2.663,49.4438],[-2.6735,49.4335]]],[[[-2.242,49.248],[-2.2332,49.2285],[-2.2296,49.2165],[-2.2376,49.1766],[-2.2375,49.1766],[-2.2376,49.1762],[-2.2372,49.1763],[-2.2372,49.1762],[-2.1826,49.1841],[-2.1772,49.1802],[-2.1687,49.1783],[-2.1626,49.1866],[-2.1013,49.1866],[-2.097,49.1837],[-2.08,49.1787],[-2.0734,49.1786],[-2.054,49.1693],[-2.0537,49.1694],[-2.0536,49.1693],[-2.0354,49.1744],[-2.0245,49.1713],[-2.0237,49.1777],[-2.0104,49.1814],[-2.0105,49.1818],[-2.0104,49.1818],[-2.014,49.2072],[-2.0083,49.2125],[-2.0158,49.2196],[-2.0176,49.2321],[-2.021,49.2333],[-2.0207,49.2353],[-2.0679,49.2507],[-2.0827,49.2602],[-2.1039,49.2582],[-2.1059,49.2568],[-2.1218,49.2582],[-2.122,49.2583],[-2.1438,49.2619],[-2.1517,49.267],[-2.1618,49.2618],[-2.2192,49.2669],[-2.2196,49.2669],[-2.2209,49.2605],[-2.2294,49.263],[-2.2411,49.2602],[-2.242,49.248]]],[[[-1.3393,47.3009],[-1.3015,47.2971],[-1.2506,47.2464],[-1.1964,47.2482],[-1.1619,47.1858],[-1.2193,47.1318],[-1.2301,47.1094],[-1.1605,47.0841],[-1.1294,47.0626],[-1.1184,47.041],[-1.1486,47.0295],[-1.0753,47.0072],[-1.0349,47.0032],[-0.9934,47.0204],[-0.946,47.0004],[-0.935,47.0166],[-0.8704,46.9942],[-0.8375,46.9897],[-0.7804,46.997],[-0.6965,46.9881],[-0.6324,46.9924],[-0.5492,47.0252],[-0.5551,47.061],[-0.5177,47.0754],[-0.4732,47.0664],[-0.3763,47.0881],[-0.2697,47.0972],[-0.1706,47.0983],[-0.143,47.0628],[-0.109,47.0696],[-0.0918,47.0861],[-0.0531,47.0963],[-0.0369,47.1279],[-0.004,47.1566],[0.0668,47.1537],[0.0921,47.1218],[0.1287,47.1273],[0.1403,47.103],[0.1919,47.1023],[0.2001,47.0555],[0.2493,47.0636],[0.2772,47.0453],[0.307,47.0426],[0.3082,46.9515],[0.3267,46.9385],[0.3887,46.9389],[0.4339,46.9327],[0.4837,46.9508],[0.5631,46.9533],[0.5837,46.965],[0.5691,47.0007],[0.5844,47.0013],[0.682,46.9583],[0.7134,46.9001],[0.8315,46.7794],[0.8808,46.7505],[0.9024,46.7298],[0.9169,46.6899],[0.907,46.6442],[0.916,46.6151],[0.9596,46.5811],[1.0197,46.56],[1.0388,46.5344],[1.1015,46.5344],[1.1294,46.5245],[1.1493,46.4978],[1.1411,46.4735],[1.1533,46.4542],[1.1947,46.4279],[1.177,46.387],[1.2211,46.3689],[1.3047,46.3746],[1.3347,46.3971],[1.4144,46.3509],[1.4459,46.3649],[1.5114,46.4119],[1.5881,46.4102],[1.6124,46.3838],[1.6408,46.3832],[1.6725,46.401],[1.7253,46.3958],[1.7454,46.4031],[1.7619,46.4502],[1.7799,46.451],[1.8314,46.4205],[1.8815,46.4382],[1.971,46.4364],[2.0115,46.4253],[2.0685,46.4254],[2.1023,46.4159],[2.1392,46.4214],[2.2539,46.4198],[2.316,46.3667],[2.3317,46.3291],[2.3968,46.3101],[2.4311,46.2737],[2.4494,46.2834],[2.4741,46.2714],[2.5146,46.2258],[2.5377,46.1755],[2.5667,46.1359],[2.5638,46.0702],[2.5946,46.0269],[2.5953,45.9712],[2.5678,45.9464],[2.5419,45.9035],[2.5016,45.8699],[2.4538,45.8637],[2.4006,45.8292],[2.4386,45.7615],[2.4899,45.7361],[2.5247,45.6977],[2.5221,45.6492],[2.476,45.6177],[2.4651,45.5846],[2.4954,45.5452],[2.4966,45.501],[2.5186,45.4792],[2.4887,45.397],[2.4414,45.3923],[2.3912,45.4133],[2.35,45.4031],[2.367,45.3689],[2.2977,45.2931],[2.2437,45.271],[2.233,45.2453],[2.1946,45.2237],[2.2069,45.1595],[2.1681,45.0947],[2.1136,45.0585],[2.1098,45.0367],[2.1316,44.9927],[2.0587,44.9751],[2.0711,44.9566],[2.0793,44.897],[2.0937,44.8657],[2.136,44.8181],[2.1585,44.7745],[2.1323,44.6987],[2.1647,44.6784],[2.1816,44.6312],[2.2053,44.6223],[2.2142,44.6472],[2.3005,44.6687],[2.3462,44.6519],[2.3676,44.6603],[2.4547,44.6616],[2.4825,44.6755],[2.5372,44.7297],[2.5545,44.7721],[2.5778,44.7946],[2.594,44.835],[2.7267,44.9354],[2.7731,44.8932],[2.7826,44.8619],[2.8206,44.867],[2.867,44.8235],[2.8853,44.7919],[2.9266,44.7781],[2.9069,44.7568],[2.9258,44.6908],[2.9463,44.6651],[2.9801,44.6443],[3.0662,44.5642],[3.0844,44.5373],[3.0811,44.5058],[3.0968,44.4729],[3.1352,44.4379],[3.1407,44.421],[3.1255,44.3635],[3.1457,44.3031],[3.1241,44.2708],[3.2233,44.2236],[3.2337,44.1949],[3.2495,44.1911],[3.3507,44.194],[3.3767,44.1683],[3.4803,44.1218],[3.5179,44.1134],[3.6163,44.1168],[3.6366,44.1273],[3.6427,44.1769],[3.6904,44.1802],[3.791,44.136],[3.8758,44.1314],[3.9204,44.1664],[3.9576,44.2248],[3.9624,44.2621],[3.9366,44.3067],[3.9265,44.3507],[3.8948,44.3902],[3.9592,44.4138],[3.994,44.4579],[4.0218,44.4395],[4.0497,44.4035],[4.0361,44.3756],[4.0443,44.3311],[4.1306,44.3317],[4.1408,44.3216],[4.229,44.2853],[4.2511,44.2818],[4.3338,44.3307],[4.3731,44.3397],[4.3967,44.3283],[4.4074,44.2927],[4.4451,44.3011],[4.4656,44.336],[4.5208,44.3368],[4.5506,44.3271],[4.5852,44.3007],[4.6578,44.2817],[4.6575,44.3268],[4.677,44.4372],[4.7034,44.4747],[4.7213,44.5734],[4.74,44.6063],[4.7895,44.6585],[4.7964,44.6964],[4.769,44.7547],[4.7776,44.7954],[4.8283,44.837],[4.8306,44.8509],[4.8686,44.8848],[4.8926,44.9495],[4.851,45.0215],[4.8584,45.0656],[4.8447,45.101],[4.8228,45.1112],[4.8273,45.1579],[4.8141,45.1974],[4.8114,45.2963],[4.7759,45.3372],[4.7698,45.3657],[4.7554,45.4021],[4.76,45.4445],[4.7182,45.4797],[4.6791,45.4779],[4.6543,45.4912],[4.6659,45.5549],[4.6402,45.5813],[4.6069,45.5843],[4.5461,45.5776],[4.497,45.5847],[4.4356,45.6134],[4.3842,45.6544],[4.3654,45.6985],[4.3992,45.7374],[4.3968,45.7494],[4.3442,45.7603],[4.3442,45.7777],[4.3834,45.8182],[4.3938,45.8428],[4.3723,45.8659],[4.3421,45.8782],[4.3309,45.8975],[4.3403,45.9247],[4.3277,45.942],[4.2589,45.9703],[4.253,45.9849],[4.2998,45.9986],[4.3003,46.023],[4.2526,46.0498],[4.2584,46.0667],[4.357,46.1418],[4.4322,46.1507],[4.4327,46.1915],[4.3839,46.2248],[4.4085,46.2898],[4.5176,46.2762],[4.5543,46.2887],[4.5812,46.2659],[4.6057,46.2631],[4.6381,46.2992],[4.673,46.2882],[4.6774,46.2613],[4.7041,46.2475],[4.7031,46.2247],[4.7202,46.1886],[4.7392,46.177],[4.7978,46.1718],[4.7952,46.1923],[4.8186,46.2573],[4.8728,46.3376],[4.8742,46.3597],[4.8993,46.3961],[4.9119,46.4472],[4.9376,46.5016],[4.96,46.5095],[5.0253,46.4933],[5.0641,46.4927],[5.1252,46.509],[5.1786,46.5054],[5.2404,46.4687],[5.311,46.4554],[5.4034,46.4749],[5.4241,46.4989],[5.3695,46.5291],[5.3637,46.5687],[5.4017,46.5909],[5.423,46.6315],[5.4207,46.662],[5.3943,46.7273],[5.3757,46.7382],[5.3834,46.7778],[5.3495,46.8011],[5.376,46.8224],[5.4371,46.8281],[5.4583,46.8563],[5.3949,46.8834],[5.3302,46.9031],[5.275,46.9442],[5.2506,46.9812],[5.3107,47.0133],[5.3068,47.056],[5.3826,47.0814],[5.4044,47.0986],[5.4859,47.1911],[5.5217,47.2893],[5.5032,47.3076],[5.4941,47.3712],[5.458,47.3953],[5.4521,47.433],[5.4073,47.4569],[5.4216,47.4921],[5.4607,47.5006],[5.4927,47.531],[5.4787,47.5986],[5.4407,47.6186],[5.4088,47.5968],[5.3749,47.6078],[5.4207,47.6711],[5.5013,47.6819],[5.555,47.6602],[5.5867,47.6579],[5.6827,47.6806],[5.7009,47.6931],[5.7099,47.7641],[5.7,47.792],[5.716,47.8129],[5.821,47.8635],[5.8608,47.9011],[5.8921,47.9091],[5.8918,47.9326],[5.9261,47.9481],[5.9551,47.9797],[5.9709,47.9409],[6.0344,47.9726],[6.071,48.0044],[6.0994,48.0087],[6.1469,48.0016],[6.1827,47.9768],[6.1819,47.9582],[6.2438,47.9322],[6.2828,47.9348],[6.3224,47.9505],[6.3734,47.953],[6.412,47.9423],[6.4987,47.9047],[6.5526,47.9012],[6.5765,47.908],[6.6138,47.9413],[6.6372,47.9351],[6.6965,47.8899],[6.7407,47.8761],[6.836,47.8242],[6.8689,47.819],[6.9239,47.8432],[6.917,47.883],[6.9344,47.9027],[6.9598,47.9675],[7.0085,48.0103],[7.0869,48.1254],[7.0749,48.1525],[7.2087,48.3034],[7.1885,48.331],[7.1442,48.3321],[7.1099,48.3423],[7.1268,48.4473],[7.1277,48.4841],[7.1489,48.4999],[7.0887,48.5234],[7.0981,48.5292],[7.193,48.5335],[7.2137,48.5532],[7.2705,48.5842],[7.3004,48.6556],[7.2649,48.6849],[7.3133,48.7408],[7.3041,48.7755],[7.2476,48.8184],[7.2163,48.8298],[7.2044,48.8542],[7.1754,48.8203],[7.1467,48.8127],[7.1293,48.7931],[7.1032,48.7925],[7.0749,48.8245],[7.0967,48.8525],[7.0152,48.8823],[6.9862,48.8987],[6.9808,48.9301],[7.0373,48.9719],[7.047,49.0002],[7.0773,49.0295],[7.0787,49.0602],[7.0973,49.0657],[7.1235,49.0499],[7.1327,49.0209],[7.1558,49.0056],[7.2914,48.9733],[7.3018,48.9547],[7.3417,48.9434],[7.4806,48.959],[7.5452,48.938],[7.5729,48.9437],[7.6449,49.0363],[7.6086,49.062],[7.5209,49.0837],[7.471,49.1283],[7.4761,49.1515],[7.4148,49.1578],[7.4105,49.1689],[7.3716,49.1662],[7.3491,49.1687],[7.2947,49.2052],[7.2869,49.2308],[7.3167,49.2519],[7.3567,49.3127],[7.3873,49.3368],[7.3852,49.3697],[7.3012,49.3848],[7.2523,49.431],[7.2461,49.4461],[7.3085,49.4854],[7.2675,49.5785],[7.2747,49.5621],[7.3,49.6],[7.5,49.68],[7.7,49.75],[7.85,49.8],[7.9,49.92],[7.9,49.97],[7.9023,49.9735],[7.8782,49.9729],[7.8498,50.0107],[7.7714,50.0535],[7.7917,50.0633],[7.78,50.07],[7.755,50.1],[7.725,50.13],[7.715,50.155],[7.69,50.19],[7.63,50.215],[7.615,50.24],[7.635,50.27],[7.605,50.33],[7.6,50.37],[7.55,50.41],[7.47,50.425],[7.41,50.445],[7.35,50.48],[7.31,50.51],[7.26,50.56],[7.225,50.6],[7.2148,50.6272],[7.21,50.64],[7.18,50.68],[7.12,50.73],[7.07,50.78],[7,50.82],[6.97,50.94],[6.98,51],[6.95,51.05],[6.86,51.1],[6.8,51.17],[6.76,51.23],[6.74,51.27],[6.68,51.35],[6.73,51.42],[6.73,51.47],[6.68,51.57],[6.6,51.645],[6.47,51.69],[6.39,51.755],[6.24,51.82],[6.1394,51.8535],[6.1561,51.8421],[6.093,51.8853],[6.1059,51.8765],[6.0971,51.8867],[6.127,51.8967],[6.2252,51.8625],[6.2564,51.8668],[6.2874,51.8462],[6.342,51.8367],[6.345,51.8211],[6.3825,51.8276],[6.3785,51.8601],[6.4425,51.8484],[6.4794,51.853],[6.5286,51.8764],[6.6282,51.8975],[6.7167,51.8993],[6.7438,51.9083],[6.7898,51.9511],[6.8107,51.9606],[6.804,51.9844],[6.7782,52.0013],[6.675,52.0348],[6.6799,52.0605],[6.7114,52.0673],[6.7329,52.092],[6.7716,52.1088],[6.8307,52.1129],[6.8848,52.1603],[6.9477,52.1828],[6.9819,52.214],[7.0266,52.2386],[7.0125,52.2849],[7.0398,52.3286],[7.0482,52.3651],[7.0342,52.3908],[6.9733,52.4514],[6.9515,52.4375],[6.9002,52.4319],[6.8203,52.4468],[6.7412,52.4537],[6.6951,52.4756],[6.684,52.526],[6.6717,52.5417],[6.7438,52.5597],[6.711,52.5766],[6.7018,52.6191],[6.7191,52.6268],[6.7705,52.641],[6.8654,52.642],[6.9184,52.6322],[6.9677,52.6367],[7.0185,52.626],[7.0367,52.6474],[7.044,52.6826],[7.0533,52.7906],[7.0722,52.8413],[7.0799,52.8544],[7.1619,52.9326],[7.1836,52.9661],[7.1944,53.0338],[7.1851,53.1054],[7.1727,53.1258],[7.1985,53.2006],[7.1946,53.245],[7.1962,53.246],[7.1962,53.2903],[7.1656,53.2903],[7.1656,53.293],[7.1045,53.293],[7.1045,53.3028],[7.044,53.3028],[7.0434,53.303],[7.0434,53.3345],[6.9823,53.3345],[6.9823,53.3487],[6.9494,53.3487],[6.9494,53.4413],[6.9518,53.4413],[6.9518,53.4722],[6.9212,53.4722],[6.9212,53.4982],[6.9065,53.4822],[6.8601,53.4838],[6.7379,53.4881],[6.4935,53.4965],[6.463,53.4976],[6.4324,53.4987],[6.4018,53.4997],[6.3713,53.5008],[6.3408,53.5018],[6.3245,53.5024],[6.3189,53.5072],[6.3345,53.511],[6.3337,53.5111],[6.3343,53.5112],[6.3338,53.5112],[6.3345,53.5114],[6.3118,53.5132],[6.3108,53.5141],[6.305,53.5138],[6.2913,53.5149],[6.2909,53.5149],[6.2752,53.5122],[6.2118,53.5089],[6.2017,53.5067],[6.1269,53.5092],[6.0753,53.511],[6.0749,53.511],[6.0046,53.4895],[5.9333,53.4678],[5.9138,53.4739],[5.8856,53.4732],[5.8773,53.4749],[5.8769,53.4749],[5.7077,53.4732],[5.6537,53.4663],[5.6541,53.4659],[5.6537,53.4659],[5.6545,53.4652],[5.6419,53.4634],[5.6361,53.4487],[5.679,53.4301],[5.7363,53.4435],[5.7854,53.4474],[5.8556,53.4474],[5.876,53.4502],[5.5158,53.3402],[5.2714,53.2655],[5.1492,53.2282],[5.0881,53.2095],[5.0576,53.2002],[5.027,53.1908],[4.9883,53.179],[4.9495,53.1672],[4.8974,53.1512],[4.8872,53.1644],[4.8872,53.1833],[4.8868,53.1831],[4.8868,53.1833],[4.8858,53.1827],[4.8858,53.1867],[4.8543,53.1877],[4.8057,53.133],[4.7597,53.1091],[4.7167,53.096],[4.7068,53.093],[4.4064,52.5894],[4.3168,52.4391],[4.2944,52.4015],[4.2719,52.3639],[4.2271,52.2887],[4.0493,51.9907],[4.0225,51.9944],[4.01,51.9801],[4.0257,51.951],[3.9638,51.8472],[3.9627,51.8474],[3.8623,51.8161],[3.8716,51.7883],[3.9339,51.7971],[3.9173,51.7693],[3.9016,51.743],[3.8101,51.7473],[3.7928,51.7457],[3.7892,51.7459],[3.7888,51.7459],[3.7825,51.7448],[3.7258,51.7397],[3.7054,51.7314],[3.6988,51.7303],[3.6988,51.7288],[3.6895,51.725],[3.6867,51.6927],[3.7206,51.6768],[3.7654,51.6784],[3.7758,51.6858],[3.8159,51.693],[3.8244,51.69],[3.8596,51.6726],[3.8284,51.6204],[3.8118,51.6115],[3.5604,51.5946],[3.5469,51.5894],[3.5008,51.5775],[3.4838,51.5652],[3.4575,51.5551],[3.447,51.546],[3.4619,51.519],[3.4948,51.5009],[3.5321,51.4626],[3.4881,51.4392],[3.4608,51.4246],[3.6,51.42],[3.75,51.385],[3.85,51.37],[4,51.4],[4.15,51.37],[4.2126,51.37],[4.1904,51.375],[4.1904,51.3816],[4.237,51.3816],[4.237,51.3503],[4.2441,51.3421],[4.2837,51.3421],[4.2854,51.318],[4.2875,51.317],[4.2875,51.3068],[4.303,51.2961],[4.2987,51.2696],[4.2886,51.2579],[4.333,51.1697],[4.316,51.1322],[4.2158,51.1215],[4.182,51.0999],[4.1964,51.0545],[4.2123,51.0341],[4.2403,51.0381],[4.2171,50.9901],[4.1617,50.9906],[4.1465,50.9706],[4.1602,50.9299],[4.137,50.9196],[4.0913,50.9318],[4.1001,50.9125],[4.0736,50.9],[4.0871,50.8814],[4.0404,50.8384],[4.0749,50.8207],[4.0604,50.7926],[3.9822,50.7669],[3.9563,50.7798],[3.9312,50.7576],[3.9506,50.7341],[3.895,50.7342],[3.8844,50.7514],[3.828,50.7435],[3.7746,50.749],[3.7578,50.7803],[3.7145,50.7686],[3.704,50.7821],[3.6753,50.7719],[3.6347,50.7219],[3.6066,50.7342],[3.5405,50.7349],[3.534,50.7664],[3.4941,50.7589],[3.4576,50.7685],[3.4128,50.7474],[3.3635,50.7097],[3.3231,50.7235],[3.3033,50.7564],[3.2608,50.7523],[3.2197,50.7673],[3.1628,50.7499],[3.1969,50.7092],[3.2244,50.7052],[3.2438,50.6721],[3.2298,50.6554],[3.2643,50.5702],[3.271,50.5269],[3.2999,50.5075],[3.3436,50.4929],[3.3854,50.4916],[3.4292,50.5018],[3.4629,50.5191],[3.4915,50.5171],[3.4991,50.4868],[3.5637,50.4865],[3.6083,50.4765],[3.6444,50.4455],[3.6529,50.3602],[3.6617,50.3193],[3.6969,50.2982],[3.7415,50.3431],[3.7987,50.3485],[3.8402,50.3452],[3.8959,50.3253],[3.9821,50.3426],[4.0227,50.3381],[4.0979,50.2948],[4.1253,50.2571],[4.1437,50.2516],[4.1628,50.273],[4.2037,50.252],[4.1573,50.2127],[4.1258,50.1282],[4.1806,50.1272],[4.21,50.0602],[4.1373,50.0251],[4.1317,49.975],[4.0811,49.9709],[3.9969,49.9921],[3.985,50.0006],[3.9835,50.0371],[3.9621,50.0426],[3.8861,50.0209],[3.8539,50.043],[3.6832,50.0593],[3.6295,50.038],[3.5547,50.0495],[3.4779,50.0191],[3.4486,50.0154],[3.362,50.0324],[3.3162,50.0183],[3.2259,50.029],[3.157,50.0187],[3.0883,50.05],[3.0318,50.0726],[2.9896,50.0766],[2.9646,50.0381],[2.9063,50.0343],[2.8524,50.0206],[2.8493,50.0575],[2.8229,50.0684],[2.7663,50.0384],[2.7427,50.0477],[2.7639,50.072],[2.7534,50.0985],[2.7106,50.1286],[2.6991,50.1205],[2.691,50.078],[2.5678,50.112],[2.5743,50.1294],[2.55,50.1344],[2.5188,50.1234],[2.458,50.1276],[2.433,50.1193],[2.4057,50.0938],[2.3801,50.1098],[2.3815,50.1486],[2.4679,50.1942],[2.456,50.2087],[2.4103,50.2248],[2.3644,50.2142],[2.3329,50.2379],[2.3098,50.224],[2.2404,50.2102],[2.1129,50.2031],[2.0693,50.2185],[2.0566,50.2485],[2.0281,50.2644],[1.936,50.2964],[1.9521,50.3199],[1.9215,50.3276],[1.8871,50.3138],[1.8196,50.3547],[1.7418,50.354],[1.6806,50.3387],[1.6309,50.3477],[1.595,50.3727],[1.6104,50.3769],[1.6092,50.3775],[1.4294,50.3775],[1.3696,50.2153],[1.3489,50.1593],[1.3372,50.1276],[1.2877,50.111],[1.3085,50.111],[1.3085,50.0628],[1.3489,50.0628],[1.3489,50.0531],[1.3731,50.0657],[1.5164,50.0007],[1.6809,49.8885],[1.7102,49.835],[1.7409,49.798],[1.7545,49.7656],[1.7282,49.7526],[1.6854,49.7096],[1.6807,49.689],[1.7208,49.6945],[1.7349,49.6853],[1.7191,49.6643],[1.6809,49.6451],[1.6936,49.627],[1.6967,49.5774],[1.7125,49.5099],[1.7616,49.5084],[1.7616,49.478],[1.7375,49.4646],[1.718,49.411],[1.7212,49.3821],[1.7499,49.311],[1.7834,49.2512],[1.7678,49.2458],[1.7256,49.2704],[1.6909,49.2497],[1.6981,49.2307],[1.6681,49.1907],[1.6199,49.0826],[1.5812,49.0686],[1.454,49.0486],[1.4565,48.981],[1.4883,48.9733],[1.4928,48.9395],[1.4528,48.923],[1.4514,48.8708],[1.3724,48.8308],[1.3441,48.7877],[1.249,48.7497],[1.2189,48.7578],[1.1537,48.7604],[1.1261,48.7764],[1.105,48.7741],[1.0968,48.7524],[1.0389,48.7477],[1.0094,48.7209],[0.8727,48.699],[0.8164,48.6651],[0.8228,48.6206],[0.8504,48.583],[0.8926,48.562],[0.9455,48.523],[0.9469,48.479],[0.9798,48.4331],[0.9449,48.3876],[0.8949,48.3594],[0.7886,48.335],[0.7751,48.3129],[0.7979,48.2895],[0.7968,48.2532],[0.8274,48.209],[0.7984,48.186],[0.7706,48.1808],[0.7262,48.1947],[0.6671,48.2479],[0.6004,48.2498],[0.5011,48.2711],[0.4857,48.3069],[0.4432,48.3047],[0.3905,48.3329],[0.374,48.3697],[0.3782,48.4247],[0.3715,48.4485],[0.3099,48.4716],[0.2806,48.4741],[0.1925,48.4602],[0.1427,48.4398],[0.1107,48.4105],[0.08,48.405],[0.0671,48.3839],[-0.0527,48.3806],[-0.0567,48.4316],[-0.0701,48.4472],[-0.1209,48.4632],[-0.1544,48.4899],[-0.1711,48.5451],[-0.2335,48.5613],[-0.2489,48.5268],[-0.3191,48.5123],[-0.3526,48.4919],[-0.4199,48.5041],[-0.501,48.5012],[-0.5543,48.4683],[-0.641,48.4546],[-0.6646,48.4727],[-0.7305,48.4619],[-0.7544,48.4413],[-0.7858,48.457],[-0.8096,48.4512],[-0.8627,48.5018],[-0.8994,48.4969],[-0.9362,48.5073],[-0.9949,48.4933],[-1.0791,48.4987],[-1.0823,48.4231],[-1.0698,48.3182],[-1.1017,48.2674],[-1.0852,48.24],[-1.0703,48.1743],[-1.0823,48.1524],[-1.0704,48.0906],[-1.0418,48.0623],[-1.0406,48.0015],[-1.0779,47.9893],[-1.1244,47.9861],[-1.1677,47.9608],[-1.2289,47.823],[-1.243,47.8095],[-1.251,47.7804],[-1.248,47.734],[-1.1793,47.6995],[-1.1761,47.6552],[-1.1581,47.6315],[-1.0313,47.6014],[-1.0082,47.5878],[-1.0583,47.5641],[-1.1617,47.5713],[-1.1789,47.5638],[-1.1747,47.542],[-1.129,47.505],[-0.9656,47.4918],[-0.9559,47.4388],[-0.9238,47.3943],[-1.0009,47.3832],[-1.1288,47.3815],[-1.1648,47.3758],[-1.2232,47.3511],[-1.2862,47.3458],[-1.3347,47.3239],[-1.3393,47.3009]],[[4.2609,51.37],[4.2803,51.37],[4.2666,51.3881],[4.2811,51.3689],[4.2611,51.3694],[4.2609,51.37]]],[[[4.8789,53.2209],[4.9102,53.2125],[4.9575,53.2456],[4.9716,53.2538],[5.1105,53.3079],[5.1098,53.3079],[5.1103,53.3081],[5.11,53.3081],[5.1105,53.3083],[5.1006,53.3085],[5.1048,53.3096],[5.0545,53.3138],[5.0428,53.3097],[5.0277,53.31],[5.0273,53.31],[4.9972,53.2937],[4.9865,53.29],[4.9212,53.2537],[4.917,53.2504],[4.9084,53.2458],[4.9087,53.2455],[4.9084,53.2454],[4.9095,53.2446],[4.8789,53.2209]]],[[[5.1789,53.3854],[5.1799,53.3531],[5.2083,53.3527],[5.3469,53.3892],[5.427,53.4064],[5.4817,53.4127],[5.4797,53.4172],[5.5821,53.4381],[5.5815,53.4382],[5.5819,53.4383],[5.5815,53.4384],[5.5821,53.4385],[5.5701,53.441],[5.5853,53.4536],[5.437,53.4365],[5.4284,53.4326],[5.4161,53.4315],[5.1893,53.3916],[5.1898,53.3914],[5.1895,53.3914],[5.1898,53.3913],[5.1893,53.3912],[5.1958,53.3891],[5.1789,53.3854]]],[[[7.3624,43.6731],[7.4029,43.6731],[7.4049,43.6744],[7.4361,43.6938],[7.4474,43.6958],[7.4899,43.7033],[7.4899,43.744],[7.4474,43.744],[7.4474,43.7488],[7.4375,43.7434],[7.4262,43.7555],[7.407,43.7635],[7.3875,43.7579],[7.3727,43.7458],[7.3673,43.7341],[7.3658,43.7227],[7.3624,43.7192],[7.3624,43.6731]]],[[[7.4797,43.86],[7.5023,43.7922],[7.4899,43.7885],[7.4899,43.744],[7.515,43.744],[7.515,43.86],[7.4797,43.86]]]]}},
{"type":"Feature","properties":{"entityId":"west-francia","from":925,"to":930,"certainty":"estimated","source":"유럽 쪽은 Natural Earth 1:10m admin-1(v5.1.2) 현대 행정구역 조각을 그 시기 국경에 맞춰 묶고, 조각이 역사 경계와 다른 곳은 선을 그어 나눈 근사. 유럽 밖(시베리아·중앙아시아·극동)은 대략적인 추정. 운영자 검수 필요"},"geometry":{"type":"MultiPolygon","coordinates":[[[[-2.6735,49.4335],[-2.6693,49.4309],[-2.5731,49.4309],[-2.5521,49.4267],[-2.549,49.4283],[-2.5472,49.4279],[-2.5472,49.428],[-2.5468,49.4279],[-2.5456,49.4301],[-2.5341,49.4362],[-2.5267,49.4585],[-2.5245,49.4688],[-2.5127,49.4903],[-2.5058,49.498],[-2.5017,49.5067],[-2.5182,49.5155],[-2.5382,49.5098],[-2.5496,49.5042],[-2.5736,49.4954],[-2.5802,49.4936],[-2.5825,49.4922],[-2.648,49.4682],[-2.6479,49.4679],[-2.648,49.4678],[-2.6464,49.464],[-2.6503,49.4637],[-2.6566,49.4594],[-2.6518,49.4452],[-2.663,49.4438],[-2.6735,49.4335]]],[[[-2.242,49.248],[-2.2332,49.2285],[-2.2296,49.2165],[-2.2376,49.1766],[-2.2375,49.1766],[-2.2376,49.1762],[-2.2372,49.1763],[-2.2372,49.1762],[-2.1826,49.1841],[-2.1772,49.1802],[-2.1687,49.1783],[-2.1626,49.1866],[-2.1013,49.1866],[-2.097,49.1837],[-2.08,49.1787],[-2.0734,49.1786],[-2.054,49.1693],[-2.0537,49.1694],[-2.0536,49.1693],[-2.0354,49.1744],[-2.0245,49.1713],[-2.0237,49.1777],[-2.0104,49.1814],[-2.0105,49.1818],[-2.0104,49.1818],[-2.014,49.2072],[-2.0083,49.2125],[-2.0158,49.2196],[-2.0176,49.2321],[-2.021,49.2333],[-2.0207,49.2353],[-2.0679,49.2507],[-2.0827,49.2602],[-2.1039,49.2582],[-2.1059,49.2568],[-2.1218,49.2582],[-2.122,49.2583],[-2.1438,49.2619],[-2.1517,49.267],[-2.1618,49.2618],[-2.2192,49.2669],[-2.2196,49.2669],[-2.2209,49.2605],[-2.2294,49.263],[-2.2411,49.2602],[-2.242,49.248]]],[[[-1.3393,47.3009],[-1.3015,47.2971],[-1.2506,47.2464],[-1.1964,47.2482],[-1.1619,47.1858],[-1.2193,47.1318],[-1.2301,47.1094],[-1.1605,47.0841],[-1.1294,47.0626],[-1.1184,47.041],[-1.1486,47.0295],[-1.0753,47.0072],[-1.0349,47.0032],[-0.9934,47.0204],[-0.946,47.0004],[-0.935,47.0166],[-0.8704,46.9942],[-0.8375,46.9897],[-0.7804,46.997],[-0.6965,46.9881],[-0.6324,46.9924],[-0.5492,47.0252],[-0.5551,47.061],[-0.5177,47.0754],[-0.4732,47.0664],[-0.3763,47.0881],[-0.2697,47.0972],[-0.1706,47.0983],[-0.143,47.0628],[-0.109,47.0696],[-0.0918,47.0861],[-0.0531,47.0963],[-0.0369,47.1279],[-0.004,47.1566],[0.0668,47.1537],[0.0921,47.1218],[0.1287,47.1273],[0.1403,47.103],[0.1919,47.1023],[0.2001,47.0555],[0.2493,47.0636],[0.2772,47.0453],[0.307,47.0426],[0.3082,46.9515],[0.3267,46.9385],[0.3887,46.9389],[0.4339,46.9327],[0.4837,46.9508],[0.5631,46.9533],[0.5837,46.965],[0.5691,47.0007],[0.5844,47.0013],[0.682,46.9583],[0.7134,46.9001],[0.8315,46.7794],[0.8808,46.7505],[0.9024,46.7298],[0.9169,46.6899],[0.907,46.6442],[0.916,46.6151],[0.9596,46.5811],[1.0197,46.56],[1.0388,46.5344],[1.1015,46.5344],[1.1294,46.5245],[1.1493,46.4978],[1.1411,46.4735],[1.1533,46.4542],[1.1947,46.4279],[1.177,46.387],[1.2211,46.3689],[1.3047,46.3746],[1.3347,46.3971],[1.4144,46.3509],[1.4459,46.3649],[1.5114,46.4119],[1.5881,46.4102],[1.6124,46.3838],[1.6408,46.3832],[1.6725,46.401],[1.7253,46.3958],[1.7454,46.4031],[1.7619,46.4502],[1.7799,46.451],[1.8314,46.4205],[1.8815,46.4382],[1.971,46.4364],[2.0115,46.4253],[2.0685,46.4254],[2.1023,46.4159],[2.1392,46.4214],[2.2539,46.4198],[2.316,46.3667],[2.3317,46.3291],[2.3968,46.3101],[2.4311,46.2737],[2.4494,46.2834],[2.4741,46.2714],[2.5146,46.2258],[2.5377,46.1755],[2.5667,46.1359],[2.5638,46.0702],[2.5946,46.0269],[2.5953,45.9712],[2.5678,45.9464],[2.5419,45.9035],[2.5016,45.8699],[2.4538,45.8637],[2.4006,45.8292],[2.4386,45.7615],[2.4899,45.7361],[2.5247,45.6977],[2.5221,45.6492],[2.476,45.6177],[2.4651,45.5846],[2.4954,45.5452],[2.4966,45.501],[2.5186,45.4792],[2.4887,45.397],[2.4414,45.3923],[2.3912,45.4133],[2.35,45.4031],[2.367,45.3689],[2.2977,45.2931],[2.2437,45.271],[2.233,45.2453],[2.1946,45.2237],[2.2069,45.1595],[2.1681,45.0947],[2.1136,45.0585],[2.1098,45.0367],[2.1316,44.9927],[2.0587,44.9751],[2.0711,44.9566],[2.0793,44.897],[2.0937,44.8657],[2.136,44.8181],[2.1585,44.7745],[2.1323,44.6987],[2.1647,44.6784],[2.1816,44.6312],[2.2053,44.6223],[2.2142,44.6472],[2.3005,44.6687],[2.3462,44.6519],[2.3676,44.6603],[2.4547,44.6616],[2.4825,44.6755],[2.5372,44.7297],[2.5545,44.7721],[2.5778,44.7946],[2.594,44.835],[2.7267,44.9354],[2.7731,44.8932],[2.7826,44.8619],[2.8206,44.867],[2.867,44.8235],[2.8853,44.7919],[2.9266,44.7781],[2.9069,44.7568],[2.9258,44.6908],[2.9463,44.6651],[2.9801,44.6443],[3.0662,44.5642],[3.0844,44.5373],[3.0811,44.5058],[3.0968,44.4729],[3.1352,44.4379],[3.1407,44.421],[3.1255,44.3635],[3.1457,44.3031],[3.1241,44.2708],[3.2233,44.2236],[3.2337,44.1949],[3.2495,44.1911],[3.3507,44.194],[3.3767,44.1683],[3.4803,44.1218],[3.5179,44.1134],[3.6163,44.1168],[3.6366,44.1273],[3.6427,44.1769],[3.6904,44.1802],[3.791,44.136],[3.8758,44.1314],[3.9204,44.1664],[3.9576,44.2248],[3.9624,44.2621],[3.9366,44.3067],[3.9265,44.3507],[3.8948,44.3902],[3.9592,44.4138],[3.994,44.4579],[4.0218,44.4395],[4.0497,44.4035],[4.0361,44.3756],[4.0443,44.3311],[4.1306,44.3317],[4.1408,44.3216],[4.229,44.2853],[4.2511,44.2818],[4.3338,44.3307],[4.3731,44.3397],[4.3967,44.3283],[4.4074,44.2927],[4.4451,44.3011],[4.4656,44.336],[4.5208,44.3368],[4.5506,44.3271],[4.5852,44.3007],[4.6578,44.2817],[4.6575,44.3268],[4.677,44.4372],[4.7034,44.4747],[4.7213,44.5734],[4.74,44.6063],[4.7895,44.6585],[4.7964,44.6964],[4.769,44.7547],[4.7776,44.7954],[4.8283,44.837],[4.8306,44.8509],[4.8686,44.8848],[4.8926,44.9495],[4.851,45.0215],[4.8584,45.0656],[4.8447,45.101],[4.8228,45.1112],[4.8273,45.1579],[4.8141,45.1974],[4.8114,45.2963],[4.7759,45.3372],[4.7698,45.3657],[4.7554,45.4021],[4.76,45.4445],[4.7182,45.4797],[4.6791,45.4779],[4.6543,45.4912],[4.6659,45.5549],[4.6402,45.5813],[4.6069,45.5843],[4.5461,45.5776],[4.497,45.5847],[4.4356,45.6134],[4.3842,45.6544],[4.3654,45.6985],[4.3992,45.7374],[4.3968,45.7494],[4.3442,45.7603],[4.3442,45.7777],[4.3834,45.8182],[4.3938,45.8428],[4.3723,45.8659],[4.3421,45.8782],[4.3309,45.8975],[4.3403,45.9247],[4.3277,45.942],[4.2589,45.9703],[4.253,45.9849],[4.2998,45.9986],[4.3003,46.023],[4.2526,46.0498],[4.2584,46.0667],[4.357,46.1418],[4.4322,46.1507],[4.4327,46.1915],[4.3839,46.2248],[4.4085,46.2898],[4.5176,46.2762],[4.5543,46.2887],[4.5812,46.2659],[4.6057,46.2631],[4.6381,46.2992],[4.673,46.2882],[4.6774,46.2613],[4.7041,46.2475],[4.7031,46.2247],[4.7202,46.1886],[4.7392,46.177],[4.7978,46.1718],[4.7952,46.1923],[4.8186,46.2573],[4.8728,46.3376],[4.8742,46.3597],[4.8993,46.3961],[4.9119,46.4472],[4.9376,46.5016],[4.96,46.5095],[5.0253,46.4933],[5.0641,46.4927],[5.1252,46.509],[5.1786,46.5054],[5.2404,46.4687],[5.311,46.4554],[5.4034,46.4749],[5.4241,46.4989],[5.3695,46.5291],[5.3637,46.5687],[5.4017,46.5909],[5.423,46.6315],[5.4207,46.662],[5.3943,46.7273],[5.3757,46.7382],[5.3834,46.7778],[5.3495,46.8011],[5.376,46.8224],[5.4371,46.8281],[5.4583,46.8563],[5.3949,46.8834],[5.3302,46.9031],[5.275,46.9442],[5.2506,46.9812],[5.3107,47.0133],[5.3068,47.056],[5.3826,47.0814],[5.4044,47.0986],[5.4859,47.1911],[5.5217,47.2893],[5.5032,47.3076],[5.4941,47.3712],[5.458,47.3953],[5.4521,47.433],[5.4073,47.4569],[5.4216,47.4921],[5.4607,47.5006],[5.4927,47.531],[5.4787,47.5986],[5.4407,47.6186],[5.4088,47.5968],[5.3749,47.6078],[5.4207,47.6711],[5.5013,47.6819],[5.555,47.6602],[5.5867,47.6579],[5.6827,47.6806],[5.7009,47.6931],[5.7099,47.7641],[5.7,47.792],[5.716,47.8129],[5.821,47.8635],[5.8608,47.9011],[5.8921,47.9091],[5.8918,47.9326],[5.8492,47.9676],[5.8128,47.9572],[5.7981,47.9642],[5.799,48.0012],[5.788,48.0225],[5.7322,48.0467],[5.6593,48.1008],[5.6885,48.1477],[5.6975,48.1805],[5.7203,48.196],[5.713,48.2114],[5.6615,48.2386],[5.6379,48.2808],[5.5844,48.2838],[5.534,48.3339],[5.5085,48.3507],[5.4322,48.3373],[5.4242,48.3881],[5.4552,48.4192],[5.3563,48.4814],[5.3448,48.5004],[5.2686,48.5108],[5.187,48.5419],[5.117,48.5812],[5.0359,48.6181],[5.0046,48.6554],[4.9921,48.6929],[4.9828,48.75],[4.9172,48.7877],[4.9069,48.8048],[4.9302,48.8322],[4.9216,48.8785],[4.9452,48.9157],[4.9888,48.9245],[5.0174,48.9472],[5.0202,48.9913],[5.0338,49.0125],[4.9978,49.0309],[4.987,49.0476],[4.9789,49.1201],[4.9554,49.1652],[4.98,49.2098],[4.9787,49.2357],[5.0495,49.2798],[5.0421,49.3321],[5.0919,49.3787],[5.1139,49.4218],[5.0959,49.466],[5.0713,49.5005],[5.0947,49.5208],[5.1008,49.5635],[5.1395,49.585],[5.1841,49.5641],[5.2629,49.5588],[5.2731,49.544],[5.3021,49.5495],[5.3899,49.5933],[5.3912,49.6088],[5.3349,49.6258],[5.2979,49.6133],[5.2994,49.6625],[5.2592,49.6913],[5.1925,49.6828],[5.1364,49.7053],[5.0819,49.7527],[5.0263,49.7667],[4.9684,49.797],[4.8842,49.7841],[4.849,49.7942],[4.8492,49.8316],[4.8369,49.848],[4.8594,49.8917],[4.8446,49.9317],[4.7973,49.9443],[4.7883,49.9743],[4.8267,50.036],[4.8272,50.0641],[4.846,50.0907],[4.8629,50.0841],[4.8719,50.1398],[4.8201,50.1464],[4.8156,50.1613],[4.7886,50.1534],[4.6819,50.0839],[4.6729,50.0164],[4.6567,49.9891],[4.6042,49.9802],[4.4648,49.9356],[4.4277,49.9336],[4.2776,49.9602],[4.2159,49.9544],[4.1877,49.9555],[4.1317,49.975],[4.0811,49.9709],[3.9969,49.9921],[3.985,50.0006],[3.9835,50.0371],[3.9621,50.0426],[3.8861,50.0209],[3.8539,50.043],[3.6832,50.0593],[3.6295,50.038],[3.5547,50.0495],[3.4779,50.0191],[3.4486,50.0154],[3.362,50.0324],[3.3162,50.0183],[3.2259,50.029],[3.157,50.0187],[3.0883,50.05],[3.0318,50.0726],[2.9896,50.0766],[2.9646,50.0381],[2.9063,50.0343],[2.8524,50.0206],[2.8493,50.0575],[2.8229,50.0684],[2.7663,50.0384],[2.7427,50.0477],[2.7639,50.072],[2.7534,50.0985],[2.7106,50.1286],[2.6991,50.1205],[2.691,50.078],[2.5678,50.112],[2.5743,50.1294],[2.55,50.1344],[2.5188,50.1234],[2.458,50.1276],[2.433,50.1193],[2.4057,50.0938],[2.3801,50.1098],[2.3815,50.1486],[2.4679,50.1942],[2.456,50.2087],[2.4103,50.2248],[2.3644,50.2142],[2.3329,50.2379],[2.3098,50.224],[2.2404,50.2102],[2.1129,50.2031],[2.0693,50.2185],[2.0566,50.2485],[2.0281,50.2644],[1.936,50.2964],[1.9521,50.3199],[1.9215,50.3276],[1.8871,50.3138],[1.8196,50.3547],[1.7418,50.354],[1.6806,50.3387],[1.6309,50.3477],[1.595,50.3727],[1.6104,50.3769],[1.6092,50.3775],[1.4294,50.3775],[1.3696,50.2153],[1.3489,50.1593],[1.3372,50.1276],[1.2877,50.111],[1.3085,50.111],[1.3085,50.0628],[1.3489,50.0628],[1.3489,50.0531],[1.3731,50.0657],[1.5164,50.0007],[1.6809,49.8885],[1.7102,49.835],[1.7409,49.798],[1.7545,49.7656],[1.7282,49.7526],[1.6854,49.7096],[1.6807,49.689],[1.7208,49.6945],[1.7349,49.6853],[1.7191,49.6643],[1.6809,49.6451],[1.6936,49.627],[1.6967,49.5774],[1.7125,49.5099],[1.7616,49.5084],[1.7616,49.478],[1.7375,49.4646],[1.718,49.411],[1.7212,49.3821],[1.7499,49.311],[1.7834,49.2512],[1.7678,49.2458],[1.7256,49.2704],[1.6909,49.2497],[1.6981,49.2307],[1.6681,49.1907],[1.6199,49.0826],[1.5812,49.0686],[1.454,49.0486],[1.4565,48.981],[1.4883,48.9733],[1.4928,48.9395],[1.4528,48.923],[1.4514,48.8708],[1.3724,48.8308],[1.3441,48.7877],[1.249,48.7497],[1.2189,48.7578],[1.1537,48.7604],[1.1261,48.7764],[1.105,48.7741],[1.0968,48.7524],[1.0389,48.7477],[1.0094,48.7209],[0.8727,48.699],[0.8164,48.6651],[0.8228,48.6206],[0.8504,48.583],[0.8926,48.562],[0.9455,48.523],[0.9469,48.479],[0.9798,48.4331],[0.9449,48.3876],[0.8949,48.3594],[0.7886,48.335],[0.7751,48.3129],[0.7979,48.2895],[0.7968,48.2532],[0.8274,48.209],[0.7984,48.186],[0.7706,48.1808],[0.7262,48.1947],[0.6671,48.2479],[0.6004,48.2498],[0.5011,48.2711],[0.4857,48.3069],[0.4432,48.3047],[0.3905,48.3329],[0.374,48.3697],[0.3782,48.4247],[0.3715,48.4485],[0.3099,48.4716],[0.2806,48.4741],[0.1925,48.4602],[0.1427,48.4398],[0.1107,48.4105],[0.08,48.405],[0.0671,48.3839],[-0.0527,48.3806],[-0.0567,48.4316],[-0.0701,48.4472],[-0.1209,48.4632],[-0.1544,48.4899],[-0.1711,48.5451],[-0.2335,48.5613],[-0.2489,48.5268],[-0.3191,48.5123],[-0.3526,48.4919],[-0.4199,48.5041],[-0.501,48.5012],[-0.5543,48.4683],[-0.641,48.4546],[-0.6646,48.4727],[-0.7305,48.4619],[-0.7544,48.4413],[-0.7858,48.457],[-0.8096,48.4512],[-0.8627,48.5018],[-0.8994,48.4969],[-0.9362,48.5073],[-0.9949,48.4933],[-1.0791,48.4987],[-1.0823,48.4231],[-1.0698,48.3182],[-1.1017,48.2674],[-1.0852,48.24],[-1.0703,48.1743],[-1.0823,48.1524],[-1.0704,48.0906],[-1.0418,48.0623],[-1.0406,48.0015],[-1.0779,47.9893],[-1.1244,47.9861],[-1.1677,47.9608],[-1.2289,47.823],[-1.243,47.8095],[-1.251,47.7804],[-1.248,47.734],[-1.1793,47.6995],[-1.1761,47.6552],[-1.1581,47.6315],[-1.0313,47.6014],[-1.0082,47.5878],[-1.0583,47.5641],[-1.1617,47.5713],[-1.1789,47.5638],[-1.1747,47.542],[-1.129,47.505],[-0.9656,47.4918],[-0.9559,47.4388],[-0.9238,47.3943],[-1.0009,47.3832],[-1.1288,47.3815],[-1.1648,47.3758],[-1.2232,47.3511],[-1.2862,47.3458],[-1.3347,47.3239],[-1.3393,47.3009]]],[[[7.3624,43.6731],[7.4029,43.6731],[7.4049,43.6744],[7.4361,43.6938],[7.4474,43.6958],[7.4899,43.7033],[7.4899,43.744],[7.4474,43.744],[7.4474,43.7488],[7.4375,43.7434],[7.4262,43.7555],[7.407,43.7635],[7.3875,43.7579],[7.3727,43.7458],[7.3673,43.7341],[7.3658,43.7227],[7.3624,43.7192],[7.3624,43.6731]]],[[[7.4797,43.86],[7.5023,43.7922],[7.4899,43.7885],[7.4899,43.744],[7.515,43.744],[7.515,43.86],[7.4797,43.86]]]]}},
{"type":"Feature","properties":{"entityId":"west-francia","from":930,"to":933,"certainty":"estimated","source":"유럽 쪽은 Natural Earth 1:10m admin-1(v5.1.2) 현대 행정구역 조각을 그 시기 국경에 맞춰 묶고, 조각이 역사 경계와 다른 곳은 선을 그어 나눈 근사. 유럽 밖(시베리아·중앙아시아·극동)은 대략적인 추정. 운영자 검수 필요"},"geometry":{"type":"MultiPolygon","coordinates":[[[[-2.6735,49.4335],[-2.6693,49.4309],[-2.5731,49.4309],[-2.5521,49.4267],[-2.549,49.4283],[-2.5472,49.4279],[-2.5472,49.428],[-2.5468,49.4279],[-2.5456,49.4301],[-2.5341,49.4362],[-2.5267,49.4585],[-2.5245,49.4688],[-2.5127,49.4903],[-2.5058,49.498],[-2.5017,49.5067],[-2.5182,49.5155],[-2.5382,49.5098],[-2.5496,49.5042],[-2.5736,49.4954],[-2.5802,49.4936],[-2.5825,49.4922],[-2.648,49.4682],[-2.6479,49.4679],[-2.648,49.4678],[-2.6464,49.464],[-2.6503,49.4637],[-2.6566,49.4594],[-2.6518,49.4452],[-2.663,49.4438],[-2.6735,49.4335]]],[[[-2.242,49.248],[-2.2332,49.2285],[-2.2296,49.2165],[-2.2376,49.1766],[-2.2375,49.1766],[-2.2376,49.1762],[-2.2372,49.1763],[-2.2372,49.1762],[-2.1826,49.1841],[-2.1772,49.1802],[-2.1687,49.1783],[-2.1626,49.1866],[-2.1013,49.1866],[-2.097,49.1837],[-2.08,49.1787],[-2.0734,49.1786],[-2.054,49.1693],[-2.0537,49.1694],[-2.0536,49.1693],[-2.0354,49.1744],[-2.0245,49.1713],[-2.0237,49.1777],[-2.0104,49.1814],[-2.0105,49.1818],[-2.0104,49.1818],[-2.014,49.2072],[-2.0083,49.2125],[-2.0158,49.2196],[-2.0176,49.2321],[-2.021,49.2333],[-2.0207,49.2353],[-2.0679,49.2507],[-2.0827,49.2602],[-2.1039,49.2582],[-2.1059,49.2568],[-2.1218,49.2582],[-2.122,49.2583],[-2.1438,49.2619],[-2.1517,49.267],[-2.1618,49.2618],[-2.2192,49.2669],[-2.2196,49.2669],[-2.2209,49.2605],[-2.2294,49.263],[-2.2411,49.2602],[-2.242,49.248]]],[[[-1.243,47.8095],[-1.1902,47.7879],[-1.1385,47.7775],[-1.0266,47.7748],[-0.9844,47.7633],[-0.9565,47.7934],[-0.6269,47.7351],[-0.5885,47.7554],[-0.5276,47.7566],[-0.5023,47.7789],[-0.4541,47.761],[-0.4198,47.7618],[-0.2441,47.7056],[-0.2054,47.7219],[-0.1844,47.7053],[-0.2085,47.691],[-0.1926,47.651],[-0.1426,47.6343],[-0.0974,47.6572],[-0.0441,47.6513],[0.0634,47.6103],[0.0993,47.6058],[0.1515,47.588],[0.1752,47.5888],[0.1859,47.6165],[0.2418,47.6029],[0.2184,47.5605],[0.2218,47.5022],[0.1902,47.4535],[0.1718,47.405],[0.1771,47.3774],[0.1215,47.3201],[0.0995,47.2867],[0.0815,47.2302],[0.0668,47.1537],[0.0921,47.1218],[0.1287,47.1273],[0.1403,47.103],[0.1919,47.1023],[0.2001,47.0555],[0.2493,47.0636],[0.2772,47.0453],[0.307,47.0426],[0.3082,46.9515],[0.3267,46.9385],[0.3887,46.9389],[0.4339,46.9327],[0.4837,46.9508],[0.5631,46.9533],[0.5837,46.965],[0.5691,47.0007],[0.5844,47.0013],[0.682,46.9583],[0.7134,46.9001],[0.8315,46.7794],[0.8808,46.7505],[0.9024,46.7298],[0.9169,46.6899],[0.907,46.6442],[0.916,46.6151],[0.9596,46.5811],[1.0197,46.56],[1.0388,46.5344],[1.1015,46.5344],[1.1294,46.5245],[1.1493,46.4978],[1.1411,46.4735],[1.1533,46.4542],[1.1947,46.4279],[1.177,46.387],[1.2211,46.3689],[1.3047,46.3746],[1.3347,46.3971],[1.4144,46.3509],[1.4459,46.3649],[1.5114,46.4119],[1.5881,46.4102],[1.6124,46.3838],[1.6408,46.3832],[1.6725,46.401],[1.7253,46.3958],[1.7454,46.4031],[1.7619,46.4502],[1.7799,46.451],[1.8314,46.4205],[1.8815,46.4382],[1.971,46.4364],[2.0115,46.4253],[2.0685,46.4254],[2.1023,46.4159],[2.1392,46.4214],[2.2539,46.4198],[2.316,46.3667],[2.3317,46.3291],[2.3968,46.3101],[2.4311,46.2737],[2.4494,46.2834],[2.4741,46.2714],[2.5146,46.2258],[2.5377,46.1755],[2.5667,46.1359],[2.5638,46.0702],[2.5946,46.0269],[2.5953,45.9712],[2.5678,45.9464],[2.5419,45.9035],[2.5016,45.8699],[2.4538,45.8637],[2.4006,45.8292],[2.4386,45.7615],[2.4899,45.7361],[2.5247,45.6977],[2.5221,45.6492],[2.476,45.6177],[2.4651,45.5846],[2.4954,45.5452],[2.4966,45.501],[2.5186,45.4792],[2.4887,45.397],[2.4414,45.3923],[2.3912,45.4133],[2.35,45.4031],[2.367,45.3689],[2.2977,45.2931],[2.2437,45.271],[2.233,45.2453],[2.1946,45.2237],[2.2069,45.1595],[2.1681,45.0947],[2.1136,45.0585],[2.1098,45.0367],[2.1316,44.9927],[2.0587,44.9751],[2.0711,44.9566],[2.0793,44.897],[2.0937,44.8657],[2.136,44.8181],[2.1585,44.7745],[2.1323,44.6987],[2.1647,44.6784],[2.1816,44.6312],[2.2053,44.6223],[2.2142,44.6472],[2.3005,44.6687],[2.3462,44.6519],[2.3676,44.6603],[2.4547,44.6616],[2.4825,44.6755],[2.5372,44.7297],[2.5545,44.7721],[2.5778,44.7946],[2.594,44.835],[2.7267,44.9354],[2.7731,44.8932],[2.7826,44.8619],[2.8206,44.867],[2.867,44.8235],[2.8853,44.7919],[2.9266,44.7781],[2.9069,44.7568],[2.9258,44.6908],[2.9463,44.6651],[2.9801,44.6443],[3.0662,44.5642],[3.0844,44.5373],[3.0811,44.5058],[3.0968,44.4729],[3.1352,44.4379],[3.1407,44.421],[3.1255,44.3635],[3.1457,44.3031],[3.1241,44.2708],[3.2233,44.2236],[3.2337,44.1949],[3.2495,44.1911],[3.3507,44.194],[3.3767,44.1683],[3.4803,44.1218],[3.5179,44.1134],[3.6163,44.1168],[3.6366,44.1273],[3.6427,44.1769],[3.6904,44.1802],[3.791,44.136],[3.8758,44.1314],[3.9204,44.1664],[3.9576,44.2248],[3.9624,44.2621],[3.9366,44.3067],[3.9265,44.3507],[3.8948,44.3902],[3.9592,44.4138],[3.994,44.4579],[4.0218,44.4395],[4.0497,44.4035],[4.0361,44.3756],[4.0443,44.3311],[4.1306,44.3317],[4.1408,44.3216],[4.229,44.2853],[4.2511,44.2818],[4.3338,44.3307],[4.3731,44.3397],[4.3967,44.3283],[4.4074,44.2927],[4.4451,44.3011],[4.4656,44.336],[4.5208,44.3368],[4.5506,44.3271],[4.5852,44.3007],[4.6578,44.2817],[4.6575,44.3268],[4.677,44.4372],[4.7034,44.4747],[4.7213,44.5734],[4.74,44.6063],[4.7895,44.6585],[4.7964,44.6964],[4.769,44.7547],[4.7776,44.7954],[4.8283,44.837],[4.8306,44.8509],[4.8686,44.8848],[4.8926,44.9495],[4.851,45.0215],[4.8584,45.0656],[4.8447,45.101],[4.8228,45.1112],[4.8273,45.1579],[4.8141,45.1974],[4.8114,45.2963],[4.7759,45.3372],[4.7698,45.3657],[4.7554,45.4021],[4.76,45.4445],[4.7182,45.4797],[4.6791,45.4779],[4.6543,45.4912],[4.6659,45.5549],[4.6402,45.5813],[4.6069,45.5843],[4.5461,45.5776],[4.497,45.5847],[4.4356,45.6134],[4.3842,45.6544],[4.3654,45.6985],[4.3992,45.7374],[4.3968,45.7494],[4.3442,45.7603],[4.3442,45.7777],[4.3834,45.8182],[4.3938,45.8428],[4.3723,45.8659],[4.3421,45.8782],[4.3309,45.8975],[4.3403,45.9247],[4.3277,45.942],[4.2589,45.9703],[4.253,45.9849],[4.2998,45.9986],[4.3003,46.023],[4.2526,46.0498],[4.2584,46.0667],[4.357,46.1418],[4.4322,46.1507],[4.4327,46.1915],[4.3839,46.2248],[4.4085,46.2898],[4.5176,46.2762],[4.5543,46.2887],[4.5812,46.2659],[4.6057,46.2631],[4.6381,46.2992],[4.673,46.2882],[4.6774,46.2613],[4.7041,46.2475],[4.7031,46.2247],[4.7202,46.1886],[4.7392,46.177],[4.7978,46.1718],[4.7952,46.1923],[4.8186,46.2573],[4.8728,46.3376],[4.8742,46.3597],[4.8993,46.3961],[4.9119,46.4472],[4.9376,46.5016],[4.96,46.5095],[5.0253,46.4933],[5.0641,46.4927],[5.1252,46.509],[5.1786,46.5054],[5.2404,46.4687],[5.311,46.4554],[5.4034,46.4749],[5.4241,46.4989],[5.3695,46.5291],[5.3637,46.5687],[5.4017,46.5909],[5.423,46.6315],[5.4207,46.662],[5.3943,46.7273],[5.3757,46.7382],[5.3834,46.7778],[5.3495,46.8011],[5.376,46.8224],[5.4371,46.8281],[5.4583,46.8563],[5.3949,46.8834],[5.3302,46.9031],[5.275,46.9442],[5.2506,46.9812],[5.3107,47.0133],[5.3068,47.056],[5.3826,47.0814],[5.4044,47.0986],[5.4859,47.1911],[5.5217,47.2893],[5.5032,47.3076],[5.4941,47.3712],[5.458,47.3953],[5.4521,47.433],[5.4073,47.4569],[5.4216,47.4921],[5.4607,47.5006],[5.4927,47.531],[5.4787,47.5986],[5.4407,47.6186],[5.4088,47.5968],[5.3749,47.6078],[5.4207,47.6711],[5.5013,47.6819],[5.555,47.6602],[5.5867,47.6579],[5.6827,47.6806],[5.7009,47.6931],[5.7099,47.7641],[5.7,47.792],[5.716,47.8129],[5.821,47.8635],[5.8608,47.9011],[5.8921,47.9091],[5.8918,47.9326],[5.8492,47.9676],[5.8128,47.9572],[5.7981,47.9642],[5.799,48.0012],[5.788,48.0225],[5.7322,48.0467],[5.6593,48.1008],[5.6885,48.1477],[5.6975,48.1805],[5.7203,48.196],[5.713,48.2114],[5.6615,48.2386],[5.6379,48.2808],[5.5844,48.2838],[5.534,48.3339],[5.5085,48.3507],[5.4322,48.3373],[5.4242,48.3881],[5.4552,48.4192],[5.3563,48.4814],[5.3448,48.5004],[5.2686,48.5108],[5.187,48.5419],[5.117,48.5812],[5.0359,48.6181],[5.0046,48.6554],[4.9921,48.6929],[4.9828,48.75],[4.9172,48.7877],[4.9069,48.8048],[4.9302,48.8322],[4.9216,48.8785],[4.9452,48.9157],[4.9888,48.9245],[5.0174,48.9472],[5.0202,48.9913],[5.0338,49.0125],[4.9978,49.0309],[4.987,49.0476],[4.9789,49.1201],[4.9554,49.1652],[4.98,49.2098],[4.9787,49.2357],[5.0495,49.2798],[5.0421,49.3321],[5.0919,49.3787],[5.1139,49.4218],[5.0959,49.466],[5.0713,49.5005],[5.0947,49.5208],[5.1008,49.5635],[5.1395,49.585],[5.1841,49.5641],[5.2629,49.5588],[5.2731,49.544],[5.3021,49.5495],[5.3899,49.5933],[5.3912,49.6088],[5.3349,49.6258],[5.2979,49.6133],[5.2994,49.6625],[5.2592,49.6913],[5.1925,49.6828],[5.1364,49.7053],[5.0819,49.7527],[5.0263,49.7667],[4.9684,49.797],[4.8842,49.7841],[4.849,49.7942],[4.8492,49.8316],[4.8369,49.848],[4.8594,49.8917],[4.8446,49.9317],[4.7973,49.9443],[4.7883,49.9743],[4.8267,50.036],[4.8272,50.0641],[4.846,50.0907],[4.8629,50.0841],[4.8719,50.1398],[4.8201,50.1464],[4.8156,50.1613],[4.7886,50.1534],[4.6819,50.0839],[4.6729,50.0164],[4.6567,49.9891],[4.6042,49.9802],[4.4648,49.9356],[4.4277,49.9336],[4.2776,49.9602],[4.2159,49.9544],[4.1877,49.9555],[4.1317,49.975],[4.0811,49.9709],[3.9969,49.9921],[3.985,50.0006],[3.9835,50.0371],[3.9621,50.0426],[3.8861,50.0209],[3.8539,50.043],[3.6832,50.0593],[3.6295,50.038],[3.5547,50.0495],[3.4779,50.0191],[3.4486,50.0154],[3.362,50.0324],[3.3162,50.0183],[3.2259,50.029],[3.157,50.0187],[3.0883,50.05],[3.0318,50.0726],[2.9896,50.0766],[2.9646,50.0381],[2.9063,50.0343],[2.8524,50.0206],[2.8493,50.0575],[2.8229,50.0684],[2.7663,50.0384],[2.7427,50.0477],[2.7639,50.072],[2.7534,50.0985],[2.7106,50.1286],[2.6991,50.1205],[2.691,50.078],[2.5678,50.112],[2.5743,50.1294],[2.55,50.1344],[2.5188,50.1234],[2.458,50.1276],[2.433,50.1193],[2.4057,50.0938],[2.3801,50.1098],[2.3815,50.1486],[2.4679,50.1942],[2.456,50.2087],[2.4103,50.2248],[2.3644,50.2142],[2.3329,50.2379],[2.3098,50.224],[2.2404,50.2102],[2.1129,50.2031],[2.0693,50.2185],[2.0566,50.2485],[2.0281,50.2644],[1.936,50.2964],[1.9521,50.3199],[1.9215,50.3276],[1.8871,50.3138],[1.8196,50.3547],[1.7418,50.354],[1.6806,50.3387],[1.6309,50.3477],[1.595,50.3727],[1.6104,50.3769],[1.6092,50.3775],[1.4294,50.3775],[1.3696,50.2153],[1.3489,50.1593],[1.3372,50.1276],[1.2877,50.111],[1.3085,50.111],[1.3085,50.0628],[1.3489,50.0628],[1.3489,50.0531],[1.3731,50.0657],[1.5164,50.0007],[1.6809,49.8885],[1.7102,49.835],[1.7409,49.798],[1.7545,49.7656],[1.7282,49.7526],[1.6854,49.7096],[1.6807,49.689],[1.7208,49.6945],[1.7349,49.6853],[1.7191,49.6643],[1.6809,49.6451],[1.6936,49.627],[1.6967,49.5774],[1.7125,49.5099],[1.7616,49.5084],[1.7616,49.478],[1.7375,49.4646],[1.718,49.411],[1.7212,49.3821],[1.7499,49.311],[1.7834,49.2512],[1.7678,49.2458],[1.7256,49.2704],[1.6909,49.2497],[1.6981,49.2307],[1.6681,49.1907],[1.6199,49.0826],[1.5812,49.0686],[1.454,49.0486],[1.4565,48.981],[1.4883,48.9733],[1.4928,48.9395],[1.4528,48.923],[1.4514,48.8708],[1.3724,48.8308],[1.3441,48.7877],[1.249,48.7497],[1.2189,48.7578],[1.1537,48.7604],[1.1261,48.7764],[1.105,48.7741],[1.0968,48.7524],[1.0389,48.7477],[1.0094,48.7209],[0.8727,48.699],[0.8164,48.6651],[0.8228,48.6206],[0.8504,48.583],[0.8926,48.562],[0.9455,48.523],[0.9469,48.479],[0.9798,48.4331],[0.9449,48.3876],[0.8949,48.3594],[0.7886,48.335],[0.7751,48.3129],[0.7979,48.2895],[0.7968,48.2532],[0.8274,48.209],[0.7984,48.186],[0.7706,48.1808],[0.7262,48.1947],[0.6671,48.2479],[0.6004,48.2498],[0.5011,48.2711],[0.4857,48.3069],[0.4432,48.3047],[0.3905,48.3329],[0.374,48.3697],[0.3782,48.4247],[0.3715,48.4485],[0.3099,48.4716],[0.2806,48.4741],[0.1925,48.4602],[0.1427,48.4398],[0.1107,48.4105],[0.08,48.405],[0.0671,48.3839],[-0.0527,48.3806],[-0.0567,48.4316],[-0.0701,48.4472],[-0.1209,48.4632],[-0.1544,48.4899],[-0.1711,48.5451],[-0.2335,48.5613],[-0.2489,48.5268],[-0.3191,48.5123],[-0.3526,48.4919],[-0.4199,48.5041],[-0.501,48.5012],[-0.5543,48.4683],[-0.641,48.4546],[-0.6646,48.4727],[-0.7305,48.4619],[-0.7544,48.4413],[-0.7858,48.457],[-0.8096,48.4512],[-0.8627,48.5018],[-0.8994,48.4969],[-0.9362,48.5073],[-0.9949,48.4933],[-1.0791,48.4987],[-1.0823,48.4231],[-1.0698,48.3182],[-1.1017,48.2674],[-1.0852,48.24],[-1.0703,48.1743],[-1.0823,48.1524],[-1.0704,48.0906],[-1.0418,48.0623],[-1.0406,48.0015],[-1.0779,47.9893],[-1.1244,47.9861],[-1.1677,47.9608],[-1.2289,47.823],[-1.243,47.8095]]],[[[7.3624,43.6731],[7.4029,43.6731],[7.4049,43.6744],[7.4361,43.6938],[7.4474,43.6958],[7.4899,43.7033],[7.4899,43.744],[7.4474,43.744],[7.4474,43.7488],[7.4375,43.7434],[7.4262,43.7555],[7.407,43.7635],[7.3875,43.7579],[7.3727,43.7458],[7.3673,43.7341],[7.3658,43.7227],[7.3624,43.7192],[7.3624,43.6731]]],[[[7.4797,43.86],[7.5023,43.7922],[7.4899,43.7885],[7.4899,43.744],[7.515,43.744],[7.515,43.86],[7.4797,43.86]]]]}},
{"type":"Feature","properties":{"entityId":"west-francia","from":933,"to":987,"certainty":"estimated","source":"유럽 쪽은 Natural Earth 1:10m admin-1(v5.1.2) 현대 행정구역 조각을 그 시기 국경에 맞춰 묶고, 조각이 역사 경계와 다른 곳은 선을 그어 나눈 근사. 유럽 밖(시베리아·중앙아시아·극동)은 대략적인 추정. 운영자 검수 필요"},"geometry":{"type":"MultiPolygon","coordinates":[[[[-1.243,47.8095],[-1.1902,47.7879],[-1.1385,47.7775],[-1.0266,47.7748],[-0.9844,47.7633],[-0.9565,47.7934],[-0.6269,47.7351],[-0.5885,47.7554],[-0.5276,47.7566],[-0.5023,47.7789],[-0.4541,47.761],[-0.4198,47.7618],[-0.2441,47.7056],[-0.2054,47.7219],[-0.1844,47.7053],[-0.2085,47.691],[-0.1926,47.651],[-0.1426,47.6343],[-0.0974,47.6572],[-0.0441,47.6513],[0.0634,47.6103],[0.0993,47.6058],[0.1515,47.588],[0.1752,47.5888],[0.1859,47.6165],[0.2418,47.6029],[0.2184,47.5605],[0.2218,47.5022],[0.1902,47.4535],[0.1718,47.405],[0.1771,47.3774],[0.1215,47.3201],[0.0995,47.2867],[0.0815,47.2302],[0.0668,47.1537],[0.0921,47.1218],[0.1287,47.1273],[0.1403,47.103],[0.1919,47.1023],[0.2001,47.0555],[0.2493,47.0636],[0.2772,47.0453],[0.307,47.0426],[0.3082,46.9515],[0.3267,46.9385],[0.3887,46.9389],[0.4339,46.9327],[0.4837,46.9508],[0.5631,46.9533],[0.5837,46.965],[0.5691,47.0007],[0.5844,47.0013],[0.682,46.9583],[0.7134,46.9001],[0.8315,46.7794],[0.8808,46.7505],[0.9024,46.7298],[0.9169,46.6899],[0.907,46.6442],[0.916,46.6151],[0.9596,46.5811],[1.0197,46.56],[1.0388,46.5344],[1.1015,46.5344],[1.1294,46.5245],[1.1493,46.4978],[1.1411,46.4735],[1.1533,46.4542],[1.1947,46.4279],[1.177,46.387],[1.2211,46.3689],[1.3047,46.3746],[1.3347,46.3971],[1.4144,46.3509],[1.4459,46.3649],[1.5114,46.4119],[1.5881,46.4102],[1.6124,46.3838],[1.6408,46.3832],[1.6725,46.401],[1.7253,46.3958],[1.7454,46.4031],[1.7619,46.4502],[1.7799,46.451],[1.8314,46.4205],[1.8815,46.4382],[1.971,46.4364],[2.0115,46.4253],[2.0685,46.4254],[2.1023,46.4159],[2.1392,46.4214],[2.2539,46.4198],[2.316,46.3667],[2.3317,46.3291],[2.3968,46.3101],[2.4311,46.2737],[2.4494,46.2834],[2.4741,46.2714],[2.5146,46.2258],[2.5377,46.1755],[2.5667,46.1359],[2.5638,46.0702],[2.5946,46.0269],[2.5953,45.9712],[2.5678,45.9464],[2.5419,45.9035],[2.5016,45.8699],[2.4538,45.8637],[2.4006,45.8292],[2.4386,45.7615],[2.4899,45.7361],[2.5247,45.6977],[2.5221,45.6492],[2.476,45.6177],[2.4651,45.5846],[2.4954,45.5452],[2.4966,45.501],[2.5186,45.4792],[2.4887,45.397],[2.4414,45.3923],[2.3912,45.4133],[2.35,45.4031],[2.367,45.3689],[2.2977,45.2931],[2.2437,45.271],[2.233,45.2453],[2.1946,45.2237],[2.2069,45.1595],[2.1681,45.0947],[2.1136,45.0585],[2.1098,45.0367],[2.1316,44.9927],[2.0587,44.9751],[2.0711,44.9566],[2.0793,44.897],[2.0937,44.8657],[2.136,44.8181],[2.1585,44.7745],[2.1323,44.6987],[2.1647,44.6784],[2.1816,44.6312],[2.2053,44.6223],[2.2142,44.6472],[2.3005,44.6687],[2.3462,44.6519],[2.3676,44.6603],[2.4547,44.6616],[2.4825,44.6755],[2.5372,44.7297],[2.5545,44.7721],[2.5778,44.7946],[2.594,44.835],[2.7267,44.9354],[2.7731,44.8932],[2.7826,44.8619],[2.8206,44.867],[2.867,44.8235],[2.8853,44.7919],[2.9266,44.7781],[2.9069,44.7568],[2.9258,44.6908],[2.9463,44.6651],[2.9801,44.6443],[3.0662,44.5642],[3.0844,44.5373],[3.0811,44.5058],[3.0968,44.4729],[3.1352,44.4379],[3.1407,44.421],[3.1255,44.3635],[3.1457,44.3031],[3.1241,44.2708],[3.2233,44.2236],[3.2337,44.1949],[3.2495,44.1911],[3.3507,44.194],[3.3767,44.1683],[3.4803,44.1218],[3.5179,44.1134],[3.6163,44.1168],[3.6366,44.1273],[3.6427,44.1769],[3.6904,44.1802],[3.791,44.136],[3.8758,44.1314],[3.9204,44.1664],[3.9576,44.2248],[3.9624,44.2621],[3.9366,44.3067],[3.9265,44.3507],[3.8948,44.3902],[3.9592,44.4138],[3.994,44.4579],[4.0218,44.4395],[4.0497,44.4035],[4.0361,44.3756],[4.0443,44.3311],[4.1306,44.3317],[4.1408,44.3216],[4.229,44.2853],[4.2511,44.2818],[4.3338,44.3307],[4.3731,44.3397],[4.3967,44.3283],[4.4074,44.2927],[4.4451,44.3011],[4.4656,44.336],[4.5208,44.3368],[4.5506,44.3271],[4.5852,44.3007],[4.6578,44.2817],[4.6575,44.3268],[4.677,44.4372],[4.7034,44.4747],[4.7213,44.5734],[4.74,44.6063],[4.7895,44.6585],[4.7964,44.6964],[4.769,44.7547],[4.7776,44.7954],[4.8283,44.837],[4.8306,44.8509],[4.8686,44.8848],[4.8926,44.9495],[4.851,45.0215],[4.8584,45.0656],[4.8447,45.101],[4.8228,45.1112],[4.8273,45.1579],[4.8141,45.1974],[4.8114,45.2963],[4.7759,45.3372],[4.7698,45.3657],[4.7554,45.4021],[4.76,45.4445],[4.7182,45.4797],[4.6791,45.4779],[4.6543,45.4912],[4.6659,45.5549],[4.6402,45.5813],[4.6069,45.5843],[4.5461,45.5776],[4.497,45.5847],[4.4356,45.6134],[4.3842,45.6544],[4.3654,45.6985],[4.3992,45.7374],[4.3968,45.7494],[4.3442,45.7603],[4.3442,45.7777],[4.3834,45.8182],[4.3938,45.8428],[4.3723,45.8659],[4.3421,45.8782],[4.3309,45.8975],[4.3403,45.9247],[4.3277,45.942],[4.2589,45.9703],[4.253,45.9849],[4.2998,45.9986],[4.3003,46.023],[4.2526,46.0498],[4.2584,46.0667],[4.357,46.1418],[4.4322,46.1507],[4.4327,46.1915],[4.3839,46.2248],[4.4085,46.2898],[4.5176,46.2762],[4.5543,46.2887],[4.5812,46.2659],[4.6057,46.2631],[4.6381,46.2992],[4.673,46.2882],[4.6774,46.2613],[4.7041,46.2475],[4.7031,46.2247],[4.7202,46.1886],[4.7392,46.177],[4.7978,46.1718],[4.7952,46.1923],[4.8186,46.2573],[4.8728,46.3376],[4.8742,46.3597],[4.8993,46.3961],[4.9119,46.4472],[4.9376,46.5016],[4.96,46.5095],[5.0253,46.4933],[5.0641,46.4927],[5.1252,46.509],[5.1786,46.5054],[5.2404,46.4687],[5.311,46.4554],[5.4034,46.4749],[5.4241,46.4989],[5.3695,46.5291],[5.3637,46.5687],[5.4017,46.5909],[5.423,46.6315],[5.4207,46.662],[5.3943,46.7273],[5.3757,46.7382],[5.3834,46.7778],[5.3495,46.8011],[5.376,46.8224],[5.4371,46.8281],[5.4583,46.8563],[5.3949,46.8834],[5.3302,46.9031],[5.275,46.9442],[5.2506,46.9812],[5.3107,47.0133],[5.3068,47.056],[5.3826,47.0814],[5.4044,47.0986],[5.4859,47.1911],[5.5217,47.2893],[5.5032,47.3076],[5.4941,47.3712],[5.458,47.3953],[5.4521,47.433],[5.4073,47.4569],[5.4216,47.4921],[5.4607,47.5006],[5.4927,47.531],[5.4787,47.5986],[5.4407,47.6186],[5.4088,47.5968],[5.3749,47.6078],[5.4207,47.6711],[5.5013,47.6819],[5.555,47.6602],[5.5867,47.6579],[5.6827,47.6806],[5.7009,47.6931],[5.7099,47.7641],[5.7,47.792],[5.716,47.8129],[5.821,47.8635],[5.8608,47.9011],[5.8921,47.9091],[5.8918,47.9326],[5.8492,47.9676],[5.8128,47.9572],[5.7981,47.9642],[5.799,48.0012],[5.788,48.0225],[5.7322,48.0467],[5.6593,48.1008],[5.6885,48.1477],[5.6975,48.1805],[5.7203,48.196],[5.713,48.2114],[5.6615,48.2386],[5.6379,48.2808],[5.5844,48.2838],[5.534,48.3339],[5.5085,48.3507],[5.4322,48.3373],[5.4242,48.3881],[5.4552,48.4192],[5.3563,48.4814],[5.3448,48.5004],[5.2686,48.5108],[5.187,48.5419],[5.117,48.5812],[5.0359,48.6181],[5.0046,48.6554],[4.9921,48.6929],[4.9828,48.75],[4.9172,48.7877],[4.9069,48.8048],[4.9302,48.8322],[4.9216,48.8785],[4.9452,48.9157],[4.9888,48.9245],[5.0174,48.9472],[5.0202,48.9913],[5.0338,49.0125],[4.9978,49.0309],[4.987,49.0476],[4.9789,49.1201],[4.9554,49.1652],[4.98,49.2098],[4.9787,49.2357],[5.0495,49.2798],[5.0421,49.3321],[5.0919,49.3787],[5.1139,49.4218],[5.0959,49.466],[5.0713,49.5005],[5.0947,49.5208],[5.1008,49.5635],[5.1395,49.585],[5.1841,49.5641],[5.2629,49.5588],[5.2731,49.544],[5.3021,49.5495],[5.3899,49.5933],[5.3912,49.6088],[5.3349,49.6258],[5.2979,49.6133],[5.2994,49.6625],[5.2592,49.6913],[5.1925,49.6828],[5.1364,49.7053],[5.0819,49.7527],[5.0263,49.7667],[4.9684,49.797],[4.8842,49.7841],[4.849,49.7942],[4.8492,49.8316],[4.8369,49.848],[4.8594,49.8917],[4.8446,49.9317],[4.7973,49.9443],[4.7883,49.9743],[4.8267,50.036],[4.8272,50.0641],[4.846,50.0907],[4.8629,50.0841],[4.8719,50.1398],[4.8201,50.1464],[4.8156,50.1613],[4.7886,50.1534],[4.6819,50.0839],[4.6729,50.0164],[4.6567,49.9891],[4.6042,49.9802],[4.4648,49.9356],[4.4277,49.9336],[4.2776,49.9602],[4.2159,49.9544],[4.1877,49.9555],[4.1317,49.975],[4.0811,49.9709],[3.9969,49.9921],[3.985,50.0006],[3.9835,50.0371],[3.9621,50.0426],[3.8861,50.0209],[3.8539,50.043],[3.6832,50.0593],[3.6295,50.038],[3.5547,50.0495],[3.4779,50.0191],[3.4486,50.0154],[3.362,50.0324],[3.3162,50.0183],[3.2259,50.029],[3.157,50.0187],[3.0883,50.05],[3.0318,50.0726],[2.9896,50.0766],[2.9646,50.0381],[2.9063,50.0343],[2.8524,50.0206],[2.8493,50.0575],[2.8229,50.0684],[2.7663,50.0384],[2.7427,50.0477],[2.7639,50.072],[2.7534,50.0985],[2.7106,50.1286],[2.6991,50.1205],[2.691,50.078],[2.5678,50.112],[2.5743,50.1294],[2.55,50.1344],[2.5188,50.1234],[2.458,50.1276],[2.433,50.1193],[2.4057,50.0938],[2.3801,50.1098],[2.3815,50.1486],[2.4679,50.1942],[2.456,50.2087],[2.4103,50.2248],[2.3644,50.2142],[2.3329,50.2379],[2.3098,50.224],[2.2404,50.2102],[2.1129,50.2031],[2.0693,50.2185],[2.0566,50.2485],[2.0281,50.2644],[1.936,50.2964],[1.9521,50.3199],[1.9215,50.3276],[1.8871,50.3138],[1.8196,50.3547],[1.7418,50.354],[1.6806,50.3387],[1.6309,50.3477],[1.595,50.3727],[1.6104,50.3769],[1.6092,50.3775],[1.4294,50.3775],[1.3696,50.2153],[1.3489,50.1593],[1.3372,50.1276],[1.2877,50.111],[1.3085,50.111],[1.3085,50.0628],[1.3489,50.0628],[1.3489,50.0531],[1.3731,50.0657],[1.5164,50.0007],[1.6809,49.8885],[1.7102,49.835],[1.7409,49.798],[1.7545,49.7656],[1.7282,49.7526],[1.6854,49.7096],[1.6807,49.689],[1.7208,49.6945],[1.7349,49.6853],[1.7191,49.6643],[1.6809,49.6451],[1.6936,49.627],[1.6967,49.5774],[1.7125,49.5099],[1.7616,49.5084],[1.7616,49.478],[1.7375,49.4646],[1.718,49.411],[1.7212,49.3821],[1.7499,49.311],[1.7834,49.2512],[1.7678,49.2458],[1.7256,49.2704],[1.6909,49.2497],[1.6981,49.2307],[1.6681,49.1907],[1.6199,49.0826],[1.5812,49.0686],[1.454,49.0486],[1.4565,48.981],[1.4883,48.9733],[1.4928,48.9395],[1.4528,48.923],[1.4514,48.8708],[1.3724,48.8308],[1.3441,48.7877],[1.249,48.7497],[1.2189,48.7578],[1.1537,48.7604],[1.1261,48.7764],[1.105,48.7741],[1.0968,48.7524],[1.0389,48.7477],[1.0094,48.7209],[0.8727,48.699],[0.8164,48.6651],[0.8228,48.6206],[0.8504,48.583],[0.8926,48.562],[0.9455,48.523],[0.9469,48.479],[0.9798,48.4331],[0.9449,48.3876],[0.8949,48.3594],[0.7886,48.335],[0.7751,48.3129],[0.7979,48.2895],[0.7968,48.2532],[0.8274,48.209],[0.7984,48.186],[0.7706,48.1808],[0.7262,48.1947],[0.6671,48.2479],[0.6004,48.2498],[0.5011,48.2711],[0.4857,48.3069],[0.4432,48.3047],[0.3905,48.3329],[0.374,48.3697],[0.3782,48.4247],[0.3715,48.4485],[0.3099,48.4716],[0.2806,48.4741],[0.1925,48.4602],[0.1427,48.4398],[0.1107,48.4105],[0.08,48.405],[0.0671,48.3839],[-0.0527,48.3806],[-0.0567,48.4316],[-0.0701,48.4472],[-0.1209,48.4632],[-0.1544,48.4899],[-0.1711,48.5451],[-0.2335,48.5613],[-0.2489,48.5268],[-0.3191,48.5123],[-0.3526,48.4919],[-0.4199,48.5041],[-0.501,48.5012],[-0.5543,48.4683],[-0.641,48.4546],[-0.6646,48.4727],[-0.7305,48.4619],[-0.7544,48.4413],[-0.7858,48.457],[-0.8096,48.4512],[-0.8627,48.5018],[-0.8994,48.4969],[-0.9362,48.5073],[-0.9949,48.4933],[-1.0791,48.4987],[-1.0823,48.4231],[-1.0698,48.3182],[-1.1017,48.2674],[-1.0852,48.24],[-1.0703,48.1743],[-1.0823,48.1524],[-1.0704,48.0906],[-1.0418,48.0623],[-1.0406,48.0015],[-1.0779,47.9893],[-1.1244,47.9861],[-1.1677,47.9608],[-1.2289,47.823],[-1.243,47.8095]]],[[[7.3624,43.6731],[7.4029,43.6731],[7.4049,43.6744],[7.4361,43.6938],[7.4474,43.6958],[7.4899,43.7033],[7.4899,43.744],[7.4474,43.744],[7.4474,43.7488],[7.4375,43.7434],[7.4262,43.7555],[7.407,43.7635],[7.3875,43.7579],[7.3727,43.7458],[7.3673,43.7341],[7.3658,43.7227],[7.3624,43.7192],[7.3624,43.6731]]],[[[7.4797,43.86],[7.5023,43.7922],[7.4899,43.7885],[7.4899,43.744],[7.515,43.744],[7.515,43.86],[7.4797,43.86]]]]}}
]}
